time,timestamp,open,high,low,close,volume
2026-05-04 06:00:00,1777845600,4642.9,4653.0,4627.4,4637.3,2210.0
2026-05-04 06:05:00,1777845900,4636.6,4639.3,4633.0,4633.5,837.0
2026-05-04 06:10:00,1777846200,4633.8,4635.5,4630.3,4634.3,1175.0
2026-05-04 06:15:00,1777846500,4634.3,4634.9,4628.6,4633.7,813.0
2026-05-04 06:20:00,1777846800,4633.8,4633.8,4623.6,4628.9,931.0
2026-05-04 06:25:00,1777847100,4628.5,4634.5,4628.1,4632.6,529.0
2026-05-04 06:30:00,1777847400,4632.5,4635.6,4631.3,4634.9,439.0
2026-05-04 06:35:00,1777847700,4634.9,4638.4,4634.0,4637.0,606.0
2026-05-04 06:40:00,1777848000,4637.0,4640.9,4636.9,4639.4,814.0
2026-05-04 06:45:00,1777848300,4639.4,4640.6,4637.0,4637.6,492.0
2026-05-04 06:50:00,1777848600,4637.5,4638.8,4631.0,4631.0,1086.0
2026-05-04 06:55:00,1777848900,4631.1,4633.2,4629.7,4629.9,836.0
2026-05-04 07:00:00,1777849200,4629.9,4632.3,4626.6,4630.9,1220.0
2026-05-04 07:05:00,1777849500,4630.8,4631.3,4624.1,4626.8,742.0
2026-05-04 07:10:00,1777849800,4626.8,4627.4,4622.4,4626.4,810.0
2026-05-04 07:15:00,1777850100,4626.6,4628.6,4624.4,4627.8,538.0
2026-05-04 07:20:00,1777850400,4627.2,4627.6,4625.3,4627.2,306.0
2026-05-04 07:25:00,1777850700,4626.7,4629.1,4626.0,4628.3,345.0
2026-05-04 07:30:00,1777851000,4628.1,4629.8,4626.6,4629.1,422.0
2026-05-04 07:35:00,1777851300,4629.1,4630.3,4626.0,4626.0,466.0
2026-05-04 07:40:00,1777851600,4626.3,4626.4,4623.8,4625.0,624.0
2026-05-04 07:45:00,1777851900,4624.7,4627.6,4622.8,4625.6,637.0
2026-05-04 07:50:00,1777852200,4625.5,4628.2,4624.2,4627.3,354.0
2026-05-04 07:55:00,1777852500,4627.4,4628.6,4623.4,4625.3,468.0
2026-05-04 08:00:00,1777852800,4624.8,4624.9,4615.8,4619.8,2037.0
2026-05-04 08:05:00,1777853100,4619.7,4628.4,4618.4,4626.7,1333.0
2026-05-04 08:10:00,1777853400,4626.8,4627.5,4621.2,4623.5,847.0
2026-05-04 08:15:00,1777853700,4623.7,4626.5,4616.2,4618.9,1119.0
2026-05-04 08:20:00,1777854000,4619.2,4620.8,4613.2,4615.4,1372.0
2026-05-04 08:25:00,1777854300,4615.6,4618.0,4612.4,4617.2,1042.0
2026-05-04 08:30:00,1777854600,4617.5,4621.4,4616.1,4619.3,876.0
2026-05-04 08:35:00,1777854900,4619.7,4621.4,4616.5,4617.4,718.0
2026-05-04 08:40:00,1777855200,4617.4,4620.3,4616.9,4617.1,504.0
2026-05-04 08:45:00,1777855500,4617.0,4622.0,4616.0,4620.9,774.0
2026-05-04 08:50:00,1777855800,4621.0,4621.5,4618.2,4620.8,496.0
2026-05-04 08:55:00,1777856100,4621.0,4625.2,4620.5,4624.3,924.0
2026-05-04 09:00:00,1777856400,4624.5,4625.7,4611.0,4612.1,1768.0
2026-05-04 09:05:00,1777856700,4612.4,4614.7,4608.6,4610.4,1700.0
2026-05-04 09:10:00,1777857000,4610.4,4613.0,4606.9,4612.0,1287.0
2026-05-04 09:15:00,1777857300,4612.0,4615.8,4609.6,4610.0,1109.0
2026-05-04 09:20:00,1777857600,4610.6,4611.4,4608.4,4609.1,541.0
2026-05-04 09:25:00,1777857900,4609.4,4609.8,4605.2,4605.7,1065.0
2026-05-04 09:30:00,1777858200,4605.7,4610.9,4603.6,4610.4,1167.0
2026-05-04 09:35:00,1777858500,4610.1,4611.7,4609.3,4611.3,404.0
2026-05-04 09:40:00,1777858800,4611.5,4613.0,4610.3,4612.6,488.0
2026-05-04 09:45:00,1777859100,4613.0,4614.5,4611.7,4612.2,691.0
2026-05-04 09:50:00,1777859400,4612.4,4617.8,4612.1,4617.2,905.0
2026-05-04 09:55:00,1777859700,4617.2,4625.5,4616.8,4624.1,1187.0
2026-05-04 10:00:00,1777860000,4624.0,4629.9,4623.3,4624.2,1866.0
2026-05-04 10:05:00,1777860300,4624.0,4624.5,4618.7,4619.8,880.0
2026-05-04 10:10:00,1777860600,4619.9,4621.4,4614.6,4619.3,1204.0
2026-05-04 10:15:00,1777860900,4618.8,4619.2,4613.3,4616.3,916.0
2026-05-04 10:20:00,1777861200,4616.3,4616.5,4608.3,4609.1,1197.0
2026-05-04 10:25:00,1777861500,4609.5,4610.0,4602.3,4604.2,1371.0
2026-05-04 10:30:00,1777861800,4604.3,4607.3,4601.6,4606.7,1147.0
2026-05-04 10:35:00,1777862100,4606.8,4612.8,4606.3,4611.7,1072.0
2026-05-04 10:40:00,1777862400,4611.8,4615.1,4610.2,4615.0,491.0
2026-05-04 10:45:00,1777862700,4615.0,4616.2,4611.8,4615.5,842.0
2026-05-04 10:50:00,1777863000,4615.7,4621.5,4613.6,4620.6,957.0
2026-05-04 10:55:00,1777863300,4620.3,4622.0,4616.6,4616.6,809.0
2026-05-04 11:00:00,1777863600,4616.5,4618.5,4615.1,4616.2,792.0
2026-05-04 11:05:00,1777863900,4616.4,4620.1,4615.8,4619.1,543.0
2026-05-04 11:10:00,1777864200,4618.9,4623.0,4616.5,4620.8,631.0
2026-05-04 11:15:00,1777864500,4620.9,4621.7,4619.0,4619.9,456.0
2026-05-04 11:20:00,1777864800,4620.0,4621.4,4619.1,4620.8,277.0
2026-05-04 11:25:00,1777865100,4620.9,4621.8,4619.0,4620.5,288.0
2026-05-04 11:30:00,1777865400,4620.3,4622.6,4618.2,4619.2,620.0
2026-05-04 11:35:00,1777865700,4618.8,4618.9,4612.1,4612.5,962.0
2026-05-04 11:40:00,1777866000,4612.2,4616.2,4609.4,4616.1,1104.0
2026-05-04 11:45:00,1777866300,4616.4,4624.1,4616.4,4621.5,1645.0
2026-05-04 11:50:00,1777866600,4621.3,4625.7,4620.4,4624.6,938.0
2026-05-04 11:55:00,1777866900,4624.7,4628.5,4623.2,4626.4,839.0
2026-05-04 12:00:00,1777867200,4626.1,4626.8,4618.9,4621.5,1216.0
2026-05-04 12:05:00,1777867500,4621.7,4623.6,4620.5,4622.4,482.0
2026-05-04 12:10:00,1777867800,4622.1,4623.2,4621.1,4622.2,249.0
2026-05-04 12:15:00,1777868100,4622.4,4624.3,4621.1,4622.2,278.0
2026-05-04 12:20:00,1777868400,4622.5,4623.4,4619.1,4620.3,503.0
2026-05-04 12:25:00,1777868700,4620.3,4622.1,4617.9,4619.1,440.0
2026-05-04 12:30:00,1777869000,4619.1,4623.6,4618.2,4622.0,686.0
2026-05-04 12:35:00,1777869300,4621.9,4624.7,4620.9,4620.9,451.0
2026-05-04 12:40:00,1777869600,4621.3,4622.0,4617.9,4620.1,402.0
2026-05-04 12:45:00,1777869900,4620.3,4620.5,4618.0,4618.5,338.0
2026-05-04 12:50:00,1777870200,4618.7,4621.6,4618.0,4618.2,326.0
2026-05-04 12:55:00,1777870500,4618.1,4618.6,4615.7,4616.5,808.0
2026-05-04 13:00:00,1777870800,4616.5,4617.3,4614.0,4615.0,798.0
2026-05-04 13:05:00,1777871100,4615.0,4617.9,4614.3,4617.0,539.0
2026-05-04 13:10:00,1777871400,4616.9,4617.7,4612.7,4614.5,679.0
2026-05-04 13:15:00,1777871700,4614.8,4624.3,4611.6,4622.0,1700.0
2026-05-04 13:20:00,1777872000,4621.8,4623.8,4615.2,4616.4,1176.0
2026-05-04 13:25:00,1777872300,4615.9,4616.4,4606.1,4607.4,1954.0
2026-05-04 13:30:00,1777872600,4608.0,4610.0,4603.0,4606.8,1243.0
2026-05-04 13:35:00,1777872900,4606.4,4608.2,4604.0,4607.4,688.0
2026-05-04 13:40:00,1777873200,4607.2,4610.4,4604.1,4610.1,972.0
2026-05-04 13:45:00,1777873500,4610.3,4613.0,4608.4,4609.0,792.0
2026-05-04 13:50:00,1777873800,4608.7,4610.0,4605.6,4609.5,594.0
2026-05-04 13:55:00,1777874100,4609.7,4613.1,4608.3,4610.2,733.0
2026-05-04 14:00:00,1777874400,4610.4,4612.1,4602.2,4605.2,1382.0
2026-05-04 14:05:00,1777874700,4605.3,4610.2,4598.9,4608.1,1738.0
2026-05-04 14:10:00,1777875000,4608.1,4610.0,4604.7,4609.0,765.0
2026-05-04 14:15:00,1777875300,4609.0,4609.1,4602.7,4607.8,856.0
2026-05-04 14:20:00,1777875600,4607.7,4607.7,4601.4,4603.8,680.0
2026-05-04 14:25:00,1777875900,4603.8,4605.5,4600.3,4605.1,573.0
2026-05-04 14:30:00,1777876200,4605.5,4607.0,4598.3,4601.4,958.0
2026-05-04 14:35:00,1777876500,4601.3,4602.9,4595.3,4598.4,1185.0
2026-05-04 14:40:00,1777876800,4597.8,4599.4,4595.3,4596.2,767.0
2026-05-04 14:45:00,1777877100,4596.6,4601.1,4594.5,4601.0,852.0
2026-05-04 14:50:00,1777877400,4601.1,4603.5,4599.4,4599.7,790.0
2026-05-04 14:55:00,1777877700,4599.7,4602.0,4598.1,4599.6,454.0
2026-05-04 15:00:00,1777878000,4599.3,4602.4,4596.4,4599.1,931.0
2026-05-04 15:05:00,1777878300,4598.7,4602.6,4598.3,4601.8,631.0
2026-05-04 15:10:00,1777878600,4601.9,4604.4,4598.8,4602.9,521.0
2026-05-04 15:15:00,1777878900,4602.7,4603.8,4597.6,4599.0,608.0
2026-05-04 15:20:00,1777879200,4599.3,4602.1,4598.2,4598.8,500.0
2026-05-04 15:25:00,1777879500,4598.9,4599.9,4594.0,4596.7,783.0
2026-05-04 15:30:00,1777879800,4597.0,4598.2,4593.6,4596.9,634.0
2026-05-04 15:35:00,1777880100,4596.8,4599.4,4593.4,4596.2,686.0
2026-05-04 15:40:00,1777880400,4596.5,4599.1,4593.7,4599.1,699.0
2026-05-04 15:45:00,1777880700,4598.9,4602.1,4597.3,4598.4,656.0
2026-05-04 15:50:00,1777881000,4598.6,4598.7,4592.1,4593.0,801.0
2026-05-04 15:55:00,1777881300,4592.9,4594.4,4588.8,4590.0,1008.0
2026-05-04 16:00:00,1777881600,4590.1,4592.4,4586.4,4586.5,1213.0
2026-05-04 16:05:00,1777881900,4586.5,4589.6,4585.0,4589.6,813.0
2026-05-04 16:10:00,1777882200,4589.6,4591.3,4587.6,4590.8,622.0
2026-05-04 16:15:00,1777882500,4590.8,4592.1,4584.8,4586.8,1079.0
2026-05-04 16:20:00,1777882800,4586.8,4589.3,4586.6,4587.9,571.0
2026-05-04 16:25:00,1777883100,4588.4,4590.1,4584.9,4586.1,579.0
2026-05-04 16:30:00,1777883400,4585.9,4589.6,4584.6,4588.8,541.0
2026-05-04 16:35:00,1777883700,4588.6,4590.3,4586.8,4590.2,427.0
2026-05-04 16:40:00,1777884000,4590.0,4592.9,4589.0,4589.3,567.0
2026-05-04 16:45:00,1777884300,4589.3,4590.1,4587.8,4588.5,369.0
2026-05-04 16:50:00,1777884600,4588.3,4590.8,4587.7,4588.7,304.0
2026-05-04 16:55:00,1777884900,4588.8,4590.9,4586.7,4587.6,340.0
2026-05-04 17:00:00,1777885200,4588.1,4592.0,4587.3,4592.0,473.0
2026-05-04 17:05:00,1777885500,4591.8,4592.5,4590.4,4591.1,392.0
2026-05-04 17:10:00,1777885800,4590.9,4595.3,4590.2,4595.1,669.0
2026-05-04 17:15:00,1777886100,4595.0,4595.6,4591.9,4593.4,606.0
2026-05-04 17:20:00,1777886400,4593.5,4594.3,4591.4,4591.6,330.0
2026-05-04 17:25:00,1777886700,4591.5,4593.1,4591.4,4592.3,220.0
2026-05-04 17:30:00,1777887000,4592.3,4593.8,4591.4,4593.3,253.0
2026-05-04 17:35:00,1777887300,4593.6,4595.6,4593.6,4594.7,311.0
2026-05-04 17:40:00,1777887600,4594.9,4595.3,4592.4,4592.8,308.0
2026-05-04 17:45:00,1777887900,4592.5,4593.4,4590.6,4593.3,313.0
2026-05-04 17:50:00,1777888200,4593.2,4593.3,4588.7,4590.0,452.0
2026-05-04 17:55:00,1777888500,4590.2,4590.7,4582.2,4586.2,1140.0
2026-05-04 18:00:00,1777888800,4586.8,4586.8,4561.2,4570.7,5401.0
2026-05-04 18:05:00,1777889100,4570.6,4570.8,4552.7,4557.4,4907.0
2026-05-04 18:10:00,1777889400,4557.6,4559.4,4547.1,4552.2,3304.0
2026-05-04 18:15:00,1777889700,4552.0,4554.4,4544.2,4548.3,3047.0
2026-05-04 18:20:00,1777890000,4548.1,4550.1,4535.8,4546.6,3650.0
2026-05-04 18:25:00,1777890300,4546.7,4555.4,4545.8,4555.2,2288.0
2026-05-04 18:30:00,1777890600,4555.0,4568.8,4553.4,4568.1,4052.0
2026-05-04 18:35:00,1777890900,4568.2,4574.1,4565.9,4571.5,2165.0
2026-05-04 18:40:00,1777891200,4571.3,4574.6,4568.4,4568.9,1359.0
2026-05-04 18:45:00,1777891500,4568.9,4577.4,4568.5,4576.8,1166.0
2026-05-04 18:50:00,1777891800,4576.6,4577.0,4571.8,4572.4,962.0
2026-05-04 18:55:00,1777892100,4572.2,4575.2,4570.6,4573.0,626.0
2026-05-04 19:00:00,1777892400,4573.2,4581.5,4572.9,4573.5,2087.0
2026-05-04 19:05:00,1777892700,4573.1,4578.8,4571.5,4577.5,1086.0
2026-05-04 19:10:00,1777893000,4577.7,4578.6,4574.3,4576.2,774.0
2026-05-04 19:15:00,1777893300,4576.2,4581.0,4576.2,4579.5,716.0
2026-05-04 19:20:00,1777893600,4579.4,4579.7,4574.7,4575.0,601.0
2026-05-04 19:25:00,1777893900,4575.1,4576.1,4572.3,4573.1,733.0
2026-05-04 19:30:00,1777894200,4572.8,4573.7,4567.5,4567.5,1551.0
2026-05-04 19:35:00,1777894500,4567.6,4571.6,4562.1,4564.7,2258.0
2026-05-04 19:40:00,1777894800,4564.3,4568.2,4563.9,4564.2,1050.0
2026-05-04 19:45:00,1777895100,4564.1,4569.0,4563.6,4566.8,749.0
2026-05-04 19:50:00,1777895400,4566.2,4570.7,4565.9,4569.4,863.0
2026-05-04 19:55:00,1777895700,4569.9,4574.0,4568.7,4571.2,792.0
2026-05-04 20:00:00,1777896000,4571.1,4574.8,4570.0,4573.9,919.0
2026-05-04 20:05:00,1777896300,4574.0,4574.3,4570.5,4571.5,620.0
2026-05-04 20:10:00,1777896600,4571.6,4577.0,4571.0,4574.6,910.0
2026-05-04 20:15:00,1777896900,4574.9,4586.2,4574.2,4584.3,2273.0
2026-05-04 20:20:00,1777897200,4584.7,4590.4,4583.1,4583.5,1956.0
2026-05-04 20:25:00,1777897500,4583.1,4584.0,4576.4,4579.4,1556.0
2026-05-04 20:30:00,1777897800,4579.4,4581.1,4575.5,4576.9,1022.0
2026-05-04 20:35:00,1777898100,4576.8,4580.7,4571.7,4579.4,1632.0
2026-05-04 20:40:00,1777898400,4579.4,4582.5,4578.4,4580.7,1025.0
2026-05-04 20:45:00,1777898700,4581.0,4583.9,4577.0,4581.4,1036.0
2026-05-04 20:50:00,1777899000,4581.4,4587.1,4580.9,4582.7,1172.0
2026-05-04 20:55:00,1777899300,4582.8,4584.5,4578.1,4579.7,1047.0
2026-05-04 21:00:00,1777899600,4579.5,4580.6,4568.0,4576.4,3729.0
2026-05-04 21:05:00,1777899900,4576.3,4584.5,4574.9,4584.4,1730.0
2026-05-04 21:10:00,1777900200,4584.2,4587.8,4573.0,4577.0,1892.0
2026-05-04 21:15:00,1777900500,4576.9,4578.4,4574.3,4575.3,995.0
2026-05-04 21:20:00,1777900800,4575.6,4577.7,4572.2,4573.3,933.0
2026-05-04 21:25:00,1777901100,4573.3,4576.2,4571.4,4571.6,1004.0
2026-05-04 21:30:00,1777901400,4571.6,4581.3,4566.2,4580.8,3553.0
2026-05-04 21:35:00,1777901700,4580.3,4581.6,4574.6,4577.6,1525.0
2026-05-04 21:40:00,1777902000,4577.3,4581.6,4573.5,4576.6,1635.0
2026-05-04 21:45:00,1777902300,4575.9,4577.8,4572.0,4572.2,1104.0
2026-05-04 21:50:00,1777902600,4572.3,4576.8,4568.3,4574.3,1926.0
2026-05-04 21:55:00,1777902900,4574.4,4577.4,4570.8,4575.5,1209.0
2026-05-04 22:00:00,1777903200,4575.1,4576.6,4570.1,4571.5,1210.0
2026-05-04 22:05:00,1777903500,4571.3,4572.5,4564.4,4566.1,2679.0
2026-05-04 22:10:00,1777903800,4566.2,4574.5,4564.4,4570.9,2138.0
2026-05-04 22:15:00,1777904100,4571.0,4585.2,4570.6,4584.3,2665.0
2026-05-04 22:20:00,1777904400,4584.1,4593.7,4583.7,4588.2,4086.0
2026-05-04 22:25:00,1777904700,4588.1,4588.9,4581.8,4582.4,1661.0
2026-05-04 22:30:00,1777905000,4582.6,4590.7,4581.5,4587.2,1702.0
2026-05-04 22:35:00,1777905300,4586.9,4592.8,4586.7,4590.8,1255.0
2026-05-04 22:40:00,1777905600,4591.3,4594.7,4585.9,4586.1,1924.0
2026-05-04 22:45:00,1777905900,4586.0,4588.6,4580.4,4582.3,1926.0
2026-05-04 22:50:00,1777906200,4582.6,4583.0,4578.6,4581.7,1569.0
2026-05-04 22:55:00,1777906500,4581.8,4583.8,4570.8,4572.8,2973.0
2026-05-04 23:00:00,1777906800,4573.1,4578.0,4566.0,4572.5,3438.0
2026-05-04 23:05:00,1777907100,4572.1,4573.1,4566.6,4569.2,1588.0
2026-05-04 23:10:00,1777907400,4568.9,4571.2,4558.8,4559.7,2797.0
2026-05-04 23:15:00,1777907700,4559.6,4566.9,4548.4,4550.9,4866.0
2026-05-04 23:20:00,1777908000,4550.5,4552.2,4524.6,4532.2,9252.0
2026-05-04 23:25:00,1777908300,4531.6,4550.3,4525.4,4548.0,5192.0
2026-05-04 23:30:00,1777908600,4548.5,4549.3,4538.0,4545.5,3197.0
2026-05-04 23:35:00,1777908900,4545.3,4553.8,4540.8,4545.3,2712.0
2026-05-04 23:40:00,1777909200,4545.3,4548.0,4542.0,4545.8,1580.0
2026-05-04 23:45:00,1777909500,4545.6,4545.8,4532.7,4533.5,2228.0
2026-05-04 23:50:00,1777909800,4533.3,4542.3,4522.3,4538.5,5420.0
2026-05-04 23:55:00,1777910100,4538.4,4541.0,4531.1,4531.6,1999.0
2026-05-05 00:00:00,1777910400,4531.4,4535.6,4526.9,4532.5,2274.0
2026-05-05 00:05:00,1777910700,4532.3,4533.9,4513.9,4520.2,5177.0
2026-05-05 00:10:00,1777911000,4520.3,4526.9,4510.2,4519.4,4218.0
2026-05-05 00:15:00,1777911300,4519.3,4536.9,4518.4,4533.0,3905.0
2026-05-05 00:20:00,1777911600,4533.1,4537.2,4530.0,4531.3,2356.0
2026-05-05 00:25:00,1777911900,4531.6,4533.8,4522.8,4525.3,1891.0
2026-05-05 00:30:00,1777912200,4525.2,4529.3,4523.5,4527.9,1251.0
2026-05-05 00:35:00,1777912500,4528.0,4528.8,4522.2,4523.8,1334.0
2026-05-05 00:40:00,1777912800,4523.3,4526.7,4521.3,4522.6,1130.0
2026-05-05 00:45:00,1777913100,4522.6,4526.2,4518.3,4519.7,1517.0
2026-05-05 00:50:00,1777913400,4519.9,4522.4,4517.3,4519.0,1435.0
2026-05-05 00:55:00,1777913700,4519.0,4521.7,4517.4,4520.6,909.0
2026-05-05 01:00:00,1777914000,4520.9,4531.6,4520.8,4530.8,2362.0
2026-05-05 01:05:00,1777914300,4531.1,4536.2,4530.6,4534.1,1333.0
2026-05-05 01:10:00,1777914600,4534.1,4536.1,4531.3,4532.3,864.0
2026-05-05 01:15:00,1777914900,4532.2,4541.7,4531.5,4538.9,1983.0
2026-05-05 01:20:00,1777915200,4539.4,4540.7,4535.2,4535.7,1115.0
2026-05-05 01:25:00,1777915500,4535.7,4537.1,4531.5,4534.3,1454.0
2026-05-05 01:30:00,1777915800,4534.3,4537.6,4533.7,4535.5,889.0
2026-05-05 01:35:00,1777916100,4535.8,4536.3,4531.7,4535.2,758.0
2026-05-05 01:40:00,1777916400,4535.2,4536.1,4533.1,4536.1,494.0
2026-05-05 01:45:00,1777916700,4536.1,4536.8,4532.3,4532.3,447.0
2026-05-05 01:50:00,1777917000,4532.5,4535.6,4532.1,4532.9,659.0
2026-05-05 01:55:00,1777917300,4532.8,4533.9,4531.5,4532.5,451.0
2026-05-05 02:00:00,1777917600,4532.4,4535.6,4530.9,4533.6,543.0
2026-05-05 02:05:00,1777917900,4533.6,4534.4,4528.5,4529.6,702.0
2026-05-05 02:10:00,1777918200,4529.1,4531.7,4529.0,4530.1,522.0
2026-05-05 02:15:00,1777918500,4530.2,4530.3,4526.7,4528.1,667.0
2026-05-05 02:20:00,1777918800,4528.0,4528.0,4524.0,4524.2,868.0
2026-05-05 02:25:00,1777919100,4524.0,4525.1,4519.5,4521.9,1362.0
2026-05-05 02:30:00,1777919400,4521.9,4524.7,4520.6,4524.3,751.0
2026-05-05 02:35:00,1777919700,4524.5,4525.2,4521.3,4524.9,788.0
2026-05-05 02:40:00,1777920000,4524.9,4524.9,4520.4,4521.9,691.0
2026-05-05 02:45:00,1777920300,4521.8,4525.6,4520.5,4524.8,534.0
2026-05-05 02:50:00,1777920600,4525.1,4526.1,4521.0,4523.5,881.0
2026-05-05 02:55:00,1777920900,4522.9,4526.6,4522.5,4526.3,473.0
2026-05-05 03:00:00,1777921200,4526.0,4527.1,4520.8,4521.0,954.0
2026-05-05 03:05:00,1777921500,4521.4,4533.3,4521.2,4527.7,2296.0
2026-05-05 03:10:00,1777921800,4527.8,4529.6,4526.5,4528.6,467.0
2026-05-05 03:15:00,1777922100,4528.8,4531.5,4527.1,4530.4,472.0
2026-05-05 03:20:00,1777922400,4530.3,4534.5,4529.5,4534.5,631.0
2026-05-05 03:25:00,1777922700,4534.5,4535.6,4529.5,4532.0,984.0
2026-05-05 03:30:00,1777923000,4532.1,4533.6,4530.4,4532.9,385.0
2026-05-05 03:35:00,1777923300,4532.8,4536.8,4532.6,4534.3,652.0
2026-05-05 03:40:00,1777923600,4533.7,4535.8,4530.2,4530.8,501.0
2026-05-05 03:45:00,1777923900,4530.9,4533.0,4529.1,4531.0,619.0
2026-05-05 03:50:00,1777924200,4530.7,4530.7,4528.3,4529.0,728.0
2026-05-05 03:55:00,1777924500,4528.9,4530.0,4525.1,4527.7,903.0
2026-05-05 04:00:00,1777924800,4527.6,4527.9,4523.6,4525.0,461.0
2026-05-05 04:05:00,1777925100,4525.0,4525.8,4523.1,4523.6,294.0
2026-05-05 04:10:00,1777925400,4523.5,4524.8,4521.4,4524.4,598.0
2026-05-05 04:15:00,1777925700,4524.5,4524.8,4521.7,4522.9,315.0
2026-05-05 04:20:00,1777926000,4522.6,4523.7,4521.6,4522.5,347.0
2026-05-05 04:25:00,1777926300,4522.7,4525.5,4522.5,4524.5,248.0
2026-05-05 04:30:00,1777926600,4525.2,4527.3,4525.2,4527.0,293.0
2026-05-05 04:35:00,1777926900,4527.0,4527.8,4525.8,4526.6,233.0
2026-05-05 04:40:00,1777927200,4526.8,4528.7,4524.2,4528.3,451.0
2026-05-05 04:45:00,1777927500,4528.5,4532.4,4528.3,4531.3,435.0
2026-05-05 04:50:00,1777927800,4531.5,4531.6,4529.6,4531.2,187.0
2026-05-05 04:55:00,1777928100,4531.2,4534.1,4531.1,4532.8,505.0
2026-05-05 06:00:00,1777932000,4532.7,4535.9,4529.4,4529.8,556.0
2026-05-05 06:05:00,1777932300,4529.8,4532.3,4527.5,4531.8,564.0
2026-05-05 06:10:00,1777932600,4532.0,4532.5,4529.8,4530.7,346.0
2026-05-05 06:15:00,1777932900,4530.7,4532.7,4529.0,4529.9,273.0
2026-05-05 06:20:00,1777933200,4530.0,4531.7,4529.1,4529.1,228.0
2026-05-05 06:25:00,1777933500,4529.1,4530.6,4528.5,4529.3,152.0
2026-05-05 06:30:00,1777933800,4529.1,4531.7,4529.1,4530.8,188.0
2026-05-05 06:35:00,1777934100,4530.9,4530.9,4529.0,4529.3,160.0
2026-05-05 06:40:00,1777934400,4529.4,4530.0,4528.1,4528.2,231.0
2026-05-05 06:45:00,1777934700,4528.4,4528.8,4526.0,4527.5,387.0
2026-05-05 06:50:00,1777935000,4527.4,4527.4,4524.8,4526.0,362.0
2026-05-05 06:55:00,1777935300,4525.8,4527.5,4524.9,4526.9,222.0
2026-05-05 07:00:00,1777935600,4526.9,4528.1,4525.4,4527.6,415.0
2026-05-05 07:05:00,1777935900,4527.5,4529.8,4527.3,4529.0,460.0
2026-05-05 07:10:00,1777936200,4528.7,4530.5,4527.3,4529.8,409.0
2026-05-05 07:15:00,1777936500,4529.5,4530.4,4528.5,4529.0,212.0
2026-05-05 07:20:00,1777936800,4529.3,4531.1,4529.3,4531.0,262.0
2026-05-05 07:25:00,1777937100,4530.8,4531.2,4529.9,4530.4,202.0
2026-05-05 07:30:00,1777937400,4530.3,4530.6,4528.9,4530.3,228.0
2026-05-05 07:35:00,1777937700,4530.5,4530.5,4529.1,4529.9,121.0
2026-05-05 07:40:00,1777938000,4530.0,4530.8,4527.4,4527.8,415.0
2026-05-05 07:45:00,1777938300,4527.8,4530.0,4526.9,4529.4,334.0
2026-05-05 07:50:00,1777938600,4529.2,4529.4,4525.8,4528.3,445.0
2026-05-05 07:55:00,1777938900,4528.1,4529.7,4527.5,4527.9,228.0
2026-05-05 08:00:00,1777939200,4528.5,4533.5,4526.5,4532.1,1607.0
2026-05-05 08:05:00,1777939500,4532.2,4536.2,4531.7,4535.6,910.0
2026-05-05 08:10:00,1777939800,4535.6,4538.0,4534.5,4537.1,724.0
2026-05-05 08:15:00,1777940100,4537.3,4537.3,4531.6,4532.9,1260.0
2026-05-05 08:20:00,1777940400,4532.8,4533.1,4525.5,4528.6,1403.0
2026-05-05 08:25:00,1777940700,4528.7,4529.4,4522.6,4526.3,1245.0
2026-05-05 08:30:00,1777941000,4526.4,4528.0,4525.0,4527.3,716.0
2026-05-05 08:35:00,1777941300,4527.2,4531.0,4527.2,4530.4,629.0
2026-05-05 08:40:00,1777941600,4530.5,4534.0,4529.3,4533.3,793.0
2026-05-05 08:45:00,1777941900,4533.5,4537.4,4533.5,4536.1,1432.0
2026-05-05 08:50:00,1777942200,4536.2,4539.8,4534.9,4538.2,1044.0
2026-05-05 08:55:00,1777942500,4538.2,4539.8,4536.0,4539.0,925.0
2026-05-05 09:00:00,1777942800,4539.1,4544.1,4534.7,4544.1,2055.0
2026-05-05 09:05:00,1777943100,4543.9,4545.3,4542.4,4543.9,1122.0
2026-05-05 09:10:00,1777943400,4543.9,4548.8,4543.0,4547.7,1270.0
2026-05-05 09:15:00,1777943700,4548.0,4549.2,4545.0,4546.0,1080.0
2026-05-05 09:20:00,1777944000,4546.1,4549.1,4545.7,4547.1,659.0
2026-05-05 09:25:00,1777944300,4547.1,4547.9,4544.2,4547.0,806.0
2026-05-05 09:30:00,1777944600,4547.2,4547.7,4543.3,4543.8,807.0
2026-05-05 09:35:00,1777944900,4543.8,4551.6,4543.6,4546.7,1497.0
2026-05-05 09:40:00,1777945200,4546.8,4548.9,4545.0,4546.1,803.0
2026-05-05 09:45:00,1777945500,4546.1,4550.1,4545.5,4549.1,571.0
2026-05-05 09:50:00,1777945800,4548.8,4550.3,4547.1,4547.6,498.0
2026-05-05 09:55:00,1777946100,4547.2,4550.7,4546.5,4550.4,467.0
2026-05-05 10:00:00,1777946400,4550.5,4551.9,4548.6,4548.6,875.0
2026-05-05 10:05:00,1777946700,4548.7,4549.3,4546.9,4548.0,554.0
2026-05-05 10:10:00,1777947000,4547.8,4549.6,4546.3,4547.8,431.0
2026-05-05 10:15:00,1777947300,4548.0,4548.7,4544.4,4545.0,528.0
2026-05-05 10:20:00,1777947600,4545.2,4547.7,4544.0,4547.4,513.0
2026-05-05 10:25:00,1777947900,4547.8,4551.2,4547.0,4550.8,613.0
2026-05-05 10:30:00,1777948200,4551.0,4553.3,4549.5,4550.9,939.0
2026-05-05 10:35:00,1777948500,4551.0,4552.3,4549.7,4551.8,431.0
2026-05-05 10:40:00,1777948800,4552.0,4555.3,4551.2,4553.9,932.0
2026-05-05 10:45:00,1777949100,4553.7,4556.1,4552.3,4553.3,1122.0
2026-05-05 10:50:00,1777949400,4553.0,4553.8,4550.8,4551.1,692.0
2026-05-05 10:55:00,1777949700,4551.1,4551.3,4548.0,4548.3,990.0
2026-05-05 11:00:00,1777950000,4548.1,4550.3,4546.6,4550.2,824.0
2026-05-05 11:05:00,1777950300,4550.2,4551.2,4549.0,4549.8,446.0
2026-05-05 11:10:00,1777950600,4550.0,4551.4,4548.8,4551.2,334.0
2026-05-05 11:15:00,1777950900,4551.4,4551.8,4548.8,4549.8,344.0
2026-05-05 11:20:00,1777951200,4549.6,4551.0,4546.7,4547.3,463.0
2026-05-05 11:25:00,1777951500,4547.4,4548.8,4545.8,4547.2,598.0
2026-05-05 11:30:00,1777951800,4547.0,4547.7,4545.8,4547.3,433.0
2026-05-05 11:35:00,1777952100,4547.4,4548.6,4546.7,4547.7,347.0
2026-05-05 11:40:00,1777952400,4547.7,4547.7,4544.6,4545.0,497.0
2026-05-05 11:45:00,1777952700,4545.4,4546.2,4544.8,4545.6,263.0
2026-05-05 11:50:00,1777953000,4545.8,4545.8,4544.1,4544.2,372.0
2026-05-05 11:55:00,1777953300,4544.4,4545.1,4541.3,4543.5,944.0
2026-05-05 12:00:00,1777953600,4543.3,4544.9,4542.2,4544.1,354.0
2026-05-05 12:05:00,1777953900,4544.1,4544.8,4542.2,4542.9,301.0
2026-05-05 12:10:00,1777954200,4542.6,4543.3,4541.5,4541.8,324.0
2026-05-05 12:15:00,1777954500,4542.2,4543.0,4539.6,4539.8,811.0
2026-05-05 12:20:00,1777954800,4539.8,4541.8,4537.9,4539.8,875.0
2026-05-05 12:25:00,1777955100,4539.8,4540.7,4538.4,4538.7,402.0
2026-05-05 12:30:00,1777955400,4538.5,4543.1,4536.9,4542.0,1112.0
2026-05-05 12:35:00,1777955700,4542.3,4542.7,4540.5,4541.1,324.0
2026-05-05 12:40:00,1777956000,4541.2,4541.4,4540.3,4540.6,172.0
2026-05-05 12:45:00,1777956300,4540.9,4543.8,4540.4,4543.7,658.0
2026-05-05 12:50:00,1777956600,4543.9,4545.9,4542.8,4544.0,637.0
2026-05-05 12:55:00,1777956900,4543.9,4544.3,4540.5,4543.0,681.0
2026-05-05 13:00:00,1777957200,4542.9,4546.3,4539.9,4545.9,746.0
2026-05-05 13:05:00,1777957500,4546.1,4554.7,4545.5,4552.3,1661.0
2026-05-05 13:10:00,1777957800,4552.4,4553.7,4548.5,4549.7,830.0
2026-05-05 13:15:00,1777958100,4549.2,4549.8,4544.8,4545.8,705.0
2026-05-05 13:20:00,1777958400,4546.2,4548.8,4545.7,4548.6,532.0
2026-05-05 13:25:00,1777958700,4548.7,4549.2,4546.8,4548.9,317.0
2026-05-05 13:30:00,1777959000,4549.2,4556.6,4549.0,4556.5,1218.0
2026-05-05 13:35:00,1777959300,4556.4,4560.6,4555.6,4557.8,2030.0
2026-05-05 13:40:00,1777959600,4557.9,4561.1,4555.3,4555.5,1200.0
2026-05-05 13:45:00,1777959900,4555.3,4557.5,4554.5,4556.9,547.0
2026-05-05 13:50:00,1777960200,4556.9,4558.5,4553.9,4554.9,528.0
2026-05-05 13:55:00,1777960500,4555.1,4556.8,4552.8,4555.2,920.0
2026-05-05 14:00:00,1777960800,4555.3,4561.5,4553.6,4553.6,1836.0
2026-05-05 14:05:00,1777961100,4553.6,4555.3,4550.8,4553.5,1024.0
2026-05-05 14:10:00,1777961400,4553.2,4555.3,4551.4,4553.2,741.0
2026-05-05 14:15:00,1777961700,4553.6,4554.5,4548.3,4548.5,868.0
2026-05-05 14:20:00,1777962000,4548.6,4549.2,4543.2,4544.8,1228.0
2026-05-05 14:25:00,1777962300,4544.9,4547.6,4543.8,4546.3,693.0
2026-05-05 14:30:00,1777962600,4546.4,4553.9,4545.5,4552.4,1131.0
2026-05-05 14:35:00,1777962900,4552.6,4559.3,4551.7,4557.7,1312.0
2026-05-05 14:40:00,1777963200,4557.7,4558.7,4554.7,4556.2,803.0
2026-05-05 14:45:00,1777963500,4556.2,4558.4,4555.4,4558.2,391.0
2026-05-05 14:50:00,1777963800,4558.5,4560.8,4557.6,4560.0,485.0
2026-05-05 14:55:00,1777964100,4559.9,4560.7,4556.8,4557.6,587.0
2026-05-05 15:00:00,1777964400,4557.9,4563.8,4557.2,4562.4,1182.0
2026-05-05 15:05:00,1777964700,4562.5,4564.6,4561.0,4562.0,694.0
2026-05-05 15:10:00,1777965000,4562.1,4564.9,4560.3,4563.8,831.0
2026-05-05 15:15:00,1777965300,4563.5,4565.4,4561.9,4564.7,629.0
2026-05-05 15:20:00,1777965600,4564.8,4565.5,4560.9,4560.9,581.0
2026-05-05 15:25:00,1777965900,4560.8,4561.3,4558.0,4558.6,711.0
2026-05-05 15:30:00,1777966200,4558.7,4562.2,4558.5,4562.1,647.0
2026-05-05 15:35:00,1777966500,4562.2,4568.3,4561.5,4564.3,1379.0
2026-05-05 15:40:00,1777966800,4564.0,4565.9,4560.7,4560.7,962.0
2026-05-05 15:45:00,1777967100,4561.0,4561.5,4555.4,4555.5,1176.0
2026-05-05 15:50:00,1777967400,4555.3,4557.8,4554.0,4555.3,637.0
2026-05-05 15:55:00,1777967700,4555.3,4556.0,4553.1,4555.4,599.0
2026-05-05 16:00:00,1777968000,4555.5,4559.8,4555.3,4559.6,806.0
2026-05-05 16:05:00,1777968300,4559.8,4561.3,4556.6,4557.5,762.0
2026-05-05 16:10:00,1777968600,4557.8,4563.2,4556.2,4561.1,737.0
2026-05-05 16:15:00,1777968900,4561.1,4562.7,4558.6,4560.5,566.0
2026-05-05 16:20:00,1777969200,4560.6,4563.6,4559.1,4561.6,613.0
2026-05-05 16:25:00,1777969500,4561.7,4564.4,4560.8,4560.8,672.0
2026-05-05 16:30:00,1777969800,4561.0,4562.7,4560.0,4561.3,440.0
2026-05-05 16:35:00,1777970100,4561.2,4562.7,4557.4,4559.6,652.0
2026-05-05 16:40:00,1777970400,4559.7,4561.3,4558.0,4559.5,737.0
2026-05-05 16:45:00,1777970700,4559.6,4561.6,4557.7,4561.5,678.0
2026-05-05 16:50:00,1777971000,4561.5,4568.0,4561.5,4566.7,1131.0
2026-05-05 16:55:00,1777971300,4566.7,4569.5,4565.1,4568.3,1011.0
2026-05-05 17:00:00,1777971600,4568.7,4568.9,4563.5,4565.1,1189.0
2026-05-05 17:05:00,1777971900,4565.2,4570.5,4565.0,4569.2,979.0
2026-05-05 17:10:00,1777972200,4569.5,4570.2,4566.7,4567.6,609.0
2026-05-05 17:15:00,1777972500,4567.8,4567.9,4563.8,4564.0,660.0
2026-05-05 17:20:00,1777972800,4564.2,4566.9,4563.1,4565.0,628.0
2026-05-05 17:25:00,1777973100,4565.0,4566.2,4562.4,4562.4,557.0
2026-05-05 17:30:00,1777973400,4562.6,4568.4,4561.1,4564.0,1730.0
2026-05-05 17:35:00,1777973700,4563.5,4567.1,4562.9,4565.1,477.0
2026-05-05 17:40:00,1777974000,4565.0,4566.5,4563.8,4565.5,428.0
2026-05-05 17:45:00,1777974300,4565.5,4567.6,4563.0,4563.8,461.0
2026-05-05 17:50:00,1777974600,4564.0,4564.9,4562.8,4564.4,314.0
2026-05-05 17:55:00,1777974900,4564.4,4566.8,4563.5,4566.5,273.0
2026-05-05 18:00:00,1777975200,4566.7,4567.2,4564.6,4565.8,336.0
2026-05-05 18:05:00,1777975500,4565.7,4566.4,4562.2,4562.6,364.0
2026-05-05 18:10:00,1777975800,4562.4,4565.0,4560.8,4563.4,796.0
2026-05-05 18:15:00,1777976100,4563.1,4565.3,4561.4,4562.7,596.0
2026-05-05 18:20:00,1777976400,4562.5,4564.0,4562.5,4562.5,186.0
2026-05-05 18:25:00,1777976700,4562.8,4562.8,4556.7,4558.3,1212.0
2026-05-05 18:30:00,1777977000,4558.1,4564.5,4556.8,4563.9,1278.0
2026-05-05 18:35:00,1777977300,4563.9,4564.3,4561.0,4561.0,617.0
2026-05-05 18:40:00,1777977600,4560.9,4561.0,4554.3,4555.3,939.0
2026-05-05 18:45:00,1777977900,4555.2,4556.1,4554.3,4554.8,594.0
2026-05-05 18:50:00,1777978200,4554.6,4555.1,4550.0,4551.3,1075.0
2026-05-05 18:55:00,1777978500,4551.5,4555.4,4551.2,4554.1,765.0
2026-05-05 19:00:00,1777978800,4554.0,4555.1,4550.1,4553.7,1217.0
2026-05-05 19:05:00,1777979100,4553.4,4560.6,4552.9,4560.5,879.0
2026-05-05 19:10:00,1777979400,4560.5,4563.5,4559.8,4562.7,836.0
2026-05-05 19:15:00,1777979700,4563.1,4566.5,4560.1,4560.3,1240.0
2026-05-05 19:20:00,1777980000,4560.3,4567.0,4560.2,4564.6,841.0
2026-05-05 19:25:00,1777980300,4564.8,4568.0,4563.9,4566.4,767.0
2026-05-05 19:30:00,1777980600,4566.3,4569.2,4565.4,4567.3,729.0
2026-05-05 19:35:00,1777980900,4567.2,4571.7,4566.5,4567.0,1172.0
2026-05-05 19:40:00,1777981200,4567.2,4575.2,4566.2,4573.6,1837.0
2026-05-05 19:45:00,1777981500,4573.9,4575.7,4570.8,4572.5,1029.0
2026-05-05 19:50:00,1777981800,4572.7,4572.7,4569.7,4571.0,748.0
2026-05-05 19:55:00,1777982100,4571.3,4573.0,4569.3,4573.0,841.0
2026-05-05 20:00:00,1777982400,4572.8,4573.5,4564.3,4566.8,1704.0
2026-05-05 20:05:00,1777982700,4567.0,4574.2,4566.0,4568.4,2085.0
2026-05-05 20:10:00,1777983000,4568.2,4577.3,4568.2,4575.4,2291.0
2026-05-05 20:15:00,1777983300,4575.3,4577.0,4571.2,4572.2,1241.0
2026-05-05 20:20:00,1777983600,4571.9,4583.0,4571.9,4582.4,2874.0
2026-05-05 20:25:00,1777983900,4582.4,4584.8,4581.5,4584.1,1678.0
2026-05-05 20:30:00,1777984200,4584.2,4585.3,4577.2,4579.4,1901.0
2026-05-05 20:35:00,1777984500,4579.7,4581.6,4577.0,4580.4,1070.0
2026-05-05 20:40:00,1777984800,4580.8,4580.8,4577.3,4577.5,739.0
2026-05-05 20:45:00,1777985100,4577.5,4579.1,4573.4,4574.2,1383.0
2026-05-05 20:50:00,1777985400,4573.8,4575.5,4572.1,4573.6,1081.0
2026-05-05 20:55:00,1777985700,4573.5,4576.5,4572.9,4574.6,904.0
2026-05-05 21:00:00,1777986000,4574.6,4586.1,4574.6,4584.9,2439.0
2026-05-05 21:05:00,1777986300,4584.5,4591.4,4584.3,4586.7,3405.0
2026-05-05 21:10:00,1777986600,4586.9,4591.8,4585.3,4589.4,1690.0
2026-05-05 21:15:00,1777986900,4589.7,4596.4,4588.9,4591.4,2697.0
2026-05-05 21:20:00,1777987200,4591.2,4592.2,4586.4,4586.6,2126.0
2026-05-05 21:25:00,1777987500,4586.8,4591.8,4586.5,4586.9,1467.0
2026-05-05 21:30:00,1777987800,4587.1,4592.4,4586.6,4590.9,2042.0
2026-05-05 21:35:00,1777988100,4590.9,4591.6,4583.0,4585.1,2713.0
2026-05-05 21:40:00,1777988400,4585.2,4587.9,4582.0,4584.3,1489.0
2026-05-05 21:45:00,1777988700,4584.6,4588.1,4583.4,4586.7,1384.0
2026-05-05 21:50:00,1777989000,4586.9,4594.0,4586.0,4591.3,2345.0
2026-05-05 21:55:00,1777989300,4591.4,4591.9,4588.0,4590.1,1089.0
2026-05-05 22:00:00,1777989600,4590.1,4594.9,4586.2,4589.4,2318.0
2026-05-05 22:05:00,1777989900,4589.8,4595.1,4587.9,4594.5,1826.0
2026-05-05 22:10:00,1777990200,4594.3,4594.8,4580.7,4584.4,3482.0
2026-05-05 22:15:00,1777990500,4584.2,4584.5,4576.3,4581.1,4606.0
2026-05-05 22:20:00,1777990800,4580.7,4590.6,4578.4,4589.8,2904.0
2026-05-05 22:25:00,1777991100,4589.9,4597.7,4589.8,4594.9,3463.0
2026-05-05 22:30:00,1777991400,4594.9,4596.7,4590.7,4592.7,2057.0
2026-05-05 22:35:00,1777991700,4592.3,4593.4,4588.2,4592.0,1665.0
2026-05-05 22:40:00,1777992000,4592.0,4596.4,4591.3,4593.7,1549.0
2026-05-05 22:45:00,1777992300,4593.7,4593.9,4586.4,4588.7,2114.0
2026-05-05 22:50:00,1777992600,4588.9,4590.3,4586.3,4589.5,1235.0
2026-05-05 22:55:00,1777992900,4589.2,4593.7,4589.1,4593.6,1198.0
2026-05-05 23:00:00,1777993200,4593.6,4594.9,4588.5,4594.7,1541.0
2026-05-05 23:05:00,1777993500,4594.5,4594.7,4590.9,4591.1,884.0
2026-05-05 23:10:00,1777993800,4591.0,4593.0,4590.1,4591.8,736.0
2026-05-05 23:15:00,1777994100,4592.0,4592.6,4589.0,4589.5,871.0
2026-05-05 23:20:00,1777994400,4589.5,4591.2,4586.6,4587.3,1278.0
2026-05-05 23:25:00,1777994700,4587.6,4590.6,4586.1,4590.0,1044.0
2026-05-05 23:30:00,1777995000,4590.4,4592.1,4587.5,4588.7,1168.0
2026-05-05 23:35:00,1777995300,4589.0,4590.4,4586.2,4587.1,853.0
2026-05-05 23:40:00,1777995600,4587.0,4587.2,4583.2,4584.0,1262.0
2026-05-05 23:45:00,1777995900,4584.0,4586.6,4583.3,4585.2,997.0
2026-05-05 23:50:00,1777996200,4585.4,4587.0,4580.6,4582.1,1397.0
2026-05-05 23:55:00,1777996500,4581.9,4582.4,4579.3,4579.4,1108.0
2026-05-06 00:00:00,1777996800,4579.6,4580.2,4575.5,4578.2,2044.0
2026-05-06 00:05:00,1777997100,4578.1,4579.2,4573.5,4575.5,1538.0
2026-05-06 00:10:00,1777997400,4575.5,4578.0,4573.2,4577.5,1398.0
2026-05-06 00:15:00,1777997700,4577.3,4577.3,4574.5,4575.6,844.0
2026-05-06 00:20:00,1777998000,4575.6,4576.8,4572.4,4572.6,1021.0
2026-05-06 00:25:00,1777998300,4572.7,4573.0,4567.1,4570.9,2815.0
2026-05-06 00:30:00,1777998600,4571.1,4571.7,4564.7,4569.0,2371.0
2026-05-06 00:35:00,1777998900,4569.0,4570.6,4566.8,4567.0,1391.0
2026-05-06 00:40:00,1777999200,4567.0,4570.0,4567.0,4567.5,1012.0
2026-05-06 00:45:00,1777999500,4567.5,4569.2,4566.4,4568.3,707.0
2026-05-06 00:50:00,1777999800,4568.0,4571.5,4568.0,4570.9,1165.0
2026-05-06 00:55:00,1778000100,4570.9,4573.8,4570.8,4571.8,1193.0
2026-05-06 01:00:00,1778000400,4571.9,4573.5,4569.0,4569.8,1167.0
2026-05-06 01:05:00,1778000700,4569.6,4570.5,4564.0,4565.3,1717.0
2026-05-06 01:10:00,1778001000,4565.3,4567.0,4563.7,4566.9,1372.0
2026-05-06 01:15:00,1778001300,4566.9,4571.6,4566.6,4571.2,1350.0
2026-05-06 01:20:00,1778001600,4571.7,4572.2,4569.4,4569.6,1097.0
2026-05-06 01:25:00,1778001900,4569.6,4570.7,4567.7,4569.0,1382.0
2026-05-06 01:30:00,1778002200,4569.0,4572.1,4565.9,4571.6,1351.0
2026-05-06 01:35:00,1778002500,4571.6,4573.2,4569.9,4571.2,1014.0
2026-05-06 01:40:00,1778002800,4571.2,4572.7,4570.7,4570.7,438.0
2026-05-06 01:45:00,1778003100,4570.8,4572.9,4570.0,4572.5,616.0
2026-05-06 01:50:00,1778003400,4572.4,4572.4,4568.4,4569.0,744.0
2026-05-06 01:55:00,1778003700,4569.0,4570.9,4568.7,4570.2,539.0
2026-05-06 02:00:00,1778004000,4570.4,4571.7,4569.0,4570.1,582.0
2026-05-06 02:05:00,1778004300,4570.0,4572.6,4570.0,4571.1,625.0
2026-05-06 02:10:00,1778004600,4571.2,4575.6,4570.2,4574.8,1163.0
2026-05-06 02:15:00,1778004900,4575.0,4576.1,4572.9,4573.0,826.0
2026-05-06 02:20:00,1778005200,4573.2,4574.2,4571.5,4572.7,556.0
2026-05-06 02:25:00,1778005500,4572.7,4574.1,4571.9,4572.8,451.0
2026-05-06 02:30:00,1778005800,4572.9,4573.5,4569.3,4569.3,1058.0
2026-05-06 02:35:00,1778006100,4569.5,4570.9,4569.0,4570.3,573.0
2026-05-06 02:40:00,1778006400,4570.3,4573.0,4568.0,4572.1,981.0
2026-05-06 02:45:00,1778006700,4571.9,4576.2,4571.8,4573.5,1104.0
2026-05-06 02:50:00,1778007000,4573.4,4574.1,4571.0,4571.1,555.0
2026-05-06 02:55:00,1778007300,4571.2,4572.0,4569.9,4571.7,640.0
2026-05-06 03:00:00,1778007600,4571.6,4572.1,4568.8,4569.3,689.0
2026-05-06 03:05:00,1778007900,4569.4,4570.8,4567.8,4568.1,731.0
2026-05-06 03:10:00,1778008200,4568.1,4569.3,4567.2,4568.0,557.0
2026-05-06 03:15:00,1778008500,4567.8,4569.2,4565.4,4569.0,1064.0
2026-05-06 03:20:00,1778008800,4569.0,4569.6,4567.5,4567.7,365.0
2026-05-06 03:25:00,1778009100,4567.7,4568.0,4565.9,4566.8,507.0
2026-05-06 03:30:00,1778009400,4566.9,4568.3,4566.6,4567.0,308.0
2026-05-06 03:35:00,1778009700,4567.3,4568.8,4566.2,4567.5,456.0
2026-05-06 03:40:00,1778010000,4567.5,4567.8,4566.3,4566.4,257.0
2026-05-06 03:45:00,1778010300,4566.6,4569.7,4565.7,4569.6,612.0
2026-05-06 03:50:00,1778010600,4569.6,4569.6,4564.6,4565.9,824.0
2026-05-06 03:55:00,1778010900,4565.9,4566.5,4562.2,4566.0,1753.0
2026-05-06 04:00:00,1778011200,4565.7,4566.9,4564.7,4565.2,442.0
2026-05-06 04:05:00,1778011500,4565.2,4567.0,4564.9,4566.5,234.0
2026-05-06 04:10:00,1778011800,4566.4,4568.1,4566.3,4567.8,270.0
2026-05-06 04:15:00,1778012100,4567.6,4568.5,4566.5,4567.3,275.0
2026-05-06 04:20:00,1778012400,4567.1,4567.7,4566.0,4567.2,164.0
2026-05-06 04:25:00,1778012700,4567.1,4571.0,4567.1,4570.0,484.0
2026-05-06 04:30:00,1778013000,4569.9,4570.8,4568.4,4568.5,348.0
2026-05-06 04:35:00,1778013300,4568.5,4568.5,4566.5,4566.9,280.0
2026-05-06 04:40:00,1778013600,4566.7,4567.4,4565.6,4566.1,306.0
2026-05-06 04:45:00,1778013900,4566.1,4567.1,4565.5,4566.8,393.0
2026-05-06 04:50:00,1778014200,4566.9,4567.4,4565.2,4565.7,237.0
2026-05-06 04:55:00,1778014500,4565.7,4568.4,4565.5,4567.8,402.0
2026-05-06 06:00:00,1778018400,4568.7,4570.5,4560.2,4562.1,1088.0
2026-05-06 06:05:00,1778018700,4562.2,4562.8,4558.8,4561.4,759.0
2026-05-06 06:10:00,1778019000,4561.8,4562.6,4559.7,4560.5,419.0
2026-05-06 06:15:00,1778019300,4560.6,4561.1,4558.4,4559.0,459.0
2026-05-06 06:20:00,1778019600,4558.8,4560.0,4557.1,4559.8,478.0
2026-05-06 06:25:00,1778019900,4559.8,4560.0,4556.3,4556.8,526.0
2026-05-06 06:30:00,1778020200,4556.5,4559.4,4555.9,4559.2,474.0
2026-05-06 06:35:00,1778020500,4559.1,4561.0,4558.8,4559.9,467.0
2026-05-06 06:40:00,1778020800,4559.9,4560.8,4558.5,4558.8,366.0
2026-05-06 06:45:00,1778021100,4558.6,4558.6,4556.3,4557.4,390.0
2026-05-06 06:50:00,1778021400,4557.4,4568.8,4557.2,4568.7,2054.0
2026-05-06 06:55:00,1778021700,4568.9,4587.8,4568.9,4583.2,3444.0
2026-05-06 07:00:00,1778022000,4583.1,4585.7,4579.1,4584.8,1508.0
2026-05-06 07:05:00,1778022300,4585.3,4590.7,4582.3,4589.5,1533.0
2026-05-06 07:10:00,1778022600,4589.2,4601.2,4587.4,4599.0,2923.0
2026-05-06 07:15:00,1778022900,4599.1,4599.8,4593.3,4596.0,1275.0
2026-05-06 07:20:00,1778023200,4596.0,4599.2,4593.3,4594.8,1069.0
2026-05-06 07:25:00,1778023500,4594.6,4595.5,4592.0,4592.0,834.0
2026-05-06 07:30:00,1778023800,4592.3,4596.2,4589.5,4594.6,1253.0
2026-05-06 07:35:00,1778024100,4594.7,4597.9,4593.6,4596.9,691.0
2026-05-06 07:40:00,1778024400,4597.2,4598.8,4594.4,4595.7,670.0
2026-05-06 07:45:00,1778024700,4595.3,4604.3,4594.8,4604.3,1332.0
2026-05-06 07:50:00,1778025000,4604.0,4605.5,4601.9,4602.4,1302.0
2026-05-06 07:55:00,1778025300,4602.2,4606.3,4601.0,4604.1,775.0
2026-05-06 08:00:00,1778025600,4604.1,4608.9,4602.0,4606.1,1776.0
2026-05-06 08:05:00,1778025900,4606.1,4606.4,4601.4,4602.7,1082.0
2026-05-06 08:10:00,1778026200,4603.0,4603.6,4599.1,4602.0,1041.0
2026-05-06 08:15:00,1778026500,4602.1,4608.0,4598.3,4606.6,1477.0
2026-05-06 08:20:00,1778026800,4606.5,4613.9,4606.3,4612.9,2292.0
2026-05-06 08:25:00,1778027100,4613.0,4614.9,4610.4,4612.8,1242.0
2026-05-06 08:30:00,1778027400,4613.0,4619.6,4612.5,4619.2,1417.0
2026-05-06 08:35:00,1778027700,4619.1,4620.9,4618.2,4618.9,1280.0
2026-05-06 08:40:00,1778028000,4618.8,4622.0,4618.0,4620.9,989.0
2026-05-06 08:45:00,1778028300,4620.7,4622.4,4619.8,4620.5,924.0
2026-05-06 08:50:00,1778028600,4620.6,4622.6,4620.5,4621.8,767.0
2026-05-06 08:55:00,1778028900,4621.9,4631.1,4621.9,4629.5,2425.0
2026-05-06 09:00:00,1778029200,4629.7,4633.8,4623.7,4626.5,3316.0
2026-05-06 09:05:00,1778029500,4626.2,4626.6,4621.6,4623.6,1188.0
2026-05-06 09:10:00,1778029800,4623.3,4623.7,4620.3,4622.3,809.0
2026-05-06 09:15:00,1778030100,4622.2,4629.7,4620.7,4628.6,1498.0
2026-05-06 09:20:00,1778030400,4628.5,4635.0,4626.9,4634.3,1461.0
2026-05-06 09:25:00,1778030700,4634.6,4637.0,4632.0,4636.0,1493.0
2026-05-06 09:30:00,1778031000,4635.6,4637.4,4631.3,4633.5,1354.0
2026-05-06 09:35:00,1778031300,4633.5,4635.3,4631.1,4634.5,953.0
2026-05-06 09:40:00,1778031600,4634.6,4635.7,4632.3,4634.4,745.0
2026-05-06 09:45:00,1778031900,4634.3,4639.5,4634.1,4639.1,1391.0
2026-05-06 09:50:00,1778032200,4639.4,4639.5,4634.2,4635.3,751.0
2026-05-06 09:55:00,1778032500,4635.5,4637.5,4634.4,4636.8,555.0
2026-05-06 10:00:00,1778032800,4636.2,4640.2,4635.6,4638.5,1264.0
2026-05-06 10:05:00,1778033100,4638.7,4644.2,4637.0,4643.5,1472.0
2026-05-06 10:10:00,1778033400,4643.7,4645.0,4640.5,4643.8,1105.0
2026-05-06 10:15:00,1778033700,4643.6,4646.6,4642.9,4644.5,1069.0
2026-05-06 10:20:00,1778034000,4644.6,4646.4,4642.2,4643.6,836.0
2026-05-06 10:25:00,1778034300,4643.8,4644.6,4639.9,4640.2,764.0
2026-05-06 10:30:00,1778034600,4640.2,4642.2,4636.8,4641.4,1275.0
2026-05-06 10:35:00,1778034900,4641.5,4644.8,4640.5,4640.7,821.0
2026-05-06 10:40:00,1778035200,4640.8,4645.3,4640.2,4644.8,727.0
2026-05-06 10:45:00,1778035500,4644.5,4648.6,4643.9,4645.9,1328.0
2026-05-06 10:50:00,1778035800,4645.8,4648.8,4644.5,4648.6,557.0
2026-05-06 10:55:00,1778036100,4648.4,4651.9,4648.3,4650.6,1369.0
2026-05-06 11:00:00,1778036400,4650.5,4652.7,4648.2,4650.8,921.0
2026-05-06 11:05:00,1778036700,4650.8,4655.5,4650.2,4654.4,1276.0
2026-05-06 11:10:00,1778037000,4654.6,4660.3,4652.9,4657.5,1390.0
2026-05-06 11:15:00,1778037300,4657.2,4659.8,4655.6,4658.9,837.0
2026-05-06 11:20:00,1778037600,4659.2,4660.9,4654.4,4655.4,1039.0
2026-05-06 11:25:00,1778037900,4655.4,4656.7,4654.1,4655.5,624.0
2026-05-06 11:30:00,1778038200,4655.3,4655.3,4652.2,4653.8,880.0
2026-05-06 11:35:00,1778038500,4653.6,4662.2,4653.3,4661.2,1619.0
2026-05-06 11:40:00,1778038800,4661.2,4661.5,4655.0,4657.6,1006.0
2026-05-06 11:45:00,1778039100,4657.5,4658.3,4654.0,4654.1,575.0
2026-05-06 11:50:00,1778039400,4654.4,4656.6,4653.7,4654.1,498.0
2026-05-06 11:55:00,1778039700,4654.0,4654.9,4652.7,4653.7,443.0
2026-05-06 12:00:00,1778040000,4653.7,4655.8,4653.4,4654.9,589.0
2026-05-06 12:05:00,1778040300,4654.6,4658.0,4653.2,4656.1,583.0
2026-05-06 12:10:00,1778040600,4655.9,4657.8,4655.5,4657.7,343.0
2026-05-06 12:15:00,1778040900,4657.9,4659.1,4656.0,4656.0,526.0
2026-05-06 12:20:00,1778041200,4656.0,4656.9,4655.9,4656.7,292.0
2026-05-06 12:25:00,1778041500,4656.9,4664.2,4655.9,4663.3,1808.0
2026-05-06 12:30:00,1778041800,4663.3,4663.4,4659.6,4659.8,860.0
2026-05-06 12:35:00,1778042100,4660.0,4661.9,4658.6,4659.7,523.0
2026-05-06 12:40:00,1778042400,4659.6,4661.2,4656.6,4658.6,717.0
2026-05-06 12:45:00,1778042700,4658.3,4663.5,4657.8,4661.2,870.0
2026-05-06 12:50:00,1778043000,4661.3,4662.8,4659.3,4660.0,427.0
2026-05-06 12:55:00,1778043300,4660.0,4662.1,4659.6,4659.7,426.0
2026-05-06 13:00:00,1778043600,4659.7,4665.2,4659.5,4662.7,902.0
2026-05-06 13:05:00,1778043900,4662.8,4667.8,4661.2,4666.3,888.0
2026-05-06 13:10:00,1778044200,4666.3,4667.3,4664.0,4665.7,610.0
2026-05-06 13:15:00,1778044500,4665.5,4666.0,4660.5,4662.7,840.0
2026-05-06 13:20:00,1778044800,4662.8,4664.9,4661.0,4664.6,527.0
2026-05-06 13:25:00,1778045100,4664.7,4666.3,4661.3,4661.3,569.0
2026-05-06 13:30:00,1778045400,4661.2,4663.0,4654.9,4657.9,1876.0
2026-05-06 13:35:00,1778045700,4658.1,4658.7,4655.5,4658.1,696.0
2026-05-06 13:40:00,1778046000,4658.1,4662.4,4656.1,4661.3,707.0
2026-05-06 13:45:00,1778046300,4660.9,4662.7,4660.1,4660.5,665.0
2026-05-06 13:50:00,1778046600,4660.7,4664.5,4660.5,4664.0,589.0
2026-05-06 13:55:00,1778046900,4664.1,4674.8,4663.4,4673.8,3053.0
2026-05-06 14:00:00,1778047200,4674.0,4676.5,4669.1,4669.4,2039.0
2026-05-06 14:05:00,1778047500,4669.5,4676.8,4667.8,4674.2,1483.0
2026-05-06 14:10:00,1778047800,4674.0,4675.1,4671.2,4671.2,860.0
2026-05-06 14:15:00,1778048100,4671.3,4672.0,4668.8,4668.9,886.0
2026-05-06 14:20:00,1778048400,4668.8,4675.2,4668.3,4673.3,1002.0
2026-05-06 14:25:00,1778048700,4673.4,4677.5,4672.2,4676.8,1147.0
2026-05-06 14:30:00,1778049000,4676.8,4679.1,4673.9,4674.8,1096.0
2026-05-06 14:35:00,1778049300,4674.6,4679.8,4672.8,4676.6,877.0
2026-05-06 14:40:00,1778049600,4676.8,4678.4,4670.6,4674.7,1430.0
2026-05-06 14:45:00,1778049900,4674.9,4677.3,4673.9,4675.7,630.0
2026-05-06 14:50:00,1778050200,4675.1,4676.2,4673.3,4675.4,558.0
2026-05-06 14:55:00,1778050500,4675.1,4680.2,4674.9,4679.3,851.0
2026-05-06 15:00:00,1778050800,4679.8,4681.5,4675.9,4678.2,875.0
2026-05-06 15:05:00,1778051100,4678.5,4678.7,4676.5,4677.5,595.0
2026-05-06 15:10:00,1778051400,4677.5,4678.5,4669.4,4669.7,1416.0
2026-05-06 15:15:00,1778051700,4669.7,4671.8,4668.4,4671.6,1012.0
2026-05-06 15:20:00,1778052000,4671.7,4676.3,4670.4,4675.3,991.0
2026-05-06 15:25:00,1778052300,4675.5,4680.3,4673.7,4678.0,1410.0
2026-05-06 15:30:00,1778052600,4677.7,4678.5,4673.4,4676.2,902.0
2026-05-06 15:35:00,1778052900,4676.3,4677.2,4673.2,4675.1,681.0
2026-05-06 15:40:00,1778053200,4675.3,4681.3,4675.0,4680.9,673.0
2026-05-06 15:45:00,1778053500,4681.0,4688.4,4680.5,4686.3,3242.0
2026-05-06 15:50:00,1778053800,4686.4,4689.7,4685.0,4685.8,916.0
2026-05-06 15:55:00,1778054100,4685.9,4693.2,4685.5,4692.5,1048.0
2026-05-06 16:00:00,1778054400,4692.7,4694.0,4687.3,4689.2,1317.0
2026-05-06 16:05:00,1778054700,4689.2,4691.7,4686.0,4688.9,926.0
2026-05-06 16:10:00,1778055000,4689.1,4693.9,4687.9,4691.3,1206.0
2026-05-06 16:15:00,1778055300,4690.9,4692.4,4689.2,4690.4,651.0
2026-05-06 16:20:00,1778055600,4690.1,4691.2,4688.1,4689.9,531.0
2026-05-06 16:25:00,1778055900,4689.8,4691.4,4688.5,4688.7,505.0
2026-05-06 16:30:00,1778056200,4688.7,4689.8,4686.9,4687.5,625.0
2026-05-06 16:35:00,1778056500,4687.5,4687.6,4682.8,4687.2,1681.0
2026-05-06 16:40:00,1778056800,4687.0,4689.9,4684.7,4688.5,546.0
2026-05-06 16:45:00,1778057100,4688.6,4693.2,4688.4,4690.9,740.0
2026-05-06 16:50:00,1778057400,4690.8,4714.5,4690.7,4709.6,6385.0
2026-05-06 16:55:00,1778057700,4709.7,4712.6,4704.4,4711.8,2672.0
2026-05-06 17:00:00,1778058000,4711.8,4720.3,4703.4,4703.4,3768.0
2026-05-06 17:05:00,1778058300,4703.3,4707.3,4699.6,4705.7,2833.0
2026-05-06 17:10:00,1778058600,4705.9,4709.5,4704.2,4706.3,997.0
2026-05-06 17:15:00,1778058900,4706.5,4713.8,4705.4,4710.8,1819.0
2026-05-06 17:20:00,1778059200,4711.0,4711.2,4702.4,4706.6,1478.0
2026-05-06 17:25:00,1778059500,4706.7,4715.6,4705.1,4710.7,1904.0
2026-05-06 17:30:00,1778059800,4710.6,4715.1,4706.9,4714.3,1571.0
2026-05-06 17:35:00,1778060100,4714.5,4717.4,4712.6,4714.6,1156.0
2026-05-06 17:40:00,1778060400,4714.7,4716.4,4707.1,4707.2,1165.0
2026-05-06 17:45:00,1778060700,4707.5,4713.7,4705.5,4712.9,1042.0
2026-05-06 17:50:00,1778061000,4712.7,4712.7,4708.6,4711.9,663.0
2026-05-06 17:55:00,1778061300,4711.9,4714.9,4711.3,4713.4,842.0
2026-05-06 18:00:00,1778061600,4713.4,4717.6,4710.3,4712.5,1499.0
2026-05-06 18:05:00,1778061900,4712.0,4713.5,4707.4,4708.0,801.0
2026-05-06 18:10:00,1778062200,4707.6,4712.0,4707.6,4709.7,813.0
2026-05-06 18:15:00,1778062500,4709.8,4712.8,4707.1,4710.4,656.0
2026-05-06 18:20:00,1778062800,4710.2,4713.6,4709.1,4712.7,639.0
2026-05-06 18:25:00,1778063100,4712.8,4716.2,4712.6,4715.9,1046.0
2026-05-06 18:30:00,1778063400,4716.1,4724.1,4715.9,4721.4,2996.0
2026-05-06 18:35:00,1778063700,4721.4,4722.8,4719.5,4721.7,855.0
2026-05-06 18:40:00,1778064000,4722.1,4727.7,4721.4,4725.8,2245.0
2026-05-06 18:45:00,1778064300,4725.8,4727.5,4718.8,4722.4,2221.0
2026-05-06 18:50:00,1778064600,4722.3,4734.6,4721.7,4733.3,2874.0
2026-05-06 18:55:00,1778064900,4733.0,4733.4,4727.4,4729.5,2135.0
2026-05-06 19:00:00,1778065200,4729.4,4732.4,4722.8,4724.9,1702.0
2026-05-06 19:05:00,1778065500,4725.2,4732.9,4724.7,4731.8,1191.0
2026-05-06 19:10:00,1778065800,4731.5,4732.3,4720.7,4724.2,1789.0
2026-05-06 19:15:00,1778066100,4723.8,4725.6,4721.0,4723.9,1140.0
2026-05-06 19:20:00,1778066400,4723.6,4724.2,4720.3,4721.7,846.0
2026-05-06 19:25:00,1778066700,4722.0,4724.5,4716.8,4717.0,1176.0
2026-05-06 19:30:00,1778067000,4717.3,4727.0,4715.7,4724.8,1493.0
2026-05-06 19:35:00,1778067300,4724.8,4726.5,4721.1,4721.6,759.0
2026-05-06 19:40:00,1778067600,4721.8,4723.1,4707.7,4710.7,2938.0
2026-05-06 19:45:00,1778067900,4711.1,4713.9,4708.0,4708.7,1849.0
2026-05-06 19:50:00,1778068200,4709.1,4711.8,4707.2,4709.2,1494.0
2026-05-06 19:55:00,1778068500,4709.2,4709.2,4702.1,4703.5,2308.0
2026-05-06 20:00:00,1778068800,4703.4,4704.5,4692.2,4696.5,3542.0
2026-05-06 20:05:00,1778069100,4696.6,4698.9,4690.7,4693.7,2154.0
2026-05-06 20:10:00,1778069400,4693.5,4693.5,4681.0,4684.3,3280.0
2026-05-06 20:15:00,1778069700,4684.2,4688.5,4671.1,4681.4,5068.0
2026-05-06 20:20:00,1778070000,4681.1,4695.0,4679.9,4694.0,3987.0
2026-05-06 20:25:00,1778070300,4694.0,4700.0,4693.3,4694.6,2550.0
2026-05-06 20:30:00,1778070600,4694.7,4697.2,4689.0,4694.6,2423.0
2026-05-06 20:35:00,1778070900,4694.7,4695.4,4690.2,4691.4,1083.0
2026-05-06 20:40:00,1778071200,4691.3,4694.8,4690.4,4693.9,1051.0
2026-05-06 20:45:00,1778071500,4694.0,4695.8,4690.0,4692.4,1002.0
2026-05-06 20:50:00,1778071800,4692.2,4692.5,4687.9,4688.5,875.0
2026-05-06 20:55:00,1778072100,4688.3,4694.7,4687.4,4694.4,1482.0
2026-05-06 21:00:00,1778072400,4694.1,4703.5,4688.1,4693.8,3890.0
2026-05-06 21:05:00,1778072700,4693.9,4696.5,4679.3,4684.5,3902.0
2026-05-06 21:10:00,1778073000,4684.5,4694.7,4682.5,4694.3,1629.0
2026-05-06 21:15:00,1778073300,4694.6,4702.0,4693.2,4693.6,1760.0
2026-05-06 21:20:00,1778073600,4693.7,4696.6,4689.9,4696.0,1134.0
2026-05-06 21:25:00,1778073900,4696.4,4697.4,4692.6,4695.7,935.0
2026-05-06 21:30:00,1778074200,4695.9,4709.9,4690.8,4709.0,3466.0
2026-05-06 21:35:00,1778074500,4708.6,4710.4,4704.5,4705.8,2409.0
2026-05-06 21:40:00,1778074800,4706.3,4709.8,4704.1,4706.5,1435.0
2026-05-06 21:45:00,1778075100,4706.7,4712.8,4703.6,4712.3,2099.0
2026-05-06 21:50:00,1778075400,4712.1,4719.6,4704.8,4715.2,3438.0
2026-05-06 21:55:00,1778075700,4715.2,4717.7,4713.2,4713.5,1911.0
2026-05-06 22:00:00,1778076000,4713.5,4721.7,4712.2,4717.0,3205.0
2026-05-06 22:05:00,1778076300,4717.0,4720.5,4708.4,4719.1,3127.0
2026-05-06 22:10:00,1778076600,4719.4,4725.0,4717.7,4722.5,2455.0
2026-05-06 22:15:00,1778076900,4722.5,4728.8,4722.3,4724.4,2896.0
2026-05-06 22:20:00,1778077200,4724.1,4726.9,4719.5,4720.6,1551.0
2026-05-06 22:25:00,1778077500,4720.5,4724.4,4716.0,4716.9,1701.0
2026-05-06 22:30:00,1778077800,4717.2,4721.3,4715.8,4718.2,1520.0
2026-05-06 22:35:00,1778078100,4718.3,4721.4,4716.3,4719.7,1056.0
2026-05-06 22:40:00,1778078400,4719.6,4726.1,4717.1,4724.8,1977.0
2026-05-06 22:45:00,1778078700,4724.9,4725.3,4715.5,4717.3,1956.0
2026-05-06 22:50:00,1778079000,4717.1,4718.2,4712.0,4712.6,1963.0
2026-05-06 22:55:00,1778079300,4713.0,4718.7,4713.0,4714.4,1468.0
2026-05-06 23:00:00,1778079600,4714.0,4717.4,4711.5,4717.2,1449.0
2026-05-06 23:05:00,1778079900,4717.2,4717.5,4708.5,4710.0,1914.0
2026-05-06 23:10:00,1778080200,4710.0,4712.1,4704.8,4708.2,1962.0
2026-05-06 23:15:00,1778080500,4708.1,4713.1,4705.4,4713.1,1711.0
2026-05-06 23:20:00,1778080800,4713.1,4715.0,4710.0,4710.5,1226.0
2026-05-06 23:25:00,1778081100,4710.3,4710.6,4705.6,4706.9,1096.0
2026-05-06 23:30:00,1778081400,4706.8,4709.3,4704.1,4705.6,1049.0
2026-05-06 23:35:00,1778081700,4705.9,4707.0,4702.3,4703.4,1428.0
2026-05-06 23:40:00,1778082000,4703.4,4705.8,4700.6,4704.2,1767.0
2026-05-06 23:45:00,1778082300,4704.2,4706.6,4701.9,4704.5,1335.0
2026-05-06 23:50:00,1778082600,4704.7,4705.9,4702.2,4704.3,727.0
2026-05-06 23:55:00,1778082900,4704.0,4705.2,4699.1,4699.1,980.0
2026-05-07 00:00:00,1778083200,4699.1,4699.4,4695.1,4697.5,1859.0
2026-05-07 00:05:00,1778083500,4697.9,4700.1,4692.7,4695.0,1650.0
2026-05-07 00:10:00,1778083800,4695.3,4697.3,4693.6,4695.2,783.0
2026-05-07 00:15:00,1778084100,4695.0,4697.8,4694.1,4696.1,772.0
2026-05-07 00:20:00,1778084400,4696.2,4696.8,4694.3,4694.8,469.0
2026-05-07 00:25:00,1778084700,4695.0,4699.8,4694.6,4699.3,1176.0
2026-05-07 00:30:00,1778085000,4699.5,4702.0,4696.5,4698.5,1640.0
2026-05-07 00:35:00,1778085300,4698.6,4701.3,4697.2,4700.7,613.0
2026-05-07 00:40:00,1778085600,4700.7,4703.3,4699.6,4699.8,1154.0
2026-05-07 00:45:00,1778085900,4699.8,4701.0,4697.2,4699.1,784.0
2026-05-07 00:50:00,1778086200,4699.0,4699.9,4694.4,4695.6,1101.0
2026-05-07 00:55:00,1778086500,4695.4,4697.2,4690.0,4694.0,2077.0
2026-05-07 01:00:00,1778086800,4694.0,4697.0,4690.4,4696.8,1113.0
2026-05-07 01:05:00,1778087100,4696.8,4699.0,4695.3,4696.8,795.0
2026-05-07 01:10:00,1778087400,4697.3,4697.9,4695.3,4696.5,498.0
2026-05-07 01:15:00,1778087700,4697.0,4697.1,4692.0,4692.3,747.0
2026-05-07 01:20:00,1778088000,4692.1,4694.6,4691.3,4692.5,991.0
2026-05-07 01:25:00,1778088300,4692.3,4695.5,4691.0,4693.8,1096.0
2026-05-07 01:30:00,1778088600,4693.8,4694.3,4691.2,4693.7,1026.0
2026-05-07 01:35:00,1778088900,4693.1,4693.1,4689.9,4690.4,681.0
2026-05-07 01:40:00,1778089200,4690.0,4692.2,4689.8,4691.4,474.0
2026-05-07 01:45:00,1778089500,4691.6,4693.1,4691.4,4691.6,427.0
2026-05-07 01:50:00,1778089800,4691.7,4692.9,4691.0,4692.2,262.0
2026-05-07 01:55:00,1778090100,4693.0,4695.7,4693.0,4694.4,692.0
2026-05-07 02:00:00,1778090400,4695.0,4696.4,4692.9,4693.5,673.0
2026-05-07 02:05:00,1778090700,4693.5,4696.4,4693.5,4696.4,479.0
2026-05-07 02:10:00,1778091000,4696.1,4698.4,4695.4,4697.7,797.0
2026-05-07 02:15:00,1778091300,4697.6,4700.5,4697.2,4699.2,866.0
2026-05-07 02:20:00,1778091600,4699.4,4701.5,4697.8,4698.6,1111.0
2026-05-07 02:25:00,1778091900,4698.4,4700.0,4698.1,4698.4,398.0
2026-05-07 02:30:00,1778092200,4699.0,4700.3,4697.3,4699.8,544.0
2026-05-07 02:35:00,1778092500,4699.9,4701.1,4698.5,4699.2,453.0
2026-05-07 02:40:00,1778092800,4698.9,4699.1,4695.9,4697.1,643.0
2026-05-07 02:45:00,1778093100,4696.5,4698.9,4696.5,4698.0,369.0
2026-05-07 02:50:00,1778093400,4697.7,4698.5,4695.7,4697.3,447.0
2026-05-07 02:55:00,1778093700,4697.5,4698.2,4696.2,4696.8,285.0
2026-05-07 03:00:00,1778094000,4697.2,4704.0,4697.0,4702.1,981.0
2026-05-07 03:05:00,1778094300,4702.0,4705.9,4701.6,4705.4,880.0
2026-05-07 03:10:00,1778094600,4705.4,4707.0,4704.6,4706.3,676.0
2026-05-07 03:15:00,1778094900,4706.1,4709.4,4706.1,4707.5,1032.0
2026-05-07 03:20:00,1778095200,4707.8,4711.4,4707.8,4710.8,806.0
2026-05-07 03:25:00,1778095500,4710.9,4711.1,4708.5,4709.1,482.0
2026-05-07 03:30:00,1778095800,4709.3,4710.1,4706.6,4708.1,850.0
2026-05-07 03:35:00,1778096100,4708.1,4709.9,4707.2,4708.2,369.0
2026-05-07 03:40:00,1778096400,4708.5,4708.6,4704.8,4706.3,711.0
2026-05-07 03:45:00,1778096700,4706.3,4707.6,4705.1,4705.6,508.0
2026-05-07 03:50:00,1778097000,4705.6,4709.1,4705.6,4707.8,614.0
2026-05-07 03:55:00,1778097300,4708.2,4708.5,4702.2,4703.0,963.0
2026-05-07 04:00:00,1778097600,4703.0,4705.9,4702.9,4705.8,594.0
2026-05-07 04:05:00,1778097900,4705.8,4707.8,4705.2,4707.0,333.0
2026-05-07 04:10:00,1778098200,4706.9,4710.4,4706.8,4709.6,509.0
2026-05-07 04:15:00,1778098500,4709.6,4710.3,4707.6,4708.6,363.0
2026-05-07 04:20:00,1778098800,4708.6,4709.4,4704.6,4705.1,424.0
2026-05-07 04:25:00,1778099100,4705.2,4705.6,4702.6,4703.3,434.0
2026-05-07 04:30:00,1778099400,4703.5,4703.9,4700.8,4700.8,448.0
2026-05-07 04:35:00,1778099700,4701.0,4702.9,4700.5,4701.2,403.0
2026-05-07 04:40:00,1778100000,4701.3,4701.5,4699.3,4699.5,506.0
2026-05-07 04:45:00,1778100300,4699.5,4700.5,4695.6,4700.0,575.0
2026-05-07 04:50:00,1778100600,4700.1,4702.0,4698.6,4702.0,304.0
2026-05-07 04:55:00,1778100900,4701.9,4702.7,4700.6,4702.2,308.0
2026-05-07 06:00:00,1778104800,4702.0,4706.2,4698.4,4699.6,1061.0
2026-05-07 06:05:00,1778105100,4699.7,4704.4,4699.6,4703.6,641.0
2026-05-07 06:10:00,1778105400,4703.7,4708.2,4702.1,4706.4,1178.0
2026-05-07 06:15:00,1778105700,4706.6,4709.1,4705.6,4708.6,593.0
2026-05-07 06:20:00,1778106000,4708.6,4709.5,4706.4,4707.0,610.0
2026-05-07 06:25:00,1778106300,4707.0,4707.9,4702.1,4705.0,698.0
2026-05-07 06:30:00,1778106600,4704.5,4707.6,4703.4,4707.6,466.0
2026-05-07 06:35:00,1778106900,4707.6,4708.7,4705.6,4706.3,460.0
2026-05-07 06:40:00,1778107200,4706.1,4709.0,4705.6,4708.1,328.0
2026-05-07 06:45:00,1778107500,4707.8,4708.0,4704.8,4706.7,406.0
2026-05-07 06:50:00,1778107800,4706.9,4707.8,4704.8,4705.1,268.0
2026-05-07 06:55:00,1778108100,4705.3,4706.2,4703.0,4704.2,467.0
2026-05-07 07:00:00,1778108400,4703.7,4706.4,4702.9,4705.8,441.0
2026-05-07 07:05:00,1778108700,4705.9,4707.7,4704.9,4706.6,487.0
2026-05-07 07:10:00,1778109000,4706.3,4706.3,4703.0,4703.7,369.0
2026-05-07 07:15:00,1778109300,4703.4,4707.0,4703.1,4705.9,446.0
2026-05-07 07:20:00,1778109600,4706.0,4706.8,4701.6,4702.6,704.0
2026-05-07 07:25:00,1778109900,4702.6,4703.3,4699.1,4702.5,742.0
2026-05-07 07:30:00,1778110200,4702.5,4703.0,4700.6,4702.0,440.0
2026-05-07 07:35:00,1778110500,4702.1,4703.9,4701.8,4702.2,281.0
2026-05-07 07:40:00,1778110800,4702.1,4702.8,4701.8,4702.8,179.0
2026-05-07 07:45:00,1778111100,4702.9,4709.1,4702.6,4706.3,1346.0
2026-05-07 07:50:00,1778111400,4706.2,4707.0,4704.6,4706.0,357.0
2026-05-07 07:55:00,1778111700,4706.1,4708.3,4705.7,4708.0,473.0
2026-05-07 08:00:00,1778112000,4708.1,4710.1,4701.8,4702.9,1314.0
2026-05-07 08:05:00,1778112300,4702.8,4705.1,4698.1,4704.1,1278.0
2026-05-07 08:10:00,1778112600,4704.2,4710.5,4703.7,4709.0,1098.0
2026-05-07 08:15:00,1778112900,4709.0,4710.2,4704.0,4707.2,912.0
2026-05-07 08:20:00,1778113200,4707.0,4710.5,4705.8,4707.6,927.0
2026-05-07 08:25:00,1778113500,4707.5,4707.7,4700.6,4701.5,1131.0
2026-05-07 08:30:00,1778113800,4701.6,4702.3,4697.1,4700.6,1506.0
2026-05-07 08:35:00,1778114100,4700.7,4702.2,4698.8,4701.1,632.0
2026-05-07 08:40:00,1778114400,4701.2,4701.6,4694.2,4696.9,1270.0
2026-05-07 08:45:00,1778114700,4696.9,4700.0,4694.9,4698.5,749.0
2026-05-07 08:50:00,1778115000,4698.5,4700.5,4694.5,4695.0,801.0
2026-05-07 08:55:00,1778115300,4694.8,4697.9,4694.2,4697.6,765.0
2026-05-07 09:00:00,1778115600,4697.5,4703.0,4693.5,4702.0,1615.0
2026-05-07 09:05:00,1778115900,4701.6,4707.9,4700.7,4706.6,2038.0
2026-05-07 09:10:00,1778116200,4706.8,4720.3,4706.8,4718.6,3839.0
2026-05-07 09:15:00,1778116500,4718.9,4725.6,4716.6,4721.8,2561.0
2026-05-07 09:20:00,1778116800,4721.9,4722.3,4717.8,4719.3,1679.0
2026-05-07 09:25:00,1778117100,4719.5,4720.4,4712.8,4713.5,1820.0
2026-05-07 09:30:00,1778117400,4713.2,4716.8,4711.1,4714.5,2075.0
2026-05-07 09:35:00,1778117700,4714.4,4722.4,4714.2,4722.3,1446.0
2026-05-07 09:40:00,1778118000,4722.2,4727.2,4720.0,4722.1,1885.0
2026-05-07 09:45:00,1778118300,4722.0,4729.2,4721.7,4728.0,1458.0
2026-05-07 09:50:00,1778118600,4728.0,4730.5,4726.0,4726.0,1559.0
2026-05-07 09:55:00,1778118900,4726.0,4726.8,4722.3,4723.7,1173.0
2026-05-07 10:00:00,1778119200,4723.4,4727.6,4723.2,4723.6,1158.0
2026-05-07 10:05:00,1778119500,4723.7,4726.0,4721.7,4722.0,863.0
2026-05-07 10:10:00,1778119800,4721.8,4722.4,4712.0,4712.6,2320.0
2026-05-07 10:15:00,1778120100,4712.9,4716.6,4711.4,4714.7,1158.0
2026-05-07 10:20:00,1778120400,4714.8,4716.7,4710.0,4712.0,1412.0
2026-05-07 10:25:00,1778120700,4712.0,4714.3,4710.2,4711.2,753.0
2026-05-07 10:30:00,1778121000,4711.2,4712.0,4708.2,4709.7,1156.0
2026-05-07 10:35:00,1778121300,4710.4,4712.7,4709.5,4710.5,613.0
2026-05-07 10:40:00,1778121600,4710.4,4714.2,4709.7,4712.7,790.0
2026-05-07 10:45:00,1778121900,4712.8,4716.6,4712.8,4715.3,780.0
2026-05-07 10:50:00,1778122200,4714.9,4716.0,4713.3,4715.4,517.0
2026-05-07 10:55:00,1778122500,4715.2,4719.1,4714.5,4715.8,894.0
2026-05-07 11:00:00,1778122800,4715.7,4718.3,4713.4,4718.1,814.0
2026-05-07 11:05:00,1778123100,4718.0,4718.7,4715.9,4717.3,415.0
2026-05-07 11:10:00,1778123400,4717.5,4718.0,4712.8,4714.5,536.0
2026-05-07 11:15:00,1778123700,4714.6,4717.1,4713.7,4717.1,367.0
2026-05-07 11:20:00,1778124000,4717.1,4717.4,4713.7,4714.3,326.0
2026-05-07 11:25:00,1778124300,4714.5,4715.7,4712.8,4712.9,463.0
2026-05-07 11:30:00,1778124600,4713.0,4713.6,4710.8,4712.8,668.0
2026-05-07 11:35:00,1778124900,4712.8,4713.5,4711.1,4713.5,316.0
2026-05-07 11:40:00,1778125200,4713.6,4713.6,4711.2,4712.5,247.0
2026-05-07 11:45:00,1778125500,4712.3,4713.0,4710.1,4712.8,441.0
2026-05-07 11:50:00,1778125800,4712.8,4713.7,4710.9,4712.7,391.0
2026-05-07 11:55:00,1778126100,4712.6,4712.8,4707.4,4707.5,754.0
2026-05-07 12:00:00,1778126400,4707.7,4709.2,4705.5,4707.1,1130.0
2026-05-07 12:05:00,1778126700,4706.9,4709.5,4706.6,4708.3,454.0
2026-05-07 12:10:00,1778127000,4708.5,4709.3,4705.0,4705.2,534.0
2026-05-07 12:15:00,1778127300,4705.1,4705.8,4703.2,4704.0,835.0
2026-05-07 12:20:00,1778127600,4704.4,4707.0,4703.9,4706.2,525.0
2026-05-07 12:25:00,1778127900,4706.1,4706.7,4703.9,4705.5,594.0
2026-05-07 12:30:00,1778128200,4705.2,4705.9,4701.8,4702.2,572.0
2026-05-07 12:35:00,1778128500,4702.2,4704.4,4700.7,4704.3,599.0
2026-05-07 12:40:00,1778128800,4704.5,4707.7,4704.4,4706.3,521.0
2026-05-07 12:45:00,1778129100,4706.6,4707.5,4702.9,4704.1,617.0
2026-05-07 12:50:00,1778129400,4704.0,4705.1,4702.5,4704.1,446.0
2026-05-07 12:55:00,1778129700,4704.1,4706.2,4702.7,4705.0,462.0
2026-05-07 13:00:00,1778130000,4704.9,4710.0,4704.7,4708.7,886.0
2026-05-07 13:05:00,1778130300,4708.5,4708.5,4706.7,4707.8,386.0
2026-05-07 13:10:00,1778130600,4707.8,4709.5,4707.7,4708.9,333.0
2026-05-07 13:15:00,1778130900,4709.0,4709.2,4704.4,4704.5,645.0
2026-05-07 13:20:00,1778131200,4704.5,4706.1,4703.0,4704.2,611.0
2026-05-07 13:25:00,1778131500,4703.9,4705.6,4703.0,4704.5,403.0
2026-05-07 13:30:00,1778131800,4704.4,4714.7,4703.2,4711.7,1915.0
2026-05-07 13:35:00,1778132100,4711.7,4714.4,4711.0,4713.9,700.0
2026-05-07 13:40:00,1778132400,4713.9,4714.6,4711.7,4712.1,485.0
2026-05-07 13:45:00,1778132700,4712.3,4713.6,4710.8,4713.5,895.0
2026-05-07 13:50:00,1778133000,4713.6,4715.3,4711.2,4713.3,742.0
2026-05-07 13:55:00,1778133300,4713.0,4713.5,4709.0,4709.4,810.0
2026-05-07 14:00:00,1778133600,4709.9,4716.1,4709.4,4714.4,688.0
2026-05-07 14:05:00,1778133900,4714.5,4716.8,4713.4,4716.2,507.0
2026-05-07 14:10:00,1778134200,4716.2,4718.9,4715.8,4716.6,870.0
2026-05-07 14:15:00,1778134500,4716.5,4719.8,4715.6,4718.0,716.0
2026-05-07 14:20:00,1778134800,4718.4,4722.6,4717.7,4721.8,1149.0
2026-05-07 14:25:00,1778135100,4722.1,4726.4,4720.1,4726.2,1183.0
2026-05-07 14:30:00,1778135400,4725.8,4742.8,4724.6,4741.9,5268.0
2026-05-07 14:35:00,1778135700,4742.0,4752.9,4741.8,4751.7,3697.0
2026-05-07 14:40:00,1778136000,4751.7,4759.2,4749.1,4755.4,3666.0
2026-05-07 14:45:00,1778136300,4755.0,4756.4,4747.2,4747.4,2143.0
2026-05-07 14:50:00,1778136600,4747.3,4749.8,4745.5,4745.8,1077.0
2026-05-07 14:55:00,1778136900,4745.7,4749.5,4745.2,4748.6,854.0
2026-05-07 15:00:00,1778137200,4748.4,4750.8,4740.8,4743.9,1921.0
2026-05-07 15:05:00,1778137500,4744.1,4755.6,4742.4,4754.2,2375.0
2026-05-07 15:10:00,1778137800,4754.1,4760.6,4753.0,4759.0,2917.0
2026-05-07 15:15:00,1778138100,4759.1,4760.9,4751.8,4753.3,1961.0
2026-05-07 15:20:00,1778138400,4753.4,4754.6,4749.0,4749.4,1457.0
2026-05-07 15:25:00,1778138700,4749.6,4752.3,4747.1,4749.0,1014.0
2026-05-07 15:30:00,1778139000,4749.4,4752.6,4748.0,4751.4,711.0
2026-05-07 15:35:00,1778139300,4751.6,4752.7,4748.9,4749.6,754.0
2026-05-07 15:40:00,1778139600,4749.5,4754.0,4749.3,4752.7,686.0
2026-05-07 15:45:00,1778139900,4752.8,4753.3,4746.6,4748.8,974.0
2026-05-07 15:50:00,1778140200,4748.9,4753.7,4748.5,4750.5,856.0
2026-05-07 15:55:00,1778140500,4750.4,4754.7,4748.6,4752.8,797.0
2026-05-07 16:00:00,1778140800,4752.9,4761.6,4752.2,4759.8,2968.0
2026-05-07 16:05:00,1778141100,4759.8,4763.6,4756.0,4758.1,1639.0
2026-05-07 16:10:00,1778141400,4757.9,4758.7,4752.2,4752.4,1450.0
2026-05-07 16:15:00,1778141700,4752.7,4753.0,4745.5,4746.3,1685.0
2026-05-07 16:20:00,1778142000,4746.3,4749.8,4745.3,4749.7,942.0
2026-05-07 16:25:00,1778142300,4749.6,4752.4,4743.5,4749.6,1497.0
2026-05-07 16:30:00,1778142600,4750.0,4751.8,4746.4,4747.2,911.0
2026-05-07 16:35:00,1778142900,4747.3,4748.7,4743.4,4746.6,788.0
2026-05-07 16:40:00,1778143200,4746.1,4748.5,4744.4,4745.0,604.0
2026-05-07 16:45:00,1778143500,4745.1,4746.0,4743.1,4745.8,859.0
2026-05-07 16:50:00,1778143800,4745.8,4747.1,4742.0,4744.1,1025.0
2026-05-07 16:55:00,1778144100,4744.6,4744.7,4741.1,4741.2,863.0
2026-05-07 17:00:00,1778144400,4741.4,4741.4,4731.9,4736.7,2238.0
2026-05-07 17:05:00,1778144700,4736.7,4743.0,4736.4,4742.8,1103.0
2026-05-07 17:10:00,1778145000,4742.8,4746.4,4742.2,4743.8,948.0
2026-05-07 17:15:00,1778145300,4743.9,4747.1,4741.3,4745.5,973.0
2026-05-07 17:20:00,1778145600,4745.4,4748.2,4743.6,4746.9,903.0
2026-05-07 17:25:00,1778145900,4746.8,4748.7,4743.8,4745.4,657.0
2026-05-07 17:30:00,1778146200,4745.3,4746.5,4742.7,4745.7,1175.0
2026-05-07 17:35:00,1778146500,4746.1,4747.0,4743.3,4745.2,666.0
2026-05-07 17:40:00,1778146800,4745.2,4749.3,4745.0,4747.5,645.0
2026-05-07 17:45:00,1778147100,4747.3,4748.5,4744.8,4745.2,509.0
2026-05-07 17:50:00,1778147400,4745.8,4746.2,4742.4,4743.4,639.0
2026-05-07 17:55:00,1778147700,4743.5,4743.8,4735.3,4738.6,1852.0
2026-05-07 18:00:00,1778148000,4738.2,4741.6,4736.0,4738.9,944.0
2026-05-07 18:05:00,1778148300,4739.1,4743.1,4737.8,4742.6,685.0
2026-05-07 18:10:00,1778148600,4742.6,4744.5,4741.5,4744.1,518.0
2026-05-07 18:15:00,1778148900,4744.3,4745.5,4740.0,4740.5,526.0
2026-05-07 18:20:00,1778149200,4740.6,4743.2,4737.5,4742.2,816.0
2026-05-07 18:25:00,1778149500,4742.4,4744.0,4741.0,4742.0,295.0
2026-05-07 18:30:00,1778149800,4741.5,4741.9,4737.3,4739.9,667.0
2026-05-07 18:35:00,1778150100,4739.8,4748.0,4739.2,4745.8,943.0
2026-05-07 18:40:00,1778150400,4745.9,4749.3,4745.4,4748.5,846.0
2026-05-07 18:45:00,1778150700,4748.3,4749.3,4745.0,4745.5,592.0
2026-05-07 18:50:00,1778151000,4745.5,4747.4,4744.6,4746.6,456.0
2026-05-07 18:55:00,1778151300,4746.3,4747.3,4744.4,4745.0,376.0
2026-05-07 19:00:00,1778151600,4745.3,4746.6,4744.0,4744.8,499.0
2026-05-07 19:05:00,1778151900,4744.8,4745.0,4741.5,4742.8,585.0
2026-05-07 19:10:00,1778152200,4743.1,4743.3,4737.7,4739.7,746.0
2026-05-07 19:15:00,1778152500,4739.5,4740.7,4736.5,4739.8,670.0
2026-05-07 19:20:00,1778152800,4739.7,4744.8,4738.1,4743.4,659.0
2026-05-07 19:25:00,1778153100,4743.4,4746.1,4740.2,4742.2,962.0
2026-05-07 19:30:00,1778153400,4742.1,4744.7,4741.3,4743.2,557.0
2026-05-07 19:35:00,1778153700,4743.3,4746.7,4742.1,4744.3,1024.0
2026-05-07 19:40:00,1778154000,4744.7,4747.4,4743.4,4746.2,505.0
2026-05-07 19:45:00,1778154300,4745.9,4748.9,4744.5,4745.4,937.0
2026-05-07 19:50:00,1778154600,4745.5,4748.9,4743.1,4748.9,1110.0
2026-05-07 19:55:00,1778154900,4748.9,4752.8,4747.7,4752.1,1331.0
2026-05-07 20:00:00,1778155200,4752.2,4755.3,4748.5,4750.2,1810.0
2026-05-07 20:05:00,1778155500,4750.5,4753.7,4748.8,4749.9,1144.0
2026-05-07 20:10:00,1778155800,4749.9,4755.9,4749.4,4753.3,1304.0
2026-05-07 20:15:00,1778156100,4753.0,4756.8,4751.5,4752.3,1267.0
2026-05-07 20:20:00,1778156400,4752.2,4753.1,4743.4,4744.8,2547.0
2026-05-07 20:25:00,1778156700,4744.5,4748.8,4741.9,4747.3,1470.0
2026-05-07 20:30:00,1778157000,4748.2,4759.0,4746.5,4757.0,3252.0
2026-05-07 20:35:00,1778157300,4756.7,4759.4,4753.2,4755.7,1587.0
2026-05-07 20:40:00,1778157600,4755.9,4761.7,4755.3,4760.8,1689.0
2026-05-07 20:45:00,1778157900,4761.1,4762.7,4757.7,4761.9,1706.0
2026-05-07 20:50:00,1778158200,4762.3,4762.6,4757.0,4757.8,1448.0
2026-05-07 20:55:00,1778158500,4757.7,4760.2,4751.8,4760.0,1919.0
2026-05-07 21:00:00,1778158800,4760.2,4760.5,4747.5,4749.0,2650.0
2026-05-07 21:05:00,1778159100,4748.9,4751.5,4746.2,4750.5,1988.0
2026-05-07 21:10:00,1778159400,4750.8,4750.8,4740.7,4743.1,2123.0
2026-05-07 21:15:00,1778159700,4743.2,4750.4,4740.8,4750.2,1892.0
2026-05-07 21:20:00,1778160000,4750.4,4754.5,4748.0,4754.3,1360.0
2026-05-07 21:25:00,1778160300,4754.3,4756.3,4752.0,4754.8,1409.0
2026-05-07 21:30:00,1778160600,4754.9,4768.4,4752.9,4766.1,4786.0
2026-05-07 21:35:00,1778160900,4766.1,4767.0,4760.2,4762.7,2616.0
2026-05-07 21:40:00,1778161200,4762.8,4762.9,4757.8,4758.3,2024.0
2026-05-07 21:45:00,1778161500,4758.6,4759.5,4749.5,4752.7,3419.0
2026-05-07 21:50:00,1778161800,4752.4,4755.2,4747.2,4753.8,2660.0
2026-05-07 21:55:00,1778162100,4754.4,4758.9,4753.6,4756.5,1986.0
2026-05-07 22:00:00,1778162400,4756.1,4759.8,4752.5,4756.1,2864.0
2026-05-07 22:05:00,1778162700,4756.1,4758.5,4754.1,4757.9,1359.0
2026-05-07 22:10:00,1778163000,4757.9,4764.3,4754.7,4762.4,2356.0
2026-05-07 22:15:00,1778163300,4762.3,4764.2,4751.0,4761.4,3706.0
2026-05-07 22:20:00,1778163600,4761.5,4768.2,4760.4,4767.5,2627.0
2026-05-07 22:25:00,1778163900,4767.7,4769.8,4766.1,4766.7,2571.0
2026-05-07 22:30:00,1778164200,4767.0,4769.1,4757.7,4759.6,2850.0
2026-05-07 22:35:00,1778164500,4759.3,4764.5,4757.7,4764.1,1989.0
2026-05-07 22:40:00,1778164800,4764.4,4767.3,4760.5,4762.3,1925.0
2026-05-07 22:45:00,1778165100,4762.0,4769.1,4761.5,4768.7,1874.0
2026-05-07 22:50:00,1778165400,4768.8,4772.5,4766.4,4771.3,2727.0
2026-05-07 22:55:00,1778165700,4771.2,4774.0,4770.5,4773.2,1769.0
2026-05-07 23:00:00,1778166000,4773.3,4775.3,4768.0,4769.8,2274.0
2026-05-07 23:05:00,1778166300,4769.8,4770.5,4766.3,4769.2,1515.0
2026-05-07 23:10:00,1778166600,4769.2,4771.6,4764.6,4765.3,1599.0
2026-05-07 23:15:00,1778166900,4765.2,4766.6,4763.2,4763.9,1309.0
2026-05-07 23:20:00,1778167200,4764.4,4766.7,4755.7,4757.4,2910.0
2026-05-07 23:25:00,1778167500,4757.2,4758.1,4745.0,4750.0,4973.0
2026-05-07 23:30:00,1778167800,4750.4,4757.2,4749.5,4754.4,2809.0
2026-05-07 23:35:00,1778168100,4754.5,4756.8,4750.9,4753.3,1535.0
2026-05-07 23:40:00,1778168400,4753.2,4753.6,4748.7,4748.9,1547.0
2026-05-07 23:45:00,1778168700,4748.7,4750.1,4743.7,4745.0,2379.0
2026-05-07 23:50:00,1778169000,4745.0,4747.0,4738.3,4742.1,3114.0
2026-05-07 23:55:00,1778169300,4742.1,4742.4,4736.0,4739.1,2802.0
2026-05-08 00:00:00,1778169600,4739.3,4739.9,4732.0,4734.3,3553.0
2026-05-08 00:05:00,1778169900,4734.1,4735.3,4726.3,4727.6,3452.0
2026-05-08 00:10:00,1778170200,4727.6,4730.4,4723.2,4725.3,2960.0
2026-05-08 00:15:00,1778170500,4725.1,4725.3,4713.3,4716.1,4456.0
2026-05-08 00:20:00,1778170800,4716.2,4728.3,4715.9,4727.8,3425.0
2026-05-08 00:25:00,1778171100,4727.8,4733.0,4727.6,4730.0,2927.0
2026-05-08 00:30:00,1778171400,4729.8,4730.7,4724.1,4729.5,1830.0
2026-05-08 00:35:00,1778171700,4729.4,4729.4,4721.2,4722.0,1350.0
2026-05-08 00:40:00,1778172000,4721.8,4724.6,4720.3,4721.1,1121.0
2026-05-08 00:45:00,1778172300,4721.1,4725.9,4720.5,4724.1,1083.0
2026-05-08 00:50:00,1778172600,4724.2,4727.4,4720.2,4726.9,1133.0
2026-05-08 00:55:00,1778172900,4726.9,4728.0,4721.7,4724.7,950.0
2026-05-08 01:00:00,1778173200,4724.8,4727.7,4722.1,4726.3,1052.0
2026-05-08 01:05:00,1778173500,4726.7,4729.5,4724.5,4726.6,1171.0
2026-05-08 01:10:00,1778173800,4726.5,4728.6,4721.4,4724.3,1334.0
2026-05-08 01:15:00,1778174100,4724.4,4725.7,4715.4,4716.4,2084.0
2026-05-08 01:20:00,1778174400,4716.4,4726.7,4715.2,4725.6,2162.0
2026-05-08 01:25:00,1778174700,4725.5,4729.5,4696.9,4708.6,9667.0
2026-05-08 01:30:00,1778175000,4708.7,4713.5,4702.7,4708.7,3439.0
2026-05-08 01:35:00,1778175300,4709.1,4714.1,4705.3,4713.0,1977.0
2026-05-08 01:40:00,1778175600,4713.2,4715.9,4707.7,4709.4,1638.0
2026-05-08 01:45:00,1778175900,4709.1,4713.4,4707.6,4709.4,1248.0
2026-05-08 01:50:00,1778176200,4709.2,4714.3,4707.5,4714.1,875.0
2026-05-08 01:55:00,1778176500,4714.2,4721.8,4712.3,4721.3,3708.0
2026-05-08 02:00:00,1778176800,4721.2,4722.5,4716.3,4717.1,1637.0
2026-05-08 02:05:00,1778177100,4717.1,4721.7,4716.3,4716.8,1420.0
2026-05-08 02:10:00,1778177400,4717.1,4719.7,4714.6,4717.6,940.0
2026-05-08 02:15:00,1778177700,4717.7,4719.5,4716.2,4718.0,858.0
2026-05-08 02:20:00,1778178000,4718.0,4720.6,4715.9,4715.9,1039.0
2026-05-08 02:25:00,1778178300,4716.2,4722.9,4715.0,4722.6,1339.0
2026-05-08 02:30:00,1778178600,4722.4,4725.0,4721.3,4723.2,816.0
2026-05-08 02:35:00,1778178900,4723.2,4725.8,4716.6,4722.2,1964.0
2026-05-08 02:40:00,1778179200,4722.7,4724.3,4712.6,4715.6,1598.0
2026-05-08 02:45:00,1778179500,4715.6,4718.7,4707.9,4710.1,2432.0
2026-05-08 02:50:00,1778179800,4710.1,4714.3,4704.7,4713.0,1964.0
2026-05-08 02:55:00,1778180100,4712.6,4720.8,4711.3,4719.4,1602.0
2026-05-08 03:00:00,1778180400,4719.7,4722.4,4714.4,4715.2,1057.0
2026-05-08 03:05:00,1778180700,4715.1,4721.0,4715.0,4719.0,803.0
2026-05-08 03:10:00,1778181000,4719.2,4721.4,4718.1,4719.5,635.0
2026-05-08 03:15:00,1778181300,4719.3,4720.3,4709.2,4711.7,1462.0
2026-05-08 03:20:00,1778181600,4711.5,4714.8,4708.3,4709.7,1029.0
2026-05-08 03:25:00,1778181900,4709.5,4715.8,4706.9,4714.5,972.0
2026-05-08 03:30:00,1778182200,4714.7,4717.7,4712.7,4717.3,556.0
2026-05-08 03:35:00,1778182500,4717.4,4721.4,4716.1,4720.3,577.0
2026-05-08 03:40:00,1778182800,4720.4,4721.2,4717.5,4718.9,727.0
2026-05-08 03:45:00,1778183100,4719.0,4719.3,4714.4,4717.6,751.0
2026-05-08 03:50:00,1778183400,4717.9,4720.4,4713.1,4715.6,1602.0
2026-05-08 03:55:00,1778183700,4715.8,4718.9,4712.5,4712.8,1053.0
2026-05-08 04:00:00,1778184000,4712.7,4729.2,4712.7,4726.5,1864.0
2026-05-08 04:05:00,1778184300,4726.6,4727.2,4720.8,4721.4,518.0
2026-05-08 04:10:00,1778184600,4721.4,4723.0,4720.8,4721.4,291.0
2026-05-08 04:15:00,1778184900,4721.7,4723.0,4719.1,4722.2,402.0
2026-05-08 04:20:00,1778185200,4721.7,4724.2,4721.1,4722.8,305.0
2026-05-08 04:25:00,1778185500,4723.1,4724.4,4722.2,4723.3,185.0
2026-05-08 04:30:00,1778185800,4723.2,4725.9,4719.7,4723.4,505.0
2026-05-08 04:35:00,1778186100,4723.4,4724.1,4707.8,4708.9,1478.0
2026-05-08 04:40:00,1778186400,4708.5,4716.9,4706.7,4713.8,747.0
2026-05-08 04:45:00,1778186700,4713.8,4714.0,4709.4,4712.8,592.0
2026-05-08 04:50:00,1778187000,4712.4,4712.8,4704.7,4705.7,740.0
2026-05-08 04:55:00,1778187300,4705.2,4705.5,4690.0,4694.4,2069.0
2026-05-08 06:00:00,1778191200,4690.0,4703.8,4673.6,4703.1,2033.0
2026-05-08 06:05:00,1778191500,4703.1,4703.1,4695.0,4700.5,1455.0
2026-05-08 06:10:00,1778191800,4700.6,4707.3,4696.2,4700.3,1533.0
2026-05-08 06:15:00,1778192100,4700.2,4706.6,4698.0,4703.5,1205.0
2026-05-08 06:20:00,1778192400,4703.5,4708.8,4701.9,4705.3,1208.0
2026-05-08 06:25:00,1778192700,4705.1,4707.0,4702.2,4702.6,577.0
2026-05-08 06:30:00,1778193000,4703.3,4704.4,4695.5,4697.5,1042.0
2026-05-08 06:35:00,1778193300,4697.6,4699.4,4695.3,4698.8,618.0
2026-05-08 06:40:00,1778193600,4698.8,4700.4,4694.6,4695.9,588.0
2026-05-08 06:45:00,1778193900,4695.7,4696.6,4691.4,4692.8,726.0
2026-05-08 06:50:00,1778194200,4692.8,4697.7,4690.5,4695.0,741.0
2026-05-08 06:55:00,1778194500,4695.3,4697.1,4693.4,4694.8,393.0
2026-05-08 07:00:00,1778194800,4694.6,4698.8,4693.2,4698.1,488.0
2026-05-08 07:05:00,1778195100,4698.1,4701.0,4695.3,4700.2,746.0
2026-05-08 07:10:00,1778195400,4700.0,4703.6,4698.9,4700.5,592.0
2026-05-08 07:15:00,1778195700,4700.5,4702.9,4700.5,4702.8,408.0
2026-05-08 07:20:00,1778196000,4702.8,4707.1,4702.8,4705.4,565.0
2026-05-08 07:25:00,1778196300,4705.3,4707.4,4704.4,4705.4,491.0
2026-05-08 07:30:00,1778196600,4705.9,4707.0,4703.7,4706.1,412.0
2026-05-08 07:35:00,1778196900,4706.0,4708.2,4705.3,4707.8,375.0
2026-05-08 07:40:00,1778197200,4707.9,4708.0,4705.5,4706.4,369.0
2026-05-08 07:45:00,1778197500,4707.2,4711.5,4707.0,4709.4,828.0
2026-05-08 07:50:00,1778197800,4709.9,4713.5,4709.0,4712.4,781.0
2026-05-08 07:55:00,1778198100,4712.4,4714.4,4712.0,4713.1,620.0
2026-05-08 08:00:00,1778198400,4713.0,4715.7,4710.0,4711.5,1115.0
2026-05-08 08:05:00,1778198700,4711.7,4717.8,4711.2,4716.8,1043.0
2026-05-08 08:10:00,1778199000,4716.5,4718.7,4710.3,4711.5,1050.0
2026-05-08 08:15:00,1778199300,4711.7,4711.8,4702.7,4703.9,1526.0
2026-05-08 08:20:00,1778199600,4703.9,4713.8,4702.7,4712.6,1453.0
2026-05-08 08:25:00,1778199900,4712.6,4714.5,4705.0,4705.6,1196.0
2026-05-08 08:30:00,1778200200,4705.8,4712.8,4704.8,4711.8,887.0
2026-05-08 08:35:00,1778200500,4712.0,4715.2,4709.9,4713.0,769.0
2026-05-08 08:40:00,1778200800,4712.9,4717.0,4712.6,4713.6,879.0
2026-05-08 08:45:00,1778201100,4713.8,4714.5,4708.5,4708.9,863.0
2026-05-08 08:50:00,1778201400,4708.8,4710.1,4706.7,4706.9,713.0
2026-05-08 08:55:00,1778201700,4707.0,4711.0,4705.5,4710.1,755.0
2026-05-08 09:00:00,1778202000,4710.0,4724.1,4709.1,4721.8,3052.0
2026-05-08 09:05:00,1778202300,4722.0,4728.1,4721.7,4723.4,1765.0
2026-05-08 09:10:00,1778202600,4723.1,4726.8,4721.0,4722.7,1187.0
2026-05-08 09:15:00,1778202900,4722.4,4726.6,4719.9,4726.2,1021.0
2026-05-08 09:20:00,1778203200,4726.3,4727.5,4719.4,4721.0,1038.0
2026-05-08 09:25:00,1778203500,4721.2,4724.5,4720.7,4720.9,647.0
2026-05-08 09:30:00,1778203800,4720.8,4723.7,4718.2,4720.5,1053.0
2026-05-08 09:35:00,1778204100,4720.5,4721.1,4713.4,4716.5,1412.0
2026-05-08 09:40:00,1778204400,4716.3,4719.8,4715.1,4719.4,886.0
2026-05-08 09:45:00,1778204700,4719.5,4728.9,4719.3,4728.0,1749.0
2026-05-08 09:50:00,1778205000,4728.1,4732.0,4728.1,4730.1,1534.0
2026-05-08 09:55:00,1778205300,4730.3,4734.0,4729.9,4730.8,994.0
2026-05-08 10:00:00,1778205600,4731.2,4741.1,4729.6,4739.9,2257.0
2026-05-08 10:05:00,1778205900,4739.6,4739.7,4735.1,4737.7,923.0
2026-05-08 10:10:00,1778206200,4737.5,4738.2,4732.0,4732.6,890.0
2026-05-08 10:15:00,1778206500,4732.2,4732.7,4726.5,4727.5,1249.0
2026-05-08 10:20:00,1778206800,4727.6,4731.5,4727.6,4730.5,755.0
2026-05-08 10:25:00,1778207100,4730.5,4732.4,4728.5,4730.0,653.0
2026-05-08 10:30:00,1778207400,4730.2,4732.0,4725.0,4727.6,1059.0
2026-05-08 10:35:00,1778207700,4727.7,4729.1,4715.1,4719.9,2735.0
2026-05-08 10:40:00,1778208000,4719.6,4723.7,4718.4,4719.0,957.0
2026-05-08 10:45:00,1778208300,4718.9,4725.0,4716.7,4724.2,1452.0
2026-05-08 10:50:00,1778208600,4725.0,4725.9,4720.8,4724.6,969.0
2026-05-08 10:55:00,1778208900,4724.8,4725.4,4720.7,4721.5,506.0
2026-05-08 11:00:00,1778209200,4721.7,4725.9,4719.2,4725.6,671.0
2026-05-08 11:05:00,1778209500,4725.9,4727.5,4723.2,4726.1,705.0
2026-05-08 11:10:00,1778209800,4726.3,4728.6,4726.0,4728.4,524.0
2026-05-08 11:15:00,1778210100,4728.3,4731.2,4727.7,4728.7,845.0
2026-05-08 11:20:00,1778210400,4728.5,4728.5,4725.4,4727.3,438.0
2026-05-08 11:25:00,1778210700,4727.1,4729.5,4725.7,4728.6,395.0
2026-05-08 11:30:00,1778211000,4728.4,4739.1,4728.1,4739.0,1495.0
2026-05-08 11:35:00,1778211300,4739.1,4739.7,4731.5,4732.2,1084.0
2026-05-08 11:40:00,1778211600,4732.4,4735.2,4730.8,4733.7,472.0
2026-05-08 11:45:00,1778211900,4733.5,4734.0,4728.6,4729.0,637.0
2026-05-08 11:50:00,1778212200,4729.0,4729.9,4726.7,4727.7,722.0
2026-05-08 11:55:00,1778212500,4727.5,4729.5,4727.2,4728.3,277.0
2026-05-08 12:00:00,1778212800,4728.5,4732.1,4728.5,4728.5,597.0
2026-05-08 12:05:00,1778213100,4728.8,4728.8,4724.6,4727.8,833.0
2026-05-08 12:10:00,1778213400,4727.6,4728.2,4723.5,4723.6,515.0
2026-05-08 12:15:00,1778213700,4723.5,4725.8,4721.9,4724.4,567.0
2026-05-08 12:20:00,1778214000,4724.3,4726.4,4723.3,4726.0,342.0
2026-05-08 12:25:00,1778214300,4726.3,4727.0,4723.7,4726.2,510.0
2026-05-08 12:30:00,1778214600,4726.6,4727.0,4723.0,4723.7,283.0
2026-05-08 12:35:00,1778214900,4723.6,4724.4,4721.7,4722.1,617.0
2026-05-08 12:40:00,1778215200,4722.3,4722.7,4716.9,4720.9,1465.0
2026-05-08 12:45:00,1778215500,4720.8,4722.4,4718.7,4722.3,726.0
2026-05-08 12:50:00,1778215800,4722.3,4724.9,4720.5,4724.8,409.0
2026-05-08 12:55:00,1778216100,4724.8,4725.2,4718.4,4719.8,682.0
2026-05-08 13:00:00,1778216400,4719.7,4722.5,4718.3,4721.1,704.0
2026-05-08 13:05:00,1778216700,4721.6,4724.9,4720.9,4723.2,339.0
2026-05-08 13:10:00,1778217000,4723.4,4724.9,4720.8,4721.0,230.0
2026-05-08 13:15:00,1778217300,4720.6,4723.5,4719.1,4723.0,308.0
2026-05-08 13:20:00,1778217600,4723.3,4724.6,4722.2,4723.4,376.0
2026-05-08 13:25:00,1778217900,4723.2,4728.8,4720.9,4727.9,659.0
2026-05-08 13:30:00,1778218200,4728.1,4735.8,4728.1,4732.9,1557.0
2026-05-08 13:35:00,1778218500,4732.9,4734.0,4729.3,4730.9,839.0
2026-05-08 13:40:00,1778218800,4731.1,4734.3,4730.0,4733.0,585.0
2026-05-08 13:45:00,1778219100,4732.9,4737.3,4731.7,4737.2,575.0
2026-05-08 13:50:00,1778219400,4737.4,4739.0,4734.9,4736.7,691.0
2026-05-08 13:55:00,1778219700,4736.7,4740.0,4735.5,4736.4,989.0
2026-05-08 14:00:00,1778220000,4736.4,4739.2,4721.3,4736.5,2675.0
2026-05-08 14:05:00,1778220300,4736.9,4737.6,4730.9,4734.1,1101.0
2026-05-08 14:10:00,1778220600,4734.3,4736.2,4731.5,4731.7,560.0
2026-05-08 14:15:00,1778220900,4731.4,4736.8,4730.1,4736.3,719.0
2026-05-08 14:20:00,1778221200,4736.5,4737.2,4733.1,4736.1,808.0
2026-05-08 14:25:00,1778221500,4735.7,4743.6,4734.6,4742.1,1324.0
2026-05-08 14:30:00,1778221800,4742.4,4743.0,4735.0,4735.1,1111.0
2026-05-08 14:35:00,1778222100,4735.1,4737.7,4734.1,4735.8,663.0
2026-05-08 14:40:00,1778222400,4736.4,4740.9,4735.9,4737.6,969.0
2026-05-08 14:45:00,1778222700,4737.6,4738.0,4729.4,4733.6,1253.0
2026-05-08 14:50:00,1778223000,4733.3,4735.6,4732.6,4734.2,675.0
2026-05-08 14:55:00,1778223300,4734.6,4735.6,4732.4,4734.4,580.0
2026-05-08 15:00:00,1778223600,4734.0,4735.0,4730.4,4732.7,860.0
2026-05-08 15:05:00,1778223900,4733.0,4734.4,4728.8,4730.9,608.0
2026-05-08 15:10:00,1778224200,4731.1,4731.2,4723.4,4723.4,1071.0
2026-05-08 15:15:00,1778224500,4723.6,4726.8,4721.3,4723.8,1226.0
2026-05-08 15:20:00,1778224800,4723.7,4726.4,4712.1,4715.2,2948.0
2026-05-08 15:25:00,1778225100,4714.9,4717.4,4706.4,4716.4,2828.0
2026-05-08 15:30:00,1778225400,4715.9,4720.5,4710.6,4718.6,1322.0
2026-05-08 15:35:00,1778225700,4718.3,4721.1,4717.6,4718.2,737.0
2026-05-08 15:40:00,1778226000,4718.5,4719.5,4715.7,4717.3,760.0
2026-05-08 15:45:00,1778226300,4717.6,4722.0,4717.3,4721.4,720.0
2026-05-08 15:50:00,1778226600,4721.9,4723.0,4717.4,4720.2,863.0
2026-05-08 15:55:00,1778226900,4720.3,4720.3,4716.2,4717.3,628.0
2026-05-08 16:00:00,1778227200,4717.4,4719.7,4716.0,4719.1,635.0
2026-05-08 16:05:00,1778227500,4718.8,4720.3,4715.6,4720.1,553.0
2026-05-08 16:10:00,1778227800,4719.9,4722.5,4717.7,4720.7,532.0
2026-05-08 16:15:00,1778228100,4720.7,4724.6,4720.7,4723.7,603.0
2026-05-08 16:20:00,1778228400,4723.9,4731.5,4723.9,4729.5,1539.0
2026-05-08 16:25:00,1778228700,4729.5,4732.1,4725.8,4726.4,882.0
2026-05-08 16:30:00,1778229000,4726.4,4729.5,4725.8,4728.6,684.0
2026-05-08 16:35:00,1778229300,4729.0,4732.8,4728.6,4730.6,604.0
2026-05-08 16:40:00,1778229600,4730.4,4730.9,4726.1,4726.2,548.0
2026-05-08 16:45:00,1778229900,4726.0,4729.4,4725.3,4728.4,583.0
2026-05-08 16:50:00,1778230200,4728.3,4728.5,4725.9,4726.0,248.0
2026-05-08 16:55:00,1778230500,4725.8,4727.0,4724.3,4725.2,308.0
2026-05-08 17:00:00,1778230800,4725.2,4729.5,4722.8,4728.6,834.0
2026-05-08 17:05:00,1778231100,4728.5,4730.0,4725.5,4725.5,652.0
2026-05-08 17:10:00,1778231400,4725.4,4728.1,4725.0,4727.9,270.0
2026-05-08 17:15:00,1778231700,4728.3,4732.2,4727.8,4729.3,571.0
2026-05-08 17:20:00,1778232000,4729.3,4732.4,4728.1,4730.0,359.0
2026-05-08 17:25:00,1778232300,4730.0,4732.4,4727.4,4727.5,430.0
2026-05-08 17:30:00,1778232600,4727.6,4728.3,4719.2,4724.4,2089.0
2026-05-08 17:35:00,1778232900,4724.3,4724.7,4719.2,4722.8,678.0
2026-05-08 17:40:00,1778233200,4722.7,4724.2,4720.2,4722.9,485.0
2026-05-08 17:45:00,1778233500,4722.9,4723.5,4719.0,4720.1,464.0
2026-05-08 17:50:00,1778233800,4720.3,4721.0,4716.7,4719.2,741.0
2026-05-08 17:55:00,1778234100,4718.9,4722.6,4717.2,4721.5,600.0
2026-05-08 18:00:00,1778234400,4721.6,4724.3,4720.5,4722.6,550.0
2026-05-08 18:05:00,1778234700,4722.5,4724.2,4721.7,4722.6,267.0
2026-05-08 18:10:00,1778235000,4722.8,4728.6,4722.4,4728.4,481.0
2026-05-08 18:15:00,1778235300,4728.4,4729.3,4726.9,4727.5,414.0
2026-05-08 18:20:00,1778235600,4727.6,4733.0,4727.3,4731.1,589.0
2026-05-08 18:25:00,1778235900,4731.1,4734.0,4730.2,4730.2,538.0
2026-05-08 18:30:00,1778236200,4730.2,4733.2,4729.9,4732.1,386.0
2026-05-08 18:35:00,1778236500,4732.0,4737.7,4731.7,4736.7,821.0
2026-05-08 18:40:00,1778236800,4737.2,4737.7,4734.0,4734.0,561.0
2026-05-08 18:45:00,1778237100,4734.2,4734.5,4728.7,4729.3,572.0
2026-05-08 18:50:00,1778237400,4729.4,4731.3,4727.3,4730.8,562.0
2026-05-08 18:55:00,1778237700,4730.4,4730.8,4724.5,4729.5,880.0
2026-05-08 19:00:00,1778238000,4729.6,4736.5,4729.6,4735.5,754.0
2026-05-08 19:05:00,1778238300,4735.7,4737.1,4732.7,4734.4,737.0
2026-05-08 19:10:00,1778238600,4734.5,4734.7,4728.5,4731.3,624.0
2026-05-08 19:15:00,1778238900,4731.6,4735.1,4731.3,4732.8,430.0
2026-05-08 19:20:00,1778239200,4732.9,4733.7,4729.4,4733.1,462.0
2026-05-08 19:25:00,1778239500,4732.9,4735.5,4732.7,4733.7,374.0
2026-05-08 19:30:00,1778239800,4733.8,4734.6,4731.6,4731.7,421.0
2026-05-08 19:35:00,1778240100,4731.9,4735.9,4731.7,4732.5,319.0
2026-05-08 19:40:00,1778240400,4732.5,4733.5,4730.6,4730.9,347.0
2026-05-08 19:45:00,1778240700,4730.5,4731.2,4726.6,4727.5,732.0
2026-05-08 19:50:00,1778241000,4727.4,4727.5,4723.1,4726.4,908.0
2026-05-08 19:55:00,1778241300,4726.6,4729.9,4725.8,4727.3,671.0
2026-05-08 20:00:00,1778241600,4727.5,4729.6,4722.6,4723.1,1120.0
2026-05-08 20:05:00,1778241900,4722.9,4723.9,4718.0,4719.5,1246.0
2026-05-08 20:10:00,1778242200,4719.3,4719.4,4713.1,4714.0,1598.0
2026-05-08 20:15:00,1778242500,4713.8,4719.6,4712.1,4717.3,1360.0
2026-05-08 20:20:00,1778242800,4717.1,4719.8,4713.8,4715.6,1059.0
2026-05-08 20:25:00,1778243100,4715.5,4720.2,4714.4,4719.3,856.0
2026-05-08 20:30:00,1778243400,4719.2,4734.2,4710.2,4732.5,4516.0
2026-05-08 20:35:00,1778243700,4732.3,4738.0,4730.9,4734.8,2594.0
2026-05-08 20:40:00,1778244000,4735.1,4740.5,4731.6,4733.2,2651.0
2026-05-08 20:45:00,1778244300,4733.4,4736.5,4728.6,4733.9,2018.0
2026-05-08 20:50:00,1778244600,4734.0,4741.3,4729.5,4740.4,1763.0
2026-05-08 20:55:00,1778244900,4740.5,4742.0,4729.8,4734.1,2516.0
2026-05-08 21:00:00,1778245200,4733.5,4738.5,4730.0,4732.7,2237.0
2026-05-08 21:05:00,1778245500,4732.8,4735.2,4727.6,4729.7,1652.0
2026-05-08 21:10:00,1778245800,4729.8,4731.3,4725.8,4729.7,1669.0
2026-05-08 21:15:00,1778246100,4729.7,4735.8,4728.8,4734.5,1325.0
2026-05-08 21:20:00,1778246400,4734.2,4736.9,4732.2,4734.0,1023.0
2026-05-08 21:25:00,1778246700,4734.1,4737.4,4734.0,4736.8,924.0
2026-05-08 21:30:00,1778247000,4736.7,4754.4,4736.2,4748.8,5524.0
2026-05-08 21:35:00,1778247300,4748.6,4754.2,4747.7,4748.3,2560.0
2026-05-08 21:40:00,1778247600,4748.3,4751.0,4744.4,4748.2,2318.0
2026-05-08 21:45:00,1778247900,4748.2,4754.4,4744.6,4750.3,2301.0
2026-05-08 21:50:00,1778248200,4750.6,4755.7,4747.0,4750.3,3046.0
2026-05-08 21:55:00,1778248500,4750.3,4758.9,4749.4,4758.9,1996.0
2026-05-08 22:00:00,1778248800,4758.0,4760.1,4748.6,4749.8,3674.0
2026-05-08 22:05:00,1778249100,4749.6,4749.6,4735.2,4736.8,4545.0
2026-05-08 22:10:00,1778249400,4736.5,4742.2,4728.5,4741.6,4437.0
2026-05-08 22:15:00,1778249700,4741.4,4743.7,4734.8,4737.3,2766.0
2026-05-08 22:20:00,1778250000,4737.3,4738.0,4730.2,4735.6,2424.0
2026-05-08 22:25:00,1778250300,4735.6,4739.3,4724.1,4727.5,3031.0
2026-05-08 22:30:00,1778250600,4727.2,4732.8,4723.2,4732.4,2909.0
2026-05-08 22:35:00,1778250900,4732.3,4735.1,4728.8,4733.2,1568.0
2026-05-08 22:40:00,1778251200,4733.1,4735.8,4731.1,4732.5,1014.0
2026-05-08 22:45:00,1778251500,4732.3,4734.5,4724.7,4727.8,1690.0
2026-05-08 22:50:00,1778251800,4727.8,4729.3,4722.9,4727.9,1742.0
2026-05-08 22:55:00,1778252100,4728.2,4730.0,4725.3,4725.3,1392.0
2026-05-08 23:00:00,1778252400,4725.6,4727.4,4721.9,4723.8,1642.0
2026-05-08 23:05:00,1778252700,4723.8,4730.8,4723.8,4727.0,1443.0
2026-05-08 23:10:00,1778253000,4726.4,4729.9,4715.8,4717.6,2862.0
2026-05-08 23:15:00,1778253300,4717.5,4718.9,4714.1,4716.6,2546.0
2026-05-08 23:20:00,1778253600,4716.7,4721.6,4713.7,4717.4,2118.0
2026-05-08 23:25:00,1778253900,4717.1,4723.2,4715.3,4723.2,1247.0
2026-05-08 23:30:00,1778254200,4723.2,4724.1,4713.6,4719.5,1869.0
2026-05-08 23:35:00,1778254500,4719.7,4725.0,4719.2,4722.4,1502.0
2026-05-08 23:40:00,1778254800,4722.1,4722.4,4713.0,4715.3,1813.0
2026-05-08 23:45:00,1778255100,4715.6,4719.5,4711.1,4718.0,2074.0
2026-05-08 23:50:00,1778255400,4718.3,4720.7,4717.7,4719.1,887.0
2026-05-08 23:55:00,1778255700,4718.8,4718.8,4713.7,4716.6,1191.0
2026-05-09 00:00:00,1778256000,4716.5,4719.6,4715.0,4715.2,1096.0
2026-05-09 00:05:00,1778256300,4715.6,4722.6,4715.6,4718.0,1607.0
2026-05-09 00:10:00,1778256600,4718.2,4722.0,4716.2,4721.0,1218.0
2026-05-09 00:15:00,1778256900,4721.1,4724.0,4721.1,4721.4,1005.0
2026-05-09 00:20:00,1778257200,4721.6,4725.8,4721.5,4724.1,867.0
2026-05-09 00:25:00,1778257500,4724.1,4727.4,4723.9,4727.3,1005.0
2026-05-09 00:30:00,1778257800,4727.3,4730.1,4726.3,4726.6,1305.0
2026-05-09 00:35:00,1778258100,4726.3,4727.9,4725.0,4725.8,797.0
2026-05-09 00:40:00,1778258400,4725.8,4726.9,4722.9,4722.9,890.0
2026-05-09 00:45:00,1778258700,4723.0,4726.1,4722.2,4723.2,873.0
2026-05-09 00:50:00,1778259000,4723.4,4723.5,4721.4,4722.8,665.0
2026-05-09 00:55:00,1778259300,4722.9,4724.1,4720.5,4722.0,743.0
2026-05-09 01:00:00,1778259600,4722.1,4725.7,4721.8,4724.9,743.0
2026-05-09 01:05:00,1778259900,4725.2,4726.1,4722.8,4723.9,476.0
2026-05-09 01:10:00,1778260200,4723.8,4725.2,4722.6,4724.9,350.0
2026-05-09 01:15:00,1778260500,4724.9,4729.5,4724.8,4728.5,997.0
2026-05-09 01:20:00,1778260800,4728.1,4730.6,4726.9,4728.5,824.0
2026-05-09 01:25:00,1778261100,4728.4,4731.8,4728.1,4730.3,1160.0
2026-05-09 01:30:00,1778261400,4730.2,4731.5,4728.9,4730.0,638.0
2026-05-09 01:35:00,1778261700,4729.7,4731.2,4729.2,4729.3,434.0
2026-05-09 01:40:00,1778262000,4729.4,4731.0,4728.9,4730.2,375.0
2026-05-09 01:45:00,1778262300,4730.2,4731.2,4728.8,4729.4,417.0
2026-05-09 01:50:00,1778262600,4729.3,4731.4,4728.3,4731.3,416.0
2026-05-09 01:55:00,1778262900,4731.2,4732.3,4729.1,4730.1,583.0
2026-05-09 02:00:00,1778263200,4730.3,4737.1,4729.7,4735.9,2015.0
2026-05-09 02:05:00,1778263500,4735.7,4737.2,4735.0,4735.5,647.0
2026-05-09 02:10:00,1778263800,4735.1,4738.4,4734.4,4736.7,683.0
2026-05-09 02:15:00,1778264100,4737.4,4738.5,4734.9,4735.4,604.0
2026-05-09 02:20:00,1778264400,4735.1,4737.3,4734.9,4736.2,322.0
2026-05-09 02:25:00,1778264700,4736.0,4736.2,4733.4,4735.3,680.0
2026-05-09 02:30:00,1778265000,4735.1,4736.1,4733.5,4734.9,437.0
2026-05-09 02:35:00,1778265300,4734.8,4736.0,4734.4,4735.6,239.0
2026-05-09 02:40:00,1778265600,4735.2,4735.7,4733.5,4734.2,347.0
2026-05-09 02:45:00,1778265900,4734.4,4734.4,4731.3,4733.0,627.0
2026-05-09 02:50:00,1778266200,4733.2,4733.9,4731.2,4731.9,374.0
2026-05-09 02:55:00,1778266500,4732.0,4733.0,4729.2,4731.3,732.0
2026-05-09 03:00:00,1778266800,4731.5,4734.3,4730.5,4732.7,941.0
2026-05-09 03:05:00,1778267100,4732.6,4735.2,4732.0,4734.1,402.0
2026-05-09 03:10:00,1778267400,4734.4,4735.3,4732.8,4733.3,391.0
2026-05-09 03:15:00,1778267700,4733.1,4734.2,4733.1,4733.6,181.0
2026-05-09 03:20:00,1778268000,4733.6,4734.7,4732.9,4734.3,258.0
2026-05-09 03:25:00,1778268300,4734.0,4734.9,4732.8,4733.1,246.0
2026-05-09 03:30:00,1778268600,4733.3,4733.3,4731.4,4732.5,312.0
2026-05-09 03:35:00,1778268900,4732.6,4733.1,4731.0,4732.9,292.0
2026-05-09 03:40:00,1778269200,4733.1,4736.4,4732.9,4734.9,712.0
2026-05-09 03:45:00,1778269500,4734.8,4735.6,4733.0,4733.8,395.0
2026-05-09 03:50:00,1778269800,4733.6,4735.0,4733.1,4734.5,424.0
2026-05-09 03:55:00,1778270100,4734.5,4734.6,4732.3,4733.7,568.0
2026-05-09 04:00:00,1778270400,4733.8,4733.9,4731.6,4732.7,489.0
2026-05-09 04:05:00,1778270700,4732.5,4733.1,4731.2,4731.5,252.0
2026-05-09 04:10:00,1778271000,4731.4,4731.5,4726.7,4728.7,824.0
2026-05-09 04:15:00,1778271300,4728.4,4728.8,4724.7,4724.7,399.0
2026-05-09 04:20:00,1778271600,4724.9,4727.4,4724.7,4726.7,251.0
2026-05-09 04:25:00,1778271900,4726.2,4727.3,4725.4,4727.0,176.0
2026-05-09 04:30:00,1778272200,4726.8,4728.8,4725.9,4726.9,248.0
2026-05-09 04:35:00,1778272500,4726.7,4727.6,4726.3,4727.3,188.0
2026-05-09 04:40:00,1778272800,4727.3,4727.7,4725.0,4725.8,266.0
2026-05-09 04:45:00,1778273100,4725.7,4726.2,4723.4,4724.2,378.0
2026-05-09 04:50:00,1778273400,4724.5,4725.9,4723.4,4724.3,389.0
2026-05-09 04:55:00,1778273700,4724.2,4725.5,4723.1,4723.2,358.0
2026-05-11 06:00:00,1778450400,4701.3,4709.6,4677.7,4694.9,3189.0
2026-05-11 06:05:00,1778450700,4694.9,4697.0,4688.1,4696.3,873.0
2026-05-11 06:10:00,1778451000,4696.6,4703.3,4694.5,4695.3,1104.0
2026-05-11 06:15:00,1778451300,4695.4,4698.7,4690.0,4696.0,1104.0
2026-05-11 06:20:00,1778451600,4695.5,4698.1,4693.4,4697.6,585.0
2026-05-11 06:25:00,1778451900,4697.7,4704.7,4696.9,4702.9,1039.0
2026-05-11 06:30:00,1778452200,4702.7,4702.8,4697.7,4701.3,937.0
2026-05-11 06:35:00,1778452500,4701.6,4702.7,4695.5,4696.8,706.0
2026-05-11 06:40:00,1778452800,4696.8,4700.4,4695.1,4700.1,485.0
2026-05-11 06:45:00,1778453100,4699.7,4702.7,4698.5,4702.7,383.0
2026-05-11 06:50:00,1778453400,4702.4,4702.5,4698.9,4700.0,435.0
2026-05-11 06:55:00,1778453700,4700.0,4703.6,4699.5,4700.2,488.0
2026-05-11 07:00:00,1778454000,4700.1,4705.6,4699.5,4704.9,627.0
2026-05-11 07:05:00,1778454300,4705.0,4705.2,4701.0,4702.8,515.0
2026-05-11 07:10:00,1778454600,4702.6,4703.2,4696.9,4698.7,785.0
2026-05-11 07:15:00,1778454900,4698.8,4704.0,4697.5,4703.6,621.0
2026-05-11 07:20:00,1778455200,4703.7,4705.2,4703.5,4705.1,528.0
2026-05-11 07:25:00,1778455500,4705.2,4706.0,4702.7,4703.3,478.0
2026-05-11 07:30:00,1778455800,4703.2,4706.2,4703.1,4705.0,417.0
2026-05-11 07:35:00,1778456100,4705.1,4707.2,4704.1,4705.8,598.0
2026-05-11 07:40:00,1778456400,4705.9,4707.2,4704.4,4705.9,330.0
2026-05-11 07:45:00,1778456700,4705.8,4707.2,4702.7,4707.2,600.0
2026-05-11 07:50:00,1778457000,4707.2,4707.3,4703.8,4703.9,550.0
2026-05-11 07:55:00,1778457300,4704.0,4704.2,4698.2,4700.1,993.0
2026-05-11 08:00:00,1778457600,4700.0,4700.3,4690.6,4695.9,2307.0
2026-05-11 08:05:00,1778457900,4696.6,4698.9,4693.2,4694.5,1004.0
2026-05-11 08:10:00,1778458200,4694.8,4695.2,4688.2,4691.2,1270.0
2026-05-11 08:15:00,1778458500,4691.2,4691.8,4685.1,4686.2,1424.0
2026-05-11 08:20:00,1778458800,4686.1,4694.5,4684.4,4692.8,1616.0
2026-05-11 08:25:00,1778459100,4692.7,4695.4,4690.3,4692.3,851.0
2026-05-11 08:30:00,1778459400,4692.4,4702.4,4692.4,4701.8,1661.0
2026-05-11 08:35:00,1778459700,4701.8,4702.2,4693.8,4696.0,1114.0
2026-05-11 08:40:00,1778460000,4696.3,4700.3,4696.0,4697.9,737.0
2026-05-11 08:45:00,1778460300,4697.5,4701.6,4695.8,4698.9,1018.0
2026-05-11 08:50:00,1778460600,4698.8,4700.7,4678.4,4690.5,3360.0
2026-05-11 08:55:00,1778460900,4691.3,4692.8,4681.9,4691.6,1643.0
2026-05-11 09:00:00,1778461200,4691.9,4701.3,4683.0,4699.7,2987.0
2026-05-11 09:05:00,1778461500,4700.0,4708.6,4698.1,4699.4,2491.0
2026-05-11 09:10:00,1778461800,4699.2,4703.8,4690.4,4700.6,2162.0
2026-05-11 09:15:00,1778462100,4700.9,4706.2,4698.0,4704.4,1505.0
2026-05-11 09:20:00,1778462400,4704.5,4714.4,4702.0,4711.9,2189.0
2026-05-11 09:25:00,1778462700,4711.7,4714.4,4707.3,4707.4,1155.0
2026-05-11 09:30:00,1778463000,4707.6,4710.4,4701.8,4706.7,1750.0
2026-05-11 09:35:00,1778463300,4706.7,4707.5,4702.5,4704.1,799.0
2026-05-11 09:40:00,1778463600,4703.8,4704.6,4699.3,4702.8,1133.0
2026-05-11 09:45:00,1778463900,4703.4,4704.9,4701.0,4703.5,744.0
2026-05-11 09:50:00,1778464200,4703.3,4703.3,4693.9,4695.2,1781.0
2026-05-11 09:55:00,1778464500,4695.3,4696.0,4688.5,4694.1,1966.0
2026-05-11 10:00:00,1778464800,4694.2,4701.8,4693.4,4697.6,1617.0
2026-05-11 10:05:00,1778465100,4697.7,4698.0,4686.5,4692.6,1856.0
2026-05-11 10:10:00,1778465400,4692.2,4698.0,4691.0,4694.3,1035.0
2026-05-11 10:15:00,1778465700,4694.3,4695.1,4691.2,4691.6,605.0
2026-05-11 10:20:00,1778466000,4691.6,4695.1,4691.1,4694.5,497.0
2026-05-11 10:25:00,1778466300,4694.4,4697.4,4693.5,4697.0,701.0
2026-05-11 10:30:00,1778466600,4697.2,4704.2,4697.2,4700.4,1482.0
2026-05-11 10:35:00,1778466900,4700.4,4709.0,4699.1,4707.9,1505.0
2026-05-11 10:40:00,1778467200,4707.7,4707.7,4696.4,4697.3,1259.0
2026-05-11 10:45:00,1778467500,4697.2,4702.4,4692.7,4693.5,1471.0
2026-05-11 10:50:00,1778467800,4693.6,4693.7,4687.1,4688.7,2028.0
2026-05-11 10:55:00,1778468100,4688.7,4690.8,4684.7,4689.7,1797.0
2026-05-11 11:00:00,1778468400,4689.5,4692.9,4682.9,4691.5,1651.0
2026-05-11 11:05:00,1778468700,4691.5,4694.5,4689.7,4694.2,734.0
2026-05-11 11:10:00,1778469000,4694.0,4697.6,4693.1,4695.0,900.0
2026-05-11 11:15:00,1778469300,4695.3,4697.6,4691.8,4696.2,929.0
2026-05-11 11:20:00,1778469600,4696.4,4696.8,4691.7,4696.3,739.0
2026-05-11 11:25:00,1778469900,4696.7,4698.3,4694.9,4697.4,521.0
2026-05-11 11:30:00,1778470200,4697.5,4698.4,4693.8,4694.3,781.0
2026-05-11 11:35:00,1778470500,4694.7,4695.4,4689.7,4692.1,823.0
2026-05-11 11:40:00,1778470800,4692.2,4695.8,4691.2,4695.3,526.0
2026-05-11 11:45:00,1778471100,4695.3,4695.5,4688.9,4688.9,513.0
2026-05-11 11:50:00,1778471400,4688.9,4690.1,4684.7,4685.2,934.0
2026-05-11 11:55:00,1778471700,4685.3,4687.1,4684.6,4686.4,563.0
2026-05-11 12:00:00,1778472000,4686.4,4687.8,4681.3,4685.4,1304.0
2026-05-11 12:05:00,1778472300,4685.1,4686.8,4683.3,4685.1,492.0
2026-05-11 12:10:00,1778472600,4684.9,4685.8,4682.3,4685.3,516.0
2026-05-11 12:15:00,1778472900,4685.4,4686.5,4681.3,4681.8,738.0
2026-05-11 12:20:00,1778473200,4681.5,4682.8,4678.0,4681.5,2072.0
2026-05-11 12:25:00,1778473500,4681.3,4683.6,4679.2,4679.3,535.0
2026-05-11 12:30:00,1778473800,4679.4,4681.3,4675.9,4680.7,1593.0
2026-05-11 12:35:00,1778474100,4680.8,4682.2,4678.5,4679.1,772.0
2026-05-11 12:40:00,1778474400,4679.1,4681.2,4679.1,4680.6,272.0
2026-05-11 12:45:00,1778474700,4680.5,4683.1,4680.2,4682.8,404.0
2026-05-11 12:50:00,1778475000,4682.7,4683.6,4680.5,4683.0,498.0
2026-05-11 12:55:00,1778475300,4682.9,4683.4,4679.2,4679.6,391.0
2026-05-11 13:00:00,1778475600,4679.4,4683.9,4679.3,4683.4,506.0
2026-05-11 13:05:00,1778475900,4683.4,4683.7,4678.2,4680.1,712.0
2026-05-11 13:10:00,1778476200,4680.0,4681.5,4678.7,4681.3,580.0
2026-05-11 13:15:00,1778476500,4681.1,4682.8,4679.3,4681.3,418.0
2026-05-11 13:20:00,1778476800,4681.2,4682.9,4680.0,4682.7,301.0
2026-05-11 13:25:00,1778477100,4682.6,4682.7,4678.3,4678.3,380.0
2026-05-11 13:30:00,1778477400,4678.7,4687.0,4678.6,4686.5,1483.0
2026-05-11 13:35:00,1778477700,4686.4,4688.4,4680.5,4681.5,836.0
2026-05-11 13:40:00,1778478000,4681.6,4682.1,4669.6,4671.2,3081.0
2026-05-11 13:45:00,1778478300,4671.3,4672.0,4665.8,4668.6,2096.0
2026-05-11 13:50:00,1778478600,4668.5,4669.3,4660.0,4661.9,3106.0
2026-05-11 13:55:00,1778478900,4661.9,4662.5,4655.5,4659.5,2406.0
2026-05-11 14:00:00,1778479200,4659.8,4667.5,4656.7,4667.1,1898.0
2026-05-11 14:05:00,1778479500,4667.0,4672.3,4664.5,4670.2,1715.0
2026-05-11 14:10:00,1778479800,4670.2,4674.6,4669.9,4672.7,1146.0
2026-05-11 14:15:00,1778480100,4672.7,4678.3,4672.4,4678.0,1436.0
2026-05-11 14:20:00,1778480400,4678.3,4678.7,4672.5,4675.0,1351.0
2026-05-11 14:25:00,1778480700,4675.0,4676.7,4671.3,4675.4,1257.0
2026-05-11 14:30:00,1778481000,4675.6,4680.5,4675.4,4678.0,1296.0
2026-05-11 14:35:00,1778481300,4677.9,4682.4,4676.6,4680.7,948.0
2026-05-11 14:40:00,1778481600,4680.9,4684.0,4677.1,4682.3,897.0
2026-05-11 14:45:00,1778481900,4682.3,4685.2,4681.1,4681.9,872.0
2026-05-11 14:50:00,1778482200,4681.9,4688.7,4679.4,4687.1,1167.0
2026-05-11 14:55:00,1778482500,4687.2,4688.3,4684.2,4686.7,862.0
2026-05-11 15:00:00,1778482800,4686.7,4688.5,4685.7,4687.0,798.0
2026-05-11 15:05:00,1778483100,4687.1,4687.4,4682.2,4682.8,849.0
2026-05-11 15:10:00,1778483400,4683.1,4685.0,4683.1,4684.4,509.0
2026-05-11 15:15:00,1778483700,4684.3,4685.3,4680.4,4681.3,741.0
2026-05-11 15:20:00,1778484000,4681.6,4686.1,4681.2,4684.8,614.0
2026-05-11 15:25:00,1778484300,4684.8,4686.6,4683.2,4684.1,399.0
2026-05-11 15:30:00,1778484600,4684.1,4686.4,4680.8,4683.0,507.0
2026-05-11 15:35:00,1778484900,4682.8,4685.3,4681.3,4683.4,478.0
2026-05-11 15:40:00,1778485200,4683.5,4686.0,4680.1,4680.8,710.0
2026-05-11 15:45:00,1778485500,4680.8,4681.6,4675.0,4676.2,1002.0
2026-05-11 15:50:00,1778485800,4676.1,4679.6,4672.9,4677.5,1173.0
2026-05-11 15:55:00,1778486100,4677.5,4678.2,4674.3,4676.5,466.0
2026-05-11 16:00:00,1778486400,4676.4,4677.9,4673.0,4677.2,817.0
2026-05-11 16:05:00,1778486700,4677.4,4679.8,4673.1,4673.3,789.0
2026-05-11 16:10:00,1778487000,4673.2,4682.3,4672.3,4680.4,1005.0
2026-05-11 16:15:00,1778487300,4681.0,4684.2,4681.0,4684.1,608.0
2026-05-11 16:20:00,1778487600,4684.0,4687.6,4681.2,4685.4,745.0
2026-05-11 16:25:00,1778487900,4685.5,4686.1,4679.8,4679.8,668.0
2026-05-11 16:30:00,1778488200,4679.6,4684.0,4678.3,4680.6,750.0
2026-05-11 16:35:00,1778488500,4680.4,4682.0,4678.3,4678.5,512.0
2026-05-11 16:40:00,1778488800,4679.0,4680.0,4677.6,4679.0,416.0
2026-05-11 16:45:00,1778489100,4679.2,4680.2,4678.0,4679.7,332.0
2026-05-11 16:50:00,1778489400,4679.6,4679.7,4675.3,4677.4,606.0
2026-05-11 16:55:00,1778489700,4677.6,4677.6,4675.1,4675.7,343.0
2026-05-11 17:00:00,1778490000,4676.2,4678.4,4673.6,4677.8,723.0
2026-05-11 17:05:00,1778490300,4677.8,4678.5,4675.1,4676.0,281.0
2026-05-11 17:10:00,1778490600,4676.3,4677.0,4674.5,4676.0,351.0
2026-05-11 17:15:00,1778490900,4675.6,4676.1,4673.0,4673.5,577.0
2026-05-11 17:20:00,1778491200,4673.3,4674.2,4667.0,4667.5,1226.0
2026-05-11 17:25:00,1778491500,4667.5,4669.9,4665.3,4666.1,1108.0
2026-05-11 17:30:00,1778491800,4665.9,4667.2,4658.8,4663.1,2616.0
2026-05-11 17:35:00,1778492100,4663.2,4668.6,4663.2,4667.7,892.0
2026-05-11 17:40:00,1778492400,4667.6,4672.2,4665.6,4671.3,927.0
2026-05-11 17:45:00,1778492700,4671.5,4673.6,4669.6,4670.3,732.0
2026-05-11 17:50:00,1778493000,4670.5,4671.8,4667.4,4670.2,599.0
2026-05-11 17:55:00,1778493300,4670.1,4670.2,4664.4,4665.0,862.0
2026-05-11 18:00:00,1778493600,4665.0,4669.7,4664.5,4666.1,666.0
2026-05-11 18:05:00,1778493900,4666.2,4669.9,4665.2,4669.6,606.0
2026-05-11 18:10:00,1778494200,4669.3,4671.3,4668.9,4671.1,437.0
2026-05-11 18:15:00,1778494500,4670.9,4671.5,4668.8,4670.9,409.0
2026-05-11 18:20:00,1778494800,4670.9,4674.0,4669.4,4674.0,610.0
2026-05-11 18:25:00,1778495100,4674.0,4674.4,4671.3,4671.7,346.0
2026-05-11 18:30:00,1778495400,4672.0,4675.3,4670.8,4674.2,505.0
2026-05-11 18:35:00,1778495700,4674.2,4675.2,4668.7,4671.5,714.0
2026-05-11 18:40:00,1778496000,4671.5,4672.2,4669.5,4672.2,448.0
2026-05-11 18:45:00,1778496300,4671.9,4673.5,4669.7,4672.8,395.0
2026-05-11 18:50:00,1778496600,4672.7,4676.0,4672.6,4673.6,581.0
2026-05-11 18:55:00,1778496900,4673.3,4674.3,4671.9,4671.9,335.0
2026-05-11 19:00:00,1778497200,4672.6,4680.9,4672.4,4679.9,1057.0
2026-05-11 19:05:00,1778497500,4679.4,4679.7,4675.4,4677.7,583.0
2026-05-11 19:10:00,1778497800,4677.7,4678.7,4675.1,4677.9,402.0
2026-05-11 19:15:00,1778498100,4677.8,4679.0,4676.4,4678.1,395.0
2026-05-11 19:20:00,1778498400,4678.3,4678.9,4676.0,4677.7,339.0
2026-05-11 19:25:00,1778498700,4677.4,4680.6,4676.0,4680.3,504.0
2026-05-11 19:30:00,1778499000,4680.3,4682.0,4678.7,4680.2,610.0
2026-05-11 19:35:00,1778499300,4680.3,4684.5,4678.3,4683.8,879.0
2026-05-11 19:40:00,1778499600,4683.8,4686.1,4682.5,4683.0,920.0
2026-05-11 19:45:00,1778499900,4683.1,4683.6,4681.4,4682.5,515.0
2026-05-11 19:50:00,1778500200,4682.5,4682.7,4678.7,4681.3,623.0
2026-05-11 19:55:00,1778500500,4681.4,4683.3,4678.8,4683.1,557.0
2026-05-11 20:00:00,1778500800,4683.0,4684.5,4679.0,4679.5,910.0
2026-05-11 20:05:00,1778501100,4679.5,4680.1,4677.4,4677.6,915.0
2026-05-11 20:10:00,1778501400,4677.3,4677.9,4675.7,4676.9,813.0
2026-05-11 20:15:00,1778501700,4676.6,4682.7,4675.9,4681.1,1117.0
2026-05-11 20:20:00,1778502000,4681.1,4704.5,4680.1,4701.5,5583.0
2026-05-11 20:25:00,1778502300,4701.3,4701.5,4694.7,4699.6,2836.0
2026-05-11 20:30:00,1778502600,4699.7,4705.6,4698.1,4702.8,2256.0
2026-05-11 20:35:00,1778502900,4702.7,4707.5,4702.4,4704.9,1965.0
2026-05-11 20:40:00,1778503200,4704.6,4706.0,4700.2,4701.1,1419.0
2026-05-11 20:45:00,1778503500,4701.0,4704.9,4695.1,4698.3,2605.0
2026-05-11 20:50:00,1778503800,4698.2,4703.2,4698.2,4701.8,1297.0
2026-05-11 20:55:00,1778504100,4701.9,4710.3,4700.3,4708.8,2230.0
2026-05-11 21:00:00,1778504400,4708.9,4719.1,4707.6,4719.1,3796.0
2026-05-11 21:05:00,1778504700,4718.8,4726.3,4717.4,4725.7,3454.0
2026-05-11 21:10:00,1778505000,4725.6,4731.2,4721.3,4730.3,3976.0
2026-05-11 21:15:00,1778505300,4730.3,4740.4,4729.7,4736.9,3755.0
2026-05-11 21:20:00,1778505600,4736.8,4745.4,4735.5,4740.7,4023.0
2026-05-11 21:25:00,1778505900,4740.6,4743.6,4736.8,4738.2,2510.0
2026-05-11 21:30:00,1778506200,4738.0,4746.6,4737.5,4744.5,3585.0
2026-05-11 21:35:00,1778506500,4744.5,4750.2,4742.9,4744.8,3064.0
2026-05-11 21:40:00,1778506800,4745.1,4755.5,4744.7,4753.6,2957.0
2026-05-11 21:45:00,1778507100,4753.4,4758.4,4745.8,4747.4,3943.0
2026-05-11 21:50:00,1778507400,4747.7,4752.0,4744.1,4749.5,2466.0
2026-05-11 21:55:00,1778507700,4749.4,4754.6,4745.7,4745.8,2222.0
2026-05-11 22:00:00,1778508000,4746.0,4748.5,4737.6,4740.4,3756.0
2026-05-11 22:05:00,1778508300,4740.2,4741.2,4728.1,4734.0,4381.0
2026-05-11 22:10:00,1778508600,4734.0,4742.2,4731.1,4740.6,2696.0
2026-05-11 22:15:00,1778508900,4740.4,4742.2,4734.9,4740.6,2116.0
2026-05-11 22:20:00,1778509200,4740.7,4743.5,4739.6,4743.2,1594.0
2026-05-11 22:25:00,1778509500,4743.2,4743.6,4733.9,4734.6,2004.0
2026-05-11 22:30:00,1778509800,4734.7,4737.6,4724.6,4731.0,4134.0
2026-05-11 22:35:00,1778510100,4731.3,4738.6,4727.4,4736.6,2613.0
2026-05-11 22:40:00,1778510400,4736.7,4743.5,4736.7,4742.4,1541.0
2026-05-11 22:45:00,1778510700,4742.2,4744.5,4737.0,4739.5,1930.0
2026-05-11 22:50:00,1778511000,4739.5,4740.3,4736.9,4737.7,985.0
2026-05-11 22:55:00,1778511300,4737.8,4738.8,4733.2,4735.1,1281.0
2026-05-11 23:00:00,1778511600,4735.1,4738.2,4732.5,4736.0,1215.0
2026-05-11 23:05:00,1778511900,4735.5,4740.2,4734.8,4738.4,1086.0
2026-05-11 23:10:00,1778512200,4738.6,4741.6,4737.0,4738.0,1394.0
2026-05-11 23:15:00,1778512500,4738.4,4744.5,4736.8,4741.7,1401.0
2026-05-11 23:20:00,1778512800,4741.3,4748.2,4740.0,4746.7,1632.0
2026-05-11 23:25:00,1778513100,4746.7,4747.3,4741.6,4742.4,1181.0
2026-05-11 23:30:00,1778513400,4742.6,4744.5,4741.6,4741.8,724.0
2026-05-11 23:35:00,1778513700,4741.8,4742.0,4739.4,4740.1,942.0
2026-05-11 23:40:00,1778514000,4740.2,4741.2,4735.7,4737.5,1619.0
2026-05-11 23:45:00,1778514300,4737.0,4739.8,4734.3,4739.1,1418.0
2026-05-11 23:50:00,1778514600,4739.0,4742.3,4737.7,4741.7,846.0
2026-05-11 23:55:00,1778514900,4741.6,4742.5,4740.3,4741.9,459.0
2026-05-12 00:00:00,1778515200,4742.0,4743.3,4740.3,4741.5,644.0
2026-05-12 00:05:00,1778515500,4741.4,4742.6,4738.8,4738.8,599.0
2026-05-12 00:10:00,1778515800,4739.0,4739.7,4736.5,4737.4,701.0
2026-05-12 00:15:00,1778516100,4737.3,4737.8,4733.5,4736.7,936.0
2026-05-12 00:20:00,1778516400,4736.6,4736.7,4733.0,4734.3,609.0
2026-05-12 00:25:00,1778516700,4734.0,4735.6,4731.6,4733.7,702.0
2026-05-12 00:30:00,1778517000,4733.5,4735.8,4731.2,4731.9,754.0
2026-05-12 00:35:00,1778517300,4731.6,4731.9,4727.0,4730.4,1457.0
2026-05-12 00:40:00,1778517600,4730.0,4731.0,4717.2,4720.8,3292.0
2026-05-12 00:45:00,1778517900,4720.8,4725.6,4718.2,4724.5,1286.0
2026-05-12 00:50:00,1778518200,4724.5,4726.4,4723.3,4724.7,730.0
2026-05-12 00:55:00,1778518500,4724.7,4726.3,4722.6,4726.0,725.0
2026-05-12 01:00:00,1778518800,4726.2,4728.9,4726.0,4727.9,828.0
2026-05-12 01:05:00,1778519100,4727.7,4729.7,4727.0,4727.3,632.0
2026-05-12 01:10:00,1778519400,4727.2,4728.4,4725.3,4727.9,641.0
2026-05-12 01:15:00,1778519700,4727.8,4728.9,4726.8,4726.9,497.0
2026-05-12 01:20:00,1778520000,4727.1,4730.7,4726.5,4729.1,731.0
2026-05-12 01:25:00,1778520300,4729.5,4731.5,4727.0,4727.7,1176.0
2026-05-12 01:30:00,1778520600,4727.7,4733.7,4727.4,4732.5,1044.0
2026-05-12 01:35:00,1778520900,4732.5,4733.0,4731.1,4731.1,438.0
2026-05-12 01:40:00,1778521200,4731.3,4733.8,4730.5,4733.1,440.0
2026-05-12 01:45:00,1778521500,4733.2,4734.0,4731.4,4731.9,553.0
2026-05-12 01:50:00,1778521800,4731.9,4733.1,4731.0,4731.3,390.0
2026-05-12 01:55:00,1778522100,4731.5,4733.0,4731.1,4733.0,215.0
2026-05-12 02:00:00,1778522400,4733.0,4734.4,4731.8,4733.6,557.0
2026-05-12 02:05:00,1778522700,4733.5,4736.5,4733.3,4735.0,622.0
2026-05-12 02:10:00,1778523000,4735.1,4735.8,4731.2,4732.5,665.0
2026-05-12 02:15:00,1778523300,4732.7,4733.7,4731.1,4732.5,371.0
2026-05-12 02:20:00,1778523600,4732.8,4733.8,4729.6,4732.9,873.0
2026-05-12 02:25:00,1778523900,4732.9,4737.7,4732.7,4736.3,565.0
2026-05-12 02:30:00,1778524200,4736.4,4737.1,4735.7,4736.0,345.0
2026-05-12 02:35:00,1778524500,4736.1,4738.6,4735.7,4735.7,492.0
2026-05-12 02:40:00,1778524800,4736.0,4736.9,4734.7,4736.0,423.0
2026-05-12 02:45:00,1778525100,4735.8,4736.2,4734.2,4735.5,355.0
2026-05-12 02:50:00,1778525400,4735.4,4736.9,4734.7,4735.5,284.0
2026-05-12 02:55:00,1778525700,4735.5,4738.4,4733.8,4733.9,628.0
2026-05-12 03:00:00,1778526000,4734.2,4736.4,4733.1,4733.3,582.0
2026-05-12 03:05:00,1778526300,4733.1,4737.6,4733.1,4736.2,394.0
2026-05-12 03:10:00,1778526600,4736.5,4737.2,4733.2,4734.0,535.0
2026-05-12 03:15:00,1778526900,4734.1,4734.9,4733.2,4734.2,372.0
2026-05-12 03:20:00,1778527200,4734.2,4734.8,4732.8,4732.9,422.0
2026-05-12 03:25:00,1778527500,4732.9,4733.9,4732.3,4733.9,341.0
2026-05-12 03:30:00,1778527800,4733.9,4735.0,4731.6,4734.0,544.0
2026-05-12 03:35:00,1778528100,4734.0,4737.3,4733.9,4737.3,524.0
2026-05-12 03:40:00,1778528400,4737.0,4738.1,4736.4,4736.5,371.0
2026-05-12 03:45:00,1778528700,4736.6,4741.2,4736.3,4740.9,980.0
2026-05-12 03:50:00,1778529000,4740.9,4744.1,4740.0,4743.7,825.0
2026-05-12 03:55:00,1778529300,4743.9,4746.3,4742.7,4743.2,1284.0
2026-05-12 04:00:00,1778529600,4743.7,4747.6,4743.7,4746.8,777.0
2026-05-12 04:05:00,1778529900,4746.4,4747.0,4743.2,4744.6,419.0
2026-05-12 04:10:00,1778530200,4744.5,4746.9,4739.5,4744.8,901.0
2026-05-12 04:15:00,1778530500,4744.8,4745.1,4743.6,4744.5,178.0
2026-05-12 04:20:00,1778530800,4744.5,4744.7,4743.1,4744.6,131.0
2026-05-12 04:25:00,1778531100,4744.6,4745.3,4743.4,4745.2,201.0
2026-05-12 04:30:00,1778531400,4745.4,4748.7,4744.8,4747.9,449.0
2026-05-12 04:35:00,1778531700,4747.8,4748.4,4747.2,4748.0,208.0
2026-05-12 04:40:00,1778532000,4747.8,4748.1,4747.2,4747.4,360.0
2026-05-12 04:45:00,1778532300,4747.5,4747.6,4746.7,4746.9,274.0
2026-05-12 04:50:00,1778532600,4746.7,4746.7,4742.6,4744.8,463.0
2026-05-12 04:55:00,1778532900,4744.9,4746.0,4744.2,4745.7,297.0
2026-05-12 06:00:00,1778536800,4746.0,4752.9,4745.9,4750.5,1224.0
2026-05-12 06:05:00,1778537100,4750.6,4753.5,4749.0,4750.8,582.0
2026-05-12 06:10:00,1778537400,4751.2,4751.3,4747.8,4748.7,434.0
2026-05-12 06:15:00,1778537700,4748.8,4749.5,4747.0,4748.4,546.0
2026-05-12 06:20:00,1778538000,4748.1,4749.9,4747.0,4749.3,336.0
2026-05-12 06:25:00,1778538300,4749.2,4752.0,4748.8,4749.3,420.0
2026-05-12 06:30:00,1778538600,4749.3,4752.1,4748.5,4751.3,436.0
2026-05-12 06:35:00,1778538900,4751.0,4752.6,4750.2,4751.5,467.0
2026-05-12 06:40:00,1778539200,4751.4,4755.2,4751.3,4754.6,841.0
2026-05-12 06:45:00,1778539500,4754.3,4764.7,4754.0,4761.2,2818.0
2026-05-12 06:50:00,1778539800,4761.5,4763.3,4759.8,4762.3,813.0
2026-05-12 06:55:00,1778540100,4762.6,4762.8,4759.2,4760.7,540.0
2026-05-12 07:00:00,1778540400,4760.5,4764.0,4760.1,4760.4,953.0
2026-05-12 07:05:00,1778540700,4760.7,4764.4,4760.3,4762.4,506.0
2026-05-12 07:10:00,1778541000,4762.5,4762.9,4755.1,4760.4,1224.0
2026-05-12 07:15:00,1778541300,4760.4,4764.1,4760.1,4761.8,689.0
2026-05-12 07:20:00,1778541600,4761.7,4763.6,4760.4,4761.7,544.0
2026-05-12 07:25:00,1778541900,4761.6,4764.8,4760.0,4762.4,732.0
2026-05-12 07:30:00,1778542200,4762.6,4768.0,4761.0,4765.2,1370.0
2026-05-12 07:35:00,1778542500,4765.4,4769.0,4763.0,4764.6,1001.0
2026-05-12 07:40:00,1778542800,4764.9,4766.8,4763.9,4765.5,550.0
2026-05-12 07:45:00,1778543100,4765.3,4770.7,4765.0,4769.9,1499.0
2026-05-12 07:50:00,1778543400,4769.9,4780.2,4769.0,4775.4,3181.0
2026-05-12 07:55:00,1778543700,4775.7,4779.1,4775.2,4777.1,1053.0
2026-05-12 08:00:00,1778544000,4776.9,4777.1,4768.0,4774.7,2412.0
2026-05-12 08:05:00,1778544300,4774.4,4778.5,4769.6,4777.7,1340.0
2026-05-12 08:10:00,1778544600,4777.6,4779.7,4775.1,4776.7,1463.0
2026-05-12 08:15:00,1778544900,4776.5,4783.5,4776.2,4780.7,1994.0
2026-05-12 08:20:00,1778545200,4780.6,4782.8,4762.5,4770.0,3122.0
2026-05-12 08:25:00,1778545500,4769.8,4776.2,4769.0,4772.1,1379.0
2026-05-12 08:30:00,1778545800,4772.0,4774.0,4768.2,4768.6,1132.0
2026-05-12 08:35:00,1778546100,4768.5,4772.9,4767.7,4769.3,943.0
2026-05-12 08:40:00,1778546400,4769.7,4770.8,4767.1,4767.9,710.0
2026-05-12 08:45:00,1778546700,4767.9,4772.3,4767.6,4769.6,925.0
2026-05-12 08:50:00,1778547000,4769.2,4770.4,4761.3,4762.9,1312.0
2026-05-12 08:55:00,1778547300,4762.8,4765.8,4758.0,4759.1,1738.0
2026-05-12 09:00:00,1778547600,4759.2,4765.6,4751.5,4753.6,3202.0
2026-05-12 09:05:00,1778547900,4753.5,4762.9,4752.8,4762.3,2157.0
2026-05-12 09:10:00,1778548200,4762.3,4763.0,4754.0,4755.9,1691.0
2026-05-12 09:15:00,1778548500,4756.3,4761.6,4753.0,4758.4,1754.0
2026-05-12 09:20:00,1778548800,4758.5,4760.0,4753.0,4754.1,1217.0
2026-05-12 09:25:00,1778549100,4753.9,4755.6,4743.3,4744.8,3122.0
2026-05-12 09:30:00,1778549400,4744.8,4748.7,4740.2,4741.8,1856.0
2026-05-12 09:35:00,1778549700,4741.7,4742.8,4732.7,4734.3,2869.0
2026-05-12 09:40:00,1778550000,4734.6,4739.2,4729.5,4738.8,2788.0
2026-05-12 09:45:00,1778550300,4738.9,4741.1,4735.5,4739.6,1686.0
2026-05-12 09:50:00,1778550600,4739.5,4740.2,4736.5,4737.8,825.0
2026-05-12 09:55:00,1778550900,4737.0,4739.3,4733.2,4736.5,1174.0
2026-05-12 10:00:00,1778551200,4736.4,4740.2,4735.9,4738.2,1269.0
2026-05-12 10:05:00,1778551500,4738.4,4739.9,4734.7,4739.6,793.0
2026-05-12 10:10:00,1778551800,4739.2,4743.5,4738.1,4740.9,1259.0
2026-05-12 10:15:00,1778552100,4740.6,4740.8,4735.0,4735.5,798.0
2026-05-12 10:20:00,1778552400,4735.5,4739.1,4734.4,4739.1,739.0
2026-05-12 10:25:00,1778552700,4739.1,4739.7,4733.8,4736.7,946.0
2026-05-12 10:30:00,1778553000,4736.5,4739.0,4731.4,4735.8,1195.0
2026-05-12 10:35:00,1778553300,4736.0,4738.5,4734.0,4736.3,643.0
2026-05-12 10:40:00,1778553600,4736.0,4741.3,4734.0,4741.2,773.0
2026-05-12 10:45:00,1778553900,4741.2,4742.9,4736.2,4738.0,1069.0
2026-05-12 10:50:00,1778554200,4737.6,4742.9,4737.6,4741.2,905.0
2026-05-12 10:55:00,1778554500,4741.8,4742.7,4739.4,4739.4,869.0
2026-05-12 11:00:00,1778554800,4739.4,4742.6,4737.1,4738.8,1023.0
2026-05-12 11:05:00,1778555100,4739.1,4740.1,4736.3,4737.0,526.0
2026-05-12 11:10:00,1778555400,4737.1,4741.3,4736.0,4740.8,788.0
2026-05-12 11:15:00,1778555700,4740.2,4740.6,4734.5,4735.1,439.0
2026-05-12 11:20:00,1778556000,4735.0,4736.5,4732.1,4732.9,1033.0
2026-05-12 11:25:00,1778556300,4733.1,4734.7,4732.1,4733.0,738.0
2026-05-12 11:30:00,1778556600,4733.1,4735.5,4733.0,4735.0,537.0
2026-05-12 11:35:00,1778556900,4734.9,4736.9,4734.1,4735.5,484.0
2026-05-12 11:40:00,1778557200,4735.5,4736.5,4732.9,4733.2,504.0
2026-05-12 11:45:00,1778557500,4733.2,4733.7,4728.1,4729.9,1471.0
2026-05-12 11:50:00,1778557800,4729.9,4731.9,4727.6,4728.6,698.0
2026-05-12 11:55:00,1778558100,4728.8,4729.7,4727.0,4729.4,642.0
2026-05-12 12:00:00,1778558400,4729.4,4731.9,4728.7,4731.7,502.0
2026-05-12 12:05:00,1778558700,4731.6,4733.0,4730.3,4731.4,617.0
2026-05-12 12:10:00,1778559000,4731.5,4731.8,4730.0,4730.9,235.0
2026-05-12 12:15:00,1778559300,4731.1,4739.4,4731.1,4736.0,1594.0
2026-05-12 12:20:00,1778559600,4735.6,4738.5,4733.0,4734.4,632.0
2026-05-12 12:25:00,1778559900,4734.1,4734.7,4730.6,4731.3,555.0
2026-05-12 12:30:00,1778560200,4731.6,4733.6,4730.2,4732.2,478.0
2026-05-12 12:35:00,1778560500,4732.4,4735.7,4732.2,4734.4,458.0
2026-05-12 12:40:00,1778560800,4734.6,4735.2,4732.9,4733.9,211.0
2026-05-12 12:45:00,1778561100,4733.7,4734.3,4727.3,4728.9,863.0
2026-05-12 12:50:00,1778561400,4728.9,4729.7,4721.6,4722.6,1875.0
2026-05-12 12:55:00,1778561700,4722.7,4725.9,4720.2,4723.1,1352.0
2026-05-12 13:00:00,1778562000,4723.0,4727.8,4719.6,4727.5,1414.0
2026-05-12 13:05:00,1778562300,4727.4,4727.7,4718.3,4719.9,1360.0
2026-05-12 13:10:00,1778562600,4720.0,4721.9,4717.4,4721.3,1109.0
2026-05-12 13:15:00,1778562900,4721.2,4724.8,4721.0,4722.1,908.0
2026-05-12 13:20:00,1778563200,4722.3,4725.8,4722.3,4723.1,566.0
2026-05-12 13:25:00,1778563500,4723.0,4724.4,4721.6,4723.9,411.0
2026-05-12 13:30:00,1778563800,4724.4,4731.0,4721.6,4723.5,1631.0
2026-05-12 13:35:00,1778564100,4724.0,4725.7,4721.6,4725.0,635.0
2026-05-12 13:40:00,1778564400,4724.9,4725.4,4722.6,4723.9,425.0
2026-05-12 13:45:00,1778564700,4723.7,4724.9,4721.8,4722.5,462.0
2026-05-12 13:50:00,1778565000,4722.7,4724.6,4719.6,4722.4,870.0
2026-05-12 13:55:00,1778565300,4722.4,4728.9,4718.5,4722.9,1361.0
2026-05-12 14:00:00,1778565600,4723.0,4723.0,4712.2,4715.3,2622.0
2026-05-12 14:05:00,1778565900,4714.9,4717.9,4711.0,4713.2,1394.0
2026-05-12 14:10:00,1778566200,4712.9,4714.7,4711.1,4713.6,961.0
2026-05-12 14:15:00,1778566500,4713.6,4715.4,4708.4,4713.2,1323.0
2026-05-12 14:20:00,1778566800,4712.9,4713.7,4705.3,4706.6,1543.0
2026-05-12 14:25:00,1778567100,4706.4,4707.4,4703.3,4704.1,1404.0
2026-05-12 14:30:00,1778567400,4704.1,4712.0,4703.4,4710.8,1405.0
2026-05-12 14:35:00,1778567700,4710.8,4713.0,4707.1,4709.0,1074.0
2026-05-12 14:40:00,1778568000,4708.7,4710.7,4705.3,4710.3,999.0
2026-05-12 14:45:00,1778568300,4710.2,4712.2,4703.6,4704.5,977.0
2026-05-12 14:50:00,1778568600,4705.2,4708.2,4703.1,4706.8,1209.0
2026-05-12 14:55:00,1778568900,4707.0,4707.5,4701.8,4705.2,1168.0
2026-05-12 15:00:00,1778569200,4705.0,4706.3,4696.3,4698.9,2241.0
2026-05-12 15:05:00,1778569500,4698.9,4703.3,4693.2,4702.8,1681.0
2026-05-12 15:10:00,1778569800,4702.5,4706.3,4700.2,4703.9,1071.0
2026-05-12 15:15:00,1778570100,4703.6,4707.9,4701.7,4707.1,716.0
2026-05-12 15:20:00,1778570400,4707.3,4707.6,4704.5,4705.0,631.0
2026-05-12 15:25:00,1778570700,4704.9,4707.0,4704.1,4705.8,484.0
2026-05-12 15:30:00,1778571000,4705.8,4707.8,4703.5,4707.7,502.0
2026-05-12 15:35:00,1778571300,4707.7,4708.7,4704.6,4708.0,569.0
2026-05-12 15:40:00,1778571600,4708.1,4710.2,4707.0,4708.2,808.0
2026-05-12 15:45:00,1778571900,4708.2,4708.8,4705.7,4707.6,516.0
2026-05-12 15:50:00,1778572200,4707.2,4711.0,4706.0,4709.8,847.0
2026-05-12 15:55:00,1778572500,4709.5,4711.9,4706.8,4707.6,765.0
2026-05-12 16:00:00,1778572800,4707.6,4714.7,4707.6,4712.7,1351.0
2026-05-12 16:05:00,1778573100,4712.5,4713.7,4709.7,4711.3,588.0
2026-05-12 16:10:00,1778573400,4711.1,4711.5,4707.1,4708.0,596.0
2026-05-12 16:15:00,1778573700,4707.8,4708.7,4704.9,4707.0,721.0
2026-05-12 16:20:00,1778574000,4707.5,4712.2,4707.2,4709.9,469.0
2026-05-12 16:25:00,1778574300,4709.8,4712.1,4709.4,4710.8,282.0
2026-05-12 16:30:00,1778574600,4710.7,4712.4,4708.8,4708.9,446.0
2026-05-12 16:35:00,1778574900,4709.1,4709.5,4705.8,4708.1,492.0
2026-05-12 16:40:00,1778575200,4708.5,4709.0,4706.2,4707.9,388.0
2026-05-12 16:45:00,1778575500,4707.7,4714.4,4706.6,4711.7,706.0
2026-05-12 16:50:00,1778575800,4711.5,4713.5,4710.5,4711.1,526.0
2026-05-12 16:55:00,1778576100,4711.4,4712.3,4710.0,4711.1,229.0
2026-05-12 17:00:00,1778576400,4710.7,4711.3,4707.4,4709.6,495.0
2026-05-12 17:05:00,1778576700,4709.1,4709.2,4706.6,4707.2,388.0
2026-05-12 17:10:00,1778577000,4707.3,4709.6,4705.7,4705.7,469.0
2026-05-12 17:15:00,1778577300,4705.8,4708.7,4705.7,4706.4,354.0
2026-05-12 17:20:00,1778577600,4706.4,4710.1,4705.5,4709.6,381.0
2026-05-12 17:25:00,1778577900,4709.3,4710.0,4705.2,4707.3,558.0
2026-05-12 17:30:00,1778578200,4707.4,4713.5,4707.2,4710.2,1131.0
2026-05-12 17:35:00,1778578500,4710.3,4710.7,4706.2,4709.7,598.0
2026-05-12 17:40:00,1778578800,4709.9,4710.6,4702.5,4703.8,1076.0
2026-05-12 17:45:00,1778579100,4703.6,4709.4,4702.5,4709.2,782.0
2026-05-12 17:50:00,1778579400,4709.0,4710.0,4704.5,4705.4,563.0
2026-05-12 17:55:00,1778579700,4705.1,4708.4,4705.0,4707.7,339.0
2026-05-12 18:00:00,1778580000,4708.0,4712.4,4706.9,4712.0,737.0
2026-05-12 18:05:00,1778580300,4712.0,4716.6,4710.8,4716.2,1038.0
2026-05-12 18:10:00,1778580600,4716.2,4717.2,4712.5,4713.2,786.0
2026-05-12 18:15:00,1778580900,4713.3,4713.6,4707.4,4709.3,760.0
2026-05-12 18:20:00,1778581200,4709.5,4711.6,4708.0,4709.6,675.0
2026-05-12 18:25:00,1778581500,4709.6,4711.3,4707.6,4708.4,576.0
2026-05-12 18:30:00,1778581800,4708.7,4708.8,4700.4,4703.7,1720.0
2026-05-12 18:35:00,1778582100,4703.7,4704.1,4691.6,4694.8,2000.0
2026-05-12 18:40:00,1778582400,4694.7,4700.7,4693.4,4698.7,1109.0
2026-05-12 18:45:00,1778582700,4698.7,4700.2,4697.2,4699.1,639.0
2026-05-12 18:50:00,1778583000,4698.8,4702.0,4698.2,4700.7,493.0
2026-05-12 18:55:00,1778583300,4700.9,4702.3,4699.1,4702.2,519.0
2026-05-12 19:00:00,1778583600,4702.5,4703.2,4696.5,4698.8,1187.0
2026-05-12 19:05:00,1778583900,4698.4,4701.0,4694.8,4699.6,1151.0
2026-05-12 19:10:00,1778584200,4699.8,4705.9,4697.2,4699.3,1342.0
2026-05-12 19:15:00,1778584500,4699.5,4705.9,4699.3,4705.7,720.0
2026-05-12 19:20:00,1778584800,4705.5,4705.5,4700.6,4701.5,413.0
2026-05-12 19:25:00,1778585100,4701.8,4708.0,4700.6,4707.7,701.0
2026-05-12 19:30:00,1778585400,4707.8,4710.3,4705.4,4706.4,867.0
2026-05-12 19:35:00,1778585700,4706.3,4712.6,4706.2,4712.3,733.0
2026-05-12 19:40:00,1778586000,4712.0,4713.9,4710.2,4712.3,744.0
2026-05-12 19:45:00,1778586300,4712.2,4715.0,4710.3,4713.4,770.0
2026-05-12 19:50:00,1778586600,4713.3,4715.9,4712.1,4715.1,815.0
2026-05-12 19:55:00,1778586900,4715.0,4717.2,4714.2,4714.5,701.0
2026-05-12 20:00:00,1778587200,4714.7,4716.2,4711.2,4712.4,795.0
2026-05-12 20:05:00,1778587500,4712.7,4712.7,4706.5,4708.5,1063.0
2026-05-12 20:10:00,1778587800,4708.6,4714.5,4707.8,4713.6,922.0
2026-05-12 20:15:00,1778588100,4713.5,4716.3,4710.2,4712.9,1190.0
2026-05-12 20:20:00,1778588400,4712.4,4716.3,4704.6,4705.0,1314.0
2026-05-12 20:25:00,1778588700,4704.6,4706.6,4702.7,4705.7,1207.0
2026-05-12 20:30:00,1778589000,4706.0,4708.7,4697.1,4700.5,3343.0
2026-05-12 20:35:00,1778589300,4700.7,4710.7,4698.4,4709.6,2170.0
2026-05-12 20:40:00,1778589600,4709.6,4716.8,4709.1,4710.6,2173.0
2026-05-12 20:45:00,1778589900,4711.0,4719.1,4710.6,4715.1,2528.0
2026-05-12 20:50:00,1778590200,4715.2,4719.7,4714.7,4717.8,1880.0
2026-05-12 20:55:00,1778590500,4717.6,4718.2,4708.2,4713.7,2384.0
2026-05-12 21:00:00,1778590800,4713.7,4717.2,4703.0,4704.3,2439.0
2026-05-12 21:05:00,1778591100,4704.2,4705.4,4700.4,4703.3,1997.0
2026-05-12 21:10:00,1778591400,4703.6,4703.8,4695.0,4697.1,2310.0
2026-05-12 21:15:00,1778591700,4696.9,4697.2,4686.8,4693.4,4284.0
2026-05-12 21:20:00,1778592000,4693.5,4703.5,4693.0,4698.7,2403.0
2026-05-12 21:25:00,1778592300,4698.6,4702.7,4696.9,4698.5,1507.0
2026-05-12 21:30:00,1778592600,4698.4,4701.0,4692.4,4696.2,2594.0
2026-05-12 21:35:00,1778592900,4696.2,4706.0,4691.0,4706.0,2876.0
2026-05-12 21:40:00,1778593200,4706.0,4709.5,4703.4,4706.4,2437.0
2026-05-12 21:45:00,1778593500,4706.9,4709.2,4697.3,4700.3,2629.0
2026-05-12 21:50:00,1778593800,4700.0,4701.7,4695.5,4699.0,1529.0
2026-05-12 21:55:00,1778594100,4699.0,4699.1,4684.3,4686.6,4175.0
2026-05-12 22:00:00,1778594400,4686.7,4700.4,4683.4,4698.0,4129.0
2026-05-12 22:05:00,1778594700,4698.3,4700.8,4695.0,4699.1,1576.0
2026-05-12 22:10:00,1778595000,4699.1,4703.2,4694.3,4700.5,1844.0
2026-05-12 22:15:00,1778595300,4700.8,4702.0,4693.5,4696.1,1809.0
2026-05-12 22:20:00,1778595600,4696.1,4699.1,4694.4,4695.6,1036.0
2026-05-12 22:25:00,1778595900,4695.0,4696.8,4690.0,4690.6,1794.0
2026-05-12 22:30:00,1778596200,4690.8,4693.0,4679.0,4692.0,4454.0
2026-05-12 22:35:00,1778596500,4691.9,4695.6,4686.3,4694.4,2168.0
2026-05-12 22:40:00,1778596800,4694.3,4694.7,4691.1,4693.4,1048.0
2026-05-12 22:45:00,1778597100,4693.0,4693.3,4685.0,4685.8,1398.0
2026-05-12 22:50:00,1778597400,4685.6,4686.3,4678.2,4684.4,2840.0
2026-05-12 22:55:00,1778597700,4684.3,4685.9,4676.5,4680.1,2020.0
2026-05-12 23:00:00,1778598000,4680.1,4683.8,4674.4,4677.1,3206.0
2026-05-12 23:05:00,1778598300,4676.8,4682.1,4674.7,4680.5,2128.0
2026-05-12 23:10:00,1778598600,4680.0,4680.3,4671.2,4671.7,2500.0
2026-05-12 23:15:00,1778598900,4671.9,4673.4,4665.7,4669.4,3834.0
2026-05-12 23:20:00,1778599200,4669.0,4669.8,4645.8,4650.2,8009.0
2026-05-12 23:25:00,1778599500,4650.3,4664.1,4645.3,4663.5,4095.0
2026-05-12 23:30:00,1778599800,4663.3,4671.6,4661.1,4670.2,2955.0
2026-05-12 23:35:00,1778600100,4670.1,4675.6,4666.6,4674.1,1920.0
2026-05-12 23:40:00,1778600400,4674.1,4675.1,4670.6,4672.9,1377.0
2026-05-12 23:45:00,1778600700,4673.1,4676.8,4671.7,4673.2,1082.0
2026-05-12 23:50:00,1778601000,4673.3,4676.1,4671.8,4675.0,980.0
2026-05-12 23:55:00,1778601300,4674.9,4677.6,4672.5,4673.3,1141.0
2026-05-13 00:00:00,1778601600,4673.3,4678.9,4671.2,4677.8,1634.0
2026-05-13 00:05:00,1778601900,4678.1,4678.5,4675.3,4676.0,780.0
2026-05-13 00:10:00,1778602200,4675.9,4680.4,4675.4,4678.8,1012.0
2026-05-13 00:15:00,1778602500,4678.8,4682.3,4678.0,4678.9,1162.0
2026-05-13 00:20:00,1778602800,4678.8,4680.1,4673.6,4674.7,1236.0
2026-05-13 00:25:00,1778603100,4674.9,4676.7,4673.4,4675.6,749.0
2026-05-13 00:30:00,1778603400,4675.6,4676.0,4672.1,4675.5,837.0
2026-05-13 00:35:00,1778603700,4675.7,4677.8,4674.6,4677.5,553.0
2026-05-13 00:40:00,1778604000,4677.5,4678.6,4675.2,4676.7,532.0
2026-05-13 00:45:00,1778604300,4676.7,4677.4,4673.7,4677.2,861.0
2026-05-13 00:50:00,1778604600,4676.9,4679.5,4675.5,4677.2,629.0
2026-05-13 00:55:00,1778604900,4677.2,4681.5,4676.7,4678.3,872.0
2026-05-13 01:00:00,1778605200,4678.4,4684.9,4678.3,4683.3,1224.0
2026-05-13 01:05:00,1778605500,4683.4,4686.9,4683.0,4685.6,1223.0
2026-05-13 01:10:00,1778605800,4685.6,4686.3,4682.0,4684.1,1246.0
2026-05-13 01:15:00,1778606100,4684.1,4688.2,4684.0,4687.1,895.0
2026-05-13 01:20:00,1778606400,4687.2,4688.4,4686.5,4687.5,795.0
2026-05-13 01:25:00,1778606700,4687.5,4689.6,4685.7,4686.6,1396.0
2026-05-13 01:30:00,1778607000,4686.3,4687.4,4683.9,4685.8,736.0
2026-05-13 01:35:00,1778607300,4686.0,4686.3,4683.2,4686.1,532.0
2026-05-13 01:40:00,1778607600,4686.0,4687.9,4684.3,4686.7,451.0
2026-05-13 01:45:00,1778607900,4686.9,4687.1,4684.8,4685.3,333.0
2026-05-13 01:50:00,1778608200,4685.7,4687.1,4684.8,4686.7,443.0
2026-05-13 01:55:00,1778608500,4686.9,4687.9,4685.0,4685.9,304.0
2026-05-13 02:00:00,1778608800,4685.7,4690.9,4685.0,4685.7,1145.0
2026-05-13 02:05:00,1778609100,4685.7,4687.3,4683.3,4687.1,665.0
2026-05-13 02:10:00,1778609400,4687.1,4688.8,4684.7,4688.5,440.0
2026-05-13 02:15:00,1778609700,4688.3,4690.0,4687.1,4689.3,542.0
2026-05-13 02:20:00,1778610000,4689.3,4691.9,4689.1,4689.5,607.0
2026-05-13 02:25:00,1778610300,4689.9,4695.0,4689.9,4692.6,1175.0
2026-05-13 02:30:00,1778610600,4692.4,4697.5,4691.8,4697.3,897.0
2026-05-13 02:35:00,1778610900,4696.9,4700.3,4696.3,4698.1,1153.0
2026-05-13 02:40:00,1778611200,4698.0,4704.8,4697.7,4702.3,1466.0
2026-05-13 02:45:00,1778611500,4702.5,4703.3,4697.7,4698.8,1034.0
2026-05-13 02:50:00,1778611800,4699.0,4705.4,4698.8,4704.2,784.0
2026-05-13 02:55:00,1778612100,4704.0,4705.0,4702.5,4703.1,502.0
2026-05-13 03:00:00,1778612400,4703.5,4706.7,4703.4,4704.4,717.0
2026-05-13 03:05:00,1778612700,4704.3,4707.3,4703.5,4706.1,514.0
2026-05-13 03:10:00,1778613000,4706.0,4710.0,4705.3,4707.0,916.0
2026-05-13 03:15:00,1778613300,4707.2,4709.8,4706.2,4709.3,744.0
2026-05-13 03:20:00,1778613600,4709.5,4711.0,4707.3,4710.2,792.0
2026-05-13 03:25:00,1778613900,4710.2,4711.8,4709.8,4710.8,627.0
2026-05-13 03:30:00,1778614200,4710.9,4717.0,4710.9,4716.5,1370.0
2026-05-13 03:35:00,1778614500,4716.3,4718.1,4715.6,4715.6,933.0
2026-05-13 03:40:00,1778614800,4715.9,4717.4,4714.3,4717.0,573.0
2026-05-13 03:45:00,1778615100,4717.0,4718.6,4716.4,4717.4,521.0
2026-05-13 03:50:00,1778615400,4717.4,4721.3,4716.9,4720.0,930.0
2026-05-13 03:55:00,1778615700,4720.0,4723.3,4719.5,4722.8,951.0
2026-05-13 04:00:00,1778616000,4722.9,4727.2,4720.3,4720.8,1459.0
2026-05-13 04:05:00,1778616300,4720.8,4722.4,4719.3,4721.2,688.0
2026-05-13 04:10:00,1778616600,4721.3,4722.2,4719.5,4721.0,482.0
2026-05-13 04:15:00,1778616900,4720.7,4723.5,4720.6,4721.1,276.0
2026-05-13 04:20:00,1778617200,4721.2,4721.7,4719.8,4721.0,257.0
2026-05-13 04:25:00,1778617500,4721.1,4721.7,4719.9,4720.5,192.0
2026-05-13 04:30:00,1778617800,4720.4,4722.4,4720.3,4721.2,263.0
2026-05-13 04:35:00,1778618100,4721.2,4722.7,4720.1,4721.4,285.0
2026-05-13 04:40:00,1778618400,4721.7,4722.8,4719.3,4722.2,317.0
2026-05-13 04:45:00,1778618700,4722.4,4723.2,4720.5,4722.6,316.0
2026-05-13 04:50:00,1778619000,4722.6,4723.3,4720.7,4721.0,215.0
2026-05-13 04:55:00,1778619300,4720.8,4723.4,4720.6,4722.8,419.0
2026-05-13 06:00:00,1778623200,4722.6,4729.4,4721.3,4727.4,1084.0
2026-05-13 06:05:00,1778623500,4727.3,4727.9,4720.3,4721.7,798.0
2026-05-13 06:10:00,1778623800,4721.8,4723.3,4720.2,4722.2,533.0
2026-05-13 06:15:00,1778624100,4722.5,4725.0,4721.6,4724.8,620.0
2026-05-13 06:20:00,1778624400,4725.1,4727.4,4723.3,4724.3,697.0
2026-05-13 06:25:00,1778624700,4724.0,4725.7,4722.6,4725.1,391.0
2026-05-13 06:30:00,1778625000,4725.1,4728.5,4724.0,4726.4,588.0
2026-05-13 06:35:00,1778625300,4726.5,4727.6,4724.2,4725.8,477.0
2026-05-13 06:40:00,1778625600,4726.0,4727.0,4723.2,4724.2,571.0
2026-05-13 06:45:00,1778625900,4724.3,4726.3,4724.2,4724.8,259.0
2026-05-13 06:50:00,1778626200,4725.2,4730.4,4724.7,4728.6,820.0
2026-05-13 06:55:00,1778626500,4728.5,4729.0,4724.5,4724.7,484.0
2026-05-13 07:00:00,1778626800,4724.7,4728.5,4723.5,4728.0,731.0
2026-05-13 07:05:00,1778627100,4727.9,4731.9,4725.5,4727.8,807.0
2026-05-13 07:10:00,1778627400,4728.0,4729.6,4724.8,4725.1,732.0
2026-05-13 07:15:00,1778627700,4725.1,4727.9,4724.9,4724.9,394.0
2026-05-13 07:20:00,1778628000,4725.1,4730.3,4725.1,4730.3,531.0
2026-05-13 07:25:00,1778628300,4730.1,4731.5,4726.6,4727.8,846.0
2026-05-13 07:30:00,1778628600,4728.2,4729.2,4726.3,4726.8,512.0
2026-05-13 07:35:00,1778628900,4727.1,4729.5,4723.9,4728.1,879.0
2026-05-13 07:40:00,1778629200,4728.2,4729.1,4725.3,4728.6,418.0
2026-05-13 07:45:00,1778629500,4728.8,4731.3,4722.9,4723.5,1189.0
2026-05-13 07:50:00,1778629800,4724.3,4727.7,4723.3,4725.3,635.0
2026-05-13 07:55:00,1778630100,4725.3,4726.4,4723.5,4724.9,446.0
2026-05-13 08:00:00,1778630400,4724.5,4733.4,4722.3,4732.8,1863.0
2026-05-13 08:05:00,1778630700,4732.6,4735.4,4728.1,4728.9,1374.0
2026-05-13 08:10:00,1778631000,4728.9,4732.4,4728.0,4728.1,617.0
2026-05-13 08:15:00,1778631300,4728.3,4733.6,4727.9,4732.7,1284.0
2026-05-13 08:20:00,1778631600,4732.6,4734.6,4731.0,4732.9,816.0
2026-05-13 08:25:00,1778631900,4733.0,4733.3,4728.7,4730.3,643.0
2026-05-13 08:30:00,1778632200,4730.1,4732.0,4726.9,4728.4,881.0
2026-05-13 08:35:00,1778632500,4728.1,4730.8,4724.8,4730.3,1036.0
2026-05-13 08:40:00,1778632800,4730.2,4733.2,4727.9,4728.3,868.0
2026-05-13 08:45:00,1778633100,4728.2,4728.2,4724.3,4724.9,620.0
2026-05-13 08:50:00,1778633400,4724.8,4728.2,4722.9,4724.8,916.0
2026-05-13 08:55:00,1778633700,4724.9,4726.7,4720.8,4722.9,1187.0
2026-05-13 09:00:00,1778634000,4723.0,4725.4,4715.7,4719.6,3011.0
2026-05-13 09:05:00,1778634300,4719.6,4721.7,4715.4,4721.4,1437.0
2026-05-13 09:10:00,1778634600,4721.1,4724.5,4717.3,4717.9,1369.0
2026-05-13 09:15:00,1778634900,4717.9,4719.0,4712.8,4714.9,1658.0
2026-05-13 09:20:00,1778635200,4714.3,4718.1,4713.0,4715.7,1191.0
2026-05-13 09:25:00,1778635500,4715.9,4716.1,4710.9,4712.8,1266.0
2026-05-13 09:30:00,1778635800,4712.5,4713.9,4710.9,4713.3,1147.0
2026-05-13 09:35:00,1778636100,4713.3,4715.0,4709.8,4714.3,1245.0
2026-05-13 09:40:00,1778636400,4714.4,4719.0,4712.6,4717.1,1239.0
2026-05-13 09:45:00,1778636700,4717.4,4719.2,4714.8,4718.2,781.0
2026-05-13 09:50:00,1778637000,4718.1,4718.5,4714.0,4714.4,634.0
2026-05-13 09:55:00,1778637300,4714.4,4715.0,4707.4,4710.6,1344.0
2026-05-13 10:00:00,1778637600,4710.3,4716.0,4709.8,4714.6,941.0
2026-05-13 10:05:00,1778637900,4714.7,4715.2,4706.5,4707.8,1262.0
2026-05-13 10:10:00,1778638200,4708.0,4711.9,4707.7,4709.7,654.0
2026-05-13 10:15:00,1778638500,4709.5,4711.9,4707.0,4711.1,940.0
2026-05-13 10:20:00,1778638800,4710.9,4712.6,4709.6,4711.6,540.0
2026-05-13 10:25:00,1778639100,4711.6,4712.3,4706.2,4708.5,727.0
2026-05-13 10:30:00,1778639400,4708.7,4708.7,4704.2,4704.5,1246.0
2026-05-13 10:35:00,1778639700,4704.4,4707.4,4703.2,4703.3,830.0
2026-05-13 10:40:00,1778640000,4703.3,4706.3,4702.2,4702.7,636.0
2026-05-13 10:45:00,1778640300,4702.8,4704.7,4701.0,4704.6,1235.0
2026-05-13 10:50:00,1778640600,4704.7,4705.2,4697.3,4697.6,1757.0
2026-05-13 10:55:00,1778640900,4697.7,4701.8,4696.0,4700.5,1424.0
2026-05-13 11:00:00,1778641200,4700.1,4702.2,4697.3,4700.9,938.0
2026-05-13 11:05:00,1778641500,4701.0,4701.8,4697.0,4697.5,472.0
2026-05-13 11:10:00,1778641800,4697.9,4703.0,4697.0,4700.6,763.0
2026-05-13 11:15:00,1778642100,4700.5,4702.6,4699.3,4702.3,623.0
2026-05-13 11:20:00,1778642400,4702.2,4704.4,4701.9,4703.2,685.0
2026-05-13 11:25:00,1778642700,4703.4,4709.0,4703.2,4708.9,1071.0
2026-05-13 11:30:00,1778643000,4708.8,4712.6,4708.3,4711.9,1284.0
2026-05-13 11:35:00,1778643300,4711.9,4714.8,4711.1,4712.2,809.0
2026-05-13 11:40:00,1778643600,4712.4,4713.6,4711.5,4712.0,407.0
2026-05-13 11:45:00,1778643900,4712.2,4713.1,4710.2,4710.6,682.0
2026-05-13 11:50:00,1778644200,4710.6,4710.8,4705.0,4705.6,1064.0
2026-05-13 11:55:00,1778644500,4705.3,4705.9,4702.3,4704.1,956.0
2026-05-13 12:00:00,1778644800,4704.0,4706.3,4703.4,4705.3,604.0
2026-05-13 12:05:00,1778645100,4705.4,4707.3,4703.6,4704.4,594.0
2026-05-13 12:10:00,1778645400,4704.7,4706.5,4703.6,4706.3,276.0
2026-05-13 12:15:00,1778645700,4706.1,4710.6,4705.9,4710.1,626.0
2026-05-13 12:20:00,1778646000,4710.0,4711.7,4708.9,4709.2,453.0
2026-05-13 12:25:00,1778646300,4709.5,4709.6,4708.1,4709.6,258.0
2026-05-13 12:30:00,1778646600,4709.5,4711.5,4708.1,4708.3,350.0
2026-05-13 12:35:00,1778646900,4708.1,4710.4,4705.9,4708.9,734.0
2026-05-13 12:40:00,1778647200,4709.1,4709.1,4705.3,4707.0,338.0
2026-05-13 12:45:00,1778647500,4706.8,4709.8,4706.5,4709.8,303.0
2026-05-13 12:50:00,1778647800,4709.7,4710.2,4707.3,4709.9,332.0
2026-05-13 12:55:00,1778648100,4710.0,4710.1,4706.6,4708.0,459.0
2026-05-13 13:00:00,1778648400,4707.7,4714.9,4706.7,4714.9,860.0
2026-05-13 13:05:00,1778648700,4714.9,4715.4,4711.7,4712.3,604.0
2026-05-13 13:10:00,1778649000,4712.7,4715.4,4712.1,4713.6,414.0
2026-05-13 13:15:00,1778649300,4713.3,4713.6,4708.4,4709.3,550.0
2026-05-13 13:20:00,1778649600,4709.4,4711.9,4706.3,4707.6,599.0
2026-05-13 13:25:00,1778649900,4707.5,4708.2,4705.8,4706.2,565.0
2026-05-13 13:30:00,1778650200,4705.8,4710.7,4701.3,4708.2,1832.0
2026-05-13 13:35:00,1778650500,4708.5,4710.0,4706.5,4709.1,512.0
2026-05-13 13:40:00,1778650800,4708.6,4710.2,4704.0,4704.4,576.0
2026-05-13 13:45:00,1778651100,4704.4,4707.6,4704.4,4706.0,571.0
2026-05-13 13:50:00,1778651400,4706.2,4708.7,4703.8,4707.1,413.0
2026-05-13 13:55:00,1778651700,4707.4,4713.1,4707.2,4711.5,868.0
2026-05-13 14:00:00,1778652000,4711.6,4717.7,4710.8,4717.1,1350.0
2026-05-13 14:05:00,1778652300,4717.0,4720.5,4714.9,4718.1,1398.0
2026-05-13 14:10:00,1778652600,4718.0,4719.5,4716.3,4718.2,813.0
2026-05-13 14:15:00,1778652900,4718.3,4723.2,4718.3,4720.6,1190.0
2026-05-13 14:20:00,1778653200,4720.3,4720.8,4715.1,4716.3,1166.0
2026-05-13 14:25:00,1778653500,4716.5,4717.9,4714.3,4716.4,600.0
2026-05-13 14:30:00,1778653800,4716.4,4719.1,4715.3,4717.9,491.0
2026-05-13 14:35:00,1778654100,4717.7,4720.6,4717.0,4719.3,529.0
2026-05-13 14:40:00,1778654400,4719.5,4721.8,4718.4,4719.1,755.0
2026-05-13 14:45:00,1778654700,4719.3,4720.4,4715.0,4716.4,740.0
2026-05-13 14:50:00,1778655000,4716.4,4716.5,4710.3,4710.3,1541.0
2026-05-13 14:55:00,1778655300,4710.6,4711.9,4707.0,4710.0,1224.0
2026-05-13 15:00:00,1778655600,4710.0,4713.6,4708.0,4709.3,1428.0
2026-05-13 15:05:00,1778655900,4709.1,4710.8,4704.5,4706.5,1232.0
2026-05-13 15:10:00,1778656200,4706.6,4711.7,4705.5,4709.8,905.0
2026-05-13 15:15:00,1778656500,4710.1,4714.9,4709.7,4713.5,793.0
2026-05-13 15:20:00,1778656800,4713.5,4716.2,4711.7,4712.9,480.0
2026-05-13 15:25:00,1778657100,4712.8,4716.6,4712.8,4715.6,452.0
2026-05-13 15:30:00,1778657400,4715.2,4715.7,4712.3,4714.1,303.0
2026-05-13 15:35:00,1778657700,4714.1,4715.5,4710.6,4711.2,385.0
2026-05-13 15:40:00,1778658000,4711.6,4713.1,4710.9,4711.3,268.0
2026-05-13 15:45:00,1778658300,4711.4,4712.6,4708.9,4711.3,425.0
2026-05-13 15:50:00,1778658600,4711.4,4712.0,4709.0,4710.3,561.0
2026-05-13 15:55:00,1778658900,4710.2,4711.8,4709.5,4710.5,263.0
2026-05-13 16:00:00,1778659200,4710.4,4712.0,4708.3,4709.0,512.0
2026-05-13 16:05:00,1778659500,4708.8,4709.5,4706.0,4708.2,582.0
2026-05-13 16:10:00,1778659800,4708.5,4709.5,4706.6,4708.0,473.0
2026-05-13 16:15:00,1778660100,4707.9,4708.6,4705.5,4706.6,485.0
2026-05-13 16:20:00,1778660400,4706.6,4708.3,4706.2,4706.8,270.0
2026-05-13 16:25:00,1778660700,4706.2,4707.1,4702.2,4704.6,897.0
2026-05-13 16:30:00,1778661000,4704.8,4705.8,4701.8,4705.5,573.0
2026-05-13 16:35:00,1778661300,4705.6,4707.4,4704.8,4706.0,500.0
2026-05-13 16:40:00,1778661600,4705.9,4706.6,4702.2,4703.4,394.0
2026-05-13 16:45:00,1778661900,4703.4,4706.1,4702.0,4705.0,705.0
2026-05-13 16:50:00,1778662200,4705.0,4708.2,4704.6,4708.1,358.0
2026-05-13 16:55:00,1778662500,4708.2,4710.2,4706.5,4707.9,656.0
2026-05-13 17:00:00,1778662800,4708.1,4709.1,4705.4,4707.8,543.0
2026-05-13 17:05:00,1778663100,4707.5,4707.8,4705.0,4705.9,417.0
2026-05-13 17:10:00,1778663400,4705.7,4706.7,4700.7,4701.6,656.0
2026-05-13 17:15:00,1778663700,4701.7,4702.6,4696.5,4698.1,1213.0
2026-05-13 17:20:00,1778664000,4698.1,4699.7,4692.4,4694.1,1546.0
2026-05-13 17:25:00,1778664300,4693.9,4699.5,4693.7,4696.1,1092.0
2026-05-13 17:30:00,1778664600,4696.0,4699.2,4693.3,4695.7,1420.0
2026-05-13 17:35:00,1778664900,4696.2,4700.6,4695.9,4698.6,842.0
2026-05-13 17:40:00,1778665200,4698.5,4702.2,4697.8,4701.8,603.0
2026-05-13 17:45:00,1778665500,4701.7,4704.6,4700.5,4704.3,625.0
2026-05-13 17:50:00,1778665800,4704.7,4706.4,4704.2,4705.9,837.0
2026-05-13 17:55:00,1778666100,4706.1,4708.9,4705.8,4708.8,634.0
2026-05-13 18:00:00,1778666400,4708.6,4709.5,4706.4,4706.8,483.0
2026-05-13 18:05:00,1778666700,4706.8,4718.3,4706.5,4716.7,1526.0
2026-05-13 18:10:00,1778667000,4716.6,4717.2,4709.2,4709.8,1391.0
2026-05-13 18:15:00,1778667300,4710.0,4711.0,4707.5,4708.0,653.0
2026-05-13 18:20:00,1778667600,4708.4,4713.5,4707.8,4710.9,773.0
2026-05-13 18:25:00,1778667900,4711.0,4711.3,4706.1,4707.0,635.0
2026-05-13 18:30:00,1778668200,4706.9,4707.6,4702.7,4703.8,1024.0
2026-05-13 18:35:00,1778668500,4703.6,4705.0,4702.7,4703.6,353.0
2026-05-13 18:40:00,1778668800,4703.6,4704.9,4701.2,4703.1,488.0
2026-05-13 18:45:00,1778669100,4703.0,4704.1,4701.5,4702.9,488.0
2026-05-13 18:50:00,1778669400,4702.7,4704.4,4701.6,4702.2,310.0
2026-05-13 18:55:00,1778669700,4702.6,4704.0,4700.8,4701.7,419.0
2026-05-13 19:00:00,1778670000,4701.8,4703.1,4699.0,4700.6,718.0
2026-05-13 19:05:00,1778670300,4700.6,4702.8,4698.8,4701.8,616.0
2026-05-13 19:10:00,1778670600,4701.7,4706.9,4701.7,4706.6,931.0
2026-05-13 19:15:00,1778670900,4706.4,4708.3,4703.5,4705.5,771.0
2026-05-13 19:20:00,1778671200,4705.7,4708.4,4704.9,4706.3,623.0
2026-05-13 19:25:00,1778671500,4706.3,4707.5,4704.9,4706.3,331.0
2026-05-13 19:30:00,1778671800,4706.2,4711.2,4705.8,4710.0,905.0
2026-05-13 19:35:00,1778672100,4710.3,4713.8,4710.1,4712.9,913.0
2026-05-13 19:40:00,1778672400,4712.9,4712.9,4708.8,4711.2,493.0
2026-05-13 19:45:00,1778672700,4711.2,4713.9,4710.0,4710.0,574.0
2026-05-13 19:50:00,1778673000,4710.0,4710.2,4707.8,4708.9,463.0
2026-05-13 19:55:00,1778673300,4708.5,4708.7,4705.1,4705.3,611.0
2026-05-13 20:00:00,1778673600,4705.1,4707.9,4702.2,4707.6,813.0
2026-05-13 20:05:00,1778673900,4707.2,4709.5,4705.2,4706.8,628.0
2026-05-13 20:10:00,1778674200,4706.6,4706.6,4700.9,4701.5,876.0
2026-05-13 20:15:00,1778674500,4701.4,4701.5,4696.4,4698.9,1744.0
2026-05-13 20:20:00,1778674800,4698.8,4700.6,4691.6,4695.0,2446.0
2026-05-13 20:25:00,1778675100,4694.8,4696.0,4690.4,4692.3,1628.0
2026-05-13 20:30:00,1778675400,4692.4,4694.8,4682.3,4689.5,3866.0
2026-05-13 20:35:00,1778675700,4689.5,4693.0,4684.0,4685.9,2818.0
2026-05-13 20:40:00,1778676000,4685.7,4690.9,4684.7,4689.9,1588.0
2026-05-13 20:45:00,1778676300,4690.1,4691.3,4684.5,4687.5,1576.0
2026-05-13 20:50:00,1778676600,4687.7,4692.7,4687.0,4688.8,1098.0
2026-05-13 20:55:00,1778676900,4688.1,4692.7,4685.7,4690.7,1209.0
2026-05-13 21:00:00,1778677200,4690.8,4697.9,4690.5,4695.2,2353.0
2026-05-13 21:05:00,1778677500,4695.3,4697.1,4692.5,4693.5,1326.0
2026-05-13 21:10:00,1778677800,4693.5,4698.5,4692.3,4697.2,1125.0
2026-05-13 21:15:00,1778678100,4696.9,4699.3,4693.6,4699.3,1097.0
2026-05-13 21:20:00,1778678400,4699.2,4701.9,4697.3,4701.1,1323.0
2026-05-13 21:25:00,1778678700,4701.3,4701.8,4695.3,4695.7,1255.0
2026-05-13 21:30:00,1778679000,4695.6,4698.1,4689.1,4690.8,3224.0
2026-05-13 21:35:00,1778679300,4691.1,4691.2,4679.7,4681.2,3998.0
2026-05-13 21:40:00,1778679600,4681.4,4690.8,4680.5,4685.8,3098.0
2026-05-13 21:45:00,1778679900,4685.6,4686.5,4676.1,4679.8,3450.0
2026-05-13 21:50:00,1778680200,4679.7,4690.0,4676.8,4690.0,2696.0
2026-05-13 21:55:00,1778680500,4689.9,4690.5,4684.5,4686.6,1774.0
2026-05-13 22:00:00,1778680800,4686.4,4687.6,4679.6,4683.9,2308.0
2026-05-13 22:05:00,1778681100,4683.8,4688.0,4681.0,4684.7,1920.0
2026-05-13 22:10:00,1778681400,4684.6,4690.5,4684.0,4688.3,1373.0
2026-05-13 22:15:00,1778681700,4688.2,4689.5,4680.0,4680.7,1668.0
2026-05-13 22:20:00,1778682000,4680.8,4689.3,4680.3,4689.0,1341.0
2026-05-13 22:25:00,1778682300,4688.8,4692.6,4688.3,4691.3,2244.0
2026-05-13 22:30:00,1778682600,4691.2,4697.7,4689.9,4697.1,2278.0
2026-05-13 22:35:00,1778682900,4697.2,4698.4,4691.6,4693.6,2058.0
2026-05-13 22:40:00,1778683200,4693.4,4695.9,4690.6,4691.0,1410.0
2026-05-13 22:45:00,1778683500,4691.0,4692.4,4684.3,4688.9,2488.0
2026-05-13 22:50:00,1778683800,4688.8,4689.7,4685.2,4688.2,1036.0
2026-05-13 22:55:00,1778684100,4688.1,4690.5,4685.8,4686.7,1054.0
2026-05-13 23:00:00,1778684400,4687.0,4693.4,4685.9,4691.3,1331.0
2026-05-13 23:05:00,1778684700,4691.4,4695.8,4689.0,4695.4,1307.0
2026-05-13 23:10:00,1778685000,4695.5,4698.0,4693.1,4694.2,1412.0
2026-05-13 23:15:00,1778685300,4694.5,4695.0,4692.3,4694.2,812.0
2026-05-13 23:20:00,1778685600,4694.1,4697.2,4691.9,4695.2,780.0
2026-05-13 23:25:00,1778685900,4695.2,4699.3,4694.5,4698.4,1081.0
2026-05-13 23:30:00,1778686200,4698.4,4703.5,4693.8,4702.5,1764.0
2026-05-13 23:35:00,1778686500,4702.6,4706.9,4701.8,4706.5,1781.0
2026-05-13 23:40:00,1778686800,4706.3,4708.2,4704.4,4706.8,1445.0
2026-05-13 23:45:00,1778687100,4707.1,4707.5,4703.6,4705.9,1078.0
2026-05-13 23:50:00,1778687400,4706.0,4706.2,4702.2,4703.2,1010.0
2026-05-13 23:55:00,1778687700,4703.3,4705.7,4702.2,4703.2,710.0
2026-05-14 00:00:00,1778688000,4703.0,4707.3,4702.8,4705.6,1067.0
2026-05-14 00:05:00,1778688300,4705.5,4709.7,4704.1,4708.6,1002.0
2026-05-14 00:10:00,1778688600,4708.8,4710.9,4707.0,4710.0,1015.0
2026-05-14 00:15:00,1778688900,4709.8,4711.6,4706.1,4707.2,1136.0
2026-05-14 00:20:00,1778689200,4707.3,4717.6,4706.4,4714.0,1751.0
2026-05-14 00:25:00,1778689500,4714.3,4717.9,4711.5,4714.8,1858.0
2026-05-14 00:30:00,1778689800,4714.9,4715.7,4710.2,4711.9,1581.0
2026-05-14 00:35:00,1778690100,4712.0,4712.3,4709.5,4710.8,744.0
2026-05-14 00:40:00,1778690400,4710.7,4711.0,4707.5,4708.0,896.0
2026-05-14 00:45:00,1778690700,4708.0,4709.9,4706.2,4707.5,702.0
2026-05-14 00:50:00,1778691000,4707.6,4707.6,4703.0,4704.2,1167.0
2026-05-14 00:55:00,1778691300,4704.2,4706.2,4702.9,4703.4,1132.0
2026-05-14 01:00:00,1778691600,4703.7,4707.3,4703.4,4704.6,966.0
2026-05-14 01:05:00,1778691900,4704.5,4707.9,4704.0,4707.5,954.0
2026-05-14 01:10:00,1778692200,4707.2,4709.0,4706.4,4707.9,579.0
2026-05-14 01:15:00,1778692500,4707.4,4707.8,4704.7,4707.7,596.0
2026-05-14 01:20:00,1778692800,4707.8,4709.2,4705.2,4705.3,760.0
2026-05-14 01:25:00,1778693100,4705.3,4708.3,4704.0,4706.1,1152.0
2026-05-14 01:30:00,1778693400,4706.4,4706.4,4698.2,4698.7,2041.0
2026-05-14 01:35:00,1778693700,4698.6,4700.9,4698.1,4699.3,1131.0
2026-05-14 01:40:00,1778694000,4699.5,4701.9,4699.0,4699.5,807.0
2026-05-14 01:45:00,1778694300,4699.6,4702.5,4698.1,4699.2,945.0
2026-05-14 01:50:00,1778694600,4699.1,4700.5,4696.1,4697.0,1047.0
2026-05-14 01:55:00,1778694900,4696.7,4697.8,4692.6,4693.5,1288.0
2026-05-14 02:00:00,1778695200,4693.6,4697.7,4692.4,4695.9,1226.0
2026-05-14 02:05:00,1778695500,4695.7,4699.7,4695.6,4698.9,729.0
2026-05-14 02:10:00,1778695800,4698.9,4700.6,4698.4,4700.6,670.0
2026-05-14 02:15:00,1778696100,4700.5,4702.1,4698.1,4698.8,718.0
2026-05-14 02:20:00,1778696400,4698.6,4699.2,4696.5,4698.3,558.0
2026-05-14 02:25:00,1778696700,4698.3,4700.2,4698.0,4699.8,439.0
2026-05-14 02:30:00,1778697000,4699.8,4700.9,4698.1,4699.1,512.0
2026-05-14 02:35:00,1778697300,4699.0,4699.0,4695.1,4698.0,891.0
2026-05-14 02:40:00,1778697600,4697.8,4699.6,4693.4,4694.1,952.0
2026-05-14 02:45:00,1778697900,4694.1,4695.6,4685.4,4687.5,2102.0
2026-05-14 02:50:00,1778698200,4687.5,4695.3,4687.5,4694.9,1187.0
2026-05-14 02:55:00,1778698500,4694.9,4696.0,4692.1,4692.7,887.0
2026-05-14 03:00:00,1778698800,4692.7,4693.9,4691.7,4691.9,483.0
2026-05-14 03:05:00,1778699100,4692.0,4694.6,4690.9,4694.4,550.0
2026-05-14 03:10:00,1778699400,4694.4,4697.1,4693.2,4697.1,533.0
2026-05-14 03:15:00,1778699700,4697.0,4698.7,4694.8,4696.0,598.0
2026-05-14 03:20:00,1778700000,4696.0,4698.0,4695.5,4695.8,432.0
2026-05-14 03:25:00,1778700300,4695.6,4696.3,4694.5,4694.9,359.0
2026-05-14 03:30:00,1778700600,4695.1,4696.5,4692.2,4693.2,596.0
2026-05-14 03:35:00,1778700900,4693.1,4697.0,4692.6,4696.9,380.0
2026-05-14 03:40:00,1778701200,4696.7,4696.7,4694.9,4696.3,211.0
2026-05-14 03:45:00,1778701500,4696.2,4697.2,4695.1,4697.2,266.0
2026-05-14 03:50:00,1778701800,4696.8,4696.8,4691.7,4693.4,813.0
2026-05-14 03:55:00,1778702100,4693.7,4696.9,4693.6,4696.1,555.0
2026-05-14 04:00:00,1778702400,4696.0,4696.8,4693.7,4694.7,547.0
2026-05-14 04:05:00,1778702700,4694.7,4697.3,4694.7,4696.8,272.0
2026-05-14 04:10:00,1778703000,4697.1,4699.1,4697.1,4699.0,263.0
2026-05-14 04:15:00,1778703300,4698.8,4699.1,4697.9,4699.0,250.0
2026-05-14 04:20:00,1778703600,4699.0,4701.4,4698.7,4700.9,329.0
2026-05-14 04:25:00,1778703900,4700.7,4701.5,4699.0,4699.3,235.0
2026-05-14 04:30:00,1778704200,4699.4,4701.0,4697.2,4697.8,354.0
2026-05-14 04:35:00,1778704500,4697.8,4699.3,4697.3,4699.3,171.0
2026-05-14 04:40:00,1778704800,4699.4,4699.7,4697.6,4698.6,158.0
2026-05-14 04:45:00,1778705100,4698.4,4699.1,4696.5,4696.7,352.0
2026-05-14 04:50:00,1778705400,4696.7,4697.4,4695.6,4696.1,302.0
2026-05-14 04:55:00,1778705700,4695.8,4697.6,4695.7,4696.8,193.0
2026-05-14 06:00:00,1778709600,4696.8,4701.0,4695.4,4699.9,587.0
2026-05-14 06:05:00,1778709900,4699.9,4700.8,4695.7,4696.3,441.0
2026-05-14 06:10:00,1778710200,4696.6,4698.0,4695.5,4697.5,311.0
2026-05-14 06:15:00,1778710500,4697.7,4702.8,4697.4,4701.0,683.0
2026-05-14 06:20:00,1778710800,4701.2,4703.3,4700.7,4702.4,392.0
2026-05-14 06:25:00,1778711100,4702.2,4704.1,4702.1,4703.5,433.0
2026-05-14 06:30:00,1778711400,4703.5,4705.5,4701.6,4703.5,550.0
2026-05-14 06:35:00,1778711700,4703.5,4706.1,4703.2,4704.9,381.0
2026-05-14 06:40:00,1778712000,4705.1,4707.0,4704.4,4705.5,375.0
2026-05-14 06:45:00,1778712300,4705.5,4706.3,4703.1,4704.2,589.0
2026-05-14 06:50:00,1778712600,4704.2,4707.4,4704.1,4706.5,423.0
2026-05-14 06:55:00,1778712900,4706.8,4707.4,4705.7,4706.7,279.0
2026-05-14 07:00:00,1778713200,4706.6,4707.9,4705.7,4705.8,456.0
2026-05-14 07:05:00,1778713500,4706.0,4708.3,4705.8,4707.6,401.0
2026-05-14 07:10:00,1778713800,4707.5,4709.0,4707.5,4708.3,315.0
2026-05-14 07:15:00,1778714100,4707.9,4708.4,4707.0,4707.5,172.0
2026-05-14 07:20:00,1778714400,4707.6,4708.0,4706.0,4706.3,217.0
2026-05-14 07:25:00,1778714700,4706.3,4706.3,4703.2,4703.8,825.0
2026-05-14 07:30:00,1778715000,4703.8,4704.3,4700.7,4702.1,782.0
2026-05-14 07:35:00,1778715300,4702.1,4703.9,4701.6,4702.9,378.0
2026-05-14 07:40:00,1778715600,4702.7,4704.6,4701.4,4701.6,717.0
2026-05-14 07:45:00,1778715900,4701.3,4703.4,4699.8,4700.0,817.0
2026-05-14 07:50:00,1778716200,4700.8,4702.6,4699.9,4702.5,230.0
2026-05-14 07:55:00,1778716500,4702.5,4703.8,4701.3,4703.2,374.0
2026-05-14 08:00:00,1778716800,4703.2,4706.3,4696.2,4698.6,2063.0
2026-05-14 08:05:00,1778717100,4698.4,4704.3,4697.6,4702.9,1226.0
2026-05-14 08:10:00,1778717400,4702.9,4705.6,4700.8,4704.4,545.0
2026-05-14 08:15:00,1778717700,4704.4,4712.5,4704.3,4708.1,1993.0
2026-05-14 08:20:00,1778718000,4707.9,4709.6,4706.4,4708.7,614.0
2026-05-14 08:25:00,1778718300,4708.8,4709.3,4706.3,4707.8,461.0
2026-05-14 08:30:00,1778718600,4707.8,4710.2,4703.6,4704.2,935.0
2026-05-14 08:35:00,1778718900,4704.4,4704.4,4701.1,4702.4,852.0
2026-05-14 08:40:00,1778719200,4702.7,4707.9,4699.7,4706.9,1127.0
2026-05-14 08:45:00,1778719500,4706.9,4711.7,4706.8,4710.5,1042.0
2026-05-14 08:50:00,1778719800,4710.5,4711.0,4706.3,4707.9,681.0
2026-05-14 08:55:00,1778720100,4707.9,4713.9,4707.6,4712.2,972.0
2026-05-14 09:00:00,1778720400,4712.0,4714.2,4701.1,4705.6,2930.0
2026-05-14 09:05:00,1778720700,4705.4,4705.8,4692.8,4695.2,3303.0
2026-05-14 09:10:00,1778721000,4695.4,4699.4,4690.7,4695.5,2639.0
2026-05-14 09:15:00,1778721300,4695.8,4701.4,4693.8,4695.1,2117.0
2026-05-14 09:20:00,1778721600,4695.4,4699.6,4695.0,4698.9,1103.0
2026-05-14 09:25:00,1778721900,4699.3,4702.2,4697.8,4699.3,888.0
2026-05-14 09:30:00,1778722200,4699.3,4701.5,4696.0,4699.4,1110.0
2026-05-14 09:35:00,1778722500,4699.5,4701.2,4693.4,4695.4,1295.0
2026-05-14 09:40:00,1778722800,4695.7,4696.7,4690.0,4695.4,1617.0
2026-05-14 09:45:00,1778723100,4695.5,4701.8,4693.5,4701.4,1153.0
2026-05-14 09:50:00,1778723400,4701.6,4701.6,4690.2,4692.4,1450.0
2026-05-14 09:55:00,1778723700,4692.2,4696.0,4690.6,4695.3,1166.0
2026-05-14 10:00:00,1778724000,4695.5,4700.6,4693.7,4700.4,972.0
2026-05-14 10:05:00,1778724300,4700.6,4700.6,4695.4,4697.5,667.0
2026-05-14 10:10:00,1778724600,4697.5,4697.6,4693.1,4694.6,668.0
2026-05-14 10:15:00,1778724900,4694.7,4697.8,4693.5,4696.4,489.0
2026-05-14 10:20:00,1778725200,4696.6,4698.1,4695.9,4697.7,330.0
2026-05-14 10:25:00,1778725500,4697.6,4701.0,4696.3,4700.3,1072.0
2026-05-14 10:30:00,1778725800,4700.4,4704.8,4697.6,4704.6,1277.0
2026-05-14 10:35:00,1778726100,4704.5,4706.6,4701.2,4701.6,1068.0
2026-05-14 10:40:00,1778726400,4701.8,4703.0,4695.9,4698.3,1140.0
2026-05-14 10:45:00,1778726700,4698.1,4699.9,4686.9,4688.7,2121.0
2026-05-14 10:50:00,1778727000,4688.9,4694.1,4685.9,4693.4,1409.0
2026-05-14 10:55:00,1778727300,4693.5,4694.6,4690.9,4692.7,652.0
2026-05-14 11:00:00,1778727600,4692.8,4696.6,4691.5,4693.1,790.0
2026-05-14 11:05:00,1778727900,4693.8,4694.1,4687.9,4690.7,1032.0
2026-05-14 11:10:00,1778728200,4690.8,4692.0,4687.7,4689.2,995.0
2026-05-14 11:15:00,1778728500,4689.0,4692.7,4688.5,4689.0,634.0
2026-05-14 11:20:00,1778728800,4688.6,4694.4,4687.5,4694.2,1016.0
2026-05-14 11:25:00,1778729100,4694.1,4699.5,4694.1,4697.1,1385.0
2026-05-14 11:30:00,1778729400,4697.4,4697.8,4688.9,4690.9,1256.0
2026-05-14 11:35:00,1778729700,4691.0,4692.6,4685.1,4686.6,1063.0
2026-05-14 11:40:00,1778730000,4686.5,4687.2,4681.6,4682.3,1404.0
2026-05-14 11:45:00,1778730300,4682.4,4683.8,4680.0,4682.7,1109.0
2026-05-14 11:50:00,1778730600,4682.6,4683.3,4680.2,4681.1,571.0
2026-05-14 11:55:00,1778730900,4681.2,4682.8,4679.7,4681.0,665.0
2026-05-14 12:00:00,1778731200,4680.8,4680.8,4673.0,4678.4,2444.0
2026-05-14 12:05:00,1778731500,4678.5,4686.1,4678.0,4684.9,1314.0
2026-05-14 12:10:00,1778731800,4684.6,4688.3,4683.0,4688.0,1133.0
2026-05-14 12:15:00,1778732100,4688.0,4689.7,4687.4,4689.3,629.0
2026-05-14 12:20:00,1778732400,4689.2,4698.3,4689.2,4697.5,1759.0
2026-05-14 12:25:00,1778732700,4697.4,4713.7,4697.2,4708.6,4385.0
2026-05-14 12:30:00,1778733000,4708.4,4717.2,4707.5,4715.3,2039.0
2026-05-14 12:35:00,1778733300,4715.4,4719.5,4713.1,4714.3,2038.0
2026-05-14 12:40:00,1778733600,4714.3,4714.6,4709.6,4711.5,1025.0
2026-05-14 12:45:00,1778733900,4711.7,4713.8,4709.8,4711.8,793.0
2026-05-14 12:50:00,1778734200,4711.9,4712.7,4710.2,4712.3,482.0
2026-05-14 12:55:00,1778734500,4712.7,4713.4,4708.9,4709.2,711.0
2026-05-14 13:00:00,1778734800,4709.2,4709.9,4706.5,4707.6,989.0
2026-05-14 13:05:00,1778735100,4707.4,4711.3,4707.2,4708.0,847.0
2026-05-14 13:10:00,1778735400,4708.6,4710.8,4706.6,4706.6,531.0
2026-05-14 13:15:00,1778735700,4706.8,4707.2,4704.2,4704.5,879.0
2026-05-14 13:20:00,1778736000,4704.7,4705.8,4703.7,4704.4,645.0
2026-05-14 13:25:00,1778736300,4704.5,4704.5,4700.1,4700.6,1036.0
2026-05-14 13:30:00,1778736600,4700.4,4708.4,4700.0,4705.5,2000.0
2026-05-14 13:35:00,1778736900,4705.5,4707.6,4703.5,4706.8,661.0
2026-05-14 13:40:00,1778737200,4707.1,4707.9,4703.6,4704.1,592.0
2026-05-14 13:45:00,1778737500,4704.5,4710.4,4704.2,4707.3,925.0
2026-05-14 13:50:00,1778737800,4707.2,4708.6,4705.0,4705.5,452.0
2026-05-14 13:55:00,1778738100,4705.3,4705.4,4695.8,4696.7,1498.0
2026-05-14 14:00:00,1778738400,4696.6,4700.4,4694.1,4699.8,1574.0
2026-05-14 14:05:00,1778738700,4700.0,4701.5,4694.0,4697.7,1242.0
2026-05-14 14:10:00,1778739000,4697.8,4698.8,4692.7,4694.7,844.0
2026-05-14 14:15:00,1778739300,4694.5,4696.3,4693.2,4695.3,619.0
2026-05-14 14:20:00,1778739600,4695.1,4697.8,4695.0,4697.2,510.0
2026-05-14 14:25:00,1778739900,4697.1,4700.0,4696.5,4697.9,635.0
2026-05-14 14:30:00,1778740200,4698.1,4701.6,4697.2,4700.9,548.0
2026-05-14 14:35:00,1778740500,4700.9,4702.2,4698.1,4701.1,590.0
2026-05-14 14:40:00,1778740800,4701.0,4706.5,4698.3,4705.7,981.0
2026-05-14 14:45:00,1778741100,4705.8,4709.4,4701.5,4702.2,1401.0
2026-05-14 14:50:00,1778741400,4702.2,4708.3,4702.2,4706.5,637.0
2026-05-14 14:55:00,1778741700,4706.6,4708.3,4705.3,4707.1,508.0
2026-05-14 15:00:00,1778742000,4706.9,4709.3,4703.5,4705.8,894.0
2026-05-14 15:05:00,1778742300,4705.9,4707.3,4702.7,4705.7,713.0
2026-05-14 15:10:00,1778742600,4705.8,4707.2,4700.7,4701.8,654.0
2026-05-14 15:15:00,1778742900,4702.1,4706.2,4701.5,4704.1,795.0
2026-05-14 15:20:00,1778743200,4704.3,4707.0,4701.6,4706.2,486.0
2026-05-14 15:25:00,1778743500,4706.4,4713.4,4705.7,4711.9,1256.0
2026-05-14 15:30:00,1778743800,4712.5,4717.4,4709.3,4716.9,1537.0
2026-05-14 15:35:00,1778744100,4717.0,4725.8,4716.8,4719.2,2818.0
2026-05-14 15:40:00,1778744400,4719.4,4721.9,4716.1,4716.3,1176.0
2026-05-14 15:45:00,1778744700,4716.3,4716.8,4710.3,4711.3,945.0
2026-05-14 15:50:00,1778745000,4711.4,4711.4,4702.0,4706.5,2123.0
2026-05-14 15:55:00,1778745300,4706.9,4708.5,4697.5,4700.1,1721.0
2026-05-14 16:00:00,1778745600,4699.7,4707.7,4698.7,4704.3,1611.0
2026-05-14 16:05:00,1778745900,4704.5,4706.9,4703.0,4704.2,558.0
2026-05-14 16:10:00,1778746200,4704.2,4707.6,4702.3,4706.1,650.0
2026-05-14 16:15:00,1778746500,4706.2,4708.7,4705.8,4706.3,634.0
2026-05-14 16:20:00,1778746800,4706.6,4708.5,4704.4,4707.6,615.0
2026-05-14 16:25:00,1778747100,4707.9,4711.7,4707.5,4710.0,781.0
2026-05-14 16:30:00,1778747400,4710.1,4712.9,4708.4,4709.2,650.0
2026-05-14 16:35:00,1778747700,4709.2,4713.7,4708.6,4708.8,894.0
2026-05-14 16:40:00,1778748000,4708.7,4709.7,4702.4,4703.4,910.0
2026-05-14 16:45:00,1778748300,4703.5,4704.4,4700.8,4702.0,747.0
2026-05-14 16:50:00,1778748600,4702.0,4703.2,4700.1,4701.5,453.0
2026-05-14 16:55:00,1778748900,4701.5,4703.8,4699.5,4700.0,562.0
2026-05-14 17:00:00,1778749200,4700.2,4700.9,4696.6,4699.3,894.0
2026-05-14 17:05:00,1778749500,4699.3,4703.4,4697.4,4702.8,661.0
2026-05-14 17:10:00,1778749800,4703.1,4704.9,4699.8,4701.1,691.0
2026-05-14 17:15:00,1778750100,4701.1,4703.6,4700.8,4702.3,276.0
2026-05-14 17:20:00,1778750400,4702.5,4703.3,4699.6,4700.0,228.0
2026-05-14 17:25:00,1778750700,4700.0,4701.2,4697.1,4697.4,716.0
2026-05-14 17:30:00,1778751000,4697.1,4701.3,4695.3,4701.2,916.0
2026-05-14 17:35:00,1778751300,4700.8,4700.9,4694.6,4698.8,830.0
2026-05-14 17:40:00,1778751600,4698.9,4703.8,4698.4,4702.0,527.0
2026-05-14 17:45:00,1778751900,4702.4,4707.3,4702.4,4706.8,757.0
2026-05-14 17:50:00,1778752200,4706.6,4709.1,4704.7,4705.6,742.0
2026-05-14 17:55:00,1778752500,4705.3,4708.2,4704.9,4706.0,381.0
2026-05-14 18:00:00,1778752800,4706.2,4706.8,4705.0,4706.0,260.0
2026-05-14 18:05:00,1778753100,4706.2,4707.2,4704.5,4705.0,343.0
2026-05-14 18:10:00,1778753400,4704.8,4711.8,4702.3,4703.7,1249.0
2026-05-14 18:15:00,1778753700,4704.0,4705.0,4701.5,4703.3,496.0
2026-05-14 18:20:00,1778754000,4702.8,4704.1,4700.0,4700.9,327.0
2026-05-14 18:25:00,1778754300,4700.9,4704.8,4700.6,4704.0,377.0
2026-05-14 18:30:00,1778754600,4704.1,4704.6,4701.7,4703.3,237.0
2026-05-14 18:35:00,1778754900,4703.3,4704.1,4701.0,4702.6,286.0
2026-05-14 18:40:00,1778755200,4702.7,4702.7,4698.5,4700.0,551.0
2026-05-14 18:45:00,1778755500,4700.1,4701.4,4698.3,4699.4,321.0
2026-05-14 18:50:00,1778755800,4699.5,4704.3,4697.6,4702.8,731.0
2026-05-14 18:55:00,1778756100,4703.1,4704.1,4701.9,4703.8,454.0
2026-05-14 19:00:00,1778756400,4703.6,4705.4,4701.2,4701.2,473.0
2026-05-14 19:05:00,1778756700,4701.4,4705.6,4699.0,4703.9,518.0
2026-05-14 19:10:00,1778757000,4703.8,4704.3,4702.5,4704.0,268.0
2026-05-14 19:15:00,1778757300,4703.8,4704.1,4701.1,4701.7,281.0
2026-05-14 19:20:00,1778757600,4701.5,4703.3,4699.6,4700.0,331.0
2026-05-14 19:25:00,1778757900,4699.9,4700.6,4695.7,4698.2,763.0
2026-05-14 19:30:00,1778758200,4698.5,4701.5,4697.0,4700.1,387.0
2026-05-14 19:35:00,1778758500,4700.0,4702.4,4699.2,4702.1,207.0
2026-05-14 19:40:00,1778758800,4701.9,4703.8,4701.4,4701.7,386.0
2026-05-14 19:45:00,1778759100,4701.7,4707.0,4701.4,4704.8,766.0
2026-05-14 19:50:00,1778759400,4704.8,4711.3,4704.3,4711.1,1020.0
2026-05-14 19:55:00,1778759700,4710.7,4711.5,4700.5,4700.5,1408.0
2026-05-14 20:00:00,1778760000,4700.3,4704.5,4698.7,4702.7,1222.0
2026-05-14 20:05:00,1778760300,4702.6,4705.4,4700.1,4703.8,568.0
2026-05-14 20:10:00,1778760600,4703.9,4710.4,4703.1,4710.3,1094.0
2026-05-14 20:15:00,1778760900,4710.5,4710.5,4705.3,4708.2,840.0
2026-05-14 20:20:00,1778761200,4708.1,4715.0,4707.9,4712.4,1870.0
2026-05-14 20:25:00,1778761500,4712.1,4712.9,4708.3,4708.7,808.0
2026-05-14 20:30:00,1778761800,4709.0,4715.2,4707.4,4712.3,1660.0
2026-05-14 20:35:00,1778762100,4712.6,4716.9,4710.1,4713.4,2366.0
2026-05-14 20:40:00,1778762400,4713.5,4714.2,4704.4,4704.8,1327.0
2026-05-14 20:45:00,1778762700,4704.4,4710.0,4702.5,4709.7,1475.0
2026-05-14 20:50:00,1778763000,4709.8,4712.1,4708.3,4710.3,889.0
2026-05-14 20:55:00,1778763300,4710.4,4713.4,4709.7,4711.9,839.0
2026-05-14 21:00:00,1778763600,4712.0,4714.9,4702.4,4703.9,2441.0
2026-05-14 21:05:00,1778763900,4703.8,4709.9,4703.2,4708.0,1202.0
2026-05-14 21:10:00,1778764200,4707.7,4711.7,4707.7,4711.0,979.0
2026-05-14 21:15:00,1778764500,4710.8,4711.0,4697.8,4700.0,1984.0
2026-05-14 21:20:00,1778764800,4699.7,4701.8,4696.3,4701.4,1951.0
2026-05-14 21:25:00,1778765100,4701.4,4703.7,4694.0,4694.5,1860.0
2026-05-14 21:30:00,1778765400,4694.6,4695.9,4687.7,4690.5,4389.0
2026-05-14 21:35:00,1778765700,4690.6,4693.6,4686.4,4688.6,2435.0
2026-05-14 21:40:00,1778766000,4689.0,4689.4,4671.3,4682.7,7267.0
2026-05-14 21:45:00,1778766300,4682.3,4696.4,4681.5,4695.2,4725.0
2026-05-14 21:50:00,1778766600,4695.2,4697.0,4686.3,4691.2,3123.0
2026-05-14 21:55:00,1778766900,4691.4,4692.5,4684.5,4685.4,2248.0
2026-05-14 22:00:00,1778767200,4685.1,4695.3,4683.3,4691.8,3855.0
2026-05-14 22:05:00,1778767500,4692.0,4692.9,4686.4,4691.6,2095.0
2026-05-14 22:10:00,1778767800,4691.7,4696.5,4691.2,4693.9,1451.0
2026-05-14 22:15:00,1778768100,4694.0,4701.5,4693.0,4700.9,2043.0
2026-05-14 22:20:00,1778768400,4700.7,4707.2,4699.3,4700.9,2564.0
2026-05-14 22:25:00,1778768700,4701.0,4701.5,4694.4,4697.9,1768.0
2026-05-14 22:30:00,1778769000,4698.0,4698.5,4693.2,4694.4,1165.0
2026-05-14 22:35:00,1778769300,4694.6,4697.2,4692.1,4696.1,1096.0
2026-05-14 22:40:00,1778769600,4695.7,4698.8,4692.4,4693.3,1155.0
2026-05-14 22:45:00,1778769900,4693.1,4695.3,4690.9,4693.5,1215.0
2026-05-14 22:50:00,1778770200,4693.5,4696.8,4688.9,4691.4,1450.0
2026-05-14 22:55:00,1778770500,4691.5,4694.7,4685.4,4685.5,1383.0
2026-05-14 23:00:00,1778770800,4685.8,4688.9,4682.8,4684.5,1933.0
2026-05-14 23:05:00,1778771100,4684.1,4689.9,4684.1,4689.6,1064.0
2026-05-14 23:10:00,1778771400,4689.9,4692.7,4688.1,4690.8,939.0
2026-05-14 23:15:00,1778771700,4690.6,4695.0,4690.3,4693.6,833.0
2026-05-14 23:20:00,1778772000,4693.7,4693.8,4690.2,4691.9,674.0
2026-05-14 23:25:00,1778772300,4692.1,4695.6,4691.4,4691.9,899.0
2026-05-14 23:30:00,1778772600,4692.2,4695.0,4690.7,4695.0,725.0
2026-05-14 23:35:00,1778772900,4694.9,4695.3,4691.2,4692.8,637.0
2026-05-14 23:40:00,1778773200,4692.8,4693.6,4686.9,4688.6,1211.0
2026-05-14 23:45:00,1778773500,4688.5,4689.8,4686.8,4689.5,725.0
2026-05-14 23:50:00,1778773800,4689.7,4691.4,4687.2,4690.6,632.0
2026-05-14 23:55:00,1778774100,4690.8,4692.9,4689.7,4691.9,545.0
2026-05-15 00:00:00,1778774400,4692.1,4693.4,4684.3,4685.2,1207.0
2026-05-15 00:05:00,1778774700,4684.8,4685.7,4680.6,4683.5,1690.0
2026-05-15 00:10:00,1778775000,4683.5,4685.6,4680.2,4684.9,1029.0
2026-05-15 00:15:00,1778775300,4684.6,4687.6,4684.6,4686.1,573.0
2026-05-15 00:20:00,1778775600,4686.2,4686.9,4683.2,4683.7,551.0
2026-05-15 00:25:00,1778775900,4683.9,4684.0,4681.4,4683.2,647.0
2026-05-15 00:30:00,1778776200,4683.5,4684.6,4679.7,4680.5,993.0
2026-05-15 00:35:00,1778776500,4680.2,4681.1,4676.2,4679.0,1546.0
2026-05-15 00:40:00,1778776800,4679.0,4682.2,4678.5,4681.5,627.0
2026-05-15 00:45:00,1778777100,4681.4,4682.9,4678.6,4682.2,878.0
2026-05-15 00:50:00,1778777400,4682.3,4684.8,4681.1,4683.4,552.0
2026-05-15 00:55:00,1778777700,4683.3,4685.2,4681.3,4684.6,586.0
2026-05-15 01:00:00,1778778000,4684.5,4689.1,4684.5,4687.2,1089.0
2026-05-15 01:05:00,1778778300,4687.4,4688.9,4686.1,4686.3,631.0
2026-05-15 01:10:00,1778778600,4686.3,4687.6,4684.5,4684.7,477.0
2026-05-15 01:15:00,1778778900,4684.6,4687.3,4684.4,4686.3,487.0
2026-05-15 01:20:00,1778779200,4686.2,4689.9,4685.8,4687.0,621.0
2026-05-15 01:25:00,1778779500,4686.9,4688.6,4683.0,4683.5,1229.0
2026-05-15 01:30:00,1778779800,4683.7,4685.4,4682.3,4685.4,751.0
2026-05-15 01:35:00,1778780100,4685.4,4686.3,4684.6,4684.8,262.0
2026-05-15 01:40:00,1778780400,4685.2,4687.8,4685.2,4687.7,326.0
2026-05-15 01:45:00,1778780700,4687.8,4688.1,4685.9,4687.2,367.0
2026-05-15 01:50:00,1778781000,4687.3,4687.6,4684.0,4684.5,388.0
2026-05-15 01:55:00,1778781300,4684.2,4685.5,4683.8,4684.4,300.0
2026-05-15 02:00:00,1778781600,4684.5,4684.5,4674.6,4676.1,1885.0
2026-05-15 02:05:00,1778781900,4675.9,4680.2,4674.5,4678.2,1066.0
2026-05-15 02:10:00,1778782200,4678.0,4680.9,4677.2,4680.6,603.0
2026-05-15 02:15:00,1778782500,4680.5,4682.1,4679.7,4681.5,442.0
2026-05-15 02:20:00,1778782800,4681.8,4682.5,4679.9,4680.9,550.0
2026-05-15 02:25:00,1778783100,4680.8,4681.6,4678.7,4679.5,432.0
2026-05-15 02:30:00,1778783400,4679.5,4680.8,4678.3,4678.7,610.0
2026-05-15 02:35:00,1778783700,4678.9,4679.6,4676.1,4676.1,661.0
2026-05-15 02:40:00,1778784000,4676.0,4677.9,4674.2,4674.2,1034.0
2026-05-15 02:45:00,1778784300,4674.5,4675.8,4672.3,4675.3,1142.0
2026-05-15 02:50:00,1778784600,4675.4,4676.2,4673.9,4674.0,336.0
2026-05-15 02:55:00,1778784900,4673.9,4677.9,4673.7,4677.3,492.0
2026-05-15 03:00:00,1778785200,4677.5,4677.5,4673.6,4674.5,617.0
2026-05-15 03:05:00,1778785500,4674.5,4675.0,4672.3,4674.6,818.0
2026-05-15 03:10:00,1778785800,4674.8,4674.9,4672.0,4672.9,556.0
2026-05-15 03:15:00,1778786100,4672.9,4673.7,4670.0,4672.9,1054.0
2026-05-15 03:20:00,1778786400,4672.9,4674.8,4672.2,4673.3,697.0
2026-05-15 03:25:00,1778786700,4673.2,4674.6,4667.9,4668.7,1291.0
2026-05-15 03:30:00,1778787000,4668.9,4671.0,4666.5,4670.1,1215.0
2026-05-15 03:35:00,1778787300,4670.2,4670.3,4664.3,4665.0,1335.0
2026-05-15 03:40:00,1778787600,4664.7,4666.2,4661.0,4662.0,1738.0
2026-05-15 03:45:00,1778787900,4662.1,4663.0,4658.0,4662.7,1963.0
2026-05-15 03:50:00,1778788200,4662.3,4664.3,4661.0,4663.4,883.0
2026-05-15 03:55:00,1778788500,4663.7,4663.7,4658.4,4659.6,1301.0
2026-05-15 04:00:00,1778788800,4659.7,4662.8,4654.2,4654.9,1525.0
2026-05-15 04:05:00,1778789100,4655.0,4657.2,4654.3,4656.8,855.0
2026-05-15 04:10:00,1778789400,4657.1,4657.7,4654.4,4654.9,608.0
2026-05-15 04:15:00,1778789700,4654.8,4656.2,4653.2,4654.6,342.0
2026-05-15 04:20:00,1778790000,4654.2,4656.0,4653.4,4653.9,295.0
2026-05-15 04:25:00,1778790300,4653.9,4653.9,4651.9,4653.2,572.0
2026-05-15 04:30:00,1778790600,4653.2,4653.7,4651.7,4652.6,419.0
2026-05-15 04:35:00,1778790900,4652.9,4653.6,4649.3,4651.2,949.0
2026-05-15 04:40:00,1778791200,4651.2,4658.3,4650.6,4655.6,865.0
2026-05-15 04:45:00,1778791500,4655.8,4657.5,4655.1,4655.3,498.0
2026-05-15 04:50:00,1778791800,4655.4,4656.3,4654.3,4656.1,305.0
2026-05-15 04:55:00,1778792100,4656.0,4657.5,4655.3,4655.3,438.0
2026-05-15 06:00:00,1778796000,4655.4,4660.8,4650.1,4657.0,1381.0
2026-05-15 06:05:00,1778796300,4657.1,4662.3,4655.5,4660.3,1231.0
2026-05-15 06:10:00,1778796600,4660.3,4662.4,4658.3,4659.5,818.0
2026-05-15 06:15:00,1778796900,4659.6,4663.6,4659.3,4663.3,823.0
2026-05-15 06:20:00,1778797200,4663.3,4663.5,4661.5,4661.9,501.0
2026-05-15 06:25:00,1778797500,4661.8,4663.5,4661.2,4662.7,431.0
2026-05-15 06:30:00,1778797800,4662.9,4666.6,4662.7,4664.7,952.0
2026-05-15 06:35:00,1778798100,4664.9,4665.8,4663.0,4664.8,530.0
2026-05-15 06:40:00,1778798400,4664.8,4666.7,4664.2,4666.2,454.0
2026-05-15 06:45:00,1778798700,4666.2,4666.4,4665.0,4665.4,360.0
2026-05-15 06:50:00,1778799000,4665.2,4667.1,4663.9,4667.0,519.0
2026-05-15 06:55:00,1778799300,4666.7,4667.1,4666.1,4666.7,225.0
2026-05-15 07:00:00,1778799600,4666.6,4667.8,4665.1,4667.7,598.0
2026-05-15 07:05:00,1778799900,4667.6,4667.7,4665.0,4665.3,306.0
2026-05-15 07:10:00,1778800200,4665.1,4667.3,4662.9,4663.3,854.0
2026-05-15 07:15:00,1778800500,4663.5,4664.6,4660.0,4662.9,1092.0
2026-05-15 07:20:00,1778800800,4662.9,4663.6,4659.6,4662.2,627.0
2026-05-15 07:25:00,1778801100,4662.2,4669.0,4662.0,4668.3,1217.0
2026-05-15 07:30:00,1778801400,4668.1,4669.8,4654.3,4655.2,2606.0
2026-05-15 07:35:00,1778801700,4655.2,4657.8,4650.6,4657.2,1448.0
2026-05-15 07:40:00,1778802000,4657.3,4661.8,4656.3,4661.8,764.0
2026-05-15 07:45:00,1778802300,4661.8,4661.9,4656.4,4659.0,966.0
2026-05-15 07:50:00,1778802600,4658.7,4659.5,4655.2,4656.3,809.0
2026-05-15 07:55:00,1778802900,4656.3,4656.6,4652.2,4656.3,1361.0
2026-05-15 08:00:00,1778803200,4656.5,4658.6,4646.5,4653.6,3221.0
2026-05-15 08:05:00,1778803500,4653.9,4656.7,4650.7,4654.9,1220.0
2026-05-15 08:10:00,1778803800,4655.2,4655.6,4648.8,4654.8,1271.0
2026-05-15 08:15:00,1778804100,4654.9,4662.7,4653.3,4659.0,3265.0
2026-05-15 08:20:00,1778804400,4658.6,4659.4,4649.0,4649.3,1446.0
2026-05-15 08:25:00,1778804700,4649.2,4649.6,4632.2,4634.6,5756.0
2026-05-15 08:30:00,1778805000,4634.8,4635.2,4626.5,4629.3,4372.0
2026-05-15 08:35:00,1778805300,4629.0,4630.4,4623.6,4627.2,2662.0
2026-05-15 08:40:00,1778805600,4627.1,4627.6,4618.3,4624.1,3380.0
2026-05-15 08:45:00,1778805900,4624.1,4632.9,4624.1,4632.7,2624.0
2026-05-15 08:50:00,1778806200,4632.7,4632.9,4621.8,4624.7,2467.0
2026-05-15 08:55:00,1778806500,4624.9,4635.8,4621.9,4635.1,2827.0
2026-05-15 09:00:00,1778806800,4635.2,4636.7,4624.0,4627.8,4311.0
2026-05-15 09:05:00,1778807100,4627.6,4629.7,4613.8,4614.7,4282.0
2026-05-15 09:10:00,1778807400,4614.5,4620.3,4612.4,4619.3,2943.0
2026-05-15 09:15:00,1778807700,4619.4,4625.6,4613.4,4624.3,2998.0
2026-05-15 09:20:00,1778808000,4624.1,4630.7,4620.7,4625.2,2416.0
2026-05-15 09:25:00,1778808300,4624.7,4626.1,4612.1,4613.2,2483.0
2026-05-15 09:30:00,1778808600,4613.1,4620.8,4611.7,4620.3,2294.0
2026-05-15 09:35:00,1778808900,4620.3,4625.4,4618.0,4621.6,1949.0
2026-05-15 09:40:00,1778809200,4621.8,4627.2,4621.4,4627.2,1276.0
2026-05-15 09:45:00,1778809500,4627.1,4628.7,4618.2,4620.3,1920.0
2026-05-15 09:50:00,1778809800,4620.3,4622.0,4610.0,4614.2,2971.0
2026-05-15 09:55:00,1778810100,4614.2,4620.6,4614.0,4617.9,2220.0
2026-05-15 10:00:00,1778810400,4617.6,4619.2,4613.5,4618.5,1828.0
2026-05-15 10:05:00,1778810700,4618.2,4622.7,4616.6,4622.3,1287.0
2026-05-15 10:10:00,1778811000,4622.6,4623.2,4617.0,4617.4,1066.0
2026-05-15 10:15:00,1778811300,4617.1,4620.5,4613.0,4618.2,1570.0
2026-05-15 10:20:00,1778811600,4617.8,4620.8,4616.3,4618.1,727.0
2026-05-15 10:25:00,1778811900,4618.2,4619.2,4615.4,4616.6,640.0
2026-05-15 10:30:00,1778812200,4616.1,4618.9,4613.5,4616.4,979.0
2026-05-15 10:35:00,1778812500,4616.1,4620.5,4616.0,4616.9,1185.0
2026-05-15 10:40:00,1778812800,4616.8,4622.0,4614.7,4621.9,948.0
2026-05-15 10:45:00,1778813100,4622.0,4622.9,4615.4,4618.5,1122.0
2026-05-15 10:50:00,1778813400,4618.3,4625.5,4616.1,4624.9,1572.0
2026-05-15 10:55:00,1778813700,4625.0,4627.3,4621.3,4622.0,1210.0
2026-05-15 11:00:00,1778814000,4621.9,4625.0,4617.9,4623.5,1551.0
2026-05-15 11:05:00,1778814300,4623.5,4626.2,4620.7,4621.3,984.0
2026-05-15 11:10:00,1778814600,4621.7,4624.2,4620.2,4621.6,687.0
2026-05-15 11:15:00,1778814900,4621.4,4622.5,4618.2,4618.8,825.0
2026-05-15 11:20:00,1778815200,4618.6,4619.2,4613.5,4617.9,1423.0
2026-05-15 11:25:00,1778815500,4617.8,4618.6,4615.8,4616.9,476.0
2026-05-15 11:30:00,1778815800,4616.8,4618.0,4611.1,4613.0,1088.0
2026-05-15 11:35:00,1778816100,4613.0,4619.9,4612.5,4618.4,976.0
2026-05-15 11:40:00,1778816400,4618.5,4621.6,4617.6,4617.6,717.0
2026-05-15 11:45:00,1778816700,4617.6,4619.8,4616.6,4619.8,408.0
2026-05-15 11:50:00,1778817000,4619.7,4621.5,4616.7,4617.0,712.0
2026-05-15 11:55:00,1778817300,4616.9,4621.0,4614.4,4619.4,672.0
2026-05-15 12:00:00,1778817600,4619.6,4620.6,4617.0,4618.4,493.0
2026-05-15 12:05:00,1778817900,4618.3,4625.6,4618.0,4625.3,1098.0
2026-05-15 12:10:00,1778818200,4625.6,4625.6,4622.3,4624.1,659.0
2026-05-15 12:15:00,1778818500,4624.1,4624.8,4618.0,4618.2,950.0
2026-05-15 12:20:00,1778818800,4618.2,4618.2,4611.4,4614.8,1478.0
2026-05-15 12:25:00,1778819100,4615.0,4616.8,4613.5,4614.9,724.0
2026-05-15 12:30:00,1778819400,4614.7,4619.0,4614.6,4618.3,565.0
2026-05-15 12:35:00,1778819700,4618.6,4619.0,4614.7,4615.5,557.0
2026-05-15 12:40:00,1778820000,4615.3,4617.5,4608.3,4609.8,1145.0
2026-05-15 12:45:00,1778820300,4610.2,4614.0,4609.0,4613.8,820.0
2026-05-15 12:50:00,1778820600,4613.6,4616.8,4612.1,4612.2,737.0
2026-05-15 12:55:00,1778820900,4612.3,4612.8,4608.8,4609.8,832.0
2026-05-15 13:00:00,1778821200,4610.3,4610.6,4603.1,4604.2,2290.0
2026-05-15 13:05:00,1778821500,4604.3,4605.6,4596.4,4597.1,3153.0
2026-05-15 13:10:00,1778821800,4597.0,4597.7,4592.3,4596.0,2268.0
2026-05-15 13:15:00,1778822100,4596.1,4599.4,4585.5,4587.2,2648.0
2026-05-15 13:20:00,1778822400,4587.2,4593.4,4584.7,4589.0,2728.0
2026-05-15 13:25:00,1778822700,4588.8,4594.4,4587.5,4593.0,1613.0
2026-05-15 13:30:00,1778823000,4592.8,4594.0,4571.4,4573.7,5124.0
2026-05-15 13:35:00,1778823300,4573.7,4576.5,4567.6,4573.2,4032.0
2026-05-15 13:40:00,1778823600,4573.4,4579.8,4570.0,4572.5,2660.0
2026-05-15 13:45:00,1778823900,4572.0,4574.6,4565.7,4567.4,3047.0
2026-05-15 13:50:00,1778824200,4567.8,4577.2,4567.8,4573.0,1642.0
2026-05-15 13:55:00,1778824500,4572.9,4574.9,4560.6,4562.8,2436.0
2026-05-15 14:00:00,1778824800,4562.5,4569.0,4560.0,4567.5,2967.0
2026-05-15 14:05:00,1778825100,4567.5,4574.0,4565.5,4570.4,2166.0
2026-05-15 14:10:00,1778825400,4570.2,4576.9,4567.6,4575.0,2216.0
2026-05-15 14:15:00,1778825700,4574.7,4582.1,4573.9,4579.4,2726.0
2026-05-15 14:20:00,1778826000,4578.8,4582.4,4576.7,4578.7,1923.0
2026-05-15 14:25:00,1778826300,4579.0,4581.9,4576.3,4579.1,1294.0
2026-05-15 14:30:00,1778826600,4579.1,4584.9,4578.1,4579.2,1567.0
2026-05-15 14:35:00,1778826900,4579.4,4580.3,4574.6,4576.3,1535.0
2026-05-15 14:40:00,1778827200,4576.6,4577.4,4571.2,4572.0,1113.0
2026-05-15 14:45:00,1778827500,4572.0,4578.6,4568.5,4577.2,1728.0
2026-05-15 14:50:00,1778827800,4576.9,4578.4,4572.7,4573.2,1111.0
2026-05-15 14:55:00,1778828100,4573.3,4575.2,4570.1,4574.1,1189.0
2026-05-15 15:00:00,1778828400,4574.2,4576.7,4569.8,4574.3,1492.0
2026-05-15 15:05:00,1778828700,4574.1,4581.5,4573.6,4581.1,1877.0
2026-05-15 15:10:00,1778829000,4581.0,4591.0,4580.3,4590.8,2689.0
2026-05-15 15:15:00,1778829300,4590.9,4592.4,4587.0,4591.0,1751.0
2026-05-15 15:20:00,1778829600,4591.2,4593.5,4587.0,4587.3,1432.0
2026-05-15 15:25:00,1778829900,4587.3,4588.6,4584.1,4586.7,1495.0
2026-05-15 15:30:00,1778830200,4586.6,4587.6,4582.1,4584.1,1041.0
2026-05-15 15:35:00,1778830500,4584.1,4587.5,4579.3,4582.4,1200.0
2026-05-15 15:40:00,1778830800,4582.0,4583.9,4580.3,4582.6,905.0
2026-05-15 15:45:00,1778831100,4582.6,4584.0,4578.5,4580.1,861.0
2026-05-15 15:50:00,1778831400,4579.8,4579.8,4573.4,4575.7,1422.0
2026-05-15 15:55:00,1778831700,4575.5,4578.1,4573.4,4575.8,963.0
2026-05-15 16:00:00,1778832000,4575.6,4576.9,4561.6,4565.2,2641.0
2026-05-15 16:05:00,1778832300,4565.3,4572.5,4564.2,4570.8,1851.0
2026-05-15 16:10:00,1778832600,4570.8,4571.2,4567.8,4569.7,879.0
2026-05-15 16:15:00,1778832900,4569.4,4569.8,4556.8,4561.0,3253.0
2026-05-15 16:20:00,1778833200,4560.7,4565.3,4558.0,4564.2,1654.0
2026-05-15 16:25:00,1778833500,4563.8,4565.5,4560.1,4562.6,1015.0
2026-05-15 16:30:00,1778833800,4562.3,4562.3,4553.2,4559.8,2612.0
2026-05-15 16:35:00,1778834100,4559.6,4563.6,4557.5,4562.7,1548.0
2026-05-15 16:40:00,1778834400,4563.2,4567.5,4562.2,4567.3,1425.0
2026-05-15 16:45:00,1778834700,4567.1,4568.4,4562.8,4567.0,743.0
2026-05-15 16:50:00,1778835000,4567.0,4567.2,4561.1,4562.5,720.0
2026-05-15 16:55:00,1778835300,4562.3,4562.7,4556.6,4559.0,1020.0
2026-05-15 17:00:00,1778835600,4559.0,4563.0,4554.4,4562.6,1709.0
2026-05-15 17:05:00,1778835900,4562.3,4568.2,4557.4,4559.1,1442.0
2026-05-15 17:10:00,1778836200,4559.4,4559.9,4549.5,4551.5,1863.0
2026-05-15 17:15:00,1778836500,4551.5,4553.4,4543.3,4550.5,2470.0
2026-05-15 17:20:00,1778836800,4550.6,4556.8,4548.4,4555.8,1528.0
2026-05-15 17:25:00,1778837100,4555.7,4558.8,4554.1,4557.5,1218.0
2026-05-15 17:30:00,1778837400,4557.4,4559.8,4555.9,4557.3,1056.0
2026-05-15 17:35:00,1778837700,4557.7,4557.7,4548.3,4550.8,1432.0
2026-05-15 17:40:00,1778838000,4550.5,4553.2,4546.5,4548.0,1169.0
2026-05-15 17:45:00,1778838300,4547.5,4548.1,4541.5,4541.9,1879.0
2026-05-15 17:50:00,1778838600,4541.7,4546.9,4535.7,4546.2,2567.0
2026-05-15 17:55:00,1778838900,4546.4,4550.9,4542.0,4549.7,1222.0
2026-05-15 18:00:00,1778839200,4550.1,4553.8,4547.9,4550.4,1356.0
2026-05-15 18:05:00,1778839500,4550.1,4563.7,4549.9,4562.5,1744.0
2026-05-15 18:10:00,1778839800,4562.5,4566.8,4559.8,4564.9,1406.0
2026-05-15 18:15:00,1778840100,4565.1,4567.5,4560.8,4561.4,1186.0
2026-05-15 18:20:00,1778840400,4561.5,4566.2,4559.5,4560.2,1453.0
2026-05-15 18:25:00,1778840700,4560.4,4561.0,4555.6,4555.8,1102.0
2026-05-15 18:30:00,1778841000,4555.6,4561.0,4554.9,4558.8,1064.0
2026-05-15 18:35:00,1778841300,4558.9,4558.9,4554.8,4556.3,663.0
2026-05-15 18:40:00,1778841600,4556.2,4559.6,4553.6,4559.2,1008.0
2026-05-15 18:45:00,1778841900,4559.2,4567.8,4558.2,4563.6,2364.0
2026-05-15 18:50:00,1778842200,4563.3,4576.8,4561.4,4573.3,3123.0
2026-05-15 18:55:00,1778842500,4573.2,4574.3,4567.9,4570.9,1482.0
2026-05-15 19:00:00,1778842800,4570.7,4574.8,4566.1,4566.1,1377.0
2026-05-15 19:05:00,1778843100,4566.1,4570.7,4565.2,4568.7,1204.0
2026-05-15 19:10:00,1778843400,4568.2,4573.3,4567.9,4570.7,1110.0
2026-05-15 19:15:00,1778843700,4570.9,4573.5,4567.8,4568.7,730.0
2026-05-15 19:20:00,1778844000,4568.7,4569.9,4567.2,4569.2,554.0
2026-05-15 19:25:00,1778844300,4569.0,4569.0,4563.4,4566.8,839.0
2026-05-15 19:30:00,1778844600,4567.0,4567.0,4562.8,4564.2,676.0
2026-05-15 19:35:00,1778844900,4563.8,4564.7,4558.0,4558.5,1122.0
2026-05-15 19:40:00,1778845200,4558.5,4559.2,4555.3,4555.9,956.0
2026-05-15 19:45:00,1778845500,4555.9,4563.2,4555.6,4561.1,1268.0
2026-05-15 19:50:00,1778845800,4561.0,4563.4,4557.9,4558.5,659.0
2026-05-15 19:55:00,1778846100,4558.5,4558.5,4554.2,4556.2,919.0
2026-05-15 20:00:00,1778846400,4556.2,4556.4,4550.0,4554.4,1566.0
2026-05-15 20:05:00,1778846700,4554.7,4557.5,4553.0,4557.4,918.0
2026-05-15 20:10:00,1778847000,4557.5,4559.4,4549.3,4549.9,1494.0
2026-05-15 20:15:00,1778847300,4550.0,4555.6,4549.1,4552.6,1507.0
2026-05-15 20:20:00,1778847600,4552.7,4562.9,4551.9,4559.7,2332.0
2026-05-15 20:25:00,1778847900,4559.7,4562.0,4557.0,4558.6,793.0
2026-05-15 20:30:00,1778848200,4558.7,4559.1,4552.1,4554.0,1431.0
2026-05-15 20:35:00,1778848500,4553.4,4557.8,4551.6,4552.3,1523.0
2026-05-15 20:40:00,1778848800,4552.0,4554.1,4546.8,4549.6,2040.0
2026-05-15 20:45:00,1778849100,4549.5,4555.9,4547.3,4553.5,1381.0
2026-05-15 20:50:00,1778849400,4553.3,4559.8,4551.2,4558.7,1538.0
2026-05-15 20:55:00,1778849700,4558.4,4558.8,4549.8,4549.9,1192.0
2026-05-15 21:00:00,1778850000,4549.8,4553.3,4541.6,4548.2,3903.0
2026-05-15 21:05:00,1778850300,4548.5,4553.8,4539.7,4542.2,2589.0
2026-05-15 21:10:00,1778850600,4542.0,4551.2,4542.0,4550.8,1451.0
2026-05-15 21:15:00,1778850900,4550.4,4557.3,4544.2,4555.2,1930.0
2026-05-15 21:20:00,1778851200,4555.1,4558.6,4553.7,4558.5,1207.0
2026-05-15 21:25:00,1778851500,4558.6,4561.8,4550.6,4553.3,2226.0
2026-05-15 21:30:00,1778851800,4552.9,4555.6,4545.6,4546.6,2808.0
2026-05-15 21:35:00,1778852100,4546.7,4547.0,4530.3,4532.7,5926.0
2026-05-15 21:40:00,1778852400,4532.6,4535.5,4523.9,4523.9,4938.0
2026-05-15 21:45:00,1778852700,4523.9,4533.1,4514.0,4532.7,6793.0
2026-05-15 21:50:00,1778853000,4532.6,4540.8,4529.3,4538.7,3948.0
2026-05-15 21:55:00,1778853300,4538.3,4545.8,4534.4,4537.1,3148.0
2026-05-15 22:00:00,1778853600,4537.2,4538.9,4529.1,4537.3,3680.0
2026-05-15 22:05:00,1778853900,4537.0,4544.3,4536.8,4538.1,2598.0
2026-05-15 22:10:00,1778854200,4537.8,4554.6,4537.8,4547.6,3703.0
2026-05-15 22:15:00,1778854500,4547.4,4563.7,4544.8,4563.3,4157.0
2026-05-15 22:20:00,1778854800,4563.2,4567.3,4560.2,4562.4,3490.0
2026-05-15 22:25:00,1778855100,4562.3,4563.3,4556.4,4559.8,2552.0
2026-05-15 22:30:00,1778855400,4559.8,4564.0,4557.0,4562.0,2295.0
2026-05-15 22:35:00,1778855700,4561.4,4565.0,4558.4,4560.2,1758.0
2026-05-15 22:40:00,1778856000,4560.0,4561.8,4554.2,4561.4,1748.0
2026-05-15 22:45:00,1778856300,4561.3,4561.5,4554.5,4555.8,1397.0
2026-05-15 22:50:00,1778856600,4555.9,4561.5,4550.1,4561.1,2184.0
2026-05-15 22:55:00,1778856900,4560.9,4570.9,4559.2,4567.1,3048.0
2026-05-15 23:00:00,1778857200,4567.2,4568.1,4555.9,4557.3,2474.0
2026-05-15 23:05:00,1778857500,4557.2,4563.0,4555.7,4562.6,1443.0
2026-05-15 23:10:00,1778857800,4562.5,4564.3,4554.5,4556.2,1647.0
2026-05-15 23:15:00,1778858100,4556.4,4557.8,4550.1,4551.5,2023.0
2026-05-15 23:20:00,1778858400,4551.8,4556.2,4547.8,4549.6,2118.0
2026-05-15 23:25:00,1778858700,4549.7,4552.9,4546.9,4550.9,1775.0
2026-05-15 23:30:00,1778859000,4551.1,4554.6,4547.3,4547.9,1521.0
2026-05-15 23:35:00,1778859300,4547.4,4550.5,4545.6,4546.3,1126.0
2026-05-15 23:40:00,1778859600,4546.2,4548.9,4543.7,4545.4,1451.0
2026-05-15 23:45:00,1778859900,4545.3,4546.9,4542.7,4544.0,1136.0
2026-05-15 23:50:00,1778860200,4544.0,4547.5,4540.3,4542.0,1681.0
2026-05-15 23:55:00,1778860500,4541.8,4544.0,4537.5,4543.9,1964.0
2026-05-16 00:00:00,1778860800,4543.8,4546.5,4537.5,4539.8,1642.0
2026-05-16 00:05:00,1778861100,4539.6,4540.5,4533.3,4535.3,1807.0
2026-05-16 00:10:00,1778861400,4535.3,4537.7,4533.2,4536.6,1308.0
2026-05-16 00:15:00,1778861700,4536.6,4538.9,4535.4,4537.7,832.0
2026-05-16 00:20:00,1778862000,4537.8,4544.8,4537.3,4544.8,1670.0
2026-05-16 00:25:00,1778862300,4544.7,4546.7,4541.3,4544.9,1234.0
2026-05-16 00:30:00,1778862600,4545.1,4548.6,4544.1,4548.0,1295.0
2026-05-16 00:35:00,1778862900,4548.4,4549.9,4546.8,4549.7,806.0
2026-05-16 00:40:00,1778863200,4549.8,4552.0,4547.5,4551.3,955.0
2026-05-16 00:45:00,1778863500,4551.4,4552.2,4548.8,4549.5,768.0
2026-05-16 00:50:00,1778863800,4549.3,4551.3,4545.8,4546.4,794.0
2026-05-16 00:55:00,1778864100,4546.8,4549.2,4545.6,4548.4,740.0
2026-05-16 01:00:00,1778864400,4548.4,4556.4,4547.2,4554.4,1479.0
2026-05-16 01:05:00,1778864700,4554.2,4559.6,4553.8,4559.0,1424.0
2026-05-16 01:10:00,1778865000,4559.2,4562.7,4558.7,4561.2,1513.0
2026-05-16 01:15:00,1778865300,4561.5,4561.9,4558.4,4560.3,671.0
2026-05-16 01:20:00,1778865600,4560.0,4568.0,4559.3,4566.1,1479.0
2026-05-16 01:25:00,1778865900,4566.0,4568.7,4560.5,4561.8,2140.0
2026-05-16 01:30:00,1778866200,4561.8,4567.5,4561.8,4566.5,1128.0
2026-05-16 01:35:00,1778866500,4566.7,4567.8,4564.3,4567.2,665.0
2026-05-16 01:40:00,1778866800,4567.0,4568.0,4564.8,4565.2,464.0
2026-05-16 01:45:00,1778867100,4565.3,4566.9,4563.7,4564.9,524.0
2026-05-16 01:50:00,1778867400,4564.8,4564.9,4562.4,4562.6,644.0
2026-05-16 01:55:00,1778867700,4562.8,4564.9,4561.5,4563.8,459.0
2026-05-16 02:00:00,1778868000,4564.0,4565.8,4562.3,4563.3,481.0
2026-05-16 02:05:00,1778868300,4563.3,4564.2,4560.2,4563.0,873.0
2026-05-16 02:10:00,1778868600,4562.8,4566.6,4562.3,4566.0,519.0
2026-05-16 02:15:00,1778868900,4565.9,4567.6,4556.9,4558.5,1316.0
2026-05-16 02:20:00,1778869200,4558.7,4564.0,4558.5,4562.8,636.0
2026-05-16 02:25:00,1778869500,4562.7,4563.6,4560.3,4562.2,486.0
2026-05-16 02:30:00,1778869800,4562.4,4563.1,4556.1,4559.2,799.0
2026-05-16 02:35:00,1778870100,4559.4,4562.1,4558.8,4562.0,292.0
2026-05-16 02:40:00,1778870400,4562.1,4562.6,4559.7,4561.7,281.0
2026-05-16 02:45:00,1778870700,4561.5,4564.4,4560.7,4563.1,425.0
2026-05-16 02:50:00,1778871000,4563.4,4566.9,4563.4,4565.2,382.0
2026-05-16 02:55:00,1778871300,4565.0,4565.6,4562.3,4563.3,399.0
2026-05-16 03:00:00,1778871600,4563.7,4564.3,4558.3,4558.4,931.0
2026-05-16 03:05:00,1778871900,4558.5,4559.9,4555.4,4555.8,696.0
2026-05-16 03:10:00,1778872200,4555.7,4556.2,4553.3,4554.5,899.0
2026-05-16 03:15:00,1778872500,4554.6,4556.6,4553.0,4556.5,515.0
2026-05-16 03:20:00,1778872800,4556.2,4557.1,4554.0,4554.1,396.0
2026-05-16 03:25:00,1778873100,4554.2,4555.2,4552.5,4554.2,537.0
2026-05-16 03:30:00,1778873400,4554.5,4558.0,4554.0,4554.5,618.0
2026-05-16 03:35:00,1778873700,4554.7,4559.4,4553.9,4558.8,504.0
2026-05-16 03:40:00,1778874000,4558.8,4559.3,4556.5,4557.5,426.0
2026-05-16 03:45:00,1778874300,4557.6,4558.5,4555.5,4556.1,423.0
2026-05-16 03:50:00,1778874600,4555.9,4556.1,4552.4,4553.4,749.0
2026-05-16 03:55:00,1778874900,4553.3,4553.3,4548.9,4550.0,1232.0
2026-05-16 04:00:00,1778875200,4550.1,4550.7,4542.9,4544.1,863.0
2026-05-16 04:05:00,1778875500,4544.4,4544.5,4540.1,4540.7,841.0
2026-05-16 04:10:00,1778875800,4540.8,4544.7,4540.8,4542.5,479.0
2026-05-16 04:15:00,1778876100,4542.3,4542.4,4539.3,4540.9,459.0
2026-05-16 04:20:00,1778876400,4540.6,4542.0,4537.0,4541.5,534.0
2026-05-16 04:25:00,1778876700,4541.7,4543.5,4540.5,4543.0,307.0
2026-05-16 04:30:00,1778877000,4543.3,4548.0,4543.3,4545.1,597.0
2026-05-16 04:35:00,1778877300,4544.9,4545.9,4543.0,4544.4,396.0
2026-05-16 04:40:00,1778877600,4544.4,4545.4,4542.5,4544.0,245.0
2026-05-16 04:45:00,1778877900,4544.4,4545.3,4541.7,4542.1,434.0
2026-05-16 04:50:00,1778878200,4542.0,4542.5,4540.4,4542.4,249.0
2026-05-16 04:55:00,1778878500,4542.3,4545.0,4541.7,4543.4,511.0
2026-05-18 06:00:00,1779055200,4548.7,4550.0,4523.0,4548.6,1820.0
2026-05-18 06:05:00,1779055500,4549.4,4559.0,4548.2,4557.4,1478.0
2026-05-18 06:10:00,1779055800,4558.1,4558.9,4551.4,4552.5,1090.0
2026-05-18 06:15:00,1779056100,4552.2,4553.9,4547.8,4548.4,846.0
2026-05-18 06:20:00,1779056400,4548.7,4550.2,4541.2,4548.9,1350.0
2026-05-18 06:25:00,1779056700,4548.8,4549.2,4542.2,4544.7,814.0
2026-05-18 06:30:00,1779057000,4544.6,4555.0,4544.3,4548.1,1317.0
2026-05-18 06:35:00,1779057300,4548.7,4556.7,4548.4,4555.1,772.0
2026-05-18 06:40:00,1779057600,4554.8,4557.8,4551.7,4553.9,867.0
2026-05-18 06:45:00,1779057900,4553.5,4558.4,4552.8,4555.8,765.0
2026-05-18 06:50:00,1779058200,4555.7,4556.1,4550.5,4550.9,717.0
2026-05-18 06:55:00,1779058500,4551.1,4553.7,4547.3,4549.6,790.0
2026-05-18 07:00:00,1779058800,4549.8,4551.6,4547.4,4549.1,512.0
2026-05-18 07:05:00,1779059100,4549.0,4549.0,4542.9,4545.6,932.0
2026-05-18 07:10:00,1779059400,4544.9,4549.6,4543.3,4545.1,736.0
2026-05-18 07:15:00,1779059700,4545.1,4547.2,4542.0,4543.1,694.0
2026-05-18 07:20:00,1779060000,4543.4,4548.1,4543.4,4545.1,569.0
2026-05-18 07:25:00,1779060300,4545.2,4547.1,4540.8,4541.2,814.0
2026-05-18 07:30:00,1779060600,4541.2,4543.5,4538.0,4542.3,1069.0
2026-05-18 07:35:00,1779060900,4542.9,4545.3,4540.2,4542.5,679.0
2026-05-18 07:40:00,1779061200,4543.1,4544.7,4535.7,4542.7,1196.0
2026-05-18 07:45:00,1779061500,4542.5,4543.8,4535.0,4541.4,1204.0
2026-05-18 07:50:00,1779061800,4541.2,4548.0,4540.7,4544.6,843.0
2026-05-18 07:55:00,1779062100,4544.6,4545.9,4538.9,4540.7,802.0
2026-05-18 08:00:00,1779062400,4540.7,4546.5,4533.6,4534.4,2140.0
2026-05-18 08:05:00,1779062700,4534.7,4537.4,4526.3,4527.4,2023.0
2026-05-18 08:10:00,1779063000,4527.7,4533.6,4527.0,4529.7,1247.0
2026-05-18 08:15:00,1779063300,4529.9,4532.8,4525.8,4526.4,1389.0
2026-05-18 08:20:00,1779063600,4526.1,4537.1,4519.7,4520.8,2260.0
2026-05-18 08:25:00,1779063900,4520.8,4524.3,4517.5,4519.1,1777.0
2026-05-18 08:30:00,1779064200,4518.8,4522.4,4490.8,4495.6,6241.0
2026-05-18 08:35:00,1779064500,4496.2,4507.1,4493.1,4494.0,4459.0
2026-05-18 08:40:00,1779064800,4494.2,4497.6,4482.7,4485.0,4519.0
2026-05-18 08:45:00,1779065100,4484.8,4499.8,4483.7,4497.6,3340.0
2026-05-18 08:50:00,1779065400,4497.4,4499.3,4489.7,4495.1,2221.0
2026-05-18 08:55:00,1779065700,4495.2,4519.6,4494.7,4517.6,3983.0
2026-05-18 09:00:00,1779066000,4517.7,4519.4,4491.8,4501.1,5154.0
2026-05-18 09:05:00,1779066300,4500.2,4508.1,4495.3,4504.7,2920.0
2026-05-18 09:10:00,1779066600,4504.2,4508.6,4496.3,4499.0,2642.0
2026-05-18 09:15:00,1779066900,4498.6,4504.1,4495.5,4501.4,1801.0
2026-05-18 09:20:00,1779067200,4501.7,4511.3,4496.3,4509.3,2295.0
2026-05-18 09:25:00,1779067500,4509.6,4513.2,4501.1,4507.5,2213.0
2026-05-18 09:30:00,1779067800,4506.9,4514.4,4504.5,4512.9,2218.0
2026-05-18 09:35:00,1779068100,4512.9,4516.7,4502.7,4511.2,2327.0
2026-05-18 09:40:00,1779068400,4511.3,4515.8,4509.0,4515.3,1410.0
2026-05-18 09:45:00,1779068700,4515.5,4531.6,4513.9,4530.6,3338.0
2026-05-18 09:50:00,1779069000,4530.4,4538.8,4528.8,4532.8,3313.0
2026-05-18 09:55:00,1779069300,4533.1,4533.3,4527.5,4528.3,1436.0
2026-05-18 10:00:00,1779069600,4527.9,4539.8,4524.6,4535.3,2431.0
2026-05-18 10:05:00,1779069900,4534.7,4536.5,4528.5,4531.5,1345.0
2026-05-18 10:10:00,1779070200,4532.0,4542.1,4530.8,4539.8,1507.0
2026-05-18 10:15:00,1779070500,4539.5,4540.9,4534.5,4537.9,1103.0
2026-05-18 10:20:00,1779070800,4538.6,4544.0,4535.8,4540.5,1463.0
2026-05-18 10:25:00,1779071100,4540.8,4543.3,4535.9,4536.1,1024.0
2026-05-18 10:30:00,1779071400,4536.1,4541.6,4532.3,4535.1,1681.0
2026-05-18 10:35:00,1779071700,4535.1,4541.5,4533.3,4541.2,875.0
2026-05-18 10:40:00,1779072000,4541.3,4544.5,4537.8,4539.1,900.0
2026-05-18 10:45:00,1779072300,4538.9,4546.1,4533.5,4533.7,1572.0
2026-05-18 10:50:00,1779072600,4533.7,4538.8,4533.2,4536.5,1039.0
2026-05-18 10:55:00,1779072900,4536.8,4538.3,4533.9,4536.6,673.0
2026-05-18 11:00:00,1779073200,4536.8,4538.8,4532.9,4534.3,738.0
2026-05-18 11:05:00,1779073500,4534.8,4538.0,4530.5,4536.0,1136.0
2026-05-18 11:10:00,1779073800,4536.0,4538.7,4529.5,4532.6,988.0
2026-05-18 11:15:00,1779074100,4532.7,4536.3,4531.2,4533.9,644.0
2026-05-18 11:20:00,1779074400,4533.9,4540.0,4532.2,4536.7,761.0
2026-05-18 11:25:00,1779074700,4536.4,4541.6,4532.4,4539.1,883.0
2026-05-18 11:30:00,1779075000,4539.1,4541.0,4529.3,4529.8,1688.0
2026-05-18 11:35:00,1779075300,4529.6,4540.4,4528.1,4538.1,1492.0
2026-05-18 11:40:00,1779075600,4537.9,4551.7,4536.8,4548.8,2030.0
2026-05-18 11:45:00,1779075900,4548.7,4550.7,4542.7,4544.9,1940.0
2026-05-18 11:50:00,1779076200,4545.3,4551.3,4542.7,4544.8,1581.0
2026-05-18 11:55:00,1779076500,4544.6,4548.0,4544.1,4545.0,605.0
2026-05-18 12:00:00,1779076800,4544.7,4552.4,4544.7,4549.8,1177.0
2026-05-18 12:05:00,1779077100,4549.5,4554.0,4546.7,4549.4,1053.0
2026-05-18 12:10:00,1779077400,4549.3,4551.9,4547.3,4548.1,623.0
2026-05-18 12:15:00,1779077700,4548.2,4551.2,4547.8,4549.3,700.0
2026-05-18 12:20:00,1779078000,4549.5,4549.7,4540.1,4541.0,1312.0
2026-05-18 12:25:00,1779078300,4540.9,4542.5,4533.4,4536.2,1824.0
2026-05-18 12:30:00,1779078600,4536.2,4544.8,4535.5,4543.5,900.0
2026-05-18 12:35:00,1779078900,4543.5,4546.3,4541.8,4546.3,635.0
2026-05-18 12:40:00,1779079200,4546.5,4547.9,4543.4,4545.5,1001.0
2026-05-18 12:45:00,1779079500,4545.2,4545.4,4542.1,4544.2,539.0
2026-05-18 12:50:00,1779079800,4544.2,4549.4,4541.1,4547.2,1123.0
2026-05-18 12:55:00,1779080100,4547.7,4548.0,4539.0,4544.7,1101.0
2026-05-18 13:00:00,1779080400,4544.6,4546.7,4536.5,4539.5,1460.0
2026-05-18 13:05:00,1779080700,4539.8,4543.7,4537.5,4541.5,670.0
2026-05-18 13:10:00,1779081000,4541.8,4542.8,4539.2,4541.8,444.0
2026-05-18 13:15:00,1779081300,4541.4,4553.0,4538.5,4549.9,1703.0
2026-05-18 13:20:00,1779081600,4549.6,4553.5,4545.3,4550.1,1297.0
2026-05-18 13:25:00,1779081900,4550.2,4554.7,4548.9,4552.8,1037.0
2026-05-18 13:30:00,1779082200,4552.6,4556.3,4543.5,4546.5,1840.0
2026-05-18 13:35:00,1779082500,4546.7,4550.9,4544.5,4548.2,840.0
2026-05-18 13:40:00,1779082800,4548.4,4548.6,4542.1,4543.4,981.0
2026-05-18 13:45:00,1779083100,4543.1,4546.8,4540.4,4542.5,784.0
2026-05-18 13:50:00,1779083400,4542.6,4543.4,4538.4,4540.1,932.0
2026-05-18 13:55:00,1779083700,4539.9,4542.7,4533.2,4534.6,1485.0
2026-05-18 14:00:00,1779084000,4534.4,4543.1,4532.7,4538.9,1924.0
2026-05-18 14:05:00,1779084300,4538.6,4544.4,4536.7,4541.3,1135.0
2026-05-18 14:10:00,1779084600,4541.6,4541.6,4535.8,4541.0,673.0
2026-05-18 14:15:00,1779084900,4540.8,4545.0,4538.0,4540.0,837.0
2026-05-18 14:20:00,1779085200,4539.8,4547.7,4537.7,4547.2,976.0
2026-05-18 14:25:00,1779085500,4546.9,4551.7,4540.9,4540.9,1509.0
2026-05-18 14:30:00,1779085800,4541.0,4550.8,4537.9,4543.7,1555.0
2026-05-18 14:35:00,1779086100,4543.3,4545.7,4541.2,4541.4,671.0
2026-05-18 14:40:00,1779086400,4541.7,4544.4,4538.5,4544.1,831.0
2026-05-18 14:45:00,1779086700,4543.9,4549.8,4541.8,4547.2,1185.0
2026-05-18 14:50:00,1779087000,4547.3,4549.5,4546.2,4549.5,488.0
2026-05-18 14:55:00,1779087300,4549.6,4551.7,4548.3,4550.9,976.0
2026-05-18 15:00:00,1779087600,4551.1,4553.3,4547.3,4547.7,1093.0
2026-05-18 15:05:00,1779087900,4547.3,4551.8,4547.1,4550.1,609.0
2026-05-18 15:10:00,1779088200,4549.8,4549.8,4545.6,4547.0,606.0
2026-05-18 15:15:00,1779088500,4546.9,4549.3,4545.1,4545.7,650.0
2026-05-18 15:20:00,1779088800,4545.3,4545.4,4541.8,4542.8,686.0
2026-05-18 15:25:00,1779089100,4542.7,4555.2,4542.7,4554.3,1443.0
2026-05-18 15:30:00,1779089400,4554.4,4564.4,4554.4,4558.6,2358.0
2026-05-18 15:35:00,1779089700,4558.6,4558.8,4554.9,4556.3,876.0
2026-05-18 15:40:00,1779090000,4556.2,4558.3,4551.1,4552.7,1004.0
2026-05-18 15:45:00,1779090300,4552.5,4555.2,4547.2,4547.6,752.0
2026-05-18 15:50:00,1779090600,4547.8,4549.7,4543.5,4548.1,1607.0
2026-05-18 15:55:00,1779090900,4548.0,4552.5,4546.3,4550.1,750.0
2026-05-18 16:00:00,1779091200,4550.1,4552.7,4548.1,4550.1,814.0
2026-05-18 16:05:00,1779091500,4550.3,4552.0,4547.1,4547.4,389.0
2026-05-18 16:10:00,1779091800,4547.7,4550.7,4546.1,4550.4,524.0
2026-05-18 16:15:00,1779092100,4549.9,4550.1,4546.4,4548.9,422.0
2026-05-18 16:20:00,1779092400,4549.7,4553.7,4549.1,4553.4,417.0
2026-05-18 16:25:00,1779092700,4553.3,4555.4,4550.6,4551.2,690.0
2026-05-18 16:30:00,1779093000,4551.7,4557.0,4549.5,4555.6,621.0
2026-05-18 16:35:00,1779093300,4555.5,4555.7,4551.7,4555.4,435.0
2026-05-18 16:40:00,1779093600,4554.9,4555.2,4551.8,4551.9,390.0
2026-05-18 16:45:00,1779093900,4552.0,4558.1,4552.0,4556.1,494.0
2026-05-18 16:50:00,1779094200,4555.9,4561.0,4554.8,4560.4,708.0
2026-05-18 16:55:00,1779094500,4559.9,4560.8,4553.8,4553.9,665.0
2026-05-18 17:00:00,1779094800,4553.7,4556.0,4545.0,4546.6,1266.0
2026-05-18 17:05:00,1779095100,4546.3,4551.0,4545.5,4550.8,591.0
2026-05-18 17:10:00,1779095400,4550.8,4551.5,4548.7,4550.3,286.0
2026-05-18 17:15:00,1779095700,4549.9,4552.2,4549.1,4550.0,267.0
2026-05-18 17:20:00,1779096000,4550.1,4552.8,4549.7,4550.3,381.0
2026-05-18 17:25:00,1779096300,4550.3,4552.3,4548.2,4549.0,489.0
2026-05-18 17:30:00,1779096600,4548.8,4550.0,4543.8,4547.4,1711.0
2026-05-18 17:35:00,1779096900,4547.2,4550.2,4547.1,4549.9,409.0
2026-05-18 17:40:00,1779097200,4549.7,4549.7,4544.4,4546.7,530.0
2026-05-18 17:45:00,1779097500,4546.8,4546.8,4544.0,4545.0,244.0
2026-05-18 17:50:00,1779097800,4545.2,4547.7,4543.7,4547.1,326.0
2026-05-18 17:55:00,1779098100,4546.7,4548.4,4546.2,4546.6,206.0
2026-05-18 18:00:00,1779098400,4546.4,4549.0,4543.8,4544.0,620.0
2026-05-18 18:05:00,1779098700,4544.0,4545.6,4540.8,4541.7,758.0
2026-05-18 18:10:00,1779099000,4541.8,4544.6,4539.3,4542.8,808.0
2026-05-18 18:15:00,1779099300,4542.8,4546.2,4542.4,4545.5,451.0
2026-05-18 18:20:00,1779099600,4545.8,4546.1,4541.5,4542.8,468.0
2026-05-18 18:25:00,1779099900,4542.9,4544.2,4541.8,4543.2,229.0
2026-05-18 18:30:00,1779100200,4543.3,4544.4,4536.0,4536.2,951.0
2026-05-18 18:35:00,1779100500,4536.0,4543.0,4535.4,4541.6,799.0
2026-05-18 18:40:00,1779100800,4541.6,4547.5,4541.0,4547.0,739.0
2026-05-18 18:45:00,1779101100,4547.3,4551.5,4545.8,4546.8,1109.0
2026-05-18 18:50:00,1779101400,4546.8,4547.2,4539.9,4543.1,589.0
2026-05-18 18:55:00,1779101700,4543.1,4543.9,4540.1,4543.8,341.0
2026-05-18 19:00:00,1779102000,4543.7,4545.4,4541.2,4541.6,521.0
2026-05-18 19:05:00,1779102300,4541.3,4543.3,4535.1,4535.9,583.0
2026-05-18 19:10:00,1779102600,4535.9,4543.1,4533.5,4543.1,1097.0
2026-05-18 19:15:00,1779102900,4543.0,4543.7,4539.8,4543.1,537.0
2026-05-18 19:20:00,1779103200,4542.6,4543.8,4535.6,4539.3,775.0
2026-05-18 19:25:00,1779103500,4539.5,4541.6,4537.9,4539.5,380.0
2026-05-18 19:30:00,1779103800,4539.2,4549.4,4539.1,4545.7,1394.0
2026-05-18 19:35:00,1779104100,4546.1,4559.9,4545.6,4559.9,2370.0
2026-05-18 19:40:00,1779104400,4559.6,4571.9,4555.9,4566.5,4076.0
2026-05-18 19:45:00,1779104700,4566.8,4568.9,4559.1,4559.4,1533.0
2026-05-18 19:50:00,1779105000,4559.4,4559.9,4555.1,4555.8,1381.0
2026-05-18 19:55:00,1779105300,4555.3,4559.1,4553.2,4554.5,912.0
2026-05-18 20:00:00,1779105600,4554.6,4556.4,4550.7,4554.5,1211.0
2026-05-18 20:05:00,1779105900,4554.7,4560.6,4554.7,4559.6,1105.0
2026-05-18 20:10:00,1779106200,4559.6,4559.9,4554.8,4557.2,639.0
2026-05-18 20:15:00,1779106500,4557.0,4558.8,4550.5,4551.0,1220.0
2026-05-18 20:20:00,1779106800,4551.3,4557.5,4548.7,4555.7,1240.0
2026-05-18 20:25:00,1779107100,4555.1,4558.7,4553.3,4554.3,977.0
2026-05-18 20:30:00,1779107400,4554.3,4566.6,4553.8,4566.0,1632.0
2026-05-18 20:35:00,1779107700,4566.1,4567.2,4562.1,4565.6,1732.0
2026-05-18 20:40:00,1779108000,4565.2,4574.3,4562.3,4573.8,2347.0
2026-05-18 20:45:00,1779108300,4573.8,4579.2,4572.1,4576.3,2528.0
2026-05-18 20:50:00,1779108600,4577.2,4578.2,4566.6,4567.2,1784.0
2026-05-18 20:55:00,1779108900,4567.3,4576.4,4566.7,4574.6,1605.0
2026-05-18 21:00:00,1779109200,4575.4,4581.3,4568.3,4569.5,3491.0
2026-05-18 21:05:00,1779109500,4569.1,4572.6,4566.3,4567.8,1454.0
2026-05-18 21:10:00,1779109800,4567.8,4573.4,4565.4,4571.3,1448.0
2026-05-18 21:15:00,1779110100,4571.3,4572.6,4567.5,4569.6,779.0
2026-05-18 21:20:00,1779110400,4569.6,4577.0,4569.2,4576.5,942.0
2026-05-18 21:25:00,1779110700,4576.3,4580.2,4574.8,4575.6,1523.0
2026-05-18 21:30:00,1779111000,4575.8,4584.3,4570.6,4582.6,2606.0
2026-05-18 21:35:00,1779111300,4582.4,4582.4,4574.7,4577.7,1577.0
2026-05-18 21:40:00,1779111600,4577.7,4580.0,4568.7,4570.2,2388.0
2026-05-18 21:45:00,1779111900,4570.3,4580.7,4566.9,4578.3,1953.0
2026-05-18 21:50:00,1779112200,4578.7,4588.7,4576.8,4587.8,2328.0
2026-05-18 21:55:00,1779112500,4587.7,4588.8,4579.2,4580.4,1832.0
2026-05-18 22:00:00,1779112800,4580.1,4580.1,4568.4,4569.9,2347.0
2026-05-18 22:05:00,1779113100,4569.7,4571.9,4563.2,4571.3,2549.0
2026-05-18 22:10:00,1779113400,4571.1,4574.5,4566.1,4568.9,1534.0
2026-05-18 22:15:00,1779113700,4568.9,4573.4,4566.5,4570.3,944.0
2026-05-18 22:20:00,1779114000,4570.5,4571.6,4558.5,4563.6,2472.0
2026-05-18 22:25:00,1779114300,4563.7,4567.8,4562.0,4565.7,1224.0
2026-05-18 22:30:00,1779114600,4565.4,4567.4,4549.4,4553.7,3216.0
2026-05-18 22:35:00,1779114900,4553.8,4555.2,4546.9,4550.8,2057.0
2026-05-18 22:40:00,1779115200,4551.0,4553.8,4543.1,4551.9,2619.0
2026-05-18 22:45:00,1779115500,4551.8,4552.5,4541.9,4547.7,1873.0
2026-05-18 22:50:00,1779115800,4547.4,4553.0,4545.5,4546.3,1553.0
2026-05-18 22:55:00,1779116100,4546.1,4551.8,4545.7,4550.8,785.0
2026-05-18 23:00:00,1779116400,4550.9,4552.4,4536.0,4542.0,3701.0
2026-05-18 23:05:00,1779116700,4541.8,4548.8,4537.8,4541.1,1810.0
2026-05-18 23:10:00,1779117000,4541.4,4547.0,4540.3,4544.9,1081.0
2026-05-18 23:15:00,1779117300,4544.5,4547.0,4538.6,4540.6,1010.0
2026-05-18 23:20:00,1779117600,4541.0,4544.7,4540.0,4543.1,813.0
2026-05-18 23:25:00,1779117900,4543.2,4544.4,4538.1,4538.9,696.0
2026-05-18 23:30:00,1779118200,4538.9,4545.8,4537.5,4545.3,1067.0
2026-05-18 23:35:00,1779118500,4545.3,4546.8,4542.3,4546.0,971.0
2026-05-18 23:40:00,1779118800,4546.3,4549.2,4542.6,4542.8,982.0
2026-05-18 23:45:00,1779119100,4543.0,4548.0,4542.1,4545.2,619.0
2026-05-18 23:50:00,1779119400,4545.5,4549.0,4543.2,4548.3,591.0
2026-05-18 23:55:00,1779119700,4548.6,4551.4,4546.5,4547.8,871.0
2026-05-19 00:00:00,1779120000,4548.1,4548.8,4544.4,4545.8,678.0
2026-05-19 00:05:00,1779120300,4546.0,4548.9,4545.2,4547.7,378.0
2026-05-19 00:10:00,1779120600,4547.2,4553.3,4547.0,4552.8,859.0
2026-05-19 00:15:00,1779120900,4553.0,4554.7,4551.0,4551.9,889.0
2026-05-19 00:20:00,1779121200,4551.4,4555.1,4548.6,4550.0,1039.0
2026-05-19 00:25:00,1779121500,4550.6,4551.1,4537.6,4541.4,1875.0
2026-05-19 00:30:00,1779121800,4541.2,4546.2,4538.0,4544.1,1233.0
2026-05-19 00:35:00,1779122100,4543.7,4549.0,4543.5,4548.3,675.0
2026-05-19 00:40:00,1779122400,4548.3,4549.4,4545.7,4547.5,420.0
2026-05-19 00:45:00,1779122700,4547.3,4553.1,4547.0,4552.3,761.0
2026-05-19 00:50:00,1779123000,4552.5,4558.7,4552.5,4557.2,1257.0
2026-05-19 00:55:00,1779123300,4557.2,4558.7,4553.6,4554.2,745.0
2026-05-19 01:00:00,1779123600,4554.1,4561.7,4551.7,4561.1,1387.0
2026-05-19 01:05:00,1779123900,4561.0,4562.8,4558.9,4560.6,925.0
2026-05-19 01:10:00,1779124200,4561.0,4561.3,4557.1,4557.6,630.0
2026-05-19 01:15:00,1779124500,4557.3,4559.9,4556.3,4558.8,672.0
2026-05-19 01:20:00,1779124800,4558.9,4559.8,4556.5,4557.9,412.0
2026-05-19 01:25:00,1779125100,4557.8,4559.0,4556.1,4558.1,633.0
2026-05-19 01:30:00,1779125400,4558.0,4558.6,4553.0,4553.2,729.0
2026-05-19 01:35:00,1779125700,4553.0,4554.6,4551.0,4553.6,575.0
2026-05-19 01:40:00,1779126000,4553.5,4555.4,4551.9,4552.5,352.0
2026-05-19 01:45:00,1779126300,4552.4,4554.2,4550.9,4551.4,371.0
2026-05-19 01:50:00,1779126600,4551.1,4553.5,4550.6,4552.0,305.0
2026-05-19 01:55:00,1779126900,4551.9,4552.0,4549.7,4551.5,377.0
2026-05-19 02:00:00,1779127200,4551.4,4551.4,4547.7,4550.1,709.0
2026-05-19 02:05:00,1779127500,4550.0,4552.1,4548.0,4549.4,463.0
2026-05-19 02:10:00,1779127800,4549.5,4550.7,4548.1,4549.2,304.0
2026-05-19 02:15:00,1779128100,4549.5,4549.5,4545.1,4547.3,645.0
2026-05-19 02:20:00,1779128400,4546.3,4546.8,4544.3,4545.2,440.0
2026-05-19 02:25:00,1779128700,4545.5,4546.9,4540.7,4545.9,1068.0
2026-05-19 02:30:00,1779129000,4546.0,4548.2,4544.6,4546.7,625.0
2026-05-19 02:35:00,1779129300,4546.8,4547.4,4543.0,4543.7,413.0
2026-05-19 02:40:00,1779129600,4543.5,4545.7,4542.4,4545.7,414.0
2026-05-19 02:45:00,1779129900,4545.6,4547.5,4544.7,4546.1,365.0
2026-05-19 02:50:00,1779130200,4545.4,4546.2,4543.4,4544.4,325.0
2026-05-19 02:55:00,1779130500,4544.1,4545.8,4538.0,4539.6,844.0
2026-05-19 03:00:00,1779130800,4540.0,4569.5,4539.2,4557.9,4819.0
2026-05-19 03:05:00,1779131100,4558.2,4564.6,4555.4,4561.3,1679.0
2026-05-19 03:10:00,1779131400,4561.7,4562.6,4557.8,4558.9,746.0
2026-05-19 03:15:00,1779131700,4559.0,4560.3,4555.3,4556.0,727.0
2026-05-19 03:20:00,1779132000,4556.3,4560.3,4553.7,4554.4,732.0
2026-05-19 03:25:00,1779132300,4554.6,4556.1,4550.7,4556.1,712.0
2026-05-19 03:30:00,1779132600,4556.1,4561.9,4554.6,4560.5,794.0
2026-05-19 03:35:00,1779132900,4560.9,4564.0,4560.1,4564.0,631.0
2026-05-19 03:40:00,1779133200,4564.0,4565.8,4561.8,4562.5,643.0
2026-05-19 03:45:00,1779133500,4562.7,4567.4,4562.2,4565.5,582.0
2026-05-19 03:50:00,1779133800,4565.7,4567.1,4564.3,4567.0,568.0
2026-05-19 03:55:00,1779134100,4566.9,4566.9,4561.8,4562.9,596.0
2026-05-19 04:00:00,1779134400,4563.3,4566.5,4562.4,4564.9,455.0
2026-05-19 04:05:00,1779134700,4564.6,4564.9,4563.0,4563.3,159.0
2026-05-19 04:10:00,1779135000,4563.4,4567.7,4563.0,4566.8,182.0
2026-05-19 04:15:00,1779135300,4567.4,4571.2,4567.4,4569.0,464.0
2026-05-19 04:20:00,1779135600,4569.1,4571.5,4567.5,4571.2,275.0
2026-05-19 04:25:00,1779135900,4571.2,4571.3,4567.0,4567.8,323.0
2026-05-19 04:30:00,1779136200,4568.0,4569.4,4566.1,4567.6,298.0
2026-05-19 04:35:00,1779136500,4567.7,4568.7,4566.8,4567.4,145.0
2026-05-19 04:40:00,1779136800,4567.4,4569.5,4567.1,4568.9,133.0
2026-05-19 04:45:00,1779137100,4569.0,4569.9,4568.4,4568.6,293.0
2026-05-19 04:50:00,1779137400,4568.5,4570.1,4567.5,4567.5,119.0
2026-05-19 04:55:00,1779137700,4567.9,4571.3,4566.6,4571.3,238.0
2026-05-19 06:00:00,1779141600,4572.0,4575.9,4571.3,4574.7,908.0
2026-05-19 06:05:00,1779141900,4574.8,4577.5,4573.5,4575.9,716.0
2026-05-19 06:10:00,1779142200,4576.1,4577.7,4574.1,4577.6,359.0
2026-05-19 06:15:00,1779142500,4577.4,4578.8,4576.4,4577.9,613.0
2026-05-19 06:20:00,1779142800,4578.0,4578.8,4575.2,4576.0,376.0
2026-05-19 06:25:00,1779143100,4575.9,4577.2,4574.9,4577.1,367.0
2026-05-19 06:30:00,1779143400,4577.0,4578.0,4575.6,4577.3,375.0
2026-05-19 06:35:00,1779143700,4577.2,4580.0,4576.6,4580.0,375.0
2026-05-19 06:40:00,1779144000,4580.0,4582.5,4579.1,4581.0,746.0
2026-05-19 06:45:00,1779144300,4580.7,4581.1,4578.8,4579.8,379.0
2026-05-19 06:50:00,1779144600,4580.0,4580.1,4577.3,4578.1,342.0
2026-05-19 06:55:00,1779144900,4577.9,4578.1,4576.7,4578.1,238.0
2026-05-19 07:00:00,1779145200,4578.1,4585.7,4578.0,4585.1,1621.0
2026-05-19 07:05:00,1779145500,4585.2,4586.0,4583.4,4583.8,581.0
2026-05-19 07:10:00,1779145800,4583.8,4590.8,4583.4,4589.7,1231.0
2026-05-19 07:15:00,1779146100,4589.5,4591.1,4587.0,4590.0,899.0
2026-05-19 07:20:00,1779146400,4589.9,4593.1,4587.4,4590.1,1174.0
2026-05-19 07:25:00,1779146700,4590.3,4591.0,4588.5,4589.7,508.0
2026-05-19 07:30:00,1779147000,4589.7,4591.2,4585.8,4589.9,952.0
2026-05-19 07:35:00,1779147300,4590.1,4591.9,4587.3,4588.8,851.0
2026-05-19 07:40:00,1779147600,4588.9,4590.4,4587.8,4589.3,428.0
2026-05-19 07:45:00,1779147900,4589.3,4590.4,4586.6,4587.0,553.0
2026-05-19 07:50:00,1779148200,4586.9,4587.0,4584.7,4586.1,640.0
2026-05-19 07:55:00,1779148500,4586.0,4586.4,4582.3,4585.4,923.0
2026-05-19 08:00:00,1779148800,4585.5,4593.0,4581.4,4582.8,2551.0
2026-05-19 08:05:00,1779149100,4583.0,4588.9,4579.7,4587.5,1723.0
2026-05-19 08:10:00,1779149400,4587.6,4588.3,4582.2,4582.6,883.0
2026-05-19 08:15:00,1779149700,4582.3,4584.6,4578.0,4583.6,1489.0
2026-05-19 08:20:00,1779150000,4583.5,4589.3,4577.2,4578.5,1572.0
2026-05-19 08:25:00,1779150300,4578.4,4578.8,4571.6,4577.2,1928.0
2026-05-19 08:30:00,1779150600,4577.3,4579.8,4575.7,4578.0,1179.0
2026-05-19 08:35:00,1779150900,4578.1,4578.9,4571.5,4572.1,1398.0
2026-05-19 08:40:00,1779151200,4572.2,4577.4,4571.3,4574.0,1024.0
2026-05-19 08:45:00,1779151500,4574.0,4575.7,4572.8,4574.9,744.0
2026-05-19 08:50:00,1779151800,4574.8,4575.0,4568.9,4569.2,1237.0
2026-05-19 08:55:00,1779152100,4569.7,4570.4,4564.4,4566.2,1548.0
2026-05-19 09:00:00,1779152400,4565.9,4570.8,4560.6,4567.9,2791.0
2026-05-19 09:05:00,1779152700,4567.8,4572.7,4563.7,4567.8,1930.0
2026-05-19 09:10:00,1779153000,4567.8,4571.6,4566.0,4568.9,1230.0
2026-05-19 09:15:00,1779153300,4569.2,4571.9,4561.0,4562.7,1520.0
2026-05-19 09:20:00,1779153600,4562.6,4563.0,4557.3,4559.1,1789.0
2026-05-19 09:25:00,1779153900,4559.1,4563.2,4559.1,4562.4,883.0
2026-05-19 09:30:00,1779154200,4562.1,4565.3,4558.2,4564.8,1270.0
2026-05-19 09:35:00,1779154500,4564.9,4571.9,4564.4,4571.5,1323.0
2026-05-19 09:40:00,1779154800,4571.4,4575.8,4569.5,4574.4,1280.0
2026-05-19 09:45:00,1779155100,4573.9,4575.2,4568.4,4569.4,1078.0
2026-05-19 09:50:00,1779155400,4569.8,4571.9,4564.5,4570.8,1345.0
2026-05-19 09:55:00,1779155700,4570.8,4571.0,4565.9,4566.9,755.0
2026-05-19 10:00:00,1779156000,4566.7,4566.7,4561.4,4564.3,1484.0
2026-05-19 10:05:00,1779156300,4564.5,4564.7,4557.9,4558.5,1175.0
2026-05-19 10:10:00,1779156600,4558.4,4561.0,4554.7,4557.6,1412.0
2026-05-19 10:15:00,1779156900,4557.3,4560.6,4554.5,4560.4,898.0
2026-05-19 10:20:00,1779157200,4560.4,4563.1,4559.0,4561.3,864.0
2026-05-19 10:25:00,1779157500,4561.4,4565.2,4560.4,4562.7,1103.0
2026-05-19 10:30:00,1779157800,4562.5,4562.8,4557.5,4558.0,1061.0
2026-05-19 10:35:00,1779158100,4558.4,4560.5,4554.8,4556.4,1000.0
2026-05-19 10:40:00,1779158400,4556.6,4562.6,4553.3,4559.3,1105.0
2026-05-19 10:45:00,1779158700,4559.5,4561.1,4553.3,4555.4,791.0
2026-05-19 10:50:00,1779159000,4555.3,4557.6,4551.2,4553.7,1211.0
2026-05-19 10:55:00,1779159300,4553.6,4553.8,4548.5,4550.3,980.0
2026-05-19 11:00:00,1779159600,4550.0,4553.6,4546.4,4550.1,1757.0
2026-05-19 11:05:00,1779159900,4550.3,4555.8,4550.2,4552.0,971.0
2026-05-19 11:10:00,1779160200,4551.8,4555.2,4550.1,4554.7,673.0
2026-05-19 11:15:00,1779160500,4554.8,4556.4,4551.5,4554.3,681.0
2026-05-19 11:20:00,1779160800,4554.4,4554.9,4549.7,4551.3,563.0
2026-05-19 11:25:00,1779161100,4551.1,4553.7,4550.5,4552.4,404.0
2026-05-19 11:30:00,1779161400,4552.1,4553.7,4550.0,4553.1,811.0
2026-05-19 11:35:00,1779161700,4552.7,4558.2,4552.6,4557.7,701.0
2026-05-19 11:40:00,1779162000,4557.6,4557.7,4550.6,4551.2,698.0
2026-05-19 11:45:00,1779162300,4550.8,4551.9,4547.6,4550.4,889.0
2026-05-19 11:50:00,1779162600,4550.6,4552.8,4549.5,4552.0,375.0
2026-05-19 11:55:00,1779162900,4551.6,4552.2,4545.7,4548.0,1378.0
2026-05-19 12:00:00,1779163200,4547.9,4548.6,4544.4,4547.2,721.0
2026-05-19 12:05:00,1779163500,4547.1,4548.8,4544.2,4545.3,553.0
2026-05-19 12:10:00,1779163800,4545.4,4547.6,4541.9,4543.6,826.0
2026-05-19 12:15:00,1779164100,4543.6,4545.8,4541.6,4543.3,802.0
2026-05-19 12:20:00,1779164400,4543.8,4546.4,4543.5,4546.0,421.0
2026-05-19 12:25:00,1779164700,4545.9,4546.0,4541.1,4543.5,739.0
2026-05-19 12:30:00,1779165000,4543.3,4543.9,4540.9,4541.8,436.0
2026-05-19 12:35:00,1779165300,4541.9,4545.2,4541.9,4543.3,347.0
2026-05-19 12:40:00,1779165600,4543.8,4545.4,4542.3,4542.6,335.0
2026-05-19 12:45:00,1779165900,4542.9,4545.7,4542.8,4543.7,572.0
2026-05-19 12:50:00,1779166200,4543.7,4546.2,4543.0,4545.7,467.0
2026-05-19 12:55:00,1779166500,4545.4,4547.0,4544.5,4545.6,246.0
2026-05-19 13:00:00,1779166800,4545.6,4548.2,4544.9,4547.4,493.0
2026-05-19 13:05:00,1779167100,4547.5,4548.6,4543.0,4548.2,658.0
2026-05-19 13:10:00,1779167400,4548.1,4549.8,4546.4,4548.1,616.0
2026-05-19 13:15:00,1779167700,4547.7,4548.5,4544.2,4544.9,428.0
2026-05-19 13:20:00,1779168000,4545.4,4545.7,4533.0,4538.3,2302.0
2026-05-19 13:25:00,1779168300,4538.3,4543.9,4536.1,4541.6,1327.0
2026-05-19 13:30:00,1779168600,4541.8,4543.4,4536.1,4539.8,1466.0
2026-05-19 13:35:00,1779168900,4539.8,4544.5,4537.5,4543.0,896.0
2026-05-19 13:40:00,1779169200,4542.7,4547.3,4540.9,4541.1,976.0
2026-05-19 13:45:00,1779169500,4541.5,4544.8,4536.0,4536.7,1957.0
2026-05-19 13:50:00,1779169800,4536.5,4544.7,4536.2,4543.4,894.0
2026-05-19 13:55:00,1779170100,4542.9,4546.8,4541.9,4544.4,1066.0
2026-05-19 14:00:00,1779170400,4544.4,4544.6,4536.5,4542.1,1180.0
2026-05-19 14:05:00,1779170700,4542.0,4543.7,4539.1,4540.7,716.0
2026-05-19 14:10:00,1779171000,4540.7,4549.1,4540.2,4545.1,1344.0
2026-05-19 14:15:00,1779171300,4545.0,4553.3,4543.9,4553.0,1468.0
2026-05-19 14:20:00,1779171600,4553.1,4554.3,4548.5,4552.4,1478.0
2026-05-19 14:25:00,1779171900,4552.3,4557.1,4550.7,4550.8,1315.0
2026-05-19 14:30:00,1779172200,4550.4,4554.5,4547.8,4553.5,1484.0
2026-05-19 14:35:00,1779172500,4553.4,4555.8,4549.5,4555.5,946.0
2026-05-19 14:40:00,1779172800,4555.6,4556.1,4552.0,4555.4,485.0
2026-05-19 14:45:00,1779173100,4555.5,4556.1,4546.3,4546.5,997.0
2026-05-19 14:50:00,1779173400,4546.4,4550.7,4546.3,4550.2,482.0
2026-05-19 14:55:00,1779173700,4550.2,4553.0,4550.2,4551.4,476.0
2026-05-19 15:00:00,1779174000,4551.3,4551.8,4547.5,4550.9,858.0
2026-05-19 15:05:00,1779174300,4550.8,4558.9,4549.8,4556.0,1165.0
2026-05-19 15:10:00,1779174600,4555.9,4557.0,4550.2,4551.0,753.0
2026-05-19 15:15:00,1779174900,4551.8,4553.4,4549.6,4551.8,501.0
2026-05-19 15:20:00,1779175200,4551.9,4553.1,4547.9,4550.1,679.0
2026-05-19 15:25:00,1779175500,4550.1,4551.6,4546.3,4551.6,709.0
2026-05-19 15:30:00,1779175800,4551.6,4553.0,4546.8,4547.2,565.0
2026-05-19 15:35:00,1779176100,4547.0,4550.7,4545.5,4546.8,772.0
2026-05-19 15:40:00,1779176400,4546.7,4548.4,4544.6,4545.3,911.0
2026-05-19 15:45:00,1779176700,4545.5,4557.8,4545.4,4554.2,1410.0
2026-05-19 15:50:00,1779177000,4554.3,4557.0,4551.3,4555.7,806.0
2026-05-19 15:55:00,1779177300,4555.7,4562.5,4555.7,4560.7,1397.0
2026-05-19 16:00:00,1779177600,4560.9,4562.8,4555.7,4556.2,1091.0
2026-05-19 16:05:00,1779177900,4556.3,4556.3,4547.2,4547.8,1321.0
2026-05-19 16:10:00,1779178200,4547.5,4551.3,4545.8,4549.8,971.0
2026-05-19 16:15:00,1779178500,4550.0,4551.5,4547.9,4548.0,875.0
2026-05-19 16:20:00,1779178800,4547.7,4548.6,4542.2,4543.8,785.0
2026-05-19 16:25:00,1779179100,4543.7,4544.4,4539.4,4541.7,1304.0
2026-05-19 16:30:00,1779179400,4541.6,4547.5,4540.3,4547.5,882.0
2026-05-19 16:35:00,1779179700,4547.2,4548.2,4545.5,4546.4,521.0
2026-05-19 16:40:00,1779180000,4546.7,4547.0,4545.5,4546.7,194.0
2026-05-19 16:45:00,1779180300,4546.5,4551.9,4546.3,4549.2,944.0
2026-05-19 16:50:00,1779180600,4549.2,4550.5,4541.7,4546.2,920.0
2026-05-19 16:55:00,1779180900,4546.0,4547.8,4545.0,4546.4,365.0
2026-05-19 17:00:00,1779181200,4545.8,4545.9,4543.1,4544.9,365.0
2026-05-19 17:05:00,1779181500,4544.5,4544.7,4540.2,4543.9,614.0
2026-05-19 17:10:00,1779181800,4543.8,4544.5,4540.2,4542.8,421.0
2026-05-19 17:15:00,1779182100,4542.7,4543.2,4539.1,4543.2,669.0
2026-05-19 17:20:00,1779182400,4543.1,4550.0,4543.0,4549.5,735.0
2026-05-19 17:25:00,1779182700,4549.5,4549.9,4543.4,4543.9,1107.0
2026-05-19 17:30:00,1779183000,4543.8,4546.1,4539.6,4542.5,1179.0
2026-05-19 17:35:00,1779183300,4542.4,4545.3,4540.3,4542.4,569.0
2026-05-19 17:40:00,1779183600,4542.6,4543.4,4541.3,4542.8,354.0
2026-05-19 17:45:00,1779183900,4542.5,4544.7,4541.3,4544.0,445.0
2026-05-19 17:50:00,1779184200,4544.0,4546.9,4542.0,4546.5,552.0
2026-05-19 17:55:00,1779184500,4546.7,4548.1,4543.9,4545.2,559.0
2026-05-19 18:00:00,1779184800,4544.8,4545.0,4539.5,4539.9,805.0
2026-05-19 18:05:00,1779185100,4539.7,4545.2,4538.8,4543.3,603.0
2026-05-19 18:10:00,1779185400,4543.8,4545.7,4542.0,4544.4,251.0
2026-05-19 18:15:00,1779185700,4544.7,4545.0,4541.4,4542.8,264.0
2026-05-19 18:20:00,1779186000,4543.1,4545.0,4542.4,4544.3,272.0
2026-05-19 18:25:00,1779186300,4544.0,4544.4,4542.8,4543.1,136.0
2026-05-19 18:30:00,1779186600,4543.6,4545.9,4542.2,4544.8,332.0
2026-05-19 18:35:00,1779186900,4544.5,4546.6,4537.3,4544.2,1367.0
2026-05-19 18:40:00,1779187200,4544.5,4544.9,4528.4,4532.5,2594.0
2026-05-19 18:45:00,1779187500,4532.4,4538.5,4530.7,4536.1,1701.0
2026-05-19 18:50:00,1779187800,4536.2,4539.3,4535.4,4538.4,874.0
2026-05-19 18:55:00,1779188100,4538.3,4548.1,4538.3,4547.9,1408.0
2026-05-19 19:00:00,1779188400,4547.8,4551.7,4546.4,4546.8,1346.0
2026-05-19 19:05:00,1779188700,4547.2,4547.2,4543.8,4544.7,762.0
2026-05-19 19:10:00,1779189000,4544.8,4545.8,4539.1,4540.2,1354.0
2026-05-19 19:15:00,1779189300,4540.3,4546.0,4539.1,4544.6,754.0
2026-05-19 19:20:00,1779189600,4544.2,4545.9,4542.2,4544.8,435.0
2026-05-19 19:25:00,1779189900,4545.3,4545.9,4540.4,4543.0,430.0
2026-05-19 19:30:00,1779190200,4542.8,4544.3,4541.1,4542.8,359.0
2026-05-19 19:35:00,1779190500,4542.6,4542.9,4540.3,4541.4,319.0
2026-05-19 19:40:00,1779190800,4541.5,4547.1,4540.8,4545.3,739.0
2026-05-19 19:45:00,1779191100,4545.3,4545.7,4540.7,4543.3,655.0
2026-05-19 19:50:00,1779191400,4543.2,4543.5,4537.5,4538.0,696.0
2026-05-19 19:55:00,1779191700,4538.1,4538.3,4533.0,4534.0,1202.0
2026-05-19 20:00:00,1779192000,4534.0,4539.3,4530.6,4538.8,1755.0
2026-05-19 20:05:00,1779192300,4538.9,4546.1,4536.7,4545.5,1445.0
2026-05-19 20:10:00,1779192600,4545.5,4550.3,4544.8,4546.1,1696.0
2026-05-19 20:15:00,1779192900,4545.8,4547.2,4540.1,4543.4,1450.0
2026-05-19 20:20:00,1779193200,4543.3,4548.0,4543.0,4547.5,1109.0
2026-05-19 20:25:00,1779193500,4547.5,4547.9,4543.9,4546.6,713.0
2026-05-19 20:30:00,1779193800,4546.6,4550.5,4545.3,4547.2,1159.0
2026-05-19 20:35:00,1779194100,4547.3,4550.9,4544.8,4545.9,1119.0
2026-05-19 20:40:00,1779194400,4546.0,4550.1,4540.2,4540.7,1428.0
2026-05-19 20:45:00,1779194700,4540.7,4543.6,4538.9,4543.2,1107.0
2026-05-19 20:50:00,1779195000,4543.2,4545.2,4540.7,4544.7,823.0
2026-05-19 20:55:00,1779195300,4544.6,4545.3,4540.1,4540.9,764.0
2026-05-19 21:00:00,1779195600,4540.4,4541.0,4525.2,4527.0,3775.0
2026-05-19 21:05:00,1779195900,4526.8,4529.0,4516.5,4525.8,4888.0
2026-05-19 21:10:00,1779196200,4525.5,4529.5,4522.3,4527.1,2704.0
2026-05-19 21:15:00,1779196500,4527.3,4529.2,4519.2,4520.0,2191.0
2026-05-19 21:20:00,1779196800,4520.2,4523.0,4505.6,4507.4,4936.0
2026-05-19 21:25:00,1779197100,4506.8,4507.4,4493.0,4494.6,5916.0
2026-05-19 21:30:00,1779197400,4494.8,4498.4,4467.2,4483.9,12189.0
2026-05-19 21:35:00,1779197700,4484.4,4489.6,4473.6,4485.8,5389.0
2026-05-19 21:40:00,1779198000,4485.3,4485.9,4472.5,4478.3,4302.0
2026-05-19 21:45:00,1779198300,4478.6,4484.8,4476.1,4483.4,3417.0
2026-05-19 21:50:00,1779198600,4483.2,4507.9,4481.9,4507.3,6046.0
2026-05-19 21:55:00,1779198900,4507.2,4514.0,4500.8,4506.8,5369.0
2026-05-19 22:00:00,1779199200,4506.7,4515.6,4498.5,4514.5,4127.0
2026-05-19 22:05:00,1779199500,4514.9,4517.1,4497.5,4506.7,3972.0
2026-05-19 22:10:00,1779199800,4506.7,4506.7,4494.5,4495.4,2529.0
2026-05-19 22:15:00,1779200100,4495.4,4503.7,4494.5,4497.7,2274.0
2026-05-19 22:20:00,1779200400,4497.9,4498.7,4487.3,4489.1,3803.0
2026-05-19 22:25:00,1779200700,4489.4,4497.1,4486.9,4492.6,2481.0
2026-05-19 22:30:00,1779201000,4492.5,4501.2,4491.4,4492.9,2619.0
2026-05-19 22:35:00,1779201300,4493.0,4502.0,4492.2,4493.3,2456.0
2026-05-19 22:40:00,1779201600,4493.0,4501.0,4490.6,4497.6,2142.0
2026-05-19 22:45:00,1779201900,4497.7,4499.5,4490.8,4493.3,1616.0
2026-05-19 22:50:00,1779202200,4493.5,4497.7,4489.7,4490.2,1290.0
2026-05-19 22:55:00,1779202500,4490.2,4500.2,4490.1,4497.5,1459.0
2026-05-19 23:00:00,1779202800,4497.6,4503.8,4497.3,4500.0,1745.0
2026-05-19 23:05:00,1779203100,4499.9,4503.5,4492.9,4501.6,1650.0
2026-05-19 23:10:00,1779203400,4501.8,4503.4,4498.6,4502.4,1270.0
2026-05-19 23:15:00,1779203700,4502.7,4508.9,4501.5,4503.9,1717.0
2026-05-19 23:20:00,1779204000,4504.1,4505.7,4497.1,4498.6,1412.0
2026-05-19 23:25:00,1779204300,4498.1,4503.7,4497.8,4502.3,824.0
2026-05-19 23:30:00,1779204600,4502.3,4511.0,4501.5,4506.8,1992.0
2026-05-19 23:35:00,1779204900,4506.7,4508.8,4502.3,4506.4,1038.0
2026-05-19 23:40:00,1779205200,4506.2,4508.7,4503.8,4505.8,841.0
2026-05-19 23:45:00,1779205500,4506.2,4507.6,4503.7,4507.6,595.0
2026-05-19 23:50:00,1779205800,4507.6,4509.3,4505.1,4506.7,604.0
2026-05-19 23:55:00,1779206100,4506.9,4512.7,4506.8,4511.6,1185.0
2026-05-20 00:00:00,1779206400,4511.9,4513.7,4508.6,4509.0,879.0
2026-05-20 00:05:00,1779206700,4509.0,4509.2,4500.6,4501.6,1214.0
2026-05-20 00:10:00,1779207000,4501.8,4504.7,4499.3,4504.4,1156.0
2026-05-20 00:15:00,1779207300,4504.4,4506.4,4501.8,4504.1,836.0
2026-05-20 00:20:00,1779207600,4504.0,4510.0,4504.0,4509.2,649.0
2026-05-20 00:25:00,1779207900,4509.3,4515.5,4509.2,4512.2,1528.0
2026-05-20 00:30:00,1779208200,4512.1,4516.1,4510.1,4510.8,1015.0
2026-05-20 00:35:00,1779208500,4511.0,4513.2,4509.1,4512.3,751.0
2026-05-20 00:40:00,1779208800,4512.2,4513.0,4508.7,4509.2,588.0
2026-05-20 00:45:00,1779209100,4509.5,4510.0,4508.1,4509.3,589.0
2026-05-20 00:50:00,1779209400,4509.5,4511.7,4508.0,4508.9,827.0
2026-05-20 00:55:00,1779209700,4509.2,4512.9,4508.4,4511.0,480.0
2026-05-20 01:00:00,1779210000,4511.1,4513.6,4509.3,4510.2,844.0
2026-05-20 01:05:00,1779210300,4510.4,4512.8,4508.7,4511.5,499.0
2026-05-20 01:10:00,1779210600,4511.5,4514.6,4509.8,4514.1,507.0
2026-05-20 01:15:00,1779210900,4513.9,4514.7,4511.2,4511.5,647.0
2026-05-20 01:20:00,1779211200,4511.3,4511.6,4506.4,4506.7,874.0
2026-05-20 01:25:00,1779211500,4507.0,4512.0,4507.0,4510.5,1141.0
2026-05-20 01:30:00,1779211800,4510.4,4511.9,4507.3,4507.4,681.0
2026-05-20 01:35:00,1779212100,4507.2,4510.8,4507.0,4510.8,637.0
2026-05-20 01:40:00,1779212400,4510.6,4510.6,4506.3,4508.3,631.0
2026-05-20 01:45:00,1779212700,4508.2,4508.6,4503.7,4504.2,784.0
2026-05-20 01:50:00,1779213000,4504.4,4505.6,4502.5,4503.1,653.0
2026-05-20 01:55:00,1779213300,4503.1,4505.0,4502.8,4504.5,419.0
2026-05-20 02:00:00,1779213600,4504.5,4505.4,4503.3,4504.5,453.0
2026-05-20 02:05:00,1779213900,4504.7,4507.4,4503.0,4506.5,523.0
2026-05-20 02:10:00,1779214200,4506.5,4507.0,4504.3,4504.5,421.0
2026-05-20 02:15:00,1779214500,4504.2,4505.6,4502.7,4502.8,500.0
2026-05-20 02:20:00,1779214800,4502.8,4503.2,4498.7,4502.0,1217.0
2026-05-20 02:25:00,1779215100,4502.3,4503.7,4499.0,4499.4,679.0
2026-05-20 02:30:00,1779215400,4499.3,4502.1,4496.5,4501.1,982.0
2026-05-20 02:35:00,1779215700,4501.2,4503.5,4499.3,4503.2,441.0
2026-05-20 02:40:00,1779216000,4502.9,4504.1,4501.4,4502.3,354.0
2026-05-20 02:45:00,1779216300,4502.3,4503.1,4501.1,4502.4,234.0
2026-05-20 02:50:00,1779216600,4502.8,4502.8,4496.7,4496.7,467.0
2026-05-20 02:55:00,1779216900,4496.6,4497.9,4493.2,4497.0,979.0
2026-05-20 03:00:00,1779217200,4496.5,4499.7,4496.3,4496.9,529.0
2026-05-20 03:05:00,1779217500,4497.2,4499.5,4497.2,4498.7,300.0
2026-05-20 03:10:00,1779217800,4498.6,4500.7,4498.2,4500.0,442.0
2026-05-20 03:15:00,1779218100,4500.2,4500.2,4494.8,4495.9,501.0
2026-05-20 03:20:00,1779218400,4495.8,4496.2,4489.5,4489.8,1061.0
2026-05-20 03:25:00,1779218700,4489.7,4492.2,4488.6,4490.2,869.0
2026-05-20 03:30:00,1779219000,4490.6,4493.2,4489.5,4489.7,711.0
2026-05-20 03:35:00,1779219300,4489.7,4492.3,4489.7,4490.9,366.0
2026-05-20 03:40:00,1779219600,4491.1,4492.0,4489.1,4491.8,446.0
2026-05-20 03:45:00,1779219900,4491.5,4492.1,4489.0,4489.8,534.0
2026-05-20 03:50:00,1779220200,4489.9,4490.4,4486.9,4487.1,1153.0
2026-05-20 03:55:00,1779220500,4487.4,4488.0,4484.8,4487.1,1316.0
2026-05-20 04:00:00,1779220800,4487.0,4487.8,4484.1,4486.4,722.0
2026-05-20 04:05:00,1779221100,4486.0,4489.6,4484.9,4488.7,514.0
2026-05-20 04:10:00,1779221400,4489.0,4490.9,4487.6,4489.1,406.0
2026-05-20 04:15:00,1779221700,4489.0,4489.2,4486.6,4488.8,245.0
2026-05-20 04:20:00,1779222000,4489.0,4491.7,4488.5,4490.8,239.0
2026-05-20 04:25:00,1779222300,4490.9,4491.1,4488.9,4489.4,173.0
2026-05-20 04:30:00,1779222600,4489.8,4489.8,4486.4,4487.5,195.0
2026-05-20 04:35:00,1779222900,4487.4,4488.1,4486.4,4486.5,190.0
2026-05-20 04:40:00,1779223200,4486.3,4487.7,4485.2,4486.8,260.0
2026-05-20 04:45:00,1779223500,4486.7,4487.5,4486.0,4486.5,331.0
2026-05-20 04:50:00,1779223800,4486.3,4487.8,4485.6,4486.1,336.0
2026-05-20 04:55:00,1779224100,4486.0,4487.5,4484.8,4484.8,343.0
2026-05-20 06:00:00,1779228000,4484.7,4489.2,4483.1,4487.7,856.0
2026-05-20 06:05:00,1779228300,4487.4,4489.1,4485.3,4487.4,266.0
2026-05-20 06:10:00,1779228600,4487.7,4487.7,4485.4,4485.8,193.0
2026-05-20 06:15:00,1779228900,4485.5,4485.6,4480.8,4483.1,672.0
2026-05-20 06:20:00,1779229200,4483.1,4484.1,4482.0,4483.5,276.0
2026-05-20 06:25:00,1779229500,4483.4,4484.2,4481.3,4482.1,322.0
2026-05-20 06:30:00,1779229800,4482.3,4487.1,4479.6,4486.4,725.0
2026-05-20 06:35:00,1779230100,4486.5,4488.7,4483.0,4483.7,713.0
2026-05-20 06:40:00,1779230400,4483.8,4487.1,4482.5,4484.5,461.0
2026-05-20 06:45:00,1779230700,4484.5,4486.6,4482.7,4485.0,281.0
2026-05-20 06:50:00,1779231000,4485.1,4485.6,4482.0,4484.4,478.0
2026-05-20 06:55:00,1779231300,4484.2,4487.5,4483.7,4487.0,326.0
2026-05-20 07:00:00,1779231600,4486.7,4487.1,4482.9,4486.3,473.0
2026-05-20 07:05:00,1779231900,4486.3,4487.5,4484.0,4486.6,230.0
2026-05-20 07:10:00,1779232200,4486.6,4489.8,4486.1,4489.2,454.0
2026-05-20 07:15:00,1779232500,4488.9,4492.0,4485.8,4491.4,721.0
2026-05-20 07:20:00,1779232800,4491.5,4491.7,4487.6,4489.8,720.0
2026-05-20 07:25:00,1779233100,4489.7,4490.7,4488.2,4488.9,269.0
2026-05-20 07:30:00,1779233400,4489.5,4496.8,4488.5,4496.1,917.0
2026-05-20 07:35:00,1779233700,4496.0,4497.7,4492.2,4496.2,656.0
2026-05-20 07:40:00,1779234000,4496.1,4499.4,4494.2,4495.2,834.0
2026-05-20 07:45:00,1779234300,4495.1,4497.9,4492.8,4496.5,1018.0
2026-05-20 07:50:00,1779234600,4496.5,4497.5,4492.7,4493.7,423.0
2026-05-20 07:55:00,1779234900,4493.7,4495.9,4491.0,4492.1,664.0
2026-05-20 08:00:00,1779235200,4492.2,4493.5,4485.3,4489.2,1592.0
2026-05-20 08:05:00,1779235500,4489.2,4489.9,4482.5,4487.3,1239.0
2026-05-20 08:10:00,1779235800,4487.0,4493.4,4484.7,4491.5,1409.0
2026-05-20 08:15:00,1779236100,4491.4,4493.8,4485.5,4486.6,1482.0
2026-05-20 08:20:00,1779236400,4486.6,4494.6,4483.9,4494.6,1541.0
2026-05-20 08:25:00,1779236700,4495.0,4505.1,4492.7,4505.0,2316.0
2026-05-20 08:30:00,1779237000,4504.7,4510.4,4502.9,4506.0,2067.0
2026-05-20 08:35:00,1779237300,4506.3,4508.6,4502.4,4504.5,1052.0
2026-05-20 08:40:00,1779237600,4504.8,4509.6,4503.9,4508.1,1007.0
2026-05-20 08:45:00,1779237900,4508.2,4513.0,4505.9,4507.6,1145.0
2026-05-20 08:50:00,1779238200,4507.6,4508.3,4503.4,4506.6,835.0
2026-05-20 08:55:00,1779238500,4506.1,4506.4,4500.6,4504.1,871.0
2026-05-20 09:00:00,1779238800,4503.9,4509.6,4492.5,4496.6,3012.0
2026-05-20 09:05:00,1779239100,4496.6,4498.2,4490.6,4497.8,1842.0
2026-05-20 09:10:00,1779239400,4497.7,4503.4,4493.7,4495.3,1603.0
2026-05-20 09:15:00,1779239700,4495.3,4499.2,4494.3,4498.4,673.0
2026-05-20 09:20:00,1779240000,4498.6,4499.6,4485.8,4487.3,1421.0
2026-05-20 09:25:00,1779240300,4487.3,4488.5,4475.5,4476.4,2623.0
2026-05-20 09:30:00,1779240600,4476.5,4479.9,4470.4,4476.2,3136.0
2026-05-20 09:35:00,1779240900,4476.3,4476.3,4457.9,4470.4,4746.0
2026-05-20 09:40:00,1779241200,4470.6,4471.8,4464.3,4469.5,1812.0
2026-05-20 09:45:00,1779241500,4469.8,4476.7,4465.4,4474.9,1830.0
2026-05-20 09:50:00,1779241800,4474.9,4491.3,4474.8,4484.1,3984.0
2026-05-20 09:55:00,1779242100,4484.2,4485.6,4481.0,4483.9,1035.0
2026-05-20 10:00:00,1779242400,4484.1,4487.8,4482.6,4487.6,1359.0
2026-05-20 10:05:00,1779242700,4487.7,4489.5,4481.0,4482.6,1242.0
2026-05-20 10:10:00,1779243000,4482.0,4484.4,4478.3,4483.8,936.0
2026-05-20 10:15:00,1779243300,4483.8,4485.3,4478.7,4479.4,1194.0
2026-05-20 10:20:00,1779243600,4479.6,4489.3,4478.8,4486.9,1152.0
2026-05-20 10:25:00,1779243900,4486.9,4487.0,4481.5,4483.7,865.0
2026-05-20 10:30:00,1779244200,4483.6,4485.9,4468.0,4472.8,2717.0
2026-05-20 10:35:00,1779244500,4472.8,4473.5,4467.6,4471.8,1330.0
2026-05-20 10:40:00,1779244800,4471.9,4474.1,4462.6,4462.9,1806.0
2026-05-20 10:45:00,1779245100,4462.6,4467.1,4461.4,4466.4,1739.0
2026-05-20 10:50:00,1779245400,4466.5,4468.2,4463.6,4465.5,1075.0
2026-05-20 10:55:00,1779245700,4465.6,4468.1,4460.5,4467.3,1297.0
2026-05-20 11:00:00,1779246000,4467.3,4469.4,4462.0,4465.2,1544.0
2026-05-20 11:05:00,1779246300,4465.1,4465.7,4454.9,4458.8,2742.0
2026-05-20 11:10:00,1779246600,4458.5,4463.2,4458.0,4460.0,1255.0
2026-05-20 11:15:00,1779246900,4459.8,4466.0,4459.3,4464.5,831.0
2026-05-20 11:20:00,1779247200,4464.5,4465.2,4462.1,4464.3,536.0
2026-05-20 11:25:00,1779247500,4464.3,4466.7,4461.6,4463.1,794.0
2026-05-20 11:30:00,1779247800,4462.4,4464.2,4459.4,4461.0,1163.0
2026-05-20 11:35:00,1779248100,4460.9,4468.2,4460.8,4466.4,813.0
2026-05-20 11:40:00,1779248400,4466.6,4468.2,4462.1,4462.4,1010.0
2026-05-20 11:45:00,1779248700,4462.7,4463.4,4459.8,4461.5,511.0
2026-05-20 11:50:00,1779249000,4461.8,4463.6,4460.8,4462.6,375.0
2026-05-20 11:55:00,1779249300,4462.8,4467.2,4461.9,4465.8,710.0
2026-05-20 12:00:00,1779249600,4465.7,4472.3,4465.3,4470.8,1399.0
2026-05-20 12:05:00,1779249900,4470.8,4471.5,4468.6,4469.6,412.0
2026-05-20 12:10:00,1779250200,4469.7,4471.7,4467.2,4471.2,499.0
2026-05-20 12:15:00,1779250500,4471.3,4472.6,4467.5,4467.7,548.0
2026-05-20 12:20:00,1779250800,4467.7,4469.1,4465.0,4468.6,831.0
2026-05-20 12:25:00,1779251100,4468.8,4469.2,4463.8,4466.9,821.0
2026-05-20 12:30:00,1779251400,4467.2,4467.9,4463.8,4464.8,490.0
2026-05-20 12:35:00,1779251700,4464.1,4467.8,4462.5,4466.1,522.0
2026-05-20 12:40:00,1779252000,4466.0,4467.6,4462.0,4464.7,537.0
2026-05-20 12:45:00,1779252300,4464.8,4464.8,4458.5,4461.9,1106.0
2026-05-20 12:50:00,1779252600,4461.7,4465.2,4461.2,4463.2,594.0
2026-05-20 12:55:00,1779252900,4463.2,4464.8,4461.8,4463.9,387.0
2026-05-20 13:00:00,1779253200,4463.6,4473.9,4463.5,4473.0,1512.0
2026-05-20 13:05:00,1779253500,4472.8,4475.6,4469.7,4470.7,1055.0
2026-05-20 13:10:00,1779253800,4470.5,4472.0,4469.1,4471.5,396.0
2026-05-20 13:15:00,1779254100,4471.4,4474.2,4469.3,4473.1,832.0
2026-05-20 13:20:00,1779254400,4474.0,4477.6,4473.1,4473.2,1143.0
2026-05-20 13:25:00,1779254700,4473.1,4474.0,4469.5,4470.7,833.0
2026-05-20 13:30:00,1779255000,4470.7,4481.8,4470.2,4479.6,1867.0
2026-05-20 13:35:00,1779255300,4479.7,4481.5,4477.4,4479.0,802.0
2026-05-20 13:40:00,1779255600,4479.2,4480.5,4473.8,4474.5,762.0
2026-05-20 13:45:00,1779255900,4474.5,4474.6,4465.4,4467.6,1304.0
2026-05-20 13:50:00,1779256200,4467.6,4475.0,4466.5,4473.6,1010.0
2026-05-20 13:55:00,1779256500,4473.8,4477.5,4473.4,4475.2,815.0
2026-05-20 14:00:00,1779256800,4475.0,4479.9,4472.6,4475.0,1044.0
2026-05-20 14:05:00,1779257100,4475.0,4476.6,4471.2,4472.0,771.0
2026-05-20 14:10:00,1779257400,4471.6,4474.1,4469.5,4474.1,707.0
2026-05-20 14:15:00,1779257700,4474.7,4480.9,4474.0,4479.5,1241.0
2026-05-20 14:20:00,1779258000,4479.3,4480.1,4471.0,4471.1,1329.0
2026-05-20 14:25:00,1779258300,4471.1,4476.9,4470.1,4474.3,967.0
2026-05-20 14:30:00,1779258600,4474.4,4474.9,4468.7,4468.8,1060.0
2026-05-20 14:35:00,1779258900,4469.0,4470.7,4463.7,4469.1,1434.0
2026-05-20 14:40:00,1779259200,4469.2,4469.6,4465.9,4469.4,914.0
2026-05-20 14:45:00,1779259500,4469.6,4477.4,4467.6,4476.3,1132.0
2026-05-20 14:50:00,1779259800,4476.4,4481.5,4474.9,4477.6,1860.0
2026-05-20 14:55:00,1779260100,4477.6,4478.1,4473.9,4476.8,663.0
2026-05-20 15:00:00,1779260400,4476.5,4482.6,4474.2,4479.9,1554.0
2026-05-20 15:05:00,1779260700,4479.6,4486.4,4477.4,4485.7,1125.0
2026-05-20 15:10:00,1779261000,4485.7,4488.0,4482.8,4483.7,1172.0
2026-05-20 15:15:00,1779261300,4483.7,4483.8,4480.1,4481.1,697.0
2026-05-20 15:20:00,1779261600,4481.1,4486.6,4478.1,4482.7,969.0
2026-05-20 15:25:00,1779261900,4482.9,4486.2,4482.2,4485.5,604.0
2026-05-20 15:30:00,1779262200,4485.4,4488.5,4480.0,4480.7,1096.0
2026-05-20 15:35:00,1779262500,4481.0,4483.6,4478.3,4482.8,667.0
2026-05-20 15:40:00,1779262800,4482.7,4486.4,4480.9,4483.9,958.0
2026-05-20 15:45:00,1779263100,4483.8,4484.4,4478.6,4480.4,729.0
2026-05-20 15:50:00,1779263400,4480.5,4481.7,4477.6,4481.5,647.0
2026-05-20 15:55:00,1779263700,4481.7,4482.4,4479.1,4480.9,392.0
2026-05-20 16:00:00,1779264000,4481.1,4484.0,4479.1,4483.7,567.0
2026-05-20 16:05:00,1779264300,4483.5,4485.9,4479.2,4481.4,877.0
2026-05-20 16:10:00,1779264600,4481.3,4486.9,4480.0,4484.9,956.0
2026-05-20 16:15:00,1779264900,4484.6,4486.6,4482.0,4484.4,804.0
2026-05-20 16:20:00,1779265200,4484.5,4488.9,4480.8,4486.7,1141.0
2026-05-20 16:25:00,1779265500,4486.6,4489.2,4484.9,4489.1,513.0
2026-05-20 16:30:00,1779265800,4489.1,4492.1,4485.6,4485.7,939.0
2026-05-20 16:35:00,1779266100,4485.5,4487.3,4481.1,4486.5,810.0
2026-05-20 16:40:00,1779266400,4486.4,4486.4,4479.2,4482.0,771.0
2026-05-20 16:45:00,1779266700,4481.8,4486.1,4481.5,4484.1,1087.0
2026-05-20 16:50:00,1779267000,4484.5,4492.0,4483.7,4491.5,909.0
2026-05-20 16:55:00,1779267300,4491.5,4492.9,4485.8,4486.5,842.0
2026-05-20 17:00:00,1779267600,4486.3,4488.7,4485.8,4487.0,487.0
2026-05-20 17:05:00,1779267900,4487.0,4488.7,4483.8,4484.3,578.0
2026-05-20 17:10:00,1779268200,4484.6,4484.9,4482.0,4482.7,648.0
2026-05-20 17:15:00,1779268500,4482.4,4484.9,4481.5,4484.7,566.0
2026-05-20 17:20:00,1779268800,4484.8,4486.1,4481.1,4482.0,513.0
2026-05-20 17:25:00,1779269100,4481.8,4482.1,4475.2,4476.8,1334.0
2026-05-20 17:30:00,1779269400,4476.7,4485.6,4475.0,4484.7,1828.0
2026-05-20 17:35:00,1779269700,4485.0,4486.1,4482.4,4485.9,597.0
2026-05-20 17:40:00,1779270000,4486.1,4487.4,4485.6,4485.6,532.0
2026-05-20 17:45:00,1779270300,4485.8,4487.1,4484.3,4485.7,368.0
2026-05-20 17:50:00,1779270600,4485.7,4493.4,4485.3,4491.8,1229.0
2026-05-20 17:55:00,1779270900,4492.1,4493.9,4486.8,4487.5,746.0
2026-05-20 18:00:00,1779271200,4487.6,4490.3,4486.9,4488.7,600.0
2026-05-20 18:05:00,1779271500,4488.7,4494.9,4488.7,4492.4,564.0
2026-05-20 18:10:00,1779271800,4492.4,4493.6,4489.3,4490.5,450.0
2026-05-20 18:15:00,1779272100,4490.6,4493.7,4489.9,4490.8,448.0
2026-05-20 18:20:00,1779272400,4490.8,4495.5,4490.7,4494.1,678.0
2026-05-20 18:25:00,1779272700,4494.0,4494.9,4490.8,4491.5,483.0
2026-05-20 18:30:00,1779273000,4491.6,4495.1,4491.2,4495.1,428.0
2026-05-20 18:35:00,1779273300,4495.2,4500.0,4494.8,4498.4,950.0
2026-05-20 18:40:00,1779273600,4498.6,4499.7,4496.7,4497.2,647.0
2026-05-20 18:45:00,1779273900,4497.2,4498.7,4494.9,4495.4,653.0
2026-05-20 18:50:00,1779274200,4495.5,4497.9,4492.8,4497.4,780.0
2026-05-20 18:55:00,1779274500,4497.1,4497.5,4495.0,4497.3,323.0
2026-05-20 19:00:00,1779274800,4497.4,4499.6,4495.3,4497.1,621.0
2026-05-20 19:05:00,1779275100,4497.1,4498.7,4496.7,4497.5,412.0
2026-05-20 19:10:00,1779275400,4497.5,4499.0,4495.3,4495.4,430.0
2026-05-20 19:15:00,1779275700,4495.4,4499.2,4494.1,4494.5,454.0
2026-05-20 19:20:00,1779276000,4494.4,4499.2,4493.5,4498.4,588.0
2026-05-20 19:25:00,1779276300,4498.5,4503.7,4497.9,4502.6,1064.0
2026-05-20 19:30:00,1779276600,4502.5,4502.8,4499.2,4501.4,687.0
2026-05-20 19:35:00,1779276900,4501.1,4502.2,4498.7,4500.5,439.0
2026-05-20 19:40:00,1779277200,4500.2,4501.1,4495.7,4497.5,987.0
2026-05-20 19:45:00,1779277500,4497.6,4499.6,4494.1,4495.6,681.0
2026-05-20 19:50:00,1779277800,4495.5,4500.6,4493.3,4500.6,1130.0
2026-05-20 19:55:00,1779278100,4500.7,4501.8,4498.3,4501.6,809.0
2026-05-20 20:00:00,1779278400,4501.2,4503.6,4498.1,4498.8,1051.0
2026-05-20 20:05:00,1779278700,4498.9,4502.5,4498.2,4500.0,702.0
2026-05-20 20:10:00,1779279000,4500.2,4500.3,4498.5,4498.7,532.0
2026-05-20 20:15:00,1779279300,4498.4,4499.5,4496.2,4496.7,647.0
2026-05-20 20:20:00,1779279600,4496.7,4499.3,4495.2,4498.7,809.0
2026-05-20 20:25:00,1779279900,4498.7,4502.3,4498.5,4502.0,1036.0
2026-05-20 20:30:00,1779280200,4502.2,4507.2,4501.7,4506.2,1838.0
2026-05-20 20:35:00,1779280500,4506.3,4507.5,4503.7,4506.5,977.0
2026-05-20 20:40:00,1779280800,4506.3,4507.3,4503.9,4505.6,667.0
2026-05-20 20:45:00,1779281100,4505.6,4508.3,4504.3,4505.6,950.0
2026-05-20 20:50:00,1779281400,4505.7,4505.8,4501.2,4501.2,1065.0
2026-05-20 20:55:00,1779281700,4501.2,4501.8,4496.6,4498.8,1335.0
2026-05-20 21:00:00,1779282000,4498.9,4504.3,4496.5,4500.1,2743.0
2026-05-20 21:05:00,1779282300,4500.6,4504.6,4499.1,4501.5,1272.0
2026-05-20 21:10:00,1779282600,4501.5,4509.3,4500.2,4507.9,1520.0
2026-05-20 21:15:00,1779282900,4507.8,4508.3,4501.3,4502.0,1050.0
2026-05-20 21:20:00,1779283200,4502.1,4503.0,4496.3,4496.7,1326.0
2026-05-20 21:25:00,1779283500,4496.5,4497.5,4491.7,4492.0,1923.0
2026-05-20 21:30:00,1779283800,4492.1,4495.9,4490.5,4494.3,2254.0
2026-05-20 21:35:00,1779284100,4494.2,4495.8,4487.4,4488.0,2841.0
2026-05-20 21:40:00,1779284400,4488.3,4493.4,4485.6,4492.6,2510.0
2026-05-20 21:45:00,1779284700,4492.7,4495.0,4488.6,4489.6,2097.0
2026-05-20 21:50:00,1779285000,4489.6,4492.2,4487.2,4488.3,1288.0
2026-05-20 21:55:00,1779285300,4488.3,4488.9,4484.6,4485.7,1889.0
2026-05-20 22:00:00,1779285600,4485.8,4487.9,4483.2,4484.0,1870.0
2026-05-20 22:05:00,1779285900,4483.9,4484.3,4477.4,4478.9,2710.0
2026-05-20 22:10:00,1779286200,4478.6,4483.3,4469.3,4479.0,5583.0
2026-05-20 22:15:00,1779286500,4479.7,4506.8,4478.9,4501.6,8627.0
2026-05-20 22:20:00,1779286800,4501.4,4514.1,4498.5,4505.5,6774.0
2026-05-20 22:25:00,1779287100,4505.4,4509.8,4501.3,4509.6,2585.0
2026-05-20 22:30:00,1779287400,4509.7,4531.9,4509.6,4527.7,7117.0
2026-05-20 22:35:00,1779287700,4527.6,4530.2,4518.2,4526.8,3684.0
2026-05-20 22:40:00,1779288000,4526.7,4526.9,4520.2,4523.8,1948.0
2026-05-20 22:45:00,1779288300,4524.0,4527.2,4519.4,4525.0,1873.0
2026-05-20 22:50:00,1779288600,4525.1,4533.3,4524.0,4532.8,2459.0
2026-05-20 22:55:00,1779288900,4532.5,4540.8,4532.0,4534.4,3375.0
2026-05-20 23:00:00,1779289200,4534.3,4539.2,4532.6,4533.5,1955.0
2026-05-20 23:05:00,1779289500,4534.0,4535.3,4527.0,4529.6,2267.0
2026-05-20 23:10:00,1779289800,4529.7,4530.4,4526.5,4528.0,1439.0
2026-05-20 23:15:00,1779290100,4528.0,4557.5,4527.9,4546.7,8232.0
2026-05-20 23:20:00,1779290400,4546.6,4549.0,4539.3,4539.8,2649.0
2026-05-20 23:25:00,1779290700,4539.3,4541.0,4531.9,4532.8,2255.0
2026-05-20 23:30:00,1779291000,4532.8,4538.5,4531.1,4538.2,1692.0
2026-05-20 23:35:00,1779291300,4538.4,4542.5,4538.0,4541.0,1537.0
2026-05-20 23:40:00,1779291600,4541.0,4542.8,4537.8,4540.2,1146.0
2026-05-20 23:45:00,1779291900,4540.3,4541.2,4538.4,4540.6,752.0
2026-05-20 23:50:00,1779292200,4540.6,4541.2,4535.4,4536.6,847.0
2026-05-20 23:55:00,1779292500,4536.6,4537.3,4530.3,4532.1,1817.0
2026-05-21 00:00:00,1779292800,4532.3,4535.6,4531.5,4535.4,919.0
2026-05-21 00:05:00,1779293100,4535.4,4538.5,4534.5,4536.4,839.0
2026-05-21 00:10:00,1779293400,4536.5,4538.1,4534.6,4536.8,572.0
2026-05-21 00:15:00,1779293700,4536.6,4536.8,4532.7,4533.8,520.0
2026-05-21 00:20:00,1779294000,4533.9,4534.6,4527.5,4529.1,1465.0
2026-05-21 00:25:00,1779294300,4529.0,4530.9,4527.0,4529.2,994.0
2026-05-21 00:30:00,1779294600,4529.4,4532.6,4527.4,4528.8,1107.0
2026-05-21 00:35:00,1779294900,4528.9,4531.8,4528.5,4530.7,525.0
2026-05-21 00:40:00,1779295200,4530.7,4537.2,4530.4,4537.0,1177.0
2026-05-21 00:45:00,1779295500,4536.9,4538.3,4533.2,4535.3,997.0
2026-05-21 00:50:00,1779295800,4535.5,4536.5,4534.0,4535.8,470.0
2026-05-21 00:55:00,1779296100,4535.7,4538.8,4534.0,4537.6,762.0
2026-05-21 01:00:00,1779296400,4537.9,4538.2,4534.7,4535.3,641.0
2026-05-21 01:05:00,1779296700,4535.5,4539.2,4534.2,4538.9,595.0
2026-05-21 01:10:00,1779297000,4539.0,4542.2,4536.6,4537.7,1596.0
2026-05-21 01:15:00,1779297300,4537.8,4539.3,4536.4,4538.7,604.0
2026-05-21 01:20:00,1779297600,4538.5,4540.5,4536.5,4537.2,577.0
2026-05-21 01:25:00,1779297900,4537.4,4540.0,4534.2,4535.7,1350.0
2026-05-21 01:30:00,1779298200,4535.8,4538.5,4533.1,4534.0,939.0
2026-05-21 01:35:00,1779298500,4534.0,4539.8,4533.4,4539.3,1103.0
2026-05-21 01:40:00,1779298800,4539.0,4539.3,4536.0,4536.3,416.0
2026-05-21 01:45:00,1779299100,4536.6,4538.5,4535.4,4536.8,381.0
2026-05-21 01:50:00,1779299400,4536.9,4537.7,4535.1,4535.4,199.0
2026-05-21 01:55:00,1779299700,4535.5,4535.9,4533.5,4534.8,395.0
2026-05-21 02:00:00,1779300000,4534.8,4536.5,4532.0,4535.7,781.0
2026-05-21 02:05:00,1779300300,4535.8,4537.2,4533.8,4536.2,338.0
2026-05-21 02:10:00,1779300600,4536.4,4537.7,4535.5,4536.3,288.0
2026-05-21 02:15:00,1779300900,4536.4,4540.2,4536.4,4539.5,519.0
2026-05-21 02:20:00,1779301200,4539.5,4540.0,4536.0,4537.2,411.0
2026-05-21 02:25:00,1779301500,4536.9,4538.6,4535.1,4538.4,431.0
2026-05-21 02:30:00,1779301800,4538.7,4543.5,4538.6,4543.3,834.0
2026-05-21 02:35:00,1779302100,4543.4,4547.1,4543.2,4546.6,1044.0
2026-05-21 02:40:00,1779302400,4546.5,4546.8,4540.4,4541.2,848.0
2026-05-21 02:45:00,1779302700,4540.7,4544.3,4540.2,4543.2,463.0
2026-05-21 02:50:00,1779303000,4543.3,4546.7,4542.5,4545.5,417.0
2026-05-21 02:55:00,1779303300,4545.4,4548.5,4545.1,4545.7,808.0
2026-05-21 03:00:00,1779303600,4545.9,4548.2,4545.4,4545.8,410.0
2026-05-21 03:05:00,1779303900,4545.7,4547.4,4544.7,4546.5,284.0
2026-05-21 03:10:00,1779304200,4546.2,4548.5,4546.1,4546.9,365.0
2026-05-21 03:15:00,1779304500,4547.1,4549.2,4546.7,4548.9,458.0
2026-05-21 03:20:00,1779304800,4548.9,4549.3,4546.2,4547.4,418.0
2026-05-21 03:25:00,1779305100,4547.3,4548.9,4546.8,4548.2,302.0
2026-05-21 03:30:00,1779305400,4548.2,4550.5,4548.1,4548.7,558.0
2026-05-21 03:35:00,1779305700,4548.8,4553.7,4547.8,4551.4,1019.0
2026-05-21 03:40:00,1779306000,4551.2,4552.5,4548.0,4549.5,698.0
2026-05-21 03:45:00,1779306300,4549.7,4550.7,4548.4,4549.1,449.0
2026-05-21 03:50:00,1779306600,4548.4,4551.3,4548.1,4550.6,559.0
2026-05-21 03:55:00,1779306900,4550.5,4551.3,4547.7,4548.2,923.0
2026-05-21 04:00:00,1779307200,4548.3,4550.6,4548.2,4549.4,493.0
2026-05-21 04:05:00,1779307500,4549.3,4549.8,4548.0,4549.1,268.0
2026-05-21 04:10:00,1779307800,4549.2,4553.2,4548.2,4549.4,420.0
2026-05-21 04:15:00,1779308100,4549.7,4551.2,4547.8,4550.1,292.0
2026-05-21 04:20:00,1779308400,4549.8,4549.8,4545.7,4548.1,615.0
2026-05-21 04:25:00,1779308700,4547.9,4549.5,4547.9,4548.4,233.0
2026-05-21 04:30:00,1779309000,4549.0,4549.2,4546.4,4546.9,260.0
2026-05-21 04:35:00,1779309300,4547.2,4547.7,4545.9,4546.3,168.0
2026-05-21 04:40:00,1779309600,4546.3,4547.0,4545.1,4545.9,276.0
2026-05-21 04:45:00,1779309900,4546.0,4547.3,4544.8,4545.1,357.0
2026-05-21 04:50:00,1779310200,4545.6,4546.6,4544.4,4545.5,347.0
2026-05-21 04:55:00,1779310500,4545.4,4547.2,4545.1,4546.1,259.0
2026-05-21 06:00:00,1779314400,4546.4,4549.2,4543.7,4545.5,721.0
2026-05-21 06:05:00,1779314700,4545.4,4547.6,4539.7,4540.6,703.0
2026-05-21 06:10:00,1779315000,4540.7,4543.4,4539.5,4541.2,732.0
2026-05-21 06:15:00,1779315300,4541.0,4541.4,4537.9,4538.6,747.0
2026-05-21 06:20:00,1779315600,4538.8,4539.5,4535.7,4538.0,613.0
2026-05-21 06:25:00,1779315900,4537.5,4540.3,4537.1,4540.1,322.0
2026-05-21 06:30:00,1779316200,4539.9,4544.0,4539.7,4542.1,676.0
2026-05-21 06:35:00,1779316500,4542.5,4545.0,4541.5,4543.9,349.0
2026-05-21 06:40:00,1779316800,4543.6,4544.1,4541.2,4543.1,339.0
2026-05-21 06:45:00,1779317100,4543.1,4545.8,4541.6,4542.4,585.0
2026-05-21 06:50:00,1779317400,4542.2,4543.1,4538.0,4541.6,906.0
2026-05-21 06:55:00,1779317700,4541.9,4542.8,4538.9,4541.3,589.0
2026-05-21 07:00:00,1779318000,4540.7,4543.0,4540.7,4542.9,250.0
2026-05-21 07:05:00,1779318300,4543.1,4544.3,4539.4,4539.5,600.0
2026-05-21 07:10:00,1779318600,4539.4,4541.5,4538.8,4540.8,311.0
2026-05-21 07:15:00,1779318900,4540.8,4541.6,4539.8,4540.0,249.0
2026-05-21 07:20:00,1779319200,4540.0,4540.1,4537.3,4538.2,439.0
2026-05-21 07:25:00,1779319500,4538.3,4539.7,4535.5,4539.6,709.0
2026-05-21 07:30:00,1779319800,4539.8,4542.5,4538.9,4541.0,500.0
2026-05-21 07:35:00,1779320100,4541.3,4546.8,4540.9,4546.5,706.0
2026-05-21 07:40:00,1779320400,4546.4,4546.4,4543.7,4544.0,432.0
2026-05-21 07:45:00,1779320700,4543.9,4548.7,4543.0,4546.4,794.0
2026-05-21 07:50:00,1779321000,4546.5,4546.8,4543.5,4546.0,505.0
2026-05-21 07:55:00,1779321300,4546.4,4548.0,4545.0,4548.0,377.0
2026-05-21 08:00:00,1779321600,4548.1,4550.3,4540.7,4543.7,1634.0
2026-05-21 08:05:00,1779321900,4543.6,4546.7,4541.5,4545.8,784.0
2026-05-21 08:10:00,1779322200,4545.9,4547.2,4544.0,4546.0,594.0
2026-05-21 08:15:00,1779322500,4546.2,4554.9,4541.1,4547.6,2467.0
2026-05-21 08:20:00,1779322800,4547.1,4547.9,4540.5,4542.8,1102.0
2026-05-21 08:25:00,1779323100,4542.7,4546.9,4538.8,4545.3,1430.0
2026-05-21 08:30:00,1779323400,4545.4,4547.1,4541.1,4546.3,845.0
2026-05-21 08:35:00,1779323700,4546.2,4546.9,4543.7,4543.8,441.0
2026-05-21 08:40:00,1779324000,4544.1,4545.7,4543.1,4545.4,317.0
2026-05-21 08:45:00,1779324300,4545.1,4546.8,4543.7,4546.1,465.0
2026-05-21 08:50:00,1779324600,4545.9,4550.6,4545.3,4548.8,829.0
2026-05-21 08:55:00,1779324900,4549.3,4550.1,4546.7,4547.0,535.0
2026-05-21 09:00:00,1779325200,4547.0,4551.5,4541.4,4545.4,2430.0
2026-05-21 09:05:00,1779325500,4545.2,4552.9,4542.5,4551.6,1247.0
2026-05-21 09:10:00,1779325800,4551.5,4562.2,4551.1,4561.4,3605.0
2026-05-21 09:15:00,1779326100,4561.7,4563.6,4559.9,4561.4,2015.0
2026-05-21 09:20:00,1779326400,4561.2,4569.8,4558.9,4567.0,2033.0
2026-05-21 09:25:00,1779326700,4567.2,4569.8,4562.4,4568.9,1322.0
2026-05-21 09:30:00,1779327000,4568.9,4571.5,4563.8,4564.4,1790.0
2026-05-21 09:35:00,1779327300,4564.5,4568.9,4563.5,4567.5,973.0
2026-05-21 09:40:00,1779327600,4567.5,4572.5,4567.2,4569.8,844.0
2026-05-21 09:45:00,1779327900,4569.6,4570.0,4567.1,4567.2,617.0
2026-05-21 09:50:00,1779328200,4567.4,4567.7,4560.7,4561.9,1213.0
2026-05-21 09:55:00,1779328500,4561.7,4563.9,4561.4,4563.0,788.0
2026-05-21 10:00:00,1779328800,4562.8,4567.0,4558.3,4559.2,1616.0
2026-05-21 10:05:00,1779329100,4558.8,4561.7,4557.1,4557.9,826.0
2026-05-21 10:10:00,1779329400,4557.7,4557.9,4552.6,4553.7,1374.0
2026-05-21 10:15:00,1779329700,4553.7,4555.3,4549.1,4551.1,1466.0
2026-05-21 10:20:00,1779330000,4551.2,4551.6,4547.4,4549.8,935.0
2026-05-21 10:25:00,1779330300,4550.0,4550.5,4541.5,4542.1,1528.0
2026-05-21 10:30:00,1779330600,4541.7,4544.2,4535.6,4538.7,2470.0
2026-05-21 10:35:00,1779330900,4538.6,4543.6,4538.6,4541.7,1226.0
2026-05-21 10:40:00,1779331200,4541.6,4542.0,4535.9,4537.9,1170.0
2026-05-21 10:45:00,1779331500,4538.0,4538.9,4533.0,4536.0,1504.0
2026-05-21 10:50:00,1779331800,4535.7,4538.5,4534.9,4535.7,672.0
2026-05-21 10:55:00,1779332100,4535.7,4537.8,4534.0,4535.2,740.0
2026-05-21 11:00:00,1779332400,4534.7,4537.1,4532.4,4536.6,1214.0
2026-05-21 11:05:00,1779332700,4536.7,4539.5,4536.3,4538.9,980.0
2026-05-21 11:10:00,1779333000,4538.8,4540.6,4538.0,4539.6,794.0
2026-05-21 11:15:00,1779333300,4539.6,4539.8,4534.4,4537.6,805.0
2026-05-21 11:20:00,1779333600,4537.0,4542.0,4537.0,4539.4,721.0
2026-05-21 11:25:00,1779333900,4539.3,4540.0,4535.8,4537.6,521.0
2026-05-21 11:30:00,1779334200,4537.1,4539.0,4534.8,4535.5,391.0
2026-05-21 11:35:00,1779334500,4535.9,4536.3,4533.1,4534.0,709.0
2026-05-21 11:40:00,1779334800,4534.1,4537.9,4533.4,4535.7,696.0
2026-05-21 11:45:00,1779335100,4535.8,4536.1,4533.2,4533.4,417.0
2026-05-21 11:50:00,1779335400,4533.4,4533.8,4528.1,4529.5,1720.0
2026-05-21 11:55:00,1779335700,4529.6,4531.1,4528.5,4529.9,974.0
2026-05-21 12:00:00,1779336000,4529.4,4534.5,4528.6,4533.3,748.0
2026-05-21 12:05:00,1779336300,4533.3,4535.4,4532.0,4534.2,457.0
2026-05-21 12:10:00,1779336600,4534.0,4538.0,4533.9,4537.5,621.0
2026-05-21 12:15:00,1779336900,4537.5,4537.9,4535.6,4535.7,349.0
2026-05-21 12:20:00,1779337200,4535.9,4538.5,4535.6,4538.2,421.0
2026-05-21 12:25:00,1779337500,4538.2,4541.3,4537.7,4541.0,788.0
2026-05-21 12:30:00,1779337800,4541.0,4541.8,4537.6,4538.2,606.0
2026-05-21 12:35:00,1779338100,4538.1,4538.7,4534.9,4538.5,482.0
2026-05-21 12:40:00,1779338400,4538.4,4539.5,4537.4,4538.4,267.0
2026-05-21 12:45:00,1779338700,4538.5,4538.5,4536.6,4537.9,304.0
2026-05-21 12:50:00,1779339000,4537.8,4540.0,4536.8,4537.0,325.0
2026-05-21 12:55:00,1779339300,4537.3,4540.5,4537.3,4539.6,289.0
2026-05-21 13:00:00,1779339600,4539.8,4541.7,4537.9,4539.5,436.0
2026-05-21 13:05:00,1779339900,4539.5,4539.8,4532.0,4533.0,793.0
2026-05-21 13:10:00,1779340200,4533.0,4534.5,4531.0,4532.2,635.0
2026-05-21 13:15:00,1779340500,4532.2,4532.4,4526.9,4528.5,1071.0
2026-05-21 13:20:00,1779340800,4528.3,4528.8,4525.8,4525.8,797.0
2026-05-21 13:25:00,1779341100,4525.9,4529.1,4522.5,4524.0,1750.0
2026-05-21 13:30:00,1779341400,4524.2,4528.2,4519.1,4526.7,1627.0
2026-05-21 13:35:00,1779341700,4526.6,4528.3,4522.2,4526.8,847.0
2026-05-21 13:40:00,1779342000,4527.0,4527.9,4525.1,4526.9,404.0
2026-05-21 13:45:00,1779342300,4526.7,4527.8,4519.1,4524.0,1052.0
2026-05-21 13:50:00,1779342600,4524.4,4531.0,4523.7,4530.7,936.0
2026-05-21 13:55:00,1779342900,4530.7,4530.7,4526.9,4528.9,656.0
2026-05-21 14:00:00,1779343200,4528.3,4536.5,4527.7,4534.3,1445.0
2026-05-21 14:05:00,1779343500,4534.7,4536.3,4532.0,4532.0,613.0
2026-05-21 14:10:00,1779343800,4532.2,4533.6,4528.4,4532.4,903.0
2026-05-21 14:15:00,1779344100,4532.7,4533.6,4529.4,4531.3,608.0
2026-05-21 14:20:00,1779344400,4531.2,4541.2,4530.5,4535.4,2315.0
2026-05-21 14:25:00,1779344700,4535.2,4536.6,4531.1,4534.2,500.0
2026-05-21 14:30:00,1779345000,4534.1,4536.2,4529.1,4531.0,815.0
2026-05-21 14:35:00,1779345300,4531.1,4532.5,4528.6,4529.0,667.0
2026-05-21 14:40:00,1779345600,4529.1,4529.1,4523.8,4525.9,1078.0
2026-05-21 14:45:00,1779345900,4525.2,4527.5,4522.8,4524.9,685.0
2026-05-21 14:50:00,1779346200,4524.4,4525.3,4521.5,4523.8,761.0
2026-05-21 14:55:00,1779346500,4523.9,4524.5,4520.0,4522.8,863.0
2026-05-21 15:00:00,1779346800,4522.8,4525.8,4520.4,4522.0,1008.0
2026-05-21 15:05:00,1779347100,4522.0,4524.0,4518.6,4523.2,726.0
2026-05-21 15:10:00,1779347400,4522.9,4523.8,4520.4,4522.0,413.0
2026-05-21 15:15:00,1779347700,4521.7,4522.9,4518.5,4522.6,831.0
2026-05-21 15:20:00,1779348000,4522.6,4525.0,4518.1,4519.6,770.0
2026-05-21 15:25:00,1779348300,4519.3,4520.3,4513.3,4514.5,1410.0
2026-05-21 15:30:00,1779348600,4514.4,4518.8,4513.3,4518.0,1026.0
2026-05-21 15:35:00,1779348900,4518.0,4518.2,4515.6,4516.4,470.0
2026-05-21 15:40:00,1779349200,4516.5,4518.2,4515.2,4517.6,322.0
2026-05-21 15:45:00,1779349500,4517.6,4519.3,4515.2,4519.3,520.0
2026-05-21 15:50:00,1779349800,4519.0,4524.4,4516.5,4521.9,1394.0
2026-05-21 15:55:00,1779350100,4521.7,4523.9,4520.5,4520.7,484.0
2026-05-21 16:00:00,1779350400,4521.0,4525.0,4519.2,4524.7,729.0
2026-05-21 16:05:00,1779350700,4524.6,4530.5,4523.2,4529.7,1291.0
2026-05-21 16:10:00,1779351000,4529.8,4537.2,4529.1,4535.4,1453.0
2026-05-21 16:15:00,1779351300,4535.7,4538.2,4531.2,4531.8,1549.0
2026-05-21 16:20:00,1779351600,4531.7,4534.3,4530.8,4534.0,666.0
2026-05-21 16:25:00,1779351900,4533.9,4538.1,4530.4,4537.1,1135.0
2026-05-21 16:30:00,1779352200,4536.7,4537.1,4529.5,4531.0,968.0
2026-05-21 16:35:00,1779352500,4531.0,4532.6,4527.7,4529.5,844.0
2026-05-21 16:40:00,1779352800,4529.7,4533.9,4529.3,4530.5,448.0
2026-05-21 16:45:00,1779353100,4530.7,4534.3,4529.1,4531.8,640.0
2026-05-21 16:50:00,1779353400,4531.8,4534.1,4531.4,4533.5,374.0
2026-05-21 16:55:00,1779353700,4533.8,4536.1,4533.6,4533.9,462.0
2026-05-21 17:00:00,1779354000,4533.8,4535.4,4533.0,4533.8,380.0
2026-05-21 17:05:00,1779354300,4533.7,4537.5,4532.9,4534.9,692.0
2026-05-21 17:10:00,1779354600,4535.5,4541.7,4534.4,4539.0,1039.0
2026-05-21 17:15:00,1779354900,4539.0,4542.8,4537.7,4541.6,780.0
2026-05-21 17:20:00,1779355200,4541.5,4543.9,4538.4,4538.6,1095.0
2026-05-21 17:25:00,1779355500,4538.5,4540.8,4536.6,4538.4,825.0
2026-05-21 17:30:00,1779355800,4538.1,4544.3,4534.5,4536.5,1467.0
2026-05-21 17:35:00,1779356100,4536.5,4538.0,4533.8,4533.9,533.0
2026-05-21 17:40:00,1779356400,4534.0,4535.9,4530.6,4531.2,655.0
2026-05-21 17:45:00,1779356700,4531.1,4533.1,4528.8,4532.6,599.0
2026-05-21 17:50:00,1779357000,4532.8,4534.3,4532.5,4533.8,308.0
2026-05-21 17:55:00,1779357300,4534.0,4534.2,4530.7,4531.7,350.0
2026-05-21 18:00:00,1779357600,4531.7,4534.7,4531.4,4534.7,474.0
2026-05-21 18:05:00,1779357900,4534.3,4537.3,4531.8,4536.1,681.0
2026-05-21 18:10:00,1779358200,4536.1,4536.6,4531.3,4533.6,558.0
2026-05-21 18:15:00,1779358500,4533.8,4535.8,4531.7,4535.5,566.0
2026-05-21 18:20:00,1779358800,4535.4,4535.6,4533.1,4535.4,318.0
2026-05-21 18:25:00,1779359100,4535.4,4535.7,4510.8,4519.2,4205.0
2026-05-21 18:30:00,1779359400,4519.4,4519.6,4509.0,4515.7,2433.0
2026-05-21 18:35:00,1779359700,4515.8,4519.1,4508.5,4510.0,1501.0
2026-05-21 18:40:00,1779360000,4509.9,4519.2,4505.8,4518.1,1852.0
2026-05-21 18:45:00,1779360300,4517.9,4519.0,4514.5,4517.7,898.0
2026-05-21 18:50:00,1779360600,4517.9,4518.3,4511.4,4517.1,855.0
2026-05-21 18:55:00,1779360900,4516.7,4517.3,4511.8,4512.5,729.0
2026-05-21 19:00:00,1779361200,4512.7,4521.2,4511.5,4517.2,1375.0
2026-05-21 19:05:00,1779361500,4517.3,4519.4,4515.8,4517.8,508.0
2026-05-21 19:10:00,1779361800,4518.0,4519.3,4516.2,4517.2,473.0
2026-05-21 19:15:00,1779362100,4517.3,4521.0,4516.6,4520.3,512.0
2026-05-21 19:20:00,1779362400,4520.1,4522.4,4516.1,4517.0,1392.0
2026-05-21 19:25:00,1779362700,4516.9,4516.9,4513.5,4515.2,632.0
2026-05-21 19:30:00,1779363000,4515.2,4517.0,4511.1,4511.6,618.0
2026-05-21 19:35:00,1779363300,4511.6,4513.3,4509.0,4511.4,812.0
2026-05-21 19:40:00,1779363600,4511.4,4515.2,4511.2,4513.3,570.0
2026-05-21 19:45:00,1779363900,4513.1,4516.5,4512.6,4514.1,473.0
2026-05-21 19:50:00,1779364200,4514.4,4518.7,4513.8,4515.3,641.0
2026-05-21 19:55:00,1779364500,4515.3,4515.4,4511.8,4515.2,709.0
2026-05-21 20:00:00,1779364800,4515.3,4517.9,4515.1,4516.8,737.0
2026-05-21 20:05:00,1779365100,4516.6,4519.5,4514.6,4519.0,719.0
2026-05-21 20:10:00,1779365400,4518.9,4520.3,4514.6,4515.6,736.0
2026-05-21 20:15:00,1779365700,4515.7,4515.7,4510.3,4513.5,961.0
2026-05-21 20:20:00,1779366000,4513.5,4513.8,4506.7,4507.5,1842.0
2026-05-21 20:25:00,1779366300,4507.7,4509.0,4503.1,4507.4,1641.0
2026-05-21 20:30:00,1779366600,4507.7,4519.0,4505.9,4515.5,2657.0
2026-05-21 20:35:00,1779366900,4515.9,4517.9,4509.2,4512.8,2082.0
2026-05-21 20:40:00,1779367200,4513.1,4516.4,4511.0,4515.8,1135.0
2026-05-21 20:45:00,1779367500,4515.8,4519.5,4510.6,4511.1,1340.0
2026-05-21 20:50:00,1779367800,4511.0,4512.0,4507.8,4508.9,1246.0
2026-05-21 20:55:00,1779368100,4509.1,4510.6,4501.4,4505.1,2047.0
2026-05-21 21:00:00,1779368400,4504.9,4513.5,4499.8,4513.2,3024.0
2026-05-21 21:05:00,1779368700,4513.2,4513.8,4502.7,4505.7,1827.0
2026-05-21 21:10:00,1779369000,4505.6,4506.1,4501.5,4503.1,1534.0
2026-05-21 21:15:00,1779369300,4503.1,4506.5,4496.9,4500.1,2592.0
2026-05-21 21:20:00,1779369600,4499.9,4504.1,4497.4,4499.1,1429.0
2026-05-21 21:25:00,1779369900,4499.4,4502.3,4496.0,4502.0,1546.0
2026-05-21 21:30:00,1779370200,4502.2,4502.3,4490.6,4494.9,3453.0
2026-05-21 21:35:00,1779370500,4494.7,4497.0,4488.5,4492.7,3275.0
2026-05-21 21:40:00,1779370800,4492.8,4503.6,4492.4,4499.1,2543.0
2026-05-21 21:45:00,1779371100,4498.4,4504.7,4495.6,4500.8,2495.0
2026-05-21 21:50:00,1779371400,4500.7,4522.2,4500.2,4519.0,5205.0
2026-05-21 21:55:00,1779371700,4518.9,4522.0,4512.7,4514.6,2939.0
2026-05-21 22:00:00,1779372000,4514.3,4516.9,4506.6,4508.7,3865.0
2026-05-21 22:05:00,1779372300,4508.8,4512.0,4504.0,4506.7,2169.0
2026-05-21 22:10:00,1779372600,4506.5,4511.6,4504.9,4509.7,2185.0
2026-05-21 22:15:00,1779372900,4509.7,4510.9,4499.4,4503.1,2548.0
2026-05-21 22:20:00,1779373200,4503.2,4505.5,4498.7,4503.4,1705.0
2026-05-21 22:25:00,1779373500,4503.6,4509.9,4502.5,4508.8,1388.0
2026-05-21 22:30:00,1779373800,4509.0,4512.7,4505.7,4508.4,1779.0
2026-05-21 22:35:00,1779374100,4508.4,4512.7,4508.0,4510.2,1535.0
2026-05-21 22:40:00,1779374400,4510.1,4510.6,4503.6,4506.0,1825.0
2026-05-21 22:45:00,1779374700,4505.9,4513.2,4502.9,4505.6,2094.0
2026-05-21 22:50:00,1779375000,4505.8,4514.0,4503.2,4510.5,1976.0
2026-05-21 22:55:00,1779375300,4510.8,4512.4,4506.8,4510.3,1025.0
2026-05-21 23:00:00,1779375600,4510.3,4511.8,4504.4,4506.0,1131.0
2026-05-21 23:05:00,1779375900,4505.4,4506.6,4496.0,4503.1,2483.0
2026-05-21 23:10:00,1779376200,4502.8,4517.1,4500.6,4511.4,3107.0
2026-05-21 23:15:00,1779376500,4511.5,4513.2,4508.5,4509.5,983.0
2026-05-21 23:20:00,1779376800,4509.6,4511.5,4504.1,4505.8,1302.0
2026-05-21 23:25:00,1779377100,4505.7,4506.5,4503.2,4504.7,757.0
2026-05-21 23:30:00,1779377400,4504.6,4510.1,4503.5,4508.9,1057.0
2026-05-21 23:35:00,1779377700,4508.6,4511.4,4507.8,4510.5,797.0
2026-05-21 23:40:00,1779378000,4510.6,4510.9,4507.8,4508.1,667.0
2026-05-21 23:45:00,1779378300,4508.0,4512.0,4508.0,4512.0,625.0
2026-05-21 23:50:00,1779378600,4512.0,4514.0,4510.7,4512.3,679.0
2026-05-21 23:55:00,1779378900,4512.2,4513.8,4510.5,4513.1,546.0
2026-05-22 00:00:00,1779379200,4513.2,4520.4,4513.2,4516.8,1775.0
2026-05-22 00:05:00,1779379500,4517.3,4522.5,4516.5,4521.1,1673.0
2026-05-22 00:10:00,1779379800,4521.5,4521.6,4515.7,4518.6,1380.0
2026-05-22 00:15:00,1779380100,4518.5,4520.3,4515.8,4520.1,744.0
2026-05-22 00:20:00,1779380400,4519.8,4520.3,4516.7,4518.4,636.0
2026-05-22 00:25:00,1779380700,4518.8,4519.2,4517.2,4517.7,400.0
2026-05-22 00:30:00,1779381000,4517.8,4520.3,4517.3,4519.4,528.0
2026-05-22 00:35:00,1779381300,4519.3,4520.8,4517.3,4517.9,422.0
2026-05-22 00:40:00,1779381600,4518.1,4519.6,4516.7,4519.3,454.0
2026-05-22 00:45:00,1779381900,4519.6,4521.8,4518.4,4518.6,623.0
2026-05-22 00:50:00,1779382200,4518.2,4520.1,4516.8,4518.5,509.0
2026-05-22 00:55:00,1779382500,4518.5,4520.7,4518.0,4520.5,395.0
2026-05-22 01:00:00,1779382800,4520.8,4525.2,4517.0,4517.3,1269.0
2026-05-22 01:05:00,1779383100,4517.2,4519.5,4515.0,4519.0,960.0
2026-05-22 01:10:00,1779383400,4519.1,4533.1,4519.0,4527.7,4817.0
2026-05-22 01:15:00,1779383700,4527.6,4542.4,4527.2,4537.0,4430.0
2026-05-22 01:20:00,1779384000,4537.0,4548.3,4534.8,4538.2,3803.0
2026-05-22 01:25:00,1779384300,4538.5,4543.8,4537.0,4543.4,2070.0
2026-05-22 01:30:00,1779384600,4543.2,4550.9,4540.4,4544.3,2255.0
2026-05-22 01:35:00,1779384900,4544.4,4546.9,4543.0,4544.2,771.0
2026-05-22 01:40:00,1779385200,4544.1,4550.2,4544.0,4549.9,1387.0
2026-05-22 01:45:00,1779385500,4550.0,4555.4,4546.4,4555.1,1635.0
2026-05-22 01:50:00,1779385800,4555.1,4559.6,4553.2,4558.6,1676.0
2026-05-22 01:55:00,1779386100,4558.6,4561.2,4552.9,4553.1,1670.0
2026-05-22 02:00:00,1779386400,4553.2,4558.0,4545.6,4546.0,2142.0
2026-05-22 02:05:00,1779386700,4545.5,4551.5,4544.5,4550.4,1302.0
2026-05-22 02:10:00,1779387000,4550.6,4551.4,4546.0,4547.5,1056.0
2026-05-22 02:15:00,1779387300,4547.7,4551.4,4545.9,4551.0,838.0
2026-05-22 02:20:00,1779387600,4551.0,4552.3,4547.9,4551.9,756.0
2026-05-22 02:25:00,1779387900,4552.1,4552.1,4548.6,4550.0,512.0
2026-05-22 02:30:00,1779388200,4549.9,4551.1,4546.7,4547.9,557.0
2026-05-22 02:35:00,1779388500,4547.8,4548.0,4544.1,4545.0,490.0
2026-05-22 02:40:00,1779388800,4544.9,4548.6,4544.3,4546.9,586.0
2026-05-22 02:45:00,1779389100,4546.6,4547.6,4535.9,4539.7,2150.0
2026-05-22 02:50:00,1779389400,4540.0,4543.2,4529.0,4529.4,2553.0
2026-05-22 02:55:00,1779389700,4528.8,4533.6,4528.4,4533.5,1634.0
2026-05-22 03:00:00,1779390000,4533.6,4538.8,4532.7,4537.1,1224.0
2026-05-22 03:05:00,1779390300,4537.2,4538.7,4531.1,4537.7,1049.0
2026-05-22 03:10:00,1779390600,4537.8,4539.6,4535.7,4539.1,586.0
2026-05-22 03:15:00,1779390900,4539.3,4542.8,4539.0,4542.6,731.0
2026-05-22 03:20:00,1779391200,4542.8,4543.7,4540.4,4540.8,674.0
2026-05-22 03:25:00,1779391500,4540.7,4541.9,4538.7,4540.3,543.0
2026-05-22 03:30:00,1779391800,4539.9,4542.2,4539.9,4540.6,314.0
2026-05-22 03:35:00,1779392100,4540.5,4543.6,4540.4,4543.0,337.0
2026-05-22 03:40:00,1779392400,4543.6,4544.5,4540.1,4540.4,469.0
2026-05-22 03:45:00,1779392700,4540.5,4543.4,4539.9,4542.6,418.0
2026-05-22 03:50:00,1779393000,4542.6,4544.2,4535.4,4537.4,988.0
2026-05-22 03:55:00,1779393300,4537.2,4546.2,4536.5,4544.0,1494.0
2026-05-22 04:00:00,1779393600,4544.1,4545.2,4542.1,4542.8,491.0
2026-05-22 04:05:00,1779393900,4542.8,4545.9,4542.1,4542.4,339.0
2026-05-22 04:10:00,1779394200,4542.3,4544.3,4542.2,4543.4,177.0
2026-05-22 04:15:00,1779394500,4543.3,4543.3,4542.2,4542.8,76.0
2026-05-22 04:20:00,1779394800,4542.9,4543.6,4541.5,4542.2,120.0
2026-05-22 04:25:00,1779395100,4542.0,4542.6,4540.8,4542.4,149.0
2026-05-22 04:30:00,1779395400,4542.5,4543.3,4541.4,4542.0,142.0
2026-05-22 04:35:00,1779395700,4542.1,4543.0,4541.2,4542.6,148.0
2026-05-22 04:40:00,1779396000,4542.5,4542.8,4541.3,4541.9,138.0
2026-05-22 04:45:00,1779396300,4541.6,4542.7,4541.2,4541.4,261.0
2026-05-22 04:50:00,1779396600,4541.2,4543.1,4540.8,4543.0,183.0
2026-05-22 04:55:00,1779396900,4543.0,4544.8,4542.6,4544.1,216.0
2026-05-22 06:00:00,1779400800,4544.5,4548.1,4542.1,4545.6,527.0
2026-05-22 06:05:00,1779401100,4545.6,4545.8,4540.5,4541.2,498.0
2026-05-22 06:10:00,1779401400,4541.1,4544.1,4540.5,4542.7,233.0
2026-05-22 06:15:00,1779401700,4542.5,4543.8,4542.2,4543.2,181.0
2026-05-22 06:20:00,1779402000,4543.3,4543.4,4542.1,4542.4,127.0
2026-05-22 06:25:00,1779402300,4542.4,4542.4,4540.6,4541.8,226.0
2026-05-22 06:30:00,1779402600,4542.0,4542.5,4541.3,4541.6,137.0
2026-05-22 06:35:00,1779402900,4541.8,4542.4,4540.5,4541.2,137.0
2026-05-22 06:40:00,1779403200,4541.0,4545.7,4541.0,4543.6,442.0
2026-05-22 06:45:00,1779403500,4543.4,4544.1,4542.6,4542.7,143.0
2026-05-22 06:50:00,1779403800,4542.6,4543.3,4541.5,4541.9,218.0
2026-05-22 06:55:00,1779404100,4541.8,4544.3,4541.5,4544.2,253.0
2026-05-22 07:00:00,1779404400,4544.1,4546.6,4543.6,4544.1,428.0
2026-05-22 07:05:00,1779404700,4544.3,4544.7,4543.2,4544.2,225.0
2026-05-22 07:10:00,1779405000,4544.0,4545.2,4543.8,4544.7,224.0
2026-05-22 07:15:00,1779405300,4544.9,4545.3,4541.8,4542.4,330.0
2026-05-22 07:20:00,1779405600,4542.2,4542.7,4536.2,4539.8,732.0
2026-05-22 07:25:00,1779405900,4539.8,4542.4,4539.5,4541.3,338.0
2026-05-22 07:30:00,1779406200,4541.4,4541.4,4537.2,4538.4,434.0
2026-05-22 07:35:00,1779406500,4538.5,4538.8,4535.4,4538.6,445.0
2026-05-22 07:40:00,1779406800,4538.3,4538.7,4533.3,4533.3,745.0
2026-05-22 07:45:00,1779407100,4533.6,4536.9,4533.5,4536.9,554.0
2026-05-22 07:50:00,1779407400,4536.5,4537.3,4532.7,4533.4,754.0
2026-05-22 07:55:00,1779407700,4533.6,4536.6,4533.5,4536.1,347.0
2026-05-22 08:00:00,1779408000,4536.4,4537.9,4531.5,4532.8,1168.0
2026-05-22 08:05:00,1779408300,4532.9,4535.1,4532.4,4534.5,580.0
2026-05-22 08:10:00,1779408600,4534.0,4534.3,4532.1,4532.1,443.0
2026-05-22 08:15:00,1779408900,4532.0,4535.2,4530.8,4533.0,690.0
2026-05-22 08:20:00,1779409200,4532.9,4539.1,4532.7,4535.0,1162.0
2026-05-22 08:25:00,1779409500,4534.9,4537.5,4533.9,4537.4,426.0
2026-05-22 08:30:00,1779409800,4537.3,4539.8,4536.7,4537.7,745.0
2026-05-22 08:35:00,1779410100,4537.7,4542.2,4537.0,4540.7,835.0
2026-05-22 08:40:00,1779410400,4540.8,4541.6,4537.5,4538.5,828.0
2026-05-22 08:45:00,1779410700,4538.9,4539.7,4534.5,4535.7,669.0
2026-05-22 08:50:00,1779411000,4535.7,4536.8,4528.2,4530.1,1543.0
2026-05-22 08:55:00,1779411300,4529.8,4531.7,4526.6,4527.8,1132.0
2026-05-22 09:00:00,1779411600,4527.7,4537.6,4527.1,4531.2,2429.0
2026-05-22 09:05:00,1779411900,4531.2,4532.1,4524.2,4526.2,2118.0
2026-05-22 09:10:00,1779412200,4526.3,4530.9,4525.2,4530.7,691.0
2026-05-22 09:15:00,1779412500,4530.6,4534.2,4529.5,4532.3,1018.0
2026-05-22 09:20:00,1779412800,4532.7,4534.7,4528.3,4528.9,740.0
2026-05-22 09:25:00,1779413100,4529.4,4533.2,4527.3,4529.9,594.0
2026-05-22 09:30:00,1779413400,4530.1,4530.9,4525.3,4526.8,930.0
2026-05-22 09:35:00,1779413700,4526.4,4527.9,4522.7,4524.2,1287.0
2026-05-22 09:40:00,1779414000,4524.2,4528.6,4521.8,4526.0,995.0
2026-05-22 09:45:00,1779414300,4525.9,4530.1,4525.8,4528.7,670.0
2026-05-22 09:50:00,1779414600,4528.9,4533.3,4527.6,4528.4,1046.0
2026-05-22 09:55:00,1779414900,4528.2,4528.9,4526.0,4526.7,631.0
2026-05-22 10:00:00,1779415200,4527.0,4529.5,4525.3,4527.8,641.0
2026-05-22 10:05:00,1779415500,4527.6,4527.9,4522.2,4527.0,985.0
2026-05-22 10:10:00,1779415800,4526.8,4530.5,4525.6,4528.1,591.0
2026-05-22 10:15:00,1779416100,4528.3,4529.7,4524.5,4524.6,654.0
2026-05-22 10:20:00,1779416400,4524.5,4527.0,4523.1,4524.9,474.0
2026-05-22 10:25:00,1779416700,4525.1,4526.0,4524.1,4525.3,227.0
2026-05-22 10:30:00,1779417000,4525.3,4525.3,4519.6,4520.8,1270.0
2026-05-22 10:35:00,1779417300,4520.7,4523.5,4520.7,4523.0,619.0
2026-05-22 10:40:00,1779417600,4522.9,4525.9,4522.6,4523.7,646.0
2026-05-22 10:45:00,1779417900,4523.7,4526.4,4522.9,4526.0,384.0
2026-05-22 10:50:00,1779418200,4526.0,4528.0,4523.0,4523.1,753.0
2026-05-22 10:55:00,1779418500,4523.1,4524.3,4520.4,4523.9,696.0
2026-05-22 11:00:00,1779418800,4523.9,4525.9,4522.3,4525.6,574.0
2026-05-22 11:05:00,1779419100,4525.7,4526.0,4521.6,4522.9,456.0
2026-05-22 11:10:00,1779419400,4522.8,4525.3,4521.2,4521.9,422.0
2026-05-22 11:15:00,1779419700,4521.9,4523.5,4520.7,4522.1,385.0
2026-05-22 11:20:00,1779420000,4522.4,4523.5,4520.6,4521.1,332.0
2026-05-22 11:25:00,1779420300,4521.2,4522.9,4519.9,4522.5,468.0
2026-05-22 11:30:00,1779420600,4522.6,4527.1,4522.4,4525.1,1127.0
2026-05-22 11:35:00,1779420900,4524.9,4526.9,4523.8,4525.4,395.0
2026-05-22 11:40:00,1779421200,4525.6,4528.5,4524.3,4527.4,539.0
2026-05-22 11:45:00,1779421500,4527.4,4530.7,4527.4,4529.7,576.0
2026-05-22 11:50:00,1779421800,4529.8,4530.1,4527.2,4528.3,396.0
2026-05-22 11:55:00,1779422100,4528.5,4530.5,4527.9,4530.4,275.0
2026-05-22 12:00:00,1779422400,4530.5,4531.1,4529.2,4529.6,362.0
2026-05-22 12:05:00,1779422700,4529.6,4531.4,4529.2,4529.4,482.0
2026-05-22 12:10:00,1779423000,4529.5,4531.1,4528.6,4530.1,424.0
2026-05-22 12:15:00,1779423300,4530.1,4531.1,4528.9,4529.0,245.0
2026-05-22 12:20:00,1779423600,4528.9,4530.1,4528.3,4529.1,210.0
2026-05-22 12:25:00,1779423900,4529.2,4533.9,4528.8,4533.0,654.0
2026-05-22 12:30:00,1779424200,4533.1,4533.7,4530.6,4531.0,487.0
2026-05-22 12:35:00,1779424500,4531.1,4531.3,4527.1,4527.5,694.0
2026-05-22 12:40:00,1779424800,4527.4,4530.2,4526.5,4530.2,619.0
2026-05-22 12:45:00,1779425100,4530.1,4530.4,4528.9,4529.2,322.0
2026-05-22 12:50:00,1779425400,4529.0,4531.2,4529.0,4530.0,261.0
2026-05-22 12:55:00,1779425700,4529.6,4530.4,4527.9,4528.2,266.0
2026-05-22 13:00:00,1779426000,4528.0,4530.9,4524.6,4526.8,776.0
2026-05-22 13:05:00,1779426300,4526.6,4528.8,4526.5,4527.7,459.0
2026-05-22 13:10:00,1779426600,4527.9,4527.9,4526.1,4526.4,211.0
2026-05-22 13:15:00,1779426900,4526.5,4527.4,4524.1,4526.9,443.0
2026-05-22 13:20:00,1779427200,4526.9,4529.6,4526.4,4527.9,673.0
2026-05-22 13:25:00,1779427500,4527.9,4529.7,4526.6,4526.9,577.0
2026-05-22 13:30:00,1779427800,4526.5,4532.1,4525.9,4529.4,1017.0
2026-05-22 13:35:00,1779428100,4529.6,4535.0,4529.0,4534.6,799.0
2026-05-22 13:40:00,1779428400,4534.6,4535.4,4532.2,4534.8,813.0
2026-05-22 13:45:00,1779428700,4534.9,4535.4,4532.0,4533.3,589.0
2026-05-22 13:50:00,1779429000,4533.4,4535.1,4529.5,4529.6,709.0
2026-05-22 13:55:00,1779429300,4529.8,4529.8,4508.3,4512.3,4923.0
2026-05-22 14:00:00,1779429600,4512.1,4520.3,4510.9,4519.9,2104.0
2026-05-22 14:05:00,1779429900,4519.7,4524.0,4519.4,4523.5,1320.0
2026-05-22 14:10:00,1779430200,4523.4,4525.2,4521.9,4522.5,995.0
2026-05-22 14:15:00,1779430500,4522.2,4524.2,4517.1,4519.6,1154.0
2026-05-22 14:20:00,1779430800,4519.5,4526.5,4518.0,4523.7,1249.0
2026-05-22 14:25:00,1779431100,4523.6,4527.0,4522.8,4526.1,667.0
2026-05-22 14:30:00,1779431400,4526.3,4528.2,4523.9,4526.3,932.0
2026-05-22 14:35:00,1779431700,4526.7,4527.8,4523.4,4523.8,459.0
2026-05-22 14:40:00,1779432000,4523.8,4527.7,4522.3,4526.9,704.0
2026-05-22 14:45:00,1779432300,4527.5,4529.8,4525.7,4528.1,971.0
2026-05-22 14:50:00,1779432600,4527.9,4529.2,4524.5,4525.8,610.0
2026-05-22 14:55:00,1779432900,4526.0,4528.4,4525.6,4527.5,465.0
2026-05-22 15:00:00,1779433200,4527.6,4527.7,4523.5,4526.7,964.0
2026-05-22 15:05:00,1779433500,4526.7,4527.1,4523.4,4526.0,714.0
2026-05-22 15:10:00,1779433800,4526.2,4527.1,4521.8,4523.1,754.0
2026-05-22 15:15:00,1779434100,4523.0,4526.3,4522.6,4525.5,534.0
2026-05-22 15:20:00,1779434400,4525.5,4528.2,4525.0,4527.2,637.0
2026-05-22 15:25:00,1779434700,4526.9,4528.1,4525.1,4526.6,469.0
2026-05-22 15:30:00,1779435000,4526.4,4526.6,4521.5,4523.3,811.0
2026-05-22 15:35:00,1779435300,4523.0,4524.0,4517.7,4517.7,902.0
2026-05-22 15:40:00,1779435600,4517.7,4521.8,4516.5,4520.6,835.0
2026-05-22 15:45:00,1779435900,4520.4,4520.9,4518.0,4519.0,469.0
2026-05-22 15:50:00,1779436200,4519.2,4523.8,4518.4,4522.3,666.0
2026-05-22 15:55:00,1779436500,4522.5,4524.1,4521.9,4522.7,337.0
2026-05-22 16:00:00,1779436800,4522.6,4526.6,4522.3,4525.6,663.0
2026-05-22 16:05:00,1779437100,4525.8,4528.0,4524.1,4527.5,623.0
2026-05-22 16:10:00,1779437400,4527.7,4531.0,4524.3,4525.5,1152.0
2026-05-22 16:15:00,1779437700,4525.5,4529.6,4524.6,4528.7,949.0
2026-05-22 16:20:00,1779438000,4529.0,4532.2,4526.5,4528.8,877.0
2026-05-22 16:25:00,1779438300,4528.9,4529.6,4525.2,4527.8,543.0
2026-05-22 16:30:00,1779438600,4527.7,4528.1,4518.7,4520.5,1097.0
2026-05-22 16:35:00,1779438900,4520.3,4525.1,4517.4,4522.9,1697.0
2026-05-22 16:40:00,1779439200,4523.0,4523.7,4521.5,4523.1,433.0
2026-05-22 16:45:00,1779439500,4523.4,4525.0,4523.0,4523.0,365.0
2026-05-22 16:50:00,1779439800,4523.2,4526.1,4522.7,4524.8,431.0
2026-05-22 16:55:00,1779440100,4524.7,4524.7,4522.2,4522.7,246.0
2026-05-22 17:00:00,1779440400,4522.6,4525.5,4521.1,4524.8,515.0
2026-05-22 17:05:00,1779440700,4524.5,4526.2,4520.7,4522.8,558.0
2026-05-22 17:10:00,1779441000,4522.7,4523.9,4517.3,4517.8,536.0
2026-05-22 17:15:00,1779441300,4517.8,4520.2,4515.7,4519.3,1003.0
2026-05-22 17:20:00,1779441600,4518.9,4520.6,4518.6,4519.8,270.0
2026-05-22 17:25:00,1779441900,4519.4,4521.8,4517.6,4518.3,408.0
2026-05-22 17:30:00,1779442200,4518.2,4520.1,4515.2,4520.0,907.0
2026-05-22 17:35:00,1779442500,4520.0,4525.1,4519.1,4525.1,608.0
2026-05-22 17:40:00,1779442800,4525.2,4526.9,4523.5,4525.7,534.0
2026-05-22 17:45:00,1779443100,4525.9,4529.5,4525.1,4529.0,546.0
2026-05-22 17:50:00,1779443400,4529.2,4536.7,4529.2,4533.9,1333.0
2026-05-22 17:55:00,1779443700,4534.1,4536.3,4532.8,4532.9,606.0
2026-05-22 18:00:00,1779444000,4533.1,4533.7,4530.3,4530.6,521.0
2026-05-22 18:05:00,1779444300,4530.5,4538.1,4530.5,4536.4,886.0
2026-05-22 18:10:00,1779444600,4536.4,4537.7,4534.5,4534.6,578.0
2026-05-22 18:15:00,1779444900,4534.7,4535.2,4532.1,4532.3,616.0
2026-05-22 18:20:00,1779445200,4532.2,4532.3,4528.6,4530.8,638.0
2026-05-22 18:25:00,1779445500,4530.7,4531.3,4525.4,4525.9,727.0
2026-05-22 18:30:00,1779445800,4525.5,4526.5,4519.6,4519.9,1009.0
2026-05-22 18:35:00,1779446100,4520.0,4521.8,4515.7,4519.4,1469.0
2026-05-22 18:40:00,1779446400,4519.7,4519.7,4513.4,4513.7,1032.0
2026-05-22 18:45:00,1779446700,4513.7,4516.3,4511.2,4514.4,915.0
2026-05-22 18:50:00,1779447000,4514.0,4516.7,4513.6,4513.9,633.0
2026-05-22 18:55:00,1779447300,4513.8,4516.4,4513.1,4515.6,375.0
2026-05-22 19:00:00,1779447600,4515.6,4517.5,4514.8,4517.1,601.0
2026-05-22 19:05:00,1779447900,4517.0,4518.3,4516.4,4517.1,428.0
2026-05-22 19:10:00,1779448200,4517.1,4517.1,4514.5,4516.7,548.0
2026-05-22 19:15:00,1779448500,4516.6,4516.6,4512.5,4513.6,545.0
2026-05-22 19:20:00,1779448800,4513.7,4514.6,4512.9,4513.0,291.0
2026-05-22 19:25:00,1779449100,4513.1,4516.4,4512.2,4512.7,535.0
2026-05-22 19:30:00,1779449400,4512.7,4518.3,4512.0,4517.8,550.0
2026-05-22 19:35:00,1779449700,4517.8,4521.3,4517.2,4519.3,853.0
2026-05-22 19:40:00,1779450000,4519.3,4523.8,4517.7,4522.7,920.0
2026-05-22 19:45:00,1779450300,4522.6,4525.9,4521.9,4523.4,1057.0
2026-05-22 19:50:00,1779450600,4523.5,4524.8,4522.6,4523.8,389.0
2026-05-22 19:55:00,1779450900,4523.8,4524.2,4520.4,4521.1,592.0
2026-05-22 20:00:00,1779451200,4521.1,4523.0,4519.0,4522.3,1068.0
2026-05-22 20:05:00,1779451500,4521.9,4523.9,4519.9,4520.6,676.0
2026-05-22 20:10:00,1779451800,4520.4,4531.4,4520.2,4530.7,3064.0
2026-05-22 20:15:00,1779452100,4530.3,4537.4,4526.7,4534.5,2839.0
2026-05-22 20:20:00,1779452400,4534.4,4535.6,4525.1,4528.4,1983.0
2026-05-22 20:25:00,1779452700,4528.6,4529.6,4521.8,4522.4,1304.0
2026-05-22 20:30:00,1779453000,4522.4,4524.7,4518.3,4519.2,1654.0
2026-05-22 20:35:00,1779453300,4518.9,4519.9,4515.7,4518.9,1466.0
2026-05-22 20:40:00,1779453600,4519.0,4521.0,4517.0,4519.7,1129.0
2026-05-22 20:45:00,1779453900,4519.5,4521.0,4518.2,4519.5,584.0
2026-05-22 20:50:00,1779454200,4519.6,4522.6,4519.2,4520.9,949.0
2026-05-22 20:55:00,1779454500,4521.1,4529.8,4520.1,4529.3,1367.0
2026-05-22 21:00:00,1779454800,4529.3,4531.7,4521.6,4524.9,2178.0
2026-05-22 21:05:00,1779455100,4525.2,4533.9,4523.2,4533.1,1726.0
2026-05-22 21:10:00,1779455400,4533.3,4535.7,4528.0,4529.3,2824.0
2026-05-22 21:15:00,1779455700,4529.3,4531.0,4526.3,4528.5,1216.0
2026-05-22 21:20:00,1779456000,4528.7,4529.7,4524.3,4524.5,733.0
2026-05-22 21:25:00,1779456300,4524.6,4525.3,4521.6,4522.7,866.0
2026-05-22 21:30:00,1779456600,4522.6,4528.4,4520.2,4523.6,1957.0
2026-05-22 21:35:00,1779456900,4523.3,4525.2,4518.9,4520.6,1327.0
2026-05-22 21:40:00,1779457200,4520.8,4520.9,4510.9,4518.3,3035.0
2026-05-22 21:45:00,1779457500,4518.1,4519.7,4510.3,4511.6,1918.0
2026-05-22 21:50:00,1779457800,4511.5,4518.4,4510.4,4517.6,1616.0
2026-05-22 21:55:00,1779458100,4517.4,4517.8,4512.1,4514.5,1005.0
2026-05-22 22:00:00,1779458400,4514.2,4514.6,4503.3,4508.2,4300.0
2026-05-22 22:05:00,1779458700,4508.1,4511.6,4504.8,4510.8,1847.0
2026-05-22 22:10:00,1779459000,4510.5,4511.9,4490.6,4498.2,3497.0
2026-05-22 22:15:00,1779459300,4498.1,4501.9,4492.8,4498.3,2996.0
2026-05-22 22:20:00,1779459600,4498.7,4500.0,4490.0,4494.9,2415.0
2026-05-22 22:25:00,1779459900,4494.8,4501.0,4492.1,4499.6,2024.0
2026-05-22 22:30:00,1779460200,4499.6,4502.9,4497.6,4501.9,1818.0
2026-05-22 22:35:00,1779460500,4501.3,4505.0,4498.5,4500.8,1739.0
2026-05-22 22:40:00,1779460800,4501.0,4506.9,4500.7,4504.9,1358.0
2026-05-22 22:45:00,1779461100,4505.1,4508.3,4504.8,4505.1,1226.0
2026-05-22 22:50:00,1779461400,4504.9,4505.6,4502.4,4504.6,1098.0
2026-05-22 22:55:00,1779461700,4504.7,4504.8,4501.0,4501.2,933.0
2026-05-22 23:00:00,1779462000,4501.5,4506.7,4501.0,4506.5,1066.0
2026-05-22 23:05:00,1779462300,4506.2,4512.3,4506.0,4511.9,2213.0
2026-05-22 23:10:00,1779462600,4511.7,4512.8,4510.1,4511.9,1138.0
2026-05-22 23:15:00,1779462900,4512.0,4517.2,4511.6,4516.3,1532.0
2026-05-22 23:20:00,1779463200,4516.3,4516.5,4514.0,4514.9,994.0
2026-05-22 23:25:00,1779463500,4514.9,4519.9,4514.0,4519.9,1466.0
2026-05-22 23:30:00,1779463800,4520.0,4522.9,4519.0,4520.0,1677.0
2026-05-22 23:35:00,1779464100,4519.8,4522.5,4518.8,4521.4,915.0
2026-05-22 23:40:00,1779464400,4521.4,4522.1,4517.5,4519.0,972.0
2026-05-22 23:45:00,1779464700,4518.9,4520.8,4515.3,4515.5,1353.0
2026-05-22 23:50:00,1779465000,4515.8,4519.2,4515.6,4517.5,757.0
2026-05-22 23:55:00,1779465300,4517.9,4523.9,4517.7,4521.1,1351.0
2026-05-23 00:00:00,1779465600,4521.2,4521.7,4517.5,4519.8,1066.0
2026-05-23 00:05:00,1779465900,4520.1,4520.8,4517.7,4518.8,519.0
2026-05-23 00:10:00,1779466200,4518.9,4521.1,4518.5,4520.4,414.0
2026-05-23 00:15:00,1779466500,4520.2,4520.4,4517.8,4518.1,598.0
2026-05-23 00:20:00,1779466800,4518.2,4521.8,4517.9,4521.6,431.0
2026-05-23 00:25:00,1779467100,4521.6,4525.9,4521.4,4525.4,1742.0
2026-05-23 00:30:00,1779467400,4525.1,4528.8,4522.9,4523.6,1424.0
2026-05-23 00:35:00,1779467700,4523.5,4524.2,4519.7,4521.0,842.0
2026-05-23 00:40:00,1779468000,4520.9,4521.1,4512.1,4516.1,1659.0
2026-05-23 00:45:00,1779468300,4516.2,4519.7,4514.4,4515.1,1279.0
2026-05-23 00:50:00,1779468600,4515.2,4516.7,4513.6,4515.4,644.0
2026-05-23 00:55:00,1779468900,4515.2,4516.6,4513.2,4516.4,558.0
2026-05-23 01:00:00,1779469200,4516.5,4521.0,4516.3,4520.4,1057.0
2026-05-23 01:05:00,1779469500,4520.4,4522.2,4519.5,4521.7,725.0
2026-05-23 01:10:00,1779469800,4521.8,4522.8,4520.5,4520.8,717.0
2026-05-23 01:15:00,1779470100,4520.8,4521.7,4515.6,4516.3,1035.0
2026-05-23 01:20:00,1779470400,4516.4,4518.5,4514.5,4518.1,1013.0
2026-05-23 01:25:00,1779470700,4517.9,4527.6,4517.1,4527.0,3077.0
2026-05-23 01:30:00,1779471000,4526.8,4531.0,4521.4,4521.4,2087.0
2026-05-23 01:35:00,1779471300,4521.5,4525.7,4520.6,4524.8,775.0
2026-05-23 01:40:00,1779471600,4525.1,4525.9,4523.4,4523.4,454.0
2026-05-23 01:45:00,1779471900,4523.7,4524.4,4522.2,4522.8,418.0
2026-05-23 01:50:00,1779472200,4522.8,4523.4,4520.3,4521.3,634.0
2026-05-23 01:55:00,1779472500,4521.3,4523.4,4520.0,4520.6,467.0
2026-05-23 02:00:00,1779472800,4520.9,4521.1,4513.2,4517.0,1345.0
2026-05-23 02:05:00,1779473100,4517.0,4519.1,4515.8,4517.2,568.0
2026-05-23 02:10:00,1779473400,4517.3,4517.6,4514.5,4515.8,398.0
2026-05-23 02:15:00,1779473700,4515.6,4518.3,4513.7,4516.7,430.0
2026-05-23 02:20:00,1779474000,4516.9,4519.8,4516.7,4518.5,436.0
2026-05-23 02:25:00,1779474300,4518.3,4519.5,4516.9,4517.0,332.0
2026-05-23 02:30:00,1779474600,4517.1,4519.0,4515.7,4518.9,378.0
2026-05-23 02:35:00,1779474900,4518.7,4523.3,4516.4,4520.2,1075.0
2026-05-23 02:40:00,1779475200,4520.1,4520.5,4516.4,4516.9,397.0
2026-05-23 02:45:00,1779475500,4517.0,4517.7,4514.5,4514.6,341.0
2026-05-23 02:50:00,1779475800,4515.0,4518.1,4514.6,4517.5,329.0
2026-05-23 02:55:00,1779476100,4517.3,4517.6,4515.1,4517.2,497.0
2026-05-23 03:00:00,1779476400,4517.0,4518.0,4511.2,4512.8,1515.0
2026-05-23 03:05:00,1779476700,4512.7,4513.1,4509.7,4510.5,673.0
2026-05-23 03:10:00,1779477000,4510.4,4512.5,4508.6,4509.2,555.0
2026-05-23 03:15:00,1779477300,4509.1,4510.9,4508.8,4510.7,401.0
2026-05-23 03:20:00,1779477600,4510.9,4511.0,4508.9,4509.7,342.0
2026-05-23 03:25:00,1779477900,4509.5,4510.5,4508.1,4508.7,322.0
2026-05-23 03:30:00,1779478200,4509.0,4510.3,4505.9,4510.0,804.0
2026-05-23 03:35:00,1779478500,4510.0,4511.6,4509.0,4511.3,736.0
2026-05-23 03:40:00,1779478800,4510.9,4512.8,4510.5,4511.5,485.0
2026-05-23 03:45:00,1779479100,4511.5,4511.7,4508.7,4509.3,444.0
2026-05-23 03:50:00,1779479400,4509.1,4510.0,4507.9,4509.4,518.0
2026-05-23 03:55:00,1779479700,4509.2,4510.9,4509.0,4509.9,443.0
2026-05-23 04:00:00,1779480000,4510.1,4511.1,4506.2,4507.9,622.0
2026-05-23 04:05:00,1779480300,4507.6,4508.9,4506.8,4508.7,215.0
2026-05-23 04:10:00,1779480600,4508.7,4509.8,4507.8,4509.5,146.0
2026-05-23 04:15:00,1779480900,4509.5,4511.1,4508.2,4510.2,163.0
2026-05-23 04:20:00,1779481200,4510.5,4511.9,4510.2,4511.2,164.0
2026-05-23 04:25:00,1779481500,4511.0,4511.9,4509.9,4511.9,161.0
2026-05-23 04:30:00,1779481800,4511.7,4512.1,4507.4,4508.9,483.0
2026-05-23 04:35:00,1779482100,4508.3,4508.7,4507.0,4507.9,163.0
2026-05-23 04:40:00,1779482400,4508.0,4508.0,4505.7,4505.9,283.0
2026-05-23 04:45:00,1779482700,4506.0,4509.7,4505.4,4508.6,350.0
2026-05-23 04:50:00,1779483000,4508.3,4508.6,4506.0,4508.6,261.0
2026-05-23 04:55:00,1779483300,4508.5,4511.4,4508.2,4511.0,386.0
2026-05-25 06:00:00,1779660000,4530.2,4555.5,4525.5,4553.0,4274.0
2026-05-25 06:05:00,1779660300,4552.7,4559.9,4551.5,4557.1,2332.0
2026-05-25 06:10:00,1779660600,4557.2,4560.4,4554.2,4557.6,2035.0
2026-05-25 06:15:00,1779660900,4557.6,4558.7,4551.0,4554.3,1848.0
2026-05-25 06:20:00,1779661200,4554.6,4557.8,4554.0,4556.5,1022.0
2026-05-25 06:25:00,1779661500,4556.6,4557.5,4553.2,4553.9,914.0
2026-05-25 06:30:00,1779661800,4553.8,4563.2,4553.2,4560.8,1668.0
2026-05-25 06:35:00,1779662100,4560.9,4561.6,4558.8,4560.1,911.0
2026-05-25 06:40:00,1779662400,4560.0,4560.7,4558.6,4560.5,603.0
2026-05-25 06:45:00,1779662700,4560.4,4567.8,4560.1,4567.2,1270.0
2026-05-25 06:50:00,1779663000,4567.5,4567.5,4564.2,4564.2,824.0
2026-05-25 06:55:00,1779663300,4564.3,4567.6,4563.8,4567.1,499.0
2026-05-25 07:00:00,1779663600,4567.0,4571.0,4567.0,4570.6,1417.0
2026-05-25 07:05:00,1779663900,4570.5,4576.5,4569.9,4574.7,1680.0
2026-05-25 07:10:00,1779664200,4574.9,4578.8,4574.9,4576.7,927.0
2026-05-25 07:15:00,1779664500,4577.0,4579.8,4575.4,4576.2,824.0
2026-05-25 07:20:00,1779664800,4576.2,4580.4,4576.0,4578.9,853.0
2026-05-25 07:25:00,1779665100,4578.9,4580.3,4575.9,4577.1,985.0
2026-05-25 07:30:00,1779665400,4577.1,4581.1,4577.1,4580.2,1002.0
2026-05-25 07:35:00,1779665700,4580.3,4581.4,4579.7,4581.0,587.0
2026-05-25 07:40:00,1779666000,4580.8,4582.7,4579.0,4579.1,792.0
2026-05-25 07:45:00,1779666300,4579.4,4580.3,4577.4,4579.0,664.0
2026-05-25 07:50:00,1779666600,4578.6,4578.9,4575.9,4577.1,723.0
2026-05-25 07:55:00,1779666900,4576.9,4577.1,4567.6,4569.0,1495.0
2026-05-25 08:00:00,1779667200,4568.9,4573.5,4568.1,4570.9,1563.0
2026-05-25 08:05:00,1779667500,4570.8,4576.4,4570.0,4575.3,990.0
2026-05-25 08:10:00,1779667800,4575.5,4578.0,4572.3,4574.6,943.0
2026-05-25 08:15:00,1779668100,4574.7,4575.4,4571.6,4573.3,608.0
2026-05-25 08:20:00,1779668400,4573.4,4576.8,4571.6,4576.6,675.0
2026-05-25 08:25:00,1779668700,4576.7,4577.7,4571.8,4574.4,706.0
2026-05-25 08:30:00,1779669000,4574.3,4576.7,4573.5,4575.8,601.0
2026-05-25 08:35:00,1779669300,4575.5,4577.6,4574.1,4577.0,522.0
2026-05-25 08:40:00,1779669600,4576.7,4576.7,4572.2,4573.4,489.0
2026-05-25 08:45:00,1779669900,4573.8,4581.6,4572.5,4578.5,1018.0
2026-05-25 08:50:00,1779670200,4578.6,4579.5,4573.3,4575.4,775.0
2026-05-25 08:55:00,1779670500,4575.3,4576.4,4566.9,4570.8,1712.0
2026-05-25 09:00:00,1779670800,4570.7,4578.1,4568.1,4570.1,2441.0
2026-05-25 09:05:00,1779671100,4569.8,4571.2,4561.5,4563.1,2029.0
2026-05-25 09:10:00,1779671400,4563.3,4568.1,4562.9,4566.9,1331.0
2026-05-25 09:15:00,1779671700,4566.6,4567.7,4563.4,4567.7,1065.0
2026-05-25 09:20:00,1779672000,4567.4,4574.4,4566.4,4572.6,1281.0
2026-05-25 09:25:00,1779672300,4572.6,4576.7,4569.5,4574.6,977.0
2026-05-25 09:30:00,1779672600,4574.5,4576.1,4569.8,4570.1,718.0
2026-05-25 09:35:00,1779672900,4570.1,4573.1,4569.9,4571.3,610.0
2026-05-25 09:40:00,1779673200,4571.2,4572.0,4564.0,4564.5,812.0
2026-05-25 09:45:00,1779673500,4564.1,4566.0,4561.2,4564.6,1297.0
2026-05-25 09:50:00,1779673800,4564.5,4568.2,4562.3,4567.4,691.0
2026-05-25 09:55:00,1779674100,4567.1,4567.6,4561.7,4563.5,626.0
2026-05-25 10:00:00,1779674400,4563.5,4566.3,4562.2,4563.3,477.0
2026-05-25 10:05:00,1779674700,4563.4,4569.3,4563.0,4568.5,601.0
2026-05-25 10:10:00,1779675000,4568.6,4568.9,4561.9,4562.8,507.0
2026-05-25 10:15:00,1779675300,4562.8,4563.3,4559.6,4562.6,738.0
2026-05-25 10:20:00,1779675600,4562.6,4564.4,4560.5,4563.3,369.0
2026-05-25 10:25:00,1779675900,4563.5,4563.9,4560.5,4563.7,319.0
2026-05-25 10:30:00,1779676200,4564.0,4566.3,4561.9,4564.4,752.0
2026-05-25 10:35:00,1779676500,4564.4,4566.3,4562.6,4565.9,479.0
2026-05-25 10:40:00,1779676800,4566.3,4570.7,4565.3,4570.7,715.0
2026-05-25 10:45:00,1779677100,4570.6,4571.1,4563.2,4564.4,888.0
2026-05-25 10:50:00,1779677400,4564.5,4565.7,4562.6,4562.6,280.0
2026-05-25 10:55:00,1779677700,4562.5,4563.6,4560.0,4562.1,697.0
2026-05-25 11:00:00,1779678000,4562.1,4565.3,4561.7,4563.5,603.0
2026-05-25 11:05:00,1779678300,4563.8,4564.4,4560.8,4563.8,415.0
2026-05-25 11:10:00,1779678600,4563.6,4564.4,4562.1,4563.8,189.0
2026-05-25 11:15:00,1779678900,4563.8,4564.0,4562.1,4562.6,244.0
2026-05-25 11:20:00,1779679200,4562.5,4565.2,4561.9,4561.9,438.0
2026-05-25 11:25:00,1779679500,4561.9,4562.7,4560.9,4561.1,250.0
2026-05-25 11:30:00,1779679800,4561.3,4563.1,4560.0,4562.6,463.0
2026-05-25 11:35:00,1779680100,4562.2,4565.1,4562.2,4563.4,504.0
2026-05-25 11:40:00,1779680400,4563.3,4563.4,4558.4,4559.0,606.0
2026-05-25 11:45:00,1779680700,4559.0,4559.8,4557.4,4559.1,624.0
2026-05-25 11:50:00,1779681000,4559.2,4560.8,4557.1,4560.5,365.0
2026-05-25 11:55:00,1779681300,4560.6,4562.0,4560.0,4560.2,348.0
2026-05-25 12:00:00,1779681600,4560.5,4562.7,4560.0,4561.9,284.0
2026-05-25 12:05:00,1779681900,4561.9,4562.7,4561.4,4562.2,169.0
2026-05-25 12:10:00,1779682200,4562.2,4563.3,4560.5,4561.5,345.0
2026-05-25 12:15:00,1779682500,4561.4,4562.8,4560.6,4561.7,264.0
2026-05-25 12:20:00,1779682800,4561.9,4565.3,4561.9,4564.6,413.0
2026-05-25 12:25:00,1779683100,4564.7,4566.7,4564.6,4565.8,259.0
2026-05-25 12:30:00,1779683400,4566.0,4566.3,4561.1,4561.6,519.0
2026-05-25 12:35:00,1779683700,4561.8,4563.3,4560.4,4562.9,381.0
2026-05-25 12:40:00,1779684000,4562.8,4564.0,4561.4,4563.4,242.0
2026-05-25 12:45:00,1779684300,4563.4,4565.5,4563.0,4565.0,126.0
2026-05-25 12:50:00,1779684600,4564.8,4566.7,4564.1,4565.1,257.0
2026-05-25 12:55:00,1779684900,4565.5,4566.7,4565.0,4566.0,314.0
2026-05-25 13:00:00,1779685200,4565.7,4567.3,4564.0,4566.8,432.0
2026-05-25 13:05:00,1779685500,4566.9,4567.2,4565.4,4566.0,260.0
2026-05-25 13:10:00,1779685800,4565.9,4566.4,4564.0,4564.8,254.0
2026-05-25 13:15:00,1779686100,4564.6,4564.9,4563.6,4564.3,156.0
2026-05-25 13:20:00,1779686400,4564.0,4564.0,4557.1,4557.9,996.0
2026-05-25 13:25:00,1779686700,4557.7,4558.4,4555.2,4555.3,684.0
2026-05-25 13:30:00,1779687000,4555.5,4560.9,4553.8,4558.6,1262.0
2026-05-25 13:35:00,1779687300,4558.9,4561.7,4558.7,4560.9,559.0
2026-05-25 13:40:00,1779687600,4561.0,4561.9,4556.5,4558.0,587.0
2026-05-25 13:45:00,1779687900,4558.0,4559.1,4555.8,4556.0,340.0
2026-05-25 13:50:00,1779688200,4556.0,4556.4,4552.7,4555.1,657.0
2026-05-25 13:55:00,1779688500,4555.1,4556.6,4554.0,4554.6,334.0
2026-05-25 14:00:00,1779688800,4554.4,4557.0,4553.4,4554.0,619.0
2026-05-25 14:05:00,1779689100,4554.1,4554.7,4551.3,4553.0,565.0
2026-05-25 14:10:00,1779689400,4553.1,4555.6,4552.5,4554.9,463.0
2026-05-25 14:15:00,1779689700,4555.0,4556.5,4553.6,4555.5,575.0
2026-05-25 14:20:00,1779690000,4555.6,4557.8,4553.0,4557.6,425.0
2026-05-25 14:25:00,1779690300,4557.4,4558.4,4555.0,4555.2,322.0
2026-05-25 14:30:00,1779690600,4555.4,4557.1,4554.5,4556.3,448.0
2026-05-25 14:35:00,1779690900,4556.2,4558.5,4555.7,4556.3,368.0
2026-05-25 14:40:00,1779691200,4556.1,4558.2,4556.0,4557.4,303.0
2026-05-25 14:45:00,1779691500,4557.4,4560.3,4557.2,4558.7,645.0
2026-05-25 14:50:00,1779691800,4558.9,4560.3,4557.4,4559.5,489.0
2026-05-25 14:55:00,1779692100,4559.6,4564.2,4559.6,4563.4,770.0
2026-05-25 15:00:00,1779692400,4563.7,4565.8,4561.9,4564.8,643.0
2026-05-25 15:05:00,1779692700,4564.6,4565.5,4562.2,4563.1,440.0
2026-05-25 15:10:00,1779693000,4562.7,4565.3,4561.6,4561.6,431.0
2026-05-25 15:15:00,1779693300,4561.7,4562.1,4553.6,4556.4,1624.0
2026-05-25 15:20:00,1779693600,4556.0,4557.2,4553.2,4557.1,813.0
2026-05-25 15:25:00,1779693900,4556.7,4558.0,4555.2,4555.7,468.0
2026-05-25 15:30:00,1779694200,4555.4,4563.2,4555.2,4560.2,1076.0
2026-05-25 15:35:00,1779694500,4560.2,4561.3,4558.4,4560.1,233.0
2026-05-25 15:40:00,1779694800,4560.0,4562.4,4559.8,4561.0,236.0
2026-05-25 15:45:00,1779695100,4561.0,4563.6,4559.6,4563.6,378.0
2026-05-25 15:50:00,1779695400,4563.4,4566.7,4562.9,4565.2,619.0
2026-05-25 15:55:00,1779695700,4565.3,4566.7,4564.7,4566.1,362.0
2026-05-25 16:00:00,1779696000,4566.5,4566.6,4563.6,4564.3,495.0
2026-05-25 16:05:00,1779696300,4564.2,4564.6,4561.3,4563.2,417.0
2026-05-25 16:10:00,1779696600,4563.2,4563.6,4561.1,4562.4,192.0
2026-05-25 16:15:00,1779696900,4562.4,4562.5,4561.1,4562.4,173.0
2026-05-25 16:20:00,1779697200,4562.3,4562.6,4556.6,4556.8,563.0
2026-05-25 16:25:00,1779697500,4556.8,4557.6,4555.2,4556.1,854.0
2026-05-25 16:30:00,1779697800,4556.5,4559.3,4555.6,4558.4,387.0
2026-05-25 16:35:00,1779698100,4558.5,4559.4,4556.5,4557.5,296.0
2026-05-25 16:40:00,1779698400,4557.5,4558.0,4554.8,4556.0,285.0
2026-05-25 16:45:00,1779698700,4556.2,4556.8,4555.0,4555.9,308.0
2026-05-25 16:50:00,1779699000,4556.1,4558.0,4555.8,4557.4,320.0
2026-05-25 16:55:00,1779699300,4557.6,4558.2,4557.0,4557.5,153.0
2026-05-25 17:00:00,1779699600,4557.5,4560.3,4557.1,4558.9,315.0
2026-05-25 17:05:00,1779699900,4558.8,4558.8,4556.5,4556.6,270.0
2026-05-25 17:10:00,1779700200,4556.8,4558.8,4556.5,4556.8,186.0
2026-05-25 17:15:00,1779700500,4557.0,4559.1,4557.0,4558.1,144.0
2026-05-25 17:20:00,1779700800,4558.0,4558.1,4557.0,4558.0,221.0
2026-05-25 17:25:00,1779701100,4558.1,4560.6,4558.0,4560.4,317.0
2026-05-25 17:30:00,1779701400,4560.5,4566.9,4559.9,4566.7,798.0
2026-05-25 17:35:00,1779701700,4566.6,4567.4,4564.4,4566.2,900.0
2026-05-25 17:40:00,1779702000,4566.3,4567.7,4565.1,4567.3,476.0
2026-05-25 17:45:00,1779702300,4567.3,4568.3,4565.6,4567.9,404.0
2026-05-25 17:50:00,1779702600,4567.8,4570.5,4567.7,4568.9,564.0
2026-05-25 17:55:00,1779702900,4568.7,4570.7,4568.4,4569.1,503.0
2026-05-25 18:00:00,1779703200,4569.2,4571.7,4569.2,4570.5,424.0
2026-05-25 18:05:00,1779703500,4570.6,4572.7,4570.5,4572.7,336.0
2026-05-25 18:10:00,1779703800,4572.6,4574.3,4571.5,4573.4,782.0
2026-05-25 18:15:00,1779704100,4573.6,4575.4,4573.0,4574.7,527.0
2026-05-25 18:20:00,1779704400,4574.6,4574.6,4572.7,4574.2,340.0
2026-05-25 18:25:00,1779704700,4574.0,4574.2,4571.5,4572.7,548.0
2026-05-25 18:30:00,1779705000,4572.7,4574.9,4571.8,4574.3,382.0
2026-05-25 18:35:00,1779705300,4574.4,4574.4,4572.5,4572.7,338.0
2026-05-25 18:40:00,1779705600,4572.6,4572.8,4570.3,4572.0,713.0
2026-05-25 18:45:00,1779705900,4572.2,4574.1,4572.0,4572.1,365.0
2026-05-25 18:50:00,1779706200,4572.3,4572.5,4571.2,4571.9,221.0
2026-05-25 18:55:00,1779706500,4571.9,4572.2,4570.4,4570.6,224.0
2026-05-25 19:00:00,1779706800,4570.8,4570.8,4569.8,4570.4,255.0
2026-05-25 19:05:00,1779707100,4570.6,4570.7,4569.4,4570.3,294.0
2026-05-25 19:10:00,1779707400,4570.4,4574.4,4570.1,4574.0,384.0
2026-05-25 19:15:00,1779707700,4574.1,4577.5,4573.7,4576.7,926.0
2026-05-25 19:20:00,1779708000,4577.0,4577.1,4573.1,4573.9,595.0
2026-05-25 19:25:00,1779708300,4573.7,4573.8,4571.2,4573.8,339.0
2026-05-25 19:30:00,1779708600,4573.5,4576.6,4573.5,4575.1,586.0
2026-05-25 19:35:00,1779708900,4575.2,4578.2,4574.8,4577.9,446.0
2026-05-25 19:40:00,1779709200,4578.1,4578.2,4575.9,4576.5,318.0
2026-05-25 19:45:00,1779709500,4576.5,4579.3,4573.0,4573.0,872.0
2026-05-25 19:50:00,1779709800,4573.1,4574.0,4572.4,4572.5,247.0
2026-05-25 19:55:00,1779710100,4572.8,4573.2,4571.1,4571.3,490.0
2026-05-25 20:00:00,1779710400,4571.2,4571.5,4565.3,4566.5,1428.0
2026-05-25 20:05:00,1779710700,4566.4,4566.4,4558.7,4562.1,2041.0
2026-05-25 20:10:00,1779711000,4562.5,4563.2,4557.7,4558.0,1457.0
2026-05-25 20:15:00,1779711300,4557.9,4558.6,4555.2,4555.5,1170.0
2026-05-25 20:20:00,1779711600,4555.5,4559.1,4554.3,4557.6,1987.0
2026-05-25 20:25:00,1779711900,4557.6,4562.4,4557.4,4561.9,1084.0
2026-05-25 20:30:00,1779712200,4562.2,4565.7,4561.3,4565.7,976.0
2026-05-25 20:35:00,1779712500,4565.7,4572.1,4564.8,4570.4,1564.0
2026-05-25 20:40:00,1779712800,4570.5,4571.0,4568.0,4568.3,866.0
2026-05-25 20:45:00,1779713100,4568.3,4570.2,4565.8,4568.0,1031.0
2026-05-25 20:50:00,1779713400,4567.9,4569.1,4567.8,4568.7,280.0
2026-05-25 20:55:00,1779713700,4568.8,4570.5,4568.5,4569.3,609.0
2026-05-25 21:00:00,1779714000,4569.5,4569.5,4563.3,4566.2,1400.0
2026-05-25 21:05:00,1779714300,4566.3,4573.2,4566.0,4570.2,1227.0
2026-05-25 21:10:00,1779714600,4570.2,4570.3,4564.2,4565.9,721.0
2026-05-25 21:15:00,1779714900,4565.7,4566.0,4562.2,4563.8,630.0
2026-05-25 21:20:00,1779715200,4563.8,4566.3,4563.5,4564.9,538.0
2026-05-25 21:25:00,1779715500,4565.1,4565.4,4562.5,4563.4,495.0
2026-05-25 21:30:00,1779715800,4563.5,4566.2,4563.1,4565.9,483.0
2026-05-25 21:35:00,1779716100,4566.0,4567.5,4564.7,4566.1,454.0
2026-05-25 21:40:00,1779716400,4566.3,4567.3,4565.4,4566.7,396.0
2026-05-25 21:45:00,1779716700,4566.8,4567.0,4561.7,4563.4,590.0
2026-05-25 21:50:00,1779717000,4563.3,4565.3,4562.3,4565.1,452.0
2026-05-25 21:55:00,1779717300,4565.3,4566.6,4564.7,4564.9,385.0
2026-05-25 22:00:00,1779717600,4564.8,4569.1,4564.0,4568.8,787.0
2026-05-25 22:05:00,1779717900,4568.9,4571.6,4568.8,4571.5,1208.0
2026-05-25 22:10:00,1779718200,4571.3,4571.7,4568.6,4569.4,610.0
2026-05-25 22:15:00,1779718500,4569.4,4570.7,4569.0,4570.0,329.0
2026-05-25 22:20:00,1779718800,4570.1,4572.0,4569.3,4571.8,443.0
2026-05-25 22:25:00,1779719100,4572.1,4572.4,4569.0,4569.6,352.0
2026-05-25 22:30:00,1779719400,4569.7,4570.0,4566.7,4569.5,796.0
2026-05-25 22:35:00,1779719700,4569.4,4570.2,4567.9,4568.9,333.0
2026-05-25 22:40:00,1779720000,4569.1,4570.2,4568.0,4568.6,266.0
2026-05-25 22:45:00,1779720300,4568.4,4570.0,4567.8,4569.9,455.0
2026-05-25 22:50:00,1779720600,4569.9,4570.5,4567.2,4567.4,659.0
2026-05-25 22:55:00,1779720900,4567.5,4568.9,4567.0,4568.4,421.0
2026-05-25 23:00:00,1779721200,4568.3,4570.9,4568.2,4569.6,467.0
2026-05-25 23:05:00,1779721500,4569.7,4569.7,4566.9,4568.3,306.0
2026-05-25 23:10:00,1779721800,4568.1,4575.5,4567.7,4571.8,1934.0
2026-05-25 23:15:00,1779722100,4572.0,4572.8,4569.7,4572.0,545.0
2026-05-25 23:20:00,1779722400,4572.1,4575.2,4572.1,4574.8,763.0
2026-05-25 23:25:00,1779722700,4574.6,4576.7,4573.3,4575.2,1139.0
2026-05-25 23:30:00,1779723000,4575.3,4575.5,4571.9,4572.8,418.0
2026-05-25 23:35:00,1779723300,4572.9,4573.1,4568.4,4570.6,742.0
2026-05-25 23:40:00,1779723600,4570.2,4571.4,4569.6,4570.7,305.0
2026-05-25 23:45:00,1779723900,4570.6,4572.3,4570.4,4572.0,265.0
2026-05-25 23:50:00,1779724200,4572.1,4574.2,4571.9,4573.6,367.0
2026-05-25 23:55:00,1779724500,4573.6,4574.7,4572.3,4572.7,288.0
2026-05-26 00:00:00,1779724800,4572.8,4573.1,4570.3,4571.0,330.0
2026-05-26 00:05:00,1779725100,4571.0,4571.9,4570.7,4571.1,202.0
2026-05-26 00:10:00,1779725400,4571.2,4572.6,4571.1,4572.5,237.0
2026-05-26 00:15:00,1779725700,4572.3,4572.7,4570.6,4570.6,193.0
2026-05-26 00:20:00,1779726000,4570.7,4572.2,4570.6,4571.5,249.0
2026-05-26 00:25:00,1779726300,4571.4,4572.1,4570.1,4570.1,118.0
2026-05-26 00:30:00,1779726600,4570.1,4572.1,4569.9,4572.1,204.0
2026-05-26 00:35:00,1779726900,4571.9,4573.2,4571.7,4572.9,158.0
2026-05-26 00:40:00,1779727200,4572.9,4574.5,4572.3,4574.2,323.0
2026-05-26 00:45:00,1779727500,4574.0,4575.2,4573.6,4575.1,264.0
2026-05-26 00:50:00,1779727800,4575.1,4576.6,4572.7,4573.1,465.0
2026-05-26 00:55:00,1779728100,4573.2,4576.0,4573.0,4575.6,263.0
2026-05-26 01:00:00,1779728400,4575.6,4578.9,4575.6,4578.2,395.0
2026-05-26 01:05:00,1779728700,4577.6,4578.5,4576.6,4578.2,199.0
2026-05-26 01:10:00,1779729000,4578.2,4580.6,4576.1,4576.7,571.0
2026-05-26 01:15:00,1779729300,4576.5,4577.0,4575.8,4576.2,177.0
2026-05-26 01:20:00,1779729600,4576.2,4576.3,4573.4,4573.8,182.0
2026-05-26 01:25:00,1779729900,4573.7,4574.2,4572.7,4573.8,300.0
2026-05-26 01:30:00,1779730200,4573.9,4574.0,4572.3,4572.4,142.0
2026-05-26 01:35:00,1779730500,4572.2,4572.4,4570.3,4570.4,236.0
2026-05-26 01:40:00,1779730800,4570.3,4570.8,4569.1,4569.6,316.0
2026-05-26 01:45:00,1779731100,4569.2,4569.2,4565.7,4567.8,408.0
2026-05-26 01:50:00,1779731400,4567.9,4568.4,4566.1,4567.0,208.0
2026-05-26 01:55:00,1779731700,4567.2,4568.3,4566.6,4567.9,136.0
2026-05-26 02:00:00,1779732000,4567.9,4571.8,4566.8,4571.4,372.0
2026-05-26 02:05:00,1779732300,4571.6,4574.0,4570.3,4572.6,262.0
2026-05-26 02:10:00,1779732600,4572.7,4573.1,4570.5,4571.5,143.0
2026-05-26 02:15:00,1779732900,4571.5,4572.7,4570.9,4571.1,153.0
2026-05-26 02:20:00,1779733200,4571.0,4573.3,4569.8,4570.2,153.0
2026-05-26 02:25:00,1779733500,4570.0,4573.5,4569.6,4573.5,202.0
2026-05-26 06:00:00,1779746400,4568.9,4574.9,4568.9,4573.0,793.0
2026-05-26 06:05:00,1779746700,4572.8,4574.7,4572.4,4574.3,339.0
2026-05-26 06:10:00,1779747000,4574.2,4575.9,4573.4,4575.3,405.0
2026-05-26 06:15:00,1779747300,4575.4,4577.3,4575.2,4575.6,388.0
2026-05-26 06:20:00,1779747600,4575.7,4577.1,4574.4,4577.1,286.0
2026-05-26 06:25:00,1779747900,4577.1,4577.3,4574.8,4574.8,335.0
2026-05-26 06:30:00,1779748200,4574.8,4574.8,4572.8,4572.9,583.0
2026-05-26 06:35:00,1779748500,4572.8,4575.3,4571.2,4574.7,636.0
2026-05-26 06:40:00,1779748800,4574.7,4577.1,4573.8,4576.1,368.0
2026-05-26 06:45:00,1779749100,4575.9,4577.2,4575.3,4575.8,248.0
2026-05-26 06:50:00,1779749400,4575.9,4578.4,4575.9,4578.2,211.0
2026-05-26 06:55:00,1779749700,4578.2,4578.5,4576.2,4576.8,324.0
2026-05-26 07:00:00,1779750000,4576.7,4578.6,4575.7,4576.1,497.0
2026-05-26 07:05:00,1779750300,4576.1,4579.0,4575.7,4578.3,331.0
2026-05-26 07:10:00,1779750600,4578.2,4582.0,4577.4,4581.1,1195.0
2026-05-26 07:15:00,1779750900,4581.4,4583.2,4579.2,4579.7,1145.0
2026-05-26 07:20:00,1779751200,4579.6,4580.2,4574.9,4576.1,785.0
2026-05-26 07:25:00,1779751500,4576.1,4576.1,4569.1,4570.4,1088.0
2026-05-26 07:30:00,1779751800,4570.4,4570.9,4562.4,4562.8,1731.0
2026-05-26 07:35:00,1779752100,4562.9,4564.7,4556.8,4563.7,2517.0
2026-05-26 07:40:00,1779752400,4563.8,4564.3,4557.0,4558.6,1194.0
2026-05-26 07:45:00,1779752700,4558.9,4563.6,4558.6,4561.5,1081.0
2026-05-26 07:50:00,1779753000,4561.4,4564.8,4560.6,4564.2,713.0
2026-05-26 07:55:00,1779753300,4564.4,4564.9,4561.0,4561.4,721.0
2026-05-26 08:00:00,1779753600,4561.7,4562.1,4550.4,4552.1,2900.0
2026-05-26 08:05:00,1779753900,4552.1,4554.0,4549.5,4551.0,1389.0
2026-05-26 08:10:00,1779754200,4550.8,4554.4,4548.8,4553.5,1580.0
2026-05-26 08:15:00,1779754500,4553.5,4554.7,4542.2,4547.0,2418.0
2026-05-26 08:20:00,1779754800,4547.3,4548.2,4542.3,4546.0,1698.0
2026-05-26 08:25:00,1779755100,4546.0,4551.4,4545.2,4550.3,1050.0
2026-05-26 08:30:00,1779755400,4550.7,4554.1,4550.2,4553.1,906.0
2026-05-26 08:35:00,1779755700,4552.8,4553.5,4547.0,4548.2,844.0
2026-05-26 08:40:00,1779756000,4548.1,4550.8,4544.5,4548.9,978.0
2026-05-26 08:45:00,1779756300,4549.1,4552.6,4545.8,4545.9,650.0
2026-05-26 08:50:00,1779756600,4545.7,4547.2,4539.9,4543.5,1648.0
2026-05-26 08:55:00,1779756900,4543.6,4551.4,4543.5,4550.6,1071.0
2026-05-26 09:00:00,1779757200,4550.7,4552.1,4543.0,4543.5,2064.0
2026-05-26 09:05:00,1779757500,4543.6,4548.1,4543.2,4546.6,918.0
2026-05-26 09:10:00,1779757800,4546.7,4550.1,4546.7,4549.9,872.0
2026-05-26 09:15:00,1779758100,4549.5,4549.9,4546.5,4547.9,423.0
2026-05-26 09:20:00,1779758400,4547.8,4549.2,4542.7,4545.0,669.0
2026-05-26 09:25:00,1779758700,4544.8,4547.3,4543.9,4544.7,516.0
2026-05-26 09:30:00,1779759000,4544.8,4544.8,4537.6,4539.7,1677.0
2026-05-26 09:35:00,1779759300,4539.7,4540.0,4528.0,4530.6,2336.0
2026-05-26 09:40:00,1779759600,4530.8,4533.8,4528.9,4533.0,1833.0
2026-05-26 09:45:00,1779759900,4533.2,4536.3,4532.1,4534.2,1025.0
2026-05-26 09:50:00,1779760200,4534.3,4537.3,4532.3,4535.8,791.0
2026-05-26 09:55:00,1779760500,4536.0,4538.5,4535.4,4538.1,677.0
2026-05-26 10:00:00,1779760800,4537.9,4539.0,4536.3,4537.2,674.0
2026-05-26 10:05:00,1779761100,4537.0,4539.9,4536.2,4539.4,469.0
2026-05-26 10:10:00,1779761400,4539.6,4540.5,4538.0,4539.2,429.0
2026-05-26 10:15:00,1779761700,4539.3,4540.0,4537.3,4539.4,509.0
2026-05-26 10:20:00,1779762000,4539.4,4539.4,4537.5,4539.1,276.0
2026-05-26 10:25:00,1779762300,4539.0,4540.1,4537.3,4537.9,449.0
2026-05-26 10:30:00,1779762600,4537.9,4538.1,4534.8,4535.7,865.0
2026-05-26 10:35:00,1779762900,4535.4,4539.5,4535.3,4538.4,511.0
2026-05-26 10:40:00,1779763200,4538.4,4539.5,4534.3,4534.8,532.0
2026-05-26 10:45:00,1779763500,4534.8,4535.0,4531.6,4533.4,726.0
2026-05-26 10:50:00,1779763800,4533.3,4534.4,4530.7,4532.9,638.0
2026-05-26 10:55:00,1779764100,4533.3,4535.4,4532.8,4532.8,379.0
2026-05-26 11:00:00,1779764400,4532.8,4537.1,4532.8,4534.4,573.0
2026-05-26 11:05:00,1779764700,4534.3,4537.4,4534.3,4536.3,340.0
2026-05-26 11:10:00,1779765000,4536.6,4539.0,4535.6,4537.7,578.0
2026-05-26 11:15:00,1779765300,4537.7,4539.7,4537.3,4539.1,416.0
2026-05-26 11:20:00,1779765600,4539.1,4544.4,4539.0,4542.5,973.0
2026-05-26 11:25:00,1779765900,4542.5,4543.8,4541.4,4542.7,370.0
2026-05-26 11:30:00,1779766200,4542.9,4545.0,4542.3,4545.0,420.0
2026-05-26 11:35:00,1779766500,4545.0,4546.1,4543.6,4543.7,501.0
2026-05-26 11:40:00,1779766800,4543.8,4544.9,4541.5,4542.1,453.0
2026-05-26 11:45:00,1779767100,4541.8,4543.2,4541.0,4542.4,294.0
2026-05-26 11:50:00,1779767400,4542.5,4544.3,4542.1,4543.6,347.0
2026-05-26 11:55:00,1779767700,4543.2,4543.5,4541.8,4542.9,245.0
2026-05-26 12:00:00,1779768000,4542.7,4543.7,4541.0,4541.0,402.0
2026-05-26 12:05:00,1779768300,4541.1,4541.4,4539.5,4539.8,436.0
2026-05-26 12:10:00,1779768600,4539.7,4540.4,4536.5,4538.2,670.0
2026-05-26 12:15:00,1779768900,4538.1,4540.0,4537.0,4538.6,472.0
2026-05-26 12:20:00,1779769200,4538.7,4538.9,4535.6,4536.0,251.0
2026-05-26 12:25:00,1779769500,4535.6,4536.2,4533.0,4533.1,549.0
2026-05-26 12:30:00,1779769800,4533.2,4533.8,4530.3,4531.1,958.0
2026-05-26 12:35:00,1779770100,4530.9,4531.6,4525.0,4528.3,1306.0
2026-05-26 12:40:00,1779770400,4528.3,4530.0,4525.8,4526.9,561.0
2026-05-26 12:45:00,1779770700,4526.7,4528.6,4525.1,4528.1,529.0
2026-05-26 12:50:00,1779771000,4528.4,4529.7,4526.8,4527.9,420.0
2026-05-26 12:55:00,1779771300,4528.2,4528.3,4523.7,4525.8,570.0
2026-05-26 13:00:00,1779771600,4525.8,4529.9,4523.3,4529.2,838.0
2026-05-26 13:05:00,1779771900,4529.2,4530.9,4526.5,4530.8,601.0
2026-05-26 13:10:00,1779772200,4530.7,4531.9,4529.3,4529.8,723.0
2026-05-26 13:15:00,1779772500,4529.4,4531.8,4529.3,4529.9,315.0
2026-05-26 13:20:00,1779772800,4529.8,4531.9,4529.3,4530.4,312.0
2026-05-26 13:25:00,1779773100,4530.4,4532.1,4529.2,4531.7,405.0
2026-05-26 13:30:00,1779773400,4531.6,4534.5,4530.6,4533.9,938.0
2026-05-26 13:35:00,1779773700,4533.9,4535.5,4532.7,4533.0,637.0
2026-05-26 13:40:00,1779774000,4533.2,4533.3,4528.3,4530.1,1082.0
2026-05-26 13:45:00,1779774300,4529.9,4530.2,4526.6,4528.1,730.0
2026-05-26 13:50:00,1779774600,4528.0,4528.5,4523.9,4527.2,939.0
2026-05-26 13:55:00,1779774900,4527.1,4529.4,4525.2,4527.8,617.0
2026-05-26 14:00:00,1779775200,4527.7,4531.9,4527.4,4531.5,703.0
2026-05-26 14:05:00,1779775500,4531.6,4533.0,4530.7,4531.5,511.0
2026-05-26 14:10:00,1779775800,4531.6,4533.3,4529.5,4532.0,678.0
2026-05-26 14:15:00,1779776100,4532.1,4532.6,4529.8,4531.4,496.0
2026-05-26 14:20:00,1779776400,4531.4,4535.2,4530.4,4534.5,672.0
2026-05-26 14:25:00,1779776700,4534.5,4536.8,4528.6,4530.8,1495.0
2026-05-26 14:30:00,1779777000,4530.9,4532.4,4529.1,4531.2,594.0
2026-05-26 14:35:00,1779777300,4531.2,4533.7,4531.0,4532.2,657.0
2026-05-26 14:40:00,1779777600,4532.2,4534.6,4531.9,4534.5,603.0
2026-05-26 14:45:00,1779777900,4534.3,4534.5,4529.5,4530.5,818.0
2026-05-26 14:50:00,1779778200,4530.4,4532.5,4529.3,4532.5,797.0
2026-05-26 14:55:00,1779778500,4532.1,4534.2,4531.2,4531.8,497.0
2026-05-26 15:00:00,1779778800,4531.9,4534.3,4529.8,4532.0,1329.0
2026-05-26 15:05:00,1779779100,4532.0,4534.9,4527.8,4528.1,1477.0
2026-05-26 15:10:00,1779779400,4528.0,4530.9,4526.2,4528.9,914.0
2026-05-26 15:15:00,1779779700,4528.9,4529.0,4522.4,4527.3,1442.0
2026-05-26 15:20:00,1779780000,4527.3,4530.5,4525.5,4530.5,636.0
2026-05-26 15:25:00,1779780300,4530.5,4531.8,4529.2,4530.1,674.0
2026-05-26 15:30:00,1779780600,4530.0,4530.3,4523.2,4526.4,1325.0
2026-05-26 15:35:00,1779780900,4526.3,4527.0,4521.7,4523.6,999.0
2026-05-26 15:40:00,1779781200,4523.5,4527.8,4522.3,4526.9,622.0
2026-05-26 15:45:00,1779781500,4527.3,4533.8,4525.4,4533.8,1166.0
2026-05-26 15:50:00,1779781800,4533.8,4535.9,4531.7,4532.2,1181.0
2026-05-26 15:55:00,1779782100,4532.4,4539.6,4532.3,4538.7,1442.0
2026-05-26 16:00:00,1779782400,4538.8,4539.5,4535.5,4536.3,909.0
2026-05-26 16:05:00,1779782700,4536.4,4536.5,4533.2,4533.4,719.0
2026-05-26 16:10:00,1779783000,4533.5,4534.0,4527.2,4527.7,1395.0
2026-05-26 16:15:00,1779783300,4527.9,4530.2,4527.7,4530.1,713.0
2026-05-26 16:20:00,1779783600,4530.0,4530.5,4526.6,4527.6,626.0
2026-05-26 16:25:00,1779783900,4527.8,4528.3,4520.8,4522.8,1453.0
2026-05-26 16:30:00,1779784200,4522.6,4523.7,4520.0,4521.7,1085.0
2026-05-26 16:35:00,1779784500,4521.5,4524.7,4520.7,4522.5,773.0
2026-05-26 16:40:00,1779784800,4522.6,4526.7,4522.1,4525.9,754.0
2026-05-26 16:45:00,1779785100,4525.6,4527.7,4521.7,4522.5,881.0
2026-05-26 16:50:00,1779785400,4522.5,4525.8,4520.3,4524.4,548.0
2026-05-26 16:55:00,1779785700,4524.9,4524.9,4522.4,4524.5,367.0
2026-05-26 17:00:00,1779786000,4524.3,4525.0,4522.1,4525.0,446.0
2026-05-26 17:05:00,1779786300,4525.1,4525.4,4522.4,4523.7,498.0
2026-05-26 17:10:00,1779786600,4523.7,4523.9,4519.3,4520.7,758.0
2026-05-26 17:15:00,1779786900,4520.7,4526.1,4518.2,4525.1,1417.0
2026-05-26 17:20:00,1779787200,4525.2,4525.7,4520.8,4522.4,568.0
2026-05-26 17:25:00,1779787500,4522.2,4526.7,4521.9,4525.0,631.0
2026-05-26 17:30:00,1779787800,4525.2,4525.5,4517.5,4518.6,1434.0
2026-05-26 17:35:00,1779788100,4518.4,4519.2,4516.2,4517.0,858.0
2026-05-26 17:40:00,1779788400,4517.0,4517.6,4512.2,4513.9,1489.0
2026-05-26 17:45:00,1779788700,4513.6,4519.3,4513.4,4519.1,1129.0
2026-05-26 17:50:00,1779789000,4519.2,4519.7,4516.4,4519.4,620.0
2026-05-26 17:55:00,1779789300,4519.3,4523.9,4517.9,4523.1,1194.0
2026-05-26 18:00:00,1779789600,4523.2,4523.8,4519.9,4520.2,972.0
2026-05-26 18:05:00,1779789900,4520.0,4525.9,4519.4,4525.9,678.0
2026-05-26 18:10:00,1779790200,4525.6,4532.6,4525.4,4529.6,1609.0
2026-05-26 18:15:00,1779790500,4529.8,4533.2,4527.7,4528.5,1051.0
2026-05-26 18:20:00,1779790800,4528.7,4532.8,4528.0,4532.0,654.0
2026-05-26 18:25:00,1779791100,4532.1,4535.9,4531.8,4533.7,889.0
2026-05-26 18:30:00,1779791400,4534.0,4539.5,4533.9,4539.3,1034.0
2026-05-26 18:35:00,1779791700,4539.3,4539.4,4534.1,4534.4,746.0
2026-05-26 18:40:00,1779792000,4534.6,4535.3,4531.9,4533.6,644.0
2026-05-26 18:45:00,1779792300,4533.7,4537.9,4533.4,4537.7,758.0
2026-05-26 18:50:00,1779792600,4537.8,4540.8,4534.7,4535.2,1038.0
2026-05-26 18:55:00,1779792900,4535.4,4535.9,4534.3,4534.9,299.0
2026-05-26 19:00:00,1779793200,4535.0,4536.9,4533.5,4536.7,436.0
2026-05-26 19:05:00,1779793500,4536.7,4537.0,4534.5,4535.6,262.0
2026-05-26 19:10:00,1779793800,4535.5,4536.5,4532.2,4532.2,288.0
2026-05-26 19:15:00,1779794100,4532.1,4533.3,4530.3,4530.3,558.0
2026-05-26 19:20:00,1779794400,4530.4,4530.6,4525.4,4525.7,1073.0
2026-05-26 19:25:00,1779794700,4525.7,4526.3,4523.1,4523.8,914.0
2026-05-26 19:30:00,1779795000,4523.7,4523.9,4517.6,4519.4,2348.0
2026-05-26 19:35:00,1779795300,4519.6,4519.7,4507.3,4511.1,3752.0
2026-05-26 19:40:00,1779795600,4510.9,4513.4,4504.2,4509.8,2486.0
2026-05-26 19:45:00,1779795900,4510.0,4515.8,4508.1,4512.5,1137.0
2026-05-26 19:50:00,1779796200,4512.6,4515.6,4510.4,4511.6,1218.0
2026-05-26 19:55:00,1779796500,4511.6,4511.8,4503.5,4507.3,1949.0
2026-05-26 20:00:00,1779796800,4507.2,4510.0,4504.0,4508.1,1999.0
2026-05-26 20:05:00,1779797100,4508.3,4512.3,4505.7,4510.5,2496.0
2026-05-26 20:10:00,1779797400,4510.3,4512.3,4507.6,4510.5,1434.0
2026-05-26 20:15:00,1779797700,4510.1,4516.2,4509.1,4512.3,1261.0
2026-05-26 20:20:00,1779798000,4512.3,4513.1,4508.0,4509.5,1349.0
2026-05-26 20:25:00,1779798300,4509.7,4511.5,4503.5,4506.3,1191.0
2026-05-26 20:30:00,1779798600,4506.3,4510.6,4500.3,4510.2,2169.0
2026-05-26 20:35:00,1779798900,4510.3,4510.4,4501.3,4502.1,1314.0
2026-05-26 20:40:00,1779799200,4502.1,4511.9,4502.1,4511.9,1734.0
2026-05-26 20:45:00,1779799500,4511.7,4521.3,4510.4,4519.8,2130.0
2026-05-26 20:50:00,1779799800,4520.0,4523.7,4517.2,4522.7,2196.0
2026-05-26 20:55:00,1779800100,4522.7,4524.2,4519.5,4520.6,1385.0
2026-05-26 21:00:00,1779800400,4520.8,4526.9,4519.6,4523.7,1902.0
2026-05-26 21:05:00,1779800700,4523.9,4524.1,4519.7,4522.8,1143.0
2026-05-26 21:10:00,1779801000,4522.6,4522.8,4516.5,4518.8,1482.0
2026-05-26 21:15:00,1779801300,4518.9,4522.3,4518.6,4520.7,1040.0
2026-05-26 21:20:00,1779801600,4520.7,4527.8,4520.6,4526.8,1721.0
2026-05-26 21:25:00,1779801900,4527.1,4528.4,4522.8,4523.0,1103.0
2026-05-26 21:30:00,1779802200,4523.0,4528.8,4522.6,4523.2,1929.0
2026-05-26 21:35:00,1779802500,4523.2,4529.7,4521.5,4525.3,1549.0
2026-05-26 21:40:00,1779802800,4525.1,4532.2,4524.9,4527.9,1590.0
2026-05-26 21:45:00,1779803100,4528.1,4530.0,4525.8,4526.7,1259.0
2026-05-26 21:50:00,1779803400,4526.7,4527.0,4513.0,4516.2,3330.0
2026-05-26 21:55:00,1779803700,4516.5,4518.4,4512.7,4514.5,1864.0
2026-05-26 22:00:00,1779804000,4514.9,4518.8,4511.6,4518.3,2177.0
2026-05-26 22:05:00,1779804300,4517.9,4521.3,4515.7,4516.2,1489.0
2026-05-26 22:10:00,1779804600,4516.2,4516.4,4508.4,4511.5,2072.0
2026-05-26 22:15:00,1779804900,4511.3,4515.9,4509.2,4514.8,1419.0
2026-05-26 22:20:00,1779805200,4515.0,4518.8,4513.1,4516.3,1056.0
2026-05-26 22:25:00,1779805500,4516.7,4518.5,4515.6,4518.3,715.0
2026-05-26 22:30:00,1779805800,4518.2,4522.4,4517.2,4518.0,1734.0
2026-05-26 22:35:00,1779806100,4518.4,4525.6,4518.4,4522.9,1495.0
2026-05-26 22:40:00,1779806400,4523.1,4524.6,4520.1,4522.0,786.0
2026-05-26 22:45:00,1779806700,4522.0,4522.7,4518.9,4519.8,908.0
2026-05-26 22:50:00,1779807000,4520.0,4520.0,4515.8,4516.4,866.0
2026-05-26 22:55:00,1779807300,4516.1,4516.7,4513.0,4515.8,1281.0
2026-05-26 23:00:00,1779807600,4516.0,4516.0,4508.4,4511.7,1686.0
2026-05-26 23:05:00,1779807900,4511.6,4514.6,4509.3,4510.9,1243.0
2026-05-26 23:10:00,1779808200,4510.9,4512.9,4508.6,4510.3,807.0
2026-05-26 23:15:00,1779808500,4509.8,4511.1,4505.3,4508.5,1589.0
2026-05-26 23:20:00,1779808800,4508.6,4509.0,4505.2,4506.0,769.0
2026-05-26 23:25:00,1779809100,4506.2,4508.8,4505.1,4506.2,1028.0
2026-05-26 23:30:00,1779809400,4506.4,4509.1,4504.0,4505.7,1152.0
2026-05-26 23:35:00,1779809700,4505.6,4508.2,4502.3,4508.0,1091.0
2026-05-26 23:40:00,1779810000,4507.7,4509.5,4506.5,4508.7,1038.0
2026-05-26 23:45:00,1779810300,4508.5,4509.9,4506.7,4507.0,584.0
2026-05-26 23:50:00,1779810600,4507.1,4511.2,4506.1,4510.1,859.0
2026-05-26 23:55:00,1779810900,4509.8,4510.3,4506.1,4506.7,755.0
2026-05-27 00:00:00,1779811200,4506.6,4508.7,4505.5,4506.4,687.0
2026-05-27 00:05:00,1779811500,4506.2,4506.6,4502.3,4503.3,798.0
2026-05-27 00:10:00,1779811800,4503.2,4504.0,4498.8,4502.0,1585.0
2026-05-27 00:15:00,1779812100,4502.0,4506.5,4499.6,4505.6,1404.0
2026-05-27 00:20:00,1779812400,4505.5,4506.8,4502.7,4506.6,680.0
2026-05-27 00:25:00,1779812700,4506.4,4509.8,4506.1,4508.4,740.0
2026-05-27 00:30:00,1779813000,4508.5,4512.8,4507.8,4510.0,1292.0
2026-05-27 00:35:00,1779813300,4510.1,4511.2,4508.5,4508.6,599.0
2026-05-27 00:40:00,1779813600,4508.7,4509.2,4506.4,4506.9,617.0
2026-05-27 00:45:00,1779813900,4506.8,4508.1,4503.3,4503.5,583.0
2026-05-27 00:50:00,1779814200,4503.5,4506.7,4503.1,4505.3,562.0
2026-05-27 00:55:00,1779814500,4505.3,4506.1,4504.7,4505.2,215.0
2026-05-27 01:00:00,1779814800,4505.2,4507.9,4504.5,4505.9,429.0
2026-05-27 01:05:00,1779815100,4505.8,4506.1,4503.4,4504.4,450.0
2026-05-27 01:10:00,1779815400,4504.7,4505.0,4503.8,4503.8,215.0
2026-05-27 01:15:00,1779815700,4504.0,4505.1,4503.5,4504.5,313.0
2026-05-27 01:20:00,1779816000,4504.6,4506.9,4504.3,4506.9,551.0
2026-05-27 01:25:00,1779816300,4507.0,4508.2,4500.5,4501.6,1946.0
2026-05-27 01:30:00,1779816600,4501.4,4502.1,4497.1,4500.3,1441.0
2026-05-27 01:35:00,1779816900,4500.4,4501.3,4496.0,4499.3,1560.0
2026-05-27 01:40:00,1779817200,4499.0,4499.7,4495.3,4498.5,1360.0
2026-05-27 01:45:00,1779817500,4498.6,4501.1,4498.3,4500.4,645.0
2026-05-27 01:50:00,1779817800,4500.6,4501.2,4495.0,4496.3,1175.0
2026-05-27 01:55:00,1779818100,4496.3,4496.9,4487.2,4490.3,3034.0
2026-05-27 02:00:00,1779818400,4489.9,4492.7,4483.5,4486.7,2689.0
2026-05-27 02:05:00,1779818700,4486.8,4488.2,4480.1,4487.8,1808.0
2026-05-27 02:10:00,1779819000,4488.0,4490.3,4484.3,4486.5,1249.0
2026-05-27 02:15:00,1779819300,4486.7,4490.3,4485.8,4490.1,723.0
2026-05-27 02:20:00,1779819600,4490.2,4492.5,4489.7,4491.8,795.0
2026-05-27 02:25:00,1779819900,4491.8,4495.6,4491.4,4494.7,816.0
2026-05-27 02:30:00,1779820200,4494.6,4498.0,4493.5,4496.9,685.0
2026-05-27 02:35:00,1779820500,4496.9,4496.9,4494.5,4495.9,425.0
2026-05-27 02:40:00,1779820800,4495.8,4496.0,4494.5,4495.5,239.0
2026-05-27 02:45:00,1779821100,4495.7,4498.0,4495.7,4497.2,398.0
2026-05-27 02:50:00,1779821400,4497.2,4499.2,4496.8,4498.3,414.0
2026-05-27 02:55:00,1779821700,4498.1,4499.1,4497.4,4498.9,298.0
2026-05-27 03:00:00,1779822000,4498.8,4500.8,4496.7,4499.3,624.0
2026-05-27 03:05:00,1779822300,4499.6,4500.1,4498.0,4500.0,251.0
2026-05-27 03:10:00,1779822600,4499.9,4500.7,4498.5,4499.0,323.0
2026-05-27 03:15:00,1779822900,4499.1,4504.3,4498.8,4502.1,864.0
2026-05-27 03:20:00,1779823200,4501.9,4503.9,4501.7,4502.7,527.0
2026-05-27 03:25:00,1779823500,4502.6,4503.2,4500.9,4502.0,445.0
2026-05-27 03:30:00,1779823800,4502.1,4503.4,4500.1,4503.4,430.0
2026-05-27 03:35:00,1779824100,4503.6,4504.3,4502.7,4503.1,299.0
2026-05-27 03:40:00,1779824400,4503.6,4505.6,4503.4,4504.5,358.0
2026-05-27 03:45:00,1779824700,4504.7,4508.3,4503.8,4507.2,586.0
2026-05-27 03:50:00,1779825000,4507.6,4507.9,4505.5,4505.6,417.0
2026-05-27 03:55:00,1779825300,4505.9,4509.7,4505.6,4508.8,981.0
2026-05-27 04:00:00,1779825600,4508.9,4511.3,4507.1,4507.4,680.0
2026-05-27 04:05:00,1779825900,4507.5,4509.0,4506.2,4506.8,324.0
2026-05-27 04:10:00,1779826200,4507.0,4508.1,4506.2,4507.7,302.0
2026-05-27 04:15:00,1779826500,4507.7,4509.8,4507.7,4508.7,209.0
2026-05-27 04:20:00,1779826800,4508.6,4509.4,4507.2,4508.7,223.0
2026-05-27 04:25:00,1779827100,4508.7,4509.1,4506.2,4506.9,205.0
2026-05-27 04:30:00,1779827400,4506.7,4507.9,4506.4,4506.9,168.0
2026-05-27 04:35:00,1779827700,4506.6,4508.4,4506.0,4508.4,245.0
2026-05-27 04:40:00,1779828000,4508.6,4510.0,4507.9,4509.1,270.0
2026-05-27 04:45:00,1779828300,4509.0,4510.5,4506.8,4506.8,377.0
2026-05-27 04:50:00,1779828600,4506.7,4507.0,4504.4,4506.7,372.0
2026-05-27 04:55:00,1779828900,4506.7,4508.5,4506.5,4507.8,379.0
2026-05-27 06:00:00,1779832800,4504.0,4511.9,4503.0,4508.0,377.0
2026-05-27 06:05:00,1779833100,4508.2,4509.1,4503.4,4504.2,184.0
2026-05-27 06:10:00,1779833400,4504.9,4506.6,4503.8,4505.2,164.0
2026-05-27 06:15:00,1779833700,4505.2,4508.1,4504.3,4507.8,269.0
2026-05-27 06:20:00,1779834000,4507.9,4510.9,4505.2,4506.4,378.0
2026-05-27 06:25:00,1779834300,4506.1,4507.1,4504.5,4505.6,147.0
2026-05-27 06:30:00,1779834600,4505.6,4507.2,4500.8,4501.0,233.0
2026-05-27 06:35:00,1779834900,4501.2,4502.7,4498.8,4502.4,255.0
2026-05-27 06:40:00,1779835200,4502.2,4504.2,4501.1,4501.2,225.0
2026-05-27 06:45:00,1779835500,4501.1,4503.5,4500.0,4503.5,187.0
2026-05-27 06:50:00,1779835800,4502.8,4507.8,4502.5,4507.6,181.0
2026-05-27 06:55:00,1779836100,4507.6,4512.7,4507.0,4511.1,411.0
2026-05-27 07:00:00,1779836400,4511.3,4514.0,4509.8,4511.4,370.0
2026-05-27 07:05:00,1779836700,4511.1,4513.4,4509.6,4510.0,155.0
2026-05-27 07:10:00,1779837000,4510.1,4510.2,4507.8,4508.9,152.0
2026-05-27 07:15:00,1779837300,4508.8,4510.2,4508.2,4509.2,119.0
2026-05-27 07:20:00,1779837600,4508.1,4508.1,4504.6,4505.6,367.0
2026-05-27 07:25:00,1779837900,4505.6,4512.4,4505.4,4512.4,467.0
2026-05-27 07:30:00,1779838200,4511.7,4516.8,4510.9,4515.0,844.0
2026-05-27 07:35:00,1779838500,4514.4,4515.6,4512.3,4514.9,670.0
2026-05-27 07:40:00,1779838800,4514.8,4527.2,4514.8,4526.7,926.0
2026-05-27 07:45:00,1779839100,4526.9,4527.9,4520.2,4521.0,583.0
2026-05-27 07:50:00,1779839400,4521.1,4522.8,4520.2,4521.2,142.0
2026-05-27 07:55:00,1779839700,4520.8,4520.8,4518.3,4519.7,167.0
2026-05-27 08:00:00,1779840000,4518.5,4525.8,4516.8,4520.4,360.0
2026-05-27 08:05:00,1779840300,4520.8,4524.0,4519.3,4521.4,204.0
2026-05-27 08:10:00,1779840600,4521.9,4522.1,4519.7,4521.9,132.0
2026-05-27 08:15:00,1779840900,4521.4,4522.1,4519.6,4520.6,121.0
2026-05-27 08:20:00,1779841200,4520.7,4521.3,4515.6,4516.2,269.0
2026-05-27 08:25:00,1779841500,4516.0,4518.6,4513.8,4517.5,249.0
2026-05-27 08:30:00,1779841800,4518.0,4520.3,4517.0,4519.2,166.0
2026-05-27 08:35:00,1779842100,4519.3,4520.2,4517.0,4517.7,213.0
2026-05-27 08:40:00,1779842400,4516.9,4518.9,4515.9,4518.1,103.0
2026-05-27 08:45:00,1779842700,4518.5,4522.0,4518.2,4518.5,186.0
2026-05-27 08:50:00,1779843000,4518.6,4518.6,4515.1,4516.4,154.0
2026-05-27 08:55:00,1779843300,4515.9,4518.8,4514.0,4514.8,116.0
2026-05-27 09:00:00,1779843600,4514.4,4517.4,4513.5,4515.3,221.0
2026-05-27 09:05:00,1779843900,4514.8,4516.9,4512.0,4516.1,206.0
2026-05-27 09:10:00,1779844200,4516.0,4520.5,4515.4,4519.8,250.0
2026-05-27 09:15:00,1779844500,4518.7,4519.8,4515.1,4515.4,112.0
2026-05-27 09:20:00,1779844800,4515.6,4520.7,4515.1,4518.6,155.0
2026-05-27 09:25:00,1779845100,4518.5,4518.5,4513.9,4515.6,98.0
2026-05-27 09:30:00,1779845400,4515.3,4516.4,4512.9,4514.2,151.0
2026-05-27 09:35:00,1779845700,4514.3,4515.9,4510.4,4511.3,205.0
2026-05-27 09:40:00,1779846000,4511.0,4512.8,4508.8,4509.5,194.0
2026-05-27 09:45:00,1779846300,4509.3,4509.7,4506.0,4509.1,244.0
2026-05-27 09:50:00,1779846600,4508.7,4509.5,4506.3,4506.7,151.0
2026-05-27 09:55:00,1779846900,4506.3,4509.1,4505.8,4507.5,142.0
2026-05-27 10:00:00,1779847200,4507.3,4508.9,4503.2,4504.7,290.0
2026-05-27 10:05:00,1779847500,4504.7,4504.7,4500.9,4502.8,222.0
2026-05-27 10:10:00,1779847800,4503.4,4503.8,4501.4,4503.8,99.0
2026-05-27 10:15:00,1779848100,4503.5,4504.7,4498.3,4498.9,396.0
2026-05-27 10:20:00,1779848400,4499.0,4504.0,4498.9,4503.5,189.0
2026-05-27 10:25:00,1779848700,4503.7,4505.3,4503.3,4505.3,252.0
2026-05-27 10:30:00,1779849000,4504.4,4505.2,4503.2,4504.8,115.0
2026-05-27 10:35:00,1779849300,4505.0,4505.5,4499.3,4499.8,252.0
2026-05-27 10:40:00,1779849600,4499.5,4501.6,4497.9,4499.4,208.0
2026-05-27 10:45:00,1779849900,4498.9,4501.2,4497.3,4501.2,149.0
2026-05-27 10:50:00,1779850200,4501.0,4504.5,4501.0,4503.2,187.0
2026-05-27 10:55:00,1779850500,4503.3,4506.7,4503.3,4505.2,173.0
2026-05-27 11:00:00,1779850800,4505.3,4509.7,4504.5,4507.1,186.0
2026-05-27 11:05:00,1779851100,4507.2,4508.6,4504.8,4508.6,157.0
2026-05-27 11:10:00,1779851400,4508.5,4509.8,4507.4,4509.1,152.0
2026-05-27 11:15:00,1779851700,4508.8,4511.2,4507.4,4510.3,155.0
2026-05-27 11:20:00,1779852000,4510.2,4510.6,4507.4,4507.7,147.0
2026-05-27 11:25:00,1779852300,4507.6,4507.7,4504.9,4506.5,156.0
2026-05-27 11:30:00,1779852600,4506.3,4506.5,4504.0,4504.0,93.0
2026-05-27 11:35:00,1779852900,4503.4,4503.7,4500.7,4501.9,145.0
2026-05-27 11:40:00,1779853200,4502.3,4504.3,4501.8,4503.4,156.0
2026-05-27 11:45:00,1779853500,4503.5,4504.7,4502.4,4503.1,105.0
2026-05-27 11:50:00,1779853800,4503.0,4503.7,4500.5,4501.0,131.0
2026-05-27 11:55:00,1779854100,4500.9,4500.9,4495.5,4496.4,401.0
2026-05-27 12:00:00,1779854400,4495.5,4499.6,4494.6,4498.7,313.0
2026-05-27 12:05:00,1779854700,4498.4,4501.4,4498.2,4500.4,212.0
2026-05-27 12:10:00,1779855000,4500.1,4502.1,4500.1,4501.2,118.0
2026-05-27 12:15:00,1779855300,4501.9,4502.0,4499.0,4499.8,121.0
2026-05-27 12:20:00,1779855600,4499.3,4502.2,4499.3,4501.4,83.0
2026-05-27 12:25:00,1779855900,4501.0,4501.2,4498.3,4498.3,150.0
2026-05-27 12:30:00,1779856200,4497.8,4500.9,4496.8,4500.2,174.0
2026-05-27 12:35:00,1779856500,4499.9,4501.7,4498.7,4501.6,78.0
2026-05-27 12:40:00,1779856800,4501.6,4507.2,4501.2,4507.0,280.0
2026-05-27 12:45:00,1779857100,4507.5,4516.0,4507.0,4516.0,376.0
2026-05-27 12:50:00,1779857400,4515.3,4515.7,4510.3,4511.1,359.0
2026-05-27 12:55:00,1779857700,4511.0,4511.1,4508.2,4509.2,192.0
2026-05-27 13:00:00,1779858000,4508.2,4512.7,4507.4,4512.4,190.0
2026-05-27 13:05:00,1779858300,4512.4,4512.4,4508.9,4509.8,107.0
2026-05-27 13:10:00,1779858600,4509.4,4509.6,4507.7,4507.7,77.0
2026-05-27 13:15:00,1779858900,4507.7,4507.7,4503.6,4504.8,259.0
2026-05-27 13:20:00,1779859200,4504.2,4506.1,4503.2,4505.2,217.0
2026-05-27 13:25:00,1779859500,4504.9,4507.4,4504.9,4506.9,90.0
2026-05-27 13:30:00,1779859800,4507.0,4507.6,4492.3,4495.5,792.0
2026-05-27 13:35:00,1779860100,4495.1,4500.0,4493.6,4498.4,257.0
2026-05-27 13:40:00,1779860400,4497.7,4498.8,4490.4,4492.0,577.0
2026-05-27 13:45:00,1779860700,4492.2,4496.5,4490.2,4496.3,339.0
2026-05-27 13:50:00,1779861000,4496.7,4500.5,4494.6,4497.5,318.0
2026-05-27 13:55:00,1779861300,4497.5,4498.6,4495.6,4496.6,142.0
2026-05-27 14:00:00,1779861600,4496.2,4497.8,4492.2,4494.0,242.0
2026-05-27 14:05:00,1779861900,4493.4,4497.7,4492.5,4496.5,221.0
2026-05-27 14:10:00,1779862200,4496.5,4497.1,4492.5,4493.1,172.0
2026-05-27 14:15:00,1779862500,4492.9,4494.6,4485.4,4488.4,640.0
2026-05-27 14:20:00,1779862800,4488.0,4489.5,4482.8,4486.0,538.0
2026-05-27 14:25:00,1779863100,4485.6,4488.0,4482.9,4485.6,319.0
2026-05-27 14:30:00,1779863400,4485.1,4485.3,4478.3,4482.8,597.0
2026-05-27 14:35:00,1779863700,4482.8,4484.8,4479.7,4482.7,203.0
2026-05-27 14:40:00,1779864000,4483.2,4486.8,4481.7,4486.6,256.0
2026-05-27 14:45:00,1779864300,4486.6,4489.3,4486.0,4487.4,201.0
2026-05-27 14:50:00,1779864600,4487.8,4488.5,4485.9,4486.9,163.0
2026-05-27 14:55:00,1779864900,4486.5,4486.6,4482.7,4484.4,267.0
2026-05-27 15:00:00,1779865200,4484.8,4487.9,4484.2,4485.1,177.0
2026-05-27 15:05:00,1779865500,4486.0,4487.9,4482.2,4483.8,175.0
2026-05-27 15:10:00,1779865800,4483.9,4484.0,4479.4,4479.4,229.0
2026-05-27 15:15:00,1779866100,4479.8,4484.3,4479.2,4483.0,271.0
2026-05-27 15:20:00,1779866400,4482.7,4488.4,4481.6,4485.5,237.0
2026-05-27 15:25:00,1779866700,4485.2,4486.5,4484.3,4485.4,154.0
2026-05-27 15:30:00,1779867000,4485.4,4487.9,4484.2,4484.9,153.0
2026-05-27 15:35:00,1779867300,4485.3,4485.3,4480.0,4482.2,182.0
2026-05-27 15:40:00,1779867600,4482.1,4483.8,4481.2,4481.7,73.0
2026-05-27 15:45:00,1779867900,4481.9,4483.1,4476.7,4478.4,220.0
2026-05-27 15:50:00,1779868200,4477.9,4479.1,4474.2,4477.5,309.0
2026-05-27 15:55:00,1779868500,4477.5,4480.8,4477.1,4480.6,147.0
2026-05-27 16:00:00,1779868800,4480.0,4487.8,4479.6,4485.0,333.0
2026-05-27 16:05:00,1779869100,4485.5,4486.2,4483.6,4485.3,126.0
2026-05-27 16:10:00,1779869400,4483.7,4485.5,4482.3,4484.7,67.0
2026-05-27 16:15:00,1779869700,4485.0,4489.4,4484.6,4488.6,142.0
2026-05-27 16:20:00,1779870000,4488.8,4491.1,4486.6,4489.1,144.0
2026-05-27 16:25:00,1779870300,4489.0,4489.7,4486.8,4487.9,80.0
2026-05-27 16:30:00,1779870600,4487.8,4488.2,4484.7,4487.2,145.0
2026-05-27 16:35:00,1779870900,4487.2,4491.2,4487.1,4490.9,139.0
2026-05-27 16:40:00,1779871200,4490.9,4495.2,4490.9,4494.1,301.0
2026-05-27 16:45:00,1779871500,4494.4,4495.4,4490.9,4494.5,250.0
2026-05-27 16:50:00,1779871800,4494.8,4496.8,4494.0,4495.9,126.0
2026-05-27 16:55:00,1779872100,4496.0,4496.0,4493.0,4495.9,150.0
2026-05-27 17:00:00,1779872400,4495.7,4495.8,4489.4,4490.5,274.0
2026-05-27 17:05:00,1779872700,4490.3,4490.8,4486.9,4487.7,161.0
2026-05-27 17:10:00,1779873000,4488.1,4491.6,4487.9,4490.4,99.0
2026-05-27 17:15:00,1779873300,4490.1,4493.6,4490.1,4492.6,157.0
2026-05-27 17:20:00,1779873600,4493.4,4493.4,4488.9,4489.4,106.0
2026-05-27 17:25:00,1779873900,4489.3,4490.0,4487.6,4487.9,125.0
2026-05-27 17:30:00,1779874200,4488.6,4489.2,4485.1,4489.0,205.0
2026-05-27 17:35:00,1779874500,4489.1,4490.8,4488.7,4490.7,84.0
2026-05-27 17:40:00,1779874800,4489.8,4490.3,4486.8,4487.7,77.0
2026-05-27 17:45:00,1779875100,4487.0,4488.4,4486.9,4488.1,62.0
2026-05-27 17:50:00,1779875400,4488.5,4491.6,4488.5,4490.9,67.0
2026-05-27 17:55:00,1779875700,4491.1,4492.0,4488.8,4489.1,86.0
2026-05-27 18:00:00,1779876000,4489.0,4489.4,4483.6,4485.4,256.0
2026-05-27 18:05:00,1779876300,4485.2,4487.6,4484.9,4485.7,80.0
2026-05-27 18:10:00,1779876600,4485.7,4486.3,4482.8,4483.9,147.0
2026-05-27 18:15:00,1779876900,4483.9,4484.9,4478.3,4478.3,259.0
2026-05-27 18:20:00,1779877200,4478.7,4479.9,4476.5,4477.9,350.0
2026-05-27 18:25:00,1779877500,4477.5,4478.8,4474.9,4475.6,263.0
2026-05-27 18:30:00,1779877800,4475.2,4475.9,4470.9,4472.8,465.0
2026-05-27 18:35:00,1779878100,4472.1,4473.8,4459.3,4461.3,663.0
2026-05-27 18:40:00,1779878400,4460.8,4467.7,4460.3,4463.1,425.0
2026-05-27 18:45:00,1779878700,4463.2,4464.8,4439.7,4445.2,1131.0
2026-05-27 18:50:00,1779879000,4445.3,4447.7,4439.8,4442.0,691.0
2026-05-27 18:55:00,1779879300,4442.6,4447.5,4439.8,4443.5,637.0
2026-05-27 19:00:00,1779879600,4444.1,4450.8,4443.0,4449.6,441.0
2026-05-27 19:05:00,1779879900,4449.8,4449.8,4443.9,4446.6,258.0
2026-05-27 19:10:00,1779880200,4446.7,4449.1,4440.6,4448.1,399.0
2026-05-27 19:15:00,1779880500,4448.8,4449.8,4445.1,4446.7,223.0
2026-05-27 19:20:00,1779880800,4446.5,4446.5,4437.4,4442.9,407.0
2026-05-27 19:25:00,1779881100,4443.6,4443.6,4436.5,4438.2,274.0
2026-05-27 19:30:00,1779881400,4438.4,4439.2,4429.8,4433.9,964.0
2026-05-27 19:35:00,1779881700,4434.5,4439.4,4431.6,4438.1,325.0
2026-05-27 19:40:00,1779882000,4438.2,4441.3,4435.8,4440.3,227.0
2026-05-27 19:45:00,1779882300,4441.1,4442.0,4436.1,4436.1,152.0
2026-05-27 19:50:00,1779882600,4436.8,4436.9,4430.5,4431.2,313.0
2026-05-27 19:55:00,1779882900,4430.8,4431.5,4422.1,4425.8,721.0
2026-05-27 20:00:00,1779883200,4425.9,4434.5,4425.7,4431.6,379.0
2026-05-27 20:05:00,1779883500,4431.7,4435.0,4429.2,4430.4,232.0
2026-05-27 20:10:00,1779883800,4429.8,4430.6,4426.2,4427.8,166.0
2026-05-27 20:15:00,1779884100,4427.7,4451.8,4424.8,4445.1,971.0
2026-05-27 20:20:00,1779884400,4444.8,4463.8,4439.3,4451.7,1197.0
2026-05-27 20:25:00,1779884700,4452.6,4458.0,4450.3,4452.2,434.0
2026-05-27 20:30:00,1779885000,4454.0,4457.3,4443.0,4445.0,542.0
2026-05-27 20:35:00,1779885300,4444.9,4451.1,4442.4,4450.2,359.0
2026-05-27 20:40:00,1779885600,4450.1,4450.2,4443.6,4444.3,219.0
2026-05-27 20:45:00,1779885900,4444.8,4446.0,4440.3,4443.1,302.0
2026-05-27 20:50:00,1779886200,4442.8,4444.8,4438.8,4444.2,410.0
2026-05-27 20:55:00,1779886500,4444.3,4444.3,4435.3,4436.6,402.0
2026-05-27 21:00:00,1779886800,4436.1,4437.0,4426.7,4430.2,839.0
2026-05-27 21:05:00,1779887100,4430.4,4430.4,4409.3,4412.1,1932.0
2026-05-27 21:10:00,1779887400,4412.0,4418.2,4408.6,4414.6,660.0
2026-05-27 21:15:00,1779887700,4414.2,4419.2,4407.5,4409.2,729.0
2026-05-27 21:20:00,1779888000,4409.3,4415.3,4403.8,4414.5,620.0
2026-05-27 21:25:00,1779888300,4414.6,4417.5,4398.4,4401.5,757.0
2026-05-27 21:30:00,1779888600,4401.2,4422.2,4400.5,4420.8,1080.0
2026-05-27 21:35:00,1779888900,4421.3,4423.8,4410.3,4416.4,1138.0
2026-05-27 21:40:00,1779889200,4416.0,4421.7,4414.0,4416.8,2380.0
2026-05-27 21:45:00,1779889500,4417.5,4426.7,4416.1,4419.0,985.0
2026-05-27 21:50:00,1779889800,4419.6,4432.5,4417.8,4423.8,739.0
2026-05-27 21:55:00,1779890100,4423.9,4426.4,4422.1,4424.7,492.0
2026-05-27 22:00:00,1779890400,4425.9,4437.2,4424.2,4437.0,757.0
2026-05-27 22:05:00,1779890700,4437.0,4447.0,4435.6,4442.9,1019.0
2026-05-27 22:10:00,1779891000,4443.2,4454.3,4441.6,4446.5,815.0
2026-05-27 22:15:00,1779891300,4446.9,4450.3,4445.2,4449.3,254.0
2026-05-27 22:20:00,1779891600,4449.1,4454.0,4441.5,4443.0,776.0
2026-05-27 22:25:00,1779891900,4442.9,4444.9,4438.7,4444.2,435.0
2026-05-27 22:30:00,1779892200,4443.5,4448.2,4434.0,4439.4,540.0
2026-05-27 22:35:00,1779892500,4440.0,4444.1,4438.3,4443.1,414.0
2026-05-27 22:40:00,1779892800,4442.6,4443.7,4438.2,4441.6,196.0
2026-05-27 22:45:00,1779893100,4441.6,4445.0,4436.6,4436.6,465.0
2026-05-27 22:50:00,1779893400,4436.9,4438.4,4435.2,4438.4,319.0
2026-05-27 22:55:00,1779893700,4438.0,4438.0,4431.9,4432.3,267.0
2026-05-27 23:00:00,1779894000,4432.1,4436.8,4428.7,4434.6,429.0
2026-05-27 23:05:00,1779894300,4434.9,4435.6,4427.1,4428.2,511.0
2026-05-27 23:10:00,1779894600,4427.8,4430.9,4426.7,4430.7,358.0
2026-05-27 23:15:00,1779894900,4430.6,4431.8,4428.2,4429.2,484.0
2026-05-27 23:20:00,1779895200,4429.6,4433.0,4428.4,4431.9,389.0
2026-05-27 23:25:00,1779895500,4431.8,4434.6,4431.1,4434.6,176.0
2026-05-27 23:30:00,1779895800,4435.0,4440.3,4434.4,4436.8,643.0
2026-05-27 23:35:00,1779896100,4436.9,4439.3,4435.9,4438.9,230.0
2026-05-27 23:40:00,1779896400,4439.1,4439.8,4431.6,4432.4,298.0
2026-05-27 23:45:00,1779896700,4432.7,4437.1,4429.6,4431.6,274.0
2026-05-27 23:50:00,1779897000,4431.6,4433.8,4429.4,4432.2,269.0
2026-05-27 23:55:00,1779897300,4432.6,4435.7,4431.2,4435.1,199.0
2026-05-28 00:00:00,1779897600,4434.8,4440.8,4433.7,4436.4,422.0
2026-05-28 00:05:00,1779897900,4435.7,4436.7,4432.5,4435.2,158.0
2026-05-28 00:10:00,1779898200,4435.7,4439.6,4435.4,4438.7,186.0
2026-05-28 00:15:00,1779898500,4439.0,4441.8,4438.5,4440.5,153.0
2026-05-28 00:20:00,1779898800,4440.5,4442.8,4440.3,4442.8,165.0
2026-05-28 00:25:00,1779899100,4443.0,4446.3,4443.0,4445.8,207.0
2026-05-28 00:30:00,1779899400,4445.1,4448.3,4443.6,4446.8,224.0
2026-05-28 00:35:00,1779899700,4447.6,4449.7,4447.4,4448.5,260.0
2026-05-28 00:40:00,1779900000,4448.4,4452.0,4448.1,4449.1,324.0
2026-05-28 00:45:00,1779900300,4449.2,4451.3,4447.9,4450.2,279.0
2026-05-28 00:50:00,1779900600,4450.9,4451.4,4448.5,4448.9,200.0
2026-05-28 00:55:00,1779900900,4448.8,4450.0,4447.8,4449.3,159.0
2026-05-28 01:00:00,1779901200,4449.6,4449.6,4445.5,4447.7,270.0
2026-05-28 01:05:00,1779901500,4447.9,4450.0,4440.6,4441.3,457.0
2026-05-28 01:10:00,1779901800,4441.4,4444.0,4439.7,4442.2,298.0
2026-05-28 01:15:00,1779902100,4442.8,4445.8,4441.8,4445.1,246.0
2026-05-28 01:20:00,1779902400,4444.8,4446.3,4444.1,4444.6,211.0
2026-05-28 01:25:00,1779902700,4444.6,4449.7,4443.5,4448.1,352.0
2026-05-28 01:30:00,1779903000,4448.5,4452.0,4448.5,4450.4,366.0
2026-05-28 01:35:00,1779903300,4450.6,4453.1,4449.9,4450.1,127.0
2026-05-28 01:40:00,1779903600,4449.6,4450.4,4448.7,4449.0,260.0
2026-05-28 01:45:00,1779903900,4449.1,4450.2,4448.5,4449.2,61.0
2026-05-28 01:50:00,1779904200,4449.2,4452.3,4449.1,4451.5,130.0
2026-05-28 01:55:00,1779904500,4451.3,4452.9,4448.6,4448.6,201.0
2026-05-28 02:00:00,1779904800,4448.3,4450.6,4447.3,4448.0,156.0
2026-05-28 02:05:00,1779905100,4447.9,4448.6,4446.0,4446.2,203.0
2026-05-28 02:10:00,1779905400,4447.1,4448.4,4446.7,4448.2,52.0
2026-05-28 02:15:00,1779905700,4448.2,4451.4,4448.2,4451.3,98.0
2026-05-28 02:20:00,1779906000,4451.9,4457.0,4451.9,4453.6,386.0
2026-05-28 02:25:00,1779906300,4453.9,4454.4,4452.6,4454.0,170.0
2026-05-28 02:30:00,1779906600,4454.6,4454.9,4450.8,4451.1,194.0
2026-05-28 02:35:00,1779906900,4451.0,4451.6,4450.0,4451.4,139.0
2026-05-28 02:40:00,1779907200,4452.3,4452.4,4451.3,4451.5,64.0
2026-05-28 02:45:00,1779907500,4451.5,4452.1,4450.9,4451.6,85.0
2026-05-28 02:50:00,1779907800,4452.0,4452.0,4450.4,4450.9,78.0
2026-05-28 02:55:00,1779908100,4451.0,4453.5,4450.6,4452.4,167.0
2026-05-28 03:00:00,1779908400,4453.0,4453.4,4450.2,4450.7,132.0
2026-05-28 03:05:00,1779908700,4450.7,4451.9,4450.1,4451.4,86.0
2026-05-28 03:10:00,1779909000,4451.3,4451.3,4448.8,4450.4,145.0
2026-05-28 03:15:00,1779909300,4450.1,4450.7,4447.9,4447.9,112.0
2026-05-28 03:20:00,1779909600,4448.8,4452.7,4448.6,4451.8,119.0
2026-05-28 03:25:00,1779909900,4451.6,4451.6,4448.9,4449.7,111.0
2026-05-28 03:30:00,1779910200,4449.7,4452.0,4448.1,4451.2,116.0
2026-05-28 03:35:00,1779910500,4451.2,4453.6,4450.7,4453.4,77.0
2026-05-28 03:40:00,1779910800,4453.4,4453.4,4451.6,4452.4,44.0
2026-05-28 03:45:00,1779911100,4452.2,4452.2,4450.5,4450.7,37.0
2026-05-28 03:50:00,1779911400,4450.5,4451.5,4449.4,4449.4,81.0
2026-05-28 03:55:00,1779911700,4449.4,4450.0,4447.7,4450.0,194.0
2026-05-28 04:00:00,1779912000,4449.7,4452.4,4448.6,4451.0,86.0
2026-05-28 04:05:00,1779912300,4450.4,4452.2,4450.0,4451.5,83.0
2026-05-28 04:10:00,1779912600,4451.8,4453.9,4451.1,4453.9,65.0
2026-05-28 04:15:00,1779912900,4454.0,4457.4,4454.0,4456.4,93.0
2026-05-28 04:20:00,1779913200,4456.9,4456.9,4454.8,4455.2,51.0
2026-05-28 04:25:00,1779913500,4454.8,4454.8,4453.1,4453.7,24.0
2026-05-28 04:30:00,1779913800,4453.7,4454.4,4453.1,4453.3,30.0
2026-05-28 04:35:00,1779914100,4452.7,4452.7,4451.1,4451.3,31.0
2026-05-28 04:40:00,1779914400,4450.3,4452.8,4449.9,4452.4,81.0
2026-05-28 04:45:00,1779914700,4452.4,4453.2,4451.0,4453.2,146.0
2026-05-28 04:50:00,1779915000,4452.7,4453.8,4452.5,4453.8,12.0
2026-05-28 04:55:00,1779915300,4453.6,4455.2,4453.5,4455.2,110.0
2026-05-28 06:00:00,1779919200,4487.7,4502.4,4479.1,4486.9,1080.0
2026-05-28 06:05:00,1779919500,4487.1,4492.7,4486.0,4489.3,512.0
2026-05-28 06:10:00,1779919800,4489.4,4491.0,4487.4,4488.2,391.0
2026-05-28 06:15:00,1779920100,4488.1,4491.2,4487.0,4490.2,258.0
2026-05-28 06:20:00,1779920400,4490.1,4492.5,4488.1,4491.4,335.0
2026-05-28 06:25:00,1779920700,4491.1,4492.4,4490.2,4490.3,297.0
2026-05-28 06:30:00,1779921000,4490.1,4490.4,4485.2,4487.7,696.0
2026-05-28 06:35:00,1779921300,4488.0,4492.3,4488.0,4491.8,426.0
2026-05-28 06:40:00,1779921600,4492.0,4493.0,4488.5,4488.8,428.0
2026-05-28 06:45:00,1779921900,4488.7,4489.2,4486.6,4486.8,222.0
2026-05-28 06:50:00,1779922200,4487.3,4488.7,4485.9,4487.2,212.0
2026-05-28 06:55:00,1779922500,4487.4,4488.4,4487.0,4488.1,202.0
2026-05-28 07:00:00,1779922800,4487.7,4488.5,4485.6,4487.2,253.0
2026-05-28 07:05:00,1779923100,4486.9,4487.2,4481.9,4483.4,566.0
2026-05-28 07:10:00,1779923400,4483.2,4484.9,4482.0,4483.8,325.0
2026-05-28 07:15:00,1779923700,4484.2,4485.7,4481.4,4484.3,467.0
2026-05-28 07:20:00,1779924000,4484.5,4485.6,4479.7,4482.7,612.0
2026-05-28 07:25:00,1779924300,4482.1,4482.8,4479.3,4481.1,484.0
2026-05-28 07:30:00,1779924600,4481.1,4482.1,4479.7,4480.3,463.0
2026-05-28 07:35:00,1779924900,4480.4,4484.4,4480.3,4483.7,379.0
2026-05-28 07:40:00,1779925200,4483.8,4484.4,4481.3,4481.3,478.0
2026-05-28 07:45:00,1779925500,4481.1,4481.1,4476.7,4478.8,1129.0
2026-05-28 07:50:00,1779925800,4479.1,4479.5,4474.2,4477.3,1047.0
2026-05-28 07:55:00,1779926100,4476.6,4480.8,4476.5,4477.5,514.0
2026-05-28 08:00:00,1779926400,4477.8,4483.5,4475.6,4480.2,864.0
2026-05-28 08:05:00,1779926700,4480.1,4481.1,4476.3,4480.0,547.0
2026-05-28 08:10:00,1779927000,4480.0,4480.9,4475.0,4475.2,393.0
2026-05-28 08:15:00,1779927300,4475.4,4484.9,4474.6,4483.3,818.0
2026-05-28 08:20:00,1779927600,4483.3,4484.5,4474.9,4476.9,919.0
2026-05-28 08:25:00,1779927900,4476.7,4478.9,4474.8,4477.2,579.0
2026-05-28 08:30:00,1779928200,4477.2,4480.9,4473.9,4480.4,1103.0
2026-05-28 08:35:00,1779928500,4480.3,4483.3,4479.6,4481.4,537.0
2026-05-28 08:40:00,1779928800,4481.0,4483.8,4480.7,4482.8,537.0
2026-05-28 08:45:00,1779929100,4482.7,4486.0,4482.4,4484.2,823.0
2026-05-28 08:50:00,1779929400,4484.6,4485.0,4482.1,4482.2,305.0
2026-05-28 08:55:00,1779929700,4482.1,4488.6,4481.0,4487.6,915.0
2026-05-28 09:00:00,1779930000,4487.6,4489.7,4476.1,4476.3,1950.0
2026-05-28 09:05:00,1779930300,4476.1,4478.6,4472.9,4475.0,1303.0
2026-05-28 09:10:00,1779930600,4474.8,4476.8,4467.7,4468.7,1738.0
2026-05-28 09:15:00,1779930900,4468.6,4470.9,4462.0,4464.0,2074.0
2026-05-28 09:20:00,1779931200,4463.9,4465.6,4457.1,4461.9,1982.0
2026-05-28 09:25:00,1779931500,4461.1,4462.0,4447.6,4449.9,3069.0
2026-05-28 09:30:00,1779931800,4449.8,4456.3,4447.5,4455.8,1879.0
2026-05-28 09:35:00,1779932100,4455.9,4457.4,4451.2,4453.1,1315.0
2026-05-28 09:40:00,1779932400,4453.4,4453.7,4446.1,4448.1,1834.0
2026-05-28 09:45:00,1779932700,4448.0,4450.9,4446.6,4448.5,1190.0
2026-05-28 09:50:00,1779933000,4448.0,4450.5,4437.8,4439.5,2605.0
2026-05-28 09:55:00,1779933300,4439.6,4441.7,4437.3,4440.6,1252.0
2026-05-28 10:00:00,1779933600,4440.5,4443.3,4433.3,4434.7,2479.0
2026-05-28 10:05:00,1779933900,4434.3,4439.5,4432.7,4437.9,1239.0
2026-05-28 10:10:00,1779934200,4438.6,4439.1,4427.0,4433.4,2594.0
2026-05-28 10:15:00,1779934500,4433.6,4436.7,4432.9,4434.7,1130.0
2026-05-28 10:20:00,1779934800,4434.9,4437.0,4430.1,4436.2,1189.0
2026-05-28 10:25:00,1779935100,4436.3,4438.9,4435.9,4436.7,946.0
2026-05-28 10:30:00,1779935400,4436.7,4441.0,4434.4,4439.5,1642.0
2026-05-28 10:35:00,1779935700,4439.6,4440.0,4436.3,4437.4,701.0
2026-05-28 10:40:00,1779936000,4437.2,4438.9,4431.1,4432.4,1083.0
2026-05-28 10:45:00,1779936300,4432.8,4432.8,4423.9,4426.3,2246.0
2026-05-28 10:50:00,1779936600,4426.2,4428.7,4423.5,4425.5,1117.0
2026-05-28 10:55:00,1779936900,4425.8,4429.2,4422.7,4424.6,1374.0
2026-05-28 11:00:00,1779937200,4424.4,4426.8,4420.3,4425.6,1713.0
2026-05-28 11:05:00,1779937500,4425.6,4428.2,4424.3,4426.6,1056.0
2026-05-28 11:10:00,1779937800,4426.6,4427.6,4421.6,4424.1,1002.0
2026-05-28 11:15:00,1779938100,4424.1,4424.7,4412.5,4414.3,2864.0
2026-05-28 11:20:00,1779938400,4414.4,4417.9,4411.8,4416.7,1704.0
2026-05-28 11:25:00,1779938700,4416.5,4418.3,4412.7,4417.5,1139.0
2026-05-28 11:30:00,1779939000,4417.7,4417.8,4409.1,4409.9,1883.0
2026-05-28 11:35:00,1779939300,4409.6,4409.9,4400.2,4403.9,3011.0
2026-05-28 11:40:00,1779939600,4403.9,4407.8,4401.6,4406.5,1828.0
2026-05-28 11:45:00,1779939900,4406.3,4409.1,4402.1,4404.7,1166.0
2026-05-28 11:50:00,1779940200,4404.8,4406.3,4401.6,4405.2,964.0
2026-05-28 11:55:00,1779940500,4405.0,4406.7,4398.1,4404.8,2011.0
2026-05-28 12:00:00,1779940800,4404.4,4407.5,4399.1,4404.9,1296.0
2026-05-28 12:05:00,1779941100,4404.8,4411.6,4403.5,4410.7,1482.0
2026-05-28 12:10:00,1779941400,4410.9,4411.3,4404.8,4406.0,986.0
2026-05-28 12:15:00,1779941700,4405.8,4407.0,4398.5,4399.1,1118.0
2026-05-28 12:20:00,1779942000,4399.0,4402.8,4395.8,4401.0,1581.0
2026-05-28 12:25:00,1779942300,4400.8,4401.6,4396.7,4398.0,826.0
2026-05-28 12:30:00,1779942600,4398.2,4402.3,4398.0,4401.3,609.0
2026-05-28 12:35:00,1779942900,4401.0,4403.4,4399.8,4401.8,685.0
2026-05-28 12:40:00,1779943200,4402.1,4404.6,4400.4,4403.5,825.0
2026-05-28 12:45:00,1779943500,4403.1,4404.6,4398.4,4399.0,773.0
2026-05-28 12:50:00,1779943800,4399.1,4402.0,4397.3,4400.2,881.0
2026-05-28 12:55:00,1779944100,4400.3,4403.9,4400.3,4402.0,668.0
2026-05-28 13:00:00,1779944400,4402.3,4403.2,4396.1,4399.2,1300.0
2026-05-28 13:05:00,1779944700,4399.0,4403.3,4397.1,4401.0,836.0
2026-05-28 13:10:00,1779945000,4400.9,4406.4,4400.5,4404.3,852.0
2026-05-28 13:15:00,1779945300,4404.1,4405.2,4400.6,4403.4,701.0
2026-05-28 13:20:00,1779945600,4402.9,4406.5,4400.7,4405.9,607.0
2026-05-28 13:25:00,1779945900,4405.9,4408.8,4405.4,4407.4,861.0
2026-05-28 13:30:00,1779946200,4407.6,4416.7,4403.7,4415.7,2634.0
2026-05-28 13:35:00,1779946500,4415.4,4420.1,4415.3,4419.9,1451.0
2026-05-28 13:40:00,1779946800,4420.2,4422.5,4418.0,4418.2,1638.0
2026-05-28 13:45:00,1779947100,4418.5,4423.9,4418.5,4421.2,1181.0
2026-05-28 13:50:00,1779947400,4421.4,4425.2,4419.8,4422.2,916.0
2026-05-28 13:55:00,1779947700,4422.3,4422.5,4416.8,4417.3,1073.0
2026-05-28 14:00:00,1779948000,4417.3,4419.7,4414.8,4416.9,1369.0
2026-05-28 14:05:00,1779948300,4416.8,4417.2,4408.0,4409.4,1617.0
2026-05-28 14:10:00,1779948600,4409.4,4411.0,4403.6,4405.3,1609.0
2026-05-28 14:15:00,1779948900,4405.6,4410.0,4403.8,4409.0,991.0
2026-05-28 14:20:00,1779949200,4409.2,4414.4,4409.0,4412.0,1216.0
2026-05-28 14:25:00,1779949500,4411.5,4414.4,4409.4,4410.0,689.0
2026-05-28 14:30:00,1779949800,4409.9,4414.7,4408.5,4413.0,741.0
2026-05-28 14:35:00,1779950100,4412.9,4415.0,4411.3,4411.5,551.0
2026-05-28 14:40:00,1779950400,4411.5,4413.4,4406.5,4410.0,672.0
2026-05-28 14:45:00,1779950700,4409.9,4414.3,4408.9,4413.0,760.0
2026-05-28 14:50:00,1779951000,4412.8,4413.7,4410.6,4412.5,437.0
2026-05-28 14:55:00,1779951300,4412.6,4414.4,4411.4,4413.4,325.0
2026-05-28 15:00:00,1779951600,4413.5,4419.4,4413.5,4417.0,1298.0
2026-05-28 15:05:00,1779951900,4416.8,4422.1,4416.5,4421.9,1012.0
2026-05-28 15:10:00,1779952200,4421.7,4421.7,4416.5,4418.5,716.0
2026-05-28 15:15:00,1779952500,4418.6,4425.1,4415.8,4424.1,1106.0
2026-05-28 15:20:00,1779952800,4423.9,4426.1,4422.8,4424.0,1049.0
2026-05-28 15:25:00,1779953100,4424.1,4425.9,4421.2,4422.1,966.0
2026-05-28 15:30:00,1779953400,4422.4,4423.5,4418.7,4418.9,869.0
2026-05-28 15:35:00,1779953700,4419.3,4422.3,4418.1,4418.8,752.0
2026-05-28 15:40:00,1779954000,4418.7,4419.6,4415.1,4419.1,959.0
2026-05-28 15:45:00,1779954300,4419.3,4420.7,4415.9,4417.6,729.0
2026-05-28 15:50:00,1779954600,4417.7,4419.1,4412.4,4415.1,1173.0
2026-05-28 15:55:00,1779954900,4415.3,4418.7,4413.2,4417.5,690.0
2026-05-28 16:00:00,1779955200,4417.2,4422.9,4415.9,4417.1,1108.0
2026-05-28 16:05:00,1779955500,4417.2,4423.3,4416.0,4422.9,669.0
2026-05-28 16:10:00,1779955800,4423.4,4424.6,4421.1,4422.8,522.0
2026-05-28 16:15:00,1779956100,4422.8,4424.3,4420.5,4421.5,488.0
2026-05-28 16:20:00,1779956400,4421.2,4424.0,4420.8,4422.1,530.0
2026-05-28 16:25:00,1779956700,4422.4,4423.0,4417.0,4419.0,592.0
2026-05-28 16:30:00,1779957000,4419.1,4421.7,4415.6,4421.7,610.0
2026-05-28 16:35:00,1779957300,4421.8,4424.8,4419.7,4421.7,557.0
2026-05-28 16:40:00,1779957600,4421.5,4423.1,4419.0,4419.8,576.0
2026-05-28 16:45:00,1779957900,4419.8,4420.9,4416.8,4420.7,517.0
2026-05-28 16:50:00,1779958200,4420.8,4421.7,4418.0,4418.2,404.0
2026-05-28 16:55:00,1779958500,4417.8,4418.6,4415.5,4416.6,388.0
2026-05-28 17:00:00,1779958800,4416.4,4420.9,4415.9,4419.1,601.0
2026-05-28 17:05:00,1779959100,4419.1,4421.5,4417.9,4419.5,544.0
2026-05-28 17:10:00,1779959400,4419.6,4420.4,4416.5,4419.2,540.0
2026-05-28 17:15:00,1779959700,4419.1,4422.0,4418.3,4420.1,482.0
2026-05-28 17:20:00,1779960000,4419.9,4429.1,4419.7,4425.2,1339.0
2026-05-28 17:25:00,1779960300,4425.2,4427.7,4423.5,4426.4,728.0
2026-05-28 17:30:00,1779960600,4426.2,4427.0,4421.7,4422.9,1223.0
2026-05-28 17:35:00,1779960900,4423.2,4426.0,4421.8,4422.7,610.0
2026-05-28 17:40:00,1779961200,4422.8,4423.5,4420.2,4421.1,463.0
2026-05-28 17:45:00,1779961500,4421.4,4423.8,4419.7,4423.3,438.0
2026-05-28 17:50:00,1779961800,4423.1,4426.6,4422.5,4424.8,677.0
2026-05-28 17:55:00,1779962100,4424.7,4426.4,4423.1,4423.9,390.0
2026-05-28 18:00:00,1779962400,4424.0,4425.2,4421.9,4423.5,434.0
2026-05-28 18:05:00,1779962700,4424.1,4432.0,4423.7,4431.9,1310.0
2026-05-28 18:10:00,1779963000,4431.8,4434.5,4428.8,4429.7,1084.0
2026-05-28 18:15:00,1779963300,4429.7,4431.0,4428.1,4429.5,359.0
2026-05-28 18:20:00,1779963600,4429.5,4429.7,4423.9,4426.0,670.0
2026-05-28 18:25:00,1779963900,4425.8,4432.7,4425.8,4431.4,861.0
2026-05-28 18:30:00,1779964200,4431.3,4432.7,4428.4,4428.9,504.0
2026-05-28 18:35:00,1779964500,4429.1,4430.1,4427.4,4428.4,387.0
2026-05-28 18:40:00,1779964800,4428.6,4428.7,4417.8,4419.0,1285.0
2026-05-28 18:45:00,1779965100,4419.1,4419.2,4410.0,4411.0,1729.0
2026-05-28 18:50:00,1779965400,4410.8,4415.8,4405.3,4412.4,2681.0
2026-05-28 18:55:00,1779965700,4412.6,4417.6,4412.4,4413.7,1078.0
2026-05-28 19:00:00,1779966000,4413.1,4419.2,4411.8,4418.6,1264.0
2026-05-28 19:05:00,1779966300,4418.7,4419.6,4415.7,4417.0,628.0
2026-05-28 19:10:00,1779966600,4417.1,4418.9,4415.8,4417.3,431.0
2026-05-28 19:15:00,1779966900,4417.0,4421.0,4417.0,4419.6,544.0
2026-05-28 19:20:00,1779967200,4419.6,4420.4,4415.8,4417.7,800.0
2026-05-28 19:25:00,1779967500,4417.7,4419.4,4414.4,4415.0,602.0
2026-05-28 19:30:00,1779967800,4415.2,4417.2,4411.0,4416.6,948.0
2026-05-28 19:35:00,1779968100,4416.7,4420.8,4415.9,4418.4,978.0
2026-05-28 19:40:00,1779968400,4418.5,4420.6,4415.1,4416.0,787.0
2026-05-28 19:45:00,1779968700,4416.1,4416.5,4412.8,4413.5,597.0
2026-05-28 19:50:00,1779969000,4413.6,4414.6,4410.9,4413.8,1083.0
2026-05-28 19:55:00,1779969300,4413.3,4418.8,4413.2,4418.1,730.0
2026-05-28 20:00:00,1779969600,4418.0,4421.6,4417.9,4420.3,910.0
2026-05-28 20:05:00,1779969900,4420.4,4423.6,4419.9,4421.8,908.0
2026-05-28 20:10:00,1779970200,4421.7,4423.0,4418.5,4422.7,838.0
2026-05-28 20:15:00,1779970500,4422.7,4423.1,4417.6,4418.6,794.0
2026-05-28 20:20:00,1779970800,4418.9,4420.0,4409.6,4411.0,2211.0
2026-05-28 20:25:00,1779971100,4411.5,4416.9,4411.0,4415.2,933.0
2026-05-28 20:30:00,1779971400,4415.0,4425.0,4413.3,4422.4,2881.0
2026-05-28 20:35:00,1779971700,4422.6,4432.7,4421.5,4428.9,3236.0
2026-05-28 20:40:00,1779972000,4429.2,4433.5,4427.7,4432.8,1694.0
2026-05-28 20:45:00,1779972300,4432.7,4440.9,4431.8,4440.2,2957.0
2026-05-28 20:50:00,1779972600,4440.0,4451.7,4439.3,4450.7,4151.0
2026-05-28 20:55:00,1779972900,4450.8,4464.4,4450.5,4462.0,5391.0
2026-05-28 21:00:00,1779973200,4462.2,4466.6,4458.5,4462.4,5053.0
2026-05-28 21:05:00,1779973500,4462.6,4469.2,4455.9,4456.1,3902.0
2026-05-28 21:10:00,1779973800,4456.4,4462.1,4455.0,4456.8,2417.0
2026-05-28 21:15:00,1779974100,4457.0,4462.3,4455.8,4461.8,1847.0
2026-05-28 21:20:00,1779974400,4461.8,4464.8,4457.6,4459.0,1997.0
2026-05-28 21:25:00,1779974700,4459.0,4463.3,4458.0,4458.8,1654.0
2026-05-28 21:30:00,1779975000,4459.0,4461.1,4448.4,4449.1,4283.0
2026-05-28 21:35:00,1779975300,4449.0,4456.7,4448.0,4455.0,2913.0
2026-05-28 21:40:00,1779975600,4454.8,4456.1,4449.6,4452.6,2144.0
2026-05-28 21:45:00,1779975900,4452.3,4460.7,4451.4,4455.8,2478.0
2026-05-28 21:50:00,1779976200,4455.6,4464.5,4455.6,4460.7,2933.0
2026-05-28 21:55:00,1779976500,4460.7,4462.3,4456.2,4460.6,1647.0
2026-05-28 22:00:00,1779976800,4460.3,4463.5,4450.5,4454.3,4247.0
2026-05-28 22:05:00,1779977100,4454.6,4473.3,4454.3,4469.2,4166.0
2026-05-28 22:10:00,1779977400,4469.6,4498.6,4462.6,4495.0,10926.0
2026-05-28 22:15:00,1779977700,4494.7,4504.8,4482.1,4495.3,7971.0
2026-05-28 22:20:00,1779978000,4495.2,4498.0,4483.8,4492.3,4165.0
2026-05-28 22:25:00,1779978300,4492.1,4496.0,4489.4,4491.8,2430.0
2026-05-28 22:30:00,1779978600,4491.8,4498.9,4486.7,4487.1,3200.0
2026-05-28 22:35:00,1779978900,4487.4,4491.0,4483.2,4490.0,2689.0
2026-05-28 22:40:00,1779979200,4490.1,4502.2,4489.0,4499.6,3144.0
2026-05-28 22:45:00,1779979500,4499.7,4511.3,4496.5,4498.5,7201.0
2026-05-28 22:50:00,1779979800,4498.7,4506.8,4497.1,4501.0,2336.0
2026-05-28 22:55:00,1779980100,4501.2,4501.5,4492.3,4500.3,2664.0
2026-05-28 23:00:00,1779980400,4500.5,4507.7,4499.2,4505.7,1947.0
2026-05-28 23:05:00,1779980700,4505.9,4511.7,4503.0,4504.1,2337.0
2026-05-28 23:10:00,1779981000,4504.3,4505.1,4500.8,4502.0,1432.0
2026-05-28 23:15:00,1779981300,4501.9,4504.7,4501.0,4502.8,860.0
2026-05-28 23:20:00,1779981600,4503.0,4507.4,4499.6,4506.5,1560.0
2026-05-28 23:25:00,1779981900,4506.8,4513.0,4505.5,4507.0,1993.0
2026-05-28 23:30:00,1779982200,4506.9,4511.7,4506.9,4511.2,1466.0
2026-05-28 23:35:00,1779982500,4511.2,4515.4,4508.5,4508.5,2323.0
2026-05-28 23:40:00,1779982800,4508.8,4511.4,4507.3,4509.7,1302.0
2026-05-28 23:45:00,1779983100,4509.8,4513.0,4509.0,4510.0,925.0
2026-05-28 23:50:00,1779983400,4510.3,4512.8,4509.8,4510.7,727.0
2026-05-28 23:55:00,1779983700,4510.3,4512.8,4508.8,4512.8,900.0
2026-05-29 00:00:00,1779984000,4512.9,4514.1,4507.6,4510.8,1717.0
2026-05-29 00:05:00,1779984300,4511.3,4516.6,4510.9,4511.8,1456.0
2026-05-29 00:10:00,1779984600,4511.8,4516.1,4511.8,4514.8,873.0
2026-05-29 00:15:00,1779984900,4515.0,4528.4,4514.0,4527.7,3940.0
2026-05-29 00:20:00,1779985200,4527.6,4533.5,4525.1,4532.7,3444.0
2026-05-29 00:25:00,1779985500,4532.8,4533.6,4529.4,4530.9,1749.0
2026-05-29 00:30:00,1779985800,4531.4,4533.1,4528.1,4529.4,1659.0
2026-05-29 00:35:00,1779986100,4529.2,4533.8,4528.1,4530.1,1352.0
2026-05-29 00:40:00,1779986400,4530.0,4537.1,4529.6,4535.3,1723.0
2026-05-29 00:45:00,1779986700,4534.9,4539.1,4534.9,4535.6,1617.0
2026-05-29 00:50:00,1779987000,4535.9,4540.7,4535.1,4538.8,1582.0
2026-05-29 00:55:00,1779987300,4538.9,4541.9,4538.6,4541.6,1082.0
2026-05-29 01:00:00,1779987600,4541.9,4546.4,4540.1,4541.0,2244.0
2026-05-29 01:05:00,1779987900,4540.9,4541.0,4536.4,4540.5,1560.0
2026-05-29 01:10:00,1779988200,4540.6,4541.2,4534.1,4534.4,1224.0
2026-05-29 01:15:00,1779988500,4534.6,4537.5,4534.0,4535.1,929.0
2026-05-29 01:20:00,1779988800,4534.9,4536.3,4532.9,4535.6,1165.0
2026-05-29 01:25:00,1779989100,4535.7,4536.8,4531.5,4532.4,1635.0
2026-05-29 01:30:00,1779989400,4532.6,4537.7,4532.6,4535.6,911.0
2026-05-29 01:35:00,1779989700,4535.4,4536.3,4534.2,4536.1,399.0
2026-05-29 01:40:00,1779990000,4536.3,4537.7,4534.9,4535.5,397.0
2026-05-29 01:45:00,1779990300,4535.6,4539.6,4535.1,4538.7,1047.0
2026-05-29 01:50:00,1779990600,4538.8,4539.2,4537.2,4537.6,428.0
2026-05-29 01:55:00,1779990900,4537.8,4540.3,4537.8,4539.4,618.0
2026-05-29 02:00:00,1779991200,4539.2,4547.4,4539.1,4543.5,1966.0
2026-05-29 02:05:00,1779991500,4543.3,4544.2,4539.7,4540.1,865.0
2026-05-29 02:10:00,1779991800,4540.0,4540.1,4536.5,4537.9,794.0
2026-05-29 02:15:00,1779992100,4537.8,4543.9,4535.7,4540.2,1386.0
2026-05-29 02:20:00,1779992400,4540.1,4541.6,4538.2,4538.6,610.0
2026-05-29 02:25:00,1779992700,4538.5,4538.7,4535.8,4537.0,752.0
2026-05-29 02:30:00,1779993000,4537.1,4537.2,4532.1,4532.8,1209.0
2026-05-29 02:35:00,1779993300,4532.7,4534.6,4531.5,4532.7,984.0
2026-05-29 02:40:00,1779993600,4532.6,4533.8,4531.8,4532.5,619.0
2026-05-29 02:45:00,1779993900,4532.7,4533.2,4529.2,4530.1,920.0
2026-05-29 02:50:00,1779994200,4530.0,4534.6,4529.6,4533.8,709.0
2026-05-29 02:55:00,1779994500,4533.8,4534.2,4531.5,4532.2,530.0
2026-05-29 03:00:00,1779994800,4532.1,4534.6,4530.6,4532.7,696.0
2026-05-29 03:05:00,1779995100,4532.8,4533.3,4529.4,4529.6,376.0
2026-05-29 03:10:00,1779995400,4529.8,4532.7,4529.2,4530.5,442.0
2026-05-29 03:15:00,1779995700,4530.3,4532.4,4530.3,4531.8,373.0
2026-05-29 03:20:00,1779996000,4531.8,4534.0,4531.4,4533.3,295.0
2026-05-29 03:25:00,1779996300,4533.3,4533.3,4530.8,4530.8,462.0
2026-05-29 03:30:00,1779996600,4530.9,4533.3,4530.8,4532.0,516.0
2026-05-29 03:35:00,1779996900,4532.2,4532.7,4530.4,4531.9,340.0
2026-05-29 03:40:00,1779997200,4531.8,4532.2,4529.8,4530.2,325.0
2026-05-29 03:45:00,1779997500,4530.4,4531.4,4528.7,4529.6,460.0
2026-05-29 03:50:00,1779997800,4529.5,4530.9,4528.4,4529.6,646.0
2026-05-29 03:55:00,1779998100,4529.6,4530.4,4527.9,4528.7,862.0
2026-05-29 04:00:00,1779998400,4528.7,4529.1,4526.3,4526.9,791.0
2026-05-29 04:05:00,1779998700,4526.7,4528.2,4525.7,4527.0,308.0
2026-05-29 04:10:00,1779999000,4527.0,4529.6,4526.7,4527.8,310.0
2026-05-29 04:15:00,1779999300,4527.8,4531.6,4527.1,4528.3,665.0
2026-05-29 04:20:00,1779999600,4528.5,4529.7,4527.9,4528.5,183.0
2026-05-29 04:25:00,1779999900,4528.6,4530.4,4527.7,4530.1,305.0
2026-05-29 04:30:00,1780000200,4530.0,4531.7,4528.9,4531.1,355.0
2026-05-29 04:35:00,1780000500,4531.0,4531.0,4527.3,4527.3,352.0
2026-05-29 04:40:00,1780000800,4527.2,4528.1,4525.9,4526.6,750.0
2026-05-29 04:45:00,1780001100,4526.5,4527.6,4525.9,4527.2,395.0
2026-05-29 04:50:00,1780001400,4527.0,4527.3,4525.9,4526.9,273.0
2026-05-29 04:55:00,1780001700,4527.1,4527.7,4526.5,4527.3,322.0
2026-05-29 06:00:00,1780005600,4527.7,4530.9,4526.1,4528.1,479.0
2026-05-29 06:05:00,1780005900,4528.2,4529.1,4522.1,4524.1,617.0
2026-05-29 06:10:00,1780006200,4524.1,4526.2,4522.9,4524.3,471.0
2026-05-29 06:15:00,1780006500,4524.1,4525.6,4523.8,4524.0,203.0
2026-05-29 06:20:00,1780006800,4524.0,4525.5,4523.5,4524.2,232.0
2026-05-29 06:25:00,1780007100,4524.2,4527.7,4523.5,4526.3,271.0
2026-05-29 06:30:00,1780007400,4526.6,4527.3,4524.2,4524.5,207.0
2026-05-29 06:35:00,1780007700,4524.7,4525.8,4523.5,4525.2,199.0
2026-05-29 06:40:00,1780008000,4524.8,4527.1,4524.1,4526.3,176.0
2026-05-29 06:45:00,1780008300,4526.3,4527.1,4525.3,4525.4,158.0
2026-05-29 06:50:00,1780008600,4525.4,4525.6,4523.0,4524.5,278.0
2026-05-29 06:55:00,1780008900,4524.4,4525.1,4521.2,4521.6,329.0
2026-05-29 07:00:00,1780009200,4521.8,4526.4,4521.6,4526.1,532.0
2026-05-29 07:05:00,1780009500,4526.3,4526.8,4524.8,4525.2,273.0
2026-05-29 07:10:00,1780009800,4525.0,4525.8,4525.0,4525.3,74.0
2026-05-29 07:15:00,1780010100,4525.6,4528.6,4525.6,4526.8,488.0
2026-05-29 07:20:00,1780010400,4526.7,4526.8,4524.6,4525.5,266.0
2026-05-29 07:25:00,1780010700,4525.3,4525.4,4522.3,4523.1,303.0
2026-05-29 07:30:00,1780011000,4522.9,4525.5,4521.8,4524.7,484.0
2026-05-29 07:35:00,1780011300,4524.9,4525.4,4522.7,4522.7,519.0
2026-05-29 07:40:00,1780011600,4522.8,4522.9,4519.1,4520.3,721.0
2026-05-29 07:45:00,1780011900,4520.4,4522.0,4519.5,4521.1,562.0
2026-05-29 07:50:00,1780012200,4521.3,4525.1,4520.9,4523.0,517.0
2026-05-29 07:55:00,1780012500,4522.9,4527.0,4522.4,4525.6,724.0
2026-05-29 08:00:00,1780012800,4525.9,4529.9,4522.9,4525.6,1458.0
2026-05-29 08:05:00,1780013100,4525.6,4527.1,4522.6,4525.3,653.0
2026-05-29 08:10:00,1780013400,4525.5,4528.8,4523.0,4528.1,936.0
2026-05-29 08:15:00,1780013700,4528.0,4530.8,4527.1,4530.0,864.0
2026-05-29 08:20:00,1780014000,4530.0,4531.4,4526.2,4528.1,765.0
2026-05-29 08:25:00,1780014300,4528.0,4531.2,4526.6,4530.3,681.0
2026-05-29 08:30:00,1780014600,4530.4,4530.8,4525.2,4525.2,958.0
2026-05-29 08:35:00,1780014900,4525.3,4526.9,4523.4,4524.4,653.0
2026-05-29 08:40:00,1780015200,4524.5,4529.2,4524.4,4528.9,590.0
2026-05-29 08:45:00,1780015500,4528.6,4528.8,4523.3,4525.5,611.0
2026-05-29 08:50:00,1780015800,4525.5,4527.0,4523.9,4524.3,379.0
2026-05-29 08:55:00,1780016100,4524.3,4526.5,4523.6,4526.4,391.0
2026-05-29 09:00:00,1780016400,4526.5,4534.3,4521.7,4531.2,2904.0
2026-05-29 09:05:00,1780016700,4531.0,4540.0,4529.2,4539.4,1646.0
2026-05-29 09:10:00,1780017000,4539.3,4545.7,4538.5,4545.2,1902.0
2026-05-29 09:15:00,1780017300,4545.3,4551.3,4544.7,4548.8,2602.0
2026-05-29 09:20:00,1780017600,4549.0,4550.9,4543.0,4543.0,1401.0
2026-05-29 09:25:00,1780017900,4543.0,4543.7,4535.5,4535.7,1677.0
2026-05-29 09:30:00,1780018200,4535.5,4536.3,4532.7,4534.2,1317.0
2026-05-29 09:35:00,1780018500,4534.2,4538.7,4533.2,4537.0,1182.0
2026-05-29 09:40:00,1780018800,4537.3,4538.7,4535.6,4536.4,821.0
2026-05-29 09:45:00,1780019100,4536.5,4536.9,4531.7,4532.0,930.0
2026-05-29 09:50:00,1780019400,4532.0,4536.7,4531.0,4536.3,670.0
2026-05-29 09:55:00,1780019700,4536.1,4538.2,4533.9,4536.8,648.0
2026-05-29 10:00:00,1780020000,4536.7,4541.2,4536.3,4541.1,983.0
2026-05-29 10:05:00,1780020300,4541.0,4541.5,4535.0,4536.1,714.0
2026-05-29 10:10:00,1780020600,4535.9,4538.4,4534.3,4537.2,628.0
2026-05-29 10:15:00,1780020900,4537.0,4539.3,4535.3,4535.9,693.0
2026-05-29 10:20:00,1780021200,4536.3,4536.3,4533.1,4534.5,696.0
2026-05-29 10:25:00,1780021500,4534.5,4535.1,4531.6,4533.4,358.0
2026-05-29 10:30:00,1780021800,4533.4,4535.3,4528.2,4534.2,1528.0
2026-05-29 10:35:00,1780022100,4534.1,4537.3,4533.3,4536.5,472.0
2026-05-29 10:40:00,1780022400,4536.7,4538.3,4535.0,4535.4,605.0
2026-05-29 10:45:00,1780022700,4535.0,4538.5,4535.0,4537.0,284.0
2026-05-29 10:50:00,1780023000,4536.7,4536.7,4532.0,4533.3,665.0
2026-05-29 10:55:00,1780023300,4533.2,4535.6,4531.3,4532.1,427.0
2026-05-29 11:00:00,1780023600,4532.1,4532.3,4528.9,4531.7,802.0
2026-05-29 11:05:00,1780023900,4531.7,4531.7,4526.8,4528.1,977.0
2026-05-29 11:10:00,1780024200,4528.6,4529.0,4525.0,4526.7,1019.0
2026-05-29 11:15:00,1780024500,4527.0,4528.2,4525.3,4526.8,593.0
2026-05-29 11:20:00,1780024800,4526.8,4529.8,4526.8,4528.8,595.0
2026-05-29 11:25:00,1780025100,4528.5,4529.0,4525.7,4527.1,509.0
2026-05-29 11:30:00,1780025400,4527.5,4528.7,4527.1,4527.8,285.0
2026-05-29 11:35:00,1780025700,4527.7,4528.5,4525.2,4526.7,525.0
2026-05-29 11:40:00,1780026000,4526.9,4529.9,4526.9,4528.7,479.0
2026-05-29 11:45:00,1780026300,4528.5,4530.6,4528.4,4530.6,435.0
2026-05-29 11:50:00,1780026600,4530.4,4531.3,4526.7,4530.3,513.0
2026-05-29 11:55:00,1780026900,4530.1,4532.2,4529.2,4531.4,539.0
2026-05-29 12:00:00,1780027200,4531.4,4537.5,4531.2,4533.1,1021.0
2026-05-29 12:05:00,1780027500,4533.0,4534.3,4531.9,4533.6,270.0
2026-05-29 12:10:00,1780027800,4533.7,4534.0,4532.0,4532.8,151.0
2026-05-29 12:15:00,1780028100,4532.8,4535.5,4532.2,4535.0,383.0
2026-05-29 12:20:00,1780028400,4535.0,4542.7,4534.3,4541.2,994.0
2026-05-29 12:25:00,1780028700,4541.3,4542.5,4539.5,4539.7,645.0
2026-05-29 12:30:00,1780029000,4540.0,4541.3,4538.9,4539.7,469.0
2026-05-29 12:35:00,1780029300,4539.8,4541.7,4538.5,4540.3,542.0
2026-05-29 12:40:00,1780029600,4540.4,4541.5,4539.7,4541.4,364.0
2026-05-29 12:45:00,1780029900,4541.5,4542.2,4539.1,4539.9,423.0
2026-05-29 12:50:00,1780030200,4539.9,4540.9,4538.8,4540.0,483.0
2026-05-29 12:55:00,1780030500,4540.2,4545.6,4539.5,4544.9,677.0
2026-05-29 13:00:00,1780030800,4544.7,4546.4,4540.0,4540.5,711.0
2026-05-29 13:05:00,1780031100,4540.4,4541.8,4540.1,4541.0,356.0
2026-05-29 13:10:00,1780031400,4540.8,4543.3,4539.5,4543.1,373.0
2026-05-29 13:15:00,1780031700,4542.5,4543.1,4541.4,4542.5,207.0
2026-05-29 13:20:00,1780032000,4542.7,4543.0,4540.6,4540.7,193.0
2026-05-29 13:25:00,1780032300,4541.1,4541.5,4540.4,4540.7,185.0
2026-05-29 13:30:00,1780032600,4540.6,4543.6,4537.2,4539.3,1260.0
2026-05-29 13:35:00,1780032900,4539.0,4539.0,4533.1,4534.2,892.0
2026-05-29 13:40:00,1780033200,4534.2,4538.7,4533.1,4537.5,669.0
2026-05-29 13:45:00,1780033500,4537.2,4539.4,4536.0,4536.4,656.0
2026-05-29 13:50:00,1780033800,4536.5,4547.0,4534.7,4546.1,1269.0
2026-05-29 13:55:00,1780034100,4546.0,4546.5,4541.5,4545.9,1075.0
2026-05-29 14:00:00,1780034400,4546.0,4553.7,4545.1,4550.2,2372.0
2026-05-29 14:05:00,1780034700,4550.2,4551.1,4544.8,4545.1,947.0
2026-05-29 14:10:00,1780035000,4545.0,4547.0,4541.9,4546.6,843.0
2026-05-29 14:15:00,1780035300,4546.2,4546.6,4540.2,4542.0,634.0
2026-05-29 14:20:00,1780035600,4542.3,4550.8,4542.0,4549.5,877.0
2026-05-29 14:25:00,1780035900,4549.3,4552.2,4547.0,4547.3,1015.0
2026-05-29 14:30:00,1780036200,4547.4,4551.6,4547.3,4548.5,612.0
2026-05-29 14:35:00,1780036500,4548.5,4549.7,4544.5,4545.5,658.0
2026-05-29 14:40:00,1780036800,4546.1,4547.8,4541.8,4547.2,747.0
2026-05-29 14:45:00,1780037100,4547.3,4550.3,4546.1,4548.3,538.0
2026-05-29 14:50:00,1780037400,4548.6,4554.0,4547.5,4552.9,810.0
2026-05-29 14:55:00,1780037700,4552.6,4554.9,4552.5,4554.5,759.0
2026-05-29 15:00:00,1780038000,4554.3,4554.8,4549.6,4549.6,909.0
2026-05-29 15:05:00,1780038300,4549.5,4551.5,4548.5,4549.9,685.0
2026-05-29 15:10:00,1780038600,4550.1,4551.5,4546.6,4546.8,626.0
2026-05-29 15:15:00,1780038900,4546.6,4547.7,4544.9,4546.1,694.0
2026-05-29 15:20:00,1780039200,4546.0,4546.6,4542.3,4542.3,649.0
2026-05-29 15:25:00,1780039500,4542.3,4544.8,4541.2,4544.8,801.0
2026-05-29 15:30:00,1780039800,4544.4,4551.7,4543.4,4551.1,1298.0
2026-05-29 15:35:00,1780040100,4551.3,4556.0,4550.8,4553.2,1721.0
2026-05-29 15:40:00,1780040400,4553.1,4557.2,4551.7,4556.3,1082.0
2026-05-29 15:45:00,1780040700,4556.1,4557.2,4554.0,4555.5,935.0
2026-05-29 15:50:00,1780041000,4554.9,4556.2,4552.5,4553.8,754.0
2026-05-29 15:55:00,1780041300,4553.7,4556.3,4553.5,4555.4,389.0
2026-05-29 16:00:00,1780041600,4555.2,4555.6,4549.3,4549.8,1157.0
2026-05-29 16:05:00,1780041900,4549.7,4551.5,4546.3,4546.8,919.0
2026-05-29 16:10:00,1780042200,4546.7,4549.8,4544.9,4545.7,678.0
2026-05-29 16:15:00,1780042500,4545.7,4547.1,4543.6,4544.0,711.0
2026-05-29 16:20:00,1780042800,4543.8,4547.9,4543.2,4546.1,882.0
2026-05-29 16:25:00,1780043100,4546.2,4548.7,4544.9,4548.1,568.0
2026-05-29 16:30:00,1780043400,4547.7,4548.7,4545.5,4545.8,358.0
2026-05-29 16:35:00,1780043700,4545.8,4547.0,4544.4,4545.4,599.0
2026-05-29 16:40:00,1780044000,4545.5,4546.5,4544.6,4545.3,377.0
2026-05-29 16:45:00,1780044300,4545.1,4546.9,4541.2,4541.5,741.0
2026-05-29 16:50:00,1780044600,4541.7,4545.6,4540.0,4544.1,754.0
2026-05-29 16:55:00,1780044900,4544.0,4545.4,4543.2,4544.8,272.0
2026-05-29 17:00:00,1780045200,4545.2,4550.1,4543.3,4549.1,1052.0
2026-05-29 17:05:00,1780045500,4549.1,4554.5,4547.7,4553.9,776.0
2026-05-29 17:10:00,1780045800,4553.8,4561.4,4553.5,4559.8,1828.0
2026-05-29 17:15:00,1780046100,4559.9,4560.4,4557.8,4558.6,1063.0
2026-05-29 17:20:00,1780046400,4558.5,4559.1,4552.8,4553.3,889.0
2026-05-29 17:25:00,1780046700,4553.5,4563.2,4553.0,4559.8,1098.0
2026-05-29 17:30:00,1780047000,4559.5,4561.5,4555.0,4559.4,1635.0
2026-05-29 17:35:00,1780047300,4559.2,4561.5,4557.2,4559.5,552.0
2026-05-29 17:40:00,1780047600,4559.6,4563.7,4559.0,4563.2,738.0
2026-05-29 17:45:00,1780047900,4563.4,4568.9,4562.8,4568.2,1761.0
2026-05-29 17:50:00,1780048200,4568.5,4571.1,4562.3,4563.7,1287.0
2026-05-29 17:55:00,1780048500,4563.5,4564.5,4560.5,4562.1,495.0
2026-05-29 18:00:00,1780048800,4562.1,4562.4,4556.5,4557.1,782.0
2026-05-29 18:05:00,1780049100,4556.9,4559.7,4556.7,4557.3,457.0
2026-05-29 18:10:00,1780049400,4557.5,4559.9,4557.0,4559.6,376.0
2026-05-29 18:15:00,1780049700,4559.5,4561.5,4556.5,4557.6,561.0
2026-05-29 18:20:00,1780050000,4557.9,4558.9,4556.8,4558.6,248.0
2026-05-29 18:25:00,1780050300,4558.5,4562.1,4558.5,4561.3,401.0
2026-05-29 18:30:00,1780050600,4561.6,4570.4,4561.3,4570.0,1439.0
2026-05-29 18:35:00,1780050900,4569.8,4574.7,4569.2,4572.6,1157.0
2026-05-29 18:40:00,1780051200,4572.7,4573.2,4567.3,4569.0,758.0
2026-05-29 18:45:00,1780051500,4569.0,4572.1,4567.3,4568.4,714.0
2026-05-29 18:50:00,1780051800,4568.4,4570.2,4567.6,4567.8,381.0
2026-05-29 18:55:00,1780052100,4567.6,4569.8,4566.2,4569.5,579.0
2026-05-29 19:00:00,1780052400,4569.5,4571.9,4566.7,4567.0,721.0
2026-05-29 19:05:00,1780052700,4566.9,4568.0,4563.2,4563.7,749.0
2026-05-29 19:10:00,1780053000,4563.4,4564.5,4561.8,4563.5,736.0
2026-05-29 19:15:00,1780053300,4563.4,4563.9,4560.3,4562.8,934.0
2026-05-29 19:20:00,1780053600,4562.7,4565.6,4561.1,4562.1,930.0
2026-05-29 19:25:00,1780053900,4562.4,4563.2,4557.8,4559.1,1004.0
2026-05-29 19:30:00,1780054200,4559.1,4559.7,4556.8,4558.1,507.0
2026-05-29 19:35:00,1780054500,4557.9,4559.8,4557.1,4559.0,532.0
2026-05-29 19:40:00,1780054800,4559.0,4562.4,4558.9,4562.0,687.0
2026-05-29 19:45:00,1780055100,4562.1,4565.0,4559.8,4560.1,667.0
2026-05-29 19:50:00,1780055400,4560.1,4566.3,4558.0,4564.8,1745.0
2026-05-29 19:55:00,1780055700,4564.9,4569.7,4564.3,4569.2,1008.0
2026-05-29 20:00:00,1780056000,4569.2,4569.5,4558.8,4559.9,1561.0
2026-05-29 20:05:00,1780056300,4559.5,4561.4,4557.9,4560.8,888.0
2026-05-29 20:10:00,1780056600,4560.8,4563.0,4557.5,4559.4,947.0
2026-05-29 20:15:00,1780056900,4559.1,4562.6,4558.3,4561.1,663.0
2026-05-29 20:20:00,1780057200,4561.0,4561.1,4550.3,4554.1,2559.0
2026-05-29 20:25:00,1780057500,4554.1,4555.2,4551.1,4553.1,952.0
2026-05-29 20:30:00,1780057800,4553.0,4554.4,4544.8,4548.0,3014.0
2026-05-29 20:35:00,1780058100,4547.9,4549.6,4546.0,4548.3,1184.0
2026-05-29 20:40:00,1780058400,4547.9,4548.5,4543.6,4545.3,1092.0
2026-05-29 20:45:00,1780058700,4545.2,4548.9,4543.2,4546.3,1380.0
2026-05-29 20:50:00,1780059000,4546.1,4551.7,4544.9,4549.5,1557.0
2026-05-29 20:55:00,1780059300,4549.2,4554.9,4547.2,4553.9,1338.0
2026-05-29 21:00:00,1780059600,4553.7,4556.5,4547.4,4554.7,2752.0
2026-05-29 21:05:00,1780059900,4554.8,4557.6,4550.8,4556.2,1747.0
2026-05-29 21:10:00,1780060200,4556.2,4556.2,4551.3,4553.4,1129.0
2026-05-29 21:15:00,1780060500,4553.6,4555.2,4552.0,4553.2,834.0
2026-05-29 21:20:00,1780060800,4553.3,4559.8,4553.0,4557.0,1360.0
2026-05-29 21:25:00,1780061100,4557.2,4559.2,4556.2,4558.7,859.0
2026-05-29 21:30:00,1780061400,4559.0,4563.0,4555.4,4555.7,2629.0
2026-05-29 21:35:00,1780061700,4555.4,4563.9,4552.9,4562.2,2727.0
2026-05-29 21:40:00,1780062000,4562.2,4566.1,4560.8,4563.5,1764.0
2026-05-29 21:45:00,1780062300,4563.8,4567.3,4559.7,4566.3,1493.0
2026-05-29 21:50:00,1780062600,4566.6,4569.8,4562.3,4569.0,1877.0
2026-05-29 21:55:00,1780062900,4568.7,4571.2,4565.7,4567.3,2029.0
2026-05-29 22:00:00,1780063200,4567.5,4580.4,4565.4,4578.6,5553.0
2026-05-29 22:05:00,1780063500,4578.9,4583.7,4577.0,4582.0,3546.0
2026-05-29 22:10:00,1780063800,4581.9,4583.8,4574.7,4574.9,2757.0
2026-05-29 22:15:00,1780064100,4575.0,4576.3,4568.9,4569.0,2772.0
2026-05-29 22:20:00,1780064400,4569.0,4571.8,4561.8,4562.2,2617.0
2026-05-29 22:25:00,1780064700,4562.2,4564.3,4556.9,4561.0,3292.0
2026-05-29 22:30:00,1780065000,4560.7,4567.6,4556.0,4567.5,2633.0
2026-05-29 22:35:00,1780065300,4567.4,4567.8,4561.8,4562.7,1654.0
2026-05-29 22:40:00,1780065600,4563.3,4573.1,4563.3,4571.3,2004.0
2026-05-29 22:45:00,1780065900,4571.5,4572.2,4567.7,4570.7,1296.0
2026-05-29 22:50:00,1780066200,4571.1,4600.8,4570.9,4588.5,7890.0
2026-05-29 22:55:00,1780066500,4588.5,4603.3,4587.2,4595.1,4226.0
2026-05-29 23:00:00,1780066800,4595.7,4610.1,4595.5,4609.6,5210.0
2026-05-29 23:05:00,1780067100,4609.5,4621.5,4604.4,4619.4,6603.0
2026-05-29 23:10:00,1780067400,4619.6,4627.3,4617.2,4621.5,5130.0
2026-05-29 23:15:00,1780067700,4621.9,4623.3,4617.6,4620.2,3430.0
2026-05-29 23:20:00,1780068000,4620.2,4620.7,4612.8,4616.2,3018.0
2026-05-29 23:25:00,1780068300,4616.4,4617.2,4609.2,4609.6,2068.0
2026-05-29 23:30:00,1780068600,4609.5,4614.7,4609.2,4609.4,1792.0
2026-05-29 23:35:00,1780068900,4609.2,4612.2,4602.5,4604.1,2837.0
2026-05-29 23:40:00,1780069200,4604.4,4606.5,4592.1,4597.9,3976.0
2026-05-29 23:45:00,1780069500,4597.7,4600.5,4587.4,4595.8,2983.0
2026-05-29 23:50:00,1780069800,4596.0,4601.4,4594.0,4599.8,1734.0
2026-05-29 23:55:00,1780070100,4599.7,4602.6,4599.1,4602.1,1003.0
2026-05-30 00:00:00,1780070400,4602.1,4603.2,4598.2,4598.7,1556.0
2026-05-30 00:05:00,1780070700,4598.9,4599.7,4594.5,4595.2,1325.0
2026-05-30 00:10:00,1780071000,4595.2,4596.0,4590.6,4594.5,1335.0
2026-05-30 00:15:00,1780071300,4594.2,4599.1,4593.4,4595.9,1065.0
2026-05-30 00:20:00,1780071600,4595.9,4597.8,4594.4,4595.2,618.0
2026-05-30 00:25:00,1780071900,4594.9,4594.9,4591.0,4593.8,797.0
2026-05-30 00:30:00,1780072200,4593.9,4601.1,4592.5,4600.0,1890.0
2026-05-30 00:35:00,1780072500,4599.9,4604.6,4598.8,4603.1,1488.0
2026-05-30 00:40:00,1780072800,4602.8,4603.9,4599.6,4600.5,698.0
2026-05-30 00:45:00,1780073100,4600.3,4600.4,4595.3,4595.6,1034.0
2026-05-30 00:50:00,1780073400,4595.5,4596.7,4591.5,4596.0,1094.0
2026-05-30 00:55:00,1780073700,4596.0,4598.3,4593.1,4597.5,564.0
2026-05-30 01:00:00,1780074000,4597.9,4598.9,4594.7,4594.9,742.0
2026-05-30 01:05:00,1780074300,4595.0,4599.3,4593.8,4598.6,584.0
2026-05-30 01:10:00,1780074600,4598.5,4599.2,4594.5,4595.0,495.0
2026-05-30 01:15:00,1780074900,4594.9,4597.8,4594.6,4596.3,467.0
2026-05-30 01:20:00,1780075200,4596.5,4598.0,4590.8,4596.3,1388.0
2026-05-30 01:25:00,1780075500,4596.5,4596.6,4592.0,4592.6,1018.0
2026-05-30 01:30:00,1780075800,4592.7,4593.1,4588.5,4592.3,1153.0
2026-05-30 01:35:00,1780076100,4592.1,4592.8,4589.2,4589.8,617.0
2026-05-30 01:40:00,1780076400,4589.7,4590.8,4584.0,4585.0,1353.0
2026-05-30 01:45:00,1780076700,4585.1,4588.7,4583.9,4587.1,889.0
2026-05-30 01:50:00,1780077000,4587.0,4587.3,4583.2,4584.6,652.0
2026-05-30 01:55:00,1780077300,4584.5,4585.2,4582.4,4584.5,760.0
2026-05-30 02:00:00,1780077600,4584.2,4588.3,4583.2,4588.3,837.0
2026-05-30 02:05:00,1780077900,4588.4,4589.7,4586.5,4588.8,712.0
2026-05-30 02:10:00,1780078200,4589.0,4589.5,4587.1,4589.1,432.0
2026-05-30 02:15:00,1780078500,4588.9,4590.1,4586.3,4589.6,645.0
2026-05-30 02:20:00,1780078800,4589.7,4590.9,4588.4,4589.6,454.0
2026-05-30 02:25:00,1780079100,4589.7,4591.5,4588.8,4590.5,529.0
2026-05-30 02:30:00,1780079400,4590.5,4592.4,4590.5,4592.0,414.0
2026-05-30 02:35:00,1780079700,4592.0,4592.7,4590.7,4590.9,254.0
2026-05-30 02:40:00,1780080000,4591.0,4591.3,4588.5,4589.2,444.0
2026-05-30 02:45:00,1780080300,4588.9,4588.9,4581.4,4584.2,1410.0
2026-05-30 02:50:00,1780080600,4584.0,4586.0,4582.9,4585.8,437.0
2026-05-30 02:55:00,1780080900,4585.3,4588.3,4584.1,4584.5,477.0
2026-05-30 03:00:00,1780081200,4584.4,4586.4,4583.5,4585.7,575.0
2026-05-30 03:05:00,1780081500,4586.0,4589.9,4585.9,4589.9,377.0
2026-05-30 03:10:00,1780081800,4589.8,4591.7,4589.0,4589.7,627.0
2026-05-30 03:15:00,1780082100,4589.5,4590.4,4587.8,4588.9,394.0
2026-05-30 03:20:00,1780082400,4588.8,4589.3,4587.0,4587.8,248.0
2026-05-30 03:25:00,1780082700,4588.0,4588.4,4585.8,4586.5,342.0
2026-05-30 03:30:00,1780083000,4586.4,4587.7,4584.3,4584.6,480.0
2026-05-30 03:35:00,1780083300,4584.9,4585.3,4582.9,4583.8,404.0
2026-05-30 03:40:00,1780083600,4583.6,4585.2,4582.2,4582.8,434.0
2026-05-30 03:45:00,1780083900,4582.7,4582.8,4579.5,4579.9,751.0
2026-05-30 03:50:00,1780084200,4579.9,4580.8,4576.6,4577.7,1025.0
2026-05-30 03:55:00,1780084500,4578.0,4580.0,4574.2,4577.2,1032.0
2026-05-30 04:00:00,1780084800,4577.0,4578.8,4574.0,4575.8,696.0
2026-05-30 04:05:00,1780085100,4575.9,4577.7,4574.7,4577.1,320.0
2026-05-30 04:10:00,1780085400,4577.2,4581.1,4576.6,4580.0,457.0
2026-05-30 04:15:00,1780085700,4580.2,4580.3,4576.8,4577.2,242.0
2026-05-30 04:20:00,1780086000,4577.2,4577.2,4575.6,4576.5,263.0
2026-05-30 04:25:00,1780086300,4576.4,4576.6,4573.4,4574.3,273.0
2026-05-30 04:30:00,1780086600,4574.0,4574.9,4573.2,4574.6,315.0
2026-05-30 04:35:00,1780086900,4574.5,4575.0,4573.4,4574.4,217.0
2026-05-30 04:40:00,1780087200,4574.2,4575.8,4572.5,4575.2,473.0
2026-05-30 04:45:00,1780087500,4575.0,4575.3,4573.2,4573.4,242.0
2026-05-30 04:50:00,1780087800,4573.2,4574.6,4570.9,4571.3,443.0
2026-05-30 04:55:00,1780088100,4571.2,4572.8,4566.2,4569.7,743.0
2026-06-01 06:00:00,1780264800,4574.5,4584.6,4548.1,4551.7,2746.0
2026-06-01 06:05:00,1780265100,4551.0,4557.9,4550.0,4556.5,1262.0
2026-06-01 06:10:00,1780265400,4556.0,4565.9,4554.1,4565.2,1316.0
2026-06-01 06:15:00,1780265700,4565.0,4567.4,4561.8,4567.2,897.0
2026-06-01 06:20:00,1780266000,4567.2,4567.2,4561.7,4563.8,674.0
2026-06-01 06:25:00,1780266300,4563.9,4564.9,4562.2,4563.6,361.0
2026-06-01 06:30:00,1780266600,4563.6,4567.2,4563.3,4566.2,525.0
2026-06-01 06:35:00,1780266900,4566.0,4567.0,4562.2,4562.2,520.0
2026-06-01 06:40:00,1780267200,4562.5,4566.2,4560.7,4566.1,651.0
2026-06-01 06:45:00,1780267500,4566.1,4571.3,4566.0,4568.9,950.0
2026-06-01 06:50:00,1780267800,4568.8,4569.9,4565.3,4565.6,567.0
2026-06-01 06:55:00,1780268100,4565.8,4568.7,4565.8,4565.8,332.0
2026-06-01 07:00:00,1780268400,4566.0,4571.0,4565.8,4570.3,469.0
2026-06-01 07:05:00,1780268700,4570.3,4572.6,4569.3,4572.4,499.0
2026-06-01 07:10:00,1780269000,4572.1,4574.1,4570.6,4573.2,430.0
2026-06-01 07:15:00,1780269300,4573.4,4574.4,4571.9,4572.8,578.0
2026-06-01 07:20:00,1780269600,4572.9,4574.4,4570.5,4572.5,754.0
2026-06-01 07:25:00,1780269900,4572.6,4576.3,4572.4,4575.7,788.0
2026-06-01 07:30:00,1780270200,4575.6,4576.9,4569.9,4570.1,986.0
2026-06-01 07:35:00,1780270500,4570.3,4572.5,4568.8,4571.5,755.0
2026-06-01 07:40:00,1780270800,4571.5,4573.6,4571.2,4572.4,396.0
2026-06-01 07:45:00,1780271100,4572.4,4573.5,4568.8,4571.8,755.0
2026-06-01 07:50:00,1780271400,4571.9,4575.8,4571.1,4575.1,662.0
2026-06-01 07:55:00,1780271700,4575.1,4575.8,4570.2,4570.3,627.0
2026-06-01 08:00:00,1780272000,4570.4,4577.4,4568.1,4575.6,1082.0
2026-06-01 08:05:00,1780272300,4575.6,4576.0,4571.5,4571.6,680.0
2026-06-01 08:10:00,1780272600,4571.7,4574.6,4570.0,4571.7,574.0
2026-06-01 08:15:00,1780272900,4571.5,4574.7,4568.5,4569.3,598.0
2026-06-01 08:20:00,1780273200,4569.1,4572.5,4568.8,4571.4,675.0
2026-06-01 08:25:00,1780273500,4571.2,4575.4,4570.3,4573.9,563.0
2026-06-01 08:30:00,1780273800,4573.8,4575.7,4566.5,4568.8,1053.0
2026-06-01 08:35:00,1780274100,4568.9,4569.6,4565.7,4567.5,875.0
2026-06-01 08:40:00,1780274400,4567.4,4568.0,4565.8,4566.3,469.0
2026-06-01 08:45:00,1780274700,4566.3,4572.6,4566.3,4572.2,877.0
2026-06-01 08:50:00,1780275000,4572.2,4573.5,4568.6,4569.9,694.0
2026-06-01 08:55:00,1780275300,4569.6,4572.7,4568.0,4571.3,827.0
2026-06-01 09:00:00,1780275600,4571.3,4572.4,4562.3,4565.3,2065.0
2026-06-01 09:05:00,1780275900,4564.9,4566.4,4558.0,4560.0,1597.0
2026-06-01 09:10:00,1780276200,4559.6,4565.2,4556.5,4565.0,1461.0
2026-06-01 09:15:00,1780276500,4564.9,4565.5,4560.7,4560.8,799.0
2026-06-01 09:20:00,1780276800,4561.2,4567.7,4560.6,4563.2,1088.0
2026-06-01 09:25:00,1780277100,4563.2,4564.0,4558.9,4559.6,934.0
2026-06-01 09:30:00,1780277400,4559.7,4564.0,4557.8,4564.0,962.0
2026-06-01 09:35:00,1780277700,4563.6,4564.3,4558.9,4560.7,533.0
2026-06-01 09:40:00,1780278000,4560.8,4565.2,4559.4,4564.2,706.0
2026-06-01 09:45:00,1780278300,4564.2,4564.6,4558.2,4559.6,671.0
2026-06-01 09:50:00,1780278600,4559.8,4562.1,4558.6,4560.7,633.0
2026-06-01 09:55:00,1780278900,4560.6,4560.8,4554.5,4556.2,1237.0
2026-06-01 10:00:00,1780279200,4556.2,4558.7,4555.1,4556.0,670.0
2026-06-01 10:05:00,1780279500,4556.0,4563.0,4555.7,4559.6,949.0
2026-06-01 10:10:00,1780279800,4559.8,4564.9,4559.3,4562.8,797.0
2026-06-01 10:15:00,1780280100,4563.1,4565.5,4562.4,4562.8,708.0
2026-06-01 10:20:00,1780280400,4563.3,4563.8,4561.1,4562.5,505.0
2026-06-01 10:25:00,1780280700,4562.4,4562.7,4560.3,4561.2,259.0
2026-06-01 10:30:00,1780281000,4561.3,4561.4,4553.4,4558.0,1396.0
2026-06-01 10:35:00,1780281300,4558.0,4561.8,4557.7,4559.0,578.0
2026-06-01 10:40:00,1780281600,4559.1,4559.1,4552.6,4553.3,924.0
2026-06-01 10:45:00,1780281900,4553.3,4555.7,4552.2,4554.0,785.0
2026-06-01 10:50:00,1780282200,4554.1,4554.6,4552.3,4552.8,544.0
2026-06-01 10:55:00,1780282500,4552.6,4554.2,4551.6,4552.1,589.0
2026-06-01 11:00:00,1780282800,4551.8,4556.2,4551.8,4555.2,790.0
2026-06-01 11:05:00,1780283100,4555.2,4555.4,4547.6,4548.1,1488.0
2026-06-01 11:10:00,1780283400,4548.0,4551.2,4545.9,4549.3,1127.0
2026-06-01 11:15:00,1780283700,4549.1,4550.6,4543.7,4550.0,1364.0
2026-06-01 11:20:00,1780284000,4550.0,4551.0,4547.8,4549.3,597.0
2026-06-01 11:25:00,1780284300,4549.1,4552.0,4548.6,4550.9,484.0
2026-06-01 11:30:00,1780284600,4550.9,4554.8,4550.4,4552.2,756.0
2026-06-01 11:35:00,1780284900,4551.9,4552.2,4544.8,4545.9,804.0
2026-06-01 11:40:00,1780285200,4545.8,4546.3,4540.3,4541.1,1262.0
2026-06-01 11:45:00,1780285500,4541.1,4543.9,4540.4,4543.3,791.0
2026-06-01 11:50:00,1780285800,4543.3,4544.7,4542.1,4543.7,393.0
2026-06-01 11:55:00,1780286100,4543.5,4546.8,4542.5,4546.8,483.0
2026-06-01 12:00:00,1780286400,4546.8,4550.2,4546.0,4546.7,881.0
2026-06-01 12:05:00,1780286700,4546.7,4547.7,4544.1,4544.7,681.0
2026-06-01 12:10:00,1780287000,4544.5,4545.6,4542.9,4545.2,508.0
2026-06-01 12:15:00,1780287300,4545.3,4549.0,4545.3,4547.0,550.0
2026-06-01 12:20:00,1780287600,4547.2,4548.0,4546.4,4547.6,238.0
2026-06-01 12:25:00,1780287900,4547.8,4548.0,4545.5,4546.1,336.0
2026-06-01 12:30:00,1780288200,4546.3,4547.0,4544.4,4544.7,277.0
2026-06-01 12:35:00,1780288500,4544.7,4546.0,4543.8,4545.3,314.0
2026-06-01 12:40:00,1780288800,4545.3,4547.7,4544.8,4545.1,462.0
2026-06-01 12:45:00,1780289100,4545.1,4545.1,4537.7,4540.9,1140.0
2026-06-01 12:50:00,1780289400,4540.8,4544.7,4540.1,4544.4,715.0
2026-06-01 12:55:00,1780289700,4544.3,4545.5,4542.6,4544.5,477.0
2026-06-01 13:00:00,1780290000,4544.8,4546.7,4543.8,4546.5,457.0
2026-06-01 13:05:00,1780290300,4546.0,4548.1,4545.9,4546.6,405.0
2026-06-01 13:10:00,1780290600,4546.4,4549.7,4545.5,4548.3,561.0
2026-06-01 13:15:00,1780290900,4548.6,4552.4,4547.7,4552.0,613.0
2026-06-01 13:20:00,1780291200,4551.8,4553.2,4550.0,4552.6,596.0
2026-06-01 13:25:00,1780291500,4552.4,4553.8,4550.4,4550.7,610.0
2026-06-01 13:30:00,1780291800,4550.5,4552.3,4542.9,4543.9,1088.0
2026-06-01 13:35:00,1780292100,4543.8,4552.3,4543.6,4550.3,881.0
2026-06-01 13:40:00,1780292400,4550.3,4551.2,4545.3,4550.0,722.0
2026-06-01 13:45:00,1780292700,4550.0,4555.4,4547.3,4554.1,718.0
2026-06-01 13:50:00,1780293000,4554.1,4554.6,4551.0,4553.5,650.0
2026-06-01 13:55:00,1780293300,4553.5,4553.5,4547.1,4548.1,603.0
2026-06-01 14:00:00,1780293600,4548.2,4548.9,4544.1,4546.5,1112.0
2026-06-01 14:05:00,1780293900,4546.8,4548.6,4545.3,4547.0,476.0
2026-06-01 14:10:00,1780294200,4547.2,4547.4,4542.1,4544.1,798.0
2026-06-01 14:15:00,1780294500,4544.1,4546.2,4539.9,4541.1,887.0
2026-06-01 14:20:00,1780294800,4541.0,4541.3,4535.1,4536.3,1663.0
2026-06-01 14:25:00,1780295100,4536.2,4544.7,4535.9,4544.7,1404.0
2026-06-01 14:30:00,1780295400,4544.8,4545.1,4540.4,4540.7,707.0
2026-06-01 14:35:00,1780295700,4540.9,4541.2,4531.9,4534.9,1720.0
2026-06-01 14:40:00,1780296000,4534.8,4536.5,4533.5,4534.9,609.0
2026-06-01 14:45:00,1780296300,4534.2,4534.8,4530.6,4534.8,1065.0
2026-06-01 14:50:00,1780296600,4534.5,4534.7,4529.1,4533.7,994.0
2026-06-01 14:55:00,1780296900,4534.0,4535.4,4530.7,4531.7,738.0
2026-06-01 15:00:00,1780297200,4531.6,4538.7,4530.7,4537.7,1130.0
2026-06-01 15:05:00,1780297500,4537.4,4540.0,4536.2,4536.2,1104.0
2026-06-01 15:10:00,1780297800,4536.1,4539.5,4535.6,4537.3,639.0
2026-06-01 15:15:00,1780298100,4537.2,4538.3,4534.6,4536.7,495.0
2026-06-01 15:20:00,1780298400,4536.6,4537.3,4533.2,4534.9,480.0
2026-06-01 15:25:00,1780298700,4534.9,4536.1,4532.9,4533.9,581.0
2026-06-01 15:30:00,1780299000,4533.8,4537.8,4533.8,4534.7,645.0
2026-06-01 15:35:00,1780299300,4534.2,4536.4,4532.5,4533.3,630.0
2026-06-01 15:40:00,1780299600,4533.3,4533.8,4527.7,4528.1,1283.0
2026-06-01 15:45:00,1780299900,4528.0,4530.4,4522.6,4524.6,1758.0
2026-06-01 15:50:00,1780300200,4524.3,4526.6,4522.3,4525.6,847.0
2026-06-01 15:55:00,1780300500,4525.5,4533.3,4525.3,4533.1,974.0
2026-06-01 16:00:00,1780300800,4533.0,4534.6,4525.1,4525.7,1252.0
2026-06-01 16:05:00,1780301100,4525.8,4529.5,4523.1,4523.8,951.0
2026-06-01 16:10:00,1780301400,4523.6,4528.6,4523.3,4525.2,586.0
2026-06-01 16:15:00,1780301700,4525.5,4526.1,4521.3,4524.6,875.0
2026-06-01 16:20:00,1780302000,4524.5,4526.9,4519.7,4522.6,882.0
2026-06-01 16:25:00,1780302300,4522.7,4526.0,4522.2,4525.6,386.0
2026-06-01 16:30:00,1780302600,4525.7,4526.5,4522.2,4525.5,464.0
2026-06-01 16:35:00,1780302900,4525.5,4526.2,4522.8,4524.5,440.0
2026-06-01 16:40:00,1780303200,4524.5,4530.4,4522.5,4529.9,773.0
2026-06-01 16:45:00,1780303500,4529.8,4532.2,4526.0,4530.9,957.0
2026-06-01 16:50:00,1780303800,4530.8,4531.5,4526.6,4527.0,687.0
2026-06-01 16:55:00,1780304100,4527.3,4529.3,4525.3,4527.8,495.0
2026-06-01 17:00:00,1780304400,4527.7,4530.5,4527.4,4530.2,618.0
2026-06-01 17:05:00,1780304700,4530.1,4530.3,4528.0,4529.1,295.0
2026-06-01 17:10:00,1780305000,4529.2,4530.0,4527.8,4529.4,235.0
2026-06-01 17:15:00,1780305300,4529.4,4535.4,4527.7,4535.3,897.0
2026-06-01 17:20:00,1780305600,4535.5,4536.0,4528.0,4529.1,707.0
2026-06-01 17:25:00,1780305900,4529.0,4529.3,4526.1,4526.2,709.0
2026-06-01 17:30:00,1780306200,4526.2,4527.2,4518.1,4520.3,2511.0
2026-06-01 17:35:00,1780306500,4520.4,4527.6,4520.1,4527.6,819.0
2026-06-01 17:40:00,1780306800,4527.3,4528.8,4524.1,4527.9,551.0
2026-06-01 17:45:00,1780307100,4527.8,4527.9,4523.3,4524.8,488.0
2026-06-01 17:50:00,1780307400,4525.1,4528.2,4523.5,4527.4,522.0
2026-06-01 17:55:00,1780307700,4527.5,4527.5,4524.1,4525.6,335.0
2026-06-01 18:00:00,1780308000,4525.8,4528.7,4525.8,4527.9,368.0
2026-06-01 18:05:00,1780308300,4527.8,4531.2,4526.1,4529.8,476.0
2026-06-01 18:10:00,1780308600,4530.1,4532.1,4529.3,4531.3,336.0
2026-06-01 18:15:00,1780308900,4531.2,4531.8,4529.1,4529.5,396.0
2026-06-01 18:20:00,1780309200,4530.1,4530.4,4525.8,4530.3,627.0
2026-06-01 18:25:00,1780309500,4530.4,4533.5,4530.2,4530.8,450.0
2026-06-01 18:30:00,1780309800,4531.0,4535.5,4530.4,4534.6,519.0
2026-06-01 18:35:00,1780310100,4534.8,4536.7,4532.8,4532.9,626.0
2026-06-01 18:40:00,1780310400,4532.9,4537.3,4532.9,4535.7,711.0
2026-06-01 18:45:00,1780310700,4535.7,4540.3,4535.1,4539.1,799.0
2026-06-01 18:50:00,1780311000,4539.0,4540.7,4536.6,4536.9,811.0
2026-06-01 18:55:00,1780311300,4537.1,4537.1,4532.3,4533.9,665.0
2026-06-01 19:00:00,1780311600,4533.9,4536.6,4530.0,4530.0,799.0
2026-06-01 19:05:00,1780311900,4530.2,4535.9,4529.5,4535.6,646.0
2026-06-01 19:10:00,1780312200,4535.3,4535.4,4533.3,4534.9,389.0
2026-06-01 19:15:00,1780312500,4535.1,4539.9,4534.2,4539.8,876.0
2026-06-01 19:20:00,1780312800,4539.8,4543.1,4538.5,4538.6,976.0
2026-06-01 19:25:00,1780313100,4538.6,4542.4,4537.8,4540.6,642.0
2026-06-01 19:30:00,1780313400,4540.7,4542.2,4536.4,4537.0,781.0
2026-06-01 19:35:00,1780313700,4536.9,4541.5,4536.3,4540.6,731.0
2026-06-01 19:40:00,1780314000,4540.6,4541.1,4536.7,4537.3,426.0
2026-06-01 19:45:00,1780314300,4537.4,4540.0,4536.9,4538.7,369.0
2026-06-01 19:50:00,1780314600,4538.6,4538.6,4536.3,4537.7,382.0
2026-06-01 19:55:00,1780314900,4537.4,4538.2,4535.4,4535.9,526.0
2026-06-01 20:00:00,1780315200,4535.8,4537.3,4533.3,4536.2,939.0
2026-06-01 20:05:00,1780315500,4536.1,4539.5,4536.1,4537.8,675.0
2026-06-01 20:10:00,1780315800,4538.0,4540.0,4532.5,4533.3,923.0
2026-06-01 20:15:00,1780316100,4533.3,4536.1,4531.3,4533.7,1233.0
2026-06-01 20:20:00,1780316400,4533.4,4533.6,4527.5,4532.0,1620.0
2026-06-01 20:25:00,1780316700,4532.2,4537.9,4531.4,4535.5,1080.0
2026-06-01 20:30:00,1780317000,4535.6,4535.7,4527.3,4531.0,1529.0
2026-06-01 20:35:00,1780317300,4530.8,4533.4,4528.9,4533.3,912.0
2026-06-01 20:40:00,1780317600,4533.5,4538.5,4529.0,4537.7,1283.0
2026-06-01 20:45:00,1780317900,4537.6,4540.9,4535.5,4536.9,1278.0
2026-06-01 20:50:00,1780318200,4536.7,4538.6,4535.1,4535.7,1030.0
2026-06-01 20:55:00,1780318500,4535.7,4536.3,4528.5,4531.7,1207.0
2026-06-01 21:00:00,1780318800,4532.2,4533.9,4525.4,4531.5,2460.0
2026-06-01 21:05:00,1780319100,4531.6,4532.6,4525.9,4531.3,1150.0
2026-06-01 21:10:00,1780319400,4531.0,4531.1,4502.0,4513.7,9449.0
2026-06-01 21:15:00,1780319700,4513.5,4519.4,4508.2,4511.8,3257.0
2026-06-01 21:20:00,1780320000,4511.6,4512.8,4493.5,4495.8,5730.0
2026-06-01 21:25:00,1780320300,4495.7,4499.1,4491.7,4494.5,3127.0
2026-06-01 21:30:00,1780320600,4494.5,4500.0,4488.4,4495.6,4521.0
2026-06-01 21:35:00,1780320900,4495.5,4508.5,4491.3,4502.8,4453.0
2026-06-01 21:40:00,1780321200,4502.6,4504.2,4494.8,4496.9,1967.0
2026-06-01 21:45:00,1780321500,4496.7,4499.5,4492.7,4494.0,1776.0
2026-06-01 21:50:00,1780321800,4493.8,4495.3,4481.6,4484.3,4728.0
2026-06-01 21:55:00,1780322100,4483.8,4485.1,4477.5,4479.6,3086.0
2026-06-01 22:00:00,1780322400,4479.5,4484.3,4477.0,4484.1,4042.0
2026-06-01 22:05:00,1780322700,4483.9,4491.3,4478.9,4490.1,2714.0
2026-06-01 22:10:00,1780323000,4489.9,4491.9,4485.7,4491.3,2121.0
2026-06-01 22:15:00,1780323300,4490.6,4494.9,4483.0,4487.0,3788.0
2026-06-01 22:20:00,1780323600,4486.7,4491.9,4484.5,4485.0,1518.0
2026-06-01 22:25:00,1780323900,4485.2,4486.0,4479.2,4486.0,2227.0
2026-06-01 22:30:00,1780324200,4485.9,4490.5,4483.3,4488.2,1812.0
2026-06-01 22:35:00,1780324500,4488.1,4490.1,4483.6,4484.9,1145.0
2026-06-01 22:40:00,1780324800,4485.2,4491.3,4484.9,4489.6,1138.0
2026-06-01 22:45:00,1780325100,4489.4,4490.8,4483.1,4484.7,1181.0
2026-06-01 22:50:00,1780325400,4484.7,4486.5,4481.7,4485.8,1230.0
2026-06-01 22:55:00,1780325700,4485.8,4489.0,4484.5,4488.4,731.0
2026-06-01 23:00:00,1780326000,4488.6,4492.1,4487.3,4490.0,1168.0
2026-06-01 23:05:00,1780326300,4489.9,4495.4,4485.0,4492.4,2023.0
2026-06-01 23:10:00,1780326600,4492.3,4495.4,4490.4,4494.0,948.0
2026-06-01 23:15:00,1780326900,4494.3,4497.2,4493.0,4495.2,1813.0
2026-06-01 23:20:00,1780327200,4495.1,4498.0,4493.9,4497.0,950.0
2026-06-01 23:25:00,1780327500,4497.0,4500.4,4495.6,4498.6,1137.0
2026-06-01 23:30:00,1780327800,4498.4,4509.0,4498.0,4507.2,4447.0
2026-06-01 23:35:00,1780328100,4507.3,4510.3,4503.9,4506.8,2253.0
2026-06-01 23:40:00,1780328400,4506.6,4507.6,4501.3,4502.4,1222.0
2026-06-01 23:45:00,1780328700,4502.6,4504.9,4498.7,4499.9,1308.0
2026-06-01 23:50:00,1780329000,4499.9,4502.4,4499.0,4501.2,846.0
2026-06-01 23:55:00,1780329300,4501.5,4505.8,4501.3,4504.4,1159.0
2026-06-02 00:00:00,1780329600,4504.4,4508.9,4502.6,4503.1,1297.0
2026-06-02 00:05:00,1780329900,4503.4,4504.5,4498.1,4499.0,1028.0
2026-06-02 00:10:00,1780330200,4498.9,4499.0,4495.1,4497.4,1502.0
2026-06-02 00:15:00,1780330500,4497.2,4497.7,4493.0,4497.0,1255.0
2026-06-02 00:20:00,1780330800,4497.1,4499.0,4494.7,4498.2,989.0
2026-06-02 00:25:00,1780331100,4498.5,4500.1,4496.8,4498.5,1053.0
2026-06-02 00:30:00,1780331400,4498.2,4503.1,4498.2,4499.7,1476.0
2026-06-02 00:35:00,1780331700,4499.3,4501.4,4497.6,4499.3,580.0
2026-06-02 00:40:00,1780332000,4499.2,4500.2,4497.8,4498.2,352.0
2026-06-02 00:45:00,1780332300,4498.1,4501.9,4497.4,4501.9,674.0
2026-06-02 00:50:00,1780332600,4502.0,4511.5,4501.8,4510.3,1995.0
2026-06-02 00:55:00,1780332900,4510.1,4512.7,4508.6,4510.3,1560.0
2026-06-02 01:00:00,1780333200,4510.8,4511.8,4505.6,4506.6,1505.0
2026-06-02 01:05:00,1780333500,4506.6,4507.7,4501.5,4503.8,1049.0
2026-06-02 01:10:00,1780333800,4503.8,4506.4,4503.4,4505.2,597.0
2026-06-02 01:15:00,1780334100,4505.4,4506.0,4503.5,4506.0,354.0
2026-06-02 01:20:00,1780334400,4506.0,4506.9,4503.8,4505.2,482.0
2026-06-02 01:25:00,1780334700,4505.2,4513.2,4502.4,4512.8,1712.0
2026-06-02 01:30:00,1780335000,4513.1,4516.0,4510.3,4511.6,2189.0
2026-06-02 01:35:00,1780335300,4511.6,4514.8,4510.7,4513.0,630.0
2026-06-02 01:40:00,1780335600,4513.2,4521.6,4512.9,4521.6,2768.0
2026-06-02 01:45:00,1780335900,4521.4,4525.5,4520.9,4521.1,1680.0
2026-06-02 01:50:00,1780336200,4521.2,4521.9,4518.8,4521.1,952.0
2026-06-02 01:55:00,1780336500,4521.4,4521.7,4517.1,4517.3,640.0
2026-06-02 02:00:00,1780336800,4517.4,4518.4,4516.2,4516.8,458.0
2026-06-02 02:05:00,1780337100,4516.9,4520.2,4516.5,4519.7,591.0
2026-06-02 02:10:00,1780337400,4519.7,4520.0,4517.8,4518.4,316.0
2026-06-02 02:15:00,1780337700,4518.4,4519.3,4516.6,4519.3,409.0
2026-06-02 02:20:00,1780338000,4519.2,4520.0,4518.4,4519.1,283.0
2026-06-02 02:25:00,1780338300,4519.0,4519.3,4516.2,4516.5,451.0
2026-06-02 02:30:00,1780338600,4516.7,4517.2,4514.4,4515.9,632.0
2026-06-02 02:35:00,1780338900,4515.9,4517.4,4515.6,4516.1,307.0
2026-06-02 02:40:00,1780339200,4516.2,4518.2,4515.4,4517.9,323.0
2026-06-02 02:45:00,1780339500,4517.7,4518.8,4517.6,4518.8,269.0
2026-06-02 02:50:00,1780339800,4518.6,4518.6,4517.1,4517.2,216.0
2026-06-02 02:55:00,1780340100,4517.0,4518.7,4516.3,4516.5,425.0
2026-06-02 03:00:00,1780340400,4516.6,4518.5,4515.0,4517.8,421.0
2026-06-02 03:05:00,1780340700,4517.7,4518.2,4514.3,4515.1,507.0
2026-06-02 03:10:00,1780341000,4515.3,4517.2,4515.0,4515.4,239.0
2026-06-02 03:15:00,1780341300,4515.4,4516.5,4514.4,4515.5,396.0
2026-06-02 03:20:00,1780341600,4515.6,4516.6,4514.9,4515.6,243.0
2026-06-02 03:25:00,1780341900,4515.7,4516.1,4514.2,4514.5,250.0
2026-06-02 03:30:00,1780342200,4514.7,4515.6,4513.4,4513.6,439.0
2026-06-02 03:35:00,1780342500,4513.8,4515.4,4512.7,4514.4,492.0
2026-06-02 03:40:00,1780342800,4514.4,4515.5,4513.2,4513.2,307.0
2026-06-02 03:45:00,1780343100,4513.4,4514.2,4512.7,4513.5,329.0
2026-06-02 03:50:00,1780343400,4513.5,4514.0,4509.5,4510.0,804.0
2026-06-02 03:55:00,1780343700,4510.0,4511.4,4509.1,4511.2,724.0
2026-06-02 04:00:00,1780344000,4511.3,4513.9,4510.2,4513.0,415.0
2026-06-02 04:05:00,1780344300,4513.2,4514.5,4512.8,4513.7,338.0
2026-06-02 04:10:00,1780344600,4513.4,4513.9,4512.3,4513.5,236.0
2026-06-02 04:15:00,1780344900,4513.4,4514.3,4513.0,4513.1,141.0
2026-06-02 04:20:00,1780345200,4512.8,4513.2,4512.1,4512.4,156.0
2026-06-02 04:25:00,1780345500,4512.5,4513.8,4512.4,4513.2,167.0
2026-06-02 04:30:00,1780345800,4513.1,4514.8,4512.1,4514.8,243.0
2026-06-02 04:35:00,1780346100,4514.5,4514.6,4513.1,4514.1,184.0
2026-06-02 04:40:00,1780346400,4513.9,4514.6,4512.3,4512.5,206.0
2026-06-02 04:45:00,1780346700,4512.4,4514.1,4511.2,4513.9,393.0
2026-06-02 04:50:00,1780347000,4513.8,4514.2,4512.4,4513.2,195.0
2026-06-02 04:55:00,1780347300,4513.1,4515.9,4512.3,4515.4,638.0
2026-06-02 06:00:00,1780351200,4516.0,4517.8,4511.9,4513.0,761.0
2026-06-02 06:05:00,1780351500,4513.0,4513.4,4511.5,4512.0,346.0
2026-06-02 06:10:00,1780351800,4512.0,4514.5,4511.7,4514.2,386.0
2026-06-02 06:15:00,1780352100,4514.2,4514.9,4513.6,4513.9,249.0
2026-06-02 06:20:00,1780352400,4513.8,4514.5,4511.3,4512.5,489.0
2026-06-02 06:25:00,1780352700,4512.5,4513.7,4510.8,4511.1,580.0
2026-06-02 06:30:00,1780353000,4511.2,4513.2,4511.0,4511.2,318.0
2026-06-02 06:35:00,1780353300,4511.1,4512.9,4509.4,4512.7,510.0
2026-06-02 06:40:00,1780353600,4512.3,4513.5,4511.0,4511.5,331.0
2026-06-02 06:45:00,1780353900,4511.4,4515.7,4511.2,4514.0,399.0
2026-06-02 06:50:00,1780354200,4514.1,4514.7,4513.1,4513.6,302.0
2026-06-02 06:55:00,1780354500,4513.7,4516.4,4513.7,4515.5,591.0
2026-06-02 07:00:00,1780354800,4515.5,4518.1,4511.5,4516.4,830.0
2026-06-02 07:05:00,1780355100,4516.2,4516.4,4514.8,4515.1,188.0
2026-06-02 07:10:00,1780355400,4515.3,4516.4,4515.1,4516.2,218.0
2026-06-02 07:15:00,1780355700,4516.3,4518.3,4516.0,4516.7,407.0
2026-06-02 07:20:00,1780356000,4516.6,4517.7,4515.5,4517.7,216.0
2026-06-02 07:25:00,1780356300,4517.6,4518.3,4517.0,4517.2,237.0
2026-06-02 07:30:00,1780356600,4517.3,4517.5,4514.6,4514.6,362.0
2026-06-02 07:35:00,1780356900,4514.7,4515.5,4510.6,4514.3,1029.0
2026-06-02 07:40:00,1780357200,4514.6,4516.7,4512.9,4513.2,382.0
2026-06-02 07:45:00,1780357500,4513.2,4513.3,4507.8,4510.8,977.0
2026-06-02 07:50:00,1780357800,4510.6,4514.9,4510.6,4514.6,527.0
2026-06-02 07:55:00,1780358100,4514.7,4516.0,4513.6,4514.4,334.0
2026-06-02 08:00:00,1780358400,4514.4,4515.1,4511.1,4514.3,693.0
2026-06-02 08:05:00,1780358700,4514.4,4515.0,4506.2,4508.3,1415.0
2026-06-02 08:10:00,1780359000,4508.5,4511.3,4507.8,4510.8,900.0
2026-06-02 08:15:00,1780359300,4510.7,4515.2,4510.7,4515.0,852.0
2026-06-02 08:20:00,1780359600,4514.9,4519.5,4513.3,4519.2,1139.0
2026-06-02 08:25:00,1780359900,4519.2,4523.4,4518.2,4523.4,1316.0
2026-06-02 08:30:00,1780360200,4523.1,4526.9,4518.6,4518.8,1952.0
2026-06-02 08:35:00,1780360500,4518.7,4521.1,4518.0,4519.0,777.0
2026-06-02 08:40:00,1780360800,4518.5,4519.1,4514.3,4516.9,863.0
2026-06-02 08:45:00,1780361100,4516.6,4517.5,4510.3,4511.0,793.0
2026-06-02 08:50:00,1780361400,4511.1,4513.7,4510.8,4511.3,846.0
2026-06-02 08:55:00,1780361700,4511.2,4513.8,4510.4,4511.0,672.0
2026-06-02 09:00:00,1780362000,4510.7,4516.5,4501.9,4511.3,3065.0
2026-06-02 09:05:00,1780362300,4511.2,4515.5,4508.7,4508.9,1349.0
2026-06-02 09:10:00,1780362600,4509.1,4521.9,4508.2,4519.6,1964.0
2026-06-02 09:15:00,1780362900,4519.6,4520.1,4511.5,4515.9,1689.0
2026-06-02 09:20:00,1780363200,4515.6,4518.5,4509.9,4512.8,972.0
2026-06-02 09:25:00,1780363500,4512.7,4522.4,4512.7,4516.2,1619.0
2026-06-02 09:30:00,1780363800,4516.1,4519.4,4516.0,4517.9,525.0
