signal_time,entry_time,exit_time,kind,direction,entry,sl,final_sl,tp,break_even_moved,break_even_time,exit_price,exit_reason,points,dollars,bars_held
2025-10-30 08:45:00,2025-10-30 09:08:00,2025-10-30 10:05:00,EXTEND,short,3970.6,3977.0,3977.0,3948.8,False,,3948.8,TP,21.8,214.0,57
2025-10-30 11:00:00,2025-10-30 11:21:00,2025-10-30 12:02:00,EXTEND,short,3941.2,3953.9,3953.9,3927.8,False,,3953.9,SL,-12.7,-131.0,41
2025-10-30 13:30:00,2025-10-30 13:52:00,2025-10-30 17:00:00,EXTEND,short,3981.1,3991.5,3991.5,3959.3,False,,3991.5,SL,-10.4,-108.0,188
2025-10-30 20:00:00,2025-10-30 20:05:00,2025-10-30 20:14:00,MSS,long,3992.5,3982.0,3982.0,3993.8,False,,3993.8,TP,1.3,9.0,9
2025-10-30 20:30:00,2025-10-30 20:37:00,2025-10-30 20:58:00,EXTEND,short,3985.8,3997.7,3997.7,3977.8,False,,3977.8,TP,8.0,76.0,21
2025-10-30 21:00:00,2025-10-30 21:07:00,2025-10-30 21:46:00,EXTEND,short,3984.7,3992.8,3992.8,3970.5,False,,3992.8,SL,-8.1,-85.0,39
2025-10-30 23:10:00,2025-10-30 23:27:00,2025-10-30 23:43:00,BOS,long,4010.9,4001.5,4001.5,4018.5,False,,4018.5,TP,7.6,72.0,16
2025-10-31 00:25:00,2025-10-31 00:46:00,2025-10-31 01:41:00,EXTEND,short,4015.0,4022.2,4022.2,4004.5,False,,4022.2,SL,-7.2,-76.0,55
2025-10-31 01:45:00,2025-10-31 02:07:00,2025-10-31 03:04:00,EXTEND,long,4017.3,4007.8,4007.8,4031.8,False,,4031.8,TP,14.5,141.0,57
2025-10-31 06:55:00,2025-10-31 07:06:00,2025-10-31 07:13:00,EXTEND,long,4047.6,4034.9,4034.9,4059.7,False,,4034.9,SL,-12.7,-131.0,7
2025-10-31 08:25:00,2025-10-31 08:38:00,2025-10-31 08:46:00,MSS,short,4038.9,4047.2,4047.2,4037.8,False,,4037.8,TP,1.1,7.0,8
2025-10-31 09:05:00,2025-10-31 09:10:00,2025-10-31 09:11:00,MSS,long,4050.6,4031.4,4031.4,4048.7,False,,4050.6,TP,0.0,-4.0,1
2025-10-31 09:40:00,2025-10-31 09:46:00,2025-10-31 09:47:00,MSS,short,4036.4,4049.3,4049.3,4036.5,False,,4036.2,TP,0.2,-2.0,1
2025-10-31 11:35:00,2025-10-31 11:47:00,2025-10-31 11:55:00,MSS,long,4009.6,4007.3,4007.3,4016.0,False,,4007.3,SL,-2.3,-27.0,8
2025-10-31 12:25:00,2025-10-31 12:30:00,2025-10-31 12:31:00,MSS,long,4014.4,4001.8,4001.8,4014.2,False,,4014.6,TP,0.2,-2.0,1
2025-10-31 13:05:00,2025-10-31 13:14:00,2025-10-31 13:15:00,MSS,short,4009.0,4023.5,4023.5,4008.5,False,,4008.5,TP,0.5,1.0,1
2025-10-31 13:20:00,2025-10-31 13:33:00,2025-10-31 14:06:00,EXTEND,short,4013.7,4023.5,4023.5,4006.1,False,,4023.5,SL,-9.8,-102.0,33
2025-10-31 15:05:00,2025-10-31 15:13:00,2025-10-31 15:17:00,EXTEND,long,4024.3,4017.0,4017.0,4029.2,False,,4029.2,TP,4.9,45.0,4
2025-10-31 15:30:00,2025-10-31 15:46:00,2025-10-31 16:05:00,EXTEND,long,4027.4,4019.2,4019.2,4036.7,False,,4036.7,TP,9.3,89.0,19
2025-10-31 16:05:00,2025-10-31 16:48:00,2025-10-31 16:54:00,BOS,long,4032.9,4022.9,4022.9,4038.6,False,,4022.9,SL,-10.0,-104.0,6
2025-10-31 17:30:00,2025-10-31 17:54:00,2025-10-31 17:56:00,MSS,long,4014.6,4010.0,4010.0,4019.0,False,,4019.0,TP,4.4,40.0,2
2025-10-31 18:10:00,2025-10-31 18:57:00,2025-10-31 20:21:00,EXTEND,long,4018.0,4011.4,4011.4,4028.6,False,,4028.6,TP,10.6,102.0,84
2025-10-31 20:45:00,2025-10-31 21:00:00,2025-10-31 21:39:00,EXTEND,long,4037.9,4028.5,4028.5,4049.2,False,,4028.5,SL,-9.4,-98.0,39
2025-10-31 22:00:00,2025-10-31 22:16:00,2025-10-31 23:04:00,MSS,long,4037.6,4021.9,4021.9,4039.9,False,,4021.9,SL,-15.7,-161.0,48
2025-11-03 07:00:00,2025-11-03 07:18:00,2025-11-03 07:43:00,MSS,short,4002.3,4019.0,4019.0,3992.1,False,,3992.1,TP,10.2,98.0,25
2025-11-03 09:05:00,2025-11-03 09:10:00,2025-11-03 09:11:00,MSS,long,3996.2,3974.7,3974.7,3995.7,False,,3996.3,TP,0.1,-3.0,1
2025-11-03 11:00:00,2025-11-03 11:09:00,2025-11-03 11:38:00,BOS,long,4016.3,4008.4,4008.4,4022.4,False,,4022.4,TP,6.1,57.0,29
2025-11-03 11:55:00,2025-11-03 12:07:00,2025-11-03 12:19:00,EXTEND,long,4021.9,4015.5,4015.5,4025.3,False,,4015.5,SL,-6.4,-68.0,12
2025-11-03 13:05:00,2025-11-03 13:14:00,2025-11-03 13:25:00,EXTEND,short,4017.1,4018.5,4018.5,4007.0,False,,4018.5,SL,-1.4,-18.0,11
2025-11-03 14:20:00,2025-11-03 14:39:00,2025-11-03 15:01:00,EXTEND,long,4026.8,4020.7,4020.7,4029.9,False,,4029.9,TP,3.1,27.0,22
2025-11-03 15:10:00,2025-11-03 15:17:00,2025-11-03 15:18:00,MSS,short,4023.8,4034.1,4034.1,4024.6,False,,4023.6,TP,0.2,-2.0,1
2025-11-03 15:15:00,2025-11-03 15:29:00,2025-11-03 15:50:00,EXTEND,short,4029.0,4034.1,4034.1,4023.2,False,,4034.1,SL,-5.1,-55.0,21
2025-11-03 15:50:00,2025-11-03 16:00:00,2025-11-03 16:01:00,BOS,long,4037.1,4031.0,4031.0,4036.8,False,,4036.9,TP,-0.2,-6.0,1
2025-11-03 16:10:00,2025-11-03 16:15:00,2025-11-03 16:16:00,MSS,short,4030.2,4038.9,4038.9,4031.3,False,,4030.2,TP,0.0,-4.0,1
2025-11-03 17:05:00,2025-11-03 17:18:00,2025-11-03 17:25:00,EXTEND,long,4028.6,4023.4,4023.4,4036.9,False,,4023.4,SL,-5.2,-56.0,7
2025-11-03 20:05:00,2025-11-03 20:15:00,2025-11-03 20:21:00,EXTEND,short,4018.3,4020.8,4020.8,4016.3,False,,4016.3,TP,2.0,16.0,6
2025-11-03 20:20:00,2025-11-03 20:29:00,2025-11-03 20:33:00,EXTEND,short,4016.6,4020.8,4020.8,4013.2,False,,4020.8,SL,-4.2,-46.0,4
2025-11-03 22:05:00,2025-11-03 22:23:00,2025-11-03 22:28:00,MSS,short,4029.6,4033.0,4033.0,4023.8,False,,4023.8,TP,5.8,54.0,5
2025-11-03 22:30:00,2025-11-03 22:37:00,2025-11-03 22:48:00,EXTEND,short,4019.0,4032.6,4032.6,4012.4,False,,4032.6,SL,-13.6,-140.0,11
2025-11-03 23:10:00,2025-11-03 23:32:00,2025-11-04 00:16:00,EXTEND,long,4023.6,4012.4,4012.4,4043.4,False,,4012.4,SL,-11.2,-116.0,44
2025-11-04 01:10:00,2025-11-04 01:15:00,2025-11-04 01:20:00,EXTEND,short,4018.6,4022.5,4022.5,4015.0,False,,4022.5,SL,-3.9,-43.0,5
2025-11-04 07:05:00,2025-11-04 07:12:00,2025-11-04 07:13:00,MSS,short,4005.7,4017.9,4017.9,4004.2,False,,4004.2,TP,1.5,11.0,1
2025-11-04 07:10:00,2025-11-04 07:39:00,2025-11-04 08:41:00,EXTEND,short,4007.2,4017.9,4017.9,3990.0,False,,3990.0,TP,17.2,168.0,62
2025-11-04 08:40:00,2025-11-04 09:05:00,2025-11-04 10:03:00,EXTEND,short,4000.4,4010.4,4010.4,3987.5,False,,3987.5,TP,12.9,125.0,58
2025-11-04 10:00:00,2025-11-04 10:32:00,2025-11-04 11:11:00,MSS,short,3990.6,3999.7,3999.7,3984.4,False,,3999.7,SL,-9.1,-95.0,39
2025-11-04 11:35:00,2025-11-04 12:06:00,2025-11-04 12:47:00,EXTEND,long,4002.2,3994.2,3994.2,4009.1,False,,3994.2,SL,-8.0,-84.0,41
2025-11-04 12:45:00,2025-11-04 12:56:00,2025-11-04 13:01:00,MSS,short,3998.7,4002.9,4002.9,3992.9,False,,3992.9,TP,5.8,54.0,5
2025-11-04 13:25:00,2025-11-04 13:32:00,2025-11-04 13:33:00,BOS,short,3989.7,3996.1,3996.1,3991.9,False,,3990.1,TP,-0.4,-8.0,1
2025-11-04 13:45:00,2025-11-04 13:51:00,2025-11-04 14:00:00,EXTEND,short,3986.0,3996.1,3996.1,3981.0,False,,3981.0,TP,5.0,46.0,9
2025-11-04 14:05:00,2025-11-04 14:20:00,2025-11-04 14:47:00,EXTEND,short,3982.7,3990.4,3990.4,3975.1,False,,3990.4,SL,-7.7,-81.0,27
2025-11-04 16:00:00,2025-11-04 16:07:00,2025-11-04 16:08:00,BOS,long,4007.5,4002.7,4002.7,4008.6,False,,4008.6,TP,1.1,7.0,1
2025-11-04 16:15:00,2025-11-04 16:24:00,2025-11-04 16:26:00,EXTEND,short,4005.9,4010.0,4010.0,4000.7,False,,4010.0,SL,-4.1,-45.0,2
2025-11-04 17:05:00,2025-11-04 17:14:00,2025-11-04 17:15:00,MSS,short,4002.1,4010.9,4010.9,4002.4,False,,4002.1,TP,0.0,-4.0,1
2025-11-04 17:35:00,2025-11-04 17:53:00,2025-11-04 17:56:00,EXTEND,long,4005.0,4001.6,4001.6,4010.3,False,,4001.6,SL,-3.4,-38.0,3
2025-11-04 18:00:00,2025-11-04 18:18:00,2025-11-04 19:50:00,EXTEND,short,4004.2,4010.3,4010.3,3995.5,False,,4010.3,SL,-6.1,-65.0,92
2025-11-04 19:50:00,2025-11-04 19:58:00,2025-11-04 20:25:00,EXTEND,long,4006.3,4002.6,4002.6,4010.7,False,,4002.6,SL,-3.7,-41.0,27
2025-11-04 21:10:00,2025-11-04 21:16:00,2025-11-04 21:17:00,MSS,long,4004.9,3992.8,3992.8,4006.4,False,,4006.4,TP,1.5,11.0,1
2025-11-04 21:15:00,2025-11-04 21:23:00,2025-11-04 21:28:00,EXTEND,long,3999.5,3992.8,3992.8,4006.7,False,,3992.8,SL,-6.7,-71.0,5
2025-11-04 22:05:00,2025-11-04 22:18:00,2025-11-04 22:29:00,EXTEND,short,3984.0,3988.9,3988.9,3973.3,False,,3973.3,TP,10.7,103.0,11
2025-11-04 22:40:00,2025-11-04 23:01:00,2025-11-05 08:41:00,EXTEND,short,3963.4,3987.5,3987.5,3936.9,False,,3936.9,TP,26.5,261.0,520
2025-11-05 08:40:00,2025-11-05 08:49:00,2025-11-05 08:59:00,MSS,short,3942.7,3947.7,3947.7,3935.4,False,,3947.7,SL,-5.0,-54.0,10
2025-11-05 09:40:00,2025-11-05 09:49:00,2025-11-05 09:50:00,EXTEND,long,3949.4,3946.7,3946.7,3958.2,False,,3946.7,SL,-2.7,-31.0,1
2025-11-05 09:55:00,2025-11-05 10:09:00,2025-11-05 10:55:00,EXTEND,short,3949.4,3958.2,3958.2,3942.5,False,,3958.2,SL,-8.8,-92.0,46
2025-11-05 13:45:00,2025-11-05 13:56:00,2025-11-05 13:57:00,MSS,short,3971.2,3987.4,3987.4,3971.2,False,,3971.2,TP,0.0,-4.0,1
2025-11-05 14:00:00,2025-11-05 14:07:00,2025-11-05 14:08:00,MSS,long,3976.4,3970.7,3970.7,3976.5,False,,3976.5,TP,0.1,-3.0,1
2025-11-05 14:05:00,2025-11-05 14:16:00,2025-11-05 14:21:00,EXTEND,long,3974.2,3970.7,3970.7,3977.5,False,,3977.5,TP,3.3,29.0,5
2025-11-05 14:20:00,2025-11-05 14:32:00,2025-11-05 14:34:00,EXTEND,long,3977.5,3970.7,3970.7,3979.6,False,,3979.6,TP,2.1,17.0,2
2025-11-05 14:55:00,2025-11-05 15:01:00,2025-11-05 15:02:00,MSS,short,3973.2,3980.8,3980.8,3973.8,False,,3973.2,TP,0.0,-4.0,1
2025-11-05 15:05:00,2025-11-05 15:19:00,2025-11-05 15:49:00,BOS,short,3974.6,3980.8,3980.8,3971.5,False,,3980.8,SL,-6.2,-66.0,30
2025-11-05 18:20:00,2025-11-05 18:37:00,2025-11-05 18:43:00,MSS,long,3975.7,3969.6,3969.6,3976.7,False,,3976.7,TP,1.0,6.0,6
2025-11-05 18:50:00,2025-11-05 18:56:00,2025-11-05 18:57:00,MSS,short,3970.3,3979.6,3979.6,3970.7,False,,3970.1,TP,0.2,-2.0,1
2025-11-05 18:55:00,2025-11-05 19:05:00,2025-11-05 19:15:00,EXTEND,short,3975.8,3979.6,3979.6,3969.3,False,,3969.3,TP,6.5,61.0,10
2025-11-05 19:25:00,2025-11-05 19:48:00,2025-11-05 20:22:00,EXTEND,short,3974.0,3978.1,3978.1,3966.5,False,,3978.1,SL,-4.1,-45.0,34
2025-11-05 21:10:00,2025-11-05 21:20:00,2025-11-05 21:23:00,EXTEND,long,3980.3,3972.5,3972.5,3984.3,False,,3984.3,TP,4.0,36.0,3
2025-11-05 21:55:00,2025-11-05 22:04:00,2025-11-05 22:11:00,EXTEND,long,3987.2,3980.5,3980.5,3989.5,False,,3989.5,TP,2.3,19.0,7
2025-11-05 22:40:00,2025-11-05 22:47:00,2025-11-05 22:48:00,MSS,short,3983.6,3995.6,3995.6,3985.5,False,,3983.6,TP,0.0,-4.0,1
2025-11-05 23:00:00,2025-11-05 23:10:00,2025-11-06 00:46:00,EXTEND,short,3980.7,3995.6,3995.6,3973.3,False,,3995.6,SL,-14.9,-153.0,96
2025-11-06 02:20:00,2025-11-06 02:39:00,2025-11-06 02:42:00,EXTEND,long,3989.9,3988.5,3988.5,3996.0,False,,3988.5,SL,-1.4,-18.0,3
2025-11-06 07:50:00,2025-11-06 08:07:00,2025-11-06 09:07:00,EXTEND,long,3980.7,3978.0,3978.0,3987.2,False,,3978.0,SL,-2.7,-31.0,60
2025-11-06 09:05:00,2025-11-06 09:28:00,2025-11-06 10:03:00,MSS,short,3980.6,3986.1,3986.1,3973.1,False,,3986.1,SL,-5.5,-59.0,35
2025-11-06 10:40:00,2025-11-06 10:52:00,2025-11-06 11:23:00,EXTEND,long,3992.0,3984.7,3984.7,3994.0,False,,3994.0,TP,2.0,16.0,31
2025-11-06 13:05:00,2025-11-06 13:10:00,2025-11-06 13:24:00,EXTEND,long,3995.7,3993.3,3993.3,3998.8,False,,3998.8,TP,3.1,27.0,14
2025-11-06 13:25:00,2025-11-06 13:38:00,2025-11-06 13:41:00,BOS,long,3997.5,3994.4,3994.4,3999.7,False,,3994.4,SL,-3.1,-35.0,3
2025-11-06 13:45:00,2025-11-06 14:02:00,2025-11-06 14:08:00,EXTEND,long,3996.7,3994.4,3994.4,4000.0,False,,3994.4,SL,-2.3,-27.0,6
2025-11-06 18:00:00,2025-11-06 18:07:00,2025-11-06 18:08:00,MSS,short,4017.2,4022.7,4022.7,4016.6,False,,4016.6,TP,0.6,2.0,1
2025-11-06 19:00:00,2025-11-06 19:12:00,2025-11-06 19:27:00,MSS,long,4018.7,4014.3,4014.3,4020.0,False,,4020.0,TP,1.3,9.0,15
2025-11-06 20:50:00,2025-11-06 21:09:00,2025-11-06 21:21:00,BOS,short,4019.6,4023.9,4023.9,4012.1,False,,4023.9,SL,-4.3,-47.0,12
2025-11-07 01:25:00,2025-11-07 01:53:00,2025-11-07 01:54:00,EXTEND,short,3993.8,3993.9,3993.9,3973.2,False,,3994.1,SL,-0.3,-7.0,1
2025-11-07 03:10:00,2025-11-07 03:38:00,2025-11-07 03:47:00,BOS,long,3999.3,3994.3,3994.3,4003.7,False,,3994.3,SL,-5.0,-54.0,9
2025-11-07 07:00:00,2025-11-07 07:12:00,2025-11-07 07:16:00,EXTEND,short,3989.0,3989.8,3989.8,3981.5,False,,3989.8,SL,-0.8,-12.0,4
2025-11-07 08:15:00,2025-11-07 08:20:00,2025-11-07 08:21:00,MSS,long,3999.6,3991.6,3991.6,3998.3,False,,3999.3,TP,-0.3,-7.0,1
2025-11-07 09:00:00,2025-11-07 09:05:00,2025-11-07 09:06:00,MSS,long,4002.5,3995.2,3995.2,4000.8,False,,4002.1,TP,-0.4,-8.0,1
2025-11-07 10:10:00,2025-11-07 10:15:00,2025-11-07 10:16:00,MSS,short,4005.0,4011.2,4011.2,4005.2,False,,4005.1,TP,-0.1,-5.0,1
2025-11-07 10:35:00,2025-11-07 10:51:00,2025-11-07 11:04:00,MSS,long,4003.3,3998.8,3998.8,4006.5,False,,3998.8,SL,-4.5,-49.0,13
2025-11-07 11:10:00,2025-11-07 11:39:00,2025-11-07 12:02:00,EXTEND,short,3999.7,4004.8,4004.8,3995.3,False,,3995.3,TP,4.4,40.0,23
2025-11-07 12:00:00,2025-11-07 12:13:00,2025-11-07 12:20:00,EXTEND,short,3999.3,4002.6,4002.6,3992.8,False,,4002.6,SL,-3.3,-37.0,7
2025-11-07 12:35:00,2025-11-07 12:43:00,2025-11-07 12:50:00,EXTEND,short,4002.8,4005.2,4005.2,4000.9,False,,4005.2,SL,-2.4,-28.0,7
2025-11-07 13:00:00,2025-11-07 13:19:00,2025-11-07 13:22:00,EXTEND,long,4004.4,4002.1,4002.1,4006.3,False,,4002.1,SL,-2.3,-27.0,3
2025-11-07 13:25:00,2025-11-07 13:44:00,2025-11-07 14:23:00,EXTEND,short,4003.8,4006.3,4006.3,3998.8,False,,4006.3,SL,-2.5,-29.0,39
2025-11-07 16:00:00,2025-11-07 16:06:00,2025-11-07 16:07:00,EXTEND,long,4014.9,4010.2,4010.2,4017.1,False,,4017.1,TP,2.2,18.0,1
2025-11-07 16:10:00,2025-11-07 16:32:00,2025-11-07 16:59:00,BOS,long,4013.7,4012.4,4012.4,4018.3,False,,4018.3,TP,4.6,42.0,27
2025-11-07 17:15:00,2025-11-07 17:24:00,2025-11-07 17:33:00,BOS,long,4019.6,4016.1,4016.1,4022.4,False,,4016.1,SL,-3.5,-39.0,9
2025-11-07 18:25:00,2025-11-07 18:35:00,2025-11-07 19:00:00,EXTEND,long,4013.4,4010.3,4010.3,4017.2,False,,4017.2,TP,3.8,34.0,25
2025-11-07 19:00:00,2025-11-07 19:10:00,2025-11-07 19:14:00,BOS,long,4015.8,4010.9,4010.9,4019.9,False,,4010.9,SL,-4.9,-53.0,4
2025-11-07 19:40:00,2025-11-07 19:55:00,2025-11-07 20:04:00,EXTEND,short,4009.6,4015.6,4015.6,4001.2,False,,4015.6,SL,-6.0,-64.0,9
2025-11-07 20:05:00,2025-11-07 20:34:00,2025-11-07 20:49:00,MSS,long,4005.9,4001.2,4001.2,4016.9,False,,4001.2,SL,-4.7,-51.0,15
2025-11-07 20:50:00,2025-11-07 21:00:00,2025-11-07 21:07:00,EXTEND,short,4002.2,4006.5,4006.5,3998.7,False,,4006.5,SL,-4.3,-47.0,7
2025-11-10 08:45:00,2025-11-10 08:56:00,2025-11-10 09:00:00,MSS,long,4028.9,4019.3,4019.3,4032.0,False,,4032.0,TP,3.1,27.0,4
2025-11-10 10:10:00,2025-11-10 10:19:00,2025-11-10 10:57:00,EXTEND,short,4053.6,4056.0,4056.0,4046.3,False,,4056.0,SL,-2.4,-28.0,38
2025-11-10 11:40:00,2025-11-10 11:52:00,2025-11-10 12:02:00,EXTEND,long,4057.0,4053.0,4053.0,4061.7,False,,4061.7,TP,4.7,43.0,10
2025-11-10 12:10:00,2025-11-10 12:48:00,2025-11-10 13:30:00,BOS,long,4061.5,4055.7,4055.7,4065.9,False,,4065.9,TP,4.4,40.0,42
2025-11-10 14:35:00,2025-11-10 14:49:00,2025-11-10 15:13:00,EXTEND,long,4081.7,4074.8,4074.8,4087.3,False,,4087.3,TP,5.6,52.0,24
2025-11-10 15:15:00,2025-11-10 15:27:00,2025-11-10 16:06:00,EXTEND,long,4084.4,4081.6,4081.6,4087.8,False,,4087.8,TP,3.4,30.0,39
2025-11-10 16:05:00,2025-11-10 16:17:00,2025-11-10 16:35:00,BOS,long,4086.5,4081.7,4081.7,4091.9,False,,4091.9,TP,5.4,50.0,18
2025-11-10 16:35:00,2025-11-10 16:46:00,2025-11-10 17:13:00,BOS,long,4089.0,4083.0,4083.0,4093.7,False,,4083.0,SL,-6.0,-64.0,27
2025-11-10 17:15:00,2025-11-10 17:21:00,2025-11-10 17:35:00,EXTEND,short,4085.4,4091.2,4091.2,4079.5,False,,4091.2,SL,-5.8,-62.0,14
2025-11-10 17:40:00,2025-11-10 18:01:00,2025-11-10 20:01:00,EXTEND,long,4087.8,4079.5,4079.5,4095.2,False,,4095.2,TP,7.4,70.0,120
2025-11-10 21:40:00,2025-11-10 21:45:00,2025-11-10 21:46:00,EXTEND,short,4105.0,4113.6,4113.6,4103.4,False,,4103.4,TP,1.6,12.0,1
2025-11-10 22:35:00,2025-11-10 22:48:00,2025-11-10 23:01:00,EXTEND,short,4088.6,4097.0,4097.0,4082.5,False,,4097.0,SL,-8.4,-88.0,13
2025-11-10 23:45:00,2025-11-10 23:55:00,2025-11-11 00:08:00,BOS,short,4091.4,4096.0,4096.0,4084.7,False,,4096.0,SL,-4.6,-50.0,13
2025-11-11 02:50:00,2025-11-11 03:15:00,2025-11-11 05:53:00,EXTEND,short,4120.2,4123.9,4123.9,4113.1,False,,4123.9,SL,-3.7,-41.0,158
2025-11-11 07:10:00,2025-11-11 07:21:00,2025-11-11 07:46:00,EXTEND,long,4127.2,4121.6,4121.6,4128.0,False,,4128.0,TP,0.8,4.0,25
2025-11-11 07:45:00,2025-11-11 07:57:00,2025-11-11 08:00:00,BOS,long,4125.8,4125.1,4125.1,4129.7,False,,4125.1,SL,-0.7,-11.0,3
2025-11-11 09:30:00,2025-11-11 09:48:00,2025-11-11 11:10:00,EXTEND,long,4141.5,4133.7,4133.7,4147.4,False,,4147.4,TP,5.9,55.0,82
2025-11-11 12:10:00,2025-11-11 12:17:00,2025-11-11 12:18:00,MSS,short,4148.3,4154.9,4154.9,4148.2,False,,4148.2,TP,0.1,-3.0,1
2025-11-11 12:40:00,2025-11-11 12:53:00,2025-11-11 12:56:00,MSS,short,4150.7,4151.3,4151.3,4147.7,False,,4147.7,TP,3.0,26.0,3
2025-11-11 12:55:00,2025-11-11 13:04:00,2025-11-11 13:05:00,EXTEND,short,4146.7,4151.3,4151.3,4147.6,False,,4146.7,TP,0.0,-4.0,1
2025-11-11 13:05:00,2025-11-11 13:21:00,2025-11-11 13:30:00,EXTEND,short,4144.9,4152.4,4152.4,4141.6,False,,4141.6,TP,3.3,29.0,9
2025-11-11 13:35:00,2025-11-11 13:57:00,2025-11-11 15:51:00,EXTEND,short,4138.7,4148.7,4148.7,4131.3,False,,4131.3,TP,7.4,70.0,114
2025-11-11 16:00:00,2025-11-11 16:05:00,2025-11-11 16:06:00,MSS,long,4142.2,4131.0,4131.0,4141.5,False,,4142.3,TP,0.1,-3.0,1
2025-11-11 16:15:00,2025-11-11 16:39:00,2025-11-11 17:02:00,EXTEND,long,4138.3,4131.0,4131.0,4144.8,False,,4144.8,TP,6.5,61.0,23
2025-11-11 18:05:00,2025-11-11 18:20:00,2025-11-11 18:31:00,EXTEND,short,4147.5,4152.5,4152.5,4143.5,False,,4143.5,TP,4.0,36.0,11
2025-11-11 18:30:00,2025-11-11 18:54:00,2025-11-11 20:52:00,EXTEND,short,4148.8,4152.5,4152.5,4142.7,False,,4142.7,TP,6.1,57.0,118
2025-11-11 20:55:00,2025-11-11 21:15:00,2025-11-11 21:22:00,EXTEND,short,4145.0,4148.4,4148.4,4139.3,False,,4148.4,SL,-3.4,-38.0,7
2025-11-11 21:35:00,2025-11-11 21:45:00,2025-11-11 22:05:00,EXTEND,long,4149.5,4144.6,4144.6,4153.4,False,,4144.6,SL,-4.9,-53.0,20
2025-11-11 22:45:00,2025-11-11 22:59:00,2025-11-11 23:08:00,BOS,short,4131.1,4139.6,4139.6,4125.8,False,,4125.8,TP,5.3,49.0,9
2025-11-12 01:30:00,2025-11-12 01:54:00,2025-11-12 02:13:00,BOS,short,4120.2,4123.5,4123.5,4116.0,False,,4116.0,TP,4.2,38.0,19
2025-11-12 02:10:00,2025-11-12 02:19:00,2025-11-12 02:32:00,BOS,short,4118.7,4122.0,4122.0,4114.0,False,,4114.0,TP,4.7,43.0,13
2025-11-12 02:50:00,2025-11-12 02:55:00,2025-11-12 02:56:00,MSS,long,4120.4,4112.3,4112.3,4120.0,False,,4120.2,TP,-0.2,-6.0,1
2025-11-12 07:50:00,2025-11-12 08:02:00,2025-11-12 08:04:00,EXTEND,long,4149.3,4142.6,4142.6,4151.0,False,,4151.0,TP,1.7,13.0,2
2025-11-12 08:05:00,2025-11-12 08:28:00,2025-11-12 08:50:00,EXTEND,long,4146.6,4142.6,4142.6,4151.6,False,,4142.6,SL,-4.0,-44.0,22
2025-11-12 09:40:00,2025-11-12 09:48:00,2025-11-12 09:49:00,MSS,long,4139.6,4131.7,4131.7,4139.9,False,,4139.9,TP,0.3,-1.0,1
2025-11-12 13:30:00,2025-11-12 13:40:00,2025-11-12 14:07:00,BOS,short,4111.5,4115.7,4115.7,4104.4,False,,4115.7,SL,-4.2,-46.0,27
2025-11-12 14:35:00,2025-11-12 14:52:00,2025-11-12 15:01:00,BOS,long,4120.7,4117.0,4117.0,4124.2,False,,4124.2,TP,3.5,31.0,9
2025-11-12 15:30:00,2025-11-12 15:35:00,2025-11-12 15:36:00,MSS,short,4123.2,4129.8,4129.8,4123.9,False,,4123.3,TP,-0.1,-5.0,1
2025-11-12 16:15:00,2025-11-12 16:20:00,2025-11-12 16:21:00,MSS,long,4129.4,4117.3,4117.3,4127.9,False,,4129.3,TP,-0.1,-5.0,1
2025-11-12 17:10:00,2025-11-12 17:18:00,2025-11-12 17:21:00,MSS,short,4134.6,4139.4,4139.4,4132.7,False,,4132.7,TP,1.9,15.0,3
2025-11-12 17:50:00,2025-11-12 18:19:00,2025-11-12 18:29:00,EXTEND,short,4131.5,4139.4,4139.4,4126.3,False,,4126.3,TP,5.2,48.0,10
2025-11-12 18:30:00,2025-11-12 18:59:00,2025-11-12 19:00:00,EXTEND,short,4133.4,4134.5,4134.5,4123.3,False,,4134.5,SL,-1.1,-15.0,1
2025-11-12 19:10:00,2025-11-12 19:23:00,2025-11-12 19:28:00,MSS,long,4131.1,4130.3,4130.3,4137.1,False,,4130.3,SL,-0.8,-12.0,5
2025-11-12 20:30:00,2025-11-12 21:02:00,2025-11-12 21:10:00,EXTEND,long,4136.1,4129.0,4129.0,4146.2,False,,4129.0,SL,-7.1,-75.0,8
2025-11-12 21:50:00,2025-11-12 21:57:00,2025-11-12 22:03:00,MSS,short,4131.3,4137.8,4137.8,4130.4,False,,4137.8,SL,-6.5,-69.0,6
2025-11-12 22:30:00,2025-11-12 22:43:00,2025-11-12 22:50:00,MSS,short,4141.5,4144.3,4144.3,4130.7,False,,4144.3,SL,-2.8,-32.0,7
2025-11-12 23:50:00,2025-11-12 23:56:00,2025-11-13 00:03:00,EXTEND,long,4188.3,4181.2,4181.2,4192.4,False,,4192.4,TP,4.1,37.0,7
2025-11-13 01:00:00,2025-11-13 01:20:00,2025-11-13 01:36:00,EXTEND,long,4201.9,4193.7,4193.7,4209.0,False,,4209.0,TP,7.1,67.0,16
2025-11-13 02:00:00,2025-11-13 02:17:00,2025-11-13 02:24:00,MSS,short,4205.6,4210.6,4210.6,4196.9,False,,4210.6,SL,-5.0,-54.0,7
2025-11-13 07:05:00,2025-11-13 07:15:00,2025-11-13 07:20:00,MSS,long,4203.3,4199.9,4199.9,4210.0,False,,4199.9,SL,-3.4,-38.0,5
2025-11-13 08:10:00,2025-11-13 08:25:00,2025-11-13 08:30:00,EXTEND,short,4196.2,4197.8,4197.8,4189.0,False,,4197.8,SL,-1.6,-20.0,5
2025-11-13 09:05:00,2025-11-13 09:12:00,2025-11-13 09:13:00,MSS,short,4195.1,4212.9,4212.9,4197.5,False,,4195.2,TP,-0.1,-5.0,1
2025-11-13 10:05:00,2025-11-13 10:35:00,2025-11-13 11:05:00,EXTEND,long,4190.9,4186.6,4186.6,4200.9,False,,4200.9,TP,10.0,96.0,30
2025-11-13 12:05:00,2025-11-13 12:44:00,2025-11-13 15:59:00,EXTEND,long,4212.6,4200.1,4200.1,4224.0,False,,4224.0,TP,11.4,110.0,195
2025-11-13 17:00:00,2025-11-13 17:10:00,2025-11-13 17:18:00,MSS,short,4237.3,4243.0,4243.0,4232.3,False,,4243.0,SL,-5.7,-61.0,8
2025-11-13 17:25:00,2025-11-13 17:34:00,2025-11-13 18:21:00,MSS,short,4236.8,4245.0,4245.0,4231.6,False,,4245.0,SL,-8.2,-86.0,47
2025-11-13 18:30:00,2025-11-13 18:35:00,2025-11-13 18:37:00,MSS,short,4237.4,4245.4,4245.4,4236.6,False,,4236.6,TP,0.8,4.0,2
2025-11-13 19:00:00,2025-11-13 19:08:00,2025-11-13 19:21:00,EXTEND,short,4232.8,4240.1,4240.1,4226.5,False,,4226.5,TP,6.3,59.0,13
2025-11-13 19:40:00,2025-11-13 19:48:00,2025-11-13 19:55:00,MSS,long,4236.1,4224.0,4224.0,4237.0,False,,4237.0,TP,0.9,5.0,7
2025-11-13 20:20:00,2025-11-13 20:28:00,2025-11-13 20:37:00,EXTEND,long,4237.7,4234.2,4234.2,4242.2,False,,4242.2,TP,4.5,41.0,9
2025-11-13 21:00:00,2025-11-13 21:06:00,2025-11-13 21:07:00,MSS,short,4231.3,4250.0,4250.0,4232.9,False,,4231.4,TP,-0.1,-5.0,1
2025-11-13 21:10:00,2025-11-13 21:28:00,2025-11-13 21:33:00,EXTEND,short,4239.4,4250.0,4250.0,4230.2,False,,4230.2,TP,9.2,88.0,5
2025-11-13 21:35:00,2025-11-13 21:48:00,2025-11-13 22:08:00,EXTEND,short,4231.7,4242.5,4242.5,4224.4,False,,4224.4,TP,7.3,69.0,20
2025-11-13 23:05:00,2025-11-13 23:31:00,2025-11-13 23:33:00,MSS,long,4201.0,4193.2,4193.2,4209.6,False,,4193.2,SL,-7.8,-82.0,2
2025-11-14 00:40:00,2025-11-14 00:55:00,2025-11-14 01:14:00,EXTEND,short,4206.2,4213.0,4213.0,4199.9,False,,4199.9,TP,6.3,59.0,19
2025-11-14 01:15:00,2025-11-14 01:29:00,2025-11-14 02:27:00,EXTEND,short,4206.9,4212.9,4212.9,4197.4,False,,4197.4,TP,9.5,91.0,58
2025-11-14 07:50:00,2025-11-14 08:09:00,2025-11-14 08:19:00,EXTEND,long,4186.2,4179.8,4179.8,4189.7,False,,4189.7,TP,3.5,31.0,10
2025-11-14 08:50:00,2025-11-14 09:00:00,2025-11-14 09:21:00,MSS,short,4183.8,4192.5,4192.5,4180.8,False,,4180.8,TP,3.0,26.0,21
2025-11-14 09:30:00,2025-11-14 09:43:00,2025-11-14 09:54:00,EXTEND,short,4182.3,4192.3,4192.3,4176.1,False,,4192.3,SL,-10.0,-104.0,11
2025-11-14 11:50:00,2025-11-14 11:58:00,2025-11-14 12:11:00,MSS,short,4207.5,4215.1,4215.1,4204.3,False,,4204.3,TP,3.2,28.0,13
2025-11-14 12:25:00,2025-11-14 12:37:00,2025-11-14 13:09:00,EXTEND,short,4205.4,4209.4,4209.4,4199.5,False,,4199.5,TP,5.9,55.0,32
2025-11-14 13:15:00,2025-11-14 13:43:00,2025-11-14 14:16:00,EXTEND,short,4197.2,4206.9,4206.9,4186.5,False,,4186.5,TP,10.7,103.0,33
2025-11-14 15:45:00,2025-11-14 15:50:00,2025-11-14 15:51:00,MSS,long,4182.9,4162.3,4162.3,4182.5,False,,4182.6,TP,-0.3,-7.0,1
2025-11-14 17:00:00,2025-11-14 17:12:00,2025-11-14 17:31:00,EXTEND,short,4179.8,4190.5,4190.5,4170.5,False,,4170.5,TP,9.3,89.0,19
2025-11-14 18:30:00,2025-11-14 18:43:00,2025-11-14 18:55:00,BOS,short,4170.2,4174.4,4174.4,4162.8,False,,4174.4,SL,-4.2,-46.0,12
2025-11-14 22:20:00,2025-11-14 22:34:00,2025-11-14 22:35:00,MSS,long,4041.3,4045.6,4045.6,4061.6,False,,4041.0,SL,-0.3,-7.0,1
2025-11-14 23:50:00,2025-11-14 23:57:00,2025-11-15 00:19:00,EXTEND,long,4091.7,4074.4,4074.4,4098.2,False,,4098.2,TP,6.5,61.0,22
2025-11-15 00:40:00,2025-11-15 00:59:00,2025-11-15 01:08:00,EXTEND,long,4107.3,4098.7,4098.7,4113.3,False,,4098.7,SL,-8.6,-90.0,9
2025-11-15 02:20:00,2025-11-15 02:31:00,2025-11-15 04:21:00,EXTEND,short,4094.2,4106.3,4106.3,4082.4,False,,4082.4,TP,11.8,114.0,110
2025-11-17 07:05:00,2025-11-17 07:11:00,2025-11-17 07:22:00,MSS,long,4101.8,4061.9,4061.9,4105.0,False,,4105.0,TP,3.2,28.0,11
2025-11-17 08:55:00,2025-11-17 09:05:00,2025-11-17 09:10:00,BOS,short,4088.4,4093.0,4093.0,4082.5,False,,4093.0,SL,-4.6,-50.0,5
2025-11-17 09:10:00,2025-11-17 09:18:00,2025-11-17 09:32:00,MSS,long,4091.0,4082.5,4082.5,4098.2,False,,4098.2,TP,7.2,68.0,14
2025-11-17 09:35:00,2025-11-17 10:05:00,2025-11-17 10:36:00,EXTEND,long,4088.9,4086.7,4086.7,4103.5,False,,4086.7,SL,-2.2,-26.0,31
2025-11-17 11:00:00,2025-11-17 11:19:00,2025-11-17 13:18:00,EXTEND,short,4080.8,4095.2,4095.2,4070.6,False,,4070.6,TP,10.2,98.0,119
2025-11-17 14:05:00,2025-11-17 14:14:00,2025-11-17 14:32:00,EXTEND,long,4059.6,4054.6,4054.6,4067.9,False,,4067.9,TP,8.3,79.0,18
2025-11-17 16:10:00,2025-11-17 16:37:00,2025-11-17 19:01:00,EXTEND,long,4080.6,4065.6,4065.6,4096.9,False,,4065.6,SL,-15.0,-154.0,144
2025-11-17 19:00:00,2025-11-17 19:38:00,2025-11-17 21:03:00,EXTEND,short,4078.0,4087.7,4087.7,4062.2,False,,4087.7,SL,-9.7,-101.0,85
2025-11-17 21:05:00,2025-11-17 21:12:00,2025-11-17 21:28:00,EXTEND,long,4085.0,4076.2,4076.2,4093.7,False,,4076.2,SL,-8.8,-92.0,16
2025-11-17 21:50:00,2025-11-17 22:15:00,2025-11-17 22:36:00,EXTEND,short,4072.4,4080.9,4080.9,4060.0,False,,4080.9,SL,-8.5,-89.0,21
2025-11-17 22:35:00,2025-11-17 22:42:00,2025-11-17 23:08:00,EXTEND,long,4077.0,4065.0,4065.0,4083.7,False,,4065.0,SL,-12.0,-124.0,26
2025-11-18 07:00:00,2025-11-18 07:12:00,2025-11-18 07:40:00,BOS,long,4050.6,4042.9,4042.9,4056.1,False,,4042.9,SL,-7.7,-81.0,28
2025-11-18 07:45:00,2025-11-18 07:54:00,2025-11-18 08:23:00,EXTEND,short,4037.8,4051.0,4051.0,4028.0,False,,4028.0,TP,9.8,94.0,29
2025-11-18 08:35:00,2025-11-18 08:57:00,2025-11-18 08:59:00,MSS,long,4034.7,4028.1,4028.1,4038.8,False,,4038.8,TP,4.1,37.0,2
2025-11-18 09:00:00,2025-11-18 09:09:00,2025-11-18 09:42:00,EXTEND,long,4038.4,4031.3,4031.3,4044.7,False,,4031.3,SL,-7.1,-75.0,33
2025-11-18 10:35:00,2025-11-18 10:40:00,2025-11-18 10:47:00,EXTEND,long,4034.8,4026.5,4026.5,4035.9,False,,4026.5,SL,-8.3,-87.0,7
2025-11-18 11:40:00,2025-11-18 11:55:00,2025-11-18 12:16:00,EXTEND,long,4015.8,4008.2,4008.2,4026.0,False,,4008.2,SL,-7.6,-80.0,21
2025-11-18 12:20:00,2025-11-18 12:31:00,2025-11-18 15:12:00,EXTEND,short,4015.0,4026.0,4026.0,4002.6,False,,4002.6,TP,12.4,120.0,161
2025-11-18 15:10:00,2025-11-18 15:19:00,2025-11-18 15:30:00,EXTEND,short,4008.0,4015.1,4015.1,4001.1,False,,4001.1,TP,6.9,65.0,11
2025-11-18 15:35:00,2025-11-18 15:42:00,2025-11-18 15:47:00,EXTEND,short,4010.3,4015.1,4015.1,3997.4,False,,4015.1,SL,-4.8,-52.0,5
2025-11-18 18:45:00,2025-11-18 18:59:00,2025-11-18 19:59:00,BOS,long,4043.9,4036.8,4036.8,4050.2,False,,4036.8,SL,-7.1,-75.0,60
2025-11-18 19:55:00,2025-11-18 20:05:00,2025-11-18 20:24:00,EXTEND,short,4042.9,4049.8,4049.8,4036.3,False,,4036.3,TP,6.6,62.0,19
2025-11-18 20:25:00,2025-11-18 20:41:00,2025-11-18 20:56:00,EXTEND,short,4036.7,4044.5,4044.5,4031.3,False,,4031.3,TP,5.4,50.0,15
2025-11-18 21:00:00,2025-11-18 21:12:00,2025-11-18 21:21:00,MSS,long,4042.8,4028.2,4028.2,4046.3,False,,4046.3,TP,3.5,31.0,9
2025-11-18 22:05:00,2025-11-18 22:11:00,2025-11-18 22:15:00,EXTEND,long,4072.5,4065.2,4065.2,4075.7,False,,4075.7,TP,3.2,28.0,4
2025-11-18 22:15:00,2025-11-18 22:28:00,2025-11-18 22:32:00,BOS,long,4075.9,4068.6,4068.6,4080.7,False,,4080.7,TP,4.8,44.0,4
2025-11-18 22:30:00,2025-11-18 22:36:00,2025-11-18 22:40:00,EXTEND,long,4076.6,4068.6,4068.6,4081.0,False,,4081.0,TP,4.4,40.0,4
2025-11-18 22:40:00,2025-11-18 22:48:00,2025-11-18 22:52:00,EXTEND,long,4076.0,4068.6,4068.6,4082.5,False,,4068.6,SL,-7.4,-78.0,4
2025-11-18 23:30:00,2025-11-18 23:38:00,2025-11-18 23:50:00,EXTEND,long,4062.3,4053.1,4053.1,4072.9,False,,4053.1,SL,-9.2,-96.0,12
2025-11-19 00:00:00,2025-11-19 00:21:00,2025-11-19 01:37:00,MSS,short,4056.0,4072.9,4072.9,4040.0,False,,4072.9,SL,-16.9,-173.0,76
2025-11-19 02:00:00,2025-11-19 02:07:00,2025-11-19 02:08:00,MSS,short,4071.2,4074.2,4074.2,4069.7,False,,4069.7,TP,1.5,11.0,1
2025-11-19 02:05:00,2025-11-19 02:12:00,2025-11-19 02:15:00,EXTEND,short,4069.6,4074.2,4074.2,4068.0,False,,4068.0,TP,1.6,12.0,3
2025-11-19 02:25:00,2025-11-19 02:44:00,2025-11-19 02:46:00,EXTEND,short,4071.1,4074.2,4074.2,4063.4,False,,4074.2,SL,-3.1,-35.0,2
2025-11-19 03:20:00,2025-11-19 03:35:00,2025-11-19 03:38:00,EXTEND,long,4078.6,4069.8,4069.8,4081.7,False,,4081.7,TP,3.1,27.0,3
2025-11-19 07:15:00,2025-11-19 07:35:00,2025-11-19 07:44:00,EXTEND,long,4069.0,4065.4,4065.4,4073.2,False,,4073.2,TP,4.2,38.0,9
2025-11-19 07:55:00,2025-11-19 08:09:00,2025-11-19 08:23:00,BOS,long,4074.0,4067.2,4067.2,4077.7,False,,4077.7,TP,3.7,33.0,14
2025-11-19 08:20:00,2025-11-19 08:53:00,2025-11-19 08:55:00,BOS,long,4071.1,4070.3,4070.3,4078.0,False,,4070.3,SL,-0.8,-12.0,2
2025-11-19 10:25:00,2025-11-19 10:32:00,2025-11-19 10:33:00,MSS,long,4068.0,4058.8,4058.8,4066.2,False,,4068.1,TP,0.1,-3.0,1
2025-11-19 12:00:00,2025-11-19 12:29:00,2025-11-19 12:33:00,EXTEND,short,4074.1,4076.4,4076.4,4064.2,False,,4076.4,SL,-2.3,-27.0,4
2025-11-19 15:05:00,2025-11-19 15:49:00,2025-11-19 15:51:00,MSS,short,4095.2,4096.2,4096.2,4084.9,False,,4096.2,SL,-1.0,-14.0,2
2025-11-19 19:15:00,2025-11-19 19:45:00,2025-11-19 20:10:00,BOS,long,4114.0,4107.1,4107.1,4118.6,False,,4118.6,TP,4.6,42.0,25
2025-11-19 20:10:00,2025-11-19 20:17:00,2025-11-19 21:01:00,EXTEND,long,4116.5,4110.6,4110.6,4120.9,False,,4110.6,SL,-5.9,-63.0,44
2025-11-19 21:15:00,2025-11-19 21:32:00,2025-11-19 22:55:00,EXTEND,short,4111.1,4120.7,4120.7,4101.0,False,,4120.7,SL,-9.6,-100.0,83
2025-11-19 23:30:00,2025-11-19 23:38:00,2025-11-19 23:39:00,EXTEND,short,4117.9,4134.3,4134.3,4114.4,False,,4114.4,TP,3.5,31.0,1
2025-11-20 00:15:00,2025-11-20 00:23:00,2025-11-20 00:25:00,BOS,short,4088.2,4095.6,4095.6,4082.1,False,,4082.1,TP,6.1,57.0,2
2025-11-20 02:15:00,2025-11-20 02:29:00,2025-11-20 02:33:00,EXTEND,long,4082.7,4076.7,4076.7,4087.6,False,,4076.7,SL,-6.0,-64.0,4
2025-11-20 02:50:00,2025-11-20 03:09:00,2025-11-20 03:13:00,BOS,long,4084.8,4076.3,4076.3,4092.4,False,,4076.3,SL,-8.5,-89.0,4
2025-11-20 07:00:00,2025-11-20 07:09:00,2025-11-20 07:11:00,MSS,long,4084.8,4076.4,4076.4,4087.3,False,,4087.3,TP,2.5,21.0,2
2025-11-20 08:40:00,2025-11-20 08:46:00,2025-11-20 08:52:00,EXTEND,short,4102.8,4108.3,4108.3,4099.9,False,,4099.9,TP,2.9,25.0,6
2025-11-20 08:50:00,2025-11-20 09:07:00,2025-11-20 09:10:00,EXTEND,short,4104.6,4108.3,4108.3,4099.0,False,,4099.0,TP,5.6,52.0,3
2025-11-20 11:40:00,2025-11-20 12:02:00,2025-11-20 12:15:00,EXTEND,short,4067.2,4077.7,4077.7,4061.7,False,,4077.7,SL,-10.5,-109.0,13
2025-11-20 12:50:00,2025-11-20 12:55:00,2025-11-20 12:56:00,MSS,long,4078.8,4071.7,4071.7,4078.3,False,,4078.8,TP,0.0,-4.0,1
2025-11-20 14:05:00,2025-11-20 14:15:00,2025-11-20 14:25:00,MSS,long,4073.3,4063.5,4063.5,4076.7,False,,4063.5,SL,-9.8,-102.0,10
2025-11-20 14:25:00,2025-11-20 14:42:00,2025-11-20 15:44:00,MSS,short,4068.0,4076.7,4076.7,4057.6,False,,4057.6,TP,10.4,100.0,62
2025-11-20 15:45:00,2025-11-20 16:01:00,2025-11-20 16:03:00,EXTEND,short,4057.3,4066.7,4066.7,4052.6,False,,4052.6,TP,4.7,43.0,2
2025-11-20 16:20:00,2025-11-20 16:37:00,2025-11-20 16:57:00,EXTEND,short,4052.5,4066.7,4066.7,4037.5,False,,4066.7,SL,-14.2,-146.0,20
2025-11-20 17:10:00,2025-11-20 17:33:00,2025-11-20 20:11:00,EXTEND,long,4059.3,4048.8,4048.8,4071.6,False,,4071.6,TP,12.3,119.0,158
2025-11-20 21:35:00,2025-11-20 21:47:00,2025-11-20 22:49:00,MSS,long,4081.9,4066.1,4066.1,4096.4,False,,4096.4,TP,14.5,141.0,62
2025-11-20 22:50:00,2025-11-20 23:09:00,2025-11-20 23:59:00,EXTEND,long,4088.0,4073.2,4073.2,4106.9,False,,4073.2,SL,-14.8,-152.0,50
2025-11-21 00:00:00,2025-11-21 00:12:00,2025-11-21 00:22:00,EXTEND,short,4075.5,4088.5,4088.5,4067.4,False,,4067.4,TP,8.1,77.0,10
2025-11-21 00:40:00,2025-11-21 00:49:00,2025-11-21 00:54:00,BOS,short,4060.4,4067.1,4067.1,4055.9,False,,4055.9,TP,4.5,41.0,5
2025-11-21 01:05:00,2025-11-21 01:25:00,2025-11-21 01:55:00,EXTEND,short,4054.2,4066.0,4066.0,4042.7,False,,4066.0,SL,-11.8,-122.0,30
2025-11-21 02:05:00,2025-11-21 02:23:00,2025-11-21 03:17:00,EXTEND,long,4060.2,4048.4,4048.4,4071.7,False,,4071.7,TP,11.5,111.0,54
2025-11-21 07:15:00,2025-11-21 07:21:00,2025-11-21 07:41:00,EXTEND,long,4083.2,4071.7,4071.7,4085.9,False,,4085.9,TP,2.7,23.0,20
2025-11-21 07:45:00,2025-11-21 07:54:00,2025-11-21 08:00:00,EXTEND,long,4078.1,4076.5,4076.5,4089.3,False,,4076.5,SL,-1.6,-20.0,6
2025-11-21 08:25:00,2025-11-21 08:51:00,2025-11-21 09:00:00,EXTEND,short,4076.2,4081.2,4081.2,4070.5,False,,4070.5,TP,5.7,53.0,9
2025-11-21 09:45:00,2025-11-21 09:52:00,2025-11-21 09:53:00,MSS,long,4070.2,4060.2,4060.2,4068.6,False,,4070.3,TP,0.1,-3.0,1
2025-11-21 10:15:00,2025-11-21 10:34:00,2025-11-21 10:35:00,MSS,short,4075.9,4075.0,4075.0,4065.3,False,,4075.6,SL,0.3,-1.0,1
2025-11-21 11:20:00,2025-11-21 11:44:00,2025-11-21 11:47:00,EXTEND,short,4053.1,4056.0,4056.0,4048.1,False,,4056.0,SL,-2.9,-33.0,3
2025-11-21 12:10:00,2025-11-21 12:16:00,2025-11-21 12:32:00,EXTEND,long,4053.5,4051.0,4051.0,4060.6,False,,4051.0,SL,-2.5,-29.0,16
2025-11-21 12:40:00,2025-11-21 13:08:00,2025-11-21 13:43:00,EXTEND,short,4053.4,4058.3,4058.3,4045.4,False,,4045.4,TP,8.0,76.0,35
2025-11-21 13:55:00,2025-11-21 14:00:00,2025-11-21 14:01:00,MSS,long,4058.8,4037.3,4037.3,4057.3,False,,4059.1,TP,0.3,-1.0,1
2025-11-21 14:00:00,2025-11-21 14:21:00,2025-11-21 14:28:00,EXTEND,long,4042.9,4037.3,4037.3,4063.4,False,,4037.3,SL,-5.6,-60.0,7
2025-11-21 15:00:00,2025-11-21 15:18:00,2025-11-21 16:03:00,EXTEND,short,4032.1,4038.2,4038.2,4021.0,False,,4021.0,TP,11.1,107.0,45
2025-11-21 16:00:00,2025-11-21 16:09:00,2025-11-21 16:15:00,EXTEND,short,4031.8,4038.2,4038.2,4019.0,False,,4038.2,SL,-6.4,-68.0,6
2025-11-21 17:00:00,2025-11-21 17:08:00,2025-11-21 17:09:00,MSS,long,4046.6,4035.4,4035.4,4045.0,False,,4046.8,TP,0.2,-2.0,1
2025-11-21 19:50:00,2025-11-21 20:11:00,2025-11-21 20:20:00,EXTEND,short,4039.2,4044.1,4044.1,4028.0,False,,4044.1,SL,-4.9,-53.0,9
2025-11-21 22:15:00,2025-11-21 22:20:00,2025-11-21 22:21:00,MSS,short,4068.9,4083.0,4083.0,4069.0,False,,4069.0,TP,-0.1,-5.0,1
2025-11-21 22:50:00,2025-11-21 23:00:00,2025-11-21 23:12:00,MSS,long,4072.7,4060.2,4060.2,4074.3,False,,4074.3,TP,1.6,12.0,12
2025-11-21 23:40:00,2025-11-21 23:48:00,2025-11-22 00:39:00,EXTEND,short,4067.1,4075.6,4075.6,4053.2,False,,4075.6,SL,-8.5,-89.0,51
2025-11-22 02:30:00,2025-11-22 02:40:00,2025-11-22 02:48:00,EXTEND,short,4078.0,4084.1,4084.1,4075.5,False,,4084.1,SL,-6.1,-65.0,8
2025-11-24 09:05:00,2025-11-24 09:11:00,2025-11-24 09:12:00,MSS,short,4049.5,4070.7,4070.7,4052.3,False,,4049.6,TP,-0.1,-5.0,1
2025-11-24 10:45:00,2025-11-24 10:53:00,2025-11-24 10:54:00,MSS,short,4038.8,4048.8,4048.8,4040.5,False,,4038.7,TP,0.1,-3.0,1
2025-11-24 10:55:00,2025-11-24 11:07:00,2025-11-24 11:31:00,EXTEND,short,4044.4,4048.8,4048.8,4037.3,False,,4048.8,SL,-4.4,-48.0,24
2025-11-24 11:35:00,2025-11-24 11:56:00,2025-11-24 12:12:00,EXTEND,long,4047.6,4040.9,4040.9,4055.0,False,,4055.0,TP,7.4,70.0,16
2025-11-24 12:10:00,2025-11-24 12:25:00,2025-11-24 12:32:00,BOS,long,4048.8,4045.3,4045.3,4058.6,False,,4045.3,SL,-3.5,-39.0,7
2025-11-24 13:45:00,2025-11-24 13:52:00,2025-11-24 14:02:00,MSS,short,4038.8,4046.0,4046.0,4037.7,False,,4046.0,SL,-7.2,-76.0,10
2025-11-24 17:10:00,2025-11-24 17:26:00,2025-11-24 18:03:00,EXTEND,long,4066.8,4059.2,4059.2,4071.7,False,,4071.7,TP,4.9,45.0,37
2025-11-24 18:20:00,2025-11-24 18:28:00,2025-11-24 18:30:00,MSS,short,4066.7,4073.5,4073.5,4064.9,False,,4064.9,TP,1.8,14.0,2
2025-11-24 19:00:00,2025-11-24 19:49:00,2025-11-24 20:42:00,EXTEND,short,4065.9,4073.5,4073.5,4060.1,False,,4073.5,SL,-7.6,-80.0,53
2025-11-24 21:50:00,2025-11-24 22:04:00,2025-11-24 22:30:00,EXTEND,short,4076.5,4084.0,4084.0,4070.6,False,,4070.6,TP,5.9,55.0,26
2025-11-24 22:50:00,2025-11-24 22:55:00,2025-11-24 22:56:00,MSS,long,4081.6,4065.9,4065.9,4082.6,False,,4082.6,TP,1.0,6.0,1
2025-11-25 01:15:00,2025-11-25 01:41:00,2025-11-25 01:50:00,EXTEND,short,4093.6,4098.9,4098.9,4087.4,False,,4098.9,SL,-5.3,-57.0,9
2025-11-25 02:05:00,2025-11-25 02:34:00,2025-11-25 02:36:00,EXTEND,short,4097.7,4098.9,4098.9,4086.4,False,,4098.9,SL,-1.2,-16.0,2
2025-11-25 03:15:00,2025-11-25 03:20:00,2025-11-25 03:37:00,EXTEND,short,4117.0,4123.4,4123.4,4113.6,False,,4113.6,TP,3.4,30.0,17
2025-11-25 03:35:00,2025-11-25 03:53:00,2025-11-25 04:20:00,EXTEND,short,4117.7,4123.4,4123.4,4112.9,False,,4123.4,SL,-5.7,-61.0,27
2025-11-25 07:10:00,2025-11-25 07:18:00,2025-11-25 07:45:00,MSS,short,4128.1,4136.9,4136.9,4123.6,False,,4136.9,SL,-8.8,-92.0,27
2025-11-25 07:55:00,2025-11-25 08:19:00,2025-11-25 08:56:00,EXTEND,long,4133.8,4126.8,4126.8,4142.7,False,,4126.8,SL,-7.0,-74.0,37
2025-11-25 09:00:00,2025-11-25 09:07:00,2025-11-25 09:19:00,EXTEND,short,4128.0,4134.6,4134.6,4121.4,False,,4121.4,TP,6.6,62.0,12
2025-11-25 09:35:00,2025-11-25 09:43:00,2025-11-25 10:02:00,MSS,long,4135.5,4120.3,4120.3,4136.3,False,,4136.3,TP,0.8,4.0,19
2025-11-25 10:05:00,2025-11-25 10:13:00,2025-11-25 10:18:00,EXTEND,long,4135.2,4129.8,4129.8,4139.5,False,,4139.5,TP,4.3,39.0,5
2025-11-25 10:45:00,2025-11-25 11:26:00,2025-11-25 15:29:00,EXTEND,long,4141.7,4133.2,4133.2,4152.2,False,,4133.2,SL,-8.5,-89.0,243
2025-11-25 15:55:00,2025-11-25 16:19:00,2025-11-25 16:34:00,EXTEND,short,4134.5,4140.8,4140.8,4126.3,False,,4126.3,TP,8.2,78.0,15
2025-11-25 16:50:00,2025-11-25 17:07:00,2025-11-25 17:15:00,BOS,short,4119.1,4126.4,4126.4,4106.1,False,,4126.4,SL,-7.3,-77.0,8
2025-11-25 18:15:00,2025-11-25 18:27:00,2025-11-25 20:44:00,EXTEND,long,4129.2,4122.6,4122.6,4136.1,False,,4122.6,SL,-6.6,-70.0,136
2025-11-25 20:45:00,2025-11-25 20:53:00,2025-11-25 21:07:00,EXTEND,short,4120.1,4132.8,4132.8,4112.1,False,,4132.8,SL,-12.7,-131.0,14
2025-11-26 07:15:00,2025-11-26 07:33:00,2025-11-26 08:09:00,EXTEND,long,4128.6,4126.1,4126.1,4133.9,False,,4134.6,TP,6.0,56.0,30
2025-11-26 08:55:00,2025-11-26 09:04:00,2025-11-26 09:08:00,MSS,long,4138.4,4131.8,4131.8,4141.3,False,,4141.3,TP,2.9,25.0,4
2025-11-26 10:05:00,2025-11-26 10:13:00,2025-11-26 10:17:00,BOS,long,4149.5,4144.8,4144.8,4151.0,False,,4151.1,TP,1.6,12.0,4
2025-11-26 11:35:00,2025-11-26 11:41:00,2025-11-26 11:46:00,MSS,long,4164.3,4160.9,4160.9,4164.5,False,,4165.3,TP,1.0,6.0,5
2025-11-26 11:45:00,2025-11-26 12:03:00,2025-11-26 12:04:00,EXTEND,long,4160.7,4160.9,4160.9,4167.5,False,,4160.2,SL,-0.5,-9.0,1
2025-11-26 14:35:00,2025-11-26 15:07:00,2025-11-26 15:52:00,EXTEND,short,4149.9,4156.4,4156.4,4144.0,False,,4156.4,SL,-6.5,-69.0,32
2025-11-26 16:25:00,2025-11-26 16:35:00,2025-11-26 16:44:00,EXTEND,long,4160.1,4154.4,4154.4,4165.2,False,,4153.1,SL,-7.0,-74.0,9
2025-11-26 18:45:00,2025-11-26 18:55:00,2025-11-26 19:05:00,BOS,short,4156.5,4157.8,4157.8,4152.9,False,,4158.0,SL,-1.5,-19.0,7
2025-11-26 20:25:00,2025-11-26 20:32:00,2025-11-26 20:40:00,MSS,short,4159.0,4171.4,4171.4,4157.7,False,,4157.7,TP,1.3,9.0,6
2025-11-26 20:45:00,2025-11-26 21:29:00,2025-11-26 22:07:00,EXTEND,short,4162.4,4171.4,4171.4,4145.4,False,,4145.4,TP,17.0,166.0,36
2025-11-26 22:30:00,2025-11-26 22:35:00,2025-11-26 22:36:00,MSS,long,4150.1,4139.0,4139.0,4150.4,False,,4150.4,TP,0.3,-1.0,1
2025-11-26 22:35:00,2025-11-26 23:03:00,2025-11-26 23:04:00,EXTEND,long,4140.9,4139.0,4139.0,4151.5,False,,4139.0,SL,-1.9,-23.0,1
2025-11-26 23:55:00,2025-11-27 00:02:00,2025-11-27 00:41:00,BOS,long,4160.3,4155.5,4155.5,4163.2,False,,4163.2,TP,2.9,25.0,39
2025-11-27 01:20:00,2025-11-27 02:03:00,2025-11-27 02:05:00,BOS,long,4166.7,4162.3,4162.3,4167.3,False,,4167.3,TP,0.6,2.0,1
2025-12-30 09:05:00,2025-12-30 09:19:00,2025-12-30 09:20:00,EXTEND,short,4356.1,4356.0,4356.0,4339.0,False,,4356.5,SL,-0.4,-8.0,1
2025-12-30 11:50:00,2025-12-30 11:57:00,2025-12-30 11:58:00,MSS,short,4371.4,4379.3,4379.3,4371.9,False,,4371.7,TP,-0.3,-7.0,1
2025-12-30 11:55:00,2025-12-30 12:04:00,2025-12-30 12:25:00,EXTEND,short,4374.9,4379.3,4379.3,4370.7,False,,4379.3,SL,-4.4,-48.0,21
2025-12-30 12:40:00,2025-12-30 12:56:00,2025-12-30 13:01:00,EXTEND,long,4378.6,4376.1,4376.1,4384.0,False,,4376.1,SL,-2.5,-29.0,5
2025-12-30 13:05:00,2025-12-30 13:18:00,2025-12-30 13:20:00,MSS,short,4377.2,4379.4,4379.4,4373.3,False,,4379.4,SL,-2.2,-26.0,2
2025-12-30 14:40:00,2025-12-30 14:51:00,2025-12-30 15:07:00,EXTEND,short,4379.9,4384.6,4384.6,4375.0,False,,4375.0,TP,4.9,45.0,16
2025-12-30 15:10:00,2025-12-30 15:15:00,2025-12-30 15:16:00,MSS,long,4386.2,4374.5,4374.5,4383.9,False,,4386.2,TP,0.0,-4.0,1
2025-12-30 16:00:00,2025-12-30 16:14:00,2025-12-30 16:21:00,MSS,short,4386.6,4398.5,4398.5,4378.7,False,,4378.7,TP,7.9,75.0,7
2025-12-30 17:55:00,2025-12-30 18:06:00,2025-12-30 18:12:00,EXTEND,long,4387.6,4382.8,4382.8,4389.5,False,,4389.5,TP,1.9,15.0,6
2025-12-30 19:10:00,2025-12-30 19:49:00,2025-12-30 20:09:00,EXTEND,long,4399.4,4394.4,4394.4,4406.0,False,,4406.0,TP,6.6,62.0,20
2025-12-30 20:40:00,2025-12-30 20:54:00,2025-12-30 21:00:00,EXTEND,long,4415.4,4407.5,4407.5,4418.8,False,,4418.8,TP,3.4,30.0,6
2025-12-30 21:20:00,2025-12-30 21:27:00,2025-12-30 21:30:00,EXTEND,short,4409.9,4420.5,4420.5,4405.5,False,,4405.5,TP,4.4,40.0,3
2025-12-30 21:40:00,2025-12-30 22:02:00,2025-12-30 22:38:00,EXTEND,short,4402.4,4413.7,4413.7,4391.0,False,,4391.0,TP,11.4,110.0,36
2025-12-30 22:45:00,2025-12-30 23:21:00,2025-12-31 03:47:00,EXTEND,short,4389.0,4407.8,4407.8,4370.7,False,,4370.7,TP,18.3,179.0,266
2025-12-31 07:35:00,2025-12-31 07:41:00,2025-12-31 09:03:00,EXTEND,short,4352.0,4359.5,4359.5,4339.0,False,,4359.5,SL,-7.5,-79.0,82
2025-12-31 10:30:00,2025-12-31 10:45:00,2025-12-31 10:48:00,EXTEND,short,4379.0,4383.4,4383.4,4369.4,False,,4369.4,TP,9.6,92.0,3
2025-12-31 11:20:00,2025-12-31 11:35:00,2025-12-31 12:54:00,BOS,short,4362.6,4371.7,4371.7,4352.5,False,,4352.5,TP,10.1,97.0,79
2025-12-31 13:05:00,2025-12-31 13:30:00,2025-12-31 13:40:00,EXTEND,short,4352.6,4360.7,4360.7,4341.1,False,,4341.1,TP,11.5,111.0,10
2025-12-31 15:45:00,2025-12-31 15:53:00,2025-12-31 15:54:00,MSS,short,4340.0,4346.3,4346.3,4339.3,False,,4339.3,TP,0.7,3.0,1
2025-12-31 15:50:00,2025-12-31 16:02:00,2025-12-31 16:06:00,EXTEND,short,4340.9,4346.3,4346.3,4338.3,False,,4338.3,TP,2.6,22.0,4
2025-12-31 16:55:00,2025-12-31 17:09:00,2025-12-31 17:36:00,EXTEND,short,4327.8,4339.6,4339.6,4315.6,False,,4339.6,SL,-11.8,-122.0,27
2025-12-31 18:25:00,2025-12-31 18:30:00,2025-12-31 18:31:00,MSS,short,4321.7,4343.3,4343.3,4331.9,False,,4321.8,TP,-0.1,-5.0,1
2025-12-31 19:50:00,2025-12-31 20:07:00,2025-12-31 20:10:00,EXTEND,long,4322.1,4320.6,4320.6,4329.6,False,,4320.6,SL,-1.5,-19.0,3
2025-12-31 20:35:00,2025-12-31 20:43:00,2025-12-31 20:44:00,MSS,long,4330.1,4314.6,4314.6,4327.7,False,,4330.0,TP,-0.1,-5.0,1
2025-12-31 21:05:00,2025-12-31 21:10:00,2025-12-31 21:20:00,MSS,short,4322.5,4329.5,4329.5,4320.2,False,,4329.5,SL,-7.0,-74.0,10
2025-12-31 22:35:00,2025-12-31 22:42:00,2025-12-31 22:47:00,EXTEND,long,4352.9,4346.1,4346.1,4363.2,False,,4363.2,TP,10.3,99.0,5
2025-12-31 23:05:00,2025-12-31 23:14:00,2025-12-31 23:15:00,MSS,short,4345.6,4367.8,4367.8,4346.2,False,,4345.5,TP,0.1,-3.0,1
2025-12-31 23:30:00,2025-12-31 23:42:00,2026-01-01 00:05:00,EXTEND,long,4347.4,4340.5,4340.5,4355.9,False,,4340.5,SL,-6.9,-73.0,23
2026-01-01 00:45:00,2026-01-01 01:03:00,2026-01-01 02:15:00,EXTEND,short,4339.4,4343.7,4343.7,4330.7,False,,4343.7,SL,-4.3,-47.0,72
2026-01-01 02:15:00,2026-01-01 02:27:00,2026-01-01 02:32:00,MSS,long,4340.7,4333.7,4333.7,4345.9,False,,4333.7,SL,-7.0,-74.0,5
2026-01-01 02:30:00,2026-01-01 02:42:00,2026-01-01 02:46:00,MSS,short,4336.5,4342.9,4342.9,4331.9,False,,4331.9,TP,4.6,42.0,4
2026-01-02 08:10:00,2026-01-02 08:21:00,2026-01-02 08:45:00,EXTEND,long,4360.3,4351.6,4351.6,4366.3,False,,4366.3,TP,6.0,56.0,24
2026-01-02 09:05:00,2026-01-02 09:14:00,2026-01-02 09:15:00,MSS,short,4359.6,4369.4,4369.4,4358.3,False,,4358.3,TP,1.3,9.0,1
2026-01-02 09:45:00,2026-01-02 09:50:00,2026-01-02 09:51:00,MSS,long,4366.4,4358.9,4358.9,4365.6,False,,4366.3,TP,-0.1,-5.0,1
2026-01-02 09:50:00,2026-01-02 10:01:00,2026-01-02 10:13:00,EXTEND,long,4363.0,4358.9,4358.9,4367.7,False,,4358.9,SL,-4.1,-45.0,12
2026-01-02 12:00:00,2026-01-02 12:26:00,2026-01-02 12:32:00,BOS,long,4387.9,4384.1,4384.1,4390.9,False,,4384.1,SL,-3.8,-42.0,6
2026-01-02 14:00:00,2026-01-02 14:05:00,2026-01-02 14:06:00,MSS,short,4389.1,4394.8,4394.8,4389.9,False,,4389.0,TP,0.1,-3.0,1
2026-01-02 14:15:00,2026-01-02 14:22:00,2026-01-02 14:45:00,EXTEND,short,4390.1,4394.8,4394.8,4386.4,False,,4386.4,TP,3.7,33.0,23
2026-01-02 15:10:00,2026-01-02 15:26:00,2026-01-02 15:31:00,MSS,long,4386.4,4385.0,4385.0,4390.3,False,,4385.0,SL,-1.4,-18.0,5
2026-01-02 15:35:00,2026-01-02 15:46:00,2026-01-02 15:53:00,EXTEND,long,4389.6,4384.1,4384.1,4392.8,False,,4392.8,TP,3.2,28.0,7
2026-01-02 16:10:00,2026-01-02 16:23:00,2026-01-02 16:33:00,EXTEND,long,4395.6,4392.6,4392.6,4398.6,False,,4398.6,TP,3.0,26.0,10
2026-01-02 16:45:00,2026-01-02 17:02:00,2026-01-02 18:50:00,EXTEND,long,4401.3,4393.6,4393.6,4409.4,False,,4409.4,TP,8.1,77.0,108
2026-01-02 20:05:00,2026-01-02 20:10:00,2026-01-02 20:11:00,MSS,long,4409.6,4402.9,4402.9,4409.0,False,,4409.5,TP,-0.1,-5.0,1
2026-01-02 20:20:00,2026-01-02 20:32:00,2026-01-02 20:40:00,EXTEND,long,4406.4,4402.9,4402.9,4410.6,False,,4402.9,SL,-3.5,-39.0,8
2026-01-02 20:40:00,2026-01-02 21:00:00,2026-01-02 21:11:00,MSS,short,4405.2,4410.6,4410.6,4397.3,False,,4410.6,SL,-5.4,-58.0,11
2026-01-02 21:20:00,2026-01-02 21:29:00,2026-01-02 21:30:00,MSS,short,4386.7,4415.0,4415.0,4391.1,False,,4386.4,TP,0.3,-1.0,1
2026-01-03 01:55:00,2026-01-03 02:00:00,2026-01-03 02:01:00,MSS,short,4332.2,4338.7,4338.7,4332.6,False,,4331.8,TP,0.4,-0.0,1
2026-01-03 02:15:00,2026-01-03 02:29:00,2026-01-03 02:44:00,EXTEND,short,4329.0,4338.7,4338.7,4320.9,False,,4320.9,TP,8.1,77.0,15
2026-01-03 02:40:00,2026-01-03 03:06:00,2026-01-03 04:27:00,EXTEND,short,4329.3,4338.7,4338.7,4319.5,False,,4338.7,SL,-9.4,-98.0,81
2026-01-05 09:05:00,2026-01-05 09:14:00,2026-01-05 14:25:00,EXTEND,long,4412.3,4394.6,4394.6,4430.9,False,,4430.9,TP,18.6,182.0,311
2026-01-05 15:40:00,2026-01-05 15:56:00,2026-01-05 16:12:00,BOS,long,4431.8,4428.1,4428.1,4434.8,False,,4434.8,TP,3.0,26.0,16
2026-01-05 16:50:00,2026-01-05 17:12:00,2026-01-05 17:21:00,EXTEND,long,4439.2,4433.5,4433.5,4444.1,False,,4444.1,TP,4.9,45.0,9
2026-01-05 17:40:00,2026-01-05 18:06:00,2026-01-05 18:38:00,BOS,long,4443.5,4441.7,4441.7,4449.3,False,,4449.3,TP,5.8,54.0,32
2026-01-05 19:00:00,2026-01-05 19:05:00,2026-01-05 19:06:00,MSS,short,4442.5,4451.6,4451.6,4443.1,False,,4442.2,TP,0.3,-1.0,1
2026-01-05 19:25:00,2026-01-05 19:51:00,2026-01-05 20:42:00,EXTEND,short,4433.8,4445.4,4445.4,4422.0,False,,4422.0,TP,11.8,114.0,51
2026-01-05 20:50:00,2026-01-05 21:08:00,2026-01-05 21:22:00,EXTEND,short,4424.0,4432.5,4432.5,4416.8,False,,4416.8,TP,7.2,68.0,14
2026-01-05 21:30:00,2026-01-05 21:37:00,2026-01-05 21:40:00,EXTEND,short,4419.9,4424.8,4424.8,4406.7,False,,4424.8,SL,-4.9,-53.0,3
2026-01-06 01:00:00,2026-01-06 01:07:00,2026-01-06 07:04:00,MSS,short,4447.4,4465.9,4465.9,4444.2,False,,4465.9,SL,-18.5,-189.0,297
2026-01-06 07:10:00,2026-01-06 07:18:00,2026-01-06 07:31:00,EXTEND,long,4463.6,4456.3,4456.3,4471.3,False,,4456.3,SL,-7.3,-77.0,13
2026-01-06 08:40:00,2026-01-06 08:49:00,2026-01-06 09:03:00,EXTEND,short,4447.3,4453.0,4453.0,4440.9,False,,4440.9,TP,6.4,60.0,14
2026-01-06 09:00:00,2026-01-06 09:09:00,2026-01-06 09:10:00,BOS,short,4446.5,4449.1,4449.1,4437.5,False,,4449.1,SL,-2.6,-30.0,1
2026-01-06 09:15:00,2026-01-06 09:28:00,2026-01-06 09:53:00,EXTEND,long,4447.0,4437.5,4437.5,4454.8,False,,4454.8,TP,7.8,74.0,25
2026-01-06 11:55:00,2026-01-06 12:03:00,2026-01-06 12:12:00,BOS,long,4477.3,4475.0,4475.0,4478.9,False,,4478.9,TP,1.6,12.0,9
2026-01-06 12:10:00,2026-01-06 12:21:00,2026-01-06 12:25:00,EXTEND,long,4477.0,4475.0,4475.0,4479.7,False,,4475.0,SL,-2.0,-24.0,4
2026-01-06 12:50:00,2026-01-06 12:55:00,2026-01-06 12:56:00,MSS,long,4478.3,4471.5,4471.5,4478.0,False,,4478.1,TP,-0.2,-6.0,1
2026-01-06 13:40:00,2026-01-06 13:46:00,2026-01-06 13:47:00,EXTEND,short,4472.6,4485.2,4485.2,4472.2,False,,4472.2,TP,0.4,0.0,1
2026-01-06 15:05:00,2026-01-06 15:27:00,2026-01-06 15:52:00,BOS,long,4474.2,4471.2,4471.2,4480.6,False,,4471.2,SL,-3.0,-34.0,25
2026-01-06 15:55:00,2026-01-06 16:11:00,2026-01-06 16:22:00,EXTEND,short,4470.9,4477.1,4477.1,4466.8,False,,4477.1,SL,-6.2,-66.0,11
2026-01-06 16:25:00,2026-01-06 16:46:00,2026-01-06 17:10:00,EXTEND,long,4476.9,4470.3,4470.3,4486.2,False,,4470.3,SL,-6.6,-70.0,24
2026-01-07 07:05:00,2026-01-07 07:14:00,2026-01-07 07:16:00,EXTEND,long,4508.5,4504.8,4504.8,4510.5,False,,4510.5,TP,2.0,16.0,2
2026-01-07 07:25:00,2026-01-07 07:43:00,2026-01-07 07:49:00,EXTEND,long,4507.7,4505.4,4505.4,4512.2,False,,4505.4,SL,-2.3,-27.0,6
2026-01-07 08:35:00,2026-01-07 08:44:00,2026-01-07 08:52:00,BOS,short,4501.3,4505.1,4505.1,4498.5,False,,4498.5,TP,2.8,24.0,8
2026-01-07 08:50:00,2026-01-07 09:01:00,2026-01-07 09:03:00,EXTEND,short,4495.9,4505.1,4505.1,4493.3,False,,4493.3,TP,2.6,22.0,2
2026-01-07 12:00:00,2026-01-07 12:05:00,2026-01-07 12:06:00,MSS,short,4482.7,4490.1,4490.1,4483.2,False,,4482.5,TP,0.2,-2.0,1
2026-01-07 12:35:00,2026-01-07 12:43:00,2026-01-07 13:05:00,BOS,short,4475.2,4481.7,4481.7,4473.2,False,,4473.2,TP,2.0,16.0,22
2026-01-07 13:30:00,2026-01-07 13:38:00,2026-01-07 13:39:00,MSS,short,4462.4,4480.5,4480.5,4462.8,False,,4462.6,TP,-0.2,-6.0,1
2026-01-07 16:05:00,2026-01-07 16:14:00,2026-01-07 16:15:00,BOS,long,4475.4,4470.2,4470.2,4475.4,False,,4475.4,TP,0.0,-4.0,1
2026-01-07 16:20:00,2026-01-07 16:27:00,2026-01-07 16:35:00,EXTEND,long,4475.3,4470.2,4470.2,4478.4,False,,4478.4,TP,3.1,27.0,8
2026-01-07 16:40:00,2026-01-07 16:46:00,2026-01-07 17:06:00,EXTEND,long,4478.2,4473.3,4473.3,4484.9,False,,4473.3,SL,-4.9,-53.0,20
2026-01-07 17:05:00,2026-01-07 17:13:00,2026-01-07 18:28:00,EXTEND,short,4474.7,4480.5,4480.5,4469.3,False,,4469.3,TP,5.4,50.0,75
2026-01-07 18:25:00,2026-01-07 18:48:00,2026-01-07 18:49:00,MSS,short,4476.5,4476.5,4476.5,4468.2,False,,4476.5,SL,0.0,-4.0,1
2026-01-07 20:25:00,2026-01-07 20:30:00,2026-01-07 20:31:00,MSS,long,4461.5,4448.5,4448.5,4459.8,False,,4461.4,TP,-0.1,-5.0,1
2026-01-07 21:10:00,2026-01-07 21:17:00,2026-01-07 21:43:00,EXTEND,short,4442.9,4459.4,4459.4,4436.6,False,,4459.4,SL,-16.5,-169.0,26
2026-01-07 22:20:00,2026-01-07 22:25:00,2026-01-07 22:30:00,MSS,short,4453.1,4463.3,4463.3,4452.2,False,,4452.2,TP,0.9,5.0,5
2026-01-07 22:30:00,2026-01-07 22:37:00,2026-01-07 22:38:00,EXTEND,short,4448.3,4463.3,4463.3,4450.2,False,,4448.2,TP,0.1,-3.0,1
2026-01-07 22:35:00,2026-01-07 22:50:00,2026-01-07 23:11:00,EXTEND,short,4451.2,4463.3,4463.3,4445.5,False,,4445.5,TP,5.7,53.0,21
2026-01-07 23:30:00,2026-01-07 23:36:00,2026-01-07 23:37:00,MSS,long,4461.5,4433.0,4433.0,4460.2,False,,4461.3,TP,-0.2,-6.0,1
2026-01-08 00:45:00,2026-01-08 01:53:00,2026-01-08 09:00:00,EXTEND,long,4463.8,4454.7,4454.7,4478.3,False,,4454.7,SL,-9.1,-95.0,367
2026-01-08 09:10:00,2026-01-08 09:18:00,2026-01-08 09:46:00,EXTEND,long,4466.4,4452.6,4452.6,4469.4,False,,4452.6,SL,-13.8,-142.0,28
2026-01-08 10:35:00,2026-01-08 10:47:00,2026-01-08 10:59:00,EXTEND,short,4450.7,4452.5,4452.5,4441.9,False,,4452.5,SL,-1.8,-22.0,12
2026-01-08 13:15:00,2026-01-08 13:24:00,2026-01-08 13:30:00,EXTEND,short,4436.6,4441.7,4441.7,4430.6,False,,4430.6,TP,6.0,56.0,6
2026-01-08 13:40:00,2026-01-08 13:59:00,2026-01-08 14:31:00,BOS,short,4433.4,4438.0,4438.0,4423.7,False,,4438.0,SL,-4.6,-50.0,32
2026-01-08 15:10:00,2026-01-08 15:20:00,2026-01-08 15:25:00,EXTEND,long,4443.4,4439.9,4439.9,4448.0,False,,4439.9,SL,-3.5,-39.0,5
2026-01-08 16:00:00,2026-01-08 16:11:00,2026-01-08 16:33:00,BOS,short,4438.5,4442.0,4442.0,4433.2,False,,4433.2,TP,5.3,49.0,22
2026-01-08 16:40:00,2026-01-08 17:04:00,2026-01-08 17:07:00,EXTEND,short,4439.1,4441.4,4441.4,4427.5,False,,4441.4,SL,-2.3,-27.0,3
2026-01-08 17:15:00,2026-01-08 17:35:00,2026-01-08 18:18:00,EXTEND,short,4440.6,4443.3,4443.3,4433.6,False,,4433.6,TP,7.0,66.0,43
2026-01-08 18:30:00,2026-01-08 18:38:00,2026-01-08 18:39:00,MSS,long,4440.8,4430.3,4430.3,4439.7,False,,4440.8,TP,0.0,-4.0,1
2026-01-08 20:25:00,2026-01-08 20:31:00,2026-01-08 20:32:00,MSS,long,4430.3,4415.2,4415.2,4430.0,False,,4430.3,TP,0.0,-4.0,1
2026-01-08 21:20:00,2026-01-08 21:25:00,2026-01-08 21:26:00,MSS,long,4443.0,4425.0,4425.0,4441.2,False,,4442.8,TP,-0.2,-6.0,1
2026-01-08 22:20:00,2026-01-08 22:25:00,2026-01-08 22:26:00,MSS,long,4438.2,4427.6,4427.6,4437.8,False,,4438.3,TP,0.1,-3.0,1
2026-01-08 22:25:00,2026-01-08 22:32:00,2026-01-08 22:33:00,EXTEND,long,4440.7,4427.6,4427.6,4438.8,False,,4440.9,TP,0.2,-2.0,1
2026-01-08 22:35:00,2026-01-08 22:46:00,2026-01-08 22:47:00,EXTEND,long,4443.0,4427.6,4427.6,4444.1,False,,4444.1,TP,1.1,7.0,1
2026-01-08 22:50:00,2026-01-08 23:02:00,2026-01-08 23:05:00,EXTEND,long,4440.4,4433.7,4433.7,4448.2,False,,4448.2,TP,7.8,74.0,3
2026-01-08 23:55:00,2026-01-09 00:00:00,2026-01-09 00:01:00,EXTEND,short,4462.7,4464.9,4464.9,4456.7,False,,4464.9,SL,-2.2,-26.0,1
2026-01-09 00:15:00,2026-01-09 00:22:00,2026-01-09 00:32:00,EXTEND,short,4461.7,4467.5,4467.5,4456.2,False,,4467.5,SL,-5.8,-62.0,10
2026-01-09 02:35:00,2026-01-09 02:49:00,2026-01-09 03:07:00,BOS,short,4462.9,4465.6,4465.6,4457.0,False,,4457.0,TP,5.9,55.0,18
2026-01-09 07:00:00,2026-01-09 07:14:00,2026-01-09 07:47:00,EXTEND,long,4486.5,4482.9,4482.9,4493.7,False,,4482.9,SL,-3.6,-40.0,33
2026-01-09 07:45:00,2026-01-09 07:54:00,2026-01-09 08:00:00,MSS,short,4484.1,4486.8,4486.8,4482.2,False,,4486.8,SL,-2.7,-31.0,6
2026-01-09 08:50:00,2026-01-09 09:02:00,2026-01-09 09:04:00,BOS,short,4471.0,4478.1,4478.1,4469.3,False,,4469.3,TP,1.7,13.0,2
2026-01-09 09:05:00,2026-01-09 09:16:00,2026-01-09 09:52:00,BOS,short,4467.8,4475.4,4475.4,4461.8,False,,4475.4,SL,-7.6,-80.0,36
2026-01-09 10:50:00,2026-01-09 10:59:00,2026-01-09 11:05:00,MSS,short,4478.8,4483.3,4483.3,4474.3,False,,4474.3,TP,4.5,41.0,6
2026-01-09 12:15:00,2026-01-09 12:36:00,2026-01-09 12:57:00,EXTEND,short,4471.4,4475.2,4475.2,4469.5,False,,4475.2,SL,-3.8,-42.0,21
2026-01-09 13:15:00,2026-01-09 13:21:00,2026-01-09 13:23:00,EXTEND,short,4471.0,4475.2,4475.2,4468.4,False,,4468.4,TP,2.6,22.0,2
2026-01-09 13:30:00,2026-01-09 13:35:00,2026-01-09 13:36:00,MSS,long,4480.0,4466.8,4466.8,4479.8,False,,4480.0,TP,0.0,-4.0,1
2026-01-09 15:20:00,2026-01-09 15:25:00,2026-01-09 15:26:00,MSS,short,4478.3,4484.5,4484.5,4478.6,False,,4478.3,TP,0.0,-4.0,1
2026-01-09 15:45:00,2026-01-09 15:52:00,2026-01-09 15:53:00,EXTEND,long,4481.8,4477.6,4477.6,4482.0,False,,4482.0,TP,0.2,-2.0,1
2026-01-09 15:50:00,2026-01-09 16:00:00,2026-01-09 16:01:00,EXTEND,long,4479.5,4477.6,4477.6,4482.4,False,,4477.6,SL,-1.9,-23.0,1
2026-01-09 16:30:00,2026-01-09 16:35:00,2026-01-09 16:36:00,MSS,short,4478.5,4484.3,4484.3,4479.0,False,,4478.4,TP,0.1,-3.0,1
2026-01-09 16:50:00,2026-01-09 17:15:00,2026-01-09 17:18:00,EXTEND,short,4482.2,4484.3,4484.3,4472.6,False,,4484.3,SL,-2.1,-25.0,3
2026-01-09 18:05:00,2026-01-09 18:11:00,2026-01-09 18:27:00,EXTEND,short,4481.9,4483.1,4483.1,4478.2,False,,4478.2,TP,3.7,33.0,16
2026-01-09 18:30:00,2026-01-09 18:35:00,2026-01-09 18:45:00,EXTEND,short,4478.5,4482.8,4482.8,4476.7,False,,4476.7,TP,1.8,14.0,10
2026-01-09 18:45:00,2026-01-09 18:56:00,2026-01-09 19:00:00,EXTEND,short,4479.7,4482.8,4482.8,4475.8,False,,4482.8,SL,-3.1,-35.0,4
2026-01-09 19:00:00,2026-01-09 19:10:00,2026-01-09 19:56:00,EXTEND,long,4480.4,4475.8,4475.8,4483.6,False,,4483.6,TP,3.2,28.0,46
2026-01-09 20:05:00,2026-01-09 20:14:00,2026-01-09 20:26:00,EXTEND,long,4483.2,4477.9,4477.9,4489.6,False,,4477.9,SL,-5.3,-57.0,12
2026-01-09 21:05:00,2026-01-09 21:20:00,2026-01-09 21:25:00,EXTEND,long,4476.2,4472.1,4472.1,4482.5,False,,4482.5,TP,6.3,59.0,5
2026-01-09 21:25:00,2026-01-09 21:31:00,2026-01-09 21:32:00,EXTEND,long,4486.0,4472.1,4472.1,4483.2,False,,4486.2,TP,0.2,-2.0,1
2026-01-09 22:10:00,2026-01-09 22:20:00,2026-01-09 22:36:00,BOS,long,4502.6,4489.7,4489.7,4506.1,False,,4506.1,TP,3.5,31.0,16
2026-01-09 22:35:00,2026-01-09 22:52:00,2026-01-09 23:04:00,EXTEND,long,4496.9,4489.7,4489.7,4507.9,False,,4507.9,TP,11.0,106.0,12
2026-01-10 02:30:00,2026-01-10 02:35:00,2026-01-10 02:36:00,MSS,long,4511.3,4498.6,4498.6,4510.9,False,,4511.2,TP,-0.1,-5.0,1
2026-01-10 02:40:00,2026-01-10 03:11:00,2026-01-10 04:13:00,EXTEND,long,4506.0,4498.6,4498.6,4514.3,False,,4514.3,TP,8.3,79.0,62
2026-01-12 07:40:00,2026-01-12 08:02:00,2026-01-12 08:04:00,BOS,long,4553.2,4543.2,4543.2,4554.8,False,,4554.8,TP,1.6,12.0,2
2026-01-12 09:40:00,2026-01-12 09:55:00,2026-01-12 09:59:00,MSS,short,4586.9,4596.1,4596.1,4583.0,False,,4583.0,TP,3.9,35.0,4
2026-01-12 11:30:00,2026-01-12 11:37:00,2026-01-12 11:38:00,MSS,short,4587.6,4593.3,4593.3,4587.9,False,,4587.7,TP,-0.1,-5.0,1
2026-01-12 12:35:00,2026-01-12 12:51:00,2026-01-12 13:17:00,EXTEND,short,4579.8,4584.1,4584.1,4574.6,False,,4584.1,SL,-4.3,-47.0,26
2026-01-12 13:45:00,2026-01-12 14:18:00,2026-01-12 15:15:00,EXTEND,long,4583.5,4577.0,4577.0,4595.6,False,,4595.6,TP,12.1,117.0,57
2026-01-12 15:20:00,2026-01-12 15:36:00,2026-01-12 15:57:00,EXTEND,long,4593.0,4585.2,4585.2,4598.6,False,,4598.6,TP,5.6,52.0,21
2026-01-12 15:55:00,2026-01-12 16:18:00,2026-01-12 16:39:00,EXTEND,long,4593.5,4585.2,4585.2,4599.9,False,,4599.9,TP,6.4,60.0,21
2026-01-12 17:55:00,2026-01-12 18:02:00,2026-01-12 18:08:00,EXTEND,short,4601.3,4607.3,4607.3,4597.8,False,,4597.8,TP,3.5,31.0,6
2026-01-12 18:10:00,2026-01-12 18:17:00,2026-01-12 18:26:00,EXTEND,short,4600.3,4603.7,4603.7,4596.1,False,,4603.7,SL,-3.4,-38.0,9
2026-01-12 18:30:00,2026-01-12 18:42:00,2026-01-12 18:50:00,BOS,short,4603.4,4604.3,4604.3,4597.2,False,,4604.3,SL,-0.9,-13.0,8
2026-01-12 19:25:00,2026-01-12 19:45:00,2026-01-12 19:56:00,EXTEND,short,4600.2,4605.8,4605.8,4593.7,False,,4593.7,TP,6.5,61.0,11
2026-01-12 20:05:00,2026-01-12 20:12:00,2026-01-12 20:23:00,BOS,short,4591.9,4596.9,4596.9,4588.1,False,,4588.1,TP,3.8,34.0,11
2026-01-12 21:25:00,2026-01-12 21:41:00,2026-01-12 21:47:00,MSS,short,4617.3,4621.9,4621.9,4614.4,False,,4621.9,SL,-4.6,-50.0,6
2026-01-12 22:00:00,2026-01-12 22:08:00,2026-01-12 22:09:00,MSS,short,4609.0,4630.8,4630.8,4608.6,False,,4608.6,TP,0.4,-0.0,1
2026-01-12 22:25:00,2026-01-12 22:35:00,2026-01-12 22:38:00,BOS,short,4602.1,4610.1,4610.1,4595.1,False,,4610.1,SL,-8.0,-84.0,3
2026-01-13 00:30:00,2026-01-13 00:35:00,2026-01-13 00:36:00,EXTEND,short,4629.9,4640.5,4640.5,4629.5,False,,4629.5,TP,0.4,-0.0,1
2026-01-13 01:05:00,2026-01-13 01:18:00,2026-01-13 01:21:00,BOS,short,4625.5,4628.3,4628.3,4623.1,False,,4623.1,TP,2.4,20.0,3
2026-01-13 01:20:00,2026-01-13 01:33:00,2026-01-13 01:35:00,EXTEND,short,4624.9,4628.3,4628.3,4621.3,False,,4621.3,TP,3.6,32.0,2
2026-01-13 01:35:00,2026-01-13 01:59:00,2026-01-13 02:00:00,EXTEND,short,4626.9,4628.3,4628.3,4620.0,False,,4628.3,SL,-1.4,-18.0,1
2026-01-13 03:30:00,2026-01-13 03:52:00,2026-01-13 03:54:00,EXTEND,long,4623.4,4622.4,4622.4,4628.9,False,,4622.4,SL,-1.0,-14.0,2
2026-01-13 07:00:00,2026-01-13 07:09:00,2026-01-13 07:11:00,EXTEND,long,4602.9,4598.8,4598.8,4616.8,False,,4598.8,SL,-4.1,-45.0,2
2026-01-13 07:35:00,2026-01-13 07:40:00,2026-01-13 07:41:00,EXTEND,long,4597.9,4598.8,4598.8,4599.2,False,,4597.9,SL,0.0,-4.0,1
2026-01-13 07:50:00,2026-01-13 07:56:00,2026-01-13 07:57:00,EXTEND,long,4604.0,4598.8,4598.8,4603.7,False,,4604.1,TP,0.1,-3.0,1
2026-01-13 07:55:00,2026-01-13 08:11:00,2026-01-13 08:28:00,EXTEND,long,4602.6,4598.8,4598.8,4607.7,False,,4598.8,SL,-3.8,-42.0,17
2026-01-13 08:35:00,2026-01-13 08:59:00,2026-01-13 09:00:00,EXTEND,short,4595.8,4604.5,4604.5,4593.3,False,,4593.3,TP,2.5,21.0,1
2026-01-13 09:00:00,2026-01-13 09:14:00,2026-01-13 09:15:00,BOS,short,4601.0,4601.0,4601.0,4590.0,False,,4601.0,SL,0.0,-4.0,1
2026-01-13 09:30:00,2026-01-13 10:09:00,2026-01-13 11:02:00,BOS,short,4596.8,4604.6,4604.6,4584.0,False,,4604.6,SL,-7.8,-82.0,53
2026-01-13 11:50:00,2026-01-13 12:04:00,2026-01-13 12:15:00,EXTEND,short,4604.1,4607.4,4607.4,4601.4,False,,4607.4,SL,-3.3,-37.0,11
2026-01-13 12:20:00,2026-01-13 12:37:00,2026-01-13 13:06:00,EXTEND,long,4604.7,4601.4,4601.4,4608.8,False,,4601.4,SL,-3.3,-37.0,29
2026-01-13 13:05:00,2026-01-13 13:17:00,2026-01-13 13:25:00,MSS,short,4603.8,4607.7,4607.7,4600.4,False,,4607.7,SL,-3.9,-43.0,8
2026-01-13 13:25:00,2026-01-13 13:34:00,2026-01-13 13:35:00,MSS,long,4599.3,4600.4,4600.4,4610.5,False,,4599.3,SL,0.0,-4.0,1
2026-01-13 15:05:00,2026-01-13 15:21:00,2026-01-13 15:22:00,MSS,long,4590.0,4587.8,4587.8,4594.2,False,,4587.8,SL,-2.2,-26.0,1
2026-01-14 09:00:00,2026-01-14 09:11:00,2026-01-14 09:13:00,MSS,long,4622.8,4612.3,4612.3,4623.2,False,,4623.2,TP,0.4,-0.0,2
2026-01-14 10:00:00,2026-01-14 10:11:00,2026-01-14 10:24:00,EXTEND,long,4626.3,4621.2,4621.2,4628.7,False,,4628.7,TP,2.4,20.0,13
2026-01-14 11:35:00,2026-01-14 11:43:00,2026-01-14 11:51:00,MSS,long,4631.8,4621.6,4621.6,4633.5,False,,4633.5,TP,1.7,13.0,8
2026-01-14 13:00:00,2026-01-14 13:20:00,2026-01-14 13:33:00,BOS,long,4640.4,4635.3,4635.3,4646.8,False,,4646.8,TP,6.4,60.0,13
2026-01-14 13:50:00,2026-01-14 13:55:00,2026-01-14 13:56:00,MSS,short,4636.6,4646.9,4646.9,4640.4,False,,4636.8,TP,-0.2,-6.0,1
2026-01-14 13:55:00,2026-01-14 14:21:00,2026-01-14 15:27:00,EXTEND,short,4638.1,4646.9,4646.9,4624.5,False,,4646.9,SL,-8.8,-92.0,66
2026-01-14 15:25:00,2026-01-14 15:35:00,2026-01-14 16:05:00,EXTEND,long,4644.6,4637.7,4637.7,4647.2,False,,4637.7,SL,-6.9,-73.0,30
2026-01-14 18:15:00,2026-01-14 18:22:00,2026-01-14 18:23:00,MSS,long,4643.2,4635.7,4635.7,4643.0,False,,4643.0,TP,-0.2,-6.0,1
2026-01-14 18:40:00,2026-01-14 18:59:00,2026-01-14 19:34:00,EXTEND,long,4641.1,4635.7,4635.7,4646.3,False,,4635.7,SL,-5.4,-58.0,35
2026-01-14 20:00:00,2026-01-14 20:05:00,2026-01-14 20:08:00,MSS,long,4644.8,4634.0,4634.0,4645.7,False,,4645.7,TP,0.9,5.0,3
2026-01-14 21:05:00,2026-01-14 21:14:00,2026-01-14 21:15:00,MSS,short,4636.2,4650.0,4650.0,4637.3,False,,4636.0,TP,0.2,-2.0,1
2026-01-14 21:40:00,2026-01-14 21:54:00,2026-01-14 22:03:00,MSS,long,4643.2,4631.6,4631.6,4645.0,False,,4645.0,TP,1.8,14.0,9
2026-01-14 22:00:00,2026-01-14 22:13:00,2026-01-14 22:38:00,EXTEND,long,4641.8,4631.6,4631.6,4646.7,False,,4631.6,SL,-10.2,-106.0,25
2026-01-14 23:15:00,2026-01-14 23:21:00,2026-01-14 23:22:00,MSS,long,4630.0,4605.8,4605.8,4630.5,False,,4630.5,TP,0.5,1.0,1
2026-01-15 00:45:00,2026-01-15 00:54:00,2026-01-15 00:55:00,MSS,short,4619.7,4631.7,4631.7,4618.0,False,,4618.0,TP,1.7,13.0,1
2026-01-15 00:55:00,2026-01-15 01:03:00,2026-01-15 01:23:00,EXTEND,short,4623.4,4631.7,4631.7,4615.3,False,,4615.3,TP,8.1,77.0,20
2026-01-15 01:40:00,2026-01-15 01:52:00,2026-01-15 01:54:00,BOS,short,4617.6,4619.1,4619.1,4607.7,False,,4619.1,SL,-1.5,-19.0,2
2026-01-15 07:10:00,2026-01-15 07:16:00,2026-01-15 07:18:00,EXTEND,short,4619.2,4639.3,4639.3,4616.4,False,,4616.4,TP,2.8,24.0,2
2026-01-15 07:40:00,2026-01-15 07:52:00,2026-01-15 08:17:00,EXTEND,short,4615.2,4623.0,4623.0,4607.0,False,,4623.0,SL,-7.8,-82.0,25
2026-01-15 08:50:00,2026-01-15 08:58:00,2026-01-15 09:01:00,EXTEND,short,4619.3,4622.8,4622.8,4614.5,False,,4614.5,TP,4.8,44.0,3
2026-01-15 09:05:00,2026-01-15 09:14:00,2026-01-15 09:18:00,EXTEND,short,4613.6,4622.2,4622.2,4611.1,False,,4611.1,TP,2.5,21.0,4
2026-01-15 09:30:00,2026-01-15 09:53:00,2026-01-15 11:22:00,EXTEND,short,4608.7,4622.2,4622.2,4587.4,False,,4587.4,TP,21.3,209.0,89
2026-01-15 11:30:00,2026-01-15 11:42:00,2026-01-15 14:10:00,EXTEND,short,4598.7,4609.0,4609.0,4584.2,False,,4609.0,SL,-10.3,-107.0,148
2026-01-15 15:15:00,2026-01-15 15:22:00,2026-01-15 15:38:00,BOS,long,4615.2,4610.2,4610.2,4618.0,False,,4610.2,SL,-5.0,-54.0,16
2026-01-15 16:00:00,2026-01-15 16:21:00,2026-01-15 17:49:00,EXTEND,short,4607.6,4615.9,4615.9,4602.2,False,,4615.9,SL,-8.3,-87.0,88
2026-01-15 18:20:00,2026-01-15 18:28:00,2026-01-15 18:36:00,BOS,long,4617.6,4613.4,4613.4,4620.0,False,,4620.0,TP,2.4,20.0,8
2026-01-15 19:45:00,2026-01-15 19:53:00,2026-01-15 20:10:00,MSS,short,4621.6,4627.2,4627.2,4619.5,False,,4619.5,TP,2.1,17.0,17
2026-01-15 20:15:00,2026-01-15 20:27:00,2026-01-15 20:48:00,EXTEND,short,4620.7,4624.9,4624.9,4618.0,False,,4618.0,TP,2.7,23.0,21
2026-01-15 20:55:00,2026-01-15 21:04:00,2026-01-15 21:05:00,EXTEND,short,4615.1,4622.8,4622.8,4615.6,False,,4614.9,TP,0.2,-2.0,1
2026-01-15 23:00:00,2026-01-15 23:08:00,2026-01-15 23:15:00,EXTEND,long,4612.8,4603.8,4603.8,4619.2,False,,4619.2,TP,6.4,60.0,7
2026-01-15 23:40:00,2026-01-15 23:52:00,2026-01-16 00:05:00,MSS,short,4617.7,4622.3,4622.3,4613.8,False,,4613.8,TP,3.9,35.0,13
2026-01-16 00:35:00,2026-01-16 00:40:00,2026-01-16 00:41:00,MSS,short,4610.1,4630.0,4630.0,4611.0,False,,4610.0,TP,0.1,-3.0,1
2026-01-16 02:20:00,2026-01-16 02:33:00,2026-01-16 03:10:00,EXTEND,long,4622.1,4618.5,4618.5,4626.2,False,,4626.2,TP,4.1,37.0,37
2026-01-16 07:00:00,2026-01-16 07:05:00,2026-01-16 07:06:00,BOS,long,4625.1,4617.7,4617.7,4624.4,False,,4625.2,TP,0.1,-3.0,1
2026-01-16 07:05:00,2026-01-16 07:22:00,2026-01-16 07:24:00,EXTEND,long,4618.3,4617.7,4617.7,4625.3,False,,4617.7,SL,-0.6,-10.0,2
2026-01-16 08:05:00,2026-01-16 08:19:00,2026-01-16 08:22:00,BOS,short,4612.3,4615.0,4615.0,4607.4,False,,4615.0,SL,-2.7,-31.0,3
2026-01-16 09:30:00,2026-01-16 09:35:00,2026-01-16 09:41:00,EXTEND,long,4608.1,4603.4,4603.4,4611.4,False,,4611.4,TP,3.3,29.0,6
2026-01-16 09:40:00,2026-01-16 10:01:00,2026-01-16 10:07:00,EXTEND,long,4606.0,4603.4,4603.4,4612.5,False,,4603.4,SL,-2.6,-30.0,6
2026-01-16 10:10:00,2026-01-16 10:18:00,2026-01-16 10:31:00,MSS,short,4604.5,4607.7,4607.7,4600.8,False,,4600.8,TP,3.7,33.0,13
2026-01-16 10:35:00,2026-01-16 11:15:00,2026-01-16 13:39:00,EXTEND,short,4601.6,4607.6,4607.6,4594.5,False,,4607.6,SL,-6.0,-64.0,144
2026-01-16 13:55:00,2026-01-16 14:20:00,2026-01-16 14:44:00,EXTEND,long,4610.4,4599.7,4599.7,4620.2,False,,4599.7,SL,-10.7,-111.0,24
2026-01-16 15:10:00,2026-01-16 15:26:00,2026-01-16 19:33:00,MSS,long,4610.7,4597.1,4597.1,4616.1,False,,4616.1,TP,5.4,50.0,247
2026-01-16 20:25:00,2026-01-16 20:30:00,2026-01-16 20:31:00,EXTEND,short,4608.9,4617.3,4617.3,4608.6,False,,4608.6,TP,0.3,-1.0,1
2026-01-16 20:50:00,2026-01-16 20:59:00,2026-01-16 21:02:00,BOS,short,4605.6,4609.7,4609.7,4601.4,False,,4609.7,SL,-4.1,-45.0,3
2026-01-16 21:25:00,2026-01-16 21:37:00,2026-01-16 22:06:00,EXTEND,short,4599.9,4610.0,4610.0,4586.0,False,,4610.0,SL,-10.1,-105.0,29
2026-01-16 22:15:00,2026-01-16 22:26:00,2026-01-16 22:30:00,EXTEND,long,4609.1,4602.0,4602.0,4613.2,False,,4602.0,SL,-7.1,-75.0,4
2026-01-19 08:15:00,2026-01-19 08:30:00,2026-01-19 08:38:00,MSS,short,4681.1,4685.7,4685.7,4667.6,False,,4685.7,SL,-4.6,-50.0,8
2026-01-19 09:00:00,2026-01-19 09:09:00,2026-01-19 09:11:00,BOS,short,4678.0,4685.7,4685.7,4675.3,False,,4675.3,TP,2.7,23.0,2
2026-01-19 10:00:00,2026-01-19 10:08:00,2026-01-19 11:11:00,BOS,short,4668.5,4674.8,4674.8,4659.9,False,,4674.8,SL,-6.3,-67.0,63
2026-01-19 11:45:00,2026-01-19 11:52:00,2026-01-19 11:53:00,MSS,short,4665.6,4672.8,4672.8,4666.2,False,,4665.4,TP,0.2,-2.0,1
2026-01-19 12:25:00,2026-01-19 12:31:00,2026-01-19 12:52:00,EXTEND,long,4669.6,4665.0,4665.0,4671.8,False,,4671.8,TP,2.2,18.0,21
2026-01-19 13:35:00,2026-01-19 13:42:00,2026-01-19 13:43:00,MSS,short,4671.7,4680.3,4680.3,4672.9,False,,4671.6,TP,0.1,-3.0,1
2026-01-19 13:40:00,2026-01-19 13:58:00,2026-01-19 14:32:00,EXTEND,short,4675.9,4680.3,4680.3,4669.8,False,,4680.3,SL,-4.4,-48.0,34
2026-01-19 14:35:00,2026-01-19 14:45:00,2026-01-19 14:54:00,EXTEND,long,4679.2,4675.3,4675.3,4682.2,False,,4682.2,TP,3.0,26.0,9
2026-01-19 14:55:00,2026-01-19 15:05:00,2026-01-19 15:10:00,BOS,long,4683.4,4677.1,4677.1,4684.5,False,,4677.1,SL,-6.3,-67.0,5
2026-01-19 15:55:00,2026-01-19 16:09:00,2026-01-19 16:57:00,EXTEND,short,4675.6,4683.8,4683.8,4666.7,False,,4666.7,TP,8.9,85.0,48
2026-01-19 17:10:00,2026-01-19 17:17:00,2026-01-19 17:18:00,MSS,long,4676.6,4666.4,4666.4,4676.3,False,,4676.6,TP,0.0,-4.0,1
2026-01-19 17:15:00,2026-01-19 17:32:00,2026-01-19 18:44:00,EXTEND,long,4672.1,4666.4,4666.4,4677.5,False,,4666.4,SL,-5.7,-61.0,72
2026-01-19 18:40:00,2026-01-19 18:50:00,2026-01-19 19:30:00,BOS,short,4669.8,4672.2,4672.2,4666.1,False,,4672.2,SL,-2.4,-28.0,40
2026-01-19 19:30:00,2026-01-19 19:43:00,2026-01-19 19:49:00,EXTEND,long,4669.1,4666.5,4666.5,4672.5,False,,4666.5,SL,-2.6,-30.0,6
2026-01-19 21:00:00,2026-01-19 21:59:00,2026-01-19 23:54:00,EXTEND,long,4671.0,4664.7,4664.7,4678.9,False,,4678.9,TP,7.9,75.0,115
2026-01-20 00:40:00,2026-01-20 00:52:00,2026-01-20 00:56:00,EXTEND,long,4677.7,4675.7,4675.7,4678.9,False,,4678.9,TP,1.2,8.0,4
2026-01-20 00:55:00,2026-01-20 01:01:00,2026-01-20 01:12:00,EXTEND,long,4678.0,4675.7,4675.7,4679.0,False,,4675.7,SL,-2.3,-27.0,11
2026-01-20 02:20:00,2026-01-20 02:37:00,2026-01-20 03:11:00,BOS,long,4682.0,4679.0,4679.0,4686.1,False,,4679.0,SL,-3.0,-34.0,34
2026-01-20 03:25:00,2026-01-20 07:02:00,2026-01-20 07:03:00,EXTEND,short,4679.0,4682.7,4682.7,4673.2,False,,4673.2,TP,5.8,54.0,1
2026-01-20 08:00:00,2026-01-20 08:09:00,2026-01-20 08:10:00,BOS,short,4672.4,4672.4,4672.4,4669.9,False,,4672.4,SL,0.0,-4.0,1
2026-01-20 08:25:00,2026-01-20 08:37:00,2026-01-20 09:04:00,MSS,short,4669.5,4674.2,4674.2,4665.6,False,,4674.2,SL,-4.7,-51.0,27
2026-01-20 09:05:00,2026-01-20 09:24:00,2026-01-20 09:34:00,EXTEND,long,4673.9,4666.4,4666.4,4679.4,False,,4679.4,TP,5.5,51.0,10
2026-01-20 09:35:00,2026-01-20 09:58:00,2026-01-20 10:08:00,BOS,long,4674.8,4671.3,4671.3,4681.0,False,,4671.3,SL,-3.5,-39.0,10
2026-01-20 14:40:00,2026-01-20 14:56:00,2026-01-20 15:13:00,EXTEND,short,4719.2,4723.4,4723.4,4711.2,False,,4723.4,SL,-4.2,-46.0,17
2026-01-20 16:05:00,2026-01-20 16:11:00,2026-01-20 16:12:00,MSS,long,4730.9,4720.2,4720.2,4730.7,False,,4730.9,TP,0.0,-4.0,1
2026-01-20 16:25:00,2026-01-20 16:33:00,2026-01-20 16:35:00,EXTEND,short,4725.7,4731.4,4731.4,4723.7,False,,4723.7,TP,2.0,16.0,2
2026-01-20 16:45:00,2026-01-20 16:52:00,2026-01-20 16:53:00,MSS,long,4732.4,4721.5,4721.5,4731.2,False,,4732.2,TP,-0.2,-6.0,1
2026-01-20 17:25:00,2026-01-20 17:30:00,2026-01-20 17:31:00,MSS,long,4740.9,4727.2,4727.2,4740.0,False,,4740.5,TP,-0.4,-8.0,1
2026-01-20 18:25:00,2026-01-20 18:32:00,2026-01-20 18:33:00,MSS,short,4729.7,4739.1,4739.1,4733.1,False,,4729.9,TP,-0.2,-6.0,1
2026-01-20 19:05:00,2026-01-20 19:21:00,2026-01-20 19:49:00,EXTEND,short,4732.4,4739.1,4739.1,4727.3,False,,4739.1,SL,-6.7,-71.0,28
2026-01-20 19:50:00,2026-01-20 20:06:00,2026-01-20 20:30:00,EXTEND,long,4737.8,4731.3,4731.3,4740.9,False,,4731.3,SL,-6.5,-69.0,24
2026-01-20 20:30:00,2026-01-20 20:43:00,2026-01-20 21:03:00,EXTEND,short,4732.2,4736.3,4736.3,4729.5,False,,4729.5,TP,2.7,23.0,20
2026-01-20 21:30:00,2026-01-20 21:39:00,2026-01-20 21:41:00,EXTEND,short,4725.9,4731.9,4731.9,4719.8,False,,4731.9,SL,-6.0,-64.0,2
2026-01-20 22:30:00,2026-01-20 22:35:00,2026-01-20 22:36:00,MSS,short,4735.5,4756.2,4756.2,4735.7,False,,4735.4,TP,0.1,-3.0,1
2026-01-20 22:35:00,2026-01-20 22:53:00,2026-01-20 23:24:00,EXTEND,short,4740.1,4756.2,4756.2,4732.8,False,,4732.8,TP,7.3,69.0,31
2026-01-20 23:25:00,2026-01-20 23:51:00,2026-01-21 00:50:00,EXTEND,short,4740.6,4753.7,4753.7,4726.7,False,,4753.7,SL,-13.1,-135.0,59
2026-01-21 02:20:00,2026-01-21 02:46:00,2026-01-21 03:19:00,EXTEND,long,4763.8,4756.3,4756.3,4771.2,False,,4771.2,TP,7.4,70.0,33
2026-01-21 03:15:00,2026-01-21 03:34:00,2026-01-21 04:18:00,MSS,long,4764.7,4757.5,4757.5,4772.1,False,,4757.5,SL,-7.2,-76.0,44
2026-01-21 07:00:00,2026-01-21 07:07:00,2026-01-21 07:10:00,MSS,short,4765.3,4769.2,4769.2,4763.1,False,,4763.1,TP,2.2,18.0,3
2026-01-21 07:40:00,2026-01-21 07:46:00,2026-01-21 07:47:00,MSS,long,4781.8,4761.8,4761.8,4778.0,False,,4781.5,TP,-0.3,-7.0,1
2026-01-21 08:55:00,2026-01-21 09:01:00,2026-01-21 09:02:00,EXTEND,long,4792.7,4786.9,4786.9,4792.9,False,,4792.9,TP,0.2,-2.0,1
2026-01-21 09:50:00,2026-01-21 10:14:00,2026-01-21 11:03:00,BOS,long,4831.4,4818.1,4818.1,4847.4,False,,4847.4,TP,16.0,156.0,49
2026-01-21 11:10:00,2026-01-21 11:17:00,2026-01-21 11:23:00,EXTEND,long,4836.1,4830.3,4830.3,4852.5,False,,4830.3,SL,-5.8,-62.0,6
2026-01-21 13:05:00,2026-01-21 13:12:00,2026-01-21 13:18:00,EXTEND,short,4866.9,4873.8,4873.8,4861.5,False,,4873.8,SL,-6.9,-73.0,6
2026-01-21 13:20:00,2026-01-21 13:28:00,2026-01-21 13:34:00,EXTEND,long,4870.7,4861.5,4861.5,4876.9,False,,4876.9,TP,6.2,58.0,6
2026-01-21 13:35:00,2026-01-21 13:45:00,2026-01-21 14:22:00,EXTEND,long,4876.0,4866.4,4866.4,4880.9,False,,4880.9,TP,4.9,45.0,37
2026-01-21 14:35:00,2026-01-21 14:40:00,2026-01-21 14:41:00,MSS,short,4869.6,4890.9,4890.9,4870.0,False,,4869.7,TP,-0.1,-5.0,1
2026-01-21 15:50:00,2026-01-21 15:55:00,2026-01-21 15:56:00,MSS,long,4858.7,4840.7,4840.7,4859.4,False,,4859.4,TP,0.7,3.0,1
2026-01-21 16:25:00,2026-01-21 16:34:00,2026-01-21 16:50:00,EXTEND,long,4865.0,4858.1,4858.1,4871.7,False,,4858.1,SL,-6.9,-73.0,16
2026-01-21 16:55:00,2026-01-21 17:12:00,2026-01-21 17:25:00,MSS,short,4861.7,4871.7,4871.7,4853.6,False,,4871.7,SL,-10.0,-104.0,13
2026-01-21 17:30:00,2026-01-21 17:45:00,2026-01-21 19:46:00,EXTEND,long,4869.4,4860.3,4860.3,4879.3,False,,4860.3,SL,-9.1,-95.0,121
2026-01-21 19:45:00,2026-01-21 20:06:00,2026-01-21 21:11:00,MSS,short,4866.3,4874.0,4874.0,4857.3,False,,4874.0,SL,-7.7,-81.0,65
2026-01-21 21:10:00,2026-01-21 21:25:00,2026-01-21 21:32:00,EXTEND,long,4867.3,4861.0,4861.0,4874.3,False,,4874.3,TP,7.0,66.0,7
2026-01-21 22:05:00,2026-01-21 22:10:00,2026-01-21 22:12:00,EXTEND,short,4851.6,4883.4,4883.4,4843.6,False,,4843.6,TP,8.0,76.0,2
2026-01-21 22:10:00,2026-01-21 22:32:00,2026-01-21 23:19:00,EXTEND,short,4858.3,4883.4,4883.4,4840.9,False,,4840.9,TP,17.4,170.0,47
2026-01-21 23:50:00,2026-01-21 23:56:00,2026-01-21 23:57:00,MSS,long,4855.0,4834.9,4834.9,4854.6,False,,4855.2,TP,0.2,-2.0,1
2026-01-22 00:15:00,2026-01-22 00:23:00,2026-01-22 00:24:00,MSS,short,4835.9,4858.2,4858.2,4836.1,False,,4835.8,TP,0.1,-3.0,1
2026-01-22 00:25:00,2026-01-22 00:36:00,2026-01-22 00:52:00,EXTEND,short,4845.8,4858.2,4858.2,4831.5,False,,4831.5,TP,14.3,139.0,16
2026-01-22 01:30:00,2026-01-22 01:41:00,2026-01-22 01:58:00,BOS,short,4812.0,4828.8,4828.8,4804.5,False,,4828.8,SL,-16.8,-172.0,17
2026-01-22 03:25:00,2026-01-22 03:30:00,2026-01-22 03:31:00,MSS,short,4804.5,4856.9,4856.9,4806.9,False,,4804.3,TP,0.2,-2.0,1
2026-01-22 07:00:00,2026-01-22 07:06:00,2026-01-22 07:07:00,BOS,short,4811.2,4842.9,4842.9,4816.9,False,,4811.2,TP,0.0,-4.0,1
2026-01-22 07:55:00,2026-01-22 08:13:00,2026-01-22 08:57:00,BOS,short,4792.2,4799.5,4799.5,4779.1,False,,4799.5,SL,-7.3,-77.0,44
2026-01-22 09:00:00,2026-01-22 09:12:00,2026-01-22 09:19:00,MSS,short,4782.1,4799.8,4799.8,4772.6,False,,4799.8,SL,-17.7,-181.0,7
2026-01-22 09:20:00,2026-01-22 10:34:00,2026-01-22 13:50:00,EXTEND,long,4785.5,4772.6,4772.6,4811.0,False,,4811.0,TP,25.5,251.0,196
2026-01-22 15:00:00,2026-01-22 15:06:00,2026-01-22 15:07:00,MSS,long,4834.6,4821.7,4821.7,4832.6,False,,4834.6,TP,0.0,-4.0,1
2026-01-22 15:45:00,2026-01-22 15:59:00,2026-01-22 16:00:00,EXTEND,short,4833.5,4839.3,4839.3,4831.8,False,,4831.8,TP,1.7,13.0,1
2026-01-22 16:55:00,2026-01-22 17:01:00,2026-01-22 17:02:00,MSS,long,4832.9,4823.3,4823.3,4833.4,False,,4833.4,TP,0.5,1.0,1
2026-01-22 19:15:00,2026-01-22 19:24:00,2026-01-22 19:46:00,EXTEND,short,4830.1,4834.0,4834.0,4826.2,False,,4834.0,SL,-3.9,-43.0,22
2026-01-22 19:55:00,2026-01-22 20:06:00,2026-01-22 20:09:00,EXTEND,long,4828.5,4827.1,4827.1,4838.5,False,,4827.1,SL,-1.4,-18.0,3
2026-01-22 21:00:00,2026-01-22 21:20:00,2026-01-22 21:22:00,EXTEND,short,4829.7,4834.8,4834.8,4817.5,False,,4834.8,SL,-5.1,-55.0,2
2026-01-22 21:25:00,2026-01-22 21:37:00,2026-01-22 21:42:00,EXTEND,long,4824.3,4817.5,4817.5,4837.5,False,,4817.5,SL,-6.8,-72.0,5
2026-01-22 21:40:00,2026-01-22 22:06:00,2026-01-22 22:32:00,MSS,short,4823.2,4837.5,4837.5,4811.0,False,,4837.5,SL,-14.3,-147.0,26
2026-01-23 07:10:00,2026-01-23 07:17:00,2026-01-23 07:30:00,EXTEND,long,4948.1,4938.1,4938.1,4963.8,False,,4938.1,SL,-10.0,-104.0,13
2026-01-23 07:30:00,2026-01-23 07:57:00,2026-01-23 08:02:00,MSS,short,4959.9,4963.8,4963.8,4932.7,False,,4963.8,SL,-3.9,-43.0,5
2026-01-23 09:00:00,2026-01-23 09:05:00,2026-01-23 09:07:00,MSS,short,4942.2,4968.5,4968.5,4938.5,False,,4938.5,TP,3.7,33.0,2
2026-01-23 09:05:00,2026-01-23 09:18:00,2026-01-23 13:50:00,EXTEND,short,4948.7,4968.5,4968.5,4938.2,False,,4968.5,SL,-19.8,-202.0,272
2026-01-26 08:30:00,2026-01-26 08:38:00,2026-01-26 08:39:00,MSS,long,5048.9,5029.4,5029.4,5048.0,False,,5048.9,TP,0.0,-4.0,1
2026-01-26 08:40:00,2026-01-26 09:00:00,2026-01-26 09:01:00,EXTEND,long,5043.0,5029.4,5029.4,5051.6,False,,5029.4,SL,-13.6,-140.0,1
2026-01-26 10:30:00,2026-01-26 11:04:00,2026-01-26 12:32:00,EXTEND,long,5079.3,5064.4,5064.4,5091.5,False,,5064.4,SL,-14.9,-153.0,88
2026-01-26 13:15:00,2026-01-26 13:31:00,2026-01-26 13:51:00,BOS,short,5053.5,5070.8,5070.8,5049.6,False,,5070.8,SL,-17.3,-177.0,20
2026-01-27 07:45:00,2026-01-27 08:01:00,2026-01-27 08:39:00,EXTEND,long,5041.6,5033.6,5033.6,5056.1,False,,5033.6,SL,-8.0,-84.0,38
2026-01-27 09:05:00,2026-01-27 09:11:00,2026-01-27 09:12:00,MSS,long,5056.9,5013.3,5013.3,5046.6,False,,5057.0,TP,0.1,-3.0,1
2026-01-27 10:00:00,2026-01-27 10:12:00,2026-01-27 10:41:00,EXTEND,short,5060.1,5071.6,5071.6,5043.8,False,,5071.6,SL,-11.5,-119.0,29
2026-01-27 10:45:00,2026-01-27 10:56:00,2026-01-27 11:16:00,EXTEND,long,5068.0,5055.5,5055.5,5074.7,False,,5055.5,SL,-12.5,-129.0,20
2026-01-28 08:05:00,2026-01-28 08:10:00,2026-01-28 08:54:00,EXTEND,short,5160.7,5174.6,5174.6,5154.1,False,,5174.6,SL,-13.9,-143.0,44
2026-01-28 09:05:00,2026-01-28 09:14:00,2026-01-28 09:40:00,EXTEND,long,5187.0,5157.5,5157.5,5198.6,False,,5198.6,TP,11.6,112.0,26
2026-01-28 11:10:00,2026-01-28 11:42:00,2026-01-28 12:57:00,EXTEND,long,5223.9,5213.9,5213.9,5242.0,False,,5242.0,TP,18.1,177.0,75
2026-01-28 13:40:00,2026-01-28 14:07:00,2026-01-28 14:51:00,BOS,long,5251.3,5244.3,5244.3,5259.2,False,,5259.2,TP,7.9,75.0,44
2026-01-28 16:45:00,2026-01-28 17:02:00,2026-01-28 17:15:00,MSS,short,5287.5,5306.7,5306.7,5275.6,False,,5275.6,TP,11.9,115.0,13
2026-01-28 17:40:00,2026-01-28 17:53:00,2026-01-28 18:09:00,BOS,short,5270.1,5276.3,5276.3,5258.3,False,,5276.3,SL,-6.2,-66.0,16
2026-01-28 18:10:00,2026-01-28 18:39:00,2026-01-28 19:04:00,EXTEND,long,5268.1,5258.3,5258.3,5281.3,False,,5258.3,SL,-9.8,-102.0,25
2026-01-28 19:45:00,2026-01-28 19:51:00,2026-01-28 19:52:00,MSS,long,5261.6,5246.1,5246.1,5260.0,False,,5261.1,TP,-0.5,-9.0,1
2026-01-28 19:50:00,2026-01-28 20:07:00,2026-01-28 20:09:00,EXTEND,long,5250.6,5246.1,5246.1,5261.8,False,,5246.1,SL,-4.5,-49.0,2
2026-01-28 21:00:00,2026-01-28 21:13:00,2026-01-28 21:38:00,EXTEND,long,5268.4,5259.0,5259.0,5283.0,False,,5259.0,SL,-9.4,-98.0,25
2026-01-28 22:05:00,2026-01-28 22:18:00,2026-01-28 22:22:00,EXTEND,short,5257.2,5263.0,5263.0,5242.2,False,,5263.0,SL,-5.8,-62.0,4
2026-01-28 23:05:00,2026-01-28 23:16:00,2026-01-29 00:46:00,MSS,short,5251.7,5292.3,5292.3,5228.7,False,,5292.3,SL,-40.6,-410.0,90
2026-01-29 07:35:00,2026-01-29 07:48:00,2026-01-29 08:01:00,EXTEND,long,5505.8,5463.9,5463.9,5587.0,False,,5463.9,SL,-41.9,-423.0,13
2026-02-12 21:45:00,2026-02-12 23:40:00,2026-02-12 23:59:00,BOS,long,5068.1,5061.9,5061.9,5075.6,False,,5059.8,SL,-8.3,-87.0,2
2026-02-26 09:00:00,2026-02-26 09:12:00,2026-02-26 09:28:00,BOS,long,5202.9,5196.3,5196.3,5214.0,False,,5196.3,SL,-6.6,-70.0,16
2026-02-26 09:30:00,2026-02-26 09:39:00,2026-02-26 10:00:00,EXTEND,short,5200.7,5211.1,5211.1,5194.2,False,,5211.1,SL,-10.4,-108.0,21
2026-02-26 13:25:00,2026-02-26 13:49:00,2026-02-26 15:02:00,EXTEND,long,5210.0,5205.7,5205.7,5221.7,False,,5205.7,SL,-4.3,-47.0,73
2026-02-26 15:05:00,2026-02-26 15:20:00,2026-02-26 15:50:00,BOS,short,5203.9,5211.5,5211.5,5197.6,False,,5197.6,TP,6.3,59.0,30
2026-02-26 15:50:00,2026-02-26 15:59:00,2026-02-26 16:02:00,EXTEND,short,5202.6,5206.5,5206.5,5196.2,False,,5196.2,TP,6.4,60.0,3
2026-02-26 16:10:00,2026-02-26 16:19:00,2026-02-26 16:27:00,MSS,long,5203.7,5195.8,5195.8,5207.7,False,,5195.8,SL,-7.9,-83.0,8
2026-02-26 16:45:00,2026-02-26 16:53:00,2026-02-26 18:57:00,EXTEND,short,5194.9,5207.7,5207.7,5183.1,False,,5183.1,TP,11.8,114.0,124
2026-02-26 18:55:00,2026-02-26 19:08:00,2026-02-26 19:54:00,EXTEND,short,5191.4,5194.7,5194.7,5181.0,False,,5181.0,TP,10.4,100.0,46
2026-02-26 20:00:00,2026-02-26 20:13:00,2026-02-26 20:23:00,EXTEND,short,5183.7,5191.6,5191.6,5173.1,False,,5191.6,SL,-7.9,-83.0,10
2026-02-26 21:10:00,2026-02-26 21:23:00,2026-02-26 21:30:00,EXTEND,short,5191.7,5200.9,5200.9,5184.5,False,,5184.5,TP,7.2,68.0,7
2026-02-26 22:25:00,2026-02-26 22:34:00,2026-02-26 22:36:00,EXTEND,long,5181.6,5175.9,5175.9,5188.7,False,,5188.7,TP,7.1,67.0,2
2026-02-26 22:35:00,2026-02-26 22:42:00,2026-02-26 22:46:00,EXTEND,long,5182.0,5175.9,5175.9,5191.2,False,,5191.2,TP,9.2,88.0,4
2026-02-26 22:45:00,2026-02-26 22:54:00,2026-02-26 23:01:00,EXTEND,long,5185.1,5175.9,5175.9,5192.5,False,,5175.9,SL,-9.2,-96.0,7
2026-02-26 23:40:00,2026-02-26 23:45:00,2026-02-26 23:46:00,MSS,long,5195.5,5145.2,5145.2,5192.8,False,,5195.6,TP,0.1,-3.0,1
2026-02-27 01:45:00,2026-02-27 01:53:00,2026-02-27 01:56:00,BOS,short,5183.3,5194.9,5194.9,5181.4,False,,5181.4,TP,1.9,15.0,3
2026-02-27 02:10:00,2026-02-27 02:15:00,2026-02-27 02:16:00,MSS,long,5192.3,5180.4,5180.4,5190.6,False,,5192.3,TP,0.0,-4.0,1
2026-02-27 02:30:00,2026-02-27 02:36:00,2026-02-27 02:43:00,EXTEND,long,5187.9,5180.4,5180.4,5197.8,False,,5197.8,TP,9.9,95.0,7
2026-02-27 03:45:00,2026-02-27 07:00:00,2026-02-27 07:01:00,BOS,long,5206.8,5200.3,5200.3,5211.4,False,,5200.3,SL,-6.5,-69.0,1
2026-02-27 07:00:00,2026-02-27 07:08:00,2026-02-27 08:21:00,BOS,short,5196.6,5208.6,5208.6,5192.1,False,,5208.6,SL,-12.0,-124.0,73
2026-02-27 08:35:00,2026-02-27 08:41:00,2026-02-27 09:00:00,MSS,short,5188.5,5211.5,5211.5,5187.3,False,,5187.3,TP,1.2,8.0,19
2026-02-27 11:30:00,2026-02-27 11:39:00,2026-02-27 11:48:00,EXTEND,long,5203.0,5197.7,5197.7,5205.8,False,,5205.8,TP,2.8,24.0,9
2026-02-27 11:45:00,2026-02-27 12:02:00,2026-02-27 12:20:00,BOS,long,5202.5,5200.0,5200.0,5207.4,False,,5200.0,SL,-2.5,-29.0,18
2026-02-27 12:25:00,2026-02-27 12:32:00,2026-02-27 12:54:00,EXTEND,long,5203.9,5200.7,5200.7,5205.5,False,,5200.7,SL,-3.2,-36.0,22
2026-02-27 12:55:00,2026-02-27 13:09:00,2026-02-27 13:24:00,EXTEND,short,5201.4,5205.2,5205.2,5197.2,False,,5205.2,SL,-3.8,-42.0,15
2026-02-27 13:55:00,2026-02-27 14:11:00,2026-02-27 14:50:00,BOS,long,5214.5,5207.8,5207.8,5217.4,False,,5207.8,SL,-6.7,-71.0,39
2026-03-02 10:05:00,2026-03-02 10:13:00,2026-03-02 10:37:00,EXTEND,short,5340.0,5351.8,5351.8,5329.0,False,,5351.8,SL,-11.8,-122.0,24
2026-03-02 11:30:00,2026-03-02 11:37:00,2026-03-02 11:38:00,EXTEND,long,5374.6,5362.6,5362.6,5373.5,False,,5374.4,TP,-0.2,-6.0,1
2026-03-02 12:00:00,2026-03-02 12:10:00,2026-03-02 12:36:00,EXTEND,long,5371.4,5366.2,5366.2,5380.1,False,,5366.2,SL,-5.2,-56.0,26
2026-03-02 13:30:00,2026-03-02 13:38:00,2026-03-02 13:39:00,MSS,long,5371.7,5353.6,5353.6,5371.1,False,,5372.2,TP,0.5,1.0,1
2026-03-02 16:40:00,2026-03-02 16:50:00,2026-03-02 16:55:00,MSS,short,5421.0,5432.0,5432.0,5411.5,False,,5411.5,TP,9.5,91.0,5
2026-03-02 17:20:00,2026-03-02 17:34:00,2026-03-02 18:02:00,EXTEND,short,5412.2,5425.9,5425.9,5400.5,False,,5400.5,TP,11.7,113.0,28
2026-03-02 18:40:00,2026-03-02 18:57:00,2026-03-02 19:10:00,EXTEND,long,5400.7,5398.1,5398.1,5416.5,False,,5398.1,SL,-2.6,-30.0,13
2026-03-02 19:45:00,2026-03-02 20:14:00,2026-03-02 21:03:00,MSS,short,5405.8,5414.8,5414.8,5387.0,False,,5414.8,SL,-9.0,-94.0,49
2026-03-02 21:10:00,2026-03-02 21:27:00,2026-03-02 21:30:00,MSS,short,5413.1,5425.5,5425.5,5396.0,False,,5425.5,SL,-12.4,-128.0,3
2026-03-03 00:25:00,2026-03-03 00:38:00,2026-03-03 01:31:00,MSS,long,5318.2,5294.5,5294.5,5328.5,False,,5328.5,TP,10.3,99.0,53
2026-03-03 01:30:00,2026-03-03 01:53:00,2026-03-03 02:08:00,BOS,long,5319.1,5306.2,5306.2,5334.7,False,,5306.2,SL,-12.9,-133.0,15
2026-03-03 02:10:00,2026-03-03 02:22:00,2026-03-03 02:48:00,EXTEND,short,5316.4,5324.2,5324.2,5303.0,False,,5324.2,SL,-7.8,-82.0,26
2026-03-03 07:05:00,2026-03-03 07:24:00,2026-03-03 08:14:00,EXTEND,long,5349.7,5335.4,5335.4,5361.6,False,,5361.6,TP,11.9,115.0,50
2026-03-03 08:30:00,2026-03-03 08:55:00,2026-03-03 09:03:00,EXTEND,long,5366.6,5350.4,5350.4,5376.9,False,,5376.9,TP,10.3,99.0,8
2026-03-03 09:25:00,2026-03-03 09:50:00,2026-03-03 09:56:00,EXTEND,long,5367.6,5360.4,5360.4,5394.5,False,,5360.4,SL,-7.2,-76.0,6
2026-03-03 10:00:00,2026-03-03 10:32:00,2026-03-03 13:48:00,EXTEND,short,5374.2,5394.5,5394.5,5346.3,False,,5346.3,TP,27.9,275.0,196
2026-03-03 14:10:00,2026-03-03 14:24:00,2026-03-03 15:38:00,BOS,short,5321.5,5337.0,5337.0,5291.8,False,,5337.0,SL,-15.5,-159.0,74
2026-03-03 16:05:00,2026-03-03 16:17:00,2026-03-03 16:31:00,EXTEND,long,5338.3,5321.7,5321.7,5349.0,False,,5321.7,SL,-16.6,-170.0,14
2026-03-03 16:55:00,2026-03-03 17:04:00,2026-03-03 17:05:00,BOS,short,5302.2,5324.2,5324.2,5302.7,False,,5302.0,TP,0.2,-2.0,1
2026-03-03 17:05:00,2026-03-03 17:13:00,2026-03-03 17:24:00,EXTEND,short,5307.0,5324.2,5324.2,5295.9,False,,5295.9,TP,11.1,107.0,11
2026-03-03 17:55:00,2026-03-03 18:03:00,2026-03-03 18:04:00,EXTEND,long,5297.0,5270.9,5270.9,5292.8,False,,5296.3,TP,-0.7,-11.0,1
2026-03-03 18:00:00,2026-03-03 18:10:00,2026-03-03 18:38:00,BOS,long,5288.7,5270.9,5270.9,5299.8,False,,5270.9,SL,-17.8,-182.0,28
2026-03-03 21:00:00,2026-03-03 21:05:00,2026-03-03 21:06:00,MSS,short,5180.8,5236.8,5236.8,5185.0,False,,5180.7,TP,0.1,-3.0,1
2026-03-04 02:00:00,2026-03-04 02:09:00,2026-03-04 02:10:00,MSS,long,5108.8,5077.6,5077.6,5106.3,False,,5108.9,TP,0.1,-3.0,1
2026-03-04 03:05:00,2026-03-04 03:10:00,2026-03-04 03:11:00,MSS,short,5130.9,5161.4,5161.4,5137.9,False,,5131.4,TP,-0.5,-9.0,1
2026-03-04 08:00:00,2026-03-04 08:14:00,2026-03-04 08:20:00,MSS,short,5124.3,5136.0,5136.0,5114.4,False,,5136.0,SL,-11.7,-121.0,6
2026-03-04 08:50:00,2026-03-04 08:56:00,2026-03-04 09:00:00,EXTEND,long,5142.4,5130.6,5130.6,5149.3,False,,5149.3,TP,6.9,65.0,4
2026-03-04 10:10:00,2026-03-04 10:26:00,2026-03-04 10:35:00,EXTEND,long,5189.3,5177.4,5177.4,5200.5,False,,5177.4,SL,-11.9,-123.0,9
2026-03-04 12:10:00,2026-03-04 12:25:00,2026-03-04 12:42:00,EXTEND,long,5175.6,5162.3,5162.3,5189.8,False,,5162.3,SL,-13.3,-137.0,17
2026-03-05 08:20:00,2026-03-05 08:49:00,2026-03-05 09:06:00,EXTEND,long,5188.1,5170.6,5170.6,5191.2,False,,5191.2,TP,3.1,27.0,17
2026-03-05 09:10:00,2026-03-05 09:26:00,2026-03-05 09:42:00,EXTEND,long,5188.7,5177.7,5177.7,5197.9,False,,5177.7,SL,-11.0,-114.0,16
2026-03-05 10:20:00,2026-03-05 10:40:00,2026-03-05 10:53:00,EXTEND,long,5191.9,5182.0,5182.0,5197.4,False,,5197.4,TP,5.5,51.0,13
2026-03-05 11:05:00,2026-03-05 11:32:00,2026-03-05 12:44:00,EXTEND,long,5196.6,5183.3,5183.3,5204.5,False,,5183.3,SL,-13.3,-137.0,72
2026-03-05 14:10:00,2026-03-05 14:42:00,2026-03-05 15:02:00,EXTEND,short,5159.3,5178.4,5178.4,5129.4,False,,5178.4,SL,-19.1,-195.0,20
2026-03-06 07:00:00,2026-03-06 07:12:00,2026-03-06 08:00:00,EXTEND,long,5096.8,5081.9,5081.9,5117.0,False,,5081.9,SL,-14.9,-153.0,48
2026-03-06 09:00:00,2026-03-06 09:07:00,2026-03-06 09:31:00,MSS,short,5086.8,5098.4,5098.4,5074.1,False,,5098.4,SL,-11.6,-120.0,24
2026-03-06 11:20:00,2026-03-06 11:44:00,2026-03-06 13:31:00,EXTEND,long,5141.2,5130.3,5130.3,5149.8,False,,5130.3,SL,-10.9,-113.0,107
2026-03-09 08:45:00,2026-03-09 09:00:00,2026-03-09 09:01:00,BOS,short,5025.7,5067.6,5067.6,5040.1,False,,5025.3,TP,0.4,-0.0,1
2026-03-09 09:05:00,2026-03-09 09:11:00,2026-03-09 09:12:00,MSS,long,5068.0,5020.8,5020.8,5066.8,False,,5068.0,TP,0.0,-4.0,1
2026-03-09 10:10:00,2026-03-09 10:30:00,2026-03-09 10:57:00,MSS,long,5093.0,5061.3,5061.3,5102.9,False,,5102.9,TP,9.9,95.0,27
2026-03-09 12:05:00,2026-03-09 12:18:00,2026-03-09 12:45:00,BOS,long,5098.7,5093.2,5093.2,5103.7,False,,5093.2,SL,-5.5,-59.0,27
2026-03-09 13:05:00,2026-03-09 13:21:00,2026-03-09 13:22:00,EXTEND,long,5102.0,5091.3,5091.3,5108.8,False,,5108.8,TP,6.8,64.0,1
2026-03-09 13:20:00,2026-03-09 13:31:00,2026-03-09 13:33:00,EXTEND,long,5108.2,5091.3,5091.3,5112.2,False,,5112.2,TP,4.0,36.0,2
2026-03-09 15:30:00,2026-03-09 15:41:00,2026-03-09 15:48:00,EXTEND,long,5114.3,5102.5,5102.5,5115.2,False,,5102.5,SL,-11.8,-122.0,7
2026-03-09 16:00:00,2026-03-09 16:17:00,2026-03-09 16:28:00,BOS,long,5112.5,5101.0,5101.0,5118.5,False,,5101.0,SL,-11.5,-119.0,11
2026-03-09 16:50:00,2026-03-09 16:58:00,2026-03-09 17:02:00,EXTEND,long,5106.1,5096.6,5096.6,5110.8,False,,5110.8,TP,4.7,43.0,4
2026-03-09 17:30:00,2026-03-09 17:50:00,2026-03-09 18:31:00,EXTEND,long,5115.0,5100.3,5100.3,5140.8,False,,5100.3,SL,-14.7,-151.0,41
2026-03-09 21:40:00,2026-03-09 21:45:00,2026-03-09 21:46:00,MSS,short,5081.0,5119.7,5119.7,5082.1,False,,5081.1,TP,-0.1,-5.0,1
2026-03-09 22:45:00,2026-03-09 23:12:00,2026-03-10 02:36:00,EXTEND,long,5095.4,5067.4,5067.4,5124.7,False,,5124.7,TP,29.3,289.0,204
2026-03-10 03:20:00,2026-03-10 03:39:00,2026-03-10 04:00:00,EXTEND,long,5140.5,5128.0,5128.0,5154.4,False,,5154.4,TP,13.9,135.0,21
2026-03-10 07:15:00,2026-03-10 07:36:00,2026-03-10 07:44:00,BOS,long,5153.3,5147.7,5147.7,5166.0,False,,5147.7,SL,-5.6,-60.0,8
2026-03-10 08:30:00,2026-03-10 08:39:00,2026-03-10 09:00:00,EXTEND,short,5143.2,5151.5,5151.5,5134.6,False,,5134.6,TP,8.6,82.0,21
2026-03-10 13:30:00,2026-03-10 13:42:00,2026-03-10 13:46:00,MSS,short,5178.8,5180.8,5180.8,5176.1,False,,5176.1,TP,2.7,23.0,4
2026-03-10 14:10:00,2026-03-10 14:29:00,2026-03-10 15:19:00,EXTEND,long,5185.2,5178.0,5178.0,5190.0,False,,5178.0,SL,-7.2,-76.0,50
2026-03-10 15:50:00,2026-03-10 15:59:00,2026-03-10 16:00:00,EXTEND,long,5190.2,5167.4,5167.4,5189.2,False,,5190.4,TP,0.2,-2.0,1
2026-03-10 16:45:00,2026-03-10 17:02:00,2026-03-10 18:05:00,EXTEND,long,5194.0,5185.0,5185.0,5203.9,False,,5185.0,SL,-9.0,-94.0,63
2026-03-10 18:05:00,2026-03-10 18:17:00,2026-03-10 18:18:00,EXTEND,short,5185.0,5198.3,5198.3,5184.2,False,,5184.2,TP,0.8,4.0,1
2026-03-10 18:35:00,2026-03-10 18:54:00,2026-03-10 19:04:00,EXTEND,short,5182.5,5191.4,5191.4,5165.7,False,,5191.4,SL,-8.9,-93.0,10
2026-03-10 20:30:00,2026-03-10 20:35:00,2026-03-10 20:36:00,EXTEND,long,5191.6,5171.2,5171.2,5191.1,False,,5191.7,TP,0.1,-3.0,1
2026-03-10 21:25:00,2026-03-10 21:49:00,2026-03-10 23:31:00,EXTEND,long,5214.1,5189.9,5189.9,5238.7,False,,5238.7,TP,24.6,242.0,102
2026-03-10 23:45:00,2026-03-10 23:53:00,2026-03-11 00:12:00,EXTEND,long,5240.1,5232.9,5232.9,5248.7,False,,5232.9,SL,-7.2,-76.0,19
2026-03-11 00:10:00,2026-03-11 00:28:00,2026-03-11 02:02:00,EXTEND,short,5242.2,5248.7,5248.7,5232.2,False,,5232.2,TP,10.0,96.0,94
2026-03-11 02:15:00,2026-03-11 02:33:00,2026-03-11 21:01:00,EXTEND,short,5207.2,5242.2,5242.2,5169.1,False,,5169.1,TP,38.1,377.0,1048
2026-03-11 21:00:00,2026-03-11 21:08:00,2026-03-11 21:20:00,EXTEND,short,5185.1,5189.9,5189.9,5169.0,False,,5189.9,SL,-4.8,-52.0,12
2026-03-11 21:50:00,2026-03-11 22:03:00,2026-03-11 22:04:00,EXTEND,short,5186.4,5191.1,5191.1,5156.0,False,,5191.1,SL,-4.7,-51.0,1
2026-03-11 22:30:00,2026-03-11 22:44:00,2026-03-11 22:45:00,EXTEND,long,5190.7,5193.4,5193.4,5204.2,False,,5190.6,SL,-0.1,-5.0,1
2026-03-12 01:05:00,2026-03-12 01:23:00,2026-03-12 01:26:00,BOS,long,5181.0,5177.7,5177.7,5188.6,False,,5177.7,SL,-3.3,-37.0,3
2026-03-12 01:40:00,2026-03-12 01:52:00,2026-03-12 02:07:00,EXTEND,short,5173.3,5181.6,5181.6,5161.1,False,,5181.6,SL,-8.3,-87.0,15
2026-03-12 03:50:00,2026-03-12 03:56:00,2026-03-12 03:57:00,BOS,long,5189.4,5184.5,5184.5,5190.2,False,,5190.2,TP,0.8,4.0,1
2026-03-12 06:55:00,2026-03-12 07:22:00,2026-03-12 08:00:00,BOS,short,5158.1,5174.5,5174.5,5135.6,False,,5135.6,TP,22.5,221.0,38
2026-03-12 08:05:00,2026-03-12 08:17:00,2026-03-12 08:25:00,EXTEND,short,5146.0,5159.2,5159.2,5130.1,False,,5159.2,SL,-13.2,-136.0,8
2026-03-12 09:00:00,2026-03-12 09:18:00,2026-03-12 09:43:00,BOS,long,5163.1,5157.2,5157.2,5172.3,False,,5172.3,TP,9.2,88.0,25
2026-03-12 12:25:00,2026-03-12 12:32:00,2026-03-12 12:34:00,EXTEND,short,5156.2,5159.4,5159.4,5155.0,False,,5155.0,TP,1.2,8.0,2
2026-03-12 13:10:00,2026-03-12 13:22:00,2026-03-12 13:25:00,EXTEND,long,5149.8,5145.3,5145.3,5154.0,False,,5145.3,SL,-4.5,-49.0,3
2026-03-12 14:25:00,2026-03-12 14:31:00,2026-03-12 14:32:00,MSS,long,5165.2,5152.5,5152.5,5162.8,False,,5165.3,TP,0.1,-3.0,1
2026-03-12 16:00:00,2026-03-12 16:49:00,2026-03-12 17:59:00,EXTEND,long,5185.9,5174.2,5174.2,5195.7,False,,5195.7,TP,9.8,94.0,70
2026-03-12 18:05:00,2026-03-12 18:22:00,2026-03-12 18:26:00,EXTEND,long,5191.9,5189.1,5189.1,5197.9,False,,5189.1,SL,-2.8,-32.0,4
2026-03-12 19:20:00,2026-03-12 19:29:00,2026-03-12 20:05:00,EXTEND,short,5182.4,5189.6,5189.6,5178.6,False,,5178.6,TP,3.8,34.0,36
2026-03-12 20:20:00,2026-03-12 20:33:00,2026-03-12 20:49:00,EXTEND,short,5178.9,5187.2,5187.2,5169.1,False,,5187.2,SL,-8.3,-87.0,16
2026-03-12 21:15:00,2026-03-12 21:20:00,2026-03-12 21:21:00,MSS,short,5176.9,5192.6,5192.6,5178.6,False,,5176.9,TP,0.0,-4.0,1
2026-03-12 22:15:00,2026-03-12 22:21:00,2026-03-12 22:23:00,MSS,short,5158.9,5166.7,5166.7,5158.6,False,,5158.6,TP,0.3,-1.0,2
2026-03-12 22:35:00,2026-03-12 22:47:00,2026-03-12 22:49:00,EXTEND,short,5153.7,5166.7,5166.7,5145.9,False,,5145.9,TP,7.8,74.0,2
2026-03-12 23:10:00,2026-03-12 23:29:00,2026-03-13 01:41:00,EXTEND,short,5135.1,5150.8,5150.8,5115.2,False,,5115.2,TP,19.9,195.0,132
2026-03-13 03:00:00,2026-03-13 03:07:00,2026-03-13 04:20:00,BOS,short,5093.6,5105.3,5105.3,5084.8,False,,5084.8,TP,8.8,84.0,73
2026-03-13 06:55:00,2026-03-13 07:04:00,2026-03-13 07:05:00,BOS,long,5096.4,5088.8,5088.8,5099.4,False,,5099.4,TP,3.0,26.0,1
2026-03-13 07:25:00,2026-03-13 07:31:00,2026-03-13 07:50:00,EXTEND,long,5099.4,5093.1,5093.1,5102.8,False,,5102.8,TP,3.4,30.0,19
2026-03-13 09:45:00,2026-03-13 09:52:00,2026-03-13 09:58:00,EXTEND,short,5114.1,5125.2,5125.2,5111.5,False,,5125.2,SL,-11.1,-115.0,6
2026-03-13 10:20:00,2026-03-13 10:30:00,2026-03-13 10:46:00,MSS,short,5124.6,5132.4,5132.4,5118.7,False,,5118.7,TP,5.9,55.0,16
2026-03-13 12:20:00,2026-03-13 12:29:00,2026-03-13 12:36:00,MSS,short,5108.5,5121.4,5121.4,5106.6,False,,5106.6,TP,1.9,15.0,7
2026-03-13 13:15:00,2026-03-13 13:31:00,2026-03-13 13:32:00,EXTEND,long,5111.4,5105.6,5105.6,5113.3,False,,5113.3,TP,1.9,15.0,1
2026-03-13 13:30:00,2026-03-13 13:39:00,2026-03-13 13:43:00,EXTEND,long,5110.6,5105.6,5105.6,5114.8,False,,5105.6,SL,-5.0,-54.0,4
2026-03-13 14:00:00,2026-03-13 14:05:00,2026-03-13 14:06:00,MSS,long,5111.0,5100.4,5100.4,5110.5,False,,5110.7,TP,-0.3,-7.0,1
2026-03-13 14:20:00,2026-03-13 14:25:00,2026-03-13 14:26:00,MSS,short,5096.7,5111.3,5111.3,5098.2,False,,5096.5,TP,0.2,-2.0,1
2026-03-13 15:20:00,2026-03-13 15:39:00,2026-03-13 16:03:00,EXTEND,short,5092.3,5098.4,5098.4,5075.6,False,,5075.6,TP,16.7,163.0,24
2026-03-13 16:35:00,2026-03-13 16:40:00,2026-03-13 16:41:00,MSS,long,5087.4,5066.0,5066.0,5087.3,False,,5087.3,TP,-0.1,-5.0,1
2026-03-13 17:05:00,2026-03-13 17:45:00,2026-03-13 18:50:00,EXTEND,long,5090.8,5080.6,5080.6,5101.9,False,,5101.9,TP,11.1,107.0,65
2026-03-13 18:50:00,2026-03-13 19:13:00,2026-03-13 19:56:00,EXTEND,long,5094.7,5085.0,5085.0,5103.5,False,,5103.5,TP,8.8,84.0,43
2026-03-13 20:45:00,2026-03-13 21:04:00,2026-03-13 21:25:00,BOS,long,5126.6,5114.2,5114.2,5128.4,False,,5114.2,SL,-12.4,-128.0,21
2026-03-13 21:35:00,2026-03-13 21:48:00,2026-03-13 22:00:00,EXTEND,short,5118.8,5121.2,5121.2,5102.4,False,,5102.4,TP,16.4,160.0,12
2026-03-13 22:00:00,2026-03-13 22:07:00,2026-03-13 22:14:00,EXTEND,short,5108.6,5121.2,5121.2,5098.4,False,,5098.4,TP,10.2,98.0,7
2026-03-14 00:05:00,2026-03-14 00:39:00,2026-03-14 03:47:00,EXTEND,short,5049.8,5072.8,5072.8,5023.2,False,,5023.2,TP,26.6,262.0,188
2026-03-17 00:35:00,2026-03-17 00:45:00,2026-03-17 01:10:00,EXTEND,short,4989.6,5004.2,5004.2,4978.5,False,,5004.2,SL,-14.6,-150.0,25
2026-03-17 07:20:00,2026-03-17 07:25:00,2026-03-17 07:26:00,MSS,long,5014.0,5005.5,5005.5,5014.2,False,,5014.2,TP,0.2,-2.0,1
2026-03-17 07:55:00,2026-03-17 08:06:00,2026-03-17 08:27:00,EXTEND,long,5013.8,5005.5,5005.5,5020.9,False,,5005.5,SL,-8.3,-87.0,21
2026-03-17 09:05:00,2026-03-17 09:11:00,2026-03-17 09:12:00,MSS,long,5014.3,4998.4,4998.4,5014.0,False,,5014.3,TP,0.0,-4.0,1
2026-03-17 10:45:00,2026-03-17 10:53:00,2026-03-17 10:59:00,EXTEND,long,5030.2,5025.8,5025.8,5033.6,False,,5025.8,SL,-4.4,-48.0,6
2026-03-17 12:40:00,2026-03-17 13:11:00,2026-03-17 13:16:00,EXTEND,long,5040.4,5030.5,5030.5,5047.3,False,,5047.3,TP,6.9,65.0,5
2026-03-17 13:15:00,2026-03-17 13:42:00,2026-03-17 13:54:00,EXTEND,long,5039.2,5030.5,5030.5,5049.4,False,,5030.5,SL,-8.7,-91.0,12
2026-03-17 16:20:00,2026-03-17 16:32:00,2026-03-17 16:35:00,EXTEND,long,5025.3,5022.6,5022.6,5033.5,False,,5022.6,SL,-2.7,-31.0,3
2026-03-17 17:55:00,2026-03-17 18:03:00,2026-03-17 18:04:00,BOS,short,5014.4,5020.2,5020.2,5014.1,False,,5014.1,TP,0.3,-1.0,1
2026-03-17 19:55:00,2026-03-17 20:01:00,2026-03-17 20:02:00,MSS,short,5003.9,5015.9,5015.9,5006.1,False,,5003.7,TP,0.2,-2.0,1
2026-03-17 20:15:00,2026-03-17 20:20:00,2026-03-17 20:21:00,MSS,long,5020.2,5003.2,5003.2,5018.0,False,,5020.2,TP,0.0,-4.0,1
2026-03-17 21:40:00,2026-03-17 21:55:00,2026-03-17 22:03:00,EXTEND,long,5019.8,5015.3,5015.3,5036.8,False,,5015.3,SL,-4.5,-49.0,8
2026-03-17 22:30:00,2026-03-17 22:50:00,2026-03-17 23:27:00,EXTEND,short,5021.3,5026.3,5026.3,5007.2,False,,5007.2,TP,14.1,137.0,37
2026-03-17 23:40:00,2026-03-18 00:02:00,2026-03-18 09:10:00,EXTEND,short,4997.9,5019.7,5019.7,4977.3,False,,5019.7,SL,-21.8,-222.0,488
2026-03-18 09:20:00,2026-03-18 09:32:00,2026-03-18 09:36:00,EXTEND,long,5013.3,5007.2,5007.2,5021.3,False,,5007.2,SL,-6.1,-65.0,4
2026-03-18 10:20:00,2026-03-18 10:34:00,2026-03-18 10:54:00,EXTEND,long,5006.2,4999.7,4999.7,5010.6,False,,4999.7,SL,-6.5,-69.0,20
2026-03-19 07:40:00,2026-03-19 07:47:00,2026-03-19 08:01:00,EXTEND,long,4838.2,4830.3,4830.3,4845.1,False,,4845.1,TP,6.9,65.0,14
2026-03-19 08:05:00,2026-03-19 08:11:00,2026-03-19 08:37:00,EXTEND,long,4846.2,4832.2,4832.2,4850.4,False,,4850.4,TP,4.2,38.0,26
2026-03-19 09:00:00,2026-03-19 09:08:00,2026-03-19 09:35:00,EXTEND,long,4838.2,4832.2,4832.2,4854.9,False,,4854.9,TP,16.7,163.0,27
2026-03-19 10:05:00,2026-03-19 10:30:00,2026-03-19 13:30:00,EXTEND,short,4856.8,4868.5,4868.5,4842.3,False,,4842.3,TP,14.5,141.0,180
2026-03-19 13:55:00,2026-03-19 14:06:00,2026-03-19 14:17:00,BOS,short,4835.1,4841.8,4841.8,4828.4,False,,4828.4,TP,6.7,63.0,11
2026-03-19 16:40:00,2026-03-19 16:49:00,2026-03-19 18:20:00,BOS,short,4712.7,4738.5,4738.5,4687.8,False,,4687.8,TP,24.9,245.0,91
2026-03-19 18:55:00,2026-03-19 19:04:00,2026-03-19 19:42:00,EXTEND,short,4692.0,4722.4,4722.4,4669.2,False,,4669.2,TP,22.8,224.0,38
2026-03-19 20:45:00,2026-03-19 20:59:00,2026-03-19 21:01:00,EXTEND,short,4576.7,4620.8,4620.8,4533.4,False,,4533.4,TP,43.3,429.0,2
2026-03-19 21:00:00,2026-03-19 21:22:00,2026-03-19 21:58:00,EXTEND,short,4570.0,4620.8,4620.8,4504.4,False,,4620.8,SL,-50.8,-512.0,36
2026-03-19 23:00:00,2026-03-19 23:07:00,2026-03-19 23:14:00,EXTEND,short,4624.0,4630.4,4630.4,4595.3,False,,4630.4,SL,-6.4,-68.0,7
2026-03-19 23:45:00,2026-03-20 00:04:00,2026-03-20 03:01:00,EXTEND,short,4615.6,4641.8,4641.8,4567.2,False,,4641.8,SL,-26.2,-266.0,177
2026-03-20 07:40:00,2026-03-20 07:50:00,2026-03-20 08:01:00,EXTEND,short,4645.2,4649.3,4649.3,4635.7,False,,4649.3,SL,-4.1,-45.0,11
2026-03-20 08:15:00,2026-03-20 08:38:00,2026-03-20 09:00:00,EXTEND,long,4652.8,4643.5,4643.5,4666.6,False,,4643.5,SL,-9.3,-97.0,22
2026-03-20 09:05:00,2026-03-20 09:21:00,2026-03-20 09:40:00,EXTEND,long,4654.2,4648.0,4648.0,4681.6,False,,4681.6,TP,27.4,270.0,19
2026-03-20 10:15:00,2026-03-20 10:32:00,2026-03-20 10:35:00,EXTEND,long,4688.2,4673.8,4673.8,4691.8,False,,4691.8,TP,3.6,32.0,3
2026-03-20 12:10:00,2026-03-20 12:28:00,2026-03-20 12:45:00,EXTEND,short,4721.8,4728.7,4728.7,4717.2,False,,4717.2,TP,4.6,42.0,17
2026-03-20 13:05:00,2026-03-20 13:17:00,2026-03-20 13:23:00,EXTEND,short,4719.8,4723.0,4723.0,4710.7,False,,4723.0,SL,-3.2,-36.0,6
2026-03-20 13:35:00,2026-03-20 13:41:00,2026-03-20 13:47:00,EXTEND,short,4712.3,4724.2,4724.2,4702.2,False,,4702.2,TP,10.1,97.0,6
2026-03-20 14:40:00,2026-03-20 15:10:00,2026-03-20 15:41:00,EXTEND,short,4678.4,4697.0,4697.0,4662.1,False,,4697.0,SL,-18.6,-190.0,31
2026-03-20 16:55:00,2026-03-20 17:13:00,2026-03-20 17:22:00,EXTEND,short,4698.0,4711.3,4711.3,4685.1,False,,4685.1,TP,12.9,125.0,9
2026-03-20 18:00:00,2026-03-20 18:07:00,2026-03-20 18:10:00,BOS,short,4661.9,4678.4,4678.4,4652.3,False,,4652.3,TP,9.6,92.0,3
2026-03-20 18:35:00,2026-03-20 18:53:00,2026-03-20 18:54:00,MSS,long,4653.5,4649.7,4649.7,4670.4,False,,4649.7,SL,-3.8,-42.0,1
2026-03-20 19:40:00,2026-03-20 19:53:00,2026-03-20 20:00:00,EXTEND,long,4666.7,4649.7,4649.7,4676.2,False,,4676.2,TP,9.5,91.0,7
2026-03-20 20:10:00,2026-03-20 20:34:00,2026-03-20 21:10:00,EXTEND,long,4674.3,4658.7,4658.7,4696.8,False,,4658.7,SL,-15.6,-160.0,36
2026-03-20 21:30:00,2026-03-20 21:38:00,2026-03-20 21:51:00,BOS,short,4652.4,4670.8,4670.8,4642.0,False,,4642.0,TP,10.4,100.0,13
2026-03-20 22:55:00,2026-03-20 23:03:00,2026-03-20 23:25:00,EXTEND,short,4570.9,4586.0,4586.0,4548.0,False,,4548.0,TP,22.9,225.0,22
2026-03-20 23:25:00,2026-03-20 23:35:00,2026-03-21 00:12:00,EXTEND,short,4565.8,4586.0,4586.0,4541.5,False,,4586.0,SL,-20.2,-206.0,37
2026-03-21 00:20:00,2026-03-21 00:33:00,2026-03-21 02:22:00,EXTEND,long,4584.1,4545.8,4545.8,4615.8,False,,4545.8,SL,-38.3,-387.0,109
2026-03-23 07:35:00,2026-03-23 07:46:00,2026-03-23 07:48:00,MSS,short,4483.0,4500.3,4500.3,4473.0,False,,4473.0,TP,10.0,96.0,2
2026-03-23 08:15:00,2026-03-23 08:26:00,2026-03-23 08:34:00,EXTEND,short,4439.7,4471.7,4471.7,4406.4,False,,4406.4,TP,33.3,329.0,8
2026-03-23 11:40:00,2026-03-23 11:54:00,2026-03-23 12:00:00,EXTEND,short,4353.4,4367.1,4367.1,4337.2,False,,4367.1,SL,-13.7,-141.0,6
2026-03-23 12:50:00,2026-03-23 13:04:00,2026-03-23 13:30:00,MSS,short,4375.9,4385.0,4385.0,4353.0,False,,4353.0,TP,22.9,225.0,26
2026-03-23 15:20:00,2026-03-23 15:49:00,2026-03-23 16:06:00,EXTEND,short,4215.6,4235.3,4235.3,4100.0,False,,4235.3,SL,-19.7,-201.0,17
2026-03-23 16:15:00,2026-03-23 16:22:00,2026-03-23 16:32:00,EXTEND,long,4226.8,4187.8,4187.8,4258.3,False,,4258.3,TP,31.5,311.0,10
2026-03-23 16:35:00,2026-03-23 16:57:00,2026-03-23 17:15:00,EXTEND,long,4238.5,4212.2,4212.2,4272.6,False,,4272.6,TP,34.1,337.0,18
2026-03-23 17:30:00,2026-03-23 17:41:00,2026-03-23 19:05:00,EXTEND,long,4246.2,4219.7,4219.7,4310.1,False,,4310.1,TP,63.9,635.0,84
2026-03-23 20:05:00,2026-03-23 20:22:00,2026-03-23 20:41:00,EXTEND,short,4397.0,4419.8,4419.8,4338.5,False,,4419.8,SL,-22.8,-232.0,19
2026-03-23 21:15:00,2026-03-23 21:22:00,2026-03-23 21:23:00,MSS,short,4424.6,4462.5,4462.5,4425.1,False,,4424.7,TP,-0.1,-5.0,1
2026-03-23 21:30:00,2026-03-23 21:38:00,2026-03-23 21:53:00,EXTEND,short,4426.8,4462.5,4462.5,4403.7,False,,4462.5,SL,-35.7,-361.0,15
2026-03-23 22:25:00,2026-03-23 22:32:00,2026-03-23 23:16:00,EXTEND,long,4497.0,4455.3,4455.3,4516.0,False,,4455.3,SL,-41.7,-421.0,44
2026-03-24 01:35:00,2026-03-24 01:50:00,2026-03-24 02:34:00,EXTEND,long,4416.0,4390.6,4390.6,4441.3,False,,4441.3,TP,25.3,249.0,44
2026-03-24 02:45:00,2026-03-24 03:09:00,2026-03-24 03:13:00,EXTEND,long,4439.5,4411.3,4411.3,4469.8,False,,4411.3,SL,-28.2,-286.0,4
2026-03-24 03:45:00,2026-03-24 03:53:00,2026-03-24 04:00:00,EXTEND,long,4413.6,4393.9,4393.9,4430.0,False,,4393.9,SL,-19.7,-201.0,7
2026-03-24 07:40:00,2026-03-24 07:55:00,2026-03-24 08:14:00,EXTEND,short,4439.1,4450.7,4450.7,4423.8,False,,4423.8,TP,15.3,149.0,19
2026-03-24 10:10:00,2026-03-24 10:24:00,2026-03-24 10:34:00,EXTEND,short,4336.8,4370.3,4370.3,4306.0,False,,4370.3,SL,-33.5,-339.0,10
2026-03-24 11:45:00,2026-03-24 12:07:00,2026-03-24 12:19:00,EXTEND,short,4349.9,4369.6,4369.6,4335.4,False,,4335.4,TP,14.5,141.0,12
2026-03-24 12:20:00,2026-03-24 12:39:00,2026-03-24 13:05:00,EXTEND,short,4343.6,4357.8,4357.8,4326.8,False,,4326.8,TP,16.8,164.0,26
2026-03-24 13:05:00,2026-03-24 13:14:00,2026-03-24 13:40:00,BOS,short,4335.9,4350.2,4350.2,4319.9,False,,4350.2,SL,-14.3,-147.0,26
2026-03-24 14:55:00,2026-03-24 15:00:00,2026-03-24 15:01:00,MSS,long,4413.4,4375.5,4375.5,4406.9,False,,4413.2,TP,-0.2,-6.0,1
2026-03-24 15:50:00,2026-03-24 16:23:00,2026-03-24 18:56:00,EXTEND,long,4401.8,4375.5,4375.5,4436.9,False,,4436.9,TP,35.1,347.0,153
2026-03-24 18:55:00,2026-03-24 19:03:00,2026-03-24 19:04:00,BOS,long,4415.5,4419.6,4419.6,4442.9,False,,4415.7,SL,0.2,-2.0,1
2026-03-24 19:00:00,2026-03-24 19:11:00,2026-03-24 20:37:00,MSS,short,4412.5,4442.9,4442.9,4373.7,False,,4373.7,TP,38.8,384.0,86
2026-03-24 21:55:00,2026-03-24 22:00:00,2026-03-24 22:01:00,MSS,long,4387.1,4350.5,4350.5,4384.5,False,,4387.2,TP,0.1,-3.0,1
2026-03-24 22:50:00,2026-03-24 23:03:00,2026-03-24 23:09:00,BOS,long,4412.8,4403.3,4403.3,4434.7,False,,4403.3,SL,-9.5,-99.0,6
2026-03-25 00:05:00,2026-03-25 00:25:00,2026-03-25 01:05:00,EXTEND,short,4422.3,4431.7,4431.7,4402.8,False,,4402.8,TP,19.5,191.0,40
2026-03-25 01:45:00,2026-03-25 02:09:00,2026-03-25 02:25:00,EXTEND,short,4386.0,4406.9,4406.9,4371.4,False,,4406.9,SL,-20.9,-213.0,16
2026-03-25 02:35:00,2026-03-25 02:51:00,2026-03-25 04:22:00,EXTEND,long,4401.4,4383.6,4383.6,4424.4,False,,4424.4,TP,23.0,226.0,91
2026-03-25 08:45:00,2026-03-25 09:04:00,2026-03-25 09:06:00,EXTEND,long,4564.6,4541.2,4541.2,4572.9,False,,4572.9,TP,8.3,79.0,2
2026-03-25 09:50:00,2026-03-25 10:02:00,2026-03-25 10:09:00,EXTEND,long,4593.3,4582.4,4582.4,4600.3,False,,4582.4,SL,-10.9,-113.0,7
2026-03-25 10:10:00,2026-03-25 10:27:00,2026-03-25 10:46:00,EXTEND,short,4586.7,4600.3,4600.3,4577.5,False,,4600.3,SL,-13.6,-140.0,19
2026-03-25 11:45:00,2026-03-25 11:56:00,2026-03-25 12:01:00,EXTEND,short,4571.1,4576.4,4576.4,4565.9,False,,4565.9,TP,5.2,48.0,5
2026-03-25 12:00:00,2026-03-25 12:06:00,2026-03-25 13:17:00,EXTEND,short,4571.1,4576.4,4576.4,4564.0,False,,4564.0,TP,7.1,67.0,71
2026-03-25 13:30:00,2026-03-25 13:45:00,2026-03-25 14:02:00,EXTEND,short,4562.8,4572.0,4572.0,4548.0,False,,4548.0,TP,14.8,144.0,17
2026-03-25 14:10:00,2026-03-25 14:32:00,2026-03-25 16:20:00,EXTEND,short,4551.1,4566.2,4566.2,4532.1,False,,4566.2,SL,-15.1,-155.0,108
2026-03-25 17:40:00,2026-03-25 17:45:00,2026-03-25 17:46:00,MSS,short,4543.9,4565.0,4565.0,4547.5,False,,4544.2,TP,-0.3,-7.0,1
2026-03-25 17:45:00,2026-03-25 17:58:00,2026-03-25 19:05:00,EXTEND,short,4546.1,4565.0,4565.0,4525.9,False,,4565.0,SL,-18.9,-193.0,67
2026-03-25 20:15:00,2026-03-25 20:23:00,2026-03-25 20:24:00,MSS,short,4558.2,4582.8,4582.8,4561.2,False,,4558.1,TP,0.1,-3.0,1
2026-03-25 21:00:00,2026-03-25 21:07:00,2026-03-25 21:30:00,MSS,long,4563.8,4534.4,4534.4,4569.8,False,,4569.8,TP,6.0,56.0,23
2026-03-25 21:30:00,2026-03-25 21:53:00,2026-03-25 22:00:00,EXTEND,long,4547.6,4534.4,4534.4,4576.3,False,,4534.4,SL,-13.2,-136.0,7
2026-03-26 07:40:00,2026-03-26 08:09:00,2026-03-26 08:10:00,EXTEND,short,4511.1,4508.3,4508.3,4484.5,False,,4511.5,SL,-0.4,-8.0,1
2026-03-26 08:50:00,2026-03-26 08:56:00,2026-03-26 09:00:00,EXTEND,long,4529.4,4521.5,4521.5,4536.5,False,,4536.5,TP,7.1,67.0,4
2026-03-26 09:00:00,2026-03-26 09:18:00,2026-03-26 09:47:00,EXTEND,long,4528.8,4521.5,4521.5,4541.6,False,,4521.5,SL,-7.3,-77.0,29
2026-03-26 09:45:00,2026-03-26 09:54:00,2026-03-26 10:34:00,MSS,short,4526.5,4533.0,4533.0,4519.4,False,,4519.4,TP,7.1,67.0,40
2026-03-26 13:05:00,2026-03-26 13:10:00,2026-03-26 13:11:00,MSS,short,4506.5,4518.9,4518.9,4508.1,False,,4506.3,TP,0.2,-2.0,1
2026-03-26 18:35:00,2026-03-26 18:42:00,2026-03-26 18:43:00,MSS,short,4428.5,4445.4,4445.4,4426.3,False,,4426.3,TP,2.2,18.0,1
2026-03-26 18:40:00,2026-03-26 18:52:00,2026-03-26 19:01:00,EXTEND,short,4437.4,4445.4,4445.4,4419.9,False,,4445.4,SL,-8.0,-84.0,9
2026-03-26 20:05:00,2026-03-26 20:10:00,2026-03-26 20:11:00,MSS,long,4438.5,4413.2,4413.2,4437.2,False,,4438.8,TP,0.3,-1.0,1
2026-03-26 20:40:00,2026-03-26 20:45:00,2026-03-26 20:55:00,EXTEND,long,4438.6,4429.4,4429.4,4442.6,False,,4429.4,SL,-9.2,-96.0,10
2026-03-26 21:00:00,2026-03-26 21:12:00,2026-03-26 21:13:00,EXTEND,short,4436.3,4442.6,4442.6,4417.5,False,,4442.6,SL,-6.3,-67.0,1
2026-03-26 21:20:00,2026-03-26 21:37:00,2026-03-26 21:39:00,MSS,long,4441.3,4431.7,4431.7,4451.3,False,,4431.7,SL,-9.6,-100.0,2
2026-03-26 21:40:00,2026-03-26 21:49:00,2026-03-26 21:50:00,EXTEND,short,4449.5,4451.3,4451.3,4425.9,False,,4451.3,SL,-1.8,-22.0,1
2026-03-27 07:10:00,2026-03-27 07:42:00,2026-03-27 08:22:00,EXTEND,short,4394.7,4407.3,4407.3,4383.8,False,,4383.8,TP,10.9,105.0,40
2026-03-27 08:55:00,2026-03-27 09:14:00,2026-03-27 09:31:00,EXTEND,short,4387.3,4406.0,4406.0,4369.4,False,,4406.0,SL,-18.7,-191.0,17
2026-03-27 11:05:00,2026-03-27 11:26:00,2026-03-27 11:39:00,EXTEND,short,4423.9,4435.4,4435.4,4415.1,False,,4435.4,SL,-11.5,-119.0,13
2026-03-27 13:40:00,2026-03-27 14:00:00,2026-03-27 16:17:00,EXTEND,long,4453.0,4434.8,4434.8,4469.2,False,,4434.8,SL,-18.2,-186.0,137
2026-03-30 07:05:00,2026-03-30 07:22:00,2026-03-30 07:32:00,BOS,short,4472.6,4487.3,4487.3,4461.4,False,,4461.4,TP,11.2,108.0,9
2026-03-30 08:20:00,2026-03-30 08:26:00,2026-03-30 09:21:00,MSS,long,4460.0,4414.0,4414.0,4459.0,False,,4460.6,TP,0.6,2.0,44
2026-03-30 09:30:00,2026-03-30 09:35:00,2026-03-30 09:36:00,MSS,long,4473.1,4446.6,4446.6,4465.0,False,,4470.9,TP,-2.2,-26.0,1
2026-03-30 10:20:00,2026-03-30 10:32:00,2026-03-30 10:33:00,MSS,short,4467.6,4471.0,4471.0,4463.6,False,,4457.2,TP,10.4,100.0,1
2026-03-30 15:00:00,2026-03-30 15:05:00,2026-03-30 15:26:00,MSS,short,4520.1,4546.0,4546.0,4522.0,False,,4521.5,TP,-1.4,-18.0,11
2026-03-30 15:50:00,2026-03-30 15:57:00,2026-03-30 16:00:00,MSS,long,4522.7,4515.2,4515.2,4521.6,False,,4521.7,TP,-1.0,-14.0,1
2026-03-30 19:50:00,2026-03-30 20:04:00,2026-03-30 21:45:00,EXTEND,long,4550.8,4538.7,4538.7,4577.8,False,,4538.7,SL,-12.1,-125.0,82
2026-03-31 00:00:00,2026-03-31 00:08:00,2026-03-31 00:09:00,MSS,short,4538.0,4555.5,4555.5,4538.1,False,,4538.1,TP,-0.1,-5.0,1
2026-03-31 00:40:00,2026-03-31 01:19:00,2026-03-31 01:31:00,MSS,long,4524.2,4531.3,4531.3,4546.2,False,,4520.0,SL,-4.2,-46.0,1
2026-04-07 22:05:00,2026-04-07 22:45:00,2026-04-07 23:59:00,MSS,short,4645.6,4648.8,4648.8,4606.0,False,,4654.2,SL,-8.6,-90.0,4
2026-04-29 08:50:00,2026-04-29 08:59:00,2026-04-29 09:00:00,BOS,short,4613.8,4618.7,4618.7,4609.5,False,,4609.5,TP,4.3,39.0,1
2026-04-29 09:40:00,2026-04-29 09:59:00,2026-04-29 10:01:00,MSS,long,4598.1,4592.4,4592.4,4605.3,False,,4605.3,TP,7.2,68.0,2
2026-04-29 10:40:00,2026-04-29 10:50:00,2026-04-29 10:52:00,EXTEND,short,4612.2,4616.9,4616.9,4608.8,False,,4608.8,TP,3.4,30.0,2
2026-04-29 10:55:00,2026-04-29 11:10:00,2026-04-29 11:13:00,EXTEND,short,4611.9,4614.8,4614.8,4605.4,False,,4614.8,SL,-2.9,-33.0,3
2026-04-29 11:15:00,2026-04-29 11:34:00,2026-04-29 12:14:00,EXTEND,long,4610.4,4605.4,4605.4,4616.9,False,,4616.9,TP,6.5,61.0,40
2026-04-29 13:35:00,2026-04-29 13:52:00,2026-04-29 13:56:00,EXTEND,short,4615.0,4621.3,4621.3,4607.6,False,,4607.6,TP,7.4,70.0,4
2026-04-29 14:00:00,2026-04-29 14:06:00,2026-04-29 14:11:00,EXTEND,short,4608.4,4616.9,4616.9,4603.8,False,,4603.8,TP,4.6,42.0,5
2026-04-29 15:05:00,2026-04-29 15:11:00,2026-04-29 15:12:00,MSS,short,4592.4,4603.3,4603.3,4593.2,False,,4592.8,TP,-0.4,-8.0,1
2026-04-29 16:35:00,2026-04-29 16:48:00,2026-04-29 16:49:00,EXTEND,short,4583.7,4584.9,4584.9,4570.5,False,,4584.9,SL,-1.2,-16.0,1
2026-04-29 17:30:00,2026-04-29 17:38:00,2026-04-29 17:39:00,EXTEND,short,4578.5,4594.1,4594.1,4576.9,False,,4576.9,TP,1.6,12.0,1
2026-04-29 17:55:00,2026-04-29 18:11:00,2026-04-29 18:15:00,EXTEND,short,4578.0,4582.8,4582.8,4564.1,False,,4582.8,SL,-4.8,-52.0,4
2026-04-29 19:50:00,2026-04-29 19:55:00,2026-04-29 19:56:00,MSS,short,4572.6,4585.1,4585.1,4572.5,False,,4572.5,TP,0.1,-3.0,1
2026-04-29 19:55:00,2026-04-29 20:08:00,2026-04-29 20:30:00,EXTEND,short,4578.2,4585.1,4585.1,4571.8,False,,4571.8,TP,6.4,60.0,22
2026-04-29 20:55:00,2026-04-29 21:04:00,2026-04-29 21:20:00,EXTEND,short,4560.6,4573.0,4573.0,4553.0,False,,4553.0,TP,7.6,72.0,16
2026-04-29 22:35:00,2026-04-29 22:48:00,2026-04-29 23:00:00,EXTEND,long,4548.3,4543.2,4543.2,4556.0,False,,4556.0,TP,7.7,73.0,12
2026-04-29 23:05:00,2026-04-29 23:16:00,2026-04-29 23:36:00,EXTEND,long,4553.1,4543.2,4543.2,4560.0,False,,4560.0,TP,6.9,65.0,20
2026-04-29 23:45:00,2026-04-29 23:55:00,2026-04-30 00:02:00,EXTEND,long,4560.2,4552.7,4552.7,4571.7,False,,4571.7,TP,11.5,111.0,7
2026-04-30 00:30:00,2026-04-30 00:36:00,2026-04-30 00:37:00,MSS,short,4562.0,4577.6,4577.6,4563.1,False,,4562.2,TP,-0.2,-6.0,1
2026-04-30 01:25:00,2026-04-30 01:34:00,2026-04-30 01:35:00,MSS,short,4558.4,4568.5,4568.5,4559.7,False,,4558.4,TP,0.0,-4.0,1
2026-04-30 01:45:00,2026-04-30 02:03:00,2026-04-30 02:04:00,EXTEND,short,4557.1,4568.5,4568.5,4555.3,False,,4555.3,TP,1.8,14.0,1
2026-04-30 02:00:00,2026-04-30 02:06:00,2026-04-30 02:09:00,BOS,short,4551.9,4561.8,4561.8,4545.9,False,,4545.9,TP,6.0,56.0,3
2026-04-30 02:10:00,2026-04-30 02:19:00,2026-04-30 02:31:00,EXTEND,short,4545.9,4561.8,4561.8,4539.2,False,,4539.2,TP,6.7,63.0,12
2026-04-30 02:30:00,2026-04-30 02:40:00,2026-04-30 02:44:00,BOS,short,4541.8,4554.0,4554.0,4534.5,False,,4534.5,TP,7.3,69.0,4
2026-04-30 02:45:00,2026-04-30 02:53:00,2026-04-30 02:56:00,EXTEND,short,4546.1,4554.0,4554.0,4532.1,False,,4554.0,SL,-7.9,-83.0,3
2026-04-30 03:15:00,2026-04-30 03:36:00,2026-04-30 04:07:00,EXTEND,long,4553.6,4547.3,4547.3,4564.9,False,,4564.9,TP,11.3,109.0,31
2026-04-30 07:00:00,2026-04-30 07:09:00,2026-04-30 07:15:00,BOS,long,4563.9,4561.5,4561.5,4566.1,False,,4566.1,TP,2.2,18.0,6
2026-04-30 07:15:00,2026-04-30 07:25:00,2026-04-30 07:45:00,EXTEND,long,4564.0,4561.5,4561.5,4567.4,False,,4567.4,TP,3.4,30.0,20
2026-04-30 08:00:00,2026-04-30 08:16:00,2026-04-30 08:45:00,EXTEND,long,4573.0,4561.5,4561.5,4581.5,False,,4581.5,TP,8.5,81.0,29
2026-04-30 08:45:00,2026-04-30 09:12:00,2026-04-30 09:27:00,EXTEND,long,4579.7,4574.3,4574.3,4586.3,False,,4586.3,TP,6.6,62.0,15
2026-04-30 09:30:00,2026-04-30 09:38:00,2026-04-30 09:54:00,EXTEND,long,4588.5,4577.5,4577.5,4593.4,False,,4593.4,TP,4.9,45.0,16
2026-04-30 09:50:00,2026-04-30 10:06:00,2026-04-30 10:24:00,BOS,long,4590.7,4585.4,4585.4,4594.4,False,,4585.4,SL,-5.3,-57.0,18
2026-04-30 13:05:00,2026-04-30 13:17:00,2026-04-30 13:19:00,MSS,long,4564.8,4553.0,4553.0,4565.0,False,,4565.0,TP,0.2,-2.0,2
2026-04-30 17:05:00,2026-04-30 17:14:00,2026-04-30 17:15:00,BOS,long,4630.8,4627.1,4627.1,4632.2,False,,4632.2,TP,1.4,10.0,1
2026-04-30 17:15:00,2026-04-30 17:24:00,2026-04-30 17:27:00,EXTEND,long,4631.2,4627.1,4627.1,4632.6,False,,4632.6,TP,1.4,10.0,3
2026-04-30 17:30:00,2026-04-30 17:47:00,2026-04-30 18:21:00,EXTEND,long,4633.1,4627.5,4627.5,4644.1,False,,4644.1,TP,11.0,106.0,34
2026-04-30 19:05:00,2026-04-30 19:20:00,2026-04-30 19:27:00,EXTEND,long,4650.8,4645.3,4645.3,4658.3,False,,4645.3,SL,-5.5,-59.0,7
2026-04-30 20:05:00,2026-04-30 20:10:00,2026-04-30 20:21:00,EXTEND,long,4645.6,4641.0,4641.0,4650.3,False,,4650.3,TP,4.7,43.0,11
2026-04-30 20:20:00,2026-04-30 20:30:00,2026-04-30 20:34:00,EXTEND,long,4645.5,4641.0,4641.0,4650.5,False,,4641.0,SL,-4.5,-49.0,4
2026-04-30 20:30:00,2026-04-30 20:40:00,2026-04-30 20:58:00,MSS,short,4642.7,4650.5,4650.5,4634.9,False,,4650.5,SL,-7.8,-82.0,18
2026-04-30 22:35:00,2026-04-30 22:48:00,2026-05-01 00:02:00,BOS,short,4632.2,4638.9,4638.9,4622.8,False,,4622.8,TP,9.4,90.0,74
2026-05-01 00:15:00,2026-05-01 00:35:00,2026-05-01 00:50:00,BOS,short,4623.2,4630.1,4630.1,4617.8,False,,4630.1,SL,-6.9,-73.0,15
2026-05-01 00:55:00,2026-05-01 01:06:00,2026-05-01 01:08:00,BOS,short,4628.1,4630.8,4630.8,4618.7,False,,4630.8,SL,-2.7,-31.0,2
2026-05-01 02:15:00,2026-05-01 02:43:00,2026-05-01 03:01:00,EXTEND,long,4633.9,4628.0,4628.0,4638.6,False,,4638.6,TP,4.7,43.0,18
2026-05-01 03:05:00,2026-05-01 03:24:00,2026-05-01 03:32:00,EXTEND,long,4633.2,4628.0,4628.0,4640.8,False,,4628.0,SL,-5.2,-56.0,8
2026-05-01 07:35:00,2026-05-01 07:46:00,2026-05-01 07:57:00,EXTEND,long,4644.9,4641.1,4641.1,4646.8,False,,4641.1,SL,-3.8,-42.0,11
2026-05-01 08:00:00,2026-05-01 08:07:00,2026-05-01 08:12:00,EXTEND,short,4639.5,4646.8,4646.8,4635.3,False,,4635.3,TP,4.2,38.0,5
2026-05-01 08:10:00,2026-05-01 08:22:00,2026-05-01 08:36:00,BOS,short,4638.4,4643.6,4643.6,4632.8,False,,4632.8,TP,5.6,52.0,14
2026-05-01 09:20:00,2026-05-01 09:41:00,2026-05-01 10:09:00,EXTEND,short,4631.8,4637.9,4637.9,4625.9,False,,4637.9,SL,-6.1,-65.0,28
2026-05-01 10:40:00,2026-05-01 10:45:00,2026-05-01 10:46:00,MSS,short,4633.8,4643.1,4643.1,4635.4,False,,4633.9,TP,-0.1,-5.0,1
2026-05-01 10:55:00,2026-05-01 11:39:00,2026-05-01 12:30:00,EXTEND,short,4641.7,4643.1,4643.1,4628.0,False,,4628.0,TP,13.7,133.0,51
2026-05-01 13:35:00,2026-05-01 13:44:00,2026-05-01 13:45:00,MSS,short,4620.7,4627.7,4627.7,4620.5,False,,4620.5,TP,0.2,-2.0,1
2026-05-01 17:55:00,2026-05-01 18:11:00,2026-05-01 18:30:00,EXTEND,short,4576.5,4584.3,4584.3,4570.3,False,,4584.3,SL,-7.8,-82.0,19
2026-05-01 19:55:00,2026-05-01 20:04:00,2026-05-01 20:07:00,EXTEND,long,4589.2,4583.9,4583.9,4590.7,False,,4590.7,TP,1.5,11.0,3
2026-05-01 20:05:00,2026-05-01 20:12:00,2026-05-01 20:13:00,EXTEND,long,4588.5,4583.9,4583.9,4591.3,False,,4591.3,TP,2.8,24.0,1
2026-05-01 20:25:00,2026-05-01 21:17:00,2026-05-01 21:41:00,EXTEND,long,4602.5,4586.1,4586.1,4619.2,False,,4619.2,TP,16.7,163.0,24
2026-05-01 23:10:00,2026-05-01 23:15:00,2026-05-01 23:16:00,MSS,long,4649.5,4630.4,4630.4,4647.7,False,,4649.3,TP,-0.2,-6.0,1
2026-05-01 23:45:00,2026-05-01 23:52:00,2026-05-02 00:16:00,EXTEND,long,4655.3,4646.4,4646.4,4659.4,False,,4659.4,TP,4.1,37.0,24
2026-05-02 00:35:00,2026-05-02 00:44:00,2026-05-02 01:29:00,EXTEND,short,4650.5,4661.6,4661.6,4645.0,False,,4645.0,TP,5.5,51.0,45
2026-05-02 01:40:00,2026-05-02 01:57:00,2026-05-02 02:02:00,EXTEND,short,4641.9,4651.9,4651.9,4638.6,False,,4638.6,TP,3.3,29.0,5
2026-05-02 03:10:00,2026-05-02 03:15:00,2026-05-02 03:16:00,MSS,long,4638.8,4631.5,4631.5,4638.5,False,,4638.9,TP,0.1,-3.0,1
2026-05-04 08:00:00,2026-05-04 08:12:00,2026-05-04 08:21:00,MSS,short,4621.6,4628.6,4628.6,4615.8,False,,4615.8,TP,5.8,54.0,9
2026-05-04 09:05:00,2026-05-04 09:10:00,2026-05-04 09:11:00,EXTEND,short,4607.5,4625.2,4625.2,4608.6,False,,4607.5,TP,0.0,-4.0,1
2026-05-04 09:30:00,2026-05-04 09:41:00,2026-05-04 09:50:00,EXTEND,short,4610.9,4615.8,4615.8,4603.6,False,,4615.8,SL,-4.9,-53.0,9
2026-05-04 10:00:00,2026-05-04 10:19:00,2026-05-04 10:28:00,EXTEND,long,4616.3,4603.6,4603.6,4629.9,False,,4603.6,SL,-12.7,-131.0,9
2026-05-04 11:50:00,2026-05-04 11:57:00,2026-05-04 11:58:00,MSS,long,4626.3,4609.4,4609.4,4625.7,False,,4626.3,TP,0.0,-4.0,1
2026-05-04 12:55:00,2026-05-04 13:02:00,2026-05-04 13:03:00,MSS,short,4615.0,4621.6,4621.6,4615.7,False,,4615.1,TP,-0.1,-5.0,1
2026-05-04 13:15:00,2026-05-04 13:22:00,2026-05-04 13:25:00,MSS,long,4622.0,4612.7,4612.7,4624.3,False,,4612.7,SL,-9.3,-97.0,3
2026-05-04 14:05:00,2026-05-04 14:15:00,2026-05-04 14:33:00,EXTEND,short,4604.6,4613.1,4613.1,4598.9,False,,4598.9,TP,5.7,53.0,18
2026-05-04 16:40:00,2026-05-04 16:53:00,2026-05-04 17:13:00,EXTEND,long,4589.5,4584.6,4584.6,4592.9,False,,4592.9,TP,3.4,30.0,20
2026-05-04 17:15:00,2026-05-04 17:53:00,2026-05-04 17:57:00,EXTEND,long,4590.5,4586.7,4586.7,4595.6,False,,4586.7,SL,-3.8,-42.0,4
2026-05-04 18:20:00,2026-05-04 18:42:00,2026-05-04 23:21:00,EXTEND,short,4568.5,4595.6,4595.6,4535.8,False,,4535.8,TP,32.7,323.0,279
2026-05-05 00:10:00,2026-05-05 00:24:00,2026-05-05 10:43:00,EXTEND,short,4531.3,4553.8,4553.8,4510.2,False,,4553.8,SL,-22.5,-229.0,559
2026-05-05 10:45:00,2026-05-05 11:01:00,2026-05-05 11:56:00,EXTEND,long,4548.9,4544.0,4544.0,4556.1,False,,4544.0,SL,-4.9,-53.0,55
2026-05-05 13:05:00,2026-05-05 13:24:00,2026-05-05 13:34:00,MSS,long,4548.6,4539.9,4539.9,4554.7,False,,4554.7,TP,6.1,57.0,10
2026-05-05 14:00:00,2026-05-05 14:07:00,2026-05-05 14:24:00,EXTEND,long,4554.5,4544.8,4544.8,4561.5,False,,4544.8,SL,-9.7,-101.0,17
2026-05-06 09:00:00,2026-05-06 09:16:00,2026-05-06 09:24:00,EXTEND,long,4624.8,4618.0,4618.0,4633.8,False,,4633.8,TP,9.0,86.0,8
2026-05-06 09:45:00,2026-05-06 09:56:00,2026-05-06 10:02:00,BOS,long,4636.6,4631.1,4631.1,4639.5,False,,4639.5,TP,2.9,25.0,6
2026-05-06 10:15:00,2026-05-06 10:32:00,2026-05-06 10:46:00,EXTEND,long,4642.0,4631.1,4631.1,4646.6,False,,4646.6,TP,4.6,42.0,14
2026-05-06 11:20:00,2026-05-06 11:33:00,2026-05-06 11:39:00,EXTEND,long,4653.5,4648.2,4648.2,4660.9,False,,4660.9,TP,7.4,70.0,6
2026-05-06 11:35:00,2026-05-06 11:44:00,2026-05-06 12:27:00,BOS,long,4657.6,4652.2,4652.2,4662.2,False,,4662.2,TP,4.6,42.0,43
2026-05-06 12:25:00,2026-05-06 12:40:00,2026-05-06 13:04:00,BOS,long,4660.8,4655.9,4655.9,4664.2,False,,4664.2,TP,3.4,30.0,24
2026-05-06 13:30:00,2026-05-06 13:40:00,2026-05-06 13:55:00,MSS,short,4657.3,4666.3,4666.3,4654.9,False,,4666.3,SL,-9.0,-94.0,15
2026-05-06 15:15:00,2026-05-06 15:30:00,2026-05-06 15:45:00,EXTEND,short,4677.4,4681.5,4681.5,4668.4,False,,4681.5,SL,-4.1,-45.0,15
2026-05-06 16:50:00,2026-05-06 16:59:00,2026-05-06 17:00:00,MSS,long,4711.8,4682.8,4682.8,4714.5,False,,4714.5,TP,2.7,23.0,1
2026-05-06 18:50:00,2026-05-06 19:05:00,2026-05-06 19:29:00,BOS,long,4727.1,4718.8,4718.8,4734.6,False,,4718.8,SL,-8.3,-87.0,24
2026-05-06 19:40:00,2026-05-06 19:53:00,2026-05-06 19:54:00,MSS,short,4708.7,4727.0,4727.0,4707.7,False,,4707.7,TP,1.0,6.0,1
2026-05-06 21:05:00,2026-05-06 21:18:00,2026-05-06 21:32:00,BOS,short,4694.4,4703.5,4703.5,4679.3,False,,4703.5,SL,-9.1,-95.0,14
2026-05-06 21:45:00,2026-05-06 21:53:00,2026-05-06 21:54:00,BOS,long,4714.6,4704.1,4704.1,4712.8,False,,4714.7,TP,0.1,-3.0,1
2026-05-06 22:00:00,2026-05-06 22:09:00,2026-05-06 22:12:00,EXTEND,long,4719.1,4704.1,4704.1,4721.7,False,,4721.7,TP,2.6,22.0,3
2026-05-06 22:15:00,2026-05-06 22:31:00,2026-05-06 23:12:00,EXTEND,long,4719.8,4708.4,4708.4,4728.8,False,,4708.4,SL,-11.4,-118.0,41
2026-05-06 23:10:00,2026-05-06 23:22:00,2026-05-06 23:34:00,EXTEND,short,4710.6,4718.7,4718.7,4704.8,False,,4704.8,TP,5.8,54.0,12
2026-05-07 00:05:00,2026-05-07 00:32:00,2026-05-07 00:58:00,BOS,short,4699.8,4706.6,4706.6,4692.7,False,,4692.7,TP,7.1,67.0,26
2026-05-07 01:40:00,2026-05-07 01:58:00,2026-05-07 02:00:00,EXTEND,short,4693.9,4695.5,4695.5,4689.8,False,,4695.5,SL,-1.6,-20.0,2
2026-05-07 02:20:00,2026-05-07 02:43:00,2026-05-07 03:03:00,EXTEND,long,4697.9,4692.9,4692.9,4701.5,False,,4701.5,TP,3.6,32.0,20
2026-05-07 07:20:00,2026-05-07 07:25:00,2026-05-07 07:26:00,MSS,short,4701.7,4707.0,4707.0,4701.6,False,,4701.6,TP,0.1,-3.0,1
2026-05-07 07:25:00,2026-05-07 07:48:00,2026-05-07 07:50:00,EXTEND,short,4706.7,4707.0,4707.0,4699.1,False,,4707.0,SL,-0.3,-7.0,2
2026-05-07 08:05:00,2026-05-07 08:29:00,2026-05-07 08:31:00,EXTEND,short,4701.5,4707.0,4707.0,4698.1,False,,4698.1,TP,3.4,30.0,2
2026-05-07 10:30:00,2026-05-07 10:44:00,2026-05-07 10:56:00,BOS,short,4712.7,4716.7,4716.7,4708.2,False,,4716.7,SL,-4.0,-44.0,12
2026-05-07 12:35:00,2026-05-07 12:44:00,2026-05-07 12:45:00,EXTEND,short,4706.3,4707.0,4707.0,4700.7,False,,4707.0,SL,-0.7,-11.0,1
2026-05-07 13:00:00,2026-05-07 13:21:00,2026-05-07 13:31:00,MSS,long,4704.7,4702.5,4702.5,4710.0,False,,4710.0,TP,5.3,49.0,10
2026-05-07 14:10:00,2026-05-07 14:16:00,2026-05-07 14:17:00,EXTEND,long,4718.5,4709.0,4709.0,4718.9,False,,4718.9,TP,0.4,-0.0,1
2026-05-07 15:00:00,2026-05-07 15:13:00,2026-05-07 15:14:00,MSS,short,4757.0,4759.2,4759.2,4740.8,False,,4759.2,SL,-2.2,-26.0,1
2026-05-07 16:20:00,2026-05-07 16:25:00,2026-05-07 16:26:00,EXTEND,short,4745.9,4763.6,4763.6,4745.3,False,,4745.3,TP,0.6,2.0,1
2026-05-07 17:00:00,2026-05-07 17:12:00,2026-05-07 17:17:00,EXTEND,short,4743.5,4747.1,4747.1,4731.9,False,,4747.1,SL,-3.6,-40.0,5
2026-05-07 17:55:00,2026-05-07 18:17:00,2026-05-07 18:44:00,BOS,short,4743.0,4749.3,4749.3,4735.3,False,,4749.3,SL,-6.3,-67.0,27
2026-05-07 18:40:00,2026-05-07 19:15:00,2026-05-07 19:16:00,EXTEND,long,4739.9,4737.3,4737.3,4749.3,False,,4737.3,SL,-2.6,-30.0,1
2026-05-07 20:15:00,2026-05-07 20:26:00,2026-05-07 20:31:00,EXTEND,long,4748.2,4743.1,4743.1,4756.8,False,,4756.8,TP,8.6,82.0,5
2026-05-07 21:05:00,2026-05-07 21:10:00,2026-05-07 21:11:00,EXTEND,short,4746.6,4762.7,4762.7,4746.2,False,,4746.2,TP,0.4,0.0,1
2026-05-07 21:30:00,2026-05-07 21:38:00,2026-05-07 22:25:00,MSS,long,4764.3,4740.7,4740.7,4768.4,False,,4768.4,TP,4.1,37.0,47
2026-05-07 22:25:00,2026-05-07 22:36:00,2026-05-07 22:50:00,EXTEND,long,4762.4,4751.0,4751.0,4769.8,False,,4769.8,TP,7.4,70.0,14
2026-05-08 00:55:00,2026-05-08 01:03:00,2026-05-08 01:07:00,EXTEND,long,4727.3,4720.3,4720.3,4728.0,False,,4728.0,TP,0.7,3.0,4
2026-05-08 01:05:00,2026-05-08 01:14:00,2026-05-08 01:18:00,EXTEND,long,4724.3,4720.3,4720.3,4729.5,False,,4720.3,SL,-4.0,-44.0,4
2026-05-08 01:20:00,2026-05-08 01:25:00,2026-05-08 01:26:00,EXTEND,short,4715.3,4729.5,4729.5,4715.2,False,,4715.2,TP,0.1,-3.0,1
2026-05-08 01:25:00,2026-05-08 01:43:00,2026-05-08 04:02:00,BOS,short,4712.3,4726.7,4726.7,4696.9,False,,4726.7,SL,-14.4,-148.0,139
2026-05-08 08:15:00,2026-05-08 08:27:00,2026-05-08 09:01:00,MSS,short,4710.3,4718.7,4718.7,4702.7,False,,4718.7,SL,-8.4,-88.0,34
2026-05-08 09:05:00,2026-05-08 09:39:00,2026-05-08 09:48:00,EXTEND,long,4716.5,4705.5,4705.5,4728.1,False,,4728.1,TP,11.6,112.0,9
2026-05-08 10:00:00,2026-05-08 10:39:00,2026-05-08 14:28:00,BOS,long,4719.9,4713.4,4713.4,4741.1,False,,4741.1,TP,21.2,208.0,229
2026-05-08 14:25:00,2026-05-08 14:40:00,2026-05-08 14:48:00,BOS,long,4737.3,4730.1,4730.1,4743.6,False,,4730.1,SL,-7.2,-76.0,8
2026-05-08 15:45:00,2026-05-08 15:53:00,2026-05-08 16:06:00,MSS,long,4721.2,4715.7,4715.7,4722.0,False,,4715.7,SL,-5.5,-59.0,13
2026-05-08 16:35:00,2026-05-08 17:34:00,2026-05-08 18:24:00,EXTEND,long,4724.4,4715.6,4715.6,4732.8,False,,4732.8,TP,8.4,80.0,50
2026-05-08 18:45:00,2026-05-08 18:50:00,2026-05-08 18:51:00,MSS,short,4728.3,4737.7,4737.7,4728.7,False,,4728.3,TP,0.0,-4.0,1
2026-05-08 18:55:00,2026-05-08 19:06:00,2026-05-08 19:52:00,EXTEND,short,4735.3,4737.7,4737.7,4724.5,False,,4724.5,TP,10.8,104.0,46
2026-05-08 20:30:00,2026-05-08 20:36:00,2026-05-08 20:37:00,MSS,long,4736.4,4712.1,4712.1,4734.2,False,,4736.3,TP,-0.1,-5.0,1
2026-05-08 22:05:00,2026-05-08 22:10:00,2026-05-08 22:11:00,MSS,short,4733.5,4760.1,4760.1,4735.2,False,,4733.5,TP,0.0,-4.0,1
2026-05-08 23:30:00,2026-05-08 23:40:00,2026-05-08 23:43:00,EXTEND,short,4721.8,4730.8,4730.8,4713.6,False,,4713.6,TP,8.2,78.0,3
2026-05-08 23:45:00,2026-05-09 00:17:00,2026-05-09 01:28:00,EXTEND,short,4722.3,4730.8,4730.8,4711.1,False,,4730.8,SL,-8.5,-89.0,71
2026-05-09 01:55:00,2026-05-09 02:00:00,2026-05-09 02:01:00,EXTEND,long,4732.6,4728.8,4728.8,4732.3,False,,4732.7,TP,0.1,-3.0,1
2026-05-09 02:45:00,2026-05-09 02:54:00,2026-05-09 02:55:00,MSS,short,4731.9,4738.5,4738.5,4731.3,False,,4731.3,TP,0.6,2.0,1
2026-05-09 02:55:00,2026-05-09 03:08:00,2026-05-09 04:10:00,EXTEND,short,4733.8,4738.5,4738.5,4729.2,False,,4729.2,TP,4.6,42.0,62
2026-05-11 07:00:00,2026-05-11 07:16:00,2026-05-11 07:27:00,MSS,long,4701.5,4695.1,4695.1,4705.6,False,,4705.6,TP,4.1,37.0,11
2026-05-11 07:55:00,2026-05-11 08:00:00,2026-05-11 08:01:00,MSS,short,4691.7,4707.3,4707.3,4698.2,False,,4691.6,TP,0.1,-3.0,1
2026-05-11 08:20:00,2026-05-11 08:35:00,2026-05-11 08:52:00,EXTEND,short,4700.1,4707.3,4707.3,4684.4,False,,4684.4,TP,15.7,153.0,17
2026-05-11 08:50:00,2026-05-11 09:08:00,2026-05-11 09:21:00,EXTEND,short,4704.1,4707.3,4707.3,4678.4,False,,4707.3,SL,-3.2,-36.0,13
2026-05-11 09:50:00,2026-05-11 09:55:00,2026-05-11 09:56:00,MSS,short,4691.2,4704.9,4704.9,4693.9,False,,4691.1,TP,0.1,-3.0,1
2026-05-11 09:55:00,2026-05-11 10:04:00,2026-05-11 10:06:00,EXTEND,short,4697.6,4704.9,4704.9,4688.5,False,,4688.5,TP,9.1,87.0,2
2026-05-11 10:05:00,2026-05-11 10:14:00,2026-05-11 10:37:00,EXTEND,short,4694.3,4704.9,4704.9,4686.5,False,,4704.9,SL,-10.6,-110.0,23
2026-05-11 10:35:00,2026-05-11 10:46:00,2026-05-11 10:50:00,MSS,long,4701.2,4691.1,4691.1,4709.0,False,,4691.1,SL,-10.1,-105.0,4
2026-05-11 13:40:00,2026-05-11 13:45:00,2026-05-11 13:46:00,MSS,short,4668.9,4688.4,4688.4,4669.6,False,,4668.8,TP,0.1,-3.0,1
2026-05-11 13:55:00,2026-05-11 14:21:00,2026-05-11 14:54:00,EXTEND,short,4675.1,4688.4,4688.4,4655.5,False,,4688.4,SL,-13.3,-137.0,33
2026-05-11 15:45:00,2026-05-11 15:52:00,2026-05-11 15:53:00,MSS,short,4674.3,4686.0,4686.0,4675.0,False,,4674.3,TP,0.0,-4.0,1
2026-05-11 16:10:00,2026-05-11 16:15:00,2026-05-11 16:16:00,MSS,long,4681.9,4673.0,4673.0,4682.3,False,,4682.3,TP,0.4,0.0,1
2026-05-11 16:20:00,2026-05-11 16:31:00,2026-05-11 17:18:00,EXTEND,long,4681.7,4673.0,4673.0,4687.6,False,,4673.0,SL,-8.7,-91.0,47
2026-05-11 17:30:00,2026-05-11 17:48:00,2026-05-11 19:03:00,EXTEND,short,4670.1,4678.5,4678.5,4658.8,False,,4678.5,SL,-8.4,-88.0,75
2026-05-12 07:35:00,2026-05-12 07:46:00,2026-05-12 07:48:00,EXTEND,long,4767.3,4760.0,4760.0,4769.0,False,,4769.0,TP,1.7,13.0,2
2026-05-12 08:15:00,2026-05-12 08:25:00,2026-05-12 08:35:00,BOS,long,4772.5,4768.0,4768.0,4783.5,False,,4768.0,SL,-4.5,-49.0,10
2026-05-12 10:10:00,2026-05-12 10:22:00,2026-05-12 10:27:00,MSS,long,4736.8,4734.7,4734.7,4743.5,False,,4734.7,SL,-2.1,-25.0,5
2026-05-12 11:15:00,2026-05-12 11:20:00,2026-05-12 11:21:00,MSS,short,4734.3,4741.3,4741.3,4734.5,False,,4734.3,TP,0.0,-4.0,1
2026-05-12 11:55:00,2026-05-12 12:18:00,2026-05-12 12:21:00,EXTEND,short,4736.2,4736.9,4736.9,4727.0,False,,4736.9,SL,-0.7,-11.0,3
2026-05-12 13:10:00,2026-05-12 13:33:00,2026-05-12 14:00:00,EXTEND,short,4726.5,4735.7,4735.7,4717.4,False,,4717.4,TP,9.1,87.0,27
2026-05-12 15:05:00,2026-05-12 15:13:00,2026-05-12 16:01:00,EXTEND,short,4702.8,4713.0,4713.0,4693.2,False,,4713.0,SL,-10.2,-106.0,48
2026-05-12 16:00:00,2026-05-12 16:13:00,2026-05-12 16:15:00,MSS,long,4709.2,4705.7,4705.7,4714.7,False,,4705.7,SL,-3.5,-39.0,2
2026-05-12 17:30:00,2026-05-12 17:39:00,2026-05-12 17:44:00,MSS,long,4709.7,4705.2,4705.2,4713.5,False,,4705.2,SL,-4.5,-49.0,5
2026-05-12 17:40:00,2026-05-12 17:51:00,2026-05-12 18:07:00,MSS,short,4708.1,4713.5,4713.5,4702.5,False,,4713.5,SL,-5.4,-58.0,16
2026-05-12 18:10:00,2026-05-12 18:18:00,2026-05-12 18:32:00,EXTEND,long,4710.2,4702.5,4702.5,4717.2,False,,4702.5,SL,-7.7,-81.0,14
2026-05-13 07:05:00,2026-05-13 07:22:00,2026-05-13 07:48:00,EXTEND,long,4727.1,4723.2,4723.2,4731.9,False,,4723.2,SL,-3.9,-43.0,26
2026-05-13 07:45:00,2026-05-13 07:55:00,2026-05-13 08:02:00,MSS,short,4723.7,4729.5,4729.5,4722.9,False,,4722.9,TP,0.8,4.0,7
2026-05-13 08:05:00,2026-05-13 08:39:00,2026-05-13 08:54:00,EXTEND,long,4730.3,4722.9,4722.9,4735.4,False,,4722.9,SL,-7.4,-78.0,15
2026-05-13 09:35:00,2026-05-13 09:46:00,2026-05-13 09:57:00,EXTEND,short,4716.0,4724.5,4724.5,4709.8,False,,4709.8,TP,6.2,58.0,11
2026-05-13 11:35:00,2026-05-13 11:59:00,2026-05-13 13:04:00,EXTEND,long,4704.1,4697.0,4697.0,4714.8,False,,4714.8,TP,10.7,103.0,65
2026-05-13 13:05:00,2026-05-13 13:21:00,2026-05-13 13:24:00,EXTEND,long,4711.0,4706.6,4706.6,4715.4,False,,4706.6,SL,-4.4,-48.0,3
2026-05-13 13:30:00,2026-05-13 13:41:00,2026-05-13 14:04:00,EXTEND,short,4708.0,4715.4,4715.4,4701.3,False,,4715.4,SL,-7.4,-78.0,23
2026-05-13 14:50:00,2026-05-13 14:56:00,2026-05-13 14:57:00,MSS,short,4707.7,4721.8,4721.8,4710.3,False,,4707.5,TP,0.2,-2.0,1
2026-05-13 15:05:00,2026-05-13 15:17:00,2026-05-13 15:18:00,BOS,short,4711.7,4713.6,4713.6,4704.5,False,,4713.6,SL,-1.9,-23.0,1
2026-05-13 16:55:00,2026-05-13 17:08:00,2026-05-13 17:14:00,EXTEND,long,4706.6,4702.0,4702.0,4710.2,False,,4702.0,SL,-4.6,-50.0,6
2026-05-13 17:20:00,2026-05-13 17:58:00,2026-05-13 18:08:00,EXTEND,short,4706.6,4710.2,4710.2,4692.4,False,,4710.2,SL,-3.6,-40.0,10
2026-05-13 20:00:00,2026-05-13 20:08:00,2026-05-13 20:14:00,EXTEND,short,4707.2,4713.9,4713.9,4702.2,False,,4702.2,TP,5.0,46.0,6
2026-05-13 21:30:00,2026-05-13 21:35:00,2026-05-13 21:36:00,MSS,short,4686.9,4701.9,4701.9,4689.1,False,,4686.6,TP,0.3,-1.0,1
2026-05-13 22:25:00,2026-05-13 22:31:00,2026-05-13 22:32:00,MSS,long,4695.8,4680.0,4680.0,4692.6,False,,4695.7,TP,-0.1,-5.0,1
2026-05-13 22:35:00,2026-05-13 22:47:00,2026-05-13 23:29:00,EXTEND,long,4691.3,4680.0,4680.0,4698.4,False,,4698.4,TP,7.1,67.0,42
2026-05-13 23:25:00,2026-05-13 23:33:00,2026-05-13 23:34:00,BOS,long,4700.1,4691.9,4691.9,4699.3,False,,4700.3,TP,0.2,-2.0,1
2026-05-14 00:25:00,2026-05-14 00:43:00,2026-05-14 00:50:00,EXTEND,long,4709.2,4706.1,4706.1,4717.9,False,,4706.1,SL,-3.1,-35.0,7
2026-05-14 02:00:00,2026-05-14 02:17:00,2026-05-14 02:46:00,EXTEND,short,4698.2,4702.5,4702.5,4692.4,False,,4692.4,TP,5.8,54.0,29
2026-05-14 02:45:00,2026-05-14 02:58:00,2026-05-14 04:24:00,EXTEND,short,4693.1,4700.9,4700.9,4685.4,False,,4700.9,SL,-7.8,-82.0,86
2026-05-14 07:30:00,2026-05-14 07:44:00,2026-05-14 07:45:00,MSS,short,4701.6,4709.0,4709.0,4700.7,False,,4700.7,TP,0.9,5.0,1
2026-05-14 07:45:00,2026-05-14 08:02:00,2026-05-14 08:03:00,BOS,short,4701.2,4704.6,4704.6,4699.8,False,,4699.8,TP,1.4,10.0,1
2026-05-14 08:00:00,2026-05-14 08:19:00,2026-05-14 08:20:00,BOS,short,4708.1,4703.8,4703.8,4696.2,False,,4707.9,SL,0.2,-2.0,1
2026-05-14 08:45:00,2026-05-14 08:55:00,2026-05-14 08:59:00,MSS,long,4709.2,4699.7,4699.7,4711.7,False,,4711.7,TP,2.5,21.0,4
2026-05-14 09:00:00,2026-05-14 09:05:00,2026-05-14 09:06:00,MSS,short,4700.1,4713.9,4713.9,4701.1,False,,4700.3,TP,-0.2,-6.0,1
2026-05-14 10:30:00,2026-05-14 10:35:00,2026-05-14 10:36:00,MSS,long,4706.2,4693.1,4693.1,4704.8,False,,4706.0,TP,-0.2,-6.0,1
2026-05-14 10:35:00,2026-05-14 10:45:00,2026-05-14 10:47:00,EXTEND,long,4699.6,4693.1,4693.1,4706.6,False,,4693.1,SL,-6.5,-69.0,2
2026-05-14 11:35:00,2026-05-14 11:41:00,2026-05-14 11:42:00,MSS,short,4684.2,4699.5,4699.5,4685.1,False,,4684.4,TP,-0.2,-6.0,1
2026-05-14 12:00:00,2026-05-14 12:28:00,2026-05-14 12:29:00,EXTEND,short,4707.0,4699.5,4699.5,4673.0,False,,4706.9,SL,0.1,-3.0,1
2026-05-14 13:25:00,2026-05-14 13:34:00,2026-05-14 13:59:00,EXTEND,short,4705.5,4711.3,4711.3,4700.1,False,,4700.1,TP,5.4,50.0,25
2026-05-14 14:40:00,2026-05-14 14:45:00,2026-05-14 14:46:00,MSS,long,4709.0,4692.7,4692.7,4706.5,False,,4709.0,TP,0.0,-4.0,1
2026-05-14 15:35:00,2026-05-14 15:52:00,2026-05-14 15:58:00,EXTEND,long,4707.9,4700.7,4700.7,4725.8,False,,4700.7,SL,-7.2,-76.0,6
2026-05-14 16:40:00,2026-05-14 16:45:00,2026-05-14 16:46:00,MSS,short,4702.8,4713.7,4713.7,4702.4,False,,4702.4,TP,0.4,0.0,1
2026-05-14 18:20:00,2026-05-14 18:27:00,2026-05-14 18:41:00,EXTEND,short,4702.8,4707.2,4707.2,4700.0,False,,4700.0,TP,2.8,24.0,14
2026-05-14 18:50:00,2026-05-14 19:00:00,2026-05-14 19:25:00,EXTEND,short,4701.7,4707.2,4707.2,4697.6,False,,4697.6,TP,4.1,37.0,25
2026-05-14 19:25:00,2026-05-14 19:42:00,2026-05-14 19:48:00,BOS,short,4701.8,4705.6,4705.6,4695.7,False,,4705.6,SL,-3.8,-42.0,6
2026-05-14 19:55:00,2026-05-14 20:01:00,2026-05-14 20:20:00,EXTEND,long,4702.6,4695.7,4695.7,4711.5,False,,4711.5,TP,8.9,85.0,19
2026-05-14 20:45:00,2026-05-14 20:51:00,2026-05-14 21:04:00,EXTEND,short,4708.9,4716.9,4716.9,4702.5,False,,4702.5,TP,6.4,60.0,13
2026-05-14 21:00:00,2026-05-14 21:15:00,2026-05-14 21:18:00,EXTEND,short,4708.9,4716.9,4716.9,4702.4,False,,4702.4,TP,6.5,61.0,3
2026-05-14 21:40:00,2026-05-14 21:51:00,2026-05-15 03:19:00,EXTEND,short,4690.6,4711.7,4711.7,4671.3,False,,4671.3,TP,19.3,189.0,328
2026-05-15 07:10:00,2026-05-15 07:15:00,2026-05-15 07:16:00,MSS,short,4661.0,4667.8,4667.8,4662.9,False,,4661.3,TP,-0.3,-7.0,1
2026-05-15 07:30:00,2026-05-15 07:36:00,2026-05-15 07:37:00,MSS,short,4653.3,4669.0,4669.0,4654.3,False,,4653.2,TP,0.1,-3.0,1
2026-05-15 08:00:00,2026-05-15 08:16:00,2026-05-15 08:25:00,EXTEND,short,4654.3,4669.0,4669.0,4646.5,False,,4646.5,TP,7.8,74.0,9
2026-05-15 08:55:00,2026-05-15 09:02:00,2026-05-15 09:03:00,MSS,long,4632.5,4621.8,4621.8,4635.8,False,,4635.8,TP,3.3,29.0,1
2026-05-15 09:10:00,2026-05-15 09:23:00,2026-05-15 09:29:00,EXTEND,short,4622.2,4636.7,4636.7,4612.4,False,,4612.4,TP,9.8,94.0,6
2026-05-15 09:30:00,2026-05-15 09:47:00,2026-05-15 09:53:00,EXTEND,short,4622.4,4636.7,4636.7,4611.7,False,,4611.7,TP,10.7,103.0,6
2026-05-15 10:40:00,2026-05-15 10:49:00,2026-05-15 10:51:00,MSS,long,4618.5,4613.5,4613.5,4622.0,False,,4622.0,TP,3.5,31.0,2
2026-05-15 10:55:00,2026-05-15 11:04:00,2026-05-15 11:21:00,EXTEND,long,4623.5,4613.5,4613.5,4627.3,False,,4613.5,SL,-10.0,-104.0,17
2026-05-15 11:30:00,2026-05-15 11:44:00,2026-05-15 12:43:00,MSS,short,4617.6,4626.2,4626.2,4611.1,False,,4611.1,TP,6.5,61.0,59
2026-05-15 12:40:00,2026-05-15 12:51:00,2026-05-15 13:01:00,MSS,short,4612.2,4619.0,4619.0,4608.3,False,,4608.3,TP,3.9,35.0,10
2026-05-15 13:45:00,2026-05-15 13:54:00,2026-05-15 13:59:00,BOS,short,4573.0,4579.8,4579.8,4565.7,False,,4565.7,TP,7.3,69.0,5
2026-05-15 14:15:00,2026-05-15 14:21:00,2026-05-15 14:22:00,MSS,long,4581.8,4560.0,4560.0,4582.1,False,,4582.1,TP,0.3,-1.0,1
2026-05-15 15:10:00,2026-05-15 15:18:00,2026-05-15 15:19:00,MSS,long,4590.1,4569.8,4569.8,4591.0,False,,4591.0,TP,0.9,5.0,1
2026-05-15 15:20:00,2026-05-15 15:55:00,2026-05-15 16:01:00,EXTEND,long,4577.0,4569.8,4569.8,4593.5,False,,4569.8,SL,-7.2,-76.0,6
2026-05-15 16:45:00,2026-05-15 17:03:00,2026-05-15 17:10:00,EXTEND,long,4558.6,4553.2,4553.2,4568.4,False,,4553.2,SL,-5.4,-58.0,7
2026-05-15 17:15:00,2026-05-15 17:34:00,2026-05-15 17:48:00,EXTEND,short,4557.3,4568.2,4568.2,4543.3,False,,4543.3,TP,14.0,136.0,14
2026-05-15 18:05:00,2026-05-15 18:12:00,2026-05-15 18:13:00,MSS,long,4566.0,4535.7,4535.7,4563.7,False,,4565.5,TP,-0.5,-9.0,1
2026-05-15 19:35:00,2026-05-15 19:40:00,2026-05-15 19:41:00,MSS,short,4557.3,4573.5,4573.5,4558.0,False,,4557.2,TP,0.1,-3.0,1
2026-05-15 20:10:00,2026-05-15 20:17:00,2026-05-15 20:20:00,BOS,short,4551.9,4557.5,4557.5,4549.3,False,,4557.5,SL,-5.6,-60.0,3
2026-05-15 20:20:00,2026-05-15 20:32:00,2026-05-15 20:42:00,MSS,long,4555.5,4549.1,4549.1,4562.9,False,,4549.1,SL,-6.4,-68.0,10
2026-05-15 21:45:00,2026-05-15 21:57:00,2026-05-15 22:19:00,EXTEND,short,4541.0,4561.8,4561.8,4514.0,False,,4561.8,SL,-20.8,-212.0,22
2026-05-15 22:55:00,2026-05-15 23:08:00,2026-05-15 23:19:00,BOS,long,4560.5,4550.1,4550.1,4570.9,False,,4550.1,SL,-10.4,-108.0,11
2026-05-16 00:30:00,2026-05-16 00:39:00,2026-05-16 00:40:00,MSS,long,4549.7,4533.2,4533.2,4548.6,False,,4549.8,TP,0.1,-3.0,1
2026-05-16 01:25:00,2026-05-16 01:30:00,2026-05-16 02:18:00,EXTEND,long,4565.7,4558.4,4558.4,4568.7,False,,4558.4,SL,-7.3,-77.0,48
2026-05-16 02:15:00,2026-05-16 02:26:00,2026-05-16 02:31:00,MSS,short,4561.2,4566.6,4566.6,4556.9,False,,4556.9,TP,4.3,39.0,5
2026-05-16 02:30:00,2026-05-16 02:41:00,2026-05-16 02:53:00,EXTEND,short,4560.9,4566.6,4566.6,4556.1,False,,4566.6,SL,-5.7,-61.0,12
2026-05-18 09:25:00,2026-05-18 09:32:00,2026-05-18 09:33:00,EXTEND,long,4512.3,4495.5,4495.5,4513.2,False,,4513.2,TP,0.9,5.0,1
2026-05-18 09:30:00,2026-05-18 09:39:00,2026-05-18 09:43:00,EXTEND,long,4511.2,4495.5,4495.5,4514.4,False,,4514.4,TP,3.2,28.0,4
2026-05-18 12:05:00,2026-05-18 12:30:00,2026-05-18 13:27:00,EXTEND,long,4542.5,4528.1,4528.1,4554.0,False,,4554.0,TP,11.5,111.0,57
2026-05-18 13:30:00,2026-05-18 13:43:00,2026-05-18 13:58:00,EXTEND,long,4545.4,4536.5,4536.5,4556.3,False,,4536.5,SL,-8.9,-93.0,15
2026-05-18 14:20:00,2026-05-18 14:25:00,2026-05-18 14:26:00,MSS,long,4549.6,4535.8,4535.8,4547.7,False,,4549.4,TP,-0.2,-6.0,1
2026-05-18 14:25:00,2026-05-18 14:32:00,2026-05-18 14:57:00,EXTEND,long,4546.4,4535.8,4535.8,4551.7,False,,4551.7,TP,5.3,49.0,25
2026-05-18 15:00:00,2026-05-18 15:22:00,2026-05-18 15:26:00,EXTEND,long,4544.1,4535.8,4535.8,4553.3,False,,4553.3,TP,9.2,88.0,4
2026-05-18 15:30:00,2026-05-18 15:53:00,2026-05-18 18:05:00,EXTEND,long,4547.1,4541.8,4541.8,4564.4,False,,4541.8,SL,-5.3,-57.0,132
2026-05-18 18:10:00,2026-05-18 18:17:00,2026-05-18 18:33:00,EXTEND,short,4543.6,4549.0,4549.0,4539.3,False,,4539.3,TP,4.3,39.0,16
2026-05-18 18:40:00,2026-05-18 18:46:00,2026-05-18 18:47:00,MSS,long,4550.2,4535.4,4535.4,4547.5,False,,4550.3,TP,0.1,-3.0,1
2026-05-18 18:45:00,2026-05-18 18:57:00,2026-05-18 19:09:00,EXTEND,long,4542.9,4535.4,4535.4,4551.5,False,,4535.4,SL,-7.5,-79.0,12
2026-05-18 19:40:00,2026-05-18 20:21:00,2026-05-18 20:43:00,EXTEND,long,4554.0,4535.6,4535.6,4571.9,False,,4571.9,TP,17.9,175.0,22
2026-05-18 21:30:00,2026-05-18 21:47:00,2026-05-18 21:52:00,BOS,long,4577.4,4565.4,4565.4,4584.3,False,,4584.3,TP,6.9,65.0,5
2026-05-18 21:55:00,2026-05-18 22:09:00,2026-05-18 22:14:00,EXTEND,long,4571.3,4566.9,4566.9,4588.8,False,,4566.9,SL,-4.4,-48.0,5
2026-05-19 00:25:00,2026-05-19 00:34:00,2026-05-19 00:50:00,MSS,short,4544.1,4555.1,4555.1,4537.6,False,,4555.1,SL,-11.0,-114.0,16
2026-05-19 02:15:00,2026-05-19 02:20:00,2026-05-19 02:21:00,MSS,short,4545.0,4552.1,4552.1,4545.1,False,,4544.8,TP,0.2,-2.0,1
2026-05-19 02:25:00,2026-05-19 02:33:00,2026-05-19 02:58:00,EXTEND,short,4544.8,4552.1,4552.1,4540.7,False,,4540.7,TP,4.1,37.0,25
2026-05-19 02:55:00,2026-05-19 03:04:00,2026-05-19 03:05:00,BOS,short,4557.9,4547.5,4547.5,4538.0,False,,4558.2,SL,-0.3,-7.0,1
2026-05-19 07:20:00,2026-05-19 07:59:00,2026-05-19 08:25:00,EXTEND,long,4585.4,4576.7,4576.7,4593.1,False,,4576.7,SL,-8.7,-91.0,26
2026-05-19 09:00:00,2026-05-19 09:09:00,2026-05-19 09:20:00,EXTEND,short,4567.8,4579.8,4579.8,4560.6,False,,4560.6,TP,7.2,68.0,11
2026-05-19 10:10:00,2026-05-19 10:15:00,2026-05-19 10:40:00,MSS,short,4555.2,4575.8,4575.8,4554.7,False,,4554.7,TP,0.5,1.0,25
2026-05-19 11:35:00,2026-05-19 11:48:00,2026-05-19 11:49:00,MSS,long,4551.6,4550.0,4550.0,4558.2,False,,4550.0,SL,-1.6,-20.0,1
2026-05-19 12:15:00,2026-05-19 12:22:00,2026-05-19 12:26:00,EXTEND,short,4544.0,4548.8,4548.8,4541.6,False,,4541.6,TP,2.4,20.0,4
2026-05-19 12:30:00,2026-05-19 12:55:00,2026-05-19 13:10:00,EXTEND,short,4545.0,4548.8,4548.8,4540.9,False,,4548.8,SL,-3.8,-42.0,15
2026-05-19 13:20:00,2026-05-19 13:30:00,2026-05-19 14:18:00,MSS,short,4540.4,4549.8,4549.8,4533.0,False,,4549.8,SL,-9.4,-98.0,48
2026-05-19 14:45:00,2026-05-19 15:00:00,2026-05-19 15:08:00,MSS,short,4548.4,4556.1,4556.1,4546.3,False,,4556.1,SL,-7.7,-81.0,8
2026-05-19 15:05:00,2026-05-19 15:18:00,2026-05-19 15:27:00,MSS,long,4552.8,4547.5,4547.5,4558.9,False,,4547.5,SL,-5.3,-57.0,9
2026-05-20 07:40:00,2026-05-20 08:02:00,2026-05-20 08:08:00,EXTEND,long,4492.7,4482.9,4482.9,4499.4,False,,4482.9,SL,-9.8,-102.0,6
2026-05-20 09:05:00,2026-05-20 09:12:00,2026-05-20 09:23:00,EXTEND,short,4496.3,4513.0,4513.0,4490.6,False,,4490.6,TP,5.7,53.0,11
2026-05-20 09:35:00,2026-05-20 09:57:00,2026-05-20 11:06:00,EXTEND,short,4481.9,4503.4,4503.4,4457.9,False,,4457.9,TP,24.0,236.0,69
2026-05-20 11:05:00,2026-05-20 11:18:00,2026-05-20 12:00:00,BOS,short,4463.5,4469.4,4469.4,4454.9,False,,4469.4,SL,-5.9,-63.0,42
2026-05-20 12:15:00,2026-05-20 12:28:00,2026-05-20 12:47:00,EXTEND,long,4467.4,4459.8,4459.8,4472.6,False,,4459.8,SL,-7.6,-80.0,19
2026-05-20 12:45:00,2026-05-20 12:57:00,2026-05-20 13:01:00,MSS,short,4463.2,4469.2,4469.2,4458.5,False,,4469.2,SL,-6.0,-64.0,4
2026-05-20 13:45:00,2026-05-20 14:02:00,2026-05-20 14:35:00,MSS,short,4474.4,4481.8,4481.8,4465.4,False,,4465.4,TP,9.0,86.0,33
2026-05-20 14:35:00,2026-05-20 14:53:00,2026-05-20 15:01:00,EXTEND,short,4475.6,4480.9,4480.9,4463.7,False,,4480.9,SL,-5.3,-57.0,8
2026-05-20 15:10:00,2026-05-20 15:24:00,2026-05-20 15:30:00,EXTEND,long,4482.7,4473.9,4473.9,4488.0,False,,4488.0,TP,5.3,49.0,6
2026-05-20 15:30:00,2026-05-20 15:37:00,2026-05-20 16:24:00,EXTEND,long,4482.0,4473.9,4473.9,4488.5,False,,4488.5,TP,6.5,61.0,47
2026-05-20 16:30:00,2026-05-20 16:38:00,2026-05-20 16:42:00,EXTEND,long,4486.4,4480.8,4480.8,4492.1,False,,4480.8,SL,-5.6,-60.0,4
2026-05-20 16:55:00,2026-05-20 17:08:00,2026-05-20 17:25:00,EXTEND,long,4485.5,4480.8,4480.8,4492.9,False,,4480.8,SL,-4.7,-51.0,17
2026-05-20 17:30:00,2026-05-20 17:44:00,2026-05-20 17:45:00,EXTEND,short,4485.6,4486.1,4486.1,4475.0,False,,4486.1,SL,-0.5,-9.0,1
2026-05-20 17:55:00,2026-05-20 18:01:00,2026-05-20 18:07:00,EXTEND,long,4489.0,4484.3,4484.3,4493.9,False,,4493.9,TP,4.9,45.0,6
2026-05-20 19:25:00,2026-05-20 19:34:00,2026-05-20 19:50:00,MSS,long,4501.4,4493.5,4493.5,4503.7,False,,4493.5,SL,-7.9,-83.0,16
2026-05-20 20:45:00,2026-05-20 20:59:00,2026-05-20 21:14:00,EXTEND,long,4498.8,4495.2,4495.2,4508.3,False,,4508.3,TP,9.5,91.0,15
2026-05-20 21:30:00,2026-05-20 21:35:00,2026-05-20 21:36:00,EXTEND,short,4492.7,4509.3,4509.3,4490.5,False,,4490.5,TP,2.2,18.0,1
2026-05-20 22:15:00,2026-05-20 22:21:00,2026-05-20 22:22:00,MSS,long,4508.5,4469.3,4469.3,4506.8,False,,4508.5,TP,0.0,-4.0,1
2026-05-20 23:15:00,2026-05-20 23:32:00,2026-05-21 09:10:00,BOS,long,4536.4,4526.5,4526.5,4557.5,False,,4557.5,TP,21.1,207.0,518
2026-05-21 11:50:00,2026-05-21 12:07:00,2026-05-21 12:14:00,BOS,short,4533.4,4537.9,4537.9,4528.1,False,,4537.9,SL,-4.5,-49.0,7
2026-05-21 13:05:00,2026-05-21 13:13:00,2026-05-21 13:14:00,MSS,short,4531.4,4541.7,4541.7,4532.0,False,,4531.6,TP,-0.2,-6.0,1
2026-05-21 14:20:00,2026-05-21 14:42:00,2026-05-21 15:06:00,EXTEND,long,4527.6,4519.1,4519.1,4541.2,False,,4519.1,SL,-8.5,-89.0,24
2026-05-21 15:25:00,2026-05-21 15:53:00,2026-05-21 16:04:00,BOS,short,4522.1,4525.0,4525.0,4513.3,False,,4525.0,SL,-2.9,-33.0,11
2026-05-21 17:20:00,2026-05-21 17:27:00,2026-05-21 17:30:00,EXTEND,long,4539.5,4532.9,4532.9,4543.9,False,,4543.9,TP,4.4,40.0,3
2026-05-21 18:00:00,2026-05-21 18:08:00,2026-05-21 18:09:00,MSS,long,4534.4,4530.7,4530.7,4534.7,False,,4534.7,TP,0.3,-1.0,1
2026-05-21 18:05:00,2026-05-21 18:14:00,2026-05-21 18:25:00,EXTEND,long,4533.6,4530.7,4530.7,4537.3,False,,4530.7,SL,-2.9,-33.0,11
2026-05-21 19:35:00,2026-05-21 19:54:00,2026-05-21 20:21:00,EXTEND,short,4515.3,4522.4,4522.4,4509.0,False,,4509.0,TP,6.3,59.0,27
2026-05-21 20:25:00,2026-05-21 20:39:00,2026-05-21 20:58:00,EXTEND,short,4512.8,4520.3,4520.3,4503.1,False,,4503.1,TP,9.7,93.0,19
2026-05-21 21:00:00,2026-05-21 21:07:00,2026-05-21 21:15:00,EXTEND,short,4509.7,4520.3,4520.3,4499.8,False,,4499.8,TP,9.9,95.0,8
2026-05-21 21:50:00,2026-05-21 22:10:00,2026-05-22 00:07:00,MSS,long,4508.8,4488.5,4488.5,4522.2,False,,4522.2,TP,13.4,130.0,117
2026-05-22 01:00:00,2026-05-22 01:07:00,2026-05-22 01:10:00,EXTEND,long,4518.5,4510.5,4510.5,4525.2,False,,4525.2,TP,6.7,63.0,3
2026-05-22 03:50:00,2026-05-22 07:04:00,2026-05-22 07:05:00,MSS,short,4544.1,4544.5,4544.5,4535.4,False,,4544.5,SL,-0.4,-8.0,1
2026-05-22 07:20:00,2026-05-22 07:30:00,2026-05-22 07:36:00,EXTEND,short,4539.3,4545.2,4545.2,4536.2,False,,4536.2,TP,3.1,27.0,6
2026-05-22 08:15:00,2026-05-22 08:34:00,2026-05-22 08:51:00,EXTEND,short,4537.7,4545.2,4545.2,4530.8,False,,4530.8,TP,6.9,65.0,17
2026-05-22 08:55:00,2026-05-22 09:02:00,2026-05-22 09:05:00,EXTEND,short,4530.1,4542.2,4542.2,4526.6,False,,4526.6,TP,3.5,31.0,3
2026-05-22 09:05:00,2026-05-22 09:22:00,2026-05-22 09:35:00,BOS,short,4531.2,4537.6,4537.6,4524.2,False,,4524.2,TP,7.0,66.0,13
2026-05-22 09:40:00,2026-05-22 09:53:00,2026-05-22 10:31:00,EXTEND,short,4529.3,4537.6,4537.6,4521.8,False,,4521.8,TP,7.5,71.0,38
2026-05-22 10:30:00,2026-05-22 10:52:00,2026-05-22 11:47:00,BOS,short,4526.3,4530.5,4530.5,4519.6,False,,4530.5,SL,-4.2,-46.0,55
2026-05-22 12:35:00,2026-05-22 12:40:00,2026-05-22 12:41:00,MSS,short,4526.8,4533.9,4533.9,4527.1,False,,4526.8,TP,0.0,-4.0,1
2026-05-22 12:40:00,2026-05-22 12:55:00,2026-05-22 13:03:00,EXTEND,short,4529.4,4533.9,4533.9,4526.5,False,,4526.5,TP,2.9,25.0,8
2026-05-22 13:00:00,2026-05-22 13:14:00,2026-05-22 13:17:00,BOS,short,4526.4,4531.2,4531.2,4524.6,False,,4524.6,TP,1.8,14.0,3
2026-05-22 13:15:00,2026-05-22 13:23:00,2026-05-22 13:30:00,EXTEND,short,4526.6,4531.2,4531.2,4524.1,False,,4531.2,SL,-4.6,-50.0,7
2026-05-22 13:55:00,2026-05-22 14:08:00,2026-05-22 17:54:00,MSS,short,4520.5,4535.4,4535.4,4508.3,False,,4535.4,SL,-14.9,-153.0,226
2026-05-22 19:05:00,2026-05-22 19:14:00,2026-05-22 19:18:00,EXTEND,long,4516.7,4513.1,4513.1,4518.3,False,,4513.1,SL,-3.6,-40.0,4
2026-05-22 20:15:00,2026-05-22 20:41:00,2026-05-22 20:42:00,EXTEND,long,4520.4,4519.0,4519.0,4537.4,False,,4519.0,SL,-1.4,-18.0,1
2026-05-23 00:40:00,2026-05-23 00:48:00,2026-05-23 01:30:00,MSS,short,4517.6,4528.8,4528.8,4512.1,False,,4528.8,SL,-11.2,-116.0,42
2026-05-23 01:30:00,2026-05-23 01:38:00,2026-05-23 02:04:00,EXTEND,long,4524.4,4514.5,4514.5,4531.0,False,,4514.5,SL,-9.9,-103.0,26
2026-05-23 02:45:00,2026-05-23 02:52:00,2026-05-23 03:01:00,MSS,short,4515.0,4523.3,4523.3,4514.5,False,,4514.5,TP,0.5,1.0,9
2026-05-23 03:40:00,2026-05-23 03:56:00,2026-05-23 04:43:00,EXTEND,long,4510.1,4505.9,4505.9,4512.8,False,,4505.9,SL,-4.2,-46.0,47
2026-05-25 08:45:00,2026-05-25 08:54:00,2026-05-25 08:55:00,BOS,long,4575.4,4572.2,4572.2,4581.6,False,,4572.2,SL,-3.2,-36.0,1
2026-05-25 08:55:00,2026-05-25 09:04:00,2026-05-25 09:07:00,MSS,short,4570.1,4581.6,4581.6,4566.9,False,,4566.9,TP,3.2,28.0,3
2026-05-25 09:05:00,2026-05-25 09:25:00,2026-05-25 09:47:00,BOS,short,4571.3,4578.1,4578.1,4561.5,False,,4561.5,TP,9.8,94.0,22
2026-05-25 10:05:00,2026-05-25 10:18:00,2026-05-25 10:19:00,MSS,long,4561.7,4561.7,4561.7,4569.3,False,,4561.6,SL,-0.1,-5.0,1
2026-05-25 10:45:00,2026-05-25 10:57:00,2026-05-25 11:44:00,EXTEND,long,4563.1,4559.6,4559.6,4571.1,False,,4559.6,SL,-3.5,-39.0,47
2026-05-25 11:50:00,2026-05-25 12:04:00,2026-05-25 12:21:00,EXTEND,short,4561.9,4565.1,4565.1,4557.1,False,,4565.1,SL,-3.2,-36.0,17
2026-05-25 12:25:00,2026-05-25 12:35:00,2026-05-25 12:38:00,MSS,long,4562.6,4560.5,4560.5,4566.7,False,,4560.5,SL,-2.1,-25.0,3
2026-05-25 13:20:00,2026-05-25 13:27:00,2026-05-25 13:28:00,MSS,short,4556.3,4567.3,4567.3,4557.1,False,,4556.4,TP,-0.1,-5.0,1
2026-05-25 15:00:00,2026-05-25 15:22:00,2026-05-25 15:23:00,EXTEND,long,4555.3,4554.5,4554.5,4565.8,False,,4554.5,SL,-0.8,-12.0,1
2026-05-25 16:25:00,2026-05-25 16:36:00,2026-05-25 16:44:00,EXTEND,short,4557.0,4566.7,4566.7,4555.2,False,,4555.2,TP,1.8,14.0,8
2026-05-25 19:15:00,2026-05-25 19:28:00,2026-05-25 19:38:00,BOS,long,4572.9,4569.4,4569.4,4577.5,False,,4577.5,TP,4.6,42.0,10
2026-05-25 19:45:00,2026-05-25 19:51:00,2026-05-25 19:59:00,EXTEND,long,4573.7,4571.2,4571.2,4579.3,False,,4571.2,SL,-2.5,-29.0,8
2026-05-25 20:20:00,2026-05-25 20:43:00,2026-05-26 01:13:00,EXTEND,short,4569.0,4579.3,4579.3,4554.3,False,,4579.3,SL,-10.3,-107.0,270
2026-05-26 01:10:00,2026-05-26 01:27:00,2026-05-26 01:32:00,EXTEND,long,4573.5,4572.7,4572.7,4580.6,False,,4572.7,SL,-0.8,-12.0,5
2026-05-26 07:25:00,2026-05-26 07:30:00,2026-05-26 07:31:00,MSS,short,4569.2,4583.2,4583.2,4569.1,False,,4569.1,TP,0.1,-3.0,1
2026-05-26 08:15:00,2026-05-26 08:37:00,2026-05-26 08:52:00,BOS,short,4549.2,4554.4,4554.4,4542.2,False,,4542.2,TP,7.0,66.0,15
2026-05-26 08:50:00,2026-05-26 09:04:00,2026-05-26 09:32:00,BOS,short,4543.5,4552.6,4552.6,4539.9,False,,4539.9,TP,3.6,32.0,28
2026-05-26 10:05:00,2026-05-26 10:14:00,2026-05-26 10:15:00,MSS,long,4539.2,4539.9,4539.9,4539.9,False,,4539.3,SL,0.1,-3.0,1
2026-05-26 10:30:00,2026-05-26 10:41:00,2026-05-26 10:43:00,MSS,short,4537.8,4540.1,4540.1,4534.8,False,,4534.8,TP,3.0,26.0,2
2026-05-26 10:50:00,2026-05-26 11:04:00,2026-05-26 11:17:00,EXTEND,short,4534.4,4539.5,4539.5,4530.7,False,,4539.5,SL,-5.1,-55.0,13
2026-05-26 13:35:00,2026-05-26 13:43:00,2026-05-26 13:45:00,EXTEND,long,4530.2,4529.2,4529.2,4535.5,False,,4529.2,SL,-1.0,-14.0,2
2026-05-26 13:50:00,2026-05-26 14:10:00,2026-05-26 14:25:00,EXTEND,short,4530.0,4535.5,4535.5,4523.9,False,,4535.5,SL,-5.5,-59.0,15
2026-05-26 14:25:00,2026-05-26 14:40:00,2026-05-26 14:49:00,EXTEND,long,4533.5,4529.5,4529.5,4536.8,False,,4529.5,SL,-4.0,-44.0,9
2026-05-26 15:15:00,2026-05-26 15:29:00,2026-05-26 15:38:00,EXTEND,short,4530.1,4534.3,4534.3,4522.4,False,,4522.4,TP,7.7,73.0,9
2026-05-26 15:45:00,2026-05-26 15:50:00,2026-05-26 15:51:00,MSS,long,4535.4,4521.7,4521.7,4533.8,False,,4535.7,TP,0.3,-1.0,1
2026-05-26 15:55:00,2026-05-26 16:19:00,2026-05-26 16:29:00,EXTEND,long,4530.1,4521.7,4521.7,4539.6,False,,4521.7,SL,-8.4,-88.0,10
2026-05-26 17:15:00,2026-05-26 17:20:00,2026-05-26 17:21:00,EXTEND,short,4524.0,4525.4,4525.4,4518.2,False,,4525.4,SL,-1.4,-18.0,1
2026-05-26 17:40:00,2026-05-26 18:03:00,2026-05-26 18:10:00,EXTEND,short,4520.1,4526.7,4526.7,4512.2,False,,4526.7,SL,-6.6,-70.0,7
2026-05-26 22:10:00,2026-05-26 22:28:00,2026-05-26 22:32:00,BOS,short,4516.2,4521.3,4521.3,4508.4,False,,4521.3,SL,-5.1,-55.0,4
2026-05-26 22:35:00,2026-05-26 22:58:00,2026-05-26 23:03:00,MSS,long,4516.2,4508.4,4508.4,4525.6,False,,4508.4,SL,-7.8,-82.0,5
2026-05-27 00:10:00,2026-05-27 00:16:00,2026-05-27 00:33:00,MSS,short,4500.9,4511.2,4511.2,4498.8,False,,4511.2,SL,-10.3,-107.0,17
2026-05-27 07:00:00,2026-05-27 07:25:00,2026-05-27 07:33:00,EXTEND,long,4506.3,4500.0,4500.0,4514.0,False,,4514.0,TP,7.7,73.0,8
2026-05-27 08:25:00,2026-05-27 08:48:00,2026-05-27 09:01:00,EXTEND,short,4520.2,4525.8,4525.8,4513.8,False,,4513.8,TP,6.4,60.0,13
2026-05-27 09:10:00,2026-05-27 09:21:00,2026-05-27 09:23:00,MSS,long,4517.1,4512.0,4512.0,4520.5,False,,4520.5,TP,3.4,30.0,2
2026-05-27 09:35:00,2026-05-27 09:43:00,2026-05-27 09:44:00,MSS,short,4509.7,4520.7,4520.7,4510.4,False,,4509.8,TP,-0.1,-5.0,1
2026-05-27 10:45:00,2026-05-27 10:54:00,2026-05-27 10:57:00,EXTEND,short,4503.2,4505.3,4505.3,4497.3,False,,4505.3,SL,-2.1,-25.0,3
2026-05-27 11:15:00,2026-05-27 11:40:00,2026-05-27 11:58:00,EXTEND,long,4502.4,4497.3,4497.3,4511.2,False,,4497.3,SL,-5.1,-55.0,18
2026-05-27 12:00:00,2026-05-27 12:13:00,2026-05-27 12:42:00,EXTEND,short,4500.7,4504.7,4504.7,4494.6,False,,4504.7,SL,-4.0,-44.0,29
2026-05-27 13:15:00,2026-05-27 13:20:00,2026-05-27 13:23:00,MSS,short,4503.8,4512.7,4512.7,4503.6,False,,4503.6,TP,0.2,-2.0,3
2026-05-27 15:15:00,2026-05-27 15:27:00,2026-05-27 15:31:00,EXTEND,short,4484.9,4487.9,4487.9,4479.2,False,,4487.9,SL,-3.0,-34.0,4
2026-05-27 15:50:00,2026-05-27 16:06:00,2026-05-27 16:18:00,EXTEND,short,4484.4,4487.9,4487.9,4474.2,False,,4487.9,SL,-3.5,-39.0,12
2026-05-27 16:20:00,2026-05-27 16:33:00,2026-05-27 16:39:00,EXTEND,long,4486.6,4482.3,4482.3,4491.1,False,,4491.1,TP,4.5,41.0,6
2026-05-27 16:50:00,2026-05-27 17:12:00,2026-05-27 18:03:00,EXTEND,long,4489.5,4484.7,4484.7,4496.8,False,,4484.7,SL,-4.8,-52.0,51
2026-05-27 19:55:00,2026-05-27 20:08:00,2026-05-27 20:18:00,BOS,short,4430.0,4442.0,4442.0,4422.1,False,,4442.0,SL,-12.0,-124.0,10
2026-05-27 20:20:00,2026-05-27 20:49:00,2026-05-27 21:05:00,EXTEND,long,4443.1,4426.2,4426.2,4463.8,False,,4426.2,SL,-16.9,-173.0,16
2026-05-28 07:25:00,2026-05-28 07:41:00,2026-05-28 07:45:00,EXTEND,short,4449.6,4451.8,4451.8,4446.5,False,,4446.5,TP,3.1,27.0,3
2026-05-28 07:50:00,2026-05-28 08:04:00,2026-05-28 08:19:00,EXTEND,short,4446.6,4450.8,4450.8,4441.7,False,,4451.0,SL,-4.4,-48.0,9
2026-05-28 12:55:00,2026-05-28 13:07:00,2026-05-28 13:11:00,BOS,long,4370.1,4366.7,4366.7,4371.0,False,,4371.0,TP,0.9,5.0,3
2026-05-28 17:00:00,2026-05-28 17:14:00,2026-05-28 17:21:00,MSS,long,4385.9,4383.3,4383.3,4388.1,False,,4389.8,TP,3.9,35.0,2
2026-05-28 19:25:00,2026-05-28 19:30:00,2026-05-28 19:31:00,MSS,short,4382.3,4388.3,4388.3,4382.6,False,,4382.3,TP,0.0,-4.0,1
2026-05-28 19:30:00,2026-05-28 19:39:00,2026-05-28 19:50:00,EXTEND,short,4385.3,4388.3,4388.3,4380.1,False,,4380.1,TP,5.2,48.0,10
2026-05-28 21:35:00,2026-05-28 21:47:00,2026-05-28 21:53:00,EXTEND,short,4423.4,4431.6,4431.6,4416.5,False,,4431.6,SL,-8.2,-86.0,6
2026-05-28 22:45:00,2026-05-28 22:59:00,2026-05-28 23:07:00,EXTEND,long,4467.0,4452.8,4452.8,4477.5,False,,4477.5,TP,10.5,101.0,7
2026-05-29 01:10:00,2026-05-29 01:20:00,2026-05-29 01:36:00,MSS,short,4500.7,4511.5,4511.5,4502.1,False,,4502.0,TP,-1.3,-17.0,3
