signal_time,entry_time,exit_time,kind,direction,entry,sl,final_sl,tp,break_even_moved,break_even_time,exit_price,exit_reason,points,dollars,bars_held
2026-03-04 03:00:00,2026-03-04 03:05:00,2026-03-04 03:07:00,BOS,long,5149.3,5141.8,5149.3,5161.4,True,2026-03-04 03:05:00,5149.3,BE,0.0,0.0,2
2026-03-04 04:20:00,2026-03-04 04:32:00,2026-03-04 04:33:00,MSS,long,5130.1,5123.3,5123.3,5141.1,False,,5123.3,SL,-6.8,-68.0,1
2026-03-04 08:00:00,2026-03-04 08:12:00,2026-03-04 08:18:00,MSS,short,5127.7,5136.0,5127.7,5114.4,True,2026-03-04 08:13:00,5127.7,BE,0.0,0.0,6
2026-03-04 08:40:00,2026-03-04 08:55:00,2026-03-04 08:59:00,MSS,long,5136.7,5130.6,5136.7,5146.6,True,2026-03-04 08:55:00,5146.6,TP,9.9,98.88,4
2026-03-04 10:05:00,2026-03-04 10:31:00,2026-03-04 10:35:00,BOS,long,5183.9,5177.4,5177.4,5194.3,False,,5177.4,SL,-6.5,-64.56,4
2026-03-04 11:45:00,2026-03-04 12:41:00,2026-03-04 12:42:00,BOS,long,5167.8,5162.3,5162.3,5176.8,False,,5162.3,SL,-5.5,-55.39,1
2026-03-04 12:40:00,2026-03-04 12:46:00,2026-03-04 13:05:00,MSS,short,5172.8,5180.5,5172.8,5160.4,True,2026-03-04 12:46:00,5160.4,TP,12.4,124.22,19
2026-03-04 13:10:00,2026-03-04 13:20:00,2026-03-04 13:21:00,MSS,long,5165.9,5160.3,5165.9,5175.0,True,2026-03-04 13:20:00,5165.9,BE,0.0,0.0,1
2026-03-04 15:45:00,2026-03-04 15:57:00,2026-03-04 15:59:00,BOS,long,5178.4,5173.7,5178.4,5186.0,True,2026-03-04 15:57:00,5178.4,BE,0.0,0.0,2
2026-03-04 16:00:00,2026-03-04 16:35:00,2026-03-04 16:44:00,MSS,short,5178.6,5186.0,5186.0,5166.5,False,,5186.0,SL,-7.4,-74.49,9
2026-03-04 16:45:00,2026-03-04 17:00:00,2026-03-04 17:06:00,MSS,long,5171.1,5157.7,5171.1,5192.9,True,2026-03-04 17:01:00,5171.1,BE,0.0,0.0,6
2026-03-04 18:00:00,2026-03-04 18:37:00,2026-03-04 18:39:00,BOS,long,5191.1,5187.0,5191.1,5197.8,True,2026-03-04 18:37:00,5197.8,TP,6.7,66.74,2
2026-03-04 19:30:00,2026-03-04 19:40:00,2026-03-04 19:41:00,BOS,long,5205.2,5202.0,5205.2,5210.3,True,2026-03-04 19:41:00,5205.2,BE,0.0,0.0,1
2026-03-04 20:00:00,2026-03-04 20:15:00,2026-03-04 20:16:00,BOS,long,5206.5,5199.3,5199.3,5218.2,False,,5199.3,SL,-7.2,-72.2,1
2026-03-04 21:00:00,2026-03-04 21:59:00,2026-03-04 22:12:00,MSS,long,5179.4,5170.9,5179.4,5193.1,True,2026-03-04 22:00:00,5179.4,BE,0.0,0.0,13
2026-03-04 22:30:00,2026-03-04 22:39:00,2026-03-04 22:40:00,MSS,long,5179.1,5169.2,5179.1,5195.0,True,2026-03-04 22:39:00,5179.1,BE,0.0,0.0,1
2026-03-04 23:10:00,2026-03-04 23:22:00,2026-03-04 23:25:00,BOS,short,5160.6,5173.3,5160.6,5140.1,True,2026-03-04 23:24:00,5160.6,BE,0.0,0.0,3
2026-03-05 00:20:00,2026-03-05 00:34:00,2026-03-05 00:38:00,BOS,short,5163.6,5172.9,5163.6,5148.6,True,2026-03-05 00:37:00,5163.6,BE,0.0,0.0,4
2026-03-05 01:20:00,2026-03-05 01:25:00,2026-03-05 01:28:00,BOS,short,5150.3,5161.9,5150.3,5131.5,True,2026-03-05 01:27:00,5150.3,BE,0.0,0.0,3
2026-03-05 03:15:00,2026-03-05 03:41:00,2026-03-05 03:45:00,MSS,short,5142.5,5145.8,5142.5,5137.2,True,2026-03-05 03:41:00,5142.5,BE,0.0,0.0,4
2026-03-05 03:55:00,2026-03-05 04:10:00,2026-03-05 04:11:00,MSS,long,5139.9,5133.3,5139.9,5150.6,True,2026-03-05 04:11:00,5139.9,BE,0.0,0.0,1
2026-03-05 04:35:00,2026-03-05 05:34:00,2026-03-05 05:54:00,BOS,long,5142.3,5134.7,5142.3,5154.5,True,2026-03-05 05:36:00,5154.5,TP,12.2,122.36,20
2026-03-05 09:05:00,2026-03-05 09:25:00,2026-03-05 09:30:00,BOS,long,5183.5,5177.7,5183.5,5193.0,True,2026-03-05 09:25:00,5183.5,BE,0.0,0.0,5
2026-03-05 10:15:00,2026-03-05 10:39:00,2026-03-05 10:41:00,BOS,long,5185.9,5182.0,5185.9,5192.2,True,2026-03-05 10:39:00,5192.2,TP,6.3,63.04,2
2026-03-05 10:55:00,2026-03-05 11:30:00,2026-03-05 11:57:00,BOS,long,5190.4,5183.3,5190.4,5202.0,True,2026-03-05 11:30:00,5190.4,BE,0.0,0.0,27
2026-03-05 11:55:00,2026-03-05 12:15:00,2026-03-05 12:27:00,MSS,short,5195.1,5200.0,5195.1,5187.1,True,2026-03-05 12:15:00,5187.1,TP,8.0,79.72,12
2026-03-05 14:05:00,2026-03-05 14:40:00,2026-03-05 14:46:00,BOS,short,5164.1,5178.4,5164.1,5141.0,True,2026-03-05 14:42:00,5164.1,BE,0.0,0.0,6
2026-03-05 16:00:00,2026-03-05 16:37:00,2026-03-05 16:38:00,MSS,short,5170.9,5175.4,5170.9,5163.6,True,2026-03-05 16:38:00,5170.9,BE,0.0,0.0,1
2026-03-05 17:05:00,2026-03-05 17:26:00,2026-03-05 17:39:00,BOS,long,5179.3,5171.5,5171.5,5191.9,False,,5171.5,SL,-7.8,-77.93,13
2026-03-05 19:35:00,2026-03-05 19:48:00,2026-03-05 19:49:00,MSS,short,5174.0,5178.2,5174.0,5167.3,True,2026-03-05 19:49:00,5174.0,BE,0.0,0.0,1
2026-03-05 20:00:00,2026-03-05 20:27:00,2026-03-05 20:29:00,MSS,long,5173.8,5171.0,5173.8,5178.2,True,2026-03-05 20:28:00,5173.8,BE,0.0,0.0,2
2026-03-05 20:25:00,2026-03-05 20:35:00,2026-03-05 20:38:00,MSS,short,5178.3,5181.7,5178.3,5172.7,True,2026-03-05 20:35:00,5178.3,BE,0.0,0.0,3
2026-03-05 22:15:00,2026-03-05 22:29:00,2026-03-05 22:34:00,BOS,short,5128.4,5139.1,5128.4,5111.1,True,2026-03-05 22:30:00,5128.4,BE,0.0,0.0,5
2026-03-05 22:30:00,2026-03-05 22:37:00,2026-03-05 22:39:00,MSS,long,5119.2,5111.1,5111.1,5132.4,False,,5111.1,SL,-8.1,-81.37,2
2026-03-05 22:35:00,2026-03-05 22:58:00,2026-03-05 23:01:00,MSS,short,5119.5,5132.4,5119.5,5098.6,True,2026-03-05 22:59:00,5119.5,BE,0.0,0.0,3
2026-03-05 23:50:00,2026-03-06 00:06:00,2026-03-06 00:09:00,MSS,long,5094.1,5086.0,5086.0,5107.2,False,,5086.0,SL,-8.1,-80.98,3
2026-03-06 00:20:00,2026-03-06 00:48:00,2026-03-06 00:54:00,BOS,short,5085.8,5094.3,5085.8,5072.0,True,2026-03-06 00:51:00,5085.8,BE,0.0,0.0,6
2026-03-06 01:00:00,2026-03-06 01:28:00,2026-03-06 01:29:00,MSS,long,5085.1,5078.7,5085.1,5095.5,True,2026-03-06 01:29:00,5085.1,BE,0.0,0.0,1
2026-03-06 02:35:00,2026-03-06 02:52:00,2026-03-06 02:55:00,BOS,long,5077.9,5069.8,5077.9,5091.0,True,2026-03-06 02:54:00,5077.9,BE,0.0,0.0,3
2026-03-06 03:25:00,2026-03-06 04:11:00,2026-03-06 04:15:00,MSS,short,5083.2,5090.4,5090.4,5071.5,False,,5090.4,SL,-7.2,-72.2,4
2026-03-06 05:50:00,2026-03-06 08:00:00,2026-03-06 08:00:00,BOS,long,5086.7,5081.9,5081.9,5094.5,False,,5081.9,SL,-4.8,-48.13,0
2026-03-06 08:00:00,2026-03-06 08:06:00,2026-03-06 08:14:00,MSS,short,5098.5,5111.6,5098.5,5077.4,True,2026-03-06 08:13:00,5098.5,BE,0.0,0.0,8
2026-03-06 08:50:00,2026-03-06 09:00:00,2026-03-06 09:00:00,MSS,long,5089.4,5083.8,5083.8,5098.4,False,,5083.8,SL,-5.6,-55.77,0
2026-03-06 09:00:00,2026-03-06 09:06:00,2026-03-06 09:12:00,MSS,short,5089.1,5098.4,5089.1,5074.1,True,2026-03-06 09:07:00,5089.1,BE,0.0,0.0,6
2026-03-06 10:40:00,2026-03-06 11:01:00,2026-03-06 11:03:00,MSS,short,5137.9,5143.2,5137.9,5129.4,True,2026-03-06 11:01:00,5137.9,BE,0.0,0.0,2
2026-03-06 12:10:00,2026-03-06 12:20:00,2026-03-06 12:25:00,BOS,long,5141.1,5138.5,5138.5,5145.4,False,,5138.5,SL,-2.6,-26.36,5
2026-03-06 12:25:00,2026-03-06 12:33:00,2026-03-06 12:42:00,MSS,short,5141.8,5145.4,5141.8,5136.1,True,2026-03-06 12:33:00,5141.8,BE,0.0,0.0,9
2026-03-06 13:25:00,2026-03-06 13:30:00,2026-03-06 13:30:00,MSS,long,5134.4,5131.5,5131.5,5139.2,False,,5131.5,SL,-2.9,-29.41,0
2026-03-06 14:20:00,2026-03-06 14:52:00,2026-03-06 14:57:00,MSS,long,5125.2,5121.3,5125.2,5131.4,True,2026-03-06 14:53:00,5125.2,BE,0.0,0.0,5
2026-03-06 14:55:00,2026-03-06 15:56:00,2026-03-06 15:57:00,MSS,short,5128.2,5131.3,5128.2,5123.3,True,2026-03-06 15:57:00,5128.2,BE,0.0,0.0,1
2026-03-06 15:55:00,2026-03-06 16:12:00,2026-03-06 16:18:00,MSS,long,5121.5,5116.5,5121.5,5129.5,True,2026-03-06 16:13:00,5121.5,BE,0.0,0.0,6
2026-03-06 16:20:00,2026-03-06 16:47:00,2026-03-06 17:00:00,MSS,short,5121.9,5126.4,5121.9,5114.7,True,2026-03-06 16:48:00,5114.7,TP,7.2,72.31,13
2026-03-06 17:35:00,2026-03-06 17:43:00,2026-03-06 17:53:00,BOS,short,5105.1,5112.5,5105.1,5093.0,True,2026-03-06 17:46:00,5093.0,TP,12.1,120.51,10
2026-03-06 19:20:00,2026-03-06 19:43:00,2026-03-06 19:54:00,MSS,long,5096.1,5089.2,5089.2,5107.2,False,,5089.2,SL,-6.9,-68.76,11
2026-03-06 19:50:00,2026-03-06 20:18:00,2026-03-06 20:34:00,MSS,short,5100.5,5109.4,5100.5,5086.2,True,2026-03-06 20:23:00,5100.5,BE,0.0,0.0,16
2026-03-06 20:55:00,2026-03-06 21:30:00,2026-03-06 21:30:00,BOS,short,5099.8,5105.9,5105.9,5090.0,False,,5105.9,SL,-6.1,-60.74,0
2026-03-06 21:30:00,2026-03-06 21:56:00,2026-03-06 22:04:00,MSS,long,5097.1,5073.2,5097.1,5135.7,True,2026-03-06 22:01:00,5097.1,BE,0.0,0.0,8
2026-03-06 23:20:00,2026-03-06 23:46:00,2026-03-06 23:48:00,BOS,long,5159.0,5146.8,5159.0,5178.8,True,2026-03-06 23:47:00,5159.0,BE,0.0,0.0,2
2026-03-07 00:35:00,2026-03-07 00:43:00,2026-03-07 00:46:00,MSS,short,5149.9,5156.2,5156.2,5139.6,False,,5156.2,SL,-6.3,-63.41,3
2026-03-07 01:30:00,2026-03-07 01:41:00,2026-03-07 01:43:00,BOS,long,5152.0,5146.5,5146.5,5160.9,False,,5146.5,SL,-5.5,-55.01,2
2026-03-07 03:10:00,2026-03-07 03:37:00,2026-03-07 03:45:00,BOS,long,5171.2,5165.6,5165.6,5180.3,False,,5165.6,SL,-5.6,-56.15,8
2026-03-07 04:00:00,2026-03-07 04:06:00,2026-03-07 04:07:00,MSS,short,5169.2,5172.6,5169.2,5163.7,True,2026-03-07 04:06:00,5169.2,BE,0.0,0.0,1
2026-03-07 04:30:00,2026-03-07 04:40:00,2026-03-07 04:40:00,BOS,short,5165.2,5169.0,5169.0,5159.0,False,,5169.0,SL,-3.8,-38.2,0
2026-03-09 06:00:00,2026-03-09 06:10:00,2026-03-09 06:11:00,MSS,short,5177.6,5184.4,5177.6,5166.7,True,2026-03-09 06:11:00,5166.7,TP,10.9,109.39,1
2026-03-09 08:45:00,2026-03-09 08:59:00,2026-03-09 09:00:00,BOS,short,5057.1,5067.6,5057.1,5040.1,True,2026-03-09 09:00:00,5040.1,TP,17.0,169.95,1
2026-03-09 09:55:00,2026-03-09 10:07:00,2026-03-09 10:10:00,MSS,short,5084.0,5089.0,5089.0,5075.9,False,,5089.0,SL,-5.0,-50.04,3
2026-03-09 12:05:00,2026-03-09 12:14:00,2026-03-09 12:17:00,BOS,long,5097.2,5093.2,5097.2,5103.7,True,2026-03-09 12:16:00,5097.2,BE,0.0,0.0,3
2026-03-09 12:50:00,2026-03-09 12:59:00,2026-03-09 13:01:00,MSS,short,5097.7,5101.5,5097.7,5091.6,True,2026-03-09 12:59:00,5091.6,TP,6.1,61.18,2
2026-03-09 13:00:00,2026-03-09 13:19:00,2026-03-09 13:22:00,MSS,long,5095.5,5091.3,5095.5,5102.3,True,2026-03-09 13:20:00,5102.3,TP,6.8,67.98,3
2026-03-09 15:20:00,2026-03-09 15:45:00,2026-03-09 15:47:00,MSS,long,5106.5,5102.5,5106.5,5113.0,True,2026-03-09 15:46:00,5106.5,BE,0.0,0.0,2
2026-03-09 16:00:00,2026-03-09 16:07:00,2026-03-09 16:08:00,BOS,long,5107.7,5101.0,5107.7,5118.5,True,2026-03-09 16:08:00,5107.7,BE,0.0,0.0,1
2026-03-09 16:45:00,2026-03-09 16:57:00,2026-03-09 17:01:00,MSS,long,5101.1,5096.6,5101.1,5108.5,True,2026-03-09 16:57:00,5108.5,TP,7.4,73.54,4
2026-03-09 17:05:00,2026-03-09 17:45:00,2026-03-09 17:49:00,BOS,long,5107.7,5100.3,5107.7,5119.6,True,2026-03-09 17:46:00,5107.7,BE,0.0,0.0,4
2026-03-09 18:55:00,2026-03-09 19:00:00,2026-03-09 19:03:00,BOS,short,5102.5,5107.7,5102.5,5094.1,True,2026-03-09 19:01:00,5102.5,BE,0.0,0.0,3
2026-03-09 21:05:00,2026-03-09 21:14:00,2026-03-09 21:15:00,BOS,short,5102.9,5107.6,5102.9,5095.3,True,2026-03-09 21:14:00,5102.9,BE,0.0,0.0,1
2026-03-09 21:30:00,2026-03-09 21:40:00,2026-03-09 21:41:00,MSS,long,5102.0,5092.3,5092.3,5117.7,False,,5092.3,SL,-9.7,-97.03,1
2026-03-10 00:00:00,2026-03-10 00:16:00,2026-03-10 00:30:00,BOS,long,5106.7,5101.3,5106.7,5115.5,True,2026-03-10 00:25:00,5115.5,TP,8.8,87.76,14
2026-03-10 01:50:00,2026-03-10 02:05:00,2026-03-10 02:08:00,MSS,long,5101.7,5097.7,5101.7,5108.3,True,2026-03-10 02:05:00,5101.7,BE,0.0,0.0,3
2026-03-10 03:55:00,2026-03-10 04:25:00,2026-03-10 04:43:00,BOS,long,5144.5,5138.7,5144.5,5154.0,True,2026-03-10 04:25:00,5144.5,BE,0.0,0.0,18
2026-03-10 06:00:00,2026-03-10 06:05:00,2026-03-10 06:06:00,MSS,short,5141.8,5150.2,5141.8,5128.1,True,2026-03-10 06:05:00,5141.8,BE,0.0,0.0,1
2026-03-10 07:15:00,2026-03-10 07:23:00,2026-03-10 07:27:00,BOS,long,5154.7,5147.7,5154.7,5166.0,True,2026-03-10 07:23:00,5154.7,BE,0.0,0.0,4
2026-03-10 08:20:00,2026-03-10 08:37:00,2026-03-10 08:38:00,BOS,short,5146.8,5151.5,5146.8,5139.2,True,2026-03-10 08:37:00,5146.8,BE,0.0,0.0,1
2026-03-10 13:30:00,2026-03-10 13:40:00,2026-03-10 13:41:00,MSS,short,5179.0,5180.8,5180.8,5176.1,False,,5180.8,SL,-1.8,-17.95,1
2026-03-10 13:45:00,2026-03-10 15:02:00,2026-03-10 15:03:00,MSS,long,5179.9,5178.0,5179.9,5183.0,True,2026-03-10 15:03:00,5183.0,TP,3.1,30.9,1
2026-03-10 15:15:00,2026-03-10 15:40:00,2026-03-10 15:45:00,MSS,short,5183.9,5188.1,5188.1,5177.0,False,,5188.1,SL,-4.2,-42.4,5
2026-03-10 16:30:00,2026-03-10 17:00:00,2026-03-10 17:02:00,BOS,long,5190.2,5185.0,5190.2,5198.6,True,2026-03-10 17:01:00,5190.2,BE,0.0,0.0,2
2026-03-10 18:30:00,2026-03-10 18:51:00,2026-03-10 18:55:00,BOS,short,5185.1,5191.4,5185.1,5174.9,True,2026-03-10 18:54:00,5185.1,BE,0.0,0.0,4
2026-03-10 20:00:00,2026-03-10 20:20:00,2026-03-10 20:21:00,BOS,short,5184.0,5188.8,5184.0,5176.2,True,2026-03-10 20:21:00,5184.0,BE,0.0,0.0,1
2026-03-10 21:45:00,2026-03-10 21:50:00,2026-03-10 21:54:00,MSS,short,5218.1,5226.2,5218.1,5205.0,True,2026-03-10 21:51:00,5218.1,BE,0.0,0.0,4
2026-03-10 22:05:00,2026-03-10 22:16:00,2026-03-10 23:02:00,BOS,short,5214.0,5224.7,5224.7,5196.8,False,,5224.7,SL,-10.7,-106.58,46
2026-03-10 23:30:00,2026-03-10 23:51:00,2026-03-10 23:52:00,BOS,long,5238.1,5232.9,5238.1,5246.5,True,2026-03-10 23:52:00,5238.1,BE,0.0,0.0,1
2026-03-10 23:50:00,2026-03-11 00:26:00,2026-03-11 00:43:00,MSS,short,5244.0,5248.7,5244.0,5236.5,True,2026-03-11 00:28:00,5236.5,TP,7.5,75.4,17
2026-03-11 00:40:00,2026-03-11 00:47:00,2026-03-11 00:50:00,BOS,short,5241.1,5244.0,5241.1,5236.5,True,2026-03-11 00:48:00,5236.5,TP,4.6,46.35,3
2026-03-11 03:15:00,2026-03-11 03:30:00,2026-03-11 03:31:00,MSS,long,5206.0,5201.5,5201.5,5213.3,False,,5201.5,SL,-4.5,-45.08,1
2026-03-11 03:30:00,2026-03-11 03:55:00,2026-03-11 04:05:00,MSS,short,5206.4,5216.4,5206.4,5190.1,True,2026-03-11 04:00:00,5206.4,BE,0.0,0.0,10
2026-03-11 04:55:00,2026-03-11 06:02:00,2026-03-11 06:04:00,BOS,short,5204.0,5207.8,5204.0,5197.8,True,2026-03-11 06:02:00,5204.0,BE,0.0,0.0,2
2026-03-11 06:05:00,2026-03-11 06:18:00,2026-03-11 06:24:00,BOS,short,5202.3,5207.8,5202.3,5193.4,True,2026-03-11 06:22:00,5202.3,BE,0.0,0.0,6
2026-03-11 07:40:00,2026-03-11 07:55:00,2026-03-11 07:56:00,BOS,short,5201.6,5203.9,5201.6,5198.0,True,2026-03-11 07:56:00,5201.6,BE,0.0,0.0,1
2026-03-11 07:55:00,2026-03-11 08:03:00,2026-03-11 08:05:00,MSS,long,5198.9,5195.3,5195.3,5204.8,False,,5195.3,SL,-3.6,-36.29,2
2026-03-11 08:45:00,2026-03-11 09:25:00,2026-03-11 09:28:00,BOS,long,5218.7,5214.8,5218.7,5224.9,True,2026-03-11 09:25:00,5224.9,TP,6.2,62.42,3
2026-03-11 10:40:00,2026-03-11 11:29:00,2026-03-11 11:35:00,MSS,long,5212.8,5209.5,5212.8,5218.1,True,2026-03-11 11:30:00,5218.1,TP,5.3,53.15,6
2026-03-11 11:45:00,2026-03-11 12:17:00,2026-03-11 12:22:00,MSS,short,5215.2,5218.1,5215.2,5210.4,True,2026-03-11 12:18:00,5215.2,BE,0.0,0.0,5
2026-03-11 12:50:00,2026-03-11 13:00:00,2026-03-11 13:05:00,BOS,short,5214.0,5216.7,5214.0,5209.7,True,2026-03-11 13:01:00,5214.0,BE,0.0,0.0,5
2026-03-11 15:30:00,2026-03-11 15:50:00,2026-03-11 15:54:00,MSS,short,5203.1,5206.5,5203.1,5197.6,True,2026-03-11 15:54:00,5203.1,BE,0.0,0.0,4
2026-03-11 16:10:00,2026-03-11 16:18:00,2026-03-11 16:21:00,MSS,long,5200.1,5196.0,5196.0,5206.7,False,,5196.0,SL,-4.1,-40.87,3
2026-03-11 16:20:00,2026-03-11 17:33:00,2026-03-11 17:46:00,MSS,short,5202.0,5206.7,5202.0,5194.4,True,2026-03-11 17:44:00,5202.0,BE,0.0,0.0,13
2026-03-11 17:55:00,2026-03-11 18:09:00,2026-03-11 18:30:00,MSS,short,5200.9,5204.9,5200.9,5194.4,True,2026-03-11 18:24:00,5194.4,TP,6.5,64.89,21
2026-03-11 19:00:00,2026-03-11 19:06:00,2026-03-11 19:09:00,MSS,long,5195.9,5192.7,5195.9,5201.2,True,2026-03-11 19:07:00,5195.9,BE,0.0,0.0,3
2026-03-11 19:15:00,2026-03-11 19:37:00,2026-03-11 19:41:00,MSS,short,5196.6,5201.3,5196.6,5189.0,True,2026-03-11 19:38:00,5196.6,BE,0.0,0.0,4
2026-03-11 19:55:00,2026-03-11 20:02:00,2026-03-11 20:09:00,BOS,short,5191.6,5196.9,5196.9,5183.0,False,,5196.9,SL,-5.3,-53.1,7
2026-03-11 20:10:00,2026-03-11 20:34:00,2026-03-11 20:36:00,MSS,long,5190.0,5183.0,5183.0,5201.3,False,,5183.0,SL,-7.0,-69.91,2
2026-03-11 20:55:00,2026-03-11 21:04:00,2026-03-11 21:20:00,BOS,short,5183.5,5189.9,5189.9,5173.2,False,,5189.9,SL,-6.4,-63.79,16
2026-03-11 21:45:00,2026-03-11 21:57:00,2026-03-11 22:01:00,BOS,short,5181.1,5191.1,5191.1,5165.0,False,,5191.1,SL,-10.0,-99.7,4
2026-03-11 22:25:00,2026-03-11 22:32:00,2026-03-11 22:34:00,BOS,long,5197.2,5193.4,5193.4,5203.4,False,,5193.4,SL,-3.8,-38.2,2
2026-03-12 01:05:00,2026-03-12 01:18:00,2026-03-12 01:19:00,BOS,long,5181.9,5177.7,5177.7,5188.6,False,,5177.7,SL,-4.2,-41.64,1
2026-03-12 03:50:00,2026-03-12 03:55:00,2026-03-12 03:56:00,BOS,long,5186.7,5184.5,5186.7,5190.2,True,2026-03-12 03:55:00,5190.2,TP,3.5,35.23,1
2026-03-12 04:15:00,2026-03-12 06:00:00,2026-03-12 06:02:00,MSS,short,5188.3,5191.5,5188.3,5183.1,True,2026-03-12 06:01:00,5188.3,BE,0.0,0.0,2
2026-03-12 06:55:00,2026-03-12 07:13:00,2026-03-12 08:00:00,BOS,short,5159.6,5174.5,5159.6,5135.6,True,2026-03-12 07:35:00,5135.6,TP,24.0,240.4,47
2026-03-12 09:00:00,2026-03-12 09:05:00,2026-03-12 09:06:00,BOS,long,5163.0,5157.2,5157.2,5172.3,False,,5157.2,SL,-5.8,-57.68,1
2026-03-12 11:35:00,2026-03-12 11:41:00,2026-03-12 11:42:00,BOS,short,5157.1,5159.7,5157.1,5152.8,True,2026-03-12 11:41:00,5157.1,BE,0.0,0.0,1
2026-03-12 12:15:00,2026-03-12 12:20:00,2026-03-12 12:20:00,MSS,long,5157.9,5156.9,5156.9,5159.4,False,,5156.9,SL,-1.0,-9.55,0
2026-03-12 12:20:00,2026-03-12 12:28:00,2026-03-12 12:34:00,MSS,short,5157.8,5159.4,5157.8,5155.1,True,2026-03-12 12:29:00,5155.1,TP,2.7,26.57,6
2026-03-12 13:05:00,2026-03-12 13:20:00,2026-03-12 13:24:00,MSS,long,5148.1,5145.3,5148.1,5152.7,True,2026-03-12 13:21:00,5148.1,BE,0.0,0.0,4
2026-03-12 14:15:00,2026-03-12 14:23:00,2026-03-12 14:24:00,MSS,short,5159.0,5161.0,5161.0,5155.8,False,,5161.0,SL,-2.0,-19.86,1
2026-03-12 16:55:00,2026-03-12 17:09:00,2026-03-12 17:11:00,MSS,short,5186.6,5188.2,5186.6,5183.9,True,2026-03-12 17:09:00,5183.9,TP,2.7,26.57,2
2026-03-12 17:10:00,2026-03-12 17:27:00,2026-03-12 17:27:00,BOS,short,5184.9,5187.0,5187.0,5181.5,False,,5187.0,SL,-2.1,-21.01,0
2026-03-12 17:55:00,2026-03-12 18:15:00,2026-03-12 18:22:00,BOS,long,5191.9,5189.1,5189.1,5196.3,False,,5189.1,SL,-2.8,-27.5,7
2026-03-12 19:15:00,2026-03-12 19:38:00,2026-03-12 19:44:00,BOS,short,5186.0,5189.6,5186.0,5180.3,True,2026-03-12 19:39:00,5186.0,BE,0.0,0.0,6
2026-03-12 19:40:00,2026-03-12 19:50:00,2026-03-12 19:53:00,MSS,long,5183.5,5181.4,5183.5,5186.8,True,2026-03-12 19:51:00,5183.5,BE,0.0,0.0,3
2026-03-12 20:00:00,2026-03-12 20:48:00,2026-03-12 20:49:00,MSS,short,5184.5,5187.2,5187.2,5180.1,False,,5187.2,SL,-2.7,-27.12,1
2026-03-12 20:45:00,2026-03-12 21:19:00,2026-03-12 21:22:00,MSS,long,5179.7,5174.5,5174.5,5188.1,False,,5174.5,SL,-5.2,-51.95,3
2026-03-12 22:00:00,2026-03-12 22:19:00,2026-03-12 22:21:00,MSS,long,5159.0,5152.0,5159.0,5170.2,True,2026-03-12 22:19:00,5159.0,BE,0.0,0.0,2
2026-03-13 00:05:00,2026-03-13 00:15:00,2026-03-13 00:16:00,BOS,short,5136.0,5141.0,5136.0,5127.9,True,2026-03-13 00:16:00,5136.0,BE,0.0,0.0,1
2026-03-13 03:00:00,2026-03-13 03:05:00,2026-03-13 03:08:00,BOS,short,5097.5,5105.3,5097.5,5084.8,True,2026-03-13 03:07:00,5097.5,BE,0.0,0.0,3
2026-03-13 03:55:00,2026-03-13 04:03:00,2026-03-13 04:07:00,BOS,short,5097.2,5102.7,5097.2,5088.4,True,2026-03-13 04:05:00,5097.2,BE,0.0,0.0,4
2026-03-13 06:55:00,2026-03-13 07:02:00,2026-03-13 07:05:00,BOS,long,5092.8,5088.8,5092.8,5099.4,True,2026-03-13 07:03:00,5099.4,TP,6.6,65.51,3
2026-03-13 07:20:00,2026-03-13 07:29:00,2026-03-13 07:30:00,BOS,long,5096.6,5093.1,5096.6,5102.3,True,2026-03-13 07:30:00,5096.6,BE,0.0,0.0,1
2026-03-13 09:40:00,2026-03-13 09:57:00,2026-03-13 09:58:00,MSS,short,5121.0,5125.2,5125.2,5114.1,False,,5125.2,SL,-4.2,-42.4,1
2026-03-13 11:35:00,2026-03-13 11:42:00,2026-03-13 11:46:00,BOS,short,5114.4,5117.7,5117.7,5109.0,False,,5117.7,SL,-3.3,-33.23,4
2026-03-13 11:45:00,2026-03-13 12:20:00,2026-03-13 12:24:00,MSS,long,5113.2,5109.0,5109.0,5119.9,False,,5109.0,SL,-4.2,-41.64,4
2026-03-13 13:10:00,2026-03-13 13:29:00,2026-03-13 13:30:00,MSS,long,5108.2,5105.6,5108.2,5112.3,True,2026-03-13 13:29:00,5108.2,BE,0.0,0.0,1
2026-03-13 13:40:00,2026-03-13 14:03:00,2026-03-13 14:05:00,MSS,short,5110.1,5114.8,5110.1,5102.5,True,2026-03-13 14:04:00,5110.1,BE,0.0,0.0,2
2026-03-13 15:15:00,2026-03-13 15:30:00,2026-03-13 15:32:00,BOS,short,5091.0,5098.4,5091.0,5079.1,True,2026-03-13 15:30:00,5091.0,BE,0.0,0.0,2
2026-03-13 18:10:00,2026-03-13 18:29:00,2026-03-13 18:30:00,BOS,long,5093.5,5090.5,5093.5,5098.3,True,2026-03-13 18:30:00,5093.5,BE,0.0,0.0,1
2026-03-13 18:30:00,2026-03-13 18:47:00,2026-03-13 18:50:00,MSS,short,5095.2,5101.5,5101.5,5085.0,False,,5101.5,SL,-6.3,-63.03,3
2026-03-13 20:45:00,2026-03-13 21:03:00,2026-03-13 21:09:00,BOS,long,5119.6,5114.2,5119.6,5128.4,True,2026-03-13 21:03:00,5119.6,BE,0.0,0.0,6
2026-03-13 21:25:00,2026-03-13 21:44:00,2026-03-13 21:45:00,MSS,short,5118.0,5121.2,5121.2,5112.7,False,,5121.2,SL,-3.2,-32.47,1
2026-03-14 01:10:00,2026-03-14 01:47:00,2026-03-14 01:49:00,MSS,long,5052.9,5047.7,5052.9,5061.2,True,2026-03-14 01:48:00,5052.9,BE,0.0,0.0,2
2026-03-14 02:10:00,2026-03-14 02:32:00,2026-03-14 02:33:00,BOS,short,5051.9,5056.2,5051.9,5045.0,True,2026-03-14 02:33:00,5051.9,BE,0.0,0.0,1
2026-03-14 04:40:00,2026-03-14 04:52:00,2026-03-14 04:56:00,MSS,long,5022.1,5017.2,5022.1,5030.1,True,2026-03-14 04:52:00,5022.1,BE,-0.0,-0.28,4
2026-03-16 06:05:00,2026-03-16 06:18:00,2026-03-16 06:24:00,MSS,long,5013.4,5000.0,5013.4,5035.2,True,2026-03-16 06:23:00,5013.4,BE,0.0,0.0,6
2026-03-16 06:45:00,2026-03-16 07:02:00,2026-03-16 07:04:00,BOS,long,5016.6,5011.4,5011.4,5025.0,False,,5011.4,SL,-5.2,-51.95,2
2026-03-16 08:30:00,2026-03-16 08:51:00,2026-03-16 08:57:00,BOS,long,5025.0,5018.4,5025.0,5035.6,True,2026-03-16 08:54:00,5025.0,BE,0.0,0.0,6
2026-03-16 09:00:00,2026-03-16 09:06:00,2026-03-16 09:10:00,MSS,short,5026.5,5033.5,5026.5,5015.1,True,2026-03-16 09:07:00,5015.1,TP,11.4,113.71,4
2026-03-16 09:55:00,2026-03-16 10:30:00,2026-03-16 10:31:00,MSS,long,5011.9,5006.7,5011.9,5020.3,True,2026-03-16 10:31:00,5011.9,BE,0.0,0.0,1
2026-03-16 11:10:00,2026-03-16 11:21:00,2026-03-16 11:23:00,BOS,short,5005.9,5008.9,5005.9,5001.1,True,2026-03-16 11:22:00,5005.9,BE,0.0,0.0,2
2026-03-16 13:15:00,2026-03-16 13:26:00,2026-03-16 13:30:00,BOS,short,5016.9,5020.2,5016.9,5011.5,True,2026-03-16 13:27:00,5011.5,TP,5.4,53.77,4
2026-03-16 14:05:00,2026-03-16 14:47:00,2026-03-16 14:48:00,BOS,long,5020.4,5016.9,5016.9,5026.0,False,,5016.9,SL,-3.5,-34.76,1
2026-03-16 16:10:00,2026-03-16 16:22:00,2026-03-16 16:23:00,BOS,short,4999.1,5003.3,5003.3,4992.2,False,,5003.3,SL,-4.2,-42.4,1
2026-03-16 16:20:00,2026-03-16 16:33:00,2026-03-16 16:39:00,MSS,long,4997.7,4991.5,4991.5,5007.6,False,,4991.5,SL,-6.2,-61.5,6
2026-03-16 16:40:00,2026-03-16 16:53:00,2026-03-16 17:01:00,MSS,short,5000.4,5007.9,5000.4,4988.2,True,2026-03-16 16:56:00,4988.2,TP,12.2,121.75,8
2026-03-16 17:25:00,2026-03-16 17:39:00,2026-03-16 17:42:00,MSS,long,4987.6,4983.5,4987.6,4994.2,True,2026-03-16 17:40:00,4987.6,BE,0.0,0.0,3
2026-03-16 17:40:00,2026-03-16 18:25:00,2026-03-16 18:26:00,MSS,short,4991.6,4995.6,4991.6,4985.0,True,2026-03-16 18:26:00,4991.6,BE,0.0,0.0,1
2026-03-16 19:45:00,2026-03-16 20:20:00,2026-03-16 20:21:00,MSS,short,5021.5,5025.2,5021.5,5015.5,True,2026-03-16 20:21:00,5021.5,BE,0.0,0.0,1
2026-03-16 20:45:00,2026-03-16 21:11:00,2026-03-16 21:12:00,MSS,short,5027.2,5030.6,5027.2,5021.8,True,2026-03-16 21:12:00,5027.2,BE,0.0,0.0,1
2026-03-16 21:30:00,2026-03-16 22:22:00,2026-03-16 22:23:00,BOS,long,5028.5,5024.0,5028.5,5035.8,True,2026-03-16 22:22:00,5028.5,BE,0.0,0.0,1
2026-03-16 23:15:00,2026-03-16 23:25:00,2026-03-16 23:27:00,MSS,long,5000.6,4994.8,5000.6,5009.9,True,2026-03-16 23:27:00,5000.6,BE,0.0,0.0,2
2026-03-17 00:25:00,2026-03-17 00:50:00,2026-03-17 01:10:00,MSS,short,4996.0,5004.2,5004.2,4982.7,False,,5004.2,SL,-8.2,-82.13,20
2026-03-17 07:20:00,2026-03-17 08:09:00,2026-03-17 08:12:00,MSS,long,5008.8,5005.5,5008.8,5014.2,True,2026-03-17 08:10:00,5008.8,BE,0.0,0.0,3
2026-03-17 08:45:00,2026-03-17 08:54:00,2026-03-17 09:00:00,BOS,short,5008.7,5011.6,5008.7,5004.0,True,2026-03-17 08:59:00,5004.0,TP,4.7,46.97,6
2026-03-17 10:40:00,2026-03-17 10:49:00,2026-03-17 10:50:00,BOS,long,5028.7,5025.8,5025.8,5033.5,False,,5025.8,SL,-2.9,-29.41,1
2026-03-17 16:15:00,2026-03-17 16:24:00,2026-03-17 16:27:00,BOS,long,5025.5,5022.6,5025.5,5030.1,True,2026-03-17 16:25:00,5025.5,BE,0.0,0.0,3
2026-03-17 17:55:00,2026-03-17 18:01:00,2026-03-17 18:02:00,BOS,short,5017.9,5020.2,5020.2,5014.1,False,,5020.2,SL,-2.3,-23.3,1
2026-03-17 19:55:00,2026-03-17 20:08:00,2026-03-17 20:15:00,MSS,short,5012.2,5015.9,5015.9,5006.1,False,,5015.9,SL,-3.7,-37.44,7
2026-03-17 21:30:00,2026-03-17 21:51:00,2026-03-17 21:53:00,BOS,long,5021.8,5015.3,5015.3,5032.4,False,,5015.3,SL,-6.5,-65.32,2
2026-03-17 22:20:00,2026-03-17 22:47:00,2026-03-17 22:54:00,MSS,short,5021.4,5026.3,5021.4,5013.5,True,2026-03-17 22:52:00,5013.5,TP,7.9,79.1,7
2026-03-18 00:45:00,2026-03-18 00:56:00,2026-03-18 00:58:00,MSS,short,5007.6,5010.4,5007.6,5003.0,True,2026-03-18 00:57:00,5007.6,BE,0.0,0.0,2
2026-03-18 01:00:00,2026-03-18 01:40:00,2026-03-18 01:43:00,MSS,long,5005.5,5001.8,5005.5,5011.6,True,2026-03-18 01:42:00,5005.5,BE,0.0,0.0,3
2026-03-18 01:40:00,2026-03-18 01:56:00,2026-03-18 02:00:00,MSS,short,5007.5,5011.0,5007.5,5001.9,True,2026-03-18 01:58:00,5007.5,BE,0.0,0.0,4
2026-03-18 02:25:00,2026-03-18 02:47:00,2026-03-18 02:52:00,MSS,short,5011.5,5013.6,5011.5,5008.2,True,2026-03-18 02:47:00,5011.5,BE,0.0,0.0,5
2026-03-18 03:15:00,2026-03-18 03:42:00,2026-03-18 03:45:00,BOS,short,5007.4,5009.5,5007.4,5003.9,True,2026-03-18 03:44:00,5007.4,BE,0.0,0.0,3
2026-03-18 04:50:00,2026-03-18 04:58:00,2026-03-18 04:58:00,MSS,short,5008.6,5010.2,5010.2,5006.1,False,,5010.2,SL,-1.6,-15.66,0
2026-03-18 04:55:00,2026-03-18 06:01:00,2026-03-18 06:02:00,MSS,long,5008.7,5006.1,5008.7,5012.8,True,2026-03-18 06:02:00,5008.7,BE,0.0,0.0,1
2026-03-18 06:40:00,2026-03-18 06:48:00,2026-03-18 06:49:00,BOS,short,5003.8,5006.9,5003.8,4998.7,True,2026-03-18 06:49:00,5003.8,BE,0.0,0.0,1
2026-03-18 07:30:00,2026-03-18 07:40:00,2026-03-18 08:03:00,MSS,long,5004.7,5002.6,5004.7,5008.1,True,2026-03-18 07:40:00,5008.1,TP,3.4,33.99,23
2026-03-18 08:00:00,2026-03-18 08:27:00,2026-03-18 08:29:00,BOS,long,5007.3,5004.7,5007.3,5011.6,True,2026-03-18 08:27:00,5007.3,BE,0.0,0.0,2
2026-03-18 09:00:00,2026-03-18 09:35:00,2026-03-18 09:36:00,BOS,long,5009.6,5007.2,5009.6,5013.5,True,2026-03-18 09:36:00,5009.6,BE,0.0,0.0,1
2026-03-18 10:15:00,2026-03-18 10:53:00,2026-03-18 10:54:00,BOS,long,5002.7,4999.7,4999.7,5007.5,False,,4999.7,SL,-3.0,-29.8,1
2026-03-18 12:55:00,2026-03-18 13:04:00,2026-03-18 13:05:00,MSS,long,4987.8,4986.1,4987.8,4990.5,True,2026-03-18 13:05:00,4990.5,TP,2.7,27.19,1
2026-03-18 13:20:00,2026-03-18 13:32:00,2026-03-18 13:34:00,BOS,long,4991.7,4988.8,4991.7,4996.3,True,2026-03-18 13:33:00,4996.3,TP,4.6,46.35,2
2026-03-18 14:30:00,2026-03-18 14:53:00,2026-03-18 14:57:00,BOS,long,5013.2,5010.5,5013.2,5017.5,True,2026-03-18 14:53:00,5013.0,BE,-0.2,-1.74,4
2026-03-18 14:55:00,2026-03-18 15:03:00,2026-03-18 15:04:00,MSS,short,5016.4,5018.7,5016.4,5012.6,True,2026-03-18 15:03:00,5016.4,BE,0.0,0.0,1
2026-03-18 16:20:00,2026-03-18 16:33:00,2026-03-18 16:45:00,BOS,short,4995.0,4999.7,4995.0,4987.5,True,2026-03-18 16:36:00,4987.5,TP,7.5,75.4,12
2026-03-18 17:45:00,2026-03-18 17:50:00,2026-03-18 17:54:00,MSS,short,4998.3,4999.9,4998.3,4995.7,True,2026-03-18 17:52:00,4998.3,BE,0.0,0.0,4
2026-03-18 18:25:00,2026-03-18 18:30:00,2026-03-18 18:33:00,BOS,short,4991.8,4995.8,4991.8,4985.2,True,2026-03-18 18:30:00,4985.2,TP,6.6,65.51,3
2026-03-18 20:45:00,2026-03-18 20:52:00,2026-03-18 20:53:00,BOS,short,4886.9,4893.7,4893.7,4875.9,False,,4893.7,SL,-6.8,-68.0,1
2026-03-18 22:05:00,2026-03-18 22:18:00,2026-03-18 22:26:00,BOS,long,4877.1,4863.8,4863.8,4898.7,False,,4863.8,SL,-13.3,-133.32,8
2026-03-19 01:20:00,2026-03-19 01:30:00,2026-03-19 01:35:00,BOS,long,4893.2,4888.0,4893.2,4901.7,True,2026-03-19 01:33:00,4901.7,TP,8.5,84.67,5
2026-03-19 01:35:00,2026-03-19 01:42:00,2026-03-19 01:48:00,BOS,long,4896.4,4891.7,4896.4,4904.0,True,2026-03-19 01:43:00,4896.4,BE,0.0,0.0,6
2026-03-19 02:30:00,2026-03-19 02:36:00,2026-03-19 02:46:00,BOS,short,4887.6,4894.4,4887.6,4876.6,True,2026-03-19 02:37:00,4876.6,TP,11.0,110.0,10
2026-03-19 03:15:00,2026-03-19 03:21:00,2026-03-19 03:23:00,MSS,long,4859.1,4853.0,4853.0,4868.9,False,,4853.0,SL,-6.1,-60.74,2
2026-03-19 03:20:00,2026-03-19 03:34:00,2026-03-19 03:47:00,MSS,short,4860.9,4868.9,4860.9,4848.0,True,2026-03-19 03:40:00,4848.0,TP,12.9,129.16,13
2026-03-19 04:25:00,2026-03-19 04:41:00,2026-03-19 04:43:00,BOS,short,4824.0,4831.7,4824.0,4811.6,True,2026-03-19 04:42:00,4824.0,BE,0.0,0.0,2
2026-03-19 07:25:00,2026-03-19 07:45:00,2026-03-19 07:50:00,BOS,long,4835.3,4830.3,4835.3,4843.3,True,2026-03-19 07:46:00,4835.3,BE,0.0,0.0,5
2026-03-19 08:00:00,2026-03-19 08:11:00,2026-03-19 08:27:00,BOS,long,4838.6,4832.2,4838.6,4849.0,True,2026-03-19 08:11:00,4838.6,BE,0.0,0.0,16
2026-03-19 09:10:00,2026-03-19 09:30:00,2026-03-19 09:33:00,MSS,short,4847.6,4854.9,4847.6,4835.9,True,2026-03-19 09:31:00,4847.6,BE,0.0,0.0,3
2026-03-19 09:55:00,2026-03-19 10:36:00,2026-03-19 10:42:00,MSS,short,4861.7,4868.5,4861.7,4850.7,True,2026-03-19 10:37:00,4861.7,BE,0.0,0.0,6
2026-03-19 10:40:00,2026-03-19 10:48:00,2026-03-19 10:50:00,MSS,long,4858.1,4854.9,4858.1,4863.3,True,2026-03-19 10:48:00,4858.1,BE,0.0,0.0,2
2026-03-19 11:05:00,2026-03-19 11:25:00,2026-03-19 11:30:00,BOS,long,4858.7,4854.7,4858.7,4865.2,True,2026-03-19 11:26:00,4858.7,BE,0.0,0.0,5
2026-03-19 12:45:00,2026-03-19 12:54:00,2026-03-19 12:56:00,BOS,short,4851.3,4854.2,4851.3,4846.5,True,2026-03-19 12:55:00,4851.3,BE,0.0,0.0,2
2026-03-19 13:00:00,2026-03-19 13:11:00,2026-03-19 13:15:00,MSS,long,4849.6,4846.5,4849.6,4854.7,True,2026-03-19 13:13:00,4854.7,TP,5.1,50.68,4
2026-03-19 13:55:00,2026-03-19 14:01:00,2026-03-19 14:01:00,BOS,short,4836.7,4841.8,4841.8,4828.4,False,,4841.8,SL,-5.1,-51.19,0
2026-03-19 16:40:00,2026-03-19 16:48:00,2026-03-19 16:53:00,BOS,short,4719.1,4738.5,4719.1,4687.8,True,2026-03-19 16:49:00,4719.1,BE,0.0,0.0,5
2026-03-19 17:10:00,2026-03-19 17:17:00,2026-03-19 17:23:00,BOS,short,4710.7,4723.4,4723.4,4690.1,False,,4723.4,SL,-12.7,-127.21,6
2026-03-19 17:55:00,2026-03-19 18:03:00,2026-03-19 18:04:00,BOS,short,4711.4,4719.6,4711.4,4698.2,True,2026-03-19 18:03:00,4711.4,BE,0.0,0.0,1
2026-03-19 21:30:00,2026-03-19 21:35:00,2026-03-19 21:37:00,MSS,long,4567.1,4555.6,4555.6,4585.7,False,,4555.6,SL,-11.5,-114.98,2
2026-03-19 22:50:00,2026-03-19 22:56:00,2026-03-19 22:59:00,BOS,long,4614.4,4604.5,4604.5,4630.4,False,,4604.5,SL,-9.9,-98.94,3
2026-03-19 22:55:00,2026-03-19 23:05:00,2026-03-19 23:05:00,MSS,short,4618.8,4630.4,4630.4,4600.0,False,,4630.4,SL,-11.6,-116.13,0
2026-03-19 23:15:00,2026-03-20 00:08:00,2026-03-20 00:11:00,BOS,short,4628.1,4641.8,4628.1,4605.9,True,2026-03-20 00:08:00,4605.9,TP,22.2,221.86,3
2026-03-20 01:05:00,2026-03-20 01:18:00,2026-03-20 01:19:00,BOS,short,4590.2,4597.4,4597.4,4578.6,False,,4597.4,SL,-7.2,-71.82,1
2026-03-20 01:50:00,2026-03-20 02:02:00,2026-03-20 02:11:00,BOS,long,4614.6,4602.8,4614.6,4633.6,True,2026-03-20 02:10:00,4614.6,BE,0.0,0.0,9
2026-03-20 02:30:00,2026-03-20 02:44:00,2026-03-20 02:45:00,MSS,short,4612.6,4617.9,4612.6,4604.1,True,2026-03-20 02:45:00,4612.6,BE,0.0,0.0,1
2026-03-20 04:20:00,2026-03-20 04:32:00,2026-03-20 04:36:00,BOS,long,4657.5,4653.3,4657.5,4664.4,True,2026-03-20 04:33:00,4657.5,BE,0.0,0.0,4
2026-03-20 04:55:00,2026-03-20 06:00:00,2026-03-20 06:03:00,MSS,short,4659.5,4664.7,4659.5,4651.0,True,2026-03-20 06:02:00,4659.5,BE,0.0,0.0,3
2026-03-20 06:05:00,2026-03-20 06:34:00,2026-03-20 06:40:00,MSS,long,4657.9,4651.0,4657.9,4669.0,True,2026-03-20 06:38:00,4657.9,BE,0.0,0.0,6
2026-03-20 07:30:00,2026-03-20 07:48:00,2026-03-20 07:51:00,BOS,short,4645.7,4649.3,4645.7,4640.0,True,2026-03-20 07:50:00,4645.7,BE,0.0,0.0,3
2026-03-20 08:00:00,2026-03-20 08:23:00,2026-03-20 08:25:00,MSS,long,4648.0,4643.5,4648.0,4655.4,True,2026-03-20 08:24:00,4648.0,BE,0.0,0.0,2
2026-03-20 09:00:00,2026-03-20 09:12:00,2026-03-20 09:14:00,BOS,long,4656.7,4648.0,4656.7,4670.7,True,2026-03-20 09:13:00,4656.7,BE,0.0,0.0,2
2026-03-20 12:05:00,2026-03-20 12:27:00,2026-03-20 12:30:00,BOS,short,4724.6,4728.7,4724.6,4718.0,True,2026-03-20 12:28:00,4724.6,BE,0.0,0.0,3
2026-03-20 12:45:00,2026-03-20 12:53:00,2026-03-20 13:02:00,MSS,short,4722.6,4727.0,4722.6,4715.4,True,2026-03-20 12:56:00,4715.4,TP,7.2,71.69,9
2026-03-20 13:00:00,2026-03-20 13:14:00,2026-03-20 13:16:00,BOS,short,4718.4,4723.0,4723.0,4711.0,False,,4723.0,SL,-4.6,-45.84,2
2026-03-20 13:30:00,2026-03-20 13:40:00,2026-03-20 13:47:00,BOS,short,4715.9,4724.2,4715.9,4702.5,True,2026-03-20 13:41:00,4702.5,TP,13.4,134.11,7
2026-03-20 14:35:00,2026-03-20 15:22:00,2026-03-20 15:23:00,BOS,short,4686.0,4697.0,4686.0,4668.3,True,2026-03-20 15:23:00,4686.0,BE,0.0,0.0,1
2026-03-20 18:00:00,2026-03-20 18:06:00,2026-03-20 18:10:00,BOS,short,4668.4,4678.4,4668.4,4652.3,True,2026-03-20 18:07:00,4652.3,TP,16.1,161.3,4
2026-03-20 18:35:00,2026-03-20 18:43:00,2026-03-20 18:45:00,MSS,long,4657.6,4649.7,4657.6,4670.4,True,2026-03-20 18:44:00,4657.6,BE,0.0,0.0,2
2026-03-20 18:55:00,2026-03-20 19:03:00,2026-03-20 19:05:00,MSS,short,4658.4,4670.4,4658.4,4639.1,True,2026-03-20 19:04:00,4658.4,BE,0.0,0.0,2
2026-03-20 21:30:00,2026-03-20 21:36:00,2026-03-20 21:42:00,BOS,short,4659.8,4670.8,4659.8,4642.0,True,2026-03-20 21:37:00,4659.8,BE,0.0,0.0,6
2026-03-20 22:45:00,2026-03-20 23:02:00,2026-03-20 23:05:00,BOS,short,4577.4,4586.0,4577.4,4563.6,True,2026-03-20 23:02:00,4577.4,BE,0.0,0.0,3
2026-03-21 01:00:00,2026-03-21 01:05:00,2026-03-21 01:07:00,BOS,long,4578.2,4568.3,4578.2,4594.3,True,2026-03-21 01:06:00,4594.3,TP,16.1,160.68,2
2026-03-21 03:40:00,2026-03-21 03:56:00,2026-03-21 03:58:00,MSS,long,4503.3,4493.9,4503.3,4518.6,True,2026-03-21 03:57:00,4503.3,BE,0.0,0.0,2
2026-03-21 04:15:00,2026-03-21 04:29:00,2026-03-21 04:31:00,BOS,long,4503.2,4495.5,4503.2,4515.6,True,2026-03-21 04:30:00,4503.2,BE,0.0,0.0,2
2026-03-23 07:30:00,2026-03-23 07:45:00,2026-03-23 07:48:00,MSS,short,4492.7,4500.3,4492.7,4480.4,True,2026-03-23 07:46:00,4480.4,TP,12.3,122.98,3
2026-03-23 09:35:00,2026-03-23 09:43:00,2026-03-23 09:46:00,BOS,long,4432.9,4421.7,4432.9,4450.9,True,2026-03-23 09:44:00,4432.9,BE,0.0,0.0,3
2026-03-23 11:35:00,2026-03-23 11:51:00,2026-03-23 12:00:00,BOS,short,4359.3,4367.1,4359.3,4346.6,True,2026-03-23 11:52:00,4359.3,BE,0.0,0.0,9
2026-03-23 12:35:00,2026-03-23 12:48:00,2026-03-23 12:49:00,BOS,long,4371.1,4362.5,4371.1,4385.0,True,2026-03-23 12:49:00,4371.1,BE,0.0,0.0,1
2026-03-23 12:50:00,2026-03-23 13:00:00,2026-03-23 13:19:00,MSS,short,4372.8,4385.0,4372.8,4353.0,True,2026-03-23 13:18:00,4372.8,BE,0.0,0.0,19
2026-03-23 15:05:00,2026-03-23 15:38:00,2026-03-23 15:41:00,BOS,short,4196.3,4235.3,4196.3,4133.1,True,2026-03-23 15:39:00,4196.3,BE,0.0,0.0,3
2026-03-23 16:30:00,2026-03-23 16:50:00,2026-03-23 16:54:00,BOS,long,4232.6,4212.2,4232.6,4265.5,True,2026-03-23 16:51:00,4232.6,BE,0.0,0.0,4
2026-03-23 17:15:00,2026-03-23 17:39:00,2026-03-23 18:03:00,BOS,long,4247.7,4219.7,4247.7,4293.1,True,2026-03-23 17:59:00,4247.7,BE,0.0,0.0,24
2026-03-23 19:55:00,2026-03-23 20:19:00,2026-03-23 20:25:00,MSS,short,4398.2,4419.8,4398.2,4363.2,True,2026-03-23 20:24:00,4398.2,BE,0.0,0.0,6
2026-03-23 21:15:00,2026-03-23 21:41:00,2026-03-23 21:42:00,MSS,short,4448.2,4462.5,4448.2,4425.1,True,2026-03-23 21:42:00,4448.2,BE,0.0,0.0,1
2026-03-23 22:15:00,2026-03-23 22:45:00,2026-03-23 22:50:00,BOS,long,4471.8,4455.3,4471.8,4498.6,True,2026-03-23 22:46:00,4471.8,BE,0.0,0.0,5
2026-03-24 01:30:00,2026-03-24 01:49:00,2026-03-24 02:07:00,BOS,long,4407.1,4390.6,4407.1,4433.7,True,2026-03-24 01:50:00,4407.1,BE,0.0,0.0,18
2026-03-24 02:05:00,2026-03-24 02:10:00,2026-03-24 02:19:00,MSS,short,4420.9,4432.0,4420.9,4403.0,True,2026-03-24 02:16:00,4420.9,BE,0.0,0.0,9
2026-03-24 02:30:00,2026-03-24 03:11:00,2026-03-24 03:13:00,MSS,long,4425.0,4411.3,4411.3,4447.2,False,,4411.3,SL,-13.7,-137.14,2
2026-03-24 03:40:00,2026-03-24 03:57:00,2026-03-24 03:58:00,MSS,long,4403.5,4393.9,4403.5,4419.1,True,2026-03-24 03:57:00,4403.5,BE,0.0,0.0,1
2026-03-24 04:40:00,2026-03-24 06:03:00,2026-03-24 06:04:00,MSS,long,4404.5,4398.5,4404.5,4414.2,True,2026-03-24 06:03:00,4404.5,BE,0.0,0.0,1
2026-03-24 06:00:00,2026-03-24 06:13:00,2026-03-24 06:19:00,MSS,short,4403.7,4416.5,4403.7,4383.0,True,2026-03-24 06:15:00,4403.7,BE,0.0,0.0,6
2026-03-24 07:35:00,2026-03-24 07:48:00,2026-03-24 07:50:00,MSS,short,4442.4,4450.7,4442.4,4429.1,True,2026-03-24 07:49:00,4442.4,BE,0.0,0.0,2
2026-03-24 09:40:00,2026-03-24 10:29:00,2026-03-24 10:30:00,BOS,short,4351.9,4370.3,4351.9,4322.2,True,2026-03-24 10:30:00,4351.9,BE,0.0,0.0,1
2026-03-24 12:15:00,2026-03-24 12:41:00,2026-03-24 12:47:00,BOS,short,4347.3,4357.8,4347.3,4330.2,True,2026-03-24 12:43:00,4347.3,BE,0.0,0.0,6
2026-03-24 12:50:00,2026-03-24 12:57:00,2026-03-24 13:01:00,MSS,long,4335.5,4326.8,4335.5,4349.5,True,2026-03-24 13:00:00,4335.5,BE,0.0,0.0,4
2026-03-24 13:05:00,2026-03-24 13:12:00,2026-03-24 13:35:00,MSS,short,4338.6,4350.2,4338.6,4319.9,True,2026-03-24 13:28:00,4338.6,BE,0.0,0.0,23
2026-03-24 14:40:00,2026-03-24 14:54:00,2026-03-24 14:56:00,MSS,short,4390.8,4399.6,4399.6,4376.5,False,,4399.6,SL,-8.8,-88.24,2
2026-03-24 16:20:00,2026-03-24 16:53:00,2026-03-24 16:54:00,MSS,short,4413.0,4423.5,4413.0,4395.9,True,2026-03-24 16:53:00,4413.0,BE,0.0,0.0,1
2026-03-24 17:55:00,2026-03-24 18:02:00,2026-03-24 18:05:00,BOS,long,4420.7,4413.5,4420.7,4432.4,True,2026-03-24 18:04:00,4420.7,BE,0.0,0.0,3
2026-03-24 18:50:00,2026-03-24 19:01:00,2026-03-24 19:01:00,BOS,long,4424.9,4419.6,4419.6,4433.6,False,,4419.6,SL,-5.3,-53.48,0
2026-03-24 19:00:00,2026-03-24 19:07:00,2026-03-24 19:12:00,MSS,short,4416.5,4442.9,4416.5,4373.7,True,2026-03-24 19:11:00,4416.5,BE,0.0,0.0,5
2026-03-24 19:30:00,2026-03-24 19:51:00,2026-03-24 19:52:00,MSS,long,4416.1,4408.4,4408.4,4428.6,False,,4408.4,SL,-7.7,-77.16,1
2026-03-24 19:50:00,2026-03-24 20:00:00,2026-03-24 20:10:00,MSS,short,4414.0,4428.4,4414.0,4390.6,True,2026-03-24 20:01:00,4414.0,BE,0.0,0.0,10
2026-03-24 21:25:00,2026-03-24 21:53:00,2026-03-24 21:56:00,BOS,short,4373.9,4385.0,4373.9,4356.0,True,2026-03-24 21:54:00,4373.9,BE,0.0,0.0,3
2026-03-24 22:50:00,2026-03-24 22:55:00,2026-03-24 22:58:00,BOS,long,4415.3,4403.3,4415.3,4434.7,True,2026-03-24 22:55:00,4415.3,BE,0.0,0.0,3
2026-03-24 23:05:00,2026-03-24 23:14:00,2026-03-24 23:15:00,MSS,short,4413.9,4421.6,4413.9,4401.5,True,2026-03-24 23:15:00,4413.9,BE,0.0,0.0,1
2026-03-24 23:35:00,2026-03-24 23:55:00,2026-03-24 23:56:00,MSS,long,4417.5,4410.5,4410.5,4428.7,False,,4410.5,SL,-7.0,-69.52,1
2026-03-25 00:00:00,2026-03-25 00:18:00,2026-03-25 00:43:00,MSS,short,4421.7,4431.7,4421.7,4405.4,True,2026-03-25 00:31:00,4421.7,BE,0.0,0.0,25
2026-03-25 02:55:00,2026-03-25 03:01:00,2026-03-25 03:09:00,MSS,short,4396.2,4403.6,4403.6,4384.3,False,,4403.6,SL,-7.4,-73.73,8
2026-03-25 03:35:00,2026-03-25 04:19:00,2026-03-25 04:20:00,MSS,short,4406.3,4412.0,4412.0,4397.1,False,,4412.0,SL,-5.7,-56.92,1
2026-03-25 06:25:00,2026-03-25 06:47:00,2026-03-25 06:57:00,MSS,short,4481.1,4487.9,4481.1,4470.2,True,2026-03-25 06:48:00,4481.1,BE,0.0,0.0,10
2026-03-25 09:45:00,2026-03-25 10:00:00,2026-03-25 10:05:00,BOS,long,4587.6,4582.4,4587.6,4595.9,True,2026-03-25 10:01:00,4587.6,BE,0.0,0.0,5
2026-03-25 10:05:00,2026-03-25 10:37:00,2026-03-25 10:42:00,MSS,short,4592.0,4600.3,4592.0,4578.7,True,2026-03-25 10:39:00,4592.0,BE,0.0,0.0,5
2026-03-25 10:40:00,2026-03-25 10:53:00,2026-03-25 10:59:00,MSS,long,4585.9,4579.9,4579.9,4595.6,False,,4579.9,SL,-6.0,-59.97,6
2026-03-25 11:40:00,2026-03-25 12:05:00,2026-03-25 12:07:00,BOS,short,4573.2,4576.4,4573.2,4568.0,True,2026-03-25 12:05:00,4568.0,TP,5.2,51.91,2
2026-03-25 14:05:00,2026-03-25 14:33:00,2026-03-25 15:14:00,BOS,short,4555.5,4566.2,4555.5,4538.3,True,2026-03-25 14:34:00,4555.5,BE,0.0,0.0,41
2026-03-25 15:10:00,2026-03-25 15:35:00,2026-03-25 15:37:00,MSS,long,4547.8,4541.7,4541.7,4557.6,False,,4541.7,SL,-6.1,-60.74,2
2026-03-25 15:35:00,2026-03-25 16:08:00,2026-03-25 16:10:00,MSS,short,4554.2,4562.1,4554.2,4541.4,True,2026-03-25 16:09:00,4554.2,BE,0.0,0.0,2
2026-03-25 17:40:00,2026-03-25 18:01:00,2026-03-25 18:05:00,MSS,short,4558.3,4565.0,4558.3,4547.5,True,2026-03-25 18:04:00,4558.3,BE,0.0,0.0,4
2026-03-25 18:40:00,2026-03-25 18:47:00,2026-03-25 18:49:00,BOS,short,4554.5,4557.3,4554.5,4550.0,True,2026-03-25 18:48:00,4554.5,BE,0.0,0.0,2
2026-03-25 19:20:00,2026-03-25 20:16:00,2026-03-25 20:20:00,BOS,long,4568.5,4560.5,4560.5,4581.4,False,,4560.5,SL,-8.0,-79.84,4
2026-03-25 21:00:00,2026-03-25 21:50:00,2026-03-25 21:58:00,MSS,long,4547.9,4534.4,4547.9,4569.8,True,2026-03-25 21:57:00,4547.9,BE,0.0,0.0,8
2026-03-25 22:25:00,2026-03-25 23:09:00,2026-03-25 23:11:00,BOS,long,4550.9,4544.4,4550.9,4561.4,True,2026-03-25 23:10:00,4550.9,BE,0.0,0.0,2
2026-03-25 23:15:00,2026-03-25 23:23:00,2026-03-26 00:25:00,MSS,short,4556.7,4577.8,4556.7,4522.5,True,2026-03-26 00:15:00,4556.7,BE,0.0,0.0,62
2026-03-26 01:05:00,2026-03-26 01:13:00,2026-03-26 01:17:00,BOS,short,4552.2,4557.5,4552.2,4543.7,True,2026-03-26 01:14:00,4543.7,TP,8.5,85.28,4
2026-03-26 01:30:00,2026-03-26 01:53:00,2026-03-26 01:59:00,MSS,long,4548.6,4540.5,4548.6,4561.6,True,2026-03-26 01:58:00,4548.6,BE,0.0,0.0,6
2026-03-26 03:40:00,2026-03-26 03:49:00,2026-03-26 03:57:00,MSS,long,4511.7,4503.6,4511.7,4524.9,True,2026-03-26 03:50:00,4524.9,TP,13.2,131.63,8
2026-03-26 06:00:00,2026-03-26 06:08:00,2026-03-26 06:09:00,MSS,long,4507.9,4499.2,4507.9,4521.9,True,2026-03-26 06:09:00,4507.9,BE,0.0,0.0,1
2026-03-26 06:30:00,2026-03-26 07:02:00,2026-03-26 07:02:00,BOS,long,4507.6,4501.7,4501.7,4517.1,False,,4501.7,SL,-5.9,-58.83,0
2026-03-26 07:35:00,2026-03-26 08:00:00,2026-03-26 08:02:00,BOS,short,4499.9,4508.3,4508.3,4486.3,False,,4508.3,SL,-8.4,-84.04,2
2026-03-26 08:45:00,2026-03-26 08:54:00,2026-03-26 09:00:00,BOS,long,4526.5,4521.5,4526.5,4534.7,True,2026-03-26 08:55:00,4534.7,TP,8.2,81.58,6
2026-03-26 09:45:00,2026-03-26 09:52:00,2026-03-26 09:55:00,MSS,short,4527.8,4533.0,4527.8,4519.4,True,2026-03-26 09:54:00,4527.8,BE,0.0,0.0,3
2026-03-26 12:25:00,2026-03-26 12:37:00,2026-03-26 12:43:00,BOS,long,4514.9,4512.5,4514.9,4518.8,True,2026-03-26 12:42:00,4514.9,BE,0.0,0.0,6
2026-03-26 18:35:00,2026-03-26 18:50:00,2026-03-26 18:54:00,MSS,short,4438.1,4445.4,4438.1,4426.3,True,2026-03-26 18:53:00,4438.1,BE,0.0,0.0,4
2026-03-26 19:00:00,2026-03-26 19:47:00,2026-03-26 19:48:00,MSS,long,4429.7,4419.9,4429.7,4445.6,True,2026-03-26 19:47:00,4429.7,BE,0.0,0.0,1
2026-03-26 20:35:00,2026-03-26 20:44:00,2026-03-26 20:48:00,BOS,long,4434.4,4429.4,4434.4,4442.4,True,2026-03-26 20:45:00,4434.4,BE,0.0,0.0,4
2026-03-26 20:55:00,2026-03-26 21:04:00,2026-03-26 21:07:00,MSS,short,4436.0,4442.6,4436.0,4425.4,True,2026-03-26 21:06:00,4436.0,BE,0.0,0.0,3
2026-03-26 21:20:00,2026-03-26 21:31:00,2026-03-26 21:33:00,MSS,long,4439.2,4431.7,4439.2,4451.3,True,2026-03-26 21:32:00,4439.2,BE,0.0,0.0,2
2026-03-26 21:35:00,2026-03-26 21:44:00,2026-03-26 21:45:00,MSS,short,4443.5,4451.3,4451.3,4430.9,False,,4451.3,SL,-7.8,-77.93,1
2026-03-26 22:30:00,2026-03-26 22:42:00,2026-03-26 22:43:00,MSS,long,4457.6,4448.0,4457.6,4473.1,True,2026-03-26 22:43:00,4457.6,BE,0.0,0.0,1
2026-03-26 22:50:00,2026-03-26 23:00:00,2026-03-26 23:30:00,MSS,short,4464.9,4477.0,4464.9,4445.3,True,2026-03-26 23:01:00,4445.3,TP,19.6,195.91,30
2026-03-27 01:05:00,2026-03-27 01:11:00,2026-03-27 01:16:00,MSS,long,4387.5,4380.7,4387.5,4398.5,True,2026-03-27 01:11:00,4387.5,BE,0.0,0.0,5
2026-03-27 01:25:00,2026-03-27 01:38:00,2026-03-27 01:47:00,MSS,short,4385.3,4393.1,4385.3,4372.6,True,2026-03-27 01:40:00,4385.3,BE,0.0,0.0,9
2026-03-27 02:20:00,2026-03-27 02:34:00,2026-03-27 02:40:00,BOS,short,4378.6,4387.7,4387.7,4364.0,False,,4387.7,SL,-9.1,-90.53,6
2026-03-27 03:25:00,2026-03-27 03:36:00,2026-03-27 03:45:00,BOS,short,4383.2,4388.6,4383.2,4374.4,True,2026-03-27 03:39:00,4374.4,TP,8.8,87.76,9
2026-03-27 03:50:00,2026-03-27 04:11:00,2026-03-27 04:12:00,BOS,short,4375.3,4384.8,4375.3,4360.0,True,2026-03-27 04:12:00,4375.3,BE,0.0,0.0,1
2026-03-27 04:35:00,2026-03-27 04:52:00,2026-03-27 06:01:00,BOS,long,4374.6,4348.4,4374.6,4416.9,True,2026-03-27 06:00:00,4374.1,BE,-0.5,-4.67,9
2026-03-27 06:35:00,2026-03-27 06:46:00,2026-03-27 06:50:00,BOS,long,4394.9,4389.0,4394.9,4404.5,True,2026-03-27 06:46:00,4404.5,TP,9.6,95.79,4
2026-03-27 07:00:00,2026-03-27 08:00:00,2026-03-27 08:01:00,MSS,short,4402.9,4407.3,4402.9,4395.8,True,2026-03-27 08:01:00,4402.9,BE,0.0,0.0,1
2026-03-27 08:00:00,2026-03-27 08:16:00,2026-03-27 08:19:00,MSS,long,4396.3,4390.3,4390.3,4406.0,False,,4390.3,SL,-6.0,-59.97,3
2026-03-27 08:20:00,2026-03-27 09:24:00,2026-03-27 09:31:00,MSS,short,4395.0,4406.0,4406.0,4377.1,False,,4406.0,SL,-11.0,-110.4,7
2026-03-27 11:00:00,2026-03-27 11:29:00,2026-03-27 11:37:00,MSS,short,4429.4,4435.4,4429.4,4419.6,True,2026-03-27 11:31:00,4430.0,BE,-0.6,-6.36,8
2026-03-27 14:35:00,2026-03-27 14:46:00,2026-03-27 14:47:00,BOS,long,4458.0,4455.1,4455.1,4462.8,False,,4455.1,SL,-2.9,-29.41,1
2026-03-27 15:25:00,2026-03-27 15:36:00,2026-03-27 15:41:00,BOS,short,4448.9,4451.6,4448.9,4444.5,True,2026-03-27 15:37:00,4444.5,TP,4.4,43.88,5
2026-03-27 15:40:00,2026-03-27 15:47:00,2026-03-27 15:49:00,BOS,short,4446.6,4450.3,4446.6,4440.7,True,2026-03-27 15:48:00,4446.6,BE,0.0,0.0,2
2026-03-27 15:50:00,2026-03-27 16:01:00,2026-03-27 16:06:00,BOS,short,4443.5,4447.4,4443.5,4437.3,True,2026-03-27 16:02:00,4443.5,BE,0.0,0.0,5
2026-03-27 16:55:00,2026-03-27 17:19:00,2026-03-27 17:26:00,BOS,short,4429.1,4435.1,4429.1,4419.3,True,2026-03-27 17:20:00,4429.1,BE,0.0,0.0,7
2026-03-27 18:00:00,2026-03-27 18:06:00,2026-03-27 18:10:00,BOS,short,4425.7,4428.3,4425.7,4421.6,True,2026-03-27 18:09:00,4421.6,TP,4.1,41.41,4
2026-03-27 19:00:00,2026-03-27 19:15:00,2026-03-27 19:19:00,BOS,short,4410.0,4413.9,4410.0,4403.6,True,2026-03-27 19:17:00,4403.6,TP,6.4,63.65,4
2026-03-27 19:50:00,2026-03-27 19:57:00,2026-03-27 20:06:00,BOS,long,4413.0,4408.4,4413.0,4420.4,True,2026-03-27 19:59:00,4413.0,BE,0.0,0.0,9
2026-03-27 20:05:00,2026-03-27 20:11:00,2026-03-27 20:13:00,MSS,short,4415.8,4420.8,4420.8,4407.6,False,,4420.8,SL,-5.0,-50.42,2
2026-03-27 20:15:00,2026-03-27 20:20:00,2026-03-27 20:38:00,MSS,long,4415.7,4407.6,4415.7,4428.8,True,2026-03-27 20:25:00,4428.8,TP,13.1,131.02,18
2026-03-27 21:00:00,2026-03-27 21:19:00,2026-03-27 21:23:00,MSS,short,4434.1,4439.3,4434.1,4425.6,True,2026-03-27 21:21:00,4425.6,TP,8.5,84.67,4
2026-03-27 21:25:00,2026-03-27 21:45:00,2026-03-27 21:48:00,BOS,short,4427.5,4436.4,4436.4,4413.0,False,,4436.4,SL,-8.9,-89.39,3
2026-03-27 22:15:00,2026-03-27 22:26:00,2026-03-27 22:27:00,BOS,long,4450.1,4440.4,4450.1,4465.9,True,2026-03-27 22:27:00,4450.1,BE,0.0,0.0,1
2026-03-27 23:55:00,2026-03-28 00:04:00,2026-03-28 00:08:00,MSS,short,4527.9,4533.8,4527.9,4518.4,True,2026-03-28 00:05:00,4527.9,BE,0.0,0.0,4
2026-03-28 03:00:00,2026-03-28 03:19:00,2026-03-28 03:26:00,MSS,short,4518.1,4526.2,4518.1,4505.0,True,2026-03-28 03:25:00,4518.1,BE,0.0,0.0,7
2026-03-28 03:35:00,2026-03-28 03:55:00,2026-03-28 04:05:00,MSS,short,4517.4,4523.2,4517.4,4508.0,True,2026-03-28 03:56:00,4508.0,TP,9.4,93.94,10
2026-03-30 07:05:00,2026-03-30 07:19:00,2026-03-30 07:32:00,BOS,short,4477.4,4487.3,4477.4,4461.4,True,2026-03-30 07:19:00,4461.4,TP,16.0,160.06,12
2026-03-30 08:20:00,2026-03-30 08:54:00,2026-03-30 09:21:00,MSS,long,4431.2,4414.0,4431.2,4459.0,True,2026-03-30 09:00:00,4460.6,TP,29.4,294.1,24
2026-03-30 09:25:00,2026-03-30 09:34:00,2026-03-30 09:34:00,MSS,short,4456.4,4462.4,4462.4,4446.6,False,,4462.4,SL,-6.0,-60.36,0
2026-03-30 10:20:00,2026-03-30 10:25:00,2026-03-30 10:30:00,MSS,short,4468.2,4471.0,4471.0,4463.6,False,,4471.3,SL,-3.1,-31.27,2
2026-03-30 21:20:00,2026-03-30 21:31:00,2026-03-30 21:34:00,MSS,short,4569.5,4575.0,4569.5,4560.5,True,2026-03-30 21:32:00,4560.5,TP,9.0,89.61,3
2026-03-31 00:25:00,2026-03-31 00:40:00,2026-03-31 00:42:00,BOS,short,4541.5,4545.1,4545.1,4535.6,False,,4545.9,SL,-4.4,-44.29,1
2026-03-31 00:40:00,2026-03-31 01:01:00,2026-03-31 01:16:00,MSS,long,4537.0,4531.3,4531.3,4546.2,False,,4520.3,SL,-16.7,-166.92,1
2026-04-07 19:30:00,2026-04-07 22:02:00,2026-04-07 22:06:00,MSS,long,4628.8,4616.5,4616.5,4648.8,False,,4616.5,SL,-12.3,-123.39,1
2026-04-29 08:50:00,2026-04-29 08:57:00,2026-04-29 09:00:00,BOS,short,4615.2,4618.7,4615.2,4609.5,True,2026-04-29 08:59:00,4609.5,TP,5.7,56.86,3
2026-04-29 09:40:00,2026-04-29 09:48:00,2026-04-29 10:01:00,MSS,long,4597.3,4592.4,4597.3,4605.3,True,2026-04-29 10:00:00,4605.3,TP,8.0,79.72,13
2026-04-29 10:35:00,2026-04-29 10:48:00,2026-04-29 10:50:00,MSS,short,4614.0,4616.9,4614.0,4609.2,True,2026-04-29 10:49:00,4614.0,BE,0.0,0.0,2
2026-04-29 10:50:00,2026-04-29 11:05:00,2026-04-29 11:06:00,BOS,short,4611.5,4614.8,4611.5,4606.2,True,2026-04-29 11:06:00,4611.5,BE,0.0,0.0,1
2026-04-29 11:10:00,2026-04-29 11:33:00,2026-04-29 11:37:00,MSS,long,4609.6,4605.4,4609.6,4616.4,True,2026-04-29 11:35:00,4609.6,BE,0.0,0.0,4
2026-04-29 13:30:00,2026-04-29 13:51:00,2026-04-29 13:56:00,BOS,short,4616.3,4621.3,4616.3,4608.2,True,2026-04-29 13:52:00,4608.2,TP,8.1,80.96,5
2026-04-29 13:55:00,2026-04-29 14:01:00,2026-04-29 14:05:00,BOS,short,4612.0,4616.9,4612.0,4604.2,True,2026-04-29 14:02:00,4612.0,BE,0.0,0.0,4
2026-04-29 15:00:00,2026-04-29 15:06:00,2026-04-29 15:07:00,MSS,long,4598.1,4594.9,4598.1,4603.3,True,2026-04-29 15:07:00,4598.1,BE,0.0,0.0,1
2026-04-29 16:10:00,2026-04-29 16:19:00,2026-04-29 16:25:00,BOS,short,4583.3,4586.8,4583.3,4577.6,True,2026-04-29 16:23:00,4583.3,BE,0.0,0.0,6
2026-04-29 16:30:00,2026-04-29 16:44:00,2026-04-29 16:46:00,BOS,short,4581.2,4584.9,4584.9,4575.1,False,,4584.9,SL,-3.7,-37.44,2
2026-04-29 17:15:00,2026-04-29 17:22:00,2026-04-29 17:25:00,BOS,long,4588.0,4584.5,4584.5,4593.6,False,,4584.5,SL,-3.5,-34.76,3
2026-04-29 17:40:00,2026-04-29 18:09:00,2026-04-29 18:12:00,BOS,short,4578.6,4582.8,4578.6,4571.9,True,2026-04-29 18:11:00,4578.6,BE,0.0,0.0,3
2026-04-29 18:15:00,2026-04-29 19:53:00,2026-04-29 20:26:00,MSS,long,4572.7,4564.1,4572.7,4586.5,True,2026-04-29 19:58:00,4572.7,BE,0.0,0.0,33
2026-04-29 22:30:00,2026-04-29 22:46:00,2026-04-29 22:49:00,BOS,long,4547.6,4543.2,4547.6,4554.7,True,2026-04-29 22:49:00,4547.6,BE,0.0,0.0,3
2026-04-29 23:35:00,2026-04-29 23:53:00,2026-04-29 23:55:00,BOS,long,4557.7,4552.7,4557.7,4565.8,True,2026-04-29 23:54:00,4557.7,BE,0.0,0.0,2
2026-04-30 00:00:00,2026-04-30 00:34:00,2026-04-30 00:36:00,BOS,long,4563.5,4554.8,4563.5,4577.5,True,2026-04-30 00:36:00,4563.5,BE,0.0,0.0,2
2026-04-30 01:20:00,2026-04-30 01:25:00,2026-04-30 01:28:00,MSS,long,4564.4,4561.8,4564.4,4568.5,True,2026-04-30 01:26:00,4564.4,BE,0.0,0.0,3
2026-04-30 01:25:00,2026-04-30 02:01:00,2026-04-30 02:02:00,MSS,short,4565.1,4568.5,4565.1,4559.7,True,2026-04-30 02:01:00,4559.7,TP,5.4,54.38,1
2026-04-30 02:00:00,2026-04-30 02:05:00,2026-04-30 02:09:00,BOS,short,4555.7,4561.8,4555.7,4545.9,True,2026-04-30 02:06:00,4545.9,TP,9.8,98.26,4
2026-04-30 02:30:00,2026-04-30 02:36:00,2026-04-30 02:36:00,BOS,short,4546.6,4554.0,4554.0,4534.5,False,,4554.0,SL,-7.4,-74.49,0
2026-04-30 03:10:00,2026-04-30 03:33:00,2026-04-30 03:41:00,MSS,long,4553.5,4547.3,4553.5,4563.4,True,2026-04-30 03:38:00,4553.5,BE,0.0,0.0,8
2026-04-30 04:05:00,2026-04-30 04:13:00,2026-04-30 04:16:00,BOS,long,4560.7,4556.5,4556.5,4567.5,False,,4556.5,SL,-4.2,-42.02,3
2026-04-30 04:45:00,2026-04-30 06:00:00,2026-04-30 06:00:00,MSS,short,4558.6,4560.5,4558.6,4555.5,True,2026-04-30 06:00:00,4555.5,TP,3.1,30.9,0
2026-04-30 06:00:00,2026-04-30 06:06:00,2026-04-30 06:09:00,BOS,short,4555.4,4558.1,4558.1,4551.0,False,,4558.1,SL,-2.7,-27.12,3
2026-04-30 07:00:00,2026-04-30 07:05:00,2026-04-30 07:07:00,BOS,long,4563.3,4561.5,4563.3,4566.1,True,2026-04-30 07:06:00,4563.3,BE,0.0,0.0,2
2026-04-30 08:40:00,2026-04-30 09:10:00,2026-04-30 09:12:00,BOS,long,4576.2,4574.3,4576.2,4579.2,True,2026-04-30 09:11:00,4579.2,TP,3.0,30.28,2
2026-04-30 09:25:00,2026-04-30 09:36:00,2026-04-30 09:54:00,BOS,long,4583.3,4577.5,4583.3,4592.8,True,2026-04-30 09:37:00,4592.8,TP,9.5,94.55,18
2026-04-30 09:50:00,2026-04-30 10:04:00,2026-04-30 10:08:00,BOS,long,4588.8,4585.4,4588.8,4594.4,True,2026-04-30 10:06:00,4588.8,BE,0.0,0.0,4
2026-04-30 17:05:00,2026-04-30 17:10:00,2026-04-30 17:11:00,BOS,long,4629.0,4627.1,4629.0,4632.2,True,2026-04-30 17:11:00,4629.0,BE,0.0,0.0,1
2026-04-30 17:25:00,2026-04-30 17:41:00,2026-04-30 18:00:00,BOS,long,4631.9,4627.5,4631.9,4639.0,True,2026-04-30 17:47:00,4639.0,TP,7.1,71.07,19
2026-04-30 19:00:00,2026-04-30 19:14:00,2026-04-30 19:16:00,BOS,long,4649.1,4645.3,4649.1,4655.3,True,2026-04-30 19:16:00,4649.1,BE,0.0,0.0,2
2026-04-30 20:00:00,2026-04-30 20:08:00,2026-04-30 20:15:00,MSS,long,4644.3,4641.0,4644.3,4649.7,True,2026-04-30 20:10:00,4649.7,TP,5.4,53.77,7
2026-04-30 20:30:00,2026-04-30 20:37:00,2026-04-30 20:52:00,MSS,short,4644.5,4650.5,4644.5,4634.9,True,2026-04-30 20:40:00,4644.5,BE,0.0,0.0,15
2026-04-30 22:35:00,2026-04-30 22:43:00,2026-04-30 22:45:00,BOS,short,4632.7,4638.9,4632.7,4622.8,True,2026-04-30 22:44:00,4632.7,BE,0.0,0.0,2
2026-04-30 23:00:00,2026-04-30 23:07:00,2026-04-30 23:09:00,BOS,short,4633.3,4636.5,4636.5,4628.1,False,,4636.5,SL,-3.2,-32.09,2
2026-04-30 23:05:00,2026-04-30 23:13:00,2026-04-30 23:16:00,MSS,long,4631.4,4628.1,4631.4,4636.7,True,2026-04-30 23:14:00,4631.4,BE,0.0,0.0,3
2026-05-01 00:15:00,2026-05-01 00:34:00,2026-05-01 00:49:00,BOS,short,4625.4,4630.1,4625.4,4617.8,True,2026-05-01 00:35:00,4625.4,BE,0.0,0.0,15
2026-05-01 00:55:00,2026-05-01 01:01:00,2026-05-01 01:05:00,BOS,short,4626.2,4630.8,4630.8,4618.7,False,,4630.8,SL,-4.6,-46.22,4
2026-05-01 02:00:00,2026-05-01 02:42:00,2026-05-01 02:54:00,MSS,long,4631.7,4628.0,4631.7,4637.7,True,2026-05-01 02:43:00,4637.7,TP,6.0,59.95,12
2026-05-01 03:00:00,2026-05-01 03:20:00,2026-05-01 03:20:00,BOS,long,4634.6,4631.6,4631.6,4639.5,False,,4631.6,SL,-3.0,-30.18,0
2026-05-01 03:25:00,2026-05-01 03:45:00,2026-05-01 03:50:00,MSS,short,4636.5,4640.8,4636.5,4629.5,True,2026-05-01 03:45:00,4629.5,TP,7.0,69.83,5
2026-05-01 06:30:00,2026-05-01 06:39:00,2026-05-01 06:40:00,MSS,short,4642.6,4644.0,4644.0,4640.4,False,,4644.0,SL,-1.4,-13.75,1
2026-05-01 06:40:00,2026-05-01 06:47:00,2026-05-01 07:03:00,MSS,long,4641.4,4639.2,4641.4,4645.0,True,2026-05-01 06:48:00,4641.4,BE,0.0,0.0,16
2026-05-01 07:30:00,2026-05-01 07:45:00,2026-05-01 07:52:00,BOS,long,4643.1,4641.1,4643.1,4646.4,True,2026-05-01 07:46:00,4643.1,BE,0.0,0.0,7
2026-05-01 07:55:00,2026-05-01 08:06:00,2026-05-01 08:08:00,MSS,short,4643.6,4646.8,4643.6,4638.3,True,2026-05-01 08:06:00,4638.3,TP,5.3,52.53,2
2026-05-01 08:10:00,2026-05-01 08:18:00,2026-05-01 08:20:00,BOS,short,4639.5,4643.6,4639.5,4632.8,True,2026-05-01 08:19:00,4639.5,BE,0.0,0.0,2
2026-05-01 09:00:00,2026-05-01 10:02:00,2026-05-01 10:09:00,BOS,short,4634.4,4637.9,4637.9,4628.7,False,,4637.9,SL,-3.5,-35.14,7
2026-05-01 10:35:00,2026-05-01 11:34:00,2026-05-01 11:35:00,MSS,short,4641.6,4643.1,4643.1,4639.3,False,,4643.1,SL,-1.5,-14.52,1
2026-05-01 12:00:00,2026-05-01 12:06:00,2026-05-01 12:07:00,BOS,short,4638.0,4639.8,4638.0,4635.0,True,2026-05-01 12:06:00,4635.0,TP,3.0,29.66,1
2026-05-01 13:00:00,2026-05-01 13:05:00,2026-05-01 13:06:00,BOS,short,4621.5,4623.2,4623.2,4618.7,False,,4623.2,SL,-1.7,-17.19,1
2026-05-01 13:05:00,2026-05-01 13:38:00,2026-05-01 13:40:00,MSS,long,4621.3,4618.7,4621.3,4625.5,True,2026-05-01 13:40:00,4621.3,BE,0.0,0.0,2
2026-05-01 17:00:00,2026-05-01 17:20:00,2026-05-01 17:28:00,BOS,short,4581.0,4584.4,4581.0,4575.4,True,2026-05-01 17:26:00,4581.0,BE,0.0,0.0,8
2026-05-01 17:35:00,2026-05-01 17:46:00,2026-05-01 17:49:00,MSS,long,4580.6,4578.3,4580.6,4584.3,True,2026-05-01 17:48:00,4580.6,BE,0.0,0.0,3
2026-05-01 17:50:00,2026-05-01 18:19:00,2026-05-01 18:30:00,MSS,short,4579.1,4584.3,4584.3,4570.7,False,,4584.3,SL,-5.2,-51.95,11
2026-05-01 18:55:00,2026-05-01 19:17:00,2026-05-01 19:18:00,BOS,short,4580.7,4583.2,4580.7,4576.6,True,2026-05-01 19:18:00,4580.7,BE,0.0,0.0,1
2026-05-01 19:50:00,2026-05-01 20:12:00,2026-05-01 20:12:00,BOS,long,4586.0,4583.9,4586.0,4589.3,True,2026-05-01 20:12:00,4589.3,TP,3.3,33.37,0
2026-05-01 23:00:00,2026-05-01 23:12:00,2026-05-01 23:14:00,MSS,short,4642.9,4647.1,4647.1,4636.2,False,,4647.1,SL,-4.2,-41.64,2
2026-05-01 23:40:00,2026-05-01 23:50:00,2026-05-01 23:50:00,BOS,long,4650.0,4646.4,4646.4,4655.8,False,,4646.4,SL,-3.6,-35.91,0
2026-05-02 00:05:00,2026-05-02 00:15:00,2026-05-02 00:16:00,MSS,short,4655.9,4659.4,4659.4,4650.2,False,,4659.4,SL,-3.5,-35.14,1
2026-05-02 00:15:00,2026-05-02 00:23:00,2026-05-02 00:25:00,MSS,long,4653.9,4649.1,4653.9,4661.6,True,2026-05-02 00:24:00,4653.9,BE,0.0,0.0,2
2026-05-02 01:45:00,2026-05-02 01:53:00,2026-05-02 02:01:00,BOS,short,4647.0,4651.9,4647.0,4639.1,True,2026-05-02 01:53:00,4639.1,TP,7.9,79.1,8
2026-05-02 03:00:00,2026-05-02 03:10:00,2026-05-02 03:12:00,BOS,short,4635.5,4637.9,4637.9,4631.5,False,,4637.9,SL,-2.4,-24.45,2
2026-05-02 04:25:00,2026-05-02 04:37:00,2026-05-02 04:53:00,MSS,long,4624.2,4621.8,4624.2,4628.2,True,2026-05-02 04:43:00,4628.2,TP,4.0,39.55,16
2026-05-04 06:00:00,2026-05-04 06:09:00,2026-05-04 06:53:00,BOS,long,4633.8,4621.9,4633.8,4653.0,True,2026-05-04 06:38:00,4633.8,BE,0.0,0.0,44
2026-05-04 08:00:00,2026-05-04 08:07:00,2026-05-04 08:14:00,MSS,short,4623.7,4628.6,4623.7,4615.8,True,2026-05-04 08:12:00,4623.7,BE,0.0,0.0,7
2026-05-04 08:20:00,2026-05-04 08:55:00,2026-05-04 09:04:00,BOS,short,4622.6,4628.4,4622.6,4613.2,True,2026-05-04 09:01:00,4613.2,TP,9.4,93.94,9
2026-05-04 09:25:00,2026-05-04 09:40:00,2026-05-04 09:42:00,BOS,short,4611.8,4615.8,4611.8,4605.2,True,2026-05-04 09:41:00,4611.8,BE,0.0,0.0,2
2026-05-04 09:50:00,2026-05-04 10:23:00,2026-05-04 10:24:00,MSS,long,4609.0,4603.6,4609.0,4617.8,True,2026-05-04 10:24:00,4609.0,BE,0.0,0.0,1
2026-05-04 11:35:00,2026-05-04 11:45:00,2026-05-04 11:46:00,MSS,short,4618.6,4622.6,4622.6,4612.1,False,,4622.6,SL,-4.0,-40.11,1
2026-05-04 12:55:00,2026-05-04 13:19:00,2026-05-04 13:19:00,MSS,short,4619.3,4621.6,4621.6,4615.7,False,,4621.6,SL,-2.3,-22.54,0
2026-05-04 13:15:00,2026-05-04 13:24:00,2026-05-04 13:25:00,MSS,long,4617.1,4612.7,4612.7,4624.3,False,,4612.7,SL,-4.4,-44.31,1
2026-05-04 14:00:00,2026-05-04 14:09:00,2026-05-04 14:12:00,BOS,short,4608.9,4613.1,4608.9,4602.2,True,2026-05-04 14:10:00,4608.9,BE,0.0,0.0,3
2026-05-04 14:35:00,2026-05-04 14:50:00,2026-05-04 15:09:00,BOS,short,4602.5,4607.0,4602.5,4595.3,True,2026-05-04 14:51:00,4602.5,BE,0.0,0.0,19
2026-05-04 16:35:00,2026-05-04 16:59:00,2026-05-04 17:02:00,MSS,long,4586.8,4584.6,4586.8,4590.3,True,2026-05-04 16:59:00,4590.3,TP,3.5,35.23,3
2026-05-04 17:10:00,2026-05-04 17:51:00,2026-05-04 17:57:00,BOS,long,4590.0,4586.7,4586.7,4595.3,False,,4586.7,SL,-3.3,-32.85,6
2026-05-04 19:30:00,2026-05-04 20:13:00,2026-05-04 20:15:00,BOS,short,4575.8,4581.0,4575.8,4567.5,True,2026-05-04 20:15:00,4575.8,BE,0.0,0.0,2
2026-05-04 20:15:00,2026-05-04 20:36:00,2026-05-04 20:53:00,MSS,long,4572.2,4563.6,4572.2,4586.2,True,2026-05-04 20:37:00,4586.2,TP,14.0,139.67,17
2026-05-04 20:50:00,2026-05-04 20:56:00,2026-05-04 20:59:00,BOS,long,4580.9,4577.0,4580.9,4587.1,True,2026-05-04 20:57:00,4580.9,BE,0.0,0.0,3
2026-05-04 21:00:00,2026-05-04 21:06:00,2026-05-04 21:10:00,MSS,short,4579.8,4587.1,4587.1,4568.0,False,,4587.1,SL,-7.3,-72.96,4
2026-05-04 22:05:00,2026-05-04 22:12:00,2026-05-04 22:15:00,BOS,short,4572.4,4577.4,4572.4,4564.4,True,2026-05-04 22:14:00,4572.4,BE,0.0,0.0,3
2026-05-04 22:15:00,2026-05-04 22:59:00,2026-05-04 23:03:00,MSS,long,4572.3,4564.4,4572.3,4585.2,True,2026-05-04 23:00:00,4572.3,BE,0.0,0.0,4
2026-05-05 00:05:00,2026-05-05 01:17:00,2026-05-05 08:54:00,BOS,short,4538.6,4553.8,4538.6,4513.9,True,2026-05-05 01:25:00,4538.6,BE,0.0,0.0,397
2026-05-05 09:55:00,2026-05-05 10:18:00,2026-05-05 10:22:00,BOS,long,4546.1,4543.3,4546.1,4550.7,True,2026-05-05 10:21:00,4546.1,BE,0.0,0.0,4
2026-05-05 10:25:00,2026-05-05 11:00:00,2026-05-05 11:06:00,MSS,long,4546.8,4544.0,4546.8,4551.2,True,2026-05-05 11:01:00,4551.2,TP,4.4,44.5,6
2026-05-05 11:20:00,2026-05-05 13:07:00,2026-05-05 13:08:00,MSS,short,4549.9,4551.8,4551.8,4546.7,False,,4551.8,SL,-1.9,-19.48,1
2026-05-05 13:05:00,2026-05-05 13:18:00,2026-05-05 13:34:00,MSS,long,4545.6,4539.9,4545.6,4554.7,True,2026-05-05 13:21:00,4554.7,TP,9.1,91.46,16
2026-05-05 13:30:00,2026-05-05 14:18:00,2026-05-05 14:24:00,BOS,long,4549.3,4544.8,4544.8,4556.6,False,,4544.8,SL,-4.5,-45.08,6
2026-05-05 15:15:00,2026-05-05 15:22:00,2026-05-05 15:24:00,BOS,long,4562.2,4560.3,4562.2,4565.4,True,2026-05-05 15:23:00,4562.2,BE,0.0,0.0,2
2026-05-05 15:25:00,2026-05-05 15:35:00,2026-05-05 15:36:00,MSS,short,4562.6,4565.5,4565.5,4558.0,False,,4565.5,SL,-2.9,-28.65,1
2026-05-05 15:45:00,2026-05-05 16:22:00,2026-05-05 16:25:00,BOS,short,4563.4,4568.3,4563.4,4555.4,True,2026-05-05 16:23:00,4563.4,BE,0.0,0.0,3
2026-05-05 17:25:00,2026-05-05 17:30:00,2026-05-05 17:48:00,MSS,short,4567.4,4570.5,4567.4,4562.4,True,2026-05-05 17:31:00,4567.4,BE,0.0,0.0,18
2026-05-05 18:05:00,2026-05-05 18:17:00,2026-05-05 18:19:00,BOS,short,4565.3,4567.2,4565.3,4562.2,True,2026-05-05 18:17:00,4562.2,TP,3.1,30.9,2
2026-05-05 18:25:00,2026-05-05 18:34:00,2026-05-05 18:43:00,BOS,short,4562.0,4565.3,4562.0,4556.7,True,2026-05-05 18:39:00,4556.7,TP,5.3,53.15,9
2026-05-05 20:00:00,2026-05-05 20:06:00,2026-05-05 20:06:00,MSS,short,4569.7,4573.0,4573.0,4564.3,False,,4573.0,SL,-3.3,-33.23,0
2026-05-05 21:35:00,2026-05-05 21:50:00,2026-05-05 21:51:00,MSS,short,4588.8,4592.4,4588.8,4583.0,True,2026-05-05 21:51:00,4588.8,BE,0.0,0.0,1
2026-05-05 22:05:00,2026-05-05 22:11:00,2026-05-05 22:12:00,MSS,long,4589.6,4586.2,4589.6,4595.1,True,2026-05-05 22:11:00,4589.6,BE,0.0,0.0,1
2026-05-05 22:10:00,2026-05-05 22:24:00,2026-05-05 22:25:00,MSS,short,4589.6,4595.1,4595.1,4580.7,False,,4595.1,SL,-5.5,-55.01,1
2026-05-05 23:00:00,2026-05-05 23:17:00,2026-05-05 23:19:00,MSS,long,4589.6,4586.3,4589.6,4594.9,True,2026-05-05 23:19:00,4589.6,BE,0.0,0.0,2
2026-05-06 01:05:00,2026-05-06 01:18:00,2026-05-06 01:27:00,BOS,short,4570.1,4573.8,4570.1,4564.0,True,2026-05-06 01:26:00,4570.1,BE,0.0,0.0,9
2026-05-06 01:45:00,2026-05-06 01:54:00,2026-05-06 02:13:00,MSS,long,4568.6,4565.9,4568.6,4572.9,True,2026-05-06 01:55:00,4572.9,TP,4.3,43.26,19
2026-05-06 02:10:00,2026-05-06 02:31:00,2026-05-06 02:32:00,BOS,long,4571.2,4568.4,4571.2,4575.6,True,2026-05-06 02:31:00,4571.2,BE,0.0,0.0,1
2026-05-06 03:45:00,2026-05-06 03:50:00,2026-05-06 03:51:00,MSS,long,4567.5,4566.2,4566.2,4569.7,False,,4566.2,SL,-1.3,-13.37,1
2026-05-06 03:50:00,2026-05-06 04:12:00,2026-05-06 04:15:00,MSS,short,4567.8,4569.7,4567.8,4564.6,True,2026-05-06 04:15:00,4567.8,BE,0.0,0.0,3
2026-05-06 04:25:00,2026-05-06 04:35:00,2026-05-06 04:37:00,MSS,long,4567.9,4566.0,4567.9,4571.0,True,2026-05-06 04:36:00,4567.9,BE,0.0,0.0,2
2026-05-06 06:00:00,2026-05-06 06:52:00,2026-05-06 06:54:00,MSS,short,4565.3,4568.4,4565.3,4560.2,True,2026-05-06 06:53:00,4565.3,BE,0.0,0.0,2
2026-05-06 08:00:00,2026-05-06 08:05:00,2026-05-06 08:06:00,BOS,long,4604.0,4601.0,4604.0,4608.9,True,2026-05-06 08:06:00,4604.0,BE,0.0,0.0,1
2026-05-06 09:45:00,2026-05-06 09:54:00,2026-05-06 10:02:00,BOS,long,4634.3,4631.1,4634.3,4639.5,True,2026-05-06 09:54:00,4639.5,TP,5.2,51.91,8
2026-05-06 11:35:00,2026-05-06 11:42:00,2026-05-06 11:46:00,BOS,long,4656.0,4652.2,4656.0,4662.2,True,2026-05-06 11:44:00,4656.0,BE,0.0,0.0,4
2026-05-06 12:25:00,2026-05-06 12:38:00,2026-05-06 12:41:00,BOS,long,4659.1,4655.9,4659.1,4664.2,True,2026-05-06 12:39:00,4659.1,BE,0.0,0.0,3
2026-05-06 13:30:00,2026-05-06 13:44:00,2026-05-06 13:46:00,MSS,short,4661.9,4666.3,4661.9,4654.9,True,2026-05-06 13:45:00,4661.9,BE,0.0,0.0,2
2026-05-06 14:25:00,2026-05-06 14:42:00,2026-05-06 14:43:00,BOS,long,4671.8,4668.3,4671.8,4677.5,True,2026-05-06 14:42:00,4671.8,BE,0.0,0.0,1
2026-05-06 15:10:00,2026-05-06 15:26:00,2026-05-06 15:27:00,MSS,short,4676.9,4681.5,4676.9,4669.4,True,2026-05-06 15:27:00,4676.9,BE,0.0,0.0,1
2026-05-06 16:30:00,2026-05-06 16:43:00,2026-05-06 16:46:00,MSS,short,4689.7,4691.4,4689.7,4686.9,True,2026-05-06 16:43:00,4689.7,BE,0.0,0.0,3
2026-05-06 17:30:00,2026-05-06 17:44:00,2026-05-06 18:00:00,BOS,long,4707.3,4702.4,4707.3,4715.1,True,2026-05-06 17:46:00,4715.1,TP,7.8,78.49,16
2026-05-06 18:50:00,2026-05-06 19:02:00,2026-05-06 19:12:00,BOS,long,4724.8,4718.8,4724.8,4734.6,True,2026-05-06 19:05:00,4724.8,BE,0.0,0.0,10
2026-05-06 19:25:00,2026-05-06 19:34:00,2026-05-06 19:41:00,BOS,short,4726.7,4732.9,4726.7,4716.8,True,2026-05-06 19:34:00,4716.8,TP,9.9,99.5,7
2026-05-06 21:05:00,2026-05-06 21:14:00,2026-05-06 21:21:00,BOS,short,4694.3,4703.5,4694.3,4679.3,True,2026-05-06 21:20:00,4694.3,BE,0.0,0.0,7
2026-05-06 21:45:00,2026-05-06 21:50:00,2026-05-06 21:53:00,BOS,long,4707.4,4704.1,4707.4,4712.8,True,2026-05-06 21:51:00,4712.8,TP,5.4,53.77,3
2026-05-06 22:10:00,2026-05-06 22:50:00,2026-05-06 22:57:00,BOS,long,4714.7,4708.4,4714.7,4725.0,True,2026-05-06 22:56:00,4714.7,BE,0.0,0.0,7
2026-05-06 23:05:00,2026-05-06 23:21:00,2026-05-06 23:25:00,BOS,short,4714.8,4718.7,4714.8,4708.5,True,2026-05-06 23:21:00,4708.5,TP,6.3,63.04,4
2026-05-07 00:05:00,2026-05-07 00:30:00,2026-05-07 00:39:00,BOS,short,4701.3,4706.6,4701.3,4692.7,True,2026-05-07 00:33:00,4701.3,BE,0.0,0.0,9
2026-05-07 01:35:00,2026-05-07 01:55:00,2026-05-07 01:57:00,BOS,short,4693.4,4695.5,4695.5,4689.9,False,,4695.5,SL,-2.1,-21.39,2
2026-05-07 02:40:00,2026-05-07 03:02:00,2026-05-07 03:03:00,MSS,short,4699.1,4701.1,4701.1,4695.9,False,,4701.1,SL,-2.0,-19.86,1
2026-05-07 03:55:00,2026-05-07 04:05:00,2026-05-07 04:06:00,MSS,short,4706.5,4709.1,4706.5,4702.2,True,2026-05-07 04:05:00,4706.5,BE,0.0,0.0,1
2026-05-07 04:10:00,2026-05-07 04:24:00,2026-05-07 04:31:00,MSS,long,4705.3,4702.2,4702.2,4710.4,False,,4702.2,SL,-3.1,-31.32,7
2026-05-07 07:20:00,2026-05-07 07:45:00,2026-05-07 07:45:00,MSS,short,4704.9,4707.0,4707.0,4701.6,False,,4707.0,SL,-2.1,-20.63,0
2026-05-07 07:55:00,2026-05-07 08:04:00,2026-05-07 08:07:00,MSS,long,4702.6,4699.1,4702.6,4708.3,True,2026-05-07 08:06:00,4702.6,BE,0.0,0.0,3
2026-05-07 12:30:00,2026-05-07 12:40:00,2026-05-07 12:40:00,BOS,short,4705.0,4707.0,4707.0,4701.8,False,,4707.0,SL,-2.0,-19.86,0
2026-05-07 13:00:00,2026-05-07 13:18:00,2026-05-07 13:31:00,MSS,long,4705.4,4702.5,4705.4,4710.0,True,2026-05-07 13:30:00,4710.0,TP,4.6,46.35,13
2026-05-07 13:55:00,2026-05-07 14:00:00,2026-05-07 14:01:00,MSS,short,4712.9,4715.3,4712.9,4709.0,True,2026-05-07 14:01:00,4712.9,BE,0.0,0.0,1
2026-05-07 15:00:00,2026-05-07 15:07:00,2026-05-07 15:11:00,MSS,short,4752.2,4759.2,4759.2,4740.8,False,,4759.2,SL,-7.0,-70.29,4
2026-05-07 16:00:00,2026-05-07 16:14:00,2026-05-07 16:18:00,MSS,long,4752.3,4746.6,4746.6,4761.6,False,,4746.6,SL,-5.7,-57.3,4
2026-05-07 16:55:00,2026-05-07 17:10:00,2026-05-07 17:12:00,BOS,short,4744.8,4747.1,4744.8,4741.1,True,2026-05-07 17:11:00,4744.8,BE,0.0,0.0,2
2026-05-07 17:20:00,2026-05-07 17:29:00,2026-05-07 17:30:00,MSS,long,4743.9,4741.3,4743.9,4748.2,True,2026-05-07 17:29:00,4743.9,BE,0.0,0.0,1
2026-05-07 17:55:00,2026-05-07 18:12:00,2026-05-07 18:18:00,MSS,short,4744.0,4749.3,4744.0,4735.3,True,2026-05-07 18:18:00,4744.0,BE,0.0,0.0,6
2026-05-07 18:35:00,2026-05-07 19:12:00,2026-05-07 19:16:00,MSS,long,4741.4,4737.3,4737.3,4748.0,False,,4737.3,SL,-4.1,-40.87,4
2026-05-07 19:55:00,2026-05-07 20:22:00,2026-05-07 20:25:00,BOS,long,4746.8,4743.1,4743.1,4752.8,False,,4743.1,SL,-3.7,-37.05,3
2026-05-07 20:30:00,2026-05-07 21:04:00,2026-05-07 21:08:00,BOS,long,4748.4,4741.9,4748.4,4759.0,True,2026-05-07 21:06:00,4748.4,BE,0.0,0.0,4
2026-05-07 21:30:00,2026-05-07 21:47:00,2026-05-07 21:51:00,MSS,long,4751.3,4740.7,4751.3,4768.4,True,2026-05-07 21:50:00,4751.3,BE,0.0,0.0,4
2026-05-07 22:10:00,2026-05-07 22:15:00,2026-05-07 22:16:00,BOS,long,4757.0,4752.5,4752.5,4764.3,False,,4752.5,SL,-4.5,-45.08,1
2026-05-08 00:50:00,2026-05-08 00:57:00,2026-05-08 01:02:00,MSS,long,4723.0,4720.3,4723.0,4727.4,True,2026-05-08 00:58:00,4723.0,BE,0.0,0.0,5
2026-05-08 01:15:00,2026-05-08 01:23:00,2026-05-08 01:25:00,MSS,short,4724.1,4729.5,4729.5,4715.4,False,,4729.5,SL,-5.4,-53.86,2
2026-05-08 01:25:00,2026-05-08 01:40:00,2026-05-08 01:55:00,BOS,short,4715.3,4726.7,4715.3,4696.9,True,2026-05-08 01:43:00,4715.3,BE,0.0,0.0,15
2026-05-08 02:25:00,2026-05-08 02:38:00,2026-05-08 02:39:00,BOS,long,4718.6,4715.9,4718.6,4722.9,True,2026-05-08 02:38:00,4722.9,TP,4.3,43.26,1
2026-05-08 02:45:00,2026-05-08 02:57:00,2026-05-08 02:58:00,MSS,short,4719.0,4725.8,4719.0,4707.9,True,2026-05-08 02:57:00,4719.0,BE,0.0,0.0,1
2026-05-08 03:55:00,2026-05-08 04:01:00,2026-05-08 04:02:00,BOS,short,4717.4,4720.4,4720.4,4712.5,False,,4720.4,SL,-3.0,-30.18,1
2026-05-08 04:00:00,2026-05-08 04:37:00,2026-05-08 04:37:00,MSS,long,4718.9,4712.5,4712.5,4729.2,False,,4712.5,SL,-6.4,-63.79,0
2026-05-08 06:45:00,2026-05-08 06:51:00,2026-05-08 06:57:00,BOS,short,4697.0,4700.4,4697.0,4691.4,True,2026-05-08 06:51:00,4697.0,BE,0.0,0.0,6
2026-05-08 08:05:00,2026-05-08 08:13:00,2026-05-08 08:15:00,BOS,long,4713.0,4710.0,4710.0,4717.8,False,,4710.0,SL,-3.0,-29.8,2
2026-05-08 08:15:00,2026-05-08 08:23:00,2026-05-08 08:34:00,MSS,short,4712.6,4718.7,4712.6,4702.7,True,2026-05-08 08:27:00,4712.6,BE,0.0,0.0,11
2026-05-08 09:35:00,2026-05-08 09:45:00,2026-05-08 09:48:00,MSS,short,4722.1,4727.5,4727.5,4713.4,False,,4727.5,SL,-5.4,-53.86,3
2026-05-08 10:00:00,2026-05-08 10:35:00,2026-05-08 12:13:00,BOS,long,4724.0,4713.4,4724.0,4741.1,True,2026-05-08 11:08:00,4724.0,BE,0.0,0.0,98
2026-05-08 12:40:00,2026-05-08 12:53:00,2026-05-08 13:07:00,BOS,short,4723.1,4727.0,4723.1,4716.9,True,2026-05-08 12:59:00,4723.1,BE,0.0,0.0,14
2026-05-08 13:25:00,2026-05-08 14:00:00,2026-05-08 14:01:00,MSS,long,4722.8,4719.1,4722.8,4728.8,True,2026-05-08 14:00:00,4728.8,TP,6.0,59.95,1
2026-05-08 14:25:00,2026-05-08 14:34:00,2026-05-08 14:39:00,BOS,long,4735.3,4730.1,4735.3,4743.6,True,2026-05-08 14:36:00,4735.3,BE,0.0,0.0,5
2026-05-08 15:45:00,2026-05-08 15:52:00,2026-05-08 15:55:00,MSS,long,4718.1,4715.7,4718.1,4722.0,True,2026-05-08 15:53:00,4718.1,BE,0.0,0.0,3
2026-05-08 17:30:00,2026-05-08 18:14:00,2026-05-08 18:23:00,MSS,short,4727.4,4732.4,4732.4,4719.2,False,,4732.4,SL,-5.0,-50.42,9
2026-05-08 18:35:00,2026-05-08 18:45:00,2026-05-08 18:49:00,MSS,long,4732.9,4729.9,4729.9,4737.7,False,,4729.9,SL,-3.0,-29.8,4
2026-05-08 18:45:00,2026-05-08 19:04:00,2026-05-08 19:09:00,MSS,short,4734.3,4737.7,4734.3,4728.7,True,2026-05-08 19:08:00,4734.3,BE,0.0,0.0,5
2026-05-08 20:05:00,2026-05-08 20:33:00,2026-05-08 20:33:00,BOS,short,4725.4,4729.9,4729.9,4718.0,False,,4729.9,SL,-4.5,-45.46,0
2026-05-08 21:30:00,2026-05-08 22:09:00,2026-05-08 22:19:00,BOS,long,4736.7,4725.8,4736.7,4754.4,True,2026-05-08 22:13:00,4736.7,BE,0.0,0.0,10
2026-05-09 01:50:00,2026-05-09 01:57:00,2026-05-09 01:59:00,BOS,long,4729.8,4728.8,4729.8,4731.4,True,2026-05-09 01:58:00,4729.8,BE,0.0,0.0,2
2026-05-09 03:30:00,2026-05-09 03:40:00,2026-05-09 03:40:00,BOS,short,4733.6,4734.9,4734.9,4731.4,False,,4734.9,SL,-1.3,-13.37,0
2026-05-11 07:00:00,2026-05-11 07:11:00,2026-05-11 07:12:00,MSS,long,4699.1,4695.1,4699.1,4705.6,True,2026-05-11 07:11:00,4699.1,BE,0.0,0.0,1
2026-05-11 07:35:00,2026-05-11 07:43:00,2026-05-11 07:45:00,BOS,long,4704.4,4702.7,4704.4,4707.2,True,2026-05-11 07:44:00,4704.4,BE,0.0,0.0,2
2026-05-11 07:55:00,2026-05-11 09:05:00,2026-05-11 09:05:00,MSS,short,4703.8,4707.3,4707.3,4698.2,False,,4707.3,SL,-3.5,-34.76,0
2026-05-11 09:20:00,2026-05-11 09:40:00,2026-05-11 09:50:00,MSS,long,4699.6,4690.4,4699.6,4714.4,True,2026-05-11 09:41:00,4699.6,BE,0.0,0.0,10
2026-05-11 09:50:00,2026-05-11 10:01:00,2026-05-11 10:02:00,MSS,short,4700.7,4704.9,4700.7,4693.9,True,2026-05-11 10:02:00,4700.7,BE,0.0,0.0,1
2026-05-11 10:35:00,2026-05-11 10:44:00,2026-05-11 10:48:00,MSS,long,4697.9,4691.1,4697.9,4709.0,True,2026-05-11 10:45:00,4697.9,BE,0.0,0.0,4
2026-05-11 13:25:00,2026-05-11 13:30:00,2026-05-11 13:30:00,BOS,short,4681.1,4682.9,4682.9,4678.3,False,,4682.9,SL,-1.8,-17.57,0
2026-05-11 13:30:00,2026-05-11 13:38:00,2026-05-11 13:42:00,MSS,long,4681.6,4678.3,4678.3,4687.0,False,,4678.3,SL,-3.3,-33.23,4
2026-05-11 13:40:00,2026-05-11 14:38:00,2026-05-11 14:43:00,MSS,short,4681.2,4688.4,4681.2,4669.6,True,2026-05-11 14:41:00,4681.2,BE,0.0,0.0,5
2026-05-11 14:50:00,2026-05-11 15:47:00,2026-05-11 16:41:00,BOS,long,4677.9,4671.3,4677.9,4688.7,True,2026-05-11 16:11:00,4677.9,BE,0.0,0.0,54
2026-05-11 16:50:00,2026-05-11 17:03:00,2026-05-11 17:06:00,MSS,short,4678.3,4680.2,4678.3,4675.3,True,2026-05-11 17:03:00,4678.3,BE,0.0,0.0,3
2026-05-11 18:20:00,2026-05-11 18:38:00,2026-05-11 18:39:00,MSS,long,4670.8,4668.8,4668.8,4674.0,False,,4668.8,SL,-2.0,-19.86,1
2026-05-11 19:00:00,2026-05-11 19:12:00,2026-05-11 19:31:00,BOS,long,4675.3,4671.9,4675.3,4680.9,True,2026-05-11 19:13:00,4680.9,TP,5.6,55.62,19
2026-05-11 19:35:00,2026-05-11 19:53:00,2026-05-11 19:56:00,BOS,long,4679.2,4676.0,4679.2,4684.5,True,2026-05-11 19:53:00,4679.2,BE,0.0,0.0,3
2026-05-11 20:05:00,2026-05-11 20:19:00,2026-05-11 20:20:00,MSS,short,4681.8,4684.5,4681.8,4677.4,True,2026-05-11 20:19:00,4681.8,BE,0.0,0.0,1
2026-05-11 23:15:00,2026-05-11 23:41:00,2026-05-11 23:44:00,MSS,long,4737.1,4732.5,4737.1,4744.5,True,2026-05-11 23:41:00,4737.1,BE,0.0,0.0,3
2026-05-12 01:20:00,2026-05-12 01:29:00,2026-05-12 01:31:00,BOS,long,4727.4,4725.3,4727.4,4730.7,True,2026-05-12 01:30:00,4730.7,TP,3.3,33.37,2
2026-05-12 02:05:00,2026-05-12 02:11:00,2026-05-12 02:14:00,BOS,long,4733.1,4731.0,4733.1,4736.5,True,2026-05-12 02:13:00,4732.9,BE,-0.2,-2.01,3
2026-05-12 02:55:00,2026-05-12 03:01:00,2026-05-12 03:03:00,MSS,short,4735.7,4736.9,4735.7,4733.8,True,2026-05-12 03:01:00,4733.8,TP,1.9,19.16,2
2026-05-12 03:20:00,2026-05-12 03:36:00,2026-05-12 03:40:00,BOS,short,4735.8,4737.6,4737.6,4732.8,False,,4737.6,SL,-1.8,-18.34,4
2026-05-12 04:30:00,2026-05-12 04:50:00,2026-05-12 04:52:00,BOS,long,4745.2,4743.1,4743.1,4748.7,False,,4743.1,SL,-2.1,-21.39,2
2026-05-12 07:30:00,2026-05-12 07:37:00,2026-05-12 07:37:00,BOS,long,4763.1,4760.0,4763.1,4768.0,True,2026-05-12 07:37:00,4768.0,TP,4.9,49.44,0
2026-05-12 08:15:00,2026-05-12 08:22:00,2026-05-12 08:23:00,BOS,long,4773.9,4768.0,4768.0,4783.5,False,,4768.0,SL,-5.9,-59.21,1
2026-05-12 10:10:00,2026-05-12 10:15:00,2026-05-12 10:17:00,MSS,long,4738.1,4734.7,4738.1,4743.5,True,2026-05-12 10:16:00,4738.1,BE,0.0,0.0,2
2026-05-12 10:40:00,2026-05-12 11:19:00,2026-05-12 11:21:00,BOS,long,4735.2,4731.4,4735.2,4741.3,True,2026-05-12 11:21:00,4735.2,BE,0.0,0.0,2
2026-05-12 11:45:00,2026-05-12 12:15:00,2026-05-12 12:16:00,BOS,short,4733.5,4736.9,4736.9,4728.1,False,,4736.9,SL,-3.4,-33.62,1
2026-05-12 12:15:00,2026-05-12 12:23:00,2026-05-12 12:25:00,MSS,long,4733.6,4730.0,4733.6,4739.4,True,2026-05-12 12:25:00,4733.6,BE,0.0,0.0,2
2026-05-12 13:05:00,2026-05-12 13:16:00,2026-05-12 13:20:00,BOS,short,4724.2,4727.8,4724.2,4718.3,True,2026-05-12 13:17:00,4724.2,BE,0.0,0.0,4
2026-05-12 14:45:00,2026-05-12 15:42:00,2026-05-12 15:51:00,BOS,short,4709.4,4713.0,4709.4,4703.6,True,2026-05-12 15:43:00,4709.4,BE,0.0,0.0,9
2026-05-12 16:00:00,2026-05-12 16:10:00,2026-05-12 16:15:00,MSS,long,4709.1,4705.7,4705.7,4714.7,False,,4705.7,SL,-3.4,-34.38,5
2026-05-12 17:10:00,2026-05-12 17:30:00,2026-05-12 17:32:00,MSS,short,4711.1,4714.4,4711.1,4705.7,True,2026-05-12 17:31:00,4711.1,BE,0.0,0.0,2
2026-05-12 17:30:00,2026-05-12 17:36:00,2026-05-12 17:41:00,MSS,long,4708.4,4705.2,4708.4,4713.5,True,2026-05-12 17:39:00,4708.4,BE,0.0,0.0,5
2026-05-12 17:40:00,2026-05-12 17:49:00,2026-05-12 18:00:00,MSS,short,4709.3,4713.5,4709.3,4702.5,True,2026-05-12 17:51:00,4709.3,BE,0.0,0.0,11
2026-05-12 18:05:00,2026-05-12 18:16:00,2026-05-12 18:27:00,MSS,long,4707.9,4702.5,4707.9,4716.6,True,2026-05-12 18:17:00,4707.9,BE,0.0,0.0,11
2026-05-12 20:30:00,2026-05-12 20:39:00,2026-05-12 20:43:00,BOS,short,4709.0,4716.3,4716.3,4697.1,False,,4716.3,SL,-7.3,-73.34,4
2026-05-12 20:50:00,2026-05-12 21:04:00,2026-05-12 21:14:00,MSS,long,4705.7,4697.1,4697.1,4719.7,False,,4697.1,SL,-8.6,-86.33,10
2026-05-12 21:35:00,2026-05-12 21:48:00,2026-05-12 21:51:00,MSS,long,4697.6,4692.4,4697.6,4706.0,True,2026-05-12 21:49:00,4697.6,BE,0.0,0.0,3
2026-05-12 21:55:00,2026-05-12 22:03:00,2026-05-12 22:05:00,MSS,short,4699.9,4709.5,4699.9,4684.3,True,2026-05-12 22:03:00,4699.9,BE,0.0,0.0,2
2026-05-13 01:15:00,2026-05-13 01:33:00,2026-05-13 01:35:00,BOS,long,4684.4,4682.0,4684.4,4688.2,True,2026-05-13 01:34:00,4684.4,BE,0.0,0.0,2
2026-05-13 06:00:00,2026-05-13 06:08:00,2026-05-13 06:09:00,BOS,long,4724.0,4720.6,4720.6,4729.4,False,,4720.6,SL,-3.4,-33.62,1
2026-05-13 06:50:00,2026-05-13 06:57:00,2026-05-13 07:03:00,BOS,long,4726.0,4723.2,4726.0,4730.4,True,2026-05-13 07:03:00,4726.0,BE,0.0,0.0,6
2026-05-13 07:45:00,2026-05-13 07:53:00,2026-05-13 08:00:00,MSS,short,4727.0,4729.5,4727.0,4722.9,True,2026-05-13 07:54:00,4727.0,BE,0.0,0.0,7
2026-05-13 08:00:00,2026-05-13 08:33:00,2026-05-13 08:36:00,MSS,long,4726.9,4722.9,4726.9,4733.4,True,2026-05-13 08:33:00,4726.9,BE,0.0,0.0,3
2026-05-13 12:40:00,2026-05-13 12:49:00,2026-05-13 12:53:00,MSS,short,4709.1,4711.5,4709.1,4705.3,True,2026-05-13 12:51:00,4709.1,BE,0.0,0.0,4
2026-05-13 13:00:00,2026-05-13 13:18:00,2026-05-13 13:24:00,MSS,long,4709.8,4706.6,4709.8,4714.9,True,2026-05-13 13:21:00,4709.8,BE,0.0,0.0,6
2026-05-13 13:40:00,2026-05-13 13:58:00,2026-05-13 14:04:00,BOS,short,4711.0,4715.4,4715.4,4704.0,False,,4715.4,SL,-4.4,-43.55,6
2026-05-13 15:05:00,2026-05-13 15:13:00,2026-05-13 15:15:00,BOS,short,4710.1,4713.6,4713.6,4704.5,False,,4713.6,SL,-3.5,-34.76,2
2026-05-13 15:25:00,2026-05-13 15:49:00,2026-05-13 15:51:00,MSS,long,4709.1,4704.5,4709.1,4716.6,True,2026-05-13 15:49:00,4709.1,BE,0.0,0.0,2
2026-05-13 16:50:00,2026-05-13 17:11:00,2026-05-13 17:14:00,BOS,long,4704.4,4702.0,4702.0,4708.2,False,,4702.0,SL,-2.4,-23.68,3
2026-05-13 17:10:00,2026-05-13 17:55:00,2026-05-13 18:08:00,MSS,short,4706.6,4710.2,4710.2,4700.7,False,,4710.2,SL,-3.6,-36.29,13
2026-05-13 21:00:00,2026-05-13 21:34:00,2026-05-13 21:36:00,MSS,long,4690.4,4685.7,4685.7,4697.9,False,,4685.7,SL,-4.7,-46.6,2
2026-05-13 22:25:00,2026-05-13 22:45:00,2026-05-13 23:02:00,MSS,long,4684.8,4680.0,4684.8,4692.6,True,2026-05-13 22:45:00,4692.6,TP,7.8,77.87,17
2026-05-13 23:25:00,2026-05-13 23:30:00,2026-05-13 23:33:00,BOS,long,4694.7,4691.9,4694.7,4699.3,True,2026-05-13 23:30:00,4699.3,TP,4.6,45.73,3
2026-05-14 00:20:00,2026-05-14 00:34:00,2026-05-14 00:38:00,BOS,long,4710.5,4706.1,4710.5,4717.6,True,2026-05-14 00:34:00,4710.5,BE,0.0,0.0,4
2026-05-14 01:50:00,2026-05-14 02:13:00,2026-05-14 02:14:00,BOS,short,4700.1,4702.5,4700.1,4696.1,True,2026-05-14 02:14:00,4700.1,BE,0.0,0.0,1
2026-05-14 03:10:00,2026-05-14 03:33:00,2026-05-14 03:47:00,MSS,long,4693.3,4690.9,4693.3,4697.1,True,2026-05-14 03:36:00,4697.1,TP,3.8,38.32,14
2026-05-14 06:00:00,2026-05-14 06:09:00,2026-05-14 06:10:00,BOS,long,4697.7,4695.6,4695.6,4701.0,False,,4695.6,SL,-2.1,-20.63,1
2026-05-14 06:35:00,2026-05-14 06:48:00,2026-05-14 06:52:00,BOS,long,4703.3,4701.6,4703.3,4706.1,True,2026-05-14 06:48:00,4706.1,TP,2.8,27.81,4
2026-05-14 07:05:00,2026-05-14 07:25:00,2026-05-14 07:26:00,BOS,long,4705.1,4703.1,4705.1,4708.3,True,2026-05-14 07:25:00,4705.1,BE,0.0,0.0,1
2026-05-14 07:45:00,2026-05-14 07:55:00,2026-05-14 07:57:00,BOS,short,4702.8,4704.6,4702.8,4699.8,True,2026-05-14 07:55:00,4702.8,BE,0.0,0.0,2
2026-05-14 08:00:00,2026-05-14 08:05:00,2026-05-14 08:06:00,BOS,short,4700.9,4703.8,4700.9,4696.2,True,2026-05-14 08:06:00,4700.9,BE,0.0,0.0,1
2026-05-14 08:30:00,2026-05-14 08:46:00,2026-05-14 08:47:00,MSS,short,4709.1,4712.5,4709.1,4703.6,True,2026-05-14 08:47:00,4709.1,BE,0.0,0.0,1
2026-05-14 08:55:00,2026-05-14 09:01:00,2026-05-14 09:02:00,BOS,long,4709.2,4706.3,4709.2,4713.9,True,2026-05-14 09:02:00,4709.2,BE,0.0,0.0,1
2026-05-14 10:30:00,2026-05-14 10:41:00,2026-05-14 10:43:00,MSS,long,4697.6,4693.1,4697.6,4704.8,True,2026-05-14 10:42:00,4697.6,BE,0.0,0.0,2
2026-05-14 11:20:00,2026-05-14 11:34:00,2026-05-14 11:37:00,MSS,long,4690.3,4687.7,4690.3,4694.4,True,2026-05-14 11:35:00,4690.3,BE,0.0,0.0,3
2026-05-14 11:35:00,2026-05-14 12:22:00,2026-05-14 12:25:00,MSS,short,4694.0,4699.5,4699.5,4685.1,False,,4699.5,SL,-5.5,-55.01,3
2026-05-14 13:15:00,2026-05-14 13:45:00,2026-05-14 13:48:00,MSS,short,4708.6,4711.3,4708.6,4704.2,True,2026-05-14 13:46:00,4708.6,BE,0.0,0.0,3
2026-05-14 13:55:00,2026-05-14 14:44:00,2026-05-14 14:51:00,BOS,short,4704.8,4710.4,4704.8,4695.8,True,2026-05-14 14:49:00,4704.8,BE,0.0,0.0,7
2026-05-14 15:25:00,2026-05-14 15:50:00,2026-05-14 15:54:00,BOS,long,4705.6,4700.7,4705.6,4713.4,True,2026-05-14 15:52:00,4705.6,BE,0.0,0.0,4
2026-05-14 16:25:00,2026-05-14 16:41:00,2026-05-14 16:42:00,MSS,long,4707.2,4704.4,4707.2,4711.7,True,2026-05-14 16:42:00,4707.2,BE,0.0,0.0,1
2026-05-14 18:45:00,2026-05-14 18:54:00,2026-05-14 19:00:00,BOS,short,4702.3,4704.8,4704.8,4698.3,False,,4704.8,SL,-2.5,-24.83,6
2026-05-14 19:20:00,2026-05-14 19:41:00,2026-05-14 19:46:00,BOS,short,4703.2,4705.4,4703.2,4699.6,True,2026-05-14 19:42:00,4703.2,BE,0.0,0.0,5
2026-05-14 19:50:00,2026-05-14 19:59:00,2026-05-14 20:05:00,MSS,long,4701.7,4695.7,4701.7,4711.3,True,2026-05-14 20:01:00,4701.7,BE,0.0,0.0,6
2026-05-14 20:20:00,2026-05-14 20:44:00,2026-05-14 21:02:00,BOS,long,4704.9,4698.7,4704.9,4715.0,True,2026-05-14 20:47:00,4704.9,BE,0.0,0.0,18
2026-05-14 22:15:00,2026-05-14 22:54:00,2026-05-14 22:59:00,MSS,long,4690.3,4683.3,4690.3,4701.5,True,2026-05-14 22:55:00,4690.3,BE,0.0,0.0,5
2026-05-14 22:55:00,2026-05-14 23:14:00,2026-05-14 23:15:00,MSS,short,4692.4,4696.8,4692.4,4685.4,True,2026-05-14 23:14:00,4692.4,BE,0.0,0.0,1
2026-05-14 23:40:00,2026-05-14 23:56:00,2026-05-15 00:03:00,BOS,short,4692.1,4695.3,4692.1,4686.9,True,2026-05-15 00:00:00,4686.9,TP,5.2,51.91,7
2026-05-15 00:30:00,2026-05-15 00:53:00,2026-05-15 00:59:00,BOS,short,4684.6,4687.6,4684.6,4679.7,True,2026-05-15 00:54:00,4684.6,BE,0.0,0.0,6
2026-05-15 01:25:00,2026-05-15 01:42:00,2026-05-15 01:46:00,MSS,short,4687.3,4689.9,4687.3,4683.0,True,2026-05-15 01:45:00,4687.3,BE,0.0,0.0,4
2026-05-15 02:55:00,2026-05-15 03:03:00,2026-05-15 03:06:00,MSS,long,4674.4,4672.3,4672.3,4677.9,False,,4672.3,SL,-2.1,-21.39,3
2026-05-15 04:00:00,2026-05-15 06:00:00,2026-05-15 06:00:00,BOS,short,4660.4,4664.3,4660.4,4654.2,True,2026-05-15 06:00:00,4654.2,TP,6.2,62.42,0
2026-05-15 06:50:00,2026-05-15 07:14:00,2026-05-15 07:15:00,BOS,long,4663.5,4661.2,4661.2,4667.1,False,,4661.2,SL,-2.3,-22.54,1
2026-05-15 07:25:00,2026-05-15 07:31:00,2026-05-15 07:31:00,MSS,long,4663.2,4659.6,4659.6,4669.0,False,,4659.6,SL,-3.6,-35.91,0
2026-05-15 08:55:00,2026-05-15 09:00:00,2026-05-15 09:01:00,MSS,long,4627.1,4621.8,4627.1,4635.8,True,2026-05-15 09:00:00,4627.1,BE,0.0,0.0,1
2026-05-15 09:05:00,2026-05-15 09:20:00,2026-05-15 09:29:00,MSS,short,4628.0,4636.7,4628.0,4613.8,True,2026-05-15 09:21:00,4613.8,TP,14.2,141.52,9
2026-05-15 10:40:00,2026-05-15 10:46:00,2026-05-15 10:51:00,MSS,long,4616.7,4613.5,4616.7,4622.0,True,2026-05-15 10:47:00,4616.7,BE,0.0,0.0,5
2026-05-15 11:25:00,2026-05-15 12:05:00,2026-05-15 12:20:00,MSS,short,4622.2,4626.2,4622.2,4615.8,True,2026-05-15 12:19:00,4615.8,TP,6.4,64.27,15
2026-05-15 12:40:00,2026-05-15 12:50:00,2026-05-15 13:01:00,MSS,short,4614.9,4619.0,4614.9,4608.3,True,2026-05-15 12:51:00,4608.3,TP,6.6,66.13,11
2026-05-15 13:45:00,2026-05-15 13:50:00,2026-05-15 13:52:00,BOS,short,4574.4,4579.8,4574.4,4565.7,True,2026-05-15 13:52:00,4574.4,BE,0.0,0.0,2
2026-05-15 13:55:00,2026-05-15 14:06:00,2026-05-15 14:08:00,BOS,short,4570.9,4577.2,4570.9,4560.6,True,2026-05-15 14:08:00,4570.9,BE,0.0,0.0,2
2026-05-15 14:40:00,2026-05-15 15:09:00,2026-05-15 15:10:00,MSS,short,4579.7,4584.9,4584.9,4571.2,False,,4584.9,SL,-5.2,-52.33,1
2026-05-15 15:10:00,2026-05-15 15:50:00,2026-05-15 16:01:00,MSS,long,4577.9,4569.8,4569.8,4591.0,False,,4569.8,SL,-8.1,-80.98,11
2026-05-15 16:40:00,2026-05-15 16:55:00,2026-05-15 16:58:00,MSS,long,4558.7,4553.2,4558.7,4567.5,True,2026-05-15 16:56:00,4558.7,BE,0.0,0.0,3
2026-05-15 17:45:00,2026-05-15 18:02:00,2026-05-15 18:04:00,BOS,short,4552.8,4559.8,4552.8,4541.5,True,2026-05-15 18:03:00,4552.8,BE,0.0,0.0,2
2026-05-15 20:00:00,2026-05-15 20:10:00,2026-05-15 20:14:00,BOS,short,4558.3,4563.4,4558.3,4550.0,True,2026-05-15 20:11:00,4550.0,TP,8.3,82.81,4
2026-05-15 20:10:00,2026-05-15 20:15:00,2026-05-15 20:16:00,BOS,short,4554.4,4557.5,4554.4,4549.3,True,2026-05-15 20:16:00,4554.4,BE,0.0,0.0,1
2026-05-15 20:20:00,2026-05-15 20:30:00,2026-05-15 20:34:00,MSS,long,4554.4,4549.1,4554.4,4562.9,True,2026-05-15 20:33:00,4554.4,BE,0.0,0.0,4
2026-05-15 21:35:00,2026-05-15 22:12:00,2026-05-15 22:15:00,MSS,short,4549.8,4561.8,4549.8,4530.3,True,2026-05-15 22:15:00,4549.8,BE,0.0,0.0,3
2026-05-15 22:45:00,2026-05-15 22:54:00,2026-05-15 22:55:00,MSS,short,4561.0,4565.0,4561.0,4554.5,True,2026-05-15 22:55:00,4561.0,BE,0.0,0.0,1
2026-05-15 22:55:00,2026-05-15 23:02:00,2026-05-15 23:12:00,MSS,long,4558.0,4550.1,4558.0,4570.9,True,2026-05-15 23:05:00,4558.0,BE,0.0,0.0,10
2026-05-16 00:05:00,2026-05-16 00:22:00,2026-05-16 00:25:00,BOS,short,4541.5,4546.5,4546.5,4533.3,False,,4546.5,SL,-5.0,-50.42,3
2026-05-16 01:20:00,2026-05-16 01:29:00,2026-05-16 01:40:00,BOS,long,4562.1,4558.4,4562.1,4568.0,True,2026-05-16 01:30:00,4568.0,TP,5.9,59.33,11
2026-05-16 02:10:00,2026-05-16 02:17:00,2026-05-16 02:18:00,BOS,long,4562.6,4560.2,4560.2,4566.6,False,,4560.2,SL,-2.4,-24.45,1
2026-05-16 02:15:00,2026-05-16 02:23:00,2026-05-16 02:30:00,MSS,short,4562.9,4566.6,4562.9,4556.9,True,2026-05-16 02:26:00,4562.9,BE,0.0,0.0,7
2026-05-16 03:35:00,2026-05-16 03:50:00,2026-05-16 03:52:00,MSS,long,4555.1,4552.5,4555.1,4559.4,True,2026-05-16 03:51:00,4555.1,BE,0.0,0.0,2
2026-05-16 04:30:00,2026-05-16 04:50:00,2026-05-18 08:00:00,MSS,long,4541.2,4537.0,4541.2,4548.0,True,2026-05-16 04:54:00,4540.7,BE,-0.5,-5.02,10
2026-05-18 09:20:00,2026-05-18 09:25:00,2026-05-18 09:26:00,MSS,long,4501.5,4495.5,4501.5,4511.3,True,2026-05-18 09:25:00,4511.3,TP,9.8,97.64,1
2026-05-18 10:10:00,2026-05-18 11:06:00,2026-05-18 11:13:00,BOS,long,4531.3,4524.6,4531.3,4542.1,True,2026-05-18 11:08:00,4531.3,BE,0.0,0.0,7
2026-05-18 11:25:00,2026-05-18 11:30:00,2026-05-18 11:31:00,BOS,long,4534.1,4529.5,4534.1,4541.6,True,2026-05-18 11:31:00,4534.1,BE,0.0,0.0,1
2026-05-18 11:40:00,2026-05-18 12:28:00,2026-05-18 13:03:00,BOS,long,4537.1,4528.1,4537.1,4551.7,True,2026-05-18 12:30:00,4537.1,BE,0.0,0.0,35
2026-05-18 13:00:00,2026-05-18 13:18:00,2026-05-18 13:19:00,MSS,short,4544.5,4549.4,4549.4,4536.5,False,,4549.4,SL,-4.9,-49.28,1
2026-05-18 13:15:00,2026-05-18 13:40:00,2026-05-18 13:41:00,MSS,long,4542.8,4536.5,4542.8,4553.0,True,2026-05-18 13:40:00,4542.8,BE,0.0,0.0,1
2026-05-18 13:55:00,2026-05-18 14:24:00,2026-05-18 14:32:00,MSS,short,4547.5,4556.3,4547.5,4533.2,True,2026-05-18 14:26:00,4547.5,BE,0.0,0.0,8
2026-05-18 15:25:00,2026-05-18 15:50:00,2026-05-18 15:55:00,BOS,long,4546.9,4541.8,4546.9,4555.2,True,2026-05-18 15:54:00,4546.9,BE,0.0,0.0,5
2026-05-18 16:30:00,2026-05-18 17:03:00,2026-05-18 17:03:00,BOS,long,4550.3,4546.1,4546.1,4557.0,False,,4546.1,SL,-4.2,-41.64,0
2026-05-18 18:05:00,2026-05-18 18:19:00,2026-05-18 18:32:00,BOS,short,4545.9,4549.0,4545.9,4540.8,True,2026-05-18 18:20:00,4540.8,TP,5.1,50.68,13
2026-05-18 18:30:00,2026-05-18 18:37:00,2026-05-18 18:40:00,BOS,short,4542.3,4546.2,4542.3,4536.0,True,2026-05-18 18:37:00,4542.3,BE,0.0,0.0,3
2026-05-18 18:40:00,2026-05-18 18:53:00,2026-05-18 19:09:00,MSS,long,4540.0,4535.4,4540.0,4547.5,True,2026-05-18 18:54:00,4540.0,BE,0.0,0.0,16
2026-05-18 21:30:00,2026-05-18 21:42:00,2026-05-18 21:44:00,BOS,long,4572.6,4565.4,4572.6,4584.3,True,2026-05-18 21:43:00,4572.6,BE,0.0,0.0,2
2026-05-18 21:50:00,2026-05-18 22:01:00,2026-05-18 22:05:00,BOS,long,4575.2,4566.9,4566.9,4588.7,False,,4566.9,SL,-8.3,-83.28,4
2026-05-18 23:05:00,2026-05-18 23:40:00,2026-05-18 23:48:00,BOS,short,4547.2,4553.0,4547.2,4537.8,True,2026-05-18 23:43:00,4547.2,BE,0.0,0.0,8
2026-05-19 00:10:00,2026-05-19 00:25:00,2026-05-19 00:26:00,MSS,long,4547.8,4544.4,4544.4,4553.3,False,,4544.4,SL,-3.4,-34.0,1
2026-05-19 00:25:00,2026-05-19 00:37:00,2026-05-19 00:45:00,MSS,short,4548.4,4555.1,4548.4,4537.6,True,2026-05-19 00:42:00,4548.4,BE,0.0,0.0,8
2026-05-19 02:55:00,2026-05-19 03:01:00,2026-05-19 03:01:00,BOS,short,4543.9,4547.5,4547.5,4538.0,False,,4547.5,SL,-3.6,-36.29,0
2026-05-19 06:35:00,2026-05-19 06:56:00,2026-05-19 07:00:00,BOS,long,4576.8,4574.9,4576.8,4580.0,True,2026-05-19 06:59:00,4580.0,TP,3.2,31.52,4
2026-05-19 07:55:00,2026-05-19 08:00:00,2026-05-19 08:00:00,MSS,short,4588.2,4591.9,4591.9,4582.3,False,,4591.9,SL,-3.7,-36.67,0
2026-05-19 09:30:00,2026-05-19 10:05:00,2026-05-19 10:07:00,MSS,long,4560.4,4557.3,4560.4,4565.3,True,2026-05-19 10:06:00,4560.4,BE,0.0,0.0,2
2026-05-19 11:35:00,2026-05-19 11:41:00,2026-05-19 11:43:00,MSS,long,4553.1,4550.0,4553.1,4558.2,True,2026-05-19 11:42:00,4553.1,BE,0.0,0.0,2
2026-05-19 12:10:00,2026-05-19 12:20:00,2026-05-19 12:26:00,BOS,short,4546.2,4548.8,4546.2,4541.9,True,2026-05-19 12:21:00,4541.9,TP,4.3,42.64,6
2026-05-19 13:00:00,2026-05-19 13:08:00,2026-05-19 13:09:00,MSS,long,4543.7,4540.9,4543.7,4548.2,True,2026-05-19 13:08:00,4548.2,TP,4.5,45.11,1
2026-05-19 13:20:00,2026-05-19 13:29:00,2026-05-19 13:31:00,MSS,short,4543.4,4549.8,4543.4,4533.0,True,2026-05-19 13:30:00,4543.4,BE,0.0,0.0,2
2026-05-19 14:45:00,2026-05-19 14:55:00,2026-05-19 15:05:00,MSS,short,4552.4,4556.1,4552.4,4546.3,True,2026-05-19 14:56:00,4552.4,BE,0.0,0.0,10
2026-05-19 15:05:00,2026-05-19 15:11:00,2026-05-19 15:13:00,MSS,long,4551.9,4547.5,4551.9,4558.9,True,2026-05-19 15:12:00,4551.9,BE,0.0,0.0,2
2026-05-19 15:40:00,2026-05-19 15:46:00,2026-05-19 15:46:00,MSS,short,4549.8,4553.0,4553.0,4544.6,False,,4553.0,SL,-3.2,-32.09,0
2026-05-19 15:45:00,2026-05-19 16:08:00,2026-05-19 16:11:00,MSS,long,4549.6,4544.6,4549.6,4557.8,True,2026-05-19 16:11:00,4549.6,BE,0.0,0.0,3
2026-05-19 16:20:00,2026-05-19 16:35:00,2026-05-19 16:45:00,MSS,short,4547.9,4551.5,4547.9,4542.2,True,2026-05-19 16:37:00,4547.9,BE,0.0,0.0,10
2026-05-19 18:40:00,2026-05-19 18:55:00,2026-05-19 18:58:00,BOS,short,4539.6,4546.6,4546.6,4528.4,False,,4546.6,SL,-7.0,-69.52,3
2026-05-19 19:50:00,2026-05-19 20:08:00,2026-05-19 20:10:00,MSS,short,4543.4,4547.1,4547.1,4537.5,False,,4547.1,SL,-3.7,-36.67,2
2026-05-19 22:10:00,2026-05-19 23:18:00,2026-05-19 23:31:00,MSS,short,4508.5,4517.1,4508.5,4494.5,True,2026-05-19 23:19:00,4508.5,BE,0.0,0.0,13
2026-05-19 23:55:00,2026-05-20 00:05:00,2026-05-20 00:07:00,BOS,long,4507.1,4503.7,4503.7,4512.7,False,,4503.7,SL,-3.4,-34.38,2
2026-05-20 00:05:00,2026-05-20 00:24:00,2026-05-20 00:26:00,MSS,short,4508.7,4513.7,4513.7,4500.6,False,,4513.7,SL,-5.0,-50.04,2
2026-05-20 01:10:00,2026-05-20 01:20:00,2026-05-20 01:24:00,MSS,long,4511.0,4508.7,4508.7,4514.6,False,,4508.7,SL,-2.3,-22.54,4
2026-05-20 01:20:00,2026-05-20 01:29:00,2026-05-20 01:31:00,MSS,short,4511.5,4514.7,4511.5,4506.4,True,2026-05-20 01:29:00,4511.5,BE,0.0,0.0,2
2026-05-20 02:05:00,2026-05-20 02:14:00,2026-05-20 02:16:00,MSS,long,4504.4,4502.5,4504.4,4507.4,True,2026-05-20 02:15:00,4504.4,BE,0.0,0.0,2
2026-05-20 02:20:00,2026-05-20 02:42:00,2026-05-20 02:53:00,MSS,short,4504.1,4507.4,4504.1,4498.7,True,2026-05-20 02:42:00,4498.7,TP,5.4,53.77,11
2026-05-20 03:50:00,2026-05-20 04:11:00,2026-05-20 04:17:00,BOS,short,4490.1,4492.1,4490.1,4486.9,True,2026-05-20 04:12:00,4486.9,TP,3.2,32.14,6
2026-05-20 04:55:00,2026-05-20 06:00:00,2026-05-20 06:00:00,BOS,short,4486.7,4487.8,4487.8,4484.8,False,,4487.8,SL,-1.1,-11.46,0
2026-05-20 06:15:00,2026-05-20 06:34:00,2026-05-20 06:40:00,BOS,short,4486.0,4489.2,4486.0,4480.8,True,2026-05-20 06:37:00,4486.0,BE,0.0,0.0,6
2026-05-20 07:15:00,2026-05-20 08:00:00,2026-05-20 08:02:00,BOS,long,4486.4,4482.9,4486.4,4492.0,True,2026-05-20 08:01:00,4492.0,TP,5.6,56.24,2
2026-05-20 11:05:00,2026-05-20 11:16:00,2026-05-20 11:22:00,BOS,short,4463.9,4469.4,4463.9,4454.9,True,2026-05-20 11:21:00,4463.9,BE,0.0,0.0,6
2026-05-20 12:00:00,2026-05-20 12:27:00,2026-05-20 12:32:00,MSS,long,4464.6,4459.8,4464.6,4472.3,True,2026-05-20 12:27:00,4464.6,BE,0.0,0.0,5
2026-05-20 12:30:00,2026-05-20 13:01:00,2026-05-20 13:01:00,MSS,short,4469.2,4472.6,4472.6,4463.8,False,,4472.6,SL,-3.4,-33.62,0
2026-05-20 13:30:00,2026-05-20 13:44:00,2026-05-20 13:47:00,BOS,long,4474.2,4469.5,4469.5,4481.8,False,,4469.5,SL,-4.7,-46.99,3
2026-05-20 13:45:00,2026-05-20 13:56:00,2026-05-20 14:00:00,MSS,short,4475.5,4481.8,4475.5,4465.4,True,2026-05-20 13:59:00,4475.5,BE,0.0,0.0,4
2026-05-20 14:30:00,2026-05-20 14:49:00,2026-05-20 14:51:00,BOS,short,4476.2,4480.9,4480.9,4468.7,False,,4480.9,SL,-4.7,-46.6,2
2026-05-20 15:05:00,2026-05-20 15:23:00,2026-05-20 15:30:00,MSS,long,4478.7,4473.9,4478.7,4486.4,True,2026-05-20 15:24:00,4486.4,TP,7.7,77.25,7
2026-05-20 16:20:00,2026-05-20 16:37:00,2026-05-20 16:41:00,BOS,long,4481.9,4477.6,4481.9,4488.9,True,2026-05-20 16:38:00,4481.9,BE,0.0,0.0,4
2026-05-20 17:25:00,2026-05-20 17:32:00,2026-05-20 17:39:00,MSS,short,4481.9,4486.1,4486.1,4475.2,False,,4486.1,SL,-4.2,-41.64,7
2026-05-20 17:50:00,2026-05-20 17:59:00,2026-05-20 18:07:00,MSS,long,4487.8,4484.3,4487.8,4493.4,True,2026-05-20 18:01:00,4493.4,TP,5.6,56.24,8
2026-05-20 19:15:00,2026-05-20 19:23:00,2026-05-20 19:24:00,MSS,short,4497.1,4499.0,4497.1,4494.1,True,2026-05-20 19:24:00,4497.1,BE,0.0,0.0,1
2026-05-20 19:25:00,2026-05-20 19:42:00,2026-05-20 19:48:00,MSS,long,4497.4,4493.5,4497.4,4503.7,True,2026-05-20 19:47:00,4497.4,BE,0.0,0.0,6
2026-05-20 20:30:00,2026-05-20 20:56:00,2026-05-20 21:01:00,BOS,long,4499.8,4495.2,4499.8,4507.2,True,2026-05-20 21:00:00,4499.8,BE,0.0,0.0,5
2026-05-20 22:00:00,2026-05-20 22:16:00,2026-05-20 22:16:00,BOS,short,4490.5,4495.0,4495.0,4483.2,False,,4495.0,SL,-4.5,-45.08,0
2026-05-20 23:15:00,2026-05-20 23:25:00,2026-05-20 23:43:00,BOS,long,4538.3,4526.5,4538.3,4557.5,True,2026-05-20 23:39:00,4538.3,BE,0.0,0.0,18
2026-05-21 00:20:00,2026-05-21 00:42:00,2026-05-21 00:43:00,MSS,short,4534.3,4538.5,4534.3,4527.5,True,2026-05-21 00:43:00,4534.3,BE,0.0,0.0,1
2026-05-21 01:25:00,2026-05-21 01:30:00,2026-05-21 01:32:00,MSS,short,4538.1,4540.5,4538.1,4534.2,True,2026-05-21 01:31:00,4534.2,TP,3.9,38.93,2
2026-05-21 03:15:00,2026-05-21 03:23:00,2026-05-21 03:30:00,BOS,long,4546.4,4544.7,4546.4,4549.2,True,2026-05-21 03:23:00,4549.2,TP,2.8,27.81,7
2026-05-21 03:35:00,2026-05-21 03:44:00,2026-05-21 03:46:00,BOS,long,4549.1,4546.2,4549.1,4553.7,True,2026-05-21 03:45:00,4549.1,BE,0.0,0.0,2
2026-05-21 06:05:00,2026-05-21 06:46:00,2026-05-21 06:51:00,BOS,short,4545.6,4549.2,4545.6,4539.7,True,2026-05-21 06:47:00,4539.7,TP,5.9,58.71,5
2026-05-21 07:20:00,2026-05-21 07:30:00,2026-05-21 07:31:00,BOS,short,4540.0,4541.6,4540.0,4537.3,True,2026-05-21 07:30:00,4540.0,BE,0.0,0.0,1
2026-05-21 08:15:00,2026-05-21 08:20:00,2026-05-21 08:24:00,BOS,long,4546.1,4540.7,4540.7,4554.9,False,,4540.7,SL,-5.4,-54.24,4
2026-05-21 11:50:00,2026-05-21 12:02:00,2026-05-21 12:05:00,BOS,short,4534.2,4537.9,4534.2,4528.1,True,2026-05-21 12:03:00,4534.2,BE,0.0,0.0,3
2026-05-21 12:55:00,2026-05-21 13:03:00,2026-05-21 13:06:00,BOS,long,4538.1,4536.6,4538.1,4540.5,True,2026-05-21 13:03:00,4538.1,BE,0.0,0.0,3
2026-05-21 15:25:00,2026-05-21 15:50:00,2026-05-21 16:04:00,BOS,short,4520.5,4525.0,4525.0,4513.3,False,,4525.0,SL,-4.5,-44.69,14
2026-05-21 16:35:00,2026-05-21 16:46:00,2026-05-21 16:55:00,MSS,short,4534.1,4538.1,4534.1,4527.7,True,2026-05-21 16:47:00,4534.1,BE,0.0,0.0,9
2026-05-21 17:10:00,2026-05-21 17:33:00,2026-05-21 17:36:00,MSS,long,4536.3,4532.9,4536.3,4541.7,True,2026-05-21 17:35:00,4536.3,BE,0.0,0.0,3
2026-05-21 18:00:00,2026-05-21 18:07:00,2026-05-21 18:08:00,MSS,long,4532.2,4530.7,4532.2,4534.7,True,2026-05-21 18:08:00,4532.2,BE,0.0,0.0,1
2026-05-21 19:30:00,2026-05-21 19:51:00,2026-05-21 20:06:00,BOS,short,4518.1,4522.4,4518.1,4511.1,True,2026-05-21 19:54:00,4518.1,BE,0.0,0.0,15
2026-05-21 20:05:00,2026-05-21 20:13:00,2026-05-21 20:15:00,MSS,long,4514.7,4511.8,4514.7,4519.5,True,2026-05-21 20:14:00,4514.7,BE,0.0,0.0,2
2026-05-21 20:15:00,2026-05-21 20:33:00,2026-05-21 20:34:00,MSS,short,4516.5,4520.3,4516.5,4510.3,True,2026-05-21 20:33:00,4516.5,BE,0.0,0.0,1
2026-05-21 21:15:00,2026-05-21 21:51:00,2026-05-21 21:52:00,BOS,short,4507.3,4513.8,4513.8,4496.9,False,,4513.8,SL,-6.5,-64.56,1
2026-05-21 21:50:00,2026-05-21 22:16:00,2026-05-21 22:20:00,MSS,long,4501.4,4488.5,4501.4,4522.2,True,2026-05-21 22:17:00,4501.4,BE,0.0,0.0,4
2026-05-22 03:50:00,2026-05-22 03:56:00,2026-05-22 03:56:00,MSS,short,4541.0,4544.5,4544.5,4535.4,False,,4544.5,SL,-3.5,-34.76,0
2026-05-22 04:55:00,2026-05-22 06:00:00,2026-05-22 06:01:00,MSS,long,4542.3,4540.8,4542.3,4544.8,True,2026-05-22 06:00:00,4542.3,BE,0.0,0.0,1
2026-05-22 06:00:00,2026-05-22 06:05:00,2026-05-22 06:06:00,BOS,long,4543.6,4540.8,4543.6,4548.1,True,2026-05-22 06:06:00,4543.6,BE,0.0,0.0,1
2026-05-22 06:40:00,2026-05-22 06:50:00,2026-05-22 06:52:00,BOS,long,4542.5,4540.5,4542.5,4545.7,True,2026-05-22 06:51:00,4542.5,BE,0.0,0.0,2
2026-05-22 08:10:00,2026-05-22 08:21:00,2026-05-22 08:21:00,BOS,short,4535.3,4537.3,4537.3,4532.1,False,,4537.3,SL,-2.0,-19.86,0
2026-05-22 08:35:00,2026-05-22 08:47:00,2026-05-22 08:50:00,MSS,long,4535.2,4530.8,4535.2,4542.2,True,2026-05-22 08:48:00,4535.2,BE,0.0,0.0,3
2026-05-22 08:50:00,2026-05-22 09:01:00,2026-05-22 09:05:00,MSS,short,4536.9,4542.2,4536.9,4528.2,True,2026-05-22 09:01:00,4528.2,TP,8.7,86.52,4
2026-05-22 09:05:00,2026-05-22 09:15:00,2026-05-22 09:18:00,BOS,short,4532.5,4537.6,4532.5,4524.2,True,2026-05-22 09:16:00,4532.5,BE,0.0,0.0,3
2026-05-22 10:30:00,2026-05-22 10:49:00,2026-05-22 11:32:00,BOS,short,4526.3,4530.5,4526.3,4519.6,True,2026-05-22 10:52:00,4526.3,BE,0.0,0.0,43
2026-05-22 12:25:00,2026-05-22 12:35:00,2026-05-22 12:37:00,BOS,long,4530.4,4528.3,4528.3,4533.9,False,,4528.3,SL,-2.1,-21.39,2
2026-05-22 13:00:00,2026-05-22 13:06:00,2026-05-22 13:17:00,BOS,short,4528.7,4531.2,4528.7,4524.6,True,2026-05-22 13:07:00,4524.6,TP,4.1,40.79,11
2026-05-22 13:35:00,2026-05-22 13:55:00,2026-05-22 13:55:00,MSS,long,4529.4,4525.9,4525.9,4535.0,False,,4525.9,SL,-3.5,-34.76,0
2026-05-22 13:55:00,2026-05-22 14:13:00,2026-05-22 14:23:00,MSS,short,4525.0,4535.4,4525.0,4508.3,True,2026-05-22 14:15:00,4525.0,BE,0.0,0.0,10
2026-05-22 14:25:00,2026-05-22 15:36:00,2026-05-22 15:40:00,MSS,long,4520.9,4517.1,4517.1,4527.0,False,,4517.1,SL,-3.8,-37.82,4
2026-05-22 16:15:00,2026-05-22 16:34:00,2026-05-22 16:40:00,MSS,long,4521.5,4516.5,4521.5,4529.6,True,2026-05-22 16:37:00,4521.5,BE,0.0,0.0,6
2026-05-22 17:10:00,2026-05-22 17:38:00,2026-05-22 17:41:00,MSS,short,4522.8,4526.2,4526.2,4517.3,False,,4526.2,SL,-3.4,-34.0,3
2026-05-22 19:00:00,2026-05-22 19:10:00,2026-05-22 19:17:00,MSS,long,4514.8,4513.1,4514.8,4517.5,True,2026-05-22 19:10:00,4514.8,BE,0.0,0.0,7
2026-05-22 19:20:00,2026-05-22 19:26:00,2026-05-22 19:29:00,MSS,short,4516.2,4518.3,4516.2,4512.9,True,2026-05-22 19:27:00,4512.9,TP,3.3,33.37,3
2026-05-22 20:10:00,2026-05-22 20:27:00,2026-05-22 20:32:00,BOS,long,4523.7,4519.0,4519.0,4531.4,False,,4519.0,SL,-4.7,-47.37,5
2026-05-22 20:35:00,2026-05-22 20:59:00,2026-05-22 21:09:00,MSS,short,4529.1,4537.4,4529.1,4515.7,True,2026-05-22 21:00:00,4529.1,BE,0.0,0.0,10
2026-05-23 00:20:00,2026-05-23 00:41:00,2026-05-23 00:42:00,BOS,long,4519.3,4517.8,4519.3,4521.8,True,2026-05-23 00:41:00,4519.3,BE,0.0,0.0,1
2026-05-23 00:40:00,2026-05-23 01:10:00,2026-05-23 01:28:00,MSS,short,4522.4,4528.8,4522.4,4512.1,True,2026-05-23 01:16:00,4522.4,BE,0.0,0.0,18
2026-05-23 01:25:00,2026-05-23 02:00:00,2026-05-23 02:04:00,MSS,long,4519.5,4514.5,4514.5,4527.6,False,,4514.5,SL,-5.0,-50.04,4
2026-05-23 02:00:00,2026-05-23 02:39:00,2026-05-23 03:02:00,MSS,short,4521.0,4525.9,4521.0,4513.2,True,2026-05-23 02:40:00,4513.2,TP,7.8,78.49,23
2026-05-23 03:35:00,2026-05-23 03:53:00,2026-05-23 04:00:00,MSS,long,4508.1,4505.9,4508.1,4511.6,True,2026-05-23 03:53:00,4508.1,BE,0.0,0.0,7
2026-05-23 04:20:00,2026-05-23 04:31:00,2026-05-23 04:32:00,BOS,long,4508.4,4506.2,4508.4,4511.9,True,2026-05-23 04:31:00,4508.4,BE,0.0,0.0,1
2026-05-23 04:30:00,2026-05-23 04:58:00,2026-05-25 08:00:00,MSS,short,4510.2,4511.9,4511.9,4507.4,False,,4569.0,SL,-58.8,-588.19,2
2026-05-25 08:45:00,2026-05-25 08:52:00,2026-05-25 08:55:00,BOS,long,4575.8,4572.2,4572.2,4581.6,False,,4572.2,SL,-3.6,-35.91,3
2026-05-25 08:55:00,2026-05-25 09:00:00,2026-05-25 09:07:00,MSS,short,4576.0,4581.6,4576.0,4566.9,True,2026-05-25 09:00:00,4566.9,TP,9.1,90.85,7
2026-05-25 09:05:00,2026-05-25 09:23:00,2026-05-25 09:27:00,BOS,short,4571.8,4578.1,4571.8,4561.5,True,2026-05-25 09:26:00,4571.8,BE,0.0,0.0,4
2026-05-25 10:05:00,2026-05-25 10:13:00,2026-05-25 10:16:00,MSS,long,4564.6,4561.7,4561.7,4569.3,False,,4561.7,SL,-2.9,-29.03,3
2026-05-25 10:40:00,2026-05-25 10:48:00,2026-05-25 10:54:00,BOS,long,4563.8,4559.6,4563.8,4570.7,True,2026-05-25 10:50:00,4563.8,BE,0.0,0.0,6
2026-05-25 11:40:00,2026-05-25 12:02:00,2026-05-25 12:05:00,MSS,short,4562.5,4565.1,4562.5,4558.4,True,2026-05-25 12:05:00,4562.5,BE,0.0,0.0,3
2026-05-25 12:25:00,2026-05-25 12:33:00,2026-05-25 12:38:00,MSS,long,4562.9,4560.5,4560.5,4566.7,False,,4560.5,SL,-2.4,-23.68,5
2026-05-25 13:00:00,2026-05-25 13:20:00,2026-05-25 13:21:00,BOS,long,4563.0,4560.4,4560.4,4567.3,False,,4560.4,SL,-2.6,-26.36,1
2026-05-25 14:45:00,2026-05-25 15:18:00,2026-05-25 15:18:00,BOS,long,4556.7,4554.5,4554.5,4560.3,False,,4554.5,SL,-2.2,-22.16,0
2026-05-25 15:45:00,2026-05-25 16:24:00,2026-05-25 16:36:00,BOS,long,4557.2,4553.2,4557.2,4563.6,True,2026-05-25 16:30:00,4557.2,BE,0.0,0.0,12
2026-05-25 19:15:00,2026-05-25 19:25:00,2026-05-25 19:38:00,BOS,long,4572.5,4569.4,4572.5,4577.5,True,2026-05-25 19:29:00,4577.5,TP,5.0,50.06,13
2026-05-25 19:35:00,2026-05-25 19:49:00,2026-05-25 19:59:00,BOS,long,4573.9,4571.2,4571.2,4578.2,False,,4571.2,SL,-2.7,-26.74,10
2026-05-25 21:40:00,2026-05-25 21:46:00,2026-05-25 21:47:00,MSS,long,4564.3,4562.5,4562.5,4567.3,False,,4562.5,SL,-1.8,-18.34,1
2026-05-25 22:20:00,2026-05-25 22:28:00,2026-05-25 22:30:00,BOS,long,4569.9,4568.6,4568.6,4572.0,False,,4568.6,SL,-1.3,-12.99,2
2026-05-25 22:50:00,2026-05-25 23:00:00,2026-05-25 23:00:00,MSS,short,4569.1,4570.2,4570.2,4567.2,False,,4570.2,SL,-1.1,-11.46,0
2026-05-25 23:10:00,2026-05-25 23:16:00,2026-05-25 23:25:00,MSS,long,4570.2,4566.9,4570.2,4575.5,True,2026-05-25 23:19:00,4575.5,TP,5.3,53.15,9
2026-05-26 02:25:00,2026-05-26 06:00:00,2026-05-26 06:00:00,MSS,long,4571.2,4569.8,4571.2,4573.5,True,2026-05-26 06:00:00,4573.5,TP,2.3,22.87,0
2026-05-26 06:30:00,2026-05-26 06:41:00,2026-05-26 06:44:00,MSS,short,4575.6,4577.3,4575.6,4572.8,True,2026-05-26 06:41:00,4575.6,BE,0.0,0.0,3
2026-05-26 07:10:00,2026-05-26 07:21:00,2026-05-26 07:24:00,BOS,long,4578.1,4575.7,4575.7,4582.0,False,,4575.7,SL,-2.4,-24.07,3
2026-05-26 08:15:00,2026-05-26 08:27:00,2026-05-26 08:43:00,BOS,short,4549.7,4554.4,4549.7,4542.2,True,2026-05-26 08:38:00,4549.7,BE,0.0,0.0,16
2026-05-26 08:50:00,2026-05-26 08:56:00,2026-05-26 08:59:00,BOS,short,4547.7,4552.6,4547.7,4539.9,True,2026-05-26 08:58:00,4547.7,BE,0.0,0.0,3
2026-05-26 10:05:00,2026-05-26 10:10:00,2026-05-26 10:11:00,MSS,long,4539.9,4539.9,4539.9,4539.9,True,2026-05-26 10:10:00,4539.6,BE,-0.3,-3.0,1
2026-05-26 10:30:00,2026-05-26 10:36:00,2026-05-26 10:42:00,MSS,short,4538.1,4540.1,4538.1,4534.8,True,2026-05-26 10:41:00,4538.1,BE,0.0,0.0,6
2026-05-26 10:45:00,2026-05-26 11:01:00,2026-05-26 11:07:00,BOS,short,4536.5,4539.5,4536.5,4531.6,True,2026-05-26 11:02:00,4536.5,BE,0.0,0.0,6
2026-05-26 13:30:00,2026-05-26 13:40:00,2026-05-26 13:41:00,BOS,long,4531.2,4529.2,4529.2,4534.5,False,,4529.2,SL,-2.0,-20.25,1
2026-05-26 13:45:00,2026-05-26 14:05:00,2026-05-26 14:07:00,MSS,short,4532.1,4535.5,4532.1,4526.6,True,2026-05-26 14:05:00,4532.1,BE,0.0,0.0,2
2026-05-26 14:20:00,2026-05-26 14:28:00,2026-05-26 14:28:00,MSS,long,4531.7,4529.5,4529.5,4535.2,False,,4529.5,SL,-2.2,-21.77,0
2026-05-26 15:05:00,2026-05-26 15:48:00,2026-05-26 15:50:00,MSS,short,4531.8,4534.3,4534.3,4527.8,False,,4534.3,SL,-2.5,-24.83,2
2026-05-26 17:10:00,2026-05-26 17:17:00,2026-05-26 17:19:00,MSS,short,4523.1,4525.4,4525.4,4519.3,False,,4525.4,SL,-2.3,-23.3,2
2026-05-26 17:35:00,2026-05-26 17:59:00,2026-05-26 18:01:00,BOS,short,4522.7,4526.7,4522.7,4516.2,True,2026-05-26 18:01:00,4522.7,BE,0.0,0.0,2
2026-05-26 20:35:00,2026-05-26 20:42:00,2026-05-26 20:47:00,BOS,short,4510.5,4516.2,4516.2,4501.3,False,,4516.2,SL,-5.7,-56.92,5
2026-05-26 22:10:00,2026-05-26 22:22:00,2026-05-26 22:32:00,BOS,short,4516.4,4521.3,4521.3,4508.4,False,,4521.3,SL,-4.9,-49.28,10
2026-05-26 22:35:00,2026-05-26 22:55:00,2026-05-26 23:03:00,MSS,long,4515.0,4508.4,4508.4,4525.6,False,,4508.4,SL,-6.6,-65.7,8
2026-05-26 23:50:00,2026-05-27 00:03:00,2026-05-27 00:06:00,MSS,long,4505.7,4502.3,4505.7,4511.2,True,2026-05-27 00:04:00,4505.7,BE,0.0,0.0,3
2026-05-27 00:10:00,2026-05-27 00:19:00,2026-05-27 00:24:00,MSS,short,4506.5,4511.2,4506.5,4498.8,True,2026-05-27 00:20:00,4506.5,BE,0.0,0.0,5
2026-05-27 01:55:00,2026-05-27 02:31:00,2026-05-27 03:16:00,BOS,short,4495.9,4501.2,4501.2,4487.2,False,,4501.2,SL,-5.3,-53.48,45
2026-05-27 06:05:00,2026-05-27 06:10:00,2026-05-27 06:18:00,MSS,short,4506.6,4508.5,4506.6,4503.4,True,2026-05-27 06:11:00,4506.6,BE,-0.0,-0.48,8
2026-05-27 06:30:00,2026-05-27 06:53:00,2026-05-27 06:56:00,BOS,short,4507.0,4510.9,4510.9,4500.8,False,,4510.9,SL,-3.9,-38.58,3
2026-05-27 08:20:00,2026-05-27 08:46:00,2026-05-27 08:54:00,MSS,short,4521.9,4525.8,4521.9,4515.6,True,2026-05-27 08:48:00,4515.6,TP,6.3,63.04,8
2026-05-27 08:55:00,2026-05-27 09:10:00,2026-05-27 09:12:00,BOS,short,4518.9,4522.0,4518.9,4514.0,True,2026-05-27 09:11:00,4518.9,BE,0.0,0.0,2
2026-05-27 09:10:00,2026-05-27 09:19:00,2026-05-27 09:23:00,MSS,long,4515.2,4512.0,4515.2,4520.5,True,2026-05-27 09:20:00,4520.5,TP,5.3,52.53,4
2026-05-27 10:35:00,2026-05-27 10:52:00,2026-05-27 10:57:00,BOS,short,4503.0,4505.3,4505.3,4499.3,False,,4505.3,SL,-2.3,-22.92,5
2026-05-27 11:00:00,2026-05-27 11:36:00,2026-05-27 11:51:00,MSS,long,4502.0,4497.3,4502.0,4509.7,True,2026-05-27 11:41:00,4502.0,BE,0.0,0.0,15
2026-05-27 11:55:00,2026-05-27 12:08:00,2026-05-27 12:11:00,MSS,short,4501.2,4504.7,4501.2,4495.5,True,2026-05-27 12:09:00,4501.2,BE,0.0,0.0,3
2026-05-27 12:25:00,2026-05-27 12:34:00,2026-05-27 12:39:00,BOS,short,4500.7,4502.2,4500.7,4498.3,True,2026-05-27 12:34:00,4500.7,BE,0.0,0.0,5
2026-05-27 13:10:00,2026-05-27 13:15:00,2026-05-27 13:16:00,MSS,short,4504.3,4502.2,4504.3,4507.7,True,2026-05-27 13:15:00,4505.1,BE,-0.8,-7.99,1
2026-05-27 15:10:00,2026-05-27 15:23:00,2026-05-27 15:24:00,BOS,short,4484.7,4487.9,4487.9,4479.4,False,,4487.9,SL,-3.2,-32.47,1
2026-05-27 15:45:00,2026-05-27 16:01:00,2026-05-27 16:18:00,BOS,short,4483.6,4487.9,4487.9,4476.7,False,,4487.9,SL,-4.3,-42.78,17
2026-05-27 16:15:00,2026-05-27 16:32:00,2026-05-27 16:36:00,MSS,long,4485.0,4482.3,4485.0,4489.4,True,2026-05-27 16:33:00,4489.4,TP,4.4,43.88,4
2026-05-27 16:40:00,2026-05-27 17:06:00,2026-05-27 17:13:00,BOS,long,4488.7,4484.7,4488.7,4495.2,True,2026-05-27 17:12:00,4488.6,BE,-0.1,-1.11,7
2026-05-27 17:50:00,2026-05-27 18:00:00,2026-05-27 18:00:00,BOS,long,4488.6,4486.8,4486.8,4491.6,False,,4486.8,SL,-1.8,-18.34,0
2026-05-27 19:55:00,2026-05-27 20:03:00,2026-05-27 20:07:00,BOS,short,4434.4,4442.0,4434.4,4422.1,True,2026-05-27 20:03:00,4434.4,BE,0.0,0.0,4
2026-05-27 20:15:00,2026-05-27 20:58:00,2026-05-27 21:05:00,MSS,long,4436.0,4426.2,4426.2,4451.8,False,,4426.2,SL,-9.8,-97.79,7
2026-05-27 21:25:00,2026-05-27 21:31:00,2026-05-27 21:33:00,BOS,short,4411.3,4419.2,4419.2,4398.4,False,,4419.2,SL,-7.9,-79.46,2
2026-05-28 01:00:00,2026-05-28 01:05:00,2026-05-28 01:07:00,MSS,short,4449.1,4451.4,4449.1,4445.5,True,2026-05-28 01:06:00,4445.5,TP,3.6,36.46,2
2026-05-28 01:05:00,2026-05-28 01:29:00,2026-05-28 01:31:00,BOS,short,4447.3,4451.4,4451.4,4440.6,False,,4451.4,SL,-4.1,-41.26,2
2026-05-28 02:00:00,2026-05-28 02:17:00,2026-05-28 02:20:00,MSS,short,4450.8,4452.9,4452.9,4447.3,False,,4452.9,SL,-2.1,-21.39,3
2026-05-28 02:20:00,2026-05-28 02:37:00,2026-05-28 03:04:00,MSS,long,4450.2,4446.0,4450.2,4457.0,True,2026-05-28 02:40:00,4450.2,BE,0.0,0.0,27
2026-05-28 03:15:00,2026-05-28 03:23:00,2026-05-28 03:32:00,MSS,short,4451.4,4453.5,4451.4,4447.9,True,2026-05-28 03:25:00,4451.4,BE,0.0,0.0,9
2026-05-28 03:35:00,2026-05-28 03:51:00,2026-05-28 03:58:00,MSS,long,4450.2,4448.1,4448.1,4453.6,False,,4448.1,SL,-2.1,-21.01,7
2026-05-28 04:10:00,2026-05-28 04:41:00,2026-05-28 04:55:00,BOS,long,4450.1,4447.7,4450.1,4453.9,True,2026-05-28 04:41:00,4453.9,TP,3.8,38.32,14
2026-05-28 06:05:00,2026-05-28 06:33:00,2026-05-28 06:40:00,BOS,long,4453.4,4449.9,4453.4,4459.0,True,2026-05-28 06:35:00,4459.4,TP,6.0,60.24,6
2026-05-28 07:20:00,2026-05-28 07:39:00,2026-05-28 07:45:00,BOS,short,4450.2,4451.8,4450.2,4447.5,True,2026-05-28 07:41:00,4447.5,TP,2.7,26.57,5
2026-05-28 07:45:00,2026-05-28 08:02:00,2026-05-28 08:14:00,BOS,short,4448.4,4450.8,4448.4,4444.5,True,2026-05-28 08:03:00,4444.5,TP,3.9,38.93,7
2026-05-28 12:55:00,2026-05-28 13:06:00,2026-05-28 13:09:00,MSS,long,4368.3,4366.7,4368.3,4371.0,True,2026-05-28 13:06:00,4368.3,BE,0.0,0.0,2
2026-05-28 15:15:00,2026-05-28 15:38:00,2026-05-28 15:40:00,BOS,long,4387.3,4385.6,4385.6,4390.0,False,,4385.6,SL,-1.7,-16.81,2
2026-05-28 16:05:00,2026-05-28 16:32:00,2026-05-28 16:34:00,MSS,long,4384.4,4381.4,4384.4,4389.2,True,2026-05-28 16:34:00,4389.2,TP,4.8,48.2,1
2026-05-28 17:00:00,2026-05-28 17:11:00,2026-05-28 17:21:00,MSS,long,4385.1,4383.3,4385.1,4388.1,True,2026-05-28 17:14:00,4389.8,TP,4.7,46.66,3
2026-05-28 19:15:00,2026-05-28 19:25:00,2026-05-28 19:29:00,MSS,long,4385.6,4384.0,4384.0,4388.3,False,,4382.6,SL,-3.0,-30.43,1
2026-05-28 19:25:00,2026-05-28 19:37:00,2026-05-28 19:40:00,MSS,short,4386.1,4388.3,4386.1,4382.6,True,2026-05-28 19:39:00,4388.0,BE,-1.9,-18.77,3
2026-05-28 20:15:00,2026-05-28 20:30:00,2026-05-28 20:31:00,MSS,short,4389.1,4391.0,4391.0,4386.0,False,,4391.3,SL,-2.2,-22.1,1
2026-05-28 21:30:00,2026-05-28 21:46:00,2026-05-28 21:47:00,MSS,short,4425.9,4431.6,4425.9,4416.6,True,2026-05-28 21:47:00,4425.9,BE,0.0,0.0,1
