signal_time,entry_time,exit_time,kind,direction,entry,sl,final_sl,tp,break_even_moved,break_even_time,exit_price,exit_reason,points,dollars,bars_held
2025-09-05 02:35:00,2025-09-05 02:55:00,2025-09-05 02:56:00,MSS,long,3573.6,3572.4,3572.4,3575.6,False,,3572.4,SL,-1.2,-12.22,1
2025-09-05 06:40:00,2025-09-05 07:06:00,2025-09-05 07:17:00,BOS,short,3568.5,3569.6,3569.6,3566.6,False,,3569.6,SL,-1.1,-11.46,8
2025-09-05 09:00:00,2025-09-05 09:11:00,2025-09-05 09:29:00,BOS,long,3580.5,3579.0,3579.0,3583.0,False,,3583.0,TP,2.5,24.72,17
2025-09-05 09:45:00,2025-09-05 10:06:00,2025-09-05 10:27:00,MSS,short,3583.1,3584.7,3584.7,3580.4,False,,3580.4,TP,2.7,26.57,19
2025-09-05 10:30:00,2025-09-05 10:51:00,2025-09-05 11:31:00,BOS,short,3581.3,3584.6,3584.6,3576.0,False,,3584.6,SL,-3.3,-32.85,38
2025-09-05 12:35:00,2025-09-05 12:44:00,2025-09-05 12:48:00,BOS,long,3588.1,3587.2,3587.2,3589.5,False,,3587.2,SL,-0.9,-8.79,3
2025-09-05 13:20:00,2025-09-05 13:32:00,2025-09-05 13:36:00,MSS,short,3587.5,3588.6,3588.6,3585.7,False,,3588.6,SL,-1.1,-11.08,2
2025-09-05 13:35:00,2025-09-05 13:44:00,2025-09-05 14:06:00,MSS,long,3587.3,3585.7,3585.7,3590.0,False,,3585.7,SL,-1.6,-16.43,22
2025-09-05 16:45:00,2025-09-05 17:02:00,2025-09-05 17:03:00,BOS,short,3576.6,3577.2,3577.2,3575.6,False,,3577.4,SL,-0.8,-8.11,1
2025-09-05 18:25:00,2025-09-05 18:31:00,2025-09-05 18:31:00,BOS,long,3579.1,3578.5,3578.5,3580.0,False,,3578.5,SL,-0.6,-5.73,0
2025-09-05 18:35:00,2025-09-05 18:49:00,2025-09-05 19:01:00,MSS,short,3578.9,3580.0,3580.0,3577.1,False,,3580.3,SL,-1.4,-14.08,8
2025-09-05 19:00:00,2025-09-05 19:20:00,2025-09-05 19:28:00,MSS,long,3578.4,3576.8,3576.8,3581.1,False,,3576.8,SL,-1.6,-16.43,6
2025-09-05 19:25:00,2025-09-05 19:59:00,2025-09-05 20:02:00,MSS,short,3580.1,3582.5,3582.5,3576.2,False,,3576.2,TP,3.9,38.93,3
2025-09-05 20:05:00,2025-09-05 20:12:00,2025-09-05 20:30:00,BOS,long,3577.7,3575.1,3575.1,3582.0,False,,3582.4,TP,4.7,46.64,18
2025-09-05 22:00:00,2025-09-05 22:08:00,2025-09-05 22:18:00,BOS,long,3619.8,3617.2,3617.2,3624.0,False,,3617.2,SL,-2.6,-25.98,10
2025-09-06 00:05:00,2025-09-06 00:40:00,2025-09-06 00:48:00,BOS,long,3619.6,3617.0,3617.0,3623.7,False,,3623.7,TP,4.1,41.41,8
2025-09-06 01:00:00,2025-09-06 01:23:00,2025-09-06 01:30:00,MSS,short,3623.0,3625.2,3625.2,3619.4,False,,3625.2,SL,-2.2,-22.16,7
2025-09-06 02:30:00,2025-09-06 02:40:00,2025-09-06 02:46:00,BOS,short,3619.0,3620.2,3620.2,3617.0,False,,3620.2,SL,-1.2,-12.22,6
2025-09-06 02:45:00,2025-09-06 03:12:00,2025-09-06 03:38:00,MSS,long,3618.9,3617.0,3617.0,3622.0,False,,3617.0,SL,-1.9,-19.1,20
2025-09-06 03:35:00,2025-09-06 03:48:00,2025-09-06 04:00:00,MSS,short,3618.3,3619.5,3619.5,3616.4,False,,3616.4,TP,1.9,19.16,12
2025-09-06 04:00:00,2025-09-06 04:08:00,2025-09-08 06:00:00,BOS,short,3615.5,3618.9,3618.9,3609.9,False,,3609.9,TP,5.6,55.62,43
2025-09-08 07:35:00,2025-09-08 08:00:00,2025-09-08 08:00:00,MSS,long,3600.5,3599.6,3599.6,3601.9,False,,3599.6,SL,-0.9,-8.79,0
2025-09-08 08:20:00,2025-09-08 08:31:00,2025-09-08 08:53:00,MSS,long,3599.7,3598.2,3598.2,3602.0,False,,3602.0,TP,2.3,23.48,17
2025-09-08 09:00:00,2025-09-08 09:06:00,2025-09-08 09:09:00,BOS,long,3602.9,3599.0,3599.0,3609.2,False,,3599.0,SL,-3.9,-38.96,3
2025-09-08 09:55:00,2025-09-08 10:11:00,2025-09-08 10:24:00,MSS,long,3600.7,3598.8,3598.8,3603.9,False,,3603.9,TP,3.2,31.52,13
2025-09-08 10:30:00,2025-09-08 11:11:00,2025-09-08 11:30:00,BOS,long,3601.6,3599.0,3599.0,3605.9,False,,3599.0,SL,-2.6,-26.36,16
2025-09-08 13:00:00,2025-09-08 13:30:00,2025-09-08 13:32:00,MSS,long,3595.0,3594.1,3594.1,3596.4,False,,3596.4,TP,1.4,14.21,2
2025-09-08 14:10:00,2025-09-08 14:16:00,2025-09-08 14:29:00,BOS,long,3603.4,3601.8,3601.8,3605.9,False,,3605.9,TP,2.5,25.34,13
2025-09-08 16:15:00,2025-09-08 17:02:00,2025-09-08 17:08:00,BOS,long,3620.9,3619.0,3619.0,3623.9,False,,3623.9,TP,3.0,30.28,5
2025-09-08 18:00:00,2025-09-08 18:53:00,2025-09-08 18:53:00,BOS,long,3625.8,3625.1,3625.1,3627.0,False,,3625.1,SL,-0.7,-7.26,0
2025-09-08 18:50:00,2025-09-08 18:58:00,2025-09-08 19:41:00,MSS,short,3628.3,3630.7,3630.7,3624.3,False,,3624.3,TP,4.0,39.55,36
2025-09-08 19:55:00,2025-09-08 20:10:00,2025-09-08 20:31:00,MSS,long,3626.4,3623.8,3623.8,3630.6,False,,3630.6,TP,4.2,42.02,21
2025-09-08 21:10:00,2025-09-08 21:17:00,2025-09-08 21:31:00,BOS,long,3636.9,3633.5,3633.5,3642.4,False,,3633.5,SL,-3.4,-34.0,14
2025-09-08 22:05:00,2025-09-08 22:18:00,2025-09-08 22:45:00,BOS,long,3642.5,3638.8,3638.8,3648.5,False,,3648.5,TP,6.0,59.95,27
2025-09-08 23:10:00,2025-09-08 23:18:00,2025-09-08 23:26:00,BOS,long,3653.3,3651.3,3651.3,3656.6,False,,3651.3,SL,-2.0,-20.25,8
2025-09-09 00:00:00,2025-09-09 00:07:00,2025-09-09 00:22:00,BOS,short,3650.4,3652.2,3652.2,3647.6,False,,3652.2,SL,-1.8,-17.57,15
2025-09-09 00:25:00,2025-09-09 00:35:00,2025-09-09 00:39:00,MSS,long,3650.7,3649.1,3649.1,3653.2,False,,3648.5,SL,-2.2,-21.66,3
2025-09-09 00:35:00,2025-09-09 00:47:00,2025-09-09 01:05:00,MSS,short,3651.2,3653.2,3653.2,3648.0,False,,3648.0,TP,3.2,32.14,16
2025-09-09 01:55:00,2025-09-09 02:09:00,2025-09-09 02:50:00,BOS,short,3646.5,3647.8,3647.8,3644.5,False,,3647.8,SL,-1.3,-12.61,33
2025-09-09 04:40:00,2025-09-09 06:02:00,2025-09-09 06:27:00,MSS,long,3647.2,3646.1,3646.1,3648.9,False,,3645.9,SL,-1.3,-12.7,14
2025-09-09 07:15:00,2025-09-09 07:32:00,2025-09-09 07:51:00,BOS,short,3643.5,3645.3,3645.3,3640.7,False,,3645.3,SL,-1.8,-17.57,13
2025-09-09 08:50:00,2025-09-09 08:59:00,2025-09-09 09:02:00,BOS,long,3650.8,3649.8,3649.8,3652.5,False,,3652.5,TP,1.7,16.69,3
2025-09-09 09:00:00,2025-09-09 09:06:00,2025-09-09 09:07:00,BOS,long,3651.8,3650.4,3650.4,3654.0,False,,3650.4,SL,-1.4,-13.75,1
2025-09-09 09:05:00,2025-09-09 09:16:00,2025-09-09 09:19:00,MSS,short,3651.7,3654.0,3654.0,3648.0,False,,3654.0,SL,-2.3,-22.92,3
2025-09-09 10:05:00,2025-09-09 10:51:00,2025-09-09 11:11:00,BOS,long,3659.1,3655.5,3655.5,3664.9,False,,3655.5,SL,-3.6,-35.91,19
2025-09-09 13:15:00,2025-09-09 13:21:00,2025-09-09 13:23:00,MSS,short,3665.5,3666.9,3666.9,3663.3,False,,3666.9,SL,-1.4,-13.75,2
2025-09-09 13:30:00,2025-09-09 13:58:00,2025-09-09 14:00:00,MSS,long,3664.9,3663.3,3663.3,3667.5,False,,3663.3,SL,-1.6,-16.04,2
2025-09-09 15:20:00,2025-09-09 15:44:00,2025-09-09 15:47:00,BOS,long,3656.3,3654.3,3654.3,3659.5,False,,3654.3,SL,-2.0,-19.86,3
2025-09-09 18:30:00,2025-09-09 19:00:00,2025-09-09 19:20:00,MSS,short,3663.1,3663.9,3663.9,3661.8,False,,3663.9,SL,-0.8,-8.02,13
2025-09-09 19:20:00,2025-09-09 19:41:00,2025-09-09 19:44:00,BOS,short,3663.2,3663.7,3663.7,3662.3,False,,3663.7,SL,-0.5,-5.35,3
2025-09-09 19:45:00,2025-09-09 20:06:00,2025-09-09 20:08:00,BOS,short,3662.2,3663.7,3663.7,3659.9,False,,3663.9,SL,-1.7,-16.52,2
2025-09-09 20:05:00,2025-09-09 20:21:00,2025-09-09 20:38:00,MSS,long,3659.9,3656.8,3656.8,3664.9,False,,3656.8,SL,-3.1,-30.94,17
2025-09-09 20:35:00,2025-09-09 21:04:00,2025-09-09 21:13:00,MSS,short,3661.7,3665.5,3665.5,3655.6,False,,3665.5,SL,-3.8,-37.82,9
2025-09-09 22:30:00,2025-09-09 22:46:00,2025-09-09 23:07:00,BOS,short,3659.6,3665.1,3665.1,3650.6,False,,3650.6,TP,9.0,89.61,21
2025-09-10 00:05:00,2025-09-10 00:20:00,2025-09-10 00:34:00,BOS,long,3654.2,3651.8,3651.8,3658.2,False,,3658.2,TP,4.0,39.55,14
2025-09-10 02:10:00,2025-09-10 02:26:00,2025-09-10 02:30:00,MSS,long,3653.2,3652.3,3652.3,3654.7,False,,3654.7,TP,1.5,14.83,4
2025-09-10 04:55:00,2025-09-10 06:43:00,2025-09-10 06:45:00,BOS,short,3637.1,3638.7,3638.7,3634.5,False,,3638.7,SL,-1.6,-16.04,2
2025-09-10 07:10:00,2025-09-10 07:36:00,2025-09-10 07:56:00,BOS,long,3644.1,3642.2,3642.2,3647.3,False,,3642.2,SL,-1.9,-19.48,18
2025-09-10 08:45:00,2025-09-10 09:03:00,2025-09-10 09:05:00,BOS,short,3636.4,3639.2,3639.2,3631.8,False,,3631.8,TP,4.6,45.73,2
2025-09-10 09:25:00,2025-09-10 09:31:00,2025-09-10 09:42:00,BOS,short,3634.4,3638.3,3638.3,3628.2,False,,3638.3,SL,-3.9,-38.58,11
2025-09-10 10:30:00,2025-09-10 10:41:00,2025-09-10 10:43:00,MSS,short,3642.4,3644.0,3644.0,3639.7,False,,3644.0,SL,-1.6,-16.43,2
2025-09-10 12:50:00,2025-09-10 13:19:00,2025-09-10 13:21:00,BOS,long,3649.8,3648.7,3648.7,3651.6,False,,3651.6,TP,1.8,17.92,2
2025-09-10 13:55:00,2025-09-10 14:05:00,2025-09-10 14:09:00,BOS,long,3650.7,3649.6,3649.6,3652.6,False,,3652.6,TP,1.9,18.54,4
2025-09-10 14:05:00,2025-09-10 14:42:00,2025-09-10 14:44:00,BOS,long,3650.9,3649.5,3649.5,3653.2,False,,3653.2,TP,2.3,22.87,2
2025-09-10 15:00:00,2025-09-10 15:32:00,2025-09-10 15:37:00,BOS,long,3653.4,3652.2,3652.2,3655.4,False,,3655.6,TP,2.2,21.78,5
2025-09-10 17:20:00,2025-09-10 17:29:00,2025-09-10 17:31:00,BOS,long,3655.1,3654.7,3654.7,3655.8,False,,3656.3,TP,1.2,11.8,1
2025-09-10 18:20:00,2025-09-10 19:03:00,2025-09-10 19:03:00,BOS,long,3663.6,3662.2,3662.2,3665.8,False,,3662.2,SL,-1.4,-13.75,0
2025-09-10 19:00:00,2025-09-10 19:13:00,2025-09-10 19:41:00,MSS,short,3664.9,3667.8,3667.8,3660.1,False,,3660.1,TP,4.8,47.59,24
2025-09-10 20:10:00,2025-09-10 20:17:00,2025-09-10 20:22:00,BOS,short,3659.7,3660.8,3660.8,3657.8,False,,3660.8,SL,-1.1,-11.46,5
2025-09-10 20:30:00,2025-09-10 20:35:00,2025-09-10 20:37:00,MSS,long,3661.8,3657.5,3657.5,3668.8,False,,3657.5,SL,-4.3,-43.17,2
2025-09-10 22:10:00,2025-09-10 22:41:00,2025-09-10 22:43:00,BOS,long,3661.6,3659.5,3659.5,3664.9,False,,3659.5,SL,-2.1,-20.63,2
2025-09-10 23:20:00,2025-09-10 23:30:00,2025-09-11 02:20:00,BOS,short,3655.4,3659.1,3659.1,3649.4,False,,3659.1,SL,-3.7,-37.05,150
2025-09-11 03:30:00,2025-09-11 03:48:00,2025-09-11 03:54:00,BOS,short,3650.4,3652.2,3652.2,3647.4,False,,3652.3,SL,-1.9,-19.34,6
2025-09-11 04:35:00,2025-09-11 06:00:00,2025-09-11 06:00:00,MSS,short,3651.3,3652.5,3652.5,3649.4,False,,3652.5,SL,-1.2,-11.84,0
2025-09-11 06:00:00,2025-09-11 06:11:00,2025-09-11 06:16:00,MSS,long,3651.3,3649.2,3649.2,3654.7,False,,3649.0,SL,-2.3,-23.01,5
2025-09-11 08:30:00,2025-09-11 09:00:00,2025-09-11 09:01:00,MSS,short,3655.4,3656.2,3656.2,3654.0,False,,3652.8,TP,2.6,25.6,1
2025-09-11 11:40:00,2025-09-11 11:51:00,2025-09-11 12:10:00,BOS,short,3641.7,3643.0,3643.0,3639.6,False,,3643.0,SL,-1.3,-12.99,15
2025-09-11 13:35:00,2025-09-11 13:45:00,2025-09-11 13:56:00,MSS,long,3636.4,3633.3,3633.3,3641.4,False,,3633.1,SL,-3.3,-32.94,11
2025-09-11 14:40:00,2025-09-11 14:56:00,2025-09-11 15:02:00,BOS,long,3642.1,3640.0,3640.0,3645.5,False,,3640.0,SL,-2.1,-21.01,4
2025-09-11 16:00:00,2025-09-11 16:11:00,2025-09-11 16:37:00,MSS,long,3637.7,3635.8,3635.8,3640.8,False,,3635.8,SL,-1.9,-19.1,19
2025-09-11 18:15:00,2025-09-11 18:26:00,2025-09-11 18:36:00,MSS,long,3630.1,3628.9,3628.9,3632.1,False,,3632.1,TP,2.0,19.78,10
2025-09-11 19:35:00,2025-09-11 20:13:00,2025-09-11 20:13:00,BOS,short,3628.5,3629.7,3629.7,3626.6,False,,3629.7,SL,-1.2,-11.84,0
2025-09-11 20:20:00,2025-09-11 20:30:00,2025-09-11 20:30:00,MSS,long,3630.6,3627.1,3627.1,3636.2,False,,3627.1,SL,-3.5,-34.76,0
2025-09-11 20:30:00,2025-09-11 20:47:00,2025-09-11 21:37:00,BOS,long,3636.0,3627.1,3627.1,3650.5,False,,3627.1,SL,-8.9,-89.39,50
2025-09-11 22:05:00,2025-09-11 22:47:00,2025-09-11 23:14:00,MSS,long,3638.2,3634.7,3634.7,3643.8,False,,3643.8,TP,5.6,56.24,25
2025-09-12 01:00:00,2025-09-12 01:24:00,2025-09-12 02:30:00,BOS,short,3644.9,3646.8,3646.8,3641.8,False,,3641.8,TP,3.1,30.9,52
2025-09-12 03:15:00,2025-09-12 03:30:00,2025-09-12 03:34:00,BOS,long,3645.1,3644.4,3644.4,3646.2,False,,3646.6,TP,1.5,15.12,2
2025-09-12 03:50:00,2025-09-12 04:09:00,2025-09-12 04:11:00,MSS,short,3647.4,3648.0,3648.0,3646.4,False,,3646.0,TP,1.4,13.89,1
2025-09-12 10:05:00,2025-09-12 10:47:00,2025-09-12 10:51:00,BOS,long,3656.8,3655.0,3655.0,3659.6,False,,3659.6,TP,2.8,28.43,4
2025-09-12 11:55:00,2025-09-12 12:07:00,2025-09-12 12:08:00,BOS,long,3662.2,3661.4,3661.4,3663.6,False,,3663.6,TP,1.4,13.6,1
2025-09-12 13:15:00,2025-09-12 13:28:00,2025-09-12 13:29:00,BOS,long,3664.7,3663.7,3663.7,3666.4,False,,3663.7,SL,-1.0,-10.31,1
2025-09-12 13:25:00,2025-09-12 13:33:00,2025-09-12 13:37:00,MSS,short,3665.4,3666.5,3666.5,3663.5,False,,3663.5,TP,1.9,18.54,4
2025-09-12 15:05:00,2025-09-12 15:23:00,2025-09-12 15:31:00,MSS,long,3660.3,3659.0,3659.0,3662.3,False,,3659.0,SL,-1.3,-12.61,5
2025-09-12 16:00:00,2025-09-12 16:10:00,2025-09-12 16:10:00,MSS,long,3657.9,3656.9,3656.9,3659.4,False,,3656.9,SL,-1.0,-9.55,0
2025-09-12 16:45:00,2025-09-12 17:04:00,2025-09-12 17:04:00,BOS,short,3653.7,3655.1,3655.1,3651.4,False,,3655.1,SL,-1.4,-14.13,0
2025-09-12 21:40:00,2025-09-12 21:47:00,2025-09-12 21:48:00,BOS,long,3657.9,3655.5,3655.5,3661.7,False,,3655.5,SL,-2.4,-23.68,1
2025-09-12 22:15:00,2025-09-12 22:35:00,2025-09-12 22:36:00,BOS,long,3660.0,3658.4,3658.4,3662.7,False,,3658.4,SL,-1.6,-16.43,1
2025-09-13 04:35:00,2025-09-13 04:45:00,2025-09-13 04:50:00,BOS,short,3651.5,3652.1,3652.1,3650.5,False,,3652.1,SL,-0.6,-6.11,4
2025-09-15 06:00:00,2025-09-15 06:10:00,2025-09-15 06:19:00,MSS,long,3652.8,3651.5,3651.5,3654.9,False,,3651.4,SL,-1.4,-13.99,9
2025-09-15 07:30:00,2025-09-15 08:00:00,2025-09-15 08:03:00,BOS,short,3646.6,3647.9,3647.9,3644.4,False,,3644.4,TP,2.2,21.63,2
2025-09-15 08:10:00,2025-09-15 08:30:00,2025-09-15 08:39:00,MSS,long,3644.9,3642.1,3642.1,3649.5,False,,3642.1,SL,-2.8,-28.27,9
2025-09-15 10:55:00,2025-09-15 11:05:00,2025-09-15 11:33:00,MSS,short,3650.5,3652.5,3652.5,3647.3,False,,3652.6,SL,-2.1,-20.86,24
2025-09-15 12:55:00,2025-09-15 13:07:00,2025-09-15 13:10:00,MSS,long,3652.6,3652.0,3652.0,3653.7,False,,3652.0,SL,-0.6,-6.49,2
2025-09-15 13:10:00,2025-09-15 13:20:00,2025-09-15 13:21:00,MSS,short,3652.6,3653.8,3653.8,3650.7,False,,3653.9,SL,-1.3,-12.84,1
2025-09-15 15:50:00,2025-09-15 16:13:00,2025-09-15 16:49:00,BOS,long,3649.9,3648.7,3648.7,3651.9,False,,3648.7,SL,-1.2,-12.22,20
2025-09-15 16:45:00,2025-09-15 16:53:00,2025-09-15 16:53:00,BOS,short,3649.2,3649.8,3649.8,3648.3,False,,3649.8,SL,-0.6,-5.73,0
2025-09-15 17:15:00,2025-09-15 18:13:00,2025-09-15 18:17:00,MSS,short,3652.1,3653.5,3653.5,3649.9,False,,3653.5,SL,-1.4,-13.75,4
2025-09-15 18:15:00,2025-09-15 18:53:00,2025-09-15 20:47:00,MSS,long,3647.7,3643.7,3643.7,3654.1,False,,3654.1,TP,6.4,64.27,103
2025-09-16 00:25:00,2025-09-16 00:37:00,2025-09-16 00:38:00,BOS,long,3691.3,3689.4,3689.4,3694.3,False,,3689.4,SL,-1.9,-18.72,1
2025-09-16 00:35:00,2025-09-16 01:32:00,2025-09-16 02:38:00,MSS,short,3692.0,3695.2,3695.2,3686.7,False,,3686.7,TP,5.3,52.53,60
2025-09-16 02:35:00,2025-09-16 03:12:00,2025-09-16 03:39:00,BOS,short,3688.9,3690.6,3690.6,3686.2,False,,3690.6,SL,-1.7,-16.81,22
2025-09-16 04:30:00,2025-09-16 04:36:00,2025-09-16 04:46:00,MSS,short,3691.3,3691.8,3691.8,3690.5,False,,3691.9,SL,-0.6,-5.97,8
2025-09-16 04:55:00,2025-09-16 06:01:00,2025-09-16 06:09:00,BOS,short,3690.8,3691.9,3691.9,3689.1,False,,3689.1,TP,1.7,17.3,8
2025-09-16 06:05:00,2025-09-16 07:03:00,2025-09-16 07:46:00,BOS,short,3689.8,3691.3,3691.3,3687.5,False,,3686.8,TP,3.0,30.48,22
2025-09-16 08:55:00,2025-09-16 09:02:00,2025-09-16 09:04:00,BOS,long,3693.6,3692.0,3692.0,3696.2,False,,3692.0,SL,-1.6,-16.04,2
2025-09-16 09:30:00,2025-09-16 09:36:00,2025-09-16 09:49:00,MSS,long,3688.0,3686.1,3686.1,3691.1,False,,3686.1,SL,-1.9,-19.1,13
2025-09-16 11:35:00,2025-09-16 11:40:00,2025-09-16 12:23:00,BOS,long,3689.0,3688.0,3688.0,3690.5,False,,3690.5,TP,1.5,15.45,22
2025-09-16 12:35:00,2025-09-16 12:44:00,2025-09-16 12:51:00,MSS,short,3689.6,3690.7,3690.7,3687.7,False,,3690.7,SL,-1.1,-11.46,5
2025-09-16 14:55:00,2025-09-16 15:11:00,2025-09-16 15:38:00,BOS,long,3698.4,3696.3,3696.3,3701.8,False,,3696.3,SL,-2.1,-21.01,26
2025-09-16 15:55:00,2025-09-16 16:09:00,2025-09-16 16:10:00,BOS,short,3696.9,3698.2,3698.2,3694.8,False,,3698.5,SL,-1.6,-15.99,1
2025-09-16 17:20:00,2025-09-16 17:29:00,2025-09-16 17:30:00,BOS,long,3703.5,3702.3,3702.3,3705.4,False,,3702.3,SL,-1.2,-11.84,1
2025-09-16 17:50:00,2025-09-16 18:13:00,2025-09-16 18:44:00,BOS,long,3704.1,3702.3,3702.3,3707.0,False,,3702.3,SL,-1.8,-17.95,21
2025-09-16 19:15:00,2025-09-16 19:26:00,2025-09-16 19:30:00,BOS,short,3700.8,3701.9,3701.9,3698.9,False,,3702.0,SL,-1.2,-12.46,4
2025-09-16 19:35:00,2025-09-16 20:15:00,2025-09-16 20:19:00,MSS,long,3700.6,3698.9,3698.9,3703.4,False,,3703.4,TP,2.8,27.81,3
2025-09-16 21:05:00,2025-09-16 21:21:00,2025-09-16 21:23:00,MSS,short,3696.6,3698.8,3698.8,3693.0,False,,3698.8,SL,-2.2,-22.16,2
2025-09-16 22:10:00,2025-09-16 22:27:00,2025-09-16 22:28:00,BOS,long,3703.6,3701.5,3701.5,3707.0,False,,3701.5,SL,-2.1,-21.01,1
2025-09-17 01:35:00,2025-09-17 01:50:00,2025-09-17 01:52:00,MSS,short,3695.5,3696.3,3696.3,3694.2,False,,3693.9,TP,1.6,15.98,1
2025-09-17 02:50:00,2025-09-17 03:01:00,2025-09-17 03:41:00,BOS,long,3695.9,3694.9,3694.9,3697.5,False,,3694.7,SL,-1.2,-11.93,27
2025-09-17 07:00:00,2025-09-17 08:45:00,2025-09-17 08:46:00,BOS,long,3699.8,3699.1,3699.1,3701.0,False,,3699.0,SL,-0.8,-8.26,1
2025-09-17 10:10:00,2025-09-17 10:24:00,2025-09-17 10:30:00,MSS,long,3686.2,3684.4,3684.4,3689.0,False,,3684.4,SL,-1.8,-17.57,6
2025-09-17 12:40:00,2025-09-17 13:00:00,2025-09-17 13:01:00,MSS,long,3687.9,3687.5,3687.5,3688.6,False,,3688.8,TP,0.9,8.8,1
2025-09-17 13:00:00,2025-09-17 13:20:00,2025-09-17 13:23:00,BOS,long,3689.0,3687.2,3687.2,3692.0,False,,3687.2,SL,-1.8,-18.34,3
2025-09-17 14:05:00,2025-09-17 14:23:00,2025-09-17 14:25:00,BOS,short,3686.1,3687.2,3687.2,3684.2,False,,3684.2,TP,1.9,18.54,2
2025-09-17 15:25:00,2025-09-17 15:34:00,2025-09-17 16:01:00,BOS,short,3676.6,3678.5,3678.5,3673.4,False,,3673.4,TP,3.2,31.52,21
2025-09-17 17:00:00,2025-09-17 17:07:00,2025-09-17 17:13:00,BOS,short,3672.1,3673.1,3673.1,3670.6,False,,3673.6,SL,-1.5,-14.55,6
2025-09-17 17:10:00,2025-09-17 18:06:00,2025-09-17 18:09:00,MSS,long,3672.4,3670.6,3670.6,3675.2,False,,3670.6,SL,-1.8,-17.57,3
2025-09-17 18:05:00,2025-09-17 18:20:00,2025-09-17 18:48:00,MSS,short,3673.9,3676.1,3676.1,3670.3,False,,3670.3,TP,3.6,35.84,24
2025-09-17 19:45:00,2025-09-17 19:52:00,2025-09-17 19:52:00,BOS,long,3673.3,3671.8,3671.8,3675.8,False,,3671.8,SL,-1.5,-15.28,0
2025-09-17 19:50:00,2025-09-17 20:02:00,2025-09-17 20:08:00,MSS,short,3674.0,3675.8,3675.8,3671.1,False,,3676.0,SL,-2.0,-19.95,6
2025-09-17 21:50:00,2025-09-17 22:02:00,2025-09-17 22:14:00,MSS,short,3686.4,3689.0,3689.0,3682.3,False,,3689.0,SL,-2.6,-25.59,11
2025-09-17 22:45:00,2025-09-17 22:50:00,2025-09-17 22:54:00,BOS,long,3689.7,3688.4,3688.4,3691.8,False,,3688.4,SL,-1.3,-12.99,4
2025-09-17 22:50:00,2025-09-17 23:04:00,2025-09-17 23:13:00,MSS,short,3690.3,3691.8,3691.8,3688.0,False,,3691.8,SL,-1.5,-14.52,8
2025-09-17 23:50:00,2025-09-18 00:00:00,2025-09-18 00:09:00,BOS,short,3690.7,3692.4,3692.4,3687.9,False,,3692.5,SL,-1.8,-18.19,9
2025-09-18 00:05:00,2025-09-18 01:01:00,2025-09-18 01:20:00,MSS,long,3689.6,3687.5,3687.5,3692.9,False,,3687.4,SL,-2.2,-21.63,17
2025-09-18 01:20:00,2025-09-18 01:27:00,2025-09-18 01:31:00,MSS,short,3687.5,3689.7,3689.7,3683.9,False,,3689.7,SL,-2.2,-22.16,4
2025-09-18 01:45:00,2025-09-18 02:00:00,2025-09-18 02:00:00,BOS,long,3690.6,3689.6,3689.6,3692.1,False,,3689.6,SL,-1.0,-9.55,0
2025-09-18 02:00:00,2025-09-18 02:06:00,2025-09-18 02:08:00,BOS,long,3696.0,3691.1,3691.1,3703.9,False,,3703.9,TP,7.9,79.1,2
2025-09-18 04:55:00,2025-09-18 06:00:00,2025-09-18 06:02:00,MSS,long,3663.4,3662.5,3662.5,3664.8,False,,3662.5,SL,-0.9,-8.79,2
2025-09-18 06:00:00,2025-09-18 06:11:00,2025-09-18 06:11:00,MSS,short,3663.7,3664.8,3664.8,3662.0,False,,3664.8,SL,-1.1,-10.7,0
2025-09-18 08:50:00,2025-09-18 09:05:00,2025-09-18 09:06:00,MSS,long,3664.9,3662.5,3662.5,3668.9,False,,3662.5,SL,-2.4,-24.45,1
2025-09-18 09:15:00,2025-09-18 10:07:00,2025-09-18 13:08:00,MSS,short,3667.8,3673.6,3673.6,3658.3,False,,3658.3,TP,9.5,94.55,151
2025-09-18 13:15:00,2025-09-18 13:38:00,2025-09-18 13:39:00,MSS,long,3659.3,3657.7,3657.7,3661.8,False,,3657.7,SL,-1.6,-15.66,1
2025-09-18 16:05:00,2025-09-18 16:35:00,2025-09-18 16:37:00,MSS,short,3661.9,3663.5,3663.5,3659.2,False,,3664.0,SL,-2.1,-21.43,2
2025-09-18 19:15:00,2025-09-18 19:25:00,2025-09-18 19:31:00,MSS,long,3671.9,3670.0,3670.0,3675.1,False,,3670.0,SL,-1.9,-19.48,6
2025-09-18 20:20:00,2025-09-18 20:30:00,2025-09-18 20:34:00,BOS,long,3672.2,3669.9,3669.9,3676.0,False,,3669.9,SL,-2.3,-23.3,4
2025-09-18 22:15:00,2025-09-18 22:38:00,2025-09-18 22:47:00,MSS,short,3645.3,3648.7,3648.7,3639.8,False,,3648.7,SL,-3.4,-34.0,9
2025-09-18 22:45:00,2025-09-18 22:57:00,2025-09-19 00:54:00,MSS,long,3643.3,3639.0,3639.0,3650.3,False,,3650.3,TP,7.0,69.83,98
2025-09-19 00:50:00,2025-09-19 01:02:00,2025-09-19 01:50:00,BOS,long,3648.4,3646.9,3646.9,3650.8,False,,3646.9,SL,-1.5,-14.9,35
2025-09-19 03:05:00,2025-09-19 03:10:00,2025-09-19 03:12:00,BOS,short,3645.5,3646.0,3646.0,3644.8,False,,3646.0,SL,-0.5,-4.58,2
2025-09-19 07:50:00,2025-09-19 08:17:00,2025-09-19 08:18:00,MSS,long,3641.7,3640.9,3640.9,3642.9,False,,3640.6,SL,-1.1,-10.64,1
2025-09-19 08:30:00,2025-09-19 08:54:00,2025-09-19 09:03:00,BOS,short,3643.0,3645.2,3645.2,3639.5,False,,3645.4,SL,-2.4,-23.77,9
2025-09-19 10:40:00,2025-09-19 10:52:00,2025-09-19 10:56:00,BOS,long,3648.2,3646.8,3646.8,3650.5,False,,3650.5,TP,2.3,22.87,4
2025-09-19 12:35:00,2025-09-19 12:44:00,2025-09-19 12:50:00,MSS,short,3662.1,3663.0,3663.0,3660.7,False,,3660.4,TP,1.7,17.21,5
2025-09-19 14:30:00,2025-09-19 15:00:00,2025-09-19 15:06:00,BOS,short,3652.1,3654.1,3654.1,3648.8,False,,3648.3,TP,3.8,37.75,5
2025-09-19 15:45:00,2025-09-19 16:07:00,2025-09-19 16:15:00,BOS,long,3655.2,3654.1,3654.1,3656.9,False,,3653.2,SL,-2.0,-19.7,7
2025-09-19 16:30:00,2025-09-19 16:40:00,2025-09-19 16:48:00,MSS,long,3656.0,3654.7,3654.7,3658.2,False,,3659.1,TP,3.1,30.63,6
2025-09-19 17:45:00,2025-09-19 18:02:00,2025-09-19 18:14:00,MSS,short,3660.0,3661.1,3661.1,3658.3,False,,3661.1,SL,-1.1,-10.7,6
2025-09-19 20:45:00,2025-09-19 20:52:00,2025-09-19 20:54:00,BOS,short,3650.5,3651.6,3651.6,3648.7,False,,3651.6,SL,-1.1,-11.08,2
2025-09-19 20:50:00,2025-09-19 21:01:00,2025-09-19 21:01:00,MSS,long,3649.9,3648.7,3648.7,3651.8,False,,3648.7,SL,-1.2,-11.84,0
2025-09-19 21:50:00,2025-09-19 22:17:00,2025-09-19 22:23:00,BOS,long,3659.5,3656.9,3656.9,3663.8,False,,3663.8,TP,4.3,42.64,6
2025-09-19 23:10:00,2025-09-19 23:30:00,2025-09-20 00:04:00,BOS,long,3672.2,3669.6,3669.6,3676.3,False,,3676.3,TP,4.1,41.41,32
2025-09-20 00:20:00,2025-09-20 00:44:00,2025-09-20 01:20:00,MSS,short,3674.2,3676.5,3676.5,3670.5,False,,3676.7,SL,-2.5,-24.92,29
2025-09-20 02:55:00,2025-09-20 03:06:00,2025-09-20 03:12:00,BOS,long,3686.9,3685.9,3685.9,3688.4,False,,3688.4,TP,1.5,15.45,5
2025-09-20 03:30:00,2025-09-20 03:45:00,2025-09-20 03:49:00,MSS,short,3687.0,3688.0,3688.0,3685.4,False,,3688.0,SL,-1.0,-9.93,2
2025-09-20 03:50:00,2025-09-20 04:24:00,2025-09-20 04:33:00,MSS,long,3686.8,3685.4,3685.4,3689.0,False,,3689.0,TP,2.2,22.25,8
2025-09-22 06:00:00,2025-09-22 06:06:00,2025-09-22 06:07:00,BOS,long,3691.1,3688.6,3688.6,3695.1,False,,3688.6,SL,-2.5,-24.83,1
2025-09-22 07:10:00,2025-09-22 07:19:00,2025-09-22 07:21:00,MSS,short,3693.7,3694.7,3694.7,3692.0,False,,3694.7,SL,-1.0,-10.31,2
2025-09-22 07:20:00,2025-09-22 07:32:00,2025-09-22 07:46:00,MSS,long,3693.4,3691.9,3691.9,3695.9,False,,3691.8,SL,-1.6,-16.28,12
2025-09-22 08:55:00,2025-09-22 09:01:00,2025-09-22 09:01:00,BOS,long,3694.8,3693.9,3693.9,3696.2,False,,3693.9,SL,-0.9,-8.79,0
2025-09-22 09:10:00,2025-09-22 09:27:00,2025-09-22 09:48:00,BOS,long,3695.8,3692.5,3692.5,3701.2,False,,3692.5,SL,-3.3,-33.23,20
2025-09-22 13:30:00,2025-09-22 13:53:00,2025-09-22 14:05:00,BOS,long,3702.6,3701.6,3701.6,3704.3,False,,3701.6,SL,-1.0,-10.31,11
2025-09-22 17:15:00,2025-09-22 17:31:00,2025-09-22 17:55:00,MSS,long,3725.8,3723.9,3723.9,3728.9,False,,3728.9,TP,3.1,30.9,23
2025-09-22 18:20:00,2025-09-22 18:41:00,2025-09-22 18:46:00,BOS,long,3727.6,3725.3,3725.3,3731.4,False,,3731.4,TP,3.8,37.7,4
2025-09-22 21:30:00,2025-09-22 21:40:00,2025-09-22 21:43:00,MSS,short,3725.8,3729.2,3729.2,3720.2,False,,3720.0,TP,5.8,57.62,3
2025-09-22 21:45:00,2025-09-22 21:54:00,2025-09-22 22:08:00,BOS,short,3723.3,3727.2,3727.2,3717.1,False,,3727.2,SL,-3.9,-38.58,14
2025-09-22 22:05:00,2025-09-22 22:15:00,2025-09-22 22:20:00,MSS,long,3724.0,3721.7,3721.7,3727.7,False,,3721.7,SL,-2.3,-22.92,5
2025-09-23 02:20:00,2025-09-23 02:32:00,2025-09-23 02:34:00,BOS,long,3750.8,3750.0,3750.0,3752.2,False,,3750.0,SL,-0.8,-8.4,2
2025-09-23 02:40:00,2025-09-23 02:55:00,2025-09-23 02:57:00,MSS,short,3751.1,3752.2,3752.2,3749.4,False,,3752.2,SL,-1.1,-10.7,2
2025-09-23 03:20:00,2025-09-23 03:38:00,2025-09-23 03:42:00,BOS,short,3751.3,3752.2,3752.2,3749.9,False,,3749.8,TP,1.5,15.21,4
2025-09-23 06:50:00,2025-09-23 07:08:00,2025-09-23 07:21:00,BOS,short,3746.9,3749.1,3749.1,3743.4,False,,3749.1,SL,-2.2,-21.77,11
2025-09-23 08:25:00,2025-09-23 08:37:00,2025-09-23 08:39:00,BOS,long,3751.5,3750.3,3750.3,3753.4,False,,3753.5,TP,2.0,20.16,2
2025-09-23 08:50:00,2025-09-23 09:03:00,2025-09-23 09:05:00,MSS,short,3753.3,3755.2,3755.2,3750.3,False,,3755.2,SL,-1.9,-18.72,2
2025-09-23 09:05:00,2025-09-23 09:27:00,2025-09-23 09:40:00,MSS,long,3753.9,3749.7,3749.7,3760.7,False,,3760.7,TP,6.8,67.98,13
2025-09-23 12:50:00,2025-09-23 13:09:00,2025-09-23 13:18:00,MSS,short,3749.7,3751.1,3751.1,3747.5,False,,3751.2,SL,-1.5,-14.75,3
2025-09-23 14:20:00,2025-09-23 14:33:00,2025-09-23 14:38:00,BOS,long,3758.7,3757.6,3757.6,3760.6,False,,3757.6,SL,-1.1,-11.46,4
2025-09-23 14:40:00,2025-09-23 14:46:00,2025-09-23 15:01:00,MSS,short,3759.0,3760.9,3760.9,3756.0,False,,3755.3,TP,3.7,37.28,11
2025-09-23 15:00:00,2025-09-23 15:26:00,2025-09-23 15:32:00,BOS,short,3757.7,3760.0,3760.0,3754.1,False,,3760.0,SL,-2.3,-22.54,5
2025-09-23 18:15:00,2025-09-23 18:26:00,2025-09-23 18:29:00,BOS,long,3787.7,3785.9,3785.9,3790.5,False,,3785.9,SL,-1.8,-17.57,3
2025-09-23 19:10:00,2025-09-23 19:17:00,2025-09-23 19:23:00,BOS,short,3785.2,3786.8,3786.8,3782.7,False,,3787.7,SL,-2.5,-24.66,6
2025-09-23 19:20:00,2025-09-23 19:38:00,2025-09-23 19:51:00,MSS,long,3785.1,3782.7,3782.7,3788.9,False,,3782.7,SL,-2.4,-23.68,12
2025-09-23 20:10:00,2025-09-23 20:21:00,2025-09-23 20:27:00,MSS,short,3783.9,3786.5,3786.5,3779.8,False,,3779.6,TP,4.3,43.41,6
2025-09-23 21:15:00,2025-09-23 21:28:00,2025-09-23 21:30:00,MSS,short,3787.6,3789.6,3789.6,3784.3,False,,3784.3,TP,3.3,32.75,2
2025-09-23 21:35:00,2025-09-23 21:43:00,2025-09-23 21:47:00,MSS,long,3784.9,3782.3,3782.3,3789.0,False,,3782.3,SL,-2.6,-25.59,4
2025-09-23 23:45:00,2025-09-23 23:57:00,2025-09-24 00:12:00,MSS,short,3779.0,3780.9,3780.9,3776.0,False,,3776.0,TP,3.0,30.28,14
2025-09-24 00:10:00,2025-09-24 00:20:00,2025-09-24 00:35:00,BOS,short,3777.7,3780.3,3780.3,3773.6,False,,3773.6,TP,4.1,41.41,14
2025-09-24 00:35:00,2025-09-24 00:40:00,2025-09-24 00:52:00,BOS,short,3773.7,3779.3,3779.3,3764.6,False,,3779.6,SL,-5.9,-59.15,12
2025-09-24 04:40:00,2025-09-24 06:00:00,2025-09-24 06:01:00,MSS,short,3766.0,3767.0,3767.0,3764.3,False,,3767.5,SL,-1.5,-15.31,1
2025-09-24 06:00:00,2025-09-24 06:15:00,2025-09-24 06:25:00,MSS,long,3765.2,3763.7,3763.7,3767.6,False,,3763.4,SL,-1.8,-17.9,5
2025-09-24 06:25:00,2025-09-24 06:51:00,2025-09-24 07:03:00,MSS,short,3765.5,3767.6,3767.6,3762.2,False,,3767.8,SL,-2.3,-22.63,10
2025-09-24 08:55:00,2025-09-24 09:03:00,2025-09-24 09:05:00,MSS,long,3764.5,3763.4,3763.4,3766.2,False,,3766.2,TP,1.7,17.3,2
2025-09-24 09:05:00,2025-09-24 09:13:00,2025-09-24 09:15:00,BOS,long,3765.7,3763.6,3763.6,3769.2,False,,3763.6,SL,-2.1,-21.39,2
2025-09-24 09:45:00,2025-09-24 09:57:00,2025-09-24 09:59:00,BOS,short,3760.7,3762.3,3762.3,3758.0,False,,3758.0,TP,2.7,26.57,2
2025-09-24 10:50:00,2025-09-24 11:06:00,2025-09-24 11:12:00,BOS,long,3755.2,3752.0,3752.0,3760.3,False,,3760.3,TP,5.1,51.29,5
2025-09-24 12:20:00,2025-09-24 12:32:00,2025-09-24 12:55:00,MSS,short,3767.1,3769.1,3769.1,3763.9,False,,3769.2,SL,-2.1,-20.86,19
2025-09-24 14:10:00,2025-09-24 14:23:00,2025-09-24 14:27:00,MSS,short,3775.9,3777.5,3777.5,3773.2,False,,3773.2,TP,2.7,26.57,3
2025-09-24 15:35:00,2025-09-24 16:02:00,2025-09-24 16:10:00,BOS,long,3777.8,3776.2,3776.2,3780.4,False,,3776.2,SL,-1.6,-16.04,6
2025-09-24 19:05:00,2025-09-24 19:12:00,2025-09-24 19:15:00,BOS,short,3762.9,3763.8,3763.8,3761.4,False,,3764.6,SL,-1.7,-17.17,3
2025-09-24 20:40:00,2025-09-24 20:53:00,2025-09-24 21:14:00,BOS,short,3769.7,3772.2,3772.2,3765.6,False,,3772.2,SL,-2.5,-25.21,19
2025-09-24 21:10:00,2025-09-24 21:28:00,2025-09-24 21:31:00,MSS,long,3769.8,3767.9,3767.9,3772.9,False,,3767.9,SL,-1.9,-19.1,3
2025-09-24 22:05:00,2025-09-24 22:15:00,2025-09-24 22:24:00,BOS,short,3761.9,3765.7,3765.7,3755.7,False,,3755.7,TP,6.2,61.8,9
2025-09-24 22:50:00,2025-09-24 23:01:00,2025-09-24 23:30:00,BOS,short,3755.1,3758.5,3758.5,3749.7,False,,3749.7,TP,5.4,54.38,27
2025-09-25 02:45:00,2025-09-25 03:47:00,2025-09-25 04:02:00,BOS,short,3729.1,3731.5,3731.5,3725.3,False,,3731.5,SL,-2.4,-23.68,14
2025-09-25 07:45:00,2025-09-25 08:00:00,2025-09-25 08:05:00,BOS,long,3740.8,3738.9,3738.9,3743.8,False,,3744.8,TP,4.0,40.28,4
2025-09-25 08:30:00,2025-09-25 09:00:00,2025-09-25 09:00:00,MSS,short,3747.8,3748.9,3748.9,3745.9,False,,3748.9,SL,-1.1,-11.46,0
2025-09-25 11:05:00,2025-09-25 11:42:00,2025-09-25 11:54:00,MSS,short,3736.3,3738.2,3738.2,3733.2,False,,3733.2,TP,3.1,30.9,8
2025-09-25 15:25:00,2025-09-25 15:30:00,2025-09-25 15:30:00,BOS,long,3741.8,3741.0,3741.0,3743.2,False,,3741.0,SL,-0.8,-8.4,0
2025-09-25 16:00:00,2025-09-25 16:35:00,2025-09-25 16:54:00,BOS,long,3750.2,3747.8,3747.8,3754.2,False,,3754.7,TP,4.5,44.55,19
2025-09-25 18:15:00,2025-09-25 18:32:00,2025-09-25 18:37:00,MSS,short,3754.6,3755.2,3755.2,3753.5,False,,3755.3,SL,-0.7,-7.49,2
2025-09-25 18:45:00,2025-09-25 19:00:00,2025-09-25 19:01:00,MSS,long,3755.2,3754.1,3754.1,3757.1,False,,3753.8,SL,-1.4,-14.46,1
2025-09-25 19:55:00,2025-09-25 20:02:00,2025-09-25 20:05:00,MSS,long,3750.2,3749.0,3749.0,3752.1,False,,3749.0,SL,-1.2,-11.84,3
2025-09-25 20:20:00,2025-09-25 20:30:00,2025-09-25 20:30:00,BOS,long,3750.3,3747.6,3747.6,3754.6,False,,3747.6,SL,-2.7,-26.74,0
2025-09-25 21:15:00,2025-09-25 21:34:00,2025-09-25 21:37:00,MSS,long,3735.4,3732.4,3732.4,3740.2,False,,3732.4,SL,-3.0,-29.8,3
2025-09-25 22:20:00,2025-09-25 22:37:00,2025-09-25 22:41:00,MSS,long,3727.5,3723.0,3723.0,3734.7,False,,3722.8,SL,-4.7,-46.69,4
2025-09-26 01:55:00,2025-09-26 02:19:00,2025-09-26 02:22:00,BOS,long,3739.3,3737.0,3737.0,3743.1,False,,3743.1,TP,3.8,37.7,3
2025-09-26 02:50:00,2025-09-26 03:07:00,2025-09-26 03:22:00,BOS,long,3753.9,3752.1,3752.1,3756.9,False,,3752.1,SL,-1.8,-18.34,11
2025-09-26 04:55:00,2025-09-26 06:00:00,2025-09-26 06:02:00,MSS,short,3749.7,3750.5,3750.5,3748.3,False,,3747.2,TP,2.5,24.6,1
2025-09-26 06:00:00,2025-09-26 06:19:00,2025-09-26 07:16:00,BOS,short,3746.7,3750.5,3750.5,3740.5,False,,3740.5,TP,6.2,61.8,23
2025-09-26 08:25:00,2025-09-26 08:37:00,2025-09-26 08:59:00,MSS,short,3742.5,3745.0,3745.0,3738.5,False,,3746.7,SL,-4.2,-41.83,9
2025-09-26 09:00:00,2025-09-26 09:14:00,2025-09-26 09:20:00,BOS,long,3742.2,3738.5,3738.5,3748.2,False,,3738.0,SL,-4.2,-42.05,6
2025-09-26 10:35:00,2025-09-26 10:41:00,2025-09-26 11:00:00,MSS,long,3737.0,3735.0,3735.0,3740.3,False,,3735.0,SL,-2.0,-20.25,9
2025-09-26 12:25:00,2025-09-26 12:48:00,2025-09-26 12:57:00,MSS,short,3743.7,3744.8,3744.8,3742.0,False,,3744.9,SL,-1.2,-11.7,5
2025-09-26 13:50:00,2025-09-26 14:08:00,2025-09-26 14:13:00,MSS,short,3745.2,3747.3,3747.3,3741.9,False,,3747.3,SL,-2.1,-20.63,4
2025-09-26 15:00:00,2025-09-26 15:12:00,2025-09-26 15:32:00,BOS,short,3742.1,3744.3,3744.3,3738.5,False,,3744.6,SL,-2.5,-25.16,15
2025-09-26 20:30:00,2025-09-26 20:38:00,2025-09-26 20:41:00,BOS,long,3750.4,3747.5,3747.5,3755.0,False,,3747.5,SL,-2.9,-28.65,3
2025-09-26 20:40:00,2025-09-26 21:00:00,2025-09-26 21:00:00,MSS,short,3748.5,3750.0,3750.0,3746.0,False,,3750.0,SL,-1.5,-15.28,0
2025-09-26 21:00:00,2025-09-26 21:33:00,2025-09-26 21:34:00,MSS,long,3750.1,3748.6,3748.6,3752.5,False,,3752.5,TP,2.4,24.1,1
2025-09-26 23:00:00,2025-09-26 23:08:00,2025-09-26 23:29:00,BOS,long,3772.0,3769.7,3769.7,3775.8,False,,3775.8,TP,3.8,37.7,20
2025-09-26 23:25:00,2025-09-26 23:44:00,2025-09-26 23:48:00,BOS,long,3773.1,3771.1,3771.1,3776.4,False,,3776.5,TP,3.4,33.75,2
2025-09-26 23:50:00,2025-09-27 00:08:00,2025-09-27 00:14:00,BOS,long,3774.9,3773.1,3773.1,3777.8,False,,3773.1,SL,-1.8,-17.95,3
2025-09-27 00:55:00,2025-09-27 01:01:00,2025-09-27 01:10:00,BOS,short,3773.1,3774.4,3774.4,3771.1,False,,3774.4,SL,-1.3,-12.61,4
2025-09-29 07:45:00,2025-09-29 07:53:00,2025-09-29 08:01:00,MSS,long,3764.4,3762.3,3762.3,3767.7,False,,3761.0,SL,-3.4,-33.63,3
2025-09-29 09:20:00,2025-09-29 09:48:00,2025-09-29 10:01:00,MSS,short,3771.5,3776.0,3776.0,3764.1,False,,3776.0,SL,-4.5,-45.46,6
2025-09-29 11:20:00,2025-09-29 11:49:00,2025-09-29 12:02:00,BOS,short,3792.5,3795.0,3795.0,3788.5,False,,3788.5,TP,4.0,40.17,4
2025-09-29 12:50:00,2025-09-29 13:07:00,2025-09-29 13:21:00,BOS,long,3800.8,3799.0,3799.0,3803.7,False,,3798.4,SL,-2.4,-23.95,8
2025-09-29 14:10:00,2025-09-29 14:21:00,2025-09-29 14:31:00,BOS,long,3809.3,3807.6,3807.6,3812.0,False,,3807.3,SL,-2.0,-19.81,5
2025-09-29 14:40:00,2025-09-29 14:48:00,2025-09-29 15:15:00,MSS,long,3809.9,3807.3,3807.3,3814.2,False,,3814.3,TP,4.4,43.64,17
2025-09-29 16:40:00,2025-09-29 17:38:00,2025-09-29 17:48:00,MSS,long,3806.8,3803.9,3803.9,3811.4,False,,3803.5,SL,-3.3,-32.65,4
2025-09-29 20:50:00,2025-09-29 21:02:00,2025-09-29 21:03:00,BOS,short,3812.3,3814.4,3814.4,3808.8,False,,3807.8,TP,4.5,44.61,1
2025-09-29 23:10:00,2025-09-29 23:26:00,2025-09-29 23:34:00,MSS,short,3823.8,3827.3,3827.3,3818.1,False,,3818.1,TP,5.7,56.86,8
2025-09-30 02:45:00,2025-09-30 03:44:00,2025-09-30 04:54:00,MSS,short,3821.9,3823.4,3823.4,3819.6,False,,3827.0,SL,-5.1,-50.52,6
2025-10-30 08:35:00,2025-10-30 09:01:00,2025-10-30 09:06:00,MSS,short,3970.2,3977.0,3977.0,3959.3,False,,3977.0,SL,-6.8,-67.61,5
2025-10-30 10:45:00,2025-10-30 11:31:00,2025-10-30 12:02:00,BOS,short,3948.7,3953.9,3953.9,3940.2,False,,3953.9,SL,-5.2,-52.33,31
2025-10-30 13:10:00,2025-10-30 13:50:00,2025-10-30 13:56:00,MSS,short,3984.9,3991.5,3991.5,3974.2,False,,3974.2,TP,10.7,106.91,6
2025-10-30 19:15:00,2025-10-30 20:03:00,2025-10-30 20:29:00,BOS,short,3992.5,3998.6,3998.6,3982.6,False,,3982.6,TP,9.9,98.88,26
2025-10-30 20:25:00,2025-10-30 20:43:00,2025-10-30 20:48:00,MSS,short,3991.7,3997.7,3997.7,3982.1,False,,3982.1,TP,9.6,96.41,5
2025-10-30 20:55:00,2025-10-30 21:04:00,2025-10-30 21:46:00,BOS,short,3984.9,3992.8,3992.8,3972.1,False,,3992.8,SL,-7.9,-79.07,42
2025-10-30 23:10:00,2025-10-30 23:25:00,2025-10-30 23:43:00,BOS,long,4008.0,4001.5,4001.5,4018.5,False,,4018.5,TP,10.5,105.06,18
2025-10-31 01:10:00,2025-10-31 01:17:00,2025-10-31 01:31:00,BOS,short,4013.8,4017.3,4017.3,4008.1,False,,4017.3,SL,-3.5,-35.14,14
2025-10-31 04:00:00,2025-10-31 04:08:00,2025-10-31 04:24:00,BOS,long,4035.6,4032.1,4032.1,4041.3,False,,4032.1,SL,-3.5,-35.14,16
2025-10-31 04:20:00,2025-10-31 04:48:00,2025-10-31 06:05:00,MSS,short,4037.4,4041.3,4041.3,4031.1,False,,4031.1,TP,6.3,63.04,17
2025-10-31 06:45:00,2025-10-31 07:12:00,2025-10-31 07:13:00,BOS,long,4037.8,4034.9,4034.9,4042.4,False,,4034.9,SL,-2.9,-28.65,1
2025-10-31 08:55:00,2025-10-31 09:05:00,2025-10-31 09:07:00,BOS,short,4040.3,4043.2,4043.2,4035.5,False,,4043.2,SL,-2.9,-29.41,2
2025-10-31 10:35:00,2025-10-31 10:50:00,2025-10-31 11:05:00,BOS,short,4026.0,4032.8,4032.8,4015.0,False,,4015.0,TP,11.0,110.0,15
2025-10-31 11:35:00,2025-10-31 11:43:00,2025-10-31 11:45:00,MSS,long,4010.6,4007.3,4007.3,4016.0,False,,4007.3,SL,-3.3,-33.23,2
2025-10-31 12:05:00,2025-10-31 12:17:00,2025-10-31 12:28:00,MSS,short,4008.1,4011.8,4011.8,4002.0,False,,4011.8,SL,-3.7,-37.44,11
2025-10-31 13:05:00,2025-10-31 13:32:00,2025-10-31 14:06:00,MSS,short,4017.8,4023.5,4023.5,4008.5,False,,4023.5,SL,-5.7,-57.3,34
2025-10-31 15:00:00,2025-10-31 15:09:00,2025-10-31 15:16:00,BOS,long,4021.5,4017.0,4017.0,4028.9,False,,4028.9,TP,7.4,73.54,7
2025-10-31 15:15:00,2025-10-31 15:44:00,2025-10-31 15:55:00,BOS,long,4024.2,4019.2,4019.2,4032.2,False,,4032.2,TP,8.0,80.34,11
2025-10-31 16:05:00,2025-10-31 16:47:00,2025-10-31 16:54:00,BOS,long,4028.9,4022.9,4022.9,4038.6,False,,4022.9,SL,-6.0,-59.97,7
2025-10-31 17:30:00,2025-10-31 17:47:00,2025-10-31 17:56:00,MSS,long,4013.4,4010.0,4010.0,4019.0,False,,4019.0,TP,5.6,55.62,9
2025-10-31 17:55:00,2025-10-31 18:56:00,2025-10-31 19:45:00,BOS,long,4015.2,4011.4,4011.4,4021.3,False,,4021.3,TP,6.1,61.18,49
2025-10-31 20:35:00,2025-10-31 21:00:00,2025-10-31 21:04:00,BOS,long,4033.0,4028.5,4028.5,4040.2,False,,4040.2,TP,7.2,72.31,4
2025-10-31 21:30:00,2025-10-31 22:03:00,2025-10-31 22:12:00,MSS,short,4039.0,4044.0,4044.0,4031.0,False,,4031.0,TP,8.0,80.34,9
2025-10-31 22:25:00,2025-10-31 22:57:00,2025-10-31 23:00:00,MSS,short,4034.4,4038.9,4038.9,4027.0,False,,4027.0,TP,7.4,73.54,3
2025-11-01 01:00:00,2025-11-01 01:11:00,2025-11-01 01:41:00,MSS,long,3994.6,3989.4,3989.4,4003.0,False,,4003.0,TP,8.4,84.05,30
2025-11-01 02:10:00,2025-11-01 02:54:00,2025-11-01 03:19:00,BOS,long,4011.2,4006.3,4006.3,4019.0,False,,4006.3,SL,-4.9,-48.51,25
2025-11-01 03:15:00,2025-11-01 03:29:00,2025-11-01 04:39:00,BOS,short,4012.5,4018.2,4018.2,4003.4,False,,4018.2,SL,-5.7,-56.54,70
2025-11-03 07:00:00,2025-11-03 07:17:00,2025-11-03 07:43:00,MSS,short,4008.7,4019.0,4019.0,3992.1,False,,3992.1,TP,16.6,166.24,26
2025-11-03 08:10:00,2025-11-03 09:06:00,2025-11-03 09:13:00,BOS,short,3989.7,3998.3,3998.3,3975.8,False,,3998.3,SL,-8.6,-85.95,7
2025-11-03 11:00:00,2025-11-03 11:08:00,2025-11-03 11:38:00,BOS,long,4013.7,4008.4,4008.4,4022.4,False,,4022.4,TP,8.7,86.52,30
2025-11-03 11:35:00,2025-11-03 12:04:00,2025-11-03 12:09:00,BOS,long,4018.6,4015.5,4015.5,4023.7,False,,4023.7,TP,5.1,50.68,5
2025-11-03 13:00:00,2025-11-03 13:08:00,2025-11-03 13:11:00,BOS,short,4014.2,4018.5,4018.5,4007.2,False,,4018.5,SL,-4.3,-43.17,3
2025-11-03 14:15:00,2025-11-03 14:32:00,2025-11-03 14:52:00,BOS,long,4023.9,4020.7,4020.7,4029.1,False,,4029.1,TP,5.2,51.91,20
2025-11-03 15:00:00,2025-11-03 15:08:00,2025-11-03 15:13:00,BOS,long,4028.6,4025.2,4025.2,4034.1,False,,4025.2,SL,-3.4,-34.0,5
2025-11-03 15:10:00,2025-11-03 15:26:00,2025-11-03 15:50:00,MSS,short,4030.5,4034.1,4034.1,4024.6,False,,4034.1,SL,-3.6,-36.29,24
2025-11-03 15:50:00,2025-11-03 15:55:00,2025-11-03 16:00:00,BOS,long,4033.2,4031.0,4031.0,4036.8,False,,4036.8,TP,3.6,35.84,5
2025-11-03 16:00:00,2025-11-03 16:06:00,2025-11-03 16:14:00,BOS,long,4034.8,4032.7,4032.7,4038.3,False,,4032.7,SL,-2.1,-21.39,8
2025-11-03 16:55:00,2025-11-03 17:24:00,2025-11-03 17:25:00,MSS,long,4026.4,4023.4,4023.4,4031.3,False,,4023.4,SL,-3.0,-30.18,1
2025-11-03 20:00:00,2025-11-03 20:10:00,2025-11-03 20:21:00,MSS,short,4019.2,4020.8,4020.8,4016.5,False,,4016.5,TP,2.7,26.57,11
2025-11-03 21:15:00,2025-11-03 21:27:00,2025-11-03 21:31:00,BOS,long,4026.7,4023.6,4023.6,4031.8,False,,4023.6,SL,-3.1,-31.32,4
2025-11-03 22:05:00,2025-11-03 22:19:00,2025-11-03 22:28:00,MSS,short,4029.5,4033.0,4033.0,4023.8,False,,4023.8,TP,5.7,56.86,9
2025-11-03 22:25:00,2025-11-03 22:46:00,2025-11-03 22:48:00,BOS,short,4028.1,4032.6,4032.6,4020.8,False,,4032.6,SL,-4.5,-45.08,2
2025-11-03 22:50:00,2025-11-03 23:27:00,2025-11-04 00:16:00,MSS,long,4022.4,4012.4,4012.4,4038.5,False,,4012.4,SL,-10.0,-99.7,49
2025-11-04 01:05:00,2025-11-04 01:12:00,2025-11-04 01:13:00,MSS,short,4019.7,4022.5,4022.5,4015.3,False,,4022.5,SL,-2.8,-27.5,1
2025-11-04 02:10:00,2025-11-04 02:32:00,2025-11-04 02:34:00,BOS,short,4017.4,4019.9,4019.9,4013.4,False,,4019.9,SL,-2.5,-24.83,2
2025-11-04 02:30:00,2025-11-04 02:50:00,2025-11-04 03:03:00,MSS,long,4015.4,4011.5,4011.5,4021.6,False,,4011.5,SL,-3.9,-38.58,13
2025-11-04 03:00:00,2025-11-04 03:13:00,2025-11-04 03:55:00,MSS,short,4015.1,4019.5,4019.5,4007.9,False,,4019.5,SL,-4.4,-44.31,42
2025-11-04 07:00:00,2025-11-04 07:06:00,2025-11-04 07:06:00,MSS,long,4014.3,4012.1,4012.1,4017.9,False,,4012.1,SL,-2.2,-22.16,0
2025-11-04 08:00:00,2025-11-04 08:09:00,2025-11-04 08:17:00,BOS,short,4007.0,4010.4,4010.4,4001.6,False,,4010.4,SL,-3.4,-33.62,8
2025-11-04 08:35:00,2025-11-04 09:17:00,2025-11-04 09:26:00,BOS,short,4003.8,4010.4,4010.4,3993.2,False,,3993.2,TP,10.6,106.3,9
2025-11-04 09:30:00,2025-11-04 09:51:00,2025-11-04 10:03:00,BOS,short,3998.4,4004.4,4004.4,3988.6,False,,3988.6,TP,9.8,97.64,12
2025-11-04 10:00:00,2025-11-04 10:30:00,2025-11-04 11:11:00,MSS,short,3993.9,3999.7,3999.7,3984.4,False,,3999.7,SL,-5.8,-58.45,41
2025-11-04 11:20:00,2025-11-04 12:45:00,2025-11-04 12:47:00,BOS,long,3996.8,3994.2,3994.2,4001.0,False,,3994.2,SL,-2.6,-25.98,2
2025-11-04 12:45:00,2025-11-04 12:52:00,2025-11-04 13:01:00,MSS,short,3999.1,4002.9,4002.9,3992.9,False,,3992.9,TP,6.2,61.8,9
2025-11-04 13:25:00,2025-11-04 13:30:00,2025-11-04 13:32:00,BOS,short,3994.5,3996.1,3996.1,3991.9,False,,3991.9,TP,2.6,25.96,2
2025-11-04 14:00:00,2025-11-04 14:31:00,2025-11-04 14:47:00,BOS,short,3985.5,3990.4,3990.4,3977.7,False,,3990.4,SL,-4.9,-48.51,16
2025-11-04 16:00:00,2025-11-04 16:05:00,2025-11-04 16:08:00,BOS,long,4005.0,4002.7,4002.7,4008.6,False,,4008.6,TP,3.6,36.46,3
2025-11-04 16:10:00,2025-11-04 16:22:00,2025-11-04 16:26:00,MSS,short,4006.8,4010.0,4010.0,4001.6,False,,4010.0,SL,-3.2,-32.09,4
2025-11-04 16:25:00,2025-11-04 17:08:00,2025-11-04 17:56:00,MSS,long,4005.0,4000.7,4000.7,4012.0,False,,4000.7,SL,-4.3,-43.17,48
2025-11-04 17:55:00,2025-11-04 18:16:00,2025-11-04 19:50:00,MSS,short,4006.4,4010.3,4010.3,4000.1,False,,4010.3,SL,-3.9,-38.96,94
2025-11-04 20:15:00,2025-11-04 20:22:00,2025-11-04 20:24:00,BOS,long,4005.7,4004.2,4004.2,4008.0,False,,4004.2,SL,-1.5,-14.52,2
2025-11-04 20:20:00,2025-11-04 21:11:00,2025-11-04 21:14:00,MSS,short,4006.2,4008.0,4008.0,4003.2,False,,4003.2,TP,3.0,29.66,3
2025-11-04 21:10:00,2025-11-04 21:22:00,2025-11-04 21:28:00,MSS,long,3998.0,3992.8,3992.8,4006.4,False,,3992.8,SL,-5.2,-51.95,6
2025-11-04 22:00:00,2025-11-04 22:12:00,2025-11-04 22:25:00,BOS,short,3984.5,3988.9,3988.9,3977.4,False,,3977.4,TP,7.1,71.07,13
2025-11-04 22:25:00,2025-11-04 23:39:00,2025-11-05 02:13:00,BOS,short,3977.1,3987.5,3987.5,3960.3,False,,3960.3,TP,16.8,168.1,154
2025-11-05 03:15:00,2025-11-05 03:31:00,2025-11-05 04:03:00,MSS,long,3947.6,3943.9,3943.9,3953.5,False,,3943.9,SL,-3.7,-36.67,32
2025-11-05 04:00:00,2025-11-05 04:27:00,2025-11-05 04:30:00,BOS,short,3946.3,3949.5,3949.5,3941.1,False,,3949.5,SL,-3.2,-32.09,3
2025-11-05 05:35:00,2025-11-05 05:50:00,2025-11-05 07:03:00,BOS,short,3942.8,3944.9,3944.9,3939.5,False,,3944.9,SL,-2.1,-20.63,13
2025-11-05 07:00:00,2025-11-05 07:07:00,2025-11-05 07:08:00,MSS,long,3943.2,3940.7,3940.7,3947.3,False,,3947.3,TP,4.1,40.79,1
2025-11-05 07:45:00,2025-11-05 07:51:00,2025-11-05 08:03:00,MSS,short,3943.6,3946.8,3946.8,3938.3,False,,3946.8,SL,-3.2,-32.47,12
2025-11-05 08:00:00,2025-11-05 08:12:00,2025-11-05 08:15:00,MSS,long,3942.8,3938.3,3938.3,3950.0,False,,3950.0,TP,7.2,72.31,3
2025-11-05 08:40:00,2025-11-05 08:47:00,2025-11-05 08:59:00,MSS,short,3943.0,3947.7,3947.7,3935.4,False,,3947.7,SL,-4.7,-46.99,12
2025-11-05 09:25:00,2025-11-05 09:45:00,2025-11-05 09:47:00,BOS,long,3950.7,3946.7,3946.7,3957.3,False,,3946.7,SL,-4.0,-40.49,2
2025-11-05 09:45:00,2025-11-05 10:08:00,2025-11-05 10:23:00,MSS,short,3953.0,3958.2,3958.2,3944.6,False,,3944.6,TP,8.4,84.05,15
2025-11-05 13:15:00,2025-11-05 13:40:00,2025-11-05 13:46:00,BOS,long,3978.5,3975.1,3975.1,3984.0,False,,3975.1,SL,-3.4,-34.0,6
2025-11-05 14:00:00,2025-11-05 14:06:00,2025-11-05 14:07:00,MSS,long,3972.9,3970.7,3970.7,3976.5,False,,3976.5,TP,3.6,35.84,1
2025-11-05 15:05:00,2025-11-05 15:16:00,2025-11-05 15:49:00,BOS,short,3977.2,3980.8,3980.8,3971.5,False,,3980.8,SL,-3.6,-35.53,33
2025-11-05 17:50:00,2025-11-05 18:02:00,2025-11-05 18:03:00,MSS,long,3976.8,3973.6,3973.6,3982.1,False,,3973.6,SL,-3.2,-32.47,1
2025-11-05 18:45:00,2025-11-05 18:50:00,2025-11-05 18:53:00,BOS,long,3975.7,3973.3,3973.3,3979.6,False,,3973.3,SL,-2.4,-24.07,3
2025-11-05 18:50:00,2025-11-05 19:03:00,2025-11-05 19:12:00,MSS,short,3976.2,3979.6,3979.6,3970.7,False,,3970.7,TP,5.5,55.0,9
2025-11-05 19:20:00,2025-11-05 19:46:00,2025-11-05 20:22:00,BOS,short,3973.9,3978.1,3978.1,3967.2,False,,3978.1,SL,-4.2,-41.64,36
2025-11-05 21:05:00,2025-11-05 21:16:00,2025-11-05 21:23:00,BOS,long,3976.6,3972.5,3972.5,3983.3,False,,3983.3,TP,6.7,66.74,7
2025-11-05 21:50:00,2025-11-05 22:03:00,2025-11-05 22:11:00,BOS,long,3983.9,3980.5,3980.5,3989.3,False,,3989.3,TP,5.4,54.38,8
2025-11-05 22:20:00,2025-11-05 22:43:00,2025-11-05 22:47:00,BOS,long,3986.7,3983.2,3983.2,3992.4,False,,3983.2,SL,-3.5,-35.14,4
2025-11-06 00:05:00,2025-11-06 00:13:00,2025-11-06 00:14:00,BOS,long,3988.7,3986.7,3986.7,3992.0,False,,3986.7,SL,-2.0,-20.25,1
2025-11-06 00:15:00,2025-11-06 00:21:00,2025-11-06 00:30:00,MSS,short,3989.0,3992.0,3992.0,3984.1,False,,3992.0,SL,-3.0,-30.18,9
2025-11-06 02:10:00,2025-11-06 02:31:00,2025-11-06 02:42:00,MSS,long,3990.3,3988.5,3988.5,3993.3,False,,3988.5,SL,-1.8,-18.34,11
2025-11-06 04:05:00,2025-11-06 04:13:00,2025-11-06 04:19:00,BOS,long,3998.1,3996.6,3996.6,4000.4,False,,3996.6,SL,-1.5,-14.52,6
2025-11-06 05:25:00,2025-11-06 05:37:00,2025-11-06 05:50:00,BOS,short,3993.6,3994.7,3994.7,3991.8,False,,3991.8,TP,1.8,17.92,13
2025-11-06 07:30:00,2025-11-06 08:00:00,2025-11-06 08:11:00,MSS,long,3980.0,3978.0,3978.0,3983.2,False,,3983.2,TP,3.2,32.14,11
2025-11-06 08:55:00,2025-11-06 09:04:00,2025-11-06 09:06:00,BOS,long,3981.2,3979.0,3979.0,3984.7,False,,3979.0,SL,-2.2,-21.77,2
2025-11-06 09:05:00,2025-11-06 09:21:00,2025-11-06 10:03:00,MSS,short,3981.1,3986.1,3986.1,3973.1,False,,3986.1,SL,-5.0,-49.66,42
2025-11-06 10:30:00,2025-11-06 11:08:00,2025-11-06 11:12:00,BOS,long,3987.9,3984.7,3984.7,3993.1,False,,3993.1,TP,5.2,51.91,4
2025-11-06 13:00:00,2025-11-06 13:08:00,2025-11-06 13:24:00,BOS,long,3995.3,3993.3,3993.3,3998.5,False,,3998.5,TP,3.2,32.14,16
2025-11-06 13:25:00,2025-11-06 13:32:00,2025-11-06 13:41:00,BOS,long,3996.4,3994.4,3994.4,3999.7,False,,3994.4,SL,-2.0,-20.25,9
2025-11-06 14:40:00,2025-11-06 14:50:00,2025-11-06 14:51:00,MSS,short,3995.1,3996.5,3996.5,3992.8,False,,3996.5,SL,-1.4,-14.13,1
2025-11-06 16:15:00,2025-11-06 18:03:00,2025-11-06 18:30:00,BOS,long,4017.2,4013.6,4013.6,4023.0,False,,4013.6,SL,-3.6,-35.91,27
2025-11-06 18:30:00,2025-11-06 18:42:00,2025-11-06 18:55:00,BOS,short,4016.6,4018.5,4018.5,4013.6,False,,4018.5,SL,-1.9,-18.72,13
2025-11-06 19:00:00,2025-11-06 19:25:00,2025-11-06 19:27:00,MSS,long,4016.5,4014.3,4014.3,4020.0,False,,4020.0,TP,3.5,35.23,2
2025-11-06 20:50:00,2025-11-06 21:06:00,2025-11-06 21:21:00,BOS,short,4019.4,4023.9,4023.9,4012.1,False,,4023.9,SL,-4.5,-45.08,15
2025-11-07 01:10:00,2025-11-07 01:46:00,2025-11-07 01:50:00,BOS,short,3991.0,3993.9,3993.9,3986.4,False,,3993.9,SL,-2.9,-28.65,4
2025-11-07 03:10:00,2025-11-07 03:36:00,2025-11-07 03:47:00,BOS,long,3997.9,3994.3,3994.3,4003.7,False,,3994.3,SL,-3.6,-35.91,11
2025-11-07 04:30:00,2025-11-07 04:39:00,2025-11-07 04:45:00,MSS,long,3991.3,3989.5,3989.5,3994.3,False,,3989.5,SL,-1.8,-18.34,6
2025-11-07 05:45:00,2025-11-07 07:09:00,2025-11-07 07:10:00,BOS,short,3988.1,3989.8,3989.8,3985.3,False,,3989.8,SL,-1.7,-17.19,1
2025-11-07 08:05:00,2025-11-07 08:15:00,2025-11-07 08:18:00,MSS,short,3995.4,3996.9,3996.9,3992.9,False,,3996.9,SL,-1.5,-15.28,3
2025-11-07 08:50:00,2025-11-07 09:01:00,2025-11-07 09:01:00,MSS,short,3997.8,3999.1,3999.1,3995.7,False,,3999.1,SL,-1.3,-12.99,0
2025-11-07 09:40:00,2025-11-07 10:14:00,2025-11-07 10:22:00,BOS,long,4005.3,4002.1,4002.1,4010.6,False,,4002.1,SL,-3.2,-32.47,8
2025-11-07 10:30:00,2025-11-07 10:36:00,2025-11-07 10:38:00,BOS,short,4002.8,4005.2,4005.2,3998.8,False,,4005.2,SL,-2.4,-24.45,2
2025-11-07 10:35:00,2025-11-07 10:43:00,2025-11-07 11:04:00,MSS,long,4001.7,3998.8,3998.8,4006.5,False,,3998.8,SL,-2.9,-29.41,21
2025-11-07 11:05:00,2025-11-07 11:38:00,2025-11-07 12:01:00,MSS,short,4001.6,4004.8,4004.8,3996.3,False,,3996.3,TP,5.3,52.53,23
2025-11-07 12:30:00,2025-11-07 12:40:00,2025-11-07 12:50:00,MSS,short,4003.7,4005.2,4005.2,4001.2,False,,4005.2,SL,-1.5,-15.28,10
2025-11-07 12:50:00,2025-11-07 13:15:00,2025-11-07 13:22:00,MSS,long,4003.5,4002.1,4002.1,4005.8,False,,4002.1,SL,-1.4,-14.13,7
2025-11-07 13:20:00,2025-11-07 13:30:00,2025-11-07 14:23:00,MSS,short,4003.6,4006.3,4006.3,3999.3,False,,4006.3,SL,-2.7,-26.74,53
2025-11-07 15:25:00,2025-11-07 15:57:00,2025-11-07 16:07:00,MSS,short,4014.6,4017.2,4017.2,4010.5,False,,4017.2,SL,-2.6,-25.59,10
2025-11-07 16:10:00,2025-11-07 16:20:00,2025-11-07 16:24:00,BOS,long,4014.7,4012.4,4012.4,4018.3,False,,4012.4,SL,-2.3,-22.54,4
2025-11-07 17:15:00,2025-11-07 17:23:00,2025-11-07 17:33:00,BOS,long,4018.5,4016.1,4016.1,4022.4,False,,4016.1,SL,-2.4,-24.07,10
2025-11-07 18:20:00,2025-11-07 18:31:00,2025-11-07 18:56:00,MSS,long,4012.8,4010.3,4010.3,4016.9,False,,4016.9,TP,4.1,40.79,25
2025-11-07 19:00:00,2025-11-07 19:09:00,2025-11-07 19:14:00,BOS,long,4014.3,4010.9,4010.9,4019.9,False,,4010.9,SL,-3.4,-34.38,5
2025-11-07 19:25:00,2025-11-07 19:54:00,2025-11-07 20:04:00,MSS,short,4011.8,4015.6,4015.6,4005.7,False,,4015.6,SL,-3.8,-37.82,10
2025-11-07 20:05:00,2025-11-07 20:29:00,2025-11-07 20:49:00,MSS,long,4007.2,4001.2,4001.2,4016.9,False,,4001.2,SL,-6.0,-59.97,20
2025-11-07 20:45:00,2025-11-07 20:57:00,2025-11-07 21:01:00,MSS,short,4003.8,4006.5,4006.5,3999.4,False,,3999.4,TP,4.4,43.88,4
2025-11-07 21:00:00,2025-11-07 21:30:00,2025-11-07 21:51:00,MSS,long,4001.6,3998.7,3998.7,4006.3,False,,4006.3,TP,4.7,46.97,21
2025-11-07 22:10:00,2025-11-07 22:30:00,2025-11-07 22:31:00,MSS,long,4005.8,4002.3,4002.3,4011.5,False,,4002.3,SL,-3.5,-35.14,1
2025-11-07 23:00:00,2025-11-07 23:13:00,2025-11-07 23:46:00,MSS,long,3998.1,3993.1,3993.1,4006.1,False,,3993.1,SL,-5.0,-49.66,33
2025-11-08 00:20:00,2025-11-08 01:06:00,2025-11-08 01:07:00,BOS,long,4007.3,4003.5,4003.5,4013.4,False,,4003.5,SL,-3.8,-37.82,1
2025-11-08 03:10:00,2025-11-08 03:23:00,2025-11-08 03:35:00,BOS,long,4012.8,4011.2,4011.2,4015.5,False,,4011.2,SL,-1.6,-16.43,12
2025-11-08 03:50:00,2025-11-08 04:01:00,2025-11-08 04:17:00,BOS,long,4011.4,4008.8,4008.8,4015.5,False,,4008.8,SL,-2.6,-25.59,16
2025-11-08 04:15:00,2025-11-08 04:39:00,2025-11-10 07:02:00,MSS,short,4010.9,4015.5,4015.5,4003.5,False,,4015.5,SL,-4.6,-45.84,83
2025-11-10 08:35:00,2025-11-10 08:44:00,2025-11-10 08:45:00,MSS,short,4023.1,4025.5,4025.5,4019.3,False,,4025.5,SL,-2.4,-23.68,1
2025-11-10 10:05:00,2025-11-10 10:14:00,2025-11-10 10:18:00,BOS,short,4052.8,4056.0,4056.0,4047.7,False,,4056.0,SL,-3.2,-31.71,4
2025-11-10 12:05:00,2025-11-10 12:46:00,2025-11-10 13:25:00,BOS,long,4059.0,4055.7,4055.7,4064.4,False,,4064.4,TP,5.4,53.77,39
2025-11-10 15:10:00,2025-11-10 15:19:00,2025-11-10 15:21:00,BOS,long,4083.9,4081.6,4081.6,4087.6,False,,4081.6,SL,-2.3,-22.92,2
2025-11-10 16:05:00,2025-11-10 16:13:00,2025-11-10 16:35:00,BOS,long,4085.6,4081.7,4081.7,4091.9,False,,4091.9,TP,6.3,63.04,22
2025-11-10 16:35:00,2025-11-10 16:44:00,2025-11-10 17:13:00,BOS,long,4087.1,4083.0,4083.0,4093.7,False,,4083.0,SL,-4.1,-40.87,29
2025-11-10 17:35:00,2025-11-10 17:59:00,2025-11-10 20:00:00,MSS,long,4085.4,4079.5,4079.5,4094.9,False,,4094.9,TP,9.5,95.17,121
2025-11-10 20:50:00,2025-11-10 21:39:00,2025-11-10 21:51:00,BOS,long,4104.3,4101.5,4101.5,4108.7,False,,4101.5,SL,-2.8,-27.5,12
2025-11-10 22:30:00,2025-11-10 22:45:00,2025-11-10 23:01:00,BOS,short,4091.7,4097.0,4097.0,4083.2,False,,4097.0,SL,-5.3,-52.72,16
2025-11-10 23:45:00,2025-11-10 23:53:00,2025-11-11 00:08:00,BOS,short,4091.7,4096.0,4096.0,4084.7,False,,4096.0,SL,-4.3,-43.17,15
2025-11-11 01:40:00,2025-11-11 01:46:00,2025-11-11 01:49:00,MSS,short,4104.7,4106.4,4106.4,4102.0,False,,4106.4,SL,-1.7,-16.81,3
2025-11-11 02:45:00,2025-11-11 03:11:00,2025-11-11 05:53:00,MSS,short,4120.0,4123.9,4123.9,4113.7,False,,4123.9,SL,-3.9,-38.96,162
2025-11-11 07:05:00,2025-11-11 07:19:00,2025-11-11 07:22:00,BOS,long,4123.9,4121.6,4121.6,4127.7,False,,4127.7,TP,3.8,37.7,3
2025-11-11 07:45:00,2025-11-11 07:51:00,2025-11-11 07:51:00,BOS,long,4126.9,4125.1,4125.1,4129.7,False,,4125.1,SL,-1.8,-17.57,0
2025-11-11 08:00:00,2025-11-11 08:15:00,2025-11-11 08:26:00,MSS,short,4127.3,4129.7,4129.7,4123.5,False,,4129.7,SL,-2.4,-23.68,11
2025-11-11 09:25:00,2025-11-11 09:46:00,2025-11-11 10:44:00,BOS,long,4137.7,4133.7,4133.7,4144.2,False,,4144.2,TP,6.5,64.89,58
2025-11-11 12:00:00,2025-11-11 12:06:00,2025-11-11 12:08:00,BOS,long,4151.9,4150.0,4150.0,4154.9,False,,4150.0,SL,-1.9,-18.72,2
2025-11-11 12:30:00,2025-11-11 12:41:00,2025-11-11 12:43:00,MSS,long,4149.0,4147.9,4147.9,4150.9,False,,4147.9,SL,-1.1,-11.46,2
2025-11-11 12:40:00,2025-11-11 12:47:00,2025-11-11 12:51:00,MSS,short,4149.9,4151.3,4151.3,4147.7,False,,4151.3,SL,-1.4,-13.75,4
2025-11-11 14:20:00,2025-11-11 14:34:00,2025-11-11 15:03:00,MSS,long,4137.3,4133.2,4133.2,4143.9,False,,4133.2,SL,-4.1,-40.87,29
2025-11-11 15:00:00,2025-11-11 15:12:00,2025-11-11 15:21:00,MSS,short,4136.4,4139.0,4139.0,4132.3,False,,4139.0,SL,-2.6,-25.59,9
2025-11-11 16:00:00,2025-11-11 16:35:00,2025-11-11 16:49:00,MSS,long,4135.0,4131.0,4131.0,4141.5,False,,4141.5,TP,6.5,64.89,14
2025-11-11 17:30:00,2025-11-11 17:43:00,2025-11-11 17:48:00,BOS,long,4149.1,4147.3,4147.3,4151.9,False,,4151.9,TP,2.8,28.43,5
2025-11-11 17:55:00,2025-11-11 19:42:00,2025-11-11 19:59:00,MSS,short,4150.7,4152.5,4152.5,4147.8,False,,4147.8,TP,2.9,29.05,17
2025-11-11 20:10:00,2025-11-11 20:37:00,2025-11-11 20:49:00,BOS,short,4148.2,4151.0,4151.0,4143.6,False,,4143.6,TP,4.6,45.73,12
2025-11-11 20:50:00,2025-11-11 21:07:00,2025-11-11 21:22:00,MSS,short,4145.0,4148.4,4148.4,4139.5,False,,4148.4,SL,-3.4,-34.0,15
2025-11-11 21:30:00,2025-11-11 22:01:00,2025-11-11 22:05:00,BOS,long,4147.4,4144.6,4144.6,4151.9,False,,4144.6,SL,-2.8,-27.89,4
2025-11-11 22:45:00,2025-11-11 22:58:00,2025-11-11 23:08:00,BOS,short,4134.3,4139.6,4139.6,4125.8,False,,4125.8,TP,8.5,85.28,10
2025-11-12 01:30:00,2025-11-12 01:52:00,2025-11-12 02:13:00,BOS,short,4120.6,4123.5,4123.5,4116.0,False,,4116.0,TP,4.6,46.35,21
2025-11-12 02:10:00,2025-11-12 02:17:00,2025-11-12 02:32:00,MSS,short,4118.9,4122.0,4122.0,4114.0,False,,4114.0,TP,4.9,49.44,15
2025-11-12 05:35:00,2025-11-12 07:00:00,2025-11-12 07:02:00,MSS,short,4135.8,4137.7,4137.7,4132.6,False,,4137.7,SL,-1.9,-19.48,2
2025-11-12 08:20:00,2025-11-12 08:30:00,2025-11-12 08:39:00,MSS,short,4148.9,4150.6,4150.6,4146.1,False,,4146.1,TP,2.8,27.81,9
2025-11-12 09:30:00,2025-11-12 09:44:00,2025-11-12 10:36:00,BOS,short,4139.2,4143.3,4143.3,4132.6,False,,4132.6,TP,6.6,66.13,52
2025-11-12 13:30:00,2025-11-12 13:35:00,2025-11-12 14:07:00,BOS,short,4111.4,4115.7,4115.7,4104.4,False,,4115.7,SL,-4.3,-43.17,32
2025-11-12 14:35:00,2025-11-12 14:47:00,2025-11-12 15:01:00,BOS,long,4119.8,4117.0,4117.0,4124.2,False,,4124.2,TP,4.4,44.5,14
2025-11-12 15:30:00,2025-11-12 16:19:00,2025-11-12 16:21:00,MSS,short,4127.5,4129.8,4129.8,4123.9,False,,4129.8,SL,-2.3,-22.54,2
2025-11-12 17:10:00,2025-11-12 17:16:00,2025-11-12 17:21:00,MSS,short,4136.8,4139.4,4139.4,4132.7,False,,4132.7,TP,4.1,41.41,5
2025-11-12 18:25:00,2025-11-12 18:39:00,2025-11-12 18:57:00,BOS,short,4131.1,4134.5,4134.5,4125.7,False,,4134.5,SL,-3.4,-33.62,18
2025-11-12 19:05:00,2025-11-12 19:20:00,2025-11-12 19:22:00,MSS,long,4132.2,4130.3,4130.3,4135.2,False,,4130.3,SL,-1.9,-18.72,2
2025-11-12 19:25:00,2025-11-12 19:45:00,2025-11-12 19:56:00,MSS,short,4134.3,4137.1,4137.1,4129.7,False,,4129.7,TP,4.6,45.73,11
2025-11-12 20:10:00,2025-11-12 21:09:00,2025-11-12 21:10:00,MSS,long,4131.9,4129.0,4129.0,4136.5,False,,4129.0,SL,-2.9,-28.65,1
2025-11-12 21:30:00,2025-11-12 21:52:00,2025-11-12 22:03:00,MSS,long,4132.0,4128.1,4128.1,4138.2,False,,4138.2,TP,6.2,62.42,11
2025-11-12 22:00:00,2025-11-12 22:33:00,2025-11-12 22:37:00,MSS,long,4133.9,4130.1,4130.1,4140.1,False,,4140.1,TP,6.2,61.8,4
2025-11-12 23:45:00,2025-11-12 23:52:00,2025-11-12 23:54:00,BOS,long,4184.7,4181.2,4181.2,4190.4,False,,4181.2,SL,-3.5,-35.14,2
2025-11-13 01:35:00,2025-11-13 02:02:00,2025-11-13 02:04:00,BOS,long,4203.5,4198.4,4198.4,4211.7,False,,4198.4,SL,-5.1,-50.81,2
2025-11-13 02:00:00,2025-11-13 02:11:00,2025-11-13 02:24:00,MSS,short,4205.4,4210.6,4210.6,4196.9,False,,4210.6,SL,-5.2,-52.33,13
2025-11-13 05:55:00,2025-11-13 07:00:00,2025-11-13 07:00:00,MSS,short,4203.4,4205.5,4205.5,4199.9,False,,4205.5,SL,-2.1,-21.39,0
2025-11-13 07:05:00,2025-11-13 07:13:00,2025-11-13 07:20:00,MSS,long,4203.8,4199.9,4199.9,4210.0,False,,4199.9,SL,-3.9,-38.58,7
2025-11-13 08:00:00,2025-11-13 08:21:00,2025-11-13 08:30:00,BOS,short,4195.4,4197.8,4197.8,4191.6,False,,4197.8,SL,-2.4,-23.68,9
2025-11-13 08:50:00,2025-11-13 09:01:00,2025-11-13 09:05:00,BOS,long,4205.6,4201.5,4201.5,4212.3,False,,4201.5,SL,-4.1,-41.26,4
2025-11-13 09:55:00,2025-11-13 10:24:00,2025-11-13 10:44:00,MSS,long,4191.3,4186.6,4186.6,4198.9,False,,4198.9,TP,7.6,76.01,20
2025-11-13 13:05:00,2025-11-13 13:30:00,2025-11-13 13:40:00,BOS,long,4213.7,4209.9,4209.9,4219.9,False,,4219.9,TP,6.2,61.8,10
2025-11-13 17:00:00,2025-11-13 17:07:00,2025-11-13 17:18:00,MSS,short,4238.9,4243.0,4243.0,4232.3,False,,4243.0,SL,-4.1,-40.87,11
2025-11-13 17:15:00,2025-11-13 17:26:00,2025-11-13 17:29:00,MSS,long,4236.8,4232.3,4232.3,4244.0,False,,4232.3,SL,-4.5,-44.69,3
2025-11-13 17:25:00,2025-11-13 18:09:00,2025-11-13 18:21:00,MSS,short,4239.9,4245.0,4245.0,4231.6,False,,4245.0,SL,-5.1,-51.19,12
2025-11-13 18:55:00,2025-11-13 19:07:00,2025-11-13 19:20:00,BOS,short,4234.9,4240.1,4240.1,4226.6,False,,4226.6,TP,8.3,83.43,13
2025-11-13 20:05:00,2025-11-13 20:27:00,2025-11-13 20:35:00,BOS,long,4236.5,4234.2,4234.2,4240.2,False,,4240.2,TP,3.7,37.08,8
2025-11-13 20:45:00,2025-11-13 21:03:00,2025-11-13 21:03:00,BOS,long,4238.5,4235.1,4235.1,4244.1,False,,4235.1,SL,-3.4,-34.38,0
2025-11-13 21:30:00,2025-11-13 21:55:00,2025-11-13 22:03:00,BOS,short,4236.8,4242.5,4242.5,4227.5,False,,4227.5,TP,9.3,92.7,8
2025-11-13 23:05:00,2025-11-13 23:26:00,2025-11-13 23:33:00,MSS,long,4199.5,4193.2,4193.2,4209.6,False,,4193.2,SL,-6.3,-62.65,7
2025-11-14 00:35:00,2025-11-14 00:52:00,2025-11-14 01:11:00,MSS,short,4209.1,4213.0,4213.0,4202.9,False,,4202.9,TP,6.2,62.42,19
2025-11-14 01:10:00,2025-11-14 01:27:00,2025-11-14 02:25:00,BOS,short,4207.3,4212.9,4212.9,4198.2,False,,4198.2,TP,9.1,90.85,58
2025-11-14 04:25:00,2025-11-14 04:43:00,2025-11-14 04:53:00,BOS,long,4168.7,4164.8,4164.8,4174.9,False,,4164.8,SL,-3.9,-38.58,10
2025-11-14 07:45:00,2025-11-14 08:07:00,2025-11-14 08:12:00,BOS,long,4183.1,4179.8,4179.8,4188.5,False,,4188.5,TP,5.4,53.77,5
2025-11-14 08:15:00,2025-11-14 08:51:00,2025-11-14 08:53:00,BOS,long,4185.7,4181.7,4181.7,4192.2,False,,4181.7,SL,-4.0,-40.11,2
2025-11-14 08:50:00,2025-11-14 09:03:00,2025-11-14 09:21:00,MSS,short,4188.0,4192.5,4192.5,4180.8,False,,4180.8,TP,7.2,72.31,18
2025-11-14 09:20:00,2025-11-14 09:46:00,2025-11-14 09:54:00,BOS,short,4186.7,4192.3,4192.3,4177.6,False,,4192.3,SL,-5.6,-56.15,8
2025-11-14 11:20:00,2025-11-14 11:45:00,2025-11-14 11:51:00,BOS,long,4209.6,4207.0,4207.0,4213.9,False,,4207.0,SL,-2.6,-26.36,6
2025-11-14 12:10:00,2025-11-14 12:34:00,2025-11-14 13:02:00,BOS,short,4206.3,4209.4,4209.4,4201.2,False,,4201.2,TP,5.1,50.68,28
2025-11-14 15:20:00,2025-11-14 15:43:00,2025-11-14 15:47:00,BOS,short,4173.9,4179.9,4179.9,4164.1,False,,4179.9,SL,-6.0,-60.36,4
2025-11-14 16:35:00,2025-11-14 16:40:00,2025-11-14 16:51:00,BOS,long,4183.6,4179.3,4179.3,4190.5,False,,4179.3,SL,-4.3,-42.78,11
2025-11-14 18:30:00,2025-11-14 18:39:00,2025-11-14 18:55:00,BOS,short,4170.0,4174.4,4174.4,4162.8,False,,4174.4,SL,-4.4,-44.31,16
2025-11-14 22:20:00,2025-11-14 22:30:00,2025-11-14 22:32:00,MSS,long,4051.7,4045.6,4045.6,4061.6,False,,4045.6,SL,-6.1,-61.12,2
2025-11-14 22:30:00,2025-11-14 22:35:00,2025-11-14 22:37:00,MSS,short,4050.3,4061.6,4061.6,4032.1,False,,4061.6,SL,-11.3,-112.69,2
2025-11-15 00:35:00,2025-11-15 01:07:00,2025-11-15 01:08:00,BOS,long,4102.6,4098.7,4098.7,4108.9,False,,4098.7,SL,-3.9,-38.96,1
2025-11-15 01:15:00,2025-11-15 01:35:00,2025-11-15 01:46:00,MSS,short,4108.5,4112.8,4112.8,4101.5,False,,4101.5,TP,7.0,69.83,11
2025-11-15 02:00:00,2025-11-15 02:32:00,2025-11-15 04:02:00,BOS,short,4099.2,4106.3,4106.3,4087.8,False,,4087.8,TP,11.4,114.33,90
2025-11-15 04:00:00,2025-11-15 04:37:00,2025-11-15 05:00:00,BOS,short,4092.9,4097.6,4097.6,4085.3,False,,4085.3,TP,7.6,76.01,23
2025-11-15 05:35:00,2025-11-15 05:52:00,2025-11-15 05:56:00,MSS,short,4084.0,4087.0,4087.0,4079.1,False,,4087.0,SL,-3.0,-30.18,4
2025-11-17 07:00:00,2025-11-17 07:05:00,2025-11-17 07:06:00,BOS,short,4077.5,4087.1,4087.1,4061.9,False,,4087.1,SL,-9.6,-96.26,1
2025-11-17 08:55:00,2025-11-17 09:00:00,2025-11-17 09:10:00,BOS,short,4089.0,4093.0,4093.0,4082.5,False,,4093.0,SL,-4.0,-40.11,10
2025-11-17 09:10:00,2025-11-17 09:16:00,2025-11-17 09:32:00,MSS,long,4088.5,4082.5,4082.5,4098.2,False,,4098.2,TP,9.7,97.03,16
2025-11-17 09:30:00,2025-11-17 09:57:00,2025-11-17 10:03:00,BOS,long,4092.4,4086.7,4086.7,4101.5,False,,4086.7,SL,-5.7,-56.54,6
2025-11-17 11:50:00,2025-11-17 12:46:00,2025-11-17 13:05:00,MSS,long,4080.1,4076.4,4076.4,4086.0,False,,4076.4,SL,-3.7,-36.67,19
2025-11-17 14:00:00,2025-11-17 14:11:00,2025-11-17 14:19:00,MSS,long,4058.9,4054.6,4054.6,4065.9,False,,4065.9,TP,7.0,69.83,8
2025-11-17 16:35:00,2025-11-17 17:11:00,2025-11-17 17:22:00,MSS,short,4082.3,4085.4,4085.4,4077.2,False,,4085.4,SL,-3.1,-31.32,11
2025-11-17 18:50:00,2025-11-17 19:36:00,2025-11-17 21:03:00,MSS,short,4080.8,4087.7,4087.7,4069.6,False,,4087.7,SL,-6.9,-69.14,87
2025-11-17 21:00:00,2025-11-17 21:24:00,2025-11-17 21:28:00,MSS,long,4081.5,4076.2,4076.2,4090.0,False,,4076.2,SL,-5.3,-52.72,4
2025-11-17 21:35:00,2025-11-17 22:34:00,2025-11-17 22:36:00,BOS,short,4076.0,4080.9,4080.9,4068.2,False,,4080.9,SL,-4.9,-48.51,2
2025-11-17 23:05:00,2025-11-17 23:24:00,2025-11-18 00:01:00,MSS,short,4074.6,4082.0,4082.0,4062.5,False,,4062.5,TP,12.1,120.51,37
2025-11-18 01:15:00,2025-11-18 01:41:00,2025-11-18 01:52:00,BOS,long,4075.1,4072.5,4072.5,4079.2,False,,4072.5,SL,-2.6,-25.59,11
2025-11-18 07:00:00,2025-11-18 07:09:00,2025-11-18 07:40:00,BOS,long,4047.9,4042.9,4042.9,4056.1,False,,4042.9,SL,-5.0,-50.42,31
2025-11-18 08:35:00,2025-11-18 08:52:00,2025-11-18 08:59:00,MSS,long,4032.2,4028.1,4028.1,4038.8,False,,4038.8,TP,6.6,66.13,7
2025-11-18 08:55:00,2025-11-18 09:08:00,2025-11-18 09:12:00,BOS,long,4035.0,4031.3,4031.3,4041.1,False,,4041.1,TP,6.1,60.56,4
2025-11-18 10:30:00,2025-11-18 10:43:00,2025-11-18 10:47:00,MSS,long,4029.9,4026.5,4026.5,4035.5,False,,4026.5,SL,-3.4,-34.38,4
2025-11-18 11:30:00,2025-11-18 11:58:00,2025-11-18 12:16:00,MSS,long,4011.6,4008.2,4008.2,4017.0,False,,4008.2,SL,-3.4,-33.62,18
2025-11-18 13:35:00,2025-11-18 13:57:00,2025-11-18 14:04:00,BOS,long,4017.5,4014.5,4014.5,4022.3,False,,4014.5,SL,-3.0,-29.8,7
2025-11-18 15:00:00,2025-11-18 15:40:00,2025-11-18 15:47:00,BOS,short,4010.9,4015.1,4015.1,4004.0,False,,4015.1,SL,-4.2,-42.4,7
2025-11-18 17:10:00,2025-11-18 17:16:00,2025-11-18 17:37:00,MSS,short,4036.7,4041.1,4041.1,4029.7,False,,4029.7,TP,7.0,70.45,21
2025-11-18 18:45:00,2025-11-18 18:58:00,2025-11-18 19:59:00,BOS,long,4041.9,4036.8,4036.8,4050.2,False,,4036.8,SL,-5.1,-51.19,61
2025-11-18 20:20:00,2025-11-18 21:03:00,2025-11-18 21:04:00,BOS,short,4040.9,4044.5,4044.5,4035.2,False,,4044.5,SL,-3.6,-35.53,1
2025-11-18 22:00:00,2025-11-18 22:10:00,2025-11-18 22:15:00,BOS,long,4069.2,4065.2,4065.2,4075.6,False,,4075.6,TP,6.4,64.27,5
2025-11-18 22:15:00,2025-11-18 22:27:00,2025-11-18 22:32:00,BOS,long,4073.2,4068.6,4068.6,4080.7,False,,4080.7,TP,7.5,74.78,5
2025-11-18 23:25:00,2025-11-18 23:40:00,2025-11-18 23:50:00,MSS,long,4058.6,4053.1,4053.1,4067.4,False,,4053.1,SL,-5.5,-54.63,10
2025-11-18 23:50:00,2025-11-19 00:29:00,2025-11-19 01:37:00,MSS,short,4063.7,4072.9,4072.9,4048.7,False,,4072.9,SL,-9.2,-92.44,68
2025-11-19 02:00:00,2025-11-19 02:05:00,2025-11-19 02:08:00,MSS,short,4072.5,4074.2,4074.2,4069.7,False,,4069.7,TP,2.8,27.81,3
2025-11-19 03:45:00,2025-11-19 04:06:00,2025-11-19 04:14:00,BOS,long,4077.0,4073.9,4073.9,4082.1,False,,4073.9,SL,-3.1,-31.32,8
2025-11-19 04:40:00,2025-11-19 05:02:00,2025-11-19 05:16:00,BOS,short,4072.2,4074.4,4074.4,4068.6,False,,4068.6,TP,3.6,35.84,14
2025-11-19 05:15:00,2025-11-19 07:01:00,2025-11-19 07:02:00,BOS,short,4070.2,4072.6,4072.6,4066.4,False,,4066.4,TP,3.8,38.32,1
2025-11-19 07:05:00,2025-11-19 07:30:00,2025-11-19 07:44:00,MSS,long,4068.3,4065.4,4065.4,4073.1,False,,4073.1,TP,4.8,47.59,14
2025-11-19 08:20:00,2025-11-19 08:46:00,2025-11-19 08:50:00,BOS,long,4073.2,4070.3,4070.3,4078.0,False,,4070.3,SL,-2.9,-29.41,4
2025-11-19 09:50:00,2025-11-19 10:29:00,2025-11-19 10:33:00,BOS,short,4065.8,4070.7,4070.7,4057.9,False,,4070.7,SL,-4.9,-48.9,4
2025-11-19 11:55:00,2025-11-19 12:26:00,2025-11-19 12:33:00,BOS,short,4072.4,4076.4,4076.4,4065.8,False,,4076.4,SL,-4.0,-40.49,7
2025-11-19 15:05:00,2025-11-19 15:35:00,2025-11-19 15:41:00,MSS,short,4091.9,4096.2,4096.2,4084.9,False,,4096.2,SL,-4.3,-43.17,6
2025-11-19 19:15:00,2025-11-19 19:42:00,2025-11-19 20:10:00,BOS,long,4111.5,4107.1,4107.1,4118.6,False,,4118.6,TP,7.1,71.07,28
2025-11-19 20:35:00,2025-11-19 20:53:00,2025-11-19 20:54:00,BOS,long,4115.6,4112.9,4112.9,4119.9,False,,4112.9,SL,-2.7,-26.74,1
2025-11-19 20:55:00,2025-11-19 21:46:00,2025-11-19 21:47:00,MSS,short,4118.2,4120.7,4120.7,4114.1,False,,4114.1,TP,4.1,40.79,1
2025-11-19 22:10:00,2025-11-19 22:21:00,2025-11-19 22:29:00,MSS,long,4111.7,4106.7,4106.7,4119.7,False,,4106.7,SL,-5.0,-49.66,8
2025-11-19 22:55:00,2025-11-19 23:29:00,2025-11-19 23:41:00,MSS,long,4117.7,4109.7,4109.7,4130.6,False,,4109.7,SL,-8.0,-79.84,12
2025-11-20 00:15:00,2025-11-20 00:22:00,2025-11-20 00:25:00,BOS,short,4090.4,4095.6,4095.6,4082.1,False,,4082.1,TP,8.3,83.43,3
2025-11-20 02:00:00,2025-11-20 02:28:00,2025-11-20 02:33:00,BOS,long,4079.6,4076.7,4076.7,4084.4,False,,4076.7,SL,-2.9,-29.41,5
2025-11-20 02:50:00,2025-11-20 03:00:00,2025-11-20 03:13:00,BOS,long,4082.5,4076.3,4076.3,4092.4,False,,4076.3,SL,-6.2,-61.5,13
2025-11-20 04:15:00,2025-11-20 04:25:00,2025-11-20 04:48:00,MSS,long,4076.7,4073.5,4073.5,4082.0,False,,4073.5,SL,-3.2,-32.47,23
2025-11-20 04:45:00,2025-11-20 04:53:00,2025-11-20 05:02:00,MSS,short,4078.1,4081.4,4081.4,4072.8,False,,4072.8,TP,5.3,53.15,9
2025-11-20 05:10:00,2025-11-20 05:25:00,2025-11-20 05:31:00,BOS,short,4076.4,4079.4,4079.4,4071.6,False,,4079.4,SL,-3.0,-29.8,6
2025-11-20 05:50:00,2025-11-20 07:01:00,2025-11-20 07:01:00,MSS,short,4080.7,4082.5,4082.5,4077.7,False,,4082.5,SL,-1.8,-18.34,0
2025-11-20 08:35:00,2025-11-20 09:01:00,2025-11-20 09:09:00,MSS,short,4105.3,4108.3,4108.3,4100.5,False,,4100.5,TP,4.8,48.2,8
2025-11-20 09:35:00,2025-11-20 09:45:00,2025-11-20 09:54:00,BOS,short,4095.8,4099.0,4099.0,4090.5,False,,4090.5,TP,5.3,52.53,9
2025-11-20 11:30:00,2025-11-20 12:10:00,2025-11-20 12:15:00,MSS,short,4074.1,4077.7,4077.7,4068.4,False,,4077.7,SL,-3.6,-35.53,5
2025-11-20 12:30:00,2025-11-20 12:49:00,2025-11-20 12:55:00,BOS,short,4076.8,4078.5,4078.5,4074.1,False,,4078.5,SL,-1.7,-16.81,6
2025-11-20 13:55:00,2025-11-20 14:07:00,2025-11-20 14:08:00,BOS,short,4070.2,4073.6,4073.6,4064.6,False,,4073.6,SL,-3.4,-34.38,1
2025-11-20 14:05:00,2025-11-20 14:18:00,2025-11-20 14:25:00,MSS,long,4068.5,4063.5,4063.5,4076.7,False,,4063.5,SL,-5.0,-50.42,7
2025-11-20 14:25:00,2025-11-20 14:41:00,2025-11-20 15:44:00,MSS,short,4069.4,4076.7,4076.7,4057.6,False,,4057.6,TP,11.8,118.04,63
2025-11-20 18:30:00,2025-11-20 18:53:00,2025-11-20 18:56:00,BOS,long,4060.4,4056.9,4056.9,4066.0,False,,4056.9,SL,-3.5,-34.76,3
2025-11-20 19:15:00,2025-11-20 19:29:00,2025-11-20 19:37:00,BOS,short,4055.1,4057.9,4057.9,4050.6,False,,4057.9,SL,-2.8,-27.89,8
2025-11-20 20:55:00,2025-11-20 21:30:00,2025-11-20 21:30:00,BOS,long,4075.2,4071.2,4071.2,4081.7,False,,4071.2,SL,-4.0,-40.11,0
2025-11-20 21:30:00,2025-11-20 21:35:00,2025-11-20 21:38:00,MSS,short,4081.5,4091.0,4091.0,4066.1,False,,4091.0,SL,-9.5,-95.12,3
2025-11-20 21:35:00,2025-11-20 21:46:00,2025-11-20 22:49:00,MSS,long,4077.7,4066.1,4066.1,4096.4,False,,4096.4,TP,18.7,187.25,63
2025-11-20 23:55:00,2025-11-21 00:08:00,2025-11-21 00:19:00,BOS,short,4080.9,4088.5,4088.5,4068.7,False,,4068.7,TP,12.2,122.36,11
2025-11-21 00:40:00,2025-11-21 00:45:00,2025-11-21 00:54:00,BOS,short,4062.8,4067.1,4067.1,4055.9,False,,4055.9,TP,6.9,69.22,9
2025-11-21 00:50:00,2025-11-21 01:53:00,2025-11-21 01:55:00,BOS,short,4061.3,4066.0,4066.0,4053.8,False,,4066.0,SL,-4.7,-46.6,2
2025-11-21 07:00:00,2025-11-21 07:05:00,2025-11-21 07:09:00,BOS,short,4076.6,4079.7,4079.7,4071.7,False,,4079.7,SL,-3.1,-30.56,4
2025-11-21 07:10:00,2025-11-21 07:26:00,2025-11-21 07:41:00,MSS,long,4076.9,4071.7,4071.7,4085.3,False,,4085.3,TP,8.4,84.05,15
2025-11-21 07:40:00,2025-11-21 07:47:00,2025-11-21 07:52:00,BOS,long,4081.1,4076.5,4076.5,4088.6,False,,4076.5,SL,-4.6,-46.22,5
2025-11-21 08:20:00,2025-11-21 08:43:00,2025-11-21 08:53:00,MSS,short,4077.4,4081.2,4081.2,4071.3,False,,4071.3,TP,6.1,61.18,10
2025-11-21 09:25:00,2025-11-21 09:45:00,2025-11-21 09:52:00,BOS,short,4065.9,4068.8,4068.8,4061.3,False,,4068.8,SL,-2.9,-28.65,7
2025-11-21 10:15:00,2025-11-21 10:26:00,2025-11-21 10:31:00,MSS,short,4071.3,4075.0,4075.0,4065.3,False,,4075.0,SL,-3.7,-37.05,5
2025-11-21 10:30:00,2025-11-21 10:45:00,2025-11-21 10:47:00,MSS,long,4070.6,4065.3,4065.3,4079.1,False,,4065.3,SL,-5.3,-52.72,2
2025-11-21 11:15:00,2025-11-21 11:40:00,2025-11-21 11:47:00,BOS,short,4053.2,4056.0,4056.0,4048.8,False,,4056.0,SL,-2.8,-27.5,7
2025-11-21 12:05:00,2025-11-21 12:14:00,2025-11-21 12:32:00,MSS,long,4054.0,4051.0,4051.0,4058.8,False,,4051.0,SL,-3.0,-29.8,18
2025-11-21 12:30:00,2025-11-21 13:06:00,2025-11-21 13:37:00,MSS,short,4054.9,4058.3,4058.3,4049.5,False,,4049.5,TP,5.4,54.38,31
2025-11-21 13:35:00,2025-11-21 13:56:00,2025-11-21 13:57:00,BOS,short,4052.7,4055.9,4055.9,4047.4,False,,4047.4,TP,5.3,52.53,1
2025-11-21 13:55:00,2025-11-21 14:18:00,2025-11-21 14:28:00,MSS,long,4044.9,4037.3,4037.3,4057.3,False,,4037.3,SL,-7.6,-76.4,10
2025-11-21 14:55:00,2025-11-21 15:30:00,2025-11-21 15:39:00,BOS,short,4035.2,4038.2,4038.2,4030.3,False,,4030.3,TP,4.9,48.82,9
2025-11-21 16:50:00,2025-11-21 17:01:00,2025-11-21 17:02:00,MSS,short,4040.8,4044.2,4044.2,4035.4,False,,4044.2,SL,-3.4,-33.62,1
2025-11-21 19:05:00,2025-11-21 19:15:00,2025-11-21 19:40:00,MSS,long,4037.0,4032.6,4032.6,4044.1,False,,4032.6,SL,-4.4,-43.93,25
2025-11-21 19:45:00,2025-11-21 20:06:00,2025-11-21 20:20:00,MSS,short,4038.8,4044.1,4044.1,4030.3,False,,4044.1,SL,-5.3,-52.72,14
2025-11-21 22:50:00,2025-11-21 23:08:00,2025-11-21 23:12:00,MSS,long,4065.6,4060.2,4060.2,4074.3,False,,4074.3,TP,8.7,87.14,4
2025-11-21 23:30:00,2025-11-22 00:02:00,2025-11-22 00:05:00,MSS,short,4071.2,4075.6,4075.6,4064.1,False,,4064.1,TP,7.1,71.07,3
2025-11-22 02:25:00,2025-11-22 02:47:00,2025-11-22 02:48:00,MSS,short,4081.8,4084.1,4084.1,4078.1,False,,4084.1,SL,-2.3,-22.92,1
2025-11-22 02:45:00,2025-11-22 04:14:00,2025-11-22 04:23:00,MSS,long,4080.2,4075.7,4075.7,4087.6,False,,4075.7,SL,-4.5,-45.46,9
2025-11-22 04:55:00,2025-11-22 05:03:00,2025-11-22 05:08:00,MSS,long,4058.6,4053.5,4053.5,4066.9,False,,4053.5,SL,-5.1,-51.19,5
2025-11-22 05:05:00,2025-11-22 05:24:00,2025-11-24 07:00:00,MSS,short,4061.4,4066.9,4066.9,4052.5,False,,4069.2,SL,-7.8,-78.01,36
2025-11-24 07:05:00,2025-11-24 07:31:00,2025-11-24 07:53:00,MSS,long,4065.2,4060.6,4060.6,4072.7,False,,4072.7,TP,7.5,74.78,22
2025-11-24 08:40:00,2025-11-24 09:02:00,2025-11-24 09:03:00,MSS,long,4060.3,4058.5,4058.5,4063.1,False,,4058.5,SL,-1.8,-17.57,1
2025-11-24 10:30:00,2025-11-24 10:45:00,2025-11-24 10:46:00,MSS,long,4043.5,4041.3,4041.3,4047.0,False,,4041.3,SL,-2.2,-21.77,1
2025-11-24 10:45:00,2025-11-24 11:05:00,2025-11-24 11:31:00,MSS,short,4045.6,4048.8,4048.8,4040.5,False,,4048.8,SL,-3.2,-31.71,26
2025-11-24 12:10:00,2025-11-24 12:20:00,2025-11-24 12:32:00,BOS,long,4050.4,4045.3,4045.3,4058.6,False,,4045.3,SL,-5.1,-50.81,12
2025-11-24 13:40:00,2025-11-24 13:46:00,2025-11-24 13:49:00,MSS,long,4041.7,4039.0,4039.0,4046.0,False,,4039.0,SL,-2.7,-26.74,3
2025-11-24 13:45:00,2025-11-24 13:57:00,2025-11-24 14:02:00,MSS,short,4042.8,4046.0,4046.0,4037.7,False,,4046.0,SL,-3.2,-31.71,5
2025-11-24 14:30:00,2025-11-24 15:00:00,2025-11-24 15:01:00,BOS,long,4048.0,4044.6,4044.6,4053.5,False,,4053.5,TP,5.5,55.0,1
2025-11-24 15:25:00,2025-11-24 15:31:00,2025-11-24 15:32:00,MSS,short,4051.1,4052.9,4052.9,4048.2,False,,4052.9,SL,-1.8,-17.95,1
2025-11-24 17:35:00,2025-11-24 17:43:00,2025-11-24 17:47:00,BOS,long,4066.2,4063.9,4063.9,4069.8,False,,4063.9,SL,-2.3,-22.54,4
2025-11-24 18:00:00,2025-11-24 18:20:00,2025-11-24 18:52:00,BOS,long,4067.0,4062.6,4062.6,4074.0,False,,4062.6,SL,-4.4,-43.55,32
2025-11-24 18:55:00,2025-11-24 19:10:00,2025-11-24 19:47:00,BOS,short,4065.5,4068.3,4068.3,4060.9,False,,4068.3,SL,-2.8,-28.27,37
2025-11-24 20:00:00,2025-11-24 20:07:00,2025-11-24 20:10:00,MSS,long,4067.2,4065.3,4065.3,4070.3,False,,4065.3,SL,-1.9,-19.1,3
2025-11-24 21:40:00,2025-11-24 22:03:00,2025-11-24 22:23:00,MSS,short,4079.5,4084.0,4084.0,4072.2,False,,4072.2,TP,7.3,72.92,20
2025-11-24 22:35:00,2025-11-24 22:48:00,2025-11-24 22:52:00,BOS,short,4076.2,4081.0,4081.0,4068.5,False,,4081.0,SL,-4.8,-47.75,4
2025-11-25 00:10:00,2025-11-25 00:18:00,2025-11-25 00:33:00,BOS,long,4090.1,4087.4,4087.4,4094.5,False,,4094.5,TP,4.4,43.88,15
2025-11-25 01:05:00,2025-11-25 01:49:00,2025-11-25 01:50:00,MSS,short,4096.8,4098.9,4098.9,4093.3,False,,4098.9,SL,-2.1,-21.39,1
2025-11-25 02:50:00,2025-11-25 03:14:00,2025-11-25 04:31:00,BOS,long,4115.5,4109.0,4109.0,4126.1,False,,4126.1,TP,10.6,105.68,77
2025-11-25 05:35:00,2025-11-25 07:11:00,2025-11-25 07:12:00,BOS,long,4130.1,4129.0,4129.0,4132.0,False,,4129.0,SL,-1.1,-11.46,1
2025-11-25 07:10:00,2025-11-25 07:15:00,2025-11-25 07:45:00,MSS,short,4131.8,4136.9,4136.9,4123.6,False,,4136.9,SL,-5.1,-50.81,30
2025-11-25 08:55:00,2025-11-25 09:05:00,2025-11-25 09:13:00,BOS,short,4130.7,4134.6,4134.6,4124.5,False,,4124.5,TP,6.2,62.42,8
2025-11-25 10:15:00,2025-11-25 11:23:00,2025-11-25 12:15:00,BOS,long,4136.9,4133.2,4133.2,4143.0,False,,4143.0,TP,6.1,60.56,52
2025-11-25 12:45:00,2025-11-25 13:10:00,2025-11-25 13:30:00,MSS,short,4143.6,4145.7,4145.7,4140.1,False,,4140.1,TP,3.5,34.61,20
2025-11-25 14:05:00,2025-11-25 14:12:00,2025-11-25 14:20:00,BOS,long,4145.9,4143.6,4143.6,4149.6,False,,4143.6,SL,-2.3,-22.92,8
2025-11-25 14:40:00,2025-11-25 14:52:00,2025-11-25 15:01:00,BOS,short,4139.1,4141.0,4141.0,4136.1,False,,4141.0,SL,-1.9,-18.72,9
2025-11-25 15:00:00,2025-11-25 15:12:00,2025-11-25 15:29:00,MSS,long,4138.5,4136.1,4136.1,4142.4,False,,4136.1,SL,-2.4,-24.07,17
2025-11-25 16:15:00,2025-11-25 16:22:00,2025-11-25 16:32:00,MSS,long,4131.6,4128.8,4128.8,4136.2,False,,4128.8,SL,-2.8,-28.27,10
2025-11-25 16:50:00,2025-11-25 17:04:00,2025-11-25 17:15:00,BOS,short,4118.6,4126.4,4126.4,4106.1,False,,4126.4,SL,-7.8,-77.55,11
2025-11-25 18:00:00,2025-11-25 18:30:00,2025-11-25 18:48:00,MSS,long,4126.3,4122.6,4122.6,4132.2,False,,4132.2,TP,5.9,59.33,18
2025-11-25 20:15:00,2025-11-25 20:22:00,2025-11-25 20:25:00,BOS,long,4133.4,4132.0,4132.0,4135.7,False,,4132.0,SL,-1.4,-14.13,3
2025-11-25 20:25:00,2025-11-25 20:40:00,2025-11-25 20:42:00,MSS,short,4133.2,4135.7,4135.7,4129.2,False,,4129.2,TP,4.0,40.17,2
2025-11-25 20:40:00,2025-11-25 20:52:00,2025-11-25 21:07:00,BOS,short,4125.2,4132.8,4132.8,4113.0,False,,4132.8,SL,-7.6,-75.64,15
2025-11-25 21:45:00,2025-11-25 22:06:00,2025-11-25 22:26:00,BOS,long,4138.4,4134.2,4134.2,4145.2,False,,4134.2,SL,-4.2,-42.02,20
2025-11-25 23:05:00,2025-11-25 23:52:00,2025-11-26 00:07:00,MSS,long,4118.8,4113.8,4113.8,4126.9,False,,4126.9,TP,8.1,80.96,15
2025-11-26 00:45:00,2025-11-26 01:00:00,2025-11-26 01:00:00,MSS,short,4134.7,4137.3,4137.3,4130.5,False,,4137.3,SL,-2.6,-25.98,0
2025-11-26 01:30:00,2025-11-26 01:42:00,2025-11-26 01:53:00,BOS,long,4147.3,4141.8,4141.8,4156.2,False,,4141.8,SL,-5.5,-55.01,11
2025-11-26 04:25:00,2025-11-26 04:42:00,2025-11-26 04:47:00,MSS,short,4133.6,4135.9,4135.9,4130.0,False,,4130.0,TP,3.6,36.46,5
2025-11-26 05:00:00,2025-11-26 07:00:00,2025-11-26 08:09:00,BOS,short,4130.6,4134.4,4134.4,4124.4,False,,4134.6,SL,-4.0,-40.2,61
2025-11-26 08:45:00,2025-11-26 08:55:00,2025-11-26 08:57:00,MSS,short,4136.3,4138.1,4138.1,4133.4,False,,4138.7,SL,-2.4,-23.95,2
2025-11-26 10:05:00,2025-11-26 10:12:00,2025-11-26 10:17:00,BOS,long,4147.2,4144.8,4144.8,4151.0,False,,4151.1,TP,3.9,39.32,5
2025-11-26 11:10:00,2025-11-26 11:25:00,2025-11-26 11:46:00,BOS,long,4161.2,4157.9,4157.9,4166.5,False,,4166.5,TP,5.3,53.15,20
2025-11-26 16:05:00,2025-11-26 16:34:00,2025-11-26 16:44:00,BOS,long,4157.8,4154.4,4154.4,4163.2,False,,4153.1,SL,-4.7,-46.62,10
2025-11-26 16:45:00,2025-11-26 17:04:00,2025-11-26 18:49:00,MSS,short,4160.5,4165.2,4165.2,4152.9,False,,4152.9,TP,7.6,76.01,60
2025-11-26 18:45:00,2025-11-26 18:53:00,2025-11-26 19:05:00,BOS,short,4155.9,4157.8,4157.8,4152.9,False,,4158.0,SL,-2.1,-20.72,9
2025-11-26 21:25:00,2025-11-26 21:30:00,2025-11-26 21:36:00,MSS,long,4158.2,4155.0,4155.0,4163.3,False,,4153.1,SL,-5.1,-50.71,5
2025-11-26 22:05:00,2025-11-26 22:32:00,2025-11-26 23:00:00,BOS,short,4147.5,4154.0,4154.0,4137.0,False,,4137.0,TP,10.5,105.06,28
2025-11-26 23:55:00,2025-11-27 00:01:00,2025-11-27 00:41:00,BOS,long,4158.4,4155.5,4155.5,4163.2,False,,4163.2,TP,4.8,47.59,40
2025-11-27 01:20:00,2025-11-27 01:50:00,2025-11-27 02:05:00,BOS,long,4164.2,4162.3,4162.3,4167.3,False,,4167.3,TP,3.1,30.9,3
2025-12-01 22:35:00,2025-12-01 22:55:00,2025-12-01 23:19:00,BOS,short,4237.5,4246.1,4246.1,4223.7,False,,4220.6,TP,16.9,169.43,3
2025-12-30 09:00:00,2025-12-30 09:07:00,2025-12-30 09:17:00,BOS,short,4350.5,4356.0,4356.0,4341.7,False,,4356.0,SL,-5.5,-54.63,10
2025-12-30 09:15:00,2025-12-30 09:32:00,2025-12-30 09:41:00,MSS,long,4346.4,4339.0,4339.0,4358.4,False,,4358.4,TP,12.0,119.89,9
2025-12-30 11:20:00,2025-12-30 11:52:00,2025-12-30 12:38:00,BOS,long,4374.2,4370.5,4370.5,4380.3,False,,4380.3,TP,6.1,60.56,46
2025-12-30 12:35:00,2025-12-30 12:51:00,2025-12-30 13:01:00,BOS,long,4378.6,4376.1,4376.1,4382.7,False,,4376.1,SL,-2.5,-25.21,10
2025-12-30 13:05:00,2025-12-30 13:12:00,2025-12-30 13:14:00,MSS,short,4377.1,4379.4,4379.4,4373.3,False,,4379.4,SL,-2.3,-23.3,2
2025-12-30 14:35:00,2025-12-30 14:48:00,2025-12-30 15:07:00,BOS,short,4381.0,4384.6,4384.6,4375.1,False,,4375.1,TP,5.9,58.71,19
2025-12-30 15:35:00,2025-12-30 16:02:00,2025-12-30 16:03:00,BOS,long,4384.1,4380.8,4380.8,4389.4,False,,4380.8,SL,-3.3,-32.85,1
2025-12-30 17:50:00,2025-12-30 18:04:00,2025-12-30 18:09:00,BOS,long,4384.9,4382.8,4382.8,4388.3,False,,4388.3,TP,3.4,33.99,5
2025-12-30 19:05:00,2025-12-30 19:48:00,2025-12-30 20:08:00,BOS,long,4398.5,4394.4,4394.4,4405.2,False,,4405.2,TP,6.7,66.74,20
2025-12-30 20:35:00,2025-12-30 21:19:00,2025-12-30 21:19:00,BOS,long,4410.7,4407.5,4407.5,4415.9,False,,4407.5,SL,-3.2,-32.09,0
2025-12-30 21:30:00,2025-12-30 22:00:00,2025-12-30 22:38:00,BOS,short,4405.4,4413.7,4413.7,4391.9,False,,4391.9,TP,13.5,134.72,38
2025-12-31 00:05:00,2025-12-31 00:18:00,2025-12-31 00:28:00,BOS,short,4381.7,4387.5,4387.5,4372.2,False,,4387.5,SL,-5.8,-58.45,10
2025-12-31 00:55:00,2025-12-31 01:21:00,2025-12-31 02:42:00,MSS,long,4385.1,4378.3,4378.3,4396.1,False,,4378.3,SL,-6.8,-68.0,81
2025-12-31 04:30:00,2025-12-31 04:52:00,2025-12-31 04:59:00,MSS,long,4359.5,4353.0,4353.0,4369.9,False,,4353.0,SL,-6.5,-64.56,7
2025-12-31 05:40:00,2025-12-31 05:49:00,2025-12-31 05:49:00,BOS,long,4362.6,4361.3,4361.3,4364.8,False,,4361.3,SL,-1.3,-13.37,0
2025-12-31 07:25:00,2025-12-31 07:37:00,2025-12-31 09:03:00,BOS,short,4353.5,4359.5,4359.5,4343.9,False,,4359.5,SL,-6.0,-59.59,86
2025-12-31 10:10:00,2025-12-31 10:40:00,2025-12-31 10:48:00,MSS,short,4379.7,4383.4,4383.4,4373.7,False,,4373.7,TP,6.0,59.95,8
2025-12-31 11:20:00,2025-12-31 11:32:00,2025-12-31 12:54:00,BOS,short,4364.4,4371.7,4371.7,4352.5,False,,4352.5,TP,11.9,118.66,82
2025-12-31 15:45:00,2025-12-31 16:00:00,2025-12-31 16:04:00,MSS,short,4343.6,4346.3,4346.3,4339.3,False,,4339.3,TP,4.3,43.26,4
2025-12-31 19:45:00,2025-12-31 19:55:00,2025-12-31 20:02:00,MSS,long,4323.7,4320.6,4320.6,4328.7,False,,4320.6,SL,-3.1,-30.94,7
2025-12-31 20:20:00,2025-12-31 20:30:00,2025-12-31 20:35:00,MSS,short,4320.4,4323.6,4323.6,4315.1,False,,4323.6,SL,-3.2,-32.47,5
2025-12-31 21:05:00,2025-12-31 21:16:00,2025-12-31 21:20:00,MSS,short,4325.9,4329.5,4329.5,4320.2,False,,4329.5,SL,-3.6,-35.53,4
2025-12-31 22:30:00,2025-12-31 22:39:00,2025-12-31 22:46:00,BOS,long,4352.3,4346.1,4346.1,4362.2,False,,4362.2,TP,9.9,99.5,7
2025-12-31 23:25:00,2025-12-31 23:40:00,2026-01-01 00:01:00,MSS,long,4345.2,4340.5,4340.5,4352.7,False,,4352.7,TP,7.5,75.4,21
2026-01-01 00:40:00,2026-01-01 01:00:00,2026-01-01 01:22:00,BOS,short,4339.5,4343.7,4343.7,4332.6,False,,4332.6,TP,6.9,68.6,22
2026-01-01 01:30:00,2026-01-01 01:56:00,2026-01-01 02:00:00,MSS,long,4334.6,4331.5,4331.5,4339.5,False,,4339.5,TP,4.9,49.44,4
2026-01-01 02:10:00,2026-01-01 02:31:00,2026-01-01 02:32:00,MSS,long,4336.6,4333.7,4333.7,4341.3,False,,4333.7,SL,-2.9,-29.03,1
2026-01-01 02:30:00,2026-01-01 02:38:00,2026-01-01 02:46:00,MSS,short,4338.7,4342.9,4342.9,4331.9,False,,4331.9,TP,6.8,67.98,8
2026-01-01 04:00:00,2026-01-01 04:11:00,2026-01-01 04:14:00,BOS,short,4323.2,4327.1,4327.1,4316.8,False,,4327.1,SL,-3.9,-39.35,3
2026-01-01 04:30:00,2026-01-01 04:40:00,2026-01-01 04:43:00,BOS,long,4330.1,4325.7,4325.7,4337.3,False,,4337.3,TP,7.2,71.69,3
2026-01-01 05:15:00,2026-01-01 05:32:00,2026-01-01 05:36:00,BOS,short,4325.7,4327.9,4327.9,4322.1,False,,4327.9,SL,-2.2,-22.16,4
2026-01-02 08:20:00,2026-01-02 08:32:00,2026-01-02 08:45:00,MSS,short,4362.2,4366.3,4366.3,4355.5,False,,4366.3,SL,-4.1,-41.26,13
2026-01-02 08:45:00,2026-01-02 09:04:00,2026-01-02 09:07:00,MSS,long,4362.5,4359.7,4359.7,4366.9,False,,4359.7,SL,-2.8,-27.5,3
2026-01-02 09:05:00,2026-01-02 09:49:00,2026-01-02 10:21:00,MSS,short,4365.2,4369.4,4369.4,4358.3,False,,4358.3,TP,6.9,68.6,32
2026-01-02 12:00:00,2026-01-02 12:13:00,2026-01-02 12:23:00,BOS,long,4386.7,4384.1,4384.1,4390.9,False,,4384.1,SL,-2.6,-25.98,10
2026-01-02 13:50:00,2026-01-02 13:59:00,2026-01-02 14:01:00,BOS,long,4392.3,4390.7,4390.7,4394.8,False,,4390.7,SL,-1.6,-15.66,2
2026-01-02 14:20:00,2026-01-02 14:40:00,2026-01-02 14:45:00,MSS,long,4388.8,4386.4,4386.4,4392.6,False,,4386.4,SL,-2.4,-23.68,5
2026-01-02 15:05:00,2026-01-02 15:11:00,2026-01-02 15:11:00,MSS,short,4387.2,4388.6,4388.6,4385.0,False,,4388.6,SL,-1.4,-13.75,0
2026-01-02 15:10:00,2026-01-02 15:16:00,2026-01-02 15:21:00,MSS,long,4387.0,4385.0,4385.0,4390.3,False,,4385.0,SL,-2.0,-20.25,5
2026-01-02 15:20:00,2026-01-02 15:32:00,2026-01-02 15:33:00,MSS,short,4387.9,4390.3,4390.3,4384.1,False,,4390.3,SL,-2.4,-23.68,1
2026-01-02 16:05:00,2026-01-02 16:18:00,2026-01-02 16:30:00,BOS,long,4394.6,4392.6,4392.6,4397.9,False,,4397.9,TP,3.3,32.75,12
2026-01-02 16:30:00,2026-01-02 17:21:00,2026-01-02 17:29:00,BOS,long,4396.5,4393.6,4393.6,4401.3,False,,4401.3,TP,4.8,47.59,8
2026-01-02 17:55:00,2026-01-02 18:01:00,2026-01-02 18:20:00,BOS,short,4399.9,4401.7,4401.7,4397.1,False,,4401.7,SL,-1.8,-17.57,19
2026-01-02 19:50:00,2026-01-02 20:06:00,2026-01-02 20:07:00,BOS,short,4406.3,4408.2,4408.2,4403.1,False,,4408.2,SL,-1.9,-19.48,1
2026-01-02 20:05:00,2026-01-02 20:31:00,2026-01-02 20:40:00,MSS,long,4405.2,4402.9,4402.9,4409.0,False,,4402.9,SL,-2.3,-23.3,9
2026-01-02 20:40:00,2026-01-02 20:58:00,2026-01-02 21:11:00,MSS,short,4405.5,4410.6,4410.6,4397.3,False,,4410.6,SL,-5.1,-50.81,13
2026-01-02 21:10:00,2026-01-02 21:20:00,2026-01-02 21:24:00,MSS,long,4403.5,4397.3,4397.3,4413.4,False,,4397.3,SL,-6.2,-61.5,4
2026-01-03 03:35:00,2026-01-03 03:45:00,2026-01-03 04:23:00,MSS,long,4330.1,4326.4,4326.4,4336.0,False,,4336.0,TP,5.9,59.33,38
2026-01-03 04:55:00,2026-01-03 05:06:00,2026-01-03 05:51:00,BOS,long,4337.8,4335.6,4335.6,4341.4,False,,4341.4,TP,3.6,35.84,45
2026-01-05 08:55:00,2026-01-05 10:08:00,2026-01-05 10:17:00,BOS,long,4398.9,4394.6,4394.6,4405.8,False,,4405.8,TP,6.9,69.22,9
2026-01-05 11:00:00,2026-01-05 11:31:00,2026-01-05 12:00:00,MSS,long,4412.9,4407.4,4407.4,4421.9,False,,4407.4,SL,-5.5,-55.39,29
2026-01-05 13:25:00,2026-01-05 13:32:00,2026-01-05 13:43:00,BOS,long,4418.3,4416.0,4416.0,4422.0,False,,4416.0,SL,-2.3,-22.92,11
2026-01-05 13:40:00,2026-01-05 13:51:00,2026-01-05 14:01:00,MSS,short,4418.7,4423.6,4423.6,4410.9,False,,4423.6,SL,-4.9,-48.51,10
2026-01-05 15:40:00,2026-01-05 15:47:00,2026-01-05 16:12:00,BOS,long,4430.7,4428.1,4428.1,4434.8,False,,4434.8,TP,4.1,41.41,25
2026-01-05 16:45:00,2026-01-05 17:08:00,2026-01-05 17:20:00,BOS,long,4437.1,4433.5,4433.5,4443.0,False,,4443.0,TP,5.9,58.71,12
2026-01-05 17:40:00,2026-01-05 18:02:00,2026-01-05 18:06:00,BOS,long,4444.6,4441.7,4441.7,4449.3,False,,4441.7,SL,-2.9,-29.03,4
2026-01-05 20:20:00,2026-01-05 21:05:00,2026-01-05 21:08:00,BOS,short,4429.6,4432.5,4432.5,4424.9,False,,4424.9,TP,4.7,46.97,3
2026-01-05 21:20:00,2026-01-05 21:35:00,2026-01-05 21:40:00,BOS,short,4420.5,4424.8,4424.8,4413.6,False,,4424.8,SL,-4.3,-42.78,5
2026-01-06 00:45:00,2026-01-06 00:59:00,2026-01-06 01:00:00,BOS,long,4455.4,4450.9,4450.9,4462.6,False,,4450.9,SL,-4.5,-44.69,1
2026-01-06 01:00:00,2026-01-06 01:23:00,2026-01-06 07:04:00,MSS,short,4457.6,4465.9,4465.9,4444.2,False,,4465.9,SL,-8.3,-82.89,281
2026-01-06 08:30:00,2026-01-06 09:00:00,2026-01-06 09:01:00,BOS,short,4450.6,4453.0,4453.0,4446.7,False,,4446.7,TP,3.9,38.93,1
2026-01-06 09:00:00,2026-01-06 09:05:00,2026-01-06 09:08:00,BOS,short,4444.7,4449.1,4449.1,4437.5,False,,4449.1,SL,-4.4,-44.31,3
2026-01-06 09:10:00,2026-01-06 09:32:00,2026-01-06 09:41:00,MSS,long,4443.4,4437.5,4437.5,4452.9,False,,4452.9,TP,9.5,95.17,9
2026-01-06 11:55:00,2026-01-06 12:00:00,2026-01-06 12:12:00,BOS,long,4476.5,4475.0,4475.0,4478.9,False,,4478.9,TP,2.4,24.1,12
2026-01-06 12:40:00,2026-01-06 12:48:00,2026-01-06 12:51:00,MSS,short,4474.9,4477.0,4477.0,4471.5,False,,4477.0,SL,-2.1,-21.01,3
2026-01-06 13:30:00,2026-01-06 13:37:00,2026-01-06 13:39:00,BOS,long,4480.9,4478.2,4478.2,4485.2,False,,4478.2,SL,-2.7,-26.74,2
2026-01-06 15:05:00,2026-01-06 15:21:00,2026-01-06 15:52:00,BOS,long,4474.8,4471.2,4471.2,4480.6,False,,4471.2,SL,-3.6,-35.91,31
2026-01-06 15:50:00,2026-01-06 16:18:00,2026-01-06 16:22:00,MSS,short,4474.3,4477.1,4477.1,4469.8,False,,4477.1,SL,-2.8,-27.89,4
2026-01-06 18:35:00,2026-01-06 18:42:00,2026-01-06 19:32:00,MSS,long,4461.2,4458.3,4458.3,4466.0,False,,4466.0,TP,4.8,47.59,50
2026-01-06 20:15:00,2026-01-06 20:21:00,2026-01-06 20:22:00,MSS,short,4473.9,4475.4,4475.4,4471.6,False,,4475.4,SL,-1.5,-14.52,1
2026-01-06 20:20:00,2026-01-06 20:31:00,2026-01-06 20:34:00,MSS,long,4473.4,4471.6,4471.6,4476.4,False,,4471.6,SL,-1.8,-18.34,3
2026-01-06 20:35:00,2026-01-06 20:57:00,2026-01-06 21:02:00,MSS,short,4474.5,4477.1,4477.1,4470.3,False,,4470.3,TP,4.2,42.02,5
2026-01-06 21:10:00,2026-01-06 21:20:00,2026-01-06 21:23:00,BOS,long,4473.4,4470.1,4470.1,4478.8,False,,4470.1,SL,-3.3,-33.23,3
2026-01-06 22:50:00,2026-01-06 23:11:00,2026-01-06 23:19:00,BOS,long,4491.3,4486.7,4486.7,4498.7,False,,4486.7,SL,-4.6,-45.84,8
2026-01-06 23:30:00,2026-01-06 23:42:00,2026-01-07 00:01:00,BOS,short,4486.6,4492.8,4492.8,4476.6,False,,4492.8,SL,-6.2,-61.88,19
2026-01-07 01:40:00,2026-01-07 01:50:00,2026-01-07 01:54:00,MSS,short,4496.5,4499.7,4499.7,4491.4,False,,4499.7,SL,-3.2,-31.71,4
2026-01-07 01:50:00,2026-01-07 02:28:00,2026-01-07 02:51:00,MSS,long,4495.0,4491.4,4491.4,4500.7,False,,4500.7,TP,5.7,57.47,23
2026-01-07 05:50:00,2026-01-07 07:00:00,2026-01-07 07:01:00,MSS,short,4507.0,4508.1,4508.1,4505.1,False,,4508.1,SL,-1.1,-11.46,1
2026-01-07 07:00:00,2026-01-07 07:11:00,2026-01-07 07:15:00,MSS,long,4506.8,4504.8,4504.8,4510.1,False,,4510.1,TP,3.3,32.75,4
2026-01-07 07:20:00,2026-01-07 07:39:00,2026-01-07 07:49:00,BOS,long,4507.8,4505.4,4505.4,4511.6,False,,4505.4,SL,-2.4,-23.68,10
2026-01-07 08:35:00,2026-01-07 08:42:00,2026-01-07 08:52:00,BOS,short,4502.6,4505.1,4505.1,4498.5,False,,4498.5,TP,4.1,40.79,10
2026-01-07 10:35:00,2026-01-07 11:13:00,2026-01-07 11:18:00,BOS,long,4483.1,4479.2,4479.2,4489.3,False,,4489.3,TP,6.2,62.42,5
2026-01-07 11:15:00,2026-01-07 11:52:00,2026-01-07 12:05:00,BOS,long,4486.0,4482.6,4482.6,4491.4,False,,4482.6,SL,-3.4,-33.62,13
2026-01-07 12:35:00,2026-01-07 12:41:00,2026-01-07 13:05:00,BOS,short,4478.5,4481.7,4481.7,4473.2,False,,4473.2,TP,5.3,52.53,24
2026-01-07 13:05:00,2026-01-07 13:31:00,2026-01-07 13:31:00,MSS,long,4475.0,4473.4,4473.4,4477.5,False,,4473.4,SL,-1.6,-15.66,0
2026-01-07 16:05:00,2026-01-07 16:12:00,2026-01-07 16:14:00,BOS,long,4472.2,4470.2,4470.2,4475.4,False,,4475.4,TP,3.2,32.14,2
2026-01-07 16:35:00,2026-01-07 16:44:00,2026-01-07 17:06:00,BOS,long,4476.8,4473.3,4473.3,4482.4,False,,4473.3,SL,-3.5,-34.76,22
2026-01-07 17:50:00,2026-01-07 18:00:00,2026-01-07 18:15:00,MSS,long,4471.9,4469.7,4469.7,4475.4,False,,4475.4,TP,3.5,35.23,15
2026-01-07 18:25:00,2026-01-07 18:34:00,2026-01-07 18:41:00,MSS,short,4473.3,4476.5,4476.5,4468.2,False,,4476.5,SL,-3.2,-31.71,7
2026-01-07 20:15:00,2026-01-07 20:28:00,2026-01-07 20:37:00,BOS,short,4458.5,4464.3,4464.3,4449.2,False,,4464.3,SL,-5.8,-57.68,9
2026-01-07 21:05:00,2026-01-07 21:23:00,2026-01-07 21:43:00,MSS,short,4451.1,4459.4,4459.4,4437.8,False,,4459.4,SL,-8.3,-82.51,20
2026-01-07 21:50:00,2026-01-07 22:22:00,2026-01-07 22:35:00,MSS,long,4452.9,4447.4,4447.4,4461.9,False,,4461.9,TP,9.0,89.61,13
2026-01-07 23:10:00,2026-01-07 23:27:00,2026-01-07 23:31:00,BOS,short,4447.5,4454.8,4454.8,4435.8,False,,4454.8,SL,-7.3,-72.58,4
2026-01-08 02:30:00,2026-01-08 02:50:00,2026-01-08 03:16:00,MSS,long,4460.8,4457.1,4457.1,4466.8,False,,4457.1,SL,-3.7,-37.05,26
2026-01-08 03:15:00,2026-01-08 03:30:00,2026-01-08 03:31:00,MSS,short,4461.3,4465.3,4465.3,4454.8,False,,4465.3,SL,-4.0,-40.11,1
2026-01-08 04:15:00,2026-01-08 04:25:00,2026-01-08 04:55:00,BOS,long,4467.5,4465.0,4465.0,4471.5,False,,4465.0,SL,-2.5,-24.83,30
2026-01-08 07:55:00,2026-01-08 08:21:00,2026-01-08 08:24:00,BOS,long,4470.0,4468.3,4468.3,4472.8,False,,4468.3,SL,-1.7,-17.19,3
2026-01-08 08:40:00,2026-01-08 09:05:00,2026-01-08 09:09:00,BOS,short,4464.3,4467.8,4467.8,4458.7,False,,4467.8,SL,-3.5,-34.76,4
2026-01-08 10:30:00,2026-01-08 10:40:00,2026-01-08 10:46:00,BOS,short,4449.3,4452.5,4452.5,4444.0,False,,4452.5,SL,-3.2,-32.47,6
2026-01-08 11:05:00,2026-01-08 11:16:00,2026-01-08 11:21:00,MSS,long,4446.0,4441.9,4441.9,4452.6,False,,4452.6,TP,6.6,66.13,5
2026-01-08 13:40:00,2026-01-08 13:56:00,2026-01-08 14:31:00,BOS,short,4432.5,4438.0,4438.0,4423.7,False,,4438.0,SL,-5.5,-54.63,35
2026-01-08 15:05:00,2026-01-08 15:15:00,2026-01-08 15:25:00,BOS,long,4442.9,4439.9,4439.9,4447.7,False,,4439.9,SL,-3.0,-29.8,10
2026-01-08 16:00:00,2026-01-08 16:09:00,2026-01-08 16:33:00,BOS,short,4438.6,4442.0,4442.0,4433.2,False,,4433.2,TP,5.4,54.38,24
2026-01-08 16:30:00,2026-01-08 16:56:00,2026-01-08 17:00:00,BOS,short,4437.5,4441.4,4441.4,4431.1,False,,4441.4,SL,-3.9,-39.35,4
2026-01-08 17:10:00,2026-01-08 17:32:00,2026-01-08 17:48:00,BOS,short,4441.3,4443.3,4443.3,4438.0,False,,4438.0,TP,3.3,32.75,16
2026-01-08 18:15:00,2026-01-08 18:33:00,2026-01-08 18:38:00,BOS,short,4437.8,4441.4,4441.4,4431.9,False,,4441.4,SL,-3.6,-36.29,5
2026-01-08 21:00:00,2026-01-08 21:20:00,2026-01-08 21:22:00,MSS,short,4436.0,4439.1,4439.1,4430.9,False,,4439.1,SL,-3.1,-31.32,2
2026-01-08 22:20:00,2026-01-08 22:31:00,2026-01-08 22:32:00,MSS,long,4431.5,4427.6,4427.6,4437.8,False,,4437.8,TP,6.3,63.04,1
2026-01-08 22:45:00,2026-01-08 23:00:00,2026-01-08 23:05:00,BOS,long,4438.7,4433.7,4433.7,4446.8,False,,4446.8,TP,8.1,80.96,5
2026-01-08 23:50:00,2026-01-08 23:57:00,2026-01-08 23:58:00,MSS,short,4461.9,4464.9,4464.9,4457.1,False,,4464.9,SL,-3.0,-29.8,1
2026-01-09 00:10:00,2026-01-09 00:20:00,2026-01-09 00:32:00,BOS,short,4463.3,4467.5,4467.5,4456.4,False,,4467.5,SL,-4.2,-42.4,12
2026-01-09 01:55:00,2026-01-09 02:01:00,2026-01-09 02:03:00,BOS,long,4470.5,4468.6,4468.6,4473.6,False,,4468.6,SL,-1.9,-19.1,2
2026-01-09 02:35:00,2026-01-09 02:46:00,2026-01-09 03:07:00,BOS,short,4462.3,4465.6,4465.6,4457.0,False,,4457.0,TP,5.3,53.15,21
2026-01-09 05:00:00,2026-01-09 05:17:00,2026-01-09 05:22:00,BOS,long,4485.1,4482.9,4482.9,4488.6,False,,4482.9,SL,-2.2,-21.77,5
2026-01-09 07:45:00,2026-01-09 07:51:00,2026-01-09 08:00:00,MSS,short,4485.0,4486.8,4486.8,4482.2,False,,4486.8,SL,-1.8,-17.57,9
2026-01-09 08:50:00,2026-01-09 09:00:00,2026-01-09 09:04:00,BOS,short,4474.7,4478.1,4478.1,4469.3,False,,4469.3,TP,5.4,54.38,4
2026-01-09 09:05:00,2026-01-09 09:15:00,2026-01-09 09:52:00,BOS,short,4470.2,4475.4,4475.4,4461.8,False,,4475.4,SL,-5.2,-51.95,37
2026-01-09 10:35:00,2026-01-09 10:44:00,2026-01-09 10:53:00,MSS,short,4482.1,4485.0,4485.0,4477.5,False,,4477.5,TP,4.6,46.35,9
2026-01-09 10:50:00,2026-01-09 10:58:00,2026-01-09 11:05:00,BOS,short,4479.9,4483.3,4483.3,4474.3,False,,4474.3,TP,5.6,55.62,7
2026-01-09 12:10:00,2026-01-09 12:42:00,2026-01-09 12:46:00,BOS,short,4473.6,4475.2,4475.2,4471.1,False,,4471.1,TP,2.5,25.34,4
2026-01-09 12:50:00,2026-01-09 13:11:00,2026-01-09 13:16:00,MSS,long,4471.5,4470.0,4470.0,4473.9,False,,4470.0,SL,-1.5,-14.9,5
2026-01-09 13:20:00,2026-01-09 13:27:00,2026-01-09 13:30:00,MSS,short,4472.4,4475.8,4475.8,4466.8,False,,4475.8,SL,-3.4,-34.38,3
2026-01-09 15:35:00,2026-01-09 15:51:00,2026-01-09 15:52:00,MSS,long,4479.1,4477.6,4477.6,4481.4,False,,4481.4,TP,2.3,23.48,1
2026-01-09 15:55:00,2026-01-09 16:05:00,2026-01-09 16:05:00,MSS,short,4480.8,4482.4,4482.4,4478.1,False,,4482.4,SL,-1.6,-16.43,0
2026-01-09 16:05:00,2026-01-09 16:34:00,2026-01-09 16:40:00,MSS,long,4479.1,4475.1,4475.1,4485.6,False,,4475.1,SL,-4.0,-40.11,6
2026-01-09 17:50:00,2026-01-09 18:06:00,2026-01-09 18:26:00,MSS,short,4481.6,4483.1,4483.1,4479.2,False,,4479.2,TP,2.4,24.1,20
2026-01-09 18:25:00,2026-01-09 18:33:00,2026-01-09 18:45:00,BOS,short,4480.7,4482.8,4482.8,4477.3,False,,4477.3,TP,3.4,33.99,12
2026-01-09 18:55:00,2026-01-09 19:32:00,2026-01-09 19:50:00,MSS,long,4478.0,4475.8,4475.8,4481.6,False,,4481.6,TP,3.6,35.84,18
2026-01-09 21:00:00,2026-01-09 21:14:00,2026-01-09 21:19:00,MSS,long,4474.8,4472.1,4472.1,4479.2,False,,4472.1,SL,-2.7,-27.12,5
2026-01-09 22:10:00,2026-01-09 22:17:00,2026-01-09 22:36:00,BOS,long,4496.0,4489.7,4489.7,4506.1,False,,4506.1,TP,10.1,101.35,19
2026-01-10 01:05:00,2026-01-10 01:17:00,2026-01-10 01:43:00,BOS,long,4514.7,4511.3,4511.3,4520.3,False,,4511.3,SL,-3.4,-34.38,26
2026-01-10 02:30:00,2026-01-10 03:06:00,2026-01-10 03:24:00,MSS,long,4503.3,4498.6,4498.6,4510.9,False,,4510.9,TP,7.6,76.01,18
2026-01-10 03:45:00,2026-01-10 04:00:00,2026-01-10 04:03:00,BOS,long,4507.3,4505.4,4505.4,4510.3,False,,4510.3,TP,3.0,30.28,3
2026-01-12 07:40:00,2026-01-12 08:00:00,2026-01-12 08:04:00,BOS,long,4547.6,4543.2,4543.2,4554.8,False,,4554.8,TP,7.2,71.69,4
2026-01-12 09:40:00,2026-01-12 09:54:00,2026-01-12 09:59:00,MSS,short,4591.1,4596.1,4596.1,4583.0,False,,4583.0,TP,8.1,80.96,5
2026-01-12 11:25:00,2026-01-12 11:31:00,2026-01-12 11:32:00,BOS,long,4590.3,4588.4,4588.4,4593.3,False,,4588.4,SL,-1.9,-18.72,1
2026-01-12 12:30:00,2026-01-12 12:49:00,2026-01-12 13:17:00,BOS,short,4580.7,4584.1,4584.1,4575.2,False,,4584.1,SL,-3.4,-34.0,28
2026-01-12 13:30:00,2026-01-12 14:16:00,2026-01-12 14:52:00,BOS,long,4581.9,4577.0,4577.0,4589.7,False,,4589.7,TP,7.8,78.49,36
2026-01-12 14:50:00,2026-01-12 15:01:00,2026-01-12 15:08:00,BOS,long,4586.1,4583.1,4583.1,4591.0,False,,4591.0,TP,4.9,48.82,7
2026-01-12 18:05:00,2026-01-12 18:14:00,2026-01-12 18:26:00,BOS,short,4601.1,4603.7,4603.7,4596.9,False,,4603.7,SL,-2.6,-25.98,12
2026-01-12 18:30:00,2026-01-12 18:39:00,2026-01-12 18:41:00,BOS,short,4601.6,4604.3,4604.3,4597.2,False,,4604.3,SL,-2.7,-27.12,2
2026-01-12 18:55:00,2026-01-12 19:15:00,2026-01-12 19:23:00,MSS,long,4600.5,4597.2,4597.2,4605.8,False,,4597.2,SL,-3.3,-32.85,8
2026-01-12 20:05:00,2026-01-12 20:10:00,2026-01-12 20:23:00,BOS,short,4593.5,4596.9,4596.9,4588.1,False,,4588.1,TP,5.4,54.38,13
2026-01-12 21:25:00,2026-01-12 21:33:00,2026-01-12 21:40:00,MSS,short,4619.0,4621.9,4621.9,4614.4,False,,4621.9,SL,-2.9,-28.65,7
2026-01-12 21:45:00,2026-01-12 22:02:00,2026-01-12 22:03:00,MSS,long,4620.0,4616.6,4616.6,4625.5,False,,4616.6,SL,-3.4,-34.0,1
2026-01-12 22:25:00,2026-01-12 22:31:00,2026-01-12 22:32:00,BOS,short,4604.4,4610.1,4610.1,4595.1,False,,4610.1,SL,-5.7,-57.3,1
2026-01-13 00:10:00,2026-01-13 00:26:00,2026-01-13 00:36:00,BOS,long,4632.1,4627.2,4627.2,4640.0,False,,4627.2,SL,-4.9,-48.9,10
2026-01-13 01:05:00,2026-01-13 01:10:00,2026-01-13 01:21:00,BOS,short,4626.3,4628.3,4628.3,4623.1,False,,4623.1,TP,3.2,32.14,11
2026-01-13 01:50:00,2026-01-13 02:08:00,2026-01-13 02:13:00,MSS,long,4624.1,4620.0,4620.0,4630.7,False,,4620.0,SL,-4.1,-40.87,5
2026-01-13 03:25:00,2026-01-13 03:42:00,2026-01-13 03:50:00,BOS,long,4624.3,4622.4,4622.4,4627.3,False,,4622.4,SL,-1.9,-18.72,8
2026-01-13 05:40:00,2026-01-13 05:49:00,2026-01-13 05:56:00,BOS,short,4602.8,4604.9,4604.9,4599.3,False,,4604.9,SL,-2.1,-21.39,7
2026-01-13 05:55:00,2026-01-13 07:05:00,2026-01-13 07:11:00,MSS,long,4602.5,4598.8,4598.8,4608.5,False,,4598.8,SL,-3.7,-37.05,6
2026-01-13 07:30:00,2026-01-13 07:35:00,2026-01-13 07:35:00,MSS,long,4598.9,4598.8,4598.8,4599.1,False,,4599.1,TP,0.2,1.85,0
2026-01-13 09:00:00,2026-01-13 09:06:00,2026-01-13 09:08:00,BOS,short,4596.8,4601.0,4601.0,4590.0,False,,4601.0,SL,-4.2,-42.02,2
2026-01-13 09:30:00,2026-01-13 10:06:00,2026-01-13 11:02:00,BOS,short,4596.7,4604.6,4604.6,4584.0,False,,4604.6,SL,-7.9,-78.69,56
2026-01-13 11:40:00,2026-01-13 12:01:00,2026-01-13 12:15:00,MSS,short,4605.5,4607.4,4607.4,4602.4,False,,4607.4,SL,-1.9,-19.1,14
2026-01-13 12:15:00,2026-01-13 12:35:00,2026-01-13 12:44:00,MSS,long,4604.0,4601.4,4601.4,4608.3,False,,4608.3,TP,4.3,42.64,9
2026-01-13 13:05:00,2026-01-13 13:15:00,2026-01-13 13:25:00,MSS,short,4604.9,4607.7,4607.7,4600.4,False,,4607.7,SL,-2.8,-27.89,10
2026-01-13 13:25:00,2026-01-13 13:31:00,2026-01-13 13:31:00,MSS,long,4604.3,4600.4,4600.4,4610.5,False,,4600.4,SL,-3.9,-38.58,0
2026-01-13 13:30:00,2026-01-13 13:45:00,2026-01-13 14:23:00,MSS,short,4604.2,4610.5,4610.5,4593.9,False,,4593.9,TP,10.3,102.59,38
2026-01-13 15:05:00,2026-01-13 15:16:00,2026-01-13 15:20:00,MSS,long,4590.2,4587.8,4587.8,4594.2,False,,4587.8,SL,-2.4,-24.45,4
2026-01-13 15:50:00,2026-01-13 16:03:00,2026-01-13 16:05:00,MSS,short,4591.6,4595.2,4595.2,4585.7,False,,4595.2,SL,-3.6,-36.29,2
2026-01-13 17:00:00,2026-01-13 17:08:00,2026-01-13 17:25:00,MSS,short,4602.6,4605.4,4605.4,4598.2,False,,4598.2,TP,4.4,44.5,17
2026-01-13 17:40:00,2026-01-13 17:45:00,2026-01-13 17:48:00,MSS,long,4598.3,4596.7,4596.7,4601.0,False,,4596.7,SL,-1.6,-16.43,3
2026-01-13 18:40:00,2026-01-13 19:15:00,2026-01-13 19:27:00,MSS,long,4593.1,4590.4,4590.4,4597.4,False,,4597.4,TP,4.3,43.26,12
2026-01-13 19:40:00,2026-01-13 19:54:00,2026-01-13 20:06:00,MSS,long,4595.8,4593.9,4593.9,4598.8,False,,4593.9,SL,-1.9,-18.72,12
2026-01-13 20:05:00,2026-01-13 20:47:00,2026-01-13 20:48:00,MSS,short,4596.1,4597.8,4597.8,4593.3,False,,4597.8,SL,-1.7,-17.19,1
2026-01-13 22:20:00,2026-01-13 22:32:00,2026-01-13 22:43:00,BOS,long,4621.8,4615.4,4615.4,4632.1,False,,4632.1,TP,10.3,103.21,11
2026-01-13 22:40:00,2026-01-13 23:03:00,2026-01-13 23:17:00,BOS,long,4625.4,4619.4,4619.4,4635.0,False,,4619.4,SL,-6.0,-59.59,14
2026-01-13 23:15:00,2026-01-13 23:46:00,2026-01-14 00:25:00,MSS,short,4625.6,4634.0,4634.0,4612.1,False,,4612.1,TP,13.5,135.34,39
2026-01-14 02:35:00,2026-01-14 03:02:00,2026-01-14 04:32:00,MSS,long,4596.4,4589.3,4589.3,4607.8,False,,4589.3,SL,-7.1,-70.67,90
2026-01-14 08:25:00,2026-01-14 08:45:00,2026-01-14 08:59:00,BOS,long,4613.1,4610.2,4610.2,4617.8,False,,4617.8,TP,4.7,46.97,14
2026-01-14 09:50:00,2026-01-14 10:09:00,2026-01-14 10:20:00,BOS,long,4623.6,4621.2,4621.2,4627.6,False,,4627.6,TP,4.0,39.55,11
2026-01-14 11:00:00,2026-01-14 11:08:00,2026-01-14 11:27:00,BOS,long,4628.0,4625.8,4625.8,4631.5,False,,4625.8,SL,-2.2,-21.77,19
2026-01-14 11:25:00,2026-01-14 11:32:00,2026-01-14 11:35:00,MSS,short,4626.9,4630.2,4630.2,4621.6,False,,4630.2,SL,-3.3,-32.85,3
2026-01-14 12:25:00,2026-01-14 12:34:00,2026-01-14 13:01:00,MSS,short,4636.2,4638.4,4638.4,4632.6,False,,4638.4,SL,-2.2,-22.16,27
2026-01-14 13:00:00,2026-01-14 13:19:00,2026-01-14 13:33:00,MSS,long,4639.7,4635.3,4635.3,4646.8,False,,4646.8,TP,7.1,71.07,14
2026-01-14 13:30:00,2026-01-14 13:51:00,2026-01-14 13:55:00,BOS,long,4641.8,4638.3,4638.3,4647.5,False,,4638.3,SL,-3.5,-35.14,4
2026-01-14 14:30:00,2026-01-14 14:43:00,2026-01-14 14:57:00,BOS,short,4639.0,4642.4,4642.4,4633.4,False,,4642.4,SL,-3.4,-34.38,14
2026-01-14 14:55:00,2026-01-14 15:00:00,2026-01-14 15:23:00,MSS,long,4640.4,4637.7,4637.7,4644.8,False,,4644.8,TP,4.4,43.88,23
2026-01-14 18:15:00,2026-01-14 19:01:00,2026-01-14 19:04:00,MSS,long,4638.5,4635.7,4635.7,4643.0,False,,4643.0,TP,4.5,45.11,3
2026-01-14 19:25:00,2026-01-14 20:00:00,2026-01-14 20:02:00,MSS,short,4642.2,4645.3,4645.3,4637.2,False,,4645.3,SL,-3.1,-30.94,2
2026-01-14 20:55:00,2026-01-14 21:00:00,2026-01-14 21:02:00,BOS,long,4644.7,4641.5,4641.5,4650.0,False,,4641.5,SL,-3.2,-32.47,2
2026-01-14 21:40:00,2026-01-14 22:31:00,2026-01-14 22:38:00,MSS,long,4636.7,4631.6,4631.6,4645.0,False,,4631.6,SL,-5.1,-51.19,7
2026-01-14 23:00:00,2026-01-14 23:11:00,2026-01-14 23:16:00,BOS,short,4619.7,4626.3,4626.3,4609.0,False,,4626.3,SL,-6.6,-66.09,5
2026-01-15 00:20:00,2026-01-15 00:33:00,2026-01-15 00:40:00,BOS,long,4624.9,4621.5,4621.5,4630.3,False,,4621.5,SL,-3.4,-33.62,7
2026-01-15 01:40:00,2026-01-15 01:46:00,2026-01-15 01:50:00,BOS,short,4614.7,4619.1,4619.1,4607.7,False,,4619.1,SL,-4.4,-43.55,4
2026-01-15 03:40:00,2026-01-15 03:55:00,2026-01-15 04:00:00,BOS,long,4644.0,4641.6,4641.6,4647.8,False,,4647.8,TP,3.8,38.32,5
2026-01-15 04:00:00,2026-01-15 04:05:00,2026-01-15 04:07:00,MSS,short,4643.3,4648.9,4648.9,4634.2,False,,4634.2,TP,9.1,90.85,2
2026-01-15 05:30:00,2026-01-15 05:51:00,2026-01-15 05:54:00,BOS,short,4631.0,4633.7,4633.7,4626.6,False,,4633.7,SL,-2.7,-27.12,3
2026-01-15 05:50:00,2026-01-15 07:03:00,2026-01-15 07:06:00,MSS,long,4627.9,4624.0,4624.0,4634.3,False,,4624.0,SL,-3.9,-39.35,3
2026-01-15 07:20:00,2026-01-15 07:48:00,2026-01-15 08:17:00,BOS,short,4618.8,4623.0,4623.0,4611.9,False,,4623.0,SL,-4.2,-42.4,29
2026-01-15 08:40:00,2026-01-15 08:57:00,2026-01-15 09:00:00,MSS,short,4620.9,4622.8,4622.8,4617.7,False,,4617.7,TP,3.2,31.52,3
2026-01-15 09:00:00,2026-01-15 09:07:00,2026-01-15 09:09:00,BOS,short,4618.0,4622.2,4622.2,4611.2,False,,4622.2,SL,-4.2,-42.02,2
2026-01-15 12:00:00,2026-01-15 12:14:00,2026-01-15 13:14:00,BOS,short,4597.5,4601.5,4601.5,4591.1,False,,4591.1,TP,6.4,64.27,60
2026-01-15 13:10:00,2026-01-15 13:29:00,2026-01-15 13:33:00,BOS,short,4596.0,4599.1,4599.1,4591.1,False,,4591.1,TP,4.9,49.44,4
2026-01-15 15:15:00,2026-01-15 15:20:00,2026-01-15 15:38:00,BOS,long,4613.2,4610.2,4610.2,4618.0,False,,4610.2,SL,-3.0,-29.8,18
2026-01-15 18:20:00,2026-01-15 18:26:00,2026-01-15 18:36:00,BOS,long,4615.9,4613.4,4613.4,4620.0,False,,4620.0,TP,4.1,40.79,10
2026-01-15 19:45:00,2026-01-15 19:52:00,2026-01-15 20:10:00,MSS,short,4624.3,4627.2,4627.2,4619.5,False,,4619.5,TP,4.8,47.59,18
2026-01-15 20:10:00,2026-01-15 20:25:00,2026-01-15 20:48:00,BOS,short,4622.5,4624.9,4624.9,4618.5,False,,4618.5,TP,4.0,39.55,23
2026-01-15 22:50:00,2026-01-15 23:06:00,2026-01-15 23:13:00,BOS,long,4609.3,4603.8,4603.8,4618.3,False,,4618.3,TP,9.0,89.61,7
2026-01-15 23:40:00,2026-01-15 23:47:00,2026-01-16 00:05:00,MSS,short,4619.1,4622.3,4622.3,4613.8,False,,4613.8,TP,5.3,52.53,18
2026-01-16 00:10:00,2026-01-16 00:25:00,2026-01-16 00:39:00,MSS,long,4618.8,4613.0,4613.0,4628.1,False,,4613.0,SL,-5.8,-57.68,14
2026-01-16 02:00:00,2026-01-16 02:30:00,2026-01-16 02:30:00,BOS,long,4621.1,4618.5,4618.5,4625.3,False,,4618.5,SL,-2.6,-25.98,0
2026-01-16 02:30:00,2026-01-16 02:36:00,2026-01-16 03:10:00,MSS,short,4623.0,4626.2,4626.2,4617.8,False,,4626.2,SL,-3.2,-32.09,34
2026-01-16 04:00:00,2026-01-16 04:06:00,2026-01-16 04:07:00,BOS,short,4619.2,4620.8,4620.8,4616.5,False,,4616.5,TP,2.7,26.57,1
2026-01-16 04:15:00,2026-01-16 05:06:00,2026-01-16 05:59:00,BOS,short,4614.6,4620.8,4620.8,4604.5,False,,4620.8,SL,-6.2,-62.27,53
2026-01-16 07:00:00,2026-01-16 07:14:00,2026-01-16 07:15:00,BOS,long,4620.3,4617.7,4617.7,4624.4,False,,4617.7,SL,-2.6,-25.59,1
2026-01-16 08:05:00,2026-01-16 08:17:00,2026-01-16 08:22:00,BOS,short,4612.1,4615.0,4615.0,4607.4,False,,4615.0,SL,-2.9,-29.03,5
2026-01-16 09:25:00,2026-01-16 09:34:00,2026-01-16 09:38:00,BOS,long,4606.4,4603.4,4603.4,4611.2,False,,4611.2,TP,4.8,48.2,4
2026-01-16 10:10:00,2026-01-16 10:16:00,2026-01-16 10:31:00,BOS,short,4605.1,4607.7,4607.7,4600.8,False,,4600.8,TP,4.3,42.64,15
2026-01-16 12:55:00,2026-01-16 13:02:00,2026-01-16 13:11:00,BOS,long,4603.5,4602.2,4602.2,4605.7,False,,4602.2,SL,-1.3,-13.37,9
2026-01-16 13:10:00,2026-01-16 13:23:00,2026-01-16 13:30:00,MSS,short,4603.0,4605.7,4605.7,4598.6,False,,4605.7,SL,-2.7,-27.12,7
2026-01-16 13:35:00,2026-01-16 14:43:00,2026-01-16 14:44:00,MSS,long,4602.7,4599.7,4599.7,4607.6,False,,4599.7,SL,-3.0,-30.18,1
2026-01-16 14:40:00,2026-01-16 15:06:00,2026-01-16 15:10:00,MSS,short,4607.3,4612.2,4612.2,4599.5,False,,4612.2,SL,-4.9,-48.51,4
2026-01-16 15:40:00,2026-01-16 15:48:00,2026-01-16 16:46:00,MSS,short,4612.0,4616.0,4616.0,4605.5,False,,4605.5,TP,6.5,64.89,58
2026-01-16 17:20:00,2026-01-16 18:05:00,2026-01-16 18:18:00,BOS,short,4609.4,4612.4,4612.4,4604.5,False,,4612.4,SL,-3.0,-30.18,13
2026-01-16 18:15:00,2026-01-16 18:54:00,2026-01-16 18:59:00,MSS,long,4607.4,4603.7,4603.7,4613.5,False,,4603.7,SL,-3.7,-37.44,5
2026-01-16 20:50:00,2026-01-16 20:56:00,2026-01-16 21:02:00,BOS,short,4606.5,4609.7,4609.7,4601.4,False,,4609.7,SL,-3.2,-31.71,6
2026-01-16 22:10:00,2026-01-16 22:24:00,2026-01-16 22:30:00,BOS,long,4606.0,4602.0,4602.0,4612.5,False,,4602.0,SL,-4.0,-40.11,6
2026-01-16 23:00:00,2026-01-16 23:19:00,2026-01-16 23:19:00,BOS,long,4614.2,4610.8,4610.8,4619.6,False,,4610.8,SL,-3.4,-33.62,0
2026-01-17 01:25:00,2026-01-17 02:03:00,2026-01-17 02:32:00,BOS,short,4591.5,4597.9,4597.9,4581.1,False,,4597.9,SL,-6.4,-64.18,29
2026-01-17 04:50:00,2026-01-17 04:56:00,2026-01-17 04:57:00,MSS,long,4590.8,4588.8,4588.8,4594.0,False,,4588.8,SL,-2.0,-19.86,1
2026-01-17 04:55:00,2026-01-17 05:14:00,2026-01-17 05:17:00,MSS,short,4591.1,4594.0,4594.0,4586.5,False,,4594.0,SL,-2.9,-28.65,3
2026-01-19 08:15:00,2026-01-19 08:22:00,2026-01-19 08:38:00,MSS,short,4678.8,4685.7,4685.7,4667.6,False,,4685.7,SL,-6.9,-69.14,16
2026-01-19 09:00:00,2026-01-19 09:07:00,2026-01-19 09:11:00,BOS,short,4681.7,4685.7,4685.7,4675.3,False,,4675.3,TP,6.4,64.27,4
2026-01-19 10:00:00,2026-01-19 10:06:00,2026-01-19 11:11:00,BOS,short,4669.1,4674.8,4674.8,4659.9,False,,4674.8,SL,-5.7,-56.92,65
2026-01-19 12:10:00,2026-01-19 12:36:00,2026-01-19 12:47:00,MSS,long,4666.6,4665.0,4665.0,4669.3,False,,4669.3,TP,2.7,26.57,11
2026-01-19 13:35:00,2026-01-19 13:57:00,2026-01-19 14:06:00,MSS,short,4677.5,4680.3,4680.3,4672.9,False,,4672.9,TP,4.6,45.73,9
2026-01-19 14:20:00,2026-01-19 14:29:00,2026-01-19 14:32:00,MSS,long,4675.8,4674.1,4674.1,4678.6,False,,4678.6,TP,2.8,27.81,3
2026-01-19 14:30:00,2026-01-19 14:42:00,2026-01-19 14:51:00,BOS,long,4677.4,4675.3,4675.3,4680.9,False,,4680.9,TP,3.5,34.61,9
2026-01-19 14:55:00,2026-01-19 15:00:00,2026-01-19 15:10:00,BOS,long,4679.9,4677.1,4677.1,4684.5,False,,4677.1,SL,-2.8,-28.27,10
2026-01-19 16:05:00,2026-01-19 16:49:00,2026-01-19 16:57:00,MSS,long,4671.0,4666.7,4666.7,4678.0,False,,4666.7,SL,-4.3,-43.17,8
2026-01-19 17:10:00,2026-01-19 17:31:00,2026-01-19 18:44:00,MSS,long,4670.2,4666.4,4666.4,4676.3,False,,4666.4,SL,-3.8,-37.82,73
2026-01-19 18:40:00,2026-01-19 18:47:00,2026-01-19 19:30:00,BOS,short,4669.9,4672.2,4672.2,4666.1,False,,4672.2,SL,-2.3,-23.3,43
2026-01-19 22:35:00,2026-01-19 22:53:00,2026-01-19 23:08:00,BOS,short,4673.1,4675.7,4675.7,4668.9,False,,4675.7,SL,-2.6,-25.98,15
2026-01-19 23:05:00,2026-01-19 23:10:00,2026-01-19 23:24:00,MSS,long,4672.0,4669.6,4669.6,4675.9,False,,4669.6,SL,-2.4,-24.07,14
2026-01-20 00:35:00,2026-01-20 00:48:00,2026-01-20 00:56:00,BOS,long,4676.9,4675.7,4675.7,4678.8,False,,4678.8,TP,1.9,19.16,8
2026-01-20 01:10:00,2026-01-20 01:30:00,2026-01-20 01:40:00,MSS,short,4677.7,4679.0,4679.0,4675.6,False,,4679.0,SL,-1.3,-12.99,10
2026-01-20 02:20:00,2026-01-20 02:34:00,2026-01-20 03:11:00,BOS,long,4681.7,4679.0,4679.0,4686.1,False,,4679.0,SL,-2.7,-27.12,37
2026-01-20 08:00:00,2026-01-20 08:05:00,2026-01-20 08:07:00,BOS,short,4671.4,4672.4,4672.4,4669.9,False,,4672.4,SL,-1.0,-9.55,2
2026-01-20 08:10:00,2026-01-20 08:19:00,2026-01-20 08:24:00,MSS,long,4671.5,4669.9,4669.9,4674.2,False,,4669.9,SL,-1.6,-16.43,5
2026-01-20 08:25:00,2026-01-20 08:33:00,2026-01-20 09:04:00,MSS,short,4670.9,4674.2,4674.2,4665.6,False,,4674.2,SL,-3.3,-32.85,31
2026-01-20 09:35:00,2026-01-20 09:56:00,2026-01-20 09:57:00,BOS,long,4675.0,4671.3,4671.3,4681.0,False,,4671.3,SL,-3.7,-37.05,1
2026-01-20 10:10:00,2026-01-20 10:27:00,2026-01-20 11:40:00,MSS,short,4676.8,4681.0,4681.0,4670.0,False,,4681.0,SL,-4.2,-42.02,73
2026-01-20 13:10:00,2026-01-20 13:20:00,2026-01-20 13:30:00,BOS,long,4703.3,4700.5,4700.5,4707.7,False,,4700.5,SL,-2.8,-27.5,10
2026-01-20 14:30:00,2026-01-20 14:49:00,2026-01-20 15:13:00,MSS,short,4719.8,4723.4,4723.4,4714.1,False,,4723.4,SL,-3.6,-35.53,24
2026-01-20 15:50:00,2026-01-20 16:04:00,2026-01-20 16:08:00,MSS,short,4726.0,4728.4,4728.4,4722.0,False,,4728.4,SL,-2.4,-24.45,4
2026-01-20 16:20:00,2026-01-20 16:30:00,2026-01-20 16:33:00,MSS,short,4729.0,4731.4,4731.4,4725.2,False,,4725.2,TP,3.8,38.32,3
2026-01-20 17:10:00,2026-01-20 17:23:00,2026-01-20 17:29:00,MSS,short,4734.8,4737.7,4737.7,4730.2,False,,4737.7,SL,-2.9,-28.65,6
2026-01-20 18:25:00,2026-01-20 19:39:00,2026-01-20 19:49:00,MSS,short,4736.8,4739.1,4739.1,4733.1,False,,4739.1,SL,-2.3,-22.92,10
2026-01-20 20:25:00,2026-01-20 20:40:00,2026-01-20 20:43:00,MSS,short,4734.7,4736.3,4736.3,4732.1,False,,4732.1,TP,2.6,25.96,3
2026-01-20 21:20:00,2026-01-20 21:34:00,2026-01-20 21:34:00,BOS,short,4727.8,4731.9,4731.9,4721.2,False,,4731.9,SL,-4.1,-40.87,0
2026-01-20 22:25:00,2026-01-20 22:30:00,2026-01-20 22:34:00,BOS,long,4744.6,4737.4,4737.4,4756.2,False,,4737.4,SL,-7.2,-71.82,4
2026-01-20 22:30:00,2026-01-20 23:00:00,2026-01-20 23:23:00,MSS,short,4748.4,4756.2,4756.2,4735.7,False,,4735.7,TP,12.7,126.69,23
2026-01-21 00:00:00,2026-01-21 00:07:00,2026-01-21 00:10:00,BOS,short,4740.6,4743.9,4743.9,4735.3,False,,4743.9,SL,-3.3,-32.85,3
2026-01-21 01:40:00,2026-01-21 01:45:00,2026-01-21 01:51:00,BOS,long,4758.8,4756.2,4756.2,4763.0,False,,4763.0,TP,4.2,42.02,6
2026-01-21 01:55:00,2026-01-21 02:53:00,2026-01-21 03:16:00,BOS,long,4760.3,4756.3,4756.3,4766.9,False,,4766.9,TP,6.6,65.51,23
2026-01-21 03:15:00,2026-01-21 03:30:00,2026-01-21 04:18:00,MSS,long,4763.1,4757.5,4757.5,4772.1,False,,4757.5,SL,-5.6,-55.77,48
2026-01-21 04:15:00,2026-01-21 04:56:00,2026-01-21 05:49:00,MSS,short,4762.7,4766.6,4766.6,4756.5,False,,4766.6,SL,-3.9,-38.58,53
2026-01-21 05:45:00,2026-01-21 07:01:00,2026-01-21 07:10:00,MSS,long,4765.0,4762.3,4762.3,4769.3,False,,4762.3,SL,-2.7,-26.74,9
2026-01-21 08:50:00,2026-01-21 09:00:00,2026-01-21 09:01:00,BOS,long,4788.8,4786.9,4786.9,4792.0,False,,4792.0,TP,3.2,31.52,1
2026-01-21 09:50:00,2026-01-21 10:12:00,2026-01-21 11:03:00,BOS,long,4829.3,4818.1,4818.1,4847.4,False,,4847.4,TP,18.1,181.07,51
2026-01-21 11:00:00,2026-01-21 11:14:00,2026-01-21 11:15:00,BOS,long,4837.7,4830.3,4830.3,4849.6,False,,4830.3,SL,-7.4,-73.73,1
2026-01-21 13:00:00,2026-01-21 13:10:00,2026-01-21 13:18:00,MSS,short,4869.3,4873.8,4873.8,4862.0,False,,4873.8,SL,-4.5,-45.08,8
2026-01-21 13:15:00,2026-01-21 13:26:00,2026-01-21 13:34:00,MSS,long,4867.3,4861.5,4861.5,4876.6,False,,4876.6,TP,9.3,93.32,8
2026-01-21 13:30:00,2026-01-21 13:40:00,2026-01-21 14:22:00,BOS,long,4871.7,4866.4,4866.4,4880.3,False,,4880.3,TP,8.6,85.9,42
2026-01-21 14:20:00,2026-01-21 14:38:00,2026-01-21 14:40:00,BOS,long,4873.1,4866.8,4866.8,4883.2,False,,4866.8,SL,-6.3,-62.65,2
2026-01-21 16:15:00,2026-01-21 16:33:00,2026-01-21 16:50:00,BOS,long,4862.2,4858.1,4858.1,4868.8,False,,4858.1,SL,-4.1,-40.87,17
2026-01-21 16:55:00,2026-01-21 17:11:00,2026-01-21 17:25:00,MSS,short,4864.8,4871.7,4871.7,4853.6,False,,4871.7,SL,-6.9,-69.14,14
2026-01-21 18:40:00,2026-01-21 18:59:00,2026-01-21 19:15:00,MSS,long,4864.4,4862.0,4862.0,4868.2,False,,4868.2,TP,3.8,38.32,16
2026-01-21 19:15:00,2026-01-21 19:32:00,2026-01-21 19:44:00,BOS,long,4866.7,4863.2,4863.2,4872.4,False,,4863.2,SL,-3.5,-35.14,12
2026-01-21 19:45:00,2026-01-21 19:59:00,2026-01-21 21:11:00,MSS,short,4867.6,4874.0,4874.0,4857.3,False,,4874.0,SL,-6.4,-63.79,72
2026-01-21 21:55:00,2026-01-21 22:01:00,2026-01-21 22:03:00,BOS,long,4876.8,4872.7,4872.7,4883.4,False,,4872.7,SL,-4.1,-40.87,2
2026-01-21 22:00:00,2026-01-21 22:10:00,2026-01-21 22:10:00,MSS,short,4872.2,4883.4,4883.4,4854.0,False,,4854.0,TP,18.2,181.69,0
2026-01-21 22:35:00,2026-01-21 22:46:00,2026-01-21 22:51:00,MSS,long,4860.7,4852.2,4852.2,4874.4,False,,4852.2,SL,-8.5,-84.8,5
2026-01-21 23:00:00,2026-01-21 23:16:00,2026-01-21 23:18:00,BOS,long,4856.1,4848.6,4848.6,4868.3,False,,4848.6,SL,-7.5,-75.25,2
2026-01-21 23:15:00,2026-01-21 23:54:00,2026-01-22 00:52:00,MSS,short,4854.4,4871.1,4871.1,4827.5,False,,4827.5,TP,26.9,269.45,58
2026-01-22 01:30:00,2026-01-22 01:40:00,2026-01-22 01:58:00,BOS,short,4819.5,4828.8,4828.8,4804.5,False,,4828.8,SL,-9.3,-92.83,18
2026-01-22 03:20:00,2026-01-22 03:27:00,2026-01-22 03:27:00,BOS,long,4852.2,4849.3,4849.3,4856.9,False,,4849.3,SL,-2.9,-29.03,0
2026-01-22 07:55:00,2026-01-22 08:09:00,2026-01-22 08:57:00,BOS,short,4791.7,4799.5,4799.5,4779.1,False,,4799.5,SL,-7.8,-77.93,48
2026-01-22 08:55:00,2026-01-22 09:00:00,2026-01-22 09:01:00,MSS,long,4788.6,4781.6,4781.6,4799.8,False,,4781.6,SL,-7.0,-69.52,1
2026-01-22 09:00:00,2026-01-22 09:10:00,2026-01-22 09:19:00,MSS,short,4789.4,4799.8,4799.8,4772.6,False,,4799.8,SL,-10.4,-103.9,9
2026-01-22 09:15:00,2026-01-22 10:32:00,2026-01-22 13:04:00,MSS,long,4783.7,4772.6,4772.6,4801.7,False,,4801.7,TP,18.0,179.84,152
2026-01-22 13:00:00,2026-01-22 13:19:00,2026-01-22 13:40:00,BOS,long,4797.4,4794.7,4794.7,4801.8,False,,4801.8,TP,4.4,43.88,21
2026-01-22 14:50:00,2026-01-22 14:57:00,2026-01-22 15:00:00,MSS,short,4826.0,4828.7,4828.7,4821.7,False,,4828.7,SL,-2.7,-26.74,3
2026-01-22 18:50:00,2026-01-22 18:55:00,2026-01-22 19:05:00,BOS,long,4830.2,4828.1,4828.1,4833.7,False,,4833.7,TP,3.5,34.61,10
2026-01-22 19:10:00,2026-01-22 19:23:00,2026-01-22 19:35:00,MSS,short,4831.7,4834.0,4834.0,4827.9,False,,4827.9,TP,3.8,37.7,12
2026-01-22 19:40:00,2026-01-22 20:00:00,2026-01-22 20:01:00,MSS,long,4829.5,4827.1,4827.1,4833.5,False,,4827.1,SL,-2.4,-24.45,1
2026-01-22 20:05:00,2026-01-22 20:27:00,2026-01-22 20:57:00,MSS,short,4833.6,4838.5,4838.5,4825.6,False,,4825.6,TP,8.0,79.72,30
2026-01-22 20:55:00,2026-01-22 21:15:00,2026-01-22 21:20:00,BOS,short,4829.4,4834.8,4834.8,4820.7,False,,4834.8,SL,-5.4,-53.86,5
2026-01-22 21:20:00,2026-01-22 21:30:00,2026-01-22 21:42:00,MSS,long,4824.7,4817.5,4817.5,4836.3,False,,4817.5,SL,-7.2,-71.82,12
2026-01-22 21:40:00,2026-01-22 22:05:00,2026-01-22 22:32:00,MSS,short,4827.4,4837.5,4837.5,4811.0,False,,4837.5,SL,-10.1,-101.23,27
2026-01-23 00:35:00,2026-01-23 00:55:00,2026-01-23 01:08:00,BOS,long,4880.5,4876.0,4876.0,4887.7,False,,4876.0,SL,-4.5,-44.69,13
2026-01-23 02:50:00,2026-01-23 03:27:00,2026-01-23 03:27:00,BOS,long,4916.7,4913.9,4913.9,4921.3,False,,4913.9,SL,-2.8,-28.27,0
2026-01-23 03:45:00,2026-01-23 04:02:00,2026-01-23 04:14:00,MSS,short,4920.4,4927.4,4927.4,4909.1,False,,4927.4,SL,-7.0,-69.91,12
2026-01-23 04:55:00,2026-01-23 05:08:00,2026-01-23 05:29:00,MSS,short,4924.4,4928.5,4928.5,4917.7,False,,4928.5,SL,-4.1,-41.26,21
2026-01-23 07:00:00,2026-01-23 07:16:00,2026-01-23 07:30:00,BOS,long,4944.7,4938.1,4938.1,4955.3,False,,4938.1,SL,-6.6,-65.7,14
2026-01-23 07:30:00,2026-01-23 07:47:00,2026-01-23 08:02:00,MSS,short,4951.9,4963.8,4963.8,4932.7,False,,4963.8,SL,-11.9,-118.8,15
2026-01-23 08:50:00,2026-01-23 09:01:00,2026-01-23 09:02:00,MSS,long,4954.0,4949.3,4949.3,4961.7,False,,4949.3,SL,-4.7,-47.37,1
2026-01-23 09:00:00,2026-01-23 09:34:00,2026-01-23 13:50:00,MSS,short,4957.0,4968.5,4968.5,4938.5,False,,4968.5,SL,-11.5,-114.6,256
2026-01-23 15:10:00,2026-01-23 15:24:00,2026-01-23 15:24:00,MSS,long,4954.5,4952.6,4952.6,4957.5,False,,4952.6,SL,-1.9,-18.72,0
2026-01-23 17:15:00,2026-01-23 17:22:00,2026-01-23 17:28:00,BOS,short,4916.0,4921.4,4921.4,4907.3,False,,4907.3,TP,8.7,87.14,6
2026-01-23 18:55:00,2026-01-23 19:00:00,2026-01-23 19:01:00,BOS,long,4928.0,4925.7,4925.7,4931.8,False,,4925.7,SL,-2.3,-23.3,1
2026-01-23 20:45:00,2026-01-23 21:00:00,2026-01-23 21:02:00,BOS,long,4935.7,4932.8,4932.8,4940.4,False,,4940.4,TP,4.7,46.97,2
2026-01-23 21:00:00,2026-01-23 21:10:00,2026-01-23 21:12:00,BOS,long,4941.4,4938.7,4938.7,4945.7,False,,4938.7,SL,-2.7,-26.74,2
2026-01-23 21:20:00,2026-01-23 21:33:00,2026-01-23 22:36:00,MSS,short,4939.5,4948.8,4948.8,4924.5,False,,4948.8,SL,-9.3,-92.83,63
2026-01-23 22:40:00,2026-01-23 23:00:00,2026-01-23 23:03:00,BOS,long,4939.9,4933.3,4933.3,4950.6,False,,4950.6,TP,10.7,106.91,3
2026-01-24 01:05:00,2026-01-24 01:53:00,2026-01-24 01:54:00,BOS,long,4981.1,4978.2,4978.2,4985.8,False,,4978.2,SL,-2.9,-29.03,1
2026-01-24 01:50:00,2026-01-24 02:12:00,2026-01-24 02:39:00,MSS,short,4982.4,4989.0,4989.0,4971.6,False,,4971.6,TP,10.8,107.53,27
2026-01-24 03:45:00,2026-01-24 04:00:00,2026-01-24 04:07:00,MSS,long,4979.3,4975.6,4975.6,4985.3,False,,4975.6,SL,-3.7,-37.05,7
2026-01-24 05:50:00,2026-01-24 05:59:00,2026-01-26 07:00:00,BOS,long,4983.2,4980.9,4980.9,4987.0,False,,5007.7,TP,24.5,244.7,1
2026-01-26 08:15:00,2026-01-26 08:26:00,2026-01-26 08:30:00,MSS,short,5038.7,5043.1,5043.1,5031.7,False,,5043.1,SL,-4.4,-43.55,4
2026-01-26 08:30:00,2026-01-26 09:01:00,2026-01-26 09:01:00,MSS,long,5036.5,5029.4,5029.4,5048.0,False,,5029.4,SL,-7.1,-71.05,0
2026-01-26 10:20:00,2026-01-26 11:01:00,2026-01-26 12:32:00,BOS,long,5073.1,5064.4,5064.4,5087.1,False,,5064.4,SL,-8.7,-86.71,91
2026-01-26 13:15:00,2026-01-26 13:26:00,2026-01-26 13:51:00,BOS,short,5062.7,5070.8,5070.8,5049.6,False,,5070.8,SL,-8.1,-80.98,25
2026-01-26 14:35:00,2026-01-26 15:01:00,2026-01-26 15:07:00,BOS,long,5070.8,5063.2,5063.2,5083.0,False,,5083.0,TP,12.2,122.36,6
2026-01-26 16:00:00,2026-01-26 16:06:00,2026-01-26 16:14:00,BOS,long,5088.7,5085.3,5085.3,5094.2,False,,5094.2,TP,5.5,55.0,8
2026-01-26 17:15:00,2026-01-26 17:21:00,2026-01-26 17:27:00,MSS,long,5087.7,5084.9,5084.9,5092.2,False,,5092.2,TP,4.5,45.11,6
2026-01-26 17:25:00,2026-01-26 17:40:00,2026-01-26 17:41:00,BOS,long,5089.2,5085.7,5085.7,5094.8,False,,5085.7,SL,-3.5,-34.76,1
2026-01-26 17:45:00,2026-01-26 18:33:00,2026-01-26 19:18:00,MSS,short,5091.1,5097.2,5097.2,5081.2,False,,5081.2,TP,9.9,98.88,45
2026-01-26 20:00:00,2026-01-26 20:06:00,2026-01-26 20:12:00,MSS,long,5089.3,5087.8,5087.8,5091.8,False,,5087.8,SL,-1.5,-15.28,6
2026-01-26 20:20:00,2026-01-26 20:27:00,2026-01-26 20:31:00,BOS,long,5088.2,5083.8,5083.8,5095.2,False,,5083.8,SL,-4.4,-43.55,4
2026-01-26 20:55:00,2026-01-26 21:12:00,2026-01-26 21:19:00,BOS,short,5080.0,5083.5,5083.5,5074.4,False,,5074.4,TP,5.6,56.24,7
2026-01-26 21:30:00,2026-01-26 21:48:00,2026-01-26 22:32:00,BOS,short,5069.9,5081.0,5081.0,5051.9,False,,5081.0,SL,-11.1,-111.16,44
2026-01-26 22:50:00,2026-01-26 23:20:00,2026-01-26 23:34:00,BOS,long,5082.5,5076.2,5076.2,5092.8,False,,5076.2,SL,-6.3,-63.41,14
2026-01-26 23:30:00,2026-01-26 23:53:00,2026-01-27 00:03:00,MSS,short,5087.5,5095.4,5095.4,5074.6,False,,5095.4,SL,-7.9,-79.46,10
2026-01-27 00:20:00,2026-01-27 01:42:00,2026-01-27 01:48:00,MSS,short,5096.4,5101.9,5101.9,5087.5,False,,5101.9,SL,-5.5,-55.01,6
2026-01-27 07:35:00,2026-01-27 07:59:00,2026-01-27 08:00:00,BOS,long,5038.7,5033.6,5033.6,5047.0,False,,5033.6,SL,-5.1,-51.19,1
2026-01-27 08:25:00,2026-01-27 09:08:00,2026-01-27 09:10:00,MSS,short,5045.1,5048.9,5048.9,5039.0,False,,5048.9,SL,-3.8,-37.82,2
2026-01-27 09:30:00,2026-01-27 10:15:00,2026-01-27 10:41:00,MSS,short,5065.1,5071.6,5071.6,5054.6,False,,5071.6,SL,-6.5,-64.94,26
2026-01-27 12:10:00,2026-01-27 12:18:00,2026-01-27 12:36:00,MSS,short,5070.3,5074.4,5074.4,5063.6,False,,5063.6,TP,6.7,66.74,18
2026-01-27 13:00:00,2026-01-27 13:26:00,2026-01-27 13:30:00,BOS,short,5061.6,5065.6,5065.6,5055.2,False,,5055.2,TP,6.4,64.27,4
2026-01-27 14:20:00,2026-01-27 14:30:00,2026-01-27 14:41:00,BOS,long,5075.8,5071.3,5071.3,5083.2,False,,5083.2,TP,7.4,73.54,11
2026-01-27 14:45:00,2026-01-27 14:55:00,2026-01-27 15:09:00,BOS,long,5079.9,5074.3,5074.3,5089.0,False,,5089.0,TP,9.1,90.85,14
2026-01-27 15:30:00,2026-01-27 15:58:00,2026-01-27 16:08:00,BOS,long,5083.2,5077.0,5077.0,5093.3,False,,5077.0,SL,-6.2,-62.27,10
2026-01-27 16:25:00,2026-01-27 16:45:00,2026-01-27 17:23:00,MSS,short,5079.1,5084.0,5084.0,5071.2,False,,5084.0,SL,-4.9,-48.9,38
2026-01-27 19:10:00,2026-01-27 19:24:00,2026-01-27 19:47:00,MSS,long,5081.4,5078.2,5078.2,5086.7,False,,5078.2,SL,-3.2,-32.47,23
2026-01-27 19:45:00,2026-01-27 20:30:00,2026-01-27 20:33:00,MSS,short,5079.3,5084.7,5084.7,5070.6,False,,5084.7,SL,-5.4,-53.86,3
2026-01-27 20:30:00,2026-01-27 21:10:00,2026-01-27 21:12:00,MSS,long,5075.4,5069.6,5069.6,5084.7,False,,5084.7,TP,9.3,93.32,2
2026-01-27 21:40:00,2026-01-27 21:53:00,2026-01-27 22:02:00,MSS,short,5076.1,5082.5,5082.5,5065.8,False,,5065.8,TP,10.3,103.21,9
2026-01-27 22:15:00,2026-01-27 22:22:00,2026-01-27 22:36:00,BOS,short,5058.1,5068.0,5068.0,5042.0,False,,5068.0,SL,-9.9,-99.32,14
2026-01-27 22:35:00,2026-01-27 22:49:00,2026-01-27 22:51:00,MSS,long,5061.3,5054.4,5054.4,5072.5,False,,5054.4,SL,-6.9,-69.14,2
2026-01-27 22:55:00,2026-01-27 23:11:00,2026-01-27 23:37:00,MSS,short,5065.8,5077.9,5077.9,5046.1,False,,5077.9,SL,-12.1,-121.48,26
2026-01-28 00:10:00,2026-01-28 00:43:00,2026-01-28 01:05:00,BOS,long,5086.2,5080.4,5080.4,5095.7,False,,5080.4,SL,-5.8,-58.45,22
2026-01-28 02:45:00,2026-01-28 02:59:00,2026-01-28 03:00:00,BOS,long,5086.7,5084.1,5084.1,5090.8,False,,5084.1,SL,-2.6,-25.59,1
2026-01-28 03:05:00,2026-01-28 03:23:00,2026-01-28 03:55:00,MSS,short,5087.9,5093.7,5093.7,5078.5,False,,5093.7,SL,-5.8,-58.06,32
2026-01-28 05:45:00,2026-01-28 05:51:00,2026-01-28 07:00:00,BOS,long,5177.0,5168.5,5168.5,5190.8,False,,5168.5,SL,-8.5,-85.19,9
2026-01-28 07:45:00,2026-01-28 08:01:00,2026-01-28 08:01:00,MSS,long,5164.1,5161.0,5161.0,5169.1,False,,5161.0,SL,-3.1,-30.94,0
2026-01-28 08:00:00,2026-01-28 08:39:00,2026-01-28 08:54:00,MSS,short,5167.6,5174.6,5174.6,5156.4,False,,5174.6,SL,-7.0,-69.52,15
2026-01-28 13:40:00,2026-01-28 14:05:00,2026-01-28 14:51:00,BOS,long,5250.0,5244.3,5244.3,5259.2,False,,5259.2,TP,9.2,92.08,46
2026-01-28 16:30:00,2026-01-28 16:38:00,2026-01-28 16:45:00,BOS,long,5292.5,5283.8,5283.8,5306.7,False,,5283.8,SL,-8.7,-87.48,7
2026-01-28 17:40:00,2026-01-28 17:47:00,2026-01-28 18:09:00,BOS,short,5269.4,5276.3,5276.3,5258.3,False,,5276.3,SL,-6.9,-68.76,22
2026-01-28 18:05:00,2026-01-28 18:35:00,2026-01-28 19:04:00,MSS,long,5265.9,5258.3,5258.3,5278.3,False,,5258.3,SL,-7.6,-76.4,29
2026-01-28 19:45:00,2026-01-28 20:03:00,2026-01-28 20:07:00,MSS,long,5251.4,5246.1,5246.1,5260.0,False,,5246.1,SL,-5.3,-53.1,4
2026-01-28 20:50:00,2026-01-28 21:12:00,2026-01-28 21:15:00,BOS,long,5263.2,5259.0,5259.0,5269.9,False,,5269.9,TP,6.7,67.36,3
2026-01-28 22:00:00,2026-01-28 22:12:00,2026-01-28 22:22:00,BOS,short,5258.6,5263.0,5263.0,5251.4,False,,5263.0,SL,-4.4,-44.31,10
2026-01-28 22:55:00,2026-01-28 23:07:00,2026-01-28 23:07:00,BOS,long,5271.2,5263.8,5263.8,5283.2,False,,5263.8,SL,-7.4,-74.11,0
2026-01-28 23:05:00,2026-01-28 23:23:00,2026-01-29 00:46:00,MSS,short,5268.0,5292.3,5292.3,5228.7,False,,5292.3,SL,-24.3,-242.95,83
2026-01-29 00:45:00,2026-01-29 01:39:00,2026-01-29 01:53:00,MSS,long,5282.4,5273.8,5273.8,5296.4,False,,5296.4,TP,14.0,139.67,14
2026-01-29 02:05:00,2026-01-29 02:12:00,2026-01-29 02:17:00,MSS,long,5294.6,5289.4,5289.4,5302.9,False,,5302.9,TP,8.3,83.43,5
2026-01-29 07:30:00,2026-01-29 07:54:00,2026-01-29 07:56:00,BOS,long,5475.3,5463.9,5463.9,5493.8,False,,5493.8,TP,18.5,184.78,2
2026-01-29 08:00:00,2026-01-29 08:07:00,2026-01-29 09:09:00,MSS,short,5489.2,5518.3,5518.3,5442.0,False,,5442.0,TP,47.2,471.53,61
2026-01-29 11:00:00,2026-01-29 11:13:00,2026-01-29 11:54:00,MSS,short,5522.3,5534.8,5534.8,5502.2,False,,5534.8,SL,-12.5,-124.53,33
2026-01-29 13:20:00,2026-01-29 13:30:00,2026-01-29 13:49:00,MSS,short,5535.3,5551.0,5551.0,5509.8,False,,5553.0,SL,-17.7,-177.38,16
2026-01-29 14:20:00,2026-01-29 14:35:00,2026-01-29 14:47:00,BOS,long,5575.6,5569.0,5569.0,5586.2,False,,5559.2,SL,-16.4,-163.7,7
2026-01-29 15:25:00,2026-01-29 15:34:00,2026-01-29 16:04:00,BOS,short,5544.3,5553.1,5553.1,5530.1,False,,5529.2,TP,15.1,151.14,15
2026-01-29 18:30:00,2026-01-29 18:39:00,2026-01-29 18:56:00,BOS,short,5501.4,5507.0,5507.0,5492.3,False,,5490.9,TP,10.5,104.85,11
2026-01-29 20:10:00,2026-01-29 20:44:00,2026-01-29 20:52:00,BOS,long,5520.5,5513.7,5513.7,5531.5,False,,5531.8,TP,11.3,113.0,5
2026-01-29 21:40:00,2026-01-29 21:51:00,2026-01-29 22:08:00,MSS,long,5505.4,5495.0,5495.0,5522.3,False,,5522.3,TP,16.9,168.71,13
2026-01-29 22:25:00,2026-01-29 22:33:00,2026-01-29 22:35:00,BOS,long,5524.3,5512.8,5512.8,5542.9,False,,5509.6,SL,-14.7,-146.98,2
2026-02-12 21:45:00,2026-02-12 23:39:00,2026-02-12 23:59:00,BOS,long,5067.1,5061.9,5061.9,5075.6,False,,5059.8,SL,-7.3,-73.33,3
2026-02-26 08:50:00,2026-02-26 08:59:00,2026-02-26 09:00:00,BOS,long,5200.3,5196.3,5196.3,5206.7,False,,5206.7,TP,6.4,64.27,1
2026-02-26 09:25:00,2026-02-26 09:35:00,2026-02-26 10:00:00,MSS,short,5204.8,5211.1,5211.1,5194.7,False,,5211.1,SL,-6.3,-62.65,25
2026-02-26 10:40:00,2026-02-26 10:45:00,2026-02-26 10:53:00,BOS,short,5195.7,5199.8,5199.8,5189.1,False,,5199.8,SL,-4.1,-40.87,8
2026-02-26 13:05:00,2026-02-26 13:48:00,2026-02-26 13:50:00,BOS,long,5208.1,5206.4,5206.4,5210.8,False,,5210.8,TP,2.7,27.19,2
2026-02-26 15:05:00,2026-02-26 15:17:00,2026-02-26 15:50:00,BOS,short,5206.2,5211.5,5211.5,5197.6,False,,5197.6,TP,8.6,85.9,33
2026-02-26 16:10:00,2026-02-26 16:26:00,2026-02-26 16:27:00,MSS,long,5200.3,5195.8,5195.8,5207.7,False,,5195.8,SL,-4.5,-45.46,1
2026-02-26 18:00:00,2026-02-26 18:18:00,2026-02-26 18:28:00,BOS,long,5199.9,5196.2,5196.2,5205.8,False,,5196.2,SL,-3.7,-36.67,10
2026-02-26 18:45:00,2026-02-26 19:05:00,2026-02-26 19:51:00,BOS,short,5191.4,5194.7,5194.7,5186.1,False,,5186.1,TP,5.3,53.15,46
2026-02-26 19:50:00,2026-02-26 20:11:00,2026-02-26 20:23:00,BOS,short,5185.9,5191.6,5191.6,5176.6,False,,5191.6,SL,-5.7,-57.3,12
2026-02-26 22:20:00,2026-02-26 22:30:00,2026-02-26 22:30:00,MSS,long,5179.9,5175.9,5175.9,5186.5,False,,5175.9,SL,-4.0,-40.49,0
2026-02-26 23:20:00,2026-02-26 23:38:00,2026-02-26 23:42:00,MSS,short,5180.4,5188.2,5188.2,5167.7,False,,5188.2,SL,-7.8,-78.31,4
2026-02-27 01:45:00,2026-02-27 01:51:00,2026-02-27 01:56:00,BOS,short,5189.7,5194.9,5194.9,5181.4,False,,5181.4,TP,8.3,83.43,5
2026-02-27 02:10:00,2026-02-27 02:34:00,2026-02-27 02:35:00,MSS,long,5184.3,5180.4,5180.4,5190.6,False,,5180.4,SL,-3.9,-38.96,1
2026-02-27 03:45:00,2026-02-27 03:59:00,2026-02-27 04:05:00,BOS,long,5204.5,5200.3,5200.3,5211.4,False,,5211.4,TP,6.9,68.6,6
2026-02-27 04:40:00,2026-02-27 04:53:00,2026-02-27 04:55:00,BOS,long,5211.1,5207.7,5207.7,5216.5,False,,5207.7,SL,-3.4,-33.62,2
2026-02-27 05:50:00,2026-02-27 07:00:00,2026-02-27 07:01:00,BOS,short,5205.5,5208.6,5208.6,5200.4,False,,5200.4,TP,5.1,50.68,1
2026-02-27 07:00:00,2026-02-27 07:06:00,2026-02-27 08:21:00,BOS,short,5202.3,5208.6,5208.6,5192.1,False,,5208.6,SL,-6.3,-63.03,75
2026-02-27 11:25:00,2026-02-27 11:38:00,2026-02-27 11:47:00,BOS,long,5200.5,5197.7,5197.7,5204.9,False,,5204.9,TP,4.4,44.5,9
2026-02-27 11:45:00,2026-02-27 11:58:00,2026-02-27 12:20:00,BOS,long,5202.8,5200.0,5200.0,5207.4,False,,5200.0,SL,-2.8,-28.27,22
2026-02-27 12:20:00,2026-02-27 12:34:00,2026-02-27 12:36:00,BOS,long,5202.2,5200.7,5200.7,5204.5,False,,5204.5,TP,2.3,23.48,2
2026-02-27 12:50:00,2026-02-27 13:12:00,2026-02-27 13:24:00,MSS,short,5202.9,5205.2,5205.2,5199.2,False,,5205.2,SL,-2.3,-22.92,12
2026-02-27 13:55:00,2026-02-27 14:03:00,2026-02-27 14:50:00,BOS,long,5211.5,5207.8,5207.8,5217.4,False,,5207.8,SL,-3.7,-36.67,47
2026-02-27 15:55:00,2026-02-27 16:00:00,2026-02-27 16:24:00,BOS,short,5196.9,5199.6,5199.6,5192.6,False,,5192.6,TP,4.3,43.26,24
2026-02-27 16:45:00,2026-02-27 17:01:00,2026-02-27 17:03:00,BOS,short,5197.7,5199.2,5199.2,5195.4,False,,5195.4,TP,2.3,23.48,2
2026-02-27 17:45:00,2026-02-27 18:18:00,2026-02-27 18:29:00,BOS,short,5194.7,5198.3,5198.3,5188.9,False,,5188.9,TP,5.8,58.09,11
2026-02-27 19:10:00,2026-02-27 19:22:00,2026-02-27 19:26:00,MSS,short,5192.3,5194.2,5194.2,5189.2,False,,5194.2,SL,-1.9,-19.1,4
2026-02-27 22:20:00,2026-02-27 22:31:00,2026-02-27 22:39:00,BOS,long,5242.1,5234.7,5234.7,5254.1,False,,5234.7,SL,-7.4,-74.11,8
2026-02-27 23:05:00,2026-02-27 23:18:00,2026-02-27 23:22:00,BOS,long,5243.7,5236.8,5236.8,5254.9,False,,5236.8,SL,-6.9,-69.14,4
2026-02-27 23:45:00,2026-02-28 00:24:00,2026-02-28 00:24:00,BOS,long,5248.2,5244.0,5244.0,5255.0,False,,5244.0,SL,-4.2,-42.02,0
2026-02-28 00:50:00,2026-02-28 01:12:00,2026-02-28 01:13:00,MSS,short,5253.5,5256.9,5256.9,5248.1,False,,5248.1,TP,5.4,54.38,1
2026-02-28 01:40:00,2026-02-28 02:24:00,2026-02-28 02:43:00,MSS,long,5243.9,5237.4,5237.4,5254.4,False,,5254.4,TP,10.5,105.06,19
2026-03-02 09:55:00,2026-03-02 10:12:00,2026-03-02 10:37:00,BOS,short,5345.1,5351.8,5351.8,5334.3,False,,5351.8,SL,-6.7,-66.85,25
2026-03-02 11:15:00,2026-03-02 11:31:00,2026-03-02 11:31:00,BOS,long,5366.2,5362.6,5362.6,5372.1,False,,5372.1,TP,5.9,58.71,0
2026-03-02 11:35:00,2026-03-02 12:05:00,2026-03-02 12:19:00,BOS,long,5370.7,5366.2,5366.2,5377.9,False,,5377.9,TP,7.2,72.31,14
2026-03-02 16:25:00,2026-03-02 16:40:00,2026-03-02 16:43:00,BOS,long,5422.1,5416.4,5416.4,5431.3,False,,5416.4,SL,-5.7,-56.92,3
2026-03-02 16:40:00,2026-03-02 16:49:00,2026-03-02 16:55:00,MSS,short,5424.2,5432.0,5432.0,5411.5,False,,5411.5,TP,12.7,126.69,6
2026-03-02 16:55:00,2026-03-02 17:32:00,2026-03-02 17:47:00,BOS,short,5418.2,5425.9,5425.9,5405.8,False,,5405.8,TP,12.4,124.22,15
2026-03-02 18:35:00,2026-03-02 18:53:00,2026-03-02 18:54:00,MSS,long,5403.9,5398.1,5398.1,5413.4,False,,5398.1,SL,-5.8,-58.45,1
2026-03-02 19:45:00,2026-03-02 20:05:00,2026-03-02 21:03:00,MSS,short,5404.2,5414.8,5414.8,5387.0,False,,5414.8,SL,-10.6,-106.2,58
2026-03-02 21:00:00,2026-03-02 21:11:00,2026-03-02 21:12:00,MSS,long,5407.3,5400.7,5400.7,5418.0,False,,5400.7,SL,-6.6,-66.09,1
2026-03-02 21:10:00,2026-03-02 21:20:00,2026-03-02 21:30:00,MSS,short,5414.2,5425.5,5425.5,5396.0,False,,5425.5,SL,-11.3,-112.69,10
2026-03-03 00:25:00,2026-03-03 00:35:00,2026-03-03 01:31:00,MSS,long,5307.5,5294.5,5294.5,5328.5,False,,5328.5,TP,21.0,210.12,56
2026-03-03 01:30:00,2026-03-03 01:49:00,2026-03-03 02:08:00,BOS,long,5317.1,5306.2,5306.2,5334.7,False,,5306.2,SL,-10.9,-108.87,19
2026-03-03 02:05:00,2026-03-03 02:17:00,2026-03-03 02:37:00,MSS,short,5316.6,5324.2,5324.2,5304.2,False,,5304.2,TP,12.4,123.6,20
2026-03-03 04:55:00,2026-03-03 05:03:00,2026-03-03 05:30:00,MSS,short,5352.2,5356.6,5356.6,5345.1,False,,5345.1,TP,7.1,71.07,27
2026-03-03 07:00:00,2026-03-03 07:23:00,2026-03-03 07:59:00,MSS,long,5344.8,5335.4,5335.4,5360.0,False,,5360.0,TP,15.2,152.03,36
2026-03-03 09:00:00,2026-03-03 09:46:00,2026-03-03 09:47:00,BOS,long,5367.5,5360.4,5360.4,5378.9,False,,5360.4,SL,-7.1,-70.67,1
2026-03-03 09:55:00,2026-03-03 10:31:00,2026-03-03 13:38:00,MSS,short,5378.0,5394.5,5394.5,5351.4,False,,5351.4,TP,26.6,266.36,187
2026-03-03 14:10:00,2026-03-03 14:20:00,2026-03-03 15:38:00,BOS,short,5319.7,5337.0,5337.0,5291.8,False,,5337.0,SL,-17.3,-172.66,78
2026-03-03 16:55:00,2026-03-03 17:01:00,2026-03-03 17:04:00,BOS,short,5316.0,5324.2,5324.2,5302.7,False,,5302.7,TP,13.3,132.87,3
2026-03-03 17:00:00,2026-03-03 17:11:00,2026-03-03 17:23:00,BOS,short,5315.8,5324.2,5324.2,5302.2,False,,5302.2,TP,13.6,135.96,12
2026-03-03 17:25:00,2026-03-03 17:52:00,2026-03-03 19:07:00,BOS,short,5285.4,5315.9,5315.9,5236.0,False,,5236.0,TP,49.4,493.78,75
2026-03-03 20:55:00,2026-03-03 21:00:00,2026-03-03 21:01:00,BOS,long,5217.8,5206.0,5206.0,5236.8,False,,5206.0,SL,-11.8,-117.66,1
2026-03-03 21:50:00,2026-03-03 22:01:00,2026-03-03 22:21:00,BOS,short,5177.0,5197.7,5197.7,5143.5,False,,5143.5,TP,33.5,334.96,20
2026-03-04 00:35:00,2026-03-04 00:41:00,2026-03-04 00:44:00,BOS,long,5128.5,5117.8,5117.8,5145.7,False,,5117.8,SL,-10.7,-106.58,3
2026-03-04 01:30:00,2026-03-04 02:02:00,2026-03-04 02:28:00,BOS,short,5105.8,5121.0,5121.0,5081.1,False,,5121.0,SL,-15.2,-152.42,26
2026-03-04 03:00:00,2026-03-04 03:05:00,2026-03-04 03:08:00,BOS,long,5149.3,5141.8,5141.8,5161.4,False,,5141.8,SL,-7.5,-74.87,3
2026-03-04 04:20:00,2026-03-04 04:32:00,2026-03-04 04:33:00,MSS,long,5130.1,5123.3,5123.3,5141.1,False,,5123.3,SL,-6.8,-68.0,1
2026-03-04 08:00:00,2026-03-04 08:12:00,2026-03-04 08:20:00,MSS,short,5127.7,5136.0,5136.0,5114.4,False,,5136.0,SL,-8.3,-82.51,8
2026-03-04 08:40:00,2026-03-04 08:55:00,2026-03-04 08:59:00,MSS,long,5136.7,5130.6,5130.6,5146.6,False,,5146.6,TP,9.9,98.88,4
2026-03-04 10:05:00,2026-03-04 10:31:00,2026-03-04 10:35:00,BOS,long,5183.9,5177.4,5177.4,5194.3,False,,5177.4,SL,-6.5,-64.56,4
2026-03-04 11:45:00,2026-03-04 12:41:00,2026-03-04 12:42:00,BOS,long,5167.8,5162.3,5162.3,5176.8,False,,5162.3,SL,-5.5,-55.39,1
2026-03-04 12:40:00,2026-03-04 12:46:00,2026-03-04 13:05:00,MSS,short,5172.8,5180.5,5180.5,5160.4,False,,5160.4,TP,12.4,124.22,19
2026-03-04 13:10:00,2026-03-04 13:20:00,2026-03-04 13:42:00,MSS,long,5165.9,5160.3,5160.3,5175.0,False,,5175.0,TP,9.1,90.85,22
2026-03-04 15:45:00,2026-03-04 15:57:00,2026-03-04 16:03:00,BOS,long,5178.4,5173.7,5173.7,5186.0,False,,5173.7,SL,-4.7,-46.99,6
2026-03-04 16:00:00,2026-03-04 16:35:00,2026-03-04 16:44:00,MSS,short,5178.6,5186.0,5186.0,5166.5,False,,5186.0,SL,-7.4,-74.49,9
2026-03-04 16:45:00,2026-03-04 17:00:00,2026-03-04 17:39:00,MSS,long,5171.1,5157.7,5157.7,5192.9,False,,5192.9,TP,21.8,217.54,39
2026-03-04 18:00:00,2026-03-04 18:37:00,2026-03-04 18:39:00,BOS,long,5191.1,5187.0,5187.0,5197.8,False,,5197.8,TP,6.7,66.74,2
2026-03-04 19:30:00,2026-03-04 19:40:00,2026-03-04 19:51:00,BOS,long,5205.2,5202.0,5202.0,5210.3,False,,5202.0,SL,-3.2,-31.71,11
2026-03-04 20:00:00,2026-03-04 20:15:00,2026-03-04 20:16:00,BOS,long,5206.5,5199.3,5199.3,5218.2,False,,5199.3,SL,-7.2,-72.2,1
2026-03-04 21:00:00,2026-03-04 21:59:00,2026-03-04 22:25:00,MSS,long,5179.4,5170.9,5170.9,5193.1,False,,5170.9,SL,-8.5,-84.8,26
2026-03-04 22:30:00,2026-03-04 22:39:00,2026-03-04 22:48:00,MSS,long,5179.1,5169.2,5169.2,5195.0,False,,5169.2,SL,-9.9,-98.56,9
2026-03-04 23:10:00,2026-03-04 23:22:00,2026-03-04 23:35:00,BOS,short,5160.6,5173.3,5173.3,5140.1,False,,5173.3,SL,-12.7,-126.82,13
2026-03-05 00:20:00,2026-03-05 00:34:00,2026-03-05 01:23:00,BOS,short,5163.6,5172.9,5172.9,5148.6,False,,5148.6,TP,15.0,150.17,49
2026-03-05 01:20:00,2026-03-05 01:25:00,2026-03-05 02:11:00,BOS,short,5150.3,5161.9,5161.9,5131.5,False,,5131.5,TP,18.8,187.87,46
2026-03-05 03:15:00,2026-03-05 03:41:00,2026-03-05 03:48:00,MSS,short,5142.5,5145.8,5145.8,5137.2,False,,5145.8,SL,-3.3,-32.85,7
2026-03-05 03:55:00,2026-03-05 04:10:00,2026-03-05 04:30:00,MSS,long,5139.9,5133.3,5133.3,5150.6,False,,5150.6,TP,10.7,106.91,20
2026-03-05 04:35:00,2026-03-05 05:34:00,2026-03-05 05:54:00,BOS,long,5142.3,5134.7,5134.7,5154.5,False,,5154.5,TP,12.2,122.36,20
2026-03-05 09:05:00,2026-03-05 09:25:00,2026-03-05 09:42:00,BOS,long,5183.5,5177.7,5177.7,5193.0,False,,5177.7,SL,-5.8,-58.45,17
2026-03-05 10:15:00,2026-03-05 10:39:00,2026-03-05 10:41:00,BOS,long,5185.9,5182.0,5182.0,5192.2,False,,5192.2,TP,6.3,63.04,2
2026-03-05 10:55:00,2026-03-05 11:30:00,2026-03-05 12:44:00,BOS,long,5190.4,5183.3,5183.3,5202.0,False,,5183.3,SL,-7.1,-71.43,74
2026-03-05 14:05:00,2026-03-05 14:40:00,2026-03-05 15:02:00,BOS,short,5164.1,5178.4,5178.4,5141.0,False,,5178.4,SL,-14.3,-142.87,22
2026-03-05 16:00:00,2026-03-05 16:37:00,2026-03-05 16:45:00,MSS,short,5170.9,5175.4,5175.4,5163.6,False,,5175.4,SL,-4.5,-45.08,8
2026-03-05 17:05:00,2026-03-05 17:26:00,2026-03-05 17:39:00,BOS,long,5179.3,5171.5,5171.5,5191.9,False,,5171.5,SL,-7.8,-77.93,13
2026-03-05 19:35:00,2026-03-05 19:48:00,2026-03-05 20:03:00,MSS,short,5174.0,5178.2,5178.2,5167.3,False,,5178.2,SL,-4.2,-41.64,15
2026-03-05 20:00:00,2026-03-05 20:27:00,2026-03-05 20:35:00,MSS,long,5173.8,5171.0,5171.0,5178.2,False,,5178.2,TP,4.4,44.5,8
2026-03-05 22:15:00,2026-03-05 22:29:00,2026-03-05 22:39:00,BOS,short,5128.4,5139.1,5139.1,5111.1,False,,5111.1,TP,17.3,173.04,10
2026-03-05 22:35:00,2026-03-05 22:58:00,2026-03-05 23:06:00,MSS,short,5119.5,5132.4,5132.4,5098.6,False,,5098.6,TP,20.9,208.88,8
2026-03-05 23:50:00,2026-03-06 00:06:00,2026-03-06 00:09:00,MSS,long,5094.1,5086.0,5086.0,5107.2,False,,5086.0,SL,-8.1,-80.98,3
2026-03-06 00:20:00,2026-03-06 00:48:00,2026-03-06 01:04:00,BOS,short,5085.8,5094.3,5094.3,5072.0,False,,5094.3,SL,-8.5,-85.19,16
2026-03-06 01:00:00,2026-03-06 01:28:00,2026-03-06 01:32:00,MSS,long,5085.1,5078.7,5078.7,5095.5,False,,5078.7,SL,-6.4,-64.18,4
2026-03-06 02:35:00,2026-03-06 02:52:00,2026-03-06 03:31:00,BOS,long,5077.9,5069.8,5069.8,5091.0,False,,5069.8,SL,-8.1,-80.98,39
2026-03-06 05:50:00,2026-03-06 08:00:00,2026-03-06 08:00:00,BOS,long,5086.7,5081.9,5081.9,5094.5,False,,5081.9,SL,-4.8,-48.13,0
2026-03-06 08:00:00,2026-03-06 08:06:00,2026-03-06 09:00:00,MSS,short,5098.5,5111.6,5111.6,5077.4,False,,5077.4,TP,21.1,211.36,54
2026-03-06 09:00:00,2026-03-06 09:06:00,2026-03-06 09:31:00,MSS,short,5089.1,5098.4,5098.4,5074.1,False,,5098.4,SL,-9.3,-92.83,25
2026-03-06 10:40:00,2026-03-06 11:01:00,2026-03-06 11:17:00,MSS,short,5137.9,5143.2,5143.2,5129.4,False,,5143.2,SL,-5.3,-52.72,16
2026-03-06 12:10:00,2026-03-06 12:20:00,2026-03-06 12:25:00,BOS,long,5141.1,5138.5,5138.5,5145.4,False,,5138.5,SL,-2.6,-26.36,5
2026-03-06 12:25:00,2026-03-06 12:33:00,2026-03-06 12:57:00,MSS,short,5141.8,5145.4,5145.4,5136.1,False,,5136.1,TP,5.7,57.47,24
2026-03-06 13:25:00,2026-03-06 13:30:00,2026-03-06 13:30:00,MSS,long,5134.4,5131.5,5131.5,5139.2,False,,5131.5,SL,-2.9,-29.41,0
2026-03-06 14:20:00,2026-03-06 14:52:00,2026-03-06 15:03:00,MSS,long,5125.2,5121.3,5121.3,5131.4,False,,5121.3,SL,-3.9,-38.58,11
2026-03-06 15:55:00,2026-03-06 16:12:00,2026-03-06 16:22:00,MSS,long,5121.5,5116.5,5116.5,5129.5,False,,5116.5,SL,-5.0,-49.66,10
2026-03-06 16:20:00,2026-03-06 16:47:00,2026-03-06 17:00:00,MSS,short,5121.9,5126.4,5126.4,5114.7,False,,5114.7,TP,7.2,72.31,13
2026-03-06 17:35:00,2026-03-06 17:43:00,2026-03-06 17:53:00,BOS,short,5105.1,5112.5,5112.5,5093.0,False,,5093.0,TP,12.1,120.51,10
2026-03-06 19:20:00,2026-03-06 19:43:00,2026-03-06 19:54:00,MSS,long,5096.1,5089.2,5089.2,5107.2,False,,5089.2,SL,-6.9,-68.76,11
2026-03-06 19:50:00,2026-03-06 20:18:00,2026-03-06 21:00:00,MSS,short,5100.5,5109.4,5109.4,5086.2,False,,5086.2,TP,14.3,143.38,42
2026-03-06 21:30:00,2026-03-06 21:56:00,2026-03-06 22:58:00,MSS,long,5097.1,5073.2,5073.2,5135.7,False,,5135.7,TP,38.6,386.25,62
2026-03-06 23:20:00,2026-03-06 23:46:00,2026-03-06 23:52:00,BOS,long,5159.0,5146.8,5146.8,5178.8,False,,5146.8,SL,-12.2,-122.24,6
2026-03-07 00:35:00,2026-03-07 00:43:00,2026-03-07 00:46:00,MSS,short,5149.9,5156.2,5156.2,5139.6,False,,5156.2,SL,-6.3,-63.41,3
2026-03-07 01:30:00,2026-03-07 01:41:00,2026-03-07 01:43:00,BOS,long,5152.0,5146.5,5146.5,5160.9,False,,5146.5,SL,-5.5,-55.01,2
2026-03-07 03:10:00,2026-03-07 03:37:00,2026-03-07 03:45:00,BOS,long,5171.2,5165.6,5165.6,5180.3,False,,5165.6,SL,-5.6,-56.15,8
2026-03-07 04:00:00,2026-03-07 04:06:00,2026-03-07 04:10:00,MSS,short,5169.2,5172.6,5172.6,5163.7,False,,5163.7,TP,5.5,55.0,4
2026-03-07 04:30:00,2026-03-07 04:40:00,2026-03-07 04:40:00,BOS,short,5165.2,5169.0,5169.0,5159.0,False,,5169.0,SL,-3.8,-38.2,0
2026-03-09 06:00:00,2026-03-09 06:10:00,2026-03-09 06:11:00,MSS,short,5177.6,5184.4,5184.4,5166.7,False,,5166.7,TP,10.9,109.39,1
2026-03-09 08:45:00,2026-03-09 08:59:00,2026-03-09 09:00:00,BOS,short,5057.1,5067.6,5067.6,5040.1,False,,5040.1,TP,17.0,169.95,1
2026-03-09 09:55:00,2026-03-09 10:07:00,2026-03-09 10:10:00,MSS,short,5084.0,5089.0,5089.0,5075.9,False,,5089.0,SL,-5.0,-50.04,3
2026-03-09 12:05:00,2026-03-09 12:14:00,2026-03-09 12:45:00,BOS,long,5097.2,5093.2,5093.2,5103.7,False,,5093.2,SL,-4.0,-40.11,31
2026-03-09 12:50:00,2026-03-09 12:59:00,2026-03-09 13:01:00,MSS,short,5097.7,5101.5,5101.5,5091.6,False,,5091.6,TP,6.1,61.18,2
2026-03-09 13:00:00,2026-03-09 13:19:00,2026-03-09 13:22:00,MSS,long,5095.5,5091.3,5091.3,5102.3,False,,5102.3,TP,6.8,67.98,3
2026-03-09 15:20:00,2026-03-09 15:45:00,2026-03-09 15:48:00,MSS,long,5106.5,5102.5,5102.5,5113.0,False,,5102.5,SL,-4.0,-40.11,3
2026-03-09 16:00:00,2026-03-09 16:07:00,2026-03-09 16:28:00,BOS,long,5107.7,5101.0,5101.0,5118.5,False,,5101.0,SL,-6.7,-66.85,21
2026-03-09 16:45:00,2026-03-09 16:57:00,2026-03-09 17:01:00,MSS,long,5101.1,5096.6,5096.6,5108.5,False,,5108.5,TP,7.4,73.54,4
2026-03-09 17:05:00,2026-03-09 17:45:00,2026-03-09 18:11:00,BOS,long,5107.7,5100.3,5100.3,5119.6,False,,5119.6,TP,11.9,119.27,26
2026-03-09 18:55:00,2026-03-09 19:00:00,2026-03-09 19:19:00,BOS,short,5102.5,5107.7,5107.7,5094.1,False,,5094.1,TP,8.4,84.05,19
2026-03-09 21:05:00,2026-03-09 21:14:00,2026-03-09 21:21:00,BOS,short,5102.9,5107.6,5107.6,5095.3,False,,5095.3,TP,7.6,76.01,7
2026-03-09 21:30:00,2026-03-09 21:40:00,2026-03-09 21:41:00,MSS,long,5102.0,5092.3,5092.3,5117.7,False,,5092.3,SL,-9.7,-97.03,1
2026-03-10 00:00:00,2026-03-10 00:16:00,2026-03-10 00:30:00,BOS,long,5106.7,5101.3,5101.3,5115.5,False,,5115.5,TP,8.8,87.76,14
2026-03-10 01:50:00,2026-03-10 02:05:00,2026-03-10 02:17:00,MSS,long,5101.7,5097.7,5097.7,5108.3,False,,5108.3,TP,6.6,65.51,12
2026-03-10 03:55:00,2026-03-10 04:25:00,2026-03-10 06:00:00,BOS,long,5144.5,5138.7,5138.7,5154.0,False,,5154.0,TP,9.5,94.55,35
2026-03-10 06:00:00,2026-03-10 06:05:00,2026-03-10 06:24:00,MSS,short,5141.8,5150.2,5150.2,5128.1,False,,5128.1,TP,13.7,136.58,19
2026-03-10 07:15:00,2026-03-10 07:23:00,2026-03-10 07:44:00,BOS,long,5154.7,5147.7,5147.7,5166.0,False,,5147.7,SL,-7.0,-69.91,21
2026-03-10 08:20:00,2026-03-10 08:37:00,2026-03-10 08:58:00,BOS,short,5146.8,5151.5,5151.5,5139.2,False,,5139.2,TP,7.6,76.01,21
2026-03-10 13:30:00,2026-03-10 13:40:00,2026-03-10 13:41:00,MSS,short,5179.0,5180.8,5180.8,5176.1,False,,5180.8,SL,-1.8,-17.95,1
2026-03-10 13:45:00,2026-03-10 15:02:00,2026-03-10 15:03:00,MSS,long,5179.9,5178.0,5178.0,5183.0,False,,5183.0,TP,3.1,30.9,1
2026-03-10 15:15:00,2026-03-10 15:40:00,2026-03-10 15:45:00,MSS,short,5183.9,5188.1,5188.1,5177.0,False,,5188.1,SL,-4.2,-42.4,5
2026-03-10 16:30:00,2026-03-10 17:00:00,2026-03-10 17:12:00,BOS,long,5190.2,5185.0,5185.0,5198.6,False,,5198.6,TP,8.4,84.05,12
2026-03-10 18:30:00,2026-03-10 18:51:00,2026-03-10 19:04:00,BOS,short,5185.1,5191.4,5191.4,5174.9,False,,5191.4,SL,-6.3,-63.03,13
2026-03-10 20:00:00,2026-03-10 20:20:00,2026-03-10 20:25:00,BOS,short,5184.0,5188.8,5188.8,5176.2,False,,5188.8,SL,-4.8,-48.13,5
2026-03-10 21:45:00,2026-03-10 21:50:00,2026-03-10 22:07:00,MSS,short,5218.1,5226.2,5226.2,5205.0,False,,5205.0,TP,13.1,131.02,17
2026-03-10 22:05:00,2026-03-10 22:16:00,2026-03-10 23:02:00,BOS,short,5214.0,5224.7,5224.7,5196.8,False,,5224.7,SL,-10.7,-106.58,46
2026-03-10 23:30:00,2026-03-10 23:51:00,2026-03-11 00:12:00,BOS,long,5238.1,5232.9,5232.9,5246.5,False,,5232.9,SL,-5.2,-51.95,21
2026-03-11 00:40:00,2026-03-11 00:47:00,2026-03-11 00:50:00,BOS,short,5241.1,5244.0,5244.0,5236.5,False,,5236.5,TP,4.6,46.35,3
2026-03-11 03:15:00,2026-03-11 03:30:00,2026-03-11 03:31:00,MSS,long,5206.0,5201.5,5201.5,5213.3,False,,5201.5,SL,-4.5,-45.08,1
2026-03-11 03:30:00,2026-03-11 03:55:00,2026-03-11 08:23:00,MSS,short,5206.4,5216.4,5216.4,5190.1,False,,5216.4,SL,-10.0,-100.47,208
2026-03-11 08:45:00,2026-03-11 09:25:00,2026-03-11 09:28:00,BOS,long,5218.7,5214.8,5214.8,5224.9,False,,5224.9,TP,6.2,62.42,3
2026-03-11 10:40:00,2026-03-11 11:29:00,2026-03-11 11:35:00,MSS,long,5212.8,5209.5,5209.5,5218.1,False,,5218.1,TP,5.3,53.15,6
2026-03-11 11:45:00,2026-03-11 12:17:00,2026-03-11 12:52:00,MSS,short,5215.2,5218.1,5218.1,5210.4,False,,5210.4,TP,4.8,47.59,35
2026-03-11 12:50:00,2026-03-11 13:00:00,2026-03-11 13:08:00,BOS,short,5214.0,5216.7,5216.7,5209.7,False,,5216.7,SL,-2.7,-26.74,8
2026-03-11 15:30:00,2026-03-11 15:50:00,2026-03-11 16:01:00,MSS,short,5203.1,5206.5,5206.5,5197.6,False,,5197.6,TP,5.5,55.0,11
2026-03-11 16:10:00,2026-03-11 16:18:00,2026-03-11 16:21:00,MSS,long,5200.1,5196.0,5196.0,5206.7,False,,5196.0,SL,-4.1,-40.87,3
2026-03-11 16:20:00,2026-03-11 17:33:00,2026-03-11 17:57:00,MSS,short,5202.0,5206.7,5206.7,5194.4,False,,5194.4,TP,7.6,76.01,24
2026-03-11 17:55:00,2026-03-11 18:09:00,2026-03-11 18:30:00,MSS,short,5200.9,5204.9,5204.9,5194.4,False,,5194.4,TP,6.5,64.89,21
2026-03-11 19:00:00,2026-03-11 19:06:00,2026-03-11 19:12:00,MSS,long,5195.9,5192.7,5192.7,5201.2,False,,5192.7,SL,-3.2,-32.47,6
2026-03-11 19:15:00,2026-03-11 19:37:00,2026-03-11 19:55:00,MSS,short,5196.6,5201.3,5201.3,5189.0,False,,5189.0,TP,7.6,76.01,18
2026-03-11 19:55:00,2026-03-11 20:02:00,2026-03-11 20:09:00,BOS,short,5191.6,5196.9,5196.9,5183.0,False,,5196.9,SL,-5.3,-53.1,7
2026-03-11 20:10:00,2026-03-11 20:34:00,2026-03-11 20:36:00,MSS,long,5190.0,5183.0,5183.0,5201.3,False,,5183.0,SL,-7.0,-69.91,2
2026-03-11 20:55:00,2026-03-11 21:04:00,2026-03-11 21:20:00,BOS,short,5183.5,5189.9,5189.9,5173.2,False,,5189.9,SL,-6.4,-63.79,16
2026-03-11 21:45:00,2026-03-11 21:57:00,2026-03-11 22:01:00,BOS,short,5181.1,5191.1,5191.1,5165.0,False,,5191.1,SL,-10.0,-99.7,4
2026-03-11 22:25:00,2026-03-11 22:32:00,2026-03-11 22:34:00,BOS,long,5197.2,5193.4,5193.4,5203.4,False,,5193.4,SL,-3.8,-38.2,2
2026-03-12 01:05:00,2026-03-12 01:18:00,2026-03-12 01:19:00,BOS,long,5181.9,5177.7,5177.7,5188.6,False,,5177.7,SL,-4.2,-41.64,1
2026-03-12 03:50:00,2026-03-12 03:55:00,2026-03-12 03:56:00,BOS,long,5186.7,5184.5,5184.5,5190.2,False,,5190.2,TP,3.5,35.23,1
2026-03-12 04:15:00,2026-03-12 06:00:00,2026-03-12 06:04:00,MSS,short,5188.3,5191.5,5191.5,5183.1,False,,5183.1,TP,5.2,51.91,4
2026-03-12 06:55:00,2026-03-12 07:13:00,2026-03-12 08:00:00,BOS,short,5159.6,5174.5,5174.5,5135.6,False,,5135.6,TP,24.0,240.4,47
2026-03-12 09:00:00,2026-03-12 09:05:00,2026-03-12 09:06:00,BOS,long,5163.0,5157.2,5157.2,5172.3,False,,5157.2,SL,-5.8,-57.68,1
2026-03-12 11:35:00,2026-03-12 11:41:00,2026-03-12 11:50:00,BOS,short,5157.1,5159.7,5159.7,5152.8,False,,5159.7,SL,-2.6,-26.36,9
2026-03-12 12:15:00,2026-03-12 12:20:00,2026-03-12 12:20:00,MSS,long,5157.9,5156.9,5156.9,5159.4,False,,5156.9,SL,-1.0,-9.55,0
2026-03-12 12:20:00,2026-03-12 12:28:00,2026-03-12 12:34:00,MSS,short,5157.8,5159.4,5159.4,5155.1,False,,5155.1,TP,2.7,26.57,6
2026-03-12 13:05:00,2026-03-12 13:20:00,2026-03-12 13:25:00,MSS,long,5148.1,5145.3,5145.3,5152.7,False,,5145.3,SL,-2.8,-28.27,5
2026-03-12 14:15:00,2026-03-12 14:23:00,2026-03-12 14:24:00,MSS,short,5159.0,5161.0,5161.0,5155.8,False,,5161.0,SL,-2.0,-19.86,1
2026-03-12 16:55:00,2026-03-12 17:09:00,2026-03-12 17:11:00,MSS,short,5186.6,5188.2,5188.2,5183.9,False,,5183.9,TP,2.7,26.57,2
2026-03-12 17:10:00,2026-03-12 17:27:00,2026-03-12 17:27:00,BOS,short,5184.9,5187.0,5187.0,5181.5,False,,5187.0,SL,-2.1,-21.01,0
2026-03-12 17:55:00,2026-03-12 18:15:00,2026-03-12 18:22:00,BOS,long,5191.9,5189.1,5189.1,5196.3,False,,5189.1,SL,-2.8,-27.5,7
2026-03-12 19:15:00,2026-03-12 19:38:00,2026-03-12 20:02:00,BOS,short,5186.0,5189.6,5189.6,5180.3,False,,5180.3,TP,5.7,57.47,24
2026-03-12 20:00:00,2026-03-12 20:48:00,2026-03-12 20:49:00,MSS,short,5184.5,5187.2,5187.2,5180.1,False,,5187.2,SL,-2.7,-27.12,1
2026-03-12 20:45:00,2026-03-12 21:19:00,2026-03-12 21:22:00,MSS,long,5179.7,5174.5,5174.5,5188.1,False,,5174.5,SL,-5.2,-51.95,3
2026-03-12 22:00:00,2026-03-12 22:19:00,2026-03-12 22:33:00,MSS,long,5159.0,5152.0,5152.0,5170.2,False,,5152.0,SL,-7.0,-69.52,14
2026-03-13 00:05:00,2026-03-13 00:15:00,2026-03-13 00:21:00,BOS,short,5136.0,5141.0,5141.0,5127.9,False,,5141.0,SL,-5.0,-50.04,6
2026-03-13 03:00:00,2026-03-13 03:05:00,2026-03-13 04:20:00,BOS,short,5097.5,5105.3,5105.3,5084.8,False,,5084.8,TP,12.7,126.69,75
2026-03-13 06:55:00,2026-03-13 07:02:00,2026-03-13 07:05:00,BOS,long,5092.8,5088.8,5088.8,5099.4,False,,5099.4,TP,6.6,65.51,3
2026-03-13 07:20:00,2026-03-13 07:29:00,2026-03-13 07:49:00,BOS,long,5096.6,5093.1,5093.1,5102.3,False,,5102.3,TP,5.7,56.86,20
2026-03-13 09:40:00,2026-03-13 09:57:00,2026-03-13 09:58:00,MSS,short,5121.0,5125.2,5125.2,5114.1,False,,5125.2,SL,-4.2,-42.4,1
2026-03-13 11:35:00,2026-03-13 11:42:00,2026-03-13 11:46:00,BOS,short,5114.4,5117.7,5117.7,5109.0,False,,5117.7,SL,-3.3,-33.23,4
2026-03-13 11:45:00,2026-03-13 12:20:00,2026-03-13 12:24:00,MSS,long,5113.2,5109.0,5109.0,5119.9,False,,5109.0,SL,-4.2,-41.64,4
2026-03-13 13:10:00,2026-03-13 13:29:00,2026-03-13 13:31:00,MSS,long,5108.2,5105.6,5105.6,5112.3,False,,5112.3,TP,4.1,41.41,2
2026-03-13 13:40:00,2026-03-13 14:03:00,2026-03-13 14:18:00,MSS,short,5110.1,5114.8,5114.8,5102.5,False,,5102.5,TP,7.6,76.01,15
2026-03-13 15:15:00,2026-03-13 15:30:00,2026-03-13 16:02:00,BOS,short,5091.0,5098.4,5098.4,5079.1,False,,5079.1,TP,11.9,119.27,32
2026-03-13 18:10:00,2026-03-13 18:29:00,2026-03-13 18:30:00,BOS,long,5093.5,5090.5,5090.5,5098.3,False,,5090.5,SL,-3.0,-29.8,1
2026-03-13 18:30:00,2026-03-13 18:47:00,2026-03-13 18:50:00,MSS,short,5095.2,5101.5,5101.5,5085.0,False,,5101.5,SL,-6.3,-63.03,3
2026-03-13 20:45:00,2026-03-13 21:03:00,2026-03-13 21:25:00,BOS,long,5119.6,5114.2,5114.2,5128.4,False,,5114.2,SL,-5.4,-54.24,22
2026-03-13 21:25:00,2026-03-13 21:44:00,2026-03-13 21:45:00,MSS,short,5118.0,5121.2,5121.2,5112.7,False,,5121.2,SL,-3.2,-32.47,1
2026-03-14 01:10:00,2026-03-14 01:47:00,2026-03-14 01:56:00,MSS,long,5052.9,5047.7,5047.7,5061.2,False,,5047.7,SL,-5.2,-51.57,9
2026-03-14 02:10:00,2026-03-14 02:32:00,2026-03-14 03:08:00,BOS,short,5051.9,5056.2,5056.2,5045.0,False,,5045.0,TP,6.9,69.22,36
2026-03-14 04:40:00,2026-03-14 04:52:00,2026-03-16 06:00:00,MSS,long,5022.1,5017.2,5017.2,5030.1,False,,5010.0,SL,-12.1,-121.28,8
2026-03-16 06:05:00,2026-03-16 06:18:00,2026-03-16 07:20:00,MSS,long,5013.4,5000.0,5000.0,5035.2,False,,5000.0,SL,-13.4,-134.46,62
2026-03-16 08:30:00,2026-03-16 08:51:00,2026-03-16 09:00:00,BOS,long,5025.0,5018.4,5018.4,5035.6,False,,5018.4,SL,-6.6,-65.7,9
2026-03-16 09:00:00,2026-03-16 09:06:00,2026-03-16 09:10:00,MSS,short,5026.5,5033.5,5033.5,5015.1,False,,5015.1,TP,11.4,113.71,4
2026-03-16 09:55:00,2026-03-16 10:30:00,2026-03-16 10:35:00,MSS,long,5011.9,5006.7,5006.7,5020.3,False,,5006.7,SL,-5.2,-51.95,5
2026-03-16 11:10:00,2026-03-16 11:21:00,2026-03-16 11:25:00,BOS,short,5005.9,5008.9,5008.9,5001.1,False,,5008.9,SL,-3.0,-29.8,4
2026-03-16 13:15:00,2026-03-16 13:26:00,2026-03-16 13:30:00,BOS,short,5016.9,5020.2,5020.2,5011.5,False,,5011.5,TP,5.4,53.77,4
2026-03-16 14:05:00,2026-03-16 14:47:00,2026-03-16 14:48:00,BOS,long,5020.4,5016.9,5016.9,5026.0,False,,5016.9,SL,-3.5,-34.76,1
2026-03-16 16:10:00,2026-03-16 16:22:00,2026-03-16 16:23:00,BOS,short,4999.1,5003.3,5003.3,4992.2,False,,5003.3,SL,-4.2,-42.4,1
2026-03-16 16:20:00,2026-03-16 16:33:00,2026-03-16 16:39:00,MSS,long,4997.7,4991.5,4991.5,5007.6,False,,4991.5,SL,-6.2,-61.5,6
2026-03-16 16:40:00,2026-03-16 16:53:00,2026-03-16 17:01:00,MSS,short,5000.4,5007.9,5007.9,4988.2,False,,4988.2,TP,12.2,121.75,8
2026-03-16 17:25:00,2026-03-16 17:39:00,2026-03-16 17:45:00,MSS,long,4987.6,4983.5,4983.5,4994.2,False,,4983.5,SL,-4.1,-40.87,6
2026-03-16 19:45:00,2026-03-16 20:20:00,2026-03-16 20:28:00,MSS,short,5021.5,5025.2,5025.2,5015.5,False,,5025.2,SL,-3.7,-37.05,8
2026-03-16 20:45:00,2026-03-16 21:11:00,2026-03-16 21:15:00,MSS,short,5027.2,5030.6,5030.6,5021.8,False,,5030.6,SL,-3.4,-33.62,4
2026-03-16 21:30:00,2026-03-16 22:22:00,2026-03-16 22:27:00,BOS,long,5028.5,5024.0,5024.0,5035.8,False,,5024.0,SL,-4.5,-45.08,5
2026-03-16 23:15:00,2026-03-16 23:25:00,2026-03-16 23:28:00,MSS,long,5000.6,4994.8,4994.8,5009.9,False,,4994.8,SL,-5.8,-57.68,3
2026-03-17 00:25:00,2026-03-17 00:50:00,2026-03-17 01:10:00,MSS,short,4996.0,5004.2,5004.2,4982.7,False,,5004.2,SL,-8.2,-82.13,20
2026-03-17 07:20:00,2026-03-17 08:09:00,2026-03-17 08:16:00,MSS,long,5008.8,5005.5,5005.5,5014.2,False,,5014.2,TP,5.4,53.77,7
2026-03-17 08:45:00,2026-03-17 08:54:00,2026-03-17 09:00:00,BOS,short,5008.7,5011.6,5011.6,5004.0,False,,5004.0,TP,4.7,46.97,6
2026-03-17 10:40:00,2026-03-17 10:49:00,2026-03-17 10:50:00,BOS,long,5028.7,5025.8,5025.8,5033.5,False,,5025.8,SL,-2.9,-29.41,1
2026-03-17 16:15:00,2026-03-17 16:24:00,2026-03-17 16:35:00,BOS,long,5025.5,5022.6,5022.6,5030.1,False,,5022.6,SL,-2.9,-28.65,11
2026-03-17 17:55:00,2026-03-17 18:01:00,2026-03-17 18:02:00,BOS,short,5017.9,5020.2,5020.2,5014.1,False,,5020.2,SL,-2.3,-23.3,1
2026-03-17 19:55:00,2026-03-17 20:08:00,2026-03-17 20:15:00,MSS,short,5012.2,5015.9,5015.9,5006.1,False,,5015.9,SL,-3.7,-37.44,7
2026-03-17 21:30:00,2026-03-17 21:51:00,2026-03-17 21:53:00,BOS,long,5021.8,5015.3,5015.3,5032.4,False,,5015.3,SL,-6.5,-65.32,2
2026-03-17 22:20:00,2026-03-17 22:47:00,2026-03-17 22:54:00,MSS,short,5021.4,5026.3,5026.3,5013.5,False,,5013.5,TP,7.9,79.1,7
2026-03-18 00:45:00,2026-03-18 00:56:00,2026-03-18 01:02:00,MSS,short,5007.6,5010.4,5010.4,5003.0,False,,5010.4,SL,-2.8,-28.27,6
2026-03-18 01:00:00,2026-03-18 01:40:00,2026-03-18 01:45:00,MSS,long,5005.5,5001.8,5001.8,5011.6,False,,5001.8,SL,-3.7,-37.44,5
2026-03-18 02:25:00,2026-03-18 02:47:00,2026-03-18 02:56:00,MSS,short,5011.5,5013.6,5013.6,5008.2,False,,5008.2,TP,3.3,33.37,9
2026-03-18 03:15:00,2026-03-18 03:42:00,2026-03-18 03:48:00,BOS,short,5007.4,5009.5,5009.5,5003.9,False,,5003.9,TP,3.5,34.61,6
2026-03-18 04:50:00,2026-03-18 04:58:00,2026-03-18 04:58:00,MSS,short,5008.6,5010.2,5010.2,5006.1,False,,5010.2,SL,-1.6,-15.66,0
2026-03-18 04:55:00,2026-03-18 06:01:00,2026-03-18 06:03:00,MSS,long,5008.7,5006.1,5006.1,5012.8,False,,5006.1,SL,-2.6,-25.59,2
2026-03-18 06:40:00,2026-03-18 06:48:00,2026-03-18 06:50:00,BOS,short,5003.8,5006.9,5006.9,4998.7,False,,5006.9,SL,-3.1,-31.32,2
2026-03-18 07:30:00,2026-03-18 07:40:00,2026-03-18 08:03:00,MSS,long,5004.7,5002.6,5002.6,5008.1,False,,5008.1,TP,3.4,33.99,23
2026-03-18 08:00:00,2026-03-18 08:27:00,2026-03-18 08:30:00,BOS,long,5007.3,5004.7,5004.7,5011.6,False,,5004.7,SL,-2.6,-26.36,3
2026-03-18 09:00:00,2026-03-18 09:35:00,2026-03-18 09:36:00,BOS,long,5009.6,5007.2,5007.2,5013.5,False,,5007.2,SL,-2.4,-24.07,1
2026-03-18 10:15:00,2026-03-18 10:53:00,2026-03-18 10:54:00,BOS,long,5002.7,4999.7,4999.7,5007.5,False,,4999.7,SL,-3.0,-29.8,1
2026-03-18 12:55:00,2026-03-18 13:04:00,2026-03-18 13:05:00,MSS,long,4987.8,4986.1,4986.1,4990.5,False,,4990.5,TP,2.7,27.19,1
2026-03-18 13:20:00,2026-03-18 13:32:00,2026-03-18 13:34:00,BOS,long,4991.7,4988.8,4988.8,4996.3,False,,4996.3,TP,4.6,46.35,2
2026-03-18 14:30:00,2026-03-18 14:53:00,2026-03-18 15:05:00,BOS,long,5013.2,5010.5,5010.5,5017.5,False,,5017.5,TP,4.3,43.26,12
2026-03-18 16:20:00,2026-03-18 16:33:00,2026-03-18 16:45:00,BOS,short,4995.0,4999.7,4999.7,4987.5,False,,4987.5,TP,7.5,75.4,12
2026-03-18 17:45:00,2026-03-18 17:50:00,2026-03-18 17:57:00,MSS,short,4998.3,4999.9,4999.9,4995.7,False,,4995.7,TP,2.6,25.96,7
2026-03-18 18:25:00,2026-03-18 18:30:00,2026-03-18 18:33:00,BOS,short,4991.8,4995.8,4995.8,4985.2,False,,4985.2,TP,6.6,65.51,3
2026-03-18 20:45:00,2026-03-18 20:52:00,2026-03-18 20:53:00,BOS,short,4886.9,4893.7,4893.7,4875.9,False,,4893.7,SL,-6.8,-68.0,1
2026-03-18 22:05:00,2026-03-18 22:18:00,2026-03-18 22:26:00,BOS,long,4877.1,4863.8,4863.8,4898.7,False,,4863.8,SL,-13.3,-133.32,8
2026-03-19 01:20:00,2026-03-19 01:30:00,2026-03-19 01:35:00,BOS,long,4893.2,4888.0,4888.0,4901.7,False,,4901.7,TP,8.5,84.67,5
2026-03-19 01:35:00,2026-03-19 01:42:00,2026-03-19 02:00:00,BOS,long,4896.4,4891.7,4891.7,4904.0,False,,4891.7,SL,-4.7,-46.99,18
2026-03-19 02:30:00,2026-03-19 02:36:00,2026-03-19 02:46:00,BOS,short,4887.6,4894.4,4894.4,4876.6,False,,4876.6,TP,11.0,110.0,10
2026-03-19 03:15:00,2026-03-19 03:21:00,2026-03-19 03:23:00,MSS,long,4859.1,4853.0,4853.0,4868.9,False,,4853.0,SL,-6.1,-60.74,2
2026-03-19 03:20:00,2026-03-19 03:34:00,2026-03-19 03:47:00,MSS,short,4860.9,4868.9,4868.9,4848.0,False,,4848.0,TP,12.9,129.16,13
2026-03-19 04:25:00,2026-03-19 04:41:00,2026-03-19 06:00:00,BOS,short,4824.0,4831.7,4831.7,4811.6,False,,4831.7,SL,-7.7,-76.78,19
2026-03-19 07:25:00,2026-03-19 07:45:00,2026-03-19 08:00:00,BOS,long,4835.3,4830.3,4830.3,4843.3,False,,4843.3,TP,8.0,80.34,15
2026-03-19 08:00:00,2026-03-19 08:11:00,2026-03-19 08:35:00,BOS,long,4838.6,4832.2,4832.2,4849.0,False,,4849.0,TP,10.4,103.82,24
2026-03-19 09:10:00,2026-03-19 09:30:00,2026-03-19 09:35:00,MSS,short,4847.6,4854.9,4854.9,4835.9,False,,4854.9,SL,-7.3,-72.58,5
2026-03-19 09:55:00,2026-03-19 10:36:00,2026-03-19 12:00:00,MSS,short,4861.7,4868.5,4868.5,4850.7,False,,4850.7,TP,11.0,110.0,84
2026-03-19 12:45:00,2026-03-19 12:54:00,2026-03-19 13:04:00,BOS,short,4851.3,4854.2,4854.2,4846.5,False,,4854.2,SL,-2.9,-29.41,10
2026-03-19 13:00:00,2026-03-19 13:11:00,2026-03-19 13:15:00,MSS,long,4849.6,4846.5,4846.5,4854.7,False,,4854.7,TP,5.1,50.68,4
2026-03-19 13:55:00,2026-03-19 14:01:00,2026-03-19 14:01:00,BOS,short,4836.7,4841.8,4841.8,4828.4,False,,4841.8,SL,-5.1,-51.19,0
2026-03-19 16:40:00,2026-03-19 16:48:00,2026-03-19 18:20:00,BOS,short,4719.1,4738.5,4738.5,4687.8,False,,4687.8,TP,31.3,313.33,92
2026-03-19 21:30:00,2026-03-19 21:35:00,2026-03-19 21:37:00,MSS,long,4567.1,4555.6,4555.6,4585.7,False,,4555.6,SL,-11.5,-114.98,2
2026-03-19 22:50:00,2026-03-19 22:56:00,2026-03-19 22:59:00,BOS,long,4614.4,4604.5,4604.5,4630.4,False,,4604.5,SL,-9.9,-98.94,3
2026-03-19 22:55:00,2026-03-19 23:05:00,2026-03-19 23:05:00,MSS,short,4618.8,4630.4,4630.4,4600.0,False,,4630.4,SL,-11.6,-116.13,0
2026-03-19 23:15:00,2026-03-20 00:08:00,2026-03-20 00:11:00,BOS,short,4628.1,4641.8,4641.8,4605.9,False,,4605.9,TP,22.2,221.86,3
2026-03-20 01:05:00,2026-03-20 01:18:00,2026-03-20 01:19:00,BOS,short,4590.2,4597.4,4597.4,4578.6,False,,4597.4,SL,-7.2,-71.82,1
2026-03-20 01:50:00,2026-03-20 02:02:00,2026-03-20 02:35:00,BOS,long,4614.6,4602.8,4602.8,4633.6,False,,4602.8,SL,-11.8,-117.66,33
2026-03-20 04:20:00,2026-03-20 04:32:00,2026-03-20 04:51:00,BOS,long,4657.5,4653.3,4653.3,4664.4,False,,4664.4,TP,6.9,68.6,19
2026-03-20 04:55:00,2026-03-20 06:00:00,2026-03-20 06:03:00,MSS,short,4659.5,4664.7,4664.7,4651.0,False,,4664.7,SL,-5.2,-52.33,3
2026-03-20 06:05:00,2026-03-20 06:34:00,2026-03-20 06:43:00,MSS,long,4657.9,4651.0,4651.0,4669.0,False,,4651.0,SL,-6.9,-68.76,9
2026-03-20 07:30:00,2026-03-20 07:48:00,2026-03-20 08:01:00,BOS,short,4645.7,4649.3,4649.3,4640.0,False,,4649.3,SL,-3.6,-35.53,13
2026-03-20 08:00:00,2026-03-20 08:23:00,2026-03-20 08:40:00,MSS,long,4648.0,4643.5,4643.5,4655.4,False,,4655.4,TP,7.4,73.54,17
2026-03-20 09:00:00,2026-03-20 09:12:00,2026-03-20 09:32:00,BOS,long,4656.7,4648.0,4648.0,4670.7,False,,4670.7,TP,14.0,140.29,20
2026-03-20 12:05:00,2026-03-20 12:27:00,2026-03-20 12:45:00,BOS,short,4724.6,4728.7,4728.7,4718.0,False,,4718.0,TP,6.6,66.13,18
2026-03-20 12:45:00,2026-03-20 12:53:00,2026-03-20 13:02:00,MSS,short,4722.6,4727.0,4727.0,4715.4,False,,4715.4,TP,7.2,71.69,9
2026-03-20 13:00:00,2026-03-20 13:14:00,2026-03-20 13:16:00,BOS,short,4718.4,4723.0,4723.0,4711.0,False,,4723.0,SL,-4.6,-45.84,2
2026-03-20 13:30:00,2026-03-20 13:40:00,2026-03-20 13:47:00,BOS,short,4715.9,4724.2,4724.2,4702.5,False,,4702.5,TP,13.4,134.11,7
2026-03-20 14:35:00,2026-03-20 15:22:00,2026-03-20 15:41:00,BOS,short,4686.0,4697.0,4697.0,4668.3,False,,4697.0,SL,-11.0,-109.63,19
2026-03-20 18:00:00,2026-03-20 18:06:00,2026-03-20 18:10:00,BOS,short,4668.4,4678.4,4678.4,4652.3,False,,4652.3,TP,16.1,161.3,4
2026-03-20 18:35:00,2026-03-20 18:43:00,2026-03-20 18:51:00,MSS,long,4657.6,4649.7,4649.7,4670.4,False,,4649.7,SL,-7.9,-79.07,8
2026-03-20 18:55:00,2026-03-20 19:03:00,2026-03-20 19:20:00,MSS,short,4658.4,4670.4,4670.4,4639.1,False,,4670.4,SL,-12.0,-119.57,17
2026-03-20 21:30:00,2026-03-20 21:36:00,2026-03-20 21:51:00,BOS,short,4659.8,4670.8,4670.8,4642.0,False,,4642.0,TP,17.8,177.98,15
2026-03-20 22:45:00,2026-03-20 23:02:00,2026-03-20 23:08:00,BOS,short,4577.4,4586.0,4586.0,4563.6,False,,4563.6,TP,13.8,138.43,6
2026-03-21 01:00:00,2026-03-21 01:05:00,2026-03-21 01:07:00,BOS,long,4578.2,4568.3,4568.3,4594.3,False,,4594.3,TP,16.1,160.68,2
2026-03-21 03:40:00,2026-03-21 03:56:00,2026-03-21 04:59:00,MSS,long,4503.3,4493.9,4493.9,4518.6,False,,4493.9,SL,-9.4,-94.35,63
2026-03-23 07:30:00,2026-03-23 07:45:00,2026-03-23 07:48:00,MSS,short,4492.7,4500.3,4500.3,4480.4,False,,4480.4,TP,12.3,122.98,3
2026-03-23 09:35:00,2026-03-23 09:43:00,2026-03-23 09:48:00,BOS,long,4432.9,4421.7,4421.7,4450.9,False,,4421.7,SL,-11.2,-111.54,5
2026-03-23 11:35:00,2026-03-23 11:51:00,2026-03-23 12:00:00,BOS,short,4359.3,4367.1,4367.1,4346.6,False,,4367.1,SL,-7.8,-78.31,9
2026-03-23 12:35:00,2026-03-23 12:48:00,2026-03-23 12:52:00,BOS,long,4371.1,4362.5,4362.5,4385.0,False,,4362.5,SL,-8.6,-85.95,4
2026-03-23 12:50:00,2026-03-23 13:00:00,2026-03-23 13:30:00,MSS,short,4372.8,4385.0,4385.0,4353.0,False,,4353.0,TP,19.8,197.76,30
2026-03-23 15:05:00,2026-03-23 15:38:00,2026-03-23 16:06:00,BOS,short,4196.3,4235.3,4235.3,4133.1,False,,4235.3,SL,-39.0,-390.4,28
2026-03-23 16:30:00,2026-03-23 16:50:00,2026-03-23 17:10:00,BOS,long,4232.6,4212.2,4212.2,4265.5,False,,4265.5,TP,32.9,329.39,20
2026-03-23 17:15:00,2026-03-23 17:39:00,2026-03-23 19:02:00,BOS,long,4247.7,4219.7,4219.7,4293.1,False,,4293.1,TP,45.4,453.61,83
2026-03-23 19:55:00,2026-03-23 20:19:00,2026-03-23 20:41:00,MSS,short,4398.2,4419.8,4419.8,4363.2,False,,4419.8,SL,-21.6,-216.21,22
2026-03-23 21:15:00,2026-03-23 21:41:00,2026-03-23 21:44:00,MSS,short,4448.2,4462.5,4462.5,4425.1,False,,4425.1,TP,23.1,231.13,3
2026-03-23 22:15:00,2026-03-23 22:45:00,2026-03-23 23:16:00,BOS,long,4471.8,4455.3,4455.3,4498.6,False,,4455.3,SL,-16.5,-165.41,31
2026-03-24 01:30:00,2026-03-24 01:49:00,2026-03-24 02:30:00,BOS,long,4407.1,4390.6,4390.6,4433.7,False,,4433.7,TP,26.6,266.36,41
2026-03-24 02:30:00,2026-03-24 03:11:00,2026-03-24 03:13:00,MSS,long,4425.0,4411.3,4411.3,4447.2,False,,4411.3,SL,-13.7,-137.14,2
2026-03-24 03:40:00,2026-03-24 03:57:00,2026-03-24 04:00:00,MSS,long,4403.5,4393.9,4393.9,4419.1,False,,4393.9,SL,-9.6,-96.26,3
2026-03-24 04:40:00,2026-03-24 06:03:00,2026-03-24 06:04:00,MSS,long,4404.5,4398.5,4398.5,4414.2,False,,4398.5,SL,-6.0,-59.97,1
2026-03-24 06:00:00,2026-03-24 06:13:00,2026-03-24 06:29:00,MSS,short,4403.7,4416.5,4416.5,4383.0,False,,4416.5,SL,-12.8,-127.97,16
2026-03-24 07:35:00,2026-03-24 07:48:00,2026-03-24 08:04:00,MSS,short,4442.4,4450.7,4450.7,4429.1,False,,4429.1,TP,13.3,133.49,16
2026-03-24 09:40:00,2026-03-24 10:29:00,2026-03-24 10:34:00,BOS,short,4351.9,4370.3,4370.3,4322.2,False,,4370.3,SL,-18.4,-183.74,5
2026-03-24 12:15:00,2026-03-24 12:41:00,2026-03-24 13:03:00,BOS,short,4347.3,4357.8,4357.8,4330.2,False,,4330.2,TP,17.1,170.57,22
2026-03-24 13:05:00,2026-03-24 13:12:00,2026-03-24 13:40:00,MSS,short,4338.6,4350.2,4350.2,4319.9,False,,4350.2,SL,-11.6,-115.75,28
2026-03-24 14:40:00,2026-03-24 14:54:00,2026-03-24 14:56:00,MSS,short,4390.8,4399.6,4399.6,4376.5,False,,4399.6,SL,-8.8,-88.24,2
2026-03-24 16:20:00,2026-03-24 16:53:00,2026-03-24 17:56:00,MSS,short,4413.0,4423.5,4423.5,4395.9,False,,4423.5,SL,-10.5,-105.43,63
2026-03-24 17:55:00,2026-03-24 18:02:00,2026-03-24 18:10:00,BOS,long,4420.7,4413.5,4413.5,4432.4,False,,4432.4,TP,11.7,116.8,8
2026-03-24 18:50:00,2026-03-24 19:01:00,2026-03-24 19:01:00,BOS,long,4424.9,4419.6,4419.6,4433.6,False,,4419.6,SL,-5.3,-53.48,0
2026-03-24 19:00:00,2026-03-24 19:07:00,2026-03-24 20:37:00,MSS,short,4416.5,4442.9,4442.9,4373.7,False,,4373.7,TP,42.8,427.66,90
2026-03-24 21:25:00,2026-03-24 21:53:00,2026-03-24 22:00:00,BOS,short,4373.9,4385.0,4385.0,4356.0,False,,4385.0,SL,-11.1,-110.78,7
2026-03-24 22:50:00,2026-03-24 22:55:00,2026-03-24 23:09:00,BOS,long,4415.3,4403.3,4403.3,4434.7,False,,4403.3,SL,-12.0,-119.95,14
2026-03-24 23:05:00,2026-03-24 23:14:00,2026-03-24 23:36:00,MSS,short,4413.9,4421.6,4421.6,4401.5,False,,4421.6,SL,-7.7,-76.78,22
2026-03-24 23:35:00,2026-03-24 23:55:00,2026-03-24 23:56:00,MSS,long,4417.5,4410.5,4410.5,4428.7,False,,4410.5,SL,-7.0,-69.52,1
2026-03-25 00:00:00,2026-03-25 00:18:00,2026-03-25 01:05:00,MSS,short,4421.7,4431.7,4431.7,4405.4,False,,4405.4,TP,16.3,162.53,47
2026-03-25 02:55:00,2026-03-25 03:01:00,2026-03-25 03:09:00,MSS,short,4396.2,4403.6,4403.6,4384.3,False,,4403.6,SL,-7.4,-73.73,8
2026-03-25 03:35:00,2026-03-25 04:19:00,2026-03-25 04:20:00,MSS,short,4406.3,4412.0,4412.0,4397.1,False,,4412.0,SL,-5.7,-56.92,1
2026-03-25 06:25:00,2026-03-25 06:47:00,2026-03-25 07:00:00,MSS,short,4481.1,4487.9,4487.9,4470.2,False,,4487.9,SL,-6.8,-67.61,13
2026-03-25 09:45:00,2026-03-25 10:00:00,2026-03-25 10:09:00,BOS,long,4587.6,4582.4,4582.4,4595.9,False,,4582.4,SL,-5.2,-51.57,9
2026-03-25 10:05:00,2026-03-25 10:37:00,2026-03-25 10:46:00,MSS,short,4592.0,4600.3,4600.3,4578.7,False,,4600.3,SL,-8.3,-82.51,9
2026-03-25 11:40:00,2026-03-25 12:05:00,2026-03-25 12:07:00,BOS,short,4573.2,4576.4,4576.4,4568.0,False,,4568.0,TP,5.2,51.91,2
2026-03-25 14:05:00,2026-03-25 14:33:00,2026-03-25 15:57:00,BOS,short,4555.5,4566.2,4566.2,4538.3,False,,4538.3,TP,17.2,172.42,84
2026-03-25 17:40:00,2026-03-25 18:01:00,2026-03-25 19:05:00,MSS,short,4558.3,4565.0,4565.0,4547.5,False,,4565.0,SL,-6.7,-66.85,64
2026-03-25 19:20:00,2026-03-25 20:16:00,2026-03-25 20:20:00,BOS,long,4568.5,4560.5,4560.5,4581.4,False,,4560.5,SL,-8.0,-79.84,4
2026-03-25 21:00:00,2026-03-25 21:50:00,2026-03-25 22:00:00,MSS,long,4547.9,4534.4,4534.4,4569.8,False,,4534.4,SL,-13.5,-135.23,10
2026-03-25 22:25:00,2026-03-25 23:09:00,2026-03-25 23:16:00,BOS,long,4550.9,4544.4,4544.4,4561.4,False,,4544.4,SL,-6.5,-64.94,7
2026-03-25 23:15:00,2026-03-25 23:23:00,2026-03-26 03:08:00,MSS,short,4556.7,4577.8,4577.8,4522.5,False,,4522.5,TP,34.2,341.75,225
2026-03-26 03:40:00,2026-03-26 03:49:00,2026-03-26 03:57:00,MSS,long,4511.7,4503.6,4503.6,4524.9,False,,4524.9,TP,13.2,131.63,8
2026-03-26 06:00:00,2026-03-26 06:08:00,2026-03-26 06:39:00,MSS,long,4507.9,4499.2,4499.2,4521.9,False,,4521.9,TP,14.0,140.29,31
2026-03-26 07:35:00,2026-03-26 08:00:00,2026-03-26 08:02:00,BOS,short,4499.9,4508.3,4508.3,4486.3,False,,4508.3,SL,-8.4,-84.04,2
2026-03-26 08:45:00,2026-03-26 08:54:00,2026-03-26 09:00:00,BOS,long,4526.5,4521.5,4521.5,4534.7,False,,4534.7,TP,8.2,81.58,6
2026-03-26 09:45:00,2026-03-26 09:52:00,2026-03-26 10:34:00,MSS,short,4527.8,4533.0,4533.0,4519.4,False,,4519.4,TP,8.4,84.05,42
2026-03-26 12:25:00,2026-03-26 12:37:00,2026-03-26 12:48:00,BOS,long,4514.9,4512.5,4512.5,4518.8,False,,4518.8,TP,3.9,38.93,11
2026-03-26 18:35:00,2026-03-26 18:50:00,2026-03-26 19:01:00,MSS,short,4438.1,4445.4,4445.4,4426.3,False,,4445.4,SL,-7.3,-72.96,11
2026-03-26 19:00:00,2026-03-26 19:47:00,2026-03-26 19:50:00,MSS,long,4429.7,4419.9,4419.9,4445.6,False,,4419.9,SL,-9.8,-98.17,3
2026-03-26 20:35:00,2026-03-26 20:44:00,2026-03-26 20:55:00,BOS,long,4434.4,4429.4,4429.4,4442.4,False,,4429.4,SL,-5.0,-49.66,11
2026-03-26 20:55:00,2026-03-26 21:04:00,2026-03-26 21:12:00,MSS,short,4436.0,4442.6,4442.6,4425.4,False,,4442.6,SL,-6.6,-65.7,8
2026-03-26 21:20:00,2026-03-26 21:31:00,2026-03-26 21:36:00,MSS,long,4439.2,4431.7,4431.7,4451.3,False,,4431.7,SL,-7.5,-74.87,5
2026-03-26 21:35:00,2026-03-26 21:44:00,2026-03-26 21:45:00,MSS,short,4443.5,4451.3,4451.3,4430.9,False,,4451.3,SL,-7.8,-77.93,1
2026-03-26 22:30:00,2026-03-26 22:42:00,2026-03-26 22:54:00,MSS,long,4457.6,4448.0,4448.0,4473.1,False,,4448.0,SL,-9.6,-95.88,12
2026-03-26 22:50:00,2026-03-26 23:00:00,2026-03-26 23:30:00,MSS,short,4464.9,4477.0,4477.0,4445.3,False,,4445.3,TP,19.6,195.91,30
2026-03-27 01:05:00,2026-03-27 01:11:00,2026-03-27 01:23:00,MSS,long,4387.5,4380.7,4380.7,4398.5,False,,4380.7,SL,-6.8,-68.0,12
2026-03-27 01:25:00,2026-03-27 01:38:00,2026-03-27 02:20:00,MSS,short,4385.3,4393.1,4393.1,4372.6,False,,4372.6,TP,12.7,126.69,42
2026-03-27 02:20:00,2026-03-27 02:34:00,2026-03-27 02:40:00,BOS,short,4378.6,4387.7,4387.7,4364.0,False,,4387.7,SL,-9.1,-90.53,6
2026-03-27 03:25:00,2026-03-27 03:36:00,2026-03-27 03:45:00,BOS,short,4383.2,4388.6,4388.6,4374.4,False,,4374.4,TP,8.8,87.76,9
2026-03-27 03:50:00,2026-03-27 04:11:00,2026-03-27 04:12:00,BOS,short,4375.3,4384.8,4384.8,4360.0,False,,4384.8,SL,-9.5,-94.74,1
2026-03-27 04:35:00,2026-03-27 04:52:00,2026-03-27 10:01:00,BOS,long,4374.6,4348.4,4348.4,4416.9,False,,4416.9,TP,42.3,423.33,249
2026-03-27 11:00:00,2026-03-27 11:29:00,2026-03-27 11:39:00,MSS,short,4429.4,4435.4,4435.4,4419.6,False,,4435.4,SL,-6.0,-60.36,10
2026-03-27 14:35:00,2026-03-27 14:46:00,2026-03-27 14:47:00,BOS,long,4458.0,4455.1,4455.1,4462.8,False,,4455.1,SL,-2.9,-29.41,1
2026-03-27 15:25:00,2026-03-27 15:36:00,2026-03-27 15:41:00,BOS,short,4448.9,4451.6,4451.6,4444.5,False,,4444.5,TP,4.4,43.88,5
2026-03-27 15:40:00,2026-03-27 15:47:00,2026-03-27 15:52:00,BOS,short,4446.6,4450.3,4450.3,4440.7,False,,4440.7,TP,5.9,59.33,5
2026-03-27 15:50:00,2026-03-27 16:01:00,2026-03-27 16:17:00,BOS,short,4443.5,4447.4,4447.4,4437.3,False,,4437.3,TP,6.2,62.42,16
2026-03-27 16:55:00,2026-03-27 17:19:00,2026-03-27 18:22:00,BOS,short,4429.1,4435.1,4435.1,4419.3,False,,4419.3,TP,9.8,97.64,63
2026-03-27 19:00:00,2026-03-27 19:15:00,2026-03-27 19:19:00,BOS,short,4410.0,4413.9,4413.9,4403.6,False,,4403.6,TP,6.4,63.65,4
2026-03-27 19:50:00,2026-03-27 19:57:00,2026-03-27 20:08:00,BOS,long,4413.0,4408.4,4408.4,4420.4,False,,4408.4,SL,-4.6,-45.84,11
2026-03-27 20:05:00,2026-03-27 20:11:00,2026-03-27 20:13:00,MSS,short,4415.8,4420.8,4420.8,4407.6,False,,4420.8,SL,-5.0,-50.42,2
2026-03-27 20:15:00,2026-03-27 20:20:00,2026-03-27 20:38:00,MSS,long,4415.7,4407.6,4407.6,4428.8,False,,4428.8,TP,13.1,131.02,18
2026-03-27 21:00:00,2026-03-27 21:19:00,2026-03-27 21:23:00,MSS,short,4434.1,4439.3,4439.3,4425.6,False,,4425.6,TP,8.5,84.67,4
2026-03-27 21:25:00,2026-03-27 21:45:00,2026-03-27 21:48:00,BOS,short,4427.5,4436.4,4436.4,4413.0,False,,4436.4,SL,-8.9,-89.39,3
2026-03-27 22:15:00,2026-03-27 22:26:00,2026-03-27 22:46:00,BOS,long,4450.1,4440.4,4440.4,4465.9,False,,4465.9,TP,15.8,157.59,20
2026-03-27 23:55:00,2026-03-28 00:04:00,2026-03-28 00:31:00,MSS,short,4527.9,4533.8,4533.8,4518.4,False,,4518.4,TP,9.5,95.17,27
2026-03-28 03:00:00,2026-03-28 03:19:00,2026-03-28 03:40:00,MSS,short,4518.1,4526.2,4526.2,4505.0,False,,4505.0,TP,13.1,131.02,21
2026-03-30 07:05:00,2026-03-30 07:19:00,2026-03-30 07:32:00,BOS,short,4477.4,4487.3,4487.3,4461.4,False,,4461.4,TP,16.0,160.06,12
2026-03-30 08:20:00,2026-03-30 08:54:00,2026-03-30 09:21:00,MSS,long,4431.2,4414.0,4414.0,4459.0,False,,4460.6,TP,29.4,294.1,24
2026-03-30 09:25:00,2026-03-30 09:34:00,2026-03-30 09:34:00,MSS,short,4456.4,4462.4,4462.4,4446.6,False,,4462.4,SL,-6.0,-60.36,0
2026-03-30 10:20:00,2026-03-30 10:25:00,2026-03-30 10:30:00,MSS,short,4468.2,4471.0,4471.0,4463.6,False,,4471.3,SL,-3.1,-31.27,2
2026-03-30 21:20:00,2026-03-30 21:31:00,2026-03-30 21:34:00,MSS,short,4569.5,4575.0,4575.0,4560.5,False,,4560.5,TP,9.0,89.61,3
2026-03-31 00:25:00,2026-03-31 00:40:00,2026-03-31 00:42:00,BOS,short,4541.5,4545.1,4545.1,4535.6,False,,4545.9,SL,-4.4,-44.29,1
2026-03-31 00:40:00,2026-03-31 01:01:00,2026-03-31 01:16:00,MSS,long,4537.0,4531.3,4531.3,4546.2,False,,4520.3,SL,-16.7,-166.92,1
2026-04-07 19:30:00,2026-04-07 22:02:00,2026-04-07 22:06:00,MSS,long,4628.8,4616.5,4616.5,4648.8,False,,4616.5,SL,-12.3,-123.39,1
2026-04-29 08:50:00,2026-04-29 08:57:00,2026-04-29 09:00:00,BOS,short,4615.2,4618.7,4618.7,4609.5,False,,4609.5,TP,5.7,56.86,3
2026-04-29 09:40:00,2026-04-29 09:48:00,2026-04-29 10:01:00,MSS,long,4597.3,4592.4,4592.4,4605.3,False,,4605.3,TP,8.0,79.72,13
2026-04-29 10:35:00,2026-04-29 10:48:00,2026-04-29 10:52:00,MSS,short,4614.0,4616.9,4616.9,4609.2,False,,4609.2,TP,4.8,47.59,4
2026-04-29 10:50:00,2026-04-29 11:05:00,2026-04-29 11:13:00,BOS,short,4611.5,4614.8,4614.8,4606.2,False,,4614.8,SL,-3.3,-32.85,8
2026-04-29 11:10:00,2026-04-29 11:33:00,2026-04-29 12:14:00,MSS,long,4609.6,4605.4,4605.4,4616.4,False,,4616.4,TP,6.8,67.98,41
2026-04-29 13:30:00,2026-04-29 13:51:00,2026-04-29 13:56:00,BOS,short,4616.3,4621.3,4621.3,4608.2,False,,4608.2,TP,8.1,80.96,5
2026-04-29 13:55:00,2026-04-29 14:01:00,2026-04-29 14:11:00,BOS,short,4612.0,4616.9,4616.9,4604.2,False,,4604.2,TP,7.8,78.49,10
2026-04-29 15:00:00,2026-04-29 15:06:00,2026-04-29 15:09:00,MSS,long,4598.1,4594.9,4594.9,4603.3,False,,4594.9,SL,-3.2,-32.09,3
2026-04-29 16:10:00,2026-04-29 16:19:00,2026-04-29 16:33:00,BOS,short,4583.3,4586.8,4586.8,4577.6,False,,4577.6,TP,5.7,56.86,14
2026-04-29 16:30:00,2026-04-29 16:44:00,2026-04-29 16:46:00,BOS,short,4581.2,4584.9,4584.9,4575.1,False,,4584.9,SL,-3.7,-37.44,2
2026-04-29 17:15:00,2026-04-29 17:22:00,2026-04-29 17:25:00,BOS,long,4588.0,4584.5,4584.5,4593.6,False,,4584.5,SL,-3.5,-34.76,3
2026-04-29 17:40:00,2026-04-29 18:09:00,2026-04-29 18:15:00,BOS,short,4578.6,4582.8,4582.8,4571.9,False,,4582.8,SL,-4.2,-41.64,6
2026-04-29 18:15:00,2026-04-29 19:53:00,2026-04-29 20:34:00,MSS,long,4572.7,4564.1,4564.1,4586.5,False,,4564.1,SL,-8.6,-85.57,41
2026-04-29 22:30:00,2026-04-29 22:46:00,2026-04-29 23:00:00,BOS,long,4547.6,4543.2,4543.2,4554.7,False,,4554.7,TP,7.1,71.07,14
2026-04-29 23:35:00,2026-04-29 23:53:00,2026-04-30 00:01:00,BOS,long,4557.7,4552.7,4552.7,4565.8,False,,4565.8,TP,8.1,80.96,8
2026-04-30 00:00:00,2026-04-30 00:34:00,2026-04-30 02:00:00,BOS,long,4563.5,4554.8,4554.8,4577.5,False,,4554.8,SL,-8.7,-86.71,86
2026-04-30 02:00:00,2026-04-30 02:05:00,2026-04-30 02:09:00,BOS,short,4555.7,4561.8,4561.8,4545.9,False,,4545.9,TP,9.8,98.26,4
2026-04-30 02:30:00,2026-04-30 02:36:00,2026-04-30 02:36:00,BOS,short,4546.6,4554.0,4554.0,4534.5,False,,4554.0,SL,-7.4,-74.49,0
2026-04-30 03:10:00,2026-04-30 03:33:00,2026-04-30 03:51:00,MSS,long,4553.5,4547.3,4547.3,4563.4,False,,4563.4,TP,9.9,99.5,18
2026-04-30 04:05:00,2026-04-30 04:13:00,2026-04-30 04:16:00,BOS,long,4560.7,4556.5,4556.5,4567.5,False,,4556.5,SL,-4.2,-42.02,3
2026-04-30 04:45:00,2026-04-30 06:00:00,2026-04-30 06:00:00,MSS,short,4558.6,4560.5,4560.5,4555.5,False,,4555.5,TP,3.1,30.9,0
2026-04-30 06:00:00,2026-04-30 06:06:00,2026-04-30 06:09:00,BOS,short,4555.4,4558.1,4558.1,4551.0,False,,4558.1,SL,-2.7,-27.12,3
2026-04-30 07:00:00,2026-04-30 07:05:00,2026-04-30 07:15:00,BOS,long,4563.3,4561.5,4561.5,4566.1,False,,4566.1,TP,2.8,28.43,10
2026-04-30 08:40:00,2026-04-30 09:10:00,2026-04-30 09:12:00,BOS,long,4576.2,4574.3,4574.3,4579.2,False,,4579.2,TP,3.0,30.28,2
2026-04-30 09:25:00,2026-04-30 09:36:00,2026-04-30 09:54:00,BOS,long,4583.3,4577.5,4577.5,4592.8,False,,4592.8,TP,9.5,94.55,18
2026-04-30 09:50:00,2026-04-30 10:04:00,2026-04-30 10:24:00,BOS,long,4588.8,4585.4,4585.4,4594.4,False,,4585.4,SL,-3.4,-34.38,20
2026-04-30 17:05:00,2026-04-30 17:10:00,2026-04-30 17:15:00,BOS,long,4629.0,4627.1,4627.1,4632.2,False,,4632.2,TP,3.2,31.52,5
2026-04-30 17:25:00,2026-04-30 17:41:00,2026-04-30 18:00:00,BOS,long,4631.9,4627.5,4627.5,4639.0,False,,4639.0,TP,7.1,71.07,19
2026-04-30 19:00:00,2026-04-30 19:14:00,2026-04-30 19:23:00,BOS,long,4649.1,4645.3,4645.3,4655.3,False,,4655.3,TP,6.2,61.8,9
2026-04-30 20:00:00,2026-04-30 20:08:00,2026-04-30 20:15:00,MSS,long,4644.3,4641.0,4641.0,4649.7,False,,4649.7,TP,5.4,53.77,7
2026-04-30 20:30:00,2026-04-30 20:37:00,2026-04-30 20:58:00,MSS,short,4644.5,4650.5,4650.5,4634.9,False,,4650.5,SL,-6.0,-59.59,21
2026-04-30 22:35:00,2026-04-30 22:43:00,2026-05-01 00:02:00,BOS,short,4632.7,4638.9,4638.9,4622.8,False,,4622.8,TP,9.9,99.5,79
2026-05-01 00:15:00,2026-05-01 00:34:00,2026-05-01 00:50:00,BOS,short,4625.4,4630.1,4630.1,4617.8,False,,4630.1,SL,-4.7,-46.99,16
2026-05-01 00:55:00,2026-05-01 01:01:00,2026-05-01 01:05:00,BOS,short,4626.2,4630.8,4630.8,4618.7,False,,4630.8,SL,-4.6,-46.22,4
2026-05-01 02:00:00,2026-05-01 02:42:00,2026-05-01 02:54:00,MSS,long,4631.7,4628.0,4628.0,4637.7,False,,4637.7,TP,6.0,59.95,12
2026-05-01 03:00:00,2026-05-01 03:20:00,2026-05-01 03:20:00,BOS,long,4634.6,4631.6,4631.6,4639.5,False,,4631.6,SL,-3.0,-30.18,0
2026-05-01 03:25:00,2026-05-01 03:45:00,2026-05-01 03:50:00,MSS,short,4636.5,4640.8,4640.8,4629.5,False,,4629.5,TP,7.0,69.83,5
2026-05-01 06:30:00,2026-05-01 06:39:00,2026-05-01 06:40:00,MSS,short,4642.6,4644.0,4644.0,4640.4,False,,4644.0,SL,-1.4,-13.75,1
2026-05-01 06:40:00,2026-05-01 06:47:00,2026-05-01 07:30:00,MSS,long,4641.4,4639.2,4639.2,4645.0,False,,4645.0,TP,3.6,35.84,43
2026-05-01 07:30:00,2026-05-01 07:45:00,2026-05-01 07:57:00,BOS,long,4643.1,4641.1,4641.1,4646.4,False,,4641.1,SL,-2.0,-20.25,12
2026-05-01 07:55:00,2026-05-01 08:06:00,2026-05-01 08:08:00,MSS,short,4643.6,4646.8,4646.8,4638.3,False,,4638.3,TP,5.3,52.53,2
2026-05-01 08:10:00,2026-05-01 08:18:00,2026-05-01 08:36:00,BOS,short,4639.5,4643.6,4643.6,4632.8,False,,4632.8,TP,6.7,66.74,18
2026-05-01 09:00:00,2026-05-01 10:02:00,2026-05-01 10:09:00,BOS,short,4634.4,4637.9,4637.9,4628.7,False,,4637.9,SL,-3.5,-35.14,7
2026-05-01 10:35:00,2026-05-01 11:34:00,2026-05-01 11:35:00,MSS,short,4641.6,4643.1,4643.1,4639.3,False,,4643.1,SL,-1.5,-14.52,1
2026-05-01 12:00:00,2026-05-01 12:06:00,2026-05-01 12:07:00,BOS,short,4638.0,4639.8,4639.8,4635.0,False,,4635.0,TP,3.0,29.66,1
2026-05-01 13:00:00,2026-05-01 13:05:00,2026-05-01 13:06:00,BOS,short,4621.5,4623.2,4623.2,4618.7,False,,4623.2,SL,-1.7,-17.19,1
2026-05-01 13:05:00,2026-05-01 13:38:00,2026-05-01 13:45:00,MSS,long,4621.3,4618.7,4618.7,4625.5,False,,4618.7,SL,-2.6,-25.98,7
2026-05-01 17:00:00,2026-05-01 17:20:00,2026-05-01 17:54:00,BOS,short,4581.0,4584.4,4584.4,4575.4,False,,4575.4,TP,5.6,55.62,34
2026-05-01 17:50:00,2026-05-01 18:19:00,2026-05-01 18:30:00,MSS,short,4579.1,4584.3,4584.3,4570.7,False,,4584.3,SL,-5.2,-51.95,11
2026-05-01 18:55:00,2026-05-01 19:17:00,2026-05-01 19:20:00,BOS,short,4580.7,4583.2,4583.2,4576.6,False,,4583.2,SL,-2.5,-25.21,3
2026-05-01 19:50:00,2026-05-01 20:12:00,2026-05-01 20:12:00,BOS,long,4586.0,4583.9,4583.9,4589.3,False,,4589.3,TP,3.3,33.37,0
2026-05-01 23:00:00,2026-05-01 23:12:00,2026-05-01 23:14:00,MSS,short,4642.9,4647.1,4647.1,4636.2,False,,4647.1,SL,-4.2,-41.64,2
2026-05-01 23:40:00,2026-05-01 23:50:00,2026-05-01 23:50:00,BOS,long,4650.0,4646.4,4646.4,4655.8,False,,4646.4,SL,-3.6,-35.91,0
2026-05-02 00:05:00,2026-05-02 00:15:00,2026-05-02 00:16:00,MSS,short,4655.9,4659.4,4659.4,4650.2,False,,4659.4,SL,-3.5,-35.14,1
2026-05-02 00:15:00,2026-05-02 00:23:00,2026-05-02 00:25:00,MSS,long,4653.9,4649.1,4649.1,4661.6,False,,4649.1,SL,-4.8,-47.75,2
2026-05-02 01:45:00,2026-05-02 01:53:00,2026-05-02 02:01:00,BOS,short,4647.0,4651.9,4651.9,4639.1,False,,4639.1,TP,7.9,79.1,8
2026-05-02 03:00:00,2026-05-02 03:10:00,2026-05-02 03:12:00,BOS,short,4635.5,4637.9,4637.9,4631.5,False,,4637.9,SL,-2.4,-24.45,2
2026-05-02 04:25:00,2026-05-02 04:37:00,2026-05-02 04:53:00,MSS,long,4624.2,4621.8,4621.8,4628.2,False,,4628.2,TP,4.0,39.55,16
2026-05-04 06:00:00,2026-05-04 06:09:00,2026-05-04 08:00:00,BOS,long,4633.8,4621.9,4621.9,4653.0,False,,4621.9,SL,-11.9,-118.8,111
2026-05-04 08:00:00,2026-05-04 08:07:00,2026-05-04 08:21:00,MSS,short,4623.7,4628.6,4628.6,4615.8,False,,4615.8,TP,7.9,79.1,14
2026-05-04 08:20:00,2026-05-04 08:55:00,2026-05-04 09:04:00,BOS,short,4622.6,4628.4,4628.4,4613.2,False,,4613.2,TP,9.4,93.94,9
2026-05-04 09:25:00,2026-05-04 09:40:00,2026-05-04 09:50:00,BOS,short,4611.8,4615.8,4615.8,4605.2,False,,4615.8,SL,-4.0,-40.49,10
2026-05-04 09:50:00,2026-05-04 10:23:00,2026-05-04 10:28:00,MSS,long,4609.0,4603.6,4603.6,4617.8,False,,4603.6,SL,-5.4,-54.24,5
2026-05-04 11:35:00,2026-05-04 11:45:00,2026-05-04 11:46:00,MSS,short,4618.6,4622.6,4622.6,4612.1,False,,4622.6,SL,-4.0,-40.11,1
2026-05-04 12:55:00,2026-05-04 13:19:00,2026-05-04 13:19:00,MSS,short,4619.3,4621.6,4621.6,4615.7,False,,4621.6,SL,-2.3,-22.54,0
2026-05-04 13:15:00,2026-05-04 13:24:00,2026-05-04 13:25:00,MSS,long,4617.1,4612.7,4612.7,4624.3,False,,4612.7,SL,-4.4,-44.31,1
2026-05-04 14:00:00,2026-05-04 14:09:00,2026-05-04 14:23:00,BOS,short,4608.9,4613.1,4613.1,4602.2,False,,4602.2,TP,6.7,67.36,14
2026-05-04 14:35:00,2026-05-04 14:50:00,2026-05-04 15:28:00,BOS,short,4602.5,4607.0,4607.0,4595.3,False,,4595.3,TP,7.2,72.31,38
2026-05-04 16:35:00,2026-05-04 16:59:00,2026-05-04 17:02:00,MSS,long,4586.8,4584.6,4584.6,4590.3,False,,4590.3,TP,3.5,35.23,3
2026-05-04 17:10:00,2026-05-04 17:51:00,2026-05-04 17:57:00,BOS,long,4590.0,4586.7,4586.7,4595.3,False,,4586.7,SL,-3.3,-32.85,6
2026-05-04 19:30:00,2026-05-04 20:13:00,2026-05-04 20:16:00,BOS,short,4575.8,4581.0,4581.0,4567.5,False,,4581.0,SL,-5.2,-51.57,3
2026-05-04 20:15:00,2026-05-04 20:36:00,2026-05-04 20:53:00,MSS,long,4572.2,4563.6,4563.6,4586.2,False,,4586.2,TP,14.0,139.67,17
2026-05-04 20:50:00,2026-05-04 20:56:00,2026-05-04 21:00:00,BOS,long,4580.9,4577.0,4577.0,4587.1,False,,4577.0,SL,-3.9,-38.58,4
2026-05-04 21:00:00,2026-05-04 21:06:00,2026-05-04 21:10:00,MSS,short,4579.8,4587.1,4587.1,4568.0,False,,4587.1,SL,-7.3,-72.96,4
2026-05-04 22:05:00,2026-05-04 22:12:00,2026-05-04 22:16:00,BOS,short,4572.4,4577.4,4577.4,4564.4,False,,4577.4,SL,-5.0,-49.66,4
2026-05-04 22:15:00,2026-05-04 22:59:00,2026-05-04 23:13:00,MSS,long,4572.3,4564.4,4564.4,4585.2,False,,4564.4,SL,-7.9,-79.46,14
2026-05-05 00:05:00,2026-05-05 01:17:00,2026-05-05 10:43:00,BOS,short,4538.6,4553.8,4553.8,4513.9,False,,4553.8,SL,-15.2,-152.42,506
2026-05-05 11:20:00,2026-05-05 13:07:00,2026-05-05 13:08:00,MSS,short,4549.9,4551.8,4551.8,4546.7,False,,4551.8,SL,-1.9,-19.48,1
2026-05-05 13:05:00,2026-05-05 13:18:00,2026-05-05 13:34:00,MSS,long,4545.6,4539.9,4539.9,4554.7,False,,4554.7,TP,9.1,91.46,16
2026-05-05 13:30:00,2026-05-05 14:18:00,2026-05-05 14:24:00,BOS,long,4549.3,4544.8,4544.8,4556.6,False,,4544.8,SL,-4.5,-45.08,6
2026-05-05 15:15:00,2026-05-05 15:22:00,2026-05-05 15:25:00,BOS,long,4562.2,4560.3,4560.3,4565.4,False,,4560.3,SL,-1.9,-19.48,3
2026-05-05 15:25:00,2026-05-05 15:35:00,2026-05-05 15:36:00,MSS,short,4562.6,4565.5,4565.5,4558.0,False,,4565.5,SL,-2.9,-28.65,1
2026-05-05 15:45:00,2026-05-05 16:22:00,2026-05-05 16:57:00,BOS,short,4563.4,4568.3,4568.3,4555.4,False,,4568.3,SL,-4.9,-49.28,35
2026-05-05 17:25:00,2026-05-05 17:30:00,2026-05-05 18:09:00,MSS,short,4567.4,4570.5,4570.5,4562.4,False,,4562.4,TP,5.0,50.06,39
2026-05-05 18:05:00,2026-05-05 18:17:00,2026-05-05 18:19:00,BOS,short,4565.3,4567.2,4567.2,4562.2,False,,4562.2,TP,3.1,30.9,2
2026-05-05 18:25:00,2026-05-05 18:34:00,2026-05-05 18:43:00,BOS,short,4562.0,4565.3,4565.3,4556.7,False,,4556.7,TP,5.3,53.15,9
2026-05-05 20:00:00,2026-05-05 20:06:00,2026-05-05 20:06:00,MSS,short,4569.7,4573.0,4573.0,4564.3,False,,4573.0,SL,-3.3,-33.23,0
2026-05-05 21:35:00,2026-05-05 21:50:00,2026-05-05 21:53:00,MSS,short,4588.8,4592.4,4592.4,4583.0,False,,4592.4,SL,-3.6,-35.91,3
2026-05-05 22:05:00,2026-05-05 22:11:00,2026-05-05 22:13:00,MSS,long,4589.6,4586.2,4586.2,4595.1,False,,4586.2,SL,-3.4,-34.0,2
2026-05-05 22:10:00,2026-05-05 22:24:00,2026-05-05 22:25:00,MSS,short,4589.6,4595.1,4595.1,4580.7,False,,4595.1,SL,-5.5,-55.01,1
2026-05-05 23:00:00,2026-05-05 23:17:00,2026-05-05 23:27:00,MSS,long,4589.6,4586.3,4586.3,4594.9,False,,4586.3,SL,-3.3,-32.85,10
2026-05-06 01:05:00,2026-05-06 01:18:00,2026-05-06 02:14:00,BOS,short,4570.1,4573.8,4573.8,4564.0,False,,4573.8,SL,-3.7,-37.44,56
2026-05-06 02:10:00,2026-05-06 02:31:00,2026-05-06 02:40:00,BOS,long,4571.2,4568.4,4568.4,4575.6,False,,4568.4,SL,-2.8,-27.5,9
2026-05-06 03:45:00,2026-05-06 03:50:00,2026-05-06 03:51:00,MSS,long,4567.5,4566.2,4566.2,4569.7,False,,4566.2,SL,-1.3,-13.37,1
2026-05-06 03:50:00,2026-05-06 04:12:00,2026-05-06 04:27:00,MSS,short,4567.8,4569.7,4569.7,4564.6,False,,4569.7,SL,-1.9,-19.48,15
2026-05-06 04:25:00,2026-05-06 04:35:00,2026-05-06 04:42:00,MSS,long,4567.9,4566.0,4566.0,4571.0,False,,4566.0,SL,-1.9,-19.1,7
2026-05-06 06:00:00,2026-05-06 06:52:00,2026-05-06 06:54:00,MSS,short,4565.3,4568.4,4568.4,4560.2,False,,4568.4,SL,-3.1,-31.32,2
2026-05-06 08:00:00,2026-05-06 08:05:00,2026-05-06 08:11:00,BOS,long,4604.0,4601.0,4601.0,4608.9,False,,4601.0,SL,-3.0,-30.18,6
2026-05-06 09:45:00,2026-05-06 09:54:00,2026-05-06 10:02:00,BOS,long,4634.3,4631.1,4631.1,4639.5,False,,4639.5,TP,5.2,51.91,8
2026-05-06 11:35:00,2026-05-06 11:42:00,2026-05-06 12:27:00,BOS,long,4656.0,4652.2,4652.2,4662.2,False,,4662.2,TP,6.2,61.8,45
2026-05-06 12:25:00,2026-05-06 12:38:00,2026-05-06 13:04:00,BOS,long,4659.1,4655.9,4655.9,4664.2,False,,4664.2,TP,5.1,51.29,26
2026-05-06 13:30:00,2026-05-06 13:44:00,2026-05-06 13:55:00,MSS,short,4661.9,4666.3,4666.3,4654.9,False,,4666.3,SL,-4.4,-43.55,11
2026-05-06 14:25:00,2026-05-06 14:42:00,2026-05-06 14:59:00,BOS,long,4671.8,4668.3,4668.3,4677.5,False,,4677.5,TP,5.7,56.86,17
2026-05-06 15:10:00,2026-05-06 15:26:00,2026-05-06 15:45:00,MSS,short,4676.9,4681.5,4681.5,4669.4,False,,4681.5,SL,-4.6,-46.22,19
2026-05-06 16:30:00,2026-05-06 16:43:00,2026-05-06 16:48:00,MSS,short,4689.7,4691.4,4691.4,4686.9,False,,4691.4,SL,-1.7,-17.19,5
2026-05-06 17:30:00,2026-05-06 17:44:00,2026-05-06 18:00:00,BOS,long,4707.3,4702.4,4702.4,4715.1,False,,4715.1,TP,7.8,78.49,16
2026-05-06 18:50:00,2026-05-06 19:02:00,2026-05-06 19:29:00,BOS,long,4724.8,4718.8,4718.8,4734.6,False,,4718.8,SL,-6.0,-60.36,27
2026-05-06 19:25:00,2026-05-06 19:34:00,2026-05-06 19:41:00,BOS,short,4726.7,4732.9,4732.9,4716.8,False,,4716.8,TP,9.9,99.5,7
2026-05-06 21:05:00,2026-05-06 21:14:00,2026-05-06 21:32:00,BOS,short,4694.3,4703.5,4703.5,4679.3,False,,4703.5,SL,-9.2,-92.44,18
2026-05-06 21:45:00,2026-05-06 21:50:00,2026-05-06 21:53:00,BOS,long,4707.4,4704.1,4704.1,4712.8,False,,4712.8,TP,5.4,53.77,3
2026-05-06 22:10:00,2026-05-06 22:50:00,2026-05-06 23:12:00,BOS,long,4714.7,4708.4,4708.4,4725.0,False,,4708.4,SL,-6.3,-63.41,22
2026-05-07 00:05:00,2026-05-07 00:30:00,2026-05-07 00:58:00,BOS,short,4701.3,4706.6,4706.6,4692.7,False,,4692.7,TP,8.6,85.9,28
2026-05-07 01:35:00,2026-05-07 01:55:00,2026-05-07 01:57:00,BOS,short,4693.4,4695.5,4695.5,4689.9,False,,4695.5,SL,-2.1,-21.39,2
2026-05-07 02:40:00,2026-05-07 03:02:00,2026-05-07 03:03:00,MSS,short,4699.1,4701.1,4701.1,4695.9,False,,4701.1,SL,-2.0,-19.86,1
2026-05-07 03:55:00,2026-05-07 04:05:00,2026-05-07 04:11:00,MSS,short,4706.5,4709.1,4709.1,4702.2,False,,4709.1,SL,-2.6,-26.36,6
2026-05-07 04:10:00,2026-05-07 04:24:00,2026-05-07 04:31:00,MSS,long,4705.3,4702.2,4702.2,4710.4,False,,4702.2,SL,-3.1,-31.32,7
2026-05-07 07:20:00,2026-05-07 07:45:00,2026-05-07 07:45:00,MSS,short,4704.9,4707.0,4707.0,4701.6,False,,4707.0,SL,-2.1,-20.63,0
2026-05-07 07:55:00,2026-05-07 08:04:00,2026-05-07 08:08:00,MSS,long,4702.6,4699.1,4699.1,4708.3,False,,4699.1,SL,-3.5,-35.14,4
2026-05-07 12:30:00,2026-05-07 12:40:00,2026-05-07 12:40:00,BOS,short,4705.0,4707.0,4707.0,4701.8,False,,4707.0,SL,-2.0,-19.86,0
2026-05-07 13:00:00,2026-05-07 13:18:00,2026-05-07 13:31:00,MSS,long,4705.4,4702.5,4702.5,4710.0,False,,4710.0,TP,4.6,46.35,13
2026-05-07 13:55:00,2026-05-07 14:00:00,2026-05-07 14:02:00,MSS,short,4712.9,4715.3,4715.3,4709.0,False,,4715.3,SL,-2.4,-24.07,2
2026-05-07 15:00:00,2026-05-07 15:07:00,2026-05-07 15:11:00,MSS,short,4752.2,4759.2,4759.2,4740.8,False,,4759.2,SL,-7.0,-70.29,4
2026-05-07 16:00:00,2026-05-07 16:14:00,2026-05-07 16:18:00,MSS,long,4752.3,4746.6,4746.6,4761.6,False,,4746.6,SL,-5.7,-57.3,4
2026-05-07 16:55:00,2026-05-07 17:10:00,2026-05-07 17:17:00,BOS,short,4744.8,4747.1,4747.1,4741.1,False,,4747.1,SL,-2.3,-22.92,7
2026-05-07 17:20:00,2026-05-07 17:29:00,2026-05-07 17:43:00,MSS,long,4743.9,4741.3,4741.3,4748.2,False,,4748.2,TP,4.3,42.64,14
2026-05-07 17:55:00,2026-05-07 18:12:00,2026-05-07 18:44:00,MSS,short,4744.0,4749.3,4749.3,4735.3,False,,4749.3,SL,-5.3,-53.48,32
2026-05-07 19:55:00,2026-05-07 20:22:00,2026-05-07 20:25:00,BOS,long,4746.8,4743.1,4743.1,4752.8,False,,4743.1,SL,-3.7,-37.05,3
2026-05-07 20:30:00,2026-05-07 21:04:00,2026-05-07 21:13:00,BOS,long,4748.4,4741.9,4741.9,4759.0,False,,4741.9,SL,-6.5,-65.32,9
2026-05-07 21:30:00,2026-05-07 21:47:00,2026-05-07 22:25:00,MSS,long,4751.3,4740.7,4740.7,4768.4,False,,4768.4,TP,17.1,171.19,38
2026-05-08 00:50:00,2026-05-08 00:57:00,2026-05-08 01:03:00,MSS,long,4723.0,4720.3,4720.3,4727.4,False,,4727.4,TP,4.4,43.88,6
2026-05-08 01:15:00,2026-05-08 01:23:00,2026-05-08 01:25:00,MSS,short,4724.1,4729.5,4729.5,4715.4,False,,4729.5,SL,-5.4,-53.86,2
2026-05-08 01:25:00,2026-05-08 01:40:00,2026-05-08 04:02:00,BOS,short,4715.3,4726.7,4726.7,4696.9,False,,4726.7,SL,-11.4,-113.84,142
2026-05-08 04:00:00,2026-05-08 04:37:00,2026-05-08 04:37:00,MSS,long,4718.9,4712.5,4712.5,4729.2,False,,4712.5,SL,-6.4,-63.79,0
2026-05-08 06:45:00,2026-05-08 06:51:00,2026-05-08 07:09:00,BOS,short,4697.0,4700.4,4700.4,4691.4,False,,4700.4,SL,-3.4,-34.38,18
2026-05-08 08:05:00,2026-05-08 08:13:00,2026-05-08 08:15:00,BOS,long,4713.0,4710.0,4710.0,4717.8,False,,4710.0,SL,-3.0,-29.8,2
2026-05-08 08:15:00,2026-05-08 08:23:00,2026-05-08 09:01:00,MSS,short,4712.6,4718.7,4718.7,4702.7,False,,4718.7,SL,-6.1,-61.12,38
2026-05-08 09:35:00,2026-05-08 09:45:00,2026-05-08 09:48:00,MSS,short,4722.1,4727.5,4727.5,4713.4,False,,4727.5,SL,-5.4,-53.86,3
2026-05-08 10:00:00,2026-05-08 10:35:00,2026-05-08 14:28:00,BOS,long,4724.0,4713.4,4713.4,4741.1,False,,4741.1,TP,17.1,171.19,233
2026-05-08 14:25:00,2026-05-08 14:34:00,2026-05-08 14:48:00,BOS,long,4735.3,4730.1,4730.1,4743.6,False,,4730.1,SL,-5.2,-51.57,14
2026-05-08 15:45:00,2026-05-08 15:52:00,2026-05-08 16:06:00,MSS,long,4718.1,4715.7,4715.7,4722.0,False,,4715.7,SL,-2.4,-24.07,14
2026-05-08 17:30:00,2026-05-08 18:14:00,2026-05-08 18:23:00,MSS,short,4727.4,4732.4,4732.4,4719.2,False,,4732.4,SL,-5.0,-50.42,9
2026-05-08 18:35:00,2026-05-08 18:45:00,2026-05-08 18:49:00,MSS,long,4732.9,4729.9,4729.9,4737.7,False,,4729.9,SL,-3.0,-29.8,4
2026-05-08 18:45:00,2026-05-08 19:04:00,2026-05-08 19:11:00,MSS,short,4734.3,4737.7,4737.7,4728.7,False,,4728.7,TP,5.6,55.62,7
2026-05-08 20:05:00,2026-05-08 20:33:00,2026-05-08 20:33:00,BOS,short,4725.4,4729.9,4729.9,4718.0,False,,4729.9,SL,-4.5,-45.46,0
2026-05-08 21:30:00,2026-05-08 22:09:00,2026-05-08 22:29:00,BOS,long,4736.7,4725.8,4725.8,4754.4,False,,4725.8,SL,-10.9,-109.25,20
2026-05-09 01:50:00,2026-05-09 01:57:00,2026-05-09 02:00:00,BOS,long,4729.8,4728.8,4728.8,4731.4,False,,4731.4,TP,1.6,16.07,3
2026-05-09 03:30:00,2026-05-09 03:40:00,2026-05-09 03:40:00,BOS,short,4733.6,4734.9,4734.9,4731.4,False,,4734.9,SL,-1.3,-13.37,0
2026-05-11 07:00:00,2026-05-11 07:11:00,2026-05-11 07:27:00,MSS,long,4699.1,4695.1,4695.1,4705.6,False,,4705.6,TP,6.5,64.89,16
2026-05-11 07:35:00,2026-05-11 07:43:00,2026-05-11 07:46:00,BOS,long,4704.4,4702.7,4702.7,4707.2,False,,4702.7,SL,-1.7,-17.19,3
2026-05-11 07:55:00,2026-05-11 09:05:00,2026-05-11 09:05:00,MSS,short,4703.8,4707.3,4707.3,4698.2,False,,4707.3,SL,-3.5,-34.76,0
2026-05-11 09:20:00,2026-05-11 09:40:00,2026-05-11 09:56:00,MSS,long,4699.6,4690.4,4690.4,4714.4,False,,4690.4,SL,-9.2,-91.68,16
2026-05-11 10:35:00,2026-05-11 10:44:00,2026-05-11 10:50:00,MSS,long,4697.9,4691.1,4691.1,4709.0,False,,4691.1,SL,-6.8,-68.38,6
2026-05-11 13:25:00,2026-05-11 13:30:00,2026-05-11 13:30:00,BOS,short,4681.1,4682.9,4682.9,4678.3,False,,4682.9,SL,-1.8,-17.57,0
2026-05-11 13:30:00,2026-05-11 13:38:00,2026-05-11 13:42:00,MSS,long,4681.6,4678.3,4678.3,4687.0,False,,4678.3,SL,-3.3,-33.23,4
2026-05-11 13:40:00,2026-05-11 14:38:00,2026-05-11 14:54:00,MSS,short,4681.2,4688.4,4688.4,4669.6,False,,4688.4,SL,-7.2,-71.82,16
2026-05-11 14:50:00,2026-05-11 15:47:00,2026-05-11 17:23:00,BOS,long,4677.9,4671.3,4671.3,4688.7,False,,4671.3,SL,-6.6,-66.47,96
2026-05-11 18:20:00,2026-05-11 18:38:00,2026-05-11 18:39:00,MSS,long,4670.8,4668.8,4668.8,4674.0,False,,4668.8,SL,-2.0,-19.86,1
2026-05-11 19:00:00,2026-05-11 19:12:00,2026-05-11 19:31:00,BOS,long,4675.3,4671.9,4671.9,4680.9,False,,4680.9,TP,5.6,55.62,19
2026-05-11 19:35:00,2026-05-11 19:53:00,2026-05-11 20:01:00,BOS,long,4679.2,4676.0,4676.0,4684.5,False,,4684.5,TP,5.3,52.53,8
2026-05-11 20:05:00,2026-05-11 20:19:00,2026-05-11 20:21:00,MSS,short,4681.8,4684.5,4684.5,4677.4,False,,4684.5,SL,-2.7,-27.12,2
2026-05-11 23:15:00,2026-05-11 23:41:00,2026-05-12 00:26:00,MSS,long,4737.1,4732.5,4732.5,4744.5,False,,4732.5,SL,-4.6,-45.84,45
2026-05-12 01:20:00,2026-05-12 01:29:00,2026-05-12 01:31:00,BOS,long,4727.4,4725.3,4725.3,4730.7,False,,4730.7,TP,3.3,33.37,2
2026-05-12 02:05:00,2026-05-12 02:11:00,2026-05-12 02:20:00,BOS,long,4733.1,4731.0,4731.0,4736.5,False,,4731.0,SL,-2.1,-21.01,9
2026-05-12 02:55:00,2026-05-12 03:01:00,2026-05-12 03:03:00,MSS,short,4735.7,4736.9,4736.9,4733.8,False,,4733.8,TP,1.9,19.16,2
2026-05-12 03:20:00,2026-05-12 03:36:00,2026-05-12 03:40:00,BOS,short,4735.8,4737.6,4737.6,4732.8,False,,4737.6,SL,-1.8,-18.34,4
2026-05-12 04:30:00,2026-05-12 04:50:00,2026-05-12 04:52:00,BOS,long,4745.2,4743.1,4743.1,4748.7,False,,4743.1,SL,-2.1,-21.39,2
2026-05-12 07:30:00,2026-05-12 07:37:00,2026-05-12 07:37:00,BOS,long,4763.1,4760.0,4760.0,4768.0,False,,4768.0,TP,4.9,49.44,0
2026-05-12 08:15:00,2026-05-12 08:22:00,2026-05-12 08:23:00,BOS,long,4773.9,4768.0,4768.0,4783.5,False,,4768.0,SL,-5.9,-59.21,1
2026-05-12 10:10:00,2026-05-12 10:15:00,2026-05-12 10:21:00,MSS,long,4738.1,4734.7,4734.7,4743.5,False,,4734.7,SL,-3.4,-33.62,6
2026-05-12 10:40:00,2026-05-12 11:19:00,2026-05-12 11:45:00,BOS,long,4735.2,4731.4,4731.4,4741.3,False,,4731.4,SL,-3.8,-37.82,26
2026-05-12 11:45:00,2026-05-12 12:15:00,2026-05-12 12:16:00,BOS,short,4733.5,4736.9,4736.9,4728.1,False,,4736.9,SL,-3.4,-33.62,1
2026-05-12 12:15:00,2026-05-12 12:23:00,2026-05-12 12:47:00,MSS,long,4733.6,4730.0,4730.0,4739.4,False,,4730.0,SL,-3.6,-35.91,24
2026-05-12 13:05:00,2026-05-12 13:16:00,2026-05-12 13:30:00,BOS,short,4724.2,4727.8,4727.8,4718.3,False,,4727.8,SL,-3.6,-36.29,14
2026-05-12 14:45:00,2026-05-12 15:42:00,2026-05-12 16:01:00,BOS,short,4709.4,4713.0,4713.0,4703.6,False,,4713.0,SL,-3.6,-35.91,19
2026-05-12 16:00:00,2026-05-12 16:10:00,2026-05-12 16:15:00,MSS,long,4709.1,4705.7,4705.7,4714.7,False,,4705.7,SL,-3.4,-34.38,5
2026-05-12 17:10:00,2026-05-12 17:30:00,2026-05-12 17:43:00,MSS,short,4711.1,4714.4,4714.4,4705.7,False,,4705.7,TP,5.4,53.77,13
2026-05-12 17:40:00,2026-05-12 17:49:00,2026-05-12 18:07:00,MSS,short,4709.3,4713.5,4713.5,4702.5,False,,4713.5,SL,-4.2,-42.02,18
2026-05-12 18:05:00,2026-05-12 18:16:00,2026-05-12 18:32:00,MSS,long,4707.9,4702.5,4702.5,4716.6,False,,4702.5,SL,-5.4,-53.86,16
2026-05-12 20:30:00,2026-05-12 20:39:00,2026-05-12 20:43:00,BOS,short,4709.0,4716.3,4716.3,4697.1,False,,4716.3,SL,-7.3,-73.34,4
2026-05-12 20:50:00,2026-05-12 21:04:00,2026-05-12 21:14:00,MSS,long,4705.7,4697.1,4697.1,4719.7,False,,4697.1,SL,-8.6,-86.33,10
2026-05-12 21:35:00,2026-05-12 21:48:00,2026-05-12 21:58:00,MSS,long,4697.6,4692.4,4692.4,4706.0,False,,4692.4,SL,-5.2,-51.95,10
2026-05-12 21:55:00,2026-05-12 22:03:00,2026-05-12 22:33:00,MSS,short,4699.9,4709.5,4709.5,4684.3,False,,4684.3,TP,15.6,155.74,30
2026-05-13 01:15:00,2026-05-13 01:33:00,2026-05-13 02:01:00,BOS,long,4684.4,4682.0,4682.0,4688.2,False,,4688.2,TP,3.8,38.32,28
2026-05-13 06:00:00,2026-05-13 06:08:00,2026-05-13 06:09:00,BOS,long,4724.0,4720.6,4720.6,4729.4,False,,4720.6,SL,-3.4,-33.62,1
2026-05-13 06:50:00,2026-05-13 06:57:00,2026-05-13 07:08:00,BOS,long,4726.0,4723.2,4723.2,4730.4,False,,4730.4,TP,4.4,44.5,11
2026-05-13 07:45:00,2026-05-13 07:53:00,2026-05-13 08:02:00,MSS,short,4727.0,4729.5,4729.5,4722.9,False,,4722.9,TP,4.1,40.79,9
2026-05-13 08:00:00,2026-05-13 08:33:00,2026-05-13 08:54:00,MSS,long,4726.9,4722.9,4722.9,4733.4,False,,4722.9,SL,-4.0,-40.11,21
2026-05-13 12:40:00,2026-05-13 12:49:00,2026-05-13 13:03:00,MSS,short,4709.1,4711.5,4711.5,4705.3,False,,4711.5,SL,-2.4,-23.68,14
2026-05-13 13:00:00,2026-05-13 13:18:00,2026-05-13 13:24:00,MSS,long,4709.8,4706.6,4706.6,4714.9,False,,4706.6,SL,-3.2,-31.71,6
2026-05-13 13:40:00,2026-05-13 13:58:00,2026-05-13 14:04:00,BOS,short,4711.0,4715.4,4715.4,4704.0,False,,4715.4,SL,-4.4,-43.55,6
2026-05-13 15:05:00,2026-05-13 15:13:00,2026-05-13 15:15:00,BOS,short,4710.1,4713.6,4713.6,4704.5,False,,4713.6,SL,-3.5,-34.76,2
2026-05-13 15:25:00,2026-05-13 15:49:00,2026-05-13 16:26:00,MSS,long,4709.1,4704.5,4704.5,4716.6,False,,4704.5,SL,-4.6,-46.22,37
2026-05-13 16:50:00,2026-05-13 17:11:00,2026-05-13 17:14:00,BOS,long,4704.4,4702.0,4702.0,4708.2,False,,4702.0,SL,-2.4,-23.68,3
2026-05-13 17:10:00,2026-05-13 17:55:00,2026-05-13 18:08:00,MSS,short,4706.6,4710.2,4710.2,4700.7,False,,4710.2,SL,-3.6,-36.29,13
2026-05-13 21:00:00,2026-05-13 21:34:00,2026-05-13 21:36:00,MSS,long,4690.4,4685.7,4685.7,4697.9,False,,4685.7,SL,-4.7,-46.6,2
2026-05-13 22:25:00,2026-05-13 22:45:00,2026-05-13 23:02:00,MSS,long,4684.8,4680.0,4680.0,4692.6,False,,4692.6,TP,7.8,77.87,17
2026-05-13 23:25:00,2026-05-13 23:30:00,2026-05-13 23:33:00,BOS,long,4694.7,4691.9,4691.9,4699.3,False,,4699.3,TP,4.6,45.73,3
2026-05-14 00:20:00,2026-05-14 00:34:00,2026-05-14 00:50:00,BOS,long,4710.5,4706.1,4706.1,4717.6,False,,4706.1,SL,-4.4,-43.93,16
2026-05-14 01:50:00,2026-05-14 02:13:00,2026-05-14 02:35:00,BOS,short,4700.1,4702.5,4702.5,4696.1,False,,4696.1,TP,4.0,39.55,22
2026-05-14 03:10:00,2026-05-14 03:33:00,2026-05-14 03:47:00,MSS,long,4693.3,4690.9,4690.9,4697.1,False,,4697.1,TP,3.8,38.32,14
2026-05-14 06:00:00,2026-05-14 06:09:00,2026-05-14 06:10:00,BOS,long,4697.7,4695.6,4695.6,4701.0,False,,4695.6,SL,-2.1,-20.63,1
2026-05-14 06:35:00,2026-05-14 06:48:00,2026-05-14 06:52:00,BOS,long,4703.3,4701.6,4701.6,4706.1,False,,4706.1,TP,2.8,27.81,4
2026-05-14 07:05:00,2026-05-14 07:25:00,2026-05-14 07:30:00,BOS,long,4705.1,4703.1,4703.1,4708.3,False,,4703.1,SL,-2.0,-19.86,5
2026-05-14 07:45:00,2026-05-14 07:55:00,2026-05-14 08:00:00,BOS,short,4702.8,4704.6,4704.6,4699.8,False,,4704.6,SL,-1.8,-18.34,5
2026-05-14 08:00:00,2026-05-14 08:05:00,2026-05-14 08:06:00,BOS,short,4700.9,4703.8,4703.8,4696.2,False,,4703.8,SL,-2.9,-29.03,1
2026-05-14 08:30:00,2026-05-14 08:46:00,2026-05-14 08:59:00,MSS,short,4709.1,4712.5,4712.5,4703.6,False,,4712.5,SL,-3.4,-34.0,13
2026-05-14 08:55:00,2026-05-14 09:01:00,2026-05-14 09:03:00,BOS,long,4709.2,4706.3,4706.3,4713.9,False,,4706.3,SL,-2.9,-29.03,2
2026-05-14 10:30:00,2026-05-14 10:41:00,2026-05-14 10:47:00,MSS,long,4697.6,4693.1,4693.1,4704.8,False,,4693.1,SL,-4.5,-44.69,6
2026-05-14 11:20:00,2026-05-14 11:34:00,2026-05-14 11:38:00,MSS,long,4690.3,4687.7,4687.7,4694.4,False,,4687.7,SL,-2.6,-25.59,4
2026-05-14 11:35:00,2026-05-14 12:22:00,2026-05-14 12:25:00,MSS,short,4694.0,4699.5,4699.5,4685.1,False,,4699.5,SL,-5.5,-55.01,3
2026-05-14 13:15:00,2026-05-14 13:45:00,2026-05-14 13:55:00,MSS,short,4708.6,4711.3,4711.3,4704.2,False,,4704.2,TP,4.4,43.88,10
2026-05-14 13:55:00,2026-05-14 14:44:00,2026-05-14 15:27:00,BOS,short,4704.8,4710.4,4710.4,4695.8,False,,4710.4,SL,-5.6,-55.77,43
2026-05-14 15:25:00,2026-05-14 15:50:00,2026-05-14 15:58:00,BOS,long,4705.6,4700.7,4700.7,4713.4,False,,4700.7,SL,-4.9,-48.51,8
2026-05-14 16:25:00,2026-05-14 16:41:00,2026-05-14 16:43:00,MSS,long,4707.2,4704.4,4704.4,4711.7,False,,4704.4,SL,-2.8,-27.89,2
2026-05-14 18:45:00,2026-05-14 18:54:00,2026-05-14 19:00:00,BOS,short,4702.3,4704.8,4704.8,4698.3,False,,4704.8,SL,-2.5,-24.83,6
2026-05-14 19:20:00,2026-05-14 19:41:00,2026-05-14 19:47:00,BOS,short,4703.2,4705.4,4705.4,4699.6,False,,4705.4,SL,-2.2,-22.16,6
2026-05-14 19:50:00,2026-05-14 19:59:00,2026-05-14 20:20:00,MSS,long,4701.7,4695.7,4695.7,4711.3,False,,4711.3,TP,9.6,96.41,21
2026-05-14 20:20:00,2026-05-14 20:44:00,2026-05-14 21:19:00,BOS,long,4704.9,4698.7,4698.7,4715.0,False,,4698.7,SL,-6.2,-62.27,35
2026-05-14 22:15:00,2026-05-14 22:54:00,2026-05-14 23:04:00,MSS,long,4690.3,4683.3,4683.3,4701.5,False,,4683.3,SL,-7.0,-69.52,10
2026-05-14 23:40:00,2026-05-14 23:56:00,2026-05-15 00:03:00,BOS,short,4692.1,4695.3,4695.3,4686.9,False,,4686.9,TP,5.2,51.91,7
2026-05-15 00:30:00,2026-05-15 00:53:00,2026-05-15 01:03:00,BOS,short,4684.6,4687.6,4687.6,4679.7,False,,4687.6,SL,-3.0,-30.18,10
2026-05-15 01:25:00,2026-05-15 01:42:00,2026-05-15 02:00:00,MSS,short,4687.3,4689.9,4689.9,4683.0,False,,4683.0,TP,4.3,42.64,18
2026-05-15 02:55:00,2026-05-15 03:03:00,2026-05-15 03:06:00,MSS,long,4674.4,4672.3,4672.3,4677.9,False,,4672.3,SL,-2.1,-21.39,3
2026-05-15 04:00:00,2026-05-15 06:00:00,2026-05-15 06:00:00,BOS,short,4660.4,4664.3,4664.3,4654.2,False,,4654.2,TP,6.2,62.42,0
2026-05-15 06:50:00,2026-05-15 07:14:00,2026-05-15 07:15:00,BOS,long,4663.5,4661.2,4661.2,4667.1,False,,4661.2,SL,-2.3,-22.54,1
2026-05-15 07:25:00,2026-05-15 07:31:00,2026-05-15 07:31:00,MSS,long,4663.2,4659.6,4659.6,4669.0,False,,4659.6,SL,-3.6,-35.91,0
2026-05-15 08:55:00,2026-05-15 09:00:00,2026-05-15 09:02:00,MSS,long,4627.1,4621.8,4621.8,4635.8,False,,4635.8,TP,8.7,86.52,2
2026-05-15 09:05:00,2026-05-15 09:20:00,2026-05-15 09:29:00,MSS,short,4628.0,4636.7,4636.7,4613.8,False,,4613.8,TP,14.2,141.52,9
2026-05-15 10:40:00,2026-05-15 10:46:00,2026-05-15 10:51:00,MSS,long,4616.7,4613.5,4613.5,4622.0,False,,4622.0,TP,5.3,52.53,5
2026-05-15 11:25:00,2026-05-15 12:05:00,2026-05-15 12:20:00,MSS,short,4622.2,4626.2,4626.2,4615.8,False,,4615.8,TP,6.4,64.27,15
2026-05-15 12:40:00,2026-05-15 12:50:00,2026-05-15 13:01:00,MSS,short,4614.9,4619.0,4619.0,4608.3,False,,4608.3,TP,6.6,66.13,11
2026-05-15 13:45:00,2026-05-15 13:50:00,2026-05-15 13:59:00,BOS,short,4574.4,4579.8,4579.8,4565.7,False,,4565.7,TP,8.7,87.14,9
2026-05-15 13:55:00,2026-05-15 14:06:00,2026-05-15 14:15:00,BOS,short,4570.9,4577.2,4577.2,4560.6,False,,4577.2,SL,-6.3,-63.41,9
2026-05-15 14:40:00,2026-05-15 15:09:00,2026-05-15 15:10:00,MSS,short,4579.7,4584.9,4584.9,4571.2,False,,4584.9,SL,-5.2,-52.33,1
2026-05-15 15:10:00,2026-05-15 15:50:00,2026-05-15 16:01:00,MSS,long,4577.9,4569.8,4569.8,4591.0,False,,4569.8,SL,-8.1,-80.98,11
2026-05-15 16:40:00,2026-05-15 16:55:00,2026-05-15 17:05:00,MSS,long,4558.7,4553.2,4553.2,4567.5,False,,4567.5,TP,8.8,88.37,10
2026-05-15 17:45:00,2026-05-15 18:02:00,2026-05-15 18:08:00,BOS,short,4552.8,4559.8,4559.8,4541.5,False,,4559.8,SL,-7.0,-69.91,6
2026-05-15 20:00:00,2026-05-15 20:10:00,2026-05-15 20:14:00,BOS,short,4558.3,4563.4,4563.4,4550.0,False,,4550.0,TP,8.3,82.81,4
2026-05-15 20:10:00,2026-05-15 20:15:00,2026-05-15 20:20:00,BOS,short,4554.4,4557.5,4557.5,4549.3,False,,4557.5,SL,-3.1,-31.32,5
2026-05-15 20:20:00,2026-05-15 20:30:00,2026-05-15 20:42:00,MSS,long,4554.4,4549.1,4549.1,4562.9,False,,4549.1,SL,-5.3,-52.72,12
2026-05-15 21:35:00,2026-05-15 22:12:00,2026-05-15 22:19:00,MSS,short,4549.8,4561.8,4561.8,4530.3,False,,4561.8,SL,-12.0,-120.33,7
2026-05-15 22:45:00,2026-05-15 22:54:00,2026-05-15 22:56:00,MSS,short,4561.0,4565.0,4565.0,4554.5,False,,4565.0,SL,-4.0,-40.11,2
2026-05-15 22:55:00,2026-05-15 23:02:00,2026-05-15 23:19:00,MSS,long,4558.0,4550.1,4550.1,4570.9,False,,4550.1,SL,-7.9,-79.46,17
2026-05-16 00:05:00,2026-05-16 00:22:00,2026-05-16 00:25:00,BOS,short,4541.5,4546.5,4546.5,4533.3,False,,4546.5,SL,-5.0,-50.42,3
2026-05-16 01:20:00,2026-05-16 01:29:00,2026-05-16 01:40:00,BOS,long,4562.1,4558.4,4558.4,4568.0,False,,4568.0,TP,5.9,59.33,11
2026-05-16 02:10:00,2026-05-16 02:17:00,2026-05-16 02:18:00,BOS,long,4562.6,4560.2,4560.2,4566.6,False,,4560.2,SL,-2.4,-24.45,1
2026-05-16 02:15:00,2026-05-16 02:23:00,2026-05-16 02:31:00,MSS,short,4562.9,4566.6,4566.6,4556.9,False,,4556.9,TP,6.0,59.95,8
2026-05-16 03:35:00,2026-05-16 03:50:00,2026-05-16 03:53:00,MSS,long,4555.1,4552.5,4552.5,4559.4,False,,4552.5,SL,-2.6,-26.36,3
2026-05-16 04:30:00,2026-05-16 04:50:00,2026-05-18 08:00:00,MSS,long,4541.2,4537.0,4537.0,4548.0,False,,4537.0,SL,-4.2,-42.02,10
2026-05-18 09:20:00,2026-05-18 09:25:00,2026-05-18 09:26:00,MSS,long,4501.5,4495.5,4495.5,4511.3,False,,4511.3,TP,9.8,97.64,1
2026-05-18 10:10:00,2026-05-18 11:06:00,2026-05-18 11:43:00,BOS,long,4531.3,4524.6,4524.6,4542.1,False,,4542.1,TP,10.8,108.15,37
2026-05-18 11:40:00,2026-05-18 12:28:00,2026-05-18 13:19:00,BOS,long,4537.1,4528.1,4528.1,4551.7,False,,4551.7,TP,14.6,145.85,51
2026-05-18 13:15:00,2026-05-18 13:40:00,2026-05-18 13:58:00,MSS,long,4542.8,4536.5,4536.5,4553.0,False,,4536.5,SL,-6.3,-63.03,18
2026-05-18 13:55:00,2026-05-18 14:24:00,2026-05-18 15:30:00,MSS,short,4547.5,4556.3,4556.3,4533.2,False,,4556.3,SL,-8.8,-88.24,66
2026-05-18 16:30:00,2026-05-18 17:03:00,2026-05-18 17:03:00,BOS,long,4550.3,4546.1,4546.1,4557.0,False,,4546.1,SL,-4.2,-41.64,0
2026-05-18 18:05:00,2026-05-18 18:19:00,2026-05-18 18:32:00,BOS,short,4545.9,4549.0,4549.0,4540.8,False,,4540.8,TP,5.1,50.68,13
2026-05-18 18:30:00,2026-05-18 18:37:00,2026-05-18 18:43:00,BOS,short,4542.3,4546.2,4546.2,4536.0,False,,4546.2,SL,-3.9,-38.96,6
2026-05-18 18:40:00,2026-05-18 18:53:00,2026-05-18 19:09:00,MSS,long,4540.0,4535.4,4535.4,4547.5,False,,4535.4,SL,-4.6,-46.22,16
2026-05-18 21:30:00,2026-05-18 21:42:00,2026-05-18 21:52:00,BOS,long,4572.6,4565.4,4565.4,4584.3,False,,4584.3,TP,11.7,116.8,10
2026-05-18 21:50:00,2026-05-18 22:01:00,2026-05-18 22:05:00,BOS,long,4575.2,4566.9,4566.9,4588.7,False,,4566.9,SL,-8.3,-83.28,4
2026-05-18 23:05:00,2026-05-18 23:40:00,2026-05-19 00:14:00,BOS,short,4547.2,4553.0,4553.0,4537.8,False,,4553.0,SL,-5.8,-58.06,34
2026-05-19 00:10:00,2026-05-19 00:25:00,2026-05-19 00:26:00,MSS,long,4547.8,4544.4,4544.4,4553.3,False,,4544.4,SL,-3.4,-34.0,1
2026-05-19 00:25:00,2026-05-19 00:37:00,2026-05-19 00:50:00,MSS,short,4548.4,4555.1,4555.1,4537.6,False,,4555.1,SL,-6.7,-66.85,13
2026-05-19 02:55:00,2026-05-19 03:01:00,2026-05-19 03:01:00,BOS,short,4543.9,4547.5,4547.5,4538.0,False,,4547.5,SL,-3.6,-36.29,0
2026-05-19 06:35:00,2026-05-19 06:56:00,2026-05-19 07:00:00,BOS,long,4576.8,4574.9,4574.9,4580.0,False,,4580.0,TP,3.2,31.52,4
2026-05-19 07:55:00,2026-05-19 08:00:00,2026-05-19 08:00:00,MSS,short,4588.2,4591.9,4591.9,4582.3,False,,4591.9,SL,-3.7,-36.67,0
2026-05-19 09:30:00,2026-05-19 10:05:00,2026-05-19 10:11:00,MSS,long,4560.4,4557.3,4557.3,4565.3,False,,4557.3,SL,-3.1,-30.56,6
2026-05-19 11:35:00,2026-05-19 11:41:00,2026-05-19 11:45:00,MSS,long,4553.1,4550.0,4550.0,4558.2,False,,4550.0,SL,-3.1,-31.32,4
2026-05-19 12:10:00,2026-05-19 12:20:00,2026-05-19 12:26:00,BOS,short,4546.2,4548.8,4548.8,4541.9,False,,4541.9,TP,4.3,42.64,6
2026-05-19 13:00:00,2026-05-19 13:08:00,2026-05-19 13:09:00,MSS,long,4543.7,4540.9,4540.9,4548.2,False,,4548.2,TP,4.5,45.11,1
2026-05-19 13:20:00,2026-05-19 13:29:00,2026-05-19 14:18:00,MSS,short,4543.4,4549.8,4549.8,4533.0,False,,4549.8,SL,-6.4,-64.18,49
2026-05-19 14:45:00,2026-05-19 14:55:00,2026-05-19 15:08:00,MSS,short,4552.4,4556.1,4556.1,4546.3,False,,4556.1,SL,-3.7,-37.44,13
2026-05-19 15:05:00,2026-05-19 15:11:00,2026-05-19 15:27:00,MSS,long,4551.9,4547.5,4547.5,4558.9,False,,4547.5,SL,-4.4,-43.55,16
2026-05-19 15:40:00,2026-05-19 15:46:00,2026-05-19 15:46:00,MSS,short,4549.8,4553.0,4553.0,4544.6,False,,4553.0,SL,-3.2,-32.09,0
2026-05-19 15:45:00,2026-05-19 16:08:00,2026-05-19 16:23:00,MSS,long,4549.6,4544.6,4544.6,4557.8,False,,4544.6,SL,-5.0,-50.42,15
2026-05-19 16:20:00,2026-05-19 16:35:00,2026-05-19 16:47:00,MSS,short,4547.9,4551.5,4551.5,4542.2,False,,4551.5,SL,-3.6,-35.53,12
2026-05-19 18:40:00,2026-05-19 18:55:00,2026-05-19 18:58:00,BOS,short,4539.6,4546.6,4546.6,4528.4,False,,4546.6,SL,-7.0,-69.52,3
2026-05-19 19:50:00,2026-05-19 20:08:00,2026-05-19 20:10:00,MSS,short,4543.4,4547.1,4547.1,4537.5,False,,4547.1,SL,-3.7,-36.67,2
2026-05-19 22:10:00,2026-05-19 23:18:00,2026-05-20 02:55:00,MSS,short,4508.5,4517.1,4517.1,4494.5,False,,4494.5,TP,14.0,139.67,217
2026-05-20 03:50:00,2026-05-20 04:11:00,2026-05-20 04:17:00,BOS,short,4490.1,4492.1,4492.1,4486.9,False,,4486.9,TP,3.2,32.14,6
2026-05-20 04:55:00,2026-05-20 06:00:00,2026-05-20 06:00:00,BOS,short,4486.7,4487.8,4487.8,4484.8,False,,4487.8,SL,-1.1,-11.46,0
2026-05-20 06:15:00,2026-05-20 06:34:00,2026-05-20 07:11:00,BOS,short,4486.0,4489.2,4489.2,4480.8,False,,4489.2,SL,-3.2,-32.09,37
2026-05-20 07:15:00,2026-05-20 08:00:00,2026-05-20 08:02:00,BOS,long,4486.4,4482.9,4482.9,4492.0,False,,4492.0,TP,5.6,56.24,2
2026-05-20 11:05:00,2026-05-20 11:16:00,2026-05-20 12:00:00,BOS,short,4463.9,4469.4,4469.4,4454.9,False,,4469.4,SL,-5.5,-55.39,44
2026-05-20 12:00:00,2026-05-20 12:27:00,2026-05-20 12:47:00,MSS,long,4464.6,4459.8,4459.8,4472.3,False,,4459.8,SL,-4.8,-47.75,20
2026-05-20 13:30:00,2026-05-20 13:44:00,2026-05-20 13:47:00,BOS,long,4474.2,4469.5,4469.5,4481.8,False,,4469.5,SL,-4.7,-46.99,3
2026-05-20 13:45:00,2026-05-20 13:56:00,2026-05-20 14:35:00,MSS,short,4475.5,4481.8,4481.8,4465.4,False,,4465.4,TP,10.1,101.35,39
2026-05-20 15:05:00,2026-05-20 15:23:00,2026-05-20 15:30:00,MSS,long,4478.7,4473.9,4473.9,4486.4,False,,4486.4,TP,7.7,77.25,7
2026-05-20 16:20:00,2026-05-20 16:37:00,2026-05-20 16:52:00,BOS,long,4481.9,4477.6,4477.6,4488.9,False,,4488.9,TP,7.0,69.83,15
2026-05-20 17:25:00,2026-05-20 17:32:00,2026-05-20 17:39:00,MSS,short,4481.9,4486.1,4486.1,4475.2,False,,4486.1,SL,-4.2,-41.64,7
2026-05-20 17:50:00,2026-05-20 17:59:00,2026-05-20 18:07:00,MSS,long,4487.8,4484.3,4484.3,4493.4,False,,4493.4,TP,5.6,56.24,8
2026-05-20 19:15:00,2026-05-20 19:23:00,2026-05-20 19:24:00,MSS,short,4497.1,4499.0,4499.0,4494.1,False,,4499.0,SL,-1.9,-18.72,1
2026-05-20 19:25:00,2026-05-20 19:42:00,2026-05-20 19:50:00,MSS,long,4497.4,4493.5,4493.5,4503.7,False,,4493.5,SL,-3.9,-38.96,8
2026-05-20 20:30:00,2026-05-20 20:56:00,2026-05-20 21:14:00,BOS,long,4499.8,4495.2,4495.2,4507.2,False,,4507.2,TP,7.4,74.16,18
2026-05-20 22:00:00,2026-05-20 22:16:00,2026-05-20 22:16:00,BOS,short,4490.5,4495.0,4495.0,4483.2,False,,4495.0,SL,-4.5,-45.08,0
2026-05-20 23:15:00,2026-05-20 23:25:00,2026-05-21 09:10:00,BOS,long,4538.3,4526.5,4526.5,4557.5,False,,4557.5,TP,19.2,191.58,525
2026-05-21 11:50:00,2026-05-21 12:02:00,2026-05-21 12:14:00,BOS,short,4534.2,4537.9,4537.9,4528.1,False,,4537.9,SL,-3.7,-37.44,12
2026-05-21 12:55:00,2026-05-21 13:03:00,2026-05-21 13:07:00,BOS,long,4538.1,4536.6,4536.6,4540.5,False,,4536.6,SL,-1.5,-14.9,4
2026-05-21 15:25:00,2026-05-21 15:50:00,2026-05-21 16:04:00,BOS,short,4520.5,4525.0,4525.0,4513.3,False,,4525.0,SL,-4.5,-44.69,14
2026-05-21 16:35:00,2026-05-21 16:46:00,2026-05-21 17:11:00,MSS,short,4534.1,4538.1,4538.1,4527.7,False,,4538.1,SL,-4.0,-39.73,25
2026-05-21 17:10:00,2026-05-21 17:33:00,2026-05-21 17:43:00,MSS,long,4536.3,4532.9,4532.9,4541.7,False,,4532.9,SL,-3.4,-33.62,10
2026-05-21 18:00:00,2026-05-21 18:07:00,2026-05-21 18:09:00,MSS,long,4532.2,4530.7,4530.7,4534.7,False,,4534.7,TP,2.5,24.72,2
2026-05-21 19:30:00,2026-05-21 19:51:00,2026-05-21 20:15:00,BOS,short,4518.1,4522.4,4522.4,4511.1,False,,4511.1,TP,7.0,69.83,24
2026-05-21 20:15:00,2026-05-21 20:33:00,2026-05-21 20:37:00,MSS,short,4516.5,4520.3,4520.3,4510.3,False,,4510.3,TP,6.2,61.8,4
2026-05-21 21:15:00,2026-05-21 21:51:00,2026-05-21 21:52:00,BOS,short,4507.3,4513.8,4513.8,4496.9,False,,4513.8,SL,-6.5,-64.56,1
2026-05-21 21:50:00,2026-05-21 22:16:00,2026-05-22 00:07:00,MSS,long,4501.4,4488.5,4488.5,4522.2,False,,4522.2,TP,20.8,208.27,111
2026-05-22 03:50:00,2026-05-22 03:56:00,2026-05-22 03:56:00,MSS,short,4541.0,4544.5,4544.5,4535.4,False,,4544.5,SL,-3.5,-34.76,0
2026-05-22 04:55:00,2026-05-22 06:00:00,2026-05-22 06:01:00,MSS,long,4542.3,4540.8,4540.8,4544.8,False,,4544.8,TP,2.5,24.72,1
2026-05-22 06:00:00,2026-05-22 06:05:00,2026-05-22 06:07:00,BOS,long,4543.6,4540.8,4540.8,4548.1,False,,4540.8,SL,-2.8,-27.89,2
2026-05-22 06:40:00,2026-05-22 06:50:00,2026-05-22 07:00:00,BOS,long,4542.5,4540.5,4540.5,4545.7,False,,4545.7,TP,3.2,32.14,10
2026-05-22 08:10:00,2026-05-22 08:21:00,2026-05-22 08:21:00,BOS,short,4535.3,4537.3,4537.3,4532.1,False,,4537.3,SL,-2.0,-19.86,0
2026-05-22 08:35:00,2026-05-22 08:47:00,2026-05-22 08:51:00,MSS,long,4535.2,4530.8,4530.8,4542.2,False,,4530.8,SL,-4.4,-43.55,4
2026-05-22 08:50:00,2026-05-22 09:01:00,2026-05-22 09:05:00,MSS,short,4536.9,4542.2,4542.2,4528.2,False,,4528.2,TP,8.7,86.52,4
2026-05-22 09:05:00,2026-05-22 09:15:00,2026-05-22 09:35:00,BOS,short,4532.5,4537.6,4537.6,4524.2,False,,4524.2,TP,8.3,82.81,20
2026-05-22 10:30:00,2026-05-22 10:49:00,2026-05-22 11:47:00,BOS,short,4526.3,4530.5,4530.5,4519.6,False,,4530.5,SL,-4.2,-41.64,58
2026-05-22 12:25:00,2026-05-22 12:35:00,2026-05-22 12:37:00,BOS,long,4530.4,4528.3,4528.3,4533.9,False,,4528.3,SL,-2.1,-21.39,2
2026-05-22 13:00:00,2026-05-22 13:06:00,2026-05-22 13:17:00,BOS,short,4528.7,4531.2,4531.2,4524.6,False,,4524.6,TP,4.1,40.79,11
2026-05-22 13:35:00,2026-05-22 13:55:00,2026-05-22 13:55:00,MSS,long,4529.4,4525.9,4525.9,4535.0,False,,4525.9,SL,-3.5,-34.76,0
2026-05-22 13:55:00,2026-05-22 14:13:00,2026-05-22 17:54:00,MSS,short,4525.0,4535.4,4535.4,4508.3,False,,4535.4,SL,-10.4,-103.52,221
2026-05-22 19:00:00,2026-05-22 19:10:00,2026-05-22 19:18:00,MSS,long,4514.8,4513.1,4513.1,4517.5,False,,4513.1,SL,-1.7,-16.81,8
2026-05-22 19:20:00,2026-05-22 19:26:00,2026-05-22 19:29:00,MSS,short,4516.2,4518.3,4518.3,4512.9,False,,4512.9,TP,3.3,33.37,3
2026-05-22 20:10:00,2026-05-22 20:27:00,2026-05-22 20:32:00,BOS,long,4523.7,4519.0,4519.0,4531.4,False,,4519.0,SL,-4.7,-47.37,5
2026-05-22 20:35:00,2026-05-22 20:59:00,2026-05-22 21:42:00,MSS,short,4529.1,4537.4,4537.4,4515.7,False,,4515.7,TP,13.4,134.11,43
2026-05-23 00:20:00,2026-05-23 00:41:00,2026-05-23 00:42:00,BOS,long,4519.3,4517.8,4517.8,4521.8,False,,4517.8,SL,-1.5,-15.28,1
2026-05-23 00:40:00,2026-05-23 01:10:00,2026-05-23 01:30:00,MSS,short,4522.4,4528.8,4528.8,4512.1,False,,4528.8,SL,-6.4,-63.79,20
2026-05-23 02:00:00,2026-05-23 02:39:00,2026-05-23 03:02:00,MSS,short,4521.0,4525.9,4525.9,4513.2,False,,4513.2,TP,7.8,78.49,23
2026-05-23 03:35:00,2026-05-23 03:53:00,2026-05-23 04:20:00,MSS,long,4508.1,4505.9,4505.9,4511.6,False,,4511.6,TP,3.5,35.23,27
2026-05-23 04:20:00,2026-05-23 04:31:00,2026-05-23 04:43:00,BOS,long,4508.4,4506.2,4506.2,4511.9,False,,4506.2,SL,-2.2,-21.77,12
2026-05-25 08:45:00,2026-05-25 08:52:00,2026-05-25 08:55:00,BOS,long,4575.8,4572.2,4572.2,4581.6,False,,4572.2,SL,-3.6,-35.91,3
2026-05-25 08:55:00,2026-05-25 09:00:00,2026-05-25 09:07:00,MSS,short,4576.0,4581.6,4581.6,4566.9,False,,4566.9,TP,9.1,90.85,7
2026-05-25 09:05:00,2026-05-25 09:23:00,2026-05-25 09:47:00,BOS,short,4571.8,4578.1,4578.1,4561.5,False,,4561.5,TP,10.3,102.59,24
2026-05-25 10:05:00,2026-05-25 10:13:00,2026-05-25 10:16:00,MSS,long,4564.6,4561.7,4561.7,4569.3,False,,4561.7,SL,-2.9,-29.03,3
2026-05-25 10:40:00,2026-05-25 10:48:00,2026-05-25 11:44:00,BOS,long,4563.8,4559.6,4559.6,4570.7,False,,4559.6,SL,-4.2,-42.4,56
2026-05-25 11:40:00,2026-05-25 12:02:00,2026-05-25 12:21:00,MSS,short,4562.5,4565.1,4565.1,4558.4,False,,4565.1,SL,-2.6,-25.59,19
2026-05-25 12:25:00,2026-05-25 12:33:00,2026-05-25 12:38:00,MSS,long,4562.9,4560.5,4560.5,4566.7,False,,4560.5,SL,-2.4,-23.68,5
2026-05-25 13:00:00,2026-05-25 13:20:00,2026-05-25 13:21:00,BOS,long,4563.0,4560.4,4560.4,4567.3,False,,4560.4,SL,-2.6,-26.36,1
2026-05-25 14:45:00,2026-05-25 15:18:00,2026-05-25 15:18:00,BOS,long,4556.7,4554.5,4554.5,4560.3,False,,4554.5,SL,-2.2,-22.16,0
2026-05-25 15:45:00,2026-05-25 16:24:00,2026-05-25 17:33:00,BOS,long,4557.2,4553.2,4553.2,4563.6,False,,4563.6,TP,6.4,64.27,69
2026-05-25 19:15:00,2026-05-25 19:25:00,2026-05-25 19:38:00,BOS,long,4572.5,4569.4,4569.4,4577.5,False,,4577.5,TP,5.0,50.06,13
2026-05-25 19:35:00,2026-05-25 19:49:00,2026-05-25 19:59:00,BOS,long,4573.9,4571.2,4571.2,4578.2,False,,4571.2,SL,-2.7,-26.74,10
2026-05-25 21:40:00,2026-05-25 21:46:00,2026-05-25 21:47:00,MSS,long,4564.3,4562.5,4562.5,4567.3,False,,4562.5,SL,-1.8,-18.34,1
2026-05-25 22:20:00,2026-05-25 22:28:00,2026-05-25 22:30:00,BOS,long,4569.9,4568.6,4568.6,4572.0,False,,4568.6,SL,-1.3,-12.99,2
2026-05-25 22:50:00,2026-05-25 23:00:00,2026-05-25 23:00:00,MSS,short,4569.1,4570.2,4570.2,4567.2,False,,4570.2,SL,-1.1,-11.46,0
2026-05-25 23:10:00,2026-05-25 23:16:00,2026-05-25 23:25:00,MSS,long,4570.2,4566.9,4566.9,4575.5,False,,4575.5,TP,5.3,53.15,9
2026-05-26 02:25:00,2026-05-26 06:00:00,2026-05-26 06:00:00,MSS,long,4571.2,4569.8,4569.8,4573.5,False,,4573.5,TP,2.3,22.87,0
2026-05-26 06:30:00,2026-05-26 06:41:00,2026-05-26 06:54:00,MSS,short,4575.6,4577.3,4577.3,4572.8,False,,4577.3,SL,-1.7,-17.19,13
2026-05-26 07:10:00,2026-05-26 07:21:00,2026-05-26 07:24:00,BOS,long,4578.1,4575.7,4575.7,4582.0,False,,4575.7,SL,-2.4,-24.07,3
2026-05-26 08:15:00,2026-05-26 08:27:00,2026-05-26 08:52:00,BOS,short,4549.7,4554.4,4554.4,4542.2,False,,4542.2,TP,7.5,75.4,25
2026-05-26 08:50:00,2026-05-26 08:56:00,2026-05-26 09:32:00,BOS,short,4547.7,4552.6,4552.6,4539.9,False,,4539.9,TP,7.8,78.49,36
2026-05-26 10:05:00,2026-05-26 10:10:00,2026-05-26 10:10:00,MSS,long,4539.9,4539.9,4539.9,4539.9,False,,4539.9,SL,0.0,0.0,0
2026-05-26 10:30:00,2026-05-26 10:36:00,2026-05-26 10:43:00,MSS,short,4538.1,4540.1,4540.1,4534.8,False,,4534.8,TP,3.3,32.75,7
2026-05-26 10:45:00,2026-05-26 11:01:00,2026-05-26 11:17:00,BOS,short,4536.5,4539.5,4539.5,4531.6,False,,4539.5,SL,-3.0,-30.18,16
2026-05-26 13:30:00,2026-05-26 13:40:00,2026-05-26 13:41:00,BOS,long,4531.2,4529.2,4529.2,4534.5,False,,4529.2,SL,-2.0,-20.25,1
2026-05-26 13:45:00,2026-05-26 14:05:00,2026-05-26 14:25:00,MSS,short,4532.1,4535.5,4535.5,4526.6,False,,4535.5,SL,-3.4,-34.0,20
2026-05-26 15:05:00,2026-05-26 15:48:00,2026-05-26 15:50:00,MSS,short,4531.8,4534.3,4534.3,4527.8,False,,4534.3,SL,-2.5,-24.83,2
2026-05-26 17:10:00,2026-05-26 17:17:00,2026-05-26 17:19:00,MSS,short,4523.1,4525.4,4525.4,4519.3,False,,4525.4,SL,-2.3,-23.3,2
2026-05-26 17:35:00,2026-05-26 17:59:00,2026-05-26 18:10:00,BOS,short,4522.7,4526.7,4526.7,4516.2,False,,4526.7,SL,-4.0,-40.11,11
2026-05-26 20:35:00,2026-05-26 20:42:00,2026-05-26 20:47:00,BOS,short,4510.5,4516.2,4516.2,4501.3,False,,4516.2,SL,-5.7,-56.92,5
2026-05-26 22:10:00,2026-05-26 22:22:00,2026-05-26 22:32:00,BOS,short,4516.4,4521.3,4521.3,4508.4,False,,4521.3,SL,-4.9,-49.28,10
2026-05-26 22:35:00,2026-05-26 22:55:00,2026-05-26 23:03:00,MSS,long,4515.0,4508.4,4508.4,4525.6,False,,4508.4,SL,-6.6,-65.7,8
2026-05-26 23:50:00,2026-05-27 00:03:00,2026-05-27 00:09:00,MSS,long,4505.7,4502.3,4502.3,4511.2,False,,4502.3,SL,-3.4,-34.0,6
2026-05-27 00:10:00,2026-05-27 00:19:00,2026-05-27 00:33:00,MSS,short,4506.5,4511.2,4511.2,4498.8,False,,4511.2,SL,-4.7,-47.37,14
2026-05-27 01:55:00,2026-05-27 02:31:00,2026-05-27 03:16:00,BOS,short,4495.9,4501.2,4501.2,4487.2,False,,4501.2,SL,-5.3,-53.48,45
2026-05-27 06:05:00,2026-05-27 06:10:00,2026-05-27 06:20:00,MSS,short,4506.6,4508.5,4508.5,4503.4,False,,4508.5,SL,-1.9,-19.48,10
2026-05-27 06:30:00,2026-05-27 06:53:00,2026-05-27 06:56:00,BOS,short,4507.0,4510.9,4510.9,4500.8,False,,4510.9,SL,-3.9,-38.58,3
2026-05-27 08:20:00,2026-05-27 08:46:00,2026-05-27 08:54:00,MSS,short,4521.9,4525.8,4525.8,4515.6,False,,4515.6,TP,6.3,63.04,8
2026-05-27 08:55:00,2026-05-27 09:10:00,2026-05-27 09:27:00,BOS,short,4518.9,4522.0,4522.0,4514.0,False,,4514.0,TP,4.9,49.44,17
2026-05-27 10:35:00,2026-05-27 10:52:00,2026-05-27 10:57:00,BOS,short,4503.0,4505.3,4505.3,4499.3,False,,4505.3,SL,-2.3,-22.92,5
2026-05-27 11:00:00,2026-05-27 11:36:00,2026-05-27 11:58:00,MSS,long,4502.0,4497.3,4497.3,4509.7,False,,4497.3,SL,-4.7,-47.37,22
2026-05-27 11:55:00,2026-05-27 12:08:00,2026-05-27 12:42:00,MSS,short,4501.2,4504.7,4504.7,4495.5,False,,4504.7,SL,-3.5,-35.14,34
2026-05-27 13:10:00,2026-05-27 13:15:00,2026-05-27 13:16:00,MSS,short,4504.3,4502.2,4502.2,4507.7,False,,4505.1,SL,-0.8,-7.99,1
2026-05-27 15:10:00,2026-05-27 15:23:00,2026-05-27 15:24:00,BOS,short,4484.7,4487.9,4487.9,4479.4,False,,4487.9,SL,-3.2,-32.47,1
2026-05-27 15:45:00,2026-05-27 16:01:00,2026-05-27 16:18:00,BOS,short,4483.6,4487.9,4487.9,4476.7,False,,4487.9,SL,-4.3,-42.78,17
2026-05-27 16:15:00,2026-05-27 16:32:00,2026-05-27 16:36:00,MSS,long,4485.0,4482.3,4482.3,4489.4,False,,4489.4,TP,4.4,43.88,4
2026-05-27 16:40:00,2026-05-27 17:06:00,2026-05-27 18:03:00,BOS,long,4488.7,4484.7,4484.7,4495.2,False,,4484.7,SL,-4.0,-40.11,57
2026-05-27 19:55:00,2026-05-27 20:03:00,2026-05-27 20:18:00,BOS,short,4434.4,4442.0,4442.0,4422.1,False,,4442.0,SL,-7.6,-76.02,15
2026-05-27 20:15:00,2026-05-27 20:58:00,2026-05-27 21:05:00,MSS,long,4436.0,4426.2,4426.2,4451.8,False,,4426.2,SL,-9.8,-97.79,7
2026-05-27 21:25:00,2026-05-27 21:31:00,2026-05-27 21:33:00,BOS,short,4411.3,4419.2,4419.2,4398.4,False,,4419.2,SL,-7.9,-79.46,2
2026-05-28 01:00:00,2026-05-28 01:05:00,2026-05-28 01:07:00,MSS,short,4449.1,4451.4,4451.4,4445.5,False,,4445.5,TP,3.6,36.46,2
2026-05-28 01:05:00,2026-05-28 01:29:00,2026-05-28 01:31:00,BOS,short,4447.3,4451.4,4451.4,4440.6,False,,4451.4,SL,-4.1,-41.26,2
2026-05-28 02:00:00,2026-05-28 02:17:00,2026-05-28 02:20:00,MSS,short,4450.8,4452.9,4452.9,4447.3,False,,4452.9,SL,-2.1,-21.39,3
2026-05-28 02:20:00,2026-05-28 02:37:00,2026-05-28 04:18:00,MSS,long,4450.2,4446.0,4446.0,4457.0,False,,4457.0,TP,6.8,67.98,100
2026-05-28 06:05:00,2026-05-28 06:33:00,2026-05-28 06:40:00,BOS,long,4453.4,4449.9,4449.9,4459.0,False,,4459.4,TP,6.0,60.24,6
2026-05-28 07:20:00,2026-05-28 07:39:00,2026-05-28 07:45:00,BOS,short,4450.2,4451.8,4451.8,4447.5,False,,4447.5,TP,2.7,26.57,5
2026-05-28 07:45:00,2026-05-28 08:02:00,2026-05-28 08:14:00,BOS,short,4448.4,4450.8,4450.8,4444.5,False,,4444.5,TP,3.9,38.93,7
2026-05-28 12:55:00,2026-05-28 13:06:00,2026-05-28 13:11:00,MSS,long,4368.3,4366.7,4366.7,4371.0,False,,4371.0,TP,2.7,26.57,4
2026-05-28 15:15:00,2026-05-28 15:38:00,2026-05-28 15:40:00,BOS,long,4387.3,4385.6,4385.6,4390.0,False,,4385.6,SL,-1.7,-16.81,2
2026-05-28 16:05:00,2026-05-28 16:32:00,2026-05-28 16:34:00,MSS,long,4384.4,4381.4,4381.4,4389.2,False,,4389.2,TP,4.8,48.2,1
2026-05-28 17:00:00,2026-05-28 17:11:00,2026-05-28 17:21:00,MSS,long,4385.1,4383.3,4383.3,4388.1,False,,4389.8,TP,4.7,46.66,3
2026-05-28 19:15:00,2026-05-28 19:25:00,2026-05-28 19:29:00,MSS,long,4385.6,4384.0,4384.0,4388.3,False,,4382.6,SL,-3.0,-30.43,1
2026-05-28 19:25:00,2026-05-28 19:37:00,2026-05-28 19:47:00,MSS,short,4386.1,4388.3,4388.3,4382.6,False,,4382.6,TP,3.5,35.23,9
2026-05-28 20:15:00,2026-05-28 20:30:00,2026-05-28 20:31:00,MSS,short,4389.1,4391.0,4391.0,4386.0,False,,4391.3,SL,-2.2,-22.1,1
2026-05-28 21:30:00,2026-05-28 21:46:00,2026-05-28 21:53:00,MSS,short,4425.9,4431.6,4431.6,4416.6,False,,4431.6,SL,-5.7,-57.3,7
