signal_time,entry_time,exit_time,kind,direction,entry,sl,final_sl,tp,break_even_moved,break_even_time,exit_price,exit_reason,points,dollars,bars_held
2025-06-11 03:40:00,2025-06-11 03:56:00,2025-06-11 13:08:00,MSS,long,3326.5,3323.3,3326.5,3334.0,True,2025-06-11 08:23:00,3340.9,TP,14.4,139.91,7
2025-06-27 08:35:00,2025-06-27 08:54:00,2025-06-27 08:59:00,EXTEND,short,3329.5,3331.6,3331.6,3324.5,False,,3331.6,SL,-2.1,-25.39,5
2025-06-27 09:00:00,2025-06-27 09:12:00,2025-06-27 09:19:00,EXTEND,long,3328.8,3326.0,3328.8,3335.3,True,2025-06-27 09:17:00,3328.8,BE,0.0,-4.0,7
2025-06-27 09:30:00,2025-06-27 09:41:00,2025-06-27 09:47:00,EXTEND,long,3330.7,3327.9,3327.9,3337.0,False,,3327.9,SL,-2.8,-31.5,6
2025-06-27 10:05:00,2025-06-27 10:24:00,2025-06-27 10:28:00,BOS,long,3329.2,3326.9,3326.9,3334.4,False,,3326.9,SL,-2.3,-26.54,4
2025-06-27 12:40:00,2025-06-27 12:50:00,2025-06-27 12:52:00,EXTEND,long,3307.7,3306.3,3307.7,3311.0,True,2025-06-27 12:51:00,3307.7,BE,0.0,-4.0,2
2025-06-27 13:40:00,2025-06-27 14:00:00,2025-06-27 14:09:00,EXTEND,long,3305.6,3301.0,3305.6,3316.2,True,2025-06-27 14:01:00,3305.6,BE,0.0,-4.0,9
2025-06-27 14:35:00,2025-06-27 14:56:00,2025-06-27 15:24:00,EXTEND,short,3305.2,3309.3,3305.2,3295.6,True,2025-06-27 15:07:00,3295.6,TP,9.6,91.9,28
2025-06-27 15:30:00,2025-06-27 15:36:00,2025-06-27 15:39:00,EXTEND,long,3297.9,3295.4,3297.9,3303.8,True,2025-06-27 15:37:00,3297.9,BE,0.0,-4.0,3
2025-06-27 17:15:00,2025-06-27 17:26:00,2025-06-27 17:38:00,EXTEND,short,3300.2,3303.0,3300.2,3293.9,True,2025-06-27 17:28:00,3300.2,BE,0.0,-4.0,12
2025-06-27 17:55:00,2025-06-27 18:06:00,2025-06-27 18:09:00,EXTEND,short,3298.8,3301.8,3301.8,3291.8,False,,3301.8,SL,-3.0,-34.18,3
2025-06-27 18:20:00,2025-06-27 18:42:00,2025-06-27 18:50:00,EXTEND,long,3297.5,3293.9,3293.9,3305.8,False,,3293.9,SL,-3.6,-39.91,8
2025-06-27 18:50:00,2025-06-27 19:00:00,2025-06-27 19:51:00,MSS,short,3298.7,3303.3,3298.7,3288.1,True,2025-06-27 19:24:00,3288.1,TP,10.7,102.56,51
2025-06-27 19:50:00,2025-06-27 19:56:00,2025-06-27 20:10:00,EXTEND,short,3293.7,3297.4,3293.7,3285.1,True,2025-06-27 20:07:00,3285.1,TP,8.6,82.14,14
2025-06-27 20:10:00,2025-06-27 20:22:00,2025-06-27 20:59:00,EXTEND,short,3290.8,3295.3,3290.8,3280.4,True,2025-06-27 20:35:00,3280.4,TP,10.4,99.9,37
2025-06-27 22:05:00,2025-06-27 22:11:00,2025-06-27 22:14:00,BOS,long,3284.9,3282.3,3282.3,3290.9,False,,3282.3,SL,-2.6,-29.98,3
2025-06-27 22:20:00,2025-06-27 22:25:00,2025-06-27 22:30:00,EXTEND,short,3284.3,3289.1,3289.1,3273.2,False,,3289.1,SL,-4.8,-51.75,5
2025-06-27 22:45:00,2025-06-27 22:57:00,2025-06-27 23:45:00,EXTEND,short,3283.8,3289.1,3289.1,3271.6,False,,3289.1,SL,-5.3,-56.72,48
2025-06-28 00:25:00,2025-06-28 00:31:00,2025-06-28 00:36:00,EXTEND,long,3287.5,3285.8,3285.8,3291.4,False,,3285.8,SL,-1.7,-20.81,5
2025-06-28 00:35:00,2025-06-28 00:51:00,2025-06-28 01:15:00,MSS,short,3288.5,3290.6,3288.5,3283.6,True,2025-06-28 01:09:00,3288.5,BE,0.0,-4.0,24
2025-06-28 01:40:00,2025-06-28 01:46:00,2025-06-28 01:47:00,EXTEND,short,3287.1,3288.8,3288.8,3283.1,False,,3288.8,SL,-1.7,-21.19,1
2025-06-28 01:50:00,2025-06-28 02:01:00,2025-06-28 02:31:00,EXTEND,long,3288.4,3284.3,3284.3,3298.0,False,,3284.3,SL,-4.1,-45.26,30
2025-06-28 02:40:00,2025-06-28 02:49:00,2025-06-28 02:52:00,EXTEND,short,3285.4,3287.3,3287.3,3280.8,False,,3287.3,SL,-1.9,-23.48,3
2025-06-28 03:00:00,2025-06-28 03:12:00,2025-06-28 03:19:00,EXTEND,long,3284.7,3282.2,3282.2,3290.6,False,,3282.2,SL,-2.5,-29.21,7
2025-06-30 07:05:00,2025-06-30 07:47:00,2025-06-30 08:35:00,EXTEND,long,3276.0,3272.4,3276.0,3284.3,True,2025-06-30 08:19:00,3276.0,BE,0.0,-4.0,48
2025-06-30 09:00:00,2025-06-30 09:09:00,2025-06-30 09:11:00,MSS,short,3274.9,3277.3,3277.3,3269.4,False,,3277.3,SL,-2.4,-27.68,2
2025-06-30 10:40:00,2025-06-30 10:50:00,2025-06-30 11:02:00,EXTEND,short,3292.6,3294.9,3292.6,3287.2,True,2025-06-30 10:54:00,3292.6,BE,0.0,-4.0,12
2025-06-30 12:20:00,2025-06-30 12:37:00,2025-06-30 12:49:00,BOS,short,3290.9,3292.7,3292.7,3286.7,False,,3292.7,SL,-1.8,-21.95,12
2025-06-30 14:00:00,2025-06-30 14:18:00,2025-06-30 14:33:00,EXTEND,long,3299.1,3297.2,3299.1,3303.7,True,2025-06-30 14:19:00,3303.7,TP,4.5,41.29,15
2025-06-30 15:55:00,2025-06-30 16:00:00,2025-06-30 16:02:00,EXTEND,short,3305.1,3307.3,3307.3,3300.1,False,,3307.3,SL,-2.2,-25.77,2
2025-06-30 17:30:00,2025-06-30 17:39:00,2025-06-30 17:42:00,BOS,short,3294.4,3298.1,3298.1,3285.9,False,,3298.1,SL,-3.7,-40.67,3
2025-06-30 19:25:00,2025-06-30 20:01:00,2025-06-30 20:21:00,EXTEND,short,3292.1,3296.1,3296.1,3282.9,False,,3296.1,SL,-4.0,-43.73,20
2025-06-30 20:40:00,2025-06-30 20:59:00,2025-06-30 22:15:00,EXTEND,long,3293.4,3288.7,3293.4,3304.2,True,2025-06-30 21:50:00,3293.4,BE,0.0,-4.0,76
2025-06-30 23:10:00,2025-06-30 23:18:00,2025-06-30 23:20:00,MSS,short,3299.6,3302.4,3302.4,3293.1,False,,3302.4,SL,-2.8,-31.89,2
2025-07-01 01:00:00,2025-07-01 01:11:00,2025-07-01 01:29:00,EXTEND,long,3307.0,3304.7,3307.0,3312.4,True,2025-07-01 01:21:00,3307.0,BE,0.0,-4.0,18
2025-07-01 01:50:00,2025-07-01 02:08:00,2025-07-01 02:09:00,EXTEND,short,3307.5,3309.8,3309.8,3302.2,False,,3309.8,SL,-2.3,-26.92,1
2025-07-01 03:45:00,2025-07-01 03:51:00,2025-07-01 03:55:00,MSS,short,3319.2,3320.4,3320.4,3316.3,False,,3320.4,SL,-1.2,-16.22,4
2025-07-01 07:55:00,2025-07-01 08:01:00,2025-07-01 08:09:00,BOS,long,3322.1,3320.3,3322.1,3326.1,True,2025-07-01 08:05:00,3322.1,BE,0.0,-4.0,8
2025-07-01 09:25:00,2025-07-01 09:53:00,2025-07-01 13:00:00,EXTEND,long,3326.7,3322.8,3326.7,3335.8,True,2025-07-01 10:43:00,3335.8,TP,9.1,86.58,187
2025-07-01 13:50:00,2025-07-01 14:03:00,2025-07-01 14:07:00,MSS,short,3341.3,3342.8,3341.3,3337.8,True,2025-07-01 14:04:00,3337.8,TP,3.5,30.63,4
2025-07-01 14:20:00,2025-07-01 14:25:00,2025-07-01 14:40:00,BOS,short,3339.7,3342.0,3342.0,3334.4,False,,3342.0,SL,-2.3,-26.92,15
2025-07-01 15:30:00,2025-07-01 15:40:00,2025-07-01 17:23:00,EXTEND,long,3345.7,3342.0,3345.7,3354.3,True,2025-07-01 15:47:00,3354.3,TP,8.6,82.14,103
2025-07-01 18:35:00,2025-07-01 18:44:00,2025-07-01 18:47:00,MSS,short,3359.5,3360.6,3360.6,3356.8,False,,3360.6,SL,-1.1,-15.46,3
2025-07-01 19:30:00,2025-07-01 19:35:00,2025-07-01 20:20:00,EXTEND,long,3360.5,3357.6,3360.5,3367.4,True,2025-07-01 20:15:00,3367.4,TP,6.8,64.38,45
2025-07-01 20:20:00,2025-07-01 20:27:00,2025-07-01 21:05:00,EXTEND,long,3363.9,3360.4,3363.9,3372.0,True,2025-07-01 20:35:00,3363.9,BE,0.0,-4.0,38
2025-07-01 21:45:00,2025-07-01 21:58:00,2025-07-01 22:04:00,EXTEND,short,3364.8,3370.2,3364.8,3352.3,True,2025-07-01 22:00:00,3364.8,BE,0.0,-4.0,6
2025-07-01 22:05:00,2025-07-01 22:13:00,2025-07-01 22:42:00,EXTEND,long,3360.2,3356.1,3360.2,3369.7,True,2025-07-01 22:27:00,3360.2,BE,0.0,-4.0,29
2025-07-01 23:55:00,2025-07-02 00:00:00,2025-07-02 00:16:00,EXTEND,short,3352.1,3354.7,3354.7,3346.2,False,,3354.7,SL,-2.6,-29.59,16
2025-07-02 00:25:00,2025-07-02 00:33:00,2025-07-02 00:37:00,EXTEND,short,3352.9,3354.7,3354.7,3348.6,False,,3354.7,SL,-1.8,-22.34,4
2025-07-02 00:40:00,2025-07-02 01:01:00,2025-07-02 01:18:00,EXTEND,long,3352.2,3349.6,3349.6,3358.1,False,,3349.6,SL,-2.6,-29.59,17
2025-07-02 01:50:00,2025-07-02 02:07:00,2025-07-02 02:47:00,EXTEND,long,3350.9,3349.4,3349.4,3354.4,False,,3349.4,SL,-1.5,-18.9,40
2025-07-02 02:45:00,2025-07-02 02:51:00,2025-07-02 03:00:00,BOS,short,3350.4,3351.5,3350.4,3347.7,True,2025-07-02 02:57:00,3350.4,BE,0.0,-4.0,9
2025-07-02 03:10:00,2025-07-02 03:27:00,2025-07-02 04:00:00,MSS,long,3350.0,3348.6,3348.6,3353.2,False,,3348.6,SL,-1.4,-17.75,33
2025-07-02 08:00:00,2025-07-02 08:06:00,2025-07-02 08:09:00,EXTEND,short,3348.7,3352.2,3352.2,3340.5,False,,3352.2,SL,-3.5,-39.14,3
2025-07-02 08:10:00,2025-07-02 08:30:00,2025-07-02 09:11:00,EXTEND,long,3347.6,3343.0,3347.6,3358.2,True,2025-07-02 09:02:00,3347.6,BE,0.0,-4.0,41
2025-07-02 10:10:00,2025-07-02 10:34:00,2025-07-02 10:36:00,BOS,short,3341.7,3343.3,3343.3,3337.8,False,,3343.3,SL,-1.6,-20.43,2
2025-07-02 11:25:00,2025-07-02 11:47:00,2025-07-02 11:50:00,EXTEND,long,3348.1,3346.6,3348.1,3351.4,True,2025-07-02 11:48:00,3351.4,TP,3.4,29.74,3
2025-07-02 11:50:00,2025-07-02 11:56:00,2025-07-02 12:14:00,EXTEND,long,3349.8,3348.5,3349.8,3352.8,True,2025-07-02 12:05:00,3349.8,BE,0.0,-4.0,18
2025-07-02 12:50:00,2025-07-02 12:58:00,2025-07-02 13:00:00,EXTEND,long,3349.9,3349.2,3349.2,3351.6,False,,3349.2,SL,-0.7,-11.26,2
2025-07-02 13:20:00,2025-07-02 13:33:00,2025-07-02 13:36:00,EXTEND,long,3349.9,3347.8,3347.8,3354.8,False,,3347.8,SL,-2.1,-25.01,3
2025-07-02 15:25:00,2025-07-02 15:30:00,2025-07-02 15:42:00,EXTEND,short,3340.3,3342.3,3340.3,3335.7,True,2025-07-02 15:40:00,3340.3,BE,0.0,-4.0,12
2025-07-02 18:10:00,2025-07-02 18:16:00,2025-07-02 19:01:00,EXTEND,long,3351.2,3348.9,3351.2,3356.6,True,2025-07-02 18:28:00,3356.6,TP,5.4,50.17,45
2025-07-02 19:00:00,2025-07-02 19:16:00,2025-07-02 19:48:00,EXTEND,long,3353.7,3350.8,3350.8,3360.5,False,,3350.8,SL,-2.9,-33.03,32
2025-07-02 20:10:00,2025-07-02 20:15:00,2025-07-02 20:15:00,BOS,short,3351.7,3353.7,3353.7,3347.0,False,,3353.7,SL,-2.0,-24.25,0
2025-07-02 20:20:00,2025-07-02 20:33:00,2025-07-02 21:04:00,EXTEND,long,3353.3,3348.4,3353.3,3364.8,True,2025-07-02 20:40:00,3353.3,BE,0.0,-4.0,31
2025-07-02 21:35:00,2025-07-02 21:41:00,2025-07-02 21:47:00,MSS,short,3354.0,3356.5,3354.0,3348.2,True,2025-07-02 21:45:00,3348.2,TP,5.8,53.72,6
2025-07-03 00:30:00,2025-07-03 00:39:00,2025-07-03 00:40:00,MSS,short,3357.9,3359.0,3359.0,3355.3,False,,3359.0,SL,-1.1,-15.08,1
2025-07-03 01:05:00,2025-07-03 01:28:00,2025-07-03 01:47:00,EXTEND,long,3358.2,3356.1,3358.2,3363.2,True,2025-07-03 01:30:00,3358.2,BE,0.0,-4.0,19
2025-07-03 01:55:00,2025-07-03 02:04:00,2025-07-03 02:11:00,BOS,long,3359.0,3358.1,3359.0,3361.1,True,2025-07-03 02:04:00,3361.1,TP,2.1,17.31,7
2025-07-03 03:50:00,2025-07-03 07:10:00,2025-07-03 07:10:00,BOS,long,3367.3,3366.5,3366.5,3369.3,False,,3366.5,SL,-0.8,-12.4,0
2025-07-03 08:45:00,2025-07-03 08:56:00,2025-07-03 09:07:00,BOS,short,3357.0,3358.8,3357.0,3352.7,True,2025-07-03 08:59:00,3352.7,TP,4.3,38.62,11
2025-07-03 09:05:00,2025-07-03 09:12:00,2025-07-03 09:15:00,BOS,short,3355.2,3357.0,3357.0,3351.2,False,,3357.0,SL,-1.8,-21.57,3
2025-07-03 09:35:00,2025-07-03 09:50:00,2025-07-03 10:50:00,MSS,long,3355.1,3352.5,3355.1,3361.1,True,2025-07-03 10:01:00,3361.1,TP,6.0,56.38,60
2025-07-03 10:55:00,2025-07-03 11:16:00,2025-07-03 11:17:00,EXTEND,long,3359.5,3357.7,3357.7,3363.7,False,,3357.7,SL,-1.8,-21.95,1
2025-07-03 12:50:00,2025-07-03 12:56:00,2025-07-03 13:14:00,EXTEND,long,3361.0,3359.7,3361.0,3363.9,True,2025-07-03 12:59:00,3363.9,TP,2.9,25.3,18
2025-07-03 13:20:00,2025-07-03 13:30:00,2025-07-03 13:50:00,EXTEND,long,3362.8,3360.9,3362.8,3367.4,True,2025-07-03 13:46:00,3367.4,TP,4.5,41.29,20
2025-07-03 14:45:00,2025-07-03 14:53:00,2025-07-03 14:58:00,EXTEND,short,3370.0,3372.1,3372.1,3365.2,False,,3372.1,SL,-2.1,-24.63,5
2025-07-03 15:00:00,2025-07-03 15:07:00,2025-07-03 15:18:00,EXTEND,long,3369.3,3366.7,3366.7,3375.5,False,,3366.7,SL,-2.6,-30.36,11
2025-07-03 15:25:00,2025-07-03 15:30:00,2025-07-03 15:31:00,MSS,short,3367.0,3368.6,3368.6,3363.4,False,,3368.6,SL,-1.6,-19.66,1
2025-07-03 16:40:00,2025-07-03 17:03:00,2025-07-03 17:21:00,BOS,long,3364.4,3361.7,3361.7,3370.6,False,,3361.7,SL,-2.7,-30.74,18
2025-07-03 18:50:00,2025-07-03 19:10:00,2025-07-03 19:42:00,EXTEND,long,3359.3,3355.1,3355.1,3368.9,False,,3355.1,SL,-4.2,-45.64,32
2025-07-03 19:50:00,2025-07-03 20:03:00,2025-07-03 20:14:00,EXTEND,short,3357.1,3359.4,3357.1,3351.8,True,2025-07-03 20:06:00,3357.1,BE,0.0,-4.0,11
2025-07-03 20:20:00,2025-07-03 20:30:00,2025-07-03 20:30:00,EXTEND,long,3357.1,3353.9,3353.9,3364.7,False,,3353.9,SL,-3.2,-36.47,0
2025-07-03 21:40:00,2025-07-03 21:59:00,2025-07-03 22:00:00,BOS,long,3343.7,3340.6,3340.6,3350.9,False,,3340.6,SL,-3.1,-34.94,1
2025-07-03 22:00:00,2025-07-03 22:10:00,2025-07-03 23:02:00,EXTEND,short,3344.0,3348.7,3344.0,3333.0,True,2025-07-03 22:16:00,3333.0,TP,11.0,106.11,52
2025-07-03 23:00:00,2025-07-03 23:21:00,2025-07-04 00:46:00,EXTEND,short,3340.1,3344.8,3344.8,3329.3,False,,3344.8,SL,-4.7,-50.6,85
2025-07-04 00:50:00,2025-07-04 01:37:00,2025-07-04 04:25:00,EXTEND,long,3339.4,3335.8,3335.8,3347.7,False,,3335.8,SL,-3.6,-39.91,168
2025-07-04 07:45:00,2025-07-04 07:52:00,2025-07-04 07:53:00,EXTEND,long,3340.1,3339.0,3339.0,3342.8,False,,3339.0,SL,-1.1,-15.46,1
2025-07-04 08:15:00,2025-07-04 08:46:00,2025-07-04 09:09:00,EXTEND,short,3339.4,3342.0,3339.4,3333.5,True,2025-07-04 09:01:00,3339.4,BE,0.0,-4.0,23
2025-07-04 09:20:00,2025-07-04 09:37:00,2025-07-04 11:01:00,EXTEND,long,3339.0,3335.9,3335.9,3346.3,False,,3335.9,SL,-3.1,-35.32,84
2025-07-04 11:00:00,2025-07-04 11:07:00,2025-07-04 11:14:00,BOS,short,3337.7,3339.0,3339.0,3334.8,False,,3339.0,SL,-1.3,-16.61,7
2025-07-04 13:45:00,2025-07-04 14:03:00,2025-07-04 14:05:00,EXTEND,short,3350.9,3352.6,3352.6,3346.9,False,,3352.6,SL,-1.7,-21.19,2
2025-07-04 18:20:00,2025-07-04 18:26:00,2025-07-04 18:33:00,BOS,short,3345.2,3346.3,3345.2,3342.6,True,2025-07-04 18:28:00,3345.2,BE,0.0,-4.0,7
2025-07-04 18:40:00,2025-07-04 18:45:00,2025-07-04 18:48:00,EXTEND,short,3344.5,3346.3,3346.3,3340.2,False,,3346.3,SL,-1.8,-22.34,3
2025-07-04 19:35:00,2025-07-04 19:43:00,2025-07-04 19:47:00,BOS,long,3346.4,3345.3,3345.3,3348.9,False,,3345.3,SL,-1.1,-14.7,4
2025-07-04 20:00:00,2025-07-04 20:09:00,2025-07-04 20:09:00,EXTEND,short,3345.8,3347.2,3347.2,3342.5,False,,3347.2,SL,-1.4,-18.13,0
2025-07-04 20:45:00,2025-07-04 20:51:00,2025-07-04 21:09:00,EXTEND,short,3344.7,3347.0,3344.7,3339.5,True,2025-07-04 21:02:00,3344.7,BE,0.0,-4.0,18
2025-07-04 21:05:00,2025-07-04 21:14:00,2025-07-04 21:40:00,MSS,long,3343.3,3341.9,3343.3,3346.6,True,2025-07-04 21:35:00,3346.6,TP,3.3,28.86,26
2025-07-04 21:45:00,2025-07-04 21:53:00,2025-07-04 22:00:00,EXTEND,long,3344.9,3343.0,3343.0,3349.5,False,,3343.0,SL,-1.9,-23.48,7
2025-07-04 22:15:00,2025-07-04 22:20:00,2025-07-04 22:29:00,EXTEND,short,3342.9,3344.0,3344.0,3340.4,False,,3344.0,SL,-1.1,-14.7,9
2025-07-04 22:45:00,2025-07-04 22:55:00,2025-07-04 23:42:00,EXTEND,short,3342.7,3344.0,3342.7,3339.8,True,2025-07-04 23:31:00,3342.7,BE,0.0,-4.0,47
2025-07-07 07:55:00,2025-07-07 08:00:00,2025-07-07 08:04:00,MSS,long,3336.2,3335.1,3335.1,3338.9,False,,3335.1,SL,-1.1,-15.46,4
2025-07-07 08:30:00,2025-07-07 08:42:00,2025-07-07 08:58:00,BOS,short,3333.2,3335.2,3335.2,3328.6,False,,3335.2,SL,-2.0,-23.86,16
2025-07-07 08:55:00,2025-07-07 09:01:00,2025-07-07 09:01:00,MSS,long,3332.1,3330.0,3330.0,3337.1,False,,3330.0,SL,-2.1,-25.39,0
2025-07-07 09:20:00,2025-07-07 09:47:00,2025-07-07 15:57:00,EXTEND,short,3328.7,3336.9,3328.7,3309.6,True,2025-07-07 10:32:00,3309.6,TP,19.1,186.92,370
2025-07-07 15:55:00,2025-07-07 16:16:00,2025-07-07 16:36:00,EXTEND,short,3317.0,3321.7,3321.7,3306.1,False,,3321.7,SL,-4.7,-50.99,20
2025-07-07 17:35:00,2025-07-07 17:47:00,2025-07-07 17:50:00,EXTEND,short,3319.0,3321.3,3319.0,3313.6,True,2025-07-07 17:50:00,3319.0,BE,0.0,-4.0,3
2025-07-07 17:50:00,2025-07-07 17:56:00,2025-07-07 18:02:00,MSS,long,3318.0,3316.9,3318.0,3320.6,True,2025-07-07 18:01:00,3318.0,BE,0.0,-4.0,6
2025-07-07 18:15:00,2025-07-07 18:22:00,2025-07-07 18:27:00,EXTEND,long,3318.0,3316.9,3318.0,3320.7,True,2025-07-07 18:24:00,3318.0,BE,0.0,-4.0,5
2025-07-07 18:45:00,2025-07-07 19:08:00,2025-07-07 20:41:00,EXTEND,short,3314.0,3319.7,3319.7,3300.6,False,,3319.7,SL,-5.7,-61.3,93
2025-07-07 22:15:00,2025-07-07 22:25:00,2025-07-07 22:53:00,BOS,long,3325.0,3322.7,3325.0,3330.4,True,2025-07-07 22:37:00,3330.4,TP,5.4,50.17,28
2025-07-07 22:50:00,2025-07-07 23:06:00,2025-07-08 00:20:00,EXTEND,long,3326.5,3323.6,3326.5,3333.3,True,2025-07-07 23:22:00,3333.3,TP,6.7,63.49,74
2025-07-08 01:35:00,2025-07-08 02:06:00,2025-07-08 03:27:00,EXTEND,long,3339.3,3335.2,3339.3,3348.8,True,2025-07-08 02:43:00,3348.8,TP,9.5,91.02,81
2025-07-08 03:40:00,2025-07-08 03:56:00,2025-07-08 04:00:00,EXTEND,long,3347.7,3346.2,3346.2,3351.2,False,,3346.2,SL,-1.5,-18.9,4
2025-07-08 08:00:00,2025-07-08 08:05:00,2025-07-08 08:15:00,EXTEND,short,3345.4,3347.2,3347.2,3341.2,False,,3347.2,SL,-1.8,-21.95,10
2025-07-08 08:40:00,2025-07-08 08:49:00,2025-07-08 09:26:00,EXTEND,short,3344.8,3347.2,3344.8,3339.2,True,2025-07-08 09:06:00,3344.8,BE,0.0,-4.0,37
2025-07-08 09:35:00,2025-07-08 09:50:00,2025-07-08 09:52:00,MSS,long,3344.1,3342.2,3342.2,3348.4,False,,3342.2,SL,-1.9,-22.72,2
2025-07-08 10:50:00,2025-07-08 10:57:00,2025-07-08 11:02:00,EXTEND,long,3345.4,3343.7,3343.7,3349.4,False,,3343.7,SL,-1.7,-21.19,5
2025-07-08 11:20:00,2025-07-08 11:55:00,2025-07-08 12:06:00,EXTEND,short,3342.2,3343.8,3342.2,3338.6,True,2025-07-08 12:03:00,3342.2,BE,0.0,-4.0,11
2025-07-08 12:25:00,2025-07-08 12:33:00,2025-07-08 12:47:00,BOS,short,3341.4,3342.9,3341.4,3337.8,True,2025-07-08 12:36:00,3337.8,TP,3.6,31.52,14
2025-07-08 12:50:00,2025-07-08 13:00:00,2025-07-08 13:07:00,EXTEND,short,3339.8,3341.5,3341.5,3335.8,False,,3341.5,SL,-1.7,-21.19,7
2025-07-08 13:45:00,2025-07-08 13:50:00,2025-07-08 14:09:00,EXTEND,short,3345.4,3346.4,3345.4,3343.0,True,2025-07-08 13:57:00,3343.0,TP,2.4,19.98,19
2025-07-08 14:15:00,2025-07-08 14:23:00,2025-07-08 14:59:00,EXTEND,short,3344.0,3346.1,3346.1,3339.2,False,,3346.1,SL,-2.1,-24.63,36
2025-07-08 15:10:00,2025-07-08 15:24:00,2025-07-08 15:32:00,EXTEND,long,3345.2,3342.5,3342.5,3351.5,False,,3342.5,SL,-2.7,-31.12,8
2025-07-08 17:20:00,2025-07-08 17:28:00,2025-07-08 17:28:00,MSS,long,3334.1,3333.1,3333.1,3336.4,False,,3333.1,SL,-1.0,-13.93,0
2025-07-08 17:25:00,2025-07-08 17:30:00,2025-07-08 17:30:00,EXTEND,long,3334.3,3333.1,3333.1,3337.2,False,,3333.1,SL,-1.2,-16.22,0
2025-07-08 17:55:00,2025-07-08 18:05:00,2025-07-08 18:34:00,EXTEND,short,3333.6,3335.7,3333.6,3328.8,True,2025-07-08 18:19:00,3333.6,BE,0.0,-4.0,29
2025-07-08 19:15:00,2025-07-08 19:23:00,2025-07-08 19:27:00,BOS,long,3334.6,3333.2,3333.2,3337.9,False,,3333.2,SL,-1.4,-18.13,4
2025-07-08 19:40:00,2025-07-08 19:47:00,2025-07-08 20:03:00,EXTEND,short,3332.9,3335.3,3335.3,3327.3,False,,3335.3,SL,-2.4,-28.07,16
2025-07-08 20:35:00,2025-07-08 21:08:00,2025-07-08 21:16:00,EXTEND,long,3332.9,3329.0,3329.0,3342.0,False,,3329.0,SL,-3.9,-42.96,8
2025-07-08 21:15:00,2025-07-08 21:27:00,2025-07-08 21:49:00,EXTEND,short,3334.2,3338.3,3334.2,3324.6,True,2025-07-08 21:45:00,3324.6,TP,9.6,91.9,22
2025-07-08 23:10:00,2025-07-08 23:17:00,2025-07-08 23:49:00,EXTEND,short,3303.1,3307.7,3307.7,3292.3,False,,3307.7,SL,-4.6,-50.22,32
2025-07-08 23:50:00,2025-07-09 00:01:00,2025-07-09 00:13:00,EXTEND,long,3305.5,3303.3,3305.5,3310.7,True,2025-07-09 00:04:00,3305.5,BE,0.0,-4.0,12
2025-07-09 00:20:00,2025-07-09 00:31:00,2025-07-09 00:37:00,BOS,long,3306.9,3305.0,3305.0,3311.5,False,,3305.0,SL,-1.9,-23.48,6
2025-07-09 01:25:00,2025-07-09 01:44:00,2025-07-09 02:21:00,EXTEND,long,3314.9,3312.1,3312.1,3321.5,False,,3312.1,SL,-2.8,-32.27,37
2025-07-09 02:25:00,2025-07-09 02:39:00,2025-07-09 02:46:00,MSS,short,3312.7,3315.2,3315.2,3306.9,False,,3315.2,SL,-2.5,-28.83,7
2025-07-09 03:45:00,2025-07-09 03:51:00,2025-07-09 03:56:00,EXTEND,long,3313.3,3312.2,3312.2,3315.8,False,,3312.2,SL,-1.1,-14.7,5
2025-07-09 06:55:00,2025-07-09 07:00:00,2025-07-09 07:02:00,EXTEND,short,3309.9,3310.8,3310.8,3307.9,False,,3310.8,SL,-0.9,-12.79,2
2025-07-09 07:20:00,2025-07-09 07:29:00,2025-07-09 07:32:00,EXTEND,long,3310.0,3308.5,3308.5,3313.5,False,,3308.5,SL,-1.5,-18.9,3
2025-07-09 07:40:00,2025-07-09 07:50:00,2025-07-09 08:01:00,EXTEND,short,3309.6,3312.4,3312.4,3303.3,False,,3312.4,SL,-2.8,-31.5,11
2025-07-09 08:55:00,2025-07-09 09:00:00,2025-07-09 09:00:00,BOS,long,3314.1,3313.0,3313.0,3316.6,False,,3313.0,SL,-1.1,-14.7,0
2025-07-09 09:00:00,2025-07-09 09:05:00,2025-07-09 09:06:00,EXTEND,long,3314.1,3313.0,3314.1,3316.8,True,2025-07-09 09:05:00,3314.1,BE,0.0,-4.0,1
2025-07-09 09:10:00,2025-07-09 09:20:00,2025-07-09 09:23:00,EXTEND,short,3313.5,3315.8,3315.8,3308.1,False,,3315.8,SL,-2.3,-27.3,3
2025-07-09 13:00:00,2025-07-09 13:06:00,2025-07-09 13:09:00,EXTEND,short,3303.1,3304.8,3304.8,3299.2,False,,3304.8,SL,-1.7,-20.81,3
2025-07-09 13:05:00,2025-07-09 13:20:00,2025-07-09 13:27:00,MSS,long,3302.6,3300.4,3300.4,3307.6,False,,3300.4,SL,-2.2,-25.77,7
2025-07-09 14:35:00,2025-07-09 14:40:00,2025-07-09 14:42:00,EXTEND,short,3297.1,3299.6,3299.6,3291.3,False,,3299.6,SL,-2.5,-28.83,2
2025-07-09 15:15:00,2025-07-09 15:31:00,2025-07-09 16:13:00,EXTEND,long,3296.8,3293.1,3296.8,3305.3,True,2025-07-09 15:40:00,3296.8,BE,0.0,-4.0,42
2025-07-09 16:35:00,2025-07-09 16:41:00,2025-07-09 16:44:00,BOS,short,3293.0,3294.9,3294.9,3288.7,False,,3294.9,SL,-1.9,-22.72,3
2025-07-09 16:45:00,2025-07-09 16:56:00,2025-07-09 18:02:00,MSS,long,3292.8,3290.0,3292.8,3299.4,True,2025-07-09 17:08:00,3299.4,TP,6.6,61.71,66
2025-07-09 18:05:00,2025-07-09 18:12:00,2025-07-09 18:34:00,EXTEND,long,3297.2,3295.3,3297.2,3301.5,True,2025-07-09 18:30:00,3301.5,TP,4.4,39.51,22
2025-07-09 18:45:00,2025-07-09 19:21:00,2025-07-09 19:29:00,EXTEND,long,3299.1,3296.0,3296.0,3306.4,False,,3296.0,SL,-3.1,-35.32,8
2025-07-09 19:55:00,2025-07-09 20:00:00,2025-07-09 20:01:00,BOS,short,3293.3,3294.7,3294.7,3290.1,False,,3294.7,SL,-1.4,-17.75,1
2025-07-09 20:55:00,2025-07-09 21:00:00,2025-07-09 21:13:00,EXTEND,long,3303.1,3301.2,3303.1,3307.7,True,2025-07-09 21:00:00,3307.7,TP,4.5,41.29,13
2025-07-09 21:20:00,2025-07-09 21:25:00,2025-07-09 21:27:00,EXTEND,long,3305.0,3303.1,3303.1,3309.3,False,,3303.1,SL,-1.9,-22.72,2
2025-07-09 21:35:00,2025-07-09 21:43:00,2025-07-09 21:48:00,MSS,short,3305.1,3307.7,3305.1,3298.9,True,2025-07-09 21:46:00,3305.1,BE,0.0,-4.0,5
2025-07-09 23:35:00,2025-07-09 23:43:00,2025-07-09 23:50:00,BOS,short,3317.2,3318.9,3318.9,3313.2,False,,3318.9,SL,-1.7,-21.19,7
2025-07-10 00:50:00,2025-07-10 00:57:00,2025-07-10 01:04:00,BOS,long,3320.3,3319.2,3319.2,3322.8,False,,3319.2,SL,-1.1,-14.7,7
2025-07-10 01:00:00,2025-07-10 01:09:00,2025-07-10 01:11:00,MSS,short,3321.0,3322.7,3322.7,3317.1,False,,3322.7,SL,-1.7,-20.81,2
2025-07-10 01:10:00,2025-07-10 01:21:00,2025-07-10 01:43:00,MSS,long,3320.3,3318.3,3318.3,3324.9,False,,3318.3,SL,-2.0,-23.86,22
2025-07-10 02:00:00,2025-07-10 02:06:00,2025-07-10 02:08:00,EXTEND,short,3318.7,3320.0,3320.0,3315.7,False,,3320.0,SL,-1.3,-16.99,2
2025-07-10 02:40:00,2025-07-10 02:51:00,2025-07-10 02:55:00,EXTEND,short,3320.3,3321.3,3321.3,3317.9,False,,3321.3,SL,-1.0,-14.31,4
2025-07-10 07:00:00,2025-07-10 07:06:00,2025-07-10 07:17:00,MSS,short,3326.4,3328.2,3326.4,3322.4,True,2025-07-10 07:13:00,3326.4,BE,0.0,-4.0,11
2025-07-10 08:05:00,2025-07-10 08:15:00,2025-07-10 08:32:00,MSS,long,3325.3,3324.0,3325.3,3328.3,True,2025-07-10 08:18:00,3328.3,TP,3.0,26.19,17
2025-07-10 08:40:00,2025-07-10 08:53:00,2025-07-10 09:26:00,EXTEND,long,3326.3,3324.0,3326.3,3331.7,True,2025-07-10 09:10:00,3331.7,TP,5.4,50.17,33
2025-07-10 10:15:00,2025-07-10 10:21:00,2025-07-10 10:43:00,EXTEND,short,3331.0,3332.1,3331.0,3328.5,True,2025-07-10 10:39:00,3328.5,TP,2.5,20.86,22
2025-07-10 11:40:00,2025-07-10 11:47:00,2025-07-10 11:55:00,MSS,long,3326.8,3325.4,3325.4,3330.0,False,,3325.4,SL,-1.4,-17.75,8
2025-07-10 12:05:00,2025-07-10 12:43:00,2025-07-10 12:52:00,EXTEND,short,3326.9,3329.1,3329.1,3321.9,False,,3329.1,SL,-2.2,-25.77,9
2025-07-10 14:20:00,2025-07-10 14:44:00,2025-07-10 15:41:00,EXTEND,long,3332.2,3329.3,3332.2,3338.8,True,2025-07-10 15:00:00,3332.2,BE,0.0,-4.0,57
2025-07-10 18:20:00,2025-07-10 18:35:00,2025-07-10 18:41:00,EXTEND,short,3335.5,3338.4,3335.5,3328.9,True,2025-07-10 18:39:00,3335.5,BE,0.0,-4.0,6
2025-07-10 18:50:00,2025-07-10 18:56:00,2025-07-10 19:17:00,EXTEND,long,3334.5,3332.5,3334.5,3339.2,True,2025-07-10 19:00:00,3339.2,TP,4.7,43.06,21
2025-07-10 19:15:00,2025-07-10 19:31:00,2025-07-10 19:39:00,BOS,long,3336.2,3334.0,3334.0,3341.4,False,,3334.0,SL,-2.2,-26.16,8
2025-07-10 20:20:00,2025-07-10 20:30:00,2025-07-10 20:36:00,MSS,long,3328.5,3326.8,3328.5,3332.4,True,2025-07-10 20:33:00,3332.4,TP,3.9,35.07,6
2025-07-10 21:30:00,2025-07-10 21:37:00,2025-07-10 21:45:00,EXTEND,short,3336.0,3339.0,3336.0,3329.1,True,2025-07-10 21:42:00,3329.1,TP,6.9,65.26,8
2025-07-10 22:00:00,2025-07-10 22:16:00,2025-07-10 23:26:00,EXTEND,short,3330.1,3336.9,3330.1,3314.2,True,2025-07-10 22:28:00,3330.1,BE,0.0,-4.0,70
2025-07-11 00:40:00,2025-07-11 01:05:00,2025-07-11 02:51:00,EXTEND,short,3326.0,3329.4,3329.4,3318.2,False,,3329.4,SL,-3.4,-37.62,106
2025-07-11 07:40:00,2025-07-11 07:52:00,2025-07-11 07:53:00,EXTEND,long,3334.5,3333.3,3333.3,3337.2,False,,3333.3,SL,-1.2,-15.84,1
2025-07-11 08:10:00,2025-07-11 08:21:00,2025-07-11 08:30:00,EXTEND,long,3334.9,3333.3,3334.9,3338.6,True,2025-07-11 08:23:00,3338.6,TP,3.7,33.3,9
2025-07-11 09:25:00,2025-07-11 10:15:00,2025-07-11 13:21:00,EXTEND,short,3342.7,3347.0,3347.0,3332.8,False,,3347.0,SL,-4.3,-46.78,186
2025-07-11 13:25:00,2025-07-11 13:45:00,2025-07-11 14:50:00,EXTEND,long,3346.2,3340.7,3346.2,3358.9,True,2025-07-11 14:15:00,3346.2,BE,0.0,-4.0,65
2025-07-11 17:00:00,2025-07-11 17:33:00,2025-07-11 17:56:00,EXTEND,short,3346.9,3349.8,3349.8,3340.1,False,,3349.8,SL,-2.9,-33.03,23
2025-07-11 19:45:00,2025-07-11 20:14:00,2025-07-11 20:24:00,EXTEND,long,3356.5,3353.1,3356.5,3364.5,True,2025-07-11 20:20:00,3356.5,BE,0.0,-4.0,10
2025-07-11 21:15:00,2025-07-11 21:21:00,2025-07-11 21:21:00,EXTEND,long,3367.2,3365.1,3365.1,3372.2,False,,3365.1,SL,-2.1,-25.39,0
2025-07-11 21:25:00,2025-07-11 21:32:00,2025-07-11 21:33:00,EXTEND,short,3367.3,3370.7,3370.7,3359.3,False,,3370.7,SL,-3.4,-38.38,1
2025-07-11 21:35:00,2025-07-11 21:41:00,2025-07-11 22:50:00,MSS,long,3365.4,3361.7,3365.4,3374.1,True,2025-07-11 22:29:00,3374.1,TP,8.7,83.02,69
2025-07-11 23:20:00,2025-07-11 23:36:00,2025-07-11 23:39:00,EXTEND,long,3376.6,3373.5,3373.5,3383.8,False,,3373.5,SL,-3.1,-34.94,3
2025-07-12 02:20:00,2025-07-12 02:26:00,2025-07-12 02:57:00,EXTEND,long,3370.0,3368.5,3370.0,3373.5,True,2025-07-12 02:32:00,3370.0,BE,0.0,-4.0,31
2025-07-12 03:05:00,2025-07-12 03:10:00,2025-07-12 03:57:00,EXTEND,long,3370.6,3368.5,3370.6,3375.5,True,2025-07-12 03:29:00,3370.6,BE,0.0,-4.0,47
2025-07-14 07:15:00,2025-07-14 07:22:00,2025-07-14 07:23:00,EXTEND,long,3386.6,3384.9,3384.9,3390.5,False,,3384.9,SL,-1.7,-20.81,1
2025-07-14 08:05:00,2025-07-14 08:14:00,2025-07-14 08:26:00,EXTEND,short,3382.4,3384.6,3384.6,3377.2,False,,3384.6,SL,-2.2,-26.16,12
2025-07-14 08:30:00,2025-07-14 08:59:00,2025-07-14 09:08:00,EXTEND,long,3382.3,3378.8,3378.8,3390.4,False,,3378.8,SL,-3.5,-38.76,9
2025-07-14 09:45:00,2025-07-14 09:51:00,2025-07-14 10:09:00,BOS,short,3374.8,3376.4,3374.8,3371.1,True,2025-07-14 10:00:00,3371.1,TP,3.7,33.3,18
2025-07-14 10:15:00,2025-07-14 10:25:00,2025-07-14 10:50:00,EXTEND,short,3373.8,3375.9,3373.8,3369.0,True,2025-07-14 10:34:00,3373.8,BE,0.0,-4.0,25
2025-07-14 11:10:00,2025-07-14 11:15:00,2025-07-14 11:16:00,MSS,long,3373.2,3372.1,3372.1,3375.8,False,,3372.1,SL,-1.1,-15.08,1
2025-07-14 11:50:00,2025-07-14 11:55:00,2025-07-14 11:57:00,BOS,short,3372.3,3373.2,3373.2,3370.2,False,,3373.2,SL,-0.9,-13.17,2
2025-07-14 12:05:00,2025-07-14 12:11:00,2025-07-14 12:15:00,EXTEND,short,3371.9,3373.2,3371.9,3369.0,True,2025-07-14 12:14:00,3371.9,BE,0.0,-4.0,4
2025-07-14 12:20:00,2025-07-14 12:25:00,2025-07-14 12:32:00,EXTEND,short,3371.6,3373.2,3371.6,3368.0,True,2025-07-14 12:27:00,3371.6,BE,0.0,-4.0,7
2025-07-14 12:35:00,2025-07-14 13:03:00,2025-07-14 13:26:00,MSS,long,3371.9,3369.1,3369.1,3378.5,False,,3369.1,SL,-2.8,-32.27,23
2025-07-14 13:25:00,2025-07-14 13:30:00,2025-07-14 14:15:00,EXTEND,short,3370.8,3373.7,3373.7,3363.9,False,,3373.7,SL,-2.9,-33.41,45
2025-07-14 15:30:00,2025-07-14 15:37:00,2025-07-14 16:26:00,EXTEND,long,3381.5,3378.5,3378.5,3388.4,False,,3378.5,SL,-3.0,-33.8,49
2025-07-14 17:30:00,2025-07-14 17:57:00,2025-07-14 18:00:00,EXTEND,short,3380.1,3383.3,3383.3,3372.8,False,,3383.3,SL,-3.2,-35.71,3
2025-07-14 19:05:00,2025-07-14 19:15:00,2025-07-14 19:19:00,MSS,short,3382.7,3383.8,3382.7,3380.1,True,2025-07-14 19:18:00,3382.7,BE,0.0,-4.0,4
2025-07-14 21:50:00,2025-07-14 22:00:00,2025-07-14 22:19:00,EXTEND,long,3361.9,3358.8,3358.8,3369.2,False,,3358.8,SL,-3.1,-35.32,19
2025-07-14 23:35:00,2025-07-14 23:59:00,2025-07-15 01:31:00,EXTEND,long,3352.2,3349.0,3352.2,3359.8,True,2025-07-15 00:22:00,3359.8,TP,7.5,71.48,92
2025-07-15 01:30:00,2025-07-15 02:09:00,2025-07-15 02:28:00,EXTEND,long,3357.2,3355.4,3357.2,3361.5,True,2025-07-15 02:17:00,3357.2,BE,0.0,-4.0,19
2025-07-15 07:00:00,2025-07-15 07:08:00,2025-07-15 08:10:00,EXTEND,long,3353.1,3351.8,3353.1,3356.0,True,2025-07-15 07:40:00,3356.0,TP,2.9,25.3,62
2025-07-15 08:45:00,2025-07-15 08:52:00,2025-07-15 09:32:00,EXTEND,long,3355.3,3353.6,3355.3,3359.3,True,2025-07-15 08:57:00,3359.3,TP,4.0,35.96,40
2025-07-15 09:30:00,2025-07-15 09:42:00,2025-07-15 09:42:00,BOS,long,3357.5,3356.3,3356.3,3360.4,False,,3356.3,SL,-1.2,-16.22,0
2025-07-15 09:50:00,2025-07-15 10:09:00,2025-07-15 10:19:00,EXTEND,short,3357.6,3359.5,3359.5,3353.3,False,,3359.5,SL,-1.9,-22.72,10
2025-07-15 10:20:00,2025-07-15 10:30:00,2025-07-15 11:16:00,EXTEND,long,3357.2,3354.6,3357.2,3363.4,True,2025-07-15 11:00:00,3363.4,TP,6.1,57.27,46
2025-07-15 12:35:00,2025-07-15 12:40:00,2025-07-15 12:44:00,MSS,short,3369.8,3370.3,3369.8,3368.6,True,2025-07-15 12:40:00,3369.8,BE,0.0,-4.0,4
2025-07-15 12:40:00,2025-07-15 12:45:00,2025-07-15 12:45:00,EXTEND,short,3369.7,3370.3,3370.3,3368.4,False,,3370.3,SL,-0.6,-9.73,0
2025-07-15 13:45:00,2025-07-15 13:59:00,2025-07-15 14:05:00,EXTEND,long,3371.1,3368.9,3368.9,3376.1,False,,3368.9,SL,-2.2,-25.77,6
2025-07-15 14:05:00,2025-07-15 14:12:00,2025-07-15 15:02:00,EXTEND,short,3372.1,3374.6,3372.1,3366.2,True,2025-07-15 14:20:00,3366.2,TP,5.9,54.61,50
2025-07-15 15:45:00,2025-07-15 16:02:00,2025-07-15 16:15:00,EXTEND,long,3371.5,3370.0,3371.5,3374.8,True,2025-07-15 16:06:00,3371.5,BE,0.0,-4.0,13
2025-07-15 16:25:00,2025-07-15 16:36:00,2025-07-15 18:05:00,EXTEND,short,3370.8,3374.3,3374.3,3362.7,False,,3374.3,SL,-3.5,-38.76,89
2025-07-15 18:20:00,2025-07-15 18:30:00,2025-07-15 19:04:00,EXTEND,long,3371.9,3369.7,3369.7,3377.1,False,,3369.7,SL,-2.2,-26.16,34
2025-07-15 19:35:00,2025-07-15 19:41:00,2025-07-15 19:45:00,BOS,short,3367.2,3368.3,3367.2,3364.5,True,2025-07-15 19:42:00,3364.5,TP,2.7,22.64,4
2025-07-15 20:15:00,2025-07-15 20:23:00,2025-07-15 20:30:00,EXTEND,short,3363.8,3367.5,3367.5,3355.3,False,,3367.5,SL,-3.7,-40.67,7
2025-07-15 22:35:00,2025-07-15 22:49:00,2025-07-15 23:19:00,EXTEND,long,3354.7,3351.2,3351.2,3362.9,False,,3351.2,SL,-3.5,-39.14,30
2025-07-16 00:15:00,2025-07-16 00:31:00,2025-07-16 01:12:00,EXTEND,short,3333.9,3337.9,3337.9,3324.4,False,,3337.9,SL,-4.0,-44.49,41
2025-07-16 01:10:00,2025-07-16 01:28:00,2025-07-16 01:37:00,BOS,long,3336.2,3334.7,3334.7,3339.7,False,,3334.7,SL,-1.5,-18.9,9
2025-07-16 01:50:00,2025-07-16 02:05:00,2025-07-16 02:38:00,EXTEND,short,3336.2,3338.6,3336.2,3330.6,True,2025-07-16 02:19:00,3336.2,BE,-0.0,-4.07,33
2025-07-16 02:45:00,2025-07-16 03:05:00,2025-07-16 04:22:00,EXTEND,long,3334.7,3332.4,3334.7,3340.0,True,2025-07-16 03:53:00,3334.7,BE,0.0,-4.0,77
2025-07-16 08:10:00,2025-07-16 08:17:00,2025-07-16 08:33:00,MSS,short,3337.0,3338.3,3338.3,3334.0,False,,3338.3,SL,-1.3,-16.99,16
2025-07-16 09:05:00,2025-07-16 09:12:00,2025-07-16 09:18:00,EXTEND,short,3337.7,3339.3,3339.3,3333.8,False,,3339.3,SL,-1.6,-20.43,6
2025-07-16 09:30:00,2025-07-16 09:43:00,2025-07-16 10:05:00,EXTEND,long,3337.3,3335.0,3335.0,3342.7,False,,3335.0,SL,-2.3,-27.3,22
2025-07-16 10:05:00,2025-07-16 10:32:00,2025-07-16 10:54:00,BOS,short,3336.8,3338.7,3336.8,3332.5,True,2025-07-16 10:41:00,3332.5,TP,4.4,39.51,22
2025-07-16 10:50:00,2025-07-16 11:03:00,2025-07-16 11:20:00,BOS,short,3335.0,3337.3,3337.3,3329.8,False,,3337.3,SL,-2.3,-26.54,17
2025-07-16 12:20:00,2025-07-16 12:26:00,2025-07-16 12:29:00,MSS,short,3340.5,3341.5,3341.5,3338.3,False,,3341.5,SL,-1.0,-13.55,3
2025-07-16 13:45:00,2025-07-16 13:53:00,2025-07-16 14:04:00,EXTEND,short,3344.6,3346.2,3346.2,3340.7,False,,3346.2,SL,-1.6,-20.43,11
2025-07-16 15:10:00,2025-07-16 15:19:00,2025-07-16 16:02:00,EXTEND,short,3346.6,3348.7,3346.6,3341.7,True,2025-07-16 15:29:00,3346.6,BE,0.0,-4.0,43
2025-07-16 17:15:00,2025-07-16 17:25:00,2025-07-16 17:39:00,EXTEND,short,3348.3,3349.7,3348.3,3345.0,True,2025-07-16 17:26:00,3348.3,BE,0.0,-4.0,14
2025-07-16 17:45:00,2025-07-16 17:59:00,2025-07-16 18:05:00,EXTEND,long,3347.1,3346.0,3346.0,3349.7,False,,3346.0,SL,-1.1,-15.08,6
2025-07-16 18:55:00,2025-07-16 19:16:00,2025-07-16 19:30:00,BOS,short,3344.1,3346.0,3344.1,3339.5,True,2025-07-16 19:19:00,3344.1,BE,0.0,-4.0,14
2025-07-16 19:40:00,2025-07-16 19:45:00,2025-07-16 19:52:00,MSS,long,3343.7,3342.4,3343.7,3346.7,True,2025-07-16 19:45:00,3346.7,TP,3.0,26.19,7
2025-07-16 19:50:00,2025-07-16 20:04:00,2025-07-16 20:15:00,EXTEND,long,3344.5,3342.4,3344.5,3349.4,True,2025-07-16 20:07:00,3344.5,BE,0.0,-4.0,11
2025-07-16 20:25:00,2025-07-16 20:33:00,2025-07-16 20:48:00,EXTEND,short,3345.4,3348.5,3345.4,3338.1,True,2025-07-16 20:35:00,3338.1,TP,7.3,68.82,15
2025-07-16 20:45:00,2025-07-16 20:54:00,2025-07-16 21:15:00,BOS,short,3342.0,3344.7,3342.0,3335.8,True,2025-07-16 21:13:00,3342.0,BE,0.0,-4.0,21
2025-07-16 21:15:00,2025-07-16 21:29:00,2025-07-16 21:32:00,MSS,long,3342.0,3339.1,3339.1,3348.8,False,,3339.1,SL,-2.9,-33.03,3
2025-07-16 21:50:00,2025-07-16 22:05:00,2025-07-16 22:23:00,EXTEND,short,3334.4,3338.4,3334.4,3325.2,True,2025-07-16 22:16:00,3334.4,BE,0.0,-4.0,18
2025-07-16 22:25:00,2025-07-16 22:30:00,2025-07-16 22:32:00,EXTEND,long,3331.6,3328.7,3328.7,3338.5,False,,3328.7,SL,-2.9,-33.41,2
2025-07-16 22:30:00,2025-07-16 22:36:00,2025-07-16 22:54:00,MSS,short,3332.4,3336.4,3336.4,3323.2,False,,3336.4,SL,-4.0,-43.73,18
2025-07-16 23:30:00,2025-07-16 23:35:00,2025-07-16 23:42:00,BOS,long,3376.3,3370.5,3370.5,3389.8,False,,3370.5,SL,-5.8,-62.06,7
2025-07-16 23:55:00,2025-07-17 00:14:00,2025-07-17 15:22:00,BOS,short,3362.4,3374.4,3362.4,3334.4,True,2025-07-17 08:04:00,3334.4,TP,28.0,275.72,848
2025-07-17 17:10:00,2025-07-17 17:19:00,2025-07-17 17:22:00,EXTEND,short,3335.5,3337.3,3337.3,3331.3,False,,3337.3,SL,-1.8,-21.95,3
2025-07-17 17:20:00,2025-07-17 17:31:00,2025-07-17 17:49:00,MSS,long,3334.6,3332.6,3332.6,3339.3,False,,3332.6,SL,-2.0,-24.25,18
2025-07-17 17:50:00,2025-07-17 18:30:00,2025-07-17 19:01:00,EXTEND,short,3335.0,3337.9,3335.0,3328.2,True,2025-07-17 18:56:00,3328.2,TP,6.7,63.49,31
2025-07-17 19:00:00,2025-07-17 19:09:00,2025-07-17 20:30:00,EXTEND,short,3334.2,3337.9,3334.2,3325.5,True,2025-07-17 19:35:00,3325.5,TP,8.7,83.02,81
2025-07-17 20:55:00,2025-07-17 21:57:00,2025-07-17 22:19:00,EXTEND,short,3326.4,3333.9,3333.9,3309.0,False,,3333.9,SL,-7.5,-78.87,22
2025-07-17 23:00:00,2025-07-17 23:06:00,2025-07-17 23:29:00,BOS,long,3338.4,3336.2,3338.4,3343.6,True,2025-07-17 23:25:00,3343.6,TP,5.2,47.5,23
2025-07-18 00:30:00,2025-07-18 00:39:00,2025-07-18 01:27:00,EXTEND,long,3342.3,3340.6,3342.3,3346.2,True,2025-07-18 00:43:00,3346.2,TP,3.9,35.07,48
2025-07-18 01:25:00,2025-07-18 01:30:00,2025-07-18 01:35:00,EXTEND,long,3344.8,3343.7,3343.7,3347.4,False,,3343.7,SL,-1.1,-15.08,5
2025-07-18 03:45:00,2025-07-18 03:55:00,2025-07-18 04:37:00,EXTEND,long,3344.0,3342.4,3344.0,3347.7,True,2025-07-18 03:59:00,3344.0,BE,-0.0,-4.04,42
2025-07-18 08:30:00,2025-07-18 09:01:00,2025-07-18 09:02:00,EXTEND,short,3346.6,3348.7,3348.7,3341.7,False,,3348.7,SL,-2.1,-25.01,1
2025-07-18 09:50:00,2025-07-18 10:01:00,2025-07-18 10:07:00,MSS,long,3342.4,3340.5,3342.4,3346.7,True,2025-07-18 10:04:00,3346.7,TP,4.4,39.51,6
2025-07-18 10:20:00,2025-07-18 10:48:00,2025-07-18 11:20:00,EXTEND,long,3345.2,3342.1,3342.1,3352.4,False,,3342.1,SL,-3.1,-34.94,32
2025-07-18 12:40:00,2025-07-18 12:48:00,2025-07-18 12:59:00,EXTEND,short,3341.6,3342.7,3342.7,3338.9,False,,3342.7,SL,-1.1,-15.46,11
2025-07-18 13:10:00,2025-07-18 13:33:00,2025-07-18 13:56:00,EXTEND,long,3341.9,3339.6,3339.6,3347.3,False,,3339.6,SL,-2.3,-27.3,23
2025-07-18 14:05:00,2025-07-18 14:11:00,2025-07-18 14:14:00,EXTEND,short,3339.8,3341.6,3341.6,3335.8,False,,3341.6,SL,-1.8,-21.57,3
2025-07-18 15:55:00,2025-07-18 16:03:00,2025-07-18 16:08:00,BOS,long,3354.5,3353.5,3354.5,3356.9,True,2025-07-18 16:04:00,3354.5,BE,0.0,-4.0,5
2025-07-18 16:15:00,2025-07-18 16:30:00,2025-07-18 16:44:00,EXTEND,short,3354.7,3356.2,3354.7,3351.1,True,2025-07-18 16:38:00,3354.7,BE,0.0,-4.0,14
2025-07-18 16:55:00,2025-07-18 17:01:00,2025-07-18 17:04:00,BOS,short,3353.9,3354.8,3354.8,3351.8,False,,3354.8,SL,-0.9,-13.17,3
2025-07-18 17:35:00,2025-07-18 17:56:00,2025-07-18 18:03:00,EXTEND,long,3358.0,3356.2,3356.2,3362.0,False,,3356.2,SL,-1.8,-21.57,7
2025-07-18 18:05:00,2025-07-18 18:16:00,2025-07-18 18:32:00,EXTEND,short,3358.1,3360.8,3358.1,3351.8,True,2025-07-18 18:20:00,3358.1,BE,0.0,-4.0,16
2025-07-18 18:40:00,2025-07-18 18:54:00,2025-07-18 19:22:00,EXTEND,long,3356.6,3355.2,3356.6,3359.8,True,2025-07-18 19:02:00,3359.8,TP,3.2,27.97,28
2025-07-18 19:45:00,2025-07-18 19:53:00,2025-07-18 20:14:00,EXTEND,long,3360.6,3358.3,3360.6,3365.9,True,2025-07-18 20:01:00,3365.9,TP,5.3,49.28,21
2025-07-18 20:50:00,2025-07-18 21:23:00,2025-07-18 21:30:00,EXTEND,long,3363.0,3359.9,3363.0,3370.2,True,2025-07-18 21:28:00,3363.0,BE,0.0,-4.0,7
2025-07-18 21:35:00,2025-07-18 21:55:00,2025-07-18 22:35:00,EXTEND,short,3363.3,3366.4,3363.3,3356.2,True,2025-07-18 22:15:00,3363.3,BE,0.0,-4.0,40
2025-07-18 23:45:00,2025-07-18 23:53:00,2025-07-19 00:09:00,EXTEND,long,3360.2,3358.5,3360.2,3364.1,True,2025-07-19 00:05:00,3360.2,BE,0.0,-4.0,16
2025-07-19 00:10:00,2025-07-19 00:19:00,2025-07-19 00:33:00,MSS,short,3359.9,3362.1,3362.1,3354.9,False,,3362.1,SL,-2.2,-25.77,14
2025-07-19 00:35:00,2025-07-19 00:42:00,2025-07-19 02:13:00,EXTEND,long,3359.5,3356.4,3356.4,3366.6,False,,3356.4,SL,-3.1,-34.56,91
2025-07-19 02:10:00,2025-07-19 02:24:00,2025-07-19 03:03:00,MSS,short,3358.4,3359.8,3358.4,3355.1,True,2025-07-19 02:45:00,3358.4,BE,0.0,-4.0,39
2025-07-19 03:00:00,2025-07-19 03:08:00,2025-07-19 03:11:00,MSS,long,3357.8,3357.2,3357.2,3359.1,False,,3357.2,SL,-0.6,-9.73,3
2025-07-21 06:55:00,2025-07-21 07:04:00,2025-07-21 07:04:00,MSS,long,3353.6,3353.0,3353.0,3355.0,False,,3353.0,SL,-0.6,-10.11,0
2025-07-21 08:55:00,2025-07-21 09:02:00,2025-07-21 09:03:00,MSS,short,3359.7,3360.7,3360.7,3357.3,False,,3360.7,SL,-1.0,-14.31,1
2025-07-21 09:30:00,2025-07-21 09:48:00,2025-07-21 10:04:00,EXTEND,long,3360.9,3358.0,3360.9,3367.5,True,2025-07-21 09:50:00,3360.9,BE,0.0,-4.0,16
2025-07-21 10:45:00,2025-07-21 11:11:00,2025-07-21 12:06:00,EXTEND,short,3361.8,3363.9,3361.8,3356.9,True,2025-07-21 11:35:00,3356.9,TP,4.9,44.84,55
2025-07-21 12:05:00,2025-07-21 12:13:00,2025-07-21 12:15:00,MSS,long,3357.7,3357.1,3357.1,3359.0,False,,3357.1,SL,-0.6,-9.73,2
2025-07-21 14:05:00,2025-07-21 14:10:00,2025-07-21 14:15:00,EXTEND,short,3374.5,3375.8,3374.5,3371.5,True,2025-07-21 14:13:00,3374.5,BE,0.0,-4.0,5
2025-07-21 14:35:00,2025-07-21 14:58:00,2025-07-21 15:18:00,EXTEND,long,3374.7,3372.4,3374.7,3379.9,True,2025-07-21 15:03:00,3374.7,BE,0.0,-4.0,20
2025-07-21 16:25:00,2025-07-21 16:32:00,2025-07-21 16:36:00,EXTEND,long,3372.1,3371.1,3372.1,3374.4,True,2025-07-21 16:33:00,3374.4,TP,2.3,19.09,4
2025-07-21 16:35:00,2025-07-21 16:40:00,2025-07-21 17:02:00,EXTEND,long,3372.4,3371.1,3372.4,3375.5,True,2025-07-21 16:49:00,3372.4,BE,0.0,-4.0,22
2025-07-21 17:40:00,2025-07-21 17:54:00,2025-07-21 17:59:00,EXTEND,short,3372.6,3374.1,3374.1,3369.1,False,,3374.1,SL,-1.5,-18.9,5
2025-07-21 18:05:00,2025-07-21 18:27:00,2025-07-21 19:16:00,EXTEND,long,3372.4,3370.2,3372.4,3377.4,True,2025-07-21 19:08:00,3377.4,TP,5.1,46.62,49
2025-07-21 20:00:00,2025-07-21 20:12:00,2025-07-21 20:18:00,EXTEND,long,3382.3,3380.8,3382.3,3385.9,True,2025-07-21 20:17:00,3385.9,TP,3.6,31.52,6
2025-07-21 21:15:00,2025-07-21 21:23:00,2025-07-21 21:26:00,BOS,long,3396.3,3395.0,3395.0,3399.3,False,,3395.0,SL,-1.3,-16.99,3
2025-07-21 23:25:00,2025-07-21 23:37:00,2025-07-22 00:15:00,EXTEND,long,3412.3,3409.4,3409.4,3419.1,False,,3409.4,SL,-2.9,-33.03,38
2025-07-22 00:15:00,2025-07-22 00:31:00,2025-07-22 01:10:00,EXTEND,short,3411.6,3413.6,3411.6,3407.0,True,2025-07-22 00:45:00,3407.0,TP,4.6,42.18,39
2025-07-22 01:30:00,2025-07-22 02:00:00,2025-07-22 02:58:00,EXTEND,short,3408.4,3410.3,3408.4,3404.1,True,2025-07-22 02:45:00,3408.4,BE,0.0,-4.0,58
2025-07-22 07:25:00,2025-07-22 07:34:00,2025-07-22 07:35:00,EXTEND,long,3413.7,3412.6,3412.6,3416.4,False,,3412.6,SL,-1.1,-15.46,1
2025-07-22 09:55:00,2025-07-22 10:13:00,2025-07-22 10:52:00,EXTEND,short,3403.4,3405.7,3405.7,3398.1,False,,3405.7,SL,-2.3,-26.92,39
2025-07-22 11:10:00,2025-07-22 11:16:00,2025-07-22 11:22:00,BOS,short,3405.2,3406.4,3405.2,3402.3,True,2025-07-22 11:18:00,3402.3,TP,2.8,24.42,6
2025-07-22 11:20:00,2025-07-22 11:27:00,2025-07-22 11:34:00,BOS,short,3403.9,3405.3,3403.9,3400.7,True,2025-07-22 11:31:00,3403.9,BE,0.0,-4.0,7
2025-07-22 11:45:00,2025-07-22 12:05:00,2025-07-22 12:07:00,EXTEND,long,3404.1,3402.5,3402.5,3407.8,False,,3402.5,SL,-1.6,-20.04,2
2025-07-22 12:40:00,2025-07-22 12:45:00,2025-07-22 12:54:00,EXTEND,short,3402.7,3403.6,3402.7,3400.6,True,2025-07-22 12:46:00,3402.7,BE,0.0,-4.0,9
2025-07-22 12:50:00,2025-07-22 12:55:00,2025-07-22 12:57:00,EXTEND,short,3402.6,3403.6,3403.6,3400.3,False,,3403.6,SL,-1.0,-13.93,2
2025-07-22 12:55:00,2025-07-22 13:03:00,2025-07-22 13:16:00,MSS,long,3402.5,3401.0,3401.0,3406.1,False,,3401.0,SL,-1.5,-19.28,13
2025-07-22 14:30:00,2025-07-22 14:35:00,2025-07-22 15:23:00,EXTEND,short,3399.8,3401.3,3399.8,3396.5,True,2025-07-22 14:37:00,3396.5,TP,3.4,29.74,48
2025-07-22 15:25:00,2025-07-22 15:34:00,2025-07-22 15:39:00,EXTEND,short,3397.5,3398.8,3398.8,3394.5,False,,3398.8,SL,-1.3,-16.99,5
2025-07-22 16:50:00,2025-07-22 17:17:00,2025-07-22 17:26:00,EXTEND,long,3398.9,3396.5,3396.5,3404.5,False,,3396.5,SL,-2.4,-28.07,9
2025-07-22 18:25:00,2025-07-22 18:30:00,2025-07-22 18:45:00,EXTEND,long,3397.2,3396.3,3397.2,3399.3,True,2025-07-22 18:44:00,3397.2,BE,0.0,-4.0,15
2025-07-22 19:05:00,2025-07-22 19:10:00,2025-07-22 19:12:00,EXTEND,short,3397.5,3398.4,3398.4,3395.5,False,,3398.4,SL,-0.9,-12.79,2
2025-07-22 19:10:00,2025-07-22 19:23:00,2025-07-22 19:32:00,MSS,long,3397.0,3396.1,3396.1,3399.1,False,,3396.1,SL,-0.9,-13.17,9
2025-07-22 21:50:00,2025-07-22 21:55:00,2025-07-22 21:58:00,EXTEND,long,3428.0,3424.8,3424.8,3435.5,False,,3424.8,SL,-3.2,-36.09,3
2025-07-22 22:00:00,2025-07-22 22:11:00,2025-07-22 22:23:00,EXTEND,short,3426.6,3433.2,3433.2,3411.1,False,,3433.2,SL,-6.6,-70.47,12
2025-07-22 23:05:00,2025-07-22 23:13:00,2025-07-23 07:47:00,EXTEND,long,3439.3,3435.0,3439.3,3449.2,True,2025-07-23 00:10:00,3439.3,BE,0.0,-4.0,454
2025-07-23 07:55:00,2025-07-23 08:01:00,2025-07-23 08:03:00,EXTEND,short,3440.4,3442.0,3442.0,3436.7,False,,3442.0,SL,-1.6,-20.04,2
2025-07-23 08:20:00,2025-07-23 08:32:00,2025-07-23 09:05:00,EXTEND,long,3443.1,3437.8,3437.8,3455.3,False,,3437.8,SL,-5.3,-56.72,33
2025-07-23 11:25:00,2025-07-23 11:34:00,2025-07-23 11:52:00,BOS,long,3439.4,3437.6,3439.4,3443.4,True,2025-07-23 11:37:00,3439.4,BE,0.0,-4.0,18
2025-07-23 13:10:00,2025-07-23 13:22:00,2025-07-23 13:35:00,BOS,short,3435.7,3436.9,3435.7,3432.8,True,2025-07-23 13:33:00,3435.7,BE,0.0,-4.0,13
2025-07-23 13:45:00,2025-07-23 13:56:00,2025-07-23 14:07:00,EXTEND,short,3434.0,3436.5,3436.5,3428.1,False,,3436.5,SL,-2.5,-29.21,11
2025-07-23 14:35:00,2025-07-23 14:43:00,2025-07-23 15:02:00,MSS,short,3436.7,3438.8,3438.8,3431.8,False,,3438.8,SL,-2.1,-25.01,19
2025-07-23 15:15:00,2025-07-23 15:32:00,2025-07-23 15:44:00,EXTEND,long,3439.3,3436.9,3436.9,3444.9,False,,3436.9,SL,-2.4,-28.07,12
2025-07-23 15:55:00,2025-07-23 16:20:00,2025-07-23 17:17:00,EXTEND,short,3439.5,3443.2,3443.2,3430.9,False,,3443.2,SL,-3.7,-41.05,57
2025-07-23 19:15:00,2025-07-23 19:22:00,2025-07-23 19:26:00,BOS,short,3434.8,3436.3,3436.3,3431.3,False,,3436.3,SL,-1.5,-18.9,4
2025-07-23 20:15:00,2025-07-23 20:20:00,2025-07-23 20:21:00,EXTEND,short,3440.4,3442.1,3440.4,3436.5,True,2025-07-23 20:21:00,3436.5,TP,3.9,35.07,1
2025-07-23 21:30:00,2025-07-23 21:45:00,2025-07-23 22:05:00,EXTEND,short,3422.4,3427.3,3427.3,3411.0,False,,3427.3,SL,-4.9,-52.9,20
2025-07-23 22:10:00,2025-07-23 22:15:00,2025-07-23 22:27:00,EXTEND,long,3424.6,3421.2,3421.2,3432.4,False,,3421.2,SL,-3.4,-37.62,12
2025-07-23 23:00:00,2025-07-23 23:07:00,2025-07-23 23:10:00,MSS,short,3422.6,3424.4,3424.4,3418.4,False,,3424.4,SL,-1.8,-21.95,3
2025-07-24 06:55:00,2025-07-24 07:10:00,2025-07-24 07:20:00,BOS,short,3396.4,3397.4,3397.4,3394.0,False,,3397.4,SL,-1.0,-14.31,10
2025-07-24 07:30:00,2025-07-24 07:45:00,2025-07-24 08:07:00,EXTEND,long,3396.3,3394.7,3396.3,3400.2,True,2025-07-24 07:48:00,3400.2,TP,3.8,34.18,22
2025-07-24 08:05:00,2025-07-24 08:13:00,2025-07-24 08:18:00,MSS,short,3397.6,3399.1,3397.6,3394.3,True,2025-07-24 08:17:00,3397.6,BE,0.0,-4.0,5
2025-07-24 08:25:00,2025-07-24 08:39:00,2025-07-24 08:47:00,EXTEND,short,3397.6,3399.1,3399.1,3394.0,False,,3399.1,SL,-1.5,-19.28,8
2025-07-24 09:00:00,2025-07-24 09:05:00,2025-07-24 09:06:00,MSS,long,3398.9,3398.1,3398.1,3400.9,False,,3398.1,SL,-0.8,-12.4,1
2025-07-24 09:05:00,2025-07-24 09:13:00,2025-07-24 09:41:00,MSS,short,3396.2,3400.3,3396.2,3386.6,True,2025-07-24 09:35:00,3396.2,BE,0.0,-4.0,28
2025-07-24 10:10:00,2025-07-24 10:22:00,2025-07-24 11:08:00,EXTEND,short,3392.3,3396.6,3392.3,3382.4,True,2025-07-24 10:44:00,3382.4,TP,9.9,95.46,46
2025-07-24 11:05:00,2025-07-24 11:34:00,2025-07-24 15:51:00,EXTEND,short,3386.9,3391.7,3386.9,3375.8,True,2025-07-24 13:43:00,3375.8,TP,11.1,107.0,257
2025-07-24 16:35:00,2025-07-24 17:02:00,2025-07-24 17:17:00,EXTEND,long,3373.8,3370.4,3370.4,3381.7,False,,3370.4,SL,-3.4,-38.0,15
2025-07-24 18:45:00,2025-07-24 18:53:00,2025-07-24 18:57:00,MSS,long,3369.4,3367.4,3367.4,3374.0,False,,3367.4,SL,-2.0,-23.86,4
2025-07-24 23:15:00,2025-07-24 23:22:00,2025-07-24 23:24:00,EXTEND,short,3376.7,3378.4,3378.4,3372.7,False,,3378.4,SL,-1.7,-21.19,2
2025-07-25 00:30:00,2025-07-25 00:40:00,2025-07-25 01:29:00,BOS,short,3373.8,3376.0,3373.8,3368.6,True,2025-07-25 00:48:00,3373.8,BE,0.0,-4.0,49
2025-07-25 01:25:00,2025-07-25 01:51:00,2025-07-25 02:06:00,MSS,long,3372.0,3370.3,3370.3,3375.9,False,,3370.3,SL,-1.7,-20.81,15
2025-07-25 02:05:00,2025-07-25 02:21:00,2025-07-25 02:30:00,MSS,short,3371.8,3372.9,3372.9,3369.2,False,,3372.9,SL,-1.1,-15.08,9
2025-07-25 03:25:00,2025-07-25 03:34:00,2025-07-25 03:55:00,EXTEND,long,3375.2,3374.4,3374.4,3377.1,False,,3374.4,SL,-0.8,-12.02,21
2025-07-25 07:10:00,2025-07-25 07:27:00,2025-07-25 08:39:00,EXTEND,long,3370.5,3368.3,3370.5,3375.5,True,2025-07-25 08:01:00,3375.5,TP,5.1,46.62,72
2025-07-25 08:45:00,2025-07-25 09:08:00,2025-07-25 09:19:00,EXTEND,long,3372.8,3370.5,3370.5,3378.1,False,,3370.5,SL,-2.3,-26.92,11
2025-07-25 09:55:00,2025-07-25 10:01:00,2025-07-25 10:10:00,EXTEND,long,3370.6,3368.7,3368.7,3375.2,False,,3368.7,SL,-1.9,-23.48,9
2025-07-25 11:35:00,2025-07-25 11:44:00,2025-07-25 11:59:00,BOS,short,3363.0,3364.0,3363.0,3360.6,True,2025-07-25 11:57:00,3360.6,TP,2.4,19.98,15
2025-07-25 11:55:00,2025-07-25 12:00:00,2025-07-25 12:04:00,BOS,short,3362.2,3363.6,3363.6,3358.9,False,,3363.6,SL,-1.4,-18.13,4
2025-07-25 12:10:00,2025-07-25 12:39:00,2025-07-25 13:11:00,EXTEND,long,3362.1,3359.9,3362.1,3367.3,True,2025-07-25 12:56:00,3362.1,BE,0.0,-4.0,32
2025-07-25 13:50:00,2025-07-25 14:00:00,2025-07-25 14:44:00,EXTEND,short,3360.9,3363.3,3360.9,3355.3,True,2025-07-25 14:09:00,3360.9,BE,0.0,-4.0,44
2025-07-25 14:40:00,2025-07-25 14:48:00,2025-07-25 15:24:00,MSS,long,3358.2,3356.6,3358.2,3362.1,True,2025-07-25 14:53:00,3362.1,TP,3.9,34.57,36
2025-07-25 15:20:00,2025-07-25 15:30:00,2025-07-25 15:35:00,BOS,long,3359.8,3358.3,3358.3,3363.3,False,,3358.3,SL,-1.5,-18.9,5
2025-07-25 17:10:00,2025-07-25 17:15:00,2025-07-25 17:17:00,EXTEND,short,3347.2,3348.3,3348.3,3344.5,False,,3348.3,SL,-1.1,-15.46,2
2025-07-25 17:55:00,2025-07-25 18:03:00,2025-07-25 18:26:00,MSS,short,3349.9,3351.3,3349.9,3346.6,True,2025-07-25 18:06:00,3346.6,TP,3.3,28.86,23
2025-07-25 18:30:00,2025-07-25 18:39:00,2025-07-25 18:57:00,EXTEND,short,3346.7,3348.6,3346.7,3342.4,True,2025-07-25 18:45:00,3342.4,TP,4.4,39.51,18
2025-07-25 18:55:00,2025-07-25 19:02:00,2025-07-25 19:31:00,EXTEND,short,3346.2,3348.6,3346.2,3340.5,True,2025-07-25 19:06:00,3340.5,TP,5.7,52.83,29
2025-07-25 19:40:00,2025-07-25 19:45:00,2025-07-25 19:50:00,EXTEND,short,3342.7,3344.6,3344.6,3338.4,False,,3344.6,SL,-1.9,-22.72,5
2025-07-25 20:15:00,2025-07-25 20:21:00,2025-07-25 20:33:00,MSS,long,3342.7,3340.8,3340.8,3347.3,False,,3340.8,SL,-1.9,-23.48,12
2025-07-25 20:40:00,2025-07-25 20:45:00,2025-07-25 20:59:00,EXTEND,short,3342.4,3345.9,3342.4,3334.2,True,2025-07-25 20:49:00,3342.4,BE,0.0,-4.0,14
2025-07-25 21:35:00,2025-07-25 21:43:00,2025-07-25 22:12:00,EXTEND,long,3341.7,3337.4,3341.7,3351.8,True,2025-07-25 21:55:00,3341.7,BE,0.0,-4.0,29
2025-07-25 23:40:00,2025-07-26 00:12:00,2025-07-26 00:42:00,BOS,short,3330.3,3333.3,3330.3,3323.3,True,2025-07-26 00:33:00,3330.3,BE,0.0,-4.0,30
2025-07-26 03:00:00,2025-07-26 03:08:00,2025-07-26 03:47:00,EXTEND,long,3339.4,3338.5,3339.4,3341.4,True,2025-07-26 03:10:00,3339.4,BE,0.0,-4.0,39
2025-07-28 08:25:00,2025-07-28 08:31:00,2025-07-28 08:39:00,EXTEND,short,3334.2,3336.0,3334.2,3330.2,True,2025-07-28 08:32:00,3330.2,TP,4.1,36.85,8
2025-07-28 08:40:00,2025-07-28 08:49:00,2025-07-28 09:02:00,EXTEND,short,3332.3,3334.6,3332.3,3327.1,True,2025-07-28 09:01:00,3332.3,BE,0.0,-4.0,13
2025-07-28 10:00:00,2025-07-28 10:29:00,2025-07-28 10:55:00,EXTEND,short,3335.5,3338.9,3335.5,3327.6,True,2025-07-28 10:41:00,3335.5,BE,0.0,-4.0,26
2025-07-28 13:15:00,2025-07-28 13:31:00,2025-07-28 13:44:00,EXTEND,short,3340.4,3342.0,3340.4,3336.5,True,2025-07-28 13:38:00,3340.4,BE,0.0,-4.0,13
2025-07-28 14:00:00,2025-07-28 14:18:00,2025-07-28 14:30:00,EXTEND,long,3340.7,3337.8,3337.8,3347.3,False,,3337.8,SL,-2.9,-32.65,12
2025-07-28 14:35:00,2025-07-28 15:07:00,2025-07-28 16:41:00,EXTEND,short,3341.6,3345.3,3341.6,3332.9,True,2025-07-28 15:32:00,3332.9,TP,8.7,83.02,94
2025-07-28 16:40:00,2025-07-28 17:00:00,2025-07-28 17:10:00,EXTEND,short,3335.3,3337.8,3337.8,3329.5,False,,3337.8,SL,-2.5,-28.83,10
2025-07-28 17:20:00,2025-07-28 18:36:00,2025-07-28 20:17:00,EXTEND,long,3334.9,3331.3,3331.3,3343.4,False,,3331.3,SL,-3.6,-40.29,101
2025-07-28 22:25:00,2025-07-28 22:36:00,2025-07-28 22:52:00,MSS,long,3309.1,3305.9,3309.1,3316.4,True,2025-07-28 22:43:00,3309.1,BE,0.0,-4.0,16
2025-07-28 22:55:00,2025-07-28 23:24:00,2025-07-28 23:32:00,MSS,short,3310.4,3314.1,3314.1,3301.8,False,,3314.1,SL,-3.7,-41.05,8
2025-07-29 00:35:00,2025-07-29 00:47:00,2025-07-29 00:48:00,EXTEND,long,3311.9,3310.6,3310.6,3314.8,False,,3310.6,SL,-1.3,-16.61,1
2025-07-29 01:05:00,2025-07-29 01:20:00,2025-07-29 02:20:00,EXTEND,short,3311.6,3313.9,3311.6,3306.2,True,2025-07-29 01:29:00,3311.6,BE,0.0,-4.0,60
2025-07-29 03:35:00,2025-07-29 03:40:00,2025-07-29 03:51:00,BOS,long,3313.2,3312.2,3313.2,3315.4,True,2025-07-29 03:47:00,3315.4,TP,2.2,18.2,11
2025-07-29 07:30:00,2025-07-29 07:43:00,2025-07-29 07:47:00,EXTEND,short,3310.4,3311.8,3311.8,3307.2,False,,3311.8,SL,-1.4,-17.75,4
2025-07-29 07:45:00,2025-07-29 07:55:00,2025-07-29 08:04:00,MSS,long,3310.2,3308.9,3310.2,3313.3,True,2025-07-29 08:02:00,3313.3,TP,3.1,27.08,9
2025-07-29 08:00:00,2025-07-29 08:07:00,2025-07-29 08:08:00,EXTEND,long,3310.7,3308.9,3308.9,3314.7,False,,3308.9,SL,-1.8,-21.57,1
2025-07-29 08:50:00,2025-07-29 09:00:00,2025-07-29 09:07:00,EXTEND,long,3307.5,3305.9,3307.5,3311.4,True,2025-07-29 09:03:00,3307.5,BE,0.0,-4.0,7
2025-07-29 10:10:00,2025-07-29 10:15:00,2025-07-29 10:16:00,MSS,short,3317.3,3318.3,3318.3,3315.1,False,,3318.3,SL,-1.0,-13.55,1
2025-07-29 10:35:00,2025-07-29 10:40:00,2025-07-29 10:46:00,EXTEND,short,3317.2,3318.3,3318.3,3314.7,False,,3318.3,SL,-1.1,-14.7,6
2025-07-29 12:25:00,2025-07-29 12:54:00,2025-07-29 14:19:00,EXTEND,short,3314.0,3318.4,3318.4,3303.9,False,,3318.4,SL,-4.4,-47.55,85
2025-07-29 14:25:00,2025-07-29 14:30:00,2025-07-29 14:34:00,BOS,long,3317.5,3316.6,3317.5,3319.6,True,2025-07-29 14:32:00,3317.5,BE,0.0,-4.0,4
2025-07-29 14:35:00,2025-07-29 14:44:00,2025-07-29 14:46:00,EXTEND,short,3317.2,3319.0,3319.0,3313.0,False,,3319.0,SL,-1.8,-21.95,2
2025-07-29 14:50:00,2025-07-29 14:58:00,2025-07-29 15:00:00,MSS,long,3316.7,3314.3,3314.3,3322.3,False,,3314.3,SL,-2.4,-28.07,2
2025-07-29 15:10:00,2025-07-29 15:58:00,2025-07-29 16:05:00,EXTEND,short,3316.3,3320.6,3320.6,3306.4,False,,3320.6,SL,-4.3,-46.78,7
2025-07-29 17:20:00,2025-07-29 17:27:00,2025-07-29 17:53:00,EXTEND,short,3323.5,3326.3,3326.3,3317.2,False,,3326.3,SL,-2.8,-31.5,26
2025-07-29 18:35:00,2025-07-29 18:41:00,2025-07-29 18:48:00,MSS,long,3323.4,3322.6,3322.6,3325.3,False,,3322.6,SL,-0.8,-12.02,7
2025-07-29 18:45:00,2025-07-29 18:52:00,2025-07-29 18:58:00,MSS,short,3323.6,3324.7,3323.6,3320.9,True,2025-07-29 18:54:00,3320.8,TP,2.8,23.54,6
2025-07-29 19:40:00,2025-07-29 20:05:00,2025-07-29 20:23:00,EXTEND,short,3317.1,3320.0,3320.0,3310.5,False,,3320.0,SL,-2.9,-32.65,18
2025-07-29 20:25:00,2025-07-29 20:32:00,2025-07-29 20:33:00,EXTEND,long,3318.4,3316.6,3316.6,3322.6,False,,3316.6,SL,-1.8,-21.95,1
2025-07-29 20:55:00,2025-07-29 21:11:00,2025-07-29 21:28:00,BOS,long,3318.8,3316.2,3318.8,3324.7,True,2025-07-29 21:19:00,3318.8,BE,0.0,-4.0,17
2025-07-29 21:35:00,2025-07-29 21:44:00,2025-07-29 22:00:00,EXTEND,short,3317.7,3322.6,3317.7,3306.5,True,2025-07-29 21:51:00,3317.7,BE,0.0,-4.0,16
2025-07-29 22:00:00,2025-07-29 22:06:00,2025-07-29 22:14:00,BOS,short,3314.8,3317.1,3314.8,3309.5,True,2025-07-29 22:08:00,3314.9,BE,-0.1,-4.92,8
2025-07-29 23:05:00,2025-07-29 23:14:00,2025-07-29 23:24:00,EXTEND,long,3327.5,3324.5,3324.5,3334.5,False,,3324.5,SL,-3.0,-34.18,10
2025-07-30 08:30:00,2025-07-30 08:36:00,2025-07-30 08:37:00,BOS,long,3327.4,3326.9,3326.9,3328.6,False,,3326.9,SL,-0.5,-8.97,1
2025-07-30 08:35:00,2025-07-30 08:43:00,2025-07-30 08:48:00,MSS,short,3327.4,3328.2,3328.2,3325.4,False,,3328.4,SL,-1.0,-14.4,3
2025-07-30 08:50:00,2025-07-30 08:57:00,2025-07-30 09:01:00,EXTEND,long,3327.8,3326.0,3326.0,3331.8,False,,3326.0,SL,-1.8,-21.57,4
2025-07-30 09:00:00,2025-07-30 09:15:00,2025-07-30 09:18:00,MSS,short,3328.7,3330.6,3330.6,3324.4,False,,3330.6,SL,-1.9,-22.72,3
2025-07-30 09:50:00,2025-07-30 10:11:00,2025-07-30 15:05:00,EXTEND,short,3326.4,3330.7,3326.4,3316.5,True,2025-07-30 14:00:00,3326.5,BE,-0.1,-4.78,162
2025-07-30 15:25:00,2025-07-30 16:02:00,2025-07-30 16:09:00,EXTEND,short,3326.9,3328.6,3328.6,3322.9,False,,3328.6,SL,-1.7,-21.19,5
2025-07-30 16:25:00,2025-07-30 16:49:00,2025-07-30 16:50:00,MSS,short,3329.0,3330.0,3330.0,3326.6,False,,3330.0,SL,-1.0,-14.31,1
2025-07-30 16:55:00,2025-07-30 17:04:00,2025-07-30 17:30:00,EXTEND,long,3328.6,3327.4,3328.6,3331.5,True,2025-07-30 17:05:00,3328.6,BE,0.0,-4.0,19
2025-07-30 18:00:00,2025-07-30 18:09:00,2025-07-30 18:12:00,MSS,short,3329.9,3332.0,3329.9,3324.9,True,2025-07-30 18:11:00,3324.9,TP,5.0,45.73,2
2025-07-30 19:05:00,2025-07-30 19:20:00,2025-07-30 19:23:00,EXTEND,short,3325.2,3327.0,3327.0,3320.9,False,,3327.1,SL,-1.9,-23.34,3
2025-07-30 19:25:00,2025-07-30 19:38:00,2025-07-30 19:46:00,EXTEND,long,3324.5,3322.2,3322.2,3329.9,False,,3321.7,SL,-2.8,-32.3,6
2025-07-30 20:00:00,2025-07-30 20:12:00,2025-07-30 20:31:00,EXTEND,long,3324.7,3322.2,3322.2,3330.5,False,,3322.2,SL,-2.5,-28.83,9
2025-07-30 22:25:00,2025-07-30 22:46:00,2025-07-30 23:12:00,EXTEND,short,3302.5,3305.4,3302.5,3295.9,True,2025-07-30 22:50:00,3295.9,TP,6.7,62.6,23
2025-08-28 08:20:00,2025-08-28 08:31:00,2025-08-28 08:50:00,BOS,long,3423.3,3422.0,3423.3,3426.3,True,2025-08-28 08:45:00,3423.0,BE,-0.3,-6.99,16
2025-08-28 09:30:00,2025-08-28 09:37:00,2025-08-28 09:40:00,BOS,short,3417.9,3418.9,3417.9,3415.7,True,2025-08-28 09:38:00,3415.7,TP,2.2,18.2,3
2025-08-28 09:45:00,2025-08-28 10:02:00,2025-08-28 10:21:00,EXTEND,short,3417.2,3418.9,3417.2,3413.3,True,2025-08-28 10:08:00,3417.3,BE,-0.1,-4.81,18
2025-08-28 12:35:00,2025-08-28 12:41:00,2025-08-28 12:45:00,EXTEND,long,3417.7,3417.2,3417.2,3419.0,False,,3416.8,SL,-0.9,-13.35,4
2025-08-28 13:20:00,2025-08-28 13:29:00,2025-08-28 13:44:00,BOS,short,3416.8,3417.4,3416.8,3415.4,True,2025-08-28 13:40:00,3415.2,TP,1.6,11.89,12
2025-08-28 13:40:00,2025-08-28 13:51:00,2025-08-28 13:59:00,BOS,short,3416.2,3416.9,3416.9,3414.5,False,,3417.3,SL,-1.1,-15.26,4
2025-08-28 15:05:00,2025-08-28 15:12:00,2025-08-28 15:15:00,EXTEND,short,3422.6,3423.8,3423.8,3419.7,False,,3423.8,SL,-1.2,-16.22,3
2025-08-28 15:35:00,2025-08-28 16:00:00,2025-08-28 16:06:00,EXTEND,short,3422.5,3424.0,3424.0,3418.9,False,,3424.0,SL,-1.5,-19.28,6
2025-08-28 16:05:00,2025-08-28 16:10:00,2025-08-28 16:37:00,EXTEND,long,3421.5,3420.0,3421.5,3425.1,True,2025-08-28 16:33:00,3425.1,TP,3.6,31.52,23
2025-08-28 17:00:00,2025-08-28 18:03:00,2025-08-28 19:27:00,EXTEND,long,3424.6,3421.7,3424.6,3431.2,True,2025-08-28 19:20:00,3431.2,TP,6.7,62.6,63
2025-08-28 20:20:00,2025-08-28 20:30:00,2025-08-28 20:30:00,EXTEND,long,3435.3,3433.3,3433.3,3440.0,False,,3433.3,SL,-2.0,-24.25,0
2025-08-28 21:05:00,2025-08-28 21:14:00,2025-08-28 21:16:00,BOS,short,3427.7,3430.0,3430.0,3422.4,False,,3430.0,SL,-2.3,-26.92,2
2025-08-28 22:10:00,2025-08-28 22:24:00,2025-08-28 22:40:00,BOS,long,3437.5,3435.6,3437.5,3441.8,True,2025-08-28 22:28:00,3441.8,TP,4.4,39.51,16
2025-08-29 02:40:00,2025-08-29 02:49:00,2025-08-29 02:54:00,EXTEND,long,3447.8,3446.9,3447.8,3449.8,True,2025-08-29 02:52:00,3449.8,TP,2.0,16.42,4
2025-08-29 02:50:00,2025-08-29 03:30:00,2025-08-29 03:32:00,MSS,long,3448.7,3447.7,3447.7,3450.9,False,,3447.7,SL,-1.0,-13.55,2
2025-08-29 03:35:00,2025-08-29 03:46:00,2025-08-29 04:08:00,EXTEND,short,3449.0,3450.1,3449.0,3446.4,True,2025-08-29 04:02:00,3449.0,BE,-0.0,-4.08,20
2025-08-29 07:00:00,2025-08-29 07:17:00,2025-08-29 07:29:00,EXTEND,long,3446.9,3446.6,3446.6,3447.7,False,,3446.6,SL,-0.3,-7.44,5
2025-08-29 09:30:00,2025-08-29 09:35:00,2025-08-29 09:37:00,MSS,long,3442.3,3441.6,3442.3,3444.0,True,2025-08-29 09:35:00,3442.1,BE,-0.2,-6.26,2
2025-08-29 13:00:00,2025-08-29 13:07:00,2025-08-29 13:16:00,BOS,short,3441.2,3441.8,3441.2,3439.8,True,2025-08-29 13:09:00,3439.7,TP,1.5,10.89,6
2025-08-29 13:20:00,2025-08-29 13:34:00,2025-08-29 13:36:00,EXTEND,short,3440.7,3441.8,3441.8,3438.1,False,,3441.8,SL,-1.1,-15.08,2
2025-08-29 14:40:00,2025-08-29 15:00:00,2025-08-29 15:02:00,EXTEND,short,3441.2,3443.1,3443.1,3436.8,False,,3443.1,SL,-1.9,-23.1,2
2025-08-29 15:00:00,2025-08-29 15:14:00,2025-08-29 15:18:00,MSS,long,3440.1,3438.1,3438.1,3444.7,False,,3438.1,SL,-2.0,-23.86,4
2025-08-29 16:10:00,2025-08-29 16:22:00,2025-08-29 16:51:00,BOS,long,3441.9,3440.9,3441.9,3444.2,True,2025-08-29 16:34:00,3441.8,BE,-0.1,-4.93,22
2025-08-29 16:55:00,2025-08-29 17:27:00,2025-08-29 17:35:00,EXTEND,short,3442.2,3443.2,3442.2,3439.8,True,2025-08-29 17:29:00,3439.6,TP,2.6,21.69,7
2025-08-29 18:05:00,2025-08-29 18:11:00,2025-08-29 18:21:00,EXTEND,short,3439.0,3440.1,3439.0,3436.4,True,2025-08-29 18:14:00,3436.4,TP,2.6,21.92,9
2025-08-29 18:30:00,2025-08-29 18:43:00,2025-08-29 19:32:00,EXTEND,short,3437.9,3439.4,3437.9,3434.6,True,2025-08-29 18:54:00,3437.9,BE,0.0,-4.0,45
2025-08-29 19:50:00,2025-08-29 20:16:00,2025-08-29 20:35:00,EXTEND,long,3437.5,3434.9,3437.5,3443.7,True,2025-08-29 20:21:00,3443.7,TP,6.1,57.27,19
2025-08-29 22:35:00,2025-08-29 22:45:00,2025-08-29 23:16:00,EXTEND,long,3470.2,3466.3,3470.2,3479.4,True,2025-08-29 22:59:00,3479.4,TP,9.1,87.46,31
2025-08-30 00:15:00,2025-08-30 00:41:00,2025-08-30 00:51:00,EXTEND,short,3484.1,3487.0,3487.0,3477.5,False,,3487.0,SL,-2.9,-32.65,10
2025-08-30 01:00:00,2025-08-30 01:15:00,2025-08-30 01:38:00,EXTEND,long,3486.1,3484.1,3486.1,3490.8,True,2025-08-30 01:18:00,3486.0,BE,-0.1,-5.25,20
2025-08-30 02:30:00,2025-08-30 02:36:00,2025-08-30 02:42:00,EXTEND,short,3483.4,3484.2,3483.4,3481.5,True,2025-08-30 02:41:00,3481.5,TP,1.9,14.98,6
2025-09-01 07:45:00,2025-09-01 07:54:00,2025-09-01 08:28:00,EXTEND,short,3483.7,3485.2,3483.7,3480.2,True,2025-09-01 08:00:00,3483.7,BE,0.0,-4.0,30
2025-09-01 08:40:00,2025-09-01 08:47:00,2025-09-01 09:04:00,EXTEND,long,3482.9,3481.0,3481.0,3487.5,False,,3481.0,SL,-1.9,-23.48,12
2025-09-01 10:55:00,2025-09-01 11:03:00,2025-09-01 11:05:00,BOS,long,3517.1,3514.2,3514.2,3523.7,False,,3514.2,SL,-2.9,-32.65,2
2025-09-01 12:20:00,2025-09-01 12:28:00,2025-09-01 13:20:00,MSS,long,3514.6,3512.5,3514.6,3519.5,True,2025-09-01 12:36:00,3519.5,TP,4.9,44.84,46
2025-09-01 13:30:00,2025-09-01 13:39:00,2025-09-01 13:40:00,EXTEND,long,3518.6,3516.8,3516.8,3522.8,False,,3516.8,SL,-1.8,-21.95,1
2025-09-01 13:40:00,2025-09-01 13:47:00,2025-09-01 14:23:00,MSS,short,3520.6,3523.7,3523.7,3513.3,False,,3523.7,SL,-3.1,-35.32,35
2025-09-01 14:40:00,2025-09-01 14:52:00,2025-09-01 14:58:00,EXTEND,long,3522.0,3518.6,3518.6,3529.9,False,,3518.6,SL,-3.4,-38.0,6
2025-09-01 18:00:00,2025-09-01 18:05:00,2025-09-01 18:09:00,EXTEND,short,3510.1,3512.3,3512.3,3505.1,False,,3512.3,SL,-2.2,-25.77,4
2025-09-01 18:10:00,2025-09-01 18:15:00,2025-09-01 20:23:00,EXTEND,long,3509.9,3506.6,3509.9,3517.6,True,2025-09-01 18:21:00,3509.9,BE,0.0,-4.0,101
2025-09-01 20:40:00,2025-09-01 20:51:00,2025-09-01 20:54:00,MSS,short,3511.8,3513.1,3513.1,3508.9,False,,3513.1,SL,-1.3,-16.61,3
2025-09-01 22:00:00,2025-09-01 22:10:00,2025-09-01 22:14:00,EXTEND,short,3517.2,3519.0,3519.0,3512.9,False,,3519.2,SL,-2.0,-24.34,4
2025-09-01 22:40:00,2025-09-01 22:52:00,2025-09-02 00:27:00,BOS,short,3516.7,3518.3,3516.7,3513.1,True,2025-09-01 23:40:00,3516.7,BE,0.0,-4.0,75
2025-09-02 00:55:00,2025-09-02 01:18:00,2025-09-02 02:12:00,EXTEND,long,3517.1,3516.3,3517.1,3518.8,True,2025-09-02 01:31:00,3517.0,BE,-0.1,-4.64,35
2025-09-02 07:20:00,2025-09-02 07:28:00,2025-09-02 08:26:00,MSS,long,3519.7,3517.4,3519.7,3525.1,True,2025-09-02 07:38:00,3525.1,TP,5.4,50.17,52
2025-09-02 08:35:00,2025-09-02 08:42:00,2025-09-02 09:00:00,EXTEND,long,3524.1,3521.6,3521.6,3529.9,False,,3521.6,SL,-2.5,-28.83,17
2025-09-02 09:00:00,2025-09-02 09:10:00,2025-09-02 09:13:00,MSS,short,3524.6,3528.1,3528.1,3516.5,False,,3528.1,SL,-3.5,-38.76,3
2025-09-02 09:40:00,2025-09-02 09:49:00,2025-09-02 09:50:00,EXTEND,long,3537.2,3534.2,3534.2,3544.1,False,,3534.2,SL,-3.0,-33.8,1
2025-09-02 11:50:00,2025-09-02 12:26:00,2025-09-02 12:43:00,EXTEND,long,3532.7,3530.6,3532.7,3537.7,True,2025-09-02 12:32:00,3537.7,TP,5.0,45.73,10
2025-09-02 12:45:00,2025-09-02 13:24:00,2025-09-02 13:27:00,EXTEND,long,3535.0,3532.7,3532.7,3540.2,False,,3532.7,SL,-2.3,-26.54,3
2025-09-02 13:25:00,2025-09-02 13:36:00,2025-09-02 14:14:00,EXTEND,short,3535.7,3537.6,3535.7,3531.2,True,2025-09-02 13:50:00,3531.2,TP,4.4,40.4,37
2025-09-02 15:30:00,2025-09-02 15:47:00,2025-09-02 15:51:00,BOS,short,3521.5,3523.8,3521.5,3516.3,True,2025-09-02 15:49:00,3516.3,TP,5.2,48.39,4
2025-09-02 16:45:00,2025-09-02 16:54:00,2025-09-02 16:56:00,EXTEND,long,3517.5,3514.7,3514.7,3523.8,False,,3514.7,SL,-2.8,-31.5,2
2025-09-02 17:25:00,2025-09-02 17:35:00,2025-09-02 17:46:00,BOS,long,3518.9,3517.3,3517.3,3522.5,False,,3517.2,SL,-1.7,-20.66,10
2025-09-02 17:45:00,2025-09-02 17:55:00,2025-09-02 18:08:00,EXTEND,short,3519.8,3521.4,3519.8,3516.1,True,2025-09-02 17:59:00,3519.8,BE,0.0,-4.0,12
2025-09-02 18:10:00,2025-09-02 18:22:00,2025-09-02 19:21:00,EXTEND,long,3520.2,3516.9,3520.2,3527.8,True,2025-09-02 18:39:00,3520.2,BE,0.0,-4.0,59
2025-09-02 20:00:00,2025-09-02 20:16:00,2025-09-02 20:19:00,EXTEND,long,3524.1,3517.4,3517.4,3539.8,False,,3517.4,SL,-6.7,-71.23,3
2025-09-02 20:40:00,2025-09-02 20:52:00,2025-09-02 21:35:00,EXTEND,short,3519.5,3525.5,3519.5,3505.7,True,2025-09-02 21:32:00,3519.5,BE,0.0,-4.0,42
2025-09-02 21:45:00,2025-09-02 21:51:00,2025-09-02 22:20:00,EXTEND,long,3519.4,3513.4,3519.4,3533.5,True,2025-09-02 22:00:00,3533.5,TP,14.0,136.3,29
2025-09-03 00:15:00,2025-09-03 00:20:00,2025-09-03 00:52:00,EXTEND,long,3556.6,3553.3,3556.6,3564.2,True,2025-09-03 00:23:00,3564.2,TP,7.6,72.37,32
2025-09-03 00:50:00,2025-09-03 01:01:00,2025-09-03 01:03:00,BOS,long,3561.7,3560.0,3560.0,3565.7,False,,3560.0,SL,-1.7,-21.19,2
2025-09-03 01:30:00,2025-09-03 01:49:00,2025-09-03 02:38:00,EXTEND,long,3561.9,3560.0,3561.9,3566.5,True,2025-09-03 01:50:00,3566.5,TP,4.5,41.29,47
2025-09-03 02:35:00,2025-09-03 02:45:00,2025-09-03 02:50:00,EXTEND,long,3564.3,3562.8,3562.8,3567.6,False,,3562.8,SL,-1.5,-18.52,5
2025-09-03 03:45:00,2025-09-03 03:52:00,2025-09-03 03:53:00,EXTEND,long,3569.8,3568.6,3568.6,3572.5,False,,3568.6,SL,-1.2,-15.84,1
2025-09-03 03:50:00,2025-09-03 03:57:00,2025-09-03 04:11:00,MSS,short,3569.5,3571.7,3571.7,3564.3,False,,3571.7,SL,-2.2,-26.16,13
2025-09-03 07:45:00,2025-09-03 07:50:00,2025-09-03 07:54:00,EXTEND,short,3567.1,3568.8,3568.8,3563.1,False,,3568.8,SL,-1.7,-21.19,4
2025-09-03 07:50:00,2025-09-03 07:59:00,2025-09-03 08:16:00,MSS,long,3566.2,3564.3,3566.2,3570.8,True,2025-09-03 08:07:00,3570.8,TP,4.5,41.29,15
2025-09-03 08:25:00,2025-09-03 08:30:00,2025-09-03 13:52:00,EXTEND,long,3574.2,3565.9,3565.9,3593.5,False,,3565.9,SL,-8.3,-86.89,293
2025-09-03 13:55:00,2025-09-03 14:04:00,2025-09-03 14:33:00,EXTEND,short,3567.8,3571.0,3571.0,3560.5,False,,3571.0,SL,-3.2,-35.71,27
2025-09-03 15:20:00,2025-09-03 15:31:00,2025-09-03 16:05:00,EXTEND,short,3571.1,3574.5,3574.5,3563.1,False,,3574.5,SL,-3.4,-38.38,30
2025-09-03 16:25:00,2025-09-03 16:34:00,2025-09-03 17:35:00,BOS,long,3575.4,3573.2,3575.4,3580.6,True,2025-09-03 16:38:00,3575.4,BE,0.0,-4.0,54
2025-09-03 20:00:00,2025-09-03 20:06:00,2025-09-03 20:13:00,BOS,long,3586.0,3584.0,3584.0,3590.7,False,,3584.0,SL,-2.0,-24.25,7
2025-09-03 20:20:00,2025-09-03 20:27:00,2025-09-03 20:55:00,EXTEND,short,3585.3,3589.3,3585.3,3575.8,True,2025-09-03 20:45:00,3585.3,BE,0.0,-4.0,28
2025-09-03 21:30:00,2025-09-03 21:37:00,2025-09-03 22:08:00,EXTEND,long,3587.6,3581.0,3587.6,3602.8,True,2025-09-03 22:00:00,3587.6,BE,0.0,-4.0,31
2025-09-03 22:25:00,2025-09-03 22:52:00,2025-09-04 00:57:00,EXTEND,long,3592.4,3586.7,3592.4,3605.5,True,2025-09-03 23:10:00,3605.5,TP,13.1,127.42,122
2025-09-04 01:00:00,2025-09-04 01:08:00,2025-09-04 01:11:00,EXTEND,long,3604.9,3603.5,3603.5,3608.2,False,,3603.5,SL,-1.4,-18.13,3
2025-09-04 02:10:00,2025-09-04 02:23:00,2025-09-04 02:29:00,EXTEND,long,3609.0,3607.4,3607.4,3612.7,False,,3607.0,SL,-2.0,-24.04,6
2025-09-04 07:10:00,2025-09-04 07:18:00,2025-09-04 07:32:00,BOS,short,3584.8,3586.8,3584.8,3580.1,True,2025-09-04 07:26:00,3580.1,TP,4.7,43.06,14
2025-09-04 07:30:00,2025-09-04 07:58:00,2025-09-04 08:06:00,EXTEND,short,3584.2,3586.8,3584.2,3578.2,True,2025-09-04 08:02:00,3578.2,TP,6.0,56.38,8
2025-09-04 08:05:00,2025-09-04 08:11:00,2025-09-04 08:26:00,MSS,short,3581.2,3584.9,3584.9,3572.7,False,,3584.9,SL,-3.7,-40.67,13
2025-09-04 09:00:00,2025-09-04 09:06:00,2025-09-04 09:18:00,EXTEND,long,3586.6,3583.1,3586.6,3594.8,True,2025-09-04 09:11:00,3586.6,BE,0.0,-4.0,11
2025-09-04 11:10:00,2025-09-04 11:20:00,2025-09-04 11:39:00,BOS,short,3554.9,3561.2,3561.2,3540.4,False,,3561.2,SL,-6.3,-66.65,19
2025-09-04 12:05:00,2025-09-04 12:21:00,2025-09-04 13:20:00,BOS,long,3558.7,3556.1,3558.7,3564.7,True,2025-09-04 13:08:00,3558.2,BE,-0.5,-8.98,51
2025-09-04 15:00:00,2025-09-04 15:20:00,2025-09-04 15:36:00,MSS,short,3566.9,3569.5,3569.5,3560.9,False,,3569.6,SL,-2.7,-30.98,16
2025-09-04 16:10:00,2025-09-04 16:25:00,2025-09-04 16:34:00,EXTEND,long,3570.7,3568.1,3570.7,3576.9,True,2025-09-04 16:32:00,3570.7,BE,0.0,-4.0,9
2025-09-04 16:50:00,2025-09-04 16:58:00,2025-09-04 17:03:00,EXTEND,short,3570.4,3573.0,3573.0,3564.2,False,,3573.0,SL,-2.6,-30.36,5
2025-09-04 17:55:00,2025-09-04 18:03:00,2025-09-04 18:06:00,EXTEND,short,3568.5,3570.7,3570.7,3563.5,False,,3570.7,SL,-2.2,-25.77,2
2025-09-04 18:05:00,2025-09-04 18:26:00,2025-09-04 19:50:00,MSS,long,3569.0,3565.0,3569.0,3578.3,True,2025-09-04 19:38:00,3578.3,TP,9.3,89.24,75
2025-09-04 20:15:00,2025-09-04 20:36:00,2025-09-04 21:03:00,EXTEND,long,3572.4,3565.2,3572.4,3589.1,True,2025-09-04 20:57:00,3572.4,BE,0.0,-4.0,27
2025-09-04 21:05:00,2025-09-04 21:12:00,2025-09-04 21:17:00,EXTEND,short,3575.5,3579.7,3579.7,3565.9,False,,3579.7,SL,-4.2,-45.64,5
2025-09-04 21:35:00,2025-09-04 21:40:00,2025-09-04 21:42:00,BOS,long,3583.5,3580.7,3580.7,3590.0,False,,3580.7,SL,-2.8,-31.89,2
2025-09-04 23:05:00,2025-09-04 23:27:00,2025-09-04 23:56:00,BOS,long,3573.7,3569.9,3573.7,3582.6,True,2025-09-04 23:40:00,3582.6,TP,8.9,84.8,29
2025-09-05 00:50:00,2025-09-05 01:05:00,2025-09-05 01:27:00,EXTEND,short,3581.7,3584.4,3581.7,3575.5,True,2025-09-05 01:23:00,3575.5,TP,6.2,58.16,20
2025-09-05 02:35:00,2025-09-05 02:55:00,2025-09-05 02:56:00,MSS,long,3573.6,3572.4,3572.4,3576.5,False,,3572.4,SL,-1.2,-16.22,1
2025-09-05 09:05:00,2025-09-05 09:17:00,2025-09-05 09:35:00,EXTEND,long,3581.3,3579.0,3581.3,3586.5,True,2025-09-05 09:32:00,3581.3,BE,0.0,-4.0,16
2025-09-05 09:50:00,2025-09-05 10:01:00,2025-09-05 10:31:00,EXTEND,short,3582.7,3584.7,3582.7,3578.1,True,2025-09-05 10:24:00,3578.1,TP,4.6,42.18,27
2025-09-05 10:30:00,2025-09-05 10:51:00,2025-09-05 11:31:00,BOS,short,3581.3,3584.6,3584.6,3573.7,False,,3584.6,SL,-3.3,-36.85,38
2025-09-05 12:35:00,2025-09-05 12:44:00,2025-09-05 12:48:00,BOS,long,3588.1,3587.2,3587.2,3590.1,False,,3587.2,SL,-0.9,-12.79,3
2025-09-05 13:05:00,2025-09-05 13:16:00,2025-09-05 13:23:00,EXTEND,long,3588.2,3587.2,3587.2,3590.4,False,,3587.2,SL,-1.0,-13.55,5
2025-09-05 13:20:00,2025-09-05 13:32:00,2025-09-05 13:36:00,MSS,short,3587.5,3588.6,3588.6,3584.9,False,,3588.6,SL,-1.1,-15.08,2
2025-09-05 13:35:00,2025-09-05 13:44:00,2025-09-05 13:52:00,MSS,long,3587.3,3585.7,3587.3,3591.2,True,2025-09-05 13:49:00,3587.3,BE,0.0,-4.0,8
2025-09-05 13:50:00,2025-09-05 13:56:00,2025-09-05 14:07:00,MSS,short,3587.9,3589.0,3587.9,3585.3,True,2025-09-05 14:05:00,3585.3,TP,2.6,21.75,11
2025-09-05 15:30:00,2025-09-05 15:48:00,2025-09-05 15:58:00,EXTEND,short,3581.8,3583.9,3581.8,3576.8,True,2025-09-05 15:49:00,3576.8,TP,5.0,45.73,8
2025-09-05 16:55:00,2025-09-05 17:01:00,2025-09-05 17:03:00,EXTEND,short,3575.4,3577.2,3577.2,3571.2,False,,3577.4,SL,-2.0,-23.95,2
2025-09-05 18:25:00,2025-09-05 18:31:00,2025-09-05 18:31:00,BOS,long,3579.1,3578.5,3578.5,3580.4,False,,3578.5,SL,-0.6,-9.73,0
2025-09-05 18:40:00,2025-09-05 18:49:00,2025-09-05 19:01:00,EXTEND,short,3578.8,3580.0,3580.0,3575.9,False,,3580.3,SL,-1.5,-19.22,8
2025-09-05 19:10:00,2025-09-05 19:20:00,2025-09-05 19:28:00,EXTEND,long,3579.0,3576.8,3576.8,3584.0,False,,3576.8,SL,-2.2,-25.77,6
2025-09-05 19:50:00,2025-09-05 19:59:00,2025-09-05 20:08:00,EXTEND,short,3579.7,3582.5,3579.7,3573.1,True,2025-09-05 20:02:00,3579.9,BE,-0.2,-6.27,9
2025-09-05 20:05:00,2025-09-05 20:12:00,2025-09-05 20:30:00,BOS,long,3577.7,3575.1,3577.7,3583.9,True,2025-09-05 20:29:00,3583.9,TP,6.1,57.27,18
2025-09-05 22:00:00,2025-09-05 22:08:00,2025-09-05 22:18:00,BOS,long,3619.8,3617.2,3619.8,3625.8,True,2025-09-05 22:15:00,3619.8,BE,0.0,-4.0,10
2025-09-05 22:35:00,2025-09-05 22:57:00,2025-09-06 00:24:00,EXTEND,short,3614.1,3624.3,3624.3,3590.3,False,,3624.3,SL,-10.2,-106.38,86
2025-09-06 00:30:00,2025-09-06 00:40:00,2025-09-06 01:02:00,EXTEND,long,3620.5,3617.0,3620.5,3628.6,True,2025-09-06 00:48:00,3620.5,BE,0.0,-4.0,22
2025-09-06 01:05:00,2025-09-06 01:21:00,2025-09-06 01:30:00,EXTEND,short,3622.1,3625.2,3625.2,3614.8,False,,3625.2,SL,-3.1,-35.32,9
2025-09-06 01:30:00,2025-09-06 02:13:00,2025-09-06 02:30:00,EXTEND,long,3620.2,3617.0,3617.0,3627.5,False,,3617.0,SL,-3.2,-35.71,17
2025-09-06 02:30:00,2025-09-06 02:40:00,2025-09-06 02:46:00,BOS,short,3619.0,3620.2,3620.2,3616.1,False,,3620.2,SL,-1.2,-16.22,6
2025-09-06 02:45:00,2025-09-06 03:12:00,2025-09-06 03:38:00,MSS,long,3618.9,3617.0,3617.0,3623.3,False,,3617.0,SL,-1.9,-23.1,20
2025-09-06 03:35:00,2025-09-06 03:48:00,2025-09-06 04:00:00,MSS,short,3618.3,3619.5,3618.3,3615.6,True,2025-09-06 03:59:00,3618.4,BE,-0.1,-4.84,12
2025-09-08 08:25:00,2025-09-08 08:30:00,2025-09-08 08:57:00,EXTEND,long,3600.0,3598.2,3600.0,3604.3,True,2025-09-08 08:53:00,3604.3,TP,4.3,38.62,22
2025-09-08 09:00:00,2025-09-08 09:06:00,2025-09-08 09:09:00,BOS,long,3602.9,3599.0,3599.0,3612.0,False,,3599.0,SL,-3.9,-42.96,3
2025-09-08 10:00:00,2025-09-08 10:10:00,2025-09-08 10:41:00,EXTEND,long,3602.0,3598.8,3602.0,3609.6,True,2025-09-08 10:31:00,3602.0,BE,-0.0,-4.47,30
2025-09-08 13:05:00,2025-09-08 13:15:00,2025-09-08 13:30:00,EXTEND,long,3595.3,3594.1,3595.3,3598.0,True,2025-09-08 13:24:00,3595.3,BE,0.0,-4.0,10
2025-09-08 14:10:00,2025-09-08 14:16:00,2025-09-08 14:43:00,BOS,long,3603.4,3601.8,3603.4,3607.0,True,2025-09-08 14:27:00,3607.0,TP,3.6,32.41,27
2025-09-08 14:45:00,2025-09-08 14:50:00,2025-09-08 15:04:00,EXTEND,long,3606.7,3604.7,3606.7,3611.4,True,2025-09-08 14:55:00,3611.4,TP,4.7,43.06,14
2025-09-08 16:20:00,2025-09-08 16:30:00,2025-09-08 16:56:00,EXTEND,long,3622.7,3619.0,3622.7,3631.3,True,2025-09-08 16:32:00,3622.7,BE,0.0,-4.0,25
2025-09-08 18:10:00,2025-09-08 18:18:00,2025-09-08 18:42:00,EXTEND,long,3627.9,3625.1,3627.9,3634.4,True,2025-09-08 18:30:00,3627.9,BE,0.0,-4.0,22
2025-09-08 18:50:00,2025-09-08 18:58:00,2025-09-08 19:32:00,MSS,short,3628.3,3630.7,3628.3,3622.6,True,2025-09-08 19:02:00,3628.8,BE,-0.5,-9.45,29
2025-09-08 20:00:00,2025-09-08 20:11:00,2025-09-08 20:55:00,EXTEND,long,3627.0,3623.8,3627.0,3634.5,True,2025-09-08 20:31:00,3634.5,TP,7.5,70.91,42
2025-09-08 21:10:00,2025-09-08 21:17:00,2025-09-08 21:31:00,BOS,long,3636.9,3633.5,3633.5,3644.8,False,,3633.5,SL,-3.4,-38.0,14
2025-09-08 22:05:00,2025-09-08 22:18:00,2025-09-08 22:55:00,BOS,long,3642.5,3638.8,3642.5,3651.1,True,2025-09-08 22:40:00,3651.1,TP,8.6,82.14,37
2025-09-08 23:10:00,2025-09-08 23:18:00,2025-09-08 23:26:00,BOS,long,3653.3,3651.3,3651.3,3658.0,False,,3651.3,SL,-2.0,-24.25,8
2025-09-08 23:35:00,2025-09-08 23:50:00,2025-09-09 06:00:00,EXTEND,short,3651.8,3656.6,3651.8,3640.7,True,2025-09-09 01:05:00,3652.0,BE,-0.2,-5.75,262
2025-09-09 07:15:00,2025-09-09 07:32:00,2025-09-09 07:50:00,BOS,short,3643.5,3645.3,3643.5,3639.5,True,2025-09-09 07:38:00,3643.6,BE,-0.1,-4.57,12
2025-09-09 08:50:00,2025-09-09 08:59:00,2025-09-09 09:03:00,BOS,long,3650.8,3649.8,3650.8,3653.2,True,2025-09-09 09:01:00,3653.2,TP,2.4,19.98,4
2025-09-09 09:00:00,2025-09-09 09:06:00,2025-09-09 09:07:00,BOS,long,3651.8,3650.4,3650.4,3655.0,False,,3650.4,SL,-1.4,-17.75,1
2025-09-09 09:05:00,2025-09-09 09:16:00,2025-09-09 09:19:00,MSS,short,3651.7,3654.0,3654.0,3646.4,False,,3654.0,SL,-2.3,-26.92,3
2025-09-09 10:30:00,2025-09-09 10:51:00,2025-09-09 11:11:00,EXTEND,long,3659.5,3655.5,3655.5,3668.8,False,,3655.5,SL,-4.0,-44.11,19
2025-09-09 13:15:00,2025-09-09 13:21:00,2025-09-09 13:23:00,MSS,short,3665.5,3666.9,3666.9,3662.3,False,,3666.9,SL,-1.4,-17.75,2
2025-09-09 13:40:00,2025-09-09 13:58:00,2025-09-09 14:00:00,EXTEND,long,3665.8,3663.3,3663.3,3671.6,False,,3663.3,SL,-2.5,-28.83,2
2025-09-09 15:25:00,2025-09-09 15:40:00,2025-09-09 15:47:00,EXTEND,long,3657.2,3654.3,3654.3,3664.1,False,,3654.3,SL,-2.9,-33.41,7
2025-09-09 18:45:00,2025-09-09 18:53:00,2025-09-09 19:20:00,EXTEND,short,3662.0,3663.9,3663.9,3657.6,False,,3663.9,SL,-1.9,-23.1,20
2025-09-09 19:30:00,2025-09-09 19:36:00,2025-09-09 19:44:00,EXTEND,short,3662.8,3663.7,3663.7,3660.7,False,,3663.7,SL,-0.9,-13.17,7
2025-09-09 19:55:00,2025-09-09 20:04:00,2025-09-09 20:08:00,EXTEND,short,3661.1,3663.7,3663.7,3654.9,False,,3663.9,SL,-2.8,-32.36,4
2025-09-09 20:10:00,2025-09-09 20:21:00,2025-09-09 20:38:00,EXTEND,long,3660.1,3656.8,3656.8,3667.8,False,,3656.8,SL,-3.3,-37.23,17
2025-09-09 20:40:00,2025-09-09 21:04:00,2025-09-09 21:13:00,EXTEND,short,3661.0,3665.5,3665.5,3650.5,False,,3665.5,SL,-4.5,-49.08,9
2025-09-10 07:20:00,2025-09-10 07:35:00,2025-09-10 07:56:00,EXTEND,long,3644.7,3642.2,3642.2,3650.5,False,,3642.2,SL,-2.5,-28.83,19
2025-09-10 08:55:00,2025-09-10 09:00:00,2025-09-10 09:10:00,EXTEND,short,3635.7,3639.2,3635.7,3627.5,True,2025-09-10 09:05:00,3635.7,BE,0.0,-4.0,10
2025-09-10 09:25:00,2025-09-10 09:31:00,2025-09-10 09:42:00,BOS,short,3634.4,3638.3,3638.3,3625.5,False,,3638.3,SL,-3.9,-42.58,11
2025-09-10 10:30:00,2025-09-10 10:41:00,2025-09-10 10:43:00,MSS,short,3642.4,3644.0,3644.0,3638.5,False,,3644.0,SL,-1.6,-20.43,2
2025-09-10 10:50:00,2025-09-10 11:11:00,2025-09-10 12:07:00,EXTEND,long,3642.5,3639.7,3642.5,3648.8,True,2025-09-10 11:43:00,3648.8,TP,6.4,59.94,45
2025-09-10 13:00:00,2025-09-10 13:19:00,2025-09-10 13:31:00,EXTEND,long,3650.2,3648.7,3650.2,3653.7,True,2025-09-10 13:21:00,3653.7,TP,3.5,30.63,10
2025-09-10 13:30:00,2025-09-10 13:35:00,2025-09-10 13:37:00,EXTEND,long,3650.6,3648.7,3648.7,3655.2,False,,3648.7,SL,-1.9,-23.48,2
2025-09-10 13:55:00,2025-09-10 14:05:00,2025-09-10 14:11:00,BOS,long,3650.7,3649.6,3650.7,3653.4,True,2025-09-10 14:08:00,3653.4,TP,2.7,22.64,6
2025-09-10 14:15:00,2025-09-10 14:30:00,2025-09-10 14:58:00,EXTEND,long,3652.3,3649.5,3652.3,3658.8,True,2025-09-10 14:53:00,3652.3,BE,0.0,-4.0,27
2025-09-10 15:15:00,2025-09-10 15:27:00,2025-09-10 15:58:00,EXTEND,long,3654.4,3652.2,3654.4,3659.6,True,2025-09-10 15:43:00,3654.4,BE,0.0,-4.0,28
2025-09-10 16:55:00,2025-09-10 17:07:00,2025-09-10 17:39:00,EXTEND,long,3654.6,3652.7,3654.6,3659.0,True,2025-09-10 17:27:00,3659.3,TP,4.7,42.9,24
2025-09-10 18:50:00,2025-09-10 19:01:00,2025-09-10 19:03:00,EXTEND,long,3664.3,3662.2,3662.2,3669.3,False,,3662.2,SL,-2.1,-25.39,2
2025-09-10 19:00:00,2025-09-10 19:13:00,2025-09-10 20:14:00,MSS,short,3664.9,3667.8,3664.9,3658.0,True,2025-09-10 19:39:00,3658.0,TP,6.8,64.38,56
2025-09-10 20:10:00,2025-09-10 20:17:00,2025-09-10 20:22:00,BOS,short,3659.7,3660.8,3659.7,3657.0,True,2025-09-10 20:20:00,3660.5,BE,-0.8,-12.46,5
2025-09-10 20:30:00,2025-09-10 20:35:00,2025-09-10 20:37:00,MSS,long,3661.8,3657.5,3657.5,3671.9,False,,3657.5,SL,-4.3,-47.17,2
2025-09-10 22:15:00,2025-09-10 22:41:00,2025-09-10 22:43:00,EXTEND,long,3662.1,3659.5,3659.5,3668.3,False,,3659.5,SL,-2.6,-30.36,2
2025-09-10 23:25:00,2025-09-10 23:30:00,2025-09-11 01:31:00,EXTEND,short,3655.1,3659.1,3655.1,3645.8,True,2025-09-11 00:29:00,3655.1,BE,0.0,-4.0,109
2025-09-11 02:20:00,2025-09-11 02:36:00,2025-09-11 02:40:00,EXTEND,long,3657.8,3656.1,3656.1,3661.8,False,,3656.1,SL,-1.7,-21.19,4
2025-09-11 03:35:00,2025-09-11 03:47:00,2025-09-11 03:54:00,EXTEND,short,3649.8,3652.2,3652.2,3644.2,False,,3652.3,SL,-2.5,-29.07,7
2025-09-11 08:50:00,2025-09-11 09:00:00,2025-09-11 09:01:00,EXTEND,short,3654.6,3656.2,3654.6,3650.9,True,2025-09-11 09:01:00,3654.6,BE,0.0,-4.0,1
2025-09-11 11:45:00,2025-09-11 11:51:00,2025-09-11 12:10:00,EXTEND,short,3641.3,3643.0,3643.0,3637.3,False,,3643.0,SL,-1.7,-21.19,15
2025-09-11 13:30:00,2025-09-11 13:35:00,2025-09-11 14:07:00,EXTEND,short,3639.4,3643.2,3639.4,3630.6,True,2025-09-11 13:52:00,3639.5,BE,-0.1,-4.82,32
2025-09-11 14:45:00,2025-09-11 14:55:00,2025-09-11 15:02:00,EXTEND,long,3642.5,3640.0,3640.0,3648.4,False,,3640.0,SL,-2.5,-29.21,5
2025-09-11 16:00:00,2025-09-11 16:11:00,2025-09-11 16:37:00,MSS,long,3637.7,3635.8,3635.8,3642.2,False,,3635.8,SL,-1.9,-23.1,19
2025-09-11 18:20:00,2025-09-11 18:28:00,2025-09-11 18:43:00,EXTEND,long,3630.5,3628.9,3630.5,3634.4,True,2025-09-11 18:36:00,3630.5,BE,0.0,-4.0,14
2025-09-11 19:40:00,2025-09-11 20:00:00,2025-09-11 20:07:00,EXTEND,short,3627.6,3629.7,3629.7,3622.6,False,,3629.7,SL,-2.1,-25.39,6
2025-09-11 20:20:00,2025-09-11 20:30:00,2025-09-11 20:30:00,MSS,long,3630.6,3627.1,3627.1,3638.7,False,,3627.1,SL,-3.5,-38.76,0
2025-09-11 20:35:00,2025-09-11 20:47:00,2025-09-11 21:37:00,EXTEND,long,3637.0,3627.1,3627.1,3660.0,False,,3627.1,SL,-9.9,-102.94,50
2025-09-11 21:35:00,2025-09-11 21:44:00,2025-09-11 22:18:00,EXTEND,short,3639.1,3646.7,3646.7,3621.4,False,,3646.7,SL,-7.6,-80.02,34
2025-09-12 07:30:00,2025-09-12 07:46:00,2025-09-12 07:47:00,EXTEND,long,3643.1,3642.3,3642.3,3644.8,False,,3642.3,SL,-0.8,-11.64,1
2025-09-12 10:30:00,2025-09-12 10:47:00,2025-09-12 11:13:00,EXTEND,long,3657.1,3655.0,3657.1,3662.1,True,2025-09-12 10:50:00,3662.1,TP,5.0,45.73,26
2025-09-12 12:00:00,2025-09-12 12:07:00,2025-09-12 12:32:00,EXTEND,long,3662.4,3661.4,3662.4,3664.8,True,2025-09-12 12:08:00,3664.8,TP,2.4,19.98,19
2025-09-12 13:20:00,2025-09-12 13:28:00,2025-09-12 13:29:00,EXTEND,long,3664.8,3663.7,3663.7,3667.3,False,,3663.7,SL,-1.1,-14.7,1
2025-09-12 13:25:00,2025-09-12 13:33:00,2025-09-12 13:40:00,MSS,short,3665.4,3666.5,3665.4,3662.7,True,2025-09-12 13:34:00,3665.4,BE,0.0,-4.0,6
2025-09-12 14:25:00,2025-09-12 14:34:00,2025-09-12 15:08:00,EXTEND,short,3662.0,3663.6,3662.0,3658.3,True,2025-09-12 14:41:00,3662.0,BE,0.0,-4.0,29
2025-09-12 15:10:00,2025-09-12 15:23:00,2025-09-12 15:31:00,EXTEND,long,3660.6,3659.0,3659.0,3664.2,False,,3659.0,SL,-1.6,-19.66,5
2025-09-12 16:05:00,2025-09-12 16:10:00,2025-09-12 16:10:00,EXTEND,long,3658.3,3656.9,3656.9,3661.5,False,,3656.9,SL,-1.4,-17.75,0
2025-09-12 16:55:00,2025-09-12 17:04:00,2025-09-12 17:04:00,EXTEND,short,3652.6,3655.1,3655.1,3646.8,False,,3655.1,SL,-2.5,-28.83,0
2025-09-12 21:40:00,2025-09-12 21:47:00,2025-09-12 21:48:00,BOS,long,3657.9,3655.5,3655.5,3663.4,False,,3655.5,SL,-2.4,-27.68,1
2025-09-12 22:20:00,2025-09-12 22:35:00,2025-09-12 22:36:00,EXTEND,long,3660.3,3658.4,3658.4,3664.8,False,,3658.4,SL,-1.9,-23.1,1
2025-09-12 23:10:00,2025-09-12 23:38:00,2025-09-13 00:22:00,EXTEND,short,3655.5,3658.7,3655.5,3647.9,True,2025-09-12 23:59:00,3655.5,BE,0.0,-4.0,39
2025-09-13 01:25:00,2025-09-13 01:32:00,2025-09-13 02:08:00,EXTEND,short,3658.9,3660.1,3658.9,3656.2,True,2025-09-13 02:00:00,3656.2,TP,2.8,23.53,27
2025-09-15 07:30:00,2025-09-15 08:00:00,2025-09-15 08:03:00,BOS,short,3646.6,3647.9,3646.6,3643.5,True,2025-09-15 08:03:00,3643.5,TP,3.1,27.08,2
2025-09-15 08:15:00,2025-09-15 08:30:00,2025-09-15 08:39:00,EXTEND,long,3645.3,3642.1,3642.1,3652.6,False,,3642.1,SL,-3.2,-35.71,9
2025-09-15 10:55:00,2025-09-15 11:05:00,2025-09-15 11:13:00,MSS,short,3650.5,3652.5,3650.5,3645.9,True,2025-09-15 11:07:00,3650.7,BE,-0.2,-5.86,7
2025-09-15 12:45:00,2025-09-15 12:59:00,2025-09-15 13:10:00,EXTEND,short,3653.6,3654.6,3653.6,3651.3,True,2025-09-15 13:03:00,3651.3,TP,2.3,19.09,9
2025-09-15 13:15:00,2025-09-15 13:31:00,2025-09-15 14:16:00,EXTEND,short,3652.6,3653.8,3652.6,3649.7,True,2025-09-15 14:00:00,3649.4,TP,3.2,27.78,32
2025-09-15 14:15:00,2025-09-15 14:37:00,2025-09-15 14:42:00,EXTEND,short,3651.0,3652.7,3651.0,3647.0,True,2025-09-15 14:41:00,3647.0,TP,4.0,35.96,4
2025-09-15 15:20:00,2025-09-15 15:34:00,2025-09-15 15:53:00,EXTEND,short,3647.7,3651.1,3651.1,3639.7,False,,3651.8,SL,-4.1,-45.38,17
2025-09-15 15:55:00,2025-09-15 16:00:00,2025-09-15 16:12:00,EXTEND,long,3650.2,3648.7,3650.2,3653.7,True,2025-09-15 16:01:00,3650.1,BE,-0.1,-4.9,9
2025-09-15 16:45:00,2025-09-15 16:53:00,2025-09-15 16:53:00,BOS,short,3649.2,3649.8,3649.8,3647.9,False,,3649.8,SL,-0.6,-9.73,0
2025-09-15 17:35:00,2025-09-15 18:00:00,2025-09-15 18:17:00,EXTEND,short,3649.8,3653.5,3653.5,3641.1,False,,3653.5,SL,-3.7,-41.44,17
2025-09-15 18:30:00,2025-09-15 18:53:00,2025-09-15 20:15:00,EXTEND,long,3647.7,3643.7,3647.7,3657.0,True,2025-09-15 19:18:00,3647.7,BE,0.0,-4.0,71
2025-09-15 20:20:00,2025-09-15 20:35:00,2025-09-15 20:47:00,EXTEND,short,3650.4,3654.0,3654.0,3642.1,False,,3654.0,SL,-3.6,-39.91,12
2025-09-15 21:40:00,2025-09-15 22:02:00,2025-09-15 23:45:00,EXTEND,long,3661.8,3655.0,3661.8,3677.7,True,2025-09-15 22:10:00,3677.7,TP,15.9,154.95,99
2025-09-16 00:30:00,2025-09-16 00:37:00,2025-09-16 00:38:00,EXTEND,long,3691.6,3689.4,3689.4,3696.8,False,,3689.4,SL,-2.2,-26.16,1
2025-09-16 00:45:00,2025-09-16 01:07:00,2025-09-16 03:41:00,EXTEND,short,3690.9,3695.2,3690.9,3681.0,True,2025-09-16 02:38:00,3691.0,BE,-0.1,-4.78,136
2025-09-16 07:55:00,2025-09-16 08:03:00,2025-09-16 08:10:00,EXTEND,short,3687.4,3688.3,3688.3,3685.4,False,,3688.3,SL,-0.9,-12.79,5
2025-09-16 08:55:00,2025-09-16 09:02:00,2025-09-16 09:03:00,BOS,long,3693.6,3692.0,3693.6,3697.3,True,2025-09-16 09:03:00,3693.6,BE,0.0,-4.0,1
2025-09-16 09:30:00,2025-09-16 09:36:00,2025-09-16 09:49:00,MSS,long,3688.0,3686.1,3686.1,3692.4,False,,3686.1,SL,-1.9,-23.1,13
2025-09-16 10:45:00,2025-09-16 10:52:00,2025-09-16 11:39:00,EXTEND,short,3687.3,3690.4,3690.4,3680.0,False,,3690.4,SL,-3.1,-35.32,42
2025-09-16 11:35:00,2025-09-16 11:40:00,2025-09-16 12:36:00,BOS,long,3689.0,3688.0,3689.0,3691.2,True,2025-09-16 12:09:00,3688.0,BE,-1.0,-13.55,30
2025-09-16 12:35:00,2025-09-16 12:44:00,2025-09-16 12:51:00,MSS,short,3689.6,3690.7,3690.7,3686.9,False,,3690.7,SL,-1.1,-15.46,5
2025-09-16 15:00:00,2025-09-16 15:11:00,2025-09-16 15:27:00,EXTEND,long,3698.5,3696.3,3698.5,3703.5,True,2025-09-16 15:13:00,3698.5,BE,0.0,-4.0,15
2025-09-16 16:00:00,2025-09-16 16:05:00,2025-09-16 16:10:00,EXTEND,short,3696.8,3698.2,3698.2,3693.6,False,,3698.5,SL,-1.7,-20.75,4
2025-09-16 17:20:00,2025-09-16 17:29:00,2025-09-16 17:30:00,BOS,long,3703.5,3702.3,3702.3,3706.2,False,,3702.3,SL,-1.2,-15.84,1
2025-09-16 17:55:00,2025-09-16 18:13:00,2025-09-16 18:37:00,EXTEND,long,3704.2,3702.3,3704.2,3708.5,True,2025-09-16 18:27:00,3704.0,BE,-0.2,-5.72,14
2025-09-16 19:15:00,2025-09-16 19:26:00,2025-09-16 19:30:00,BOS,short,3700.8,3701.9,3701.9,3698.1,False,,3702.0,SL,-1.2,-16.46,4
2025-09-16 19:50:00,2025-09-16 20:11:00,2025-09-16 20:29:00,EXTEND,long,3702.3,3698.9,3698.9,3710.2,False,,3698.9,SL,-3.4,-38.0,17
2025-09-16 21:15:00,2025-09-16 21:21:00,2025-09-16 21:23:00,EXTEND,short,3696.4,3698.8,3698.8,3690.9,False,,3698.8,SL,-2.4,-27.68,2
2025-09-16 22:15:00,2025-09-16 22:25:00,2025-09-16 22:28:00,EXTEND,long,3704.8,3701.5,3701.5,3712.5,False,,3701.5,SL,-3.3,-37.23,3
2025-09-18 00:25:00,2025-09-18 00:55:00,2025-09-18 01:01:00,MSS,long,3691.3,3689.0,3689.0,3696.5,False,,3689.0,SL,-2.3,-26.54,5
2025-09-18 01:55:00,2025-09-18 02:00:00,2025-09-18 02:00:00,EXTEND,long,3690.9,3689.6,3689.6,3693.8,False,,3689.6,SL,-1.3,-16.61,0
2025-09-18 02:00:00,2025-09-18 02:06:00,2025-09-18 02:08:00,BOS,long,3696.0,3691.1,3696.0,3707.4,True,2025-09-18 02:07:00,3707.4,TP,11.4,109.66,2
2025-09-18 02:05:00,2025-09-18 02:13:00,2025-09-18 02:15:00,EXTEND,long,3699.9,3691.1,3691.1,3720.3,False,,3691.1,SL,-8.8,-91.86,2
2025-09-18 09:35:00,2025-09-18 10:07:00,2025-09-18 14:03:00,EXTEND,short,3667.2,3673.6,3667.2,3652.4,True,2025-09-18 12:37:00,3652.4,TP,14.8,144.3,202
2025-09-18 18:00:00,2025-09-18 18:05:00,2025-09-18 18:07:00,EXTEND,long,3676.1,3675.1,3676.1,3678.3,True,2025-09-18 18:05:00,3675.4,BE,-0.7,-10.55,2
2025-09-18 19:10:00,2025-09-18 19:19:00,2025-09-18 20:23:00,EXTEND,short,3674.7,3677.6,3674.7,3667.9,True,2025-09-18 19:25:00,3674.7,BE,0.0,-4.0,56
2025-09-18 20:25:00,2025-09-18 20:30:00,2025-09-18 20:34:00,EXTEND,long,3672.5,3669.9,3669.9,3678.7,False,,3669.9,SL,-2.6,-30.36,4
2025-09-18 22:20:00,2025-09-18 22:37:00,2025-09-18 22:47:00,EXTEND,short,3644.7,3648.7,3648.7,3635.2,False,,3648.7,SL,-4.0,-44.49,10
2025-09-18 22:45:00,2025-09-18 22:57:00,2025-09-19 06:56:00,MSS,long,3643.3,3639.0,3643.3,3653.4,True,2025-09-19 00:12:00,3643.3,BE,0.0,-4.0,310
2025-09-19 09:50:00,2025-09-19 10:09:00,2025-09-19 10:42:00,EXTEND,short,3644.4,3650.5,3650.5,3630.2,False,,3650.5,SL,-6.1,-65.12,31
2025-09-19 10:45:00,2025-09-19 10:50:00,2025-09-19 11:22:00,EXTEND,long,3649.4,3646.8,3649.4,3655.4,True,2025-09-19 11:18:00,3655.4,TP,6.0,56.38,26
2025-09-19 12:35:00,2025-09-19 12:44:00,2025-09-19 12:52:00,MSS,short,3662.1,3663.0,3662.1,3660.1,True,2025-09-19 12:48:00,3662.1,BE,0.0,-4.0,6
2025-09-19 13:40:00,2025-09-19 13:51:00,2025-09-19 13:53:00,EXTEND,short,3659.5,3661.3,3659.5,3655.2,True,2025-09-19 13:52:00,3655.2,TP,4.3,38.62,2
2025-09-19 14:35:00,2025-09-19 14:45:00,2025-09-19 15:00:00,EXTEND,short,3651.0,3654.1,3651.0,3643.8,True,2025-09-19 14:51:00,3651.0,BE,0.0,-4.0,10
2025-09-19 15:50:00,2025-09-19 15:59:00,2025-09-19 16:15:00,EXTEND,long,3656.0,3654.1,3654.1,3660.6,False,,3653.2,SL,-2.8,-32.48,14
2025-09-19 16:35:00,2025-09-19 16:40:00,2025-09-19 17:05:00,EXTEND,long,3656.2,3654.7,3656.2,3659.7,True,2025-09-19 16:45:00,3660.0,TP,3.8,34.1,21
2025-09-19 17:45:00,2025-09-19 18:02:00,2025-09-19 18:14:00,MSS,short,3660.0,3661.1,3661.1,3657.5,False,,3661.1,SL,-1.1,-14.7,6
2025-09-19 18:20:00,2025-09-19 18:27:00,2025-09-19 18:29:00,EXTEND,long,3660.7,3659.9,3659.9,3662.7,False,,3659.9,SL,-0.8,-12.4,2
2025-09-19 20:45:00,2025-09-19 20:52:00,2025-09-19 20:54:00,BOS,short,3650.5,3651.6,3651.6,3647.9,False,,3651.6,SL,-1.1,-15.08,2
2025-09-19 20:55:00,2025-09-19 21:05:00,2025-09-19 21:07:00,EXTEND,long,3650.1,3648.7,3648.7,3653.3,False,,3648.5,SL,-1.6,-19.75,2
2025-09-19 22:00:00,2025-09-19 22:16:00,2025-09-19 22:53:00,EXTEND,long,3660.9,3656.9,3660.9,3670.1,True,2025-09-19 22:25:00,3670.1,TP,9.2,88.35,37
2025-09-19 23:20:00,2025-09-19 23:30:00,2025-09-20 01:46:00,EXTEND,long,3673.3,3669.6,3673.3,3681.9,True,2025-09-20 01:37:00,3681.9,TP,8.6,82.14,120
2025-09-20 03:00:00,2025-09-20 03:06:00,2025-09-20 03:30:00,EXTEND,long,3686.9,3685.9,3686.9,3689.2,True,2025-09-20 03:08:00,3686.9,BE,0.0,-4.0,19
2025-09-20 03:30:00,2025-09-20 03:45:00,2025-09-20 03:49:00,MSS,short,3687.0,3688.0,3688.0,3684.7,False,,3688.0,SL,-1.0,-13.93,2
2025-09-22 07:10:00,2025-09-22 07:19:00,2025-09-22 07:21:00,MSS,short,3693.7,3694.7,3694.7,3691.3,False,,3694.7,SL,-1.0,-14.31,2
2025-09-22 07:25:00,2025-09-22 07:32:00,2025-09-22 07:46:00,EXTEND,long,3693.5,3691.9,3691.9,3697.2,False,,3691.8,SL,-1.7,-21.04,12
2025-09-22 07:55:00,2025-09-22 08:04:00,2025-09-22 08:11:00,EXTEND,short,3693.1,3694.2,3693.1,3690.4,True,2025-09-22 08:06:00,3693.5,BE,-0.4,-8.46,6
2025-09-22 08:55:00,2025-09-22 09:01:00,2025-09-22 09:01:00,BOS,long,3694.8,3693.9,3693.9,3696.8,False,,3693.9,SL,-0.9,-12.79,0
2025-09-22 09:00:00,2025-09-22 09:09:00,2025-09-22 09:14:00,EXTEND,long,3695.8,3693.9,3695.8,3700.4,True,2025-09-22 09:09:00,3700.4,TP,4.5,41.29,5
2025-09-22 09:15:00,2025-09-22 09:27:00,2025-09-22 09:48:00,EXTEND,long,3696.3,3692.5,3692.5,3705.1,False,,3692.5,SL,-3.8,-41.82,20
2025-09-22 13:40:00,2025-09-22 13:52:00,2025-09-22 14:05:00,EXTEND,long,3703.1,3701.6,3701.6,3706.4,False,,3701.6,SL,-1.5,-18.52,12
2025-09-22 17:20:00,2025-09-22 17:31:00,2025-09-22 18:41:00,EXTEND,long,3726.6,3723.9,3726.6,3732.9,True,2025-09-22 18:22:00,3726.6,BE,0.0,-4.0,66
2025-09-22 19:55:00,2025-09-22 20:00:00,2025-09-22 20:18:00,EXTEND,short,3728.8,3731.1,3728.8,3723.4,True,2025-09-22 20:12:00,3723.1,TP,5.7,52.7,16
2025-09-22 21:20:00,2025-09-22 21:33:00,2025-09-22 21:42:00,EXTEND,long,3722.3,3718.1,3722.3,3732.2,True,2025-09-22 21:40:00,3722.3,BE,0.0,-4.0,9
2025-09-22 21:45:00,2025-09-22 21:54:00,2025-09-22 22:08:00,BOS,short,3723.3,3727.2,3727.2,3714.4,False,,3727.2,SL,-3.9,-42.58,14
2025-09-22 22:05:00,2025-09-22 22:15:00,2025-09-22 22:20:00,MSS,long,3724.0,3721.7,3721.7,3729.3,False,,3721.7,SL,-2.3,-26.92,5
2025-09-23 02:20:00,2025-09-23 02:32:00,2025-09-23 02:34:00,BOS,long,3750.8,3750.0,3750.0,3752.8,False,,3750.0,SL,-0.8,-12.4,2
2025-09-23 02:40:00,2025-09-23 02:55:00,2025-09-23 02:57:00,MSS,short,3751.1,3752.2,3752.2,3748.6,False,,3752.2,SL,-1.1,-14.7,2
2025-09-23 03:30:00,2025-09-23 03:38:00,2025-09-23 03:54:00,EXTEND,short,3750.3,3752.2,3752.2,3746.0,False,,3752.2,SL,-1.9,-22.72,15
2025-09-23 08:30:00,2025-09-23 08:37:00,2025-09-23 08:46:00,EXTEND,long,3751.6,3750.3,3751.6,3754.6,True,2025-09-23 08:38:00,3754.6,TP,3.0,26.19,8
2025-09-23 08:45:00,2025-09-23 08:50:00,2025-09-23 08:54:00,EXTEND,long,3752.2,3750.3,3750.3,3756.5,False,,3750.3,SL,-1.9,-22.72,3
2025-09-23 08:50:00,2025-09-23 09:03:00,2025-09-23 09:05:00,MSS,short,3753.3,3755.2,3755.2,3749.0,False,,3755.2,SL,-1.9,-22.72,2
2025-09-23 09:15:00,2025-09-23 09:31:00,2025-09-23 10:07:00,EXTEND,long,3754.9,3749.7,3754.9,3766.8,True,2025-09-23 09:40:00,3754.9,BE,0.0,-4.0,36
2025-09-23 12:00:00,2025-09-23 12:06:00,2025-09-23 12:54:00,EXTEND,long,3748.1,3746.0,3748.1,3753.0,True,2025-09-23 12:29:00,3748.1,BE,0.0,-4.0,24
2025-09-23 13:00:00,2025-09-23 13:09:00,2025-09-23 13:18:00,EXTEND,short,3749.6,3751.1,3751.1,3746.0,False,,3751.2,SL,-1.6,-20.28,3
2025-09-23 13:45:00,2025-09-23 14:02:00,2025-09-23 15:04:00,EXTEND,long,3754.9,3750.3,3754.9,3765.7,True,2025-09-23 14:22:00,3754.9,BE,0.0,-4.0,48
2025-09-23 15:10:00,2025-09-23 15:26:00,2025-09-23 15:32:00,EXTEND,short,3757.1,3760.0,3760.0,3750.5,False,,3760.0,SL,-2.9,-32.65,5
2025-09-23 18:15:00,2025-09-23 18:26:00,2025-09-23 18:29:00,BOS,long,3787.7,3785.9,3785.9,3791.7,False,,3785.9,SL,-1.8,-21.57,3
2025-09-23 19:10:00,2025-09-23 19:17:00,2025-09-23 19:23:00,BOS,short,3785.2,3786.8,3786.8,3781.6,False,,3787.7,SL,-2.5,-28.66,6
2025-09-23 19:25:00,2025-09-23 19:36:00,2025-09-23 19:51:00,EXTEND,long,3786.1,3782.7,3782.7,3794.1,False,,3782.7,SL,-3.4,-38.38,14
2025-09-23 20:10:00,2025-09-23 20:21:00,2025-09-23 20:30:00,MSS,short,3783.9,3786.5,3783.9,3778.0,True,2025-09-23 20:25:00,3783.9,BE,0.0,-4.0,9
2025-09-23 21:20:00,2025-09-23 21:27:00,2025-09-23 21:32:00,EXTEND,short,3787.0,3789.6,3787.0,3780.8,True,2025-09-23 21:30:00,3787.0,BE,0.0,-4.0,5
2025-09-23 21:30:00,2025-09-23 21:38:00,2025-09-23 21:40:00,EXTEND,short,3786.8,3789.6,3789.6,3780.3,False,,3789.6,SL,-2.8,-31.89,2
2025-09-23 21:40:00,2025-09-23 21:45:00,2025-09-23 21:47:00,EXTEND,long,3785.4,3782.3,3782.3,3792.6,False,,3782.3,SL,-3.1,-34.94,2
2025-09-23 21:50:00,2025-09-23 21:57:00,2025-09-23 22:20:00,EXTEND,short,3784.6,3790.4,3784.6,3771.2,True,2025-09-23 22:04:00,3771.2,TP,13.4,130.09,23
2025-09-23 22:20:00,2025-09-23 22:34:00,2025-09-23 23:17:00,EXTEND,short,3775.9,3780.8,3780.8,3764.5,False,,3780.8,SL,-4.9,-52.9,43
2025-09-23 23:30:00,2025-09-23 23:48:00,2025-09-25 00:00:00,EXTEND,long,3777.1,3773.7,3773.7,3785.0,False,,3740.9,SL,-36.2,-366.0,12
2025-09-25 07:10:00,2025-09-25 07:18:00,2025-09-25 07:37:00,EXTEND,short,3740.7,3742.1,3740.7,3737.4,True,2025-09-25 07:28:00,3740.7,BE,-0.0,-4.13,13
2025-09-25 07:45:00,2025-09-25 08:00:00,2025-09-25 08:05:00,BOS,long,3740.8,3738.9,3740.8,3745.1,True,2025-09-25 08:02:00,3745.1,TP,4.4,39.51,4
2025-09-25 08:40:00,2025-09-25 09:00:00,2025-09-25 09:00:00,EXTEND,short,3747.3,3748.9,3748.9,3743.7,False,,3748.9,SL,-1.6,-19.66,0
2025-09-25 09:15:00,2025-09-25 09:23:00,2025-09-25 09:42:00,EXTEND,short,3745.0,3748.4,3745.0,3737.0,True,2025-09-25 09:32:00,3737.0,TP,8.0,75.92,18
2025-09-25 10:05:00,2025-09-25 10:42:00,2025-09-25 14:10:00,EXTEND,short,3739.2,3746.0,3739.2,3723.3,True,2025-09-25 12:02:00,3740.0,BE,-0.8,-12.38,161
2025-09-25 14:15:00,2025-09-25 15:00:00,2025-09-25 15:39:00,EXTEND,long,3738.6,3734.0,3738.6,3749.4,True,2025-09-25 15:33:00,3749.4,TP,10.8,103.78,34
2025-09-25 16:15:00,2025-09-25 16:32:00,2025-09-25 17:29:00,EXTEND,long,3752.1,3747.8,3747.8,3762.2,False,,3747.8,SL,-4.3,-47.17,45
2025-09-25 18:15:00,2025-09-25 18:32:00,2025-09-25 18:37:00,MSS,short,3754.6,3755.2,3754.6,3753.0,True,2025-09-25 18:32:00,3755.3,BE,-0.7,-11.49,2
2025-09-25 19:55:00,2025-09-25 20:02:00,2025-09-25 20:05:00,MSS,long,3750.2,3749.0,3749.0,3752.9,False,,3749.0,SL,-1.2,-15.84,3
2025-09-25 20:20:00,2025-09-25 20:30:00,2025-09-25 20:30:00,BOS,long,3750.3,3747.6,3747.6,3756.5,False,,3747.6,SL,-2.7,-30.74,0
2025-09-25 22:20:00,2025-09-25 22:37:00,2025-09-25 22:41:00,MSS,long,3727.5,3723.0,3723.0,3737.9,False,,3722.8,SL,-4.7,-50.69,4
2025-09-26 00:10:00,2025-09-26 00:23:00,2025-09-26 00:46:00,EXTEND,long,3734.8,3731.3,3731.3,3742.9,False,,3731.0,SL,-3.8,-41.76,17
2025-09-26 02:00:00,2025-09-26 02:18:00,2025-09-26 02:27:00,EXTEND,long,3739.6,3737.0,3739.6,3745.5,True,2025-09-26 02:21:00,3745.5,TP,5.9,55.5,9
2025-09-26 02:50:00,2025-09-26 03:07:00,2025-09-26 03:22:00,BOS,long,3753.9,3752.1,3752.1,3758.2,False,,3752.1,SL,-1.8,-22.34,11
2025-09-26 08:25:00,2025-09-26 08:37:00,2025-09-26 08:59:00,MSS,short,3742.5,3745.0,3745.0,3736.7,False,,3746.7,SL,-4.2,-45.83,9
2025-09-26 10:15:00,2025-09-26 10:36:00,2025-09-26 11:02:00,EXTEND,short,3739.1,3741.6,3739.1,3733.2,True,2025-09-26 10:43:00,3733.2,TP,5.9,54.61,13
2025-09-26 11:15:00,2025-09-26 11:24:00,2025-09-26 11:28:00,EXTEND,short,3736.0,3738.3,3738.3,3730.6,False,,3738.5,SL,-2.5,-29.3,3
2025-09-26 12:25:00,2025-09-26 12:48:00,2025-09-26 12:57:00,MSS,short,3743.7,3744.8,3744.8,3741.2,False,,3744.9,SL,-1.2,-15.7,5
2025-09-26 14:00:00,2025-09-26 14:08:00,2025-09-26 14:13:00,EXTEND,short,3744.2,3747.3,3747.3,3736.9,False,,3747.3,SL,-3.1,-35.32,4
2025-09-26 15:05:00,2025-09-26 15:12:00,2025-09-26 15:32:00,EXTEND,short,3741.6,3744.3,3744.3,3735.3,False,,3744.6,SL,-3.0,-34.12,15
2025-09-26 19:40:00,2025-09-26 20:30:00,2025-09-26 20:31:00,EXTEND,long,3744.4,3740.6,3744.4,3753.2,True,2025-09-26 20:31:00,3753.2,TP,8.8,83.91,1
2025-09-26 20:30:00,2025-09-26 20:38:00,2025-09-26 20:41:00,BOS,long,3750.4,3747.5,3747.5,3757.0,False,,3747.5,SL,-2.9,-32.65,3
2025-09-26 20:40:00,2025-09-26 21:00:00,2025-09-26 21:00:00,MSS,short,3748.5,3750.0,3750.0,3744.9,False,,3750.0,SL,-1.5,-19.28,0
2025-09-26 21:15:00,2025-09-26 21:22:00,2025-09-26 22:08:00,EXTEND,long,3754.7,3748.6,3754.7,3768.8,True,2025-09-26 22:00:00,3768.8,TP,14.1,137.19,43
2025-09-26 23:00:00,2025-09-26 23:08:00,2025-09-26 23:51:00,BOS,long,3772.0,3769.7,3772.0,3777.4,True,2025-09-26 23:29:00,3777.4,TP,5.4,50.17,34
2025-09-26 23:55:00,2025-09-27 00:08:00,2025-09-27 00:14:00,EXTEND,long,3775.0,3773.1,3773.1,3779.6,False,,3773.1,SL,-1.9,-23.48,3
2025-09-27 00:20:00,2025-09-27 00:43:00,2025-09-27 01:40:00,EXTEND,short,3774.3,3778.2,3778.2,3765.2,False,,3779.7,SL,-5.4,-57.96,34
2025-09-27 02:10:00,2025-09-27 02:47:00,2025-09-27 03:25:00,EXTEND,short,3776.2,3779.3,3776.2,3768.9,True,2025-09-27 03:03:00,3768.8,TP,7.4,69.68,21
2025-09-29 07:45:00,2025-09-29 07:53:00,2025-09-29 08:01:00,MSS,long,3764.4,3762.3,3762.3,3769.2,False,,3761.0,SL,-3.4,-37.63,3
2025-09-29 09:20:00,2025-09-29 09:48:00,2025-09-29 10:01:00,MSS,short,3771.5,3776.0,3776.0,3760.9,False,,3776.0,SL,-4.5,-49.46,6
2025-09-29 11:20:00,2025-09-29 11:49:00,2025-09-29 12:22:00,BOS,short,3792.5,3795.0,3792.5,3786.7,True,2025-09-29 11:55:00,3792.5,BE,0.0,-4.0,14
2025-09-29 12:50:00,2025-09-29 13:07:00,2025-09-29 13:21:00,BOS,long,3800.8,3799.0,3799.0,3805.0,False,,3798.4,SL,-2.4,-27.95,8
2025-09-29 14:15:00,2025-09-29 14:21:00,2025-09-29 14:31:00,EXTEND,long,3809.5,3807.6,3807.6,3813.9,False,,3807.3,SL,-2.2,-26.1,5
2025-09-29 14:40:00,2025-09-29 14:48:00,2025-09-29 15:25:00,MSS,long,3809.9,3807.3,3809.9,3816.1,True,2025-09-29 15:12:00,3809.6,BE,-0.3,-7.36,20
2025-09-29 20:55:00,2025-09-29 21:02:00,2025-09-29 21:04:00,EXTEND,short,3811.8,3814.4,3811.8,3805.6,True,2025-09-29 21:03:00,3805.6,TP,6.1,57.27,2
2025-09-29 23:15:00,2025-09-29 23:24:00,2025-09-29 23:42:00,EXTEND,short,3823.5,3827.3,3823.5,3814.6,True,2025-09-29 23:34:00,3823.9,BE,-0.4,-8.2,18
2025-09-30 03:10:00,2025-09-30 03:44:00,2025-09-30 04:54:00,EXTEND,short,3821.8,3823.4,3823.4,3818.1,False,,3827.0,SL,-5.2,-56.04,6
2025-10-30 08:45:00,2025-10-30 09:00:00,2025-10-30 09:06:00,EXTEND,short,3966.2,3977.0,3977.0,3941.2,False,,3977.0,SL,-10.8,-111.72,6
2025-10-30 11:00:00,2025-10-30 11:20:00,2025-10-30 12:02:00,EXTEND,short,3943.9,3953.9,3953.9,3920.8,False,,3953.9,SL,-10.0,-103.7,42
2025-10-30 13:30:00,2025-10-30 13:47:00,2025-10-30 16:12:00,EXTEND,short,3979.2,3991.5,3979.2,3950.6,True,2025-10-30 15:57:00,3979.2,BE,0.0,-4.0,145
2025-10-30 19:20:00,2025-10-30 20:02:00,2025-10-30 20:36:00,EXTEND,short,3989.6,3998.6,3989.6,3968.8,True,2025-10-30 20:30:00,3989.6,BE,0.0,-4.0,34
2025-10-30 20:55:00,2025-10-30 21:04:00,2025-10-30 21:38:00,BOS,short,3984.9,3992.8,3984.9,3966.5,True,2025-10-30 21:35:00,3984.9,BE,0.0,-4.0,34
2025-10-30 21:35:00,2025-10-30 21:44:00,2025-10-30 21:46:00,BOS,short,3985.4,3991.2,3991.2,3971.9,False,,3991.2,SL,-5.8,-62.06,2
2025-10-30 23:10:00,2025-10-30 23:25:00,2025-10-31 00:14:00,BOS,long,4008.0,4001.5,4008.0,4023.1,True,2025-10-30 23:32:00,4008.0,BE,0.0,-4.0,49
2025-10-31 00:25:00,2025-10-31 00:43:00,2025-10-31 01:26:00,EXTEND,short,4015.4,4022.2,4015.4,3999.7,True,2025-10-31 01:14:00,4015.4,BE,0.0,-4.0,43
2025-10-31 01:45:00,2025-10-31 01:59:00,2025-10-31 03:18:00,EXTEND,long,4017.0,4007.8,4017.0,4038.3,True,2025-10-31 02:30:00,4038.3,TP,21.3,209.12,79
2025-10-31 06:55:00,2025-10-31 07:02:00,2025-10-31 07:13:00,EXTEND,long,4044.4,4034.9,4034.9,4066.4,False,,4034.9,SL,-9.5,-98.74,11
2025-10-31 07:55:00,2025-10-31 08:27:00,2025-10-31 09:02:00,EXTEND,long,4040.5,4031.4,4031.4,4061.8,False,,4031.4,SL,-9.1,-95.3,35
2025-10-31 09:00:00,2025-10-31 09:05:00,2025-10-31 09:07:00,EXTEND,short,4038.7,4043.2,4043.2,4028.2,False,,4043.2,SL,-4.5,-49.08,2
2025-10-31 10:40:00,2025-10-31 10:50:00,2025-10-31 11:13:00,EXTEND,short,4025.5,4032.8,4025.5,4008.7,True,2025-10-31 11:04:00,4008.7,TP,16.9,164.72,23
2025-10-31 11:35:00,2025-10-31 11:43:00,2025-10-31 11:45:00,MSS,long,4010.6,4007.3,4007.3,4018.3,False,,4007.3,SL,-3.3,-37.23,2
2025-10-31 12:10:00,2025-10-31 12:17:00,2025-10-31 12:28:00,EXTEND,short,4008.0,4011.8,4011.8,3999.1,False,,4011.8,SL,-3.8,-42.2,11
2025-10-31 12:50:00,2025-10-31 13:07:00,2025-10-31 15:17:00,EXTEND,long,4010.1,4001.8,4010.1,4029.4,True,2025-10-31 13:44:00,4029.4,TP,19.3,188.7,130
2025-10-31 15:30:00,2025-10-31 15:44:00,2025-10-31 16:53:00,EXTEND,long,4025.9,4019.2,4025.9,4041.4,True,2025-10-31 15:55:00,4025.9,BE,0.0,-4.0,69
2025-10-31 17:30:00,2025-10-31 17:47:00,2025-10-31 18:00:00,MSS,long,4013.4,4010.0,4013.4,4021.4,True,2025-10-31 17:55:00,4021.4,TP,8.0,75.92,13
2025-10-31 18:10:00,2025-10-31 18:47:00,2025-10-31 20:23:00,EXTEND,long,4018.0,4011.4,4018.0,4033.2,True,2025-10-31 20:11:00,4033.2,TP,15.3,148.74,96
2025-10-31 20:45:00,2025-10-31 20:56:00,2025-10-31 21:30:00,EXTEND,long,4036.4,4028.5,4036.4,4054.8,True,2025-10-31 21:11:00,4036.4,BE,0.0,-4.0,34
2025-10-31 21:50:00,2025-10-31 22:02:00,2025-10-31 23:35:00,EXTEND,short,4035.6,4044.0,4035.6,4015.9,True,2025-10-31 22:29:00,4035.6,BE,0.0,-4.0,93
2025-11-01 01:00:00,2025-11-01 01:11:00,2025-11-01 01:42:00,MSS,long,3994.6,3989.4,3994.6,4006.7,True,2025-11-01 01:32:00,4006.7,TP,12.1,116.77,31
2025-11-01 02:25:00,2025-11-01 02:51:00,2025-11-01 03:14:00,EXTEND,long,4012.1,4006.3,4012.1,4025.7,True,2025-11-01 03:07:00,4012.1,BE,0.0,-4.0,23
2025-11-01 03:20:00,2025-11-01 03:29:00,2025-11-01 03:45:00,EXTEND,short,4012.5,4018.2,4012.5,3999.3,True,2025-11-01 03:39:00,4012.5,BE,0.0,-4.0,16
2025-11-03 07:00:00,2025-11-03 07:17:00,2025-11-03 08:13:00,MSS,short,4008.7,4019.0,4008.7,3984.8,True,2025-11-03 07:21:00,3984.8,TP,23.9,234.87,56
2025-11-03 08:20:00,2025-11-03 09:06:00,2025-11-03 09:13:00,EXTEND,short,3988.1,3998.3,3998.3,3964.5,False,,3998.3,SL,-10.2,-105.61,7
2025-11-03 11:00:00,2025-11-03 11:08:00,2025-11-03 12:24:00,BOS,long,4013.7,4008.4,4013.7,4026.2,True,2025-11-03 11:11:00,4013.7,BE,0.0,-4.0,76
2025-11-03 13:00:00,2025-11-03 13:08:00,2025-11-03 13:11:00,BOS,short,4014.2,4018.5,4018.5,4004.1,False,,4018.5,SL,-4.3,-47.17,3
2025-11-03 14:20:00,2025-11-03 14:32:00,2025-11-03 15:02:00,EXTEND,long,4024.2,4020.7,4024.2,4032.4,True,2025-11-03 14:40:00,4032.4,TP,8.2,77.7,30
2025-11-03 15:00:00,2025-11-03 15:08:00,2025-11-03 15:13:00,BOS,long,4028.6,4025.2,4025.2,4036.5,False,,4025.2,SL,-3.4,-38.0,5
2025-11-03 15:15:00,2025-11-03 15:26:00,2025-11-03 15:36:00,EXTEND,short,4029.9,4034.1,4029.9,4020.3,True,2025-11-03 15:32:00,4029.9,BE,0.0,-4.0,10
2025-11-03 15:50:00,2025-11-03 15:55:00,2025-11-03 16:05:00,BOS,long,4033.2,4031.0,4033.2,4038.4,True,2025-11-03 15:56:00,4038.4,TP,5.2,47.5,10
2025-11-03 16:05:00,2025-11-03 16:13:00,2025-11-03 16:14:00,EXTEND,long,4035.1,4032.7,4032.7,4040.6,False,,4032.7,SL,-2.4,-27.68,1
2025-11-03 17:05:00,2025-11-03 17:16:00,2025-11-03 17:25:00,EXTEND,long,4028.6,4023.4,4023.4,4040.5,False,,4023.4,SL,-5.2,-55.57,9
2025-11-03 20:05:00,2025-11-03 20:10:00,2025-11-03 20:21:00,EXTEND,short,4019.1,4020.8,4019.1,4015.1,True,2025-11-03 20:20:00,4015.1,TP,4.0,35.96,11
2025-11-03 20:20:00,2025-11-03 20:25:00,2025-11-03 20:33:00,EXTEND,short,4017.9,4020.8,4020.8,4011.1,False,,4020.8,SL,-2.9,-33.03,8
2025-11-03 21:20:00,2025-11-03 21:25:00,2025-11-03 21:31:00,EXTEND,long,4027.0,4023.6,4023.6,4034.9,False,,4023.6,SL,-3.4,-38.0,6
2025-11-03 22:00:00,2025-11-03 22:05:00,2025-11-03 22:26:00,EXTEND,long,4027.2,4023.6,4027.2,4035.5,True,2025-11-03 22:21:00,4027.2,BE,0.0,-4.0,21
2025-11-03 22:30:00,2025-11-03 22:36:00,2025-11-03 22:48:00,EXTEND,short,4024.9,4032.6,4032.6,4006.9,False,,4032.6,SL,-7.7,-81.16,12
2025-11-03 23:10:00,2025-11-03 23:27:00,2025-11-04 00:16:00,EXTEND,long,4024.2,4012.4,4012.4,4051.8,False,,4012.4,SL,-11.8,-122.42,49
2025-11-04 01:05:00,2025-11-04 01:12:00,2025-11-04 01:13:00,MSS,short,4019.7,4022.5,4022.5,4013.4,False,,4022.5,SL,-2.8,-31.5,1
2025-11-04 01:10:00,2025-11-04 01:15:00,2025-11-04 01:20:00,EXTEND,short,4019.6,4022.5,4022.5,4013.0,False,,4022.5,SL,-2.9,-32.65,5
2025-11-04 02:20:00,2025-11-04 02:31:00,2025-11-04 02:34:00,EXTEND,short,4016.7,4019.9,4019.9,4009.2,False,,4019.9,SL,-3.2,-36.09,3
2025-11-04 02:35:00,2025-11-04 02:50:00,2025-11-04 03:01:00,EXTEND,long,4015.5,4011.5,4015.5,4024.7,True,2025-11-04 02:57:00,4015.5,BE,0.0,-4.0,11
2025-11-04 03:05:00,2025-11-04 03:13:00,2025-11-04 03:55:00,EXTEND,short,4014.7,4019.5,4019.5,4003.6,False,,4019.5,SL,-4.8,-51.75,42
2025-11-04 07:00:00,2025-11-04 07:06:00,2025-11-04 07:06:00,MSS,long,4014.3,4012.1,4012.1,4019.5,False,,4012.1,SL,-2.2,-26.16,0
2025-11-04 07:10:00,2025-11-04 07:27:00,2025-11-04 11:32:00,EXTEND,short,4007.2,4017.9,4007.2,3982.5,True,2025-11-04 08:36:00,4007.2,BE,0.0,-4.0,245
2025-11-04 11:35:00,2025-11-04 12:05:00,2025-11-04 12:47:00,EXTEND,long,3999.9,3994.2,3994.2,4013.1,False,,3994.2,SL,-5.7,-60.92,42
2025-11-04 12:45:00,2025-11-04 12:52:00,2025-11-04 13:30:00,MSS,short,3999.1,4002.9,3999.1,3990.2,True,2025-11-04 12:59:00,3990.2,TP,8.9,84.8,38
2025-11-04 13:45:00,2025-11-04 13:50:00,2025-11-04 14:07:00,EXTEND,short,3990.3,3996.1,3990.3,3976.9,True,2025-11-04 13:58:00,3976.9,TP,13.4,130.09,17
2025-11-04 14:05:00,2025-11-04 14:16:00,2025-11-04 14:29:00,EXTEND,short,3984.6,3990.4,3984.6,3971.0,True,2025-11-04 14:24:00,3984.6,BE,0.0,-4.0,13
2025-11-04 16:00:00,2025-11-04 16:05:00,2025-11-04 16:10:00,BOS,long,4005.0,4002.7,4005.0,4010.2,True,2025-11-04 16:07:00,4005.0,BE,0.0,-4.0,5
2025-11-04 16:15:00,2025-11-04 16:22:00,2025-11-04 16:26:00,EXTEND,short,4006.4,4010.0,4010.0,3998.2,False,,4010.0,SL,-3.6,-39.53,4
2025-11-04 16:25:00,2025-11-04 17:08:00,2025-11-04 17:46:00,MSS,long,4005.0,4000.7,4005.0,4015.1,True,2025-11-04 17:34:00,4005.0,BE,0.0,-4.0,38
2025-11-04 18:00:00,2025-11-04 18:14:00,2025-11-04 19:50:00,EXTEND,short,4004.6,4010.3,4010.3,3991.5,False,,4010.3,SL,-5.7,-60.54,96
2025-11-04 19:50:00,2025-11-04 19:55:00,2025-11-04 20:25:00,EXTEND,long,4005.7,4002.6,4002.6,4012.9,False,,4002.6,SL,-3.1,-34.94,30
2025-11-04 20:55:00,2025-11-04 21:09:00,2025-11-04 21:35:00,EXTEND,short,4002.2,4008.0,4002.2,3988.7,True,2025-11-04 21:22:00,3988.7,TP,13.5,130.98,26
2025-11-04 22:05:00,2025-11-04 22:11:00,2025-11-04 22:29:00,EXTEND,short,3982.9,3988.9,3982.9,3969.1,True,2025-11-04 22:25:00,3969.1,TP,13.9,134.53,18
2025-11-04 22:40:00,2025-11-04 22:59:00,2025-11-05 11:44:00,EXTEND,short,3968.2,3987.5,3968.2,3923.2,True,2025-11-05 02:35:00,3968.2,BE,0.0,-4.0,705
2025-11-05 13:25:00,2025-11-05 13:37:00,2025-11-05 13:46:00,EXTEND,long,3979.8,3975.1,3975.1,3990.7,False,,3975.1,SL,-4.7,-50.99,9
2025-11-05 14:00:00,2025-11-05 14:06:00,2025-11-05 14:14:00,MSS,long,3972.9,3970.7,3972.9,3978.1,True,2025-11-05 14:06:00,3972.9,BE,0.0,-4.0,8
2025-11-05 14:20:00,2025-11-05 14:30:00,2025-11-05 14:41:00,EXTEND,long,3974.1,3970.7,3974.1,3982.0,True,2025-11-05 14:32:00,3982.0,TP,7.9,75.03,11
2025-11-05 14:40:00,2025-11-05 14:57:00,2025-11-05 16:04:00,EXTEND,long,3975.2,3970.7,3975.2,3985.8,True,2025-11-05 15:43:00,3985.8,TP,10.6,101.67,67
2025-11-05 17:55:00,2025-11-05 18:02:00,2025-11-05 18:03:00,EXTEND,long,3977.2,3973.6,3973.6,3985.7,False,,3973.6,SL,-3.6,-40.29,1
2025-11-05 18:05:00,2025-11-05 18:20:00,2025-11-05 19:50:00,EXTEND,short,3976.1,3983.1,3976.1,3959.9,True,2025-11-05 19:15:00,3976.1,BE,0.0,-4.0,90
2025-11-05 21:10:00,2025-11-05 21:15:00,2025-11-05 21:25:00,EXTEND,long,3977.0,3972.5,3977.0,3987.5,True,2025-11-05 21:21:00,3987.5,TP,10.5,100.78,10
2025-11-05 21:55:00,2025-11-05 22:03:00,2025-11-05 22:06:00,EXTEND,long,3983.9,3980.5,3983.9,3991.9,True,2025-11-05 22:05:00,3983.9,BE,0.0,-4.0,3
2025-11-05 22:35:00,2025-11-05 22:41:00,2025-11-05 22:47:00,EXTEND,long,3987.9,3983.2,3983.2,3998.9,False,,3983.2,SL,-4.7,-51.37,6
2025-11-05 23:00:00,2025-11-05 23:08:00,2025-11-05 23:26:00,EXTEND,short,3987.1,3995.6,3987.1,3967.3,True,2025-11-05 23:11:00,3987.1,BE,0.0,-4.0,18
2025-11-06 00:05:00,2025-11-06 00:13:00,2025-11-06 00:14:00,BOS,long,3988.7,3986.7,3986.7,3993.4,False,,3986.7,SL,-2.0,-24.25,1
2025-11-06 00:15:00,2025-11-06 00:21:00,2025-11-06 00:30:00,MSS,short,3989.0,3992.0,3992.0,3982.0,False,,3992.0,SL,-3.0,-34.18,9
2025-11-06 02:20:00,2025-11-06 02:28:00,2025-11-06 02:30:00,EXTEND,long,3991.4,3988.5,3991.4,3998.0,True,2025-11-06 02:30:00,3991.4,BE,0.0,-4.0,2
2025-11-06 07:50:00,2025-11-06 08:00:00,2025-11-06 09:04:00,EXTEND,long,3981.5,3978.0,3981.5,3989.7,True,2025-11-06 09:00:00,3981.5,BE,0.0,-4.0,64
2025-11-06 09:05:00,2025-11-06 09:21:00,2025-11-06 09:35:00,MSS,short,3981.1,3986.1,3981.1,3969.6,True,2025-11-06 09:30:00,3981.1,BE,0.0,-4.0,14
2025-11-06 10:40:00,2025-11-06 10:45:00,2025-11-06 11:07:00,EXTEND,long,3988.3,3984.7,3988.3,3996.5,True,2025-11-06 10:52:00,3988.3,BE,0.0,-4.0,22
2025-11-06 13:00:00,2025-11-06 13:08:00,2025-11-06 13:37:00,BOS,long,3995.3,3993.3,3995.3,3999.9,True,2025-11-06 13:21:00,3995.3,BE,0.0,-4.0,29
2025-11-06 13:45:00,2025-11-06 13:53:00,2025-11-06 14:01:00,EXTEND,long,3996.5,3994.4,3994.4,4001.5,False,,3994.4,SL,-2.1,-25.39,8
2025-11-06 16:30:00,2025-11-06 17:55:00,2025-11-06 18:30:00,EXTEND,long,4018.4,4013.6,4013.6,4029.6,False,,4013.6,SL,-4.8,-52.13,35
2025-11-06 18:30:00,2025-11-06 18:42:00,2025-11-06 18:53:00,BOS,short,4016.6,4018.5,4016.6,4012.3,True,2025-11-06 18:48:00,4016.6,BE,0.0,-4.0,11
2025-11-06 19:00:00,2025-11-06 19:25:00,2025-11-06 19:32:00,MSS,long,4016.5,4014.3,4016.5,4021.5,True,2025-11-06 19:27:00,4021.5,TP,5.1,46.62,7
2025-11-06 20:50:00,2025-11-06 21:06:00,2025-11-06 21:21:00,BOS,short,4019.4,4023.9,4023.9,4008.9,False,,4023.9,SL,-4.5,-49.08,15
2025-11-07 01:25:00,2025-11-07 01:41:00,2025-11-07 01:50:00,EXTEND,short,3986.0,3993.9,3993.9,3967.6,False,,3993.9,SL,-7.9,-83.07,9
2025-11-07 03:10:00,2025-11-07 03:36:00,2025-11-07 03:47:00,BOS,long,3997.9,3994.3,3994.3,4006.2,False,,3994.3,SL,-3.6,-39.91,11
2025-11-07 07:00:00,2025-11-07 07:07:00,2025-11-07 07:10:00,EXTEND,short,3986.6,3989.8,3989.8,3979.3,False,,3989.8,SL,-3.2,-35.71,3
2025-11-07 08:10:00,2025-11-07 08:15:00,2025-11-07 08:18:00,EXTEND,short,3994.9,3996.9,3996.9,3990.2,False,,3996.9,SL,-2.0,-24.25,3
2025-11-07 08:55:00,2025-11-07 09:01:00,2025-11-07 09:01:00,EXTEND,short,3997.6,3999.1,3999.1,3994.1,False,,3999.1,SL,-1.5,-18.9,0
2025-11-07 10:00:00,2025-11-07 10:14:00,2025-11-07 10:22:00,EXTEND,long,4005.6,4002.1,4002.1,4013.7,False,,4002.1,SL,-3.5,-38.76,8
2025-11-07 10:30:00,2025-11-07 10:36:00,2025-11-07 10:38:00,BOS,short,4002.8,4005.2,4005.2,3997.1,False,,4005.2,SL,-2.4,-28.45,2
2025-11-07 10:35:00,2025-11-07 10:43:00,2025-11-07 11:00:00,MSS,long,4001.7,3998.8,4001.7,4008.6,True,2025-11-07 10:54:00,4001.7,BE,0.0,-4.0,17
2025-11-07 11:10:00,2025-11-07 11:37:00,2025-11-07 12:18:00,EXTEND,short,4001.2,4004.8,4001.2,3992.7,True,2025-11-07 11:54:00,4001.2,BE,0.0,-4.0,41
2025-11-07 12:35:00,2025-11-07 12:40:00,2025-11-07 12:50:00,EXTEND,short,4003.6,4005.2,4005.2,3999.7,False,,4005.2,SL,-1.6,-20.43,10
2025-11-07 13:00:00,2025-11-07 13:15:00,2025-11-07 13:22:00,EXTEND,long,4003.7,4002.1,4002.1,4007.4,False,,4002.1,SL,-1.6,-20.04,7
2025-11-07 13:25:00,2025-11-07 13:30:00,2025-11-07 13:55:00,EXTEND,short,4003.4,4006.3,4003.4,3996.8,True,2025-11-07 13:54:00,4003.4,BE,0.0,-4.0,25
2025-11-07 14:00:00,2025-11-07 14:08:00,2025-11-07 14:18:00,EXTEND,short,4003.1,4005.2,4005.2,3998.1,False,,4005.2,SL,-2.1,-25.39,10
2025-11-07 15:45:00,2025-11-07 15:57:00,2025-11-07 16:07:00,EXTEND,short,4014.5,4017.2,4017.2,4008.3,False,,4017.2,SL,-2.7,-30.74,10
2025-11-07 16:10:00,2025-11-07 16:20:00,2025-11-07 16:24:00,BOS,long,4014.7,4012.4,4012.4,4019.9,False,,4012.4,SL,-2.3,-26.54,4
2025-11-07 17:15:00,2025-11-07 17:23:00,2025-11-07 17:33:00,BOS,long,4018.5,4016.1,4016.1,4024.1,False,,4016.1,SL,-2.4,-28.07,10
2025-11-10 08:35:00,2025-11-10 08:44:00,2025-11-10 08:45:00,MSS,short,4023.1,4025.5,4025.5,4017.6,False,,4025.5,SL,-2.4,-27.68,1
2025-11-10 10:05:00,2025-11-10 10:14:00,2025-11-10 10:18:00,BOS,short,4052.8,4056.0,4056.0,4045.5,False,,4056.0,SL,-3.2,-35.71,4
2025-11-10 11:40:00,2025-11-10 11:50:00,2025-11-10 12:09:00,EXTEND,long,4056.3,4053.0,4056.3,4064.0,True,2025-11-10 12:00:00,4064.0,TP,7.7,73.26,19
2025-11-10 12:10:00,2025-11-10 12:46:00,2025-11-10 13:30:00,EXTEND,long,4059.6,4055.7,4059.6,4068.7,True,2025-11-10 13:24:00,4068.7,TP,9.1,86.58,44
2025-11-10 14:35:00,2025-11-10 14:43:00,2025-11-10 16:07:00,EXTEND,long,4079.6,4074.8,4079.6,4090.7,True,2025-11-10 14:58:00,4090.7,TP,11.1,107.0,84
2025-11-10 16:05:00,2025-11-10 16:13:00,2025-11-10 17:04:00,BOS,long,4085.6,4081.7,4085.6,4094.7,True,2025-11-10 16:33:00,4085.6,BE,0.0,-4.0,51
2025-11-10 17:05:00,2025-11-10 17:10:00,2025-11-10 17:15:00,EXTEND,short,4088.5,4091.2,4088.5,4082.2,True,2025-11-10 17:11:00,4082.2,TP,6.3,59.05,5
2025-11-10 17:15:00,2025-11-10 17:20:00,2025-11-10 17:35:00,EXTEND,short,4086.7,4091.2,4091.2,4076.3,False,,4091.2,SL,-4.5,-48.69,15
2025-11-10 17:40:00,2025-11-10 17:59:00,2025-11-10 18:46:00,EXTEND,long,4085.5,4079.5,4085.5,4099.4,True,2025-11-10 18:39:00,4085.5,BE,0.0,-4.0,47
2025-11-10 18:45:00,2025-11-10 18:59:00,2025-11-10 19:36:00,BOS,short,4089.2,4092.3,4089.2,4081.9,True,2025-11-10 19:08:00,4089.2,BE,0.0,-4.0,37
2025-11-10 21:00:00,2025-11-10 21:34:00,2025-11-10 21:51:00,EXTEND,long,4106.7,4101.5,4101.5,4118.6,False,,4101.5,SL,-5.2,-55.57,17
2025-11-10 22:35:00,2025-11-10 22:45:00,2025-11-10 22:54:00,EXTEND,short,4091.5,4097.0,4091.5,4078.6,True,2025-11-10 22:50:00,4091.5,BE,0.0,-4.0,9
2025-11-10 23:45:00,2025-11-10 23:53:00,2025-11-11 00:08:00,BOS,short,4091.7,4096.0,4096.0,4081.6,False,,4096.0,SL,-4.3,-47.17,15
2025-11-11 01:40:00,2025-11-11 01:46:00,2025-11-11 01:49:00,MSS,short,4104.7,4106.4,4106.4,4100.8,False,,4106.4,SL,-1.7,-20.81,3
2025-11-11 02:50:00,2025-11-11 03:11:00,2025-11-11 04:26:00,EXTEND,short,4119.8,4123.9,4119.8,4110.2,True,2025-11-11 04:16:00,4119.8,BE,0.0,-4.0,75
2025-11-11 07:10:00,2025-11-11 07:19:00,2025-11-11 08:02:00,EXTEND,long,4124.0,4121.6,4124.0,4129.7,True,2025-11-11 07:21:00,4124.0,BE,0.0,-4.0,43
2025-11-11 08:05:00,2025-11-11 08:15:00,2025-11-11 08:26:00,EXTEND,short,4127.2,4129.7,4129.7,4121.3,False,,4129.7,SL,-2.5,-29.21,11
2025-11-11 09:30:00,2025-11-11 09:46:00,2025-11-11 11:16:00,EXTEND,long,4138.9,4133.7,4138.9,4151.1,True,2025-11-11 10:44:00,4151.1,TP,12.2,117.66,90
2025-11-11 12:00:00,2025-11-11 12:06:00,2025-11-11 12:08:00,BOS,long,4151.9,4150.0,4150.0,4156.2,False,,4150.0,SL,-1.9,-22.72,2
2025-11-11 12:35:00,2025-11-11 12:41:00,2025-11-11 12:43:00,EXTEND,long,4149.2,4147.9,4147.9,4152.2,False,,4147.9,SL,-1.3,-16.99,2
2025-11-11 12:40:00,2025-11-11 12:47:00,2025-11-11 12:51:00,MSS,short,4149.9,4151.3,4151.3,4146.7,False,,4151.3,SL,-1.4,-17.75,4
2025-11-11 12:55:00,2025-11-11 13:03:00,2025-11-11 13:04:00,EXTEND,short,4149.9,4151.3,4149.9,4146.6,True,2025-11-11 13:04:00,4146.6,TP,3.3,28.86,1
2025-11-11 13:05:00,2025-11-11 13:17:00,2025-11-11 13:34:00,EXTEND,short,4148.3,4152.4,4148.3,4138.7,True,2025-11-11 13:22:00,4138.7,TP,9.6,91.9,17
2025-11-11 13:35:00,2025-11-11 13:50:00,2025-11-11 14:20:00,EXTEND,short,4142.1,4148.7,4142.1,4126.6,True,2025-11-11 14:01:00,4142.1,BE,0.0,-4.0,30
2025-11-11 14:25:00,2025-11-11 14:34:00,2025-11-11 15:03:00,EXTEND,long,4137.3,4133.2,4133.2,4146.9,False,,4133.2,SL,-4.1,-45.26,29
2025-11-11 15:05:00,2025-11-11 15:12:00,2025-11-11 15:21:00,EXTEND,short,4136.2,4139.0,4139.0,4129.9,False,,4139.0,SL,-2.8,-31.5,9
2025-11-11 15:50:00,2025-11-11 15:59:00,2025-11-11 16:02:00,EXTEND,short,4135.9,4139.0,4139.0,4128.8,False,,4139.0,SL,-3.1,-34.56,3
2025-11-11 16:15:00,2025-11-11 16:35:00,2025-11-11 17:05:00,EXTEND,long,4136.3,4131.0,4136.3,4148.5,True,2025-11-11 16:49:00,4148.5,TP,12.3,118.54,30
2025-11-11 17:35:00,2025-11-11 17:43:00,2025-11-11 17:56:00,EXTEND,long,4149.1,4147.3,4149.1,4153.3,True,2025-11-11 17:48:00,4149.1,BE,0.0,-4.0,13
2025-11-11 18:05:00,2025-11-11 18:19:00,2025-11-11 18:52:00,EXTEND,short,4149.1,4152.5,4149.1,4141.1,True,2025-11-11 18:31:00,4149.1,BE,0.0,-4.0,33
2025-11-11 20:20:00,2025-11-11 20:36:00,2025-11-11 20:53:00,EXTEND,short,4147.9,4151.0,4147.9,4140.6,True,2025-11-11 20:48:00,4140.6,TP,7.3,68.82,17
2025-11-11 20:55:00,2025-11-11 21:07:00,2025-11-11 21:22:00,EXTEND,short,4144.9,4148.4,4148.4,4136.8,False,,4148.4,SL,-3.5,-38.76,15
2025-11-11 21:35:00,2025-11-11 21:44:00,2025-11-11 22:01:00,EXTEND,long,4148.0,4144.6,4148.0,4155.8,True,2025-11-11 21:49:00,4148.0,BE,0.0,-4.0,17
2025-11-11 22:45:00,2025-11-11 22:58:00,2025-11-11 23:19:00,BOS,short,4134.3,4139.6,4134.3,4122.1,True,2025-11-11 23:00:00,4122.1,TP,12.3,118.54,21
2025-11-12 01:30:00,2025-11-12 01:52:00,2025-11-12 02:18:00,BOS,short,4120.6,4123.5,4120.6,4114.0,True,2025-11-12 02:11:00,4120.6,BE,0.0,-4.0,26
2025-11-12 02:35:00,2025-11-12 02:47:00,2025-11-12 03:11:00,EXTEND,short,4118.3,4122.0,4122.0,4109.7,False,,4122.0,SL,-3.7,-41.05,24
2025-11-12 07:50:00,2025-11-12 08:00:00,2025-11-12 08:25:00,EXTEND,long,4145.8,4142.6,4145.8,4153.3,True,2025-11-12 08:02:00,4145.8,BE,0.0,-4.0,25
2025-11-12 08:25:00,2025-11-12 08:30:00,2025-11-12 08:45:00,EXTEND,short,4148.5,4150.6,4148.5,4143.5,True,2025-11-12 08:38:00,4148.5,BE,0.0,-4.0,15
2025-11-12 09:35:00,2025-11-12 09:44:00,2025-11-12 10:41:00,EXTEND,short,4138.9,4143.3,4138.9,4128.6,True,2025-11-12 10:31:00,4128.6,TP,10.3,99.01,57
2025-11-12 13:30:00,2025-11-12 13:35:00,2025-11-12 14:07:00,BOS,short,4111.4,4115.7,4115.7,4101.3,False,,4115.7,SL,-4.3,-47.17,32
2025-11-12 14:35:00,2025-11-12 14:47:00,2025-11-12 15:05:00,BOS,long,4119.8,4117.0,4119.8,4126.1,True,2025-11-12 14:55:00,4126.1,TP,6.4,59.94,18
2025-11-12 15:15:00,2025-11-12 15:34:00,2025-11-12 15:42:00,EXTEND,long,4124.5,4120.5,4120.5,4133.7,False,,4120.5,SL,-4.0,-43.73,8
2025-11-12 16:05:00,2025-11-12 16:14:00,2025-11-12 16:21:00,EXTEND,short,4125.0,4129.8,4129.8,4113.9,False,,4129.8,SL,-4.8,-51.75,7
2025-11-12 17:10:00,2025-11-12 17:16:00,2025-11-12 17:26:00,MSS,short,4136.8,4139.4,4136.8,4130.9,True,2025-11-12 17:19:00,4130.9,TP,5.9,55.5,10
2025-11-12 17:50:00,2025-11-12 18:17:00,2025-11-12 18:57:00,EXTEND,short,4134.4,4139.4,4134.4,4122.8,True,2025-11-12 18:23:00,4134.4,BE,0.0,-4.0,40
2025-11-12 19:10:00,2025-11-12 19:20:00,2025-11-12 19:22:00,EXTEND,long,4132.9,4130.3,4130.3,4138.9,False,,4130.3,SL,-2.6,-29.98,2
2025-11-12 19:30:00,2025-11-12 19:43:00,2025-11-12 20:05:00,EXTEND,short,4134.0,4137.1,4134.0,4126.8,True,2025-11-12 19:56:00,4134.0,BE,0.0,-4.0,22
2025-11-12 20:30:00,2025-11-12 21:00:00,2025-11-12 21:10:00,EXTEND,long,4135.6,4129.0,4129.0,4150.8,False,,4129.0,SL,-6.6,-69.7,10
2025-11-12 21:35:00,2025-11-12 21:52:00,2025-11-12 22:10:00,EXTEND,long,4132.3,4128.1,4132.3,4141.9,True,2025-11-12 22:02:00,4141.9,TP,9.7,92.79,18
2025-11-12 22:10:00,2025-11-12 22:32:00,2025-11-12 23:04:00,EXTEND,long,4135.5,4130.1,4135.5,4148.1,True,2025-11-12 22:37:00,4148.1,TP,12.6,122.1,32
2025-11-12 23:45:00,2025-11-12 23:52:00,2025-11-12 23:54:00,BOS,long,4184.7,4181.2,4181.2,4192.9,False,,4181.2,SL,-3.5,-39.14,2
2025-11-12 23:50:00,2025-11-12 23:55:00,2025-11-13 00:07:00,EXTEND,long,4185.5,4181.2,4185.5,4195.4,True,2025-11-13 00:01:00,4195.4,TP,9.9,95.46,12
2025-11-13 01:00:00,2025-11-13 01:18:00,2025-11-13 02:03:00,EXTEND,long,4199.5,4193.7,4199.5,4213.1,True,2025-11-13 01:32:00,4199.5,BE,0.0,-4.0,45
2025-11-13 02:00:00,2025-11-13 02:11:00,2025-11-13 02:24:00,MSS,short,4205.4,4210.6,4210.6,4193.2,False,,4210.6,SL,-5.2,-56.33,13
2025-11-13 03:25:00,2025-11-13 07:09:00,2025-11-13 07:40:00,EXTEND,short,4209.5,4216.9,4209.5,4192.4,True,2025-11-13 07:13:00,4192.4,TP,17.1,167.38,31
2025-11-13 08:10:00,2025-11-13 08:19:00,2025-11-13 08:30:00,EXTEND,short,4194.4,4197.8,4197.8,4186.6,False,,4197.8,SL,-3.4,-37.62,11
2025-11-13 08:50:00,2025-11-13 09:01:00,2025-11-13 09:05:00,BOS,long,4205.6,4201.5,4201.5,4215.2,False,,4201.5,SL,-4.1,-45.26,4
2025-11-13 10:05:00,2025-11-13 10:24:00,2025-11-13 10:52:00,EXTEND,long,4192.1,4186.6,4192.1,4204.8,True,2025-11-13 10:41:00,4192.1,BE,0.0,-4.0,28
2025-11-13 12:05:00,2025-11-13 12:43:00,2025-11-13 14:04:00,EXTEND,long,4209.2,4200.1,4209.2,4230.5,True,2025-11-13 13:08:00,4209.2,BE,0.0,-4.0,81
2025-11-13 14:15:00,2025-11-13 14:53:00,2025-11-13 15:26:00,EXTEND,short,4215.5,4220.9,4220.9,4203.0,False,,4220.9,SL,-5.4,-57.86,33
2025-11-13 15:30:00,2025-11-13 15:50:00,2025-11-13 16:00:00,EXTEND,long,4216.5,4212.4,4216.5,4226.1,True,2025-11-13 15:52:00,4226.1,TP,9.6,91.9,10
2025-11-13 17:00:00,2025-11-13 17:07:00,2025-11-13 17:18:00,MSS,short,4238.9,4243.0,4243.0,4229.4,False,,4243.0,SL,-4.1,-44.87,11
2025-11-13 17:20:00,2025-11-13 17:26:00,2025-11-13 17:29:00,EXTEND,long,4237.2,4232.3,4232.3,4248.4,False,,4232.3,SL,-4.9,-52.51,3
2025-11-13 17:30:00,2025-11-13 18:01:00,2025-11-13 18:21:00,EXTEND,short,4239.2,4245.0,4245.0,4225.7,False,,4245.0,SL,-5.8,-62.06,20
2025-11-13 18:20:00,2025-11-13 18:29:00,2025-11-13 18:37:00,EXTEND,long,4239.8,4236.3,4236.3,4247.9,False,,4236.3,SL,-3.5,-38.76,8
2025-11-13 19:00:00,2025-11-13 19:07:00,2025-11-13 19:44:00,EXTEND,short,4234.9,4240.1,4234.9,4222.8,True,2025-11-13 19:17:00,4234.9,BE,0.0,-4.0,37
2025-11-13 20:20:00,2025-11-13 20:26:00,2025-11-13 20:54:00,EXTEND,long,4237.3,4234.2,4237.3,4244.4,True,2025-11-13 20:35:00,4244.4,TP,7.1,67.04,28
2025-11-13 20:55:00,2025-11-13 21:02:00,2025-11-13 21:03:00,EXTEND,long,4240.8,4235.1,4235.1,4254.0,False,,4235.1,SL,-5.7,-60.92,1
2025-11-13 21:10:00,2025-11-13 21:25:00,2025-11-13 21:35:00,EXTEND,short,4242.4,4250.0,4242.4,4224.9,True,2025-11-13 21:31:00,4224.9,TP,17.6,171.82,10
2025-11-13 21:35:00,2025-11-13 21:45:00,2025-11-13 22:08:00,EXTEND,short,4235.6,4242.5,4235.6,4219.5,True,2025-11-13 22:03:00,4219.5,TP,16.1,156.73,23
2025-11-13 23:05:00,2025-11-13 23:26:00,2025-11-13 23:33:00,MSS,long,4199.5,4193.2,4193.2,4214.0,False,,4193.2,SL,-6.3,-66.65,7
2025-11-14 00:40:00,2025-11-14 00:52:00,2025-11-14 01:27:00,EXTEND,short,4208.0,4213.0,4208.0,4196.4,True,2025-11-14 01:11:00,4208.0,BE,0.0,-4.0,35
2025-11-14 07:50:00,2025-11-14 08:06:00,2025-11-14 08:20:00,EXTEND,long,4183.6,4179.8,4183.6,4192.4,True,2025-11-14 08:10:00,4192.4,TP,8.8,83.91,14
2025-11-14 08:20:00,2025-11-14 08:51:00,2025-11-14 08:53:00,EXTEND,long,4185.9,4181.7,4181.7,4195.8,False,,4181.7,SL,-4.2,-46.4,2
2025-11-14 08:50:00,2025-11-14 09:03:00,2025-11-14 09:23:00,MSS,short,4188.0,4192.5,4188.0,4177.6,True,2025-11-14 09:18:00,4177.6,TP,10.4,99.9,20
2025-11-14 09:30:00,2025-11-14 09:40:00,2025-11-14 09:54:00,EXTEND,short,4186.1,4192.3,4192.3,4171.7,False,,4192.3,SL,-6.2,-65.88,14
2025-11-14 11:30:00,2025-11-14 11:44:00,2025-11-14 11:51:00,EXTEND,long,4210.1,4207.0,4207.0,4217.3,False,,4207.0,SL,-3.1,-34.94,7
2025-11-14 12:25:00,2025-11-14 12:34:00,2025-11-14 13:09:00,EXTEND,short,4205.6,4209.4,4205.6,4196.8,True,2025-11-14 13:02:00,4196.8,TP,8.8,83.91,35
2025-11-14 13:15:00,2025-11-14 13:41:00,2025-11-14 14:26:00,EXTEND,short,4199.1,4206.9,4199.1,4181.0,True,2025-11-14 13:56:00,4181.0,TP,18.1,177.15,45
2025-11-14 15:25:00,2025-11-14 15:42:00,2025-11-14 15:47:00,EXTEND,short,4173.2,4179.9,4179.9,4157.5,False,,4179.9,SL,-6.7,-71.23,5
2025-11-14 16:35:00,2025-11-14 16:40:00,2025-11-14 16:51:00,BOS,long,4183.6,4179.3,4179.3,4193.5,False,,4179.3,SL,-4.3,-46.78,11
2025-11-14 17:00:00,2025-11-14 17:10:00,2025-11-14 18:06:00,EXTEND,short,4182.9,4190.5,4182.9,4165.1,True,2025-11-14 17:19:00,4165.1,TP,17.8,173.6,56
2025-11-14 18:30:00,2025-11-14 18:39:00,2025-11-14 18:55:00,BOS,short,4170.0,4174.4,4174.4,4159.7,False,,4174.4,SL,-4.4,-48.31,16
2025-11-14 22:20:00,2025-11-14 22:30:00,2025-11-14 22:32:00,MSS,long,4051.7,4045.6,4051.7,4065.9,True,2025-11-14 22:30:00,4051.7,BE,0.0,-4.0,2
2025-11-14 22:30:00,2025-11-14 22:35:00,2025-11-14 22:37:00,MSS,short,4050.3,4061.6,4061.6,4024.1,False,,4061.6,SL,-11.3,-116.69,2
2025-11-14 23:50:00,2025-11-14 23:56:00,2025-11-15 00:06:00,EXTEND,long,4083.5,4074.4,4083.5,4104.6,True,2025-11-14 23:58:00,4083.5,BE,0.0,-4.0,10
2025-11-15 00:40:00,2025-11-15 00:58:00,2025-11-15 01:07:00,EXTEND,long,4104.3,4098.7,4104.3,4117.2,True,2025-11-15 01:03:00,4104.3,BE,0.0,-4.0,9
2025-11-15 01:25:00,2025-11-15 01:31:00,2025-11-15 01:54:00,EXTEND,short,4106.0,4112.8,4106.0,4090.2,True,2025-11-15 01:50:00,4106.0,BE,0.0,-4.0,23
2025-11-15 02:20:00,2025-11-15 02:30:00,2025-11-17 07:02:00,EXTEND,short,4097.2,4106.3,4097.2,4075.9,True,2025-11-15 04:02:00,4075.9,TP,21.2,208.23,212
2025-11-17 07:00:00,2025-11-17 07:05:00,2025-11-17 07:06:00,BOS,short,4077.5,4087.1,4087.1,4055.1,False,,4087.1,SL,-9.6,-100.26,1
2025-11-17 08:55:00,2025-11-17 09:00:00,2025-11-17 09:10:00,BOS,short,4089.0,4093.0,4093.0,4079.7,False,,4093.0,SL,-4.0,-44.11,10
2025-11-17 09:10:00,2025-11-17 09:16:00,2025-11-17 09:35:00,MSS,long,4088.5,4082.5,4088.5,4102.4,True,2025-11-17 09:24:00,4102.4,TP,13.9,135.42,19
2025-11-17 09:35:00,2025-11-17 09:57:00,2025-11-17 10:03:00,EXTEND,long,4093.1,4086.7,4086.7,4108.0,False,,4086.7,SL,-6.4,-68.18,6
2025-11-17 11:00:00,2025-11-17 11:16:00,2025-11-17 11:53:00,EXTEND,short,4085.8,4095.2,4085.8,4064.0,True,2025-11-17 11:24:00,4085.8,BE,0.0,-4.0,37
2025-11-17 12:05:00,2025-11-17 12:46:00,2025-11-17 13:05:00,EXTEND,long,4081.3,4076.4,4076.4,4092.5,False,,4076.4,SL,-4.9,-52.51,19
2025-11-17 14:05:00,2025-11-17 14:10:00,2025-11-17 14:24:00,EXTEND,long,4059.7,4054.6,4059.7,4071.5,True,2025-11-17 14:19:00,4059.7,BE,0.0,-4.0,14
2025-11-17 16:10:00,2025-11-17 16:35:00,2025-11-17 18:50:00,EXTEND,long,4077.6,4065.6,4077.6,4105.4,True,2025-11-17 17:34:00,4077.6,BE,0.0,-4.0,135
2025-11-17 19:00:00,2025-11-17 19:35:00,2025-11-17 21:03:00,EXTEND,short,4078.0,4087.7,4087.7,4055.3,False,,4087.7,SL,-9.7,-101.41,88
2025-11-17 21:05:00,2025-11-17 21:10:00,2025-11-17 21:28:00,EXTEND,long,4082.9,4076.2,4076.2,4098.4,False,,4076.2,SL,-6.7,-70.85,18
2025-11-17 21:50:00,2025-11-17 22:11:00,2025-11-17 22:36:00,EXTEND,short,4072.9,4080.9,4080.9,4054.4,False,,4080.9,SL,-8.0,-83.84,25
2025-11-17 22:35:00,2025-11-17 22:41:00,2025-11-17 23:00:00,EXTEND,long,4072.1,4065.0,4072.1,4088.7,True,2025-11-17 22:43:00,4072.1,BE,0.0,-4.0,19
2025-11-17 23:15:00,2025-11-17 23:24:00,2025-11-18 00:05:00,EXTEND,short,4074.1,4082.0,4074.1,4055.8,True,2025-11-17 23:56:00,4055.8,TP,18.3,178.93,41
2025-11-18 01:30:00,2025-11-18 01:41:00,2025-11-18 01:52:00,EXTEND,long,4076.3,4072.5,4072.5,4085.1,False,,4072.5,SL,-3.8,-41.82,11
2025-11-18 03:45:00,2025-11-18 07:00:00,2025-11-18 15:36:00,EXTEND,short,4046.2,4066.7,4046.2,3998.5,True,2025-11-18 09:51:00,3998.5,TP,47.7,472.86,516
2025-11-18 15:35:00,2025-11-18 15:40:00,2025-11-18 15:47:00,EXTEND,short,4008.3,4015.1,4015.1,3992.6,False,,4015.1,SL,-6.8,-71.61,7
2025-11-18 17:10:00,2025-11-18 17:16:00,2025-11-18 17:44:00,MSS,short,4036.7,4041.1,4036.7,4026.6,True,2025-11-18 17:34:00,4036.7,BE,0.0,-4.0,28
2025-11-18 18:45:00,2025-11-18 18:58:00,2025-11-18 19:07:00,BOS,long,4041.9,4036.8,4041.9,4053.8,True,2025-11-18 19:01:00,4041.9,BE,0.0,-4.0,9
2025-11-18 19:55:00,2025-11-18 20:04:00,2025-11-18 20:25:00,EXTEND,short,4044.6,4049.8,4044.6,4032.7,True,2025-11-18 20:12:00,4032.7,TP,12.0,115.88,21
2025-11-18 20:25:00,2025-11-18 20:39:00,2025-11-18 21:02:00,EXTEND,short,4039.5,4044.5,4039.5,4027.7,True,2025-11-18 20:42:00,4039.5,BE,0.0,-4.0,23
2025-11-18 22:05:00,2025-11-18 22:10:00,2025-11-18 22:16:00,EXTEND,long,4069.2,4065.2,4069.2,4078.5,True,2025-11-18 22:11:00,4078.5,TP,9.3,89.24,6
2025-11-18 22:15:00,2025-11-18 22:27:00,2025-11-18 22:35:00,BOS,long,4073.2,4068.6,4073.2,4084.0,True,2025-11-18 22:32:00,4073.2,BE,0.0,-4.0,8
2025-11-18 22:40:00,2025-11-18 22:45:00,2025-11-18 22:46:00,EXTEND,long,4073.9,4068.6,4068.6,4086.3,False,,4068.6,SL,-5.3,-57.1,1
2025-11-18 23:30:00,2025-11-18 23:36:00,2025-11-18 23:50:00,EXTEND,long,4060.7,4053.1,4053.1,4078.2,False,,4053.1,SL,-7.6,-79.64,14
2025-11-19 00:00:00,2025-11-19 00:18:00,2025-11-19 01:37:00,EXTEND,short,4060.3,4072.9,4072.9,4031.1,False,,4072.9,SL,-12.6,-129.68,79
2025-11-19 02:00:00,2025-11-19 02:05:00,2025-11-19 02:09:00,MSS,short,4072.5,4074.2,4072.5,4068.5,True,2025-11-19 02:08:00,4068.5,TP,4.0,35.96,4
2025-11-19 02:05:00,2025-11-19 02:10:00,2025-11-19 02:22:00,EXTEND,short,4071.8,4074.2,4071.8,4066.3,True,2025-11-19 02:12:00,4066.3,TP,5.5,51.06,12
2025-11-19 02:25:00,2025-11-19 02:38:00,2025-11-19 02:46:00,EXTEND,short,4070.1,4074.2,4074.2,4060.5,False,,4074.2,SL,-4.1,-45.26,8
2025-11-19 03:20:00,2025-11-19 03:32:00,2025-11-19 04:14:00,EXTEND,long,4074.3,4069.8,4074.3,4084.9,True,2025-11-19 03:35:00,4074.3,BE,0.0,-4.0,42
2025-11-19 07:15:00,2025-11-19 07:30:00,2025-11-19 07:57:00,EXTEND,long,4068.4,4065.4,4068.4,4075.3,True,2025-11-19 07:43:00,4075.3,TP,6.9,65.26,27
2025-11-19 07:55:00,2025-11-19 08:08:00,2025-11-19 08:49:00,EXTEND,long,4071.2,4067.2,4071.2,4080.5,True,2025-11-19 08:22:00,4071.2,BE,0.0,-4.0,41
2025-11-19 10:00:00,2025-11-19 10:28:00,2025-11-19 10:33:00,EXTEND,short,4065.2,4070.7,4070.7,4052.3,False,,4070.7,SL,-5.5,-59.39,5
2025-11-19 12:00:00,2025-11-19 12:26:00,2025-11-19 12:33:00,EXTEND,short,4071.7,4076.4,4076.4,4060.9,False,,4076.4,SL,-4.7,-50.6,7
2025-11-19 15:05:00,2025-11-19 15:35:00,2025-11-19 15:41:00,MSS,short,4091.9,4096.2,4096.2,4081.8,False,,4096.2,SL,-4.3,-47.17,6
2025-11-19 19:15:00,2025-11-19 19:42:00,2025-11-19 21:00:00,BOS,long,4111.5,4107.1,4111.5,4121.7,True,2025-11-19 19:47:00,4111.5,BE,0.0,-4.0,78
2025-11-19 21:15:00,2025-11-19 21:31:00,2025-11-19 22:33:00,EXTEND,short,4113.2,4120.7,4113.2,4095.7,True,2025-11-19 22:30:00,4113.2,BE,0.0,-4.0,62
2025-11-19 22:30:00,2025-11-19 22:38:00,2025-11-19 22:55:00,EXTEND,short,4113.2,4119.9,4119.9,4097.7,False,,4119.9,SL,-6.7,-70.85,17
2025-11-19 23:15:00,2025-11-19 23:28:00,2025-11-19 23:41:00,EXTEND,long,4119.1,4109.7,4109.7,4140.9,False,,4109.7,SL,-9.4,-97.97,13
2025-11-20 00:15:00,2025-11-20 00:22:00,2025-11-20 00:26:00,BOS,short,4090.4,4095.6,4090.4,4078.5,True,2025-11-20 00:25:00,4078.5,TP,12.0,115.88,4
2025-11-20 02:15:00,2025-11-20 02:28:00,2025-11-20 02:33:00,EXTEND,long,4080.9,4076.7,4076.7,4090.5,False,,4076.7,SL,-4.2,-45.64,5
2025-11-20 02:50:00,2025-11-20 03:00:00,2025-11-20 03:13:00,BOS,long,4082.5,4076.3,4076.3,4096.7,False,,4076.3,SL,-6.2,-65.5,13
2025-11-20 03:25:00,2025-11-20 07:01:00,2025-11-20 07:37:00,EXTEND,short,4083.5,4092.4,4092.4,4062.8,False,,4092.4,SL,-8.9,-93.01,36
2025-11-20 08:40:00,2025-11-20 08:45:00,2025-11-20 09:01:00,EXTEND,short,4105.1,4108.3,4105.1,4097.6,True,2025-11-20 08:49:00,4105.1,BE,0.0,-4.0,16
2025-11-20 09:40:00,2025-11-20 09:45:00,2025-11-20 09:55:00,EXTEND,short,4095.0,4099.0,4095.0,4085.8,True,2025-11-20 09:54:00,4085.8,TP,9.2,88.35,10
2025-11-20 11:40:00,2025-11-20 12:01:00,2025-11-20 12:15:00,EXTEND,short,4071.6,4077.7,4077.7,4057.4,False,,4077.7,SL,-6.1,-65.12,14
2025-11-20 12:40:00,2025-11-20 12:49:00,2025-11-20 12:55:00,EXTEND,short,4075.9,4078.5,4078.5,4069.9,False,,4078.5,SL,-2.6,-29.98,6
2025-11-20 14:00:00,2025-11-20 14:06:00,2025-11-20 14:08:00,EXTEND,short,4069.7,4073.6,4073.6,4060.8,False,,4073.6,SL,-3.9,-42.58,2
2025-11-20 14:05:00,2025-11-20 14:18:00,2025-11-20 14:25:00,MSS,long,4068.5,4063.5,4063.5,4080.3,False,,4063.5,SL,-5.0,-54.42,7
2025-11-20 14:25:00,2025-11-20 14:41:00,2025-11-20 15:06:00,MSS,short,4069.4,4076.7,4069.4,4052.4,True,2025-11-20 14:51:00,4069.4,BE,0.0,-4.0,25
2025-11-20 15:10:00,2025-11-20 15:17:00,2025-11-20 15:22:00,EXTEND,long,4066.8,4061.6,4061.6,4079.0,False,,4061.6,SL,-5.2,-56.33,5
2025-11-20 15:45:00,2025-11-20 16:00:00,2025-11-20 16:04:00,EXTEND,short,4061.3,4066.7,4061.3,4048.8,True,2025-11-20 16:02:00,4048.8,TP,12.5,121.21,4
2025-11-20 16:20:00,2025-11-20 16:35:00,2025-11-20 16:57:00,EXTEND,short,4055.5,4066.7,4066.7,4029.6,False,,4066.7,SL,-11.2,-115.54,22
2025-11-20 17:10:00,2025-11-20 17:30:00,2025-11-20 18:23:00,EXTEND,long,4057.5,4048.8,4057.5,4077.8,True,2025-11-20 17:52:00,4057.5,BE,0.0,-4.0,53
2025-11-20 18:30:00,2025-11-20 18:53:00,2025-11-20 18:56:00,BOS,long,4060.4,4056.9,4056.9,4068.5,False,,4056.9,SL,-3.5,-38.76,3
2025-11-20 19:20:00,2025-11-20 19:28:00,2025-11-20 19:37:00,EXTEND,short,4054.8,4057.9,4057.9,4047.5,False,,4057.9,SL,-3.1,-35.32,9
2025-11-21 07:00:00,2025-11-21 07:05:00,2025-11-21 07:09:00,BOS,short,4076.6,4079.7,4079.7,4069.5,False,,4079.7,SL,-3.1,-34.56,4
2025-11-21 07:15:00,2025-11-21 07:26:00,2025-11-21 07:52:00,EXTEND,long,4077.1,4071.7,4077.1,4089.7,True,2025-11-21 07:30:00,4077.1,BE,0.0,-4.0,26
2025-11-21 08:25:00,2025-11-21 08:43:00,2025-11-21 09:00:00,EXTEND,short,4077.1,4081.2,4077.1,4067.6,True,2025-11-21 08:52:00,4067.6,TP,9.5,91.02,17
2025-11-21 09:30:00,2025-11-21 09:45:00,2025-11-21 09:52:00,EXTEND,short,4065.5,4068.8,4068.8,4057.8,False,,4068.8,SL,-3.3,-37.23,7
2025-11-21 10:10:00,2025-11-21 10:19:00,2025-11-21 10:33:00,EXTEND,long,4065.9,4060.2,4065.9,4079.0,True,2025-11-21 10:28:00,4079.0,TP,13.1,127.42,14
2025-11-21 10:30:00,2025-11-21 10:45:00,2025-11-21 10:47:00,MSS,long,4070.6,4065.3,4065.3,4082.8,False,,4065.3,SL,-5.3,-56.72,2
2025-11-21 11:20:00,2025-11-21 11:36:00,2025-11-21 11:40:00,EXTEND,short,4053.0,4056.0,4053.0,4046.0,True,2025-11-21 11:38:00,4053.0,BE,0.0,-4.0,4
2025-11-21 12:05:00,2025-11-21 12:14:00,2025-11-21 12:31:00,MSS,long,4054.0,4051.0,4054.0,4060.9,True,2025-11-21 12:27:00,4054.0,BE,0.0,-4.0,17
2025-11-21 12:40:00,2025-11-21 13:00:00,2025-11-21 13:51:00,EXTEND,short,4053.4,4058.3,4053.4,4041.9,True,2025-11-21 13:39:00,4041.9,TP,11.5,110.55,51
2025-11-21 13:50:00,2025-11-21 13:56:00,2025-11-21 13:58:00,EXTEND,short,4048.8,4055.9,4055.9,4032.3,False,,4055.9,SL,-7.1,-75.05,2
2025-11-21 14:00:00,2025-11-21 14:15:00,2025-11-21 14:28:00,EXTEND,long,4047.3,4037.3,4037.3,4070.4,False,,4037.3,SL,-10.0,-103.7,13
2025-11-21 15:00:00,2025-11-21 15:16:00,2025-11-21 16:05:00,EXTEND,short,4031.6,4038.2,4031.6,4016.4,True,2025-11-21 16:01:00,4031.6,BE,0.0,-4.0,49
2025-11-21 16:50:00,2025-11-21 17:01:00,2025-11-21 17:02:00,MSS,short,4040.8,4044.2,4044.2,4033.0,False,,4044.2,SL,-3.4,-37.62,1
2025-11-21 19:05:00,2025-11-21 19:15:00,2025-11-21 19:40:00,MSS,long,4037.0,4032.6,4032.6,4047.2,False,,4032.6,SL,-4.4,-47.93,25
2025-11-21 19:50:00,2025-11-21 20:06:00,2025-11-21 20:20:00,EXTEND,short,4037.9,4044.1,4044.1,4023.7,False,,4044.1,SL,-6.2,-65.5,14
2025-11-21 22:00:00,2025-11-21 22:10:00,2025-11-21 22:25:00,EXTEND,long,4071.4,4064.2,4064.2,4088.1,False,,4064.2,SL,-7.2,-75.82,15
2025-11-21 22:30:00,2025-11-21 22:54:00,2025-11-21 23:12:00,EXTEND,short,4074.2,4083.0,4074.2,4053.8,True,2025-11-21 23:08:00,4074.2,BE,0.0,-4.0,18
2025-11-21 23:40:00,2025-11-21 23:45:00,2025-11-22 00:39:00,EXTEND,short,4067.0,4075.6,4075.6,4047.2,False,,4075.6,SL,-8.6,-89.57,54
2025-11-24 07:10:00,2025-11-24 07:30:00,2025-11-24 08:05:00,EXTEND,long,4066.0,4060.6,4066.0,4078.5,True,2025-11-24 07:49:00,4066.0,BE,0.0,-4.0,35
2025-11-24 08:55:00,2025-11-24 09:02:00,2025-11-24 09:03:00,EXTEND,long,4061.0,4058.5,4058.5,4066.8,False,,4058.5,SL,-2.5,-28.83,1
2025-11-24 10:35:00,2025-11-24 10:41:00,2025-11-24 10:46:00,EXTEND,long,4044.2,4041.3,4041.3,4050.8,False,,4041.3,SL,-2.9,-32.65,5
2025-11-24 10:55:00,2025-11-24 11:03:00,2025-11-24 11:31:00,EXTEND,short,4044.4,4048.8,4048.8,4034.2,False,,4048.8,SL,-4.4,-47.93,28
2025-11-24 11:35:00,2025-11-24 11:49:00,2025-11-24 12:24:00,EXTEND,long,4046.3,4040.9,4046.3,4058.8,True,2025-11-24 12:06:00,4046.3,BE,0.0,-4.0,35
2025-11-24 13:40:00,2025-11-24 13:46:00,2025-11-24 13:49:00,MSS,long,4041.7,4039.0,4039.0,4047.9,False,,4039.0,SL,-2.7,-30.74,3
2025-11-24 13:45:00,2025-11-24 13:57:00,2025-11-24 14:02:00,MSS,short,4042.8,4046.0,4046.0,4035.5,False,,4046.0,SL,-3.2,-35.71,5
2025-11-24 14:40:00,2025-11-24 14:54:00,2025-11-24 15:28:00,EXTEND,long,4048.4,4044.6,4048.4,4057.3,True,2025-11-24 15:01:00,4048.4,BE,0.0,-4.0,34
2025-11-24 15:25:00,2025-11-24 15:31:00,2025-11-24 15:32:00,MSS,short,4051.1,4052.9,4052.9,4046.9,False,,4052.9,SL,-1.8,-21.95,1
2025-11-24 17:10:00,2025-11-24 17:25:00,2025-11-24 17:47:00,EXTEND,long,4064.0,4059.2,4064.0,4075.1,True,2025-11-24 17:38:00,4064.0,BE,0.0,-4.0,22
2025-11-24 18:00:00,2025-11-24 18:20:00,2025-11-24 18:52:00,BOS,long,4067.0,4062.6,4062.6,4077.1,False,,4062.6,SL,-4.4,-47.55,32
2025-11-24 19:00:00,2025-11-24 19:09:00,2025-11-24 19:47:00,EXTEND,short,4065.2,4068.3,4068.3,4057.9,False,,4068.3,SL,-3.1,-35.32,38
2025-11-24 20:00:00,2025-11-24 20:07:00,2025-11-24 20:10:00,MSS,long,4067.2,4065.3,4065.3,4071.7,False,,4065.3,SL,-1.9,-23.1,3
2025-11-25 07:10:00,2025-11-25 07:15:00,2025-11-25 07:41:00,MSS,short,4131.8,4136.9,4131.8,4120.0,True,2025-11-25 07:19:00,4131.8,BE,0.0,-4.0,26
2025-11-25 07:55:00,2025-11-25 08:15:00,2025-11-25 08:56:00,EXTEND,long,4132.9,4126.8,4126.8,4147.0,False,,4126.8,SL,-6.1,-64.74,41
2025-11-25 09:00:00,2025-11-25 09:05:00,2025-11-25 09:32:00,EXTEND,short,4129.6,4134.6,4129.6,4117.8,True,2025-11-25 09:13:00,4129.6,BE,0.0,-4.0,27
2025-11-25 10:05:00,2025-11-25 10:12:00,2025-11-25 10:19:00,EXTEND,long,4133.5,4129.8,4133.5,4142.1,True,2025-11-25 10:17:00,4142.1,TP,8.6,82.14,7
2025-11-25 10:45:00,2025-11-25 11:20:00,2025-11-25 14:24:00,EXTEND,long,4140.5,4133.2,4140.5,4157.3,True,2025-11-25 13:57:00,4140.5,BE,0.0,-4.0,184
2025-11-25 14:40:00,2025-11-25 14:52:00,2025-11-25 15:01:00,BOS,short,4139.1,4141.0,4141.0,4134.8,False,,4141.0,SL,-1.9,-22.72,9
2025-11-25 15:05:00,2025-11-25 15:12:00,2025-11-25 15:29:00,EXTEND,long,4138.7,4136.1,4136.1,4144.6,False,,4136.1,SL,-2.6,-29.59,17
2025-11-25 15:55:00,2025-11-25 16:18:00,2025-11-25 16:35:00,EXTEND,short,4135.3,4140.8,4135.3,4122.4,True,2025-11-25 16:31:00,4122.4,TP,12.9,124.76,17
2025-11-25 16:50:00,2025-11-25 17:04:00,2025-11-25 17:15:00,BOS,short,4118.6,4126.4,4126.4,4100.6,False,,4126.4,SL,-7.8,-81.55,11
2025-11-25 18:15:00,2025-11-25 18:25:00,2025-11-25 19:22:00,EXTEND,long,4127.8,4122.6,4127.8,4139.7,True,2025-11-25 19:15:00,4127.8,BE,0.0,-4.0,57
2025-11-25 20:15:00,2025-11-25 20:22:00,2025-11-25 20:25:00,BOS,long,4133.4,4132.0,4132.0,4136.7,False,,4132.0,SL,-1.4,-18.13,3
2025-11-25 20:25:00,2025-11-25 20:40:00,2025-11-25 20:42:00,MSS,short,4133.2,4135.7,4133.2,4127.4,True,2025-11-25 20:42:00,4127.4,TP,5.8,53.72,2
2025-11-25 20:45:00,2025-11-25 20:52:00,2025-11-25 21:07:00,EXTEND,short,4124.9,4132.8,4132.8,4106.5,False,,4132.8,SL,-7.9,-83.07,15
2025-11-25 21:50:00,2025-11-25 22:05:00,2025-11-25 22:26:00,EXTEND,long,4139.1,4134.2,4134.2,4150.6,False,,4134.2,SL,-4.9,-53.28,21
2025-11-25 23:15:00,2025-11-25 23:51:00,2025-11-26 00:10:00,EXTEND,long,4120.1,4113.8,4120.1,4134.9,True,2025-11-26 00:05:00,4120.1,BE,0.0,-4.0,19
2025-11-26 00:45:00,2025-11-26 01:00:00,2025-11-26 01:00:00,MSS,short,4134.7,4137.3,4137.3,4128.7,False,,4137.3,SL,-2.6,-29.98,0
2025-11-26 01:30:00,2025-11-26 01:42:00,2025-11-26 01:53:00,BOS,long,4147.3,4141.8,4141.8,4160.1,False,,4141.8,SL,-5.5,-59.01,11
2025-11-26 02:55:00,2025-11-26 03:11:00,2025-11-26 08:24:00,EXTEND,short,4137.6,4143.4,4137.6,4124.1,True,2025-11-26 03:18:00,4137.6,BE,0.0,-4.0,243
2025-11-26 08:50:00,2025-11-26 08:55:00,2025-11-26 08:57:00,EXTEND,short,4135.7,4138.1,4138.1,4130.1,False,,4138.7,SL,-3.0,-34.07,2
2025-11-26 10:05:00,2025-11-26 10:12:00,2025-11-26 10:18:00,BOS,long,4147.2,4144.8,4147.2,4152.7,True,2025-11-26 10:16:00,4152.7,TP,5.5,51.06,6
2025-11-26 11:10:00,2025-11-26 11:25:00,2025-11-26 12:01:00,BOS,long,4161.2,4157.9,4161.2,4168.8,True,2025-11-26 11:37:00,4161.2,BE,0.0,-4.0,33
2025-11-26 14:35:00,2025-11-26 15:05:00,2025-11-26 15:52:00,EXTEND,short,4151.7,4156.4,4156.4,4140.7,False,,4156.4,SL,-4.7,-51.37,34
2025-11-26 16:25:00,2025-11-26 16:34:00,2025-11-26 16:44:00,EXTEND,long,4158.5,4154.4,4154.4,4168.1,False,,4153.1,SL,-5.4,-58.26,10
2025-11-26 16:50:00,2025-11-26 17:04:00,2025-11-26 18:00:00,EXTEND,short,4160.4,4165.2,4160.4,4149.2,True,2025-11-26 17:13:00,4160.4,BE,0.0,-4.0,29
2025-11-26 18:45:00,2025-11-26 18:53:00,2025-11-26 19:05:00,BOS,short,4155.9,4157.8,4157.8,4151.6,False,,4158.0,SL,-2.1,-24.72,9
2025-11-26 20:00:00,2025-11-26 20:28:00,2025-11-26 20:41:00,EXTEND,long,4161.0,4154.6,4154.6,4175.9,False,,4154.6,SL,-6.4,-68.18,11
2025-11-26 20:45:00,2025-11-26 21:27:00,2025-11-26 22:08:00,EXTEND,short,4161.5,4171.4,4161.5,4138.4,True,2025-11-26 21:36:00,4138.4,TP,23.1,226.88,39
2025-11-26 22:05:00,2025-11-26 22:32:00,2025-11-26 23:13:00,BOS,short,4147.5,4154.0,4147.5,4132.4,True,2025-11-26 22:57:00,4147.5,BE,0.0,-4.0,41
2025-11-26 23:55:00,2025-11-27 00:01:00,2025-11-27 00:23:00,BOS,long,4158.4,4155.5,4158.4,4165.3,True,2025-11-27 00:21:00,4158.4,BE,0.0,-4.0,22
2025-11-27 01:20:00,2025-11-27 01:50:00,2025-11-27 02:12:00,BOS,long,4164.2,4162.3,4164.2,4168.7,True,2025-11-27 02:03:00,4168.7,TP,4.4,40.4,10
2025-12-30 09:00:00,2025-12-30 09:07:00,2025-12-30 09:17:00,BOS,short,4350.5,4356.0,4356.0,4337.8,False,,4356.0,SL,-5.5,-58.63,10
2025-12-30 09:15:00,2025-12-30 09:32:00,2025-12-30 09:44:00,MSS,long,4346.4,4339.0,4346.4,4363.6,True,2025-12-30 09:37:00,4363.6,TP,17.2,168.27,12
2025-12-30 11:30:00,2025-12-30 11:52:00,2025-12-30 13:07:00,EXTEND,long,4375.3,4370.5,4375.3,4386.4,True,2025-12-30 12:38:00,4375.3,BE,0.0,-4.0,75
2025-12-30 13:05:00,2025-12-30 13:12:00,2025-12-30 13:14:00,MSS,short,4377.1,4379.4,4379.4,4371.7,False,,4379.4,SL,-2.3,-27.3,2
2025-12-30 14:40:00,2025-12-30 14:48:00,2025-12-30 15:13:00,EXTEND,short,4380.9,4384.6,4380.9,4372.4,True,2025-12-30 14:52:00,4380.9,BE,0.0,-4.0,25
2025-12-30 15:50:00,2025-12-30 15:56:00,2025-12-30 16:03:00,EXTEND,long,4387.6,4380.8,4380.8,4403.3,False,,4380.8,SL,-6.8,-71.61,7
2025-12-30 17:55:00,2025-12-30 18:04:00,2025-12-30 18:15:00,EXTEND,long,4385.4,4382.8,4385.4,4391.3,True,2025-12-30 18:07:00,4391.4,TP,6.0,56.41,11
2025-12-30 19:10:00,2025-12-30 19:48:00,2025-12-30 20:13:00,EXTEND,long,4398.8,4394.4,4398.8,4409.1,True,2025-12-30 20:08:00,4409.1,TP,10.3,99.01,25
2025-12-30 20:40:00,2025-12-30 20:52:00,2025-12-30 21:19:00,EXTEND,long,4411.8,4407.5,4411.8,4421.9,True,2025-12-30 20:55:00,4411.8,BE,0.0,-4.0,27
2025-12-30 21:40:00,2025-12-30 22:00:00,2025-12-30 22:28:00,EXTEND,short,4405.0,4413.7,4405.0,4384.9,True,2025-12-30 22:18:00,4405.0,BE,0.0,-4.0,28
2025-12-30 22:25:00,2025-12-30 22:32:00,2025-12-30 22:33:00,MSS,long,4400.3,4396.2,4396.2,4409.9,False,,4396.2,SL,-4.1,-45.26,1
2025-12-30 22:45:00,2025-12-30 23:20:00,2025-12-31 00:58:00,EXTEND,short,4393.6,4407.8,4393.6,4360.7,True,2025-12-30 23:31:00,4393.6,BE,0.0,-4.0,98
2025-12-31 01:00:00,2025-12-31 01:21:00,2025-12-31 02:15:00,EXTEND,long,4385.7,4378.3,4385.7,4403.1,True,2025-12-31 02:05:00,4385.7,BE,0.0,-4.0,54
2025-12-31 07:30:00,2025-12-31 07:37:00,2025-12-31 08:00:00,EXTEND,short,4353.3,4359.5,4353.3,4338.8,True,2025-12-31 07:48:00,4353.3,BE,0.0,-4.0,23
2025-12-31 08:25:00,2025-12-31 08:37:00,2025-12-31 08:39:00,BOS,short,4351.2,4355.2,4355.2,4341.9,False,,4355.2,SL,-4.0,-44.11,2
2025-12-31 10:30:00,2025-12-31 10:38:00,2025-12-31 10:49:00,EXTEND,short,4378.1,4383.4,4378.1,4365.6,True,2025-12-31 10:48:00,4365.6,TP,12.4,120.32,11
2025-12-31 11:20:00,2025-12-31 11:32:00,2025-12-31 12:56:00,BOS,short,4364.4,4371.7,4364.4,4347.3,True,2025-12-31 12:02:00,4347.3,TP,17.0,166.5,84
2025-12-31 13:05:00,2025-12-31 13:26:00,2025-12-31 13:40:00,EXTEND,short,4353.2,4360.7,4353.2,4335.8,True,2025-12-31 13:34:00,4335.8,TP,17.4,170.05,14
2025-12-31 15:20:00,2025-12-31 15:49:00,2025-12-31 16:02:00,EXTEND,long,4339.9,4335.9,4339.9,4349.4,True,2025-12-31 16:00:00,4339.9,BE,0.0,-4.0,13
2025-12-31 16:55:00,2025-12-31 17:07:00,2025-12-31 17:36:00,EXTEND,short,4330.4,4339.6,4339.6,4309.1,False,,4339.6,SL,-9.2,-95.68,29
2025-12-31 17:45:00,2025-12-31 18:28:00,2025-12-31 18:30:00,EXTEND,long,4332.8,4322.8,4322.8,4356.2,False,,4322.8,SL,-10.0,-104.47,2
2025-12-31 19:50:00,2025-12-31 19:55:00,2025-12-31 20:02:00,EXTEND,long,4324.0,4320.6,4320.6,4332.0,False,,4320.6,SL,-3.4,-38.38,7
2025-12-31 20:25:00,2025-12-31 20:30:00,2025-12-31 20:35:00,EXTEND,short,4320.2,4323.6,4323.6,4312.2,False,,4323.6,SL,-3.4,-38.38,5
2025-12-31 20:40:00,2025-12-31 21:06:00,2025-12-31 21:22:00,EXTEND,long,4320.8,4314.6,4320.8,4335.0,True,2025-12-31 21:16:00,4335.0,TP,14.3,138.97,16
2025-12-31 22:30:00,2025-12-31 22:39:00,2025-12-31 22:56:00,BOS,long,4352.3,4346.1,4352.3,4366.5,True,2025-12-31 22:44:00,4366.5,TP,14.3,138.97,17
2025-12-31 22:55:00,2025-12-31 23:02:00,2025-12-31 23:10:00,EXTEND,long,4354.4,4346.1,4346.1,4373.7,False,,4346.1,SL,-8.3,-86.89,8
2025-12-31 23:30:00,2025-12-31 23:40:00,2026-01-01 00:03:00,EXTEND,long,4346.4,4340.5,4346.4,4360.1,True,2026-01-01 00:01:00,4346.4,BE,0.0,-4.0,23
2026-01-01 00:45:00,2026-01-01 01:00:00,2026-01-01 01:32:00,EXTEND,short,4338.7,4343.7,4338.7,4327.2,True,2026-01-01 01:20:00,4338.7,BE,0.0,-4.0,32
2026-01-01 01:35:00,2026-01-01 01:55:00,2026-01-01 02:31:00,EXTEND,long,4336.0,4331.5,4336.0,4346.5,True,2026-01-01 02:01:00,4336.0,BE,0.0,-4.0,36
2026-01-01 02:30:00,2026-01-01 02:38:00,2026-01-01 03:31:00,MSS,short,4338.7,4342.9,4338.7,4328.9,True,2026-01-01 02:46:00,4328.9,TP,9.8,93.68,53
2026-01-02 08:10:00,2026-01-02 08:20:00,2026-01-02 10:50:00,EXTEND,long,4357.2,4351.6,4357.2,4370.3,True,2026-01-02 08:37:00,4370.3,TP,13.1,126.54,150
2026-01-02 12:00:00,2026-01-02 12:13:00,2026-01-02 12:23:00,BOS,long,4386.7,4384.1,4384.1,4392.7,False,,4384.1,SL,-2.6,-29.98,10
2026-01-02 13:50:00,2026-01-02 13:59:00,2026-01-02 14:00:00,BOS,long,4392.3,4390.7,4392.3,4395.9,True,2026-01-02 13:59:00,4392.3,BE,0.0,-4.0,1
2026-01-02 14:15:00,2026-01-02 14:20:00,2026-01-02 15:24:00,EXTEND,short,4391.6,4394.8,4391.6,4384.1,True,2026-01-02 14:40:00,4384.1,TP,7.5,70.59,64
2026-01-02 15:20:00,2026-01-02 15:32:00,2026-01-02 15:33:00,MSS,short,4387.9,4390.3,4390.3,4382.4,False,,4390.3,SL,-2.4,-27.68,1
2026-01-02 15:35:00,2026-01-02 15:45:00,2026-01-02 15:58:00,EXTEND,long,4387.4,4384.1,4387.4,4395.1,True,2026-01-02 15:51:00,4395.1,TP,7.7,73.26,13
2026-01-02 16:10:00,2026-01-02 16:18:00,2026-01-02 16:34:00,EXTEND,long,4394.9,4392.6,4394.9,4400.2,True,2026-01-02 16:25:00,4400.2,TP,5.3,49.28,16
2026-01-02 16:45:00,2026-01-02 16:59:00,2026-01-02 20:41:00,EXTEND,long,4399.6,4393.6,4399.6,4413.7,True,2026-01-02 18:37:00,4399.6,BE,0.0,-4.0,222
2026-01-02 20:40:00,2026-01-02 20:58:00,2026-01-02 21:11:00,MSS,short,4405.5,4410.6,4410.6,4393.7,False,,4410.6,SL,-5.1,-54.81,13
2026-01-02 21:15:00,2026-01-02 21:20:00,2026-01-02 21:24:00,EXTEND,long,4404.1,4397.3,4397.3,4419.8,False,,4397.3,SL,-6.8,-71.61,4
2026-01-03 01:05:00,2026-01-03 01:59:00,2026-01-03 02:10:00,EXTEND,long,4332.8,4325.6,4325.6,4349.6,False,,4325.6,SL,-7.2,-76.2,11
2026-01-03 02:15:00,2026-01-03 02:25:00,2026-01-03 03:05:00,EXTEND,short,4331.9,4338.7,4331.9,4316.1,True,2026-01-03 02:31:00,4331.9,BE,0.0,-4.0,40
2026-01-03 03:40:00,2026-01-03 03:45:00,2026-01-03 04:28:00,EXTEND,long,4330.2,4326.4,4330.2,4339.0,True,2026-01-03 04:20:00,4339.0,TP,8.8,83.91,43
2026-01-05 09:05:00,2026-01-05 09:13:00,2026-01-05 11:59:00,EXTEND,long,4408.5,4394.6,4408.5,4440.7,True,2026-01-05 11:05:00,4408.5,BE,0.0,-4.0,166
2026-01-05 12:00:00,2026-01-05 12:23:00,2026-01-05 13:27:00,EXTEND,short,4414.5,4419.7,4419.7,4402.4,False,,4419.7,SL,-5.2,-55.95,64
2026-01-05 13:25:00,2026-01-05 13:32:00,2026-01-05 13:35:00,BOS,long,4418.3,4416.0,4418.3,4423.6,True,2026-01-05 13:33:00,4418.3,BE,0.0,-4.0,3
2026-01-05 13:45:00,2026-01-05 13:51:00,2026-01-05 14:01:00,EXTEND,short,4418.4,4423.6,4423.6,4406.5,False,,4423.6,SL,-5.2,-55.57,10
2026-01-05 15:40:00,2026-01-05 15:47:00,2026-01-05 16:01:00,BOS,long,4430.7,4428.1,4430.7,4436.6,True,2026-01-05 16:00:00,4430.7,BE,0.0,-4.0,14
2026-01-05 16:50:00,2026-01-05 17:05:00,2026-01-05 17:43:00,EXTEND,long,4437.5,4433.5,4437.5,4447.0,True,2026-01-05 17:14:00,4447.0,TP,9.4,90.13,38
2026-01-05 17:40:00,2026-01-05 18:02:00,2026-01-05 18:06:00,BOS,long,4444.6,4441.7,4441.7,4451.4,False,,4441.7,SL,-2.9,-33.03,4
2026-01-05 18:50:00,2026-01-05 19:01:00,2026-01-05 19:05:00,EXTEND,long,4445.5,4441.7,4441.7,4454.3,False,,4441.7,SL,-3.8,-41.82,4
2026-01-05 19:25:00,2026-01-05 19:49:00,2026-01-05 21:22:00,EXTEND,short,4436.5,4445.4,4436.5,4415.7,True,2026-01-05 20:21:00,4415.7,TP,20.8,203.79,93
2026-01-05 21:25:00,2026-01-05 21:33:00,2026-01-05 21:40:00,EXTEND,short,4418.2,4424.8,4424.8,4403.0,False,,4424.8,SL,-6.6,-69.7,7
2026-01-06 00:50:00,2026-01-06 00:58:00,2026-01-06 01:00:00,EXTEND,long,4456.6,4450.9,4450.9,4469.9,False,,4450.9,SL,-5.7,-61.3,2
2026-01-06 01:05:00,2026-01-06 01:17:00,2026-01-06 02:09:00,EXTEND,short,4457.2,4465.9,4457.2,4437.1,True,2026-01-06 01:44:00,4457.2,BE,0.0,-4.0,52
2026-01-06 02:10:00,2026-01-06 02:19:00,2026-01-06 02:25:00,MSS,long,4454.8,4452.3,4454.8,4460.6,True,2026-01-06 02:24:00,4454.8,BE,0.0,-4.0,6
2026-01-06 02:25:00,2026-01-06 02:39:00,2026-01-06 02:59:00,MSS,short,4456.0,4459.4,4459.4,4448.1,False,,4459.4,SL,-3.4,-38.0,20
2026-01-06 03:00:00,2026-01-06 03:06:00,2026-01-06 03:06:00,EXTEND,long,4456.4,4453.7,4453.7,4462.6,False,,4453.7,SL,-2.7,-30.74,0
2026-01-06 03:10:00,2026-01-06 03:31:00,2026-01-06 04:58:00,EXTEND,short,4454.9,4460.7,4454.9,4441.5,True,2026-01-06 04:40:00,4454.9,BE,0.0,-4.0,87
2026-01-06 07:10:00,2026-01-06 07:15:00,2026-01-06 07:31:00,EXTEND,long,4462.0,4456.3,4456.3,4475.4,False,,4456.3,SL,-5.7,-61.3,16
2026-01-06 08:40:00,2026-01-06 08:45:00,2026-01-06 09:03:00,EXTEND,short,4448.4,4453.0,4448.4,4437.6,True,2026-01-06 09:02:00,4437.6,TP,10.7,103.45,18
2026-01-06 09:00:00,2026-01-06 09:05:00,2026-01-06 09:08:00,BOS,short,4444.7,4449.1,4449.1,4434.4,False,,4449.1,SL,-4.4,-48.31,3
2026-01-06 09:15:00,2026-01-06 09:26:00,2026-01-06 09:56:00,EXTEND,long,4444.1,4437.5,4444.1,4459.5,True,2026-01-06 09:40:00,4459.5,TP,15.4,149.62,30
2026-01-06 11:55:00,2026-01-06 12:00:00,2026-01-06 12:14:00,BOS,long,4476.5,4475.0,4476.5,4480.0,True,2026-01-06 12:12:00,4476.5,BE,0.0,-4.0,14
2026-01-06 12:10:00,2026-01-06 12:16:00,2026-01-06 12:25:00,EXTEND,long,4476.8,4475.0,4475.0,4481.0,False,,4475.0,SL,-1.8,-21.95,9
2026-01-06 12:40:00,2026-01-06 12:48:00,2026-01-06 12:51:00,MSS,short,4474.9,4477.0,4477.0,4470.0,False,,4477.0,SL,-2.1,-25.01,3
2026-01-06 13:30:00,2026-01-06 13:37:00,2026-01-06 13:39:00,BOS,long,4480.9,4478.2,4478.2,4487.1,False,,4478.2,SL,-2.7,-30.74,2
2026-01-06 15:05:00,2026-01-06 15:21:00,2026-01-06 15:52:00,BOS,long,4474.8,4471.2,4471.2,4483.1,False,,4471.2,SL,-3.6,-39.91,31
2026-01-06 15:55:00,2026-01-06 16:06:00,2026-01-06 16:22:00,EXTEND,short,4473.2,4477.1,4477.1,4464.0,False,,4477.1,SL,-3.9,-43.35,16
2026-01-06 16:25:00,2026-01-06 16:41:00,2026-01-06 17:10:00,EXTEND,long,4476.4,4470.3,4470.3,4490.5,False,,4470.3,SL,-6.1,-64.74,29
2026-01-06 18:35:00,2026-01-06 18:42:00,2026-01-06 19:33:00,MSS,long,4461.2,4458.3,4461.2,4468.1,True,2026-01-06 19:29:00,4468.1,TP,6.8,64.38,51
2026-01-06 20:15:00,2026-01-06 20:21:00,2026-01-06 20:22:00,MSS,short,4473.9,4475.4,4475.4,4470.6,False,,4475.4,SL,-1.5,-18.52,1
2026-01-06 20:20:00,2026-01-06 20:31:00,2026-01-06 20:34:00,MSS,long,4473.4,4471.6,4471.6,4477.7,False,,4471.6,SL,-1.8,-22.34,3
2026-01-06 20:40:00,2026-01-06 20:56:00,2026-01-06 21:03:00,EXTEND,short,4474.1,4477.1,4474.1,4467.2,True,2026-01-06 21:02:00,4474.1,BE,0.0,-4.0,7
2026-01-06 21:00:00,2026-01-06 21:06:00,2026-01-06 21:08:00,EXTEND,long,4472.5,4470.0,4472.5,4478.3,True,2026-01-06 21:07:00,4472.5,BE,0.0,-4.0,2
2026-01-06 21:15:00,2026-01-06 21:20:00,2026-01-06 21:23:00,EXTEND,long,4474.4,4470.1,4470.1,4484.5,False,,4470.1,SL,-4.3,-47.17,3
2026-01-06 23:00:00,2026-01-06 23:05:00,2026-01-06 23:11:00,EXTEND,long,4492.5,4486.7,4492.5,4505.9,True,2026-01-06 23:08:00,4492.5,BE,0.0,-4.0,6
2026-01-06 23:35:00,2026-01-06 23:42:00,2026-01-07 00:01:00,EXTEND,short,4485.2,4492.8,4492.8,4467.7,False,,4492.8,SL,-7.6,-79.64,19
2026-01-07 01:40:00,2026-01-07 01:50:00,2026-01-07 01:54:00,MSS,short,4496.5,4499.7,4499.7,4489.2,False,,4499.7,SL,-3.2,-35.71,4
2026-01-07 02:15:00,2026-01-07 02:28:00,2026-01-07 03:15:00,EXTEND,long,4496.4,4491.4,4491.4,4508.0,False,,4491.4,SL,-5.0,-54.04,47
2026-01-07 07:05:00,2026-01-07 07:11:00,2026-01-07 07:26:00,EXTEND,long,4507.0,4504.8,4507.0,4512.0,True,2026-01-07 07:15:00,4512.0,TP,5.1,46.62,15
2026-01-07 07:25:00,2026-01-07 07:39:00,2026-01-07 07:49:00,EXTEND,long,4508.0,4505.4,4505.4,4514.0,False,,4505.4,SL,-2.6,-29.98,10
2026-01-07 08:35:00,2026-01-07 08:42:00,2026-01-07 08:47:00,BOS,short,4502.6,4505.1,4502.6,4496.7,True,2026-01-07 08:45:00,4502.6,BE,0.0,-4.0,5
2026-01-07 08:50:00,2026-01-07 08:59:00,2026-01-07 09:00:00,EXTEND,short,4500.6,4505.1,4505.1,4490.1,False,,4505.1,SL,-4.5,-49.08,1
2026-01-07 10:55:00,2026-01-07 11:13:00,2026-01-07 12:01:00,EXTEND,long,4483.4,4479.2,4483.4,4493.3,True,2026-01-07 11:17:00,4483.4,BE,0.0,-4.0,48
2026-01-07 12:35:00,2026-01-07 12:41:00,2026-01-07 13:16:00,BOS,short,4478.5,4481.7,4478.5,4470.9,True,2026-01-07 12:43:00,4478.5,BE,0.0,-4.0,35
2026-01-07 13:25:00,2026-01-07 13:30:00,2026-01-07 13:31:00,EXTEND,long,4476.1,4473.4,4473.4,4482.4,False,,4473.4,SL,-2.7,-31.12,1
2026-01-07 16:05:00,2026-01-07 16:12:00,2026-01-07 16:17:00,BOS,long,4472.2,4470.2,4472.2,4476.8,True,2026-01-07 16:14:00,4476.8,TP,4.6,42.18,5
2026-01-07 16:20:00,2026-01-07 16:25:00,2026-01-07 16:37:00,EXTEND,long,4473.3,4470.2,4473.3,4480.6,True,2026-01-07 16:31:00,4480.6,TP,7.3,68.82,12
2026-01-07 16:35:00,2026-01-07 16:44:00,2026-01-07 16:57:00,BOS,long,4476.8,4473.3,4476.8,4484.9,True,2026-01-07 16:49:00,4476.8,BE,0.0,-4.0,13
2026-01-07 17:05:00,2026-01-07 17:11:00,2026-01-07 18:15:00,EXTEND,short,4476.2,4480.5,4476.2,4466.3,True,2026-01-07 17:23:00,4476.2,BE,0.0,-4.0,64
2026-01-07 18:15:00,2026-01-07 18:25:00,2026-01-07 18:27:00,EXTEND,long,4472.3,4469.7,4469.7,4478.3,False,,4469.7,SL,-2.6,-29.98,2
2026-01-07 18:25:00,2026-01-07 18:34:00,2026-01-07 18:41:00,MSS,short,4473.3,4476.5,4476.5,4466.0,False,,4476.5,SL,-3.2,-35.71,7
2026-01-07 20:20:00,2026-01-07 20:28:00,2026-01-07 20:37:00,EXTEND,short,4458.3,4464.3,4464.3,4444.2,False,,4464.3,SL,-6.0,-64.36,9
2026-01-07 20:35:00,2026-01-07 20:59:00,2026-01-07 21:06:00,EXTEND,long,4454.6,4448.5,4448.5,4468.8,False,,4448.5,SL,-6.1,-65.12,7
2026-01-07 21:10:00,2026-01-07 21:23:00,2026-01-07 21:43:00,EXTEND,short,4450.7,4459.4,4459.4,4430.4,False,,4459.4,SL,-8.7,-91.1,20
2026-01-07 22:00:00,2026-01-07 22:21:00,2026-01-07 22:32:00,EXTEND,long,4453.8,4447.4,4453.8,4468.7,True,2026-01-07 22:31:00,4453.8,BE,0.0,-4.0,11
2026-01-07 22:30:00,2026-01-07 22:36:00,2026-01-07 22:37:00,EXTEND,short,4458.3,4463.3,4458.3,4446.7,True,2026-01-07 22:36:00,4446.7,TP,11.6,112.33,1
2026-01-07 22:35:00,2026-01-07 22:45:00,2026-01-07 23:12:00,EXTEND,short,4456.5,4463.3,4456.5,4440.7,True,2026-01-07 23:00:00,4440.7,TP,15.8,154.06,27
2026-01-07 23:15:00,2026-01-07 23:27:00,2026-01-07 23:31:00,EXTEND,short,4446.5,4454.8,4454.8,4427.1,False,,4454.8,SL,-8.3,-87.28,4
2026-01-08 02:15:00,2026-01-08 02:34:00,2026-01-08 03:32:00,EXTEND,short,4466.4,4472.1,4466.4,4453.1,True,2026-01-08 02:50:00,4466.4,BE,0.0,-4.0,58
2026-01-08 08:15:00,2026-01-08 08:20:00,2026-01-08 08:24:00,EXTEND,long,4471.0,4468.3,4468.3,4477.2,False,,4468.3,SL,-2.7,-30.74,4
2026-01-08 08:50:00,2026-01-08 09:02:00,2026-01-08 09:09:00,EXTEND,short,4463.0,4467.8,4467.8,4451.8,False,,4467.8,SL,-4.8,-52.13,7
2026-01-08 10:35:00,2026-01-08 10:40:00,2026-01-08 10:46:00,EXTEND,short,4448.5,4452.5,4452.5,4439.0,False,,4452.5,SL,-4.0,-44.49,6
2026-01-08 11:10:00,2026-01-08 11:15:00,2026-01-08 11:56:00,EXTEND,long,4446.6,4441.9,4446.6,4457.6,True,2026-01-08 11:21:00,4446.6,BE,0.0,-4.0,41
2026-01-08 13:15:00,2026-01-08 13:22:00,2026-01-08 13:30:00,EXTEND,short,4437.5,4441.7,4437.5,4427.6,True,2026-01-08 13:27:00,4427.6,TP,9.9,94.57,8
2026-01-08 13:40:00,2026-01-08 13:56:00,2026-01-08 14:21:00,BOS,short,4432.5,4438.0,4432.5,4419.8,True,2026-01-08 14:04:00,4432.5,BE,0.0,-4.0,25
2026-01-08 15:10:00,2026-01-08 15:15:00,2026-01-08 15:25:00,EXTEND,long,4443.0,4439.9,4439.9,4450.2,False,,4439.9,SL,-3.1,-34.94,10
2026-01-08 16:00:00,2026-01-08 16:09:00,2026-01-08 16:16:00,BOS,short,4438.6,4442.0,4438.6,4430.8,True,2026-01-08 16:13:00,4438.6,BE,0.0,-4.0,7
2026-01-08 16:40:00,2026-01-08 16:53:00,2026-01-08 17:00:00,EXTEND,short,4436.1,4441.4,4441.4,4423.7,False,,4441.4,SL,-5.3,-57.1,7
2026-01-08 17:15:00,2026-01-08 17:31:00,2026-01-08 18:20:00,EXTEND,short,4439.6,4443.3,4439.6,4431.0,True,2026-01-08 18:07:00,4431.0,TP,8.6,82.14,49
2026-01-08 18:20:00,2026-01-08 18:32:00,2026-01-08 18:38:00,EXTEND,short,4437.2,4441.4,4441.4,4427.3,False,,4441.4,SL,-4.2,-46.4,6
2026-01-08 20:15:00,2026-01-08 20:26:00,2026-01-08 20:41:00,EXTEND,short,4428.5,4436.7,4436.7,4409.4,False,,4436.7,SL,-8.2,-86.13,15
2026-01-08 21:10:00,2026-01-08 21:18:00,2026-01-08 21:22:00,EXTEND,short,4433.7,4439.1,4439.1,4421.2,False,,4439.1,SL,-5.4,-57.86,4
2026-01-08 22:05:00,2026-01-08 22:24:00,2026-01-08 22:32:00,EXTEND,short,4437.8,4444.4,4437.8,4422.4,True,2026-01-08 22:31:00,4437.8,BE,0.0,-4.0,8
2026-01-08 22:35:00,2026-01-08 22:43:00,2026-01-08 23:05:00,EXTEND,long,4433.9,4427.6,4433.9,4448.6,True,2026-01-08 22:44:00,4448.6,TP,14.7,142.52,22
2026-01-08 23:50:00,2026-01-08 23:57:00,2026-01-08 23:58:00,MSS,short,4461.9,4464.9,4464.9,4455.0,False,,4464.9,SL,-3.0,-33.8,1
2026-01-08 23:55:00,2026-01-09 00:00:00,2026-01-09 00:01:00,EXTEND,short,4461.8,4464.9,4464.9,4454.5,False,,4464.9,SL,-3.1,-35.32,1
2026-01-09 00:15:00,2026-01-09 00:20:00,2026-01-09 00:32:00,EXTEND,short,4463.2,4467.5,4467.5,4453.1,False,,4467.5,SL,-4.3,-47.17,12
2026-01-09 01:55:00,2026-01-09 02:01:00,2026-01-09 02:03:00,BOS,long,4470.5,4468.6,4468.6,4475.0,False,,4468.6,SL,-1.9,-23.1,2
2026-01-09 02:35:00,2026-01-09 02:46:00,2026-01-09 03:15:00,BOS,short,4462.3,4465.6,4462.3,4454.7,True,2026-01-09 02:59:00,4454.7,TP,7.6,72.37,29
2026-01-09 07:00:00,2026-01-09 07:05:00,2026-01-09 07:47:00,EXTEND,long,4487.0,4482.9,4482.9,4496.6,False,,4482.9,SL,-4.1,-45.26,42
2026-01-09 07:45:00,2026-01-09 07:51:00,2026-01-09 08:00:00,MSS,short,4485.0,4486.8,4486.8,4481.0,False,,4486.8,SL,-1.8,-21.57,9
2026-01-09 08:50:00,2026-01-09 09:00:00,2026-01-09 09:05:00,BOS,short,4474.7,4478.1,4474.7,4466.9,True,2026-01-09 09:02:00,4466.9,TP,7.8,74.14,5
2026-01-09 09:05:00,2026-01-09 09:15:00,2026-01-09 09:42:00,BOS,short,4470.2,4475.4,4470.2,4458.1,True,2026-01-09 09:18:00,4470.2,BE,0.0,-4.0,27
2026-01-09 10:35:00,2026-01-09 10:44:00,2026-01-09 10:54:00,MSS,short,4482.1,4485.0,4482.1,4475.5,True,2026-01-09 10:46:00,4475.5,TP,6.7,62.6,10
2026-01-09 10:50:00,2026-01-09 10:58:00,2026-01-09 11:11:00,BOS,short,4479.9,4483.3,4479.9,4471.9,True,2026-01-09 11:03:00,4471.9,TP,8.0,75.92,13
2026-01-09 12:15:00,2026-01-09 12:35:00,2026-01-09 12:42:00,EXTEND,short,4473.0,4475.2,4473.0,4468.0,True,2026-01-09 12:37:00,4473.0,BE,0.0,-4.0,7
2026-01-09 12:55:00,2026-01-09 13:08:00,2026-01-09 13:16:00,EXTEND,long,4472.2,4470.0,4470.0,4477.4,False,,4470.0,SL,-2.2,-26.16,8
2026-01-09 13:20:00,2026-01-09 13:27:00,2026-01-09 13:30:00,MSS,short,4472.4,4475.8,4475.8,4464.4,False,,4475.8,SL,-3.4,-38.38,3
2026-01-09 15:45:00,2026-01-09 15:51:00,2026-01-09 15:57:00,EXTEND,long,4479.3,4477.6,4479.3,4483.2,True,2026-01-09 15:52:00,4479.3,BE,0.0,-4.0,6
2026-01-09 16:00:00,2026-01-09 16:05:00,2026-01-09 16:05:00,EXTEND,short,4479.6,4482.4,4482.4,4473.1,False,,4482.4,SL,-2.8,-31.89,0
2026-01-09 16:10:00,2026-01-09 16:34:00,2026-01-09 16:40:00,EXTEND,long,4479.2,4475.1,4475.1,4488.8,False,,4475.1,SL,-4.1,-45.26,6
2026-01-09 16:50:00,2026-01-09 17:05:00,2026-01-09 17:18:00,EXTEND,short,4479.8,4484.3,4484.3,4469.4,False,,4484.3,SL,-4.5,-48.69,13
2026-01-09 18:00:00,2026-01-09 18:06:00,2026-01-09 18:27:00,EXTEND,short,4481.5,4483.1,4481.5,4477.6,True,2026-01-09 18:24:00,4477.6,TP,3.8,34.18,21
2026-01-09 18:25:00,2026-01-09 18:33:00,2026-01-09 18:49:00,BOS,short,4480.7,4482.8,4480.7,4475.8,True,2026-01-09 18:35:00,4475.8,TP,4.9,44.84,16
2026-01-09 18:45:00,2026-01-09 18:54:00,2026-01-09 19:00:00,EXTEND,short,4480.1,4482.8,4482.8,4473.9,False,,4482.8,SL,-2.7,-30.74,6
2026-01-09 19:00:00,2026-01-09 19:09:00,2026-01-09 19:31:00,EXTEND,long,4478.8,4475.8,4478.8,4485.7,True,2026-01-09 19:21:00,4478.8,BE,0.0,-4.0,22
2026-01-09 20:05:00,2026-01-09 20:12:00,2026-01-09 20:26:00,EXTEND,long,4482.4,4477.9,4477.9,4492.8,False,,4477.9,SL,-4.5,-48.69,14
2026-01-09 21:05:00,2026-01-09 21:13:00,2026-01-09 21:19:00,EXTEND,long,4476.1,4472.1,4472.1,4485.3,False,,4472.1,SL,-4.0,-43.73,6
2026-01-09 21:25:00,2026-01-09 21:30:00,2026-01-09 21:30:00,EXTEND,long,4476.3,4472.1,4472.1,4486.2,False,,4472.1,SL,-4.2,-46.4,0
2026-01-09 22:10:00,2026-01-09 22:17:00,2026-01-09 22:31:00,BOS,long,4496.0,4489.7,4496.0,4510.5,True,2026-01-09 22:20:00,4496.0,BE,0.0,-4.0,14
2026-01-09 22:35:00,2026-01-09 22:44:00,2026-01-09 22:50:00,EXTEND,long,4496.7,4489.7,4489.7,4512.8,False,,4489.7,SL,-7.0,-73.52,6
2026-01-10 01:10:00,2026-01-10 01:17:00,2026-01-10 01:40:00,EXTEND,long,4515.0,4511.3,4515.0,4523.5,True,2026-01-10 01:33:00,4515.0,BE,0.0,-4.0,23
2026-01-10 01:55:00,2026-01-10 02:33:00,2026-01-10 05:44:00,EXTEND,short,4509.0,4520.0,4520.0,4483.6,False,,4520.0,SL,-11.0,-113.63,191
2026-01-12 07:40:00,2026-01-12 08:00:00,2026-01-12 08:06:00,BOS,long,4547.6,4543.2,4547.6,4557.9,True,2026-01-12 08:02:00,4557.9,TP,10.3,99.01,6
2026-01-12 09:40:00,2026-01-12 09:54:00,2026-01-12 10:03:00,MSS,short,4591.1,4596.1,4591.1,4579.5,True,2026-01-12 09:55:00,4579.5,TP,11.6,112.33,9
2026-01-12 11:25:00,2026-01-12 11:31:00,2026-01-12 11:32:00,BOS,long,4590.3,4588.4,4588.4,4594.6,False,,4588.4,SL,-1.9,-22.72,1
2026-01-12 12:35:00,2026-01-12 12:45:00,2026-01-12 13:17:00,EXTEND,short,4580.5,4584.1,4584.1,4572.0,False,,4584.1,SL,-3.6,-40.29,32
2026-01-12 13:45:00,2026-01-12 14:11:00,2026-01-12 16:47:00,EXTEND,long,4584.1,4577.0,4584.1,4600.6,True,2026-01-12 15:08:00,4600.6,TP,16.5,161.17,156
2026-01-12 17:55:00,2026-01-12 18:01:00,2026-01-12 18:26:00,EXTEND,short,4603.7,4607.3,4603.7,4595.2,True,2026-01-12 18:04:00,4603.7,BE,0.0,-4.0,25
2026-01-12 18:30:00,2026-01-12 18:39:00,2026-01-12 18:41:00,BOS,short,4601.6,4604.3,4604.3,4595.3,False,,4604.3,SL,-2.7,-31.12,2
2026-01-12 18:55:00,2026-01-12 19:15:00,2026-01-12 19:19:00,MSS,long,4600.5,4597.2,4600.5,4608.1,True,2026-01-12 19:17:00,4600.5,BE,0.0,-4.0,4
2026-01-12 19:25:00,2026-01-12 19:42:00,2026-01-12 20:08:00,EXTEND,short,4601.2,4605.8,4601.2,4590.4,True,2026-01-12 19:49:00,4590.4,TP,10.7,103.45,26
2026-01-12 20:05:00,2026-01-12 20:10:00,2026-01-12 20:32:00,BOS,short,4593.5,4596.9,4593.5,4585.7,True,2026-01-12 20:16:00,4593.5,BE,0.0,-4.0,22
2026-01-12 21:25:00,2026-01-12 21:33:00,2026-01-12 21:40:00,MSS,short,4619.0,4621.9,4621.9,4612.4,False,,4621.9,SL,-2.9,-32.65,7
2026-01-12 21:55:00,2026-01-12 22:02:00,2026-01-12 22:03:00,EXTEND,long,4622.0,4616.6,4616.6,4634.6,False,,4616.6,SL,-5.4,-58.24,1
2026-01-12 22:25:00,2026-01-12 22:31:00,2026-01-12 22:32:00,BOS,short,4604.4,4610.1,4610.1,4591.1,False,,4610.1,SL,-5.7,-61.3,1
2026-01-13 00:15:00,2026-01-13 00:24:00,2026-01-13 00:36:00,EXTEND,long,4632.3,4627.2,4627.2,4644.1,False,,4627.2,SL,-5.1,-54.81,12
2026-01-13 01:05:00,2026-01-13 01:10:00,2026-01-13 01:17:00,BOS,short,4626.3,4628.3,4626.3,4621.7,True,2026-01-13 01:11:00,4626.3,BE,0.0,-4.0,7
2026-01-13 01:20:00,2026-01-13 01:26:00,2026-01-13 01:46:00,EXTEND,short,4625.6,4628.3,4625.6,4619.4,True,2026-01-13 01:34:00,4625.6,BE,0.0,-4.0,20
2026-01-13 01:50:00,2026-01-13 02:08:00,2026-01-13 02:13:00,MSS,long,4624.1,4620.0,4620.0,4633.6,False,,4620.0,SL,-4.1,-44.87,5
2026-01-13 03:30:00,2026-01-13 03:42:00,2026-01-13 03:50:00,EXTEND,long,4624.9,4622.4,4622.4,4630.7,False,,4622.4,SL,-2.5,-28.83,8
2026-01-13 07:00:00,2026-01-13 07:05:00,2026-01-13 07:11:00,EXTEND,long,4605.7,4598.8,4598.8,4621.7,False,,4598.8,SL,-6.9,-72.76,6
2026-01-13 07:30:00,2026-01-13 07:35:00,2026-01-13 07:35:00,MSS,long,4598.9,4598.8,4598.9,4599.2,True,2026-01-13 07:35:00,4599.2,TP,0.3,-1.34,0
2026-01-13 07:35:00,2026-01-13 07:51:00,2026-01-13 07:51:00,EXTEND,long,4599.0,4598.8,4599.0,4599.3,True,2026-01-13 07:51:00,4599.3,TP,0.4,-0.45,0
2026-01-13 07:50:00,2026-01-13 07:55:00,2026-01-13 07:57:00,EXTEND,long,4600.7,4598.8,4600.7,4605.0,True,2026-01-13 07:56:00,4605.0,TP,4.4,39.51,2
2026-01-13 07:55:00,2026-01-13 08:04:00,2026-01-13 08:28:00,EXTEND,long,4602.2,4598.8,4598.8,4610.1,False,,4598.8,SL,-3.4,-38.0,24
2026-01-13 08:35:00,2026-01-13 08:57:00,2026-01-13 09:04:00,EXTEND,short,4600.2,4604.5,4600.2,4590.3,True,2026-01-13 08:59:00,4590.3,TP,9.9,95.46,7
2026-01-13 09:00:00,2026-01-13 09:06:00,2026-01-13 09:08:00,BOS,short,4596.8,4601.0,4601.0,4587.0,False,,4601.0,SL,-4.2,-46.02,2
2026-01-13 09:30:00,2026-01-13 10:06:00,2026-01-13 11:02:00,BOS,short,4596.7,4604.6,4604.6,4578.4,False,,4604.6,SL,-7.9,-82.69,56
2026-01-13 11:50:00,2026-01-13 12:01:00,2026-01-13 12:15:00,EXTEND,short,4605.1,4607.4,4607.4,4599.8,False,,4607.4,SL,-2.3,-26.92,14
2026-01-13 12:20:00,2026-01-13 12:35:00,2026-01-13 13:05:00,EXTEND,long,4604.2,4601.4,4604.2,4610.8,True,2026-01-13 12:44:00,4604.2,BE,0.0,-4.0,30
2026-01-13 13:05:00,2026-01-13 13:15:00,2026-01-13 13:25:00,MSS,short,4604.9,4607.7,4607.7,4598.4,False,,4607.7,SL,-2.8,-31.89,10
2026-01-13 13:25:00,2026-01-13 13:31:00,2026-01-13 13:31:00,MSS,long,4604.3,4600.4,4600.4,4613.2,False,,4600.4,SL,-3.9,-42.58,0
2026-01-13 13:30:00,2026-01-13 13:45:00,2026-01-13 14:33:00,MSS,short,4604.2,4610.5,4604.2,4589.4,True,2026-01-13 14:07:00,4589.4,TP,14.7,143.41,48
2026-01-13 14:40:00,2026-01-13 15:08:00,2026-01-13 16:04:00,EXTEND,short,4593.8,4601.0,4593.8,4577.0,True,2026-01-13 15:46:00,4593.8,BE,0.0,-4.0,56
2026-01-13 17:00:00,2026-01-13 17:08:00,2026-01-13 17:42:00,MSS,short,4602.6,4605.4,4602.6,4596.3,True,2026-01-13 17:24:00,4596.3,TP,6.4,59.94,34
2026-01-13 17:40:00,2026-01-13 17:45:00,2026-01-13 17:48:00,MSS,long,4598.3,4596.7,4596.7,4602.2,False,,4596.7,SL,-1.6,-20.43,3
2026-01-13 18:10:00,2026-01-13 18:42:00,2026-01-13 19:27:00,EXTEND,short,4596.5,4601.0,4596.5,4586.1,True,2026-01-13 19:16:00,4596.5,BE,0.0,-4.0,45
2026-01-13 19:45:00,2026-01-13 19:54:00,2026-01-13 20:06:00,EXTEND,long,4596.3,4593.9,4593.9,4602.0,False,,4593.9,SL,-2.4,-28.45,12
2026-01-13 20:25:00,2026-01-13 20:41:00,2026-01-13 20:48:00,EXTEND,short,4593.3,4597.8,4597.8,4582.9,False,,4597.8,SL,-4.5,-48.69,7
2026-01-13 22:20:00,2026-01-13 22:32:00,2026-01-13 22:38:00,BOS,long,4621.8,4615.4,4621.8,4636.6,True,2026-01-13 22:36:00,4621.8,BE,0.0,-4.0,6
2026-01-13 22:50:00,2026-01-13 23:02:00,2026-01-13 23:17:00,EXTEND,long,4628.8,4619.4,4619.4,4650.6,False,,4619.4,SL,-9.4,-97.97,15
2026-01-13 23:20:00,2026-01-13 23:44:00,2026-01-14 00:28:00,EXTEND,short,4624.3,4634.0,4624.3,4601.9,True,2026-01-14 00:21:00,4601.9,TP,22.5,220.66,44
2026-01-14 00:25:00,2026-01-14 00:46:00,2026-01-14 02:03:00,EXTEND,short,4618.8,4629.4,4618.8,4594.1,True,2026-01-14 01:52:00,4594.1,TP,24.7,242.86,77
2026-01-14 02:45:00,2026-01-14 03:02:00,2026-01-14 04:27:00,EXTEND,long,4597.4,4589.3,4597.4,4616.1,True,2026-01-14 03:38:00,4597.4,BE,0.0,-4.0,85
2026-01-14 08:40:00,2026-01-14 08:45:00,2026-01-14 09:00:00,EXTEND,long,4613.3,4610.2,4613.3,4620.5,True,2026-01-14 08:59:00,4620.5,TP,7.2,67.93,15
2026-01-14 10:00:00,2026-01-14 10:08:00,2026-01-14 10:47:00,EXTEND,long,4624.1,4621.2,4624.1,4630.7,True,2026-01-14 10:12:00,4630.7,TP,6.7,62.6,39
2026-01-14 11:00:00,2026-01-14 11:08:00,2026-01-14 11:21:00,BOS,long,4628.0,4625.8,4628.0,4633.0,True,2026-01-14 11:19:00,4628.0,BE,0.0,-4.0,13
2026-01-14 11:25:00,2026-01-14 11:32:00,2026-01-14 11:35:00,MSS,short,4626.9,4630.2,4630.2,4619.3,False,,4630.2,SL,-3.3,-36.85,3
2026-01-14 12:25:00,2026-01-14 12:34:00,2026-01-14 13:01:00,MSS,short,4636.2,4638.4,4638.4,4631.0,False,,4638.4,SL,-2.2,-26.16,27
2026-01-14 13:00:00,2026-01-14 13:19:00,2026-01-14 13:55:00,MSS,long,4639.7,4635.3,4639.7,4649.9,True,2026-01-14 13:31:00,4639.7,BE,0.0,-4.0,36
2026-01-14 13:55:00,2026-01-14 14:12:00,2026-01-14 15:27:00,EXTEND,short,4638.3,4646.9,4646.9,4618.5,False,,4646.9,SL,-8.6,-89.57,75
2026-01-14 15:25:00,2026-01-14 15:32:00,2026-01-14 15:52:00,EXTEND,long,4641.3,4637.7,4641.3,4649.8,True,2026-01-14 15:35:00,4641.3,BE,0.0,-4.0,20
2026-01-14 17:45:00,2026-01-14 18:17:00,2026-01-14 20:00:00,EXTEND,short,4642.1,4646.8,4642.1,4631.3,True,2026-01-14 19:29:00,4642.1,BE,0.0,-4.0,103
2026-01-14 20:55:00,2026-01-14 21:00:00,2026-01-14 21:02:00,BOS,long,4644.7,4641.5,4641.5,4652.3,False,,4641.5,SL,-3.2,-36.47,2
2026-01-14 21:30:00,2026-01-14 21:42:00,2026-01-14 22:39:00,EXTEND,short,4643.0,4650.0,4643.0,4626.6,True,2026-01-14 22:31:00,4626.6,TP,16.3,159.39,57
2026-01-14 23:05:00,2026-01-14 23:11:00,2026-01-14 23:16:00,EXTEND,short,4618.5,4626.3,4626.3,4600.3,False,,4626.3,SL,-7.8,-82.31,5
2026-01-15 00:25:00,2026-01-15 00:33:00,2026-01-15 00:40:00,EXTEND,long,4625.4,4621.5,4621.5,4634.5,False,,4621.5,SL,-3.9,-42.96,7
2026-01-15 00:55:00,2026-01-15 01:01:00,2026-01-15 01:40:00,EXTEND,short,4625.4,4631.7,4625.4,4610.9,True,2026-01-15 01:07:00,4610.9,TP,14.6,141.63,39
2026-01-15 01:40:00,2026-01-15 01:46:00,2026-01-15 01:50:00,BOS,short,4614.7,4619.1,4619.1,4604.6,False,,4619.1,SL,-4.4,-47.55,4
2026-01-15 03:50:00,2026-01-15 03:55:00,2026-01-15 04:02:00,EXTEND,long,4644.4,4641.6,4644.4,4650.9,True,2026-01-15 03:57:00,4644.4,BE,0.0,-4.0,7
2026-01-15 07:40:00,2026-01-15 07:45:00,2026-01-15 08:17:00,EXTEND,short,4616.9,4623.0,4623.0,4602.7,False,,4623.0,SL,-6.1,-65.12,32
2026-01-15 08:50:00,2026-01-15 08:55:00,2026-01-15 09:01:00,EXTEND,short,4619.6,4622.8,4619.6,4612.3,True,2026-01-15 09:00:00,4619.6,BE,0.0,-4.0,6
2026-01-15 09:00:00,2026-01-15 09:07:00,2026-01-15 09:09:00,BOS,short,4618.0,4622.2,4622.2,4608.2,False,,4622.2,SL,-4.2,-46.02,2
2026-01-15 09:05:00,2026-01-15 09:10:00,2026-01-15 09:19:00,EXTEND,short,4618.0,4622.2,4618.0,4608.1,True,2026-01-15 09:14:00,4608.1,TP,9.9,94.57,9
2026-01-15 09:30:00,2026-01-15 09:51:00,2026-01-15 14:10:00,EXTEND,short,4608.9,4622.2,4608.9,4578.0,True,2026-01-15 11:13:00,4608.9,BE,0.0,-4.0,259
2026-01-15 15:15:00,2026-01-15 15:20:00,2026-01-15 15:38:00,BOS,long,4613.2,4610.2,4610.2,4620.1,False,,4610.2,SL,-3.0,-33.8,18
2026-01-15 16:00:00,2026-01-15 16:20:00,2026-01-15 16:43:00,EXTEND,short,4610.7,4615.9,4610.7,4598.5,True,2026-01-15 16:26:00,4610.7,BE,0.0,-4.0,23
2026-01-15 18:20:00,2026-01-15 18:26:00,2026-01-15 18:37:00,BOS,long,4615.9,4613.4,4615.9,4621.8,True,2026-01-15 18:35:00,4621.8,TP,5.9,54.61,11
2026-01-15 19:45:00,2026-01-15 19:52:00,2026-01-15 20:00:00,MSS,short,4624.3,4627.2,4624.3,4617.4,True,2026-01-15 19:54:00,4624.3,BE,0.0,-4.0,8
2026-01-15 20:15:00,2026-01-15 20:25:00,2026-01-15 20:42:00,EXTEND,short,4622.3,4624.9,4622.3,4616.1,True,2026-01-15 20:33:00,4622.3,BE,0.0,-4.0,17
2026-01-15 20:55:00,2026-01-15 21:03:00,2026-01-15 21:06:00,EXTEND,short,4620.0,4622.8,4620.0,4613.7,True,2026-01-15 21:03:00,4613.7,TP,6.4,59.94,3
2026-01-15 23:00:00,2026-01-15 23:06:00,2026-01-16 00:11:00,EXTEND,long,4609.7,4603.8,4609.7,4623.4,True,2026-01-15 23:12:00,4623.4,TP,13.7,132.75,65
2026-01-16 00:15:00,2026-01-16 00:25:00,2026-01-16 00:39:00,EXTEND,long,4619.5,4613.0,4613.0,4634.6,False,,4613.0,SL,-6.5,-68.94,14
2026-01-16 02:20:00,2026-01-16 02:30:00,2026-01-16 02:30:00,EXTEND,long,4621.4,4618.5,4618.5,4628.3,False,,4618.5,SL,-2.9,-33.41,0
2026-01-16 02:30:00,2026-01-16 02:36:00,2026-01-16 02:48:00,MSS,short,4623.0,4626.2,4623.0,4615.5,True,2026-01-16 02:40:00,4623.0,BE,0.0,-4.0,12
2026-01-16 03:35:00,2026-01-16 07:00:00,2026-01-16 07:08:00,BOS,short,4623.1,4625.4,4623.1,4617.8,True,2026-01-16 07:06:00,4623.1,BE,0.0,-4.0,8
2026-01-16 07:05:00,2026-01-16 07:14:00,2026-01-16 07:15:00,EXTEND,long,4620.6,4617.7,4617.7,4627.4,False,,4617.7,SL,-2.9,-33.03,1
2026-01-16 08:05:00,2026-01-16 08:17:00,2026-01-16 08:22:00,BOS,short,4612.1,4615.0,4615.0,4605.3,False,,4615.0,SL,-2.9,-33.03,5
2026-01-16 09:25:00,2026-01-16 09:34:00,2026-01-16 09:49:00,BOS,long,4606.4,4603.4,4606.4,4613.3,True,2026-01-16 09:36:00,4606.4,BE,0.0,-4.0,15
2026-01-16 10:10:00,2026-01-16 10:16:00,2026-01-16 10:34:00,BOS,short,4605.1,4607.7,4605.1,4598.9,True,2026-01-16 10:30:00,4598.9,TP,6.1,57.27,18
2026-01-16 10:35:00,2026-01-16 11:08:00,2026-01-16 12:10:00,EXTEND,short,4602.6,4607.6,4602.6,4591.0,True,2026-01-16 11:32:00,4602.6,BE,0.0,-4.0,62
2026-01-16 12:20:00,2026-01-16 12:31:00,2026-01-16 13:12:00,EXTEND,long,4600.8,4598.3,4600.8,4606.6,True,2026-01-16 12:39:00,4600.8,BE,0.0,-4.0,41
2026-01-16 13:10:00,2026-01-16 13:23:00,2026-01-16 13:30:00,MSS,short,4603.0,4605.7,4605.7,4596.7,False,,4605.7,SL,-2.7,-31.12,7
2026-01-16 13:55:00,2026-01-16 14:18:00,2026-01-16 14:44:00,EXTEND,long,4607.5,4599.7,4599.7,4625.7,False,,4599.7,SL,-7.8,-82.31,26
2026-01-16 14:45:00,2026-01-16 15:06:00,2026-01-16 15:10:00,EXTEND,short,4606.4,4612.2,4612.2,4593.0,False,,4612.2,SL,-5.8,-61.68,4
2026-01-16 15:40:00,2026-01-16 15:48:00,2026-01-16 17:06:00,MSS,short,4612.0,4616.0,4612.0,4602.7,True,2026-01-16 16:37:00,4612.0,BE,0.0,-4.0,78
2026-01-16 17:30:00,2026-01-16 18:04:00,2026-01-16 18:18:00,EXTEND,short,4608.7,4612.4,4612.4,4600.1,False,,4612.4,SL,-3.7,-41.05,14
2026-01-16 18:25:00,2026-01-16 18:53:00,2026-01-16 18:59:00,EXTEND,long,4608.1,4603.7,4603.7,4618.2,False,,4603.7,SL,-4.4,-47.55,6
2026-01-16 19:00:00,2026-01-16 19:13:00,2026-01-16 19:19:00,EXTEND,short,4608.6,4612.6,4612.6,4599.4,False,,4612.6,SL,-4.0,-43.73,6
2026-01-19 08:15:00,2026-01-19 08:22:00,2026-01-19 08:38:00,MSS,short,4678.8,4685.7,4685.7,4662.7,False,,4685.7,SL,-6.9,-73.14,16
2026-01-19 09:00:00,2026-01-19 09:07:00,2026-01-19 09:11:00,BOS,short,4681.7,4685.7,4681.7,4672.5,True,2026-01-19 09:09:00,4672.5,TP,9.2,88.35,4
2026-01-19 10:00:00,2026-01-19 10:06:00,2026-01-19 10:30:00,BOS,short,4669.1,4674.8,4669.1,4655.9,True,2026-01-19 10:27:00,4669.1,BE,0.0,-4.0,24
2026-01-19 11:15:00,2026-01-19 11:47:00,2026-01-19 13:33:00,EXTEND,long,4667.2,4661.5,4667.2,4680.3,True,2026-01-19 13:01:00,4680.3,TP,13.1,127.42,106
2026-01-19 13:30:00,2026-01-19 13:39:00,2026-01-19 14:55:00,EXTEND,long,4673.5,4669.3,4673.5,4683.3,True,2026-01-19 14:23:00,4683.3,TP,9.8,93.68,76
2026-01-19 14:55:00,2026-01-19 15:00:00,2026-01-19 15:09:00,BOS,long,4679.9,4677.1,4679.9,4686.5,True,2026-01-19 15:05:00,4679.9,BE,0.0,-4.0,9
2026-01-19 15:55:00,2026-01-19 16:07:00,2026-01-19 17:17:00,EXTEND,short,4677.3,4683.8,4677.3,4662.1,True,2026-01-19 16:49:00,4677.3,BE,0.0,-4.0,70
2026-01-19 17:15:00,2026-01-19 17:31:00,2026-01-19 18:29:00,EXTEND,long,4670.6,4666.4,4670.6,4680.5,True,2026-01-19 17:35:00,4670.6,BE,0.0,-4.0,58
2026-01-19 18:40:00,2026-01-19 18:47:00,2026-01-19 19:07:00,BOS,short,4669.9,4672.2,4669.9,4664.5,True,2026-01-19 19:03:00,4669.9,BE,0.0,-4.0,20
2026-01-19 19:30:00,2026-01-19 19:37:00,2026-01-19 19:41:00,EXTEND,long,4668.8,4666.5,4666.5,4674.1,False,,4666.5,SL,-2.3,-26.92,4
2026-01-19 22:10:00,2026-01-19 22:30:00,2026-01-19 23:03:00,EXTEND,short,4674.2,4678.9,4674.2,4663.2,True,2026-01-19 22:38:00,4674.2,BE,0.0,-4.0,33
2026-01-19 23:05:00,2026-01-19 23:10:00,2026-01-19 23:24:00,MSS,long,4672.0,4669.6,4669.6,4677.6,False,,4669.6,SL,-2.4,-28.07,14
2026-01-20 00:40:00,2026-01-20 00:48:00,2026-01-20 00:50:00,EXTEND,long,4676.9,4675.7,4676.9,4679.8,True,2026-01-20 00:48:00,4676.9,BE,0.0,-4.0,2
2026-01-20 00:55:00,2026-01-20 01:00:00,2026-01-20 01:09:00,EXTEND,long,4677.0,4675.7,4677.0,4679.9,True,2026-01-20 01:04:00,4677.0,BE,0.0,-4.0,9
2026-01-20 01:15:00,2026-01-20 01:30:00,2026-01-20 01:40:00,EXTEND,short,4677.2,4679.0,4679.0,4673.2,False,,4679.0,SL,-1.8,-21.57,10
2026-01-20 02:20:00,2026-01-20 02:34:00,2026-01-20 03:11:00,BOS,long,4681.7,4679.0,4679.0,4688.0,False,,4679.0,SL,-2.7,-31.12,37
2026-01-20 03:25:00,2026-01-20 07:00:00,2026-01-20 07:28:00,EXTEND,short,4679.1,4682.7,4679.1,4670.6,True,2026-01-20 07:03:00,4670.6,TP,8.4,80.36,28
2026-01-20 08:00:00,2026-01-20 08:05:00,2026-01-20 08:07:00,BOS,short,4671.4,4672.4,4672.4,4669.2,False,,4672.4,SL,-1.0,-13.55,2
2026-01-20 08:10:00,2026-01-20 08:19:00,2026-01-20 08:24:00,MSS,long,4671.5,4669.9,4669.9,4675.4,False,,4669.9,SL,-1.6,-20.43,5
2026-01-20 08:25:00,2026-01-20 08:33:00,2026-01-20 09:00:00,MSS,short,4670.9,4674.2,4670.9,4663.3,True,2026-01-20 08:40:00,4670.9,BE,0.0,-4.0,27
2026-01-20 09:05:00,2026-01-20 09:23:00,2026-01-20 09:57:00,EXTEND,long,4671.4,4666.4,4671.4,4682.9,True,2026-01-20 09:25:00,4671.4,BE,0.0,-4.0,34
2026-01-20 10:10:00,2026-01-20 10:27:00,2026-01-20 11:15:00,MSS,short,4676.8,4681.0,4676.8,4667.0,True,2026-01-20 10:49:00,4676.8,BE,0.0,-4.0,48
2026-01-20 13:10:00,2026-01-20 13:20:00,2026-01-20 13:30:00,BOS,long,4703.3,4700.5,4700.5,4709.6,False,,4700.5,SL,-2.8,-31.5,10
2026-01-20 14:40:00,2026-01-20 14:49:00,2026-01-20 15:13:00,EXTEND,short,4718.7,4723.4,4723.4,4707.9,False,,4723.4,SL,-4.7,-50.6,24
2026-01-20 15:55:00,2026-01-20 16:04:00,2026-01-20 16:08:00,EXTEND,short,4725.3,4728.4,4728.4,4718.0,False,,4728.4,SL,-3.1,-35.32,4
2026-01-20 16:25:00,2026-01-20 16:30:00,2026-01-20 16:36:00,EXTEND,short,4728.5,4731.4,4728.5,4721.6,True,2026-01-20 16:33:00,4721.6,TP,6.8,64.38,6
2026-01-20 16:35:00,2026-01-20 16:40:00,2026-01-20 16:50:00,EXTEND,short,4727.6,4731.4,4731.4,4718.8,False,,4731.4,SL,-3.8,-41.82,10
2026-01-20 17:15:00,2026-01-20 17:23:00,2026-01-20 17:29:00,EXTEND,short,4734.1,4737.7,4737.7,4725.8,False,,4737.7,SL,-3.6,-39.91,6
2026-01-20 17:45:00,2026-01-20 18:29:00,2026-01-20 20:26:00,EXTEND,long,4733.1,4727.2,4733.1,4746.9,True,2026-01-20 19:49:00,4733.1,BE,0.0,-4.0,117
2026-01-20 20:30:00,2026-01-20 20:40:00,2026-01-20 20:50:00,EXTEND,short,4733.7,4736.3,4733.7,4727.7,True,2026-01-20 20:44:00,4733.7,BE,0.0,-4.0,10
2026-01-20 21:20:00,2026-01-20 21:34:00,2026-01-20 21:34:00,BOS,short,4727.8,4731.9,4731.9,4718.3,False,,4731.9,SL,-4.1,-44.87,0
2026-01-20 21:30:00,2026-01-20 21:35:00,2026-01-20 21:38:00,EXTEND,short,4727.3,4731.9,4731.9,4716.5,False,,4731.9,SL,-4.6,-50.22,3
2026-01-20 22:25:00,2026-01-20 22:30:00,2026-01-20 22:34:00,BOS,long,4744.6,4737.4,4737.4,4761.3,False,,4737.4,SL,-7.2,-75.82,4
2026-01-20 22:35:00,2026-01-20 22:47:00,2026-01-20 23:00:00,EXTEND,short,4747.3,4756.2,4747.3,4726.5,True,2026-01-20 22:54:00,4747.3,BE,0.0,-4.0,13
2026-01-20 23:05:00,2026-01-20 23:16:00,2026-01-20 23:23:00,EXTEND,long,4744.0,4738.0,4738.0,4757.9,False,,4738.0,SL,-6.0,-63.97,7
2026-01-21 07:00:00,2026-01-21 07:05:00,2026-01-21 07:15:00,MSS,short,4766.9,4769.2,4766.9,4761.5,True,2026-01-21 07:09:00,4761.5,TP,5.4,50.17,10
2026-01-21 07:15:00,2026-01-21 07:34:00,2026-01-21 07:44:00,EXTEND,short,4766.2,4769.2,4769.2,4759.2,False,,4769.2,SL,-3.0,-34.18,10
2026-01-21 08:55:00,2026-01-21 09:00:00,2026-01-21 09:01:00,EXTEND,long,4789.2,4786.9,4789.2,4794.5,True,2026-01-21 09:00:00,4789.2,BE,0.0,-4.0,1
2026-01-21 09:50:00,2026-01-21 10:12:00,2026-01-21 12:23:00,BOS,long,4829.3,4818.1,4829.3,4855.3,True,2026-01-21 10:38:00,4855.3,TP,26.0,256.18,131
2026-01-21 13:05:00,2026-01-21 13:10:00,2026-01-21 13:18:00,EXTEND,short,4869.1,4873.8,4873.8,4858.2,False,,4873.8,SL,-4.7,-50.99,8
2026-01-21 13:20:00,2026-01-21 13:26:00,2026-01-21 14:09:00,EXTEND,long,4867.4,4861.5,4867.4,4881.1,True,2026-01-21 13:33:00,4867.4,BE,0.0,-4.0,43
2026-01-21 14:25:00,2026-01-21 14:38:00,2026-01-21 14:40:00,EXTEND,long,4876.0,4866.8,4866.8,4897.4,False,,4866.8,SL,-9.2,-96.06,2
2026-01-21 15:20:00,2026-01-21 15:51:00,2026-01-21 16:21:00,EXTEND,short,4856.1,4869.0,4869.0,4826.1,False,,4869.0,SL,-12.9,-133.12,30
2026-01-21 16:25:00,2026-01-21 16:33:00,2026-01-21 16:50:00,EXTEND,long,4863.3,4858.1,4858.1,4875.4,False,,4858.1,SL,-5.2,-55.95,17
2026-01-21 16:55:00,2026-01-21 17:11:00,2026-01-21 17:25:00,MSS,short,4864.8,4871.7,4871.7,4848.7,False,,4871.7,SL,-6.9,-73.14,14
2026-01-21 17:30:00,2026-01-21 17:37:00,2026-01-21 19:46:00,EXTEND,long,4867.6,4860.3,4860.3,4884.4,False,,4860.3,SL,-7.3,-76.58,129
2026-01-21 19:45:00,2026-01-21 19:59:00,2026-01-21 20:29:00,MSS,short,4867.6,4874.0,4867.6,4852.8,True,2026-01-21 20:16:00,4867.6,BE,0.0,-4.0,30
2026-01-21 21:10:00,2026-01-21 21:23:00,2026-01-21 21:37:00,EXTEND,long,4866.1,4861.0,4866.1,4877.9,True,2026-01-21 21:29:00,4877.9,TP,11.8,114.1,14
2026-01-21 21:55:00,2026-01-21 22:01:00,2026-01-21 22:03:00,BOS,long,4876.8,4872.7,4872.7,4886.3,False,,4872.7,SL,-4.1,-44.87,2
2026-01-21 22:05:00,2026-01-21 22:10:00,2026-01-21 22:30:00,EXTEND,short,4868.2,4883.4,4868.2,4832.9,True,2026-01-21 22:10:00,4868.2,BE,0.0,-4.0,20
2026-01-21 22:40:00,2026-01-21 22:45:00,2026-01-21 22:51:00,EXTEND,long,4860.8,4852.2,4852.2,4880.9,False,,4852.2,SL,-8.6,-90.33,6
2026-01-21 23:05:00,2026-01-21 23:12:00,2026-01-21 23:18:00,EXTEND,long,4857.2,4848.6,4848.6,4877.2,False,,4848.6,SL,-8.6,-89.95,6
2026-01-22 07:55:00,2026-01-22 08:09:00,2026-01-22 08:41:00,BOS,short,4791.7,4799.5,4791.7,4773.6,True,2026-01-22 08:23:00,4791.7,BE,0.0,-4.0,32
2026-01-22 08:55:00,2026-01-22 09:00:00,2026-01-22 09:01:00,MSS,long,4788.6,4781.6,4781.6,4804.7,False,,4781.6,SL,-7.0,-73.52,1
2026-01-22 09:00:00,2026-01-22 09:10:00,2026-01-22 09:19:00,MSS,short,4789.4,4799.8,4799.8,4765.3,False,,4799.8,SL,-10.4,-107.9,9
2026-01-22 09:20:00,2026-01-22 10:30:00,2026-01-22 13:59:00,EXTEND,long,4787.3,4772.6,4787.3,4821.4,True,2026-01-22 13:05:00,4821.4,TP,34.1,336.99,209
2026-01-22 14:50:00,2026-01-22 14:57:00,2026-01-22 15:00:00,MSS,short,4826.0,4828.7,4828.7,4819.8,False,,4828.7,SL,-2.7,-30.74,3
2026-01-22 15:45:00,2026-01-22 15:58:00,2026-01-22 16:02:00,EXTEND,short,4836.4,4839.3,4836.4,4829.8,True,2026-01-22 15:59:00,4836.4,BE,0.0,-4.0,4
2026-01-22 16:35:00,2026-01-22 16:55:00,2026-01-22 17:11:00,EXTEND,short,4831.8,4837.1,4837.1,4819.6,False,,4837.1,SL,-5.3,-56.72,16
2026-01-22 18:50:00,2026-01-22 18:55:00,2026-01-22 19:11:00,BOS,long,4830.2,4828.1,4830.2,4835.2,True,2026-01-22 19:03:00,4830.2,BE,0.0,-4.0,16
2026-01-22 19:15:00,2026-01-22 19:21:00,2026-01-22 19:39:00,EXTEND,short,4831.0,4834.0,4831.0,4824.1,True,2026-01-22 19:35:00,4831.0,BE,0.0,-4.0,18
2026-01-22 19:55:00,2026-01-22 20:00:00,2026-01-22 20:01:00,EXTEND,long,4831.5,4827.1,4827.1,4841.6,False,,4827.1,SL,-4.4,-47.55,1
2026-01-22 20:05:00,2026-01-22 20:27:00,2026-01-22 20:59:00,MSS,short,4833.6,4838.5,4833.6,4822.1,True,2026-01-22 20:50:00,4822.1,TP,11.5,110.55,32
2026-01-22 21:00:00,2026-01-22 21:13:00,2026-01-22 21:20:00,EXTEND,short,4828.2,4834.8,4834.8,4812.8,False,,4834.8,SL,-6.6,-70.09,7
2026-01-22 21:25:00,2026-01-22 21:30:00,2026-01-22 21:42:00,EXTEND,long,4825.1,4817.5,4817.5,4842.9,False,,4817.5,SL,-7.6,-80.4,12
2026-01-22 21:40:00,2026-01-22 22:05:00,2026-01-22 22:32:00,MSS,short,4827.4,4837.5,4837.5,4803.8,False,,4837.5,SL,-10.1,-105.23,27
2026-01-22 22:30:00,2026-01-22 23:00:00,2026-01-22 23:28:00,EXTEND,long,4832.3,4821.7,4832.3,4857.0,True,2026-01-22 23:17:00,4857.0,TP,24.7,242.86,28
2026-01-23 00:50:00,2026-01-23 00:55:00,2026-01-23 01:08:00,EXTEND,long,4880.6,4876.0,4880.6,4891.2,True,2026-01-23 01:03:00,4880.6,BE,0.0,-4.0,13
2026-01-23 03:10:00,2026-01-23 03:26:00,2026-01-23 03:27:00,EXTEND,long,4919.1,4913.9,4913.9,4931.0,False,,4913.9,SL,-5.2,-55.57,1
2026-01-23 07:05:00,2026-01-23 07:14:00,2026-01-23 07:30:00,EXTEND,long,4947.4,4938.1,4938.1,4969.1,False,,4938.1,SL,-9.3,-97.21,16
2026-01-23 07:30:00,2026-01-23 07:47:00,2026-01-23 08:02:00,MSS,short,4951.9,4963.8,4963.8,4924.3,False,,4963.8,SL,-11.9,-122.8,15
2026-01-23 08:55:00,2026-01-23 09:01:00,2026-01-23 09:02:00,EXTEND,long,4956.6,4949.3,4949.3,4973.7,False,,4949.3,SL,-7.3,-77.34,1
2026-01-23 09:05:00,2026-01-23 09:16:00,2026-01-23 09:34:00,EXTEND,short,4956.9,4968.5,4956.9,4930.0,True,2026-01-23 09:19:00,4956.9,BE,0.0,-4.0,18
2026-01-26 08:20:00,2026-01-26 08:26:00,2026-01-26 08:30:00,EXTEND,short,5037.9,5043.1,5043.1,5025.7,False,,5043.1,SL,-5.2,-56.33,4
2026-01-26 08:40:00,2026-01-26 08:58:00,2026-01-26 09:01:00,EXTEND,long,5037.9,5029.4,5029.4,5057.6,False,,5029.4,SL,-8.5,-88.8,3
2026-01-26 10:30:00,2026-01-26 11:01:00,2026-01-26 11:20:00,EXTEND,long,5074.8,5064.4,5074.8,5098.8,True,2026-01-26 11:15:00,5074.8,BE,0.0,-4.0,19
2026-01-26 12:45:00,2026-01-26 12:57:00,2026-01-26 13:19:00,EXTEND,short,5068.2,5076.0,5068.2,5050.0,True,2026-01-26 13:05:00,5050.0,TP,18.2,178.04,22
2026-01-26 13:15:00,2026-01-26 13:26:00,2026-01-26 13:34:00,BOS,short,5062.7,5070.8,5062.7,5043.9,True,2026-01-26 13:31:00,5062.7,BE,0.0,-4.0,8
2026-01-26 14:50:00,2026-01-26 14:58:00,2026-01-26 21:03:00,EXTEND,long,5080.3,5063.2,5063.2,5120.0,False,,5063.2,SL,-17.1,-174.75,365
2026-01-26 21:00:00,2026-01-26 21:09:00,2026-01-26 21:30:00,EXTEND,short,5075.7,5083.5,5075.7,5057.6,True,2026-01-26 21:21:00,5057.6,TP,18.1,177.15,21
2026-01-26 21:30:00,2026-01-26 21:48:00,2026-01-26 22:14:00,BOS,short,5069.9,5081.0,5069.9,5044.0,True,2026-01-26 22:01:00,5069.9,BE,0.0,-4.0,26
2026-01-26 22:55:00,2026-01-26 23:01:00,2026-01-26 23:20:00,EXTEND,long,5083.3,5076.2,5083.3,5099.7,True,2026-01-26 23:04:00,5083.3,BE,0.0,-4.0,19
2026-01-26 23:40:00,2026-01-26 23:53:00,2026-01-27 00:03:00,EXTEND,short,5086.1,5095.4,5095.4,5064.5,False,,5095.4,SL,-9.3,-96.83,10
2026-01-27 00:35:00,2026-01-27 00:55:00,2026-01-27 01:48:00,EXTEND,short,5086.6,5101.9,5101.9,5051.1,False,,5101.9,SL,-15.3,-156.8,53
2026-01-27 01:45:00,2026-01-27 02:07:00,2026-01-27 02:11:00,EXTEND,long,5086.4,5076.7,5076.7,5108.8,False,,5076.7,SL,-9.7,-100.65,4
2026-01-27 07:45:00,2026-01-27 07:58:00,2026-01-27 08:00:00,EXTEND,long,5042.2,5033.6,5033.6,5062.2,False,,5033.6,SL,-8.6,-89.95,2
2026-01-27 08:50:00,2026-01-27 09:05:00,2026-01-27 09:10:00,EXTEND,short,5033.4,5048.9,5048.9,4997.2,False,,5048.9,SL,-15.5,-159.47,5
2026-01-27 10:00:00,2026-01-27 10:09:00,2026-01-27 10:41:00,EXTEND,short,5061.0,5071.6,5071.6,5036.3,False,,5071.6,SL,-10.6,-110.2,32
2026-01-28 07:55:00,2026-01-28 08:00:00,2026-01-28 08:01:00,EXTEND,long,5166.2,5161.0,5161.0,5178.3,False,,5161.0,SL,-5.2,-55.95,1
2026-01-28 08:05:00,2026-01-28 08:39:00,2026-01-28 08:54:00,EXTEND,short,5166.8,5174.6,5174.6,5148.6,False,,5174.6,SL,-7.8,-82.31,15
2026-01-28 09:05:00,2026-01-28 09:11:00,2026-01-28 09:44:00,EXTEND,long,5173.2,5157.5,5173.2,5209.7,True,2026-01-28 09:16:00,5209.7,TP,36.5,360.97,33
2026-01-28 11:10:00,2026-01-28 11:38:00,2026-01-28 13:10:00,EXTEND,long,5224.6,5213.9,5224.6,5249.6,True,2026-01-28 11:50:00,5249.6,TP,25.0,245.53,92
2026-01-28 13:40:00,2026-01-28 14:05:00,2026-01-28 14:25:00,BOS,long,5250.0,5244.3,5250.0,5263.2,True,2026-01-28 14:18:00,5250.0,BE,0.0,-4.0,20
2026-01-28 16:30:00,2026-01-28 16:38:00,2026-01-28 16:45:00,BOS,long,5292.5,5283.8,5283.8,5312.9,False,,5283.8,SL,-8.7,-91.48,7
2026-01-28 17:40:00,2026-01-28 17:47:00,2026-01-28 18:09:00,BOS,short,5269.4,5276.3,5276.3,5253.4,False,,5276.3,SL,-6.9,-72.76,22
2026-01-28 18:10:00,2026-01-28 18:35:00,2026-01-28 19:04:00,EXTEND,long,5267.1,5258.3,5258.3,5287.5,False,,5258.3,SL,-8.8,-91.86,29
2026-01-28 19:05:00,2026-01-28 19:48:00,2026-01-28 21:01:00,EXTEND,short,5259.4,5275.7,5275.7,5221.5,False,,5275.7,SL,-16.3,-167.11,73
2026-01-28 21:00:00,2026-01-28 21:11:00,2026-01-28 21:35:00,EXTEND,long,5268.2,5259.0,5268.2,5289.5,True,2026-01-28 21:23:00,5268.2,BE,0.0,-4.0,24
2026-01-28 22:05:00,2026-01-28 22:10:00,2026-01-28 22:22:00,EXTEND,short,5255.1,5263.0,5263.0,5236.6,False,,5263.0,SL,-7.9,-83.46,12
2026-01-28 23:00:00,2026-01-28 23:07:00,2026-01-28 23:07:00,EXTEND,long,5274.7,5263.8,5263.8,5300.0,False,,5263.8,SL,-10.9,-112.87,0
2026-01-28 23:05:00,2026-01-28 23:23:00,2026-01-29 00:46:00,MSS,short,5268.0,5292.3,5292.3,5211.5,False,,5292.3,SL,-24.3,-246.95,83
2026-01-29 07:35:00,2026-01-29 07:46:00,2026-01-29 08:01:00,EXTEND,long,5510.9,5463.9,5463.9,5620.2,False,,5463.9,SL,-47.0,-474.24,15
2026-02-12 21:45:00,2026-02-12 23:39:00,2026-02-12 23:59:00,BOS,long,5067.1,5061.9,5061.9,5079.3,False,,5059.8,SL,-7.3,-77.33,3
2026-02-26 08:50:00,2026-02-26 08:59:00,2026-02-26 09:00:00,BOS,long,5200.3,5196.3,5200.3,5209.5,True,2026-02-26 08:59:00,5209.5,TP,9.2,88.35,1
2026-02-26 09:00:00,2026-02-26 09:06:00,2026-02-26 09:23:00,EXTEND,long,5203.1,5196.3,5203.1,5218.8,True,2026-02-26 09:21:00,5203.1,BE,0.0,-4.0,17
2026-02-26 09:30:00,2026-02-26 09:35:00,2026-02-26 10:00:00,EXTEND,short,5204.6,5211.1,5211.1,5189.6,False,,5211.1,SL,-6.5,-68.56,25
2026-02-26 10:40:00,2026-02-26 10:45:00,2026-02-26 10:53:00,BOS,short,5195.7,5199.8,5199.8,5186.2,False,,5199.8,SL,-4.1,-44.87,8
2026-02-26 13:25:00,2026-02-26 13:46:00,2026-02-26 15:02:00,EXTEND,long,5212.2,5206.4,5206.4,5225.8,False,,5206.4,SL,-5.8,-62.45,76
2026-02-26 15:05:00,2026-02-26 15:17:00,2026-02-26 15:40:00,BOS,short,5206.2,5211.5,5206.2,5193.8,True,2026-02-26 15:23:00,5206.2,BE,0.0,-4.0,23
2026-02-26 15:50:00,2026-02-26 15:55:00,2026-02-26 16:11:00,EXTEND,short,5202.6,5206.5,5202.6,5193.4,True,2026-02-26 16:01:00,5202.6,BE,0.0,-4.0,16
2026-02-26 16:10:00,2026-02-26 16:26:00,2026-02-26 16:27:00,MSS,long,5200.3,5195.8,5195.8,5210.9,False,,5195.8,SL,-4.5,-49.46,1
2026-02-26 16:45:00,2026-02-26 16:51:00,2026-02-26 20:01:00,EXTEND,short,5198.3,5207.7,5198.3,5176.5,True,2026-02-26 18:36:00,5176.5,TP,21.8,214.45,190
2026-02-26 20:00:00,2026-02-26 20:09:00,2026-02-26 20:23:00,EXTEND,short,5184.5,5191.6,5191.6,5168.1,False,,5191.6,SL,-7.1,-74.67,14
2026-02-26 21:10:00,2026-02-26 21:21:00,2026-02-26 22:00:00,EXTEND,short,5194.6,5200.9,5194.6,5180.1,True,2026-02-26 21:30:00,5180.1,TP,14.6,141.63,39
2026-02-26 22:25:00,2026-02-26 22:30:00,2026-02-26 22:30:00,EXTEND,long,5180.8,5175.9,5175.9,5192.2,False,,5175.9,SL,-4.9,-52.9,0
2026-02-26 22:35:00,2026-02-26 22:40:00,2026-02-26 22:40:00,EXTEND,long,5181.7,5175.9,5175.9,5195.3,False,,5175.9,SL,-5.8,-62.45,0
2026-02-26 22:45:00,2026-02-26 22:52:00,2026-02-26 23:01:00,EXTEND,long,5182.2,5175.9,5175.9,5197.0,False,,5175.9,SL,-6.3,-67.41,9
2026-02-26 23:25:00,2026-02-26 23:34:00,2026-02-26 23:42:00,EXTEND,short,5171.8,5188.2,5188.2,5133.6,False,,5188.2,SL,-16.4,-168.26,8
2026-02-27 01:45:00,2026-02-27 01:51:00,2026-02-27 02:14:00,BOS,short,5189.7,5194.9,5189.7,5177.8,True,2026-02-27 01:51:00,5189.7,BE,0.0,-4.0,23
2026-02-27 02:25:00,2026-02-27 02:34:00,2026-02-27 02:35:00,EXTEND,long,5186.2,5180.4,5180.4,5199.6,False,,5180.4,SL,-5.8,-61.68,1
2026-02-27 03:45:00,2026-02-27 03:59:00,2026-02-27 04:13:00,BOS,long,5204.5,5200.3,5204.5,5214.4,True,2026-02-27 04:02:00,5214.4,TP,9.9,94.57,14
2026-02-27 07:00:00,2026-02-27 07:06:00,2026-02-27 07:10:00,BOS,short,5202.3,5208.6,5202.3,5187.6,True,2026-02-27 07:08:00,5202.3,BE,0.0,-4.0,4
2026-02-27 08:00:00,2026-02-27 08:10:00,2026-02-27 08:18:00,BOS,short,5202.0,5206.2,5206.2,5192.4,False,,5206.2,SL,-4.2,-45.64,8
2026-02-27 08:20:00,2026-02-27 08:33:00,2026-02-27 08:36:00,EXTEND,long,5201.5,5195.3,5195.3,5215.9,False,,5195.3,SL,-6.2,-65.88,3
2026-02-27 11:30:00,2026-02-27 11:37:00,2026-02-27 11:59:00,EXTEND,long,5200.8,5197.7,5200.8,5208.0,True,2026-02-27 11:42:00,5200.8,BE,0.0,-4.0,22
2026-02-27 12:25:00,2026-02-27 12:31:00,2026-02-27 12:48:00,EXTEND,long,5202.5,5200.7,5202.5,5206.8,True,2026-02-27 12:36:00,5202.5,BE,0.0,-4.0,17
2026-02-27 12:55:00,2026-02-27 13:05:00,2026-02-27 13:24:00,EXTEND,short,5202.1,5205.2,5205.2,5195.0,False,,5205.2,SL,-3.1,-34.56,19
2026-02-27 13:55:00,2026-02-27 14:03:00,2026-02-27 14:20:00,BOS,long,5211.5,5207.8,5211.5,5220.0,True,2026-02-27 14:11:00,5211.5,BE,0.0,-4.0,17
2026-02-27 15:15:00,2026-02-27 15:25:00,2026-02-27 17:48:00,EXTEND,short,5201.9,5206.6,5201.9,5191.0,True,2026-02-27 15:29:00,5191.0,TP,10.9,105.22,143
2026-02-27 18:10:00,2026-02-27 18:17:00,2026-02-27 18:45:00,EXTEND,short,5192.8,5198.3,5192.8,5180.1,True,2026-02-27 18:35:00,5192.8,BE,0.0,-4.0,28
2026-02-27 19:15:00,2026-02-27 19:22:00,2026-02-27 19:26:00,EXTEND,short,5192.0,5194.2,5194.2,5186.8,False,,5194.2,SL,-2.2,-26.16,4
2026-02-27 22:00:00,2026-02-27 22:09:00,2026-02-27 22:21:00,EXTEND,long,5235.8,5228.2,5235.8,5253.3,True,2026-02-27 22:11:00,5253.3,TP,17.6,171.82,12
2026-02-27 22:20:00,2026-02-27 22:31:00,2026-02-27 22:34:00,BOS,long,5242.1,5234.7,5242.1,5259.3,True,2026-02-27 22:32:00,5242.1,BE,0.0,-4.0,3
2026-02-27 23:10:00,2026-02-27 23:17:00,2026-02-27 23:22:00,EXTEND,long,5245.0,5236.8,5236.8,5264.0,False,,5236.8,SL,-8.2,-85.75,5
2026-02-28 00:15:00,2026-02-28 00:22:00,2026-02-28 00:24:00,EXTEND,long,5256.5,5244.0,5244.0,5285.4,False,,5244.0,SL,-12.5,-128.53,2
2026-02-28 01:00:00,2026-02-28 01:05:00,2026-02-28 01:30:00,EXTEND,short,5251.9,5256.9,5251.9,5240.1,True,2026-02-28 01:14:00,5240.1,TP,11.7,113.22,25
2026-02-28 01:30:00,2026-02-28 01:40:00,2026-02-28 02:29:00,EXTEND,short,5249.5,5256.9,5249.5,5232.1,True,2026-02-28 02:25:00,5249.5,BE,0.0,-4.0,49
2026-02-28 02:25:00,2026-02-28 02:31:00,2026-02-28 02:43:00,EXTEND,short,5250.1,5256.4,5256.4,5235.6,False,,5256.4,SL,-6.3,-66.65,12
2026-03-02 10:05:00,2026-03-02 10:12:00,2026-03-02 10:37:00,EXTEND,short,5343.1,5351.8,5351.8,5322.8,False,,5351.8,SL,-8.7,-91.1,25
2026-03-02 11:20:00,2026-03-02 11:31:00,2026-03-02 11:38:00,EXTEND,long,5366.3,5362.6,5366.3,5375.0,True,2026-03-02 11:31:00,5375.0,TP,8.7,83.02,7
2026-03-02 12:00:00,2026-03-02 12:05:00,2026-03-02 12:35:00,EXTEND,long,5371.5,5366.2,5371.5,5383.9,True,2026-03-02 12:19:00,5371.5,BE,0.0,-4.0,30
2026-03-02 13:15:00,2026-03-02 13:33:00,2026-03-02 13:50:00,EXTEND,short,5369.5,5379.4,5379.4,5346.6,False,,5379.4,SL,-9.9,-102.56,17
2026-03-02 16:30:00,2026-03-02 16:40:00,2026-03-02 16:43:00,EXTEND,long,5422.4,5416.4,5416.4,5436.2,False,,5416.4,SL,-6.0,-63.59,3
2026-03-02 16:40:00,2026-03-02 16:49:00,2026-03-02 16:59:00,MSS,short,5424.2,5432.0,5424.2,5406.0,True,2026-03-02 16:53:00,5406.0,TP,18.2,178.04,10
2026-03-02 17:20:00,2026-03-02 17:32:00,2026-03-02 18:06:00,EXTEND,short,5416.2,5425.9,5416.2,5393.6,True,2026-03-02 17:46:00,5393.6,TP,22.6,221.55,34
2026-03-02 18:40:00,2026-03-02 18:51:00,2026-03-02 18:54:00,EXTEND,long,5405.1,5398.1,5398.1,5421.5,False,,5398.1,SL,-7.0,-74.29,3
2026-03-02 19:45:00,2026-03-02 20:05:00,2026-03-02 21:03:00,MSS,short,5404.2,5414.8,5414.8,5379.5,False,,5414.8,SL,-10.6,-110.2,58
2026-03-02 21:05:00,2026-03-02 21:11:00,2026-03-02 21:12:00,EXTEND,long,5410.2,5400.7,5400.7,5432.2,False,,5400.7,SL,-9.5,-98.74,1
2026-03-02 21:10:00,2026-03-02 21:20:00,2026-03-02 21:30:00,MSS,short,5414.2,5425.5,5425.5,5388.0,False,,5425.5,SL,-11.3,-116.69,10
2026-03-03 00:25:00,2026-03-03 00:35:00,2026-03-03 00:51:00,MSS,long,5307.5,5294.5,5307.5,5337.7,True,2026-03-03 00:39:00,5307.5,BE,0.0,-4.0,16
2026-03-03 01:30:00,2026-03-03 01:49:00,2026-03-03 02:08:00,BOS,long,5317.1,5306.2,5306.2,5342.4,False,,5306.2,SL,-10.9,-112.87,19
2026-03-03 02:10:00,2026-03-03 02:16:00,2026-03-03 02:28:00,EXTEND,short,5316.1,5324.2,5316.1,5297.3,True,2026-03-03 02:25:00,5316.1,BE,0.0,-4.0,12
2026-03-03 07:05:00,2026-03-03 07:23:00,2026-03-03 08:17:00,EXTEND,long,5345.4,5335.4,5345.4,5368.7,True,2026-03-03 07:50:00,5368.7,TP,23.3,228.66,54
2026-03-03 08:30:00,2026-03-03 08:54:00,2026-03-03 09:07:00,EXTEND,long,5360.5,5350.4,5360.5,5384.1,True,2026-03-03 09:00:00,5384.1,TP,23.5,231.32,13
2026-03-03 09:25:00,2026-03-03 09:46:00,2026-03-03 09:47:00,EXTEND,long,5373.4,5360.4,5360.4,5403.7,False,,5360.4,SL,-13.0,-134.26,1
2026-03-03 10:00:00,2026-03-03 10:30:00,2026-03-03 13:53:00,EXTEND,short,5376.1,5394.5,5376.1,5333.3,True,2026-03-03 13:34:00,5333.3,TP,42.8,424.02,203
2026-03-03 14:10:00,2026-03-03 14:20:00,2026-03-03 15:38:00,BOS,short,5319.7,5337.0,5337.0,5279.6,False,,5337.0,SL,-17.3,-176.66,78
2026-03-03 16:05:00,2026-03-03 16:15:00,2026-03-03 16:31:00,EXTEND,long,5332.1,5321.7,5321.7,5356.4,False,,5321.7,SL,-10.4,-108.29,16
2026-03-03 16:55:00,2026-03-03 17:01:00,2026-03-03 17:05:00,BOS,short,5316.0,5324.2,5316.0,5296.9,True,2026-03-03 17:04:00,5296.9,TP,19.1,186.92,4
2026-03-03 17:05:00,2026-03-03 17:11:00,2026-03-03 17:25:00,EXTEND,short,5313.4,5324.2,5313.4,5288.3,True,2026-03-03 17:23:00,5288.3,TP,25.1,247.3,14
2026-03-03 17:25:00,2026-03-03 17:52:00,2026-03-03 19:08:00,BOS,short,5285.4,5315.9,5285.4,5214.4,True,2026-03-03 18:53:00,5214.4,TP,71.0,705.51,76
2026-03-03 20:55:00,2026-03-03 21:00:00,2026-03-03 21:01:00,BOS,long,5217.8,5206.0,5206.0,5245.1,False,,5206.0,SL,-11.8,-121.66,1
2026-03-03 21:50:00,2026-03-03 22:01:00,2026-03-03 22:31:00,BOS,short,5177.0,5197.7,5177.0,5128.9,True,2026-03-03 22:17:00,5128.9,TP,48.1,477.3,30
2026-03-04 00:35:00,2026-03-04 00:41:00,2026-03-04 00:44:00,BOS,long,5128.5,5117.8,5117.8,5153.2,False,,5117.8,SL,-10.7,-110.58,3
2026-03-04 01:35:00,2026-03-04 02:02:00,2026-03-04 02:28:00,EXTEND,short,5103.5,5121.0,5121.0,5062.7,False,,5121.0,SL,-17.5,-179.34,26
2026-03-04 03:00:00,2026-03-04 03:05:00,2026-03-04 03:08:00,BOS,long,5149.3,5141.8,5141.8,5166.7,False,,5141.8,SL,-7.5,-78.87,3
2026-03-04 08:00:00,2026-03-04 08:12:00,2026-03-04 08:20:00,MSS,short,5127.7,5136.0,5136.0,5108.6,False,,5136.0,SL,-8.3,-86.51,8
2026-03-04 08:45:00,2026-03-04 08:54:00,2026-03-04 09:00:00,EXTEND,long,5137.6,5130.6,5137.6,5154.0,True,2026-03-04 08:58:00,5154.0,TP,16.3,159.39,6
2026-03-04 10:10:00,2026-03-04 10:24:00,2026-03-04 10:35:00,EXTEND,long,5186.2,5177.4,5177.4,5206.7,False,,5177.4,SL,-8.8,-92.24,11
2026-03-04 12:10:00,2026-03-04 12:23:00,2026-03-04 12:42:00,EXTEND,long,5172.8,5162.3,5162.3,5197.2,False,,5162.3,SL,-10.5,-109.05,19
2026-03-04 12:40:00,2026-03-04 12:46:00,2026-03-04 13:11:00,MSS,short,5172.8,5180.5,5172.8,5155.0,True,2026-03-04 12:47:00,5172.8,BE,0.0,-4.0,25
2026-03-04 13:10:00,2026-03-04 13:20:00,2026-03-04 13:43:00,MSS,long,5165.9,5160.3,5165.9,5179.0,True,2026-03-04 13:33:00,5165.9,BE,0.0,-4.0,23
2026-03-04 13:40:00,2026-03-04 13:45:00,2026-03-04 13:55:00,EXTEND,long,5166.4,5160.3,5166.4,5180.5,True,2026-03-04 13:48:00,5166.4,BE,0.0,-4.0,10
2026-03-04 14:05:00,2026-03-04 14:12:00,2026-03-04 14:34:00,EXTEND,short,5158.7,5177.3,5158.7,5115.3,True,2026-03-04 14:23:00,5158.7,BE,0.0,-4.0,22
2026-03-04 15:45:00,2026-03-04 15:57:00,2026-03-04 16:03:00,BOS,long,5178.4,5173.7,5173.7,5189.3,False,,5173.7,SL,-4.7,-50.99,6
2026-03-04 16:05:00,2026-03-04 16:23:00,2026-03-04 16:44:00,EXTEND,short,5175.2,5186.0,5186.0,5150.1,False,,5186.0,SL,-10.8,-112.11,21
2026-03-05 08:20:00,2026-03-05 08:48:00,2026-03-05 08:58:00,EXTEND,long,5178.5,5170.6,5178.5,5196.8,True,2026-03-05 08:49:00,5178.5,BE,0.0,-4.0,10
2026-03-05 09:10:00,2026-03-05 09:20:00,2026-03-05 09:42:00,EXTEND,long,5185.4,5177.7,5177.7,5203.4,False,,5177.7,SL,-7.7,-81.16,22
2026-03-05 10:20:00,2026-03-05 10:39:00,2026-03-05 10:58:00,EXTEND,long,5187.9,5182.0,5187.9,5201.6,True,2026-03-05 10:50:00,5201.6,TP,13.7,132.75,19
2026-03-05 11:05:00,2026-03-05 11:30:00,2026-03-05 11:56:00,EXTEND,long,5191.4,5183.3,5191.4,5210.2,True,2026-03-05 11:36:00,5191.4,BE,0.0,-4.0,26
2026-03-05 12:00:00,2026-03-05 12:12:00,2026-03-05 12:47:00,EXTEND,short,5194.4,5200.0,5194.4,5181.5,True,2026-03-05 12:26:00,5181.5,TP,13.0,125.65,35
2026-03-05 14:10:00,2026-03-05 14:37:00,2026-03-05 15:02:00,EXTEND,short,5159.7,5178.4,5178.4,5116.2,False,,5178.4,SL,-18.7,-191.18,25
2026-03-05 16:20:00,2026-03-05 16:35:00,2026-03-05 16:45:00,EXTEND,short,5164.3,5175.4,5175.4,5138.4,False,,5175.4,SL,-11.1,-115.16,10
2026-03-05 17:10:00,2026-03-05 17:26:00,2026-03-05 17:39:00,EXTEND,long,5179.4,5171.5,5171.5,5197.9,False,,5171.5,SL,-7.9,-83.46,13
2026-03-05 19:40:00,2026-03-05 19:48:00,2026-03-05 20:03:00,EXTEND,short,5173.8,5178.2,5178.2,5163.7,False,,5178.2,SL,-4.4,-47.55,15
2026-03-05 20:10:00,2026-03-05 20:17:00,2026-03-05 20:21:00,EXTEND,long,5175.4,5171.0,5175.4,5185.7,True,2026-03-05 20:19:00,5175.4,BE,0.0,-4.0,4
2026-03-05 20:30:00,2026-03-05 20:35:00,2026-03-05 21:00:00,EXTEND,short,5177.8,5181.7,5177.8,5168.9,True,2026-03-05 20:44:00,5168.9,TP,9.0,85.69,25
2026-03-05 21:10:00,2026-03-05 21:15:00,2026-03-05 21:16:00,EXTEND,short,5169.1,5176.9,5169.1,5151.0,True,2026-03-05 21:16:00,5151.0,TP,18.1,177.15,1
2026-03-05 21:20:00,2026-03-05 21:36:00,2026-03-06 02:03:00,EXTEND,short,5142.0,5176.9,5142.0,5060.9,True,2026-03-05 22:39:00,5060.9,TP,81.1,806.74,267
2026-03-06 02:00:00,2026-03-06 02:10:00,2026-03-06 04:11:00,EXTEND,short,5082.6,5098.4,5082.6,5045.9,True,2026-03-06 03:32:00,5082.6,BE,0.0,-4.0,121
2026-03-06 07:00:00,2026-03-06 07:06:00,2026-03-06 07:53:00,EXTEND,long,5095.3,5081.9,5095.3,5126.5,True,2026-03-06 07:42:00,5095.3,BE,0.0,-4.0,47
2026-03-06 08:00:00,2026-03-06 08:06:00,2026-03-06 09:31:00,MSS,short,5098.5,5111.6,5098.5,5068.2,True,2026-03-06 08:43:00,5098.5,BE,0.0,-4.0,85
2026-03-06 10:40:00,2026-03-06 11:01:00,2026-03-06 11:03:00,MSS,short,5137.9,5143.2,5137.9,5125.7,True,2026-03-06 11:03:00,5137.9,BE,0.0,-4.0,2
2026-03-06 11:20:00,2026-03-06 11:40:00,2026-03-06 12:26:00,EXTEND,long,5137.7,5130.3,5137.7,5155.1,True,2026-03-06 12:13:00,5137.7,BE,0.0,-4.0,46
2026-03-06 12:25:00,2026-03-06 12:33:00,2026-03-06 12:42:00,MSS,short,5141.8,5145.4,5141.8,5133.6,True,2026-03-06 12:35:00,5141.8,BE,0.0,-4.0,9
2026-03-06 13:25:00,2026-03-06 13:30:00,2026-03-06 13:30:00,MSS,long,5134.4,5131.5,5131.5,5141.3,False,,5131.5,SL,-2.9,-33.41,0
2026-03-06 14:00:00,2026-03-06 14:24:00,2026-03-06 16:05:00,EXTEND,short,5131.1,5139.2,5131.1,5112.3,True,2026-03-06 15:00:00,5131.1,BE,0.0,-4.0,101
2026-03-06 16:05:00,2026-03-06 16:12:00,2026-03-06 16:22:00,EXTEND,long,5122.6,5116.5,5116.5,5136.7,False,,5116.5,SL,-6.1,-64.74,10
2026-03-06 16:30:00,2026-03-06 16:45:00,2026-03-06 17:36:00,EXTEND,short,5118.0,5126.4,5118.0,5098.5,True,2026-03-06 17:05:00,5098.5,TP,19.5,191.36,51
2026-03-06 17:35:00,2026-03-06 17:43:00,2026-03-06 18:01:00,BOS,short,5105.1,5112.5,5105.1,5087.7,True,2026-03-06 17:48:00,5087.7,TP,17.3,169.16,18
2026-03-06 18:05:00,2026-03-06 18:29:00,2026-03-06 18:55:00,EXTEND,short,5101.7,5112.5,5101.7,5076.4,True,2026-03-06 18:44:00,5101.7,BE,0.0,-4.0,26
2026-03-06 19:30:00,2026-03-06 19:43:00,2026-03-06 19:54:00,EXTEND,long,5096.9,5089.2,5089.2,5114.9,False,,5089.2,SL,-7.7,-81.16,11
2026-03-06 19:55:00,2026-03-06 20:09:00,2026-03-06 21:25:00,EXTEND,short,5094.5,5109.4,5094.5,5060.0,True,2026-03-06 21:05:00,5094.5,BE,0.0,-4.0,76
2026-03-06 21:35:00,2026-03-06 21:56:00,2026-03-06 23:02:00,EXTEND,long,5098.8,5073.2,5098.8,5158.3,True,2026-03-06 22:56:00,5158.3,TP,59.5,590.96,66
2026-03-06 23:25:00,2026-03-06 23:44:00,2026-03-06 23:52:00,EXTEND,long,5160.2,5146.8,5146.8,5191.4,False,,5146.8,SL,-13.4,-138.08,8
2026-03-07 00:35:00,2026-03-07 00:43:00,2026-03-07 00:46:00,MSS,short,5149.9,5156.2,5156.2,5135.1,False,,5156.2,SL,-6.3,-67.41,3
2026-03-07 01:35:00,2026-03-07 01:40:00,2026-03-07 01:43:00,EXTEND,long,5152.4,5146.5,5146.5,5166.1,False,,5146.5,SL,-5.9,-62.83,3
2026-03-07 03:15:00,2026-03-07 03:30:00,2026-03-07 03:45:00,EXTEND,long,5172.7,5165.6,5165.6,5189.3,False,,5165.6,SL,-7.1,-75.43,15
2026-03-09 08:45:00,2026-03-09 08:59:00,2026-03-09 09:00:00,BOS,short,5057.1,5067.6,5057.1,5032.7,True,2026-03-09 09:00:00,5032.7,TP,24.4,240.2,1
2026-03-09 09:00:00,2026-03-09 09:05:00,2026-03-09 09:11:00,EXTEND,short,5049.7,5067.6,5067.6,5008.2,False,,5067.6,SL,-17.9,-182.78,6
2026-03-09 10:00:00,2026-03-09 10:06:00,2026-03-09 10:10:00,EXTEND,short,5078.4,5089.0,5089.0,5053.8,False,,5089.0,SL,-10.6,-109.81,4
2026-03-09 12:05:00,2026-03-09 12:14:00,2026-03-09 12:28:00,BOS,long,5097.2,5093.2,5097.2,5106.5,True,2026-03-09 12:27:00,5097.2,BE,0.0,-4.0,14
2026-03-09 12:50:00,2026-03-09 12:59:00,2026-03-09 13:01:00,MSS,short,5097.7,5101.5,5097.7,5088.9,True,2026-03-09 13:00:00,5088.9,TP,8.8,83.91,2
2026-03-09 13:05:00,2026-03-09 13:18:00,2026-03-09 13:33:00,EXTEND,long,5098.0,5091.3,5098.0,5113.5,True,2026-03-09 13:22:00,5113.5,TP,15.5,151.4,15
2026-03-09 15:25:00,2026-03-09 15:34:00,2026-03-09 15:45:00,EXTEND,long,5107.1,5102.5,5107.1,5117.9,True,2026-03-09 15:35:00,5107.1,BE,0.0,-4.0,11
2026-03-09 16:00:00,2026-03-09 16:07:00,2026-03-09 16:19:00,BOS,long,5107.7,5101.0,5107.7,5123.2,True,2026-03-09 16:18:00,5107.7,BE,0.0,-4.0,12
2026-03-09 16:50:00,2026-03-09 16:56:00,2026-03-09 17:08:00,EXTEND,long,5102.0,5096.6,5102.0,5114.6,True,2026-03-09 16:59:00,5114.6,TP,12.6,122.1,12
2026-03-09 17:30:00,2026-03-09 17:44:00,2026-03-09 18:31:00,EXTEND,long,5115.8,5100.3,5100.3,5151.7,False,,5100.3,SL,-15.5,-158.71,47
2026-03-09 18:55:00,2026-03-09 19:00:00,2026-03-09 19:20:00,BOS,short,5102.5,5107.7,5102.5,5090.4,True,2026-03-09 19:15:00,5090.4,TP,12.1,116.77,20
2026-03-09 19:20:00,2026-03-09 19:36:00,2026-03-09 19:52:00,EXTEND,short,5099.5,5107.7,5099.5,5080.4,True,2026-03-09 19:44:00,5099.5,BE,0.0,-4.0,16
2026-03-09 21:05:00,2026-03-09 21:14:00,2026-03-09 21:16:00,BOS,short,5102.9,5107.6,5102.9,5092.0,True,2026-03-09 21:16:00,5102.9,BE,0.0,-4.0,2
2026-03-09 21:20:00,2026-03-09 21:29:00,2026-03-09 21:30:00,EXTEND,short,5101.8,5107.6,5107.6,5088.2,False,,5107.6,SL,-5.8,-62.45,1
2026-03-09 21:35:00,2026-03-09 21:40:00,2026-03-09 21:41:00,EXTEND,long,5102.8,5092.3,5092.3,5127.1,False,,5092.3,SL,-10.5,-108.67,1
2026-03-09 22:45:00,2026-03-09 23:08:00,2026-03-10 03:01:00,EXTEND,long,5089.3,5067.4,5089.3,5140.2,True,2026-03-09 23:54:00,5140.2,TP,50.9,504.82,233
2026-03-10 03:20:00,2026-03-10 03:35:00,2026-03-10 06:03:00,EXTEND,long,5138.1,5128.0,5138.1,5161.5,True,2026-03-10 03:55:00,5138.1,BE,0.0,-4.0,88
2026-03-10 07:15:00,2026-03-10 07:23:00,2026-03-10 07:44:00,BOS,long,5154.7,5147.7,5147.7,5170.9,False,,5147.7,SL,-7.0,-73.91,21
2026-03-10 08:30:00,2026-03-10 08:36:00,2026-03-10 09:00:00,EXTEND,short,5145.0,5151.5,5145.0,5130.0,True,2026-03-10 08:58:00,5145.0,BE,0.0,-4.0,24
2026-03-10 13:30:00,2026-03-10 13:40:00,2026-03-10 13:41:00,MSS,short,5179.0,5180.8,5180.8,5174.8,False,,5180.8,SL,-1.8,-21.95,1
2026-03-10 14:10:00,2026-03-10 14:28:00,2026-03-10 14:58:00,EXTEND,long,5182.6,5178.0,5182.6,5193.2,True,2026-03-10 14:30:00,5182.6,BE,0.0,-4.0,30
2026-03-10 15:20:00,2026-03-10 15:37:00,2026-03-10 15:45:00,EXTEND,short,5180.2,5188.1,5188.1,5161.8,False,,5188.1,SL,-7.9,-83.07,8
2026-03-10 16:45:00,2026-03-10 16:56:00,2026-03-10 18:05:00,EXTEND,long,5192.2,5185.0,5185.0,5209.0,False,,5185.0,SL,-7.2,-76.2,69
2026-03-10 18:05:00,2026-03-10 18:10:00,2026-03-10 18:31:00,EXTEND,short,5192.9,5198.3,5192.9,5180.4,True,2026-03-10 18:11:00,5180.4,TP,12.5,121.21,21
2026-03-10 18:35:00,2026-03-10 18:49:00,2026-03-10 19:04:00,EXTEND,short,5181.6,5191.4,5191.4,5158.8,False,,5191.4,SL,-9.8,-102.17,15
2026-03-10 20:05:00,2026-03-10 20:19:00,2026-03-10 20:25:00,EXTEND,short,5182.1,5188.8,5188.8,5166.4,False,,5188.8,SL,-6.7,-71.23,6
2026-03-11 07:45:00,2026-03-11 07:54:00,2026-03-11 07:59:00,EXTEND,short,5200.6,5203.9,5203.9,5193.0,False,,5203.9,SL,-3.3,-36.85,5
2026-03-11 07:55:00,2026-03-11 08:03:00,2026-03-11 08:05:00,MSS,long,5198.9,5195.3,5195.3,5207.4,False,,5195.3,SL,-3.6,-40.29,2
2026-03-11 09:00:00,2026-03-11 09:09:00,2026-03-11 09:24:00,EXTEND,long,5220.9,5214.8,5220.9,5235.1,True,2026-03-11 09:12:00,5220.9,BE,0.0,-4.0,15
2026-03-11 09:20:00,2026-03-11 09:25:00,2026-03-11 09:40:00,EXTEND,long,5221.1,5214.8,5221.1,5235.6,True,2026-03-11 09:34:00,5221.1,BE,0.0,-4.0,15
2026-03-11 10:10:00,2026-03-11 10:42:00,2026-03-11 10:52:00,EXTEND,short,5216.6,5225.7,5225.7,5195.3,False,,5225.7,SL,-9.1,-95.3,10
2026-03-11 11:00:00,2026-03-11 11:24:00,2026-03-11 11:53:00,EXTEND,long,5216.9,5209.5,5209.5,5234.1,False,,5209.5,SL,-7.4,-78.11,29
2026-03-11 11:50:00,2026-03-11 12:14:00,2026-03-11 13:00:00,EXTEND,short,5214.1,5218.1,5214.1,5204.6,True,2026-03-11 12:52:00,5214.1,BE,0.0,-4.0,46
2026-03-11 13:30:00,2026-03-11 13:35:00,2026-03-11 14:13:00,EXTEND,short,5209.6,5216.7,5216.7,5193.0,False,,5216.7,SL,-7.1,-75.43,38
2026-03-12 06:55:00,2026-03-12 07:13:00,2026-03-12 08:26:00,BOS,short,5159.6,5174.5,5159.6,5125.1,True,2026-03-12 07:47:00,5159.6,BE,0.0,-4.0,73
2026-03-12 09:00:00,2026-03-12 09:05:00,2026-03-12 09:06:00,BOS,long,5163.0,5157.2,5157.2,5176.4,False,,5157.2,SL,-5.8,-61.68,1
2026-03-12 11:35:00,2026-03-12 11:41:00,2026-03-12 11:50:00,BOS,short,5157.1,5159.7,5159.7,5150.9,False,,5159.7,SL,-2.6,-30.36,9
2026-03-12 12:15:00,2026-03-12 12:20:00,2026-03-12 12:20:00,MSS,long,5157.9,5156.9,5156.9,5160.1,False,,5156.9,SL,-1.0,-13.55,0
2026-03-12 12:20:00,2026-03-12 12:28:00,2026-03-12 12:34:00,MSS,short,5157.8,5159.4,5157.8,5153.9,True,2026-03-12 12:32:00,5153.9,TP,3.8,34.18,6
2026-03-12 13:10:00,2026-03-12 13:20:00,2026-03-12 13:25:00,EXTEND,long,5148.6,5145.3,5145.3,5156.3,False,,5145.3,SL,-3.3,-37.23,5
2026-03-12 14:15:00,2026-03-12 14:23:00,2026-03-12 14:24:00,MSS,short,5159.0,5161.0,5161.0,5154.4,False,,5161.0,SL,-2.0,-23.86,1
2026-03-12 16:00:00,2026-03-12 16:48:00,2026-03-12 18:38:00,EXTEND,long,5182.4,5174.2,5182.4,5201.5,True,2026-03-12 17:32:00,5182.4,BE,0.0,-4.0,110
2026-03-12 19:20:00,2026-03-12 19:27:00,2026-03-12 20:07:00,EXTEND,short,5185.4,5189.6,5185.4,5175.6,True,2026-03-12 20:02:00,5175.6,TP,9.8,93.68,40
2026-03-12 20:20:00,2026-03-12 20:31:00,2026-03-12 20:49:00,EXTEND,short,5180.3,5187.2,5187.2,5164.2,False,,5187.2,SL,-6.9,-73.14,18
2026-03-12 21:00:00,2026-03-12 21:17:00,2026-03-12 21:22:00,EXTEND,long,5181.4,5174.5,5174.5,5197.5,False,,5174.5,SL,-6.9,-73.14,5
2026-03-12 22:00:00,2026-03-12 22:19:00,2026-03-12 22:33:00,MSS,long,5159.0,5152.0,5152.0,5175.1,False,,5152.0,SL,-7.0,-73.52,14
2026-03-12 22:35:00,2026-03-12 22:46:00,2026-03-12 23:02:00,EXTEND,short,5158.8,5166.7,5158.8,5140.3,True,2026-03-12 22:48:00,5140.3,TP,18.5,180.7,16
2026-03-12 23:10:00,2026-03-12 23:27:00,2026-03-13 02:35:00,EXTEND,short,5137.2,5150.8,5137.2,5105.6,True,2026-03-13 01:16:00,5105.6,TP,31.6,312.13,188
2026-03-13 03:00:00,2026-03-13 03:05:00,2026-03-13 03:24:00,BOS,short,5097.5,5105.3,5097.5,5079.3,True,2026-03-13 03:14:00,5097.5,BE,0.0,-4.0,19
2026-03-13 06:55:00,2026-03-13 07:02:00,2026-03-13 07:24:00,BOS,long,5092.8,5088.8,5092.8,5102.3,True,2026-03-13 07:04:00,5102.3,TP,9.4,90.13,22
2026-03-13 07:20:00,2026-03-13 07:29:00,2026-03-13 07:35:00,BOS,long,5096.6,5093.1,5096.6,5104.8,True,2026-03-13 07:32:00,5096.6,BE,0.0,-4.0,6
2026-03-13 09:30:00,2026-03-13 09:44:00,2026-03-13 10:00:00,EXTEND,long,5114.1,5107.3,5114.1,5130.0,True,2026-03-13 09:57:00,5130.0,TP,15.9,154.95,16
2026-03-13 10:00:00,2026-03-13 10:23:00,2026-03-13 11:29:00,EXTEND,long,5119.5,5111.5,5111.5,5138.0,False,,5111.5,SL,-8.0,-83.84,66
2026-03-13 11:35:00,2026-03-13 11:42:00,2026-03-13 11:46:00,BOS,short,5114.4,5117.7,5117.7,5106.7,False,,5117.7,SL,-3.3,-37.23,4
2026-03-13 12:00:00,2026-03-13 12:20:00,2026-03-13 12:24:00,EXTEND,long,5113.7,5109.0,5109.0,5124.7,False,,5109.0,SL,-4.7,-51.37,4
2026-03-13 13:15:00,2026-03-13 13:29:00,2026-03-13 13:38:00,EXTEND,long,5108.5,5105.6,5108.5,5115.4,True,2026-03-13 13:31:00,5108.5,BE,0.0,-4.0,9
2026-03-13 13:55:00,2026-03-13 14:03:00,2026-03-13 14:25:00,EXTEND,short,5109.3,5114.8,5109.3,5096.5,True,2026-03-13 14:16:00,5096.5,TP,12.8,123.87,22
2026-03-13 15:20:00,2026-03-13 15:29:00,2026-03-13 16:21:00,EXTEND,short,5089.7,5098.4,5089.7,5069.4,True,2026-03-13 16:02:00,5069.4,TP,20.2,198.46,52
2026-03-13 16:20:00,2026-03-13 16:38:00,2026-03-13 17:04:00,EXTEND,short,5085.5,5097.6,5097.6,5057.5,False,,5097.6,SL,-12.1,-124.71,26
2026-03-13 17:05:00,2026-03-13 17:42:00,2026-03-13 18:33:00,EXTEND,long,5088.7,5080.6,5088.7,5107.7,True,2026-03-13 17:51:00,5088.7,BE,0.0,-4.0,51
2026-03-13 18:30:00,2026-03-13 18:47:00,2026-03-13 18:50:00,MSS,short,5095.2,5101.5,5101.5,5080.5,False,,5101.5,SL,-6.3,-67.03,3
2026-03-13 18:50:00,2026-03-13 19:10:00,2026-03-13 19:57:00,EXTEND,long,5092.1,5085.0,5092.1,5108.5,True,2026-03-13 19:18:00,5108.5,TP,16.4,160.28,47
2026-03-13 20:45:00,2026-03-13 21:03:00,2026-03-13 21:09:00,BOS,long,5119.6,5114.2,5119.6,5132.2,True,2026-03-13 21:04:00,5119.6,BE,0.0,-4.0,6
2026-03-13 21:35:00,2026-03-13 21:44:00,2026-03-13 21:45:00,EXTEND,short,5114.0,5121.2,5121.2,5097.3,False,,5121.2,SL,-7.2,-75.82,1
2026-03-13 22:00:00,2026-03-13 22:05:00,2026-03-13 22:17:00,EXTEND,short,5112.5,5121.2,5112.5,5092.2,True,2026-03-13 22:10:00,5092.2,TP,20.2,198.46,12
2026-03-14 00:05:00,2026-03-14 00:36:00,2026-03-17 00:00:00,EXTEND,short,5053.9,5072.8,5053.9,5009.8,True,2026-03-14 03:35:00,4991.6,TP,62.3,618.53,264
2026-03-17 00:35:00,2026-03-17 00:43:00,2026-03-17 01:10:00,EXTEND,short,4994.4,5004.2,5004.2,4971.6,False,,5004.2,SL,-9.8,-102.17,27
2026-03-17 03:10:00,2026-03-17 07:22:00,2026-03-17 08:43:00,EXTEND,long,5012.2,5003.3,5003.3,5032.8,False,,5003.3,SL,-8.9,-92.62,81
2026-03-17 08:45:00,2026-03-17 08:54:00,2026-03-17 09:00:00,BOS,short,5008.7,5011.6,5008.7,5001.9,True,2026-03-17 09:00:00,5001.9,TP,6.7,63.49,6
2026-03-17 09:00:00,2026-03-17 09:05:00,2026-03-17 09:09:00,EXTEND,short,5006.6,5011.6,5011.6,4994.8,False,,5011.6,SL,-5.0,-54.42,4
2026-03-17 10:40:00,2026-03-17 10:49:00,2026-03-17 10:50:00,BOS,long,5028.7,5025.8,5025.8,5035.6,False,,5025.8,SL,-2.9,-33.41,1
2026-03-17 12:40:00,2026-03-17 13:10:00,2026-03-17 13:40:00,EXTEND,long,5036.9,5030.5,5036.9,5051.8,True,2026-03-17 13:14:00,5036.9,BE,0.0,-4.0,30
2026-03-17 16:15:00,2026-03-17 16:24:00,2026-03-17 16:27:00,BOS,long,5025.5,5022.6,5025.5,5032.1,True,2026-03-17 16:26:00,5025.5,BE,0.0,-4.0,3
2026-03-17 17:55:00,2026-03-17 18:01:00,2026-03-17 18:02:00,BOS,short,5017.9,5020.2,5020.2,5012.5,False,,5020.2,SL,-2.3,-27.3,1
2026-03-17 19:45:00,2026-03-17 19:59:00,2026-03-17 20:20:00,EXTEND,long,5006.5,5000.7,5006.5,5020.0,True,2026-03-17 20:08:00,5020.0,TP,13.5,130.98,21
2026-03-17 21:40:00,2026-03-17 21:51:00,2026-03-17 21:53:00,EXTEND,long,5023.5,5015.3,5015.3,5042.6,False,,5015.3,SL,-8.2,-86.13,2
2026-03-17 22:30:00,2026-03-17 22:44:00,2026-03-17 23:01:00,EXTEND,short,5019.0,5026.3,5019.0,5002.0,True,2026-03-17 22:59:00,5019.0,BE,0.0,-4.0,17
2026-03-17 23:40:00,2026-03-18 00:01:00,2026-03-18 09:10:00,EXTEND,short,5003.5,5019.7,5019.7,4965.9,False,,5019.7,SL,-16.2,-165.97,489
2026-03-18 09:20:00,2026-03-18 09:29:00,2026-03-18 09:36:00,EXTEND,long,5012.6,5007.2,5007.2,5025.1,False,,5007.2,SL,-5.4,-57.86,7
2026-03-18 10:20:00,2026-03-18 10:30:00,2026-03-18 10:54:00,EXTEND,long,5003.9,4999.7,4999.7,5013.5,False,,4999.7,SL,-4.2,-45.64,24
2026-03-18 11:00:00,2026-03-18 11:37:00,2026-03-18 13:37:00,EXTEND,short,5000.3,5007.5,5000.3,4983.6,True,2026-03-18 11:56:00,5000.3,BE,0.0,-4.0,120
2026-03-18 14:35:00,2026-03-18 14:51:00,2026-03-18 15:10:00,EXTEND,long,5014.4,5010.5,5014.4,5023.3,True,2026-03-18 15:06:00,5014.4,BE,0.0,-4.0,19
2026-03-18 16:20:00,2026-03-18 16:33:00,2026-03-18 16:45:00,BOS,short,4995.0,4999.7,4995.0,4984.2,True,2026-03-18 16:41:00,4984.2,TP,10.8,104.34,12
2026-03-18 16:45:00,2026-03-18 16:50:00,2026-03-18 17:37:00,EXTEND,short,4992.6,4999.7,4999.7,4976.2,False,,4999.7,SL,-7.1,-74.67,47
2026-03-18 17:45:00,2026-03-18 17:50:00,2026-03-18 18:02:00,MSS,short,4998.3,4999.9,4998.3,4994.6,True,2026-03-18 17:56:00,4994.6,TP,3.7,33.3,12
2026-03-18 18:25:00,2026-03-18 18:30:00,2026-03-18 18:35:00,BOS,short,4991.8,4995.8,4991.8,4982.3,True,2026-03-18 18:31:00,4982.3,TP,9.4,90.13,5
2026-03-18 18:35:00,2026-03-18 18:44:00,2026-03-18 19:08:00,EXTEND,short,4983.3,4995.8,4983.3,4954.4,True,2026-03-18 18:56:00,4954.4,TP,28.9,285.49,24
2026-03-18 20:45:00,2026-03-18 20:52:00,2026-03-18 20:53:00,BOS,short,4886.9,4893.7,4893.7,4871.1,False,,4893.7,SL,-6.8,-72.0,1
2026-03-18 20:50:00,2026-03-18 20:55:00,2026-03-18 21:00:00,EXTEND,short,4886.0,4893.7,4886.0,4868.2,True,2026-03-18 21:00:00,4868.2,TP,17.8,174.49,5
2026-03-18 21:15:00,2026-03-18 21:39:00,2026-03-18 22:05:00,EXTEND,short,4872.6,4894.9,4894.9,4820.7,False,,4894.9,SL,-22.3,-227.09,26
2026-03-18 22:05:00,2026-03-18 22:18:00,2026-03-18 22:26:00,BOS,long,4877.1,4863.8,4863.8,4908.1,False,,4863.8,SL,-13.3,-137.32,8
2026-03-19 01:25:00,2026-03-19 01:30:00,2026-03-19 01:53:00,EXTEND,long,4893.6,4888.0,4893.6,4906.5,True,2026-03-19 01:34:00,4893.6,BE,0.0,-4.0,23
2026-03-19 02:30:00,2026-03-19 02:36:00,2026-03-19 02:49:00,BOS,short,4887.6,4894.4,4887.6,4871.8,True,2026-03-19 02:39:00,4871.8,TP,15.8,154.06,13
2026-03-19 03:15:00,2026-03-19 03:21:00,2026-03-19 03:23:00,MSS,long,4859.1,4853.0,4853.0,4873.2,False,,4853.0,SL,-6.1,-64.74,2
2026-03-19 03:25:00,2026-03-19 03:34:00,2026-03-19 03:51:00,EXTEND,short,4860.5,4868.9,4860.5,4841.0,True,2026-03-19 03:41:00,4841.0,TP,19.5,191.36,17
2026-03-19 07:40:00,2026-03-19 07:45:00,2026-03-19 08:06:00,EXTEND,long,4836.0,4830.3,4836.0,4849.1,True,2026-03-19 08:00:00,4849.1,TP,13.1,127.42,21
2026-03-19 08:05:00,2026-03-19 08:10:00,2026-03-19 08:27:00,EXTEND,long,4839.2,4832.2,4839.2,4855.3,True,2026-03-19 08:11:00,4839.2,BE,0.0,-4.0,17
2026-03-19 09:00:00,2026-03-19 09:05:00,2026-03-19 09:38:00,EXTEND,long,4840.9,4832.2,4840.9,4861.0,True,2026-03-19 09:30:00,4861.0,TP,20.2,197.58,33
2026-03-19 10:05:00,2026-03-19 10:24:00,2026-03-19 13:39:00,EXTEND,short,4858.5,4868.5,4858.5,4835.2,True,2026-03-19 12:47:00,4835.2,TP,23.3,228.66,195
2026-03-19 13:55:00,2026-03-19 14:01:00,2026-03-19 14:01:00,BOS,short,4836.7,4841.8,4841.8,4824.8,False,,4841.8,SL,-5.1,-55.19,0
2026-03-19 16:40:00,2026-03-19 16:48:00,2026-03-19 17:21:00,BOS,short,4719.1,4738.5,4719.1,4674.1,True,2026-03-19 17:08:00,4719.1,BE,0.0,-4.0,33
2026-03-19 17:55:00,2026-03-19 18:03:00,2026-03-19 18:08:00,BOS,short,4711.4,4719.6,4719.6,4692.4,False,,4719.6,SL,-8.2,-85.75,5
2026-03-19 18:55:00,2026-03-19 19:02:00,2026-03-19 19:53:00,EXTEND,short,4702.1,4722.4,4702.1,4654.8,True,2026-03-19 19:15:00,4654.8,TP,47.2,468.42,51
2026-03-19 20:45:00,2026-03-19 20:57:00,2026-03-19 21:02:00,EXTEND,short,4587.4,4620.8,4587.4,4509.8,True,2026-03-19 21:00:00,4509.8,TP,77.6,772.11,5
2026-03-19 21:00:00,2026-03-19 21:20:00,2026-03-19 21:58:00,EXTEND,short,4576.3,4620.8,4620.8,4473.0,False,,4620.8,SL,-44.5,-448.65,38
2026-03-19 22:50:00,2026-03-19 22:56:00,2026-03-19 22:59:00,BOS,long,4614.4,4604.5,4604.5,4637.4,False,,4604.5,SL,-9.9,-102.94,3
2026-03-19 23:00:00,2026-03-19 23:10:00,2026-03-19 23:14:00,EXTEND,short,4617.0,4630.4,4630.4,4585.8,False,,4630.4,SL,-13.4,-138.08,4
2026-03-19 23:45:00,2026-03-19 23:57:00,2026-03-20 01:22:00,EXTEND,short,4613.3,4641.8,4613.3,4547.1,True,2026-03-20 00:52:00,4613.3,BE,0.0,-4.0,85
2026-03-20 01:50:00,2026-03-20 02:02:00,2026-03-20 02:35:00,BOS,long,4614.6,4602.8,4602.8,4641.9,False,,4602.8,SL,-11.8,-121.66,33
2026-03-20 02:35:00,2026-03-20 02:40:00,2026-03-20 02:58:00,EXTEND,short,4610.4,4617.9,4617.9,4593.0,False,,4617.9,SL,-7.5,-78.87,18
2026-03-20 07:40:00,2026-03-20 07:48:00,2026-03-20 08:01:00,EXTEND,short,4644.1,4649.3,4649.3,4632.0,False,,4649.3,SL,-5.2,-55.95,13
2026-03-20 08:15:00,2026-03-20 08:23:00,2026-03-20 08:57:00,EXTEND,long,4652.3,4643.5,4652.3,4672.8,True,2026-03-20 08:54:00,4652.3,BE,0.0,-4.0,34
2026-03-20 09:05:00,2026-03-20 09:11:00,2026-03-20 09:44:00,EXTEND,long,4660.8,4648.0,4660.8,4690.7,True,2026-03-20 09:32:00,4690.7,TP,29.8,294.37,33
2026-03-20 10:15:00,2026-03-20 10:31:00,2026-03-20 10:38:00,EXTEND,long,4680.7,4673.8,4680.7,4696.7,True,2026-03-20 10:32:00,4680.7,BE,0.0,-4.0,7
2026-03-20 12:10:00,2026-03-20 12:27:00,2026-03-20 13:02:00,EXTEND,short,4724.3,4728.7,4724.3,4714.1,True,2026-03-20 12:43:00,4714.1,TP,10.2,98.12,35
2026-03-20 13:05:00,2026-03-20 13:14:00,2026-03-20 13:16:00,EXTEND,short,4718.3,4723.0,4723.0,4707.4,False,,4723.0,SL,-4.7,-50.99,2
2026-03-20 13:35:00,2026-03-20 13:40:00,2026-03-20 13:54:00,EXTEND,short,4715.8,4724.2,4715.8,4696.3,True,2026-03-20 13:43:00,4696.3,TP,19.5,191.36,14
2026-03-20 14:40:00,2026-03-20 15:08:00,2026-03-20 15:41:00,EXTEND,short,4683.7,4697.0,4697.0,4652.7,False,,4697.0,SL,-13.3,-137.32,33
2026-03-20 16:55:00,2026-03-20 17:12:00,2026-03-20 17:40:00,EXTEND,short,4701.3,4711.3,4701.3,4678.0,True,2026-03-20 17:19:00,4678.0,TP,23.3,228.66,28
2026-03-20 18:00:00,2026-03-20 18:06:00,2026-03-20 18:39:00,BOS,short,4668.4,4678.4,4668.4,4645.3,True,2026-03-20 18:09:00,4668.4,BE,0.0,-4.0,33
2026-03-20 18:35:00,2026-03-20 18:43:00,2026-03-20 18:51:00,MSS,long,4657.6,4649.7,4649.7,4676.0,False,,4649.7,SL,-7.9,-83.07,8
2026-03-20 18:55:00,2026-03-20 19:03:00,2026-03-20 19:20:00,MSS,short,4658.4,4670.4,4670.4,4630.6,False,,4670.4,SL,-12.0,-123.57,17
2026-03-20 20:10:00,2026-03-20 20:32:00,2026-03-20 21:10:00,EXTEND,long,4673.3,4658.7,4658.7,4707.1,False,,4658.7,SL,-14.6,-149.54,38
2026-03-20 21:30:00,2026-03-20 21:36:00,2026-03-20 21:42:00,BOS,short,4659.8,4670.8,4659.8,4634.2,True,2026-03-20 21:41:00,4659.8,BE,0.0,-4.0,6
2026-03-20 22:55:00,2026-03-20 23:00:00,2026-03-20 23:32:00,EXTEND,short,4571.5,4586.0,4571.5,4537.7,True,2026-03-20 23:25:00,4571.5,BE,0.0,-4.0,32
2026-03-21 00:20:00,2026-03-21 00:31:00,2026-03-21 01:24:00,EXTEND,long,4572.5,4545.8,4572.5,4634.7,True,2026-03-21 01:07:00,4572.5,BE,0.0,-4.0,53
2026-03-21 01:35:00,2026-03-21 02:00:00,2026-03-21 02:22:00,EXTEND,short,4579.9,4594.3,4579.9,4546.3,True,2026-03-21 02:10:00,4546.3,TP,33.6,331.66,22
2026-03-21 03:40:00,2026-03-21 03:56:00,2026-03-21 04:29:00,MSS,long,4503.3,4493.9,4503.3,4525.3,True,2026-03-21 04:18:00,4503.3,BE,0.0,-4.0,33
2026-03-23 07:35:00,2026-03-23 07:43:00,2026-03-23 07:48:00,EXTEND,short,4489.9,4500.3,4489.9,4465.6,True,2026-03-23 07:48:00,4465.6,TP,24.2,238.42,5
2026-03-23 08:15:00,2026-03-23 08:25:00,2026-03-23 08:35:00,EXTEND,short,4446.8,4471.7,4446.8,4388.8,True,2026-03-23 08:33:00,4388.8,TP,58.0,575.86,10
2026-03-23 09:35:00,2026-03-23 09:43:00,2026-03-23 09:48:00,BOS,long,4432.9,4421.7,4421.7,4458.8,False,,4421.7,SL,-11.2,-115.54,5
2026-03-23 11:40:00,2026-03-23 11:51:00,2026-03-23 12:00:00,EXTEND,short,4355.7,4367.1,4367.1,4329.1,False,,4367.1,SL,-11.4,-118.22,9
2026-03-23 12:35:00,2026-03-23 12:48:00,2026-03-23 12:52:00,BOS,long,4371.1,4362.5,4362.5,4391.1,False,,4362.5,SL,-8.6,-89.95,4
2026-03-23 12:50:00,2026-03-23 13:00:00,2026-03-23 13:30:00,MSS,short,4372.8,4385.0,4372.8,4344.4,True,2026-03-23 13:23:00,4344.4,TP,28.4,280.16,30
2026-03-23 15:20:00,2026-03-23 15:36:00,2026-03-23 16:06:00,EXTEND,short,4183.6,4235.3,4235.3,4063.5,False,,4235.3,SL,-51.7,-520.85,30
2026-03-23 16:10:00,2026-03-23 16:19:00,2026-03-23 17:15:00,EXTEND,long,4214.6,4187.8,4214.6,4277.0,True,2026-03-23 16:30:00,4277.0,TP,62.3,619.38,56
2026-03-23 17:30:00,2026-03-23 17:38:00,2026-03-23 19:05:00,EXTEND,long,4254.2,4219.7,4254.2,4334.5,True,2026-03-23 19:00:00,4334.5,TP,80.3,798.75,87
2026-03-23 20:05:00,2026-03-23 20:17:00,2026-03-23 20:41:00,EXTEND,short,4388.7,4419.8,4419.8,4316.5,False,,4419.8,SL,-31.1,-314.57,24
2026-03-23 20:55:00,2026-03-23 21:19:00,2026-03-23 23:18:00,EXTEND,long,4429.1,4388.0,4429.1,4524.7,True,2026-03-23 22:00:00,4429.1,BE,0.0,-4.0,119
2026-03-24 01:35:00,2026-03-24 01:49:00,2026-03-24 02:07:00,EXTEND,long,4410.0,4390.6,4410.0,4455.0,True,2026-03-24 01:56:00,4410.0,BE,0.0,-4.0,18
2026-03-24 02:05:00,2026-03-24 02:10:00,2026-03-24 02:26:00,MSS,short,4420.9,4432.0,4432.0,4395.2,False,,4432.0,SL,-11.1,-114.78,16
2026-03-24 02:45:00,2026-03-24 03:06:00,2026-03-24 03:13:00,EXTEND,long,4433.6,4411.3,4411.3,4485.6,False,,4411.3,SL,-22.3,-227.47,7
2026-03-24 03:45:00,2026-03-24 03:51:00,2026-03-24 04:00:00,EXTEND,long,4407.7,4393.9,4393.9,4439.7,False,,4393.9,SL,-13.8,-141.9,9
2026-03-24 07:40:00,2026-03-24 07:48:00,2026-03-24 08:15:00,EXTEND,short,4440.4,4450.7,4440.4,4416.5,True,2026-03-24 08:04:00,4416.5,TP,23.9,234.87,27
2026-03-24 10:10:00,2026-03-24 10:22:00,2026-03-24 10:34:00,EXTEND,short,4345.7,4370.3,4370.3,4288.6,False,,4370.3,SL,-24.6,-249.63,12
2026-03-24 11:45:00,2026-03-24 12:05:00,2026-03-24 13:05:00,EXTEND,short,4356.5,4369.6,4356.5,4326.2,True,2026-03-24 12:17:00,4326.2,TP,30.4,299.7,60
2026-03-24 13:05:00,2026-03-24 13:12:00,2026-03-24 13:35:00,MSS,short,4338.6,4350.2,4338.6,4311.7,True,2026-03-24 13:30:00,4338.6,BE,0.0,-4.0,23
2026-03-24 14:45:00,2026-03-24 14:54:00,2026-03-24 14:56:00,EXTEND,short,4390.4,4399.6,4399.6,4369.0,False,,4399.6,SL,-9.2,-96.06,2
2026-03-24 15:50:00,2026-03-24 16:20:00,2026-03-24 19:01:00,EXTEND,long,4399.0,4375.5,4399.0,4453.5,True,2026-03-24 17:41:00,4399.0,BE,0.0,-4.0,161
2026-03-24 19:00:00,2026-03-24 19:07:00,2026-03-24 21:34:00,MSS,short,4416.5,4442.9,4416.5,4355.0,True,2026-03-24 20:33:00,4355.0,TP,61.4,610.5,147
2026-03-24 21:45:00,2026-03-24 21:53:00,2026-03-24 22:00:00,EXTEND,short,4371.8,4385.0,4385.0,4341.2,False,,4385.0,SL,-13.2,-135.79,7
2026-03-24 22:50:00,2026-03-24 22:55:00,2026-03-24 22:58:00,BOS,long,4415.3,4403.3,4415.3,4443.2,True,2026-03-24 22:56:00,4415.3,BE,0.0,-4.0,3
2026-03-24 23:05:00,2026-03-24 23:14:00,2026-03-24 23:24:00,MSS,short,4413.9,4421.6,4413.9,4396.1,True,2026-03-24 23:20:00,4413.9,BE,0.0,-4.0,10
2026-03-24 23:45:00,2026-03-24 23:55:00,2026-03-24 23:56:00,EXTEND,long,4418.6,4410.5,4410.5,4437.4,False,,4410.5,SL,-8.1,-84.98,1
2026-03-25 00:05:00,2026-03-25 00:17:00,2026-03-25 00:43:00,EXTEND,short,4420.7,4431.7,4420.7,4395.0,True,2026-03-25 00:39:00,4420.7,BE,0.0,-4.0,26
2026-03-25 01:45:00,2026-03-25 01:55:00,2026-03-25 02:25:00,EXTEND,short,4393.3,4406.9,4406.9,4361.8,False,,4406.9,SL,-13.6,-139.61,30
2026-03-25 02:35:00,2026-03-25 02:58:00,2026-03-25 04:24:00,EXTEND,long,4391.6,4371.4,4391.6,4438.7,True,2026-03-25 03:27:00,4438.7,TP,47.1,466.64,86
2026-03-25 08:45:00,2026-03-25 09:03:00,2026-03-25 09:31:00,EXTEND,long,4553.3,4541.2,4553.3,4581.5,True,2026-03-25 09:04:00,4581.5,TP,28.1,277.5,28
2026-03-25 09:50:00,2026-03-25 10:00:00,2026-03-25 10:09:00,EXTEND,long,4589.2,4582.4,4582.4,4605.1,False,,4582.4,SL,-6.8,-72.38,9
2026-03-25 10:10:00,2026-03-25 10:26:00,2026-03-25 10:36:00,EXTEND,short,4591.6,4600.3,4591.6,4571.3,True,2026-03-25 10:30:00,4591.6,BE,0.0,-4.0,10
2026-03-25 10:45:00,2026-03-25 10:50:00,2026-03-25 10:59:00,EXTEND,long,4588.2,4579.9,4579.9,4607.5,False,,4579.9,SL,-8.3,-86.89,9
2026-03-25 11:45:00,2026-03-25 11:52:00,2026-03-25 12:04:00,EXTEND,short,4572.4,4576.4,4572.4,4563.1,True,2026-03-25 11:58:00,4572.4,BE,0.0,-4.0,12
2026-03-25 12:00:00,2026-03-25 12:05:00,2026-03-25 12:38:00,EXTEND,short,4571.7,4576.4,4571.7,4560.7,True,2026-03-25 12:35:00,4571.7,BE,0.0,-4.0,33
2026-03-25 13:30:00,2026-03-25 13:43:00,2026-03-25 14:09:00,EXTEND,short,4562.8,4572.0,4562.8,4541.5,True,2026-03-25 13:56:00,4541.5,TP,21.3,209.12,26
2026-03-25 14:10:00,2026-03-25 14:30:00,2026-03-25 16:08:00,EXTEND,short,4553.2,4566.2,4553.2,4522.9,True,2026-03-25 15:48:00,4553.2,BE,0.0,-4.0,98
2026-03-25 16:20:00,2026-03-25 17:44:00,2026-03-25 17:48:00,EXTEND,long,4548.0,4535.6,4535.6,4576.9,False,,4535.6,SL,-12.4,-128.15,4
2026-03-25 17:45:00,2026-03-25 17:55:00,2026-03-25 19:05:00,EXTEND,short,4550.1,4565.0,4565.0,4515.3,False,,4565.0,SL,-14.9,-153.36,70
2026-03-25 19:35:00,2026-03-25 20:16:00,2026-03-25 20:20:00,EXTEND,long,4570.1,4560.5,4560.5,4592.5,False,,4560.5,SL,-9.6,-100.26,4
2026-03-25 20:30:00,2026-03-25 21:03:00,2026-03-25 22:16:00,EXTEND,short,4558.8,4582.8,4558.8,4503.0,True,2026-03-25 22:00:00,4558.8,BE,0.0,-4.0,73
2026-03-25 22:50:00,2026-03-25 23:06:00,2026-03-25 23:16:00,EXTEND,long,4557.2,4544.4,4544.4,4586.8,False,,4544.4,SL,-12.8,-131.59,10
2026-03-25 23:15:00,2026-03-25 23:23:00,2026-03-26 03:09:00,MSS,short,4556.7,4577.8,4556.7,4507.6,True,2026-03-26 02:55:00,4507.6,TP,49.1,487.06,226
2026-03-26 03:40:00,2026-03-26 03:49:00,2026-03-26 03:59:00,MSS,long,4511.7,4503.6,4511.7,4530.7,True,2026-03-26 03:56:00,4530.7,TP,18.9,185.14,10
2026-03-26 07:40:00,2026-03-26 08:00:00,2026-03-26 08:02:00,EXTEND,short,4499.2,4508.3,4508.3,4478.1,False,,4508.3,SL,-9.1,-94.92,2
2026-03-26 08:45:00,2026-03-26 08:54:00,2026-03-26 09:00:00,BOS,long,4526.5,4521.5,4526.5,4538.3,True,2026-03-26 08:58:00,4538.3,TP,11.7,113.22,6
2026-03-26 09:00:00,2026-03-26 09:15:00,2026-03-26 09:47:00,EXTEND,long,4529.2,4521.5,4521.5,4547.0,False,,4521.5,SL,-7.7,-80.78,32
2026-03-26 09:45:00,2026-03-26 09:52:00,2026-03-26 10:18:00,MSS,short,4527.8,4533.0,4527.8,4515.7,True,2026-03-26 10:16:00,4527.8,BE,0.0,-4.0,26
2026-03-26 12:30:00,2026-03-26 12:37:00,2026-03-26 12:49:00,EXTEND,long,4514.9,4512.5,4514.9,4520.6,True,2026-03-26 12:46:00,4520.6,TP,5.7,52.83,12
2026-03-26 12:45:00,2026-03-26 12:54:00,2026-03-26 13:02:00,EXTEND,long,4515.7,4512.5,4515.7,4523.0,True,2026-03-26 13:01:00,4515.7,BE,0.0,-4.0,8
2026-03-26 18:25:00,2026-03-26 18:39:00,2026-03-26 19:49:00,EXTEND,long,4426.3,4414.5,4426.3,4453.7,True,2026-03-26 18:50:00,4426.3,BE,0.0,-4.0,70
2026-03-26 20:00:00,2026-03-26 20:09:00,2026-03-26 21:04:00,EXTEND,short,4435.3,4449.0,4435.3,4403.5,True,2026-03-26 21:00:00,4435.3,BE,0.0,-4.0,55
2026-03-26 21:00:00,2026-03-26 21:08:00,2026-03-26 21:12:00,EXTEND,short,4433.0,4442.6,4442.6,4410.7,False,,4442.6,SL,-9.6,-99.88,4
2026-03-26 21:20:00,2026-03-26 21:31:00,2026-03-26 21:36:00,MSS,long,4439.2,4431.7,4431.7,4456.6,False,,4431.7,SL,-7.5,-78.87,5
2026-03-26 21:35:00,2026-03-26 21:44:00,2026-03-26 21:45:00,MSS,short,4443.5,4451.3,4451.3,4425.4,False,,4451.3,SL,-7.8,-81.93,1
2026-03-26 22:35:00,2026-03-26 22:41:00,2026-03-26 22:54:00,EXTEND,long,4458.6,4448.0,4448.0,4483.3,False,,4448.0,SL,-10.6,-110.2,13
2026-03-27 07:10:00,2026-03-27 07:36:00,2026-03-27 08:23:00,EXTEND,short,4398.3,4407.3,4398.3,4377.5,True,2026-03-27 08:20:00,4377.5,TP,20.9,204.68,47
2026-03-27 08:55:00,2026-03-27 09:10:00,2026-03-27 09:31:00,EXTEND,short,4392.0,4406.0,4406.0,4359.5,False,,4406.0,SL,-14.0,-143.81,21
2026-03-27 11:05:00,2026-03-27 11:20:00,2026-03-27 11:39:00,EXTEND,short,4427.6,4435.4,4435.4,4409.6,False,,4435.4,SL,-7.8,-81.55,19
2026-03-27 13:40:00,2026-03-27 13:58:00,2026-03-27 15:02:00,EXTEND,long,4447.9,4434.8,4447.9,4478.5,True,2026-03-27 14:14:00,4447.9,BE,0.0,-4.0,64
2026-03-27 15:05:00,2026-03-27 15:12:00,2026-03-27 16:17:00,EXTEND,short,4451.9,4458.5,4451.9,4436.7,True,2026-03-27 15:29:00,4436.7,TP,15.3,148.74,65
2026-03-27 17:10:00,2026-03-27 17:17:00,2026-03-27 18:42:00,EXTEND,short,4427.9,4435.1,4427.9,4411.2,True,2026-03-27 18:13:00,4411.2,TP,16.7,162.94,85
2026-03-27 19:05:00,2026-03-27 19:12:00,2026-03-27 19:38:00,EXTEND,short,4408.2,4413.9,4413.9,4395.0,False,,4413.9,SL,-5.7,-60.92,26
2026-03-27 19:50:00,2026-03-27 19:57:00,2026-03-27 20:06:00,BOS,long,4413.0,4408.4,4413.0,4423.6,True,2026-03-27 20:00:00,4413.0,BE,0.0,-4.0,9
2026-03-27 20:05:00,2026-03-27 20:11:00,2026-03-27 20:13:00,MSS,short,4415.8,4420.8,4420.8,4404.0,False,,4420.8,SL,-5.0,-54.42,2
2026-03-27 20:15:00,2026-03-27 20:20:00,2026-03-27 20:50:00,MSS,long,4415.7,4407.6,4415.7,4434.5,True,2026-03-27 20:29:00,4434.5,TP,18.8,184.26,30
2026-03-27 21:10:00,2026-03-27 21:18:00,2026-03-27 21:28:00,EXTEND,short,4431.4,4439.3,4431.4,4413.0,True,2026-03-27 21:24:00,4413.0,TP,18.4,179.82,10
2026-03-27 21:30:00,2026-03-27 21:44:00,2026-03-27 21:48:00,EXTEND,short,4425.6,4436.4,4436.4,4400.6,False,,4436.4,SL,-10.8,-111.72,4
2026-03-27 22:15:00,2026-03-27 22:26:00,2026-03-27 22:50:00,BOS,long,4450.1,4440.4,4450.1,4472.8,True,2026-03-27 22:45:00,4472.8,TP,22.6,222.44,24
2026-03-27 23:55:00,2026-03-28 00:04:00,2026-03-28 00:17:00,MSS,short,4527.9,4533.8,4527.9,4514.2,True,2026-03-28 00:11:00,4527.9,BE,0.0,-4.0,13
2026-03-28 00:40:00,2026-03-28 01:06:00,2026-03-28 01:18:00,EXTEND,short,4520.9,4531.3,4520.9,4496.9,True,2026-03-28 01:07:00,4496.9,TP,24.1,236.65,12
2026-03-28 01:55:00,2026-03-28 02:19:00,2026-03-28 02:37:00,EXTEND,short,4506.9,4521.0,4521.0,4474.1,False,,4521.0,SL,-14.1,-144.96,18
2026-03-28 03:05:00,2026-03-28 03:19:00,2026-03-28 03:56:00,EXTEND,short,4517.7,4526.2,4517.7,4497.9,True,2026-03-28 03:39:00,4517.8,BE,-0.1,-5.19,37
2026-03-30 07:05:00,2026-03-30 07:19:00,2026-03-30 07:32:00,BOS,short,4477.4,4487.3,4477.4,4454.4,True,2026-03-30 07:30:00,4454.4,TP,23.0,225.99,12
2026-03-30 08:10:00,2026-03-30 08:19:00,2026-03-30 08:21:00,EXTEND,short,4435.1,4448.2,4448.2,4404.8,False,,4451.7,SL,-16.6,-169.64,2
2026-03-30 08:25:00,2026-03-30 08:54:00,2026-03-30 09:35:00,EXTEND,long,4431.6,4414.0,4431.6,4472.4,True,2026-03-30 09:07:00,4472.4,TP,40.8,404.48,36
2026-03-30 10:20:00,2026-03-30 10:25:00,2026-03-30 10:30:00,MSS,short,4468.2,4471.0,4471.0,4461.6,False,,4471.3,SL,-3.1,-35.27,2
2026-03-30 14:45:00,2026-03-30 14:54:00,2026-03-30 15:00:00,EXTEND,long,4532.7,4524.5,4524.5,4551.8,False,,4524.5,SL,-8.2,-86.13,3
2026-03-30 15:30:00,2026-03-30 15:54:00,2026-03-30 16:06:00,EXTEND,short,4521.1,4526.4,4526.4,4508.6,False,,4527.7,SL,-6.6,-70.48,6
2026-03-30 19:50:00,2026-03-30 20:00:00,2026-03-30 21:35:00,EXTEND,long,4553.6,4538.7,4553.6,4588.4,True,2026-03-30 20:30:00,4553.6,BE,0.0,-4.0,74
2026-03-30 23:55:00,2026-03-31 00:04:00,2026-03-31 01:16:00,EXTEND,long,4538.3,4527.6,4527.6,4563.0,False,,4520.3,SL,-18.0,-183.58,30
2026-04-07 19:30:00,2026-04-07 22:02:00,2026-04-07 22:06:00,MSS,long,4628.8,4616.5,4616.5,4657.5,False,,4616.5,SL,-12.3,-127.39,1
2026-04-29 08:50:00,2026-04-29 08:57:00,2026-04-29 09:01:00,BOS,short,4615.2,4618.7,4615.2,4607.0,True,2026-04-29 09:00:00,4607.0,TP,8.2,77.7,4
2026-04-29 09:40:00,2026-04-29 09:48:00,2026-04-29 10:01:00,MSS,long,4597.3,4592.4,4597.3,4608.8,True,2026-04-29 10:00:00,4608.8,TP,11.5,110.55,13
2026-04-29 10:40:00,2026-04-29 10:48:00,2026-04-29 10:53:00,EXTEND,short,4613.8,4616.9,4613.8,4606.6,True,2026-04-29 10:52:00,4606.6,TP,7.2,67.93,5
2026-04-29 10:55:00,2026-04-29 11:04:00,2026-04-29 11:13:00,EXTEND,short,4611.2,4614.8,4614.8,4602.9,False,,4614.8,SL,-3.6,-39.91,9
2026-04-29 11:15:00,2026-04-29 11:31:00,2026-04-29 13:03:00,EXTEND,long,4609.8,4605.4,4609.8,4620.0,True,2026-04-29 12:12:00,4620.0,TP,10.2,98.12,92
2026-04-29 13:00:00,2026-04-29 13:13:00,2026-04-29 13:31:00,EXTEND,long,4614.6,4610.4,4610.4,4624.2,False,,4610.4,SL,-4.2,-45.64,18
2026-04-29 13:35:00,2026-04-29 13:51:00,2026-04-29 14:00:00,EXTEND,short,4616.1,4621.3,4616.1,4603.9,True,2026-04-29 13:55:00,4603.9,TP,12.2,117.66,9
2026-04-29 14:00:00,2026-04-29 14:05:00,2026-04-29 14:16:00,EXTEND,short,4611.9,4616.9,4611.9,4600.3,True,2026-04-29 14:07:00,4600.3,TP,11.6,112.33,11
2026-04-29 15:00:00,2026-04-29 15:06:00,2026-04-29 15:09:00,MSS,long,4598.1,4594.9,4594.9,4605.6,False,,4594.9,SL,-3.2,-36.09,3
2026-04-29 16:10:00,2026-04-29 16:19:00,2026-04-29 16:25:00,BOS,short,4583.3,4586.8,4583.3,4575.1,True,2026-04-29 16:23:00,4583.3,BE,0.0,-4.0,6
2026-04-29 16:35:00,2026-04-29 16:44:00,2026-04-29 16:46:00,EXTEND,short,4579.4,4584.9,4584.9,4566.6,False,,4584.9,SL,-5.5,-59.01,2
2026-04-29 17:15:00,2026-04-29 17:22:00,2026-04-29 17:25:00,BOS,long,4588.0,4584.5,4584.5,4596.1,False,,4584.5,SL,-3.5,-38.76,3
2026-04-29 17:55:00,2026-04-29 18:03:00,2026-04-29 18:15:00,EXTEND,short,4575.7,4582.8,4582.8,4559.1,False,,4582.8,SL,-7.1,-75.43,12
2026-04-29 18:30:00,2026-04-29 19:51:00,2026-04-29 20:34:00,EXTEND,long,4573.8,4564.1,4564.1,4596.4,False,,4564.1,SL,-9.7,-101.03,43
2026-04-29 20:55:00,2026-04-29 21:02:00,2026-04-29 21:20:00,EXTEND,short,4565.4,4573.0,4565.4,4547.6,True,2026-04-29 21:19:00,4547.6,TP,17.8,173.6,18
2026-04-29 22:35:00,2026-04-29 22:46:00,2026-04-29 23:06:00,EXTEND,long,4548.1,4543.2,4548.1,4559.5,True,2026-04-29 22:55:00,4559.5,TP,11.4,109.66,20
2026-04-29 23:05:00,2026-04-29 23:12:00,2026-04-29 23:37:00,EXTEND,long,4549.6,4543.2,4549.6,4564.5,True,2026-04-29 23:18:00,4564.5,TP,14.9,145.18,25
2026-04-29 23:45:00,2026-04-29 23:53:00,2026-04-30 00:03:00,EXTEND,long,4560.0,4552.7,4560.0,4576.8,True,2026-04-30 00:01:00,4576.8,TP,16.9,164.72,10
2026-04-30 00:05:00,2026-04-30 00:34:00,2026-04-30 02:00:00,EXTEND,long,4563.8,4554.8,4554.8,4584.6,False,,4554.8,SL,-9.0,-93.77,86
2026-04-30 02:00:00,2026-04-30 02:05:00,2026-04-30 02:14:00,BOS,short,4555.7,4561.8,4555.7,4541.6,True,2026-04-30 02:07:00,4541.6,TP,14.1,137.19,9
2026-04-30 02:10:00,2026-04-30 02:17:00,2026-04-30 02:36:00,EXTEND,short,4553.2,4561.8,4553.2,4533.1,True,2026-04-30 02:29:00,4553.2,BE,0.0,-4.0,19
2026-04-30 02:45:00,2026-04-30 02:50:00,2026-04-30 02:56:00,EXTEND,short,4545.6,4554.0,4554.0,4526.2,False,,4554.0,SL,-8.4,-87.66,6
2026-04-30 03:15:00,2026-04-30 03:32:00,2026-04-30 06:00:00,EXTEND,long,4554.0,4547.3,4554.0,4569.7,True,2026-04-30 03:49:00,4554.0,BE,0.0,-4.0,88
2026-04-30 07:00:00,2026-04-30 07:05:00,2026-04-30 07:16:00,BOS,long,4563.3,4561.5,4563.3,4567.3,True,2026-04-30 07:14:00,4567.3,TP,4.1,36.85,11
2026-04-30 07:15:00,2026-04-30 07:20:00,2026-04-30 07:45:00,EXTEND,long,4563.8,4561.5,4563.8,4569.0,True,2026-04-30 07:38:00,4569.0,TP,5.2,48.39,25
2026-04-30 08:00:00,2026-04-30 08:14:00,2026-04-30 09:27:00,EXTEND,long,4569.5,4562.1,4569.5,4586.7,True,2026-04-30 08:30:00,4586.7,TP,17.2,168.27,73
2026-04-30 09:30:00,2026-04-30 09:36:00,2026-04-30 10:29:00,EXTEND,long,4583.6,4577.5,4583.6,4597.7,True,2026-04-30 09:41:00,4583.6,BE,0.0,-4.0,53
2026-04-30 12:30:00,2026-04-30 13:08:00,2026-04-30 13:24:00,EXTEND,short,4562.1,4568.3,4568.3,4547.7,False,,4568.3,SL,-6.2,-65.88,16
2026-04-30 17:05:00,2026-04-30 17:10:00,2026-04-30 17:17:00,BOS,long,4629.0,4627.1,4629.0,4633.6,True,2026-04-30 17:14:00,4629.0,BE,0.0,-4.0,7
2026-04-30 17:15:00,2026-04-30 17:21:00,2026-04-30 17:27:00,EXTEND,long,4629.2,4627.1,4629.2,4634.1,True,2026-04-30 17:24:00,4634.1,TP,4.9,44.84,6
2026-04-30 17:30:00,2026-04-30 17:37:00,2026-04-30 18:27:00,EXTEND,long,4633.8,4627.5,4633.8,4648.6,True,2026-04-30 18:01:00,4648.6,TP,14.7,143.41,50
2026-04-30 19:05:00,2026-04-30 19:14:00,2026-04-30 19:24:00,EXTEND,long,4650.3,4645.3,4650.3,4661.8,True,2026-04-30 19:23:00,4650.3,BE,0.0,-4.0,10
2026-04-30 20:00:00,2026-04-30 20:08:00,2026-04-30 20:15:00,MSS,long,4644.3,4641.0,4644.3,4652.0,True,2026-04-30 20:11:00,4644.3,BE,0.0,-4.0,7
2026-04-30 20:20:00,2026-04-30 20:26:00,2026-04-30 20:30:00,EXTEND,long,4644.6,4641.0,4641.0,4653.1,False,,4641.0,SL,-3.6,-40.29,4
2026-04-30 20:30:00,2026-04-30 20:37:00,2026-04-30 20:52:00,MSS,short,4644.5,4650.5,4644.5,4630.7,True,2026-04-30 20:44:00,4644.5,BE,0.0,-4.0,15
2026-04-30 22:35:00,2026-04-30 22:43:00,2026-05-01 00:17:00,BOS,short,4632.7,4638.9,4632.7,4618.5,True,2026-04-30 23:44:00,4618.5,TP,14.3,138.97,94
2026-05-01 00:15:00,2026-05-01 00:34:00,2026-05-01 00:50:00,BOS,short,4625.4,4630.1,4630.1,4614.5,False,,4630.1,SL,-4.7,-50.99,16
2026-05-01 00:55:00,2026-05-01 01:01:00,2026-05-01 01:05:00,BOS,short,4626.2,4630.8,4630.8,4615.4,False,,4630.8,SL,-4.6,-50.22,4
2026-05-01 02:15:00,2026-05-01 02:42:00,2026-05-01 03:20:00,EXTEND,long,4632.0,4628.0,4632.0,4641.5,True,2026-05-01 02:52:00,4632.0,BE,0.0,-4.0,38
2026-05-01 03:30:00,2026-05-01 03:43:00,2026-05-01 04:59:00,EXTEND,short,4635.8,4640.8,4635.8,4624.3,True,2026-05-01 03:50:00,4635.8,BE,0.0,-4.0,76
2026-05-01 07:35:00,2026-05-01 07:45:00,2026-05-01 07:49:00,EXTEND,long,4643.3,4641.1,4643.3,4648.3,True,2026-05-01 07:47:00,4643.3,BE,0.0,-4.0,4
2026-05-01 08:00:00,2026-05-01 08:06:00,2026-05-01 08:36:00,EXTEND,short,4642.4,4646.8,4642.4,4632.2,True,2026-05-01 08:09:00,4632.2,TP,10.2,98.12,30
2026-05-01 09:20:00,2026-05-01 09:39:00,2026-05-01 10:09:00,EXTEND,short,4633.3,4637.9,4637.9,4622.7,False,,4637.9,SL,-4.6,-49.84,30
2026-05-01 10:55:00,2026-05-01 11:29:00,2026-05-01 11:35:00,EXTEND,short,4637.3,4643.1,4643.1,4623.9,False,,4643.1,SL,-5.8,-61.68,6
2026-05-01 12:00:00,2026-05-01 12:06:00,2026-05-01 12:07:00,BOS,short,4638.0,4639.8,4638.0,4633.7,True,2026-05-01 12:07:00,4633.7,TP,4.3,38.62,1
2026-05-01 13:00:00,2026-05-01 13:05:00,2026-05-01 13:06:00,BOS,short,4621.5,4623.2,4623.2,4617.5,False,,4623.2,SL,-1.7,-21.19,1
2026-05-01 13:25:00,2026-05-01 13:38:00,2026-05-01 13:45:00,EXTEND,long,4622.1,4618.7,4618.7,4630.1,False,,4618.7,SL,-3.4,-38.38,7
2026-05-01 17:10:00,2026-05-01 17:20:00,2026-05-01 17:52:00,EXTEND,short,4580.8,4584.4,4580.8,4572.5,True,2026-05-01 17:50:00,4580.8,BE,0.0,-4.0,32
2026-05-01 17:55:00,2026-05-01 18:08:00,2026-05-01 18:30:00,EXTEND,short,4579.0,4584.3,4584.3,4566.5,False,,4584.3,SL,-5.3,-57.48,22
2026-05-01 19:10:00,2026-05-01 19:17:00,2026-05-01 19:20:00,EXTEND,short,4579.4,4583.2,4583.2,4570.6,False,,4583.2,SL,-3.8,-41.82,3
2026-05-01 19:55:00,2026-05-01 20:02:00,2026-05-01 20:10:00,EXTEND,long,4586.5,4583.9,4586.5,4592.5,True,2026-05-01 20:04:00,4586.5,BE,0.0,-4.0,8
2026-05-01 20:25:00,2026-05-01 21:16:00,2026-05-01 21:54:00,EXTEND,long,4598.7,4586.1,4598.7,4628.1,True,2026-05-01 21:33:00,4628.1,TP,29.4,289.93,38
2026-05-01 23:05:00,2026-05-01 23:12:00,2026-05-01 23:14:00,EXTEND,short,4640.7,4647.1,4647.1,4625.9,False,,4647.1,SL,-6.4,-67.79,2
2026-05-01 23:45:00,2026-05-01 23:50:00,2026-05-01 23:50:00,EXTEND,long,4651.4,4646.4,4646.4,4662.9,False,,4646.4,SL,-5.0,-53.66,0
2026-05-02 00:10:00,2026-05-02 00:15:00,2026-05-02 00:16:00,EXTEND,short,4655.5,4659.4,4659.4,4646.3,False,,4659.4,SL,-3.9,-43.35,1
2026-05-02 00:15:00,2026-05-02 00:23:00,2026-05-02 00:25:00,MSS,long,4653.9,4649.1,4649.1,4665.0,False,,4649.1,SL,-4.8,-51.75,2
2026-05-02 01:45:00,2026-05-02 01:53:00,2026-05-02 02:02:00,BOS,short,4647.0,4651.9,4647.0,4635.6,True,2026-05-02 01:54:00,4635.6,TP,11.4,109.66,9
2026-05-02 03:00:00,2026-05-02 03:10:00,2026-05-02 03:12:00,BOS,short,4635.5,4637.9,4637.9,4629.8,False,,4637.9,SL,-2.4,-28.45,2
2026-05-04 08:00:00,2026-05-04 08:07:00,2026-05-04 08:55:00,MSS,short,4623.7,4628.6,4623.7,4612.3,True,2026-05-04 08:18:00,4623.7,BE,0.0,-4.0,48
2026-05-04 08:55:00,2026-05-04 09:02:00,2026-05-04 09:03:00,MSS,long,4619.5,4616.0,4616.0,4627.7,False,,4616.0,SL,-3.5,-39.14,1
2026-05-04 09:30:00,2026-05-04 09:37:00,2026-05-04 09:50:00,EXTEND,short,4611.1,4615.8,4615.8,4600.3,False,,4615.8,SL,-4.7,-50.6,13
2026-05-04 10:00:00,2026-05-04 10:16:00,2026-05-04 10:28:00,EXTEND,long,4613.6,4603.6,4603.6,4637.0,False,,4603.6,SL,-10.0,-104.47,12
2026-05-04 11:40:00,2026-05-04 11:45:00,2026-05-04 11:46:00,EXTEND,short,4617.6,4622.6,4622.6,4605.8,False,,4622.6,SL,-5.0,-54.42,1
2026-05-04 11:55:00,2026-05-04 12:55:00,2026-05-04 13:24:00,EXTEND,long,4616.7,4609.4,4616.7,4633.7,True,2026-05-04 13:19:00,4616.7,BE,0.0,-4.0,29
2026-05-04 14:00:00,2026-05-04 14:09:00,2026-05-04 14:12:00,BOS,short,4608.9,4613.1,4608.9,4599.3,True,2026-05-04 14:11:00,4608.9,BE,0.0,-4.0,3
2026-05-04 14:45:00,2026-05-04 14:50:00,2026-05-04 15:02:00,EXTEND,short,4602.2,4607.0,4602.2,4591.1,True,2026-05-04 15:00:00,4602.2,BE,0.0,-4.0,12
2026-05-04 15:35:00,2026-05-04 15:47:00,2026-05-04 15:59:00,EXTEND,short,4601.8,4607.0,4601.8,4589.7,True,2026-05-04 15:50:00,4589.7,TP,12.1,116.77,12
2026-05-04 16:40:00,2026-05-04 16:50:00,2026-05-04 17:14:00,EXTEND,long,4587.8,4584.6,4587.8,4595.1,True,2026-05-04 17:02:00,4595.1,TP,7.4,69.7,24
2026-05-04 17:15:00,2026-05-04 17:51:00,2026-05-04 17:57:00,EXTEND,long,4590.1,4586.7,4586.7,4598.0,False,,4586.7,SL,-3.4,-38.0,6
2026-05-04 18:20:00,2026-05-04 18:39:00,2026-05-05 00:07:00,EXTEND,short,4572.8,4595.6,4572.8,4519.7,True,2026-05-04 23:19:00,4519.7,TP,53.1,527.02,328
2026-05-05 00:10:00,2026-05-05 00:21:00,2026-05-05 01:17:00,EXTEND,short,4537.1,4553.8,4537.1,4498.4,True,2026-05-05 00:47:00,4537.1,BE,0.0,-4.0,56
2026-05-05 02:55:00,2026-05-05 03:04:00,2026-05-05 03:06:00,MSS,long,4522.8,4520.4,4522.8,4528.3,True,2026-05-05 03:05:00,4528.3,TP,5.5,51.06,2
2026-05-05 03:35:00,2026-05-05 03:55:00,2026-05-05 06:46:00,EXTEND,long,4526.9,4520.8,4526.9,4541.1,True,2026-05-05 04:57:00,4526.9,BE,0.0,-4.0,111
2026-05-05 07:40:00,2026-05-05 07:46:00,2026-05-05 07:51:00,BOS,short,4529.7,4531.2,4529.7,4526.4,True,2026-05-05 07:51:00,4526.4,TP,3.4,29.74,5
2026-05-05 07:50:00,2026-05-05 07:55:00,2026-05-05 08:01:00,EXTEND,short,4529.1,4531.2,4529.1,4524.3,True,2026-05-05 08:01:00,4529.1,BE,0.0,-4.0,6
2026-05-05 08:10:00,2026-05-05 08:20:00,2026-05-05 08:23:00,EXTEND,long,4530.5,4525.8,4525.8,4541.3,False,,4525.8,SL,-4.7,-50.6,3
2026-05-05 08:25:00,2026-05-05 08:41:00,2026-05-05 08:54:00,MSS,short,4532.1,4538.0,4538.0,4518.4,False,,4538.0,SL,-5.9,-62.83,13
2026-05-05 10:00:00,2026-05-05 10:14:00,2026-05-05 10:43:00,EXTEND,long,4546.6,4543.3,4546.6,4554.2,True,2026-05-05 10:27:00,4554.2,TP,7.6,72.37,29
2026-05-05 10:45:00,2026-05-05 10:56:00,2026-05-05 11:56:00,EXTEND,long,4548.6,4544.0,4544.0,4559.4,False,,4544.0,SL,-4.6,-50.22,60
2026-05-05 12:30:00,2026-05-05 13:04:00,2026-05-05 13:08:00,EXTEND,short,4546.1,4551.8,4551.8,4532.9,False,,4551.8,SL,-5.7,-60.92,4
2026-05-05 13:05:00,2026-05-05 13:18:00,2026-05-05 13:35:00,MSS,long,4545.6,4539.9,4545.6,4558.7,True,2026-05-05 13:30:00,4558.7,TP,13.1,127.42,17
2026-05-05 14:00:00,2026-05-05 14:06:00,2026-05-05 14:24:00,EXTEND,long,4551.2,4544.8,4544.8,4566.0,False,,4544.8,SL,-6.4,-67.79,18
2026-05-05 14:20:00,2026-05-05 14:36:00,2026-05-05 15:00:00,EXTEND,short,4554.5,4561.5,4561.5,4538.3,False,,4561.5,SL,-7.0,-73.91,24
2026-05-05 15:15:00,2026-05-05 15:22:00,2026-05-05 15:25:00,BOS,long,4562.2,4560.3,4560.3,4566.8,False,,4560.3,SL,-1.9,-23.48,3
2026-05-05 15:25:00,2026-05-05 15:35:00,2026-05-05 15:36:00,MSS,short,4562.6,4565.5,4565.5,4556.0,False,,4565.5,SL,-2.9,-32.65,1
2026-05-05 15:55:00,2026-05-05 16:13:00,2026-05-05 16:57:00,EXTEND,short,4562.5,4568.3,4568.3,4549.0,False,,4568.3,SL,-5.8,-62.06,44
2026-05-05 17:05:00,2026-05-05 17:29:00,2026-05-05 18:09:00,EXTEND,long,4562.6,4557.7,4562.6,4574.0,True,2026-05-05 17:30:00,4562.6,BE,0.0,-4.0,40
2026-05-05 18:10:00,2026-05-05 18:16:00,2026-05-05 18:26:00,EXTEND,short,4564.8,4567.2,4564.8,4559.1,True,2026-05-05 18:19:00,4559.1,TP,5.7,52.83,10
2026-05-05 18:25:00,2026-05-05 18:34:00,2026-05-05 18:44:00,BOS,short,4562.0,4565.3,4562.0,4554.4,True,2026-05-05 18:41:00,4554.4,TP,7.6,72.37,10
2026-05-05 18:50:00,2026-05-05 19:08:00,2026-05-05 19:16:00,EXTEND,short,4559.0,4564.5,4564.5,4546.1,False,,4564.5,SL,-5.5,-59.39,8
2026-05-05 20:00:00,2026-05-05 20:06:00,2026-05-05 20:06:00,MSS,short,4569.7,4573.0,4573.0,4562.0,False,,4573.0,SL,-3.3,-37.23,0
2026-05-05 20:30:00,2026-05-05 20:51:00,2026-05-05 21:09:00,EXTEND,long,4572.3,4564.3,4572.3,4591.0,True,2026-05-05 21:02:00,4591.0,TP,18.6,182.48,18
2026-05-05 21:40:00,2026-05-05 21:50:00,2026-05-05 21:53:00,EXTEND,short,4588.4,4592.4,4592.4,4579.2,False,,4592.4,SL,-4.0,-43.73,3
2026-05-05 22:05:00,2026-05-05 22:11:00,2026-05-05 22:13:00,MSS,long,4589.6,4586.2,4586.2,4597.5,False,,4586.2,SL,-3.4,-38.0,2
2026-05-05 22:15:00,2026-05-05 22:23:00,2026-05-05 22:25:00,EXTEND,short,4587.9,4595.1,4595.1,4571.2,False,,4595.1,SL,-7.2,-75.82,2
2026-05-05 23:00:00,2026-05-05 23:17:00,2026-05-05 23:27:00,MSS,long,4589.6,4586.3,4586.3,4597.2,False,,4586.3,SL,-3.3,-36.85,10
2026-05-06 01:10:00,2026-05-06 01:18:00,2026-05-06 01:34:00,EXTEND,short,4569.9,4573.8,4569.9,4561.0,True,2026-05-06 01:31:00,4569.9,BE,0.0,-4.0,16
2026-05-06 01:45:00,2026-05-06 01:54:00,2026-05-06 02:14:00,MSS,long,4568.6,4565.9,4568.6,4574.8,True,2026-05-06 02:00:00,4574.8,TP,6.2,58.16,20
2026-05-06 02:15:00,2026-05-06 02:31:00,2026-05-06 02:40:00,EXTEND,long,4571.3,4568.4,4568.4,4578.2,False,,4568.4,SL,-2.9,-33.41,9
2026-05-06 02:45:00,2026-05-06 02:53:00,2026-05-06 03:09:00,EXTEND,long,4571.4,4568.4,4568.4,4578.3,False,,4568.4,SL,-3.0,-33.8,16
2026-05-06 03:45:00,2026-05-06 03:50:00,2026-05-06 03:51:00,MSS,long,4567.5,4566.2,4566.2,4570.6,False,,4566.2,SL,-1.3,-17.37,1
2026-05-06 08:00:00,2026-05-06 08:05:00,2026-05-06 08:11:00,BOS,long,4604.0,4601.0,4601.0,4611.0,False,,4601.0,SL,-3.0,-34.18,6
2026-05-06 09:00:00,2026-05-06 09:06:00,2026-05-06 09:47:00,EXTEND,long,4624.0,4618.0,4624.0,4638.1,True,2026-05-06 09:21:00,4638.1,TP,14.0,136.3,41
2026-05-06 09:45:00,2026-05-06 09:54:00,2026-05-06 10:08:00,BOS,long,4634.3,4631.1,4634.3,4641.8,True,2026-05-06 10:00:00,4641.8,TP,7.5,70.59,14
2026-05-06 10:15:00,2026-05-06 10:30:00,2026-05-06 10:57:00,EXTEND,long,4637.0,4631.1,4637.0,4650.8,True,2026-05-06 10:35:00,4650.8,TP,13.8,133.64,27
2026-05-06 11:20:00,2026-05-06 11:31:00,2026-05-06 11:58:00,EXTEND,long,4653.1,4648.2,4653.1,4664.3,True,2026-05-06 11:37:00,4653.1,BE,0.0,-4.0,27
2026-05-06 12:25:00,2026-05-06 12:38:00,2026-05-06 13:09:00,BOS,long,4659.1,4655.9,4659.1,4666.4,True,2026-05-06 12:48:00,4666.4,TP,7.4,69.7,31
2026-05-06 13:05:00,2026-05-06 13:30:00,2026-05-06 13:33:00,EXTEND,long,4660.4,4655.9,4655.9,4671.0,False,,4655.9,SL,-4.5,-49.46,3
2026-05-06 13:30:00,2026-05-06 13:44:00,2026-05-06 13:55:00,MSS,short,4661.9,4666.3,4666.3,4651.8,False,,4666.3,SL,-4.4,-47.55,11
2026-05-06 14:35:00,2026-05-06 14:42:00,2026-05-06 15:12:00,EXTEND,long,4672.7,4668.3,4672.7,4682.9,True,2026-05-06 14:46:00,4672.7,BE,0.0,-4.0,30
2026-05-06 15:15:00,2026-05-06 15:26:00,2026-05-06 15:45:00,EXTEND,short,4676.5,4681.5,4681.5,4664.9,False,,4681.5,SL,-5.0,-54.04,19
2026-05-06 16:35:00,2026-05-06 16:42:00,2026-05-06 16:48:00,EXTEND,short,4688.1,4691.4,4691.4,4680.5,False,,4691.4,SL,-3.3,-36.85,6
2026-05-06 17:35:00,2026-05-06 17:43:00,2026-05-06 18:09:00,EXTEND,long,4708.1,4702.4,4708.1,4721.4,True,2026-05-06 17:55:00,4708.1,BE,0.0,-4.0,26
2026-05-06 18:50:00,2026-05-06 19:02:00,2026-05-06 19:12:00,BOS,long,4724.8,4718.8,4724.8,4738.9,True,2026-05-06 19:09:00,4724.8,BE,0.0,-4.0,10
2026-05-06 19:25:00,2026-05-06 19:34:00,2026-05-06 19:43:00,BOS,short,4726.7,4732.9,4726.7,4712.5,True,2026-05-06 19:40:00,4712.5,TP,14.3,138.97,9
2026-05-06 21:05:00,2026-05-06 21:14:00,2026-05-06 21:32:00,BOS,short,4694.3,4703.5,4703.5,4672.8,False,,4703.5,SL,-9.2,-96.44,18
2026-05-06 21:45:00,2026-05-06 21:50:00,2026-05-06 21:53:00,BOS,long,4707.4,4704.1,4707.4,4715.1,True,2026-05-06 21:51:00,4715.1,TP,7.7,73.26,3
2026-05-06 22:00:00,2026-05-06 22:07:00,2026-05-06 22:15:00,EXTEND,long,4710.8,4704.1,4710.8,4726.5,True,2026-05-06 22:09:00,4726.5,TP,15.6,152.29,8
2026-05-06 22:15:00,2026-05-06 22:29:00,2026-05-06 22:49:00,EXTEND,long,4716.2,4708.4,4716.2,4734.3,True,2026-05-06 22:42:00,4716.2,BE,0.0,-4.0,20
2026-05-06 23:10:00,2026-05-06 23:20:00,2026-05-06 23:43:00,EXTEND,short,4713.4,4718.7,4713.4,4701.0,True,2026-05-06 23:27:00,4701.0,TP,12.3,119.43,23
2026-05-07 00:05:00,2026-05-07 00:30:00,2026-05-07 02:21:00,BOS,short,4701.3,4706.6,4701.3,4688.9,True,2026-05-07 00:52:00,4701.3,BE,0.0,-4.0,111
2026-05-07 02:50:00,2026-05-07 03:02:00,2026-05-07 03:03:00,EXTEND,short,4699.0,4701.1,4701.1,4694.2,False,,4701.1,SL,-2.1,-24.63,1
2026-05-07 03:20:00,2026-05-07 07:23:00,2026-05-07 08:05:00,EXTEND,long,4701.7,4695.7,4701.7,4715.6,True,2026-05-07 07:45:00,4701.7,BE,0.0,-4.0,42
2026-05-07 08:10:00,2026-05-07 08:25:00,2026-05-07 08:31:00,EXTEND,long,4703.5,4699.1,4699.1,4713.6,False,,4699.1,SL,-4.4,-47.55,6
2026-05-07 12:35:00,2026-05-07 12:40:00,2026-05-07 12:40:00,EXTEND,short,4704.6,4707.0,4707.0,4699.0,False,,4707.0,SL,-2.4,-28.07,0
2026-05-07 13:00:00,2026-05-07 13:18:00,2026-05-07 13:32:00,MSS,long,4705.4,4702.5,4705.4,4712.0,True,2026-05-07 13:30:00,4712.0,TP,6.7,62.6,14
2026-05-07 13:55:00,2026-05-07 14:00:00,2026-05-07 14:02:00,MSS,short,4712.9,4715.3,4715.3,4707.3,False,,4715.3,SL,-2.4,-28.07,2
2026-05-07 15:00:00,2026-05-07 15:07:00,2026-05-07 15:11:00,MSS,short,4752.2,4759.2,4759.2,4735.8,False,,4759.2,SL,-7.0,-74.29,4
2026-05-07 16:05:00,2026-05-07 16:14:00,2026-05-07 16:18:00,EXTEND,long,4753.1,4746.6,4746.6,4768.2,False,,4746.6,SL,-6.5,-68.94,4
2026-05-07 17:00:00,2026-05-07 17:07:00,2026-05-07 17:17:00,EXTEND,short,4741.3,4747.1,4747.1,4727.8,False,,4747.1,SL,-5.8,-62.06,10
2026-05-07 17:20:00,2026-05-07 17:29:00,2026-05-07 17:38:00,MSS,long,4743.9,4741.3,4743.9,4750.1,True,2026-05-07 17:35:00,4743.9,BE,0.0,-4.0,9
2026-05-07 17:40:00,2026-05-07 17:50:00,2026-05-07 17:56:00,EXTEND,long,4744.4,4741.3,4741.3,4751.5,False,,4741.3,SL,-3.1,-34.56,6
2026-05-07 17:55:00,2026-05-07 18:12:00,2026-05-07 18:25:00,MSS,short,4744.0,4749.3,4744.0,4731.5,True,2026-05-07 18:21:00,4744.0,BE,0.0,-4.0,13
2026-05-07 18:40:00,2026-05-07 19:09:00,2026-05-07 19:16:00,EXTEND,long,4741.9,4737.3,4737.3,4752.5,False,,4737.3,SL,-4.6,-49.84,7
2026-05-08 08:05:00,2026-05-08 08:13:00,2026-05-08 08:15:00,BOS,long,4713.0,4710.0,4710.0,4719.9,False,,4710.0,SL,-3.0,-33.8,2
2026-05-08 08:15:00,2026-05-08 08:23:00,2026-05-08 08:34:00,MSS,short,4712.6,4718.7,4712.6,4698.4,True,2026-05-08 08:28:00,4712.6,BE,0.0,-4.0,11
2026-05-08 09:05:00,2026-05-08 09:37:00,2026-05-08 10:02:00,EXTEND,long,4714.1,4705.5,4714.1,4734.2,True,2026-05-08 09:46:00,4734.2,TP,20.1,196.69,25
2026-05-08 10:00:00,2026-05-08 10:35:00,2026-05-08 12:13:00,BOS,long,4724.0,4713.4,4724.0,4748.6,True,2026-05-08 11:34:00,4724.0,BE,0.0,-4.0,98
2026-05-08 12:40:00,2026-05-08 12:53:00,2026-05-08 13:07:00,BOS,short,4723.1,4727.0,4723.1,4714.2,True,2026-05-08 12:59:00,4723.1,BE,0.0,-4.0,14
2026-05-08 13:55:00,2026-05-08 14:00:00,2026-05-08 15:12:00,EXTEND,long,4727.1,4719.1,4727.1,4745.6,True,2026-05-08 14:04:00,4727.1,BE,0.0,-4.0,72
2026-05-08 15:45:00,2026-05-08 15:52:00,2026-05-08 15:55:00,MSS,long,4718.1,4715.7,4718.1,4723.7,True,2026-05-08 15:53:00,4718.1,BE,0.0,-4.0,3
2026-05-08 16:35:00,2026-05-08 17:32:00,2026-05-08 18:39:00,EXTEND,long,4722.2,4715.6,4722.2,4737.4,True,2026-05-08 18:15:00,4737.4,TP,15.3,148.74,67
2026-05-08 18:35:00,2026-05-08 18:45:00,2026-05-08 18:49:00,MSS,long,4732.9,4729.9,4729.9,4739.8,False,,4729.9,SL,-3.0,-33.8,4
2026-05-08 18:55:00,2026-05-08 19:01:00,2026-05-08 20:06:00,EXTEND,short,4732.7,4737.7,4732.7,4720.9,True,2026-05-08 19:47:00,4720.9,TP,11.7,113.22,65
2026-05-08 20:15:00,2026-05-08 20:30:00,2026-05-08 20:32:00,EXTEND,short,4723.1,4729.9,4723.1,4707.3,True,2026-05-08 20:30:00,4723.1,BE,0.0,-4.0,2
2026-05-08 22:00:00,2026-05-08 22:07:00,2026-05-08 22:29:00,EXTEND,long,4738.9,4725.8,4725.8,4769.4,False,,4725.8,SL,-13.1,-135.03,22
2026-05-08 23:30:00,2026-05-08 23:36:00,2026-05-09 00:22:00,EXTEND,short,4724.2,4730.8,4724.2,4709.0,True,2026-05-08 23:43:00,4724.2,BE,0.0,-4.0,46
2026-05-09 01:50:00,2026-05-09 01:57:00,2026-05-09 02:00:00,BOS,long,4729.8,4728.8,4729.8,4732.1,True,2026-05-09 02:00:00,4732.1,TP,2.3,19.09,3
2026-05-09 02:55:00,2026-05-09 03:06:00,2026-05-09 03:40:00,EXTEND,short,4734.9,4738.5,4734.9,4726.7,True,2026-05-09 03:35:00,4734.9,BE,0.0,-4.0,34
2026-05-11 07:00:00,2026-05-11 07:11:00,2026-05-11 07:59:00,MSS,long,4699.1,4695.1,4699.1,4708.4,True,2026-05-11 07:19:00,4699.1,BE,0.0,-4.0,48
2026-05-11 08:20:00,2026-05-11 08:31:00,2026-05-11 09:04:00,EXTEND,short,4698.6,4707.3,4698.6,4678.2,True,2026-05-11 08:52:00,4698.6,BE,0.0,-4.0,33
2026-05-11 09:20:00,2026-05-11 09:40:00,2026-05-11 09:56:00,MSS,long,4699.6,4690.4,4690.4,4720.9,False,,4690.4,SL,-9.2,-95.68,16
2026-05-11 09:55:00,2026-05-11 10:01:00,2026-05-11 10:30:00,EXTEND,short,4698.6,4704.9,4698.6,4684.1,True,2026-05-11 10:06:00,4698.6,BE,0.0,-4.0,29
2026-05-11 10:35:00,2026-05-11 10:44:00,2026-05-11 10:50:00,MSS,long,4697.9,4691.1,4691.1,4713.8,False,,4691.1,SL,-6.8,-72.38,6
2026-05-11 13:25:00,2026-05-11 13:30:00,2026-05-11 13:30:00,BOS,short,4681.1,4682.9,4682.9,4677.1,False,,4682.9,SL,-1.8,-21.57,0
2026-05-11 13:30:00,2026-05-11 13:38:00,2026-05-11 13:42:00,MSS,long,4681.6,4678.3,4678.3,4689.3,False,,4678.3,SL,-3.3,-37.23,4
2026-05-11 13:55:00,2026-05-11 14:17:00,2026-05-11 14:54:00,EXTEND,short,4675.8,4688.4,4688.4,4646.6,False,,4688.4,SL,-12.6,-129.68,37
2026-05-12 07:30:00,2026-05-12 07:37:00,2026-05-12 07:48:00,BOS,long,4763.1,4760.0,4763.1,4770.2,True,2026-05-12 07:37:00,4770.2,TP,7.1,67.04,11
2026-05-12 08:15:00,2026-05-12 08:22:00,2026-05-12 08:23:00,BOS,long,4773.9,4768.0,4768.0,4787.7,False,,4768.0,SL,-5.9,-63.21,1
2026-05-12 10:10:00,2026-05-12 10:15:00,2026-05-12 10:21:00,MSS,long,4738.1,4734.7,4734.7,4745.9,False,,4734.7,SL,-3.4,-37.62,6
2026-05-12 10:45:00,2026-05-12 11:19:00,2026-05-12 11:45:00,EXTEND,long,4735.8,4731.4,4731.4,4746.0,False,,4731.4,SL,-4.4,-47.93,26
2026-05-12 11:55:00,2026-05-12 12:15:00,2026-05-12 12:16:00,EXTEND,short,4733.1,4736.9,4736.9,4724.3,False,,4736.9,SL,-3.8,-41.82,1
2026-05-12 12:15:00,2026-05-12 12:23:00,2026-05-12 12:47:00,MSS,long,4733.6,4730.0,4730.0,4741.9,False,,4730.0,SL,-3.6,-39.91,24
2026-05-12 13:10:00,2026-05-12 13:15:00,2026-05-12 13:30:00,EXTEND,short,4723.8,4727.8,4727.8,4714.6,False,,4727.8,SL,-4.0,-43.73,15
2026-05-12 15:05:00,2026-05-12 15:11:00,2026-05-12 16:01:00,EXTEND,short,4705.4,4713.0,4713.0,4687.9,False,,4713.0,SL,-7.6,-79.64,50
2026-05-12 16:00:00,2026-05-12 16:10:00,2026-05-12 16:15:00,MSS,long,4709.1,4705.7,4705.7,4717.1,False,,4705.7,SL,-3.4,-38.38,5
2026-05-13 07:05:00,2026-05-13 07:13:00,2026-05-13 07:34:00,EXTEND,long,4726.5,4723.2,4726.5,4734.2,True,2026-05-13 07:24:00,4726.5,BE,0.0,-4.0,21
2026-05-13 07:45:00,2026-05-13 07:53:00,2026-05-13 08:00:00,MSS,short,4727.0,4729.5,4727.0,4721.1,True,2026-05-13 07:55:00,4727.0,BE,0.0,-4.0,7
2026-05-13 08:05:00,2026-05-13 08:33:00,2026-05-13 08:45:00,EXTEND,long,4727.7,4722.9,4727.7,4738.8,True,2026-05-13 08:40:00,4727.7,BE,0.0,-4.0,12
2026-05-13 09:35:00,2026-05-13 09:42:00,2026-05-13 10:30:00,EXTEND,short,4718.9,4724.5,4718.9,4705.8,True,2026-05-13 09:56:00,4705.8,TP,13.1,126.54,48
2026-05-13 11:35:00,2026-05-13 11:56:00,2026-05-13 13:30:00,EXTEND,long,4703.8,4697.0,4703.8,4719.6,True,2026-05-13 12:19:00,4703.8,BE,0.0,-4.0,94
2026-05-13 13:30:00,2026-05-13 13:40:00,2026-05-13 13:58:00,EXTEND,short,4710.0,4715.4,4710.0,4697.5,True,2026-05-13 13:44:00,4710.0,BE,0.0,-4.0,18
2026-05-13 14:15:00,2026-05-13 14:52:00,2026-05-13 16:26:00,EXTEND,long,4711.2,4703.8,4703.8,4728.4,False,,4703.8,SL,-7.4,-78.11,94
2026-05-13 16:55:00,2026-05-13 17:07:00,2026-05-13 17:14:00,EXTEND,long,4705.1,4702.0,4702.0,4712.4,False,,4702.0,SL,-3.1,-35.32,7
2026-05-13 17:20:00,2026-05-13 17:49:00,2026-05-13 18:08:00,EXTEND,short,4703.4,4710.2,4710.2,4687.6,False,,4710.2,SL,-6.8,-72.0,19
2026-05-13 20:00:00,2026-05-13 20:07:00,2026-05-13 20:15:00,EXTEND,short,4709.4,4713.9,4709.4,4699.0,True,2026-05-13 20:10:00,4699.0,TP,10.4,99.9,8
2026-05-13 21:20:00,2026-05-13 21:31:00,2026-05-13 21:33:00,EXTEND,long,4691.9,4685.7,4691.9,4706.3,True,2026-05-13 21:32:00,4691.9,BE,0.0,-4.0,2
2026-05-13 21:45:00,2026-05-13 22:26:00,2026-05-13 23:34:00,EXTEND,short,4692.0,4701.9,4701.9,4669.1,False,,4701.9,SL,-9.9,-102.56,68
2026-05-14 00:25:00,2026-05-14 00:34:00,2026-05-14 00:50:00,EXTEND,long,4710.6,4706.1,4706.1,4721.1,False,,4706.1,SL,-4.5,-49.08,16
2026-05-14 02:00:00,2026-05-14 02:08:00,2026-05-14 02:46:00,EXTEND,short,4698.6,4702.5,4698.6,4689.7,True,2026-05-14 02:44:00,4689.7,TP,9.0,85.69,38
2026-05-14 02:45:00,2026-05-14 02:54:00,2026-05-14 04:24:00,EXTEND,short,4695.0,4700.9,4700.9,4681.2,False,,4700.9,SL,-5.9,-63.21,90
2026-05-14 07:10:00,2026-05-14 07:25:00,2026-05-14 07:30:00,EXTEND,long,4705.4,4703.1,4703.1,4710.6,False,,4703.1,SL,-2.3,-26.54,5
2026-05-14 07:45:00,2026-05-14 07:55:00,2026-05-14 08:00:00,BOS,short,4702.8,4704.6,4704.6,4698.5,False,,4704.6,SL,-1.8,-22.34,5
2026-05-14 08:00:00,2026-05-14 08:05:00,2026-05-14 08:06:00,BOS,short,4700.9,4703.8,4703.8,4694.1,False,,4703.8,SL,-2.9,-33.03,1
2026-05-14 08:15:00,2026-05-14 08:32:00,2026-05-14 08:41:00,EXTEND,long,4704.7,4699.8,4699.8,4715.9,False,,4699.8,SL,-4.9,-52.51,9
2026-05-14 08:40:00,2026-05-14 08:45:00,2026-05-14 08:59:00,EXTEND,short,4707.6,4712.5,4712.5,4696.2,False,,4712.5,SL,-4.9,-52.9,14
2026-05-14 08:55:00,2026-05-14 09:01:00,2026-05-14 09:03:00,BOS,long,4709.2,4706.3,4706.3,4716.0,False,,4706.3,SL,-2.9,-33.03,2
2026-05-14 09:40:00,2026-05-14 10:34:00,2026-05-14 11:41:00,EXTEND,short,4704.8,4713.9,4704.8,4683.5,True,2026-05-14 10:47:00,4683.5,TP,21.2,208.23,67
2026-05-14 12:00:00,2026-05-14 12:19:00,2026-05-14 12:25:00,EXTEND,short,4689.4,4699.5,4699.5,4665.8,False,,4699.5,SL,-10.1,-105.23,6
2026-05-14 13:25:00,2026-05-14 13:30:00,2026-05-14 13:59:00,EXTEND,short,4707.0,4711.3,4707.0,4697.1,True,2026-05-14 13:55:00,4697.1,TP,9.9,95.46,29
2026-05-14 14:10:00,2026-05-14 14:44:00,2026-05-14 15:27:00,EXTEND,short,4703.6,4710.4,4710.4,4687.9,False,,4710.4,SL,-6.8,-71.61,43
2026-05-14 15:35:00,2026-05-14 15:50:00,2026-05-14 15:58:00,EXTEND,long,4710.3,4700.7,4700.7,4732.6,False,,4700.7,SL,-9.6,-99.88,8
2026-05-14 16:35:00,2026-05-14 16:41:00,2026-05-14 16:43:00,EXTEND,long,4708.0,4704.4,4704.4,4716.2,False,,4704.4,SL,-3.6,-39.53,2
2026-05-14 18:20:00,2026-05-14 18:26:00,2026-05-14 18:52:00,EXTEND,short,4704.4,4707.2,4704.4,4698.1,True,2026-05-14 18:38:00,4698.1,TP,6.4,59.94,26
2026-05-14 18:50:00,2026-05-14 18:55:00,2026-05-14 19:00:00,EXTEND,short,4702.0,4704.8,4704.8,4695.7,False,,4704.8,SL,-2.8,-31.5,5
2026-05-14 19:25:00,2026-05-14 19:39:00,2026-05-14 19:47:00,EXTEND,short,4701.7,4705.4,4705.4,4693.1,False,,4705.4,SL,-3.7,-41.05,8
2026-05-14 19:50:00,2026-05-14 19:59:00,2026-05-14 20:35:00,MSS,long,4701.7,4695.7,4701.7,4715.5,True,2026-05-14 20:13:00,4715.5,TP,13.9,134.53,36
2026-05-14 20:35:00,2026-05-14 20:44:00,2026-05-14 21:02:00,EXTEND,long,4705.7,4698.7,4705.7,4721.8,True,2026-05-14 20:59:00,4705.7,BE,0.0,-4.0,18
2026-05-14 21:00:00,2026-05-14 21:10:00,2026-05-14 21:19:00,EXTEND,short,4711.4,4716.9,4711.4,4698.5,True,2026-05-14 21:18:00,4698.5,TP,12.9,124.76,9
2026-05-14 21:40:00,2026-05-14 21:49:00,2026-05-15 03:45:00,EXTEND,short,4696.3,4711.7,4696.3,4660.4,True,2026-05-15 00:07:00,4660.4,TP,35.9,354.75,356
2026-05-15 07:00:00,2026-05-15 07:10:00,2026-05-15 07:14:00,EXTEND,long,4663.7,4661.2,4663.7,4669.6,True,2026-05-15 07:11:00,4663.7,BE,0.0,-4.0,4
2026-05-15 07:20:00,2026-05-15 07:26:00,2026-05-15 07:28:00,EXTEND,short,4664.7,4667.8,4667.8,4657.4,False,,4667.8,SL,-3.1,-35.32,2
2026-05-15 07:25:00,2026-05-15 07:31:00,2026-05-15 07:31:00,MSS,long,4663.2,4659.6,4659.6,4671.5,False,,4659.6,SL,-3.6,-39.91,0
2026-05-15 08:00:00,2026-05-15 08:15:00,2026-05-15 08:25:00,EXTEND,short,4660.4,4669.0,4660.4,4640.4,True,2026-05-15 08:22:00,4640.4,TP,20.0,195.8,10
2026-05-15 08:55:00,2026-05-15 09:00:00,2026-05-15 09:04:00,MSS,long,4627.1,4621.8,4627.1,4639.6,True,2026-05-15 09:02:00,4627.1,BE,0.0,-4.0,4
2026-05-15 09:00:00,2026-05-15 09:05:00,2026-05-15 09:06:00,EXTEND,long,4627.5,4621.8,4621.8,4640.7,False,,4621.8,SL,-5.7,-60.92,1
2026-05-15 09:10:00,2026-05-15 09:20:00,2026-05-15 09:46:00,EXTEND,short,4627.4,4636.7,4627.4,4605.8,True,2026-05-15 09:26:00,4627.4,BE,0.0,-4.0,26
2026-05-15 10:40:00,2026-05-15 10:46:00,2026-05-15 10:51:00,MSS,long,4616.7,4613.5,4616.7,4624.3,True,2026-05-15 10:51:00,4624.3,TP,7.5,71.48,5
2026-05-15 10:55:00,2026-05-15 11:02:00,2026-05-15 11:18:00,EXTEND,long,4618.8,4613.5,4618.8,4631.0,True,2026-05-15 11:05:00,4618.8,BE,0.0,-4.0,16
2026-05-15 11:30:00,2026-05-15 11:42:00,2026-05-15 11:59:00,EXTEND,short,4620.4,4626.2,4620.4,4607.0,True,2026-05-15 11:56:00,4620.5,BE,-0.1,-4.68,17
2026-05-15 12:05:00,2026-05-15 12:19:00,2026-05-15 12:21:00,MSS,long,4618.7,4614.4,4614.4,4628.6,False,,4614.4,SL,-4.3,-46.78,2
2026-05-15 12:40:00,2026-05-15 12:50:00,2026-05-15 13:01:00,MSS,short,4614.9,4619.0,4614.9,4605.4,True,2026-05-15 12:55:00,4605.4,TP,9.5,91.02,11
2026-05-15 13:45:00,2026-05-15 13:50:00,2026-05-15 13:59:00,BOS,short,4574.4,4579.8,4574.4,4561.9,True,2026-05-15 13:56:00,4561.9,TP,12.5,121.21,9
2026-05-15 14:00:00,2026-05-15 14:05:00,2026-05-15 14:15:00,EXTEND,short,4570.6,4577.2,4577.2,4555.4,False,,4577.2,SL,-6.6,-69.7,10
2026-05-15 14:45:00,2026-05-15 15:09:00,2026-05-15 15:10:00,EXTEND,short,4578.6,4584.9,4584.9,4564.1,False,,4584.9,SL,-6.3,-66.65,1
2026-05-15 15:20:00,2026-05-15 15:49:00,2026-05-15 16:01:00,EXTEND,long,4578.9,4569.8,4569.8,4599.9,False,,4569.8,SL,-9.1,-94.53,12
2026-05-15 16:45:00,2026-05-15 16:55:00,2026-05-15 17:06:00,EXTEND,long,4559.0,4553.2,4559.0,4572.5,True,2026-05-15 17:05:00,4559.0,BE,0.0,-4.0,11
2026-05-15 17:15:00,2026-05-15 17:29:00,2026-05-15 17:50:00,EXTEND,short,4558.7,4568.2,4558.7,4536.6,True,2026-05-15 17:38:00,4536.6,TP,22.1,217.11,21
2026-05-15 17:50:00,2026-05-15 17:56:00,2026-05-15 18:08:00,EXTEND,short,4550.6,4559.8,4559.8,4529.2,False,,4559.8,SL,-9.2,-96.06,12
2026-05-15 20:00:00,2026-05-15 20:10:00,2026-05-15 20:20:00,BOS,short,4558.3,4563.4,4558.3,4546.4,True,2026-05-15 20:14:00,4558.3,BE,0.0,-4.0,10
2026-05-15 20:20:00,2026-05-15 20:30:00,2026-05-15 20:42:00,MSS,long,4554.4,4549.1,4549.1,4566.6,False,,4549.1,SL,-5.3,-56.72,12
2026-05-15 21:45:00,2026-05-15 21:56:00,2026-05-15 22:19:00,EXTEND,short,4543.5,4561.8,4561.8,4501.1,False,,4561.8,SL,-18.3,-186.6,23
2026-05-15 22:45:00,2026-05-15 22:54:00,2026-05-15 22:56:00,MSS,short,4561.0,4565.0,4565.0,4551.7,False,,4565.0,SL,-4.0,-44.11,2
2026-05-15 22:55:00,2026-05-15 23:02:00,2026-05-15 23:19:00,MSS,long,4558.0,4550.1,4550.1,4576.5,False,,4550.1,SL,-7.9,-83.46,17
2026-05-16 00:10:00,2026-05-16 00:22:00,2026-05-16 00:25:00,EXTEND,short,4541.4,4546.5,4546.5,4529.6,False,,4546.5,SL,-5.1,-54.81,3
2026-05-16 01:20:00,2026-05-16 01:29:00,2026-05-16 01:55:00,BOS,long,4562.1,4558.4,4562.1,4570.6,True,2026-05-16 01:31:00,4562.1,BE,0.0,-4.0,26
2026-05-16 02:10:00,2026-05-16 02:17:00,2026-05-16 02:18:00,BOS,long,4562.6,4560.2,4560.2,4568.3,False,,4560.2,SL,-2.4,-28.45,1
2026-05-18 09:20:00,2026-05-18 09:25:00,2026-05-18 09:35:00,MSS,long,4501.5,4495.5,4501.5,4515.6,True,2026-05-18 09:26:00,4515.6,TP,14.0,136.3,10
2026-05-18 10:45:00,2026-05-18 11:05:00,2026-05-18 11:31:00,EXTEND,long,4532.8,4524.6,4532.8,4551.9,True,2026-05-18 11:27:00,4532.8,BE,0.0,-4.0,26
2026-05-18 12:05:00,2026-05-18 12:28:00,2026-05-18 13:03:00,EXTEND,long,4538.0,4528.1,4538.0,4561.0,True,2026-05-18 12:40:00,4538.0,BE,0.0,-4.0,35
2026-05-18 13:00:00,2026-05-18 13:18:00,2026-05-18 13:19:00,MSS,short,4544.5,4549.4,4549.4,4533.0,False,,4549.4,SL,-4.9,-53.28,1
2026-05-18 13:30:00,2026-05-18 13:40:00,2026-05-18 13:58:00,EXTEND,long,4544.1,4536.5,4536.5,4561.6,False,,4536.5,SL,-7.6,-79.64,18
2026-05-18 14:00:00,2026-05-18 14:24:00,2026-05-18 14:32:00,EXTEND,short,4547.3,4556.3,4547.3,4526.3,True,2026-05-18 14:30:00,4547.3,BE,0.0,-4.0,8
2026-05-18 15:00:00,2026-05-18 15:20:00,2026-05-18 15:30:00,EXTEND,long,4542.5,4535.8,4542.5,4558.0,True,2026-05-18 15:26:00,4558.0,TP,15.5,151.4,10
2026-05-18 15:30:00,2026-05-18 15:48:00,2026-05-18 17:03:00,EXTEND,long,4550.4,4541.8,4550.4,4570.5,True,2026-05-18 16:50:00,4550.4,BE,0.0,-4.0,75
2026-05-18 18:10:00,2026-05-18 18:15:00,2026-05-18 18:34:00,EXTEND,short,4545.3,4549.0,4545.3,4536.7,True,2026-05-18 18:22:00,4536.7,TP,8.6,82.14,19
2026-05-18 18:30:00,2026-05-18 18:37:00,2026-05-18 18:43:00,BOS,short,4542.3,4546.2,4546.2,4533.2,False,,4546.2,SL,-3.9,-42.96,6
2026-05-18 18:45:00,2026-05-18 18:53:00,2026-05-18 19:09:00,EXTEND,long,4541.6,4535.4,4535.4,4555.8,False,,4535.4,SL,-6.2,-65.5,16
2026-05-18 19:40:00,2026-05-18 20:20:00,2026-05-18 21:33:00,EXTEND,long,4549.5,4535.6,4549.5,4581.7,True,2026-05-18 20:34:00,4581.7,TP,32.2,318.34,73
2026-05-18 21:30:00,2026-05-18 21:42:00,2026-05-18 22:03:00,BOS,long,4572.6,4565.4,4572.6,4589.4,True,2026-05-18 21:48:00,4572.6,BE,0.0,-4.0,21
2026-05-18 23:30:00,2026-05-18 23:40:00,2026-05-19 00:14:00,EXTEND,short,4547.1,4553.0,4553.0,4533.3,False,,4553.0,SL,-5.9,-63.21,34
2026-05-19 00:20:00,2026-05-19 00:25:00,2026-05-19 00:26:00,EXTEND,long,4548.5,4544.4,4544.4,4558.0,False,,4544.4,SL,-4.1,-44.87,1
2026-05-19 00:25:00,2026-05-19 00:37:00,2026-05-19 00:50:00,MSS,short,4548.4,4555.1,4555.1,4532.9,False,,4555.1,SL,-6.7,-70.85,13
2026-05-19 02:25:00,2026-05-19 02:32:00,2026-05-19 03:01:00,EXTEND,short,4547.7,4552.1,4547.7,4537.6,True,2026-05-19 02:39:00,4547.7,BE,0.0,-4.0,29
2026-05-19 07:20:00,2026-05-19 07:58:00,2026-05-19 08:04:00,EXTEND,long,4583.0,4576.7,4583.0,4597.5,True,2026-05-19 08:00:00,4583.0,BE,0.0,-4.0,6
2026-05-19 08:00:00,2026-05-19 08:08:00,2026-05-19 08:15:00,EXTEND,short,4587.9,4591.9,4587.9,4578.6,True,2026-05-19 08:11:00,4578.6,TP,9.3,89.24,7
2026-05-19 08:15:00,2026-05-19 08:21:00,2026-05-19 08:28:00,EXTEND,short,4586.6,4591.9,4586.6,4574.2,True,2026-05-19 08:24:00,4574.2,TP,12.3,119.43,7
2026-05-19 09:00:00,2026-05-19 09:08:00,2026-05-19 09:40:00,EXTEND,short,4572.5,4579.8,4572.5,4555.4,True,2026-05-19 09:09:00,4572.5,BE,0.0,-4.0,32
2026-05-19 09:40:00,2026-05-19 10:00:00,2026-05-19 10:11:00,EXTEND,long,4564.4,4557.3,4557.3,4580.8,False,,4557.3,SL,-7.1,-74.67,11
2026-05-19 11:00:00,2026-05-19 11:38:00,2026-05-19 12:14:00,EXTEND,short,4556.4,4562.6,4556.4,4542.0,True,2026-05-19 11:45:00,4542.0,TP,14.4,139.86,36
2026-05-19 12:15:00,2026-05-19 12:20:00,2026-05-19 12:53:00,EXTEND,short,4546.0,4548.8,4546.0,4539.7,True,2026-05-19 12:26:00,4546.0,BE,0.0,-4.0,33
2026-05-19 13:00:00,2026-05-19 13:08:00,2026-05-19 13:21:00,MSS,long,4543.7,4540.9,4543.7,4550.2,True,2026-05-19 13:08:00,4543.7,BE,0.0,-4.0,13
2026-05-19 13:20:00,2026-05-19 13:29:00,2026-05-19 13:31:00,MSS,short,4543.4,4549.8,4543.4,4528.5,True,2026-05-19 13:30:00,4543.4,BE,0.0,-4.0,2
2026-05-19 14:45:00,2026-05-19 14:55:00,2026-05-19 15:05:00,MSS,short,4552.4,4556.1,4552.4,4543.7,True,2026-05-19 15:00:00,4552.4,BE,0.0,-4.0,10
2026-05-19 15:05:00,2026-05-19 15:11:00,2026-05-19 15:27:00,MSS,long,4551.9,4547.5,4547.5,4562.0,False,,4547.5,SL,-4.4,-47.55,16
2026-05-19 15:40:00,2026-05-19 15:46:00,2026-05-19 15:46:00,MSS,short,4549.8,4553.0,4553.0,4542.3,False,,4553.0,SL,-3.2,-36.09,0
2026-05-19 16:00:00,2026-05-19 16:07:00,2026-05-19 16:23:00,EXTEND,long,4551.6,4544.6,4544.6,4567.7,False,,4544.6,SL,-7.0,-73.52,16
2026-05-19 16:25:00,2026-05-19 16:34:00,2026-05-19 16:47:00,EXTEND,short,4546.9,4551.5,4551.5,4536.1,False,,4551.5,SL,-4.6,-50.22,13
2026-05-19 17:15:00,2026-05-19 17:22:00,2026-05-19 17:54:00,EXTEND,short,4546.8,4551.5,4546.8,4535.8,True,2026-05-19 17:31:00,4546.8,BE,0.0,-4.0,32
2026-05-19 18:40:00,2026-05-19 18:55:00,2026-05-19 18:58:00,BOS,short,4539.6,4546.6,4546.6,4523.5,False,,4546.6,SL,-7.0,-73.52,3
2026-05-19 20:00:00,2026-05-19 20:07:00,2026-05-19 20:10:00,EXTEND,short,4540.8,4547.1,4547.1,4526.1,False,,4547.1,SL,-6.3,-67.03,3
2026-05-19 21:30:00,2026-05-19 21:54:00,2026-05-20 08:30:00,EXTEND,short,4505.7,4529.5,4505.7,4450.4,True,2026-05-20 06:16:00,4505.7,BE,0.0,-4.0,576
2026-05-20 08:45:00,2026-05-20 09:03:00,2026-05-20 09:27:00,EXTEND,long,4494.2,4482.5,4482.5,4521.2,False,,4482.5,SL,-11.7,-120.51,24
2026-05-20 09:35:00,2026-05-20 09:50:00,2026-05-20 15:09:00,EXTEND,short,4486.0,4503.4,4486.0,4445.6,True,2026-05-20 10:32:00,4486.0,BE,0.0,-4.0,319
2026-05-20 15:10:00,2026-05-20 15:23:00,2026-05-20 15:36:00,EXTEND,long,4479.3,4473.9,4479.3,4491.8,True,2026-05-20 15:25:00,4479.3,BE,0.0,-4.0,13
2026-05-20 16:30:00,2026-05-20 16:35:00,2026-05-20 17:12:00,EXTEND,long,4483.1,4477.6,4483.1,4496.0,True,2026-05-20 16:52:00,4483.1,BE,0.0,-4.0,37
2026-05-20 17:25:00,2026-05-20 17:32:00,2026-05-20 17:39:00,MSS,short,4481.9,4486.1,4486.1,4472.3,False,,4486.1,SL,-4.2,-45.64,7
2026-05-20 17:50:00,2026-05-20 17:59:00,2026-05-20 18:35:00,MSS,long,4487.8,4484.3,4487.8,4495.9,True,2026-05-20 18:05:00,4495.9,TP,8.1,76.81,36
2026-05-20 19:15:00,2026-05-20 19:23:00,2026-05-20 19:24:00,MSS,short,4497.1,4499.0,4499.0,4492.8,False,,4499.0,SL,-1.9,-22.72,1
2026-05-20 19:25:00,2026-05-20 19:42:00,2026-05-20 19:50:00,MSS,long,4497.4,4493.5,4493.5,4506.5,False,,4493.5,SL,-3.9,-42.96,8
2026-05-20 20:45:00,2026-05-20 20:55:00,2026-05-20 21:20:00,EXTEND,long,4500.2,4495.2,4500.2,4511.8,True,2026-05-20 21:13:00,4500.2,BE,0.0,-4.0,25
2026-05-20 22:10:00,2026-05-20 22:15:00,2026-05-20 22:16:00,EXTEND,short,4485.2,4495.0,4495.0,4462.4,False,,4495.0,SL,-9.8,-102.17,1
2026-05-20 23:15:00,2026-05-20 23:25:00,2026-05-21 06:18:00,BOS,long,4538.3,4526.5,4538.3,4565.9,True,2026-05-21 03:30:00,4538.3,BE,0.0,-4.0,353
2026-05-21 07:25:00,2026-05-21 07:30:00,2026-05-21 07:33:00,EXTEND,short,4539.3,4541.6,4541.6,4533.9,False,,4541.6,SL,-2.3,-27.3,3
2026-05-21 08:00:00,2026-05-21 08:18:00,2026-05-21 08:24:00,EXTEND,long,4541.2,4535.5,4541.2,4554.3,True,2026-05-21 08:19:00,4541.2,BE,0.0,-4.0,6
2026-05-21 11:50:00,2026-05-21 12:02:00,2026-05-21 12:14:00,BOS,short,4534.2,4537.9,4537.9,4525.5,False,,4537.9,SL,-3.7,-41.44,12
2026-05-21 12:55:00,2026-05-21 13:03:00,2026-05-21 13:06:00,BOS,long,4538.1,4536.6,4538.1,4541.6,True,2026-05-21 13:05:00,4538.1,BE,0.0,-4.0,3
2026-05-21 14:20:00,2026-05-21 14:40:00,2026-05-21 15:06:00,EXTEND,long,4527.5,4519.1,4519.1,4547.2,False,,4519.1,SL,-8.4,-88.42,26
2026-05-21 15:25:00,2026-05-21 15:50:00,2026-05-21 16:04:00,BOS,short,4520.5,4525.0,4525.0,4510.1,False,,4525.0,SL,-4.5,-48.69,14
2026-05-21 16:35:00,2026-05-21 16:46:00,2026-05-21 17:11:00,MSS,short,4534.1,4538.1,4538.1,4524.9,False,,4538.1,SL,-4.0,-43.73,25
2026-05-21 17:20:00,2026-05-21 17:26:00,2026-05-21 17:32:00,EXTEND,long,4537.1,4532.9,4537.1,4546.9,True,2026-05-21 17:30:00,4537.1,BE,0.0,-4.0,6
2026-05-21 18:00:00,2026-05-21 18:07:00,2026-05-21 18:09:00,MSS,long,4532.2,4530.7,4532.2,4535.8,True,2026-05-21 18:08:00,4535.8,TP,3.6,31.52,2
2026-05-21 18:05:00,2026-05-21 18:12:00,2026-05-21 18:22:00,EXTEND,long,4533.2,4530.7,4533.2,4539.1,True,2026-05-21 18:18:00,4533.2,BE,0.0,-4.0,10
2026-05-21 19:35:00,2026-05-21 19:51:00,2026-05-21 20:01:00,EXTEND,short,4517.3,4522.4,4517.3,4505.4,True,2026-05-21 19:55:00,4517.3,BE,0.0,-4.0,10
2026-05-21 20:05:00,2026-05-21 20:13:00,2026-05-21 20:15:00,MSS,long,4514.7,4511.8,4511.8,4521.6,False,,4511.8,SL,-2.9,-33.41,2
2026-05-21 20:25:00,2026-05-21 20:33:00,2026-05-21 21:05:00,EXTEND,short,4513.7,4520.3,4513.7,4498.5,True,2026-05-21 20:55:00,4513.7,BE,0.0,-4.0,32
2026-05-21 21:35:00,2026-05-21 21:48:00,2026-05-21 21:52:00,EXTEND,short,4504.1,4513.8,4513.8,4481.7,False,,4513.8,SL,-9.7,-100.65,4
2026-05-22 07:00:00,2026-05-22 07:18:00,2026-05-22 07:21:00,EXTEND,long,4542.8,4540.5,4540.5,4548.2,False,,4540.5,SL,-2.3,-27.3,3
2026-05-22 07:20:00,2026-05-22 07:29:00,2026-05-22 07:44:00,EXTEND,short,4541.8,4545.2,4541.8,4533.8,True,2026-05-22 07:31:00,4533.8,TP,8.0,75.92,15
2026-05-22 08:15:00,2026-05-22 08:21:00,2026-05-22 08:21:00,EXTEND,short,4534.8,4537.3,4537.3,4529.0,False,,4537.3,SL,-2.5,-28.83,0
2026-05-22 08:35:00,2026-05-22 08:47:00,2026-05-22 08:51:00,MSS,long,4535.2,4530.8,4530.8,4545.3,False,,4530.8,SL,-4.4,-47.55,4
2026-05-22 08:55:00,2026-05-22 09:00:00,2026-05-22 09:40:00,EXTEND,short,4536.2,4542.2,4536.2,4522.4,True,2026-05-22 09:02:00,4522.4,TP,13.9,134.53,40
2026-05-22 09:40:00,2026-05-22 09:50:00,2026-05-22 12:28:00,EXTEND,short,4531.6,4537.6,4531.6,4517.5,True,2026-05-22 10:00:00,4531.6,BE,0.0,-4.0,158
2026-05-22 12:25:00,2026-05-22 12:35:00,2026-05-22 12:37:00,BOS,long,4530.4,4528.3,4528.3,4535.4,False,,4528.3,SL,-2.1,-25.39,2
2026-05-22 12:40:00,2026-05-22 12:53:00,2026-05-22 13:17:00,EXTEND,short,4531.1,4533.9,4531.1,4524.5,True,2026-05-22 12:58:00,4524.5,TP,6.6,61.71,24
2026-05-22 13:15:00,2026-05-22 13:21:00,2026-05-22 13:30:00,EXTEND,short,4528.5,4531.2,4531.2,4522.2,False,,4531.2,SL,-2.7,-31.12,9
2026-05-22 13:40:00,2026-05-22 13:54:00,2026-05-22 13:55:00,EXTEND,long,4529.5,4525.9,4525.9,4538.0,False,,4525.9,SL,-3.6,-40.29,1
2026-05-22 13:55:00,2026-05-22 14:13:00,2026-05-22 17:54:00,MSS,short,4525.0,4535.4,4535.4,4501.0,False,,4535.4,SL,-10.4,-107.52,221
2026-05-22 19:05:00,2026-05-22 19:10:00,2026-05-22 19:18:00,EXTEND,long,4515.1,4513.1,4513.1,4519.7,False,,4513.1,SL,-2.0,-23.86,8
2026-05-22 19:20:00,2026-05-22 19:26:00,2026-05-22 19:32:00,MSS,short,4516.2,4518.3,4516.2,4511.4,True,2026-05-22 19:27:00,4516.2,BE,0.0,-4.0,6
2026-05-22 20:15:00,2026-05-22 20:22:00,2026-05-22 20:32:00,EXTEND,long,4526.0,4519.0,4519.0,4542.4,False,,4519.0,SL,-7.0,-74.29,10
2026-05-22 20:35:00,2026-05-22 20:59:00,2026-05-22 22:00:00,MSS,short,4529.1,4537.4,4529.1,4509.8,True,2026-05-22 21:33:00,4509.8,TP,19.3,188.7,61
2026-05-23 00:30:00,2026-05-23 00:38:00,2026-05-23 00:42:00,EXTEND,long,4522.0,4517.8,4517.8,4531.8,False,,4517.8,SL,-4.2,-46.02,4
2026-05-23 00:40:00,2026-05-23 01:10:00,2026-05-23 01:28:00,MSS,short,4522.4,4528.8,4522.4,4507.6,True,2026-05-23 01:19:00,4522.4,BE,0.0,-4.0,18
2026-05-23 01:30:00,2026-05-23 01:35:00,2026-05-23 02:04:00,EXTEND,long,4520.8,4514.5,4514.5,4535.5,False,,4514.5,SL,-6.3,-67.03,29
2026-05-23 02:00:00,2026-05-23 02:39:00,2026-05-23 03:07:00,MSS,short,4521.0,4525.9,4521.0,4509.8,True,2026-05-23 02:45:00,4509.8,TP,11.3,108.78,28
2026-05-23 03:40:00,2026-05-23 03:50:00,2026-05-23 04:31:00,EXTEND,long,4508.5,4505.9,4508.5,4514.7,True,2026-05-23 04:20:00,4508.5,BE,0.0,-4.0,41
2026-05-25 08:45:00,2026-05-25 08:52:00,2026-05-25 08:55:00,BOS,long,4575.8,4572.2,4572.2,4584.1,False,,4572.2,SL,-3.6,-39.91,3
2026-05-25 08:55:00,2026-05-25 09:00:00,2026-05-25 09:08:00,MSS,short,4576.0,4581.6,4576.0,4562.9,True,2026-05-25 09:01:00,4562.9,TP,13.1,126.54,8
2026-05-25 09:05:00,2026-05-25 09:23:00,2026-05-25 13:25:00,BOS,short,4571.8,4578.1,4571.8,4557.0,True,2026-05-25 09:44:00,4557.0,TP,14.7,143.41,242
2026-05-25 15:00:00,2026-05-25 15:18:00,2026-05-25 15:18:00,EXTEND,long,4558.8,4554.5,4554.5,4568.9,False,,4554.5,SL,-4.3,-47.17,0
2026-05-25 15:50:00,2026-05-25 16:22:00,2026-05-25 17:53:00,EXTEND,long,4558.4,4553.2,4558.4,4570.3,True,2026-05-25 17:33:00,4570.3,TP,12.0,115.88,91
2026-05-25 19:15:00,2026-05-25 19:25:00,2026-05-25 19:53:00,BOS,long,4572.5,4569.4,4572.5,4579.7,True,2026-05-25 19:30:00,4572.5,BE,0.0,-4.0,28
2026-05-25 20:20:00,2026-05-25 20:36:00,2026-05-26 01:13:00,EXTEND,short,4569.8,4579.3,4579.3,4547.6,False,,4579.3,SL,-9.6,-99.5,277
2026-05-26 01:10:00,2026-05-26 01:24:00,2026-05-26 01:40:00,EXTEND,long,4574.0,4569.9,4569.9,4583.5,False,,4569.9,SL,-4.1,-44.87,16
2026-05-26 07:15:00,2026-05-26 07:21:00,2026-05-26 07:24:00,EXTEND,long,4578.6,4575.7,4575.7,4585.2,False,,4575.7,SL,-2.9,-32.65,3
2026-05-26 08:15:00,2026-05-26 08:27:00,2026-05-26 08:43:00,BOS,short,4549.7,4554.4,4549.7,4538.9,True,2026-05-26 08:40:00,4549.7,BE,0.0,-4.0,16
2026-05-26 08:50:00,2026-05-26 08:56:00,2026-05-26 09:36:00,BOS,short,4547.7,4552.6,4547.7,4536.5,True,2026-05-26 09:21:00,4536.5,TP,11.3,108.78,40
2026-05-26 10:05:00,2026-05-26 10:10:00,2026-05-26 10:11:00,MSS,long,4539.9,4539.9,4539.9,4539.9,True,2026-05-26 10:10:00,4539.6,BE,-0.3,-7.0,1
2026-05-26 10:30:00,2026-05-26 10:36:00,2026-05-26 10:45:00,MSS,short,4538.1,4540.1,4538.1,4533.4,True,2026-05-26 10:43:00,4533.4,TP,4.7,43.06,9
2026-05-26 10:50:00,2026-05-26 11:01:00,2026-05-26 11:17:00,EXTEND,short,4536.1,4539.5,4539.5,4528.3,False,,4539.5,SL,-3.4,-37.62,16
2026-05-26 13:35:00,2026-05-26 13:40:00,2026-05-26 13:41:00,EXTEND,long,4531.6,4529.2,4529.2,4537.2,False,,4529.2,SL,-2.4,-28.07,1
2026-05-26 13:50:00,2026-05-26 14:02:00,2026-05-26 14:25:00,EXTEND,short,4531.1,4535.5,4535.5,4520.8,False,,4535.5,SL,-4.4,-48.31,23
2026-05-26 14:25:00,2026-05-26 14:34:00,2026-05-26 14:49:00,EXTEND,long,4532.3,4529.5,4529.5,4538.8,False,,4529.5,SL,-2.8,-31.89,15
2026-05-26 15:15:00,2026-05-26 15:24:00,2026-05-26 15:46:00,EXTEND,short,4529.8,4534.3,4529.8,4519.2,True,2026-05-26 15:32:00,4529.8,BE,0.0,-4.0,22
2026-05-26 15:55:00,2026-05-26 16:13:00,2026-05-26 16:29:00,EXTEND,long,4528.5,4521.7,4521.7,4544.4,False,,4521.7,SL,-6.8,-72.38,16
2026-05-26 17:10:00,2026-05-26 17:17:00,2026-05-26 17:19:00,MSS,short,4523.1,4525.4,4525.4,4517.7,False,,4525.4,SL,-2.3,-27.3,2
2026-05-26 17:15:00,2026-05-26 17:23:00,2026-05-26 17:26:00,EXTEND,short,4522.6,4525.4,4525.4,4516.3,False,,4525.4,SL,-2.8,-31.5,3
2026-05-26 17:40:00,2026-05-26 17:58:00,2026-05-26 18:10:00,EXTEND,short,4521.2,4526.7,4526.7,4508.3,False,,4526.7,SL,-5.5,-59.39,12
2026-05-26 20:35:00,2026-05-26 20:42:00,2026-05-26 20:47:00,BOS,short,4510.5,4516.2,4516.2,4497.3,False,,4516.2,SL,-5.7,-60.92,5
2026-05-26 22:10:00,2026-05-26 22:22:00,2026-05-26 22:32:00,BOS,short,4516.4,4521.3,4521.3,4504.9,False,,4521.3,SL,-4.9,-53.28,10
2026-05-27 07:00:00,2026-05-27 07:21:00,2026-05-27 07:41:00,EXTEND,long,4505.3,4500.0,4505.3,4517.8,True,2026-05-27 07:28:00,4517.8,TP,12.4,120.32,20
2026-05-27 08:25:00,2026-05-27 08:46:00,2026-05-27 09:39:00,EXTEND,short,4521.2,4525.8,4521.2,4510.6,True,2026-05-27 08:50:00,4510.6,TP,10.7,102.56,53
2026-05-27 10:45:00,2026-05-27 10:50:00,2026-05-27 10:57:00,EXTEND,short,4502.2,4505.3,4505.3,4495.1,False,,4505.3,SL,-3.1,-34.56,7
2026-05-27 11:15:00,2026-05-27 11:35:00,2026-05-27 11:58:00,EXTEND,long,4502.6,4497.3,4497.3,4515.0,False,,4497.3,SL,-5.3,-57.1,23
2026-05-27 12:00:00,2026-05-27 12:07:00,2026-05-27 12:34:00,EXTEND,short,4500.8,4504.7,4500.8,4491.9,True,2026-05-27 12:32:00,4500.8,BE,0.0,-4.0,27
2026-05-27 12:30:00,2026-05-27 12:39:00,2026-05-27 12:40:00,EXTEND,short,4500.1,4502.2,4502.2,4495.3,False,,4502.2,SL,-2.1,-24.63,1
2026-05-27 13:10:00,2026-05-27 13:15:00,2026-05-27 13:16:00,MSS,short,4504.3,4502.2,4504.3,4509.2,True,2026-05-27 13:16:00,4505.1,BE,-0.8,-11.99,1
2026-05-27 15:15:00,2026-05-27 15:23:00,2026-05-27 15:24:00,EXTEND,short,4484.6,4487.9,4487.9,4476.9,False,,4487.9,SL,-3.3,-37.23,1
2026-05-27 15:50:00,2026-05-27 16:01:00,2026-05-27 16:18:00,EXTEND,short,4482.7,4487.9,4487.9,4470.5,False,,4487.9,SL,-5.2,-56.33,17
2026-05-27 16:20:00,2026-05-27 16:32:00,2026-05-27 16:40:00,EXTEND,long,4485.7,4482.3,4485.7,4493.5,True,2026-05-27 16:36:00,4493.5,TP,7.8,74.14,8
2026-05-27 16:50:00,2026-05-27 17:05:00,2026-05-27 18:03:00,EXTEND,long,4489.3,4484.7,4484.7,4500.1,False,,4484.7,SL,-4.6,-50.22,58
2026-05-27 19:55:00,2026-05-27 20:03:00,2026-05-27 20:18:00,BOS,short,4434.4,4442.0,4434.4,4416.7,True,2026-05-27 20:13:00,4434.4,BE,0.0,-4.0,15
2026-05-27 20:20:00,2026-05-27 20:48:00,2026-05-27 21:05:00,EXTEND,long,4440.6,4426.2,4426.2,4474.0,False,,4426.2,SL,-14.4,-147.63,17
2026-05-27 21:25:00,2026-05-27 21:31:00,2026-05-27 21:33:00,BOS,short,4411.3,4419.2,4419.2,4392.8,False,,4419.2,SL,-7.9,-83.46,2
2026-05-28 01:00:00,2026-05-28 01:05:00,2026-05-28 01:08:00,MSS,short,4449.1,4451.4,4449.1,4443.9,True,2026-05-28 01:07:00,4443.9,TP,5.2,48.39,3
2026-05-28 01:10:00,2026-05-28 01:29:00,2026-05-28 01:31:00,EXTEND,short,4446.9,4451.4,4451.4,4436.5,False,,4451.4,SL,-4.5,-48.69,2
2026-05-28 02:05:00,2026-05-28 02:16:00,2026-05-28 02:20:00,EXTEND,short,4450.3,4452.9,4452.9,4444.1,False,,4452.9,SL,-2.6,-30.36,4
2026-05-28 02:20:00,2026-05-28 02:37:00,2026-05-28 04:40:00,MSS,long,4450.2,4446.0,4450.2,4460.0,True,2026-05-28 04:15:00,4450.2,BE,0.0,-4.0,121
2026-05-28 07:25:00,2026-05-28 07:39:00,2026-05-28 07:46:00,EXTEND,short,4449.8,4451.8,4449.8,4445.1,True,2026-05-28 07:45:00,4445.0,TP,4.8,43.75,6
2026-05-28 07:50:00,2026-05-28 08:02:00,2026-05-28 08:18:00,EXTEND,short,4447.3,4450.8,4447.3,4439.2,True,2026-05-28 08:15:00,4447.3,BE,0.0,-4.0,10
2026-05-28 12:55:00,2026-05-28 13:06:00,2026-05-28 13:09:00,MSS,long,4368.3,4366.7,4368.3,4372.2,True,2026-05-28 13:06:00,4368.3,BE,0.0,-4.0,2
2026-05-28 17:00:00,2026-05-28 17:11:00,2026-05-28 17:21:00,MSS,long,4385.1,4383.3,4385.1,4389.4,True,2026-05-28 17:19:00,4389.8,TP,4.7,42.66,3
2026-05-28 19:15:00,2026-05-28 19:25:00,2026-05-28 19:29:00,MSS,long,4385.6,4384.0,4384.0,4389.5,False,,4382.6,SL,-3.0,-34.43,1
2026-05-28 19:30:00,2026-05-28 19:37:00,2026-05-28 19:59:00,EXTEND,short,4385.2,4388.3,4385.2,4377.9,True,2026-05-28 19:47:00,4385.3,BE,-0.1,-5.32,20
2026-05-28 21:35:00,2026-05-28 21:46:00,2026-05-28 21:53:00,EXTEND,short,4425.8,4431.6,4431.6,4412.4,False,,4431.6,SL,-5.8,-61.68,7
2026-05-28 22:45:00,2026-05-28 22:57:00,2026-05-29 00:16:00,EXTEND,long,4462.2,4452.8,4462.2,4484.2,True,2026-05-28 23:02:00,4484.2,TP,21.9,215.34,74
2026-05-29 01:00:00,2026-05-29 01:14:00,2026-05-29 02:34:00,EXTEND,long,4502.4,4496.7,4502.4,4515.5,True,2026-05-29 02:06:00,4500.2,BE,-2.2,-25.54,20
