time,kind,direction,entry,sl,tp,wave_start,wave_end,wave_start_bar
2025-12-04 22:05:00,MSS,long,4194.2,4190.0,4201.0,4190.0,4201.0,15
2025-12-04 23:05:00,MSS,short,4201.5,4206.2,4193.8,4206.2,4193.8,22
2025-12-05 00:40:00,MSS,long,4199.3,4193.8,4208.2,4193.8,4208.2,23
2025-12-05 12:05:00,BOS,long,4204.1,4199.8,4211.0,4199.8,4211.0,25
2025-12-05 22:55:00,BOS,long,4230.9,4221.8,4245.7,4221.8,4245.7,32
2025-12-05 23:40:00,BOS,long,4247.4,4241.5,4257.0,4241.5,4257.0,34
2025-12-06 00:05:00,MSS,short,4250.1,4257.0,4239.0,4257.0,4239.0,35
2025-12-08 10:30:00,BOS,short,4204.5,4209.1,4197.0,4209.1,4197.0,44
2025-12-08 16:00:00,MSS,long,4201.3,4197.0,4208.3,4197.0,4208.3,45
2025-12-08 23:05:00,MSS,short,4197.5,4208.3,4180.0,4208.3,4180.0,47
2025-12-09 02:50:00,MSS,long,4184.2,4180.0,4191.1,4180.0,4191.1,53
2025-12-09 14:00:00,MSS,short,4187.8,4194.0,4177.9,4194.0,4177.9,56
2025-12-09 17:05:00,MSS,long,4187.9,4177.9,4204.0,4177.9,4204.0,58
2025-12-09 22:20:00,MSS,short,4201.1,4205.2,4194.4,4205.2,4194.4,66
2025-12-09 23:55:00,MSS,long,4202.1,4194.4,4214.5,4194.4,4214.5,67
2025-12-10 09:35:00,BOS,long,4208.6,4204.0,4216.1,4204.0,4216.1,70
2025-12-10 17:50:00,MSS,short,4207.8,4216.9,4193.2,4216.9,4193.2,74
2025-12-11 02:35:00,BOS,short,4196.5,4198.7,4193.0,4198.7,4193.0,77
2025-12-11 05:05:00,MSS,long,4206.9,4193.0,4229.3,4193.0,4229.3,79
2025-12-11 23:50:00,BOS,long,4227.3,4204.7,4263.9,4204.7,4263.9,84
2025-12-12 15:10:00,BOS,long,4286.1,4281.9,4292.8,4281.9,4292.8,90
2025-12-12 23:25:00,MSS,short,4329.2,4347.4,4299.8,4347.4,4299.8,99
2025-12-15 21:00:00,MSS,long,4304.0,4275.5,4350.0,4275.5,4350.0,102
2025-12-16 15:10:00,MSS,short,4301.2,4312.5,4283.0,4312.5,4283.0,109
2025-12-17 20:30:00,MSS,long,4310.8,4304.0,4321.7,4304.0,4321.7,113
2025-12-18 09:25:00,MSS,short,4343.1,4350.0,4332.0,4350.0,4332.0,118
2025-12-18 22:40:00,BOS,short,4338.7,4349.7,4321.0,4349.7,4321.0,121
2025-12-19 11:00:00,BOS,short,4331.8,4339.7,4319.1,4339.7,4319.1,124
2025-12-22 10:00:00,MSS,long,4346.9,4319.1,4391.9,4319.1,4391.9,125
2025-12-22 11:45:00,BOS,long,4392.7,4388.2,4400.0,4388.2,4400.0,127
2025-12-22 22:55:00,BOS,long,4425.0,4420.0,4433.0,4420.0,4433.0,132
2025-12-26 22:20:00,BOS,long,4489.1,4457.9,4539.5,4457.9,4539.5,145
2025-12-26 23:30:00,BOS,long,4544.9,4538.7,4555.0,4538.7,4555.0,148
2025-12-29 07:30:00,MSS,short,4546.0,4547.0,4544.4,4547.0,4544.4,152
2025-12-30 08:35:00,BOS,short,4363.1,4366.5,4357.6,4366.5,4357.6,159
2025-12-30 09:00:00,BOS,short,4350.5,4356.0,4341.7,4356.0,4341.7,165
2025-12-30 09:15:00,MSS,long,4346.4,4339.0,4358.4,4339.0,4358.4,167
2025-12-30 09:40:00,BOS,long,4353.2,4346.3,4364.3,4346.3,4364.3,172
2025-12-30 10:45:00,BOS,long,4367.1,4362.6,4374.5,4362.6,4374.5,185
2025-12-30 11:20:00,BOS,long,4374.2,4370.5,4380.3,4370.5,4380.3,191
2025-12-30 11:50:00,MSS,short,4376.5,4379.3,4371.9,4379.3,4371.9,199
2025-12-30 12:20:00,MSS,long,4373.9,4371.7,4377.5,4371.7,4377.5,203
2025-12-30 12:35:00,BOS,long,4378.6,4376.1,4382.7,4376.1,4382.7,208
2025-12-30 13:05:00,MSS,short,4377.1,4379.4,4373.3,4379.4,4373.3,214
2025-12-30 13:20:00,MSS,long,4379.0,4373.3,4388.3,4373.3,4388.3,215
2025-12-30 14:15:00,MSS,short,4387.9,4391.0,4382.9,4391.0,4382.9,228
2025-12-30 14:35:00,BOS,short,4381.0,4384.6,4375.1,4384.6,4375.1,232
2025-12-30 15:10:00,MSS,long,4378.1,4374.5,4383.9,4374.5,4383.9,239
2025-12-30 15:35:00,BOS,long,4384.1,4380.8,4389.4,4380.8,4389.4,242
2025-12-30 16:00:00,MSS,short,4390.9,4398.5,4378.7,4398.5,4378.7,248
2025-12-30 16:20:00,BOS,short,4384.8,4390.0,4376.3,4390.0,4376.3,252
2025-12-30 16:50:00,MSS,long,4372.9,4369.2,4378.8,4369.2,4378.8,259
2025-12-30 17:50:00,BOS,long,4384.9,4382.8,4388.3,4382.8,4388.3,270
2025-12-30 18:10:00,BOS,long,4386.4,4383.4,4391.3,4383.4,4391.3,275
2025-12-30 19:05:00,BOS,long,4398.5,4394.4,4405.2,4394.4,4405.2,283
2025-12-30 19:45:00,MSS,short,4402.5,4405.3,4398.0,4405.3,4398.0,291
2025-12-30 20:10:00,MSS,long,4402.8,4396.6,4412.8,4396.6,4412.8,296
2025-12-30 20:35:00,BOS,long,4410.7,4407.5,4415.9,4407.5,4415.9,303
2025-12-30 21:15:00,MSS,short,4415.2,4420.5,4406.6,4420.5,4406.6,310
2025-12-30 21:30:00,BOS,short,4405.4,4413.7,4391.9,4413.7,4391.9,315
2025-12-30 22:25:00,MSS,long,4400.3,4396.2,4407.0,4396.2,4407.0,325
2025-12-30 22:35:00,MSS,short,4400.7,4407.8,4389.3,4407.8,4389.3,328
2025-12-31 00:05:00,BOS,short,4381.7,4387.5,4372.2,4387.5,4372.2,345
2025-12-31 00:55:00,MSS,long,4385.1,4378.3,4396.1,4378.3,4396.1,353
2025-12-31 01:45:00,MSS,short,4387.7,4392.6,4379.7,4392.6,4379.7,363
2025-12-31 03:30:00,BOS,short,4380.3,4382.9,4376.1,4382.9,4376.1,387
2025-12-31 03:45:00,BOS,short,4374.8,4382.9,4361.7,4382.9,4361.7,387
2025-12-31 04:30:00,MSS,long,4359.5,4353.0,4369.9,4353.0,4369.9,395
2025-12-31 05:40:00,BOS,long,4362.6,4361.3,4364.8,4361.3,4364.8,412
2025-12-31 05:50:00,MSS,short,4359.6,4364.8,4351.1,4364.8,4351.1,414
2025-12-31 07:25:00,BOS,short,4353.5,4359.5,4343.9,4359.5,4343.9,418
2025-12-31 08:25:00,BOS,short,4351.2,4355.2,4344.7,4355.2,4344.7,434
2025-12-31 09:00:00,MSS,long,4353.8,4348.6,4362.3,4348.6,4362.3,440
2025-12-31 09:20:00,BOS,long,4364.0,4360.8,4369.3,4360.8,4369.3,445
2025-12-31 09:30:00,BOS,long,4368.9,4364.8,4375.5,4364.8,4375.5,447
2025-12-31 10:10:00,MSS,short,4379.7,4383.4,4373.7,4383.4,4373.7,455
2025-12-31 10:45:00,BOS,short,4376.2,4382.9,4365.4,4382.9,4365.4,462
2025-12-31 11:20:00,BOS,short,4364.4,4371.7,4352.5,4371.7,4352.5,468
2025-12-31 12:50:00,BOS,short,4357.1,4360.7,4351.4,4360.7,4351.4,483
2025-12-31 13:40:00,BOS,short,4343.2,4354.4,4325.2,4354.4,4325.2,495
2025-12-31 14:15:00,MSS,long,4296.8,4284.5,4316.8,4284.5,4316.8,502
2025-12-31 14:25:00,BOS,long,4309.6,4303.2,4320.0,4303.2,4320.0,505
2025-12-31 14:45:00,BOS,long,4324.2,4320.5,4330.3,4320.5,4330.3,510
2025-12-31 15:10:00,BOS,long,4338.9,4335.9,4343.7,4335.9,4343.7,515
2025-12-31 15:45:00,MSS,short,4343.6,4346.3,4339.3,4346.3,4339.3,521
2025-12-31 16:05:00,BOS,short,4340.2,4344.6,4333.2,4344.6,4333.2,526
2025-12-31 16:40:00,BOS,short,4335.6,4339.6,4329.0,4339.6,4329.0,530
2025-12-31 17:20:00,MSS,long,4326.8,4322.8,4333.4,4322.8,4333.4,541
2025-12-31 18:25:00,MSS,short,4338.9,4343.3,4331.9,4343.3,4331.9,553
2025-12-31 19:45:00,MSS,long,4323.7,4320.6,4328.7,4320.6,4328.7,570
2025-12-31 20:20:00,MSS,short,4320.4,4323.6,4315.1,4323.6,4315.1,576
2025-12-31 20:35:00,MSS,long,4319.6,4314.6,4327.7,4314.6,4327.7,579
2025-12-31 21:05:00,MSS,short,4325.9,4329.5,4320.2,4329.5,4320.2,586
2025-12-31 21:20:00,MSS,long,4327.3,4320.2,4338.7,4320.2,4338.7,587
2025-12-31 22:30:00,BOS,long,4352.3,4346.1,4362.2,4346.1,4362.2,603
2025-12-31 23:05:00,MSS,short,4359.5,4367.8,4346.2,4367.8,4346.2,609
2025-12-31 23:25:00,MSS,long,4345.2,4340.5,4352.7,4340.5,4352.7,614
2026-01-01 00:10:00,MSS,short,4346.4,4353.3,4335.3,4353.3,4335.3,622
2026-01-01 00:40:00,BOS,short,4339.5,4343.7,4332.6,4343.7,4332.6,627
2026-01-01 01:30:00,MSS,long,4334.6,4331.5,4339.5,4331.5,4339.5,638
2026-01-01 01:55:00,MSS,short,4338.0,4340.7,4333.7,4340.7,4333.7,643
2026-01-01 02:10:00,MSS,long,4336.6,4333.7,4341.3,4333.7,4341.3,645
2026-01-01 02:30:00,MSS,short,4338.7,4342.9,4331.9,4342.9,4331.9,651
2026-01-01 03:30:00,BOS,short,4330.1,4333.7,4324.4,4333.7,4324.4,662
2026-01-01 04:00:00,BOS,short,4323.2,4327.1,4316.8,4327.1,4316.8,667
2026-01-01 04:10:00,MSS,long,4321.3,4316.8,4328.5,4316.8,4328.5,670
2026-01-01 04:30:00,BOS,long,4330.1,4325.7,4337.3,4325.7,4337.3,674
2026-01-01 04:50:00,MSS,short,4330.9,4337.8,4319.8,4337.8,4319.8,678
2026-01-01 05:15:00,BOS,short,4325.7,4327.9,4322.1,4327.9,4322.1,684
2026-01-01 05:35:00,MSS,long,4324.2,4320.6,4330.0,4320.6,4330.0,686
2026-01-01 05:50:00,BOS,long,4329.2,4327.9,4331.4,4327.9,4331.4,691
2026-01-02 07:20:00,BOS,long,4346.3,4341.6,4353.9,4341.6,4353.9,697
2026-01-02 07:40:00,BOS,long,4348.3,4341.6,4359.1,4341.6,4359.1,697
2026-01-02 07:50:00,BOS,long,4355.2,4351.6,4360.9,4351.6,4360.9,702
2026-01-02 08:20:00,MSS,short,4362.2,4366.3,4355.5,4366.3,4355.5,708
2026-01-02 08:45:00,MSS,long,4362.5,4359.7,4366.9,4359.7,4366.9,714
2026-01-02 09:05:00,MSS,short,4365.2,4369.4,4358.3,4369.4,4358.3,717
2026-01-02 09:45:00,MSS,long,4361.5,4358.9,4365.6,4358.9,4365.6,726
2026-01-02 10:10:00,MSS,short,4363.1,4365.7,4358.9,4365.7,4358.9,730
2026-01-02 10:35:00,MSS,long,4361.3,4358.2,4366.3,4358.2,4366.3,735
2026-01-02 12:00:00,BOS,long,4386.7,4384.1,4390.9,4384.1,4390.9,753
2026-01-02 13:05:00,BOS,long,4386.4,4383.5,4391.2,4383.5,4391.2,766
2026-01-02 13:50:00,BOS,long,4392.3,4390.7,4394.8,4390.7,4394.8,774
2026-01-02 14:00:00,MSS,short,4392.9,4394.8,4389.9,4394.8,4389.9,776
2026-01-02 14:20:00,MSS,long,4388.8,4386.4,4392.6,4386.4,4392.6,781
2026-01-02 15:05:00,MSS,short,4387.2,4388.6,4385.0,4388.6,4385.0,790
2026-01-02 15:10:00,MSS,long,4387.0,4385.0,4390.3,4385.0,4390.3,791
2026-01-02 15:20:00,MSS,short,4387.9,4390.3,4384.1,4390.3,4384.1,792
2026-01-02 15:30:00,MSS,long,4387.2,4384.1,4392.3,4384.1,4392.3,794
2026-01-02 15:55:00,BOS,long,4390.5,4387.3,4395.6,4387.3,4395.6,799
2026-01-02 16:05:00,BOS,long,4394.6,4392.6,4397.9,4392.6,4397.9,802
2026-01-02 16:30:00,BOS,long,4396.5,4393.6,4401.3,4393.6,4401.3,806
2026-01-02 17:20:00,MSS,short,4400.6,4404.0,4395.1,4404.0,4395.1,817
2026-01-02 17:55:00,BOS,short,4399.9,4401.7,4397.1,4401.7,4397.1,823
2026-01-02 18:35:00,MSS,long,4400.9,4397.1,4407.0,4397.1,4407.0,832
2026-01-02 19:35:00,MSS,short,4408.9,4412.0,4403.9,4412.0,4403.9,843
2026-01-02 19:50:00,BOS,short,4406.3,4408.2,4403.1,4408.2,4403.1,846
2026-01-02 20:05:00,MSS,long,4405.2,4402.9,4409.0,4402.9,4409.0,849
2026-01-02 20:40:00,MSS,short,4405.5,4410.6,4397.3,4410.6,4397.3,854
2026-01-02 21:10:00,MSS,long,4403.5,4397.3,4413.4,4397.3,4413.4,858
2026-01-02 21:20:00,MSS,short,4405.9,4415.0,4391.1,4415.0,4391.1,865
2026-01-02 22:30:00,BOS,short,4378.4,4385.9,4366.3,4385.9,4366.3,878
2026-01-02 23:00:00,BOS,short,4366.7,4375.2,4353.0,4375.2,4353.0,883
2026-01-03 00:00:00,BOS,short,4349.5,4358.4,4335.1,4358.4,4335.1,895
2026-01-03 00:40:00,MSS,long,4330.7,4325.6,4339.0,4325.6,4339.0,904
2026-01-03 01:55:00,MSS,short,4336.4,4338.7,4332.6,4338.7,4332.6,919
2026-01-03 03:35:00,MSS,long,4330.1,4326.4,4336.0,4326.4,4336.0,938
2026-01-03 04:15:00,BOS,long,4329.3,4327.3,4332.5,4327.3,4332.5,946
2026-01-03 04:55:00,BOS,long,4337.8,4335.6,4341.4,4335.6,4341.4,955
2026-01-03 05:50:00,BOS,long,4339.2,4337.0,4342.7,4337.0,4342.7,966
2026-01-05 07:50:00,BOS,long,4371.5,4363.2,4384.9,4363.2,4384.9,976
2026-01-05 08:10:00,BOS,long,4382.8,4378.8,4389.3,4378.8,4389.3,983
2026-01-05 08:55:00,BOS,long,4398.9,4394.6,4405.8,4394.6,4405.8,991
2026-01-05 10:05:00,MSS,short,4407.8,4414.4,4397.1,4414.4,4397.1,1006
2026-01-05 11:00:00,MSS,long,4412.9,4407.4,4421.9,4407.4,4421.9,1015
2026-01-05 11:55:00,MSS,short,4415.3,4419.7,4408.3,4419.7,4408.3,1026
2026-01-05 12:20:00,MSS,long,4410.7,4407.6,4415.6,4407.6,4415.6,1032
2026-01-05 13:10:00,BOS,long,4414.5,4412.0,4418.6,4412.0,4418.6,1041
2026-01-05 13:25:00,BOS,long,4418.3,4416.0,4422.0,4416.0,4422.0,1046
2026-01-05 13:40:00,MSS,short,4418.7,4423.6,4410.9,4423.6,4410.9,1048
2026-01-05 14:10:00,MSS,long,4417.3,4410.1,4428.9,4410.1,4428.9,1051
2026-01-05 15:40:00,BOS,long,4430.7,4428.1,4434.8,4428.1,4434.8,1071
2026-01-05 16:10:00,BOS,long,4431.5,4429.0,4435.5,4429.0,4435.5,1078
2026-01-05 16:45:00,BOS,long,4437.1,4433.5,4443.0,4433.5,4443.0,1084
2026-01-05 17:20:00,BOS,long,4439.9,4436.7,4445.0,4436.7,4445.0,1091
2026-01-05 17:40:00,BOS,long,4444.6,4441.7,4449.3,4441.7,4449.3,1097
2026-01-05 19:00:00,MSS,short,4448.4,4451.6,4443.1,4451.6,4443.1,1112
2026-01-05 19:15:00,BOS,short,4442.8,4445.4,4438.7,4445.4,4438.7,1116
2026-01-05 20:20:00,BOS,short,4429.6,4432.5,4424.9,4432.5,4424.9,1128
2026-01-05 21:20:00,BOS,short,4420.5,4424.8,4413.6,4424.8,4413.6,1141
2026-01-05 21:45:00,MSS,long,4414.4,4406.7,4426.9,4406.7,4426.9,1144
2026-01-05 21:55:00,BOS,long,4415.3,4406.7,4429.3,4406.7,4429.3,1144
2026-01-05 22:40:00,BOS,long,4433.3,4428.6,4441.0,4428.6,4441.0,1157
2026-01-06 00:45:00,BOS,long,4455.4,4450.9,4462.6,4450.9,4462.6,1180
2026-01-06 01:00:00,MSS,short,4457.6,4465.9,4444.2,4465.9,4444.2,1184
2026-01-06 01:40:00,BOS,short,4455.0,4459.2,4448.2,4459.2,4448.2,1193
2026-01-06 02:10:00,MSS,long,4454.8,4452.3,4458.8,4452.3,4458.8,1198
2026-01-06 02:25:00,MSS,short,4456.0,4459.4,4450.5,4459.4,4450.5,1201
2026-01-06 02:50:00,MSS,long,4455.5,4453.7,4458.4,4453.7,4458.4,1207
2026-01-06 03:05:00,MSS,short,4455.1,4460.7,4446.0,4460.7,4446.0,1210
2026-01-06 04:40:00,BOS,short,4454.2,4457.9,4448.3,4457.9,4448.3,1226
2026-01-06 05:45:00,MSS,long,4457.6,4456.3,4459.8,4456.3,4459.8,1242
2026-01-06 07:30:00,MSS,short,4462.6,4471.3,4448.6,4471.3,4448.6,1248
2026-01-06 08:30:00,BOS,short,4450.6,4453.0,4446.7,4453.0,4446.7,1261
2026-01-06 09:00:00,BOS,short,4444.7,4449.1,4437.5,4449.1,4437.5,1269
2026-01-06 09:10:00,MSS,long,4443.4,4437.5,4452.9,4437.5,4452.9,1270
2026-01-06 09:50:00,BOS,long,4452.1,4448.2,4458.4,4448.2,4458.4,1279
2026-01-06 11:05:00,BOS,long,4464.1,4461.3,4468.7,4461.3,4468.7,1293
2026-01-06 11:55:00,BOS,long,4476.5,4475.0,4478.9,4475.0,4478.9,1304
2026-01-06 12:40:00,MSS,short,4474.9,4477.0,4471.5,4477.0,4471.5,1312
2026-01-06 12:50:00,MSS,long,4474.0,4471.5,4478.0,4471.5,4478.0,1314
2026-01-06 13:30:00,BOS,long,4480.9,4478.2,4485.2,4478.2,4485.2,1323
2026-01-06 13:35:00,MSS,short,4480.8,4485.2,4473.8,4485.2,4473.8,1324
2026-01-06 14:25:00,MSS,long,4467.9,4465.6,4471.7,4465.6,4471.7,1333
2026-01-06 15:05:00,BOS,long,4474.8,4471.2,4480.6,4471.2,4480.6,1339
2026-01-06 15:50:00,MSS,short,4474.3,4477.1,4469.8,4477.1,4469.8,1348
2026-01-06 16:15:00,MSS,long,4472.5,4470.3,4476.0,4470.3,4476.0,1356
2026-01-06 17:00:00,MSS,short,4477.7,4480.2,4473.6,4480.2,4473.6,1365
2026-01-06 18:35:00,MSS,long,4461.2,4458.3,4466.0,4458.3,4466.0,1384
2026-01-06 19:20:00,BOS,long,4460.5,4458.5,4463.8,4458.5,4463.8,1393
2026-01-06 19:50:00,BOS,long,4470.4,4468.3,4473.7,4468.3,4473.7,1398
2026-01-06 20:15:00,MSS,short,4473.9,4475.4,4471.6,4475.4,4471.6,1402
2026-01-06 20:20:00,MSS,long,4473.4,4471.6,4476.4,4471.6,4476.4,1405
2026-01-06 20:35:00,MSS,short,4474.5,4477.1,4470.3,4477.1,4470.3,1408
2026-01-06 20:55:00,MSS,long,4472.1,4470.0,4475.4,4470.0,4475.4,1412
2026-01-06 21:10:00,BOS,long,4473.4,4470.1,4478.8,4470.1,4478.8,1414
2026-01-06 21:25:00,MSS,short,4476.1,4481.4,4467.5,4481.4,4467.5,1417
2026-01-06 21:50:00,MSS,long,4470.1,4466.9,4475.3,4466.9,4475.3,1423
2026-01-06 22:10:00,BOS,long,4471.3,4464.0,4483.0,4464.0,4483.0,1424
2026-01-06 22:30:00,BOS,long,4480.3,4474.6,4489.6,4474.6,4489.6,1430
2026-01-06 22:50:00,BOS,long,4491.3,4486.7,4498.7,4486.7,4498.7,1434
2026-01-06 23:15:00,MSS,short,4495.3,4501.8,4484.7,4501.8,4484.7,1438
2026-01-06 23:30:00,BOS,short,4486.6,4492.8,4476.6,4492.8,4476.6,1443
2026-01-07 00:25:00,MSS,long,4487.2,4481.7,4496.1,4481.7,4496.1,1451
2026-01-07 01:40:00,MSS,short,4496.5,4499.7,4491.4,4499.7,4491.4,1469
2026-01-07 01:50:00,MSS,long,4495.0,4491.4,4500.7,4491.4,4500.7,1470
2026-01-07 02:30:00,MSS,short,4499.8,4504.5,4492.3,4504.5,4492.3,1477
2026-01-07 04:10:00,MSS,long,4492.8,4489.8,4497.6,4489.8,4497.6,1496
2026-01-07 04:40:00,BOS,long,4496.6,4494.1,4500.6,4494.1,4500.6,1504
2026-01-07 04:55:00,BOS,long,4502.0,4498.7,4507.3,4498.7,4507.3,1508
2026-01-07 05:30:00,BOS,long,4503.8,4502.3,4506.3,4502.3,4506.3,1512
2026-01-07 05:45:00,BOS,long,4504.5,4502.3,4508.1,4502.3,4508.1,1512
2026-01-07 05:50:00,MSS,short,4507.0,4508.1,4505.1,4508.1,4505.1,1519
2026-01-07 07:00:00,MSS,long,4506.8,4504.8,4510.1,4504.8,4510.1,1521
2026-01-07 07:20:00,BOS,long,4507.8,4505.4,4511.6,4505.4,4511.6,1524
2026-01-07 07:45:00,MSS,short,4509.0,4512.2,4503.9,4512.2,4503.9,1527
2026-01-07 08:35:00,BOS,short,4502.6,4505.1,4498.5,4505.1,4498.5,1540
2026-01-07 09:05:00,BOS,short,4497.8,4507.1,4482.8,4507.1,4482.8,1546
2026-01-07 09:30:00,BOS,short,4485.1,4490.3,4476.7,4490.3,4476.7,1551
2026-01-07 10:05:00,MSS,long,4474.7,4470.2,4482.1,4470.2,4482.1,1558
2026-01-07 10:35:00,BOS,long,4483.1,4479.2,4489.3,4479.2,4489.3,1563
2026-01-07 11:15:00,BOS,long,4486.0,4482.6,4491.4,4482.6,4491.4,1572
2026-01-07 11:55:00,MSS,short,4487.9,4490.1,4484.4,4490.1,4484.4,1577
2026-01-07 12:25:00,BOS,short,4484.9,4490.1,4476.4,4490.1,4476.4,1577
2026-01-07 12:35:00,BOS,short,4478.5,4481.7,4473.2,4481.7,4473.2,1587
2026-01-07 13:05:00,MSS,long,4475.0,4473.4,4477.5,4473.4,4477.5,1594
2026-01-07 13:30:00,MSS,short,4473.7,4480.5,4462.8,4480.5,4462.8,1599
2026-01-07 14:30:00,BOS,short,4465.7,4470.1,4458.6,4470.1,4458.6,1610
2026-01-07 15:15:00,MSS,long,4455.8,4452.0,4461.9,4452.0,4461.9,1618
2026-01-07 16:05:00,BOS,long,4472.2,4470.2,4475.4,4470.2,4475.4,1630
2026-01-07 16:35:00,BOS,long,4476.8,4473.3,4482.4,4473.3,4482.4,1635
2026-01-07 17:00:00,MSS,short,4477.9,4480.5,4473.7,4480.5,4473.7,1640
2026-01-07 17:50:00,MSS,long,4471.9,4469.7,4475.4,4469.7,4475.4,1651
2026-01-07 18:25:00,MSS,short,4473.3,4476.5,4468.2,4476.5,4468.2,1657
2026-01-07 19:30:00,BOS,short,4470.4,4474.1,4464.5,4474.1,4464.5,1669
2026-01-07 19:55:00,BOS,short,4461.2,4464.3,4456.1,4464.3,4456.1,1676
2026-01-07 20:15:00,BOS,short,4458.5,4464.3,4449.2,4464.3,4449.2,1676
2026-01-07 20:25:00,MSS,long,4452.8,4448.5,4459.8,4448.5,4459.8,1682
2026-01-07 21:05:00,MSS,short,4451.1,4459.4,4437.8,4459.4,4437.8,1690
2026-01-07 21:50:00,MSS,long,4452.9,4447.4,4461.9,4447.4,4461.9,1697
2026-01-07 22:20:00,MSS,short,4459.1,4463.3,4452.2,4463.3,4452.2,1705
2026-01-07 23:10:00,BOS,short,4447.5,4454.8,4435.8,4454.8,4435.8,1715
2026-01-07 23:30:00,MSS,long,4443.4,4433.0,4460.2,4433.0,4460.2,1717
2026-01-08 00:20:00,BOS,long,4461.2,4454.7,4471.7,4454.7,4471.7,1729
2026-01-08 01:05:00,MSS,short,4475.3,4478.3,4470.5,4478.3,4470.5,1735
2026-01-08 01:40:00,BOS,short,4469.9,4472.1,4466.3,4472.1,4466.3,1744
2026-01-08 02:30:00,MSS,long,4460.8,4457.1,4466.8,4457.1,4466.8,1753
2026-01-08 03:15:00,MSS,short,4461.3,4465.3,4454.8,4465.3,4454.8,1763
2026-01-08 03:50:00,MSS,long,4463.8,4461.6,4467.4,4461.6,4467.4,1771
2026-01-08 04:15:00,BOS,long,4467.5,4465.0,4471.5,4465.0,4471.5,1776
2026-01-08 04:55:00,MSS,short,4466.3,4469.8,4460.7,4469.8,4460.7,1784
2026-01-08 05:50:00,MSS,long,4464.2,4463.0,4466.2,4463.0,4466.2,1795
2026-01-08 07:55:00,BOS,long,4470.0,4468.3,4472.8,4468.3,4472.8,1807
2026-01-08 08:20:00,MSS,short,4472.2,4475.3,4467.1,4475.3,4467.1,1813
2026-01-08 08:40:00,BOS,short,4464.3,4467.8,4458.7,4467.8,4458.7,1816
2026-01-08 09:05:00,MSS,long,4458.8,4452.6,4468.8,4452.6,4468.8,1822
2026-01-08 09:30:00,MSS,short,4465.3,4469.1,4459.2,4469.1,4459.2,1826
2026-01-08 10:30:00,BOS,short,4449.3,4452.5,4444.0,4452.5,4444.0,1839
2026-01-08 11:05:00,MSS,long,4446.0,4441.9,4452.6,4441.9,4452.6,1841
2026-01-08 12:35:00,MSS,short,4446.6,4448.9,4442.9,4448.9,4442.9,1860
2026-01-08 13:05:00,BOS,short,4439.4,4441.7,4435.6,4441.7,4435.6,1868
2026-01-08 13:40:00,BOS,short,4432.5,4438.0,4423.7,4438.0,4423.7,1874
2026-01-08 14:20:00,MSS,long,4429.0,4426.1,4433.8,4426.1,4433.8,1885
2026-01-08 15:05:00,BOS,long,4442.9,4439.9,4447.7,4439.9,4447.7,1894
2026-01-08 15:40:00,MSS,short,4443.1,4445.5,4439.1,4445.5,4439.1,1899
2026-01-08 16:00:00,BOS,short,4438.6,4442.0,4433.2,4442.0,4433.2,1905
2026-01-08 16:30:00,BOS,short,4437.5,4441.4,4431.1,4441.4,4431.1,1908
2026-01-08 17:10:00,BOS,short,4441.3,4443.3,4438.0,4443.3,4438.0,1918
2026-01-08 18:05:00,BOS,short,4439.2,4441.4,4435.7,4441.4,4435.7,1929
2026-01-08 18:15:00,BOS,short,4437.8,4441.4,4431.9,4441.4,4431.9,1929
2026-01-08 18:30:00,MSS,long,4433.9,4430.3,4439.7,4430.3,4439.7,1934
2026-01-08 19:05:00,MSS,short,4440.3,4442.1,4437.4,4442.1,4437.4,1941
2026-01-08 19:50:00,BOS,short,4434.6,4436.7,4431.2,4436.7,4431.2,1950
2026-01-08 20:25:00,MSS,long,4420.9,4415.2,4430.0,4415.2,4430.0,1957
2026-01-08 21:00:00,MSS,short,4436.0,4439.1,4430.9,4439.1,4430.9,1962
2026-01-08 21:20:00,MSS,long,4431.2,4425.0,4441.2,4425.0,4441.2,1968
2026-01-08 21:50:00,MSS,short,4439.9,4444.4,4432.6,4444.4,4432.6,1974
2026-01-08 22:20:00,MSS,long,4431.5,4427.6,4437.8,4427.6,4437.8,1981
2026-01-08 22:30:00,BOS,long,4433.1,4427.6,4442.0,4427.6,4442.0,1981
2026-01-08 22:45:00,BOS,long,4438.7,4433.7,4446.8,4433.7,4446.8,1986
2026-01-08 23:05:00,BOS,long,4443.0,4436.4,4453.7,4436.4,4453.7,1990
2026-01-08 23:50:00,MSS,short,4461.9,4464.9,4457.1,4464.9,4457.1,1999
2026-01-09 00:10:00,BOS,short,4463.3,4467.5,4456.4,4467.5,4456.4,2002
2026-01-09 00:30:00,MSS,long,4462.0,4456.2,4471.5,4456.2,4471.5,2005
2026-01-09 01:55:00,BOS,long,4470.5,4468.6,4473.6,4468.6,4473.6,2023
2026-01-09 02:00:00,MSS,short,4470.9,4473.6,4466.6,4473.6,4466.6,2025
2026-01-09 02:35:00,BOS,short,4462.3,4465.6,4457.0,4465.6,4457.0,2031
2026-01-09 03:05:00,BOS,short,4461.0,4464.4,4455.5,4464.4,4455.5,2035
2026-01-09 03:30:00,MSS,long,4457.6,4456.0,4460.1,4456.0,4460.1,2043
2026-01-09 04:00:00,BOS,long,4461.8,4458.4,4467.2,4458.4,4467.2,2048
2026-01-09 05:00:00,BOS,long,4485.1,4482.9,4488.6,4482.9,4488.6,2061
2026-01-09 07:45:00,MSS,short,4485.0,4486.8,4482.2,4486.8,4482.2,2082
2026-01-09 08:10:00,BOS,short,4484.7,4486.8,4481.3,4486.8,4481.3,2086
2026-01-09 08:50:00,BOS,short,4474.7,4478.1,4469.3,4478.1,4469.3,2092
2026-01-09 09:05:00,BOS,short,4470.2,4475.4,4461.8,4475.4,4461.8,2098
2026-01-09 09:40:00,MSS,long,4466.0,4461.9,4472.7,4461.9,4472.7,2102
2026-01-09 09:50:00,BOS,long,4467.7,4461.9,4477.2,4461.9,4477.2,2102
2026-01-09 10:35:00,MSS,short,4482.1,4485.0,4477.5,4485.0,4477.5,2116
2026-01-09 10:50:00,BOS,short,4479.9,4483.3,4474.3,4483.3,4474.3,2118
2026-01-09 12:10:00,BOS,short,4473.6,4475.2,4471.1,4475.2,4471.1,2134
2026-01-09 12:50:00,MSS,long,4471.5,4470.0,4473.9,4470.0,4473.9,2141
2026-01-09 13:20:00,MSS,short,4472.4,4475.8,4466.8,4475.8,4466.8,2145
2026-01-09 13:30:00,MSS,long,4471.8,4466.8,4479.8,4466.8,4479.8,2150
2026-01-09 14:25:00,BOS,long,4477.5,4474.4,4482.5,4474.4,4482.5,2160
2026-01-09 15:10:00,MSS,short,4482.7,4484.5,4479.7,4484.5,4479.7,2170
2026-01-09 15:35:00,MSS,long,4479.1,4477.6,4481.4,4477.6,4481.4,2175
2026-01-09 15:55:00,MSS,short,4480.8,4482.4,4478.1,4482.4,4478.1,2180
2026-01-09 16:05:00,MSS,long,4479.1,4475.1,4485.6,4475.1,4485.6,2182
2026-01-09 16:30:00,MSS,short,4482.3,4484.3,4479.0,4484.3,4479.0,2186
2026-01-09 17:15:00,MSS,long,4477.4,4472.6,4485.2,4472.6,4485.2,2192
2026-01-09 17:50:00,MSS,short,4481.6,4483.1,4479.2,4483.1,4479.2,2203
2026-01-09 18:25:00,BOS,short,4480.7,4482.8,4477.3,4482.8,4477.3,2208
2026-01-09 18:55:00,MSS,long,4478.0,4475.8,4481.6,4475.8,4481.6,2215
2026-01-09 19:45:00,BOS,long,4479.2,4477.9,4481.3,4477.9,4481.3,2226
2026-01-09 20:25:00,MSS,short,4484.3,4489.6,4475.6,4489.6,4475.6,2231
2026-01-09 21:00:00,MSS,long,4474.8,4472.1,4479.2,4472.1,4479.2,2241
2026-01-09 21:30:00,BOS,long,4480.8,4470.2,4498.0,4470.2,4498.0,2246
2026-01-09 22:10:00,BOS,long,4496.0,4489.7,4506.1,4489.7,4506.1,2255
2026-01-09 23:05:00,BOS,long,4496.4,4488.0,4510.0,4488.0,4510.0,2264
2026-01-10 01:05:00,BOS,long,4514.7,4511.3,4520.3,4511.3,4520.3,2286
2026-01-10 01:40:00,MSS,short,4516.5,4520.0,4510.9,4520.0,4510.9,2296
2026-01-10 02:30:00,MSS,long,4503.3,4498.6,4510.9,4498.6,4510.9,2306
2026-01-10 03:45:00,BOS,long,4507.3,4505.4,4510.3,4505.4,4510.3,2322
2026-01-10 04:10:00,BOS,long,4510.3,4506.6,4516.3,4506.6,4516.3,2326
2026-01-12 07:00:00,BOS,long,4522.7,4517.0,4532.0,4517.0,4532.0,2348
2026-01-12 07:40:00,BOS,long,4547.6,4543.2,4554.8,4543.2,4554.8,2357
2026-01-12 09:40:00,MSS,short,4591.1,4596.1,4583.0,4596.1,4583.0,2380
2026-01-12 10:30:00,MSS,long,4578.5,4576.0,4582.5,4576.0,4582.5,2389
2026-01-12 11:25:00,BOS,long,4590.3,4588.4,4593.3,4588.4,4593.3,2402
2026-01-12 11:30:00,MSS,short,4591.2,4593.3,4587.9,4593.3,4587.9,2403
2026-01-12 12:30:00,BOS,short,4580.7,4584.1,4575.2,4584.1,4575.2,2414
2026-01-12 13:15:00,MSS,long,4579.8,4577.0,4584.3,4577.0,4584.3,2422
2026-01-12 13:30:00,BOS,long,4581.9,4577.0,4589.7,4577.0,4589.7,2422
2026-01-12 14:50:00,BOS,long,4586.1,4583.1,4591.0,4583.1,4591.0,2442
2026-01-12 15:05:00,BOS,long,4588.5,4585.2,4593.8,4585.2,4593.8,2446
2026-01-12 16:45:00,BOS,long,4595.7,4589.7,4605.3,4589.7,4605.3,2461
2026-01-12 17:45:00,MSS,short,4605.1,4607.3,4601.5,4607.3,4601.5,2478
2026-01-12 18:05:00,BOS,short,4601.1,4603.7,4596.9,4603.7,4596.9,2482
2026-01-12 18:30:00,BOS,short,4601.6,4604.3,4597.2,4604.3,4597.2,2487
2026-01-12 18:55:00,MSS,long,4600.5,4597.2,4605.8,4597.2,4605.8,2488
2026-01-12 19:15:00,MSS,short,4603.3,4605.8,4599.2,4605.8,4599.2,2493
2026-01-12 20:05:00,BOS,short,4593.5,4596.9,4588.1,4596.9,4588.1,2506
2026-01-12 20:40:00,MSS,long,4591.4,4588.1,4596.8,4588.1,4596.8,2510
2026-01-12 21:25:00,MSS,short,4619.0,4621.9,4614.4,4621.9,4614.4,2522
2026-01-12 21:45:00,MSS,long,4620.0,4616.6,4625.5,4616.6,4625.5,2526
2026-01-12 22:00:00,MSS,short,4622.3,4630.8,4608.6,4630.8,4608.6,2529
2026-01-12 22:25:00,BOS,short,4604.4,4610.1,4595.1,4610.1,4595.1,2534
2026-01-12 22:35:00,MSS,long,4604.6,4595.1,4620.0,4595.1,4620.0,2535
2026-01-12 23:25:00,BOS,long,4624.4,4619.6,4632.2,4619.6,4632.2,2546
2026-01-13 00:10:00,BOS,long,4632.1,4627.2,4640.0,4627.2,4640.0,2554
2026-01-13 00:25:00,MSS,short,4636.3,4640.5,4629.6,4640.5,4629.6,2557
2026-01-13 00:35:00,BOS,short,4634.0,4640.5,4623.4,4640.5,4623.4,2557
2026-01-13 01:05:00,BOS,short,4626.3,4628.3,4623.1,4628.3,4623.1,2566
2026-01-13 01:50:00,MSS,long,4624.1,4620.0,4630.7,4620.0,4630.7,2573
2026-01-13 02:10:00,MSS,short,4625.8,4630.7,4618.0,4630.7,4618.0,2576
2026-01-13 03:05:00,MSS,long,4616.7,4613.4,4622.0,4613.4,4622.0,2588
2026-01-13 03:25:00,BOS,long,4624.3,4622.4,4627.3,4622.4,4627.3,2594
2026-01-13 03:55:00,MSS,short,4625.0,4628.9,4618.7,4628.9,4618.7,2596
2026-01-13 04:40:00,BOS,short,4609.8,4614.5,4602.3,4614.5,4602.3,2608
2026-01-13 05:40:00,BOS,short,4602.8,4604.9,4599.3,4604.9,4599.3,2620
2026-01-13 05:55:00,MSS,long,4602.5,4598.8,4608.5,4598.8,4608.5,2623
2026-01-13 07:10:00,MSS,short,4605.1,4616.8,4586.3,4616.8,4586.3,2626
2026-01-13 07:30:00,MSS,long,4598.9,4598.8,4599.1,4598.8,4599.1,2623
2026-01-13 08:25:00,MSS,short,4601.4,4604.5,4596.5,4604.5,4596.5,2641
2026-01-13 09:00:00,BOS,short,4596.8,4601.0,4590.0,4601.0,4590.0,2649
2026-01-13 09:30:00,BOS,short,4596.7,4604.6,4584.0,4604.6,4584.0,2652
2026-01-13 10:05:00,MSS,long,4590.5,4585.0,4599.4,4585.0,4599.4,2662
2026-01-13 10:25:00,MSS,short,4596.5,4599.4,4591.8,4599.4,4591.8,2663
2026-01-13 10:35:00,MSS,long,4593.9,4591.8,4597.2,4591.8,4597.2,2667
2026-01-13 11:40:00,MSS,short,4605.5,4607.4,4602.4,4607.4,4602.4,2681
2026-01-13 12:15:00,MSS,long,4604.0,4601.4,4608.3,4601.4,4608.3,2684
2026-01-13 13:05:00,MSS,short,4604.9,4607.7,4600.4,4607.7,4600.4,2698
2026-01-13 13:25:00,MSS,long,4604.3,4600.4,4610.5,4600.4,4610.5,2699
2026-01-13 13:30:00,MSS,short,4604.2,4610.5,4593.9,4610.5,4593.9,2703
2026-01-13 14:05:00,BOS,short,4601.6,4604.8,4596.3,4604.8,4596.3,2707
2026-01-13 14:20:00,BOS,short,4598.1,4601.0,4593.5,4601.0,4593.5,2711
2026-01-13 15:05:00,MSS,long,4590.2,4587.8,4594.2,4587.8,4594.2,2721
2026-01-13 15:50:00,MSS,short,4591.6,4595.2,4585.7,4595.2,4585.7,2728
2026-01-13 16:05:00,MSS,long,4589.8,4585.6,4596.7,4585.6,4596.7,2733
2026-01-13 16:30:00,BOS,long,4596.9,4593.5,4602.3,4593.5,4602.3,2737
2026-01-13 17:00:00,MSS,short,4602.6,4605.4,4598.2,4605.4,4598.2,2741
2026-01-13 17:25:00,BOS,short,4601.1,4603.9,4596.7,4603.9,4596.7,2749
2026-01-13 17:40:00,MSS,long,4598.3,4596.7,4601.0,4596.7,4601.0,2751
2026-01-13 17:50:00,MSS,short,4598.6,4601.0,4594.6,4601.0,4594.6,2754
2026-01-13 18:40:00,MSS,long,4593.1,4590.4,4597.4,4590.4,4597.4,2764
2026-01-13 19:15:00,MSS,short,4595.1,4597.8,4590.8,4597.8,4590.8,2770
2026-01-13 19:40:00,MSS,long,4595.8,4593.9,4598.8,4593.9,4598.8,2777
2026-01-13 20:05:00,MSS,short,4596.1,4597.8,4593.3,4597.8,4593.3,2782
2026-01-13 20:45:00,MSS,long,4590.9,4586.1,4598.6,4586.1,4598.6,2787
2026-01-13 21:05:00,BOS,long,4602.0,4598.8,4607.2,4598.8,4607.2,2794
2026-01-13 22:20:00,BOS,long,4621.8,4615.4,4632.1,4615.4,4632.1,2805
2026-01-13 22:40:00,BOS,long,4625.4,4619.4,4635.0,4619.4,4635.0,2812
2026-01-13 23:15:00,MSS,short,4625.6,4634.0,4612.1,4634.0,4612.1,2820
2026-01-13 23:55:00,MSS,long,4624.5,4621.5,4629.3,4621.5,4629.3,2828
2026-01-14 00:05:00,MSS,short,4624.1,4629.4,4615.4,4629.4,4615.4,2830
2026-01-14 01:45:00,BOS,short,4616.7,4620.8,4610.1,4620.8,4610.1,2849
2026-01-14 02:35:00,MSS,long,4596.4,4589.3,4607.8,4589.3,4607.8,2858
2026-01-14 03:30:00,BOS,long,4597.2,4592.4,4604.9,4592.4,4604.9,2866
2026-01-14 04:25:00,MSS,short,4600.2,4603.2,4595.4,4603.2,4595.4,2882
2026-01-14 07:00:00,MSS,long,4596.1,4593.7,4599.9,4593.7,4599.9,2901
2026-01-14 08:00:00,BOS,long,4604.2,4600.2,4610.8,4600.2,4610.8,2910
2026-01-14 08:25:00,BOS,long,4613.1,4610.2,4617.8,4610.2,4617.8,2918
2026-01-14 08:45:00,MSS,short,4616.0,4618.3,4612.3,4618.3,4612.3,2922
2026-01-14 09:00:00,MSS,long,4616.5,4612.3,4623.2,4612.3,4623.2,2923
2026-01-14 09:50:00,BOS,long,4623.6,4621.2,4627.6,4621.2,4627.6,2935
2026-01-14 10:35:00,BOS,long,4625.0,4621.9,4630.1,4621.9,4630.1,2939
2026-01-14 11:00:00,BOS,long,4628.0,4625.8,4631.5,4625.8,4631.5,2944
2026-01-14 11:25:00,MSS,short,4626.9,4630.2,4621.6,4630.2,4621.6,2953
2026-01-14 11:35:00,MSS,long,4626.1,4621.6,4633.5,4621.6,4633.5,2955
2026-01-14 12:25:00,MSS,short,4636.2,4638.4,4632.6,4638.4,4632.6,2965
2026-01-14 13:00:00,MSS,long,4639.7,4635.3,4646.8,4635.3,4646.8,2973
2026-01-14 13:30:00,BOS,long,4641.8,4638.3,4647.5,4638.3,4647.5,2978
2026-01-14 13:50:00,MSS,short,4644.4,4646.9,4640.4,4646.9,4640.4,2983
2026-01-14 14:30:00,BOS,short,4639.0,4642.4,4633.4,4642.4,4633.4,2991
2026-01-14 14:55:00,MSS,long,4640.4,4637.7,4644.8,4637.7,4644.8,2996
2026-01-14 15:55:00,MSS,short,4643.2,4645.5,4639.5,4645.5,4639.5,3006
2026-01-14 16:00:00,BOS,short,4642.6,4645.5,4637.8,4645.5,4637.8,3006
2026-01-14 16:30:00,MSS,long,4631.6,4628.4,4636.8,4628.4,4636.8,3015
2026-01-14 17:35:00,MSS,short,4643.1,4646.8,4637.1,4646.8,4637.1,3025
2026-01-14 18:15:00,MSS,long,4638.5,4635.7,4643.0,4635.7,4643.0,3036
2026-01-14 19:25:00,MSS,short,4642.2,4645.3,4637.2,4645.3,4637.2,3049
2026-01-14 20:00:00,MSS,long,4638.5,4634.0,4645.7,4634.0,4645.7,3056
2026-01-14 20:55:00,BOS,long,4644.7,4641.5,4650.0,4641.5,4650.0,3067
2026-01-14 21:05:00,MSS,short,4645.1,4650.0,4637.3,4650.0,4637.3,3069
2026-01-14 21:40:00,MSS,long,4636.7,4631.6,4645.0,4631.6,4645.0,3076
2026-01-14 22:35:00,MSS,short,4637.5,4645.8,4624.2,4645.8,4624.2,3086
2026-01-14 23:00:00,BOS,short,4619.7,4626.3,4609.0,4626.3,4609.0,3093
2026-01-14 23:15:00,MSS,long,4615.2,4605.8,4630.5,4605.8,4630.5,3095
2026-01-15 00:20:00,BOS,long,4624.9,4621.5,4630.3,4621.5,4630.3,3108
2026-01-15 00:45:00,MSS,short,4626.5,4631.7,4618.0,4631.7,4618.0,3111
2026-01-15 01:20:00,BOS,short,4620.2,4624.2,4613.6,4624.2,4613.6,3120
2026-01-15 01:40:00,BOS,short,4614.7,4619.1,4607.7,4619.1,4607.7,3124
2026-01-15 01:50:00,MSS,long,4612.6,4607.7,4620.5,4607.7,4620.5,3126
2026-01-15 02:10:00,BOS,long,4616.5,4607.7,4630.7,4607.7,4630.7,3126
2026-01-15 03:40:00,BOS,long,4644.0,4641.6,4647.8,4641.6,4647.8,3147
2026-01-15 04:00:00,MSS,short,4643.3,4648.9,4634.2,4648.9,4634.2,3152
2026-01-15 05:10:00,BOS,short,4636.7,4640.2,4631.0,4640.2,4631.0,3164
2026-01-15 05:30:00,BOS,short,4631.0,4633.7,4626.6,4633.7,4626.6,3170
2026-01-15 05:50:00,MSS,long,4627.9,4624.0,4634.3,4624.0,4634.3,3174
2026-01-15 07:05:00,MSS,short,4630.7,4639.3,4616.7,4639.3,4616.7,3178
2026-01-15 07:20:00,BOS,short,4618.8,4623.0,4611.9,4623.0,4611.9,3181
2026-01-15 07:55:00,MSS,long,4612.2,4607.0,4620.6,4607.0,4620.6,3186
2026-01-15 08:40:00,MSS,short,4620.9,4622.8,4617.7,4622.8,4617.7,3196
2026-01-15 09:00:00,BOS,short,4618.0,4622.2,4611.2,4622.2,4611.2,3201
2026-01-15 09:15:00,BOS,short,4616.4,4622.2,4607.1,4622.2,4607.1,3203
2026-01-15 10:05:00,MSS,long,4606.7,4601.5,4615.1,4601.5,4615.1,3214
2026-01-15 10:35:00,MSS,short,4615.0,4619.0,4608.4,4619.0,4608.4,3220
2026-01-15 11:10:00,BOS,short,4603.2,4609.0,4593.7,4609.0,4593.7,3225
2026-01-15 12:00:00,BOS,short,4597.5,4601.5,4591.1,4601.5,4591.1,3233
2026-01-15 12:20:00,MSS,long,4594.6,4590.6,4601.2,4590.6,4601.2,3239
2026-01-15 12:40:00,MSS,short,4597.1,4599.8,4592.7,4599.8,4592.7,3245
2026-01-15 13:10:00,BOS,short,4596.0,4599.1,4591.1,4599.1,4591.1,3248
2026-01-15 13:25:00,MSS,long,4589.4,4584.8,4596.8,4584.8,4596.8,3253
2026-01-15 13:50:00,BOS,long,4591.6,4584.9,4602.4,4584.9,4602.4,3257
2026-01-15 14:45:00,BOS,long,4607.8,4604.3,4613.5,4604.3,4613.5,3268
2026-01-15 15:15:00,BOS,long,4613.2,4610.2,4618.0,4610.2,4618.0,3275
2026-01-15 15:35:00,MSS,short,4612.9,4615.9,4608.1,4615.9,4608.1,3280
2026-01-15 17:30:00,MSS,long,4607.0,4604.8,4610.5,4604.8,4610.5,3299
2026-01-15 18:20:00,BOS,long,4615.9,4613.4,4620.0,4613.4,4620.0,3310
2026-01-15 18:35:00,BOS,long,4617.5,4614.4,4622.4,4614.4,4622.4,3316
2026-01-15 19:45:00,MSS,short,4624.3,4627.2,4619.5,4627.2,4619.5,3329
2026-01-15 20:10:00,BOS,short,4622.5,4624.9,4618.5,4624.9,4618.5,3334
2026-01-15 20:45:00,BOS,short,4620.7,4622.8,4617.3,4622.8,4617.3,3342
2026-01-15 21:00:00,BOS,short,4619.4,4622.8,4613.9,4622.8,4613.9,3342
2026-01-15 21:30:00,BOS,short,4607.7,4613.9,4597.7,4613.9,4597.7,3351
2026-01-15 22:05:00,MSS,long,4591.6,4586.3,4600.3,4586.3,4600.3,3358
2026-01-15 22:30:00,BOS,long,4597.5,4586.3,4615.7,4586.3,4615.7,3358
2026-01-15 22:50:00,BOS,long,4609.3,4603.8,4618.3,4603.8,4618.3,3367
2026-01-15 23:15:00,BOS,long,4613.5,4608.1,4622.3,4608.1,4622.3,3371
2026-01-15 23:40:00,MSS,short,4619.1,4622.3,4613.8,4622.3,4613.8,3376
2026-01-16 00:10:00,MSS,long,4618.8,4613.0,4628.1,4613.0,4628.1,3383
2026-01-16 00:35:00,MSS,short,4622.7,4630.0,4611.0,4630.0,4611.0,3385
2026-01-16 01:15:00,MSS,long,4610.3,4605.8,4617.5,4605.8,4617.5,3392
2026-01-16 01:30:00,BOS,long,4616.8,4615.1,4619.5,4615.1,4619.5,3399
2026-01-16 02:00:00,BOS,long,4621.1,4618.5,4625.3,4618.5,4625.3,3404
2026-01-16 02:30:00,MSS,short,4623.0,4626.2,4617.8,4626.2,4617.8,3410
2026-01-16 03:35:00,BOS,short,4623.1,4625.4,4619.4,4625.4,4619.4,3423
2026-01-16 04:00:00,BOS,short,4619.2,4620.8,4616.5,4620.8,4616.5,3429
2026-01-16 04:15:00,BOS,short,4614.6,4620.8,4604.5,4620.8,4604.5,3429
2026-01-16 05:05:00,MSS,long,4610.6,4607.2,4616.2,4607.2,4616.2,3441
2026-01-16 05:40:00,BOS,long,4618.5,4617.6,4620.0,4617.6,4620.0,3449
2026-01-16 07:00:00,BOS,long,4620.3,4617.7,4624.4,4617.7,4624.4,3452
2026-01-16 07:20:00,MSS,short,4621.7,4625.3,4615.9,4625.3,4615.9,3455
2026-01-16 08:05:00,BOS,short,4612.1,4615.0,4607.4,4615.0,4607.4,3465
2026-01-16 08:35:00,BOS,short,4611.6,4615.3,4605.7,4615.3,4605.7,3470
2026-01-16 09:05:00,MSS,long,4601.9,4597.9,4608.5,4597.9,4608.5,3478
2026-01-16 09:25:00,BOS,long,4606.4,4603.4,4611.2,4603.4,4611.2,3481
2026-01-16 09:55:00,MSS,short,4609.0,4612.5,4603.3,4612.5,4603.3,3486
2026-01-16 10:10:00,BOS,short,4605.1,4607.7,4600.8,4607.7,4600.8,3490
2026-01-16 10:30:00,BOS,short,4603.6,4607.6,4597.2,4607.6,4597.2,3494
2026-01-16 12:00:00,MSS,long,4599.7,4598.3,4601.9,4598.3,4601.9,3511
2026-01-16 12:55:00,BOS,long,4603.5,4602.2,4605.7,4602.2,4605.7,3524
2026-01-16 13:10:00,MSS,short,4603.0,4605.7,4598.6,4605.7,4598.6,3525
2026-01-16 13:35:00,MSS,long,4602.7,4599.7,4607.6,4599.7,4607.6,3532
2026-01-16 14:40:00,MSS,short,4607.3,4612.2,4599.5,4612.2,4599.5,3544
2026-01-16 15:10:00,MSS,long,4604.4,4597.1,4616.1,4597.1,4616.1,3547
2026-01-16 15:40:00,MSS,short,4612.0,4616.0,4605.5,4616.0,4605.5,3557
2026-01-16 16:40:00,BOS,short,4611.3,4614.7,4605.9,4614.7,4605.9,3567
2026-01-16 17:20:00,BOS,short,4609.4,4612.4,4604.5,4612.4,4604.5,3575
2026-01-16 18:15:00,MSS,long,4607.4,4603.7,4613.5,4603.7,4613.5,3584
2026-01-16 18:50:00,MSS,short,4610.3,4612.6,4606.6,4612.6,4606.6,3595
2026-01-16 19:15:00,MSS,long,4606.4,4602.2,4613.2,4602.2,4613.2,3598
2026-01-16 20:20:00,MSS,short,4614.1,4617.3,4609.0,4617.3,4609.0,3613
2026-01-16 20:50:00,BOS,short,4606.5,4609.7,4601.4,4609.7,4601.4,3618
2026-01-16 21:05:00,BOS,short,4606.6,4610.0,4601.0,4610.0,4601.0,3622
2026-01-16 21:45:00,MSS,long,4598.9,4594.4,4606.2,4594.4,4606.2,3630
2026-01-16 22:00:00,BOS,long,4599.4,4594.4,4607.6,4594.4,4607.6,3630
2026-01-16 22:10:00,BOS,long,4606.0,4602.0,4612.5,4602.0,4612.5,3634
2026-01-16 22:25:00,MSS,short,4609.0,4613.2,4602.1,4613.2,4602.1,3637
2026-01-16 22:45:00,MSS,long,4606.9,4599.7,4618.6,4599.7,4618.6,3640
2026-01-16 23:00:00,BOS,long,4614.2,4610.8,4619.6,4610.8,4619.6,3645
2026-01-16 23:15:00,MSS,short,4617.3,4624.7,4605.2,4624.7,4605.2,3647
2026-01-17 00:45:00,BOS,short,4598.8,4604.0,4590.3,4604.0,4590.3,3666
2026-01-17 01:25:00,BOS,short,4591.5,4597.9,4581.1,4597.9,4581.1,3671
2026-01-17 02:00:00,MSS,long,4588.4,4585.0,4593.8,4585.0,4593.8,3681
2026-01-17 03:40:00,BOS,long,4590.0,4586.0,4596.6,4586.0,4596.6,3697
2026-01-17 04:25:00,MSS,short,4597.2,4600.3,4592.1,4600.3,4592.1,3707
2026-01-17 04:50:00,MSS,long,4590.8,4588.8,4594.0,4588.8,4594.0,3715
2026-01-17 04:55:00,MSS,short,4591.1,4594.0,4586.5,4594.0,4586.5,3716
2026-01-17 05:15:00,MSS,long,4592.8,4587.1,4602.1,4587.1,4602.1,3719
2026-01-19 08:15:00,MSS,short,4678.8,4685.7,4667.6,4685.7,4667.6,3741
2026-01-19 09:00:00,BOS,short,4681.7,4685.7,4675.3,4685.7,4675.3,3753
2026-01-19 10:00:00,BOS,short,4669.1,4674.8,4659.9,4674.8,4659.9,3764
2026-01-19 11:00:00,MSS,long,4666.2,4661.5,4673.8,4661.5,4673.8,3775
2026-01-19 11:45:00,MSS,short,4670.3,4672.8,4666.2,4672.8,4666.2,3786
2026-01-19 12:10:00,MSS,long,4666.6,4665.0,4669.3,4665.0,4669.3,3790
2026-01-19 13:00:00,BOS,long,4671.8,4669.3,4675.8,4669.3,4675.8,3801
2026-01-19 13:20:00,BOS,long,4672.7,4669.3,4678.2,4669.3,4678.2,3801
2026-01-19 13:35:00,MSS,short,4677.5,4680.3,4672.9,4680.3,4672.9,3808
2026-01-19 14:20:00,MSS,long,4675.8,4674.1,4678.6,4674.1,4678.6,3817
2026-01-19 14:30:00,BOS,long,4677.4,4675.3,4680.9,4675.3,4680.9,3819
2026-01-19 14:55:00,BOS,long,4679.9,4677.1,4684.5,4677.1,4684.5,3822
2026-01-19 15:10:00,MSS,short,4679.8,4683.8,4673.3,4683.8,4673.3,3827
2026-01-19 16:05:00,MSS,long,4671.0,4666.7,4678.0,4666.7,4678.0,3837
2026-01-19 16:45:00,MSS,short,4673.0,4674.5,4670.7,4674.5,4670.7,3846
2026-01-19 17:10:00,MSS,long,4670.2,4666.4,4676.3,4666.4,4676.3,3849
2026-01-19 18:10:00,BOS,long,4672.9,4671.4,4675.2,4671.4,4675.2,3862
2026-01-19 18:25:00,MSS,short,4673.9,4676.0,4670.5,4676.0,4670.5,3865
2026-01-19 18:40:00,BOS,short,4669.9,4672.2,4666.1,4672.2,4666.1,3869
2026-01-19 19:25:00,MSS,long,4668.6,4666.5,4672.0,4666.5,4672.0,3877
2026-01-19 20:15:00,BOS,long,4669.4,4664.7,4676.9,4664.7,4676.9,3885
2026-01-19 20:30:00,BOS,long,4669.8,4664.7,4678.1,4664.7,4678.1,3885
2026-01-19 21:40:00,MSS,short,4676.0,4678.9,4671.2,4678.9,4671.2,3904
2026-01-19 22:35:00,BOS,short,4673.1,4675.7,4668.9,4675.7,4668.9,3916
2026-01-19 23:05:00,MSS,long,4672.0,4669.6,4675.9,4669.6,4675.9,3922
2026-01-19 23:35:00,BOS,long,4671.6,4669.5,4675.0,4669.5,4675.0,3926
2026-01-20 00:35:00,BOS,long,4676.9,4675.7,4678.8,4675.7,4678.8,3940
2026-01-20 01:10:00,MSS,short,4677.7,4679.0,4675.6,4679.0,4675.6,3945
2026-01-20 01:40:00,MSS,long,4677.2,4674.4,4681.7,4674.4,4681.7,3951
2026-01-20 02:20:00,BOS,long,4681.7,4679.0,4686.1,4679.0,4686.1,3959
2026-01-20 03:00:00,MSS,short,4681.5,4682.7,4679.5,4682.7,4679.5,3969
2026-01-20 07:25:00,BOS,short,4675.2,4678.1,4670.6,4678.1,4670.6,3979
2026-01-20 08:00:00,BOS,short,4671.4,4672.4,4669.9,4672.4,4669.9,3987
2026-01-20 08:10:00,MSS,long,4671.5,4669.9,4674.2,4669.9,4674.2,3988
2026-01-20 08:25:00,MSS,short,4670.9,4674.2,4665.6,4674.2,4665.6,3990
2026-01-20 08:55:00,BOS,short,4668.9,4670.5,4666.4,4670.5,4666.4,3997
2026-01-20 09:00:00,MSS,long,4669.7,4666.4,4675.1,4666.4,4675.1,3999
2026-01-20 09:35:00,BOS,long,4675.0,4671.3,4681.0,4671.3,4681.0,4004
2026-01-20 10:10:00,MSS,short,4676.8,4681.0,4670.0,4681.0,4670.0,4007
2026-01-20 11:05:00,BOS,short,4673.0,4674.5,4670.5,4674.5,4670.5,4023
2026-01-20 11:10:00,MSS,long,4672.7,4670.5,4676.2,4670.5,4676.2,4025
2026-01-20 12:55:00,BOS,long,4697.8,4694.6,4703.0,4694.6,4703.0,4045
2026-01-20 13:10:00,BOS,long,4703.3,4700.5,4707.7,4700.5,4707.7,4049
2026-01-20 13:30:00,BOS,long,4705.1,4701.2,4711.3,4701.2,4711.3,4052
2026-01-20 14:30:00,MSS,short,4719.8,4723.4,4714.1,4723.4,4714.1,4061
2026-01-20 15:10:00,MSS,long,4719.8,4717.4,4723.8,4717.4,4723.8,4072
2026-01-20 15:50:00,MSS,short,4726.0,4728.4,4722.0,4728.4,4722.0,4081
2026-01-20 16:05:00,MSS,long,4724.2,4720.2,4730.7,4720.2,4730.7,4083
2026-01-20 16:20:00,MSS,short,4729.0,4731.4,4725.2,4731.4,4725.2,4086
2026-01-20 16:45:00,MSS,long,4725.2,4721.5,4731.2,4721.5,4731.2,4091
2026-01-20 17:10:00,MSS,short,4734.8,4737.7,4730.2,4737.7,4730.2,4097
2026-01-20 17:25:00,MSS,long,4732.1,4727.2,4740.0,4727.2,4740.0,4100
2026-01-20 18:25:00,MSS,short,4736.8,4739.1,4733.1,4739.1,4733.1,4111
2026-01-20 19:35:00,MSS,long,4733.6,4731.3,4737.2,4731.3,4737.2,4126
2026-01-20 20:25:00,MSS,short,4734.7,4736.3,4732.1,4736.3,4732.1,4136
2026-01-20 21:05:00,BOS,short,4732.4,4735.4,4727.5,4735.4,4727.5,4143
2026-01-20 21:20:00,BOS,short,4727.8,4731.9,4721.2,4731.9,4721.2,4146
2026-01-20 21:40:00,MSS,long,4726.0,4719.8,4736.1,4719.8,4736.1,4150
2026-01-20 22:25:00,BOS,long,4744.6,4737.4,4756.2,4737.4,4756.2,4157
2026-01-20 22:30:00,MSS,short,4748.4,4756.2,4735.7,4756.2,4735.7,4161
2026-01-20 23:00:00,MSS,long,4743.5,4738.0,4752.5,4738.0,4752.5,4166
2026-01-20 23:20:00,MSS,short,4745.6,4753.7,4732.6,4753.7,4732.6,4169
2026-01-21 00:00:00,BOS,short,4740.6,4743.9,4735.3,4743.9,4735.3,4178
2026-01-21 00:10:00,MSS,long,4738.7,4733.0,4747.9,4733.0,4747.9,4181
2026-01-21 00:35:00,BOS,long,4743.5,4739.6,4749.8,4739.6,4749.8,4185
2026-01-21 01:40:00,BOS,long,4758.8,4756.2,4763.0,4756.2,4763.0,4197
2026-01-21 01:55:00,BOS,long,4760.3,4756.3,4766.9,4756.3,4766.9,4201
2026-01-21 02:50:00,MSS,short,4762.1,4764.9,4757.5,4764.9,4757.5,4213
2026-01-21 03:15:00,MSS,long,4763.1,4757.5,4772.1,4757.5,4772.1,4214
2026-01-21 04:15:00,MSS,short,4762.7,4766.6,4756.5,4766.6,4756.5,4230
2026-01-21 04:55:00,MSS,long,4757.2,4753.7,4762.9,4753.7,4762.9,4236
2026-01-21 05:10:00,BOS,long,4758.3,4753.7,4765.8,4753.7,4765.8,4236
2026-01-21 05:30:00,MSS,short,4764.8,4766.2,4762.5,4766.2,4762.5,4244
2026-01-21 05:45:00,MSS,long,4765.0,4762.3,4769.3,4762.3,4769.3,4247
2026-01-21 07:00:00,MSS,short,4766.9,4769.2,4763.1,4769.2,4763.1,4251
2026-01-21 07:40:00,MSS,long,4768.0,4761.8,4778.0,4761.8,4778.0,4257
2026-01-21 08:25:00,BOS,long,4781.3,4779.0,4784.9,4779.0,4784.9,4268
2026-01-21 08:50:00,BOS,long,4788.8,4786.9,4792.0,4786.9,4792.0,4273
2026-01-21 09:00:00,BOS,long,4791.8,4786.9,4799.8,4786.9,4799.8,4273
2026-01-21 09:50:00,BOS,long,4829.3,4818.1,4847.4,4818.1,4847.4,4282
2026-01-21 11:00:00,BOS,long,4837.7,4830.3,4849.6,4830.3,4849.6,4298
2026-01-21 12:15:00,BOS,long,4845.3,4840.1,4853.6,4840.1,4853.6,4314
2026-01-21 13:00:00,MSS,short,4869.3,4873.8,4862.0,4873.8,4862.0,4323
2026-01-21 13:15:00,MSS,long,4867.3,4861.5,4876.6,4861.5,4876.6,4325
2026-01-21 13:30:00,BOS,long,4871.7,4866.4,4880.3,4866.4,4880.3,4329
2026-01-21 14:20:00,BOS,long,4873.1,4866.8,4883.2,4866.8,4883.2,4337
2026-01-21 14:35:00,MSS,short,4882.9,4890.9,4870.0,4890.9,4870.0,4341
2026-01-21 14:55:00,BOS,short,4860.9,4869.0,4847.8,4869.0,4847.8,4346
2026-01-21 15:50:00,MSS,long,4847.8,4840.7,4859.4,4840.7,4859.4,4355
2026-01-21 16:00:00,BOS,long,4848.8,4840.7,4862.0,4840.7,4862.0,4355
2026-01-21 16:15:00,BOS,long,4862.2,4858.1,4868.8,4858.1,4868.8,4362
2026-01-21 16:55:00,MSS,short,4864.8,4871.7,4853.6,4871.7,4853.6,4365
2026-01-21 17:20:00,MSS,long,4864.5,4860.3,4871.2,4860.3,4871.2,4375
2026-01-21 17:45:00,MSS,short,4873.5,4879.3,4864.1,4879.3,4864.1,4378
2026-01-21 18:40:00,MSS,long,4864.4,4862.0,4868.2,4862.0,4868.2,4390
2026-01-21 19:15:00,BOS,long,4866.7,4863.2,4872.4,4863.2,4872.4,4396
2026-01-21 19:45:00,MSS,short,4867.6,4874.0,4857.3,4874.0,4857.3,4400
2026-01-21 21:05:00,MSS,long,4865.4,4861.0,4872.5,4861.0,4872.5,4420
2026-01-21 21:35:00,BOS,long,4870.8,4864.2,4881.5,4864.2,4881.5,4424
2026-01-21 21:55:00,BOS,long,4876.8,4872.7,4883.4,4872.7,4883.4,4430
2026-01-21 22:00:00,MSS,short,4872.2,4883.4,4854.0,4883.4,4854.0,4431
2026-01-21 22:35:00,MSS,long,4860.7,4852.2,4874.4,4852.2,4874.4,4438
2026-01-21 23:00:00,BOS,long,4856.1,4848.6,4868.3,4848.6,4868.3,4442
2026-01-21 23:15:00,MSS,short,4854.4,4871.1,4827.5,4871.1,4827.5,4445
2026-01-21 23:50:00,MSS,long,4842.4,4834.9,4854.6,4834.9,4854.6,4452
2026-01-22 00:15:00,MSS,short,4849.8,4858.2,4836.1,4858.2,4836.1,4457
2026-01-22 01:10:00,BOS,short,4831.4,4840.0,4817.5,4840.0,4817.5,4467
2026-01-22 01:30:00,BOS,short,4819.5,4828.8,4804.5,4828.8,4804.5,4472
2026-01-22 01:55:00,MSS,long,4814.4,4804.5,4830.3,4804.5,4830.3,4474
2026-01-22 02:25:00,BOS,long,4829.2,4822.6,4839.8,4822.6,4839.8,4484
2026-01-22 02:45:00,BOS,long,4838.0,4833.3,4845.6,4833.3,4845.6,4488
2026-01-22 03:20:00,BOS,long,4852.2,4849.3,4856.9,4849.3,4856.9,4495
2026-01-22 03:25:00,MSS,short,4837.8,4856.9,4806.9,4856.9,4806.9,4496
2026-01-22 04:15:00,MSS,long,4783.8,4774.5,4798.9,4774.5,4798.9,4505
2026-01-22 05:15:00,BOS,long,4823.2,4816.0,4834.8,4816.0,4834.8,4517
2026-01-22 05:50:00,MSS,short,4838.4,4842.9,4831.2,4842.9,4831.2,4525
2026-01-22 07:00:00,BOS,short,4833.0,4842.9,4816.9,4842.9,4816.9,4525
2026-01-22 07:55:00,BOS,short,4791.7,4799.5,4779.1,4799.5,4779.1,4538
2026-01-22 08:55:00,MSS,long,4788.6,4781.6,4799.8,4781.6,4799.8,4546
2026-01-22 09:00:00,MSS,short,4789.4,4799.8,4772.6,4799.8,4772.6,4551
2026-01-22 09:15:00,MSS,long,4783.7,4772.6,4801.7,4772.6,4801.7,4552
2026-01-22 10:30:00,MSS,short,4790.4,4796.8,4780.0,4796.8,4780.0,4568
2026-01-22 11:20:00,MSS,long,4788.2,4785.1,4793.3,4785.1,4793.3,4577
2026-01-22 11:55:00,BOS,long,4793.7,4791.1,4798.0,4791.1,4798.0,4584
2026-01-22 13:00:00,BOS,long,4797.4,4794.7,4801.8,4794.7,4801.8,4597
2026-01-22 13:45:00,BOS,long,4800.8,4795.8,4808.8,4795.8,4808.8,4605
2026-01-22 14:20:00,BOS,long,4821.0,4816.6,4828.0,4816.6,4828.0,4614
2026-01-22 14:50:00,MSS,short,4826.0,4828.7,4821.7,4828.7,4821.7,4619
2026-01-22 15:00:00,MSS,long,4825.9,4821.7,4832.6,4821.7,4832.6,4622
2026-01-22 15:40:00,MSS,short,4837.2,4839.3,4833.7,4839.3,4833.7,4630
2026-01-22 16:05:00,BOS,short,4834.2,4837.1,4829.4,4837.1,4829.4,4635
2026-01-22 16:55:00,MSS,long,4827.2,4823.3,4833.4,4823.3,4833.4,4643
2026-01-22 17:00:00,BOS,long,4828.5,4823.3,4836.9,4823.3,4836.9,4643
2026-01-22 17:20:00,MSS,short,4835.9,4839.6,4830.0,4839.6,4830.0,4650
2026-01-22 17:30:00,BOS,short,4831.0,4839.6,4817.1,4839.6,4817.1,4650
2026-01-22 18:30:00,MSS,long,4824.9,4822.1,4829.4,4822.1,4829.4,4664
2026-01-22 18:50:00,BOS,long,4830.2,4828.1,4833.7,4828.1,4833.7,4668
2026-01-22 19:10:00,MSS,short,4831.7,4834.0,4827.9,4834.0,4827.9,4673
2026-01-22 19:40:00,MSS,long,4829.5,4827.1,4833.5,4827.1,4833.5,4679
2026-01-22 20:05:00,MSS,short,4833.6,4838.5,4825.6,4838.5,4825.6,4683
2026-01-22 20:55:00,BOS,short,4829.4,4834.8,4820.7,4834.8,4820.7,4690
2026-01-22 21:20:00,MSS,long,4824.7,4817.5,4836.3,4817.5,4836.3,4696
2026-01-22 21:40:00,MSS,short,4827.4,4837.5,4811.0,4837.5,4811.0,4701
2026-01-22 22:20:00,MSS,long,4824.8,4821.7,4829.8,4821.7,4829.8,4709
2026-01-22 23:25:00,BOS,long,4837.6,4824.4,4859.0,4824.4,4859.0,4720
2026-01-22 23:50:00,BOS,long,4867.3,4861.5,4876.8,4861.5,4876.8,4728
2026-01-23 00:15:00,BOS,long,4874.7,4870.2,4882.0,4870.2,4882.0,4733
2026-01-23 00:35:00,BOS,long,4880.5,4876.0,4887.7,4876.0,4887.7,4738
2026-01-23 01:20:00,BOS,long,4881.0,4871.9,4895.8,4871.9,4895.8,4745
2026-01-23 01:40:00,BOS,long,4883.7,4871.9,4902.9,4871.9,4902.9,4745
2026-01-23 02:00:00,BOS,long,4902.2,4894.4,4914.7,4894.4,4914.7,4752
2026-01-23 02:35:00,BOS,long,4913.5,4909.8,4919.4,4909.8,4919.4,4761
2026-01-23 02:50:00,BOS,long,4916.7,4913.9,4921.3,4913.9,4921.3,4765
2026-01-23 03:45:00,MSS,short,4920.4,4927.4,4909.1,4927.4,4909.1,4770
2026-01-23 04:10:00,MSS,long,4917.1,4909.1,4930.1,4909.1,4930.1,4777
2026-01-23 04:55:00,MSS,short,4924.4,4928.5,4917.7,4928.5,4917.7,4789
2026-01-23 05:25:00,MSS,long,4926.0,4924.1,4929.1,4924.1,4929.1,4796
2026-01-23 07:00:00,BOS,long,4944.7,4938.1,4955.3,4938.1,4955.3,4803
2026-01-23 07:30:00,MSS,short,4951.9,4963.8,4932.7,4963.8,4932.7,4806
2026-01-23 08:50:00,MSS,long,4954.0,4949.3,4961.7,4949.3,4961.7,4824
2026-01-23 09:00:00,MSS,short,4957.0,4968.5,4938.5,4968.5,4938.5,4827
2026-01-23 10:10:00,BOS,short,4959.7,4966.1,4949.4,4966.1,4949.4,4838
2026-01-23 10:30:00,MSS,long,4952.6,4948.4,4959.4,4948.4,4959.4,4845
2026-01-23 11:15:00,MSS,short,4953.4,4960.9,4941.2,4960.9,4941.2,4854
2026-01-23 12:30:00,MSS,long,4952.5,4950.9,4955.1,4950.9,4955.1,4868
2026-01-23 12:45:00,BOS,long,4954.4,4950.9,4960.0,4950.9,4960.0,4868
2026-01-23 13:20:00,BOS,long,4958.4,4956.5,4961.4,4956.5,4961.4,4878
2026-01-23 13:40:00,BOS,long,4959.7,4957.6,4963.0,4957.6,4963.0,4883
2026-01-23 14:05:00,MSS,short,4964.1,4969.0,4956.1,4969.0,4956.1,4886
2026-01-23 15:10:00,MSS,long,4954.5,4952.6,4957.5,4952.6,4957.5,4900
2026-01-23 15:40:00,MSS,short,4955.1,4959.8,4947.4,4959.8,4947.4,4906
2026-01-23 16:15:00,BOS,short,4944.8,4948.6,4938.7,4948.6,4938.7,4913
2026-01-23 17:15:00,BOS,short,4916.0,4921.4,4907.3,4921.4,4907.3,4924
2026-01-23 17:40:00,MSS,long,4908.3,4901.2,4919.8,4901.2,4919.8,4929
2026-01-23 18:15:00,BOS,long,4920.4,4916.3,4927.1,4916.3,4927.1,4937
2026-01-23 18:55:00,BOS,long,4928.0,4925.7,4931.8,4925.7,4931.8,4945
2026-01-23 19:00:00,MSS,short,4926.7,4932.0,4918.2,4932.0,4918.2,4946
2026-01-23 19:30:00,MSS,long,4917.7,4912.7,4925.7,4912.7,4925.7,4951
2026-01-23 19:45:00,BOS,long,4918.1,4912.7,4926.8,4912.7,4926.8,4951
2026-01-23 20:00:00,BOS,long,4925.7,4921.8,4931.9,4921.8,4931.9,4959
2026-01-23 20:30:00,BOS,long,4926.0,4918.9,4937.6,4918.9,4937.6,4960
2026-01-23 20:45:00,BOS,long,4935.7,4932.8,4940.4,4932.8,4940.4,4968
2026-01-23 21:00:00,BOS,long,4941.4,4938.7,4945.7,4938.7,4945.7,4971
2026-01-23 21:20:00,MSS,short,4939.5,4948.8,4924.5,4948.8,4924.5,4973
2026-01-23 21:50:00,MSS,long,4933.5,4928.1,4942.2,4928.1,4942.2,4979
2026-01-23 22:05:00,BOS,long,4939.6,4935.8,4945.7,4935.8,4945.7,4984
2026-01-23 22:40:00,BOS,long,4939.9,4933.3,4950.6,4933.3,4950.6,4990
2026-01-23 23:40:00,BOS,long,4950.1,4942.9,4961.7,4942.9,4961.7,5000
2026-01-24 00:00:00,BOS,long,4957.8,4951.8,4967.6,4951.8,4967.6,5006
2026-01-24 00:15:00,BOS,long,4963.3,4951.8,4982.0,4951.8,4982.0,5006
2026-01-24 01:05:00,BOS,long,4981.1,4978.2,4985.8,4978.2,4985.8,5020
2026-01-24 01:50:00,MSS,short,4982.4,4989.0,4971.6,4989.0,4971.6,5028
2026-01-24 02:30:00,BOS,short,4980.8,4985.4,4973.4,4985.4,4973.4,5037
2026-01-24 03:45:00,MSS,long,4979.3,4975.6,4985.3,4975.6,4985.3,5051
2026-01-24 05:50:00,BOS,long,4983.2,4980.9,4987.0,4980.9,4987.0,5075
2026-01-26 07:00:00,BOS,long,4999.9,4981.7,5029.3,4981.7,5029.3,5079
2026-01-26 07:45:00,BOS,long,5020.4,5011.1,5035.5,5011.1,5035.5,5085
2026-01-26 08:15:00,MSS,short,5038.7,5043.1,5031.7,5043.1,5031.7,5093
2026-01-26 08:30:00,MSS,long,5036.5,5029.4,5048.0,5029.4,5048.0,5096
2026-01-26 09:10:00,BOS,long,5038.9,5027.3,5057.7,5027.3,5057.7,5104
2026-01-26 10:20:00,BOS,long,5073.1,5064.4,5087.1,5064.4,5087.1,5118
2026-01-26 11:45:00,MSS,short,5077.3,5082.0,5069.8,5082.0,5069.8,5135
2026-01-26 12:35:00,BOS,short,5071.1,5076.0,5063.1,5076.0,5063.1,5141
2026-01-26 13:15:00,BOS,short,5062.7,5070.8,5049.6,5070.8,5049.6,5152
2026-01-26 13:45:00,MSS,long,5057.8,5050.4,5069.7,5050.4,5069.7,5160
2026-01-26 14:35:00,BOS,long,5070.8,5063.2,5083.0,5063.2,5083.0,5167
2026-01-26 16:00:00,BOS,long,5088.7,5085.3,5094.2,5085.3,5094.2,5187
2026-01-26 16:40:00,MSS,short,5093.3,5096.7,5087.7,5096.7,5087.7,5195
2026-01-26 17:15:00,MSS,long,5087.7,5084.9,5092.2,5084.9,5092.2,5202
2026-01-26 17:25:00,BOS,long,5089.2,5085.7,5094.8,5085.7,5094.8,5204
2026-01-26 17:45:00,MSS,short,5091.1,5097.2,5081.2,5097.2,5081.2,5206
2026-01-26 18:30:00,MSS,long,5086.7,5083.8,5091.3,5083.8,5091.3,5217
2026-01-26 19:10:00,MSS,short,5089.4,5091.9,5085.3,5091.9,5085.3,5223
2026-01-26 20:00:00,MSS,long,5089.3,5087.8,5091.8,5087.8,5091.8,5235
2026-01-26 20:20:00,BOS,long,5088.2,5083.8,5095.2,5083.8,5095.2,5239
2026-01-26 20:35:00,MSS,short,5090.4,5095.2,5082.7,5095.2,5082.7,5240
2026-01-26 20:55:00,BOS,short,5080.0,5083.5,5074.4,5083.5,5074.4,5246
2026-01-26 21:30:00,BOS,short,5069.9,5081.0,5051.9,5081.0,5051.9,5251
2026-01-26 22:20:00,MSS,long,5066.8,5060.9,5076.4,5060.9,5076.4,5263
2026-01-26 22:50:00,BOS,long,5082.5,5076.2,5092.8,5076.2,5092.8,5268
2026-01-26 23:30:00,MSS,short,5087.5,5095.4,5074.6,5095.4,5074.6,5274
2026-01-27 00:00:00,MSS,long,5082.4,5071.1,5100.7,5071.1,5100.7,5280
2026-01-27 00:20:00,MSS,short,5096.4,5101.9,5087.5,5101.9,5087.5,5287
2026-01-27 01:40:00,MSS,long,5085.2,5076.7,5098.9,5076.7,5098.9,5301
2026-01-27 02:05:00,MSS,short,5093.9,5100.4,5083.5,5100.4,5083.5,5308
2026-01-27 02:30:00,BOS,short,5079.3,5086.9,5067.0,5086.9,5067.0,5312
2026-01-27 03:00:00,BOS,short,5060.5,5078.8,5031.0,5078.8,5031.0,5318
2026-01-27 04:10:00,MSS,long,5020.5,5002.6,5049.4,5002.6,5049.4,5329
2026-01-27 05:10:00,MSS,short,5045.6,5056.3,5028.2,5056.3,5028.2,5343
2026-01-27 07:00:00,MSS,long,5011.3,5000.3,5029.0,5000.3,5029.0,5355
2026-01-27 07:35:00,BOS,long,5038.7,5033.6,5047.0,5033.6,5047.0,5362
2026-01-27 08:25:00,MSS,short,5045.1,5048.9,5039.0,5048.9,5039.0,5371
2026-01-27 09:05:00,MSS,long,5026.0,5013.3,5046.6,5013.3,5046.6,5380
2026-01-27 09:30:00,MSS,short,5065.1,5071.6,5054.6,5071.6,5054.6,5383
2026-01-27 10:35:00,MSS,long,5061.4,5055.5,5070.9,5055.5,5070.9,5396
2026-01-27 11:35:00,BOS,long,5062.5,5058.1,5069.7,5058.1,5069.7,5409
2026-01-27 12:10:00,MSS,short,5070.3,5074.4,5063.6,5074.4,5063.6,5415
2026-01-27 12:35:00,BOS,short,5067.4,5070.7,5062.0,5070.7,5062.0,5421
2026-01-27 13:00:00,BOS,short,5061.6,5065.6,5055.2,5065.6,5055.2,5427
2026-01-27 13:30:00,MSS,long,5057.9,5051.9,5067.7,5051.9,5067.7,5430
2026-01-27 13:40:00,BOS,long,5060.1,5054.2,5069.6,5054.2,5069.6,5434
2026-01-27 14:20:00,BOS,long,5075.8,5071.3,5083.2,5071.3,5083.2,5442
2026-01-27 14:45:00,BOS,long,5079.9,5074.3,5089.0,5074.3,5089.0,5446
2026-01-27 15:30:00,BOS,long,5083.2,5077.0,5093.3,5077.0,5093.3,5457
2026-01-27 16:25:00,MSS,short,5079.1,5084.0,5071.2,5084.0,5071.2,5467
2026-01-27 17:15:00,MSS,long,5077.3,5073.9,5082.9,5073.9,5082.9,5476
2026-01-27 17:50:00,BOS,long,5084.9,5079.1,5094.2,5079.1,5094.2,5485
2026-01-27 18:20:00,MSS,short,5091.2,5095.0,5085.0,5095.0,5085.0,5491
2026-01-27 19:10:00,MSS,long,5081.4,5078.2,5086.7,5078.2,5086.7,5497
2026-01-27 19:45:00,MSS,short,5079.3,5084.7,5070.6,5084.7,5070.6,5507
2026-01-27 20:30:00,MSS,long,5075.4,5069.6,5084.7,5069.6,5084.7,5516
2026-01-27 21:40:00,MSS,short,5076.1,5082.5,5065.8,5082.5,5065.8,5530
2026-01-27 22:00:00,BOS,short,5072.9,5078.6,5063.8,5078.6,5063.8,5534
2026-01-27 22:15:00,BOS,short,5058.1,5068.0,5042.0,5068.0,5042.0,5538
2026-01-27 22:35:00,MSS,long,5061.3,5054.4,5072.5,5054.4,5072.5,5542
2026-01-27 22:55:00,MSS,short,5065.8,5077.9,5046.1,5077.9,5046.1,5544
2026-01-27 23:15:00,MSS,long,5055.7,5046.4,5070.7,5046.4,5070.7,5550
2026-01-27 23:30:00,BOS,long,5068.7,5063.8,5076.5,5063.8,5076.5,5553
2026-01-27 23:55:00,BOS,long,5073.2,5063.8,5088.3,5063.8,5088.3,5553
2026-01-28 00:10:00,BOS,long,5086.2,5080.4,5095.7,5080.4,5095.7,5561
2026-01-28 00:40:00,MSS,short,5093.6,5100.4,5082.7,5100.4,5082.7,5564
2026-01-28 02:30:00,MSS,long,5081.7,5076.5,5090.0,5076.5,5090.0,5589
2026-01-28 02:45:00,BOS,long,5086.7,5084.1,5090.8,5084.1,5090.8,5592
2026-01-28 03:05:00,MSS,short,5087.9,5093.7,5078.5,5093.7,5078.5,5595
2026-01-28 03:40:00,MSS,long,5087.3,5084.5,5091.7,5084.5,5091.7,5601
2026-01-28 03:50:00,BOS,long,5087.7,5084.5,5092.8,5084.5,5092.8,5601
2026-01-28 04:45:00,BOS,long,5147.1,5133.6,5169.0,5133.6,5169.0,5616
2026-01-28 05:45:00,BOS,long,5177.0,5168.5,5190.8,5168.5,5190.8,5625
2026-01-28 07:10:00,MSS,short,5180.4,5190.8,5163.5,5190.8,5163.5,5629
2026-01-28 07:45:00,MSS,long,5164.1,5161.0,5169.1,5161.0,5169.1,5639
2026-01-28 08:00:00,MSS,short,5167.6,5174.6,5156.4,5174.6,5156.4,5643
2026-01-28 09:00:00,MSS,long,5167.7,5157.5,5184.3,5157.5,5184.3,5648
2026-01-28 09:40:00,BOS,long,5190.5,5177.4,5211.7,5177.4,5211.7,5660
2026-01-28 10:45:00,BOS,long,5217.7,5213.9,5223.9,5213.9,5223.9,5676
2026-01-28 12:50:00,BOS,long,5233.1,5229.4,5239.0,5229.4,5239.0,5701
2026-01-28 13:05:00,BOS,long,5240.9,5236.8,5247.5,5236.8,5247.5,5704
2026-01-28 13:40:00,BOS,long,5250.0,5244.3,5259.2,5244.3,5259.2,5710
2026-01-28 14:50:00,BOS,long,5255.5,5250.2,5264.1,5250.2,5264.1,5725
2026-01-28 15:45:00,BOS,long,5272.5,5265.7,5283.4,5265.7,5283.4,5735
2026-01-28 16:30:00,BOS,long,5292.5,5283.8,5306.7,5283.8,5306.7,5743
2026-01-28 16:45:00,MSS,short,5294.8,5306.7,5275.6,5306.7,5275.6,5746
2026-01-28 17:10:00,BOS,short,5286.7,5293.0,5276.4,5293.0,5276.4,5752
2026-01-28 17:40:00,BOS,short,5269.4,5276.3,5258.3,5276.3,5258.3,5758
2026-01-28 18:05:00,MSS,long,5265.9,5258.3,5278.3,5258.3,5278.3,5760
2026-01-28 19:00:00,MSS,short,5260.9,5275.7,5237.0,5275.7,5237.0,5774
2026-01-28 19:45:00,MSS,long,5251.4,5246.1,5260.0,5246.1,5260.0,5783
2026-01-28 20:20:00,BOS,long,5252.1,5245.3,5263.0,5245.3,5263.0,5789
2026-01-28 20:35:00,BOS,long,5257.4,5253.2,5264.3,5253.2,5264.3,5793
2026-01-28 20:50:00,BOS,long,5263.2,5259.0,5269.9,5259.0,5269.9,5797
2026-01-28 21:35:00,MSS,short,5271.5,5280.4,5257.1,5280.4,5257.1,5806
2026-01-28 22:00:00,BOS,short,5258.6,5263.0,5251.4,5263.0,5251.4,5811
2026-01-28 22:35:00,MSS,long,5256.0,5243.7,5275.8,5243.7,5275.8,5818
2026-01-28 22:55:00,BOS,long,5271.2,5263.8,5283.2,5263.8,5283.2,5822
2026-01-28 23:05:00,MSS,short,5268.0,5292.3,5228.7,5292.3,5228.7,5824
2026-01-29 00:10:00,MSS,long,5270.8,5262.3,5284.5,5262.3,5284.5,5834
2026-01-29 00:30:00,MSS,short,5283.1,5288.8,5273.8,5288.8,5273.8,5839
2026-01-29 00:45:00,MSS,long,5282.4,5273.8,5296.4,5273.8,5296.4,5842
2026-01-29 01:35:00,MSS,short,5292.9,5301.3,5279.4,5301.3,5279.4,5853
2026-01-29 02:05:00,MSS,long,5294.6,5289.4,5302.9,5289.4,5302.9,5860
2026-01-29 02:30:00,MSS,short,5304.6,5324.0,5273.1,5324.0,5273.1,5864
2026-01-29 03:10:00,MSS,long,5275.5,5263.7,5294.7,5263.7,5294.7,5872
2026-01-29 03:40:00,BOS,long,5289.3,5277.3,5308.6,5277.3,5308.6,5878
2026-01-29 04:25:00,BOS,long,5330.4,5317.0,5352.1,5317.0,5352.1,5887
2026-01-29 05:45:00,BOS,long,5385.9,5378.4,5398.0,5378.4,5398.0,5904
2026-01-29 07:30:00,BOS,long,5475.3,5463.9,5493.8,5463.9,5493.8,5912
2026-01-29 08:00:00,MSS,short,5489.2,5518.3,5442.0,5518.3,5442.0,5919
2026-01-29 08:30:00,MSS,long,5476.6,5455.4,5511.0,5455.4,5511.0,5924
2026-01-29 09:00:00,MSS,short,5492.8,5513.1,5460.0,5513.1,5460.0,5930
2026-01-29 09:40:00,MSS,long,5476.6,5436.4,5541.6,5436.4,5541.6,5934
2026-01-29 10:00:00,MSS,short,5525.0,5540.8,5499.4,5540.8,5499.4,5942
2026-01-29 10:30:00,MSS,long,5513.8,5503.1,5531.0,5503.1,5531.0,5948
2026-01-29 11:00:00,MSS,short,5522.3,5534.8,5502.2,5534.8,5502.2,5954
2026-01-29 11:45:00,MSS,long,5520.0,5513.0,5531.4,5513.0,5531.4,5964
2026-01-29 12:10:00,MSS,short,5535.9,5541.6,5526.6,5541.6,5526.6,5969
2026-01-29 12:30:00,MSS,long,5537.6,5526.6,5555.4,5526.6,5555.4,5970
2026-01-29 13:20:00,MSS,short,5535.3,5551.0,5509.8,5551.0,5509.8,5983
2026-01-29 13:55:00,MSS,long,5542.3,5535.0,5554.1,5535.0,5554.1,5988
2026-01-29 14:20:00,BOS,long,5575.6,5569.0,5586.2,5569.0,5586.2,5995
2026-01-29 14:45:00,MSS,short,5568.2,5578.5,5551.6,5578.5,5551.6,5999
2026-01-29 15:25:00,BOS,short,5544.3,5553.1,5530.1,5553.1,5530.1,6008
2026-01-29 16:00:00,BOS,short,5536.9,5541.6,5529.2,5541.6,5529.2,6015
2026-01-29 16:30:00,BOS,short,5524.3,5533.4,5509.5,5533.4,5509.5,6019
2026-01-29 16:35:00,BOS,short,5522.2,5533.4,5504.0,5533.4,5504.0,6019
2026-01-29 17:30:00,MSS,long,5502.9,5495.4,5515.0,5495.4,5515.0,6031
2026-01-29 18:00:00,MSS,short,5515.0,5522.9,5502.1,5522.9,5502.1,6036
2026-01-29 18:30:00,BOS,short,5501.4,5507.0,5492.3,5507.0,5492.3,6045
2026-01-29 18:55:00,BOS,short,5492.2,5501.8,5476.7,5501.8,5476.7,6047
2026-01-29 19:20:00,MSS,long,5479.3,5463.7,5504.6,5463.7,5504.6,6052
2026-01-29 19:45:00,BOS,long,5508.7,5501.1,5520.9,5501.1,5520.9,6060
2026-01-29 20:10:00,BOS,long,5520.5,5513.7,5531.5,5513.7,5531.5,6064
2026-01-29 20:40:00,MSS,short,5527.5,5533.3,5518.0,5533.3,5518.0,6071
2026-01-29 20:50:00,MSS,long,5524.0,5518.0,5533.7,5518.0,5533.7,6072
2026-01-29 21:00:00,MSS,short,5528.8,5533.7,5520.9,5533.7,5520.9,6074
2026-01-29 21:40:00,MSS,long,5505.4,5495.0,5522.3,5495.0,5522.3,6083
2026-01-29 22:05:00,BOS,long,5510.2,5497.9,5530.0,5497.9,5530.0,6087
2026-01-29 22:25:00,BOS,long,5524.3,5512.8,5542.9,5512.8,5542.9,6092
2026-01-29 22:50:00,MSS,short,5512.1,5527.0,5487.9,5527.0,5487.9,6096
2026-01-30 00:00:00,MSS,long,5191.5,5172.6,5222.1,5172.6,5222.1,6111
2026-01-30 00:10:00,BOS,long,5206.6,5168.6,5268.0,5168.6,5268.0,6112
2026-01-30 01:15:00,BOS,long,5280.2,5249.0,5330.8,5249.0,5330.8,6122
2026-01-30 02:25:00,MSS,short,5333.3,5349.8,5306.5,5349.8,5306.5,6137
2026-01-30 03:00:00,BOS,short,5339.4,5352.8,5317.6,5352.8,5317.6,6145
2026-01-30 03:15:00,BOS,short,5314.5,5318.0,5308.8,5318.0,5308.8,6147
2026-01-30 03:25:00,BOS,short,5312.8,5318.0,5304.5,5318.0,5304.5,6147
2026-01-30 03:45:00,MSS,long,5295.6,5282.0,5317.7,5282.0,5317.7,6151
2026-01-30 04:00:00,MSS,short,5293.8,5305.4,5275.1,5305.4,5275.1,6155
2026-01-30 04:35:00,MSS,long,5304.6,5283.1,5339.3,5283.1,5339.3,6159
2026-01-30 05:20:00,BOS,long,5387.6,5381.9,5396.7,5381.9,5396.7,6168
2026-01-30 05:50:00,MSS,short,5395.2,5408.7,5373.3,5408.7,5373.3,6170
2026-01-30 07:00:00,MSS,long,5384.9,5370.0,5409.0,5370.0,5409.0,6175
2026-01-30 08:05:00,BOS,long,5431.2,5424.8,5441.5,5424.8,5441.5,6187
2026-01-30 08:25:00,MSS,short,5432.6,5441.5,5418.1,5441.5,5418.1,6189
2026-01-30 08:45:00,BOS,short,5408.2,5422.0,5386.0,5422.0,5386.0,6192
2026-01-30 09:00:00,BOS,short,5406.3,5422.0,5381.0,5422.0,5381.0,6192
2026-01-30 10:15:00,BOS,short,5287.2,5353.4,5180.0,5353.4,5180.0,6197
2026-01-30 16:30:00,BOS,short,5127.9,5162.9,5071.3,5162.9,5071.3,6204
2026-01-30 17:05:00,BOS,short,5083.2,5100.0,5056.1,5100.0,5056.1,6211
2026-01-30 19:40:00,MSS,long,5032.5,4976.3,5123.3,4976.3,5123.3,6215
2026-01-30 23:00:00,MSS,short,5045.4,5084.9,4981.5,5084.9,4981.5,6225
2026-01-31 01:20:00,BOS,short,5003.3,5056.6,4917.0,5056.6,4917.0,6228
2026-01-31 01:35:00,BOS,short,4913.7,4924.3,4896.6,4924.3,4896.6,6231
2026-01-31 03:45:00,MSS,long,4879.1,4854.2,4919.3,4854.2,4919.3,6238
2026-02-02 07:00:00,MSS,short,4854.2,4919.3,4748.8,4919.3,4748.8,6241
2026-02-02 07:15:00,BOS,short,4771.4,4801.3,4722.9,4801.3,4722.9,6244
2026-02-02 09:00:00,MSS,long,4737.7,4722.9,4761.7,4722.9,4761.7,6245
2026-02-02 12:00:00,MSS,short,4699.9,4761.7,4600.0,4761.7,4600.0,6247
2026-02-02 20:30:00,MSS,long,4721.3,4687.0,4776.8,4687.0,4776.8,6253
2026-02-03 00:25:00,MSS,short,4731.4,4776.8,4658.0,4776.8,4658.0,6255
2026-02-03 09:10:00,MSS,long,4720.3,4658.0,4821.0,4658.0,4821.0,6257
2026-02-04 01:30:00,BOS,long,4924.6,4910.9,4946.8,4910.9,4946.8,6263
2026-02-04 02:25:00,MSS,short,4930.9,4946.8,4905.3,4946.8,4905.3,6265
2026-02-04 03:25:00,MSS,long,4903.2,4891.0,4922.9,4891.0,4922.9,6269
2026-02-04 03:50:00,MSS,short,4926.4,4936.2,4910.6,4936.2,4910.6,6274
2026-02-04 10:10:00,MSS,long,4962.8,4910.6,5047.2,4910.6,5047.2,6275
2026-02-04 16:45:00,BOS,long,5043.4,5028.7,5067.2,5028.7,5067.2,6278
2026-02-04 23:00:00,MSS,short,5025.1,5051.2,4982.9,5051.2,4982.9,6282
2026-02-05 10:30:00,BOS,short,4970.7,5007.6,4910.9,5007.6,4910.9,6287
2026-02-06 03:40:00,BOS,short,4845.8,4851.1,4837.1,4851.1,4837.1,6291
2026-02-06 22:50:00,MSS,long,4877.9,4842.1,4935.9,4842.1,4935.9,6297
2026-02-07 01:25:00,BOS,long,4940.1,4933.8,4950.2,4933.8,4950.2,6299
2026-02-10 18:25:00,BOS,long,5024.4,5011.9,5044.7,5011.9,5044.7,6306
2026-02-11 02:40:00,MSS,short,5030.8,5044.7,5008.3,5044.7,5008.3,6307
2026-02-11 10:45:00,MSS,long,5023.5,5008.3,5048.0,5008.3,5048.0,6311
2026-02-12 11:20:00,MSS,short,5073.4,5082.0,5059.6,5082.0,5059.6,6323
2026-02-12 18:10:00,MSS,long,5057.5,5052.8,5065.1,5052.8,5065.1,6332
2026-02-12 21:45:00,BOS,long,5067.1,5061.9,5075.6,5061.9,5075.6,6334
2026-02-12 23:55:00,MSS,short,5064.9,5068.1,5059.8,5068.1,5059.8,6338
2026-02-13 00:05:00,BOS,short,5059.7,5065.3,5050.7,5065.3,5050.7,6340
2026-02-13 09:10:00,MSS,long,4948.4,4941.1,4960.1,4941.1,4960.1,6345
2026-02-14 02:35:00,BOS,long,4990.9,4966.8,5030.0,4966.8,5030.0,6348
2026-02-14 03:25:00,BOS,long,5033.4,5028.4,5041.5,5028.4,5041.5,6350
2026-02-17 03:05:00,MSS,short,5020.5,5037.3,4993.2,5037.3,4993.2,6353
2026-02-18 01:55:00,MSS,long,4857.8,4854.7,4862.7,4854.7,4862.7,6357
2026-02-18 23:30:00,BOS,long,4917.1,4864.6,5002.0,4864.6,5002.0,6361
2026-02-19 00:45:00,BOS,long,5002.0,4996.2,5011.5,4996.2,5011.5,6364
2026-02-19 01:30:00,MSS,short,4998.5,4999.9,4996.2,4999.9,4996.2,6369
2026-02-19 01:35:00,BOS,short,4998.2,4999.9,4995.5,4999.9,4995.5,6369
2026-02-19 01:55:00,MSS,long,4993.4,4991.5,4996.6,4991.5,4996.6,6372
2026-02-19 02:25:00,MSS,short,4992.4,4996.6,4985.5,4996.6,4985.5,6373
2026-02-19 21:45:00,MSS,long,4985.3,4977.4,4998.0,4977.4,4998.0,6376
2026-02-19 23:50:00,BOS,long,5001.9,4998.6,5007.2,4998.6,5007.2,6380
2026-02-20 00:25:00,MSS,short,5006.0,5012.0,4996.3,5012.0,4996.3,6382
2026-02-20 01:35:00,BOS,short,4999.6,5005.6,4990.0,5005.6,4990.0,6386
2026-02-20 01:55:00,BOS,short,4989.2,4993.1,4983.0,4993.1,4983.0,6388
2026-02-20 02:25:00,BOS,short,4981.8,4984.9,4976.9,4984.9,4976.9,6390
2026-02-20 08:40:00,MSS,long,4982.4,4976.9,4991.2,4976.9,4991.2,6391
2026-02-24 02:40:00,BOS,long,5076.5,4997.7,5204.1,4997.7,5204.1,6399
2026-02-26 08:50:00,BOS,long,5200.3,5196.3,5206.7,5196.3,5206.7,6414
2026-02-26 09:25:00,MSS,short,5204.8,5211.1,5194.7,5211.1,5194.7,6422
2026-02-26 10:10:00,BOS,short,5206.1,5211.3,5197.8,5211.3,5197.8,6430
2026-02-26 10:40:00,BOS,short,5195.7,5199.8,5189.1,5199.8,5189.1,6437
2026-02-26 10:50:00,MSS,long,5193.4,5189.1,5200.3,5189.1,5200.3,6438
2026-02-26 11:00:00,BOS,long,5194.6,5189.1,5203.4,5189.1,5203.4,6438
2026-02-26 12:00:00,BOS,long,5204.2,5199.7,5211.4,5199.7,5211.4,6451
2026-02-26 13:05:00,BOS,long,5208.1,5206.4,5210.8,5206.4,5210.8,6464
2026-02-26 13:45:00,MSS,short,5215.2,5219.8,5207.7,5219.8,5207.7,6473
2026-02-26 15:05:00,BOS,short,5206.2,5211.5,5197.6,5211.5,5197.6,6490
2026-02-26 15:45:00,BOS,short,5203.3,5206.5,5198.1,5206.5,5198.1,6498
2026-02-26 16:10:00,MSS,long,5200.3,5195.8,5207.7,5195.8,5207.7,6503
2026-02-26 16:25:00,MSS,short,5201.3,5207.7,5191.0,5207.7,5191.0,6504
2026-02-26 17:35:00,MSS,long,5194.2,5190.8,5199.8,5190.8,5199.8,6518
2026-02-26 18:00:00,BOS,long,5199.9,5196.2,5205.8,5196.2,5205.8,6522
2026-02-26 18:15:00,MSS,short,5203.2,5206.4,5198.1,5206.4,5198.1,6527
2026-02-26 18:25:00,BOS,short,5201.1,5205.0,5194.7,5205.0,5194.7,6529
2026-02-26 18:45:00,BOS,short,5191.4,5194.7,5186.1,5194.7,5186.1,6534
2026-02-26 19:50:00,BOS,short,5185.9,5191.6,5176.6,5191.6,5176.6,6545
2026-02-26 20:15:00,MSS,long,5179.5,5173.1,5189.9,5173.1,5189.9,6550
2026-02-26 21:00:00,MSS,short,5197.2,5200.9,5191.3,5200.9,5191.3,6561
2026-02-26 21:40:00,BOS,short,5188.6,5193.6,5180.4,5193.6,5180.4,6569
2026-02-26 22:20:00,MSS,long,5179.9,5175.9,5186.5,5175.9,5186.5,6575
2026-02-26 23:20:00,MSS,short,5180.4,5188.2,5167.7,5188.2,5167.7,6588
2026-02-26 23:40:00,MSS,long,5163.4,5145.2,5192.8,5145.2,5192.8,6591
2026-02-27 01:25:00,MSS,short,5195.6,5198.9,5190.3,5198.9,5190.3,6614
2026-02-27 01:45:00,BOS,short,5189.7,5194.9,5181.4,5194.9,5181.4,6617
2026-02-27 02:10:00,MSS,long,5184.3,5180.4,5190.6,5180.4,5190.6,6623
2026-02-27 02:45:00,BOS,long,5186.1,5176.4,5201.7,5176.4,5201.7,6629
2026-02-27 03:05:00,BOS,long,5198.8,5195.2,5204.5,5195.2,5204.5,6633
2026-02-27 03:45:00,BOS,long,5204.5,5200.3,5211.4,5200.3,5211.4,6640
2026-02-27 04:05:00,BOS,long,5207.4,5203.5,5213.7,5203.5,5213.7,6645
2026-02-27 04:40:00,BOS,long,5211.1,5207.7,5216.5,5207.7,5216.5,6652
2026-02-27 05:25:00,MSS,short,5212.0,5218.0,5202.2,5218.0,5202.2,6658
2026-02-27 05:50:00,BOS,short,5205.5,5208.6,5200.4,5208.6,5200.4,6666
2026-02-27 07:00:00,BOS,short,5202.3,5208.6,5192.1,5208.6,5192.1,6666
2026-02-27 08:00:00,BOS,short,5202.0,5206.2,5195.3,5206.2,5195.3,6678
2026-02-27 08:15:00,MSS,long,5199.8,5195.3,5207.0,5195.3,5207.0,6682
2026-02-27 08:35:00,MSS,short,5202.3,5211.5,5187.3,5211.5,5187.3,6686
2026-02-27 09:15:00,MSS,long,5187.6,5182.7,5195.4,5182.7,5195.4,6695
2026-02-27 09:30:00,BOS,long,5194.1,5191.0,5199.0,5191.0,5199.0,6699
2026-02-27 10:25:00,MSS,short,5210.1,5215.9,5200.8,5215.9,5200.8,6707
2026-02-27 10:55:00,MSS,long,5194.5,5190.3,5201.2,5190.3,5201.2,6716
2026-02-27 11:25:00,BOS,long,5200.5,5197.7,5204.9,5197.7,5204.9,6719
2026-02-27 11:45:00,BOS,long,5202.8,5200.0,5207.4,5200.0,5207.4,6725
2026-02-27 12:20:00,BOS,long,5202.2,5200.7,5204.5,5200.7,5204.5,6733
2026-02-27 12:50:00,MSS,short,5202.9,5205.2,5199.2,5205.2,5199.2,6737
2026-02-27 13:20:00,MSS,long,5200.7,5197.2,5206.4,5197.2,5206.4,6741
2026-02-27 13:55:00,BOS,long,5211.5,5207.8,5217.4,5207.8,5217.4,6751
2026-02-27 14:50:00,MSS,short,5209.9,5213.3,5204.3,5213.3,5204.3,6762
2026-02-27 15:10:00,BOS,short,5203.4,5206.6,5198.2,5206.6,5198.2,6767
2026-02-27 15:55:00,BOS,short,5196.9,5199.6,5192.6,5199.6,5192.6,6774
2026-02-27 16:45:00,BOS,short,5197.7,5199.2,5195.4,5199.2,5195.4,6785
2026-02-27 17:45:00,BOS,short,5194.7,5198.3,5188.9,5198.3,5188.9,6798
2026-02-27 18:15:00,MSS,long,5188.7,5184.0,5196.3,5184.0,5196.3,6804
2026-02-27 19:10:00,MSS,short,5192.3,5194.2,5189.2,5194.2,5189.2,6814
2026-02-27 19:30:00,MSS,long,5191.5,5188.4,5196.6,5188.4,5196.6,6817
2026-02-27 19:45:00,BOS,long,5194.6,5192.6,5197.8,5192.6,5197.8,6822
2026-02-27 21:00:00,BOS,long,5204.6,5199.5,5212.9,5199.5,5212.9,6835
2026-02-27 21:55:00,BOS,long,5234.0,5228.2,5243.4,5228.2,5243.4,6848
2026-02-27 22:20:00,BOS,long,5242.1,5234.7,5254.1,5234.7,5254.1,6851
2026-02-27 23:05:00,BOS,long,5243.7,5236.8,5254.9,5236.8,5254.9,6862
2026-02-27 23:45:00,BOS,long,5248.2,5244.0,5255.0,5244.0,5255.0,6869
2026-02-28 00:50:00,MSS,short,5253.5,5256.9,5248.1,5256.9,5248.1,6882
2026-02-28 01:40:00,MSS,long,5243.9,5237.4,5254.4,5237.4,5254.4,6892
2026-02-28 02:20:00,MSS,short,5251.4,5256.4,5243.3,5256.4,5243.3,6898
2026-02-28 02:40:00,MSS,long,5246.8,5240.0,5257.9,5240.0,5257.9,6903
2026-02-28 04:05:00,BOS,long,5267.9,5266.3,5270.5,5266.3,5270.5,6921
2026-02-28 05:35:00,BOS,long,5282.8,5278.9,5289.0,5278.9,5289.0,6940
2026-03-02 07:00:00,BOS,long,5335.9,5294.5,5403.0,5294.5,5403.0,6945
2026-03-02 08:05:00,MSS,short,5394.2,5405.0,5376.8,5405.0,5376.8,6956
2026-03-02 08:50:00,BOS,short,5375.9,5388.7,5355.2,5388.7,5355.2,6964
2026-03-02 09:55:00,BOS,short,5345.1,5351.8,5334.3,5351.8,5334.3,6978
2026-03-02 10:35:00,MSS,long,5339.5,5329.0,5356.6,5329.0,5356.6,6983
2026-03-02 11:15:00,BOS,long,5366.2,5362.6,5372.1,5362.6,5372.1,6996
2026-03-02 11:35:00,BOS,long,5370.7,5366.2,5377.9,5366.2,5377.9,7000
2026-03-02 12:35:00,MSS,short,5371.2,5379.4,5358.0,5379.4,5358.0,7010
2026-03-02 13:30:00,MSS,long,5360.3,5353.6,5371.1,5353.6,5371.1,7021
2026-03-02 14:05:00,BOS,long,5381.7,5374.4,5393.6,5374.4,5393.6,7029
2026-03-02 14:25:00,BOS,long,5383.0,5374.4,5397.0,5374.4,5397.0,7029
2026-03-02 14:45:00,BOS,long,5393.0,5388.1,5401.0,5388.1,5401.0,7038
2026-03-02 16:25:00,BOS,long,5422.1,5416.4,5431.3,5416.4,5431.3,7058
2026-03-02 16:40:00,MSS,short,5424.2,5432.0,5411.5,5432.0,5411.5,7060
2026-03-02 16:55:00,BOS,short,5418.2,5425.9,5405.8,5425.9,5405.8,7063
2026-03-02 18:35:00,MSS,long,5403.9,5398.1,5413.4,5398.1,5413.4,7083
2026-03-02 19:45:00,MSS,short,5404.2,5414.8,5387.0,5414.8,5387.0,7097
2026-03-02 21:00:00,MSS,long,5407.3,5400.7,5418.0,5400.7,5418.0,7113
2026-03-02 21:10:00,MSS,short,5414.2,5425.5,5396.0,5425.5,5396.0,7115
2026-03-02 21:40:00,BOS,short,5422.8,5432.2,5407.5,5432.2,5407.5,7120
2026-03-02 22:00:00,BOS,short,5405.6,5414.0,5392.0,5414.0,5392.0,7124
2026-03-02 23:55:00,BOS,short,5347.9,5363.9,5322.0,5363.9,5322.0,7145
2026-03-03 00:25:00,MSS,long,5307.5,5294.5,5328.5,5294.5,5328.5,7153
2026-03-03 01:30:00,BOS,long,5317.1,5306.2,5334.7,5306.2,5334.7,7165
2026-03-03 02:05:00,MSS,short,5316.6,5324.2,5304.2,5324.2,5304.2,7173
2026-03-03 02:45:00,MSS,long,5312.7,5304.0,5326.7,5304.0,5326.7,7181
2026-03-03 04:00:00,BOS,long,5340.8,5336.6,5347.6,5336.6,5347.6,7196
2026-03-03 04:55:00,MSS,short,5352.2,5356.6,5345.1,5356.6,5345.1,7208
2026-03-03 05:25:00,BOS,short,5351.2,5354.6,5345.8,5354.6,5345.8,7213
2026-03-03 07:00:00,MSS,long,5344.8,5335.4,5360.0,5335.4,5360.0,7221
2026-03-03 07:35:00,MSS,short,5351.5,5356.0,5344.2,5356.0,5344.2,7225
2026-03-03 07:55:00,MSS,long,5350.1,5343.6,5360.6,5343.6,5360.6,7231
2026-03-03 08:10:00,BOS,long,5355.6,5350.4,5364.0,5350.4,5364.0,7234
2026-03-03 09:00:00,BOS,long,5367.5,5360.4,5378.9,5360.4,5378.9,7244
2026-03-03 09:55:00,MSS,short,5378.0,5394.5,5351.4,5394.5,5351.4,7251
2026-03-03 11:00:00,MSS,long,5377.1,5371.9,5385.5,5371.9,5385.5,7268
2026-03-03 11:50:00,MSS,short,5379.4,5383.8,5372.3,5383.8,5372.3,7278
2026-03-03 12:20:00,MSS,long,5377.6,5372.7,5385.6,5372.7,5385.6,7284
2026-03-03 13:30:00,MSS,short,5368.7,5376.1,5356.7,5376.1,5356.7,7299
2026-03-03 14:10:00,BOS,short,5319.7,5337.0,5291.8,5337.0,5291.8,7306
2026-03-03 15:30:00,MSS,long,5326.2,5321.7,5333.5,5321.7,5333.5,7320
2026-03-03 16:20:00,MSS,short,5340.4,5349.0,5326.6,5349.0,5326.6,7331
2026-03-03 16:55:00,BOS,short,5316.0,5324.2,5302.7,5324.2,5302.7,7340
2026-03-03 17:00:00,BOS,short,5315.8,5324.2,5302.2,5324.2,5302.2,7340
2026-03-03 17:25:00,BOS,short,5285.4,5315.9,5236.0,5315.9,5236.0,7344
2026-03-03 17:50:00,MSS,long,5278.9,5270.9,5291.8,5270.9,5291.8,7350
2026-03-03 18:00:00,BOS,long,5281.9,5270.9,5299.8,5270.9,5299.8,7350
2026-03-03 18:35:00,MSS,short,5280.0,5293.1,5258.9,5293.1,5258.9,7359
2026-03-03 19:05:00,BOS,short,5234.2,5275.0,5168.3,5275.0,5168.3,7366
2026-03-03 19:45:00,MSS,long,5130.7,5112.6,5160.0,5112.6,5160.0,7374
2026-03-03 20:05:00,BOS,long,5163.9,5148.0,5189.5,5148.0,5189.5,7378
2026-03-03 20:55:00,BOS,long,5217.8,5206.0,5236.8,5206.0,5236.8,7388
2026-03-03 21:00:00,MSS,short,5217.0,5236.8,5185.0,5236.8,5185.0,7389
2026-03-03 21:50:00,BOS,short,5177.0,5197.7,5143.5,5197.7,5143.5,7396
2026-03-03 22:20:00,BOS,short,5165.4,5186.0,5132.0,5186.0,5132.0,7403
2026-03-03 22:30:00,BOS,short,5144.4,5158.0,5122.5,5158.0,5122.5,7407
2026-03-03 23:45:00,MSS,long,5036.7,5005.0,5088.0,5005.0,5088.0,7417
2026-03-04 00:35:00,BOS,long,5128.5,5117.8,5145.7,5117.8,5145.7,7432
2026-03-04 01:00:00,MSS,short,5125.2,5145.7,5092.0,5145.7,5092.0,7433
2026-03-04 01:30:00,BOS,short,5105.8,5121.0,5081.1,5121.0,5081.1,7441
2026-03-04 02:00:00,MSS,long,5088.6,5077.6,5106.3,5077.6,5106.3,7449
2026-03-04 02:25:00,BOS,long,5113.2,5103.9,5128.3,5103.9,5128.3,7454
2026-03-04 03:00:00,BOS,long,5149.3,5141.8,5161.4,5141.8,5161.4,7461
2026-03-04 03:05:00,MSS,short,5152.4,5161.4,5137.9,5161.4,5137.9,7462
2026-03-04 04:20:00,MSS,long,5130.1,5123.3,5141.1,5123.3,5141.1,7477
2026-03-04 04:35:00,MSS,short,5132.2,5141.1,5117.8,5141.1,5117.8,7478
2026-03-04 07:00:00,MSS,long,5105.4,5093.9,5124.1,5093.9,5124.1,7496
2026-03-04 08:00:00,MSS,short,5127.7,5136.0,5114.4,5136.0,5114.4,7509
2026-03-04 08:40:00,MSS,long,5136.7,5130.6,5146.6,5130.6,5146.6,7517
2026-03-04 09:00:00,BOS,long,5148.2,5135.9,5168.0,5135.9,5168.0,7521
2026-03-04 09:45:00,BOS,long,5162.8,5150.3,5183.0,5150.3,5183.0,7528
2026-03-04 10:05:00,BOS,long,5183.9,5177.4,5194.3,5177.4,5194.3,7534
2026-03-04 10:55:00,MSS,short,5179.5,5190.0,5162.5,5190.0,5162.5,7543
2026-03-04 11:15:00,MSS,long,5158.2,5150.0,5171.4,5150.0,5171.4,7547
2026-03-04 11:45:00,BOS,long,5167.8,5162.3,5176.8,5162.3,5176.8,7553
2026-03-04 12:40:00,MSS,short,5172.8,5180.5,5160.4,5180.5,5160.4,7563
2026-03-04 13:00:00,BOS,short,5168.7,5173.4,5161.0,5173.4,5161.0,7567
2026-03-04 13:10:00,MSS,long,5165.9,5160.3,5175.0,5160.3,5175.0,7571
2026-03-04 14:00:00,MSS,short,5166.9,5177.3,5150.2,5177.3,5150.2,7580
2026-03-04 14:30:00,MSS,long,5146.3,5136.0,5163.0,5136.0,5163.0,7586
2026-03-04 14:55:00,BOS,long,5161.3,5155.3,5170.9,5155.3,5170.9,7590
2026-03-04 15:45:00,BOS,long,5178.4,5173.7,5186.0,5173.7,5186.0,7602
2026-03-04 16:00:00,MSS,short,5178.6,5186.0,5166.5,5186.0,5166.5,7603
2026-03-04 16:45:00,MSS,long,5171.1,5157.7,5192.9,5157.7,5192.9,7607
2026-03-04 17:15:00,BOS,long,5176.4,5170.2,5186.5,5170.2,5186.5,7619
2026-03-04 17:35:00,BOS,long,5186.0,5179.8,5196.0,5179.8,5196.0,7624
2026-03-04 18:00:00,BOS,long,5191.1,5187.0,5197.8,5187.0,5197.8,7629
2026-03-04 19:05:00,BOS,long,5197.2,5193.0,5203.9,5193.0,5203.9,7639
2026-03-04 19:30:00,BOS,long,5205.2,5202.0,5210.3,5202.0,5210.3,7645
2026-03-04 20:00:00,BOS,long,5206.5,5199.3,5218.2,5199.3,5218.2,7652
2026-03-04 20:15:00,MSS,short,5207.4,5218.2,5189.8,5218.2,5189.8,7654
2026-03-04 21:00:00,MSS,long,5179.4,5170.9,5193.1,5170.9,5193.1,7665
2026-03-04 21:55:00,MSS,short,5193.6,5203.4,5177.7,5203.4,5177.7,7675
2026-03-04 22:30:00,MSS,long,5179.1,5169.2,5195.0,5169.2,5195.0,7683
2026-03-04 22:45:00,MSS,short,5178.2,5195.0,5151.0,5195.0,5151.0,7684
2026-03-04 23:10:00,BOS,short,5160.6,5173.3,5140.1,5173.3,5140.1,7690
2026-03-05 00:20:00,BOS,short,5163.6,5172.9,5148.6,5172.9,5148.6,7702
2026-03-05 01:20:00,BOS,short,5150.3,5161.9,5131.5,5161.9,5131.5,7717
2026-03-05 02:05:00,BOS,short,5152.7,5160.0,5141.0,5160.0,5141.0,7725
2026-03-05 02:45:00,MSS,long,5128.2,5118.7,5143.7,5118.7,5143.7,7734
2026-03-05 03:15:00,MSS,short,5142.5,5145.8,5137.2,5145.8,5137.2,7737
2026-03-05 03:55:00,MSS,long,5139.9,5133.3,5150.6,5133.3,5150.6,7744
2026-03-05 04:35:00,BOS,long,5142.3,5134.7,5154.5,5134.7,5154.5,7753
2026-03-05 05:30:00,MSS,short,5149.2,5153.9,5141.7,5153.9,5141.7,7766
2026-03-05 05:50:00,MSS,long,5146.6,5141.7,5154.5,5141.7,5154.5,7768
2026-03-05 07:45:00,BOS,long,5165.0,5159.4,5174.0,5159.4,5174.0,7781
2026-03-05 08:05:00,BOS,long,5174.2,5170.6,5180.0,5170.6,5180.0,7786
2026-03-05 09:05:00,BOS,long,5183.5,5177.7,5193.0,5177.7,5193.0,7797
2026-03-05 10:15:00,BOS,long,5185.9,5182.0,5192.2,5182.0,5192.2,7812
2026-03-05 10:55:00,BOS,long,5190.4,5183.3,5202.0,5183.3,5202.0,7819
2026-03-05 11:55:00,MSS,short,5195.1,5200.0,5187.1,5200.0,5187.1,7831
2026-03-05 12:40:00,BOS,short,5190.6,5195.6,5182.6,5195.6,5182.6,7837
2026-03-05 13:30:00,BOS,short,5179.4,5183.6,5172.6,5183.6,5172.6,7851
2026-03-05 14:05:00,BOS,short,5164.1,5178.4,5141.0,5178.4,5141.0,7855
2026-03-05 14:45:00,MSS,long,5144.0,5129.4,5167.7,5129.4,5167.7,7860
2026-03-05 16:00:00,MSS,short,5170.9,5175.4,5163.6,5175.4,5163.6,7879
2026-03-05 16:45:00,MSS,long,5158.6,5146.3,5178.5,5146.3,5178.5,7886
2026-03-05 17:05:00,BOS,long,5179.3,5171.5,5191.9,5171.5,5191.9,7894
2026-03-05 17:35:00,MSS,short,5181.0,5192.3,5162.8,5192.3,5162.8,7896
2026-03-05 18:45:00,MSS,long,5162.9,5157.0,5172.4,5157.0,5172.4,7913
2026-03-05 19:35:00,MSS,short,5174.0,5178.2,5167.3,5178.2,5167.3,7921
2026-03-05 20:00:00,MSS,long,5173.8,5171.0,5178.2,5171.0,5178.2,7929
2026-03-05 20:25:00,MSS,short,5178.3,5181.7,5172.7,5181.7,5172.7,7934
2026-03-05 21:00:00,BOS,short,5171.2,5176.9,5162.1,5176.9,5162.1,7940
2026-03-05 21:15:00,BOS,short,5161.3,5176.9,5136.0,5176.9,5136.0,7940
2026-03-05 22:15:00,BOS,short,5128.4,5139.1,5111.1,5139.1,5111.1,7955
2026-03-05 22:30:00,MSS,long,5119.2,5111.1,5132.4,5111.1,5132.4,7957
2026-03-05 22:35:00,MSS,short,5119.5,5132.4,5098.6,5132.4,5098.6,7960
2026-03-05 23:50:00,MSS,long,5094.1,5086.0,5107.2,5086.0,5107.2,7974
2026-03-06 00:05:00,MSS,short,5102.8,5113.9,5084.8,5113.9,5084.8,7978
2026-03-06 00:20:00,BOS,short,5085.8,5094.3,5072.0,5094.3,5072.0,7981
2026-03-06 01:00:00,MSS,long,5085.1,5078.7,5095.5,5078.7,5095.5,7988
2026-03-06 01:25:00,MSS,short,5092.9,5098.4,5083.9,5098.4,5083.9,7992
2026-03-06 02:10:00,MSS,long,5066.9,5057.1,5082.7,5057.1,5082.7,8002
2026-03-06 02:35:00,BOS,long,5077.9,5069.8,5091.0,5069.8,5091.0,8007
2026-03-06 03:25:00,MSS,short,5083.2,5090.4,5071.5,5090.4,5071.5,8015
2026-03-06 04:10:00,MSS,long,5077.9,5070.8,5089.4,5070.8,5089.4,8027
2026-03-06 05:50:00,BOS,long,5086.7,5081.9,5094.5,5081.9,5094.5,8045
2026-03-06 08:00:00,MSS,short,5098.5,5111.6,5077.4,5111.6,5077.4,8058
2026-03-06 08:50:00,MSS,long,5089.4,5083.8,5098.4,5083.8,5098.4,8070
2026-03-06 09:00:00,MSS,short,5089.1,5098.4,5074.1,5098.4,5074.1,8072
2026-03-06 09:30:00,MSS,long,5091.3,5081.0,5107.9,5081.0,5107.9,8076
2026-03-06 10:40:00,MSS,short,5137.9,5143.2,5129.4,5143.2,5129.4,8088
2026-03-06 11:00:00,MSS,long,5133.5,5130.3,5138.7,5130.3,5138.7,8096
2026-03-06 12:10:00,BOS,long,5141.1,5138.5,5145.4,5138.5,5145.4,8109
2026-03-06 12:25:00,MSS,short,5141.8,5145.4,5136.1,5145.4,5136.1,8112
2026-03-06 12:55:00,BOS,short,5140.9,5144.6,5134.8,5144.6,5134.8,8120
2026-03-06 13:25:00,MSS,long,5134.4,5131.5,5139.2,5131.5,5139.2,8126
2026-03-06 13:35:00,MSS,short,5134.5,5139.2,5127.0,5139.2,5127.0,8127
2026-03-06 14:20:00,MSS,long,5125.2,5121.3,5131.4,5121.3,5131.4,8136
2026-03-06 14:55:00,MSS,short,5128.2,5131.3,5123.3,5131.3,5123.3,8144
2026-03-06 15:55:00,MSS,long,5121.5,5116.5,5129.5,5116.5,5129.5,8152
2026-03-06 16:20:00,MSS,short,5121.9,5126.4,5114.7,5126.4,5114.7,8161
2026-03-06 17:10:00,BOS,short,5113.6,5120.2,5102.9,5120.2,5102.9,8169
2026-03-06 17:35:00,BOS,short,5105.1,5112.5,5093.0,5112.5,5093.0,8176
2026-03-06 19:20:00,MSS,long,5096.1,5089.2,5107.2,5089.2,5107.2,8196
2026-03-06 19:50:00,MSS,short,5100.5,5109.4,5086.2,5109.4,5086.2,8200
2026-03-06 20:55:00,BOS,short,5099.8,5105.9,5090.0,5105.9,5090.0,8214
2026-03-06 21:30:00,MSS,long,5097.1,5073.2,5135.7,5073.2,5135.7,8219
2026-03-06 22:55:00,BOS,long,5111.0,5091.9,5141.8,5091.9,5141.8,8238
2026-03-06 23:20:00,BOS,long,5159.0,5146.8,5178.8,5146.8,5178.8,8244
2026-03-07 00:35:00,MSS,short,5149.9,5156.2,5139.6,5156.2,5139.6,8260
2026-03-07 01:15:00,MSS,long,5144.0,5138.3,5153.2,5138.3,5153.2,8267
2026-03-07 01:30:00,BOS,long,5152.0,5146.5,5160.9,5146.5,5160.9,8271
2026-03-07 02:00:00,BOS,long,5147.0,5142.1,5155.0,5142.1,5155.0,8277
2026-03-07 03:10:00,BOS,long,5171.2,5165.6,5180.3,5165.6,5180.3,8288
2026-03-07 04:00:00,MSS,short,5169.2,5172.6,5163.7,5172.6,5163.7,8300
2026-03-07 04:30:00,BOS,short,5165.2,5169.0,5159.0,5169.0,5159.0,8307
2026-03-07 05:00:00,MSS,long,5163.0,5158.8,5169.9,5158.8,5169.9,8313
2026-03-07 05:30:00,BOS,long,5176.0,5173.6,5179.9,5173.6,5179.9,8319
2026-03-09 06:00:00,MSS,short,5177.6,5184.4,5166.7,5184.4,5166.7,8325
2026-03-09 06:40:00,BOS,short,5152.6,5175.4,5115.6,5175.4,5115.6,8332
2026-03-09 07:10:00,BOS,short,5127.0,5146.0,5096.2,5146.0,5096.2,8338
2026-03-09 07:35:00,BOS,short,5094.9,5114.0,5064.0,5114.0,5064.0,8344
2026-03-09 08:10:00,BOS,short,5068.7,5089.5,5035.1,5089.5,5035.1,8350
2026-03-09 08:45:00,BOS,short,5057.1,5067.6,5040.1,5067.6,5040.1,8357
2026-03-09 09:05:00,MSS,long,5038.4,5020.8,5066.8,5020.8,5066.8,8362
2026-03-09 09:55:00,MSS,short,5084.0,5089.0,5075.9,5089.0,5075.9,8371
2026-03-09 10:10:00,MSS,long,5077.2,5061.3,5102.9,5061.3,5102.9,8374
2026-03-09 12:05:00,BOS,long,5097.2,5093.2,5103.7,5093.2,5103.7,8398
2026-03-09 12:50:00,MSS,short,5097.7,5101.5,5091.6,5101.5,5091.6,8403
2026-03-09 13:00:00,MSS,long,5095.5,5091.3,5102.3,5091.3,5102.3,8407
2026-03-09 13:30:00,BOS,long,5102.4,5094.4,5115.4,5094.4,5115.4,8413
2026-03-09 14:35:00,MSS,short,5131.2,5137.0,5121.7,5137.0,5121.7,8428
2026-03-09 15:20:00,MSS,long,5106.5,5102.5,5113.0,5102.5,5113.0,8437
2026-03-09 16:00:00,BOS,long,5107.7,5101.0,5118.5,5101.0,5118.5,8443
2026-03-09 16:20:00,MSS,short,5112.4,5118.5,5102.5,5118.5,5102.5,8446
2026-03-09 16:45:00,MSS,long,5101.1,5096.6,5108.5,5096.6,5108.5,8454
2026-03-09 17:05:00,BOS,long,5107.7,5100.3,5119.6,5100.3,5119.6,8457
2026-03-09 18:25:00,MSS,short,5114.6,5119.6,5106.5,5119.6,5106.5,8472
2026-03-09 18:55:00,BOS,short,5102.5,5107.7,5094.1,5107.7,5094.1,8478
2026-03-09 20:00:00,MSS,long,5097.3,5091.6,5106.4,5091.6,5106.4,8492
2026-03-09 20:20:00,BOS,long,5106.5,5101.5,5114.5,5101.5,5114.5,8496
2026-03-09 20:40:00,MSS,short,5117.1,5120.4,5111.8,5120.4,5111.8,8500
2026-03-09 21:05:00,BOS,short,5102.9,5107.6,5095.3,5107.6,5095.3,8506
2026-03-09 21:30:00,MSS,long,5102.0,5092.3,5117.7,5092.3,5117.7,8510
2026-03-09 21:40:00,MSS,short,5105.3,5119.7,5082.1,5119.7,5082.1,8513
2026-03-09 22:30:00,MSS,long,5079.7,5067.4,5099.6,5067.4,5099.6,8520
2026-03-10 00:00:00,BOS,long,5106.7,5101.3,5115.5,5101.3,5115.5,8538
2026-03-10 00:15:00,MSS,short,5112.7,5118.2,5103.9,5118.2,5103.9,8544
2026-03-10 01:05:00,BOS,short,5112.8,5115.6,5108.4,5115.6,5108.4,8554
2026-03-10 01:50:00,MSS,long,5101.7,5097.7,5108.3,5097.7,5108.3,8562
2026-03-10 02:15:00,BOS,long,5105.9,5101.3,5113.4,5101.3,5113.4,8568
2026-03-10 02:30:00,BOS,long,5108.3,5101.3,5119.6,5101.3,5119.6,8568
2026-03-10 03:15:00,BOS,long,5134.3,5128.0,5144.4,5128.0,5144.4,8579
2026-03-10 03:55:00,BOS,long,5144.5,5138.7,5154.0,5138.7,5154.0,8587
2026-03-10 06:00:00,MSS,short,5141.8,5150.2,5128.1,5150.2,5128.1,8599
2026-03-10 06:45:00,MSS,long,5136.2,5126.0,5152.7,5126.0,5152.7,8606
2026-03-10 07:15:00,BOS,long,5154.7,5147.7,5166.0,5147.7,5166.0,8615
2026-03-10 07:40:00,MSS,short,5153.5,5158.8,5145.0,5158.8,5145.0,8621
2026-03-10 08:20:00,BOS,short,5146.8,5151.5,5139.2,5151.5,5139.2,8628
2026-03-10 09:00:00,MSS,long,5144.8,5137.9,5156.0,5137.9,5156.0,8637
2026-03-10 09:20:00,BOS,long,5157.4,5148.3,5172.1,5148.3,5172.1,8640
2026-03-10 09:45:00,BOS,long,5169.1,5162.4,5180.0,5162.4,5180.0,8644
2026-03-10 10:50:00,MSS,short,5189.1,5194.4,5180.6,5194.4,5180.6,8659
2026-03-10 12:10:00,MSS,long,5166.8,5162.6,5173.7,5162.6,5173.7,8675
2026-03-10 13:00:00,BOS,long,5173.6,5170.0,5179.5,5170.0,5179.5,8683
2026-03-10 13:10:00,BOS,long,5174.7,5170.0,5182.3,5170.0,5182.3,8683
2026-03-10 13:30:00,MSS,short,5179.0,5180.8,5176.1,5180.8,5176.1,8691
2026-03-10 13:45:00,MSS,long,5179.9,5178.0,5183.0,5178.0,5183.0,8691
2026-03-10 15:15:00,MSS,short,5183.9,5188.1,5177.0,5188.1,5177.0,8711
2026-03-10 15:45:00,MSS,long,5175.6,5167.4,5188.9,5167.4,5188.9,8714
2026-03-10 16:30:00,BOS,long,5190.2,5185.0,5198.6,5185.0,5198.6,8726
2026-03-10 17:55:00,MSS,short,5195.8,5198.3,5191.7,5198.3,5191.7,8743
2026-03-10 18:30:00,BOS,short,5185.1,5191.4,5174.9,5191.4,5174.9,8750
2026-03-10 19:05:00,MSS,long,5178.8,5165.7,5200.0,5165.7,5200.0,8753
2026-03-10 19:40:00,MSS,short,5190.2,5194.6,5183.0,5194.6,5183.0,8765
2026-03-10 20:00:00,BOS,short,5184.0,5188.8,5176.2,5188.8,5176.2,8768
2026-03-10 20:25:00,MSS,long,5178.3,5171.2,5189.9,5171.2,5189.9,8771
2026-03-10 21:00:00,BOS,long,5198.5,5189.9,5212.4,5189.9,5212.4,8780
2026-03-10 21:45:00,MSS,short,5218.1,5226.2,5205.0,5226.2,5205.0,8790
2026-03-10 22:05:00,BOS,short,5214.0,5224.7,5196.8,5224.7,5196.8,8793
2026-03-10 23:00:00,MSS,long,5217.0,5211.6,5225.7,5211.6,5225.7,8801
2026-03-10 23:30:00,BOS,long,5238.1,5232.9,5246.5,5232.9,5246.5,8811
2026-03-10 23:50:00,MSS,short,5244.0,5248.7,5236.5,5248.7,5236.5,8815
2026-03-11 00:40:00,BOS,short,5241.1,5244.0,5236.5,5244.0,5236.5,8825
2026-03-11 02:00:00,BOS,short,5236.2,5242.2,5226.5,5242.2,5226.5,8840
2026-03-11 03:15:00,MSS,long,5206.0,5201.5,5213.3,5201.5,5213.3,8856
2026-03-11 03:30:00,MSS,short,5206.4,5216.4,5190.1,5216.4,5190.1,8858
2026-03-11 04:55:00,BOS,short,5204.0,5207.8,5197.8,5207.8,5197.8,8875
2026-03-11 06:05:00,BOS,short,5202.3,5207.8,5193.4,5207.8,5193.4,8875
2026-03-11 07:40:00,BOS,short,5201.6,5203.9,5198.0,5203.9,5198.0,8897
2026-03-11 07:55:00,MSS,long,5198.9,5195.3,5204.8,5195.3,5204.8,8899
2026-03-11 08:15:00,BOS,long,5200.5,5193.7,5211.4,5193.7,5211.4,8903
2026-03-11 08:45:00,BOS,long,5218.7,5214.8,5224.9,5214.8,5224.9,8910
2026-03-11 09:50:00,MSS,short,5222.5,5225.7,5217.4,5225.7,5217.4,8923
2026-03-11 10:40:00,MSS,long,5212.8,5209.5,5218.1,5209.5,5218.1,8932
2026-03-11 11:45:00,MSS,short,5215.2,5218.1,5210.4,5218.1,5210.4,8945
2026-03-11 12:50:00,BOS,short,5214.0,5216.7,5209.7,5216.7,5209.7,8958
2026-03-11 13:25:00,BOS,short,5213.5,5216.7,5208.2,5216.7,5208.2,8963
2026-03-11 14:05:00,MSS,long,5207.1,5204.1,5211.9,5204.1,5211.9,8974
2026-03-11 14:30:00,MSS,short,5212.8,5215.0,5209.2,5215.0,5209.2,8979
2026-03-11 15:00:00,MSS,long,5210.2,5210.7,5209.4,5210.7,5209.4,8978
2026-03-11 15:30:00,MSS,short,5203.1,5206.5,5197.6,5206.5,5197.6,8991
2026-03-11 16:10:00,MSS,long,5200.1,5196.0,5206.7,5196.0,5206.7,8998
2026-03-11 16:20:00,MSS,short,5202.0,5206.7,5194.4,5206.7,5194.4,9000
2026-03-11 17:30:00,MSS,long,5193.2,5187.1,5203.1,5187.1,5203.1,9011
2026-03-11 17:55:00,MSS,short,5200.9,5204.9,5194.4,5204.9,5194.4,9018
2026-03-11 18:05:00,MSS,long,5197.0,5194.1,5201.7,5194.1,5201.7,9022
2026-03-11 18:20:00,MSS,short,5201.3,5203.0,5198.5,5203.0,5198.5,9024
2026-03-11 19:00:00,MSS,long,5195.9,5192.7,5201.2,5192.7,5201.2,9033
2026-03-11 19:15:00,MSS,short,5196.6,5201.3,5189.0,5201.3,5189.0,9035
2026-03-11 19:55:00,BOS,short,5191.6,5196.9,5183.0,5196.9,5183.0,9044
2026-03-11 20:10:00,MSS,long,5190.0,5183.0,5201.3,5183.0,5201.3,9045
2026-03-11 20:30:00,MSS,short,5197.0,5203.3,5186.7,5203.3,5186.7,9049
2026-03-11 20:55:00,BOS,short,5183.5,5189.9,5173.2,5189.9,5173.2,9054
2026-03-11 21:45:00,BOS,short,5181.1,5191.1,5165.0,5191.1,5165.0,9062
2026-03-11 22:00:00,MSS,long,5170.7,5156.0,5194.6,5156.0,5194.6,9068
2026-03-11 22:25:00,BOS,long,5197.2,5193.4,5203.4,5193.4,5203.4,9074
2026-03-11 23:10:00,MSS,short,5192.2,5201.0,5177.9,5201.0,5177.9,9080
2026-03-12 00:35:00,MSS,long,5176.0,5171.5,5183.2,5171.5,5183.2,9099
2026-03-12 01:05:00,BOS,long,5181.9,5177.7,5188.6,5177.7,5188.6,9104
2026-03-12 01:30:00,MSS,short,5178.3,5181.6,5173.0,5181.6,5173.0,9111
2026-03-12 01:55:00,MSS,long,5167.3,5161.1,5177.3,5161.1,5177.3,9114
2026-03-12 03:40:00,BOS,long,5180.9,5176.6,5187.9,5176.6,5187.9,9130
2026-03-12 03:50:00,BOS,long,5186.7,5184.5,5190.2,5184.5,5190.2,9139
2026-03-12 04:15:00,MSS,short,5188.3,5191.5,5183.1,5191.5,5183.1,9142
2026-03-12 06:05:00,BOS,short,5183.3,5189.8,5172.8,5189.8,5172.8,9154
2026-03-12 06:55:00,BOS,short,5159.6,5174.5,5135.6,5174.5,5135.6,9164
2026-03-12 07:45:00,BOS,short,5153.1,5159.2,5143.2,5159.2,5143.2,9174
2026-03-12 08:20:00,MSS,long,5139.5,5130.1,5154.8,5130.1,5154.8,9179
2026-03-12 09:00:00,BOS,long,5163.0,5157.2,5172.3,5157.2,5172.3,9189
2026-03-12 09:35:00,BOS,long,5163.3,5159.1,5170.0,5159.1,5170.0,9196
2026-03-12 10:05:00,BOS,long,5173.3,5169.7,5179.2,5169.7,5179.2,9201
2026-03-12 10:20:00,MSS,short,5177.7,5180.1,5173.7,5180.1,5173.7,9204
2026-03-12 11:35:00,BOS,short,5157.1,5159.7,5152.8,5159.7,5152.8,9218
2026-03-12 12:15:00,MSS,long,5157.9,5156.9,5159.4,5156.9,5159.4,9228
2026-03-12 12:20:00,MSS,short,5157.8,5159.4,5155.1,5159.4,5155.1,9229
2026-03-12 13:05:00,MSS,long,5148.1,5145.3,5152.7,5145.3,5152.7,9237
2026-03-12 13:40:00,BOS,long,5148.8,5142.0,5159.9,5142.0,5159.9,9243
2026-03-12 14:15:00,MSS,short,5159.0,5161.0,5155.8,5161.0,5155.8,9252
2026-03-12 14:25:00,MSS,long,5156.4,5152.5,5162.8,5152.5,5162.8,9254
2026-03-12 15:40:00,BOS,long,5178.7,5174.2,5185.9,5174.2,5185.9,9269
2026-03-12 16:55:00,MSS,short,5186.6,5188.2,5183.9,5188.2,5183.9,9281
2026-03-12 17:10:00,BOS,short,5184.9,5187.0,5181.5,5187.0,5181.5,9285
2026-03-12 17:30:00,MSS,long,5184.4,5180.0,5191.4,5180.0,5191.4,9290
2026-03-12 17:55:00,BOS,long,5191.9,5189.1,5196.3,5189.1,5196.3,9296
2026-03-12 18:25:00,MSS,short,5193.4,5197.9,5186.1,5197.9,5186.1,9299
2026-03-12 19:15:00,BOS,short,5186.0,5189.6,5180.3,5189.6,5180.3,9310
2026-03-12 19:40:00,MSS,long,5183.5,5181.4,5186.8,5181.4,5186.8,9317
2026-03-12 20:00:00,MSS,short,5184.5,5187.2,5180.1,5187.2,5180.1,9321
2026-03-12 20:45:00,MSS,long,5179.7,5174.5,5188.1,5174.5,5188.1,9330
2026-03-12 21:15:00,MSS,short,5187.3,5192.6,5178.6,5192.6,5178.6,9334
2026-03-12 21:50:00,BOS,short,5177.7,5192.6,5153.6,5192.6,5153.6,9334
2026-03-12 22:00:00,MSS,long,5159.0,5152.0,5170.2,5152.0,5170.2,9345
2026-03-12 22:15:00,MSS,short,5163.6,5166.7,5158.6,5166.7,5158.6,9344
2026-03-12 23:00:00,BOS,short,5145.4,5150.8,5136.6,5150.8,5136.6,9357
2026-03-13 00:05:00,BOS,short,5136.0,5141.0,5127.9,5141.0,5127.9,9370
2026-03-13 00:55:00,BOS,short,5138.0,5144.0,5128.4,5144.0,5128.4,9378
2026-03-13 01:15:00,BOS,short,5130.4,5136.7,5120.1,5136.7,5120.1,9383
2026-03-13 01:30:00,BOS,short,5125.4,5130.0,5118.0,5130.0,5118.0,9386
2026-03-13 02:20:00,BOS,short,5113.4,5117.3,5107.0,5117.3,5107.0,9397
2026-03-13 03:00:00,BOS,short,5097.5,5105.3,5084.8,5105.3,5084.8,9404
2026-03-13 03:55:00,BOS,short,5097.2,5102.7,5088.4,5102.7,5088.4,9416
2026-03-13 06:00:00,MSS,long,5069.8,5058.1,5088.7,5058.1,5088.7,9424
2026-03-13 06:55:00,BOS,long,5092.8,5088.8,5099.4,5088.8,5099.4,9437
2026-03-13 07:20:00,BOS,long,5096.6,5093.1,5102.3,5093.1,5102.3,9444
2026-03-13 08:05:00,BOS,long,5103.1,5100.3,5107.5,5100.3,5107.5,9454
2026-03-13 08:30:00,BOS,long,5109.7,5107.3,5113.7,5107.3,5113.7,9459
2026-03-13 09:40:00,MSS,short,5121.0,5125.2,5114.1,5125.2,5114.1,9472
2026-03-13 09:55:00,MSS,long,5117.8,5111.5,5128.1,5111.5,5128.1,9475
2026-03-13 10:20:00,MSS,short,5127.2,5132.4,5118.7,5132.4,5118.7,9478
2026-03-13 10:55:00,BOS,short,5122.2,5127.4,5113.8,5127.4,5113.8,9482
2026-03-13 11:35:00,BOS,short,5114.4,5117.7,5109.0,5117.7,5109.0,9494
2026-03-13 11:45:00,MSS,long,5113.2,5109.0,5119.9,5109.0,5119.9,9497
2026-03-13 12:20:00,MSS,short,5115.7,5121.4,5106.6,5121.4,5106.6,9502
2026-03-13 13:10:00,MSS,long,5108.2,5105.6,5112.3,5105.6,5112.3,9515
2026-03-13 13:40:00,MSS,short,5110.1,5114.8,5102.5,5114.8,5102.5,9520
2026-03-13 14:00:00,MSS,long,5104.3,5100.4,5110.5,5100.4,5110.5,9525
2026-03-13 14:20:00,MSS,short,5106.3,5111.3,5098.2,5111.3,5098.2,9527
2026-03-13 15:15:00,BOS,short,5091.0,5098.4,5079.1,5098.4,5079.1,9540
2026-03-13 16:00:00,BOS,short,5088.0,5097.6,5072.5,5097.6,5072.5,9546
2026-03-13 16:35:00,MSS,long,5074.1,5066.0,5087.3,5066.0,5087.3,9554
2026-03-13 16:55:00,BOS,long,5085.5,5080.6,5093.5,5080.6,5093.5,9559
2026-03-13 18:10:00,BOS,long,5093.5,5090.5,5098.3,5090.5,5098.3,9574
2026-03-13 18:30:00,MSS,short,5095.2,5101.5,5085.0,5101.5,5085.0,9577
2026-03-13 18:45:00,MSS,long,5090.5,5085.0,5099.4,5085.0,5099.4,9580
2026-03-13 19:55:00,BOS,long,5103.1,5097.0,5113.0,5097.0,5113.0,9595
2026-03-13 20:45:00,BOS,long,5119.6,5114.2,5128.4,5114.2,5128.4,9606
2026-03-13 21:25:00,MSS,short,5118.0,5121.2,5112.7,5121.2,5112.7,9614
2026-03-13 22:10:00,BOS,short,5107.1,5114.4,5095.2,5114.4,5095.2,9623
2026-03-13 23:40:00,BOS,short,5062.6,5072.8,5046.2,5072.8,5046.2,9640
2026-03-14 01:10:00,MSS,long,5052.9,5047.7,5061.2,5047.7,5061.2,9658
2026-03-14 01:45:00,MSS,short,5061.5,5068.5,5050.3,5068.5,5050.3,9665
2026-03-14 02:10:00,BOS,short,5051.9,5056.2,5045.0,5056.2,5045.0,9671
2026-03-14 03:10:00,BOS,short,5048.3,5054.5,5038.4,5054.5,5038.4,9682
2026-03-14 04:40:00,MSS,long,5022.1,5017.2,5030.1,5017.2,5030.1,9700
2026-03-16 06:00:00,MSS,short,5016.3,5026.3,5000.0,5026.3,5000.0,9705
2026-03-16 06:05:00,MSS,long,5013.4,5000.0,5035.2,5000.0,5035.2,9706
2026-03-16 06:45:00,BOS,long,5016.6,5011.4,5025.0,5011.4,5025.0,9714
2026-03-16 07:00:00,MSS,short,5021.9,5030.0,5008.9,5030.0,5008.9,9717
2026-03-16 07:55:00,MSS,long,4985.8,4975.5,5002.4,4975.5,5002.4,9727
2026-03-16 08:30:00,BOS,long,5025.0,5018.4,5035.6,5018.4,5035.6,9735
2026-03-16 09:00:00,MSS,short,5026.5,5033.5,5015.1,5033.5,5015.1,9741
2026-03-16 09:55:00,MSS,long,5011.9,5006.7,5020.3,5006.7,5020.3,9752
2026-03-16 10:30:00,MSS,short,5017.3,5022.3,5009.3,5022.3,5009.3,9758
2026-03-16 11:10:00,BOS,short,5005.9,5008.9,5001.1,5008.9,5001.1,9767
2026-03-16 11:25:00,MSS,long,5006.5,5001.1,5015.3,5001.1,5015.3,9768
2026-03-16 12:35:00,MSS,short,5026.0,5028.4,5022.0,5028.4,5022.0,9784
2026-03-16 13:15:00,BOS,short,5016.9,5020.2,5011.5,5020.2,5011.5,9790
2026-03-16 13:40:00,MSS,long,5012.3,5006.6,5021.6,5006.6,5021.6,9797
2026-03-16 13:50:00,BOS,long,5013.2,5006.6,5023.9,5006.6,5023.9,9797
2026-03-16 14:05:00,BOS,long,5020.4,5016.9,5026.0,5016.9,5026.0,9802
2026-03-16 14:45:00,MSS,short,5029.5,5040.0,5012.5,5040.0,5012.5,9805
2026-03-16 15:20:00,BOS,short,5014.5,5020.0,5005.7,5020.0,5005.7,9815
2026-03-16 15:35:00,BOS,short,5005.2,5011.7,4994.6,5011.7,4994.6,9820
2026-03-16 16:10:00,BOS,short,4999.1,5003.3,4992.2,5003.3,4992.2,9826
2026-03-16 16:20:00,MSS,long,4997.7,4991.5,5007.6,4991.5,5007.6,9829
2026-03-16 16:40:00,MSS,short,5000.4,5007.9,4988.2,5007.9,4988.2,9831
2026-03-16 17:25:00,MSS,long,4987.6,4983.5,4994.2,4983.5,4994.2,9839
2026-03-16 17:40:00,MSS,short,4991.6,4995.6,4985.0,4995.6,4985.0,9844
2026-03-16 18:25:00,MSS,long,4981.9,4973.5,4995.5,4973.5,4995.5,9850
2026-03-16 18:45:00,BOS,long,4990.5,4984.9,4999.6,4984.9,4999.6,9858
2026-03-16 19:10:00,BOS,long,5005.1,5000.6,5012.3,5000.6,5012.3,9863
2026-03-16 19:45:00,MSS,short,5021.5,5025.2,5015.5,5025.2,5015.5,9870
2026-03-16 20:25:00,MSS,long,5009.8,4997.0,5030.4,4997.0,5030.4,9873
2026-03-16 20:45:00,MSS,short,5027.2,5030.6,5021.8,5030.6,5021.8,9882
2026-03-16 21:10:00,MSS,long,5022.4,5018.5,5028.8,5018.5,5028.8,9886
2026-03-16 21:30:00,BOS,long,5028.5,5024.0,5035.8,5024.0,5035.8,9891
2026-03-16 22:20:00,MSS,short,5037.2,5044.5,5025.3,5044.5,5025.3,9899
2026-03-16 23:15:00,MSS,long,5000.6,4994.8,5009.9,4994.8,5009.9,9912
2026-03-17 00:25:00,MSS,short,4996.0,5004.2,4982.7,5004.2,4982.7,9924
2026-03-17 00:50:00,MSS,long,4992.1,4988.2,4998.3,4988.2,4998.3,9931
2026-03-17 01:00:00,BOS,long,4997.6,4994.2,5003.0,4994.2,5003.0,9933
2026-03-17 01:25:00,MSS,short,5005.9,5009.5,5000.1,5009.5,5000.1,9936
2026-03-17 02:00:00,MSS,long,4994.0,4989.3,5001.7,4989.3,5001.7,9944
2026-03-17 02:05:00,BOS,long,4995.6,4989.3,5005.9,4989.3,5005.9,9944
2026-03-17 02:25:00,BOS,long,5007.5,5003.3,5014.2,5003.3,5014.2,9950
2026-03-17 04:05:00,BOS,long,5019.0,5014.1,5026.9,5014.1,5026.9,9970
2026-03-17 04:25:00,MSS,short,5025.0,5028.0,5020.1,5028.0,5020.1,9972
2026-03-17 06:10:00,BOS,short,5016.3,5022.8,5005.7,5022.8,5005.7,9983
2026-03-17 07:20:00,MSS,long,5008.8,5005.5,5014.2,5005.5,5014.2,9993
2026-03-17 08:05:00,MSS,short,5015.5,5020.9,5006.8,5020.9,5006.8,10005
2026-03-17 08:45:00,BOS,short,5008.7,5011.6,5004.0,5011.6,5004.0,10013
2026-03-17 09:05:00,MSS,long,5004.4,4998.4,5014.0,4998.4,5014.0,10018
2026-03-17 09:35:00,BOS,long,5016.0,5011.0,5024.0,5011.0,5024.0,10023
2026-03-17 10:40:00,BOS,long,5028.7,5025.8,5033.5,5025.8,5033.5,10037
2026-03-17 11:15:00,BOS,long,5027.0,5024.4,5031.3,5024.4,5031.3,10042
2026-03-17 12:25:00,BOS,long,5033.1,5030.5,5037.3,5030.5,5037.3,10057
2026-03-17 13:40:00,MSS,short,5041.2,5044.5,5035.9,5044.5,5035.9,10072
2026-03-17 15:30:00,MSS,long,5019.1,5013.1,5028.8,5013.1,5028.8,10094
2026-03-17 16:15:00,BOS,long,5025.5,5022.6,5030.1,5022.6,5030.1,10103
2026-03-17 17:10:00,MSS,short,5025.6,5030.4,5017.8,5030.4,5017.8,10114
2026-03-17 17:55:00,BOS,short,5017.9,5020.2,5014.1,5020.2,5014.1,10123
2026-03-17 18:00:00,BOS,short,5017.0,5020.2,5011.8,5020.2,5011.8,10123
2026-03-17 19:10:00,MSS,long,5004.4,5000.7,5010.3,5000.7,5010.3,10138
2026-03-17 19:55:00,MSS,short,5012.2,5015.9,5006.1,5015.9,5006.1,10147
2026-03-17 20:15:00,MSS,long,5008.9,5003.2,5018.0,5003.2,5018.0,10150
2026-03-17 21:30:00,BOS,long,5021.8,5015.3,5032.4,5015.3,5032.4,10167
2026-03-17 22:20:00,MSS,short,5021.4,5026.3,5013.5,5026.3,5013.5,10175
2026-03-17 23:25:00,BOS,short,5011.4,5019.7,4998.0,5019.7,4998.0,10189
2026-03-18 00:15:00,MSS,long,5000.1,4995.6,5007.3,4995.6,5007.3,10199
2026-03-18 00:45:00,MSS,short,5007.6,5010.4,5003.0,5010.4,5003.0,10204
2026-03-18 01:00:00,MSS,long,5005.5,5001.8,5011.6,5001.8,5011.6,10208
2026-03-18 01:40:00,MSS,short,5007.5,5011.0,5001.9,5011.0,5001.9,10217
2026-03-18 02:00:00,MSS,long,5004.6,5000.8,5010.8,5000.8,5010.8,10219
2026-03-18 02:25:00,MSS,short,5011.5,5013.6,5008.2,5013.6,5008.2,10226
2026-03-18 03:15:00,BOS,short,5007.4,5009.5,5003.9,5009.5,5003.9,10235
2026-03-18 04:00:00,MSS,long,5005.1,5002.8,5008.7,5002.8,5008.7,10245
2026-03-18 04:50:00,MSS,short,5008.6,5010.2,5006.1,5010.2,5006.1,10255
2026-03-18 04:55:00,MSS,long,5008.7,5006.1,5012.8,5006.1,5012.8,10256
2026-03-18 06:00:00,MSS,short,5009.6,5012.8,5004.3,5012.8,5004.3,10257
2026-03-18 06:40:00,BOS,short,5003.8,5006.9,4998.7,5006.9,4998.7,10263
2026-03-18 07:30:00,MSS,long,5004.7,5002.6,5008.1,5002.6,5008.1,10275
2026-03-18 08:00:00,BOS,long,5007.3,5004.7,5011.6,5004.7,5011.6,10278
2026-03-18 09:00:00,BOS,long,5009.6,5007.2,5013.5,5007.2,5013.5,10293
2026-03-18 10:15:00,BOS,long,5002.7,4999.7,5007.5,4999.7,5007.5,10307
2026-03-18 10:50:00,MSS,short,5003.8,5007.5,4997.8,5007.5,4997.8,10315
2026-03-18 11:45:00,BOS,short,4999.1,5000.8,4996.3,5000.8,4996.3,10325
2026-03-18 12:30:00,BOS,short,4993.5,4996.6,4988.6,4996.6,4988.6,10334
2026-03-18 12:55:00,MSS,long,4987.8,4986.1,4990.5,4986.1,4990.5,10340
2026-03-18 13:20:00,BOS,long,4991.7,4988.8,4996.3,4988.8,4996.3,10345
2026-03-18 14:05:00,BOS,long,5000.9,4997.5,5006.5,4997.5,5006.5,10353
2026-03-18 14:30:00,BOS,long,5013.2,5010.5,5017.5,5010.5,5017.5,10358
2026-03-18 14:55:00,MSS,short,5016.4,5018.7,5012.6,5018.7,5012.6,10363
2026-03-18 15:15:00,BOS,short,5016.0,5019.2,5010.8,5019.2,5010.8,10367
2026-03-18 15:40:00,BOS,short,5010.6,5014.0,5005.0,5014.0,5005.0,10372
2026-03-18 16:20:00,BOS,short,4995.0,4999.7,4987.5,4999.7,4987.5,10381
2026-03-18 17:20:00,MSS,long,4992.3,4988.6,4998.4,4988.6,4998.4,10393
2026-03-18 17:45:00,MSS,short,4998.3,4999.9,4995.7,4999.9,4995.7,10397
2026-03-18 18:00:00,BOS,short,4997.4,4999.8,4993.4,4999.8,4993.4,10400
2026-03-18 18:25:00,BOS,short,4991.8,4995.8,4985.2,4995.8,4985.2,10406
2026-03-18 19:25:00,BOS,short,4966.9,4977.5,4949.7,4977.5,4949.7,10418
2026-03-18 20:05:00,BOS,short,4953.8,4977.5,4915.5,4977.5,4915.5,10418
2026-03-18 20:45:00,BOS,short,4886.9,4893.7,4875.9,4893.7,4875.9,10434
2026-03-18 21:00:00,BOS,short,4879.8,4894.9,4855.5,4894.9,4855.5,10436
2026-03-18 21:35:00,MSS,long,4860.6,4852.9,4873.0,4852.9,4873.0,10444
2026-03-18 22:05:00,BOS,long,4877.1,4863.8,4898.7,4863.8,4898.7,10448
2026-03-18 22:35:00,MSS,short,4883.7,4898.7,4859.5,4898.7,4859.5,10451
2026-03-19 00:05:00,MSS,long,4868.4,4864.5,4874.7,4864.5,4874.7,10474
2026-03-19 00:50:00,BOS,long,4883.3,4877.1,4893.3,4877.1,4893.3,10481
2026-03-19 01:20:00,BOS,long,4893.2,4888.0,4901.7,4888.0,4901.7,10488
2026-03-19 01:35:00,BOS,long,4896.4,4891.7,4904.0,4891.7,4904.0,10492
2026-03-19 02:05:00,MSS,short,4897.0,4904.4,4884.9,4904.4,4884.9,10498
2026-03-19 02:30:00,BOS,short,4887.6,4894.4,4876.6,4894.4,4876.6,10500
2026-03-19 03:15:00,MSS,long,4859.1,4853.0,4868.9,4853.0,4868.9,10512
2026-03-19 03:20:00,MSS,short,4860.9,4868.9,4848.0,4868.9,4848.0,10513
2026-03-19 03:55:00,BOS,short,4856.2,4863.9,4843.7,4863.9,4843.7,10517
2026-03-19 04:10:00,BOS,short,4842.8,4852.4,4827.3,4852.4,4827.3,10522
2026-03-19 04:25:00,BOS,short,4824.0,4831.7,4811.6,4831.7,4811.6,10526
2026-03-19 06:40:00,MSS,long,4818.5,4810.4,4831.5,4810.4,4831.5,10540
2026-03-19 07:25:00,BOS,long,4835.3,4830.3,4843.3,4830.3,4843.3,10549
2026-03-19 08:00:00,BOS,long,4838.6,4832.2,4849.0,4832.2,4849.0,10555
2026-03-19 09:10:00,MSS,short,4847.6,4854.9,4835.9,4854.9,4835.9,10570
2026-03-19 09:35:00,MSS,long,4845.7,4834.6,4863.6,4834.6,4863.6,10574
2026-03-19 09:55:00,MSS,short,4861.7,4868.5,4850.7,4868.5,4850.7,10578
2026-03-19 10:40:00,MSS,long,4858.1,4854.9,4863.3,4854.9,4863.3,10588
2026-03-19 11:05:00,BOS,long,4858.7,4854.7,4865.2,4854.7,4865.2,10592
2026-03-19 11:55:00,MSS,short,4856.1,4858.6,4852.1,4858.6,4852.1,10602
2026-03-19 12:45:00,BOS,short,4851.3,4854.2,4846.5,4854.2,4846.5,10613
2026-03-19 13:00:00,MSS,long,4849.6,4846.5,4854.7,4846.5,4854.7,10615
2026-03-19 13:30:00,MSS,short,4849.7,4855.6,4840.2,4855.6,4840.2,10622
2026-03-19 13:55:00,BOS,short,4836.7,4841.8,4828.4,4841.8,4828.4,10628
2026-03-19 14:15:00,BOS,short,4836.2,4844.1,4823.3,4844.1,4823.3,10630
2026-03-19 15:40:00,BOS,short,4759.5,4773.7,4736.6,4773.7,4736.6,10649
2026-03-19 16:40:00,BOS,short,4719.1,4738.5,4687.8,4738.5,4687.8,10658
2026-03-19 17:10:00,BOS,short,4710.7,4723.4,4690.1,4723.4,4690.1,10666
2026-03-19 17:55:00,BOS,short,4711.4,4719.6,4698.2,4719.6,4698.2,10676
2026-03-19 18:15:00,BOS,short,4710.4,4722.4,4690.9,4722.4,4690.9,10679
2026-03-19 19:40:00,BOS,short,4684.6,4699.5,4660.4,4699.5,4660.4,10696
2026-03-19 20:20:00,BOS,short,4622.1,4633.3,4604.0,4633.3,4604.0,10705
2026-03-19 20:40:00,BOS,short,4598.2,4620.8,4561.6,4620.8,4561.6,10709
2026-03-19 21:30:00,MSS,long,4567.1,4555.6,4585.7,4555.6,4585.7,10719
2026-03-19 21:50:00,BOS,long,4563.7,4540.5,4601.2,4540.5,4601.2,10723
2026-03-19 22:15:00,MSS,short,4634.8,4652.1,4606.8,4652.1,4606.8,10728
2026-03-19 22:25:00,BOS,short,4627.1,4652.1,4586.6,4652.1,4586.6,10728
2026-03-19 22:35:00,MSS,long,4598.5,4583.1,4623.3,4583.1,4623.3,10732
2026-03-19 22:50:00,BOS,long,4614.4,4604.5,4630.4,4604.5,4630.4,10735
2026-03-19 22:55:00,MSS,short,4618.8,4630.4,4600.0,4630.4,4600.0,10736
2026-03-19 23:15:00,BOS,short,4628.1,4641.8,4605.9,4641.8,4605.9,10739
2026-03-20 01:05:00,BOS,short,4590.2,4597.4,4578.6,4597.4,4578.6,10762
2026-03-20 01:15:00,MSS,long,4586.3,4576.8,4601.7,4576.8,4601.7,10764
2026-03-20 01:50:00,BOS,long,4614.6,4602.8,4633.6,4602.8,4633.6,10769
2026-03-20 02:30:00,MSS,short,4612.6,4617.9,4604.1,4617.9,4604.1,10779
2026-03-20 02:55:00,MSS,long,4614.8,4607.7,4626.2,4607.7,4626.2,10784
2026-03-20 04:00:00,BOS,long,4643.9,4635.1,4658.1,4635.1,4658.1,10796
2026-03-20 04:20:00,BOS,long,4657.5,4653.3,4664.4,4653.3,4664.4,10801
2026-03-20 04:55:00,MSS,short,4659.5,4664.7,4651.0,4664.7,4651.0,10808
2026-03-20 06:05:00,MSS,long,4657.9,4651.0,4669.0,4651.0,4669.0,10809
2026-03-20 06:40:00,MSS,short,4667.5,4679.7,4647.8,4679.7,4647.8,10813
2026-03-20 06:55:00,BOS,short,4663.7,4679.7,4637.7,4679.7,4637.7,10813
2026-03-20 07:30:00,BOS,short,4645.7,4649.3,4640.0,4649.3,4640.0,10826
2026-03-20 08:00:00,MSS,long,4648.0,4643.5,4655.4,4643.5,4655.4,10833
2026-03-20 09:00:00,BOS,long,4656.7,4648.0,4670.7,4648.0,4670.7,10845
2026-03-20 09:40:00,BOS,long,4666.0,4650.2,4691.5,4650.2,4691.5,10849
2026-03-20 10:00:00,MSS,short,4691.0,4701.6,4673.8,4701.6,4673.8,10855
2026-03-20 10:05:00,MSS,long,4678.8,4673.8,4686.9,4673.8,4686.9,10858
2026-03-20 10:45:00,BOS,long,4688.1,4680.0,4701.1,4680.0,4701.1,10865
2026-03-20 11:00:00,BOS,long,4690.7,4680.0,4708.0,4680.0,4708.0,10865
2026-03-20 11:45:00,MSS,short,4731.4,4735.6,4724.7,4735.6,4724.7,10878
2026-03-20 12:05:00,BOS,short,4724.6,4728.7,4718.0,4728.7,4718.0,10881
2026-03-20 12:25:00,MSS,long,4720.8,4718.4,4724.7,4718.4,4724.7,10886
2026-03-20 12:45:00,MSS,short,4722.6,4727.0,4715.4,4727.0,4715.4,10889
2026-03-20 13:00:00,BOS,short,4718.4,4723.0,4711.0,4723.0,4711.0,10892
2026-03-20 13:30:00,BOS,short,4715.9,4724.2,4702.5,4724.2,4702.5,10898
2026-03-20 13:45:00,BOS,short,4710.7,4718.3,4698.4,4718.3,4698.4,10902
2026-03-20 14:35:00,BOS,short,4686.0,4697.0,4668.3,4697.0,4668.3,10909
2026-03-20 15:45:00,MSS,long,4679.7,4666.4,4701.3,4666.4,4701.3,10917
2026-03-20 16:45:00,MSS,short,4704.5,4711.3,4693.4,4711.3,4693.4,10938
2026-03-20 17:30:00,BOS,short,4688.6,4694.7,4678.8,4694.7,4678.8,10947
2026-03-20 17:50:00,BOS,short,4682.7,4694.7,4663.4,4694.7,4663.4,10947
2026-03-20 18:00:00,BOS,short,4668.4,4678.4,4652.3,4678.4,4652.3,10952
2026-03-20 18:35:00,MSS,long,4657.6,4649.7,4670.4,4649.7,4670.4,10960
2026-03-20 18:55:00,MSS,short,4658.4,4670.4,4639.1,4670.4,4639.1,10961
2026-03-20 20:00:00,MSS,long,4668.5,4658.7,4684.3,4658.7,4684.3,10976
2026-03-20 20:30:00,MSS,short,4684.6,4693.4,4670.4,4693.4,4670.4,10982
2026-03-20 21:10:00,BOS,short,4671.6,4682.4,4654.2,4682.4,4654.2,10988
2026-03-20 21:30:00,BOS,short,4659.8,4670.8,4642.0,4670.8,4642.0,10994
2026-03-20 21:50:00,BOS,short,4648.5,4666.0,4620.2,4666.0,4620.2,10998
2026-03-20 22:10:00,BOS,short,4609.1,4623.4,4585.9,4623.4,4585.9,11003
2026-03-20 22:45:00,BOS,short,4577.4,4586.0,4563.6,4586.0,4563.6,11009
2026-03-21 00:10:00,MSS,long,4563.0,4545.8,4590.7,4545.8,4590.7,11023
2026-03-21 01:00:00,BOS,long,4578.2,4568.3,4594.3,4568.3,4594.3,11035
2026-03-21 01:15:00,MSS,short,4587.0,4594.3,4575.2,4594.3,4575.2,11038
2026-03-21 02:20:00,BOS,short,4564.7,4581.1,4538.2,4581.1,4538.2,11050
2026-03-21 03:40:00,MSS,long,4503.3,4493.9,4518.6,4493.9,4518.6,11069
2026-03-21 04:15:00,BOS,long,4503.2,4495.5,4515.6,4495.5,4515.6,11075
2026-03-21 04:30:00,MSS,short,4511.2,4517.0,4501.7,4517.0,4501.7,11078
2026-03-21 04:55:00,BOS,short,4500.0,4506.6,4489.4,4506.6,4489.4,11084
2026-03-23 06:05:00,MSS,long,4466.2,4435.4,4516.0,4435.4,4516.0,11086
2026-03-23 07:30:00,MSS,short,4492.7,4500.3,4480.4,4500.3,4480.4,11101
2026-03-23 07:45:00,BOS,short,4479.8,4491.8,4460.5,4491.8,4460.5,11106
2026-03-23 08:00:00,BOS,short,4458.2,4471.7,4436.3,4471.7,4436.3,11109
2026-03-23 08:30:00,BOS,short,4429.4,4447.5,4400.0,4447.5,4400.0,11115
2026-03-23 09:00:00,MSS,long,4345.5,4321.5,4384.4,4321.5,4384.4,11120
2026-03-23 09:35:00,BOS,long,4432.9,4421.7,4450.9,4421.7,4450.9,11127
2026-03-23 09:45:00,MSS,short,4438.7,4455.2,4412.1,4455.2,4412.1,11128
2026-03-23 10:30:00,BOS,short,4404.0,4417.5,4382.2,4417.5,4382.2,11139
2026-03-23 11:35:00,BOS,short,4359.3,4367.1,4346.6,4367.1,4346.6,11152
2026-03-23 12:05:00,MSS,long,4351.3,4337.2,4374.1,4337.2,4374.1,11154
2026-03-23 12:35:00,BOS,long,4371.1,4362.5,4385.0,4362.5,4385.0,11164
2026-03-23 12:50:00,MSS,short,4372.8,4385.0,4353.0,4385.0,4353.0,11165
2026-03-23 13:30:00,BOS,short,4361.2,4383.6,4324.9,4383.6,4324.9,11170
2026-03-23 14:25:00,BOS,short,4289.1,4316.9,4244.1,4316.9,4244.1,11185
2026-03-23 14:40:00,BOS,short,4267.2,4316.9,4186.7,4316.9,4186.7,11185
2026-03-23 15:05:00,BOS,short,4196.3,4235.3,4133.1,4235.3,4133.1,11192
2026-03-23 16:05:00,MSS,long,4209.3,4187.8,4244.2,4187.8,4244.2,11205
2026-03-23 16:30:00,BOS,long,4232.6,4212.2,4265.5,4212.2,4265.5,11210
2026-03-23 17:15:00,BOS,long,4247.7,4219.7,4293.1,4219.7,4293.1,11217
2026-03-23 19:00:00,BOS,long,4268.9,4251.5,4297.0,4251.5,4297.0,11241
2026-03-23 19:55:00,MSS,short,4398.2,4419.8,4363.2,4419.8,4363.2,11251
2026-03-23 20:30:00,MSS,long,4397.6,4388.0,4413.0,4388.0,4413.0,11259
2026-03-23 21:15:00,MSS,short,4448.2,4462.5,4425.1,4462.5,4425.1,11268
2026-03-23 21:50:00,MSS,long,4440.0,4421.4,4470.0,4421.4,4470.0,11275
2026-03-23 22:15:00,BOS,long,4471.8,4455.3,4498.6,4455.3,4498.6,11280
2026-03-23 23:15:00,MSS,short,4466.0,4488.9,4428.9,4488.9,4428.9,11291
2026-03-24 01:05:00,MSS,long,4385.7,4373.8,4404.9,4373.8,4404.9,11313
2026-03-24 01:30:00,BOS,long,4407.1,4390.6,4433.7,4390.6,4433.7,11318
2026-03-24 02:05:00,MSS,short,4420.9,4432.0,4403.0,4432.0,4403.0,11325
2026-03-24 02:30:00,MSS,long,4425.0,4411.3,4447.2,4411.3,4447.2,11329
2026-03-24 03:10:00,MSS,short,4444.8,4469.8,4404.4,4469.8,4404.4,11335
2026-03-24 03:40:00,MSS,long,4403.5,4393.9,4419.1,4393.9,4419.1,11342
2026-03-24 03:55:00,MSS,short,4418.3,4430.0,4399.3,4430.0,4399.3,11347
2026-03-24 04:40:00,MSS,long,4404.5,4398.5,4414.2,4398.5,4414.2,11357
2026-03-24 06:00:00,MSS,short,4403.7,4416.5,4383.0,4416.5,4383.0,11360
2026-03-24 06:50:00,MSS,long,4390.3,4363.5,4433.7,4363.5,4433.7,11363
2026-03-24 07:35:00,MSS,short,4442.4,4450.7,4429.1,4450.7,4429.1,11379
2026-03-24 08:00:00,BOS,short,4440.9,4448.4,4428.7,4448.4,4428.7,11384
2026-03-24 09:40:00,BOS,short,4351.9,4370.3,4322.2,4370.3,4322.2,11405
2026-03-24 10:25:00,MSS,long,4324.6,4306.0,4354.6,4306.0,4354.6,11412
2026-03-24 11:30:00,MSS,short,4360.8,4369.6,4346.5,4369.6,4346.5,11426
2026-03-24 12:15:00,BOS,short,4347.3,4357.8,4330.2,4357.8,4330.2,11435
2026-03-24 12:50:00,MSS,long,4335.5,4326.8,4349.5,4326.8,4349.5,11438
2026-03-24 13:05:00,MSS,short,4338.6,4350.2,4319.9,4350.2,4319.9,11443
2026-03-24 13:40:00,MSS,long,4342.3,4321.9,4375.4,4321.9,4375.4,11452
2026-03-24 14:05:00,BOS,long,4356.2,4345.2,4374.0,4345.2,4374.0,11458
2026-03-24 14:20:00,BOS,long,4374.6,4362.1,4394.7,4362.1,4394.7,11461
2026-03-24 14:40:00,MSS,short,4390.8,4399.6,4376.5,4399.6,4376.5,11463
2026-03-24 14:55:00,MSS,long,4387.5,4375.5,4406.9,4375.5,4406.9,11467
2026-03-24 16:20:00,MSS,short,4413.0,4423.5,4395.9,4423.5,4395.9,11484
2026-03-24 17:35:00,MSS,long,4410.9,4405.8,4419.2,4405.8,4419.2,11500
2026-03-24 17:55:00,BOS,long,4420.7,4413.5,4432.4,4413.5,4432.4,11504
2026-03-24 18:50:00,BOS,long,4424.9,4419.6,4433.6,4419.6,4433.6,11515
2026-03-24 19:00:00,MSS,short,4416.5,4442.9,4373.7,4442.9,4373.7,11517
2026-03-24 19:30:00,MSS,long,4416.1,4408.4,4428.6,4408.4,4428.6,11523
2026-03-24 19:50:00,MSS,short,4414.0,4428.4,4390.6,4428.4,4390.6,11527
2026-03-24 20:30:00,BOS,short,4407.4,4428.1,4374.0,4428.1,4374.0,11533
2026-03-24 21:25:00,BOS,short,4373.9,4385.0,4356.0,4385.0,4356.0,11545
2026-03-24 21:55:00,MSS,long,4363.5,4350.5,4384.5,4350.5,4384.5,11551
2026-03-24 22:15:00,BOS,long,4369.7,4350.5,4400.7,4350.5,4400.7,11551
2026-03-24 22:30:00,BOS,long,4397.1,4384.5,4417.6,4384.5,4417.6,11556
2026-03-24 22:50:00,BOS,long,4415.3,4403.3,4434.7,4403.3,4434.7,11563
2026-03-24 23:05:00,MSS,short,4413.9,4421.6,4401.5,4421.6,4401.5,11563
2026-03-24 23:35:00,MSS,long,4417.5,4410.5,4428.7,4410.5,4428.7,11572
2026-03-25 00:00:00,MSS,short,4421.7,4431.7,4405.4,4431.7,4405.4,11575
2026-03-25 01:00:00,BOS,short,4421.3,4428.8,4409.2,4428.8,4409.2,11587
2026-03-25 01:30:00,BOS,short,4397.4,4406.9,4382.1,4406.9,4382.1,11595
2026-03-25 01:55:00,MSS,long,4380.5,4371.4,4395.1,4371.4,4395.1,11599
2026-03-25 02:55:00,MSS,short,4396.2,4403.6,4384.3,4403.6,4384.3,11612
2026-03-25 03:05:00,MSS,long,4392.6,4384.3,4406.0,4384.3,4406.0,11613
2026-03-25 03:15:00,BOS,long,4393.7,4384.3,4409.0,4384.3,4409.0,11613
2026-03-25 03:35:00,MSS,short,4406.3,4412.0,4397.1,4412.0,4397.1,11619
2026-03-25 04:15:00,MSS,long,4402.8,4397.7,4411.0,4397.7,4411.0,11627
2026-03-25 04:50:00,BOS,long,4461.8,4448.4,4483.4,4448.4,4483.4,11634
2026-03-25 06:25:00,MSS,short,4481.1,4487.9,4470.2,4487.9,4470.2,11642
2026-03-25 07:15:00,MSS,long,4475.2,4458.2,4502.7,4458.2,4502.7,11644
2026-03-25 07:35:00,BOS,long,4493.3,4458.2,4550.0,4458.2,4550.0,11644
2026-03-25 08:30:00,BOS,long,4549.8,4541.2,4563.6,4541.2,4563.6,11665
2026-03-25 09:05:00,BOS,long,4562.2,4553.3,4576.7,4553.3,4576.7,11674
2026-03-25 09:30:00,BOS,long,4574.5,4568.1,4584.9,4568.1,4584.9,11677
2026-03-25 09:45:00,BOS,long,4587.6,4582.4,4595.9,4582.4,4595.9,11682
2026-03-25 10:05:00,MSS,short,4592.0,4600.3,4578.7,4600.3,4578.7,11684
2026-03-25 10:40:00,MSS,long,4585.9,4579.9,4595.6,4579.9,4595.6,11692
2026-03-25 11:00:00,MSS,short,4590.1,4601.6,4571.4,4601.6,4571.4,11695
2026-03-25 11:40:00,BOS,short,4573.2,4576.4,4568.0,4576.4,4568.0,11705
2026-03-25 13:15:00,BOS,short,4568.3,4572.0,4562.2,4572.0,4562.2,11723
2026-03-25 14:05:00,BOS,short,4555.5,4566.2,4538.3,4566.2,4538.3,11731
2026-03-25 15:10:00,MSS,long,4547.8,4541.7,4557.6,4541.7,4557.6,11745
2026-03-25 15:35:00,MSS,short,4554.2,4562.1,4541.4,4562.1,4541.4,11751
2026-03-25 16:15:00,MSS,long,4546.6,4535.6,4564.3,4535.6,4564.3,11758
2026-03-25 17:40:00,MSS,short,4558.3,4565.0,4547.5,4565.0,4547.5,11774
2026-03-25 18:30:00,BOS,short,4559.8,4565.0,4551.3,4565.0,4551.3,11774
2026-03-25 18:40:00,BOS,short,4554.5,4557.3,4550.0,4557.3,4550.0,11785
2026-03-25 18:50:00,MSS,long,4554.0,4549.5,4561.3,4549.5,4561.3,11789
2026-03-25 19:00:00,BOS,long,4555.3,4549.5,4564.8,4549.5,4564.8,11789
2026-03-25 19:20:00,BOS,long,4568.5,4560.5,4581.4,4560.5,4581.4,11796
2026-03-25 20:15:00,MSS,short,4574.5,4582.8,4561.2,4582.8,4561.2,11807
2026-03-25 21:00:00,MSS,long,4547.9,4534.4,4569.8,4534.4,4569.8,11815
2026-03-25 21:50:00,MSS,short,4562.2,4576.3,4539.3,4576.3,4539.3,11824
2026-03-25 22:15:00,MSS,long,4542.5,4531.2,4560.9,4531.2,4560.9,11830
2026-03-25 22:25:00,BOS,long,4550.9,4544.4,4561.4,4544.4,4561.4,11834
2026-03-25 23:15:00,MSS,short,4556.7,4577.8,4522.5,4577.8,4522.5,11840
2026-03-26 00:15:00,BOS,short,4556.7,4564.4,4544.3,4564.4,4544.3,11853
2026-03-26 01:05:00,BOS,short,4552.2,4557.5,4543.7,4557.5,4543.7,11864
2026-03-26 01:30:00,MSS,long,4548.6,4540.5,4561.6,4540.5,4561.6,11869
2026-03-26 01:50:00,MSS,short,4555.2,4562.0,4544.2,4562.0,4544.2,11873
2026-03-26 02:45:00,BOS,short,4549.8,4555.6,4540.5,4555.6,4540.5,11884
2026-03-26 03:40:00,MSS,long,4511.7,4503.6,4524.9,4503.6,4524.9,11897
2026-03-26 04:30:00,MSS,short,4526.0,4531.8,4516.7,4531.8,4516.7,11905
2026-03-26 06:00:00,MSS,long,4507.9,4499.2,4521.9,4499.2,4521.9,11912
2026-03-26 06:30:00,BOS,long,4507.6,4501.7,4517.1,4501.7,4517.1,11917
2026-03-26 07:00:00,MSS,short,4519.7,4531.7,4500.2,4531.7,4500.2,11922
2026-03-26 07:35:00,BOS,short,4499.9,4508.3,4486.3,4508.3,4486.3,11932
2026-03-26 08:05:00,MSS,long,4497.3,4484.5,4518.0,4484.5,4518.0,11934
2026-03-26 08:10:00,BOS,long,4500.0,4484.5,4525.0,4484.5,4525.0,11934
2026-03-26 08:45:00,BOS,long,4526.5,4521.5,4534.7,4521.5,4534.7,11945
2026-03-26 09:45:00,MSS,short,4527.8,4533.0,4519.4,4533.0,4519.4,11958
2026-03-26 10:35:00,BOS,short,4519.7,4526.9,4508.0,4526.9,4508.0,11968
2026-03-26 11:30:00,MSS,long,4502.3,4495.7,4513.0,4495.7,4513.0,11978
2026-03-26 12:10:00,BOS,long,4510.7,4507.6,4515.7,4507.6,4515.7,11987
2026-03-26 12:25:00,BOS,long,4514.9,4512.5,4518.8,4512.5,4518.8,11990
2026-03-26 13:05:00,MSS,short,4514.8,4518.9,4508.1,4518.9,4508.1,11998
2026-03-26 13:20:00,BOS,short,4511.0,4518.9,4498.1,4518.9,4498.1,11998
2026-03-26 13:45:00,BOS,short,4481.7,4492.7,4463.9,4492.7,4463.9,12005
2026-03-26 14:25:00,MSS,long,4422.0,4411.8,4438.4,4411.8,4438.4,12013
2026-03-26 16:10:00,MSS,short,4448.2,4455.7,4436.1,4455.7,4436.1,12034
2026-03-26 18:15:00,MSS,long,4421.9,4414.5,4433.8,4414.5,4433.8,12058
2026-03-26 18:35:00,MSS,short,4438.1,4445.4,4426.3,4445.4,4426.3,12063
2026-03-26 19:00:00,MSS,long,4429.7,4419.9,4445.6,4419.9,4445.6,12066
2026-03-26 19:45:00,MSS,short,4438.8,4449.0,4422.3,4449.0,4422.3,12078
2026-03-26 20:05:00,MSS,long,4422.4,4413.2,4437.2,4413.2,4437.2,12082
2026-03-26 20:35:00,BOS,long,4434.4,4429.4,4442.4,4429.4,4442.4,12088
2026-03-26 20:55:00,MSS,short,4436.0,4442.6,4425.4,4442.6,4425.4,12090
2026-03-26 21:20:00,MSS,long,4439.2,4431.7,4451.3,4431.7,4451.3,12097
2026-03-26 21:35:00,MSS,short,4443.5,4451.3,4430.9,4451.3,4430.9,12098
2026-03-26 22:30:00,MSS,long,4457.6,4448.0,4473.1,4448.0,4473.1,12111
2026-03-26 22:50:00,MSS,short,4464.9,4477.0,4445.3,4477.0,4445.3,12114
2026-03-26 23:30:00,BOS,short,4447.5,4455.5,4434.6,4455.5,4434.6,12122
2026-03-27 00:20:00,BOS,short,4418.8,4439.4,4385.4,4439.4,4385.4,12132
2026-03-27 01:05:00,MSS,long,4387.5,4380.7,4398.5,4380.7,4398.5,12142
2026-03-27 01:25:00,MSS,short,4385.3,4393.1,4372.6,4393.1,4372.6,12146
2026-03-27 02:20:00,BOS,short,4378.6,4387.7,4364.0,4387.7,4364.0,12155
2026-03-27 02:40:00,MSS,long,4374.8,4364.0,4392.3,4364.0,4392.3,12158
2026-03-27 03:00:00,MSS,short,4391.2,4394.6,4385.8,4394.6,4385.8,12163
2026-03-27 03:25:00,BOS,short,4383.2,4388.6,4374.4,4388.6,4374.4,12170
2026-03-27 03:50:00,BOS,short,4375.3,4384.8,4360.0,4384.8,4360.0,12173
2026-03-27 04:10:00,MSS,long,4372.4,4348.4,4411.3,4348.4,4411.3,12179
2026-03-27 04:35:00,BOS,long,4374.6,4348.4,4416.9,4348.4,4416.9,12179
2026-03-27 06:35:00,BOS,long,4394.9,4389.0,4404.5,4389.0,4404.5,12195
2026-03-27 07:00:00,MSS,short,4402.9,4407.3,4395.8,4407.3,4395.8,12201
2026-03-27 08:00:00,MSS,long,4396.3,4390.3,4406.0,4390.3,4406.0,12211
2026-03-27 08:20:00,MSS,short,4395.0,4406.0,4377.1,4406.0,4377.1,12214
2026-03-27 09:20:00,MSS,long,4389.9,4385.5,4397.0,4385.5,4397.0,12229
2026-03-27 10:00:00,BOS,long,4414.7,4405.9,4429.0,4405.9,4429.0,12236
2026-03-27 11:00:00,MSS,short,4429.4,4435.4,4419.6,4435.4,4419.6,12247
2026-03-27 11:25:00,MSS,long,4421.3,4415.1,4431.3,4415.1,4431.3,12251
2026-03-27 12:30:00,BOS,long,4429.5,4426.1,4435.0,4426.1,4435.0,12265
2026-03-27 13:30:00,BOS,long,4442.3,4434.8,4454.5,4434.8,4454.5,12279
2026-03-27 14:35:00,BOS,long,4458.0,4455.1,4462.8,4455.1,4462.8,12292
2026-03-27 14:45:00,MSS,short,4459.4,4462.8,4453.8,4462.8,4453.8,12293
2026-03-27 15:00:00,BOS,short,4452.8,4458.5,4443.7,4458.5,4443.7,12297
2026-03-27 15:25:00,BOS,short,4448.9,4451.6,4444.5,4451.6,4444.5,12302
2026-03-27 15:40:00,BOS,short,4446.6,4450.3,4440.7,4450.3,4440.7,12305
2026-03-27 15:50:00,BOS,short,4443.5,4447.4,4437.3,4447.4,4437.3,12307
2026-03-27 16:55:00,BOS,short,4429.1,4435.1,4419.3,4435.1,4419.3,12318
2026-03-27 18:00:00,BOS,short,4425.7,4428.3,4421.6,4428.3,4421.6,12332
2026-03-27 18:35:00,BOS,short,4422.6,4426.9,4415.7,4426.9,4415.7,12339
2026-03-27 19:00:00,BOS,short,4410.0,4413.9,4403.6,4413.9,4403.6,12344
2026-03-27 19:25:00,MSS,long,4403.7,4399.0,4411.3,4399.0,4411.3,12347
2026-03-27 19:40:00,BOS,long,4411.5,4408.4,4416.5,4408.4,4416.5,12353
2026-03-27 19:50:00,BOS,long,4413.0,4408.4,4420.4,4408.4,4420.4,12353
2026-03-27 20:05:00,MSS,short,4415.8,4420.8,4407.6,4420.8,4407.6,12357
2026-03-27 20:15:00,MSS,long,4415.7,4407.6,4428.8,4407.6,4428.8,12359
2026-03-27 20:35:00,BOS,long,4418.8,4411.5,4430.6,4411.5,4430.6,12362
2026-03-27 21:00:00,MSS,short,4434.1,4439.3,4425.6,4439.3,4425.6,12368
2026-03-27 21:25:00,BOS,short,4427.5,4436.4,4413.0,4436.4,4413.0,12374
2026-03-27 22:00:00,MSS,long,4430.4,4416.0,4453.8,4416.0,4453.8,12381
2026-03-27 22:15:00,BOS,long,4450.1,4440.4,4465.9,4440.4,4465.9,12384
2026-03-27 22:45:00,BOS,long,4457.0,4447.3,4472.6,4447.3,4472.6,12388
2026-03-27 23:20:00,BOS,long,4512.8,4488.2,4552.5,4488.2,4552.5,12397
2026-03-27 23:55:00,MSS,short,4527.9,4533.8,4518.4,4533.8,4518.4,12403
2026-03-28 00:30:00,BOS,short,4523.3,4531.3,4510.3,4531.3,4510.3,12410
2026-03-28 01:15:00,BOS,short,4511.6,4521.0,4496.5,4521.0,4496.5,12419
2026-03-28 02:15:00,MSS,long,4493.2,4484.1,4507.8,4484.1,4507.8,12429
2026-03-28 03:00:00,MSS,short,4518.1,4526.2,4505.0,4526.2,4505.0,12437
2026-03-28 03:15:00,MSS,long,4509.7,4503.9,4519.1,4503.9,4519.1,12443
2026-03-28 03:35:00,MSS,short,4517.4,4523.2,4508.0,4523.2,4508.0,12448
2026-03-28 04:45:00,BOS,short,4502.6,4508.4,4493.1,4508.4,4493.1,12462
2026-03-30 07:05:00,BOS,short,4477.4,4487.3,4461.4,4487.3,4461.4,12478
2026-03-30 07:30:00,BOS,short,4466.5,4476.7,4450.0,4476.7,4450.0,12483
2026-03-30 08:00:00,BOS,short,4440.5,4448.2,4428.0,4448.2,4428.0,12488
2026-03-30 08:20:00,MSS,long,4431.2,4414.0,4459.0,4414.0,4459.0,12492
2026-03-30 08:50:00,MSS,short,4448.0,4460.0,4428.5,4460.0,4428.5,12495
2026-03-30 09:00:00,MSS,long,4434.7,4428.2,4445.1,4428.2,4445.1,12501
2026-03-30 09:25:00,MSS,short,4456.4,4462.4,4446.6,4462.4,4446.6,12506
2026-03-30 09:30:00,MSS,long,4453.6,4446.6,4465.0,4446.6,4465.0,12507
2026-03-30 10:20:00,MSS,short,4468.2,4471.0,4463.6,4471.0,4463.6,12517
2026-03-30 10:30:00,BOS,short,4464.3,4468.7,4457.2,4468.7,4457.2,12519
2026-03-30 10:40:00,MSS,long,4470.9,4457.2,4493.1,4457.2,4493.1,12520
2026-03-30 11:55:00,MSS,short,4502.2,4505.0,4497.8,4505.0,4497.8,12535
2026-03-30 12:40:00,BOS,short,4489.8,4492.4,4485.5,4492.4,4485.5,12542
2026-03-30 12:55:00,MSS,long,4488.6,4484.4,4495.3,4484.4,4495.3,12544
2026-03-30 13:45:00,BOS,long,4507.7,4502.0,4516.9,4502.0,4516.9,12554
2026-03-30 14:15:00,BOS,long,4521.8,4515.9,4531.4,4515.9,4531.4,12561
2026-03-30 14:30:00,BOS,long,4527.4,4524.5,4532.0,4524.5,4532.0,12566
2026-03-30 15:00:00,MSS,short,4536.8,4546.0,4522.0,4546.0,4522.0,12570
2026-03-30 15:20:00,BOS,short,4524.8,4526.4,4522.3,4526.4,4522.3,12575
2026-03-30 15:50:00,MSS,long,4517.6,4515.2,4521.6,4515.2,4521.6,12582
2026-03-30 16:00:00,BOS,long,4518.9,4515.2,4525.0,4515.2,4525.0,12582
2026-03-30 16:30:00,BOS,long,4530.5,4528.4,4534.0,4528.4,4534.0,12589
2026-03-30 16:50:00,BOS,long,4532.2,4529.8,4536.0,4529.8,4536.0,12591
2026-03-30 17:10:00,MSS,short,4533.0,4536.2,4527.8,4536.2,4527.8,12594
2026-03-30 17:30:00,BOS,short,4527.4,4531.3,4521.2,4531.3,4521.2,12598
2026-03-30 17:40:00,MSS,long,4525.5,4521.2,4532.5,4521.2,4532.5,12600
2026-03-30 18:10:00,MSS,short,4530.3,4531.4,4528.4,4531.4,4528.4,12605
2026-03-30 18:25:00,BOS,short,4530.1,4531.3,4528.1,4531.3,4528.1,12607
2026-03-30 18:45:00,BOS,short,4529.3,4530.3,4527.6,4530.3,4527.6,12610
2026-03-30 18:55:00,BOS,short,4530.0,4532.6,4525.8,4532.6,4525.8,12613
2026-03-30 19:00:00,BOS,short,4529.7,4532.6,4524.9,4532.6,4524.9,12613
2026-03-30 19:10:00,MSS,long,4529.2,4524.9,4536.2,4524.9,4536.2,12615
2026-03-30 19:40:00,BOS,long,4547.6,4538.7,4562.0,4538.7,4562.0,12622
2026-03-30 20:15:00,BOS,long,4558.2,4554.0,4565.0,4554.0,4565.0,12629
2026-03-30 21:20:00,MSS,short,4569.5,4575.0,4560.5,4575.0,4560.5,12639
2026-03-30 21:30:00,BOS,short,4562.6,4567.0,4555.4,4567.0,4555.4,12642
2026-03-30 22:45:00,MSS,long,4526.1,4518.2,4539.0,4518.2,4539.0,12656
2026-03-30 23:35:00,BOS,long,4535.1,4527.6,4547.3,4527.6,4547.3,12665
2026-03-31 00:00:00,MSS,short,4548.9,4555.5,4538.1,4555.5,4538.1,12670
2026-03-31 00:25:00,BOS,short,4541.5,4545.1,4535.6,4545.1,4535.6,12673
2026-03-31 00:40:00,MSS,long,4537.0,4531.3,4546.2,4531.3,4546.2,12677
2026-03-31 01:15:00,MSS,short,4535.8,4546.2,4519.1,4546.2,4519.1,12679
2026-03-31 03:00:00,BOS,short,4509.0,4517.4,4495.4,4517.4,4495.4,12692
2026-03-31 03:30:00,MSS,long,4498.9,4492.6,4509.2,4492.6,4509.2,12695
2026-03-31 04:00:00,BOS,long,4510.5,4507.8,4514.8,4507.8,4514.8,12697
2026-03-31 04:05:00,MSS,short,4511.9,4514.8,4507.1,4514.8,4507.1,12698
2026-03-31 08:20:00,BOS,short,4502.4,4510.1,4490.0,4510.1,4490.0,12705
2026-03-31 09:40:00,MSS,long,4531.0,4490.0,4597.2,4490.0,4597.2,12707
2026-03-31 22:00:00,BOS,long,4574.1,4550.1,4613.0,4550.1,4613.0,12710
2026-04-01 00:40:00,BOS,long,4625.4,4616.1,4640.4,4616.1,4640.4,12717
2026-04-01 02:10:00,BOS,long,4657.4,4653.5,4663.8,4653.5,4663.8,12723
2026-04-01 08:40:00,BOS,long,4681.5,4667.6,4704.0,4667.6,4704.0,12728
2026-04-01 20:30:00,BOS,long,4709.7,4690.3,4741.1,4690.3,4741.1,12732
2026-04-02 08:15:00,BOS,long,4762.6,4744.4,4792.1,4744.4,4792.1,12738
2026-04-02 14:00:00,MSS,short,4715.2,4792.1,4590.7,4792.1,4590.7,12739
2026-04-02 20:35:00,MSS,long,4614.5,4611.4,4619.6,4611.4,4619.6,12743
2026-04-07 10:05:00,MSS,short,4622.6,4626.3,4616.5,4626.3,4616.5,12750
2026-04-07 19:30:00,MSS,long,4628.8,4616.5,4648.8,4616.5,4648.8,12751
2026-04-07 22:05:00,MSS,short,4632.5,4648.8,4606.0,4648.8,4606.0,12752
2026-04-07 23:55:00,MSS,long,4642.3,4635.0,4654.2,4635.0,4654.2,12759
2026-04-08 02:40:00,BOS,long,4662.9,4654.2,4677.0,4654.2,4677.0,12763
2026-04-13 10:55:00,MSS,short,4751.5,4771.5,4719.2,4771.5,4719.2,12782
2026-04-13 23:00:00,BOS,short,4712.7,4717.2,4705.4,4717.2,4705.4,12786
2026-04-13 23:20:00,BOS,short,4705.5,4707.6,4702.1,4707.6,4702.1,12790
2026-04-13 23:35:00,MSS,long,4705.7,4702.1,4711.4,4702.1,4711.4,12791
2026-04-14 09:45:00,BOS,long,4764.4,4762.8,4767.1,4762.8,4767.1,12796
2026-04-16 11:30:00,BOS,long,4815.5,4810.2,4824.0,4810.2,4824.0,12805
2026-04-17 04:50:00,MSS,short,4809.9,4824.0,4787.0,4824.0,4787.0,12806
2026-04-22 01:00:00,BOS,short,4756.0,4784.3,4710.2,4784.3,4710.2,12812
2026-04-23 11:00:00,BOS,short,4735.6,4761.7,4693.3,4761.7,4693.3,12815
2026-04-24 11:55:00,BOS,short,4704.4,4726.9,4668.0,4726.9,4668.0,12819
2026-04-24 22:05:00,MSS,long,4689.8,4665.9,4728.5,4665.9,4728.5,12821
2026-04-29 08:00:00,MSS,short,4651.1,4677.3,4608.8,4677.3,4608.8,12827
2026-04-29 08:50:00,BOS,short,4615.2,4618.7,4609.5,4618.7,4609.5,12836
2026-04-29 09:00:00,BOS,short,4607.2,4615.5,4593.7,4615.5,4593.7,12839
2026-04-29 09:40:00,MSS,long,4597.3,4592.4,4605.3,4592.4,4605.3,12846
2026-04-29 10:00:00,BOS,long,4599.6,4593.8,4609.0,4593.8,4609.0,12850
2026-04-29 10:35:00,MSS,short,4614.0,4616.9,4609.2,4616.9,4609.2,12857
2026-04-29 10:50:00,BOS,short,4611.5,4614.8,4606.2,4614.8,4606.2,12861
2026-04-29 11:10:00,MSS,long,4609.6,4605.4,4616.4,4605.4,4616.4,12863
2026-04-29 12:50:00,BOS,long,4613.4,4610.4,4618.3,4610.4,4618.3,12881
2026-04-29 13:10:00,MSS,short,4618.4,4621.3,4613.8,4621.3,4613.8,12888
2026-04-29 13:30:00,BOS,short,4616.3,4621.3,4608.2,4621.3,4608.2,12888
2026-04-29 13:55:00,BOS,short,4612.0,4616.9,4604.2,4616.9,4604.2,12898
2026-04-29 14:10:00,BOS,short,4608.2,4612.5,4601.3,4612.5,4601.3,12900
2026-04-29 15:00:00,MSS,long,4598.1,4594.9,4603.3,4594.9,4603.3,12910
2026-04-29 15:05:00,MSS,short,4599.4,4603.3,4593.2,4603.3,4593.2,12912
2026-04-29 15:55:00,BOS,short,4588.1,4592.8,4580.6,4592.8,4580.6,12918
2026-04-29 16:10:00,BOS,short,4583.3,4586.8,4577.6,4586.8,4577.6,12924
2026-04-29 16:30:00,BOS,short,4581.2,4584.9,4575.1,4584.9,4575.1,12929
2026-04-29 16:50:00,MSS,long,4577.4,4570.5,4588.5,4570.5,4588.5,12931
2026-04-29 17:15:00,BOS,long,4588.0,4584.5,4593.6,4584.5,4593.6,12938
2026-04-29 17:25:00,MSS,short,4588.3,4594.1,4578.8,4594.1,4578.8,12940
2026-04-29 17:40:00,BOS,short,4578.6,4582.8,4571.9,4582.8,4571.9,12943
2026-04-29 18:15:00,MSS,long,4572.7,4564.1,4586.5,4564.1,4586.5,12947
2026-04-29 19:50:00,MSS,short,4580.3,4585.1,4572.5,4585.1,4572.5,12967
2026-04-29 20:25:00,BOS,short,4578.4,4582.2,4572.2,4582.2,4572.2,12975
2026-04-29 20:50:00,BOS,short,4567.0,4573.0,4557.3,4573.0,4557.3,12981
2026-04-29 21:20:00,BOS,short,4557.8,4564.5,4547.0,4564.5,4547.0,12987
2026-04-29 22:15:00,MSS,long,4536.7,4530.0,4547.5,4530.0,4547.5,12997
2026-04-29 22:30:00,BOS,long,4547.6,4543.2,4554.7,4543.2,4554.7,13001
2026-04-29 23:35:00,BOS,long,4557.7,4552.7,4565.8,4552.7,4565.8,13014
2026-04-30 00:00:00,BOS,long,4563.5,4554.8,4577.5,4554.8,4577.5,13018
2026-04-30 00:30:00,MSS,short,4572.1,4577.6,4563.1,4577.6,4563.1,13025
2026-04-30 01:20:00,MSS,long,4564.4,4561.8,4568.5,4561.8,4568.5,13035
2026-04-30 01:25:00,MSS,short,4565.1,4568.5,4559.7,4568.5,4559.7,13036
2026-04-30 02:00:00,BOS,short,4555.7,4561.8,4545.9,4561.8,4545.9,13042
2026-04-30 02:30:00,BOS,short,4546.6,4554.0,4534.5,4554.0,4534.5,13047
2026-04-30 03:10:00,MSS,long,4553.5,4547.3,4563.4,4547.3,4563.4,13057
2026-04-30 04:05:00,BOS,long,4560.7,4556.5,4567.5,4556.5,4567.5,13068
2026-04-30 04:45:00,MSS,short,4558.6,4560.5,4555.5,4560.5,4555.5,13075
2026-04-30 06:00:00,BOS,short,4555.4,4558.1,4551.0,4558.1,4551.0,13079
2026-04-30 06:10:00,MSS,long,4554.7,4551.0,4560.6,4551.0,4560.6,13080
2026-04-30 07:00:00,BOS,long,4563.3,4561.5,4566.1,4561.5,4566.1,13091
2026-04-30 07:35:00,BOS,long,4563.9,4562.1,4566.9,4562.1,4566.9,13093
2026-04-30 08:40:00,BOS,long,4576.2,4574.3,4579.2,4574.3,4579.2,13111
2026-04-30 09:25:00,BOS,long,4583.3,4577.5,4592.8,4577.5,4592.8,13120
2026-04-30 09:50:00,BOS,long,4588.8,4585.4,4594.4,4585.4,4594.4,13125
2026-04-30 10:25:00,MSS,short,4589.0,4592.6,4583.1,4592.6,4583.1,13131
2026-04-30 11:35:00,BOS,short,4574.8,4578.5,4568.9,4578.5,4568.9,13145
2026-04-30 11:50:00,BOS,short,4571.1,4573.4,4567.3,4573.4,4567.3,13148
2026-04-30 12:20:00,BOS,short,4565.3,4568.3,4560.5,4568.3,4560.5,13155
2026-04-30 13:05:00,MSS,long,4557.6,4553.0,4565.0,4553.0,4565.0,13163
2026-04-30 14:20:00,BOS,long,4575.6,4571.2,4582.7,4571.2,4582.7,13176
2026-04-30 14:50:00,BOS,long,4588.5,4583.7,4596.3,4583.7,4596.3,13184
2026-04-30 15:40:00,BOS,long,4603.6,4599.7,4609.9,4599.7,4609.9,13195
2026-04-30 17:05:00,BOS,long,4629.0,4627.1,4632.2,4627.1,4632.2,13212
2026-04-30 17:25:00,BOS,long,4631.9,4627.5,4639.0,4627.5,4639.0,13216
2026-04-30 18:20:00,BOS,long,4640.2,4635.4,4648.0,4635.4,4648.0,13225
2026-04-30 19:00:00,BOS,long,4649.1,4645.3,4655.3,4645.3,4655.3,13235
2026-04-30 19:30:00,MSS,short,4650.3,4656.0,4641.2,4656.0,4641.2,13240
2026-04-30 20:00:00,MSS,long,4644.3,4641.0,4649.7,4641.0,4649.7,13246
2026-04-30 20:30:00,MSS,short,4644.5,4650.5,4634.9,4650.5,4634.9,13252
2026-04-30 20:55:00,MSS,long,4643.2,4637.3,4652.7,4637.3,4652.7,13257
2026-04-30 21:25:00,MSS,short,4654.0,4659.1,4645.7,4659.1,4645.7,13263
2026-04-30 22:35:00,BOS,short,4632.7,4638.9,4622.8,4638.9,4622.8,13276
2026-04-30 23:00:00,BOS,short,4633.3,4636.5,4628.1,4636.5,4628.1,13282
2026-04-30 23:05:00,MSS,long,4631.4,4628.1,4636.7,4628.1,4636.7,13284
2026-04-30 23:35:00,MSS,short,4634.1,4638.0,4627.8,4638.0,4627.8,13290
2026-05-01 00:15:00,BOS,short,4625.4,4630.1,4617.8,4630.1,4617.8,13297
2026-05-01 00:55:00,BOS,short,4626.2,4630.8,4618.7,4630.8,4618.7,13306
2026-05-01 02:00:00,MSS,long,4631.7,4628.0,4637.7,4628.0,4637.7,13318
2026-05-01 03:00:00,BOS,long,4634.6,4631.6,4639.5,4631.6,4639.5,13328
2026-05-01 03:25:00,MSS,short,4636.5,4640.8,4629.5,4640.8,4629.5,13333
2026-05-01 04:50:00,MSS,long,4631.3,4629.5,4634.2,4629.5,4634.2,13352
2026-05-01 06:30:00,MSS,short,4642.6,4644.0,4640.4,4644.0,4640.4,13361
2026-05-01 06:40:00,MSS,long,4641.4,4639.2,4645.0,4639.2,4645.0,13363
2026-05-01 07:30:00,BOS,long,4643.1,4641.1,4646.4,4641.1,4646.4,13370
2026-05-01 07:55:00,MSS,short,4643.6,4646.8,4638.3,4646.8,4638.3,13375
2026-05-01 08:10:00,BOS,short,4639.5,4643.6,4632.8,4643.6,4632.8,13381
2026-05-01 09:00:00,BOS,short,4634.4,4637.9,4628.7,4637.9,4628.7,13391
2026-05-01 10:00:00,MSS,long,4633.1,4630.5,4637.4,4630.5,4637.4,13403
2026-05-01 10:35:00,MSS,short,4641.6,4643.1,4639.3,4643.1,4639.3,13410
2026-05-01 12:00:00,BOS,short,4638.0,4639.8,4635.0,4639.8,4635.0,13426
2026-05-01 13:00:00,BOS,short,4621.5,4623.2,4618.7,4623.2,4618.7,13439
2026-05-01 13:05:00,MSS,long,4621.3,4618.7,4625.5,4618.7,4625.5,13440
2026-05-01 13:35:00,MSS,short,4624.9,4627.7,4620.5,4627.7,4620.5,13445
2026-05-01 15:30:00,BOS,short,4604.2,4609.9,4595.1,4609.9,4595.1,13467
2026-05-01 16:10:00,BOS,short,4590.3,4594.1,4584.2,4594.1,4584.2,13477
2026-05-01 17:00:00,BOS,short,4581.0,4584.4,4575.4,4584.4,4575.4,13485
2026-05-01 17:35:00,MSS,long,4580.6,4578.3,4584.3,4578.3,4584.3,13494
2026-05-01 17:50:00,MSS,short,4579.1,4584.3,4570.7,4584.3,4570.7,13495
2026-05-01 18:55:00,BOS,short,4580.7,4583.2,4576.6,4583.2,4576.6,13509
2026-05-01 19:15:00,MSS,long,4576.9,4573.3,4582.7,4573.3,4582.7,13514
2026-05-01 19:50:00,BOS,long,4586.0,4583.9,4589.3,4583.9,4589.3,13521
2026-05-01 20:10:00,BOS,long,4592.1,4586.1,4601.9,4586.1,4601.9,13524
2026-05-01 21:30:00,BOS,long,4603.0,4597.1,4612.6,4597.1,4612.6,13541
2026-05-01 21:50:00,BOS,long,4618.2,4609.5,4632.3,4609.5,4632.3,13545
2026-05-01 23:00:00,MSS,short,4642.9,4647.1,4636.2,4647.1,4636.2,13559
2026-05-01 23:10:00,MSS,long,4637.0,4630.4,4647.7,4630.4,4647.7,13561
2026-05-01 23:40:00,BOS,long,4650.0,4646.4,4655.8,4646.4,4655.8,13567
2026-05-02 00:05:00,MSS,short,4655.9,4659.4,4650.2,4659.4,4650.2,13569
2026-05-02 00:15:00,MSS,long,4653.9,4649.1,4661.6,4649.1,4661.6,13574
2026-05-02 00:30:00,MSS,short,4655.6,4661.6,4646.0,4661.6,4646.0,13575
2026-05-02 01:20:00,BOS,short,4649.6,4651.9,4646.0,4651.9,4646.0,13587
2026-05-02 01:45:00,BOS,short,4647.0,4651.9,4639.1,4651.9,4639.1,13587
2026-05-02 02:00:00,BOS,short,4642.6,4647.1,4635.4,4647.1,4635.4,13594
2026-05-02 03:00:00,BOS,short,4635.5,4637.9,4631.5,4637.9,4631.5,13606
2026-05-02 03:10:00,MSS,long,4634.2,4631.5,4638.5,4631.5,4638.5,13608
2026-05-02 03:25:00,MSS,short,4638.1,4639.4,4635.9,4639.4,4635.9,13611
2026-05-02 03:50:00,BOS,short,4632.5,4639.6,4621.0,4639.6,4621.0,13613
2026-05-02 04:25:00,MSS,long,4624.2,4621.8,4628.2,4621.8,4628.2,13624
2026-05-04 06:00:00,BOS,long,4633.8,4621.9,4653.0,4621.9,4653.0,13627
2026-05-04 08:00:00,MSS,short,4623.7,4628.6,4615.8,4628.6,4615.8,13655
2026-05-04 08:20:00,BOS,short,4622.6,4628.4,4613.2,4628.4,4613.2,13657
2026-05-04 08:55:00,MSS,long,4619.5,4616.0,4625.2,4616.0,4625.2,13665
2026-05-04 09:00:00,MSS,short,4619.8,4625.2,4611.0,4625.2,4611.0,13667
2026-05-04 09:25:00,BOS,short,4611.8,4615.8,4605.2,4615.8,4605.2,13671
2026-05-04 09:50:00,MSS,long,4609.0,4603.6,4617.8,4603.6,4617.8,13674
2026-05-04 11:35:00,MSS,short,4618.6,4622.6,4612.1,4622.6,4612.1,13698
2026-05-04 11:50:00,MSS,long,4615.6,4609.4,4625.7,4609.4,4625.7,13700
2026-05-04 12:55:00,MSS,short,4619.3,4621.6,4615.7,4621.6,4615.7,13714
2026-05-04 13:15:00,MSS,long,4617.1,4612.7,4624.3,4612.7,4624.3,13718
2026-05-04 13:25:00,MSS,short,4617.3,4624.3,4606.1,4624.3,4606.1,13719
2026-05-04 14:00:00,BOS,short,4608.9,4613.1,4602.2,4613.1,4602.2,13727
2026-05-04 14:35:00,BOS,short,4602.5,4607.0,4595.3,4607.0,4595.3,13734
2026-05-04 15:50:00,BOS,short,4598.3,4602.1,4592.1,4602.1,4592.1,13749
2026-05-04 16:35:00,MSS,long,4586.8,4584.6,4590.3,4584.6,4590.3,13758
2026-05-04 16:55:00,MSS,short,4589.2,4590.8,4586.7,4590.8,4586.7,13762
2026-05-04 17:00:00,MSS,long,4588.7,4586.7,4592.0,4586.7,4592.0,13763
2026-05-04 17:10:00,BOS,long,4590.0,4586.7,4595.3,4586.7,4595.3,13763
2026-05-04 17:50:00,MSS,short,4593.0,4595.6,4588.7,4595.6,4588.7,13771
2026-05-04 19:30:00,BOS,short,4575.8,4581.0,4567.5,4581.0,4567.5,13791
2026-05-04 20:15:00,MSS,long,4572.2,4563.6,4586.2,4563.6,4586.2,13797
2026-05-04 20:50:00,BOS,long,4580.9,4577.0,4587.1,4577.0,4587.1,13809
2026-05-04 21:00:00,MSS,short,4579.8,4587.1,4568.0,4587.1,4568.0,13810
2026-05-04 22:05:00,BOS,short,4572.4,4577.4,4564.4,4577.4,4564.4,13823
2026-05-04 22:15:00,MSS,long,4572.3,4564.4,4585.2,4564.4,4585.2,13825
2026-05-04 22:55:00,MSS,short,4585.6,4594.7,4570.8,4594.7,4570.8,13832
2026-05-05 00:05:00,BOS,short,4538.6,4553.8,4513.9,4553.8,4513.9,13843
2026-05-05 01:15:00,MSS,long,4526.6,4517.3,4541.7,4517.3,4541.7,13858
2026-05-05 02:05:00,MSS,short,4532.9,4535.6,4528.5,4535.6,4528.5,13872
2026-05-05 02:55:00,MSS,long,4522.8,4520.4,4526.6,4520.4,4526.6,13880
2026-05-05 03:05:00,BOS,long,4525.6,4520.8,4533.3,4520.8,4533.3,13884
2026-05-05 04:40:00,BOS,long,4524.3,4521.6,4528.7,4521.6,4528.7,13900
2026-05-05 06:40:00,MSS,short,4530.3,4531.7,4528.1,4531.7,4528.1,13914
2026-05-05 07:40:00,BOS,short,4529.7,4531.2,4527.4,4531.2,4527.4,13925
2026-05-05 08:00:00,MSS,long,4528.7,4525.8,4533.5,4525.8,4533.5,13930
2026-05-05 08:25:00,MSS,short,4532.1,4538.0,4522.6,4538.0,4522.6,13934
2026-05-05 08:50:00,MSS,long,4529.2,4522.6,4539.8,4522.6,4539.8,13937
2026-05-05 09:00:00,BOS,long,4530.8,4522.6,4544.1,4522.6,4544.1,13937
2026-05-05 09:55:00,BOS,long,4546.1,4543.3,4550.7,4543.3,4550.7,13950
2026-05-05 10:15:00,MSS,short,4547.6,4549.6,4544.4,4549.6,4544.4,13958
2026-05-05 10:25:00,MSS,long,4546.8,4544.0,4551.2,4544.0,4551.2,13960
2026-05-05 11:20:00,MSS,short,4549.9,4551.8,4546.7,4551.8,4546.7,13971
2026-05-05 13:05:00,MSS,long,4545.6,4539.9,4554.7,4539.9,4554.7,13992
2026-05-05 13:30:00,BOS,long,4549.3,4544.8,4556.6,4544.8,4556.6,13995
2026-05-05 14:15:00,MSS,short,4556.5,4561.5,4548.3,4561.5,4548.3,14004
2026-05-05 15:00:00,MSS,long,4559.5,4556.8,4563.8,4556.8,4563.8,14015
2026-05-05 15:15:00,BOS,long,4562.2,4560.3,4565.4,4560.3,4565.4,14018
2026-05-05 15:25:00,MSS,short,4562.6,4565.5,4558.0,4565.5,4558.0,14020
2026-05-05 15:45:00,BOS,short,4563.4,4568.3,4555.4,4568.3,4555.4,14023
2026-05-05 16:20:00,MSS,long,4559.0,4556.2,4563.6,4556.2,4563.6,14030
2026-05-05 16:50:00,BOS,long,4561.6,4557.7,4568.0,4557.7,4568.0,14037
2026-05-05 17:25:00,MSS,short,4567.4,4570.5,4562.4,4570.5,4562.4,14041
2026-05-05 18:05:00,BOS,short,4565.3,4567.2,4562.2,4567.2,4562.2,14052
2026-05-05 18:25:00,BOS,short,4562.0,4565.3,4556.7,4565.3,4556.7,14055
2026-05-05 18:40:00,BOS,short,4560.6,4564.5,4554.3,4564.5,4554.3,14058
2026-05-05 19:05:00,MSS,long,4554.1,4550.1,4560.6,4550.1,4560.6,14064
2026-05-05 19:40:00,BOS,long,4559.7,4550.1,4575.2,4550.1,4575.2,14064
2026-05-05 20:00:00,MSS,short,4569.7,4573.0,4564.3,4573.0,4564.3,14075
2026-05-05 20:10:00,MSS,long,4569.3,4564.3,4577.3,4564.3,4577.3,14076
2026-05-05 21:05:00,BOS,long,4579.5,4572.1,4591.4,4572.1,4591.4,14086
2026-05-05 21:35:00,MSS,short,4588.8,4592.4,4583.0,4592.4,4583.0,14094
2026-05-05 22:05:00,MSS,long,4589.6,4586.2,4595.1,4586.2,4595.1,14100
2026-05-05 22:10:00,MSS,short,4589.6,4595.1,4580.7,4595.1,4580.7,14101
2026-05-05 23:00:00,MSS,long,4589.6,4586.3,4594.9,4586.3,4594.9,14110
2026-05-05 23:40:00,MSS,short,4588.7,4592.1,4583.2,4592.1,4583.2,14118
2026-05-06 01:05:00,BOS,short,4570.1,4573.8,4564.0,4573.8,4564.0,14135
2026-05-06 01:45:00,MSS,long,4568.6,4565.9,4572.9,4565.9,4572.9,14142
2026-05-06 02:10:00,BOS,long,4571.2,4568.4,4575.6,4568.4,4575.6,14146
2026-05-06 03:00:00,MSS,short,4573.4,4576.2,4568.8,4576.2,4568.8,14157
2026-05-06 03:45:00,MSS,long,4567.5,4566.2,4569.7,4566.2,4569.7,14167
2026-05-06 03:50:00,MSS,short,4567.8,4569.7,4564.6,4569.7,4564.6,14169
2026-05-06 04:25:00,MSS,long,4567.9,4566.0,4571.0,4566.0,4571.0,14176
2026-05-06 06:00:00,MSS,short,4565.3,4568.4,4560.2,4568.4,4560.2,14183
2026-05-06 06:50:00,MSS,long,4561.1,4556.3,4568.8,4556.3,4568.8,14193
2026-05-06 08:00:00,BOS,long,4604.0,4601.0,4608.9,4601.0,4608.9,14207
2026-05-06 08:20:00,BOS,long,4604.3,4598.3,4613.9,4598.3,4613.9,14211
2026-05-06 08:50:00,BOS,long,4619.8,4618.0,4622.6,4618.0,4622.6,14216
2026-05-06 09:20:00,BOS,long,4625.9,4620.3,4635.0,4620.3,4635.0,14222
2026-05-06 09:45:00,BOS,long,4634.3,4631.1,4639.5,4631.1,4639.5,14227
2026-05-06 10:45:00,BOS,long,4643.4,4640.2,4648.6,4640.2,4648.6,14240
2026-05-06 11:05:00,BOS,long,4651.0,4648.2,4655.5,4648.2,4655.5,14244
2026-05-06 11:35:00,BOS,long,4656.0,4652.2,4662.2,4652.2,4662.2,14250
2026-05-06 12:05:00,BOS,long,4654.7,4652.7,4658.0,4652.7,4658.0,14255
2026-05-06 12:25:00,BOS,long,4659.1,4655.9,4664.2,4655.9,4664.2,14260
2026-05-06 13:30:00,MSS,short,4661.9,4666.3,4654.9,4666.3,4654.9,14273
2026-05-06 13:55:00,MSS,long,4662.5,4654.9,4674.8,4654.9,4674.8,14274
2026-05-06 14:25:00,BOS,long,4671.8,4668.3,4677.5,4668.3,4677.5,14284
2026-05-06 15:10:00,MSS,short,4676.9,4681.5,4669.4,4681.5,4669.4,14292
2026-05-06 15:40:00,MSS,long,4676.3,4673.2,4681.3,4673.2,4681.3,14299
2026-05-06 16:30:00,MSS,short,4689.7,4691.4,4686.9,4691.4,4686.9,14309
2026-05-06 16:50:00,MSS,long,4694.9,4682.8,4714.5,4682.8,4714.5,14311
2026-05-06 17:30:00,BOS,long,4707.3,4702.4,4715.1,4702.4,4715.1,14320
2026-05-06 18:30:00,BOS,long,4713.6,4707.1,4724.1,4707.1,4724.1,14331
2026-05-06 18:50:00,BOS,long,4724.8,4718.8,4734.6,4718.8,4734.6,14337
2026-05-06 19:20:00,MSS,short,4728.1,4732.9,4720.3,4732.9,4720.3,14341
2026-05-06 19:25:00,BOS,short,4726.7,4732.9,4716.8,4732.9,4716.8,14341
2026-05-06 19:30:00,MSS,long,4720.7,4716.8,4727.0,4716.8,4727.0,14345
2026-05-06 19:40:00,MSS,short,4719.6,4727.0,4707.7,4727.0,4707.7,14346
2026-05-06 21:05:00,BOS,short,4694.3,4703.5,4679.3,4703.5,4679.3,14364
2026-05-06 21:30:00,MSS,long,4697.5,4689.9,4709.9,4689.9,4709.9,14368
2026-05-06 21:45:00,BOS,long,4707.4,4704.1,4712.8,4704.1,4712.8,14372
2026-05-06 22:10:00,BOS,long,4714.7,4708.4,4725.0,4708.4,4725.0,14377
2026-05-06 22:50:00,MSS,short,4720.7,4726.1,4712.0,4726.1,4712.0,14384
2026-05-06 23:05:00,BOS,short,4714.8,4718.7,4708.5,4718.7,4708.5,14387
2026-05-06 23:35:00,BOS,short,4710.1,4715.0,4702.3,4715.0,4702.3,14392
2026-05-06 23:55:00,BOS,short,4703.7,4706.6,4699.1,4706.6,4699.1,14397
2026-05-07 00:05:00,BOS,short,4701.3,4706.6,4692.7,4706.6,4692.7,14397
2026-05-07 01:35:00,BOS,short,4693.4,4695.5,4689.9,4695.5,4689.9,14417
2026-05-07 01:55:00,MSS,long,4692.8,4691.0,4695.7,4691.0,4695.7,14422
2026-05-07 02:05:00,BOS,long,4693.1,4691.0,4696.4,4691.0,4696.4,14422
2026-05-07 02:40:00,MSS,short,4699.1,4701.1,4695.9,4701.1,4695.9,14431
2026-05-07 03:00:00,MSS,long,4698.9,4695.7,4704.0,4695.7,4704.0,14434
2026-05-07 03:55:00,MSS,short,4706.5,4709.1,4702.2,4709.1,4702.2,14446
2026-05-07 04:10:00,MSS,long,4705.3,4702.2,4710.4,4702.2,4710.4,14447
2026-05-07 04:30:00,MSS,short,4706.7,4710.4,4700.8,4710.4,4700.8,14450
2026-05-07 06:05:00,MSS,long,4699.0,4695.6,4704.4,4695.6,4704.4,14457
2026-05-07 07:20:00,MSS,short,4704.9,4707.0,4701.6,4707.0,4701.6,14475
2026-05-07 07:55:00,MSS,long,4702.6,4699.1,4708.3,4699.1,4708.3,14477
2026-05-07 08:40:00,MSS,short,4704.3,4710.5,4694.2,4710.5,4694.2,14488
2026-05-07 09:00:00,MSS,long,4697.6,4694.2,4703.0,4694.2,4703.0,14495
2026-05-07 09:45:00,BOS,long,4718.0,4711.1,4729.2,4711.1,4729.2,14502
2026-05-07 10:05:00,MSS,short,4725.3,4727.6,4721.7,4727.6,4721.7,14508
2026-05-07 10:25:00,BOS,short,4721.0,4727.6,4710.2,4727.6,4710.2,14508
2026-05-07 11:25:00,BOS,short,4715.6,4717.4,4712.8,4717.4,4712.8,14524
2026-05-07 11:55:00,BOS,short,4711.3,4713.7,4707.4,4713.7,4707.4,14530
2026-05-07 12:10:00,BOS,short,4707.8,4709.5,4705.0,4709.5,4705.0,14533
2026-05-07 12:30:00,BOS,short,4705.0,4707.0,4701.8,4707.0,4701.8,14536
2026-05-07 13:00:00,MSS,long,4705.4,4702.5,4710.0,4702.5,4710.0,14542
2026-05-07 13:30:00,BOS,long,4707.5,4703.0,4714.7,4703.0,4714.7,14548
2026-05-07 13:55:00,MSS,short,4712.9,4715.3,4709.0,4715.3,4709.0,14554
2026-05-07 14:05:00,MSS,long,4712.0,4709.0,4716.8,4709.0,4716.8,14555
2026-05-07 14:20:00,BOS,long,4718.3,4715.6,4722.6,4715.6,4722.6,14559
2026-05-07 15:00:00,MSS,short,4752.2,4759.2,4740.8,4759.2,4740.8,14564
2026-05-07 16:00:00,MSS,long,4752.3,4746.6,4761.6,4746.6,4761.6,14577
2026-05-07 16:15:00,MSS,short,4756.7,4763.6,4745.5,4763.6,4745.5,14581
2026-05-07 16:40:00,BOS,short,4749.3,4752.4,4744.4,4752.4,4744.4,14585
2026-05-07 16:55:00,BOS,short,4744.8,4747.1,4741.1,4747.1,4741.1,14590
2026-05-07 17:20:00,MSS,long,4743.9,4741.3,4748.2,4741.3,4748.2,14595
2026-05-07 17:55:00,MSS,short,4744.0,4749.3,4735.3,4749.3,4735.3,14600
2026-05-07 18:35:00,MSS,long,4741.4,4737.3,4748.0,4737.3,4748.0,14610
2026-05-07 19:55:00,BOS,long,4746.8,4743.1,4752.8,4743.1,4752.8,14626
2026-05-07 20:30:00,BOS,long,4748.4,4741.9,4759.0,4741.9,4759.0,14633
2026-05-07 21:00:00,MSS,short,4756.9,4762.7,4747.5,4762.7,4747.5,14637
2026-05-07 21:30:00,MSS,long,4751.3,4740.7,4768.4,4740.7,4768.4,14642
2026-05-07 22:10:00,BOS,long,4757.0,4752.5,4764.3,4752.5,4764.3,14652
2026-05-07 22:20:00,BOS,long,4757.6,4751.0,4768.2,4751.0,4768.2,14655
2026-05-07 22:50:00,BOS,long,4763.4,4757.7,4772.5,4757.7,4772.5,14658
2026-05-07 23:10:00,MSS,short,4771.2,4775.3,4764.6,4775.3,4764.6,14664
2026-05-07 23:20:00,BOS,short,4765.5,4771.6,4755.7,4771.6,4755.7,14666
2026-05-08 00:50:00,MSS,long,4723.0,4720.3,4727.4,4720.3,4727.4,14684
2026-05-08 01:15:00,MSS,short,4724.1,4729.5,4715.4,4729.5,4715.4,14689
2026-05-08 01:25:00,BOS,short,4715.3,4726.7,4696.9,4726.7,4696.9,14692
2026-05-08 01:55:00,MSS,long,4713.0,4707.5,4721.8,4707.5,4721.8,14698
2026-05-08 02:25:00,BOS,long,4718.6,4715.9,4722.9,4715.9,4722.9,14704
2026-05-08 02:45:00,MSS,short,4719.0,4725.8,4707.9,4725.8,4707.9,14707
2026-05-08 03:55:00,BOS,short,4717.4,4720.4,4712.5,4720.4,4712.5,14722
2026-05-08 04:00:00,MSS,long,4718.9,4712.5,4729.2,4712.5,4729.2,14723
2026-05-08 04:35:00,MSS,short,4719.0,4725.9,4707.8,4725.9,4707.8,14730
2026-05-08 06:45:00,BOS,short,4697.0,4700.4,4691.4,4700.4,4691.4,14744
2026-05-08 07:10:00,MSS,long,4697.2,4693.2,4703.6,4693.2,4703.6,14748
2026-05-08 07:35:00,BOS,long,4705.4,4703.7,4708.2,4703.7,4708.2,14754
2026-05-08 08:05:00,BOS,long,4713.0,4710.0,4717.8,4710.0,4717.8,14760
2026-05-08 08:15:00,MSS,short,4712.6,4718.7,4702.7,4718.7,4702.7,14762
2026-05-08 09:00:00,MSS,long,4712.6,4705.5,4724.1,4705.5,4724.1,14771
2026-05-08 09:35:00,MSS,short,4722.1,4727.5,4713.4,4727.5,4713.4,14776
2026-05-08 09:45:00,MSS,long,4719.3,4713.4,4728.9,4713.4,4728.9,14779
2026-05-08 10:00:00,BOS,long,4724.0,4713.4,4741.1,4713.4,4741.1,14779
2026-05-08 11:05:00,BOS,long,4722.4,4719.2,4727.5,4719.2,4727.5,14796
2026-05-08 11:30:00,BOS,long,4730.6,4725.4,4739.1,4725.4,4739.1,14800
2026-05-08 12:10:00,MSS,short,4728.8,4732.1,4723.5,4732.1,4723.5,14808
2026-05-08 12:40:00,BOS,short,4723.1,4727.0,4716.9,4727.0,4716.9,14813
2026-05-08 13:25:00,MSS,long,4722.8,4719.1,4728.8,4719.1,4728.8,14823
2026-05-08 14:25:00,BOS,long,4735.3,4730.1,4743.6,4730.1,4743.6,14835
2026-05-08 14:45:00,MSS,short,4736.5,4740.9,4729.4,4740.9,4729.4,14840
2026-05-08 15:45:00,MSS,long,4718.1,4715.7,4722.0,4715.7,4722.0,14852
2026-05-08 16:15:00,BOS,long,4719.0,4715.6,4724.6,4715.6,4724.6,14857
2026-05-08 17:30:00,MSS,short,4727.4,4732.4,4719.2,4732.4,4719.2,14872
2026-05-08 18:35:00,MSS,long,4732.9,4729.9,4737.7,4729.9,4737.7,14886
2026-05-08 18:45:00,MSS,short,4734.3,4737.7,4728.7,4737.7,4728.7,14887
2026-05-08 19:40:00,BOS,short,4733.9,4735.9,4730.6,4735.9,4730.6,14899
2026-05-08 20:05:00,BOS,short,4725.4,4729.9,4718.0,4729.9,4718.0,14903
2026-05-08 20:30:00,MSS,long,4720.5,4712.1,4734.2,4712.1,4734.2,14907
2026-05-08 21:30:00,BOS,long,4736.7,4725.8,4754.4,4725.8,4754.4,14918
2026-05-08 22:05:00,MSS,short,4750.6,4760.1,4735.2,4760.1,4735.2,14928
2026-05-08 22:25:00,BOS,short,4736.2,4743.7,4724.1,4743.7,4724.1,14931
2026-05-08 23:10:00,BOS,short,4725.1,4730.8,4715.8,4730.8,4715.8,14941
2026-05-09 00:10:00,MSS,long,4716.9,4713.7,4722.0,4713.7,4722.0,14951
2026-05-09 01:15:00,BOS,long,4725.2,4722.6,4729.5,4722.6,4729.5,14966
2026-05-09 01:50:00,BOS,long,4729.8,4728.8,4731.4,4728.8,4731.4,14973
2026-05-09 02:40:00,MSS,short,4736.6,4738.5,4733.5,4738.5,4733.5,14979
2026-05-09 03:30:00,BOS,short,4733.6,4734.9,4731.4,4734.9,4731.4,14993
2026-05-09 04:10:00,BOS,short,4732.7,4736.4,4726.7,4736.4,4726.7,14996
2026-05-11 07:00:00,MSS,long,4699.1,4695.1,4705.6,4695.1,4705.6,15020
2026-05-11 07:35:00,BOS,long,4704.4,4702.7,4707.2,4702.7,4707.2,15029
2026-05-11 07:55:00,MSS,short,4703.8,4707.3,4698.2,4707.3,4698.2,15034
2026-05-11 09:20:00,MSS,long,4699.6,4690.4,4714.4,4690.4,4714.4,15050
2026-05-11 09:50:00,MSS,short,4700.7,4704.9,4693.9,4704.9,4693.9,15057
2026-05-11 10:35:00,MSS,long,4697.9,4691.1,4709.0,4691.1,4709.0,15064
2026-05-11 10:50:00,MSS,short,4700.6,4709.0,4687.1,4709.0,4687.1,15067
2026-05-11 11:45:00,BOS,short,4693.2,4695.8,4688.9,4695.8,4688.9,15080
2026-05-11 12:15:00,BOS,short,4690.3,4695.8,4681.3,4695.8,4681.3,15080
2026-05-11 13:25:00,BOS,short,4681.1,4682.9,4678.3,4682.9,4678.3,15100
2026-05-11 13:30:00,MSS,long,4681.6,4678.3,4687.0,4678.3,4687.0,15101
2026-05-11 13:40:00,MSS,short,4681.2,4688.4,4669.6,4688.4,4669.6,15103
2026-05-11 14:35:00,MSS,long,4675.5,4671.3,4682.4,4671.3,4682.4,15113
2026-05-11 14:50:00,BOS,long,4677.9,4671.3,4688.7,4671.3,4688.7,15113
2026-05-11 15:45:00,MSS,short,4681.8,4686.0,4675.0,4686.0,4675.0,15128
2026-05-11 16:10:00,MSS,long,4676.6,4673.0,4682.3,4673.0,4682.3,15132
2026-05-11 16:50:00,MSS,short,4678.3,4680.2,4675.3,4680.2,4675.3,15141
2026-05-11 17:15:00,BOS,short,4676.4,4678.5,4673.0,4678.5,4673.0,15145
2026-05-11 18:20:00,MSS,long,4670.8,4668.8,4674.0,4668.8,4674.0,15159
2026-05-11 19:00:00,BOS,long,4675.3,4671.9,4680.9,4671.9,4680.9,15167
2026-05-11 19:25:00,BOS,long,4677.8,4676.0,4680.6,4676.0,4680.6,15172
2026-05-11 19:35:00,BOS,long,4679.2,4676.0,4684.5,4676.0,4684.5,15172
2026-05-11 20:05:00,MSS,short,4681.8,4684.5,4677.4,4684.5,4677.4,15180
2026-05-11 20:20:00,MSS,long,4686.7,4675.7,4704.5,4675.7,4704.5,15182
2026-05-11 20:55:00,BOS,long,4700.9,4695.1,4710.3,4695.1,4710.3,15189
2026-05-11 22:00:00,MSS,short,4748.1,4754.6,4737.6,4754.6,4737.6,15203
2026-05-11 23:15:00,MSS,long,4737.1,4732.5,4744.5,4732.5,4744.5,15216
2026-05-12 00:25:00,MSS,short,4738.8,4743.3,4731.6,4743.3,4731.6,15228
2026-05-12 00:35:00,BOS,short,4732.4,4735.8,4727.0,4735.8,4727.0,15234
2026-05-12 01:00:00,MSS,long,4725.0,4722.6,4728.9,4722.6,4728.9,15239
2026-05-12 01:20:00,BOS,long,4727.4,4725.3,4730.7,4725.3,4730.7,15242
2026-05-12 02:05:00,BOS,long,4733.1,4731.0,4736.5,4731.0,4736.5,15250
2026-05-12 02:55:00,MSS,short,4735.7,4736.9,4733.8,4736.9,4733.8,15262
2026-05-12 03:20:00,BOS,short,4735.8,4737.6,4732.8,4737.6,4732.8,15265
2026-05-12 03:45:00,MSS,long,4735.3,4731.6,4741.2,4731.6,4741.2,15270
2026-05-12 04:30:00,BOS,long,4745.2,4743.1,4748.7,4743.1,4748.7,15280
2026-05-12 06:00:00,BOS,long,4746.5,4742.6,4752.9,4742.6,4752.9,15286
2026-05-12 06:40:00,BOS,long,4751.1,4748.5,4755.2,4748.5,4755.2,15294
2026-05-12 07:30:00,BOS,long,4763.1,4760.0,4768.0,4760.0,4768.0,15305
2026-05-12 08:15:00,BOS,long,4773.9,4768.0,4783.5,4768.0,4783.5,15312
2026-05-12 08:40:00,MSS,short,4777.2,4783.5,4767.1,4783.5,4767.1,15315
2026-05-12 08:50:00,BOS,short,4768.1,4772.3,4761.3,4772.3,4761.3,15321
2026-05-12 10:10:00,MSS,long,4738.1,4734.7,4743.5,4734.7,4743.5,15337
2026-05-12 10:40:00,BOS,long,4735.2,4731.4,4741.3,4731.4,4741.3,15342
2026-05-12 11:15:00,MSS,short,4738.7,4741.3,4734.5,4741.3,4734.5,15350
2026-05-12 11:45:00,BOS,short,4733.5,4736.9,4728.1,4736.9,4728.1,15355
2026-05-12 12:15:00,MSS,long,4733.6,4730.0,4739.4,4730.0,4739.4,15362
2026-05-12 12:45:00,MSS,short,4732.5,4735.7,4727.3,4735.7,4727.3,15367
2026-05-12 13:05:00,BOS,short,4724.2,4727.8,4718.3,4727.8,4718.3,15372
2026-05-12 14:00:00,BOS,short,4722.5,4728.9,4712.2,4728.9,4712.2,15383
2026-05-12 14:45:00,BOS,short,4709.4,4713.0,4703.6,4713.0,4703.6,15391
2026-05-12 16:00:00,MSS,long,4709.1,4705.7,4714.7,4705.7,4714.7,15405
2026-05-12 17:10:00,MSS,short,4711.1,4714.4,4705.7,4714.4,4705.7,15417
2026-05-12 17:30:00,MSS,long,4708.4,4705.2,4713.5,4705.2,4713.5,15425
2026-05-12 17:40:00,MSS,short,4709.3,4713.5,4702.5,4713.5,4702.5,15426
2026-05-12 18:05:00,MSS,long,4707.9,4702.5,4716.6,4702.5,4716.6,15428
2026-05-12 18:35:00,MSS,short,4707.4,4717.2,4691.6,4717.2,4691.6,15434
2026-05-12 19:15:00,MSS,long,4699.0,4694.8,4705.9,4694.8,4705.9,15445
2026-05-12 20:20:00,MSS,short,4711.8,4716.3,4704.6,4716.3,4704.6,15459
2026-05-12 20:30:00,BOS,short,4709.0,4716.3,4697.1,4716.3,4697.1,15459
2026-05-12 20:50:00,MSS,long,4705.7,4697.1,4719.7,4697.1,4719.7,15462
2026-05-12 21:15:00,MSS,short,4707.1,4719.7,4686.8,4719.7,4686.8,15466
2026-05-12 21:35:00,MSS,long,4697.6,4692.4,4706.0,4692.4,4706.0,15474
2026-05-12 21:55:00,MSS,short,4699.9,4709.5,4684.3,4709.5,4684.3,15476
2026-05-12 23:00:00,BOS,short,4687.5,4695.6,4674.4,4695.6,4674.4,15487
2026-05-13 00:00:00,MSS,long,4658.1,4645.3,4678.9,4645.3,4678.9,15497
2026-05-13 01:00:00,BOS,long,4678.0,4673.7,4684.9,4673.7,4684.9,15513
2026-05-13 01:15:00,BOS,long,4684.4,4682.0,4688.2,4682.0,4688.2,15518
2026-05-13 02:25:00,BOS,long,4687.8,4683.3,4695.0,4683.3,4695.0,15529
2026-05-13 03:50:00,BOS,long,4717.0,4714.3,4721.3,4714.3,4721.3,15548
2026-05-13 06:00:00,BOS,long,4724.0,4720.6,4729.4,4720.6,4729.4,15563
2026-05-13 06:50:00,BOS,long,4726.0,4723.2,4730.4,4723.2,4730.4,15572
2026-05-13 07:45:00,MSS,short,4727.0,4729.5,4722.9,4729.5,4722.9,15583
2026-05-13 08:00:00,MSS,long,4726.9,4722.9,4733.4,4722.9,4733.4,15585
2026-05-13 08:55:00,MSS,short,4728.5,4733.2,4720.8,4733.2,4720.8,15596
2026-05-13 09:15:00,BOS,short,4720.0,4724.5,4712.8,4724.5,4712.8,15602
2026-05-13 10:30:00,BOS,short,4709.4,4712.6,4704.2,4712.6,4704.2,15616
2026-05-13 10:50:00,BOS,short,4706.8,4712.6,4697.3,4712.6,4697.3,15616
2026-05-13 11:15:00,MSS,long,4699.1,4697.0,4702.6,4697.0,4702.6,15625
2026-05-13 12:40:00,MSS,short,4709.1,4711.5,4705.3,4711.5,4705.3,15642
2026-05-13 13:00:00,MSS,long,4709.8,4706.6,4714.9,4706.6,4714.9,15647
2026-05-13 13:25:00,MSS,short,4711.7,4715.4,4705.8,4715.4,4705.8,15649
2026-05-13 13:40:00,BOS,short,4711.0,4715.4,4704.0,4715.4,4704.0,15649
2026-05-13 13:55:00,MSS,long,4707.4,4703.8,4713.1,4703.8,4713.1,15658
2026-05-13 14:50:00,MSS,short,4717.4,4721.8,4710.3,4721.8,4710.3,15668
2026-05-13 15:05:00,BOS,short,4710.1,4713.6,4704.5,4713.6,4704.5,15672
2026-05-13 15:25:00,MSS,long,4709.1,4704.5,4716.6,4704.5,4716.6,15673
2026-05-13 16:50:00,BOS,long,4704.4,4702.0,4708.2,4702.0,4708.2,15693
2026-05-13 17:10:00,MSS,short,4706.6,4710.2,4700.7,4710.2,4700.7,15695
2026-05-13 18:05:00,MSS,long,4702.9,4693.3,4718.3,4693.3,4718.3,15702
2026-05-13 18:25:00,MSS,short,4710.7,4713.5,4706.1,4713.5,4706.1,15712
2026-05-13 19:10:00,MSS,long,4701.9,4698.8,4706.9,4698.8,4706.9,15721
2026-05-13 19:55:00,MSS,short,4710.5,4713.9,4705.1,4713.9,4705.1,15729
2026-05-13 20:10:00,BOS,short,4706.2,4709.5,4700.9,4709.5,4700.9,15733
2026-05-13 21:00:00,MSS,long,4690.4,4685.7,4697.9,4685.7,4697.9,15743
2026-05-13 21:30:00,MSS,short,4697.0,4701.9,4689.1,4701.9,4689.1,15748
2026-05-13 22:25:00,MSS,long,4684.8,4680.0,4692.6,4680.0,4692.6,15759
2026-05-13 23:25:00,BOS,long,4694.7,4691.9,4699.3,4691.9,4699.3,15772
2026-05-13 23:30:00,BOS,long,4696.3,4691.9,4703.5,4691.9,4703.5,15772
2026-05-14 00:05:00,BOS,long,4705.1,4702.2,4709.7,4702.2,4709.7,15778
2026-05-14 00:20:00,BOS,long,4710.5,4706.1,4717.6,4706.1,4717.6,15783
2026-05-14 00:50:00,MSS,short,4712.2,4717.9,4703.0,4717.9,4703.0,15785
2026-05-14 01:30:00,BOS,short,4705.0,4709.2,4698.2,4709.2,4698.2,15796
2026-05-14 01:50:00,BOS,short,4700.1,4702.5,4696.1,4702.5,4696.1,15801
2026-05-14 02:40:00,BOS,short,4698.0,4700.9,4693.4,4700.9,4693.4,15810
2026-05-14 03:10:00,MSS,long,4693.3,4690.9,4697.1,4690.9,4697.1,15817
2026-05-14 03:30:00,MSS,short,4696.2,4698.7,4692.2,4698.7,4692.2,15819
2026-05-14 04:10:00,MSS,long,4694.5,4691.7,4699.1,4691.7,4699.1,15826
2026-05-14 06:00:00,BOS,long,4697.7,4695.6,4701.0,4695.6,4701.0,15838
2026-05-14 06:35:00,BOS,long,4703.3,4701.6,4706.1,4701.6,4706.1,15846
2026-05-14 07:05:00,BOS,long,4705.1,4703.1,4708.3,4703.1,4708.3,15849
2026-05-14 07:30:00,MSS,short,4705.8,4709.0,4700.7,4709.0,4700.7,15854
2026-05-14 07:45:00,BOS,short,4702.8,4704.6,4699.8,4704.6,4699.8,15860
2026-05-14 08:00:00,BOS,short,4700.9,4703.8,4696.2,4703.8,4696.2,15863
2026-05-14 08:10:00,MSS,long,4702.0,4699.8,4705.6,4699.8,4705.6,15861
2026-05-14 08:30:00,MSS,short,4709.1,4712.5,4703.6,4712.5,4703.6,15867
2026-05-14 08:45:00,MSS,long,4704.3,4699.7,4711.7,4699.7,4711.7,15872
2026-05-14 08:55:00,BOS,long,4709.2,4706.3,4713.9,4706.3,4713.9,15874
2026-05-14 09:00:00,MSS,short,4709.0,4713.9,4701.1,4713.9,4701.1,15875
2026-05-14 10:30:00,MSS,long,4697.6,4693.1,4704.8,4693.1,4704.8,15890
2026-05-14 10:45:00,MSS,short,4699.1,4706.6,4686.9,4706.6,4686.9,15895
2026-05-14 11:20:00,MSS,long,4690.3,4687.7,4694.4,4687.7,4694.4,15902
2026-05-14 11:35:00,MSS,short,4694.0,4699.5,4685.1,4699.5,4685.1,15905
2026-05-14 12:25:00,MSS,long,4688.5,4673.0,4713.7,4673.0,4713.7,15912
2026-05-14 13:15:00,MSS,short,4708.6,4711.3,4704.2,4711.3,4704.2,15925
2026-05-14 13:55:00,BOS,short,4704.8,4710.4,4695.8,4710.4,4695.8,15933
2026-05-14 14:40:00,MSS,long,4698.0,4692.7,4706.5,4692.7,4706.5,15938
2026-05-14 15:25:00,BOS,long,4705.6,4700.7,4713.4,4700.7,4713.4,15950
2026-05-14 15:55:00,MSS,short,4715.0,4725.8,4697.5,4725.8,4697.5,15955
2026-05-14 16:25:00,MSS,long,4707.2,4704.4,4711.7,4704.4,4711.7,15964
2026-05-14 16:40:00,MSS,short,4709.4,4713.7,4702.4,4713.7,4702.4,15967
2026-05-14 16:55:00,BOS,short,4708.3,4713.7,4699.5,4713.7,4699.5,15967
2026-05-14 17:40:00,MSS,long,4698.1,4694.6,4703.8,4694.6,4703.8,15979
2026-05-14 18:10:00,MSS,short,4705.3,4707.2,4702.3,4707.2,4702.3,15985
2026-05-14 18:45:00,BOS,short,4702.3,4704.8,4698.3,4704.8,4698.3,15989
2026-05-14 19:20:00,BOS,short,4703.2,4705.4,4699.6,4705.4,4699.6,15996
2026-05-14 19:50:00,MSS,long,4701.7,4695.7,4711.3,4695.7,4711.3,16001
2026-05-14 20:20:00,BOS,long,4704.9,4698.7,4715.0,4698.7,4715.0,16008
2026-05-14 20:40:00,MSS,short,4712.1,4716.9,4704.4,4716.9,4704.4,16015
2026-05-14 21:15:00,BOS,short,4706.4,4711.7,4697.8,4711.7,4697.8,16022
2026-05-14 21:25:00,BOS,short,4704.9,4711.7,4694.0,4711.7,4694.0,16022
2026-05-14 22:15:00,MSS,long,4690.3,4683.3,4701.5,4683.3,4701.5,16032
2026-05-14 22:55:00,MSS,short,4692.4,4696.8,4685.4,4696.8,4685.4,16042
2026-05-14 23:40:00,BOS,short,4692.1,4695.3,4686.9,4695.3,4686.9,16051
2026-05-15 00:00:00,BOS,short,4689.6,4692.9,4684.3,4692.9,4684.3,16055
2026-05-15 00:30:00,BOS,short,4684.6,4687.6,4679.7,4687.6,4679.7,16059
2026-05-15 01:00:00,MSS,long,4681.1,4676.2,4689.1,4676.2,4689.1,16063
2026-05-15 01:25:00,MSS,short,4687.3,4689.9,4683.0,4689.9,4683.0,16072
2026-05-15 02:00:00,BOS,short,4682.9,4688.1,4674.6,4688.1,4674.6,16077
2026-05-15 02:40:00,BOS,short,4679.3,4682.5,4674.2,4682.5,4674.2,16084
2026-05-15 02:55:00,MSS,long,4674.4,4672.3,4677.9,4672.3,4677.9,16089
2026-05-15 03:25:00,MSS,short,4672.2,4674.8,4667.9,4674.8,4667.9,16096
2026-05-15 04:00:00,BOS,short,4660.4,4664.3,4654.2,4664.3,4654.2,16102
2026-05-15 06:05:00,MSS,long,4654.8,4650.1,4662.3,4650.1,4662.3,16116
2026-05-15 06:50:00,BOS,long,4663.5,4661.2,4667.1,4661.2,4667.1,16121
2026-05-15 07:10:00,MSS,short,4665.9,4667.8,4662.9,4667.8,4662.9,16128
2026-05-15 07:25:00,MSS,long,4663.2,4659.6,4669.0,4659.6,4669.0,16132
2026-05-15 07:30:00,MSS,short,4663.4,4669.0,4654.3,4669.0,4654.3,16133
2026-05-15 08:25:00,BOS,short,4651.0,4662.7,4632.2,4662.7,4632.2,16143
2026-05-15 08:55:00,MSS,long,4627.1,4621.8,4635.8,4621.8,4635.8,16150
2026-05-15 09:05:00,MSS,short,4628.0,4636.7,4613.8,4636.7,4613.8,16152
2026-05-15 10:40:00,MSS,long,4616.7,4613.5,4622.0,4613.5,4622.0,16170
2026-05-15 11:25:00,MSS,short,4622.2,4626.2,4615.8,4626.2,4615.8,16177
2026-05-15 12:05:00,MSS,long,4618.7,4614.4,4625.6,4614.4,4625.6,16187
2026-05-15 12:40:00,MSS,short,4614.9,4619.0,4608.3,4619.0,4608.3,16194
2026-05-15 13:15:00,BOS,short,4604.8,4616.8,4585.5,4616.8,4585.5,16198
2026-05-15 13:30:00,BOS,short,4585.6,4594.4,4571.4,4594.4,4571.4,16205
2026-05-15 13:45:00,BOS,short,4574.4,4579.8,4565.7,4579.8,4565.7,16208
2026-05-15 13:55:00,BOS,short,4570.9,4577.2,4560.6,4577.2,4560.6,16210
2026-05-15 14:15:00,MSS,long,4568.4,4560.0,4582.1,4560.0,4582.1,16212
2026-05-15 14:40:00,MSS,short,4579.7,4584.9,4571.2,4584.9,4571.2,16218
2026-05-15 15:10:00,MSS,long,4577.9,4569.8,4591.0,4569.8,4591.0,16224
2026-05-15 16:00:00,MSS,short,4575.4,4584.0,4561.6,4584.0,4561.6,16233
2026-05-15 16:40:00,MSS,long,4558.7,4553.2,4567.5,4553.2,4567.5,16242
2026-05-15 17:10:00,MSS,short,4561.1,4568.2,4549.5,4568.2,4549.5,16249
2026-05-15 17:45:00,BOS,short,4552.8,4559.8,4541.5,4559.8,4541.5,16254
2026-05-15 18:05:00,MSS,long,4546.4,4535.7,4563.7,4535.7,4563.7,16258
2026-05-15 18:50:00,BOS,long,4562.5,4553.6,4576.8,4553.6,4576.8,16268
2026-05-15 19:30:00,MSS,short,4569.4,4573.5,4562.8,4573.5,4562.8,16275
2026-05-15 20:00:00,BOS,short,4558.3,4563.4,4550.0,4563.4,4550.0,16282
2026-05-15 20:10:00,BOS,short,4554.4,4557.5,4549.3,4557.5,4549.3,16285
2026-05-15 20:20:00,MSS,long,4554.4,4549.1,4562.9,4549.1,4562.9,16287
2026-05-15 21:35:00,MSS,short,4549.8,4561.8,4530.3,4561.8,4530.3,16301
2026-05-15 22:10:00,MSS,long,4538.8,4529.1,4554.6,4529.1,4554.6,16308
2026-05-15 22:45:00,MSS,short,4561.0,4565.0,4554.5,4565.0,4554.5,16315
2026-05-15 22:55:00,MSS,long,4558.0,4550.1,4570.9,4550.1,4570.9,16318
2026-05-15 23:15:00,MSS,short,4558.9,4564.3,4550.1,4564.3,4550.1,16322
2026-05-15 23:35:00,BOS,short,4551.2,4554.6,4545.6,4554.6,4545.6,16326
2026-05-15 23:50:00,BOS,short,4549.1,4554.6,4540.3,4554.6,4540.3,16326
2026-05-16 00:05:00,BOS,short,4541.5,4546.5,4533.3,4546.5,4533.3,16332
2026-05-16 00:30:00,MSS,long,4539.1,4533.2,4548.6,4533.2,4548.6,16334
2026-05-16 01:00:00,BOS,long,4549.7,4545.6,4556.4,4545.6,4556.4,16343
2026-05-16 01:20:00,BOS,long,4562.1,4558.4,4568.0,4558.4,4568.0,16347
2026-05-16 02:10:00,BOS,long,4562.6,4560.2,4566.6,4560.2,4566.6,16357
2026-05-16 02:15:00,MSS,short,4562.9,4566.6,4556.9,4566.6,4556.9,16358
2026-05-16 03:05:00,BOS,short,4562.5,4566.9,4555.4,4566.9,4555.4,16366
2026-05-16 03:35:00,MSS,long,4555.1,4552.5,4559.4,4552.5,4559.4,16373
2026-05-16 03:55:00,MSS,short,4555.4,4559.4,4548.9,4559.4,4548.9,16375
2026-05-16 04:30:00,MSS,long,4541.2,4537.0,4548.0,4537.0,4548.0,16384
2026-05-18 08:00:00,MSS,short,4540.6,4545.0,4533.6,4545.0,4533.6,16391
2026-05-18 08:20:00,BOS,short,4536.3,4546.5,4519.7,4546.5,4519.7,16392
2026-05-18 09:20:00,MSS,long,4501.5,4495.5,4511.3,4495.5,4511.3,16407
2026-05-18 09:40:00,BOS,long,4503.3,4495.5,4515.8,4495.5,4515.8,16407
2026-05-18 10:10:00,BOS,long,4531.3,4524.6,4542.1,4524.6,4542.1,16416
2026-05-18 11:25:00,BOS,long,4534.1,4529.5,4541.6,4529.5,4541.6,16430
2026-05-18 11:40:00,BOS,long,4537.1,4528.1,4551.7,4528.1,4551.7,16435
2026-05-18 13:00:00,MSS,short,4544.5,4549.4,4536.5,4549.4,4536.5,16450
2026-05-18 13:15:00,MSS,long,4542.8,4536.5,4553.0,4536.5,4553.0,16452
2026-05-18 13:55:00,MSS,short,4547.5,4556.3,4533.2,4556.3,4533.2,16458
2026-05-18 14:20:00,MSS,long,4540.3,4535.8,4547.7,4535.8,4547.7,16466
2026-05-18 15:25:00,BOS,long,4546.9,4541.8,4555.2,4541.8,4555.2,16480
2026-05-18 16:20:00,BOS,long,4549.0,4546.1,4553.7,4546.1,4553.7,16490
2026-05-18 16:30:00,BOS,long,4550.3,4546.1,4557.0,4546.1,4557.0,16490
2026-05-18 17:00:00,MSS,short,4554.9,4561.0,4545.0,4561.0,4545.0,16498
2026-05-18 18:05:00,BOS,short,4545.9,4549.0,4540.8,4549.0,4540.8,16512
2026-05-18 18:30:00,BOS,short,4542.3,4546.2,4536.0,4546.2,4536.0,16515
2026-05-18 18:40:00,MSS,long,4540.0,4535.4,4547.5,4535.4,4547.5,16519
2026-05-18 19:30:00,BOS,long,4540.9,4535.6,4549.4,4535.6,4549.4,16528
2026-05-18 20:30:00,BOS,long,4555.5,4548.7,4566.6,4548.7,4566.6,16540
2026-05-18 21:30:00,BOS,long,4572.6,4565.4,4584.3,4565.4,4584.3,16550
2026-05-18 21:50:00,BOS,long,4575.2,4566.9,4588.7,4566.9,4588.7,16557
2026-05-18 22:30:00,MSS,short,4564.9,4574.5,4549.4,4574.5,4549.4,16562
2026-05-18 23:05:00,BOS,short,4547.2,4553.0,4537.8,4553.0,4537.8,16570
2026-05-19 00:10:00,MSS,long,4547.8,4544.4,4553.3,4544.4,4553.3,16584
2026-05-19 00:25:00,MSS,short,4548.4,4555.1,4537.6,4555.1,4537.6,16588
2026-05-19 00:50:00,MSS,long,4545.7,4537.6,4558.7,4537.6,4558.7,16589
2026-05-19 01:00:00,BOS,long,4546.8,4537.6,4561.7,4537.6,4561.7,16589
2026-05-19 02:00:00,MSS,short,4552.5,4555.4,4547.7,4555.4,4547.7,16604
2026-05-19 02:15:00,BOS,short,4549.4,4552.1,4545.1,4552.1,4545.1,16609
2026-05-19 02:55:00,BOS,short,4543.9,4547.5,4538.0,4547.5,4538.0,16617
2026-05-19 03:00:00,MSS,long,4550.0,4538.0,4569.5,4538.0,4569.5,16619
2026-05-19 04:15:00,BOS,long,4565.4,4561.8,4571.2,4561.8,4571.2,16631
2026-05-19 04:55:00,BOS,long,4569.0,4567.5,4571.3,4567.5,4571.3,16642
2026-05-19 06:35:00,BOS,long,4576.8,4574.9,4580.0,4574.9,4580.0,16649
2026-05-19 07:00:00,BOS,long,4580.1,4576.7,4585.7,4576.7,4585.7,16655
2026-05-19 07:55:00,MSS,short,4588.2,4591.9,4582.3,4591.9,4582.3,16663
2026-05-19 08:25:00,BOS,short,4582.5,4589.3,4571.6,4589.3,4571.6,16672
2026-05-19 08:50:00,BOS,short,4575.6,4579.8,4568.9,4579.8,4568.9,16674
2026-05-19 09:20:00,BOS,short,4566.3,4571.9,4557.3,4571.9,4557.3,16683
2026-05-19 09:30:00,MSS,long,4560.4,4557.3,4565.3,4557.3,4565.3,16684
2026-05-19 10:10:00,MSS,short,4567.7,4575.8,4554.7,4575.8,4554.7,16688
2026-05-19 10:50:00,BOS,short,4558.2,4562.6,4551.2,4562.6,4551.2,16700
2026-05-19 11:35:00,MSS,long,4553.1,4550.0,4558.2,4550.0,4558.2,16710
2026-05-19 12:00:00,MSS,short,4549.6,4552.8,4544.4,4552.8,4544.4,16714
2026-05-19 12:10:00,BOS,short,4546.2,4548.8,4541.9,4548.8,4541.9,16717
2026-05-19 13:00:00,MSS,long,4543.7,4540.9,4548.2,4540.9,4548.2,16722
2026-05-19 13:20:00,MSS,short,4543.4,4549.8,4533.0,4549.8,4533.0,16730
2026-05-19 14:15:00,MSS,long,4542.9,4536.5,4553.3,4536.5,4553.3,16740
2026-05-19 14:45:00,MSS,short,4552.4,4556.1,4546.3,4556.1,4546.3,16748
2026-05-19 15:05:00,MSS,long,4551.9,4547.5,4558.9,4547.5,4558.9,16752
2026-05-19 15:40:00,MSS,short,4549.8,4553.0,4544.6,4553.0,4544.6,16758
2026-05-19 15:45:00,MSS,long,4549.6,4544.6,4557.8,4544.6,4557.8,16760
2026-05-19 16:20:00,MSS,short,4547.9,4551.5,4542.2,4551.5,4542.2,16767
2026-05-19 18:40:00,BOS,short,4539.6,4546.6,4528.4,4546.6,4528.4,16795
2026-05-19 18:55:00,MSS,long,4535.9,4528.4,4548.1,4528.4,4548.1,16796
2026-05-19 19:50:00,MSS,short,4543.4,4547.1,4537.5,4547.1,4537.5,16808
2026-05-19 21:00:00,BOS,short,4537.6,4545.3,4525.2,4545.3,4525.2,16823
2026-05-19 21:20:00,BOS,short,4520.4,4529.5,4505.6,4529.5,4505.6,16826
2026-05-19 22:00:00,MSS,long,4489.0,4472.5,4515.6,4472.5,4515.6,16832
2026-05-19 22:10:00,MSS,short,4508.5,4517.1,4494.5,4517.1,4494.5,16837
2026-05-19 23:15:00,MSS,long,4499.0,4492.9,4508.9,4492.9,4508.9,16849
2026-05-19 23:55:00,BOS,long,4507.1,4503.7,4512.7,4503.7,4512.7,16857
2026-05-20 00:05:00,MSS,short,4508.7,4513.7,4500.6,4513.7,4500.6,16860
2026-05-20 01:10:00,MSS,long,4511.0,4508.7,4514.6,4508.7,4514.6,16873
2026-05-20 01:20:00,MSS,short,4511.5,4514.7,4506.4,4514.7,4506.4,16875
2026-05-20 01:45:00,BOS,short,4508.8,4512.0,4503.7,4512.0,4503.7,16877
2026-05-20 02:05:00,MSS,long,4504.4,4502.5,4507.4,4502.5,4507.4,16882
2026-05-20 02:20:00,MSS,short,4504.1,4507.4,4498.7,4507.4,4498.7,16885
2026-05-20 03:20:00,BOS,short,4496.4,4500.7,4489.5,4500.7,4489.5,16898
2026-05-20 03:50:00,BOS,short,4490.1,4492.1,4486.9,4492.1,4486.9,16905
2026-05-20 04:35:00,BOS,short,4489.7,4491.7,4486.4,4491.7,4486.4,16912
2026-05-20 04:55:00,BOS,short,4486.7,4487.8,4484.8,4487.8,4484.8,16918
2026-05-20 06:15:00,BOS,short,4486.0,4489.2,4480.8,4489.2,4480.8,16920
2026-05-20 06:30:00,MSS,long,4483.5,4481.3,4487.1,4481.3,4487.1,16925
2026-05-20 07:10:00,BOS,long,4485.5,4482.9,4489.8,4482.9,4489.8,16932
2026-05-20 07:15:00,BOS,long,4486.4,4482.9,4492.0,4482.9,4492.0,16932
2026-05-20 08:20:00,BOS,long,4487.1,4482.5,4494.6,4482.5,4494.6,16945
2026-05-20 09:00:00,MSS,short,4505.2,4513.0,4492.5,4513.0,4492.5,16953
2026-05-20 09:20:00,BOS,short,4496.7,4503.4,4485.8,4503.4,4485.8,16958
2026-05-20 10:30:00,BOS,short,4481.2,4489.3,4468.0,4489.3,4468.0,16972
2026-05-20 10:40:00,BOS,short,4479.1,4489.3,4462.6,4489.3,4462.6,16972
2026-05-20 11:05:00,BOS,short,4463.9,4469.4,4454.9,4469.4,4454.9,16980
2026-05-20 12:00:00,MSS,long,4464.6,4459.8,4472.3,4459.8,4472.3,16989
2026-05-20 12:30:00,MSS,short,4469.2,4472.6,4463.8,4472.6,4463.8,16995
2026-05-20 13:00:00,MSS,long,4464.4,4458.5,4473.9,4458.5,4473.9,17001
2026-05-20 13:30:00,BOS,long,4474.2,4469.5,4481.8,4469.5,4481.8,17009
2026-05-20 13:45:00,MSS,short,4475.5,4481.8,4465.4,4481.8,4465.4,17010
2026-05-20 14:30:00,BOS,short,4476.2,4480.9,4468.7,4480.9,4468.7,17019
2026-05-20 15:05:00,MSS,long,4478.7,4473.9,4486.4,4473.9,4486.4,17027
2026-05-20 16:20:00,BOS,long,4481.9,4477.6,4488.9,4477.6,4488.9,17038
2026-05-20 17:25:00,MSS,short,4481.9,4486.1,4475.2,4486.1,4475.2,17056
2026-05-20 17:50:00,MSS,long,4487.8,4484.3,4493.4,4484.3,4493.4,17061
2026-05-20 19:15:00,MSS,short,4497.1,4499.0,4494.1,4499.0,4494.1,17078
2026-05-20 19:25:00,MSS,long,4497.4,4493.5,4503.7,4493.5,4503.7,17080
2026-05-20 20:30:00,BOS,long,4499.8,4495.2,4507.2,4495.2,4507.2,17092
2026-05-20 21:25:00,MSS,short,4502.6,4509.3,4491.7,4509.3,4491.7,17102
2026-05-20 22:00:00,BOS,short,4490.5,4495.0,4483.2,4495.0,4483.2,17109
2026-05-20 22:15:00,MSS,long,4483.6,4469.3,4506.8,4469.3,4506.8,17114
2026-05-20 23:15:00,BOS,long,4538.3,4526.5,4557.5,4526.5,4557.5,17126
2026-05-21 00:20:00,MSS,short,4534.3,4538.5,4527.5,4538.5,4527.5,17137
2026-05-21 01:05:00,MSS,long,4531.7,4527.0,4539.2,4527.0,4539.2,17141
2026-05-21 01:25:00,MSS,short,4538.1,4540.5,4534.2,4540.5,4534.2,17152
2026-05-21 02:30:00,MSS,long,4538.3,4535.1,4543.5,4535.1,4543.5,17165
2026-05-21 03:15:00,BOS,long,4546.4,4544.7,4549.2,4544.7,4549.2,17173
2026-05-21 03:35:00,BOS,long,4549.1,4546.2,4553.7,4546.2,4553.7,17176
2026-05-21 04:30:00,MSS,short,4550.6,4553.2,4546.4,4553.2,4546.4,17186
2026-05-21 06:05:00,BOS,short,4545.6,4549.2,4539.7,4549.2,4539.7,17196
2026-05-21 07:20:00,BOS,short,4540.0,4541.6,4537.3,4541.6,4537.3,17211
2026-05-21 07:35:00,MSS,long,4539.8,4535.5,4546.8,4535.5,4546.8,17213
2026-05-21 08:15:00,BOS,long,4546.1,4540.7,4554.9,4540.7,4554.9,17220
2026-05-21 09:05:00,BOS,long,4545.8,4541.4,4552.9,4541.4,4552.9,17232
2026-05-21 09:20:00,BOS,long,4552.2,4541.4,4569.8,4541.4,4569.8,17232
2026-05-21 09:50:00,MSS,short,4568.0,4572.5,4560.7,4572.5,4560.7,17240
2026-05-21 11:35:00,BOS,short,4538.6,4542.0,4533.1,4542.0,4533.1,17260
2026-05-21 11:50:00,BOS,short,4534.2,4537.9,4528.1,4537.9,4528.1,17264
2026-05-21 12:20:00,MSS,long,4532.1,4528.1,4538.5,4528.1,4538.5,17266
2026-05-21 12:55:00,BOS,long,4538.1,4536.6,4540.5,4536.6,4540.5,17277
2026-05-21 13:05:00,MSS,short,4538.0,4541.7,4532.0,4541.7,4532.0,17280
2026-05-21 13:25:00,BOS,short,4534.4,4541.7,4522.5,4541.7,4522.5,17280
2026-05-21 13:50:00,MSS,long,4523.6,4519.1,4531.0,4519.1,4531.0,17289
2026-05-21 14:40:00,MSS,short,4534.6,4541.2,4523.8,4541.2,4523.8,17296
2026-05-21 15:25:00,BOS,short,4520.5,4525.0,4513.3,4525.0,4513.3,17308
2026-05-21 16:05:00,MSS,long,4523.5,4519.2,4530.5,4519.2,4530.5,17316
2026-05-21 16:35:00,MSS,short,4534.1,4538.1,4527.7,4538.1,4527.7,17321
2026-05-21 17:10:00,MSS,long,4536.3,4532.9,4541.7,4532.9,4541.7,17329
2026-05-21 17:30:00,MSS,short,4540.3,4543.9,4534.5,4543.9,4534.5,17332
2026-05-21 18:00:00,MSS,long,4532.2,4530.7,4534.7,4530.7,4534.7,17339
2026-05-21 18:25:00,MSS,short,4527.2,4537.3,4510.8,4537.3,4510.8,17341
2026-05-21 19:30:00,BOS,short,4518.1,4522.4,4511.1,4522.4,4511.1,17356
2026-05-21 20:05:00,MSS,long,4514.7,4511.8,4519.5,4511.8,4519.5,17363
2026-05-21 20:15:00,MSS,short,4516.5,4520.3,4510.3,4520.3,4510.3,17366
2026-05-21 21:15:00,BOS,short,4507.3,4513.8,4496.9,4513.8,4496.9,17377
2026-05-21 21:50:00,MSS,long,4501.4,4488.5,4522.2,4488.5,4522.2,17383
2026-05-22 00:00:00,BOS,long,4514.3,4510.5,4520.4,4510.5,4520.4,17411
2026-05-22 01:10:00,BOS,long,4521.9,4515.0,4533.1,4515.0,4533.1,17425
2026-05-22 02:35:00,MSS,short,4549.2,4552.3,4544.1,4552.3,4544.1,17440
2026-05-22 02:45:00,BOS,short,4543.7,4548.6,4535.9,4548.6,4535.9,17444
2026-05-22 03:10:00,MSS,long,4534.3,4531.1,4539.6,4531.1,4539.6,17449
2026-05-22 03:50:00,MSS,short,4541.0,4544.5,4535.4,4544.5,4535.4,17456
2026-05-22 04:55:00,MSS,long,4542.3,4540.8,4544.8,4540.8,4544.8,17470
2026-05-22 06:00:00,BOS,long,4543.6,4540.8,4548.1,4540.8,4548.1,17470
2026-05-22 06:40:00,BOS,long,4542.5,4540.5,4545.7,4540.5,4545.7,17479
2026-05-22 07:15:00,MSS,short,4543.9,4545.2,4541.8,4545.2,4541.8,17486
2026-05-22 08:10:00,BOS,short,4535.3,4537.3,4532.1,4537.3,4532.1,17494
2026-05-22 08:35:00,MSS,long,4535.2,4530.8,4542.2,4530.8,4542.2,17499
2026-05-22 08:50:00,MSS,short,4536.9,4542.2,4528.2,4542.2,4528.2,17503
2026-05-22 09:05:00,BOS,short,4532.5,4537.6,4524.2,4537.6,4524.2,17508
2026-05-22 10:30:00,BOS,short,4526.3,4530.5,4519.6,4530.5,4519.6,17522
2026-05-22 11:40:00,MSS,long,4523.2,4519.9,4528.5,4519.9,4528.5,17537
2026-05-22 12:25:00,BOS,long,4530.4,4528.3,4533.9,4528.3,4533.9,17548
2026-05-22 12:35:00,MSS,short,4531.3,4533.9,4527.1,4533.9,4527.1,17549
2026-05-22 13:00:00,BOS,short,4528.7,4531.2,4524.6,4531.2,4524.6,17554
2026-05-22 13:35:00,MSS,long,4529.4,4525.9,4535.0,4525.9,4535.0,17562
2026-05-22 13:55:00,MSS,short,4525.0,4535.4,4508.3,4535.4,4508.3,17564
2026-05-22 14:25:00,MSS,long,4520.9,4517.1,4527.0,4517.1,4527.0,17571
2026-05-22 15:35:00,MSS,short,4524.2,4528.2,4517.7,4528.2,4517.7,17584
2026-05-22 16:15:00,MSS,long,4521.5,4516.5,4529.6,4516.5,4529.6,17588
2026-05-22 17:10:00,MSS,short,4522.8,4526.2,4517.3,4526.2,4517.3,17605
2026-05-22 17:35:00,MSS,long,4519.0,4515.2,4525.1,4515.2,4525.1,17610
2026-05-22 18:25:00,MSS,short,4533.2,4538.1,4525.4,4538.1,4525.4,17617
2026-05-22 19:00:00,MSS,long,4514.8,4513.1,4517.5,4513.1,4517.5,17627
2026-05-22 19:20:00,MSS,short,4516.2,4518.3,4512.9,4518.3,4512.9,17629
2026-05-22 19:30:00,MSS,long,4514.5,4512.2,4518.3,4512.2,4518.3,17633
2026-05-22 20:10:00,BOS,long,4523.7,4519.0,4531.4,4519.0,4531.4,17640
2026-05-22 20:35:00,MSS,short,4529.1,4537.4,4515.7,4537.4,4515.7,17643
2026-05-22 21:35:00,BOS,short,4524.8,4528.4,4518.9,4528.4,4518.9,17658
2026-05-22 23:05:00,MSS,long,4505.3,4501.0,4512.3,4501.0,4512.3,17675
2026-05-23 00:20:00,BOS,long,4519.3,4517.8,4521.8,4517.8,4521.8,17691
2026-05-23 00:40:00,MSS,short,4522.4,4528.8,4512.1,4528.8,4512.1,17694
2026-05-23 01:25:00,MSS,long,4519.5,4514.5,4527.6,4514.5,4527.6,17704
2026-05-23 02:00:00,MSS,short,4521.0,4525.9,4513.2,4525.9,4513.2,17708
2026-05-23 02:35:00,MSS,long,4518.6,4515.7,4523.3,4515.7,4523.3,17718
2026-05-23 02:45:00,MSS,short,4519.9,4523.3,4514.5,4523.3,4514.5,17719
2026-05-23 03:00:00,BOS,short,4515.5,4518.1,4511.2,4518.1,4511.2,17722
2026-05-23 03:35:00,MSS,long,4508.1,4505.9,4511.6,4505.9,4511.6,17730
2026-05-23 04:20:00,BOS,long,4508.4,4506.2,4511.9,4506.2,4511.9,17736
2026-05-23 04:30:00,MSS,short,4510.2,4511.9,4507.4,4511.9,4507.4,17740
2026-05-25 08:00:00,MSS,long,4531.4,4505.4,4573.5,4505.4,4573.5,17745
2026-05-25 08:45:00,BOS,long,4575.8,4572.2,4581.6,4572.2,4581.6,17756
2026-05-25 08:55:00,MSS,short,4576.0,4581.6,4566.9,4581.6,4566.9,17757
2026-05-25 09:05:00,BOS,short,4571.8,4578.1,4561.5,4578.1,4561.5,17760
2026-05-25 10:05:00,MSS,long,4564.6,4561.7,4569.3,4561.7,4569.3,17771
2026-05-25 10:40:00,BOS,long,4563.8,4559.6,4570.7,4559.6,4570.7,17775
2026-05-25 11:40:00,MSS,short,4562.5,4565.1,4558.4,4565.1,4558.4,17791
2026-05-25 12:25:00,MSS,long,4562.9,4560.5,4566.7,4560.5,4566.7,17798
2026-05-25 13:00:00,BOS,long,4563.0,4560.4,4567.3,4560.4,4567.3,17803
2026-05-25 13:20:00,MSS,short,4563.4,4567.3,4557.1,4567.3,4557.1,17808
2026-05-25 14:20:00,MSS,long,4553.8,4551.3,4557.8,4551.3,4557.8,17821
2026-05-25 14:45:00,BOS,long,4556.7,4554.5,4560.3,4554.5,4560.3,17826
2026-05-25 15:45:00,BOS,long,4557.2,4553.2,4563.6,4553.2,4563.6,17836
2026-05-25 16:20:00,MSS,short,4562.8,4566.7,4556.6,4566.7,4556.6,17842
2026-05-25 17:25:00,MSS,long,4558.1,4556.5,4560.6,4556.5,4560.6,17857
2026-05-25 19:15:00,BOS,long,4572.5,4569.4,4577.5,4569.4,4577.5,17881
2026-05-25 19:35:00,BOS,long,4573.9,4571.2,4578.2,4571.2,4578.2,17885
2026-05-25 20:00:00,MSS,short,4574.0,4579.3,4565.3,4579.3,4565.3,17889
2026-05-25 21:40:00,MSS,long,4564.3,4562.5,4567.3,4562.5,4567.3,17909
2026-05-25 22:00:00,BOS,long,4564.5,4561.7,4569.1,4561.7,4569.1,17913
2026-05-25 22:20:00,BOS,long,4569.9,4568.6,4572.0,4568.6,4572.0,17918
2026-05-25 22:50:00,MSS,short,4569.1,4570.2,4567.2,4570.2,4567.2,17923
2026-05-25 23:10:00,MSS,long,4570.2,4566.9,4575.5,4566.9,4575.5,17929
2026-05-26 00:35:00,BOS,long,4571.2,4569.9,4573.2,4569.9,4573.2,17946
2026-05-26 00:55:00,BOS,long,4572.2,4569.9,4576.0,4569.9,4576.0,17946
2026-05-26 01:30:00,MSS,short,4577.4,4580.6,4572.3,4580.6,4572.3,17954
2026-05-26 02:25:00,MSS,long,4571.2,4569.8,4573.5,4569.8,4573.5,17968
2026-05-26 06:05:00,BOS,long,4571.5,4569.6,4574.7,4569.6,4574.7,17969
2026-05-26 06:30:00,MSS,short,4575.6,4577.3,4572.8,4577.3,4572.8,17975
2026-05-26 06:50:00,MSS,long,4574.0,4571.2,4578.4,4571.2,4578.4,17977
2026-05-26 07:10:00,BOS,long,4578.1,4575.7,4582.0,4575.7,4582.0,17982
2026-05-26 07:25:00,MSS,short,4577.8,4583.2,4569.1,4583.2,4569.1,17985
2026-05-26 08:00:00,BOS,short,4559.4,4564.9,4550.4,4564.9,4550.4,17993
2026-05-26 08:15:00,BOS,short,4549.7,4554.4,4542.2,4554.4,4542.2,17996
2026-05-26 08:50:00,BOS,short,4547.7,4552.6,4539.9,4552.6,4539.9,18003
2026-05-26 09:30:00,BOS,short,4545.3,4550.1,4537.6,4550.1,4537.6,18008
2026-05-26 10:05:00,MSS,long,4539.9,4539.9,4539.9,4539.9,4539.9,18004
2026-05-26 10:30:00,MSS,short,4538.1,4540.1,4534.8,4540.1,4534.8,18023
2026-05-26 10:45:00,BOS,short,4536.5,4539.5,4531.6,4539.5,4531.6,18025
2026-05-26 11:20:00,MSS,long,4535.9,4530.7,4544.4,4530.7,4544.4,18028
2026-05-26 12:00:00,MSS,short,4543.0,4544.3,4541.0,4544.3,4541.0,18040
2026-05-26 13:05:00,MSS,long,4526.2,4523.3,4530.9,4523.3,4530.9,18054
2026-05-26 13:30:00,BOS,long,4531.2,4529.2,4534.5,4529.2,4534.5,18059
2026-05-26 13:45:00,MSS,short,4532.1,4535.5,4526.6,4535.5,4526.6,18061
2026-05-26 14:20:00,MSS,long,4531.7,4529.5,4535.2,4529.5,4535.2,18068
2026-05-26 15:05:00,MSS,short,4531.8,4534.3,4527.8,4534.3,4527.8,18078
2026-05-26 15:45:00,MSS,long,4526.3,4521.7,4533.8,4521.7,4533.8,18085
2026-05-26 17:10:00,MSS,short,4523.1,4525.4,4519.3,4525.4,4519.3,18103
2026-05-26 17:35:00,BOS,short,4522.7,4526.7,4516.2,4526.7,4516.2,18107
2026-05-26 18:10:00,MSS,long,4524.4,4519.4,4532.6,4519.4,4532.6,18115
2026-05-26 19:10:00,MSS,short,4535.2,4537.0,4532.2,4537.0,4532.2,18127
2026-05-26 20:35:00,BOS,short,4510.5,4516.2,4501.3,4516.2,4501.3,18141
2026-05-26 20:45:00,MSS,long,4508.3,4500.3,4521.3,4500.3,4521.3,18144
2026-05-26 21:50:00,MSS,short,4524.9,4532.2,4513.0,4532.2,4513.0,18158
2026-05-26 22:10:00,BOS,short,4516.4,4521.3,4508.4,4521.3,4508.4,18163
2026-05-26 22:35:00,MSS,long,4515.0,4508.4,4525.6,4508.4,4525.6,18164
2026-05-26 23:20:00,MSS,short,4517.8,4525.6,4505.2,4525.6,4505.2,18169
2026-05-26 23:50:00,MSS,long,4505.7,4502.3,4511.2,4502.3,4511.2,18181
2026-05-27 00:10:00,MSS,short,4506.5,4511.2,4498.8,4511.2,4498.8,18184
2026-05-27 01:25:00,BOS,short,4504.5,4506.9,4500.5,4506.9,4500.5,18202
2026-05-27 01:55:00,BOS,short,4495.9,4501.2,4487.2,4501.2,4487.2,18208
2026-05-27 03:00:00,MSS,long,4488.0,4480.1,4500.8,4480.1,4500.8,18211
2026-05-27 06:05:00,MSS,short,4506.6,4508.5,4503.4,4508.5,4503.4,18245
2026-05-27 06:30:00,BOS,short,4507.0,4510.9,4500.8,4510.9,4500.8,18250
2026-05-27 06:50:00,MSS,long,4503.0,4500.0,4507.8,4500.0,4507.8,18255
2026-05-27 07:30:00,BOS,long,4509.3,4504.6,4516.8,4504.6,4516.8,18262
2026-05-27 08:20:00,MSS,short,4521.9,4525.8,4515.6,4525.8,4515.6,18270
2026-05-27 08:55:00,BOS,short,4518.9,4522.0,4514.0,4522.0,4514.0,18279
2026-05-27 09:10:00,MSS,long,4515.2,4512.0,4520.5,4512.0,4520.5,18283
2026-05-27 09:30:00,MSS,short,4517.7,4520.7,4512.9,4520.7,4512.9,18286
2026-05-27 10:35:00,BOS,short,4503.0,4505.3,4499.3,4505.3,4499.3,18299
2026-05-27 11:00:00,MSS,long,4502.0,4497.3,4509.7,4497.3,4509.7,18303
2026-05-27 11:55:00,MSS,short,4501.2,4504.7,4495.5,4504.7,4495.5,18315
2026-05-27 12:25:00,BOS,short,4500.7,4502.2,4498.3,4502.2,4498.3,18322
2026-05-27 12:40:00,MSS,long,4500.8,4496.8,4507.2,4496.8,4507.2,18324
2026-05-27 13:10:00,MSS,short,4504.3,4502.2,4507.7,4502.2,4507.7,18322
2026-05-27 13:30:00,BOS,short,4501.6,4507.4,4492.3,4507.4,4492.3,18335
2026-05-27 14:15:00,BOS,short,4494.7,4500.5,4485.4,4500.5,4485.4,18340
2026-05-27 15:10:00,BOS,short,4484.7,4487.9,4479.4,4487.9,4479.4,18354
2026-05-27 15:45:00,BOS,short,4483.6,4487.9,4476.7,4487.9,4476.7,18360
2026-05-27 16:15:00,MSS,long,4485.0,4482.3,4489.4,4482.3,4489.4,18368
2026-05-27 16:40:00,BOS,long,4488.7,4484.7,4495.2,4484.7,4495.2,18372
2026-05-27 17:50:00,BOS,long,4488.6,4486.8,4491.6,4486.8,4491.6,18386
2026-05-27 18:00:00,MSS,short,4488.8,4492.0,4483.6,4492.0,4483.6,18389
2026-05-27 19:25:00,BOS,short,4444.7,4449.8,4436.5,4449.8,4436.5,18405
2026-05-27 19:55:00,BOS,short,4434.4,4442.0,4422.1,4442.0,4422.1,18411
2026-05-27 20:15:00,MSS,long,4436.0,4426.2,4451.8,4426.2,4451.8,18416
2026-05-27 21:05:00,MSS,short,4443.0,4463.8,4409.3,4463.8,4409.3,18418
2026-05-27 21:25:00,BOS,short,4411.3,4419.2,4398.4,4419.2,4398.4,18429
2026-05-27 21:30:00,MSS,long,4407.5,4398.4,4422.2,4398.4,4422.2,18431
2026-05-27 22:45:00,MSS,short,4447.4,4454.0,4436.6,4454.0,4436.6,18442
2026-05-28 00:20:00,MSS,long,4436.4,4432.5,4442.8,4432.5,4442.8,18463
2026-05-28 01:00:00,MSS,short,4449.1,4451.4,4445.5,4451.4,4445.5,18472
2026-05-28 01:05:00,BOS,short,4447.3,4451.4,4440.6,4451.4,4440.6,18472
2026-05-28 01:25:00,MSS,long,4443.5,4439.7,4449.7,4439.7,4449.7,18476
2026-05-28 02:00:00,MSS,short,4450.8,4452.9,4447.3,4452.9,4447.3,18485
2026-05-28 02:20:00,MSS,long,4450.2,4446.0,4457.0,4446.0,4457.0,18487
2026-05-28 03:15:00,MSS,short,4451.4,4453.5,4447.9,4453.5,4447.9,18497
2026-05-28 03:35:00,MSS,long,4450.2,4448.1,4453.6,4448.1,4453.6,18504
2026-05-28 04:10:00,BOS,long,4450.1,4447.7,4453.9,4447.7,4453.9,18509
2026-05-28 06:05:00,BOS,long,4453.4,4449.9,4459.0,4449.9,4459.0,18518
2026-05-28 06:30:00,MSS,short,4456.6,4459.4,4452.2,4459.4,4452.2,18526
2026-05-28 07:05:00,BOS,short,4452.9,4455.0,4449.4,4455.0,4449.4,18534
2026-05-28 07:20:00,BOS,short,4450.2,4451.8,4447.5,4451.8,4447.5,18537
2026-05-28 07:45:00,BOS,short,4448.4,4450.8,4444.5,4450.8,4444.5,18541
2026-05-28 08:25:00,BOS,short,4447.9,4450.8,4443.3,4450.8,4443.3,18541
2026-05-28 08:45:00,MSS,long,4449.6,4447.8,4452.4,4447.8,4452.4,18554
2026-05-28 08:55:00,BOS,long,4452.1,4450.2,4455.3,4450.2,4455.3,18556
2026-05-28 09:00:00,MSS,short,4451.0,4455.3,4444.0,4455.3,4444.0,18557
2026-05-28 10:00:00,BOS,short,4435.4,4455.3,4403.3,4455.3,4403.3,18557
2026-05-28 10:45:00,BOS,short,4401.4,4406.6,4393.1,4406.6,4393.1,18576
2026-05-28 11:15:00,BOS,short,4388.8,4394.5,4379.6,4394.5,4379.6,18583
2026-05-28 12:05:00,MSS,long,4370.7,4366.1,4378.1,4366.1,4378.1,18593
2026-05-28 12:25:00,MSS,short,4373.1,4378.1,4364.9,4378.1,4364.9,18595
2026-05-28 12:55:00,MSS,long,4368.3,4366.7,4371.0,4366.7,4371.0,18604
2026-05-28 13:10:00,BOS,long,4367.7,4365.1,4372.0,4365.1,4372.0,18607
2026-05-28 15:00:00,BOS,long,4379.0,4374.5,4386.2,4374.5,4386.2,18626
2026-05-28 15:15:00,BOS,long,4387.3,4385.6,4390.0,4385.6,4390.0,18631
2026-05-28 15:40:00,MSS,short,4389.8,4393.7,4383.6,4393.7,4383.6,18633
2026-05-28 15:50:00,BOS,short,4385.6,4387.0,4383.3,4387.0,4383.3,18638
2026-05-28 16:05:00,MSS,long,4384.4,4381.4,4389.2,4381.4,4389.2,18640
2026-05-28 16:55:00,MSS,short,4386.0,4387.6,4383.3,4387.6,4383.3,18650
2026-05-28 17:00:00,MSS,long,4385.1,4383.3,4388.1,4383.3,4388.1,18651
2026-05-28 18:05:00,BOS,long,4393.9,4390.7,4399.1,4390.7,4399.1,18664
2026-05-28 18:35:00,MSS,short,4398.2,4400.0,4395.3,4400.0,4395.3,18669
2026-05-28 18:40:00,BOS,short,4394.4,4400.0,4385.4,4400.0,4385.4,18669
2026-05-28 19:15:00,MSS,long,4385.6,4384.0,4388.3,4384.0,4388.3,18677
2026-05-28 19:25:00,MSS,short,4386.1,4388.3,4382.6,4388.3,4382.6,18678
2026-05-28 19:50:00,BOS,short,4384.8,4388.0,4379.5,4388.0,4379.5,18683
2026-05-28 20:00:00,MSS,long,4383.1,4379.5,4389.0,4379.5,4389.0,18685
2026-05-28 20:15:00,MSS,short,4389.1,4391.0,4386.0,4391.0,4386.0,18688
2026-05-28 20:35:00,MSS,long,4386.3,4377.8,4400.0,4377.8,4400.0,18691
2026-05-28 21:30:00,MSS,short,4425.9,4431.6,4416.6,4431.6,4416.6,18703
2026-05-28 22:05:00,MSS,long,4426.5,4418.1,4440.0,4418.1,4440.0,18711
2026-05-28 22:40:00,BOS,long,4459.0,4452.8,4469.0,4452.8,4469.0,18718
2026-05-28 23:35:00,BOS,long,4472.8,4466.9,4482.3,4466.9,4482.3,18727
2026-05-29 00:15:00,BOS,long,4484.7,4478.7,4494.4,4478.7,4494.4,18737
2026-05-29 00:40:00,BOS,long,4497.7,4495.1,4501.9,4495.1,4501.9,18741
2026-05-29 00:50:00,BOS,long,4500.6,4496.7,4506.8,4496.7,4506.8,18743
2026-05-29 01:10:00,MSS,short,4507.9,4511.5,4502.1,4511.5,4502.1,18747
2026-05-29 01:45:00,MSS,long,4503.7,4501.9,4506.5,4501.9,4506.5,18753
2026-05-29 02:25:00,MSS,short,4506.6,4507.6,4504.9,4507.6,4504.9,18759
2026-05-29 02:35:00,BOS,short,4504.4,4507.6,4499.2,4507.6,4499.2,18759
2026-05-29 03:45:00,BOS,short,4498.6,4499.6,4497.1,4499.6,4497.1,18768
2026-05-29 04:40:00,BOS,short,4495.1,4496.2,4493.3,4496.2,4493.3,18774
2026-05-29 04:55:00,BOS,short,4495.0,4496.2,4493.0,4496.2,4493.0,18774
2026-05-29 08:15:00,MSS,long,4494.4,4493.0,4496.7,4493.0,4496.7,18777
2026-05-29 16:50:00,BOS,long,4508.8,4506.3,4512.9,4506.3,4512.9,18783
2026-05-29 21:45:00,BOS,long,4524.1,4518.0,4534.0,4518.0,4534.0,18786
2026-06-01 12:45:00,MSS,short,4561.5,4592.5,4511.3,4592.5,4511.3,18793
2026-06-01 14:20:00,BOS,short,4513.9,4520.9,4502.5,4520.9,4502.5,18806
2026-06-01 16:00:00,BOS,short,4501.5,4503.9,4497.6,4503.9,4497.6,18811
2026-06-01 19:20:00,MSS,long,4502.6,4497.6,4510.8,4497.6,4510.8,18812
2026-06-01 21:05:00,MSS,short,4505.6,4510.8,4497.1,4510.8,4497.1,18813
