signal_time,entry_time,exit_time,kind,direction,entry,sl,final_sl,tp,break_even_moved,break_even_time,exit_price,exit_reason,points,dollars,bars_held
2025-10-30 08:45:00,2025-10-30 09:08:00,2025-10-30 10:10:00,EXTEND,short,3970.6,3977.0,3977.0,3941.2,False,,3941.2,TP,29.4,290.14,62
2025-10-30 11:00:00,2025-10-30 11:21:00,2025-10-30 12:02:00,EXTEND,short,3941.2,3953.9,3953.9,3920.8,False,,3953.9,SL,-12.7,-131.0,41
2025-10-30 13:30:00,2025-10-30 13:52:00,2025-10-30 17:00:00,EXTEND,short,3981.1,3991.5,3991.5,3950.6,False,,3991.5,SL,-10.4,-108.0,188
2025-10-30 20:00:00,2025-10-30 20:05:00,2025-10-30 20:15:00,MSS,long,3992.5,3982.0,3982.0,3997.0,False,,3997.0,TP,4.5,40.86,10
2025-10-30 20:30:00,2025-10-30 20:37:00,2025-10-30 20:58:00,EXTEND,short,3985.8,3997.7,3997.7,3972.4,False,,3972.4,TP,13.4,129.73,21
2025-10-30 21:00:00,2025-10-30 21:07:00,2025-10-30 21:46:00,EXTEND,short,3984.7,3992.8,3992.8,3964.5,False,,3992.8,SL,-8.1,-85.0,39
2025-10-30 23:10:00,2025-10-30 23:27:00,2025-10-31 01:41:00,BOS,long,4010.9,4001.5,4001.5,4023.1,False,,4023.1,TP,12.2,117.9,134
2025-10-31 01:45:00,2025-10-31 02:07:00,2025-10-31 03:18:00,EXTEND,long,4017.3,4007.8,4007.8,4038.3,False,,4038.3,TP,21.0,205.8,71
2025-10-31 06:55:00,2025-10-31 07:06:00,2025-10-31 07:13:00,EXTEND,long,4047.6,4034.9,4034.9,4066.4,False,,4034.9,SL,-12.7,-131.0,7
2025-10-31 08:25:00,2025-10-31 08:38:00,2025-10-31 09:00:00,MSS,short,4038.9,4047.2,4047.2,4035.3,False,,4035.3,TP,3.6,32.38,22
2025-10-31 09:05:00,2025-10-31 09:10:00,2025-10-31 09:54:00,MSS,long,4050.6,4031.4,4031.4,4053.4,False,,4031.4,SL,-19.2,-196.0,44
2025-10-31 10:40:00,2025-10-31 10:54:00,2025-10-31 11:13:00,EXTEND,short,4023.6,4032.8,4032.8,4008.7,False,,4008.7,TP,14.9,145.3,19
2025-10-31 11:35:00,2025-10-31 11:47:00,2025-10-31 11:55:00,MSS,long,4009.6,4007.3,4007.3,4018.3,False,,4007.3,SL,-2.3,-27.0,8
2025-10-31 12:25:00,2025-10-31 12:30:00,2025-10-31 12:31:00,MSS,long,4014.4,4001.8,4001.8,4017.5,False,,4017.5,TP,3.1,27.48,1
2025-10-31 13:05:00,2025-10-31 13:14:00,2025-10-31 14:06:00,MSS,short,4009.0,4023.5,4023.5,4004.4,False,,4023.5,SL,-14.5,-149.0,52
2025-10-31 15:05:00,2025-10-31 15:13:00,2025-10-31 15:21:00,EXTEND,long,4024.3,4017.0,4017.0,4032.5,False,,4032.5,TP,8.2,77.94,8
2025-10-31 15:30:00,2025-10-31 15:46:00,2025-10-31 16:54:00,EXTEND,long,4027.4,4019.2,4019.2,4041.4,False,,4019.2,SL,-8.2,-86.0,68
2025-11-03 07:00:00,2025-11-03 07:18:00,2025-11-03 08:13:00,MSS,short,4002.3,4019.0,4019.0,3984.8,False,,3984.8,TP,17.5,170.63,55
2025-11-03 09:05:00,2025-11-03 09:10:00,2025-11-03 09:17:00,MSS,long,3996.2,3974.7,3974.7,4001.4,False,,4001.4,TP,5.2,47.7,7
2025-11-03 11:00:00,2025-11-03 11:09:00,2025-11-03 13:04:00,BOS,long,4016.3,4008.4,4008.4,4026.2,False,,4008.4,SL,-7.9,-83.0,115
2025-11-03 13:05:00,2025-11-03 13:14:00,2025-11-03 13:25:00,EXTEND,short,4017.1,4018.5,4018.5,4003.9,False,,4018.5,SL,-1.4,-18.0,11
2025-11-03 14:20:00,2025-11-03 14:39:00,2025-11-03 15:02:00,EXTEND,long,4026.8,4020.7,4020.7,4032.4,False,,4032.4,TP,5.6,51.84,23
2025-11-03 15:10:00,2025-11-03 15:17:00,2025-11-03 15:50:00,MSS,short,4023.8,4034.1,4034.1,4022.0,False,,4034.1,SL,-10.3,-107.0,33
2025-11-03 15:50:00,2025-11-03 16:00:00,2025-11-03 16:05:00,BOS,long,4037.1,4031.0,4031.0,4038.4,False,,4038.4,TP,1.3,8.66,5
2025-11-03 16:10:00,2025-11-03 16:15:00,2025-11-03 16:21:00,MSS,short,4030.2,4038.9,4038.9,4029.2,False,,4029.2,TP,1.0,5.52,6
2025-11-03 17:05:00,2025-11-03 17:18:00,2025-11-03 17:25:00,EXTEND,long,4028.6,4023.4,4023.4,4040.5,False,,4023.4,SL,-5.2,-56.0,7
2025-11-03 20:05:00,2025-11-03 20:15:00,2025-11-03 20:21:00,EXTEND,short,4018.3,4020.8,4020.8,4015.1,False,,4015.1,TP,3.2,28.15,6
2025-11-03 20:20:00,2025-11-03 20:29:00,2025-11-03 20:33:00,EXTEND,short,4016.6,4020.8,4020.8,4011.1,False,,4020.8,SL,-4.2,-46.0,4
2025-11-03 21:20:00,2025-11-03 21:32:00,2025-11-03 22:28:00,EXTEND,long,4026.8,4023.6,4023.6,4034.9,False,,4023.6,SL,-3.2,-36.0,56
2025-11-03 22:30:00,2025-11-03 22:37:00,2025-11-03 22:48:00,EXTEND,short,4019.0,4032.6,4032.6,4006.9,False,,4032.6,SL,-13.6,-140.0,11
2025-11-03 23:10:00,2025-11-03 23:32:00,2025-11-04 00:16:00,EXTEND,long,4023.6,4012.4,4012.4,4051.8,False,,4012.4,SL,-11.2,-116.0,44
2025-11-04 01:10:00,2025-11-04 01:15:00,2025-11-04 01:20:00,EXTEND,short,4018.6,4022.5,4022.5,4013.0,False,,4022.5,SL,-3.9,-43.0,5
2025-11-04 07:05:00,2025-11-04 07:12:00,2025-11-04 07:13:00,MSS,short,4005.7,4017.9,4017.9,4000.5,False,,4000.5,TP,5.2,47.99,1
2025-11-04 07:10:00,2025-11-04 07:39:00,2025-11-04 13:45:00,EXTEND,short,4007.2,4017.9,4017.9,3982.5,False,,3982.5,TP,24.7,243.33,366
2025-11-04 13:45:00,2025-11-04 13:51:00,2025-11-04 14:07:00,EXTEND,short,3986.0,3996.1,3996.1,3976.9,False,,3976.9,TP,9.1,86.77,16
2025-11-04 14:05:00,2025-11-04 14:20:00,2025-11-04 14:47:00,EXTEND,short,3982.7,3990.4,3990.4,3971.0,False,,3990.4,SL,-7.7,-81.0,27
2025-11-04 16:00:00,2025-11-04 16:07:00,2025-11-04 16:13:00,BOS,long,4007.5,4002.7,4002.7,4010.2,False,,4002.7,SL,-4.8,-52.0,6
2025-11-04 16:15:00,2025-11-04 16:24:00,2025-11-04 16:26:00,EXTEND,short,4005.9,4010.0,4010.0,3998.2,False,,4010.0,SL,-4.1,-45.0,2
2025-11-04 17:05:00,2025-11-04 17:14:00,2025-11-04 17:57:00,MSS,short,4002.1,4010.9,4010.9,4000.1,False,,4000.1,TP,2.0,15.95,43
2025-11-04 18:00:00,2025-11-04 18:18:00,2025-11-04 19:50:00,EXTEND,short,4004.2,4010.3,4010.3,3991.5,False,,4010.3,SL,-6.1,-65.0,92
2025-11-04 19:50:00,2025-11-04 19:58:00,2025-11-04 20:25:00,EXTEND,long,4006.3,4002.6,4002.6,4012.9,False,,4002.6,SL,-3.7,-41.0,27
2025-11-04 21:10:00,2025-11-04 21:16:00,2025-11-04 21:28:00,MSS,long,4004.9,3992.8,3992.8,4010.1,False,,3992.8,SL,-12.1,-125.0,12
2025-11-04 22:05:00,2025-11-04 22:18:00,2025-11-04 22:29:00,EXTEND,short,3984.0,3988.9,3988.9,3969.1,False,,3969.1,TP,14.9,145.12,11
2025-11-04 22:40:00,2025-11-04 23:01:00,2025-11-05 16:05:00,EXTEND,short,3963.4,3987.5,3987.5,3923.2,False,,3987.5,SL,-24.1,-245.0,964
2025-11-05 18:00:00,2025-11-05 18:06:00,2025-11-05 18:07:00,MSS,short,3968.5,3983.1,3983.1,3967.7,False,,3967.7,TP,0.8,3.67,1
2025-11-05 18:20:00,2025-11-05 18:37:00,2025-11-05 18:47:00,MSS,long,3975.7,3969.6,3969.6,3978.6,False,,3978.6,TP,2.9,25.17,10
2025-11-05 18:50:00,2025-11-05 18:56:00,2025-11-05 19:21:00,MSS,short,3970.3,3979.6,3979.6,3968.3,False,,3968.3,TP,2.0,16.03,25
2025-11-05 19:25:00,2025-11-05 19:48:00,2025-11-05 20:22:00,EXTEND,short,3974.0,3978.1,3978.1,3963.4,False,,3978.1,SL,-4.1,-45.0,34
2025-11-05 21:10:00,2025-11-05 21:20:00,2025-11-05 21:25:00,EXTEND,long,3980.3,3972.5,3972.5,3987.5,False,,3987.5,TP,7.2,67.86,5
2025-11-05 21:55:00,2025-11-05 22:04:00,2025-11-05 22:22:00,EXTEND,long,3987.2,3980.5,3980.5,3991.9,False,,3991.9,TP,4.7,43.3,18
2025-11-05 22:40:00,2025-11-05 22:47:00,2025-11-05 22:48:00,MSS,short,3983.6,3995.6,3995.6,3982.8,False,,3982.8,TP,0.8,4.27,1
2025-11-05 23:00:00,2025-11-05 23:10:00,2025-11-06 00:46:00,EXTEND,short,3980.7,3995.6,3995.6,3967.3,False,,3995.6,SL,-14.9,-153.0,96
2025-11-06 02:20:00,2025-11-06 02:39:00,2025-11-06 02:42:00,EXTEND,long,3989.9,3988.5,3988.5,3998.0,False,,3988.5,SL,-1.4,-18.0,3
2025-11-06 07:50:00,2025-11-06 08:07:00,2025-11-06 09:07:00,EXTEND,long,3980.7,3978.0,3978.0,3989.7,False,,3978.0,SL,-2.7,-31.0,60
2025-11-06 09:05:00,2025-11-06 09:28:00,2025-11-06 10:03:00,MSS,short,3980.6,3986.1,3986.1,3969.6,False,,3986.1,SL,-5.5,-59.0,35
2025-11-06 10:40:00,2025-11-06 10:52:00,2025-11-06 11:34:00,EXTEND,long,3992.0,3984.7,3984.7,3996.5,False,,3996.5,TP,4.5,41.11,42
2025-11-06 13:05:00,2025-11-06 13:10:00,2025-11-06 14:44:00,EXTEND,long,3995.7,3993.3,3993.3,4000.3,False,,3993.3,SL,-2.4,-28.0,94
2025-11-06 18:00:00,2025-11-06 18:07:00,2025-11-06 18:25:00,MSS,short,4017.2,4022.7,4022.7,4015.0,False,,4015.0,TP,2.2,18.47,18
2025-11-06 18:30:00,2025-11-06 18:47:00,2025-11-06 18:55:00,BOS,short,4015.4,4018.5,4018.5,4012.3,False,,4018.5,SL,-3.1,-35.0,8
2025-11-06 19:00:00,2025-11-06 19:26:00,2025-11-06 19:32:00,MSS,long,4018.5,4014.3,4014.3,4021.5,False,,4021.5,TP,3.0,26.39,6
2025-11-06 20:50:00,2025-11-06 21:09:00,2025-11-06 21:21:00,BOS,short,4019.6,4023.9,4023.9,4008.9,False,,4023.9,SL,-4.3,-47.0,12
2025-11-07 01:25:00,2025-11-07 01:53:00,2025-11-07 01:54:00,EXTEND,short,3993.8,3993.9,3993.9,3967.6,False,,3994.1,SL,-0.3,-7.0,1
2025-11-07 03:10:00,2025-11-07 03:38:00,2025-11-07 03:47:00,BOS,long,3999.3,3994.3,3994.3,4006.2,False,,3994.3,SL,-5.0,-54.0,9
2025-11-07 07:00:00,2025-11-07 07:12:00,2025-11-07 07:16:00,EXTEND,short,3989.0,3989.8,3989.8,3979.3,False,,3989.8,SL,-0.8,-12.0,4
2025-11-07 08:15:00,2025-11-07 08:20:00,2025-11-07 08:30:00,MSS,long,3999.6,3991.6,3991.6,4000.1,False,,4000.1,TP,0.5,1.09,10
2025-11-07 09:00:00,2025-11-07 09:05:00,2025-11-07 09:06:00,MSS,long,4002.5,3995.2,3995.2,4002.3,False,,4002.3,TP,-0.2,-5.88,1
2025-11-07 10:10:00,2025-11-07 10:15:00,2025-11-07 10:16:00,MSS,short,4005.0,4011.2,4011.2,4003.6,False,,4003.6,TP,1.4,10.2,1
2025-11-07 10:35:00,2025-11-07 10:51:00,2025-11-07 11:04:00,MSS,long,4003.3,3998.8,3998.8,4008.6,False,,3998.8,SL,-4.5,-49.0,13
2025-11-07 11:10:00,2025-11-07 11:39:00,2025-11-07 12:22:00,EXTEND,short,3999.7,4004.8,4004.8,3992.7,False,,4004.8,SL,-5.1,-55.0,43
2025-11-07 12:35:00,2025-11-07 12:43:00,2025-11-07 12:50:00,EXTEND,short,4002.8,4005.2,4005.2,3999.7,False,,4005.2,SL,-2.4,-28.0,7
2025-11-07 13:00:00,2025-11-07 13:19:00,2025-11-07 13:22:00,EXTEND,long,4004.4,4002.1,4002.1,4007.4,False,,4002.1,SL,-2.3,-27.0,3
2025-11-07 13:25:00,2025-11-07 13:44:00,2025-11-07 14:23:00,EXTEND,short,4003.8,4006.3,4006.3,3996.8,False,,4006.3,SL,-2.5,-29.0,39
2025-11-07 16:00:00,2025-11-07 16:06:00,2025-11-07 17:00:00,EXTEND,long,4014.9,4010.2,4010.2,4019.0,False,,4019.0,TP,4.1,36.63,54
2025-11-07 17:15:00,2025-11-07 17:24:00,2025-11-07 17:33:00,BOS,long,4019.6,4016.1,4016.1,4024.1,False,,4016.1,SL,-3.5,-39.0,9
2025-11-07 18:25:00,2025-11-07 18:35:00,2025-11-07 19:03:00,EXTEND,long,4013.4,4010.3,4010.3,4019.1,False,,4019.1,TP,5.7,52.63,28
2025-11-07 19:00:00,2025-11-07 19:10:00,2025-11-07 19:14:00,BOS,long,4015.8,4010.9,4010.9,4022.3,False,,4010.9,SL,-4.9,-53.0,4
2025-11-07 19:40:00,2025-11-07 19:55:00,2025-11-07 20:04:00,EXTEND,short,4009.6,4015.6,4015.6,3997.3,False,,4015.6,SL,-6.0,-64.0,9
2025-11-07 20:05:00,2025-11-07 20:34:00,2025-11-07 20:49:00,MSS,long,4005.9,4001.2,4001.2,4021.1,False,,4001.2,SL,-4.7,-51.0,15
2025-11-10 08:45:00,2025-11-10 08:56:00,2025-11-10 09:11:00,MSS,long,4028.9,4019.3,4019.3,4035.4,False,,4035.4,TP,6.5,61.29,15
2025-11-10 10:10:00,2025-11-10 10:19:00,2025-11-10 10:57:00,EXTEND,short,4053.6,4056.0,4056.0,4043.7,False,,4056.0,SL,-2.4,-28.0,38
2025-11-10 11:40:00,2025-11-10 11:52:00,2025-11-10 12:09:00,EXTEND,long,4057.0,4053.0,4053.0,4064.0,False,,4064.0,TP,7.0,66.49,17
2025-11-10 12:10:00,2025-11-10 12:48:00,2025-11-10 13:30:00,EXTEND,long,4061.5,4055.7,4055.7,4068.7,False,,4068.7,TP,7.2,67.54,42
2025-11-10 14:35:00,2025-11-10 14:49:00,2025-11-10 16:07:00,EXTEND,long,4081.7,4074.8,4074.8,4090.7,False,,4090.7,TP,9.0,85.75,78
2025-11-10 16:05:00,2025-11-10 16:17:00,2025-11-10 17:15:00,BOS,long,4086.5,4081.7,4081.7,4094.7,False,,4081.7,SL,-4.8,-52.0,58
2025-11-10 17:15:00,2025-11-10 17:21:00,2025-11-10 17:35:00,EXTEND,short,4085.4,4091.2,4091.2,4076.3,False,,4091.2,SL,-5.8,-62.0,14
2025-11-10 17:40:00,2025-11-10 18:01:00,2025-11-10 20:17:00,EXTEND,long,4087.8,4079.5,4079.5,4099.4,False,,4099.4,TP,11.6,112.39,136
2025-11-10 21:40:00,2025-11-10 21:45:00,2025-11-10 21:52:00,EXTEND,short,4105.0,4113.6,4113.6,4100.6,False,,4100.6,TP,4.4,39.54,7
2025-11-10 22:35:00,2025-11-10 22:48:00,2025-11-10 23:01:00,EXTEND,short,4088.6,4097.0,4097.0,4078.6,False,,4097.0,SL,-8.4,-88.0,13
2025-11-10 23:45:00,2025-11-10 23:55:00,2025-11-11 00:08:00,BOS,short,4091.4,4096.0,4096.0,4081.6,False,,4096.0,SL,-4.6,-50.0,13
2025-11-11 01:40:00,2025-11-11 01:48:00,2025-11-11 01:49:00,MSS,short,4103.7,4106.4,4106.4,4100.8,False,,4106.4,SL,-2.7,-31.0,1
2025-11-11 02:50:00,2025-11-11 03:15:00,2025-11-11 05:53:00,EXTEND,short,4120.2,4123.9,4123.9,4110.2,False,,4123.9,SL,-3.7,-41.0,158
2025-11-11 07:10:00,2025-11-11 07:21:00,2025-11-11 08:26:00,EXTEND,long,4127.2,4121.6,4121.6,4129.7,False,,4129.7,TP,2.5,21.28,65
2025-11-11 09:30:00,2025-11-11 09:48:00,2025-11-11 11:16:00,EXTEND,long,4141.5,4133.7,4133.7,4151.1,False,,4151.1,TP,9.6,91.99,88
2025-11-11 12:10:00,2025-11-11 12:17:00,2025-11-11 13:04:00,MSS,short,4148.3,4154.9,4154.9,4146.4,False,,4146.4,TP,1.9,15.09,47
2025-11-11 13:05:00,2025-11-11 13:21:00,2025-11-11 13:34:00,EXTEND,short,4144.9,4152.4,4152.4,4138.7,False,,4138.7,TP,6.2,58.16,13
2025-11-11 13:35:00,2025-11-11 13:57:00,2025-11-11 17:05:00,EXTEND,short,4138.7,4148.7,4148.7,4126.6,False,,4148.7,SL,-10.0,-104.0,188
2025-11-11 17:35:00,2025-11-11 17:48:00,2025-11-11 18:00:00,EXTEND,long,4151.9,4147.3,4147.3,4153.3,False,,4147.3,SL,-4.6,-50.0,12
2025-11-11 18:05:00,2025-11-11 18:20:00,2025-11-11 20:53:00,EXTEND,short,4147.5,4152.5,4152.5,4141.1,False,,4141.1,TP,6.4,60.3,153
2025-11-11 20:55:00,2025-11-11 21:15:00,2025-11-11 21:22:00,EXTEND,short,4145.0,4148.4,4148.4,4136.8,False,,4148.4,SL,-3.4,-38.0,7
2025-11-11 21:35:00,2025-11-11 21:45:00,2025-11-11 22:05:00,EXTEND,long,4149.5,4144.6,4144.6,4155.8,False,,4144.6,SL,-4.9,-53.0,20
2025-11-11 22:45:00,2025-11-11 22:59:00,2025-11-11 23:19:00,BOS,short,4131.1,4139.6,4139.6,4122.1,False,,4122.1,TP,9.0,86.26,20
2025-11-12 01:30:00,2025-11-12 01:54:00,2025-11-12 02:32:00,BOS,short,4120.2,4123.5,4123.5,4114.0,False,,4114.0,TP,6.2,58.25,38
2025-11-12 02:50:00,2025-11-12 02:55:00,2025-11-12 03:11:00,MSS,long,4120.4,4112.3,4112.3,4122.1,False,,4122.1,TP,1.7,12.79,16
2025-11-12 07:50:00,2025-11-12 08:02:00,2025-11-12 08:50:00,EXTEND,long,4149.3,4142.6,4142.6,4153.3,False,,4142.6,SL,-6.7,-71.0,48
2025-11-12 09:40:00,2025-11-12 09:48:00,2025-11-12 10:41:00,MSS,long,4139.6,4131.7,4131.7,4142.1,False,,4131.7,SL,-7.9,-83.0,53
2025-11-12 13:30:00,2025-11-12 13:40:00,2025-11-12 14:07:00,BOS,short,4111.5,4115.7,4115.7,4101.3,False,,4115.7,SL,-4.2,-46.0,27
2025-11-12 14:35:00,2025-11-12 14:52:00,2025-11-12 15:05:00,BOS,long,4120.7,4117.0,4117.0,4126.1,False,,4126.1,TP,5.4,50.44,13
2025-11-12 15:30:00,2025-11-12 15:35:00,2025-11-12 15:37:00,MSS,short,4123.2,4129.8,4129.8,4122.3,False,,4122.3,TP,0.9,4.93,2
2025-11-12 16:15:00,2025-11-12 16:20:00,2025-11-12 16:22:00,MSS,long,4129.4,4117.3,4117.3,4130.8,False,,4130.8,TP,1.4,9.62,2
2025-11-12 17:10:00,2025-11-12 17:18:00,2025-11-12 17:26:00,MSS,short,4134.6,4139.4,4139.4,4130.9,False,,4130.9,TP,3.7,33.09,8
2025-11-12 17:50:00,2025-11-12 18:19:00,2025-11-12 20:21:00,EXTEND,short,4131.5,4139.4,4139.4,4122.8,False,,4139.4,SL,-7.9,-83.0,122
2025-11-12 20:30:00,2025-11-12 21:02:00,2025-11-12 21:10:00,EXTEND,long,4136.1,4129.0,4129.0,4150.8,False,,4129.0,SL,-7.1,-75.0,8
2025-11-12 21:50:00,2025-11-12 21:57:00,2025-11-12 22:03:00,MSS,short,4131.3,4137.8,4137.8,4128.4,False,,4137.8,SL,-6.5,-69.0,6
2025-11-13 07:05:00,2025-11-13 07:15:00,2025-11-13 07:20:00,MSS,long,4203.3,4199.9,4199.9,4212.7,False,,4199.9,SL,-3.4,-38.0,5
2025-11-13 08:10:00,2025-11-13 08:25:00,2025-11-13 08:30:00,EXTEND,short,4196.2,4197.8,4197.8,4186.6,False,,4197.8,SL,-1.6,-20.0,5
2025-11-13 09:05:00,2025-11-13 09:12:00,2025-11-13 09:15:00,MSS,short,4195.1,4212.9,4212.9,4193.3,False,,4193.3,TP,1.8,13.58,3
2025-11-13 10:05:00,2025-11-13 10:35:00,2025-11-13 11:08:00,EXTEND,long,4190.9,4186.6,4186.6,4204.8,False,,4204.8,TP,13.9,134.61,33
2025-11-13 12:05:00,2025-11-13 12:44:00,2025-11-13 16:03:00,EXTEND,long,4212.6,4200.1,4200.1,4230.5,False,,4230.5,TP,17.9,174.53,199
2025-11-13 17:00:00,2025-11-13 17:10:00,2025-11-13 17:18:00,MSS,short,4237.3,4243.0,4243.0,4229.4,False,,4243.0,SL,-5.7,-61.0,8
2025-11-13 17:25:00,2025-11-13 17:34:00,2025-11-13 18:21:00,MSS,short,4236.8,4245.0,4245.0,4228.0,False,,4245.0,SL,-8.2,-86.0,47
2025-11-13 18:30:00,2025-11-13 18:35:00,2025-11-13 18:38:00,MSS,short,4237.4,4245.4,4245.4,4234.2,False,,4234.2,TP,3.2,27.76,3
2025-11-13 19:00:00,2025-11-13 19:08:00,2025-11-13 20:09:00,EXTEND,short,4232.8,4240.1,4240.1,4222.8,False,,4240.1,SL,-7.3,-77.0,61
2025-11-13 20:20:00,2025-11-13 20:28:00,2025-11-13 20:54:00,EXTEND,long,4237.7,4234.2,4234.2,4244.4,False,,4244.4,TP,6.7,62.6,26
2025-11-13 21:00:00,2025-11-13 21:06:00,2025-11-13 21:33:00,MSS,short,4231.3,4250.0,4250.0,4228.3,False,,4228.3,TP,3.0,26.17,27
2025-11-13 21:35:00,2025-11-13 21:48:00,2025-11-13 22:08:00,EXTEND,short,4231.7,4242.5,4242.5,4219.5,False,,4219.5,TP,12.2,117.87,20
2025-11-13 23:05:00,2025-11-13 23:31:00,2025-11-13 23:33:00,MSS,long,4201.0,4193.2,4193.2,4214.0,False,,4193.2,SL,-7.8,-82.0,2
2025-11-14 00:40:00,2025-11-14 00:55:00,2025-11-14 02:27:00,EXTEND,short,4206.2,4213.0,4213.0,4196.4,False,,4196.4,TP,9.8,94.37,92
2025-11-14 07:50:00,2025-11-14 08:09:00,2025-11-14 08:20:00,EXTEND,long,4186.2,4179.8,4179.8,4192.4,False,,4192.4,TP,6.2,57.73,11
2025-11-14 08:50:00,2025-11-14 09:00:00,2025-11-14 09:23:00,MSS,short,4183.8,4192.5,4192.5,4177.6,False,,4177.6,TP,6.2,57.59,23
2025-11-14 09:30:00,2025-11-14 09:43:00,2025-11-14 09:54:00,EXTEND,short,4182.3,4192.3,4192.3,4171.7,False,,4192.3,SL,-10.0,-104.0,11
2025-11-14 11:50:00,2025-11-14 11:58:00,2025-11-14 12:13:00,MSS,short,4207.5,4215.1,4215.1,4201.4,False,,4201.4,TP,6.1,57.16,15
2025-11-14 12:25:00,2025-11-14 12:37:00,2025-11-14 13:09:00,EXTEND,short,4205.4,4209.4,4209.4,4196.8,False,,4196.8,TP,8.6,81.73,32
2025-11-14 13:15:00,2025-11-14 13:43:00,2025-11-14 14:26:00,EXTEND,short,4197.2,4206.9,4206.9,4181.0,False,,4181.0,TP,16.2,158.08,43
2025-11-14 15:45:00,2025-11-14 15:50:00,2025-11-14 16:36:00,MSS,long,4182.9,4162.3,4162.3,4188.0,False,,4188.0,TP,5.1,46.54,46
2025-11-14 16:35:00,2025-11-14 16:43:00,2025-11-14 16:51:00,BOS,long,4185.2,4179.3,4179.3,4193.5,False,,4179.3,SL,-5.9,-63.0,8
2025-11-14 17:00:00,2025-11-14 17:12:00,2025-11-14 18:06:00,EXTEND,short,4179.8,4190.5,4190.5,4165.1,False,,4165.1,TP,14.7,143.0,54
2025-11-14 18:30:00,2025-11-14 18:43:00,2025-11-14 18:55:00,BOS,short,4170.2,4174.4,4174.4,4159.7,False,,4174.4,SL,-4.2,-46.0,12
2025-11-14 22:20:00,2025-11-14 22:34:00,2025-11-14 22:35:00,MSS,long,4041.3,4045.6,4045.6,4065.9,False,,4041.0,SL,-0.3,-7.0,1
2025-11-14 23:50:00,2025-11-14 23:57:00,2025-11-15 00:23:00,EXTEND,long,4091.7,4074.4,4074.4,4104.6,False,,4104.6,TP,12.9,125.26,26
2025-11-15 00:40:00,2025-11-15 00:59:00,2025-11-15 01:08:00,EXTEND,long,4107.3,4098.7,4098.7,4117.2,False,,4098.7,SL,-8.6,-90.0,9
2025-11-15 01:25:00,2025-11-15 01:40:00,2025-11-15 02:03:00,EXTEND,short,4106.1,4112.8,4112.8,4090.2,False,,4090.2,TP,15.9,155.06,23
2025-11-15 02:20:00,2025-11-15 02:31:00,2025-11-17 07:02:00,EXTEND,short,4094.2,4106.3,4106.3,4075.9,False,,4075.9,TP,18.3,178.53,211
2025-11-17 07:05:00,2025-11-17 07:11:00,2025-11-17 13:26:00,MSS,long,4101.8,4061.9,4061.9,4116.6,False,,4061.9,SL,-39.9,-403.0,375
2025-11-17 14:05:00,2025-11-17 14:14:00,2025-11-17 14:33:00,EXTEND,long,4059.6,4054.6,4054.6,4071.5,False,,4071.5,TP,11.9,114.91,19
2025-11-17 16:10:00,2025-11-17 16:37:00,2025-11-17 19:01:00,EXTEND,long,4080.6,4065.6,4065.6,4105.4,False,,4065.6,SL,-15.0,-154.0,144
2025-11-17 19:00:00,2025-11-17 19:38:00,2025-11-17 21:03:00,EXTEND,short,4078.0,4087.7,4087.7,4055.3,False,,4087.7,SL,-9.7,-101.0,85
2025-11-18 07:00:00,2025-11-18 07:12:00,2025-11-18 07:40:00,BOS,long,4050.6,4042.9,4042.9,4059.7,False,,4042.9,SL,-7.7,-81.0,28
2025-11-18 07:45:00,2025-11-18 07:54:00,2025-11-18 09:56:00,EXTEND,short,4037.8,4051.0,4051.0,4021.8,False,,4021.8,TP,16.0,156.1,122
2025-11-18 10:35:00,2025-11-18 10:40:00,2025-11-18 10:47:00,EXTEND,long,4034.8,4026.5,4026.5,4038.4,False,,4026.5,SL,-8.3,-87.0,7
2025-11-18 11:40:00,2025-11-18 11:55:00,2025-11-18 12:16:00,EXTEND,long,4015.8,4008.2,4008.2,4030.8,False,,4008.2,SL,-7.6,-80.0,21
2025-11-18 12:20:00,2025-11-18 12:31:00,2025-11-18 16:13:00,EXTEND,short,4015.0,4026.0,4026.0,3996.3,False,,4026.0,SL,-11.0,-114.0,222
2025-11-18 17:10:00,2025-11-18 17:23:00,2025-11-18 17:51:00,MSS,short,4035.8,4041.1,4041.1,4026.6,False,,4041.1,SL,-5.3,-57.0,28
2025-11-18 18:45:00,2025-11-18 18:59:00,2025-11-18 19:59:00,BOS,long,4043.9,4036.8,4036.8,4053.8,False,,4036.8,SL,-7.1,-75.0,60
2025-11-19 07:15:00,2025-11-19 07:35:00,2025-11-19 07:57:00,EXTEND,long,4069.0,4065.4,4065.4,4075.3,False,,4075.3,TP,6.3,59.06,22
2025-11-19 07:55:00,2025-11-19 08:09:00,2025-11-19 08:56:00,EXTEND,long,4074.0,4067.2,4067.2,4080.5,False,,4067.2,SL,-6.8,-72.0,47
2025-11-19 10:25:00,2025-11-19 10:32:00,2025-11-19 10:33:00,MSS,long,4068.0,4058.8,4058.8,4068.2,False,,4068.2,TP,0.2,-2.02,1
2025-11-19 12:00:00,2025-11-19 12:29:00,2025-11-19 12:33:00,EXTEND,short,4074.1,4076.4,4076.4,4060.9,False,,4076.4,SL,-2.3,-27.0,4
2025-11-19 15:05:00,2025-11-19 15:49:00,2025-11-19 15:51:00,MSS,short,4095.2,4096.2,4096.2,4081.8,False,,4096.2,SL,-1.0,-14.0,2
2025-11-19 19:15:00,2025-11-19 19:45:00,2025-11-19 21:07:00,BOS,long,4114.0,4107.1,4107.1,4121.7,False,,4107.1,SL,-6.9,-73.0,82
2025-11-19 21:15:00,2025-11-19 21:32:00,2025-11-19 22:55:00,EXTEND,short,4111.1,4120.7,4120.7,4095.7,False,,4120.7,SL,-9.6,-100.0,83
2025-11-19 23:30:00,2025-11-19 23:38:00,2025-11-19 23:45:00,EXTEND,short,4117.9,4134.3,4134.3,4109.0,False,,4109.0,TP,8.9,84.73,7
2025-11-20 00:15:00,2025-11-20 00:23:00,2025-11-20 00:26:00,BOS,short,4088.2,4095.6,4095.6,4078.5,False,,4078.5,TP,9.7,93.45,3
2025-11-20 02:15:00,2025-11-20 02:29:00,2025-11-20 02:33:00,EXTEND,long,4082.7,4076.7,4076.7,4090.5,False,,4076.7,SL,-6.0,-64.0,4
2025-11-20 02:50:00,2025-11-20 03:09:00,2025-11-20 03:13:00,BOS,long,4084.8,4076.3,4076.3,4096.7,False,,4076.3,SL,-8.5,-89.0,4
2025-11-20 07:00:00,2025-11-20 07:09:00,2025-11-20 07:17:00,MSS,long,4084.8,4076.4,4076.4,4090.2,False,,4090.2,TP,5.4,50.43,8
2025-11-20 08:40:00,2025-11-20 08:46:00,2025-11-20 09:12:00,EXTEND,short,4102.8,4108.3,4108.3,4097.6,False,,4097.6,TP,5.2,47.68,26
2025-11-20 09:40:00,2025-11-20 09:48:00,2025-11-20 09:55:00,EXTEND,short,4095.4,4099.0,4099.0,4085.8,False,,4085.8,TP,9.6,92.08,7
2025-11-20 11:40:00,2025-11-20 12:02:00,2025-11-20 12:15:00,EXTEND,short,4067.2,4077.7,4077.7,4057.4,False,,4077.7,SL,-10.5,-109.0,13
2025-11-20 12:50:00,2025-11-20 12:55:00,2025-11-20 13:02:00,MSS,long,4078.8,4071.7,4071.7,4080.1,False,,4071.7,SL,-7.1,-75.0,7
2025-11-20 14:05:00,2025-11-20 14:15:00,2025-11-20 14:25:00,MSS,long,4073.3,4063.5,4063.5,4080.3,False,,4063.5,SL,-9.8,-102.0,10
2025-11-20 14:25:00,2025-11-20 14:42:00,2025-11-20 16:03:00,MSS,short,4068.0,4076.7,4076.7,4052.4,False,,4052.4,TP,15.6,151.57,81
2025-11-20 16:20:00,2025-11-20 16:37:00,2025-11-20 16:57:00,EXTEND,short,4052.5,4066.7,4066.7,4029.6,False,,4066.7,SL,-14.2,-146.0,20
2025-11-20 17:10:00,2025-11-20 17:33:00,2025-11-20 20:20:00,EXTEND,long,4059.3,4048.8,4048.8,4077.8,False,,4077.8,TP,18.5,180.56,167
2025-11-20 21:35:00,2025-11-20 21:47:00,2025-11-20 22:50:00,MSS,long,4081.9,4066.1,4066.1,4104.6,False,,4104.6,TP,22.7,222.81,63
2025-11-20 22:50:00,2025-11-20 23:09:00,2025-11-20 23:59:00,EXTEND,long,4088.0,4073.2,4073.2,4116.0,False,,4073.2,SL,-14.8,-152.0,50
2025-11-21 00:00:00,2025-11-21 00:12:00,2025-11-21 00:26:00,EXTEND,short,4075.5,4088.5,4088.5,4061.7,False,,4061.7,TP,13.8,133.97,14
2025-11-21 00:40:00,2025-11-21 00:49:00,2025-11-21 00:55:00,BOS,short,4060.4,4067.1,4067.1,4052.9,False,,4052.9,TP,7.5,71.24,6
2025-11-21 01:05:00,2025-11-21 01:25:00,2025-11-21 01:55:00,EXTEND,short,4054.2,4066.0,4066.0,4036.4,False,,4066.0,SL,-11.8,-122.0,30
2025-11-21 02:05:00,2025-11-21 02:23:00,2025-11-21 03:21:00,EXTEND,long,4060.2,4048.4,4048.4,4078.0,False,,4078.0,TP,17.8,173.91,58
2025-11-21 07:15:00,2025-11-21 07:21:00,2025-11-21 08:23:00,EXTEND,long,4083.2,4071.7,4071.7,4089.7,False,,4071.7,SL,-11.5,-119.0,62
2025-11-21 08:25:00,2025-11-21 08:51:00,2025-11-21 09:00:00,EXTEND,short,4076.2,4081.2,4081.2,4067.6,False,,4067.6,TP,8.6,81.89,9
2025-11-21 09:45:00,2025-11-21 09:52:00,2025-11-21 09:53:00,MSS,long,4070.2,4060.2,4060.2,4070.9,False,,4070.9,TP,0.7,2.68,1
2025-11-21 10:15:00,2025-11-21 10:34:00,2025-11-21 10:35:00,MSS,short,4075.9,4075.0,4075.0,4062.7,False,,4075.6,SL,0.3,-1.0,1
2025-11-21 11:20:00,2025-11-21 11:44:00,2025-11-21 11:47:00,EXTEND,short,4053.1,4056.0,4056.0,4046.0,False,,4056.0,SL,-2.9,-33.0,3
2025-11-21 12:10:00,2025-11-21 12:16:00,2025-11-21 12:32:00,EXTEND,long,4053.5,4051.0,4051.0,4063.2,False,,4051.0,SL,-2.5,-29.0,16
2025-11-21 12:40:00,2025-11-21 13:08:00,2025-11-21 13:51:00,EXTEND,short,4053.4,4058.3,4058.3,4041.9,False,,4041.9,TP,11.5,110.83,43
2025-11-21 13:55:00,2025-11-21 14:00:00,2025-11-21 14:28:00,MSS,long,4058.8,4037.3,4037.3,4062.7,False,,4037.3,SL,-21.5,-219.0,28
2025-11-21 15:00:00,2025-11-21 15:18:00,2025-11-21 16:15:00,EXTEND,short,4032.1,4038.2,4038.2,4016.4,False,,4038.2,SL,-6.1,-65.0,57
2025-11-21 17:00:00,2025-11-21 17:08:00,2025-11-21 17:09:00,MSS,long,4046.6,4035.4,4035.4,4047.6,False,,4047.6,TP,1.0,5.92,1
2025-11-21 19:05:00,2025-11-21 19:19:00,2025-11-21 19:40:00,MSS,long,4036.5,4032.6,4032.6,4047.2,False,,4032.6,SL,-3.9,-43.0,21
2025-11-24 07:10:00,2025-11-24 07:37:00,2025-11-24 08:08:00,EXTEND,long,4065.9,4060.6,4060.6,4078.5,False,,4060.6,SL,-5.3,-57.0,31
2025-11-24 09:05:00,2025-11-24 09:11:00,2025-11-24 09:51:00,MSS,short,4049.5,4070.7,4070.7,4047.3,False,,4047.3,TP,2.2,17.68,40
2025-11-24 10:45:00,2025-11-24 10:53:00,2025-11-24 10:54:00,MSS,short,4038.8,4048.8,4048.8,4038.3,False,,4038.3,TP,0.5,1.41,1
2025-11-24 10:55:00,2025-11-24 11:07:00,2025-11-24 11:31:00,EXTEND,short,4044.4,4048.8,4048.8,4034.2,False,,4048.8,SL,-4.4,-48.0,24
2025-11-24 11:35:00,2025-11-24 11:56:00,2025-11-24 12:46:00,EXTEND,long,4047.6,4040.9,4040.9,4058.8,False,,4040.9,SL,-6.7,-71.0,50
2025-11-24 13:45:00,2025-11-24 13:52:00,2025-11-24 14:02:00,MSS,short,4038.8,4046.0,4046.0,4035.5,False,,4046.0,SL,-7.2,-76.0,10
2025-11-24 14:40:00,2025-11-24 14:56:00,2025-11-24 15:38:00,EXTEND,long,4050.7,4044.6,4044.6,4057.3,False,,4057.3,TP,6.6,62.0,42
2025-11-24 17:10:00,2025-11-24 17:26:00,2025-11-24 20:42:00,EXTEND,long,4066.8,4059.2,4059.2,4075.1,False,,4075.1,TP,8.3,78.75,196
2025-11-24 21:50:00,2025-11-24 22:04:00,2025-11-24 22:40:00,EXTEND,short,4076.5,4084.0,4084.0,4067.0,False,,4067.0,TP,9.5,91.18,36
2025-11-24 22:50:00,2025-11-24 22:55:00,2025-11-24 23:05:00,MSS,long,4081.6,4065.9,4065.9,4087.1,False,,4087.1,TP,5.5,51.09,10
2025-11-25 00:10:00,2025-11-25 00:20:00,2025-11-25 00:35:00,BOS,long,4092.6,4087.4,4087.4,4096.4,False,,4096.4,TP,3.8,34.17,15
2025-11-25 01:15:00,2025-11-25 01:41:00,2025-11-25 01:50:00,EXTEND,short,4093.6,4098.9,4098.9,4084.3,False,,4098.9,SL,-5.3,-57.0,9
2025-11-25 02:05:00,2025-11-25 02:34:00,2025-11-25 02:36:00,EXTEND,short,4097.7,4098.9,4098.9,4083.0,False,,4098.9,SL,-1.2,-16.0,2
2025-11-25 03:15:00,2025-11-25 03:20:00,2025-11-25 04:20:00,EXTEND,short,4117.0,4123.4,4123.4,4111.0,False,,4123.4,SL,-6.4,-68.0,60
2025-11-25 07:10:00,2025-11-25 07:18:00,2025-11-25 07:45:00,MSS,short,4128.1,4136.9,4136.9,4120.0,False,,4136.9,SL,-8.8,-92.0,27
2025-11-25 07:55:00,2025-11-25 08:19:00,2025-11-25 08:56:00,EXTEND,long,4133.8,4126.8,4126.8,4147.0,False,,4126.8,SL,-7.0,-74.0,37
2025-11-25 09:00:00,2025-11-25 09:07:00,2025-11-25 09:39:00,EXTEND,short,4128.0,4134.6,4134.6,4117.8,False,,4134.6,SL,-6.6,-70.0,32
2025-11-25 10:05:00,2025-11-25 10:13:00,2025-11-25 10:19:00,EXTEND,long,4135.2,4129.8,4129.8,4142.1,False,,4142.1,TP,6.9,65.19,6
2025-11-25 10:45:00,2025-11-25 11:26:00,2025-11-25 15:29:00,EXTEND,long,4141.7,4133.2,4133.2,4157.3,False,,4133.2,SL,-8.5,-89.0,243
2025-11-25 15:55:00,2025-11-25 16:19:00,2025-11-25 16:35:00,EXTEND,short,4134.5,4140.8,4140.8,4122.4,False,,4122.4,TP,12.1,117.15,16
2025-11-25 16:50:00,2025-11-25 17:07:00,2025-11-25 17:15:00,BOS,short,4119.1,4126.4,4126.4,4100.6,False,,4126.4,SL,-7.3,-77.0,8
2025-11-25 18:15:00,2025-11-25 18:27:00,2025-11-25 20:44:00,EXTEND,long,4129.2,4122.6,4122.6,4139.7,False,,4122.6,SL,-6.6,-70.0,136
2025-11-25 20:45:00,2025-11-25 20:53:00,2025-11-25 21:07:00,EXTEND,short,4120.1,4132.8,4132.8,4106.5,False,,4132.8,SL,-12.7,-131.0,14
2025-11-26 07:15:00,2025-11-26 07:33:00,2025-11-26 08:11:00,EXTEND,long,4128.6,4126.1,4126.1,4136.0,False,,4136.0,TP,7.4,70.06,32
2025-11-26 08:55:00,2025-11-26 09:04:00,2025-11-26 09:22:00,MSS,long,4138.4,4131.8,4131.8,4143.9,False,,4143.9,TP,5.5,50.65,18
2025-11-26 10:05:00,2025-11-26 10:13:00,2025-11-26 10:18:00,BOS,long,4149.5,4144.8,4144.8,4152.7,False,,4152.7,TP,3.2,27.74,5
2025-11-26 11:10:00,2025-11-26 11:26:00,2025-11-26 12:17:00,BOS,long,4162.0,4157.9,4157.9,4168.8,False,,4157.9,SL,-4.1,-45.0,44
2025-11-26 14:35:00,2025-11-26 15:07:00,2025-11-26 15:52:00,EXTEND,short,4149.9,4156.4,4156.4,4140.7,False,,4156.4,SL,-6.5,-69.0,32
2025-11-26 16:25:00,2025-11-26 16:35:00,2025-11-26 16:44:00,EXTEND,long,4160.1,4154.4,4154.4,4168.1,False,,4153.1,SL,-7.0,-74.0,9
2025-11-26 16:50:00,2025-11-26 17:08:00,2025-11-26 19:31:00,EXTEND,short,4158.3,4165.2,4165.2,4149.2,False,,4165.2,SL,-6.9,-73.0,91
2025-11-26 20:25:00,2025-11-26 20:32:00,2025-11-26 20:41:00,MSS,short,4159.0,4171.4,4171.4,4154.0,False,,4154.0,TP,5.0,45.99,7
2025-11-26 20:45:00,2025-11-26 21:29:00,2025-11-26 22:08:00,EXTEND,short,4162.4,4171.4,4171.4,4138.4,False,,4138.4,TP,24.0,236.2,37
2025-11-26 22:30:00,2025-11-26 22:35:00,2025-11-26 23:00:00,MSS,long,4150.1,4139.0,4139.0,4153.5,False,,4138.3,SL,-11.8,-122.0,25
2025-11-26 23:55:00,2025-11-27 00:02:00,2025-11-27 01:08:00,BOS,long,4160.3,4155.5,4155.5,4165.3,False,,4165.3,TP,5.0,45.79,66
2025-11-27 01:20:00,2025-11-27 02:03:00,2025-11-27 02:12:00,BOS,long,4166.7,4162.3,4162.3,4168.7,False,,4168.7,TP,2.0,15.5,8
2025-12-30 09:05:00,2025-12-30 09:19:00,2025-12-30 09:20:00,EXTEND,short,4356.1,4356.0,4356.0,4334.4,False,,4356.5,SL,-0.4,-8.0,1
2025-12-30 11:50:00,2025-12-30 11:57:00,2025-12-30 12:25:00,MSS,short,4371.4,4379.3,4379.3,4369.9,False,,4379.3,SL,-7.9,-83.0,28
2025-12-30 12:40:00,2025-12-30 12:56:00,2025-12-30 13:01:00,EXTEND,long,4378.6,4376.1,4376.1,4386.1,False,,4376.1,SL,-2.5,-29.0,5
2025-12-30 13:05:00,2025-12-30 13:18:00,2025-12-30 13:20:00,MSS,short,4377.2,4379.4,4379.4,4371.7,False,,4379.4,SL,-2.2,-26.0,2
2025-12-30 14:40:00,2025-12-30 14:51:00,2025-12-30 15:15:00,EXTEND,short,4379.9,4384.6,4384.6,4372.4,False,,4384.6,SL,-4.7,-51.0,24
2025-12-30 16:00:00,2025-12-30 16:14:00,2025-12-30 16:28:00,MSS,short,4386.6,4398.5,4398.5,4373.4,False,,4373.4,TP,13.2,128.46,14
2025-12-30 17:55:00,2025-12-30 18:06:00,2025-12-30 18:15:00,EXTEND,long,4387.6,4382.8,4382.8,4391.3,False,,4391.4,TP,3.8,34.0,9
2025-12-30 19:10:00,2025-12-30 19:49:00,2025-12-30 20:13:00,EXTEND,long,4399.4,4394.4,4394.4,4409.1,False,,4409.1,TP,9.7,93.32,24
2025-12-30 20:40:00,2025-12-30 20:54:00,2025-12-30 21:19:00,EXTEND,long,4415.4,4407.5,4407.5,4421.9,False,,4407.5,SL,-7.9,-83.0,25
2025-12-30 21:40:00,2025-12-30 22:02:00,2025-12-30 22:40:00,EXTEND,short,4402.4,4413.7,4413.7,4384.9,False,,4384.9,TP,17.5,171.29,38
2025-12-30 22:45:00,2025-12-30 23:21:00,2025-12-31 03:52:00,EXTEND,short,4389.0,4407.8,4407.8,4360.7,False,,4360.7,TP,28.3,279.17,271
2025-12-31 07:35:00,2025-12-31 07:41:00,2025-12-31 09:03:00,EXTEND,short,4352.0,4359.5,4359.5,4333.5,False,,4359.5,SL,-7.5,-79.0,82
2025-12-31 10:30:00,2025-12-31 10:45:00,2025-12-31 10:49:00,EXTEND,short,4379.0,4383.4,4383.4,4365.6,False,,4365.6,TP,13.4,129.8,4
2025-12-31 11:20:00,2025-12-31 11:35:00,2025-12-31 12:56:00,BOS,short,4362.6,4371.7,4371.7,4347.3,False,,4347.3,TP,15.3,148.84,81
2025-12-31 13:05:00,2025-12-31 13:30:00,2025-12-31 13:40:00,EXTEND,short,4352.6,4360.7,4360.7,4335.8,False,,4335.8,TP,16.8,163.92,10
2025-12-31 15:45:00,2025-12-31 15:53:00,2025-12-31 16:06:00,MSS,short,4340.0,4346.3,4346.3,4337.4,False,,4337.4,TP,2.6,21.9,13
2025-12-31 16:55:00,2025-12-31 17:09:00,2025-12-31 17:36:00,EXTEND,short,4327.8,4339.6,4339.6,4309.1,False,,4339.6,SL,-11.8,-122.0,27
2025-12-31 18:25:00,2025-12-31 18:30:00,2025-12-31 18:31:00,MSS,short,4321.7,4343.3,4343.3,4328.8,False,,4321.8,TP,-0.1,-5.0,1
2025-12-31 19:50:00,2025-12-31 20:07:00,2025-12-31 20:10:00,EXTEND,long,4322.1,4320.6,4320.6,4332.0,False,,4320.6,SL,-1.5,-19.0,3
2025-12-31 20:35:00,2025-12-31 20:43:00,2025-12-31 21:21:00,MSS,long,4330.1,4314.6,4314.6,4331.2,False,,4331.2,TP,1.1,7.37,38
2025-12-31 22:35:00,2025-12-31 22:42:00,2025-12-31 23:10:00,EXTEND,long,4352.9,4346.1,4346.1,4367.8,False,,4346.1,SL,-6.8,-72.0,28
2025-12-31 23:30:00,2025-12-31 23:42:00,2026-01-01 00:05:00,EXTEND,long,4347.4,4340.5,4340.5,4360.1,False,,4340.5,SL,-6.9,-73.0,23
2026-01-01 00:45:00,2026-01-01 01:03:00,2026-01-01 02:15:00,EXTEND,short,4339.4,4343.7,4343.7,4327.2,False,,4343.7,SL,-4.3,-47.0,72
2026-01-01 02:15:00,2026-01-01 02:27:00,2026-01-01 02:32:00,EXTEND,long,4340.7,4333.7,4333.7,4349.2,False,,4333.7,SL,-7.0,-74.0,5
2026-01-01 02:30:00,2026-01-01 02:42:00,2026-01-01 03:31:00,MSS,short,4336.5,4342.9,4342.9,4328.9,False,,4328.9,TP,7.6,71.7,49
2026-01-02 08:10:00,2026-01-02 08:21:00,2026-01-02 10:50:00,EXTEND,long,4360.3,4351.6,4351.6,4370.3,False,,4370.3,TP,10.0,95.69,149
2026-01-02 12:00:00,2026-01-02 12:26:00,2026-01-02 12:32:00,BOS,long,4387.9,4384.1,4384.1,4392.7,False,,4384.1,SL,-3.8,-42.0,6
2026-01-02 14:00:00,2026-01-02 14:05:00,2026-01-02 14:06:00,MSS,short,4389.1,4394.8,4394.8,4388.6,False,,4388.6,TP,0.5,1.23,1
2026-01-02 14:15:00,2026-01-02 14:22:00,2026-01-02 15:24:00,EXTEND,short,4390.1,4394.8,4394.8,4384.1,False,,4384.1,TP,6.0,55.68,62
2026-01-02 15:35:00,2026-01-02 15:46:00,2026-01-02 15:58:00,EXTEND,long,4389.6,4384.1,4384.1,4395.1,False,,4395.1,TP,5.5,51.49,12
2026-01-02 16:10:00,2026-01-02 16:23:00,2026-01-02 16:34:00,EXTEND,long,4395.6,4392.6,4392.6,4400.2,False,,4400.2,TP,4.6,42.2,11
2026-01-02 16:45:00,2026-01-02 17:02:00,2026-01-02 21:15:00,EXTEND,long,4401.3,4393.6,4393.6,4413.7,False,,4413.7,TP,12.4,119.66,253
2026-01-02 21:20:00,2026-01-02 21:29:00,2026-01-02 21:30:00,MSS,short,4386.7,4415.0,4415.0,4384.6,False,,4384.6,TP,2.1,16.53,1
2026-01-03 01:55:00,2026-01-03 02:00:00,2026-01-03 02:01:00,MSS,short,4332.2,4338.7,4338.7,4331.0,False,,4331.0,TP,1.2,8.47,1
2026-01-03 02:15:00,2026-01-03 02:29:00,2026-01-03 04:27:00,EXTEND,short,4329.0,4338.7,4338.7,4316.1,False,,4338.7,SL,-9.7,-101.0,118
2026-01-05 09:05:00,2026-01-05 09:14:00,2026-01-05 16:44:00,EXTEND,long,4412.3,4394.6,4394.6,4440.7,False,,4440.7,TP,28.4,280.01,450
2026-01-05 16:50:00,2026-01-05 17:12:00,2026-01-05 17:43:00,EXTEND,long,4439.2,4433.5,4433.5,4447.0,False,,4447.0,TP,7.8,73.62,31
2026-01-05 17:40:00,2026-01-05 18:06:00,2026-01-05 18:54:00,BOS,long,4443.5,4441.7,4441.7,4451.4,False,,4451.4,TP,7.9,74.52,48
2026-01-05 19:00:00,2026-01-05 19:05:00,2026-01-05 19:16:00,MSS,short,4442.5,4451.6,4451.6,4440.8,False,,4440.8,TP,1.7,12.95,11
2026-01-05 19:25:00,2026-01-05 19:51:00,2026-01-05 21:22:00,EXTEND,short,4433.8,4445.4,4445.4,4415.7,False,,4415.7,TP,18.1,177.18,91
2026-01-05 21:30:00,2026-01-05 21:37:00,2026-01-05 21:40:00,EXTEND,short,4419.9,4424.8,4424.8,4401.8,False,,4424.8,SL,-4.9,-53.0,3
2026-01-06 01:00:00,2026-01-06 01:07:00,2026-01-06 07:04:00,MSS,short,4447.4,4465.9,4465.9,4438.3,False,,4465.9,SL,-18.5,-189.0,297
2026-01-06 07:10:00,2026-01-06 07:18:00,2026-01-06 07:31:00,EXTEND,long,4463.6,4456.3,4456.3,4475.4,False,,4456.3,SL,-7.3,-77.0,13
2026-01-06 08:40:00,2026-01-06 08:49:00,2026-01-06 09:03:00,EXTEND,short,4447.3,4453.0,4453.0,4437.6,False,,4437.6,TP,9.7,92.67,14
2026-01-06 09:00:00,2026-01-06 09:09:00,2026-01-06 09:10:00,BOS,short,4446.5,4449.1,4449.1,4434.4,False,,4449.1,SL,-2.6,-30.0,1
2026-01-06 09:15:00,2026-01-06 09:28:00,2026-01-06 09:56:00,EXTEND,long,4447.0,4437.5,4437.5,4459.5,False,,4459.5,TP,12.5,120.71,28
2026-01-06 11:55:00,2026-01-06 12:03:00,2026-01-06 12:15:00,BOS,long,4477.3,4475.0,4475.0,4480.0,False,,4475.0,SL,-2.3,-27.0,12
2026-01-06 12:50:00,2026-01-06 12:55:00,2026-01-06 13:04:00,MSS,long,4478.3,4471.5,4471.5,4479.8,False,,4479.8,TP,1.5,10.55,9
2026-01-06 13:40:00,2026-01-06 13:46:00,2026-01-06 13:47:00,EXTEND,short,4472.6,4485.2,4485.2,4468.7,False,,4468.7,TP,3.9,35.1,1
2026-01-06 15:05:00,2026-01-06 15:27:00,2026-01-06 15:52:00,BOS,long,4474.2,4471.2,4471.2,4483.1,False,,4471.2,SL,-3.0,-34.0,25
2026-01-06 15:55:00,2026-01-06 16:11:00,2026-01-06 16:22:00,EXTEND,short,4470.9,4477.1,4477.1,4464.0,False,,4477.1,SL,-6.2,-66.0,11
2026-01-06 16:25:00,2026-01-06 16:46:00,2026-01-06 17:10:00,EXTEND,long,4476.9,4470.3,4470.3,4490.5,False,,4470.3,SL,-6.6,-70.0,24
2026-01-06 18:35:00,2026-01-06 18:48:00,2026-01-06 19:33:00,MSS,long,4461.7,4458.3,4458.3,4468.1,False,,4468.1,TP,6.4,59.79,45
2026-01-06 20:30:00,2026-01-06 20:37:00,2026-01-06 20:39:00,EXTEND,long,4472.9,4471.6,4471.6,4478.6,False,,4471.6,SL,-1.3,-17.0,2
2026-01-06 20:40:00,2026-01-06 20:58:00,2026-01-06 21:11:00,EXTEND,short,4473.3,4477.1,4477.1,4467.2,False,,4477.1,SL,-3.8,-42.0,13
2026-01-06 21:15:00,2026-01-06 21:27:00,2026-01-06 21:28:00,EXTEND,long,4470.6,4470.1,4470.1,4484.5,False,,4470.1,SL,-0.5,-9.0,1
2026-01-06 23:00:00,2026-01-06 23:06:00,2026-01-06 23:19:00,EXTEND,long,4496.9,4486.7,4486.7,4505.9,False,,4486.7,SL,-10.2,-106.0,13
2026-01-07 07:05:00,2026-01-07 07:14:00,2026-01-07 07:26:00,EXTEND,long,4508.5,4504.8,4504.8,4512.0,False,,4512.0,TP,3.5,31.39,12
2026-01-07 07:25:00,2026-01-07 07:43:00,2026-01-07 07:49:00,EXTEND,long,4507.7,4505.4,4505.4,4514.0,False,,4505.4,SL,-2.3,-27.0,6
2026-01-07 08:35:00,2026-01-07 08:44:00,2026-01-07 08:52:00,BOS,short,4501.3,4505.1,4505.1,4496.7,False,,4496.7,TP,4.6,41.82,8
2026-01-07 08:50:00,2026-01-07 09:01:00,2026-01-07 09:05:00,EXTEND,short,4495.9,4505.1,4505.1,4490.1,False,,4490.1,TP,5.8,53.86,4
2026-01-07 10:55:00,2026-01-07 11:17:00,2026-01-07 12:17:00,EXTEND,long,4488.1,4479.2,4479.2,4493.3,False,,4479.2,SL,-8.9,-93.0,60
2026-01-07 12:35:00,2026-01-07 12:43:00,2026-01-07 13:32:00,BOS,short,4475.2,4481.7,4481.7,4470.9,False,,4470.9,TP,4.3,38.95,49
2026-01-07 16:05:00,2026-01-07 16:14:00,2026-01-07 16:17:00,BOS,long,4475.4,4470.2,4470.2,4476.8,False,,4476.8,TP,1.4,10.04,3
2026-01-07 16:20:00,2026-01-07 16:27:00,2026-01-07 16:37:00,EXTEND,long,4475.3,4470.2,4470.2,4480.6,False,,4480.6,TP,5.3,49.14,10
2026-01-07 16:40:00,2026-01-07 16:46:00,2026-01-07 17:06:00,EXTEND,long,4478.2,4473.3,4473.3,4488.0,False,,4473.3,SL,-4.9,-53.0,20
2026-01-07 17:05:00,2026-01-07 17:13:00,2026-01-07 19:26:00,EXTEND,short,4474.7,4480.5,4480.5,4466.3,False,,4466.3,TP,8.4,80.24,133
2026-01-07 20:25:00,2026-01-07 20:30:00,2026-01-07 20:32:00,MSS,long,4461.5,4448.5,4448.5,4462.9,False,,4462.9,TP,1.4,9.51,2
2026-01-07 21:10:00,2026-01-07 21:17:00,2026-01-07 21:43:00,EXTEND,short,4442.9,4459.4,4459.4,4430.4,False,,4459.4,SL,-16.5,-169.0,26
2026-01-07 22:20:00,2026-01-07 22:25:00,2026-01-07 22:37:00,MSS,short,4453.1,4463.3,4463.3,4449.2,False,,4449.2,TP,3.9,34.97,12
2026-01-07 22:35:00,2026-01-07 22:50:00,2026-01-07 23:12:00,EXTEND,short,4451.2,4463.3,4463.3,4440.7,False,,4440.7,TP,10.5,101.06,22
2026-01-07 23:30:00,2026-01-07 23:36:00,2026-01-08 00:22:00,MSS,long,4461.5,4433.0,4433.0,4467.5,False,,4467.5,TP,6.0,56.44,46
2026-01-08 02:30:00,2026-01-08 02:37:00,2026-01-08 03:16:00,MSS,long,4467.4,4457.1,4457.1,4469.4,False,,4457.1,SL,-10.3,-107.0,39
2026-01-08 03:15:00,2026-01-08 03:35:00,2026-01-08 03:36:00,MSS,short,4464.8,4465.3,4465.3,4452.0,False,,4465.3,SL,-0.5,-9.0,1
2026-01-08 08:20:00,2026-01-08 08:25:00,2026-01-08 08:26:00,MSS,short,4464.7,4475.3,4475.3,4464.9,False,,4464.9,TP,-0.2,-5.86,1
2026-01-08 08:50:00,2026-01-08 09:04:00,2026-01-08 09:09:00,EXTEND,short,4460.8,4467.8,4467.8,4451.8,False,,4467.8,SL,-7.0,-74.0,5
2026-01-08 10:35:00,2026-01-08 10:47:00,2026-01-08 10:59:00,EXTEND,short,4450.7,4452.5,4452.5,4439.0,False,,4452.5,SL,-1.8,-22.0,12
2026-01-08 11:10:00,2026-01-08 11:19:00,2026-01-08 12:43:00,EXTEND,long,4449.8,4441.9,4441.9,4457.6,False,,4441.9,SL,-7.9,-83.0,84
2026-01-08 13:15:00,2026-01-08 13:24:00,2026-01-08 13:30:00,EXTEND,short,4436.6,4441.7,4441.7,4427.6,False,,4427.6,TP,9.0,85.97,6
2026-01-08 13:40:00,2026-01-08 13:59:00,2026-01-08 14:31:00,BOS,short,4433.4,4438.0,4438.0,4419.8,False,,4438.0,SL,-4.6,-50.0,32
2026-01-08 15:10:00,2026-01-08 15:20:00,2026-01-08 15:25:00,EXTEND,long,4443.4,4439.9,4439.9,4450.2,False,,4439.9,SL,-3.5,-39.0,5
2026-01-08 16:00:00,2026-01-08 16:11:00,2026-01-08 16:35:00,BOS,short,4438.5,4442.0,4442.0,4430.8,False,,4430.8,TP,7.7,72.76,24
2026-01-08 16:40:00,2026-01-08 17:04:00,2026-01-08 17:07:00,EXTEND,short,4439.1,4441.4,4441.4,4423.7,False,,4441.4,SL,-2.3,-27.0,3
2026-01-08 17:15:00,2026-01-08 17:35:00,2026-01-08 18:20:00,EXTEND,short,4440.6,4443.3,4443.3,4431.0,False,,4431.0,TP,9.6,92.19,45
2026-01-08 18:30:00,2026-01-08 18:38:00,2026-01-08 18:42:00,MSS,long,4440.8,4430.3,4430.3,4442.2,False,,4442.2,TP,1.4,10.38,4
2026-01-08 20:25:00,2026-01-08 20:31:00,2026-01-08 20:33:00,MSS,long,4430.3,4415.2,4415.2,4434.0,False,,4434.0,TP,3.7,32.96,2
2026-01-08 21:20:00,2026-01-08 21:25:00,2026-01-08 22:47:00,MSS,long,4443.0,4425.0,4425.0,4445.6,False,,4445.6,TP,2.6,21.74,82
2026-01-08 22:50:00,2026-01-08 23:02:00,2026-01-08 23:09:00,EXTEND,long,4440.4,4433.7,4433.7,4452.1,False,,4452.1,TP,11.7,113.15,7
2026-01-08 23:55:00,2026-01-09 00:00:00,2026-01-09 00:01:00,EXTEND,short,4462.7,4464.9,4464.9,4454.5,False,,4464.9,SL,-2.2,-26.0,1
2026-01-09 00:15:00,2026-01-09 00:22:00,2026-01-09 00:32:00,EXTEND,short,4461.7,4467.5,4467.5,4453.1,False,,4467.5,SL,-5.8,-62.0,10
2026-01-09 02:00:00,2026-01-09 02:05:00,2026-01-09 02:08:00,MSS,short,4466.1,4473.6,4473.6,4464.7,False,,4464.7,TP,1.4,9.9,3
2026-01-09 02:35:00,2026-01-09 02:49:00,2026-01-09 03:15:00,BOS,short,4462.9,4465.6,4465.6,4454.7,False,,4454.7,TP,8.2,78.22,26
2026-01-09 07:00:00,2026-01-09 07:14:00,2026-01-09 07:47:00,EXTEND,long,4486.5,4482.9,4482.9,4496.6,False,,4482.9,SL,-3.6,-40.0,33
2026-01-09 07:45:00,2026-01-09 07:54:00,2026-01-09 08:00:00,MSS,short,4484.1,4486.8,4486.8,4481.0,False,,4486.8,SL,-2.7,-31.0,6
2026-01-09 08:50:00,2026-01-09 09:02:00,2026-01-09 09:05:00,BOS,short,4471.0,4478.1,4478.1,4466.9,False,,4466.9,TP,4.1,36.76,3
2026-01-09 09:05:00,2026-01-09 09:16:00,2026-01-09 09:52:00,BOS,short,4467.8,4475.4,4475.4,4458.1,False,,4475.4,SL,-7.6,-80.0,36
2026-01-09 10:35:00,2026-01-09 10:46:00,2026-01-09 10:54:00,MSS,short,4479.7,4485.0,4485.0,4475.5,False,,4475.5,TP,4.2,38.25,8
2026-01-09 10:50:00,2026-01-09 10:59:00,2026-01-09 11:11:00,BOS,short,4478.8,4483.3,4483.3,4471.9,False,,4471.9,TP,6.9,65.3,12
2026-01-09 12:15:00,2026-01-09 12:36:00,2026-01-09 12:57:00,EXTEND,short,4471.4,4475.2,4475.2,4468.0,False,,4475.2,SL,-3.8,-42.0,21
2026-01-09 12:55:00,2026-01-09 13:13:00,2026-01-09 13:16:00,EXTEND,long,4472.3,4470.0,4470.0,4477.4,False,,4470.0,SL,-2.3,-27.0,3
2026-01-09 13:30:00,2026-01-09 13:35:00,2026-01-09 14:30:00,MSS,long,4480.0,4466.8,4466.8,4483.3,False,,4483.3,TP,3.3,29.1,55
2026-01-09 15:45:00,2026-01-09 15:52:00,2026-01-09 16:01:00,EXTEND,long,4481.8,4477.6,4477.6,4483.2,False,,4477.6,SL,-4.2,-46.0,9
2026-01-09 16:00:00,2026-01-09 16:08:00,2026-01-09 16:09:00,EXTEND,short,4482.8,4482.4,4482.4,4473.1,False,,4482.9,SL,-0.1,-5.0,1
2026-01-09 16:30:00,2026-01-09 16:35:00,2026-01-09 16:37:00,MSS,short,4478.5,4484.3,4484.3,4477.6,False,,4477.6,TP,0.9,5.31,2
2026-01-09 16:50:00,2026-01-09 17:15:00,2026-01-09 17:18:00,EXTEND,short,4482.2,4484.3,4484.3,4469.4,False,,4484.3,SL,-2.1,-25.0,3
2026-01-09 18:05:00,2026-01-09 18:11:00,2026-01-09 18:30:00,EXTEND,short,4481.9,4483.1,4483.1,4476.9,False,,4476.9,TP,5.0,46.23,19
2026-01-09 18:45:00,2026-01-09 18:56:00,2026-01-09 19:00:00,EXTEND,short,4479.7,4482.8,4482.8,4473.9,False,,4482.8,SL,-3.1,-35.0,4
2026-01-09 19:00:00,2026-01-09 19:10:00,2026-01-09 20:00:00,EXTEND,long,4480.4,4475.8,4475.8,4485.7,False,,4485.7,TP,5.3,49.06,50
2026-01-09 20:05:00,2026-01-09 20:14:00,2026-01-09 20:26:00,EXTEND,long,4483.2,4477.9,4477.9,4492.8,False,,4477.9,SL,-5.3,-57.0,12
2026-01-09 21:05:00,2026-01-09 21:20:00,2026-01-09 21:30:00,EXTEND,long,4476.2,4472.1,4472.1,4485.3,False,,4472.1,SL,-4.1,-45.0,10
2026-01-09 22:10:00,2026-01-09 22:20:00,2026-01-09 22:50:00,BOS,long,4502.6,4489.7,4489.7,4510.5,False,,4489.7,SL,-12.9,-133.0,30
2026-01-10 01:10:00,2026-01-10 01:24:00,2026-01-10 01:43:00,EXTEND,long,4514.9,4511.3,4511.3,4523.5,False,,4511.3,SL,-3.6,-40.0,19
2026-01-12 07:40:00,2026-01-12 08:02:00,2026-01-12 08:06:00,BOS,long,4553.2,4543.2,4543.2,4557.9,False,,4557.9,TP,4.7,43.32,4
2026-01-12 09:40:00,2026-01-12 09:55:00,2026-01-12 10:03:00,MSS,short,4586.9,4596.1,4596.1,4579.5,False,,4579.5,TP,7.4,70.37,8
2026-01-12 11:30:00,2026-01-12 11:37:00,2026-01-12 11:43:00,MSS,short,4587.6,4593.3,4593.3,4586.4,False,,4586.4,TP,1.2,7.58,6
2026-01-12 12:35:00,2026-01-12 12:51:00,2026-01-12 13:17:00,EXTEND,short,4579.8,4584.1,4584.1,4572.0,False,,4584.1,SL,-4.3,-47.0,26
2026-01-12 13:45:00,2026-01-12 14:18:00,2026-01-12 16:47:00,EXTEND,long,4583.5,4577.0,4577.0,4600.6,False,,4600.6,TP,17.1,167.22,149
2026-01-12 17:55:00,2026-01-12 18:02:00,2026-01-12 19:25:00,EXTEND,short,4601.3,4607.3,4607.3,4595.2,False,,4595.2,TP,6.1,56.65,83
2026-01-12 19:25:00,2026-01-12 19:45:00,2026-01-12 20:08:00,EXTEND,short,4600.2,4605.8,4605.8,4590.4,False,,4590.4,TP,9.8,93.67,23
2026-01-12 20:05:00,2026-01-12 20:12:00,2026-01-12 20:48:00,BOS,short,4591.9,4596.9,4596.9,4585.7,False,,4596.9,SL,-5.0,-54.0,36
2026-01-12 21:25:00,2026-01-12 21:41:00,2026-01-12 21:47:00,MSS,short,4617.3,4621.9,4621.9,4612.4,False,,4621.9,SL,-4.6,-50.0,6
2026-01-12 22:00:00,2026-01-12 22:08:00,2026-01-12 22:10:00,MSS,short,4609.0,4630.8,4630.8,4602.6,False,,4602.6,TP,6.4,59.94,2
2026-01-12 22:25:00,2026-01-12 22:35:00,2026-01-12 22:38:00,BOS,short,4602.1,4610.1,4610.1,4591.1,False,,4610.1,SL,-8.0,-84.0,3
2026-01-13 00:30:00,2026-01-13 00:35:00,2026-01-13 00:36:00,EXTEND,short,4629.9,4640.5,4640.5,4626.5,False,,4626.5,TP,3.4,29.7,1
2026-01-13 01:05:00,2026-01-13 01:18:00,2026-01-13 01:21:00,BOS,short,4625.5,4628.3,4628.3,4621.7,False,,4621.7,TP,3.8,34.04,3
2026-01-13 01:20:00,2026-01-13 01:33:00,2026-01-13 01:48:00,EXTEND,short,4624.9,4628.3,4628.3,4619.4,False,,4628.3,SL,-3.4,-38.0,15
2026-01-13 02:10:00,2026-01-13 02:15:00,2026-01-13 02:16:00,MSS,short,4617.1,4630.7,4630.7,4614.6,False,,4614.6,TP,2.5,21.29,1
2026-01-13 03:30:00,2026-01-13 03:52:00,2026-01-13 03:54:00,EXTEND,long,4623.4,4622.4,4622.4,4630.7,False,,4622.4,SL,-1.0,-14.0,2
2026-01-13 07:00:00,2026-01-13 07:09:00,2026-01-13 07:11:00,EXTEND,long,4602.9,4598.8,4598.8,4621.7,False,,4598.8,SL,-4.1,-45.0,2
2026-01-13 07:35:00,2026-01-13 07:40:00,2026-01-13 07:41:00,EXTEND,long,4597.9,4598.8,4598.8,4599.3,False,,4597.9,SL,0.0,-4.0,1
2026-01-13 07:50:00,2026-01-13 07:56:00,2026-01-13 07:57:00,EXTEND,long,4604.0,4598.8,4598.8,4605.0,False,,4605.0,TP,1.0,6.23,1
2026-01-13 07:55:00,2026-01-13 08:11:00,2026-01-13 08:28:00,EXTEND,long,4602.6,4598.8,4598.8,4610.1,False,,4598.8,SL,-3.8,-42.0,17
2026-01-13 08:35:00,2026-01-13 08:59:00,2026-01-13 09:04:00,EXTEND,short,4595.8,4604.5,4604.5,4590.3,False,,4590.3,TP,5.5,51.24,5
2026-01-13 09:00:00,2026-01-13 09:14:00,2026-01-13 09:15:00,BOS,short,4601.0,4601.0,4601.0,4587.0,False,,4601.0,SL,0.0,-4.0,1
2026-01-13 09:30:00,2026-01-13 10:09:00,2026-01-13 11:02:00,BOS,short,4596.8,4604.6,4604.6,4578.4,False,,4604.6,SL,-7.8,-82.0,53
2026-01-13 11:50:00,2026-01-13 12:04:00,2026-01-13 12:15:00,EXTEND,short,4604.1,4607.4,4607.4,4599.8,False,,4607.4,SL,-3.3,-37.0,11
2026-01-13 12:20:00,2026-01-13 12:37:00,2026-01-13 13:06:00,EXTEND,long,4604.7,4601.4,4601.4,4610.8,False,,4601.4,SL,-3.3,-37.0,29
2026-01-13 13:05:00,2026-01-13 13:17:00,2026-01-13 13:25:00,MSS,short,4603.8,4607.7,4607.7,4598.4,False,,4607.7,SL,-3.9,-43.0,8
2026-01-13 13:25:00,2026-01-13 13:34:00,2026-01-13 13:35:00,MSS,long,4599.3,4600.4,4600.4,4613.2,False,,4599.3,SL,0.0,-4.0,1
2026-01-13 15:05:00,2026-01-13 15:21:00,2026-01-13 15:22:00,MSS,long,4590.0,4587.8,4587.8,4595.9,False,,4587.8,SL,-2.2,-26.0,1
2026-01-13 15:30:00,2026-01-13 15:49:00,2026-01-13 15:50:00,EXTEND,long,4587.6,4587.8,4587.8,4597.2,False,,4587.5,SL,-0.1,-5.0,1
2026-01-13 15:55:00,2026-01-13 16:08:00,2026-01-13 16:09:00,EXTEND,short,4594.4,4595.2,4595.2,4583.0,False,,4595.2,SL,-0.8,-12.0,1
2026-01-13 17:00:00,2026-01-13 17:10:00,2026-01-13 17:42:00,MSS,short,4603.2,4605.4,4605.4,4596.3,False,,4596.3,TP,6.9,65.44,32
2026-01-13 17:55:00,2026-01-13 18:03:00,2026-01-13 18:04:00,EXTEND,short,4593.4,4601.0,4601.0,4592.7,False,,4592.7,TP,0.7,2.55,1
2026-01-13 18:40:00,2026-01-13 18:52:00,2026-01-13 19:45:00,MSS,long,4595.6,4590.4,4590.4,4599.3,False,,4599.3,TP,3.7,32.9,53
2026-01-13 19:50:00,2026-01-13 19:57:00,2026-01-13 20:06:00,EXTEND,long,4596.9,4593.9,4593.9,4602.8,False,,4593.9,SL,-3.0,-34.0,9
2026-01-13 20:45:00,2026-01-13 20:50:00,2026-01-13 20:52:00,MSS,long,4598.7,4586.1,4586.1,4602.0,False,,4602.0,TP,3.3,28.75,2
2026-01-13 22:20:00,2026-01-13 22:35:00,2026-01-13 22:45:00,BOS,long,4625.1,4615.4,4615.4,4636.6,False,,4636.6,TP,11.5,111.09,10
2026-01-13 22:50:00,2026-01-13 23:05:00,2026-01-13 23:17:00,EXTEND,long,4630.3,4619.4,4619.4,4650.6,False,,4619.4,SL,-10.9,-113.0,12
2026-01-13 23:20:00,2026-01-13 23:49:00,2026-01-14 00:28:00,EXTEND,short,4624.1,4634.0,4634.0,4601.9,False,,4601.9,TP,22.2,218.31,39
2026-01-14 00:25:00,2026-01-14 00:52:00,2026-01-14 02:03:00,EXTEND,short,4619.5,4629.4,4629.4,4594.1,False,,4594.1,TP,25.4,250.06,71
2026-01-14 02:45:00,2026-01-14 03:05:00,2026-01-14 04:32:00,EXTEND,long,4597.8,4589.3,4589.3,4616.1,False,,4589.3,SL,-8.5,-89.0,87
2026-01-14 09:00:00,2026-01-14 09:11:00,2026-01-14 09:20:00,MSS,long,4622.8,4612.3,4612.3,4626.1,False,,4626.1,TP,3.3,29.43,9
2026-01-14 10:00:00,2026-01-14 10:11:00,2026-01-14 10:47:00,EXTEND,long,4626.3,4621.2,4621.2,4630.7,False,,4630.7,TP,4.4,40.25,36
2026-01-14 11:00:00,2026-01-14 11:12:00,2026-01-14 11:27:00,BOS,long,4627.6,4625.8,4625.8,4633.0,False,,4625.8,SL,-1.8,-22.0,15
2026-01-14 11:35:00,2026-01-14 11:43:00,2026-01-14 11:57:00,MSS,long,4631.8,4621.6,4621.6,4636.7,False,,4636.7,TP,4.9,45.13,14
2026-01-14 12:25:00,2026-01-14 12:38:00,2026-01-14 13:01:00,MSS,short,4636.6,4638.4,4638.4,4631.0,False,,4638.4,SL,-1.8,-22.0,23
2026-01-14 13:00:00,2026-01-14 13:20:00,2026-01-14 13:56:00,MSS,long,4640.4,4635.3,4635.3,4649.9,False,,4635.3,SL,-5.1,-55.0,36
2026-01-14 13:55:00,2026-01-14 14:21:00,2026-01-14 15:27:00,EXTEND,short,4638.1,4646.9,4646.9,4618.5,False,,4646.9,SL,-8.8,-92.0,66
2026-01-14 15:25:00,2026-01-14 15:35:00,2026-01-14 16:05:00,EXTEND,long,4644.6,4637.7,4637.7,4649.8,False,,4637.7,SL,-6.9,-73.0,30
2026-01-14 18:15:00,2026-01-14 18:22:00,2026-01-14 18:28:00,MSS,long,4643.2,4635.7,4635.7,4645.0,False,,4645.0,TP,1.8,13.71,6
2026-01-14 18:40:00,2026-01-14 18:59:00,2026-01-14 19:34:00,EXTEND,long,4641.1,4635.7,4635.7,4649.2,False,,4635.7,SL,-5.4,-58.0,35
2026-01-14 20:00:00,2026-01-14 20:05:00,2026-01-14 20:59:00,MSS,long,4644.8,4634.0,4634.0,4648.9,False,,4648.9,TP,4.1,36.59,54
2026-01-14 21:05:00,2026-01-14 21:14:00,2026-01-14 21:30:00,MSS,short,4636.2,4650.0,4650.0,4633.9,False,,4633.9,TP,2.3,19.29,16
2026-01-14 21:40:00,2026-01-14 21:54:00,2026-01-14 22:38:00,MSS,long,4643.2,4631.6,4631.6,4648.6,False,,4631.6,SL,-11.6,-120.0,44
2026-01-14 23:15:00,2026-01-14 23:21:00,2026-01-15 02:27:00,MSS,long,4630.0,4605.8,4605.8,4637.2,False,,4637.2,TP,7.2,67.69,186
2026-01-15 03:50:00,2026-01-15 07:00:00,2026-01-15 07:01:00,EXTEND,long,4636.4,4641.6,4641.6,4650.9,False,,4636.1,SL,-0.3,-7.0,1
2026-01-15 07:40:00,2026-01-15 07:52:00,2026-01-15 08:17:00,EXTEND,short,4615.2,4623.0,4623.0,4602.7,False,,4623.0,SL,-7.8,-82.0,25
2026-01-15 08:50:00,2026-01-15 08:58:00,2026-01-15 09:03:00,EXTEND,short,4619.3,4622.8,4622.8,4612.3,False,,4612.3,TP,7.0,66.41,5
2026-01-15 09:05:00,2026-01-15 09:14:00,2026-01-15 09:19:00,EXTEND,short,4613.6,4622.2,4622.2,4608.1,False,,4608.1,TP,5.5,50.97,5
2026-01-15 09:30:00,2026-01-15 09:53:00,2026-01-15 18:37:00,EXTEND,short,4608.7,4622.2,4622.2,4578.0,False,,4622.2,SL,-13.5,-139.0,524
2026-01-15 19:45:00,2026-01-15 19:53:00,2026-01-15 20:49:00,MSS,short,4621.6,4627.2,4627.2,4617.4,False,,4617.4,TP,4.2,37.79,56
2026-01-15 20:55:00,2026-01-15 21:04:00,2026-01-15 21:06:00,EXTEND,short,4615.1,4622.8,4622.8,4613.7,False,,4613.7,TP,1.4,10.44,2
2026-01-15 23:00:00,2026-01-15 23:08:00,2026-01-16 00:11:00,EXTEND,long,4612.8,4603.8,4603.8,4623.4,False,,4623.4,TP,10.6,101.58,63
2026-01-16 00:35:00,2026-01-16 00:40:00,2026-01-16 00:54:00,MSS,short,4610.1,4630.0,4630.0,4605.9,False,,4605.9,TP,4.2,38.3,14
2026-01-16 02:20:00,2026-01-16 02:33:00,2026-01-16 03:56:00,EXTEND,long,4622.1,4618.5,4618.5,4628.3,False,,4618.5,SL,-3.6,-40.0,83
2026-01-16 07:05:00,2026-01-16 07:22:00,2026-01-16 07:24:00,EXTEND,long,4618.3,4617.7,4617.7,4627.4,False,,4617.7,SL,-0.6,-10.0,2
2026-01-16 08:05:00,2026-01-16 08:19:00,2026-01-16 08:22:00,BOS,short,4612.3,4615.0,4615.0,4605.3,False,,4615.0,SL,-2.7,-31.0,3
2026-01-16 09:30:00,2026-01-16 09:35:00,2026-01-16 09:57:00,EXTEND,long,4608.1,4603.4,4603.4,4613.6,False,,4603.4,SL,-4.7,-51.0,22
2026-01-16 10:10:00,2026-01-16 10:18:00,2026-01-16 10:34:00,BOS,short,4604.5,4607.7,4607.7,4598.9,False,,4598.9,TP,5.6,51.63,16
2026-01-16 10:35:00,2026-01-16 11:15:00,2026-01-16 13:39:00,EXTEND,short,4601.6,4607.6,4607.6,4591.0,False,,4607.6,SL,-6.0,-64.0,144
2026-01-16 13:55:00,2026-01-16 14:20:00,2026-01-16 14:44:00,EXTEND,long,4610.4,4599.7,4599.7,4625.7,False,,4599.7,SL,-10.7,-111.0,24
2026-01-16 15:10:00,2026-01-16 15:26:00,2026-01-16 21:16:00,MSS,long,4610.7,4597.1,4597.1,4621.2,False,,4597.1,SL,-13.6,-140.0,350
2026-01-19 08:15:00,2026-01-19 08:30:00,2026-01-19 08:38:00,MSS,short,4681.1,4685.7,4685.7,4662.7,False,,4685.7,SL,-4.6,-50.0,8
2026-01-19 09:00:00,2026-01-19 09:09:00,2026-01-19 09:11:00,BOS,short,4678.0,4685.7,4685.7,4672.5,False,,4672.5,TP,5.5,51.08,2
2026-01-19 10:00:00,2026-01-19 10:08:00,2026-01-19 11:11:00,BOS,short,4668.5,4674.8,4674.8,4655.9,False,,4674.8,SL,-6.3,-67.0,63
2026-01-19 11:45:00,2026-01-19 11:52:00,2026-01-19 13:01:00,MSS,short,4665.6,4672.8,4672.8,4664.4,False,,4672.8,SL,-7.2,-76.0,69
2026-01-19 13:35:00,2026-01-19 13:42:00,2026-01-19 13:43:00,MSS,short,4671.7,4680.3,4680.3,4670.9,False,,4670.9,TP,0.8,3.98,1
2026-01-19 13:40:00,2026-01-19 13:58:00,2026-01-19 14:32:00,EXTEND,short,4675.9,4680.3,4680.3,4667.0,False,,4680.3,SL,-4.4,-48.0,34
2026-01-19 14:35:00,2026-01-19 14:45:00,2026-01-19 14:56:00,EXTEND,long,4679.2,4675.3,4675.3,4684.1,False,,4684.1,TP,4.9,44.63,11
2026-01-19 14:55:00,2026-01-19 15:05:00,2026-01-19 15:10:00,BOS,long,4683.4,4677.1,4677.1,4686.5,False,,4677.1,SL,-6.3,-67.0,5
2026-01-19 15:55:00,2026-01-19 16:09:00,2026-01-20 01:54:00,EXTEND,short,4675.6,4683.8,4683.8,4662.1,False,,4683.8,SL,-8.2,-86.0,585
2026-01-20 02:20:00,2026-01-20 02:37:00,2026-01-20 03:11:00,BOS,long,4682.0,4679.0,4679.0,4688.0,False,,4679.0,SL,-3.0,-34.0,34
2026-01-20 08:00:00,2026-01-20 08:09:00,2026-01-20 08:10:00,BOS,short,4672.4,4672.4,4672.4,4669.2,False,,4672.4,SL,0.0,-4.0,1
2026-01-20 08:25:00,2026-01-20 08:37:00,2026-01-20 09:04:00,MSS,short,4669.5,4674.2,4674.2,4663.3,False,,4674.2,SL,-4.7,-51.0,27
2026-01-20 09:05:00,2026-01-20 09:24:00,2026-01-20 11:40:00,EXTEND,long,4673.9,4666.4,4666.4,4682.9,False,,4682.9,TP,9.0,86.1,136
2026-01-20 13:10:00,2026-01-20 13:25:00,2026-01-20 13:30:00,BOS,long,4704.6,4700.5,4700.5,4709.6,False,,4700.5,SL,-4.1,-45.0,5
2026-01-20 14:40:00,2026-01-20 14:56:00,2026-01-20 15:13:00,EXTEND,short,4719.2,4723.4,4723.4,4707.9,False,,4723.4,SL,-4.2,-46.0,17
2026-01-20 16:05:00,2026-01-20 16:11:00,2026-01-20 16:53:00,MSS,long,4730.9,4720.2,4720.2,4733.5,False,,4733.5,TP,2.6,22.35,42
2026-01-20 17:25:00,2026-01-20 17:30:00,2026-01-20 21:15:00,MSS,long,4740.9,4727.2,4727.2,4743.5,False,,4727.2,SL,-13.7,-141.0,225
2026-01-20 21:30:00,2026-01-20 21:39:00,2026-01-20 21:41:00,EXTEND,short,4725.9,4731.9,4731.9,4716.5,False,,4731.9,SL,-6.0,-64.0,2
2026-01-20 22:30:00,2026-01-20 22:35:00,2026-01-20 23:25:00,MSS,short,4735.5,4756.2,4756.2,4730.2,False,,4730.2,TP,5.3,49.35,50
2026-01-20 23:25:00,2026-01-20 23:51:00,2026-01-21 00:50:00,EXTEND,short,4740.6,4753.7,4753.7,4719.4,False,,4753.7,SL,-13.1,-135.0,59
2026-01-21 07:00:00,2026-01-21 07:07:00,2026-01-21 07:15:00,MSS,short,4765.3,4769.2,4769.2,4761.5,False,,4761.5,TP,3.8,34.47,8
2026-01-21 07:40:00,2026-01-21 07:46:00,2026-01-21 07:47:00,MSS,long,4781.8,4761.8,4761.8,4782.4,False,,4782.4,TP,0.6,1.74,1
2026-01-21 08:55:00,2026-01-21 09:01:00,2026-01-21 09:02:00,EXTEND,long,4792.7,4786.9,4786.9,4794.5,False,,4794.5,TP,1.8,14.2,1
2026-01-21 09:50:00,2026-01-21 10:14:00,2026-01-21 12:23:00,BOS,long,4831.4,4818.1,4818.1,4855.3,False,,4855.3,TP,23.9,235.11,129
2026-01-21 13:05:00,2026-01-21 13:12:00,2026-01-21 13:18:00,EXTEND,short,4866.9,4873.8,4873.8,4858.2,False,,4873.8,SL,-6.9,-73.0,6
2026-01-21 13:20:00,2026-01-21 13:28:00,2026-01-21 14:22:00,EXTEND,long,4870.7,4861.5,4861.5,4881.1,False,,4881.1,TP,10.4,99.58,54
2026-01-21 14:35:00,2026-01-21 14:40:00,2026-01-21 14:42:00,MSS,short,4869.6,4890.9,4890.9,4864.4,False,,4864.4,TP,5.2,48.43,2
2026-01-21 15:50:00,2026-01-21 15:55:00,2026-01-21 16:05:00,MSS,long,4858.7,4840.7,4840.7,4864.4,False,,4864.4,TP,5.7,53.49,10
2026-01-21 16:25:00,2026-01-21 16:34:00,2026-01-21 16:50:00,EXTEND,long,4865.0,4858.1,4858.1,4875.4,False,,4858.1,SL,-6.9,-73.0,16
2026-01-21 16:55:00,2026-01-21 17:12:00,2026-01-21 17:25:00,MSS,short,4861.7,4871.7,4871.7,4848.7,False,,4871.7,SL,-10.0,-104.0,13
2026-01-21 17:30:00,2026-01-21 17:45:00,2026-01-21 19:46:00,EXTEND,long,4869.4,4860.3,4860.3,4884.4,False,,4860.3,SL,-9.1,-95.0,121
2026-01-21 19:45:00,2026-01-21 20:06:00,2026-01-21 21:11:00,MSS,short,4866.3,4874.0,4874.0,4852.8,False,,4874.0,SL,-7.7,-81.0,65
2026-01-21 21:10:00,2026-01-21 21:25:00,2026-01-21 21:37:00,EXTEND,long,4867.3,4861.0,4861.0,4877.9,False,,4877.9,TP,10.6,101.91,12
2026-01-21 22:05:00,2026-01-21 22:10:00,2026-01-21 23:19:00,EXTEND,short,4851.6,4883.4,4883.4,4832.9,False,,4832.9,TP,18.7,183.46,69
2026-01-21 23:50:00,2026-01-21 23:56:00,2026-01-22 00:20:00,MSS,long,4855.0,4834.9,4834.9,4859.9,False,,4834.9,SL,-20.1,-205.0,24
2026-01-22 00:25:00,2026-01-22 00:36:00,2026-01-22 00:52:00,EXTEND,short,4845.8,4858.2,4858.2,4824.3,False,,4824.3,TP,21.5,211.09,16
2026-01-22 01:30:00,2026-01-22 01:41:00,2026-01-22 01:58:00,BOS,short,4812.0,4828.8,4828.8,4797.9,False,,4828.8,SL,-16.8,-172.0,17
2026-01-22 03:25:00,2026-01-22 03:30:00,2026-01-22 03:35:00,MSS,short,4804.5,4856.9,4856.9,4793.4,False,,4793.4,TP,11.1,107.0,5
2026-01-22 07:00:00,2026-01-22 07:06:00,2026-01-22 07:08:00,BOS,short,4811.2,4842.9,4842.9,4809.9,False,,4809.9,TP,1.3,9.2,2
2026-01-22 07:55:00,2026-01-22 08:13:00,2026-01-22 08:57:00,BOS,short,4792.2,4799.5,4799.5,4773.6,False,,4799.5,SL,-7.3,-77.0,44
2026-01-22 09:00:00,2026-01-22 09:12:00,2026-01-22 09:19:00,MSS,short,4782.1,4799.8,4799.8,4765.3,False,,4799.8,SL,-17.7,-181.0,7
2026-01-22 09:20:00,2026-01-22 10:34:00,2026-01-22 13:59:00,EXTEND,long,4785.5,4772.6,4772.6,4821.4,False,,4821.4,TP,35.9,354.68,205
2026-01-22 15:00:00,2026-01-22 15:06:00,2026-01-22 15:07:00,MSS,long,4834.6,4821.7,4821.7,4835.5,False,,4835.5,TP,0.9,5.43,1
2026-01-22 15:45:00,2026-01-22 15:59:00,2026-01-22 16:09:00,EXTEND,short,4833.5,4839.3,4839.3,4829.8,False,,4829.8,TP,3.7,33.25,10
2026-01-22 16:55:00,2026-01-22 17:01:00,2026-01-22 17:03:00,MSS,long,4832.9,4823.3,4823.3,4836.1,False,,4836.1,TP,3.2,28.27,2
2026-01-22 18:50:00,2026-01-22 19:01:00,2026-01-22 19:13:00,BOS,long,4831.5,4828.1,4828.1,4835.2,False,,4828.1,SL,-3.4,-38.0,12
2026-01-22 19:15:00,2026-01-22 19:24:00,2026-01-22 19:46:00,EXTEND,short,4830.1,4834.0,4834.0,4824.1,False,,4834.0,SL,-3.9,-43.0,22
2026-01-22 19:55:00,2026-01-22 20:06:00,2026-01-22 20:09:00,EXTEND,long,4828.5,4827.1,4827.1,4841.6,False,,4827.1,SL,-1.4,-18.0,3
2026-01-22 20:05:00,2026-01-22 20:28:00,2026-01-22 20:59:00,MSS,short,4833.1,4838.5,4838.5,4822.1,False,,4822.1,TP,11.0,105.83,31
2026-01-22 21:00:00,2026-01-22 21:20:00,2026-01-22 21:22:00,EXTEND,short,4829.7,4834.8,4834.8,4812.8,False,,4834.8,SL,-5.1,-55.0,2
2026-01-22 21:25:00,2026-01-22 21:37:00,2026-01-22 21:42:00,EXTEND,long,4824.3,4817.5,4817.5,4842.9,False,,4817.5,SL,-6.8,-72.0,5
2026-01-22 21:40:00,2026-01-22 22:06:00,2026-01-22 22:32:00,MSS,short,4823.2,4837.5,4837.5,4803.8,False,,4837.5,SL,-14.3,-147.0,26
2026-01-22 22:30:00,2026-01-22 23:02:00,2026-01-22 23:28:00,EXTEND,long,4838.7,4821.7,4821.7,4857.0,False,,4857.0,TP,18.3,179.06,26
2026-01-23 00:50:00,2026-01-23 00:58:00,2026-01-23 01:08:00,EXTEND,long,4880.4,4876.0,4876.0,4891.2,False,,4876.0,SL,-4.4,-48.0,10
2026-01-23 03:10:00,2026-01-23 03:29:00,2026-01-23 03:45:00,EXTEND,long,4917.8,4913.9,4913.9,4931.0,False,,4913.9,SL,-3.9,-43.0,16
2026-01-23 07:10:00,2026-01-23 07:17:00,2026-01-23 07:30:00,EXTEND,long,4948.1,4938.1,4938.1,4970.7,False,,4938.1,SL,-10.0,-104.0,13
2026-01-23 07:30:00,2026-01-23 07:57:00,2026-01-23 08:02:00,MSS,short,4959.9,4963.8,4963.8,4924.3,False,,4963.8,SL,-3.9,-43.0,5
2026-01-23 09:00:00,2026-01-23 09:05:00,2026-01-23 13:50:00,MSS,short,4942.2,4968.5,4968.5,4930.4,False,,4968.5,SL,-26.3,-267.0,285
2026-01-26 08:30:00,2026-01-26 08:38:00,2026-01-26 09:01:00,MSS,long,5048.9,5029.4,5029.4,5053.0,False,,5029.4,SL,-19.5,-199.0,23
2026-01-26 10:30:00,2026-01-26 11:04:00,2026-01-26 12:32:00,EXTEND,long,5079.3,5064.4,5064.4,5098.8,False,,5064.4,SL,-14.9,-153.0,88
2026-01-27 07:45:00,2026-01-27 08:01:00,2026-01-27 08:39:00,EXTEND,long,5041.6,5033.6,5033.6,5062.2,False,,5033.6,SL,-8.0,-84.0,38
2026-01-27 09:05:00,2026-01-27 09:11:00,2026-01-27 09:12:00,MSS,long,5056.9,5013.3,5013.3,5055.6,False,,5057.0,TP,0.1,-3.0,1
2026-01-27 10:00:00,2026-01-27 10:12:00,2026-01-27 10:41:00,EXTEND,short,5060.1,5071.6,5071.6,5036.3,False,,5071.6,SL,-11.5,-119.0,29
2026-01-27 10:45:00,2026-01-27 10:56:00,2026-01-27 11:16:00,EXTEND,long,5068.0,5055.5,5055.5,5079.9,False,,5055.5,SL,-12.5,-129.0,20
2026-01-28 08:05:00,2026-01-28 08:10:00,2026-01-28 08:54:00,EXTEND,short,5160.7,5174.6,5174.6,5148.6,False,,5174.6,SL,-13.9,-143.0,44
2026-01-28 09:05:00,2026-01-28 09:14:00,2026-01-28 09:44:00,EXTEND,long,5187.0,5157.5,5157.5,5209.7,False,,5209.7,TP,22.7,222.97,30
2026-01-28 11:10:00,2026-01-28 11:42:00,2026-01-28 13:10:00,EXTEND,long,5223.9,5213.9,5213.9,5249.6,False,,5249.6,TP,25.7,252.87,88
2026-01-28 13:40:00,2026-01-28 14:07:00,2026-01-28 14:53:00,BOS,long,5251.3,5244.3,5244.3,5263.2,False,,5263.2,TP,11.9,115.23,46
2026-01-28 16:45:00,2026-01-28 17:02:00,2026-01-28 17:19:00,MSS,short,5287.5,5306.7,5306.7,5267.2,False,,5267.2,TP,20.3,198.97,17
2026-01-28 17:40:00,2026-01-28 17:53:00,2026-01-28 18:09:00,BOS,short,5270.1,5276.3,5276.3,5253.4,False,,5276.3,SL,-6.2,-66.0,16
2026-01-28 18:10:00,2026-01-28 18:39:00,2026-01-28 19:04:00,EXTEND,long,5268.1,5258.3,5258.3,5287.5,False,,5258.3,SL,-9.8,-102.0,25
2026-01-28 19:45:00,2026-01-28 19:51:00,2026-01-28 20:07:00,MSS,long,5261.6,5246.1,5246.1,5263.8,False,,5246.1,SL,-15.5,-159.0,16
2026-01-28 21:00:00,2026-01-28 21:13:00,2026-01-28 21:38:00,EXTEND,long,5268.4,5259.0,5259.0,5289.5,False,,5259.0,SL,-9.4,-98.0,25
2026-01-28 22:05:00,2026-01-28 22:18:00,2026-01-28 22:22:00,EXTEND,short,5257.2,5263.0,5263.0,5236.6,False,,5263.0,SL,-5.8,-62.0,4
2026-01-28 23:05:00,2026-01-28 23:16:00,2026-01-29 00:46:00,MSS,short,5251.7,5292.3,5292.3,5211.5,False,,5292.3,SL,-40.6,-410.0,90
2026-01-29 01:00:00,2026-01-29 01:20:00,2026-01-29 02:21:00,EXTEND,long,5294.1,5273.8,5273.8,5313.4,False,,5313.4,TP,19.3,189.24,61
2026-01-29 02:20:00,2026-01-29 02:33:00,2026-01-29 02:34:00,EXTEND,long,5286.9,5289.4,5289.4,5333.3,False,,5286.8,SL,-0.1,-5.0,1
2026-01-29 07:35:00,2026-01-29 07:48:00,2026-01-29 08:01:00,EXTEND,long,5505.8,5463.9,5463.9,5620.2,False,,5463.9,SL,-41.9,-423.0,13
2026-02-12 21:45:00,2026-02-12 23:40:00,2026-02-12 23:59:00,BOS,long,5068.1,5061.9,5061.9,5079.3,False,,5059.8,SL,-8.3,-87.0,2
2026-02-26 08:55:00,2026-02-26 09:00:00,2026-02-26 09:01:00,EXTEND,long,5206.9,5196.3,5196.3,5210.4,False,,5210.4,TP,3.5,30.97,1
2026-02-26 09:00:00,2026-02-26 09:12:00,2026-02-26 09:28:00,EXTEND,long,5202.9,5196.3,5196.3,5218.8,False,,5196.3,SL,-6.6,-70.0,16
2026-02-26 09:30:00,2026-02-26 09:39:00,2026-02-26 10:00:00,EXTEND,short,5200.7,5211.1,5211.1,5189.6,False,,5211.1,SL,-10.4,-108.0,21
2026-02-26 10:50:00,2026-02-26 10:55:00,2026-02-26 11:04:00,MSS,long,5200.9,5189.1,5189.1,5203.3,False,,5203.3,TP,2.4,20.24,9
2026-02-26 13:25:00,2026-02-26 13:49:00,2026-02-26 15:02:00,EXTEND,long,5210.0,5206.4,5206.4,5225.8,False,,5206.4,SL,-3.6,-40.0,73
2026-02-26 15:05:00,2026-02-26 15:20:00,2026-02-26 16:27:00,BOS,short,5203.9,5211.5,5211.5,5193.8,False,,5193.8,TP,10.1,96.53,67
2026-02-26 16:45:00,2026-02-26 16:53:00,2026-02-26 20:01:00,EXTEND,short,5194.9,5207.7,5207.7,5176.5,False,,5176.5,TP,18.4,180.42,188
2026-02-26 20:00:00,2026-02-26 20:13:00,2026-02-26 20:23:00,EXTEND,short,5183.7,5191.6,5191.6,5168.1,False,,5191.6,SL,-7.9,-83.0,10
2026-02-26 21:10:00,2026-02-26 21:23:00,2026-02-26 22:00:00,EXTEND,short,5191.7,5200.9,5200.9,5180.1,False,,5180.1,TP,11.6,112.28,37
2026-02-26 22:25:00,2026-02-26 22:34:00,2026-02-26 22:40:00,EXTEND,long,5181.6,5175.9,5175.9,5192.2,False,,5175.9,SL,-5.7,-61.0,6
2026-02-26 22:45:00,2026-02-26 22:54:00,2026-02-26 23:01:00,EXTEND,long,5185.1,5175.9,5175.9,5197.0,False,,5175.9,SL,-9.2,-96.0,7
2026-02-26 23:40:00,2026-02-26 23:45:00,2026-02-26 23:51:00,MSS,long,5195.5,5145.2,5145.2,5205.7,False,,5205.7,TP,10.2,97.52,6
2026-02-27 01:45:00,2026-02-27 01:53:00,2026-02-27 02:28:00,BOS,short,5183.3,5194.9,5194.9,5177.8,False,,5194.9,SL,-11.6,-120.0,35
2026-02-27 02:30:00,2026-02-27 02:36:00,2026-02-27 02:51:00,EXTEND,long,5187.9,5180.4,5180.4,5202.5,False,,5202.5,TP,14.6,141.98,15
2026-02-27 03:45:00,2026-02-27 07:00:00,2026-02-27 07:01:00,BOS,long,5206.8,5200.3,5200.3,5214.4,False,,5200.3,SL,-6.5,-69.0,1
2026-02-27 07:00:00,2026-02-27 07:08:00,2026-02-27 08:21:00,BOS,short,5196.6,5208.6,5208.6,5187.6,False,,5208.6,SL,-12.0,-124.0,73
2026-02-27 08:35:00,2026-02-27 08:41:00,2026-02-27 10:00:00,MSS,short,5188.5,5211.5,5211.5,5180.8,False,,5211.5,SL,-23.0,-234.0,79
2026-03-02 10:05:00,2026-03-02 10:13:00,2026-03-02 10:37:00,EXTEND,short,5340.0,5351.8,5351.8,5322.8,False,,5351.8,SL,-11.8,-122.0,24
2026-03-02 11:30:00,2026-03-02 11:37:00,2026-03-02 11:38:00,EXTEND,long,5374.6,5362.6,5362.6,5376.4,False,,5376.4,TP,1.8,14.43,1
2026-03-02 12:00:00,2026-03-02 12:10:00,2026-03-02 12:36:00,EXTEND,long,5371.4,5366.2,5366.2,5383.9,False,,5366.2,SL,-5.2,-56.0,26
2026-03-02 13:30:00,2026-03-02 13:38:00,2026-03-02 13:43:00,MSS,long,5371.7,5353.6,5353.6,5375.8,False,,5375.8,TP,4.1,37.25,5
2026-03-02 16:40:00,2026-03-02 16:50:00,2026-03-02 16:59:00,MSS,short,5421.0,5432.0,5432.0,5406.0,False,,5406.0,TP,15.0,146.35,9
2026-03-02 17:20:00,2026-03-02 17:34:00,2026-03-02 18:06:00,EXTEND,short,5412.2,5425.9,5425.9,5393.6,False,,5393.6,TP,18.6,181.58,32
2026-03-02 18:40:00,2026-03-02 18:57:00,2026-03-02 19:10:00,EXTEND,long,5400.7,5398.1,5398.1,5421.5,False,,5398.1,SL,-2.6,-30.0,13
2026-03-02 19:45:00,2026-03-02 20:14:00,2026-03-02 21:03:00,MSS,short,5405.8,5414.8,5414.8,5379.5,False,,5414.8,SL,-9.0,-94.0,49
2026-03-02 21:10:00,2026-03-02 21:27:00,2026-03-02 21:30:00,MSS,short,5413.1,5425.5,5425.5,5388.0,False,,5425.5,SL,-12.4,-128.0,3
2026-03-03 00:25:00,2026-03-03 00:38:00,2026-03-03 03:04:00,MSS,long,5318.2,5294.5,5294.5,5337.7,False,,5337.7,TP,19.5,190.8,146
2026-03-03 07:05:00,2026-03-03 07:24:00,2026-03-03 08:17:00,EXTEND,long,5349.7,5335.4,5335.4,5368.7,False,,5368.7,TP,19.0,185.74,53
2026-03-03 08:30:00,2026-03-03 08:55:00,2026-03-03 09:07:00,EXTEND,long,5366.6,5350.4,5350.4,5384.1,False,,5384.1,TP,17.5,170.55,12
2026-03-03 09:25:00,2026-03-03 09:50:00,2026-03-03 09:56:00,EXTEND,long,5367.6,5360.4,5360.4,5403.7,False,,5360.4,SL,-7.2,-76.0,6
2026-03-03 10:00:00,2026-03-03 10:32:00,2026-03-03 13:53:00,EXTEND,short,5374.2,5394.5,5394.5,5333.3,False,,5333.3,TP,40.9,405.14,201
2026-03-03 14:10:00,2026-03-03 14:24:00,2026-03-03 15:38:00,BOS,short,5321.5,5337.0,5337.0,5279.6,False,,5337.0,SL,-15.5,-159.0,74
2026-03-03 16:05:00,2026-03-03 16:17:00,2026-03-03 16:31:00,EXTEND,long,5338.3,5321.7,5321.7,5356.4,False,,5321.7,SL,-16.6,-170.0,14
2026-03-03 16:55:00,2026-03-03 17:04:00,2026-03-03 17:05:00,BOS,short,5302.2,5324.2,5324.2,5296.9,False,,5296.9,TP,5.3,49.05,1
2026-03-03 17:05:00,2026-03-03 17:13:00,2026-03-03 17:25:00,EXTEND,short,5307.0,5324.2,5324.2,5288.3,False,,5288.3,TP,18.7,183.41,12
2026-03-03 17:55:00,2026-03-03 18:03:00,2026-03-03 18:04:00,EXTEND,long,5297.0,5270.9,5270.9,5298.7,False,,5298.7,TP,1.7,13.13,1
2026-03-03 18:00:00,2026-03-03 18:10:00,2026-03-03 18:38:00,BOS,long,5288.7,5270.9,5270.9,5307.6,False,,5270.9,SL,-17.8,-182.0,28
2026-03-03 21:00:00,2026-03-03 21:05:00,2026-03-03 21:07:00,MSS,short,5180.8,5236.8,5236.8,5171.0,False,,5171.0,TP,9.8,93.86,2
2026-03-03 21:50:00,2026-03-03 22:14:00,2026-03-03 22:31:00,BOS,short,5175.5,5197.7,5197.7,5128.9,False,,5128.9,TP,46.6,462.34,17
2026-03-04 00:35:00,2026-03-04 00:47:00,2026-03-04 00:49:00,BOS,long,5119.6,5117.8,5117.8,5153.2,False,,5117.8,SL,-1.8,-22.0,2
2026-03-04 02:00:00,2026-03-04 02:09:00,2026-03-04 02:11:00,MSS,long,5108.8,5077.6,5077.6,5114.0,False,,5114.0,TP,5.2,48.49,2
2026-03-04 03:05:00,2026-03-04 03:10:00,2026-03-04 03:11:00,MSS,short,5130.9,5161.4,5161.4,5131.6,False,,5131.4,TP,-0.5,-9.0,1
2026-03-04 08:00:00,2026-03-04 08:14:00,2026-03-04 08:20:00,MSS,short,5124.3,5136.0,5136.0,5108.6,False,,5136.0,SL,-11.7,-121.0,6
2026-03-04 08:50:00,2026-03-04 08:56:00,2026-03-04 09:00:00,EXTEND,long,5142.4,5130.6,5130.6,5154.3,False,,5154.3,TP,11.9,115.49,4
2026-03-04 10:10:00,2026-03-04 10:26:00,2026-03-04 10:35:00,EXTEND,long,5189.3,5177.4,5177.4,5206.7,False,,5177.4,SL,-11.9,-123.0,9
2026-03-04 12:10:00,2026-03-04 12:25:00,2026-03-04 12:42:00,EXTEND,long,5175.6,5162.3,5162.3,5197.2,False,,5162.3,SL,-13.3,-137.0,17
2026-03-04 12:40:00,2026-03-04 12:47:00,2026-03-04 14:01:00,MSS,short,5165.7,5180.5,5180.5,5155.0,False,,5155.0,TP,10.7,103.27,74
2026-03-04 14:05:00,2026-03-04 14:14:00,2026-03-04 15:02:00,EXTEND,short,5151.0,5177.3,5177.3,5115.3,False,,5177.3,SL,-26.3,-267.0,48
2026-03-05 08:20:00,2026-03-05 08:49:00,2026-03-05 09:10:00,EXTEND,long,5188.1,5170.6,5170.6,5196.8,False,,5196.8,TP,8.7,82.62,21
2026-03-05 09:10:00,2026-03-05 09:26:00,2026-03-05 09:42:00,EXTEND,long,5188.7,5177.7,5177.7,5203.4,False,,5177.7,SL,-11.0,-114.0,16
2026-03-05 10:20:00,2026-03-05 10:40:00,2026-03-05 10:58:00,EXTEND,long,5191.9,5182.0,5182.0,5201.6,False,,5201.6,TP,9.7,92.58,18
2026-03-05 11:05:00,2026-03-05 11:32:00,2026-03-05 12:44:00,EXTEND,long,5196.6,5183.3,5183.3,5210.2,False,,5183.3,SL,-13.3,-137.0,72
2026-03-05 14:10:00,2026-03-05 14:42:00,2026-03-05 15:02:00,EXTEND,short,5159.3,5178.4,5178.4,5116.2,False,,5178.4,SL,-19.1,-195.0,20
2026-03-05 16:20:00,2026-03-05 16:43:00,2026-03-05 16:45:00,EXTEND,short,5169.9,5175.4,5175.4,5138.4,False,,5175.4,SL,-5.5,-59.0,2
2026-03-06 07:00:00,2026-03-06 07:12:00,2026-03-06 08:00:00,EXTEND,long,5096.8,5081.9,5081.9,5126.5,False,,5081.9,SL,-14.9,-153.0,48
2026-03-06 08:00:00,2026-03-06 08:11:00,2026-03-06 09:36:00,MSS,short,5095.8,5111.6,5111.6,5068.2,False,,5111.6,SL,-15.8,-162.0,85
2026-03-09 08:45:00,2026-03-09 09:00:00,2026-03-09 09:01:00,BOS,short,5025.7,5067.6,5067.6,5032.7,False,,5025.3,TP,0.4,-0.0,1
2026-03-09 09:05:00,2026-03-09 09:11:00,2026-03-09 09:14:00,MSS,long,5068.0,5020.8,5020.8,5079.2,False,,5079.2,TP,11.2,108.2,3
2026-03-09 10:10:00,2026-03-09 10:30:00,2026-03-09 13:33:00,MSS,long,5093.0,5061.3,5061.3,5114.1,False,,5114.1,TP,21.1,207.32,183
2026-03-09 15:30:00,2026-03-09 15:41:00,2026-03-09 15:48:00,EXTEND,long,5114.3,5102.5,5102.5,5118.6,False,,5102.5,SL,-11.8,-122.0,7
2026-03-09 16:00:00,2026-03-09 16:17:00,2026-03-09 16:28:00,BOS,long,5112.5,5101.0,5101.0,5123.2,False,,5101.0,SL,-11.5,-119.0,11
2026-03-09 16:50:00,2026-03-09 16:58:00,2026-03-09 17:08:00,EXTEND,long,5106.1,5096.6,5096.6,5114.6,False,,5114.6,TP,8.5,81.34,10
2026-03-09 17:30:00,2026-03-09 17:50:00,2026-03-09 18:31:00,EXTEND,long,5115.0,5100.3,5100.3,5151.7,False,,5100.3,SL,-14.7,-151.0,41
2026-03-09 18:55:00,2026-03-09 19:06:00,2026-03-09 19:20:00,BOS,short,5099.9,5107.7,5107.7,5090.4,False,,5090.4,TP,9.5,90.72,14
2026-03-09 19:20:00,2026-03-09 19:38:00,2026-03-09 20:20:00,EXTEND,short,5096.2,5107.7,5107.7,5080.4,False,,5107.7,SL,-11.5,-119.0,42
2026-03-09 21:05:00,2026-03-09 21:18:00,2026-03-09 21:30:00,BOS,short,5101.2,5107.6,5107.6,5092.0,False,,5107.6,SL,-6.4,-68.0,12
2026-03-09 21:40:00,2026-03-09 21:45:00,2026-03-09 22:11:00,MSS,short,5081.0,5119.7,5119.7,5071.9,False,,5071.9,TP,9.1,86.52,26
2026-03-09 22:45:00,2026-03-09 23:12:00,2026-03-10 03:01:00,EXTEND,long,5095.4,5067.4,5067.4,5140.2,False,,5140.2,TP,44.8,443.71,229
2026-03-10 03:20:00,2026-03-10 03:39:00,2026-03-10 06:24:00,EXTEND,long,5140.5,5128.0,5128.0,5161.5,False,,5128.0,SL,-12.5,-129.0,105
2026-03-10 07:15:00,2026-03-10 07:36:00,2026-03-10 07:44:00,BOS,long,5153.3,5147.7,5147.7,5170.9,False,,5147.7,SL,-5.6,-60.0,8
2026-03-10 08:30:00,2026-03-10 08:39:00,2026-03-10 09:01:00,EXTEND,short,5143.2,5151.5,5151.5,5130.0,False,,5151.5,SL,-8.3,-87.0,22
2026-03-10 13:30:00,2026-03-10 13:42:00,2026-03-10 13:49:00,MSS,short,5178.8,5180.8,5180.8,5174.8,False,,5180.8,SL,-2.0,-24.0,7
2026-03-10 14:10:00,2026-03-10 14:29:00,2026-03-10 15:19:00,EXTEND,long,5185.2,5178.0,5178.0,5193.2,False,,5178.0,SL,-7.2,-76.0,50
2026-03-10 15:50:00,2026-03-10 15:59:00,2026-03-10 16:30:00,EXTEND,long,5190.2,5167.4,5167.4,5195.1,False,,5195.1,TP,4.9,44.86,31
2026-03-10 16:45:00,2026-03-10 17:02:00,2026-03-10 18:05:00,EXTEND,long,5194.0,5185.0,5185.0,5209.0,False,,5185.0,SL,-9.0,-94.0,63
2026-03-10 18:05:00,2026-03-10 18:17:00,2026-03-10 18:31:00,EXTEND,short,5185.0,5198.3,5198.3,5180.4,False,,5180.4,TP,4.6,42.07,14
2026-03-10 18:35:00,2026-03-10 18:54:00,2026-03-10 19:04:00,EXTEND,short,5182.5,5191.4,5191.4,5158.8,False,,5191.4,SL,-8.9,-93.0,10
2026-03-11 07:55:00,2026-03-11 08:00:00,2026-03-11 08:05:00,MSS,long,5205.2,5195.3,5195.3,5207.4,False,,5195.3,SL,-9.9,-103.0,5
2026-03-11 09:00:00,2026-03-11 09:11:00,2026-03-11 10:00:00,EXTEND,long,5223.4,5214.8,5214.8,5235.1,False,,5214.8,SL,-8.6,-90.0,49
2026-03-11 10:10:00,2026-03-11 10:44:00,2026-03-11 10:52:00,EXTEND,short,5215.9,5225.7,5225.7,5195.3,False,,5225.7,SL,-9.8,-102.0,8
2026-03-11 11:00:00,2026-03-11 11:31:00,2026-03-11 11:53:00,EXTEND,long,5215.6,5209.5,5209.5,5234.1,False,,5209.5,SL,-6.1,-65.0,22
2026-03-12 06:55:00,2026-03-12 07:22:00,2026-03-12 09:44:00,BOS,short,5158.1,5174.5,5174.5,5125.1,False,,5174.5,SL,-16.4,-168.0,142
2026-03-12 11:35:00,2026-03-12 11:46:00,2026-03-12 11:50:00,BOS,short,5156.6,5159.7,5159.7,5150.9,False,,5159.7,SL,-3.1,-35.0,4
2026-03-12 12:25:00,2026-03-12 12:32:00,2026-03-12 12:34:00,EXTEND,short,5156.2,5159.4,5159.4,5153.8,False,,5153.8,TP,2.4,19.88,2
2026-03-12 13:10:00,2026-03-12 13:22:00,2026-03-12 13:25:00,EXTEND,long,5149.8,5145.3,5145.3,5156.3,False,,5145.3,SL,-4.5,-49.0,3
2026-03-12 14:25:00,2026-03-12 14:31:00,2026-03-12 14:32:00,MSS,long,5165.2,5152.5,5152.5,5165.6,False,,5165.6,TP,0.4,-0.19,1
2026-03-12 16:00:00,2026-03-12 16:49:00,2026-03-12 20:07:00,EXTEND,long,5185.9,5174.2,5174.2,5201.5,False,,5174.2,SL,-11.7,-121.0,198
2026-03-13 06:55:00,2026-03-13 07:04:00,2026-03-13 07:24:00,BOS,long,5096.4,5088.8,5088.8,5102.3,False,,5102.3,TP,5.9,54.62,20
2026-03-13 07:25:00,2026-03-13 07:31:00,2026-03-13 08:00:00,EXTEND,long,5099.4,5093.1,5093.1,5105.4,False,,5105.4,TP,6.0,56.19,29
2026-03-13 09:45:00,2026-03-13 09:52:00,2026-03-13 09:58:00,EXTEND,short,5114.1,5125.2,5125.2,5107.8,False,,5125.2,SL,-11.1,-115.0,6
2026-03-13 10:20:00,2026-03-13 10:30:00,2026-03-13 10:59:00,MSS,short,5124.6,5132.4,5132.4,5115.0,False,,5115.0,TP,9.6,91.99,29
2026-03-13 11:35:00,2026-03-13 11:44:00,2026-03-13 11:46:00,BOS,short,5113.7,5117.7,5117.7,5106.7,False,,5117.7,SL,-4.0,-44.0,2
2026-03-13 12:20:00,2026-03-13 12:29:00,2026-03-13 13:44:00,MSS,short,5108.5,5121.4,5121.4,5102.6,False,,5102.6,TP,5.9,54.96,75
2026-03-13 14:00:00,2026-03-13 14:05:00,2026-03-13 14:21:00,MSS,long,5111.0,5100.4,5100.4,5113.2,False,,5100.4,SL,-10.6,-110.0,16
2026-03-13 15:20:00,2026-03-13 15:39:00,2026-03-13 16:21:00,EXTEND,short,5092.3,5098.4,5098.4,5069.4,False,,5069.4,TP,22.9,224.56,42
2026-03-13 16:35:00,2026-03-13 16:40:00,2026-03-13 16:59:00,MSS,long,5087.4,5066.0,5066.0,5093.1,False,,5093.1,TP,5.7,52.51,19
2026-03-13 17:05:00,2026-03-13 17:45:00,2026-03-13 19:57:00,EXTEND,long,5090.8,5080.6,5080.6,5107.7,False,,5107.7,TP,16.9,164.51,132
2026-03-13 20:45:00,2026-03-13 21:04:00,2026-03-13 21:25:00,BOS,long,5126.6,5114.2,5114.2,5132.2,False,,5114.2,SL,-12.4,-128.0,21
2026-03-13 21:35:00,2026-03-13 21:48:00,2026-03-13 22:14:00,EXTEND,short,5118.8,5121.2,5121.2,5097.3,False,,5097.3,TP,21.5,210.76,26
2026-03-14 00:05:00,2026-03-14 00:39:00,2026-03-17 00:00:00,EXTEND,short,5049.8,5072.8,5072.8,5009.8,False,,4991.6,TP,58.2,578.0,261
2026-03-17 00:35:00,2026-03-17 00:45:00,2026-03-17 01:10:00,EXTEND,short,4989.6,5004.2,5004.2,4971.6,False,,5004.2,SL,-14.6,-150.0,25
2026-03-17 07:20:00,2026-03-17 07:25:00,2026-03-17 07:32:00,MSS,long,5014.0,5005.5,5005.5,5016.5,False,,5016.5,TP,2.5,21.49,7
2026-03-17 07:55:00,2026-03-17 08:06:00,2026-03-17 08:27:00,EXTEND,long,5013.8,5005.5,5005.5,5025.1,False,,5005.5,SL,-8.3,-87.0,21
2026-03-17 08:50:00,2026-03-17 08:59:00,2026-03-17 09:03:00,EXTEND,short,5006.8,5011.6,5011.6,4999.7,False,,4999.7,TP,7.1,67.38,4
2026-03-17 09:05:00,2026-03-17 09:11:00,2026-03-17 09:16:00,MSS,long,5014.3,4998.4,4998.4,5018.2,False,,5018.2,TP,3.9,35.12,5
2026-03-17 10:45:00,2026-03-17 10:53:00,2026-03-17 10:59:00,EXTEND,long,5030.2,5025.8,5025.8,5035.7,False,,5025.8,SL,-4.4,-48.0,6
2026-03-17 12:40:00,2026-03-17 13:11:00,2026-03-17 13:54:00,EXTEND,long,5040.4,5030.5,5030.5,5051.8,False,,5030.5,SL,-9.9,-103.0,43
2026-03-17 16:20:00,2026-03-17 16:32:00,2026-03-17 16:35:00,EXTEND,long,5025.3,5022.6,5022.6,5036.4,False,,5022.6,SL,-2.7,-31.0,3
2026-03-17 17:55:00,2026-03-17 18:03:00,2026-03-17 18:04:00,BOS,short,5014.4,5020.2,5020.2,5012.5,False,,5012.5,TP,1.9,15.47,1
2026-03-17 19:55:00,2026-03-17 20:01:00,2026-03-17 20:02:00,MSS,short,5003.9,5015.9,5015.9,5003.5,False,,5003.5,TP,0.4,0.46,1
2026-03-17 20:15:00,2026-03-17 20:20:00,2026-03-17 20:21:00,MSS,long,5020.2,5003.2,5003.2,5022.0,False,,5022.0,TP,1.8,13.96,1
2026-03-17 21:40:00,2026-03-17 21:55:00,2026-03-17 22:03:00,EXTEND,long,5019.8,5015.3,5015.3,5042.6,False,,5015.3,SL,-4.5,-49.0,8
2026-03-17 22:30:00,2026-03-17 22:50:00,2026-03-17 23:28:00,EXTEND,short,5021.3,5026.3,5026.3,5002.0,False,,5002.0,TP,19.3,188.57,38
2026-03-17 23:40:00,2026-03-18 00:02:00,2026-03-18 09:10:00,EXTEND,short,4997.9,5019.7,5019.7,4965.9,False,,5019.7,SL,-21.8,-222.0,488
2026-03-18 09:20:00,2026-03-18 09:32:00,2026-03-18 09:36:00,EXTEND,long,5013.3,5007.2,5007.2,5025.1,False,,5007.2,SL,-6.1,-65.0,4
2026-03-18 10:20:00,2026-03-18 10:34:00,2026-03-18 10:54:00,EXTEND,long,5006.2,4999.7,4999.7,5013.5,False,,4999.7,SL,-6.5,-69.0,20
2026-03-19 07:40:00,2026-03-19 07:47:00,2026-03-19 08:06:00,EXTEND,long,4838.2,4830.3,4830.3,4849.1,False,,4849.1,TP,10.9,104.96,19
2026-03-19 08:05:00,2026-03-19 08:11:00,2026-03-19 09:35:00,EXTEND,long,4846.2,4832.2,4832.2,4855.3,False,,4855.3,TP,9.1,87.14,84
2026-03-19 10:05:00,2026-03-19 10:30:00,2026-03-19 13:39:00,EXTEND,short,4856.8,4868.5,4868.5,4835.2,False,,4835.2,TP,21.6,211.74,189
2026-03-19 13:55:00,2026-03-19 14:06:00,2026-03-19 14:19:00,BOS,short,4835.1,4841.8,4841.8,4824.8,False,,4824.8,TP,10.3,99.18,13
2026-03-19 16:40:00,2026-03-19 16:49:00,2026-03-19 18:20:00,BOS,short,4712.7,4738.5,4738.5,4674.1,False,,4674.1,TP,38.6,381.89,91
2026-03-19 18:55:00,2026-03-19 19:04:00,2026-03-19 19:53:00,EXTEND,short,4692.0,4722.4,4722.4,4654.8,False,,4654.8,TP,37.2,367.64,49
2026-03-19 20:45:00,2026-03-19 20:59:00,2026-03-19 21:02:00,EXTEND,short,4576.7,4620.8,4620.8,4509.8,False,,4509.8,TP,66.9,664.98,3
2026-03-19 21:00:00,2026-03-19 21:22:00,2026-03-19 21:58:00,EXTEND,short,4570.0,4620.8,4620.8,4473.0,False,,4620.8,SL,-50.8,-512.0,36
2026-03-19 23:00:00,2026-03-19 23:07:00,2026-03-19 23:14:00,EXTEND,short,4624.0,4630.4,4630.4,4585.8,False,,4630.4,SL,-6.4,-68.0,7
2026-03-19 23:45:00,2026-03-20 00:04:00,2026-03-20 03:01:00,EXTEND,short,4615.6,4641.8,4641.8,4547.1,False,,4641.8,SL,-26.2,-266.0,177
2026-03-20 07:40:00,2026-03-20 07:50:00,2026-03-20 08:01:00,EXTEND,short,4645.2,4649.3,4649.3,4632.0,False,,4649.3,SL,-4.1,-45.0,11
2026-03-20 08:15:00,2026-03-20 08:38:00,2026-03-20 09:00:00,EXTEND,long,4652.8,4643.5,4643.5,4672.8,False,,4643.5,SL,-9.3,-97.0,22
2026-03-20 09:05:00,2026-03-20 09:21:00,2026-03-20 09:44:00,EXTEND,long,4654.2,4648.0,4648.0,4690.7,False,,4690.7,TP,36.5,360.72,23
2026-03-20 10:15:00,2026-03-20 10:32:00,2026-03-20 10:49:00,EXTEND,long,4688.2,4673.8,4673.8,4696.7,False,,4696.7,TP,8.5,80.6,17
2026-03-20 12:10:00,2026-03-20 12:28:00,2026-03-20 13:02:00,EXTEND,short,4721.8,4728.7,4728.7,4714.1,False,,4714.1,TP,7.7,73.05,34
2026-03-20 13:05:00,2026-03-20 13:17:00,2026-03-20 13:23:00,EXTEND,short,4719.8,4723.0,4723.0,4707.4,False,,4723.0,SL,-3.2,-36.0,6
2026-03-20 13:35:00,2026-03-20 13:41:00,2026-03-20 13:54:00,EXTEND,short,4712.3,4724.2,4724.2,4696.3,False,,4696.3,TP,16.0,156.4,13
2026-03-20 14:40:00,2026-03-20 15:10:00,2026-03-20 15:41:00,EXTEND,short,4678.4,4697.0,4697.0,4652.7,False,,4697.0,SL,-18.6,-190.0,31
2026-03-20 16:55:00,2026-03-20 17:13:00,2026-03-20 17:40:00,EXTEND,short,4698.0,4711.3,4711.3,4678.0,False,,4678.0,TP,20.0,195.74,27
2026-03-20 18:00:00,2026-03-20 18:07:00,2026-03-20 18:55:00,BOS,short,4661.9,4678.4,4678.4,4645.3,False,,4645.3,TP,16.6,162.47,48
2026-03-20 19:00:00,2026-03-20 19:10:00,2026-03-20 19:20:00,EXTEND,short,4660.0,4670.4,4670.4,4629.6,False,,4670.4,SL,-10.4,-108.0,10
2026-03-20 20:10:00,2026-03-20 20:34:00,2026-03-20 21:10:00,EXTEND,long,4674.3,4658.7,4658.7,4707.1,False,,4658.7,SL,-15.6,-160.0,36
2026-03-20 21:30:00,2026-03-20 21:38:00,2026-03-20 21:51:00,BOS,short,4652.4,4670.8,4670.8,4634.2,False,,4634.2,TP,18.2,177.76,13
2026-03-20 22:55:00,2026-03-20 23:03:00,2026-03-21 00:12:00,EXTEND,short,4570.9,4586.0,4586.0,4537.7,False,,4586.0,SL,-15.1,-155.0,69
2026-03-21 00:20:00,2026-03-21 00:33:00,2026-03-21 02:22:00,EXTEND,long,4584.1,4545.8,4545.8,4634.7,False,,4545.8,SL,-38.3,-387.0,109
2026-03-23 07:35:00,2026-03-23 07:46:00,2026-03-23 07:48:00,EXTEND,short,4483.0,4500.3,4500.3,4465.6,False,,4465.6,TP,17.4,169.71,2
2026-03-23 08:15:00,2026-03-23 08:26:00,2026-03-23 08:35:00,EXTEND,short,4439.7,4471.7,4471.7,4388.8,False,,4388.8,TP,50.9,505.31,9
2026-03-23 09:45:00,2026-03-23 09:50:00,2026-03-23 09:57:00,MSS,short,4411.0,4455.2,4455.2,4400.5,False,,4400.5,TP,10.5,101.37,7
2026-03-23 11:40:00,2026-03-23 11:54:00,2026-03-23 12:00:00,EXTEND,short,4353.4,4367.1,4367.1,4329.1,False,,4367.1,SL,-13.7,-141.0,6
2026-03-23 12:50:00,2026-03-23 13:04:00,2026-03-23 13:30:00,MSS,short,4375.9,4385.0,4385.0,4344.4,False,,4344.4,TP,31.5,311.4,26
2026-03-23 15:20:00,2026-03-23 15:49:00,2026-03-23 16:06:00,EXTEND,short,4215.6,4235.3,4235.3,4063.5,False,,4235.3,SL,-19.7,-201.0,17
2026-03-23 16:15:00,2026-03-23 16:22:00,2026-03-23 17:15:00,EXTEND,long,4226.8,4187.8,4187.8,4277.3,False,,4277.3,TP,50.5,501.35,53
2026-03-23 17:30:00,2026-03-23 17:41:00,2026-03-23 19:05:00,EXTEND,long,4246.2,4219.7,4219.7,4334.5,False,,4334.5,TP,88.3,879.08,84
2026-03-23 20:05:00,2026-03-23 20:22:00,2026-03-23 20:41:00,EXTEND,short,4397.0,4419.8,4419.8,4316.5,False,,4419.8,SL,-22.8,-232.0,19
2026-03-23 21:15:00,2026-03-23 21:22:00,2026-03-23 21:25:00,MSS,short,4424.6,4462.5,4462.5,4415.0,False,,4415.0,TP,9.6,91.98,3
2026-03-23 21:30:00,2026-03-23 21:38:00,2026-03-23 21:53:00,EXTEND,short,4426.8,4462.5,4462.5,4387.8,False,,4462.5,SL,-35.7,-361.0,15
2026-03-23 22:25:00,2026-03-23 22:32:00,2026-03-23 23:16:00,EXTEND,long,4497.0,4455.3,4455.3,4532.4,False,,4455.3,SL,-41.7,-421.0,44
2026-03-24 01:35:00,2026-03-24 01:50:00,2026-03-24 02:37:00,EXTEND,long,4416.0,4390.6,4390.6,4455.0,False,,4455.0,TP,39.0,385.89,47
2026-03-24 02:45:00,2026-03-24 03:09:00,2026-03-24 03:13:00,EXTEND,long,4439.5,4411.3,4411.3,4485.6,False,,4411.3,SL,-28.2,-286.0,4
2026-03-24 03:45:00,2026-03-24 03:53:00,2026-03-24 04:00:00,EXTEND,long,4413.6,4393.9,4393.9,4439.7,False,,4393.9,SL,-19.7,-201.0,7
2026-03-24 07:40:00,2026-03-24 07:55:00,2026-03-24 08:15:00,EXTEND,short,4439.1,4450.7,4450.7,4416.5,False,,4416.5,TP,22.6,221.63,20
2026-03-24 10:10:00,2026-03-24 10:24:00,2026-03-24 10:34:00,EXTEND,short,4336.8,4370.3,4370.3,4288.6,False,,4370.3,SL,-33.5,-339.0,10
2026-03-24 11:45:00,2026-03-24 12:07:00,2026-03-24 13:05:00,EXTEND,short,4349.9,4369.6,4369.6,4326.2,False,,4326.2,TP,23.7,233.34,58
2026-03-24 13:05:00,2026-03-24 13:14:00,2026-03-24 13:40:00,MSS,short,4335.9,4350.2,4350.2,4311.7,False,,4350.2,SL,-14.3,-147.0,26
2026-03-24 14:55:00,2026-03-24 15:00:00,2026-03-24 15:02:00,MSS,long,4413.4,4375.5,4375.5,4415.4,False,,4415.4,TP,2.0,15.78,2
2026-03-24 15:50:00,2026-03-24 16:23:00,2026-03-24 19:01:00,EXTEND,long,4401.8,4375.5,4375.5,4453.5,False,,4375.5,SL,-26.3,-267.0,158
2026-03-24 19:00:00,2026-03-24 19:11:00,2026-03-24 21:34:00,MSS,short,4412.5,4442.9,4442.9,4355.0,False,,4355.0,TP,57.5,570.84,143
2026-03-24 21:55:00,2026-03-24 22:00:00,2026-03-24 22:03:00,MSS,long,4387.1,4350.5,4350.5,4393.7,False,,4393.7,TP,6.6,61.8,3
2026-03-24 22:50:00,2026-03-24 23:03:00,2026-03-24 23:09:00,BOS,long,4412.8,4403.3,4403.3,4443.2,False,,4403.3,SL,-9.5,-99.0,6
2026-03-24 23:10:00,2026-03-24 23:17:00,2026-03-24 23:36:00,EXTEND,short,4407.8,4421.6,4421.6,4389.2,False,,4421.6,SL,-13.8,-142.0,19
2026-03-25 00:05:00,2026-03-25 00:25:00,2026-03-25 01:05:00,EXTEND,short,4422.3,4431.7,4431.7,4395.0,False,,4395.0,TP,27.3,269.03,40
2026-03-25 01:55:00,2026-03-25 02:00:00,2026-03-25 02:23:00,MSS,long,4390.0,4371.4,4371.4,4401.5,False,,4401.5,TP,11.5,110.99,23
2026-03-25 02:55:00,2026-03-25 03:07:00,2026-03-25 03:09:00,MSS,short,4399.1,4403.6,4403.6,4379.1,False,,4403.6,SL,-4.5,-49.0,2
2026-03-25 08:45:00,2026-03-25 09:04:00,2026-03-25 09:31:00,EXTEND,long,4564.6,4541.2,4541.2,4581.5,False,,4581.5,TP,16.9,164.59,27
2026-03-25 09:50:00,2026-03-25 10:02:00,2026-03-25 10:09:00,EXTEND,long,4593.3,4582.4,4582.4,4605.1,False,,4582.4,SL,-10.9,-113.0,7
2026-03-25 10:10:00,2026-03-25 10:27:00,2026-03-25 10:46:00,EXTEND,short,4586.7,4600.3,4600.3,4571.3,False,,4600.3,SL,-13.6,-140.0,19
2026-03-25 10:45:00,2026-03-25 11:00:00,2026-03-25 11:02:00,EXTEND,long,4583.6,4579.9,4579.9,4607.5,False,,4579.9,SL,-3.7,-41.0,2
2026-03-25 11:45:00,2026-03-25 11:56:00,2026-03-25 13:17:00,EXTEND,short,4571.1,4576.4,4576.4,4563.1,False,,4563.1,TP,8.0,76.35,81
2026-03-25 13:30:00,2026-03-25 13:45:00,2026-03-25 14:09:00,EXTEND,short,4562.8,4572.0,4572.0,4541.5,False,,4541.5,TP,21.3,208.8,24
2026-03-25 14:10:00,2026-03-25 14:32:00,2026-03-25 16:20:00,EXTEND,short,4551.1,4566.2,4566.2,4522.9,False,,4566.2,SL,-15.1,-155.0,108
2026-03-25 17:40:00,2026-03-25 17:45:00,2026-03-25 17:46:00,MSS,short,4543.9,4565.0,4565.0,4542.8,False,,4542.8,TP,1.1,7.25,1
2026-03-25 17:45:00,2026-03-25 17:58:00,2026-03-25 19:05:00,EXTEND,short,4546.1,4565.0,4565.0,4515.3,False,,4565.0,SL,-18.9,-193.0,67
2026-03-25 20:15:00,2026-03-25 20:23:00,2026-03-25 20:24:00,MSS,short,4558.2,4582.8,4582.8,4555.4,False,,4555.4,TP,2.8,24.32,1
2026-03-25 21:00:00,2026-03-25 21:07:00,2026-03-25 22:00:00,MSS,long,4563.8,4534.4,4534.4,4579.4,False,,4534.4,SL,-29.4,-298.0,53
2026-03-26 07:40:00,2026-03-26 08:09:00,2026-03-26 08:10:00,EXTEND,short,4511.1,4508.3,4508.3,4478.1,False,,4511.5,SL,-0.4,-8.0,1
2026-03-26 08:50:00,2026-03-26 08:56:00,2026-03-26 09:03:00,EXTEND,long,4529.4,4521.5,4521.5,4540.6,False,,4540.6,TP,11.2,107.5,7
2026-03-26 09:00:00,2026-03-26 09:18:00,2026-03-26 09:47:00,EXTEND,long,4528.8,4521.5,4521.5,4547.0,False,,4521.5,SL,-7.3,-77.0,29
2026-03-26 09:45:00,2026-03-26 09:54:00,2026-03-26 10:35:00,MSS,short,4526.5,4533.0,4533.0,4515.7,False,,4515.7,TP,10.8,103.72,41
2026-03-26 12:30:00,2026-03-26 12:40:00,2026-03-26 12:49:00,EXTEND,long,4514.4,4512.5,4512.5,4520.6,False,,4520.6,TP,6.2,58.28,9
2026-03-26 12:45:00,2026-03-26 13:01:00,2026-03-26 13:06:00,EXTEND,long,4517.4,4512.5,4512.5,4523.0,False,,4512.5,SL,-4.9,-53.0,5
2026-03-26 18:35:00,2026-03-26 18:42:00,2026-03-26 18:44:00,MSS,short,4428.5,4445.4,4445.4,4421.1,False,,4421.1,TP,7.4,69.57,2
2026-03-26 18:40:00,2026-03-26 18:52:00,2026-03-26 19:01:00,EXTEND,short,4437.4,4445.4,4445.4,4413.0,False,,4445.4,SL,-8.0,-84.0,9
2026-03-26 19:45:00,2026-03-26 19:50:00,2026-03-26 20:02:00,MSS,short,4417.8,4449.0,4449.0,4415.1,False,,4415.1,TP,2.7,23.09,12
2026-03-26 20:05:00,2026-03-26 20:10:00,2026-03-26 21:23:00,MSS,long,4438.5,4413.2,4413.2,4443.7,False,,4443.7,TP,5.2,47.8,73
2026-03-26 21:20:00,2026-03-26 21:37:00,2026-03-26 21:39:00,MSS,long,4441.3,4431.7,4431.7,4456.6,False,,4431.7,SL,-9.6,-100.0,2
2026-03-26 21:40:00,2026-03-26 21:49:00,2026-03-26 21:50:00,EXTEND,short,4449.5,4451.3,4451.3,4419.0,False,,4451.3,SL,-1.8,-22.0,1
2026-03-26 22:40:00,2026-03-26 22:45:00,2026-03-26 22:54:00,EXTEND,long,4464.6,4448.0,4448.0,4484.8,False,,4448.0,SL,-16.6,-170.0,9
2026-03-26 22:55:00,2026-03-26 23:01:00,2026-03-26 23:39:00,EXTEND,short,4458.5,4477.0,4477.0,4432.9,False,,4432.9,TP,25.6,251.69,38
2026-03-27 01:05:00,2026-03-27 01:13:00,2026-03-27 01:23:00,MSS,long,4393.2,4380.7,4380.7,4403.3,False,,4380.7,SL,-12.5,-129.0,10
2026-03-27 01:25:00,2026-03-27 01:39:00,2026-03-27 02:20:00,MSS,short,4384.0,4393.1,4393.1,4367.1,False,,4367.1,TP,16.9,165.35,41
2026-03-27 02:20:00,2026-03-27 02:42:00,2026-03-27 02:43:00,BOS,short,4387.6,4387.7,4387.7,4357.6,False,,4388.1,SL,-0.5,-9.0,1
2026-03-27 03:10:00,2026-03-27 03:25:00,2026-03-27 03:32:00,EXTEND,short,4380.4,4394.6,4394.6,4373.9,False,,4373.9,TP,6.5,61.01,7
2026-03-27 03:30:00,2026-03-27 03:39:00,2026-03-27 03:51:00,EXTEND,short,4379.4,4388.6,4388.6,4366.6,False,,4366.6,TP,12.8,123.71,12
2026-03-27 07:10:00,2026-03-27 07:42:00,2026-03-27 08:23:00,EXTEND,short,4394.7,4407.3,4407.3,4377.5,False,,4377.5,TP,17.2,168.45,41
2026-03-27 08:55:00,2026-03-27 09:14:00,2026-03-27 09:31:00,EXTEND,short,4387.3,4406.0,4406.0,4359.5,False,,4406.0,SL,-18.7,-191.0,17
2026-03-27 11:05:00,2026-03-27 11:26:00,2026-03-27 11:39:00,EXTEND,short,4423.9,4435.4,4435.4,4409.6,False,,4435.4,SL,-11.5,-119.0,13
2026-03-27 13:40:00,2026-03-27 14:00:00,2026-03-27 16:17:00,EXTEND,long,4453.0,4434.8,4434.8,4478.5,False,,4434.8,SL,-18.2,-186.0,137
2026-03-30 07:05:00,2026-03-30 07:22:00,2026-03-30 07:32:00,BOS,short,4472.6,4487.3,4487.3,4454.4,False,,4454.4,TP,18.2,177.93,9
2026-03-30 08:20:00,2026-03-30 08:26:00,2026-03-30 09:35:00,MSS,long,4460.0,4414.0,4414.0,4471.1,False,,4471.1,TP,11.1,107.5,56
2026-03-30 10:20:00,2026-03-30 10:32:00,2026-03-30 10:33:00,MSS,short,4467.6,4471.0,4471.0,4461.6,False,,4457.2,TP,10.4,100.0,1
2026-03-30 15:00:00,2026-03-30 15:05:00,2026-03-30 15:34:00,MSS,short,4520.1,4546.0,4546.0,4515.5,False,,4512.4,TP,7.7,73.0,18
2026-03-30 15:50:00,2026-03-30 15:57:00,2026-03-30 16:02:00,MSS,long,4522.7,4515.2,4515.2,4523.3,False,,4523.6,TP,0.9,5.0,2
2026-03-30 19:50:00,2026-03-30 20:04:00,2026-03-30 21:45:00,EXTEND,long,4550.8,4538.7,4538.7,4588.4,False,,4538.7,SL,-12.1,-125.0,82
2026-03-31 00:00:00,2026-03-31 00:08:00,2026-03-31 00:30:00,MSS,short,4538.0,4555.5,4555.5,4533.4,False,,4533.4,TP,4.6,41.98,12
2026-03-31 00:40:00,2026-03-31 01:19:00,2026-03-31 01:31:00,MSS,long,4524.2,4531.3,4531.3,4550.2,False,,4520.0,SL,-4.2,-46.0,1
2026-04-07 22:05:00,2026-04-07 22:45:00,2026-04-07 23:59:00,MSS,short,4645.6,4648.8,4648.8,4594.4,False,,4654.2,SL,-8.6,-90.0,4
2026-04-29 08:50:00,2026-04-29 08:59:00,2026-04-29 09:01:00,BOS,short,4613.8,4618.7,4618.7,4607.0,False,,4607.0,TP,6.8,63.84,2
2026-04-29 09:40:00,2026-04-29 09:59:00,2026-04-29 10:01:00,MSS,long,4598.1,4592.4,4592.4,4608.8,False,,4608.8,TP,10.7,102.83,2
2026-04-29 10:40:00,2026-04-29 10:50:00,2026-04-29 10:53:00,EXTEND,short,4612.2,4616.9,4616.9,4606.6,False,,4606.6,TP,5.6,51.87,3
2026-04-29 10:55:00,2026-04-29 11:10:00,2026-04-29 11:13:00,EXTEND,short,4611.9,4614.8,4614.8,4602.9,False,,4614.8,SL,-2.9,-33.0,3
2026-04-29 11:15:00,2026-04-29 11:34:00,2026-04-29 13:03:00,EXTEND,long,4610.4,4605.4,4605.4,4620.0,False,,4620.0,TP,9.6,92.05,89
2026-04-29 13:10:00,2026-04-29 13:17:00,2026-04-29 13:31:00,MSS,short,4614.3,4621.3,4621.3,4611.8,False,,4611.8,TP,2.5,21.25,14
2026-04-29 13:35:00,2026-04-29 13:52:00,2026-04-29 14:00:00,EXTEND,short,4615.0,4621.3,4621.3,4603.9,False,,4603.9,TP,11.1,106.99,8
2026-04-29 14:00:00,2026-04-29 14:06:00,2026-04-29 14:16:00,EXTEND,short,4608.4,4616.9,4616.9,4600.3,False,,4600.3,TP,8.1,77.37,10
2026-04-29 15:05:00,2026-04-29 15:11:00,2026-04-29 15:19:00,MSS,short,4592.4,4603.3,4603.3,4590.5,False,,4590.5,TP,1.9,15.27,8
2026-04-29 16:10:00,2026-04-29 16:23:00,2026-04-29 16:34:00,BOS,short,4580.6,4586.8,4586.8,4575.1,False,,4575.1,TP,5.5,50.84,11
2026-04-29 16:35:00,2026-04-29 16:48:00,2026-04-29 16:49:00,EXTEND,short,4583.7,4584.9,4584.9,4566.6,False,,4584.9,SL,-1.2,-16.0,1
2026-04-29 17:30:00,2026-04-29 17:38:00,2026-04-29 17:44:00,EXTEND,short,4578.5,4594.1,4594.1,4572.3,False,,4572.3,TP,6.2,58.44,6
2026-04-29 17:55:00,2026-04-29 18:11:00,2026-04-29 18:15:00,EXTEND,short,4578.0,4582.8,4582.8,4559.1,False,,4582.8,SL,-4.8,-52.0,4
2026-04-29 19:50:00,2026-04-29 19:55:00,2026-04-29 20:30:00,MSS,short,4572.6,4585.1,4585.1,4569.1,False,,4569.1,TP,3.5,31.02,35
2026-04-29 20:55:00,2026-04-29 21:04:00,2026-04-29 21:20:00,EXTEND,short,4560.6,4573.0,4573.0,4547.6,False,,4547.6,TP,13.0,126.0,16
2026-04-29 22:35:00,2026-04-29 22:48:00,2026-04-29 23:06:00,EXTEND,long,4548.3,4543.2,4543.2,4559.5,False,,4559.5,TP,11.2,107.56,18
2026-04-29 23:05:00,2026-04-29 23:16:00,2026-04-29 23:37:00,EXTEND,long,4553.1,4543.2,4543.2,4564.5,False,,4564.5,TP,11.4,110.36,21
2026-04-29 23:45:00,2026-04-29 23:55:00,2026-04-30 00:03:00,EXTEND,long,4560.2,4552.7,4552.7,4576.8,False,,4576.8,TP,16.6,162.3,8
2026-04-30 00:30:00,2026-04-30 00:36:00,2026-04-30 00:53:00,MSS,short,4562.0,4577.6,4577.6,4559.2,False,,4559.2,TP,2.8,24.15,17
2026-04-30 01:25:00,2026-04-30 01:34:00,2026-04-30 01:35:00,MSS,short,4558.4,4568.5,4568.5,4557.3,False,,4557.3,TP,1.1,6.76,1
2026-04-30 01:45:00,2026-04-30 02:03:00,2026-04-30 02:06:00,EXTEND,short,4557.1,4568.5,4568.5,4551.7,False,,4551.7,TP,5.4,49.64,3
2026-04-30 02:10:00,2026-04-30 02:19:00,2026-04-30 02:45:00,EXTEND,short,4545.9,4561.8,4561.8,4533.1,False,,4533.1,TP,12.8,124.02,26
2026-04-30 02:45:00,2026-04-30 02:53:00,2026-04-30 02:56:00,EXTEND,short,4546.1,4554.0,4554.0,4526.2,False,,4554.0,SL,-7.9,-83.0,3
2026-04-30 03:15:00,2026-04-30 03:36:00,2026-04-30 07:48:00,EXTEND,long,4553.6,4547.3,4547.3,4569.7,False,,4569.7,TP,16.1,156.52,192
2026-04-30 08:00:00,2026-04-30 08:16:00,2026-04-30 09:27:00,EXTEND,long,4573.0,4562.1,4562.1,4586.7,False,,4586.7,TP,13.7,133.38,71
2026-04-30 09:30:00,2026-04-30 09:38:00,2026-04-30 10:35:00,EXTEND,long,4588.5,4577.5,4577.5,4597.7,False,,4577.5,SL,-11.0,-114.0,57
2026-04-30 13:05:00,2026-04-30 13:17:00,2026-04-30 13:24:00,MSS,long,4564.8,4553.0,4553.0,4568.2,False,,4568.2,TP,3.4,30.4,7
2026-04-30 17:05:00,2026-04-30 17:14:00,2026-04-30 17:27:00,BOS,long,4630.8,4627.1,4627.1,4633.6,False,,4633.6,TP,2.8,23.77,13
2026-04-30 17:30:00,2026-04-30 17:47:00,2026-04-30 18:27:00,EXTEND,long,4633.1,4627.5,4627.5,4648.6,False,,4648.6,TP,15.5,150.82,40
2026-04-30 19:05:00,2026-04-30 19:20:00,2026-04-30 19:27:00,EXTEND,long,4650.8,4645.3,4645.3,4661.8,False,,4645.3,SL,-5.5,-59.0,7
2026-04-30 20:05:00,2026-04-30 20:10:00,2026-04-30 20:30:00,EXTEND,long,4645.6,4641.0,4641.0,4652.8,False,,4641.0,SL,-4.6,-50.0,20
2026-04-30 20:30:00,2026-04-30 20:40:00,2026-04-30 20:58:00,MSS,short,4642.7,4650.5,4650.5,4630.7,False,,4650.5,SL,-7.8,-82.0,18
2026-04-30 22:35:00,2026-04-30 22:48:00,2026-05-01 00:17:00,BOS,short,4632.2,4638.9,4638.9,4618.5,False,,4618.5,TP,13.7,133.47,89
2026-05-01 00:15:00,2026-05-01 00:35:00,2026-05-01 00:50:00,BOS,short,4623.2,4630.1,4630.1,4614.5,False,,4630.1,SL,-6.9,-73.0,15
2026-05-01 00:55:00,2026-05-01 01:06:00,2026-05-01 01:08:00,BOS,short,4628.1,4630.8,4630.8,4615.4,False,,4630.8,SL,-2.7,-31.0,2
2026-05-01 02:15:00,2026-05-01 02:43:00,2026-05-01 03:32:00,EXTEND,long,4633.9,4628.0,4628.0,4641.5,False,,4628.0,SL,-5.9,-63.0,49
2026-05-01 03:30:00,2026-05-01 03:48:00,2026-05-01 06:00:00,EXTEND,short,4634.2,4640.8,4640.8,4624.3,False,,4640.8,SL,-6.6,-70.0,72
2026-05-01 07:35:00,2026-05-01 07:46:00,2026-05-01 07:57:00,EXTEND,long,4644.9,4641.1,4641.1,4648.3,False,,4641.1,SL,-3.8,-42.0,11
2026-05-01 08:00:00,2026-05-01 08:07:00,2026-05-01 08:36:00,EXTEND,short,4639.5,4646.8,4646.8,4632.2,False,,4632.2,TP,7.3,69.05,29
2026-05-01 09:20:00,2026-05-01 09:41:00,2026-05-01 10:09:00,EXTEND,short,4631.8,4637.9,4637.9,4622.7,False,,4637.9,SL,-6.1,-65.0,28
2026-05-01 10:55:00,2026-05-01 11:39:00,2026-05-01 12:33:00,EXTEND,short,4641.7,4643.1,4643.1,4623.9,False,,4623.9,TP,17.8,173.77,54
2026-05-01 13:10:00,2026-05-01 13:19:00,2026-05-01 13:45:00,EXTEND,long,4625.3,4618.7,4618.7,4628.4,False,,4618.7,SL,-6.6,-70.0,26
2026-05-01 17:10:00,2026-05-01 17:25:00,2026-05-01 17:54:00,EXTEND,short,4580.8,4584.4,4584.4,4572.5,False,,4572.5,TP,8.3,79.38,29
2026-05-01 17:55:00,2026-05-01 18:11:00,2026-05-01 18:30:00,EXTEND,short,4576.5,4584.3,4584.3,4566.5,False,,4584.3,SL,-7.8,-82.0,19
2026-05-01 19:15:00,2026-05-01 19:20:00,2026-05-01 19:23:00,MSS,long,4584.3,4573.3,4573.3,4585.2,False,,4585.2,TP,0.9,5.38,3
2026-05-01 19:55:00,2026-05-01 20:04:00,2026-05-01 20:13:00,EXTEND,long,4589.2,4583.9,4583.9,4592.5,False,,4592.5,TP,3.3,29.36,9
2026-05-01 20:25:00,2026-05-01 21:17:00,2026-05-01 21:54:00,EXTEND,long,4602.5,4586.1,4586.1,4628.1,False,,4628.1,TP,25.6,252.37,37
2026-05-01 23:10:00,2026-05-01 23:15:00,2026-05-01 23:31:00,MSS,long,4649.5,4630.4,4630.4,4652.4,False,,4652.4,TP,2.9,24.71,16
2026-05-01 23:45:00,2026-05-01 23:52:00,2026-05-02 00:33:00,EXTEND,long,4655.3,4646.4,4646.4,4662.9,False,,4646.4,SL,-8.9,-93.0,41
2026-05-02 01:50:00,2026-05-02 01:57:00,2026-05-02 02:02:00,EXTEND,short,4641.9,4651.9,4651.9,4635.5,False,,4635.5,TP,6.4,59.83,5
2026-05-02 03:10:00,2026-05-02 03:15:00,2026-05-02 03:32:00,MSS,long,4638.8,4631.5,4631.5,4640.4,False,,4631.5,SL,-7.3,-77.0,17
2026-05-04 08:00:00,2026-05-04 08:12:00,2026-05-04 09:04:00,MSS,short,4621.6,4628.6,4628.6,4612.3,False,,4612.3,TP,9.3,88.56,52
2026-05-04 09:30:00,2026-05-04 09:41:00,2026-05-04 09:50:00,EXTEND,short,4610.9,4615.8,4615.8,4600.3,False,,4615.8,SL,-4.9,-53.0,9
2026-05-04 10:00:00,2026-05-04 10:19:00,2026-05-04 10:28:00,EXTEND,long,4616.3,4603.6,4603.6,4637.0,False,,4603.6,SL,-12.7,-131.0,9
2026-05-04 11:50:00,2026-05-04 11:57:00,2026-05-04 13:27:00,MSS,long,4626.3,4609.4,4609.4,4630.1,False,,4609.4,SL,-16.9,-173.0,90
2026-05-04 14:05:00,2026-05-04 14:15:00,2026-05-04 14:45:00,EXTEND,short,4604.6,4613.1,4613.1,4595.1,False,,4595.1,TP,9.5,91.34,30
2026-05-04 14:45:00,2026-05-04 14:52:00,2026-05-04 15:59:00,EXTEND,short,4600.9,4607.0,4607.0,4591.1,False,,4591.1,TP,9.8,93.75,67
2026-05-04 16:40:00,2026-05-04 16:53:00,2026-05-04 17:14:00,EXTEND,long,4589.5,4584.6,4584.6,4595.1,False,,4595.1,TP,5.6,52.41,21
2026-05-04 17:15:00,2026-05-04 17:53:00,2026-05-04 17:57:00,EXTEND,long,4590.5,4586.7,4586.7,4598.0,False,,4586.7,SL,-3.8,-42.0,4
2026-05-04 18:20:00,2026-05-04 18:42:00,2026-05-05 00:07:00,EXTEND,short,4568.5,4595.6,4595.6,4519.7,False,,4519.7,TP,48.8,484.46,325
2026-05-05 00:10:00,2026-05-05 00:24:00,2026-05-05 10:43:00,EXTEND,short,4531.3,4553.8,4553.8,4498.4,False,,4553.8,SL,-22.5,-229.0,559
2026-05-05 10:45:00,2026-05-05 11:01:00,2026-05-05 11:56:00,EXTEND,long,4548.9,4544.0,4544.0,4559.4,False,,4544.0,SL,-4.9,-53.0,55
2026-05-05 13:05:00,2026-05-05 13:24:00,2026-05-05 13:35:00,MSS,long,4548.6,4539.9,4539.9,4558.7,False,,4558.7,TP,10.1,96.96,11
2026-05-05 14:00:00,2026-05-05 14:07:00,2026-05-05 14:24:00,EXTEND,long,4554.5,4544.8,4544.8,4566.0,False,,4544.8,SL,-9.7,-101.0,17
2026-05-05 14:20:00,2026-05-05 14:40:00,2026-05-05 15:00:00,EXTEND,short,4556.4,4561.5,4561.5,4538.3,False,,4561.5,SL,-5.1,-55.0,20
2026-05-06 08:00:00,2026-05-06 08:14:00,2026-05-06 08:15:00,BOS,long,4602.0,4601.0,4601.0,4611.0,False,,4601.0,SL,-1.0,-14.0,1
2026-05-06 09:00:00,2026-05-06 09:16:00,2026-05-06 09:47:00,EXTEND,long,4624.8,4618.0,4618.0,4638.1,False,,4638.1,TP,13.3,128.66,31
2026-05-06 09:45:00,2026-05-06 09:56:00,2026-05-06 10:08:00,BOS,long,4636.6,4631.1,4631.1,4641.8,False,,4641.8,TP,5.2,47.68,12
2026-05-06 10:15:00,2026-05-06 10:32:00,2026-05-06 10:57:00,EXTEND,long,4642.0,4631.1,4631.1,4650.8,False,,4650.8,TP,8.8,83.85,25
2026-05-06 11:20:00,2026-05-06 11:33:00,2026-05-06 13:04:00,EXTEND,long,4653.5,4648.2,4648.2,4664.3,False,,4664.3,TP,10.8,104.29,91
2026-05-06 13:30:00,2026-05-06 13:40:00,2026-05-06 13:55:00,MSS,short,4657.3,4666.3,4666.3,4651.8,False,,4666.3,SL,-9.0,-94.0,15
2026-05-06 14:35:00,2026-05-06 14:44:00,2026-05-06 15:45:00,EXTEND,long,4674.7,4668.3,4668.3,4682.9,False,,4682.9,TP,8.2,78.05,61
2026-05-06 16:50:00,2026-05-06 16:59:00,2026-05-06 18:30:00,MSS,long,4711.8,4682.8,4682.8,4723.1,False,,4723.1,TP,11.3,108.59,91
2026-05-06 18:50:00,2026-05-06 19:05:00,2026-05-06 19:29:00,BOS,long,4727.1,4718.8,4718.8,4738.9,False,,4718.8,SL,-8.3,-87.0,24
2026-05-06 19:40:00,2026-05-06 19:53:00,2026-05-06 19:59:00,MSS,short,4708.7,4727.0,4727.0,4702.5,False,,4702.5,TP,6.2,58.11,6
2026-05-06 21:05:00,2026-05-06 21:18:00,2026-05-06 21:32:00,BOS,short,4694.4,4703.5,4703.5,4672.8,False,,4703.5,SL,-9.1,-95.0,14
2026-05-06 21:45:00,2026-05-06 21:53:00,2026-05-06 21:54:00,BOS,long,4714.6,4704.1,4704.1,4715.1,False,,4715.1,TP,0.5,1.49,1
2026-05-06 22:00:00,2026-05-06 22:09:00,2026-05-06 22:15:00,EXTEND,long,4719.1,4704.1,4704.1,4726.5,False,,4726.5,TP,7.4,69.52,6
2026-05-06 22:15:00,2026-05-06 22:31:00,2026-05-06 23:12:00,EXTEND,long,4719.8,4708.4,4708.4,4734.3,False,,4708.4,SL,-11.4,-118.0,41
2026-05-06 23:10:00,2026-05-06 23:22:00,2026-05-06 23:43:00,EXTEND,short,4710.6,4718.7,4718.7,4701.0,False,,4701.0,TP,9.6,91.53,21
2026-05-07 00:05:00,2026-05-07 00:32:00,2026-05-07 03:10:00,BOS,short,4699.8,4706.6,4706.6,4688.9,False,,4706.6,SL,-6.8,-72.0,158
2026-05-07 07:20:00,2026-05-07 07:25:00,2026-05-07 07:28:00,MSS,short,4701.7,4707.0,4707.0,4700.1,False,,4700.1,TP,1.6,11.58,3
2026-05-07 07:25:00,2026-05-07 07:48:00,2026-05-07 07:50:00,EXTEND,short,4706.7,4707.0,4707.0,4697.0,False,,4707.0,SL,-0.3,-7.0,2
2026-05-07 08:00:00,2026-05-07 08:06:00,2026-05-07 08:08:00,EXTEND,long,4704.2,4699.1,4699.1,4713.1,False,,4699.1,SL,-5.1,-55.0,2
2026-05-07 08:10:00,2026-05-07 08:33:00,2026-05-07 08:36:00,EXTEND,long,4701.2,4699.1,4699.1,4713.6,False,,4699.1,SL,-2.1,-25.0,3
2026-05-07 12:35:00,2026-05-07 12:44:00,2026-05-07 12:45:00,EXTEND,short,4706.3,4707.0,4707.0,4699.0,False,,4707.0,SL,-0.7,-11.0,1
2026-05-07 13:00:00,2026-05-07 13:21:00,2026-05-07 13:32:00,MSS,long,4704.7,4702.5,4702.5,4712.0,False,,4712.0,TP,7.3,69.25,11
2026-05-07 14:10:00,2026-05-07 14:16:00,2026-05-07 14:20:00,EXTEND,long,4718.5,4709.0,4709.0,4721.6,False,,4721.6,TP,3.1,26.73,4
2026-05-07 15:00:00,2026-05-07 15:13:00,2026-05-07 15:14:00,MSS,short,4757.0,4759.2,4759.2,4735.8,False,,4759.2,SL,-2.2,-26.0,1
2026-05-07 16:20:00,2026-05-07 16:25:00,2026-05-07 17:00:00,EXTEND,short,4745.9,4763.6,4763.6,4740.4,False,,4740.4,TP,5.5,51.41,35
2026-05-07 17:00:00,2026-05-07 17:12:00,2026-05-07 17:17:00,EXTEND,short,4743.5,4747.1,4747.1,4727.8,False,,4747.1,SL,-3.6,-40.0,5
2026-05-07 17:25:00,2026-05-07 17:40:00,2026-05-07 17:56:00,EXTEND,long,4747.3,4741.3,4741.3,4750.7,False,,4741.3,SL,-6.0,-64.0,16
2026-05-07 17:55:00,2026-05-07 18:17:00,2026-05-07 18:44:00,MSS,short,4743.0,4749.3,4749.3,4731.5,False,,4749.3,SL,-6.3,-67.0,27
2026-05-07 18:40:00,2026-05-07 19:15:00,2026-05-07 19:16:00,EXTEND,long,4739.9,4737.3,4737.3,4752.5,False,,4737.3,SL,-2.6,-30.0,1
2026-05-07 20:15:00,2026-05-07 20:26:00,2026-05-07 20:41:00,EXTEND,long,4748.2,4743.1,4743.1,4760.5,False,,4760.5,TP,12.3,118.99,15
2026-05-07 21:05:00,2026-05-07 21:10:00,2026-05-07 21:13:00,EXTEND,short,4746.6,4762.7,4762.7,4741.7,False,,4741.7,TP,4.9,44.55,3
2026-05-07 21:30:00,2026-05-07 21:38:00,2026-05-07 23:52:00,MSS,long,4764.3,4740.7,4740.7,4775.9,False,,4740.7,SL,-23.6,-240.0,134
2026-05-08 00:55:00,2026-05-08 01:03:00,2026-05-08 01:18:00,EXTEND,long,4727.3,4720.3,4720.3,4730.1,False,,4720.3,SL,-7.0,-74.0,15
2026-05-08 08:15:00,2026-05-08 08:27:00,2026-05-08 09:01:00,MSS,short,4710.3,4718.7,4718.7,4698.4,False,,4718.7,SL,-8.4,-88.0,34
2026-05-08 09:05:00,2026-05-08 09:39:00,2026-05-08 10:02:00,EXTEND,long,4716.5,4705.5,4705.5,4734.2,False,,4734.2,TP,17.7,173.02,23
2026-05-08 10:00:00,2026-05-08 10:39:00,2026-05-08 15:23:00,BOS,long,4719.9,4713.4,4713.4,4748.6,False,,4713.4,SL,-6.5,-69.0,284
2026-05-08 15:45:00,2026-05-08 15:53:00,2026-05-08 16:06:00,MSS,long,4721.2,4715.7,4715.7,4723.7,False,,4715.7,SL,-5.5,-59.0,13
2026-05-08 16:35:00,2026-05-08 17:34:00,2026-05-08 18:39:00,EXTEND,long,4724.4,4715.6,4715.6,4737.4,False,,4737.4,TP,13.0,126.44,65
2026-05-08 18:45:00,2026-05-08 18:50:00,2026-05-08 18:55:00,MSS,short,4728.3,4737.7,4737.7,4726.3,False,,4726.3,TP,2.0,16.3,5
2026-05-08 18:55:00,2026-05-08 19:06:00,2026-05-08 20:06:00,EXTEND,short,4735.3,4737.7,4737.7,4720.9,False,,4720.9,TP,14.4,139.64,60
2026-05-08 20:30:00,2026-05-08 20:36:00,2026-05-08 20:44:00,MSS,long,4736.4,4712.1,4712.1,4740.2,False,,4740.2,TP,3.8,33.67,8
2026-05-08 22:05:00,2026-05-08 22:10:00,2026-05-08 22:29:00,MSS,short,4733.5,4760.1,4760.1,4728.5,False,,4728.5,TP,5.0,46.23,19
2026-05-08 23:30:00,2026-05-08 23:40:00,2026-05-09 01:28:00,EXTEND,short,4721.8,4730.8,4730.8,4709.0,False,,4730.8,SL,-9.0,-94.0,108
2026-05-09 01:55:00,2026-05-09 02:00:00,2026-05-09 02:01:00,EXTEND,long,4732.6,4728.8,4728.8,4733.2,False,,4733.2,TP,0.6,2.45,1
2026-05-09 02:55:00,2026-05-09 03:08:00,2026-05-09 04:17:00,EXTEND,short,4733.8,4738.5,4738.5,4726.7,False,,4726.7,TP,7.1,67.11,69
2026-05-11 07:00:00,2026-05-11 07:16:00,2026-05-11 08:00:00,MSS,long,4701.5,4695.1,4695.1,4708.4,False,,4695.1,SL,-6.4,-68.0,44
2026-05-11 08:20:00,2026-05-11 08:35:00,2026-05-11 09:05:00,EXTEND,short,4700.1,4707.3,4707.3,4678.2,False,,4707.3,SL,-7.2,-76.0,30
2026-05-11 09:50:00,2026-05-11 09:55:00,2026-05-11 09:56:00,MSS,short,4691.2,4704.9,4704.9,4690.9,False,,4690.9,TP,0.3,-1.3,1
2026-05-11 09:55:00,2026-05-11 10:04:00,2026-05-11 10:37:00,EXTEND,short,4697.6,4704.9,4704.9,4684.1,False,,4704.9,SL,-7.3,-77.0,33
2026-05-11 10:35:00,2026-05-11 10:46:00,2026-05-11 10:50:00,MSS,long,4701.2,4691.1,4691.1,4713.8,False,,4691.1,SL,-10.1,-105.0,4
2026-05-12 07:35:00,2026-05-12 07:46:00,2026-05-12 07:52:00,EXTEND,long,4767.3,4760.0,4760.0,4771.4,False,,4771.4,TP,4.1,37.3,6
2026-05-12 08:15:00,2026-05-12 08:25:00,2026-05-12 08:35:00,BOS,long,4772.5,4768.0,4768.0,4787.7,False,,4768.0,SL,-4.5,-49.0,10
2026-05-12 10:10:00,2026-05-12 10:22:00,2026-05-12 10:27:00,MSS,long,4736.8,4734.7,4734.7,4745.9,False,,4734.7,SL,-2.1,-25.0,5
2026-05-12 11:15:00,2026-05-12 11:20:00,2026-05-12 11:24:00,MSS,short,4734.3,4741.3,4741.3,4732.7,False,,4732.7,TP,1.6,12.36,4
2026-05-12 11:55:00,2026-05-12 12:18:00,2026-05-12 12:21:00,EXTEND,short,4736.2,4736.9,4736.9,4724.3,False,,4736.9,SL,-0.7,-11.0,3
2026-05-12 13:10:00,2026-05-12 13:17:00,2026-05-12 13:30:00,EXTEND,short,4722.8,4727.8,4727.8,4714.6,False,,4727.8,SL,-5.0,-54.0,13
2026-05-12 15:05:00,2026-05-12 15:13:00,2026-05-12 16:01:00,EXTEND,short,4702.8,4713.0,4713.0,4687.9,False,,4713.0,SL,-10.2,-106.0,48
2026-05-12 16:00:00,2026-05-12 16:13:00,2026-05-12 16:15:00,MSS,long,4709.2,4705.7,4705.7,4717.1,False,,4705.7,SL,-3.5,-39.0,2
2026-05-12 17:30:00,2026-05-12 17:39:00,2026-05-12 17:44:00,MSS,long,4709.7,4705.2,4705.2,4715.7,False,,4705.2,SL,-4.5,-49.0,5
2026-05-12 17:40:00,2026-05-12 17:51:00,2026-05-12 18:07:00,MSS,short,4708.1,4713.5,4713.5,4699.5,False,,4713.5,SL,-5.4,-58.0,16
2026-05-13 07:05:00,2026-05-13 07:22:00,2026-05-13 07:48:00,EXTEND,long,4727.1,4723.2,4723.2,4734.2,False,,4723.2,SL,-3.9,-43.0,26
2026-05-13 07:45:00,2026-05-13 07:55:00,2026-05-13 08:03:00,MSS,short,4723.7,4729.5,4729.5,4721.1,False,,4729.5,SL,-5.8,-62.0,8
2026-05-13 08:05:00,2026-05-13 08:39:00,2026-05-13 08:54:00,EXTEND,long,4730.3,4722.9,4722.9,4738.8,False,,4722.9,SL,-7.4,-78.0,15
2026-05-13 09:35:00,2026-05-13 09:46:00,2026-05-13 10:30:00,EXTEND,short,4716.0,4724.5,4724.5,4705.8,False,,4705.8,TP,10.2,97.69,44
2026-05-13 11:35:00,2026-05-13 11:59:00,2026-05-13 14:09:00,EXTEND,long,4704.1,4697.0,4697.0,4719.6,False,,4719.6,TP,15.5,151.06,130
2026-05-13 14:50:00,2026-05-13 14:56:00,2026-05-13 14:57:00,MSS,short,4707.7,4721.8,4721.8,4707.2,False,,4707.2,TP,0.5,1.05,1
2026-05-13 15:05:00,2026-05-13 15:17:00,2026-05-13 15:18:00,BOS,short,4711.7,4713.6,4713.6,4702.0,False,,4713.6,SL,-1.9,-23.0,1
2026-05-13 15:25:00,2026-05-13 16:02:00,2026-05-13 16:26:00,MSS,long,4711.6,4704.5,4704.5,4719.9,False,,4704.5,SL,-7.1,-75.0,24
2026-05-13 16:55:00,2026-05-13 17:08:00,2026-05-13 17:14:00,EXTEND,long,4706.6,4702.0,4702.0,4712.4,False,,4702.0,SL,-4.6,-50.0,6
2026-05-13 17:20:00,2026-05-13 17:58:00,2026-05-13 18:08:00,EXTEND,short,4706.6,4710.2,4710.2,4687.6,False,,4710.2,SL,-3.6,-40.0,10
2026-05-13 20:00:00,2026-05-13 20:08:00,2026-05-13 20:15:00,EXTEND,short,4707.2,4713.9,4713.9,4699.0,False,,4699.0,TP,8.2,77.59,7
2026-05-13 21:30:00,2026-05-13 21:35:00,2026-05-13 21:36:00,MSS,short,4686.9,4701.9,4701.9,4685.6,False,,4685.6,TP,1.3,8.56,1
2026-05-13 22:25:00,2026-05-13 22:31:00,2026-05-13 22:32:00,MSS,long,4695.8,4680.0,4680.0,4696.0,False,,4696.0,TP,0.2,-1.98,1
2026-05-13 22:35:00,2026-05-13 22:47:00,2026-05-13 23:34:00,EXTEND,long,4691.3,4680.0,4680.0,4703.4,False,,4703.4,TP,12.1,116.68,47
2026-05-14 00:25:00,2026-05-14 00:43:00,2026-05-14 00:50:00,EXTEND,long,4709.2,4706.1,4706.1,4721.1,False,,4706.1,SL,-3.1,-35.0,7
2026-05-14 02:00:00,2026-05-14 02:17:00,2026-05-14 02:46:00,EXTEND,short,4698.2,4702.5,4702.5,4689.7,False,,4689.7,TP,8.5,81.27,29
2026-05-14 02:45:00,2026-05-14 02:58:00,2026-05-14 04:24:00,EXTEND,short,4693.1,4700.9,4700.9,4681.2,False,,4700.9,SL,-7.8,-82.0,86
2026-05-14 07:30:00,2026-05-14 07:44:00,2026-05-14 08:03:00,MSS,short,4701.6,4709.0,4709.0,4698.5,False,,4698.5,TP,3.1,27.41,19
2026-05-14 08:10:00,2026-05-14 08:15:00,2026-05-14 08:16:00,MSS,long,4706.2,4699.8,4699.8,4707.2,False,,4707.2,TP,1.0,5.66,1
2026-05-14 08:30:00,2026-05-14 08:35:00,2026-05-14 08:37:00,MSS,short,4703.1,4712.5,4712.5,4701.2,False,,4701.2,TP,1.9,15.03,2
2026-05-14 08:45:00,2026-05-14 08:55:00,2026-05-14 09:05:00,MSS,long,4709.2,4699.7,4699.7,4714.9,False,,4699.7,SL,-9.5,-99.0,10
2026-05-14 10:30:00,2026-05-14 10:35:00,2026-05-14 10:47:00,MSS,long,4706.2,4693.1,4693.1,4708.0,False,,4693.1,SL,-13.1,-135.0,12
2026-05-14 11:35:00,2026-05-14 11:41:00,2026-05-14 11:48:00,MSS,short,4684.2,4699.5,4699.5,4681.2,False,,4681.2,TP,3.0,25.88,7
2026-05-14 12:00:00,2026-05-14 12:28:00,2026-05-14 12:29:00,EXTEND,short,4707.0,4699.5,4699.5,4665.8,False,,4706.9,SL,0.1,-3.0,1
2026-05-14 13:25:00,2026-05-14 13:34:00,2026-05-14 13:59:00,EXTEND,short,4705.5,4711.3,4711.3,4697.1,False,,4697.1,TP,8.4,80.24,25
2026-05-14 14:40:00,2026-05-14 14:45:00,2026-05-14 15:27:00,MSS,long,4709.0,4692.7,4692.7,4710.2,False,,4710.2,TP,1.2,8.26,42
2026-05-14 15:35:00,2026-05-14 15:52:00,2026-05-14 15:58:00,EXTEND,long,4707.9,4700.7,4700.7,4732.6,False,,4700.7,SL,-7.2,-76.0,6
2026-05-14 16:40:00,2026-05-14 16:45:00,2026-05-14 17:00:00,MSS,short,4702.8,4713.7,4713.7,4699.3,False,,4699.3,TP,3.5,30.51,15
2026-05-14 18:20:00,2026-05-14 18:27:00,2026-05-14 18:52:00,EXTEND,short,4702.8,4707.2,4707.2,4698.1,False,,4698.1,TP,4.7,43.44,25
2026-05-14 18:50:00,2026-05-14 19:00:00,2026-05-14 19:01:00,EXTEND,short,4701.7,4704.8,4704.8,4695.7,False,,4704.8,SL,-3.1,-35.0,1
2026-05-14 19:25:00,2026-05-14 19:42:00,2026-05-14 19:47:00,EXTEND,short,4701.8,4705.4,4705.4,4693.1,False,,4705.4,SL,-3.6,-40.0,5
2026-05-14 19:55:00,2026-05-14 20:01:00,2026-05-14 20:35:00,EXTEND,long,4702.6,4695.7,4695.7,4715.8,False,,4715.8,TP,13.2,127.66,34
2026-05-14 20:45:00,2026-05-14 20:51:00,2026-05-14 21:19:00,EXTEND,short,4708.9,4716.9,4716.9,4698.6,False,,4698.6,TP,10.3,98.88,28
2026-05-14 21:40:00,2026-05-14 21:51:00,2026-05-15 03:45:00,EXTEND,short,4690.6,4711.7,4711.7,4660.4,False,,4660.4,TP,30.2,298.08,354
2026-05-15 07:10:00,2026-05-15 07:15:00,2026-05-15 07:16:00,MSS,short,4661.0,4667.8,4667.8,4661.6,False,,4661.3,TP,-0.3,-7.0,1
2026-05-15 07:30:00,2026-05-15 07:36:00,2026-05-15 08:01:00,MSS,short,4653.3,4669.0,4669.0,4650.3,False,,4650.3,TP,3.0,25.69,25
2026-05-15 08:00:00,2026-05-15 08:16:00,2026-05-15 08:25:00,EXTEND,short,4654.3,4669.0,4669.0,4640.4,False,,4640.4,TP,13.9,134.75,9
2026-05-15 08:55:00,2026-05-15 09:02:00,2026-05-15 09:06:00,MSS,long,4632.5,4621.8,4621.8,4639.6,False,,4621.8,SL,-10.7,-111.0,4
2026-05-15 09:10:00,2026-05-15 09:23:00,2026-05-15 13:01:00,EXTEND,short,4622.2,4636.7,4636.7,4605.8,False,,4605.8,TP,16.4,159.61,218
2026-05-15 13:45:00,2026-05-15 13:54:00,2026-05-15 13:59:00,BOS,short,4573.0,4579.8,4579.8,4561.9,False,,4561.9,TP,11.1,107.07,5
2026-05-15 14:15:00,2026-05-15 14:21:00,2026-05-15 15:12:00,MSS,long,4581.8,4560.0,4560.0,4588.1,False,,4588.1,TP,6.3,58.67,51
2026-05-15 15:20:00,2026-05-15 15:55:00,2026-05-15 16:01:00,EXTEND,long,4577.0,4569.8,4569.8,4599.9,False,,4569.8,SL,-7.2,-76.0,6
2026-05-15 16:45:00,2026-05-15 17:03:00,2026-05-15 17:10:00,EXTEND,long,4558.6,4553.2,4553.2,4572.5,False,,4553.2,SL,-5.4,-58.0,7
2026-05-15 17:15:00,2026-05-15 17:34:00,2026-05-15 17:50:00,EXTEND,short,4557.3,4568.2,4568.2,4536.6,False,,4536.6,TP,20.7,203.23,16
2026-05-15 18:05:00,2026-05-15 18:12:00,2026-05-15 18:51:00,MSS,long,4566.0,4535.7,4535.7,4571.3,False,,4571.3,TP,5.3,48.6,39
2026-05-15 20:00:00,2026-05-15 20:11:00,2026-05-15 21:00:00,BOS,short,4556.9,4563.4,4563.4,4546.4,False,,4546.4,TP,10.5,101.18,49
2026-05-15 21:45:00,2026-05-15 21:57:00,2026-05-15 22:19:00,EXTEND,short,4541.0,4561.8,4561.8,4501.1,False,,4561.8,SL,-20.8,-212.0,22
2026-05-15 22:55:00,2026-05-15 23:08:00,2026-05-15 23:19:00,MSS,long,4560.5,4550.1,4550.1,4576.5,False,,4550.1,SL,-10.4,-108.0,11
2026-05-16 00:30:00,2026-05-16 00:39:00,2026-05-16 01:01:00,MSS,long,4549.7,4533.2,4533.2,4552.8,False,,4552.8,TP,3.1,26.58,22
2026-05-16 01:25:00,2026-05-16 01:30:00,2026-05-16 02:18:00,EXTEND,long,4565.7,4558.4,4558.4,4571.5,False,,4558.4,SL,-7.3,-77.0,48
2026-05-16 02:15:00,2026-05-16 02:26:00,2026-05-16 02:53:00,MSS,short,4561.2,4566.6,4566.6,4554.3,False,,4566.6,SL,-5.4,-58.0,27
2026-05-18 09:25:00,2026-05-18 09:32:00,2026-05-18 09:46:00,EXTEND,long,4512.3,4495.5,4495.5,4518.0,False,,4518.0,TP,5.7,52.79,14
2026-05-18 10:45:00,2026-05-18 11:08:00,2026-05-18 12:02:00,EXTEND,long,4537.1,4524.6,4524.6,4551.9,False,,4551.9,TP,14.8,144.05,54
2026-05-18 12:05:00,2026-05-18 12:30:00,2026-05-18 15:30:00,EXTEND,long,4542.5,4528.1,4528.1,4561.0,False,,4561.0,TP,18.5,180.93,180
2026-05-18 15:30:00,2026-05-18 15:53:00,2026-05-18 18:05:00,EXTEND,long,4547.1,4541.8,4541.8,4570.5,False,,4541.8,SL,-5.3,-57.0,132
2026-05-18 18:10:00,2026-05-18 18:17:00,2026-05-18 18:34:00,EXTEND,short,4543.6,4549.0,4549.0,4536.7,False,,4536.7,TP,6.9,65.19,17
2026-05-18 18:40:00,2026-05-18 18:46:00,2026-05-18 18:47:00,MSS,long,4550.2,4535.4,4535.4,4550.8,False,,4550.8,TP,0.6,1.67,1
2026-05-18 18:45:00,2026-05-18 18:57:00,2026-05-18 19:09:00,EXTEND,long,4542.9,4535.4,4535.4,4555.8,False,,4535.4,SL,-7.5,-79.0,12
2026-05-18 19:40:00,2026-05-18 20:21:00,2026-05-18 21:33:00,EXTEND,long,4554.0,4535.6,4535.6,4581.7,False,,4581.7,TP,27.7,273.01,72
2026-05-18 21:30:00,2026-05-18 21:47:00,2026-05-18 22:05:00,BOS,long,4577.4,4565.4,4565.4,4589.4,False,,4565.4,SL,-12.0,-124.0,18
2026-05-18 23:30:00,2026-05-18 23:43:00,2026-05-19 00:14:00,EXTEND,short,4545.1,4553.0,4553.0,4533.3,False,,4553.0,SL,-7.9,-83.0,31
2026-05-19 00:25:00,2026-05-19 00:34:00,2026-05-19 00:50:00,MSS,short,4544.1,4555.1,4555.1,4532.9,False,,4555.1,SL,-11.0,-114.0,16
2026-05-19 02:25:00,2026-05-19 02:33:00,2026-05-19 03:01:00,EXTEND,short,4544.8,4552.1,4552.1,4537.6,False,,4552.1,SL,-7.3,-77.0,28
2026-05-19 07:20:00,2026-05-19 07:59:00,2026-05-19 08:25:00,EXTEND,long,4585.4,4576.7,4576.7,4597.5,False,,4576.7,SL,-8.7,-91.0,26
2026-05-19 09:00:00,2026-05-19 09:09:00,2026-05-19 10:11:00,EXTEND,short,4567.8,4579.8,4579.8,4555.4,False,,4555.4,TP,12.4,119.84,62
2026-05-19 11:35:00,2026-05-19 11:48:00,2026-05-19 11:49:00,MSS,long,4551.6,4550.0,4550.0,4560.4,False,,4550.0,SL,-1.6,-20.0,1
2026-05-19 12:15:00,2026-05-19 12:22:00,2026-05-19 13:10:00,EXTEND,short,4544.0,4548.8,4548.8,4539.7,False,,4548.8,SL,-4.8,-52.0,48
2026-05-19 13:20:00,2026-05-19 13:30:00,2026-05-19 14:18:00,MSS,short,4540.4,4549.8,4549.8,4528.5,False,,4549.8,SL,-9.4,-98.0,48
2026-05-19 14:45:00,2026-05-19 15:00:00,2026-05-19 15:08:00,MSS,short,4548.4,4556.1,4556.1,4543.7,False,,4556.1,SL,-7.7,-81.0,8
2026-05-19 15:05:00,2026-05-19 15:18:00,2026-05-19 15:27:00,MSS,long,4552.8,4547.5,4547.5,4562.0,False,,4547.5,SL,-5.3,-57.0,9
2026-05-19 15:40:00,2026-05-19 15:49:00,2026-05-19 15:50:00,MSS,short,4554.2,4553.0,4553.0,4542.3,False,,4554.3,SL,-0.1,-5.0,1
2026-05-19 16:00:00,2026-05-19 16:10:00,2026-05-19 16:23:00,EXTEND,long,4550.4,4544.6,4544.6,4567.7,False,,4544.6,SL,-5.8,-62.0,13
2026-05-20 07:40:00,2026-05-20 08:02:00,2026-05-20 08:08:00,EXTEND,long,4492.7,4482.9,4482.9,4503.9,False,,4482.9,SL,-9.8,-102.0,6
2026-05-20 09:05:00,2026-05-20 09:12:00,2026-05-20 09:26:00,EXTEND,short,4496.3,4513.0,4513.0,4484.6,False,,4484.6,TP,11.7,113.48,14
2026-05-20 09:35:00,2026-05-20 09:57:00,2026-05-20 19:29:00,EXTEND,short,4481.9,4503.4,4503.4,4445.6,False,,4503.4,SL,-21.5,-219.0,572
2026-05-20 19:25:00,2026-05-20 19:47:00,2026-05-20 19:50:00,MSS,long,4498.8,4493.5,4493.5,4506.5,False,,4493.5,SL,-5.3,-57.0,3
2026-05-20 20:45:00,2026-05-20 20:59:00,2026-05-20 21:26:00,EXTEND,long,4498.8,4495.2,4495.2,4511.8,False,,4495.2,SL,-3.6,-40.0,27
2026-05-21 07:35:00,2026-05-21 07:45:00,2026-05-21 08:01:00,MSS,long,4545.9,4535.5,4535.5,4549.9,False,,4549.9,TP,4.0,35.51,16
2026-05-21 08:15:00,2026-05-21 08:28:00,2026-05-21 09:10:00,BOS,long,4545.8,4540.7,4540.7,4558.7,False,,4558.7,TP,12.9,125.34,42
2026-05-21 11:50:00,2026-05-21 12:07:00,2026-05-21 12:14:00,BOS,short,4533.4,4537.9,4537.9,4525.5,False,,4537.9,SL,-4.5,-49.0,7
2026-05-21 13:05:00,2026-05-21 13:13:00,2026-05-21 13:18:00,MSS,short,4531.4,4541.7,4541.7,4529.4,False,,4529.4,TP,2.0,16.19,5
2026-05-21 14:20:00,2026-05-21 14:42:00,2026-05-21 15:06:00,EXTEND,long,4527.6,4519.1,4519.1,4547.2,False,,4519.1,SL,-8.5,-89.0,24
2026-05-21 15:25:00,2026-05-21 15:53:00,2026-05-21 16:04:00,BOS,short,4522.1,4525.0,4525.0,4510.1,False,,4525.0,SL,-2.9,-33.0,11
2026-05-21 16:35:00,2026-05-21 16:48:00,2026-05-21 17:11:00,MSS,short,4532.0,4538.1,4538.1,4524.9,False,,4538.1,SL,-6.1,-65.0,23
2026-05-21 17:20:00,2026-05-21 17:27:00,2026-05-21 17:43:00,EXTEND,long,4539.5,4532.9,4532.9,4546.9,False,,4532.9,SL,-6.6,-70.0,16
2026-05-21 18:00:00,2026-05-21 18:08:00,2026-05-21 18:09:00,MSS,long,4534.4,4530.7,4530.7,4535.8,False,,4535.8,TP,1.4,9.8,1
2026-05-21 18:05:00,2026-05-21 18:14:00,2026-05-21 18:25:00,EXTEND,long,4533.6,4530.7,4530.7,4539.1,False,,4530.7,SL,-2.9,-33.0,11
2026-05-21 19:35:00,2026-05-21 19:54:00,2026-05-21 20:25:00,EXTEND,short,4515.3,4522.4,4522.4,4505.4,False,,4505.4,TP,9.9,95.18,31
2026-05-21 20:25:00,2026-05-21 20:39:00,2026-05-21 21:15:00,EXTEND,short,4512.8,4520.3,4520.3,4498.5,False,,4498.5,TP,14.3,139.44,36
2026-05-21 21:50:00,2026-05-21 22:10:00,2026-05-22 01:11:00,MSS,long,4508.8,4488.5,4488.5,4531.3,False,,4531.3,TP,22.5,220.99,181
2026-05-22 03:50:00,2026-05-22 07:04:00,2026-05-22 07:05:00,MSS,short,4544.1,4544.5,4544.5,4532.9,False,,4544.5,SL,-0.4,-8.0,1
2026-05-22 07:20:00,2026-05-22 07:30:00,2026-05-22 07:44:00,EXTEND,short,4539.3,4545.2,4545.2,4533.8,False,,4533.8,TP,5.5,51.3,14
2026-05-22 08:15:00,2026-05-22 08:34:00,2026-05-22 08:35:00,EXTEND,short,4537.7,4537.3,4537.3,4529.0,False,,4537.7,SL,0.0,-4.0,1
2026-05-22 08:50:00,2026-05-22 08:57:00,2026-05-22 09:09:00,MSS,short,4530.3,4542.2,4542.2,4524.4,False,,4524.4,TP,5.9,54.8,12
2026-05-22 09:05:00,2026-05-22 09:22:00,2026-05-22 10:33:00,BOS,short,4531.2,4537.6,4537.6,4520.6,False,,4520.6,TP,10.6,102.18,71
2026-05-22 10:30:00,2026-05-22 10:52:00,2026-05-22 11:47:00,BOS,short,4526.3,4530.5,4530.5,4516.7,False,,4530.5,SL,-4.2,-46.0,55
2026-05-22 12:35:00,2026-05-22 12:40:00,2026-05-22 13:03:00,MSS,short,4526.8,4533.9,4533.9,4525.3,False,,4525.3,TP,1.5,11.36,23
2026-05-22 13:00:00,2026-05-22 13:14:00,2026-05-22 13:30:00,BOS,short,4526.4,4531.2,4531.2,4522.8,False,,4531.2,SL,-4.8,-52.0,16
2026-05-22 13:55:00,2026-05-22 14:08:00,2026-05-22 17:54:00,MSS,short,4520.5,4535.4,4535.4,4501.0,False,,4535.4,SL,-14.9,-153.0,226
2026-05-22 19:05:00,2026-05-22 19:14:00,2026-05-22 19:18:00,EXTEND,long,4516.7,4513.1,4513.1,4519.7,False,,4513.1,SL,-3.6,-40.0,4
2026-05-22 19:20:00,2026-05-22 19:27:00,2026-05-22 19:34:00,MSS,short,4514.0,4518.3,4518.3,4511.4,False,,4518.3,SL,-4.3,-47.0,7
2026-05-22 20:35:00,2026-05-22 20:40:00,2026-05-22 22:00:00,MSS,short,4518.0,4537.4,4537.4,4509.8,False,,4509.8,TP,8.2,77.59,80
2026-05-23 00:40:00,2026-05-23 00:48:00,2026-05-23 01:30:00,MSS,short,4517.6,4528.8,4528.8,4507.6,False,,4528.8,SL,-11.2,-116.0,42
2026-05-23 01:30:00,2026-05-23 01:38:00,2026-05-23 02:04:00,EXTEND,long,4524.4,4514.5,4514.5,4535.5,False,,4514.5,SL,-9.9,-103.0,26
2026-05-23 02:45:00,2026-05-23 02:52:00,2026-05-23 03:03:00,MSS,short,4515.0,4523.3,4523.3,4512.1,False,,4512.1,TP,2.9,24.76,11
2026-05-23 03:40:00,2026-05-23 03:56:00,2026-05-23 04:43:00,EXTEND,long,4510.1,4505.9,4505.9,4514.7,False,,4505.9,SL,-4.2,-46.0,47
2026-05-25 08:45:00,2026-05-25 08:54:00,2026-05-25 08:55:00,BOS,long,4575.4,4572.2,4572.2,4584.1,False,,4572.2,SL,-3.2,-36.0,1
2026-05-25 08:55:00,2026-05-25 09:04:00,2026-05-25 09:08:00,MSS,short,4570.1,4581.6,4581.6,4562.9,False,,4562.9,TP,7.2,67.69,4
2026-05-25 09:05:00,2026-05-25 09:25:00,2026-05-25 13:25:00,BOS,short,4571.3,4578.1,4578.1,4557.0,False,,4557.0,TP,14.3,138.82,240
2026-05-25 15:00:00,2026-05-25 15:22:00,2026-05-25 15:23:00,EXTEND,long,4555.3,4554.5,4554.5,4568.9,False,,4554.5,SL,-0.8,-12.0,1
2026-05-25 16:25:00,2026-05-25 16:36:00,2026-05-25 17:34:00,EXTEND,short,4557.0,4566.7,4566.7,4552.1,False,,4566.7,SL,-9.7,-101.0,58
2026-05-25 19:15:00,2026-05-25 19:28:00,2026-05-25 20:00:00,BOS,long,4572.9,4569.4,4569.4,4579.7,False,,4569.4,SL,-3.5,-39.0,32
2026-05-25 20:20:00,2026-05-25 20:43:00,2026-05-26 01:13:00,EXTEND,short,4569.0,4579.3,4579.3,4547.6,False,,4579.3,SL,-10.3,-107.0,270
2026-05-26 01:10:00,2026-05-26 01:27:00,2026-05-26 01:40:00,EXTEND,long,4573.5,4569.9,4569.9,4583.5,False,,4569.9,SL,-3.6,-40.0,13
2026-05-26 07:25:00,2026-05-26 07:30:00,2026-05-26 07:33:00,MSS,short,4569.2,4583.2,4583.2,4565.3,False,,4565.3,TP,3.9,35.07,3
2026-05-26 08:15:00,2026-05-26 08:37:00,2026-05-26 09:33:00,BOS,short,4549.2,4554.4,4554.4,4538.9,False,,4538.9,TP,10.3,98.94,56
2026-05-26 10:05:00,2026-05-26 10:14:00,2026-05-26 10:15:00,MSS,long,4539.2,4539.9,4539.9,4539.9,False,,4539.3,SL,0.1,-3.0,1
2026-05-26 10:30:00,2026-05-26 10:41:00,2026-05-26 10:45:00,MSS,short,4537.8,4540.1,4540.1,4533.4,False,,4533.4,TP,4.4,40.31,4
2026-05-26 10:50:00,2026-05-26 11:04:00,2026-05-26 11:17:00,EXTEND,short,4534.4,4539.5,4539.5,4528.3,False,,4539.5,SL,-5.1,-55.0,13
2026-05-26 13:35:00,2026-05-26 13:43:00,2026-05-26 13:45:00,EXTEND,long,4530.2,4529.2,4529.2,4537.2,False,,4529.2,SL,-1.0,-14.0,2
2026-05-26 13:50:00,2026-05-26 14:10:00,2026-05-26 14:25:00,EXTEND,short,4530.0,4535.5,4535.5,4520.8,False,,4535.5,SL,-5.5,-59.0,15
2026-05-26 14:25:00,2026-05-26 14:40:00,2026-05-26 14:49:00,EXTEND,long,4533.5,4529.5,4529.5,4538.8,False,,4529.5,SL,-4.0,-44.0,9
2026-05-26 15:15:00,2026-05-26 15:29:00,2026-05-26 15:50:00,EXTEND,short,4530.1,4534.3,4534.3,4519.2,False,,4534.3,SL,-4.2,-46.0,21
2026-05-26 15:55:00,2026-05-26 16:19:00,2026-05-26 16:29:00,EXTEND,long,4530.1,4521.7,4521.7,4544.4,False,,4521.7,SL,-8.4,-88.0,10
2026-05-26 17:15:00,2026-05-26 17:20:00,2026-05-26 17:21:00,EXTEND,short,4524.0,4525.4,4525.4,4516.3,False,,4525.4,SL,-1.4,-18.0,1
2026-05-26 17:40:00,2026-05-26 18:03:00,2026-05-26 18:10:00,EXTEND,short,4520.1,4526.7,4526.7,4508.3,False,,4526.7,SL,-6.6,-70.0,7
2026-05-26 20:45:00,2026-05-26 20:52:00,2026-05-26 21:21:00,MSS,long,4521.0,4500.3,4500.3,4527.0,False,,4527.0,TP,6.0,55.7,29
2026-05-26 22:10:00,2026-05-26 22:28:00,2026-05-26 22:32:00,BOS,short,4516.2,4521.3,4521.3,4504.9,False,,4521.3,SL,-5.1,-55.0,4
2026-05-26 22:35:00,2026-05-26 22:58:00,2026-05-26 23:03:00,MSS,long,4516.2,4508.4,4508.4,4530.2,False,,4508.4,SL,-7.8,-82.0,5
2026-05-27 07:00:00,2026-05-27 07:25:00,2026-05-27 07:41:00,EXTEND,long,4506.3,4500.0,4500.0,4517.8,False,,4517.8,TP,11.5,110.8,16
2026-05-27 08:25:00,2026-05-27 08:48:00,2026-05-27 09:39:00,EXTEND,short,4520.2,4525.8,4525.8,4510.6,False,,4510.6,TP,9.6,92.4,51
2026-05-27 10:45:00,2026-05-27 10:54:00,2026-05-27 10:57:00,EXTEND,short,4503.2,4505.3,4505.3,4495.1,False,,4505.3,SL,-2.1,-25.0,3
2026-05-27 11:15:00,2026-05-27 11:40:00,2026-05-27 11:58:00,EXTEND,long,4502.4,4497.3,4497.3,4515.0,False,,4497.3,SL,-5.1,-55.0,18
2026-05-27 12:00:00,2026-05-27 12:13:00,2026-05-27 12:42:00,EXTEND,short,4500.7,4504.7,4504.7,4491.9,False,,4504.7,SL,-4.0,-44.0,29
2026-05-27 13:15:00,2026-05-27 13:20:00,2026-05-27 13:21:00,EXTEND,short,4503.8,4502.2,4502.2,4504.0,False,,4504.4,SL,-0.6,-10.0,1
2026-05-27 15:15:00,2026-05-27 15:27:00,2026-05-27 15:31:00,EXTEND,short,4484.9,4487.9,4487.9,4476.9,False,,4487.9,SL,-3.0,-34.0,4
2026-05-27 15:50:00,2026-05-27 16:06:00,2026-05-27 16:18:00,EXTEND,short,4484.4,4487.9,4487.9,4470.5,False,,4487.9,SL,-3.5,-39.0,12
2026-05-27 16:20:00,2026-05-27 16:33:00,2026-05-27 16:40:00,EXTEND,long,4486.6,4482.3,4482.3,4493.5,False,,4493.5,TP,6.9,64.76,7
2026-05-27 16:50:00,2026-05-27 17:12:00,2026-05-27 18:03:00,EXTEND,long,4489.5,4484.7,4484.7,4500.1,False,,4484.7,SL,-4.8,-52.0,51
2026-05-27 19:55:00,2026-05-27 20:08:00,2026-05-27 20:18:00,BOS,short,4430.0,4442.0,4442.0,4416.7,False,,4442.0,SL,-12.0,-124.0,10
2026-05-27 20:20:00,2026-05-27 20:49:00,2026-05-27 21:05:00,EXTEND,long,4443.1,4426.2,4426.2,4474.0,False,,4426.2,SL,-16.9,-173.0,16
2026-05-27 21:30:00,2026-05-27 21:35:00,2026-05-27 21:51:00,MSS,long,4422.8,4398.4,4398.4,4428.6,False,,4428.6,TP,5.8,54.26,16
2026-05-28 01:00:00,2026-05-28 01:07:00,2026-05-28 01:08:00,MSS,short,4445.9,4451.4,4451.4,4443.9,False,,4443.9,TP,2.0,15.93,1
2026-05-28 01:25:00,2026-05-28 01:31:00,2026-05-28 01:35:00,MSS,long,4451.1,4439.7,4439.7,4452.4,False,,4452.4,TP,1.3,9.0,4
2026-05-28 02:05:00,2026-05-28 02:22:00,2026-05-28 02:23:00,EXTEND,short,4454.3,4452.9,4452.9,4444.1,False,,4454.2,SL,0.1,-3.0,1
2026-05-28 02:20:00,2026-05-28 02:38:00,2026-05-28 06:00:00,MSS,long,4451.1,4446.0,4446.0,4460.0,False,,4446.0,SL,-5.1,-55.0,140
2026-05-28 07:25:00,2026-05-28 07:41:00,2026-05-28 07:46:00,EXTEND,short,4449.6,4451.8,4451.8,4445.1,False,,4445.0,TP,4.6,42.0,4
2026-05-28 07:50:00,2026-05-28 08:04:00,2026-05-28 08:19:00,EXTEND,short,4446.6,4450.8,4450.8,4439.2,False,,4451.0,SL,-4.4,-48.0,9
2026-05-28 12:55:00,2026-05-28 13:07:00,2026-05-28 13:25:00,MSS,long,4370.1,4366.7,4366.7,4372.2,False,,4374.4,TP,4.3,39.0,7
2026-05-28 17:00:00,2026-05-28 17:14:00,2026-05-28 17:21:00,MSS,long,4385.9,4383.3,4383.3,4389.4,False,,4389.8,TP,3.9,35.0,2
2026-05-28 19:25:00,2026-05-28 19:30:00,2026-05-28 19:33:00,MSS,short,4382.3,4388.3,4388.3,4381.1,False,,4380.1,TP,2.2,18.0,2
2026-05-28 19:30:00,2026-05-28 19:39:00,2026-05-28 20:01:00,EXTEND,short,4385.3,4388.3,4388.3,4377.9,False,,4388.3,SL,-3.0,-34.0,20
2026-05-28 21:35:00,2026-05-28 21:47:00,2026-05-28 21:53:00,EXTEND,short,4423.4,4431.6,4431.6,4412.4,False,,4431.6,SL,-8.2,-86.0,6
2026-05-28 22:45:00,2026-05-28 22:59:00,2026-05-29 00:16:00,EXTEND,long,4467.0,4452.8,4452.8,4484.2,False,,4484.2,TP,17.2,167.69,72
2026-05-29 01:10:00,2026-05-29 01:20:00,2026-05-29 02:35:00,MSS,short,4500.7,4511.5,4511.5,4499.6,False,,4499.3,TP,1.4,10.0,20
