signal_time,entry_time,exit_time,kind,direction,entry,sl,final_sl,tp,break_even_moved,break_even_time,exit_price,exit_reason,points,dollars,bars_held
2025-08-28 08:20:00,2025-08-28 08:34:00,2025-08-28 08:50:00,BOS,long,3423.6,3422.0,3423.6,3426.3,True,2025-08-28 08:41:00,3423.0,BE,-0.6,-10.0,13
2025-08-28 09:30:00,2025-08-28 09:38:00,2025-08-28 09:40:00,BOS,short,3416.6,3418.9,3416.6,3415.7,True,2025-08-28 09:39:00,3415.7,TP,0.9,4.75,2
2025-08-28 09:45:00,2025-08-28 10:03:00,2025-08-28 10:13:00,EXTEND,short,3416.3,3418.9,3416.3,3413.3,True,2025-08-28 10:04:00,3416.7,BE,-0.4,-8.0,10
2025-08-28 12:35:00,2025-08-28 12:43:00,2025-08-28 12:45:00,EXTEND,long,3417.8,3417.2,3417.2,3419.0,False,,3416.8,SL,-1.0,-14.0,2
2025-08-28 13:20:00,2025-08-28 13:31:00,2025-08-28 13:37:00,BOS,short,3416.8,3417.4,3416.8,3415.4,True,2025-08-28 13:33:00,3416.9,BE,-0.1,-5.0,4
2025-08-28 13:55:00,2025-08-28 14:00:00,2025-08-28 14:01:00,MSS,long,3418.1,3415.0,3418.1,3418.2,True,2025-08-28 14:01:00,3418.3,TP,0.2,-2.0,1
2025-08-28 15:05:00,2025-08-28 15:17:00,2025-08-28 16:05:00,EXTEND,short,3423.5,3423.8,3423.5,3419.7,True,2025-08-28 15:18:00,3423.5,BE,0.0,-4.0,41
2025-08-28 16:05:00,2025-08-28 16:14:00,2025-08-28 16:17:00,EXTEND,long,3420.9,3420.0,3420.9,3425.1,True,2025-08-28 16:16:00,3420.9,BE,0.0,-4.0,3
2025-08-28 18:00:00,2025-08-28 18:05:00,2025-08-28 18:06:00,MSS,short,3423.6,3427.3,3423.6,3423.0,True,2025-08-28 18:06:00,3423.7,BE,-0.1,-5.0,1
2025-08-28 18:05:00,2025-08-28 18:35:00,2025-08-28 18:43:00,EXTEND,short,3424.9,3427.3,3424.9,3421.2,True,2025-08-28 18:38:00,3425.0,BE,-0.1,-5.0,5
2025-08-28 19:10:00,2025-08-28 19:16:00,2025-08-28 19:19:00,EXTEND,short,3425.9,3426.9,3426.9,3424.0,False,,3427.1,SL,-1.2,-16.0,2
2025-08-28 20:30:00,2025-08-28 20:35:00,2025-08-28 20:36:00,MSS,short,3431.5,3438.6,3431.5,3428.1,True,2025-08-28 20:36:00,3431.5,BE,0.0,-4.0,1
2025-08-28 21:15:00,2025-08-28 21:20:00,2025-08-28 21:21:00,MSS,long,3431.3,3424.0,3431.3,3432.6,True,2025-08-28 21:21:00,3431.3,BE,0.0,-4.0,1
2025-08-28 22:10:00,2025-08-28 22:26:00,2025-08-28 22:40:00,BOS,long,3437.7,3435.6,3437.7,3441.8,True,2025-08-28 22:27:00,3441.8,TP,4.1,37.23,14
2025-08-29 02:50:00,2025-08-29 02:59:00,2025-08-29 03:02:00,MSS,long,3449.6,3447.7,3449.6,3450.9,True,2025-08-29 03:00:00,3449.5,BE,-0.1,-5.0,3
2025-08-29 03:35:00,2025-08-29 03:48:00,2025-08-29 04:08:00,EXTEND,short,3448.8,3450.1,3448.8,3446.4,True,2025-08-29 04:01:00,3449.0,BE,-0.2,-6.0,18
2025-08-29 07:00:00,2025-08-29 07:21:00,2025-08-29 07:22:00,EXTEND,long,3447.1,3446.6,3447.1,3447.7,True,2025-08-29 07:22:00,3447.1,BE,0.0,-4.0,1
2025-08-29 09:30:00,2025-08-29 09:40:00,2025-08-29 09:44:00,MSS,long,3442.2,3441.6,3442.2,3444.0,True,2025-08-29 09:42:00,3444.0,TP,1.8,14.13,4
2025-08-29 13:00:00,2025-08-29 13:09:00,2025-08-29 13:10:00,BOS,short,3440.3,3441.8,3440.3,3439.8,True,2025-08-29 13:10:00,3440.3,BE,0.0,-4.0,1
2025-08-29 13:20:00,2025-08-29 13:38:00,2025-08-29 13:44:00,EXTEND,short,3440.5,3441.8,3440.5,3438.1,True,2025-08-29 13:41:00,3440.5,BE,0.0,-4.0,5
2025-08-29 14:40:00,2025-08-29 15:03:00,2025-08-29 15:56:00,EXTEND,short,3442.3,3443.1,3442.3,3436.8,True,2025-08-29 15:12:00,3442.3,BE,0.0,-4.0,49
2025-08-29 16:10:00,2025-08-29 16:28:00,2025-08-29 16:51:00,BOS,long,3441.8,3440.9,3441.8,3444.2,True,2025-08-29 16:31:00,3441.8,BE,0.0,-4.0,19
2025-08-29 16:55:00,2025-08-29 17:29:00,2025-08-29 17:31:00,EXTEND,short,3441.0,3443.2,3441.0,3439.8,True,2025-08-29 17:30:00,3441.0,BE,0.0,-4.0,2
2025-08-29 18:05:00,2025-08-29 18:12:00,2025-08-29 18:21:00,EXTEND,short,3438.3,3440.1,3438.3,3436.4,True,2025-08-29 18:13:00,3436.4,TP,1.9,15.0,8
2025-08-29 18:30:00,2025-08-29 18:44:00,2025-08-29 18:47:00,EXTEND,short,3437.7,3439.4,3437.7,3434.6,True,2025-08-29 18:45:00,3437.7,BE,0.0,-4.0,3
2025-08-29 19:15:00,2025-08-29 19:20:00,2025-08-29 19:22:00,MSS,long,3436.5,3434.7,3436.5,3436.7,True,2025-08-29 19:22:00,3436.0,BE,-0.5,-9.0,1
2025-08-29 19:20:00,2025-08-29 19:27:00,2025-08-29 19:28:00,EXTEND,long,3435.8,3434.7,3435.8,3437.0,True,2025-08-29 19:28:00,3435.6,BE,-0.2,-6.0,1
2025-08-29 19:50:00,2025-08-29 20:18:00,2025-08-29 20:35:00,EXTEND,long,3437.5,3434.9,3437.5,3443.7,True,2025-08-29 20:20:00,3443.7,TP,6.2,57.63,17
2025-08-29 22:35:00,2025-08-29 22:47:00,2025-08-29 23:16:00,EXTEND,long,3470.6,3466.3,3470.6,3479.4,True,2025-08-29 22:48:00,3479.4,TP,8.8,83.81,29
2025-08-30 00:15:00,2025-08-30 00:46:00,2025-08-30 00:51:00,EXTEND,short,3485.1,3487.0,3487.0,3477.5,False,,3487.0,SL,-1.9,-23.0,5
2025-08-30 01:00:00,2025-08-30 01:17:00,2025-08-30 01:18:00,EXTEND,long,3487.3,3484.1,3487.3,3490.8,True,2025-08-30 01:18:00,3487.2,BE,-0.1,-5.0,1
2025-08-30 02:30:00,2025-08-30 02:38:00,2025-08-30 02:39:00,EXTEND,short,3482.7,3484.2,3482.7,3481.5,True,2025-08-30 02:39:00,3482.9,BE,-0.2,-6.0,1
2025-09-01 07:50:00,2025-09-01 07:57:00,2025-09-01 07:59:00,EXTEND,short,3483.0,3485.2,3483.0,3479.5,True,2025-09-01 07:59:00,3483.0,BE,0.0,-4.0,2
2025-09-01 08:40:00,2025-09-01 08:56:00,2025-09-01 09:04:00,EXTEND,long,3482.1,3481.0,3481.0,3487.5,False,,3481.0,SL,-1.1,-15.0,8
2025-09-01 11:00:00,2025-09-01 11:07:00,2025-09-01 11:09:00,EXTEND,long,3517.0,3514.2,3514.2,3525.4,False,,3514.2,SL,-2.8,-32.0,2
2025-09-01 12:25:00,2025-09-01 12:33:00,2025-09-01 13:32:00,EXTEND,long,3514.5,3512.5,3514.5,3520.9,True,2025-09-01 12:36:00,3520.9,TP,6.4,59.82,53
2025-09-01 13:40:00,2025-09-01 13:51:00,2025-09-01 14:00:00,MSS,short,3519.8,3523.7,3519.8,3513.3,True,2025-09-01 13:59:00,3519.8,BE,0.0,-4.0,9
2025-09-01 14:40:00,2025-09-01 14:54:00,2025-09-01 14:55:00,EXTEND,long,3523.1,3518.6,3523.1,3529.9,True,2025-09-01 14:55:00,3523.1,BE,0.0,-4.0,1
2025-09-01 18:05:00,2025-09-01 18:10:00,2025-09-01 18:11:00,MSS,long,3514.0,3506.6,3514.0,3514.3,True,2025-09-01 18:11:00,3515.0,TP,1.0,6.0,1
2025-09-01 18:10:00,2025-09-01 18:17:00,2025-09-01 19:49:00,EXTEND,long,3511.9,3506.6,3511.9,3517.6,True,2025-09-01 18:18:00,3511.9,BE,0.0,-4.0,75
2025-09-01 20:00:00,2025-09-01 20:09:00,2025-09-01 20:10:00,MSS,long,3511.7,3512.5,3512.5,3514.2,False,,3512.0,SL,0.3,-1.0,1
2025-09-01 20:50:00,2025-09-01 20:55:00,2025-09-01 20:56:00,MSS,long,3514.0,3509.8,3514.0,3514.2,True,2025-09-01 20:56:00,3514.5,TP,0.5,1.0,1
2025-09-01 22:00:00,2025-09-01 22:15:00,2025-09-01 22:19:00,EXTEND,short,3517.8,3519.0,3519.0,3512.9,False,,3519.0,SL,-1.2,-16.0,4
2025-09-01 22:40:00,2025-09-01 22:56:00,2025-09-01 23:04:00,BOS,short,3517.1,3518.3,3517.1,3513.1,True,2025-09-01 22:59:00,3517.1,BE,0.0,-4.0,7
2025-09-01 23:15:00,2025-09-01 23:27:00,2025-09-01 23:30:00,EXTEND,long,3516.5,3514.2,3516.5,3518.9,True,2025-09-01 23:30:00,3516.2,BE,-0.3,-7.0,3
2025-09-02 00:55:00,2025-09-02 01:21:00,2025-09-02 02:12:00,EXTEND,long,3517.0,3516.3,3517.0,3518.8,True,2025-09-02 01:30:00,3517.0,BE,0.0,-4.0,32
2025-09-02 07:20:00,2025-09-02 07:30:00,2025-09-02 08:26:00,MSS,long,3520.4,3517.4,3520.4,3525.1,True,2025-09-02 07:31:00,3525.1,TP,4.7,43.47,51
2025-09-02 08:35:00,2025-09-02 08:44:00,2025-09-02 09:00:00,EXTEND,long,3523.8,3521.6,3521.6,3529.9,False,,3521.6,SL,-2.2,-26.0,15
2025-09-02 09:10:00,2025-09-02 09:15:00,2025-09-02 09:16:00,MSS,long,3530.5,3519.0,3530.5,3533.2,True,2025-09-02 09:16:00,3530.5,BE,0.0,-4.0,1
2025-09-02 09:45:00,2025-09-02 09:51:00,2025-09-02 09:53:00,EXTEND,long,3537.4,3534.2,3534.2,3553.0,False,,3534.2,SL,-3.2,-36.0,2
2025-09-02 12:25:00,2025-09-02 12:34:00,2025-09-02 12:38:00,MSS,short,3535.3,3536.0,3536.0,3531.8,False,,3536.0,SL,-0.7,-11.0,2
2025-09-02 13:20:00,2025-09-02 13:26:00,2025-09-02 13:28:00,MSS,short,3533.2,3537.6,3533.2,3532.4,True,2025-09-02 13:27:00,3533.2,BE,0.0,-4.0,2
2025-09-02 13:25:00,2025-09-02 13:41:00,2025-09-02 14:14:00,EXTEND,short,3536.1,3537.6,3536.1,3531.2,True,2025-09-02 13:43:00,3531.2,TP,4.8,44.5,32
2025-09-02 15:30:00,2025-09-02 15:48:00,2025-09-02 15:51:00,BOS,short,3520.1,3523.8,3520.1,3516.3,True,2025-09-02 15:49:00,3516.3,TP,3.8,33.93,3
2025-09-02 16:45:00,2025-09-02 16:58:00,2025-09-02 18:10:00,EXTEND,long,3515.6,3514.7,3515.6,3523.8,True,2025-09-02 17:02:00,3523.8,TP,8.2,78.44,66
2025-09-02 18:10:00,2025-09-02 18:23:00,2025-09-02 18:24:00,EXTEND,long,3521.6,3516.9,3521.6,3527.8,True,2025-09-02 18:24:00,3521.2,BE,-0.4,-8.0,1
2025-09-02 19:00:00,2025-09-02 19:22:00,2025-09-02 19:31:00,EXTEND,long,3521.1,3517.9,3517.9,3530.3,False,,3517.9,SL,-3.2,-36.0,9
2025-09-02 20:00:00,2025-09-02 20:20:00,2025-09-02 20:26:00,EXTEND,long,3520.5,3517.4,3517.4,3539.8,False,,3517.4,SL,-3.1,-35.0,6
2025-09-02 20:40:00,2025-09-02 20:58:00,2025-09-02 21:30:00,EXTEND,short,3521.0,3525.5,3521.0,3505.7,True,2025-09-02 21:04:00,3521.0,BE,0.0,-4.0,31
2025-09-02 21:45:00,2025-09-02 21:53:00,2025-09-02 21:55:00,EXTEND,long,3521.3,3513.4,3521.3,3533.5,True,2025-09-02 21:54:00,3521.1,BE,-0.2,-6.0,2
2025-09-03 00:15:00,2025-09-03 00:23:00,2025-09-03 00:24:00,EXTEND,long,3559.5,3553.3,3559.5,3564.2,True,2025-09-03 00:24:00,3559.5,BE,0.0,-4.0,1
2025-09-03 00:50:00,2025-09-03 01:04:00,2025-09-03 01:20:00,BOS,long,3560.3,3560.0,3560.3,3565.7,True,2025-09-03 01:13:00,3560.3,BE,0.0,-4.0,16
2025-09-03 01:30:00,2025-09-03 01:50:00,2025-09-03 01:51:00,EXTEND,long,3563.8,3560.0,3563.8,3566.5,True,2025-09-03 01:51:00,3563.4,BE,-0.4,-8.0,1
2025-09-03 02:35:00,2025-09-03 02:47:00,2025-09-03 02:49:00,EXTEND,long,3564.4,3562.8,3564.4,3567.6,True,2025-09-03 02:48:00,3563.9,BE,-0.5,-9.0,2
2025-09-03 03:50:00,2025-09-03 03:59:00,2025-09-03 04:01:00,MSS,short,3568.0,3571.7,3568.0,3564.3,True,2025-09-03 04:01:00,3568.7,BE,-0.7,-11.0,2
2025-09-03 07:50:00,2025-09-03 07:59:00,2025-09-03 08:16:00,MSS,long,3566.2,3564.3,3566.2,3570.8,True,2025-09-03 08:01:00,3570.8,TP,4.6,41.77,15
2025-09-03 08:25:00,2025-09-03 08:31:00,2025-09-03 08:35:00,EXTEND,long,3576.9,3565.9,3576.9,3593.5,True,2025-09-03 08:35:00,3576.9,BE,0.0,-4.0,4
2025-09-03 08:55:00,2025-09-03 09:02:00,2025-09-03 09:04:00,MSS,short,3576.3,3581.5,3576.3,3571.1,True,2025-09-03 09:03:00,3576.7,BE,-0.4,-8.0,2
2025-09-03 09:15:00,2025-09-03 09:32:00,2025-09-03 10:02:00,EXTEND,short,3575.6,3580.2,3575.6,3564.3,True,2025-09-03 09:40:00,3575.9,BE,-0.3,-7.0,27
2025-09-03 10:05:00,2025-09-03 10:15:00,2025-09-03 10:16:00,EXTEND,long,3576.0,3571.0,3576.0,3583.3,True,2025-09-03 10:16:00,3576.0,BE,0.0,-4.0,1
2025-09-03 11:35:00,2025-09-03 12:18:00,2025-09-03 12:19:00,EXTEND,short,3570.4,3574.6,3570.4,3563.7,True,2025-09-03 12:19:00,3570.4,BE,0.0,-4.0,1
2025-09-03 13:00:00,2025-09-03 13:05:00,2025-09-03 13:07:00,MSS,short,3570.9,3574.8,3570.9,3570.0,True,2025-09-03 13:06:00,3571.0,BE,-0.1,-5.0,2
2025-09-03 13:05:00,2025-09-03 13:13:00,2025-09-03 13:14:00,EXTEND,short,3571.7,3574.8,3571.7,3569.2,True,2025-09-03 13:14:00,3571.7,BE,0.0,-4.0,1
2025-09-03 13:20:00,2025-09-03 13:30:00,2025-09-03 13:37:00,EXTEND,short,3569.9,3573.3,3569.9,3568.3,True,2025-09-03 13:31:00,3569.9,BE,0.0,-4.0,7
2025-09-03 13:55:00,2025-09-03 14:09:00,2025-09-03 14:10:00,EXTEND,short,3566.4,3571.0,3566.4,3560.5,True,2025-09-03 14:10:00,3566.7,BE,-0.3,-7.0,1
2025-09-03 15:30:00,2025-09-03 15:35:00,2025-09-03 15:37:00,MSS,long,3573.3,3565.5,3573.3,3575.0,True,2025-09-03 15:36:00,3572.8,BE,-0.5,-9.0,2
2025-09-03 16:25:00,2025-09-03 16:36:00,2025-09-03 16:44:00,BOS,long,3575.7,3573.2,3575.7,3580.6,True,2025-09-03 16:38:00,3575.7,BE,0.0,-4.0,8
2025-09-03 17:25:00,2025-09-03 17:30:00,2025-09-03 17:31:00,MSS,short,3576.5,3580.5,3576.5,3575.8,True,2025-09-03 17:31:00,3577.0,BE,-0.5,-9.0,1
2025-09-03 20:00:00,2025-09-03 20:08:00,2025-09-03 20:10:00,BOS,long,3586.0,3584.0,3586.0,3590.7,True,2025-09-03 20:09:00,3586.0,BE,0.0,-4.0,2
2025-09-03 20:20:00,2025-09-03 20:29:00,2025-09-03 20:33:00,EXTEND,short,3584.7,3589.3,3584.7,3575.8,True,2025-09-03 20:30:00,3584.7,BE,0.0,-4.0,4
2025-09-03 21:30:00,2025-09-03 21:39:00,2025-09-03 21:40:00,EXTEND,long,3588.7,3581.0,3588.7,3602.8,True,2025-09-03 21:40:00,3588.7,BE,0.0,-4.0,1
2025-09-03 21:45:00,2025-09-03 22:02:00,2025-09-03 22:15:00,EXTEND,short,3592.3,3598.2,3592.3,3579.9,True,2025-09-03 22:07:00,3592.3,BE,0.0,-4.0,13
2025-09-03 22:55:00,2025-09-03 23:02:00,2025-09-03 23:03:00,EXTEND,short,3592.3,3599.5,3592.3,3585.5,True,2025-09-03 23:03:00,3592.3,BE,0.0,-4.0,1
2025-09-03 23:30:00,2025-09-03 23:45:00,2025-09-03 23:50:00,MSS,long,3599.1,3596.4,3599.1,3604.0,True,2025-09-03 23:49:00,3599.1,BE,0.0,-4.0,5
2025-09-04 01:00:00,2025-09-04 01:11:00,2025-09-04 01:22:00,EXTEND,long,3605.2,3603.5,3605.2,3608.2,True,2025-09-04 01:13:00,3605.2,BE,0.0,-4.0,11
2025-09-04 02:10:00,2025-09-04 02:25:00,2025-09-04 02:26:00,EXTEND,long,3609.0,3607.4,3609.0,3612.7,True,2025-09-04 02:26:00,3609.0,BE,0.0,-4.0,1
2025-09-04 07:10:00,2025-09-04 07:19:00,2025-09-04 07:20:00,BOS,short,3584.1,3586.8,3584.1,3580.1,True,2025-09-04 07:20:00,3584.1,BE,0.0,-4.0,1
2025-09-04 08:00:00,2025-09-04 08:09:00,2025-09-04 08:10:00,EXTEND,long,3577.8,3581.4,3581.4,3585.8,False,,3578.2,SL,0.4,-0.0,1
2025-09-04 09:00:00,2025-09-04 09:09:00,2025-09-04 09:12:00,EXTEND,long,3589.2,3583.1,3589.2,3594.8,True,2025-09-04 09:10:00,3589.2,BE,0.0,-4.0,3
2025-09-04 11:10:00,2025-09-04 11:31:00,2025-09-04 11:39:00,BOS,short,3557.2,3561.2,3561.2,3540.4,False,,3561.2,SL,-4.0,-44.0,8
2025-09-04 12:05:00,2025-09-04 12:26:00,2025-09-04 12:37:00,BOS,long,3558.9,3556.1,3558.9,3564.7,True,2025-09-04 12:33:00,3558.7,BE,-0.2,-6.0,8
2025-09-04 12:55:00,2025-09-04 13:07:00,2025-09-04 13:16:00,EXTEND,long,3560.0,3558.0,3560.0,3562.1,True,2025-09-04 13:08:00,3560.0,BE,0.0,-4.0,8
2025-09-04 15:00:00,2025-09-04 15:21:00,2025-09-04 15:22:00,MSS,short,3565.2,3569.5,3565.2,3560.9,True,2025-09-04 15:22:00,3566.1,BE,-0.9,-13.0,1
2025-09-04 16:10:00,2025-09-04 16:28:00,2025-09-04 16:34:00,EXTEND,long,3571.1,3568.1,3571.1,3576.9,True,2025-09-04 16:30:00,3571.1,BE,0.0,-4.0,6
2025-09-04 16:50:00,2025-09-04 17:05:00,2025-09-04 17:14:00,EXTEND,short,3570.7,3573.0,3573.0,3564.2,False,,3573.0,SL,-2.3,-27.0,8
2025-09-04 18:05:00,2025-09-04 18:13:00,2025-09-04 18:15:00,MSS,long,3573.2,3565.0,3573.2,3578.3,True,2025-09-04 18:14:00,3573.2,BE,0.0,-4.0,2
2025-09-04 20:15:00,2025-09-04 20:38:00,2025-09-04 20:39:00,EXTEND,long,3574.8,3565.2,3574.8,3589.1,True,2025-09-04 20:39:00,3574.8,BE,0.0,-4.0,1
2025-09-04 21:00:00,2025-09-04 21:08:00,2025-09-04 21:09:00,MSS,short,3570.4,3579.7,3570.4,3568.7,True,2025-09-04 21:09:00,3571.5,BE,-1.1,-15.0,1
2025-09-04 21:05:00,2025-09-04 21:19:00,2025-09-04 21:20:00,EXTEND,short,3579.6,3579.7,3579.7,3565.9,False,,3580.0,SL,-0.4,-8.0,1
2025-09-04 21:40:00,2025-09-04 21:45:00,2025-09-04 21:46:00,MSS,short,3575.2,3588.0,3575.2,3575.7,True,2025-09-04 21:46:00,3576.0,BE,-0.8,-12.0,1
2025-09-04 23:05:00,2025-09-04 23:29:00,2025-09-04 23:56:00,BOS,long,3573.4,3569.9,3573.4,3582.6,True,2025-09-04 23:32:00,3582.6,TP,9.2,88.0,27
2025-09-05 00:50:00,2025-09-05 01:10:00,2025-09-05 01:27:00,EXTEND,short,3582.4,3584.4,3582.4,3575.5,True,2025-09-05 01:12:00,3575.5,TP,6.9,64.9,16
2025-09-05 02:35:00,2025-09-05 02:57:00,2025-09-05 03:24:00,MSS,long,3572.8,3572.4,3572.8,3576.5,True,2025-09-05 03:05:00,3576.5,TP,3.7,32.64,17
2025-09-05 09:05:00,2025-09-05 09:19:00,2025-09-05 09:35:00,EXTEND,long,3581.9,3579.0,3581.9,3586.5,True,2025-09-05 09:20:00,3581.6,BE,-0.3,-7.0,14
2025-09-05 09:50:00,2025-09-05 10:09:00,2025-09-05 10:31:00,EXTEND,short,3583.0,3584.7,3583.0,3578.1,True,2025-09-05 10:10:00,3578.1,TP,4.9,45.04,20
2025-09-05 10:30:00,2025-09-05 10:53:00,2025-09-05 10:54:00,BOS,short,3580.3,3584.6,3580.3,3573.7,True,2025-09-05 10:54:00,3580.3,BE,0.0,-4.0,1
2025-09-05 12:35:00,2025-09-05 12:46:00,2025-09-05 12:48:00,BOS,long,3588.5,3587.2,3587.2,3590.1,False,,3587.2,SL,-1.3,-17.0,1
2025-09-05 13:05:00,2025-09-05 13:17:00,2025-09-05 13:18:00,EXTEND,long,3588.6,3587.2,3588.6,3590.4,True,2025-09-05 13:18:00,3588.5,BE,-0.1,-5.0,1
2025-09-05 13:20:00,2025-09-05 13:37:00,2025-09-05 13:39:00,MSS,short,3588.4,3588.6,3588.6,3584.9,False,,3588.9,SL,-0.5,-9.0,1
2025-09-05 13:35:00,2025-09-05 13:46:00,2025-09-05 13:52:00,MSS,long,3587.6,3585.7,3587.6,3591.2,True,2025-09-05 13:49:00,3587.5,BE,-0.1,-5.0,6
2025-09-05 13:50:00,2025-09-05 14:00:00,2025-09-05 14:02:00,MSS,short,3588.2,3589.0,3588.2,3585.3,True,2025-09-05 14:02:00,3588.2,BE,0.0,-4.0,2
2025-09-05 15:30:00,2025-09-05 15:49:00,2025-09-05 15:50:00,EXTEND,short,3579.6,3583.9,3579.6,3576.8,True,2025-09-05 15:50:00,3579.9,BE,-0.3,-7.0,1
2025-09-05 16:55:00,2025-09-05 17:04:00,2025-09-05 17:06:00,EXTEND,short,3576.2,3577.2,3577.2,3571.2,False,,3577.2,SL,-1.0,-14.0,2
2025-09-05 18:25:00,2025-09-05 18:33:00,2025-09-05 18:39:00,BOS,long,3579.2,3578.5,3578.5,3580.4,False,,3577.8,SL,-1.4,-18.0,2
2025-09-05 18:40:00,2025-09-05 18:52:00,2025-09-05 19:01:00,EXTEND,short,3578.4,3580.0,3580.0,3575.9,False,,3580.3,SL,-1.9,-23.0,6
2025-09-05 19:10:00,2025-09-05 19:25:00,2025-09-05 19:28:00,EXTEND,long,3577.9,3576.8,3576.8,3584.0,False,,3576.8,SL,-1.1,-15.0,2
2025-09-05 19:55:00,2025-09-05 20:04:00,2025-09-05 20:08:00,MSS,long,3577.6,3575.1,3577.6,3581.6,True,2025-09-05 20:05:00,3581.6,TP,4.0,35.77,4
2025-09-05 20:05:00,2025-09-05 20:14:00,2025-09-05 20:17:00,BOS,long,3578.5,3575.1,3578.5,3583.9,True,2025-09-05 20:16:00,3578.1,BE,-0.4,-8.0,3
2025-09-05 22:05:00,2025-09-05 22:13:00,2025-09-05 22:18:00,EXTEND,long,3619.7,3617.2,3619.7,3626.2,True,2025-09-05 22:14:00,3619.7,BE,0.0,-4.0,5
2025-09-05 22:35:00,2025-09-05 23:02:00,2025-09-05 23:22:00,EXTEND,short,3615.3,3624.3,3615.3,3590.3,True,2025-09-05 23:12:00,3615.3,BE,0.0,-4.0,20
2025-09-06 00:30:00,2025-09-06 00:41:00,2025-09-06 00:45:00,EXTEND,long,3621.8,3617.0,3621.8,3628.6,True,2025-09-06 00:43:00,3621.8,BE,0.0,-4.0,4
2025-09-06 01:05:00,2025-09-06 01:26:00,2025-09-06 01:30:00,EXTEND,short,3622.8,3625.2,3625.2,3614.8,False,,3625.2,SL,-2.4,-28.0,4
2025-09-06 02:10:00,2025-09-06 02:17:00,2025-09-06 02:19:00,MSS,short,3619.4,3623.6,3619.4,3617.5,True,2025-09-06 02:18:00,3619.4,BE,0.0,-4.0,2
2025-09-06 02:30:00,2025-09-06 02:41:00,2025-09-06 02:42:00,BOS,short,3618.5,3620.2,3618.5,3616.1,True,2025-09-06 02:42:00,3618.5,BE,0.0,-4.0,1
2025-09-06 02:45:00,2025-09-06 03:15:00,2025-09-06 03:27:00,MSS,long,3619.1,3617.0,3619.1,3623.3,True,2025-09-06 03:24:00,3618.2,BE,-0.9,-13.0,8
2025-09-06 03:35:00,2025-09-06 03:52:00,2025-09-06 04:00:00,MSS,short,3618.4,3619.5,3618.4,3615.6,True,2025-09-06 03:56:00,3618.4,BE,0.0,-4.0,8
2025-09-08 08:25:00,2025-09-08 08:36:00,2025-09-08 08:48:00,EXTEND,long,3599.6,3598.2,3599.6,3604.3,True,2025-09-08 08:39:00,3599.5,BE,-0.1,-5.0,10
2025-09-08 09:05:00,2025-09-08 09:10:00,2025-09-08 09:11:00,MSS,short,3596.9,3609.2,3596.9,3595.6,True,2025-09-08 09:11:00,3596.9,BE,0.0,-4.0,1
2025-09-08 10:00:00,2025-09-08 10:18:00,2025-09-08 10:44:00,EXTEND,long,3600.9,3598.8,3600.9,3609.6,True,2025-09-08 10:20:00,3600.6,BE,-0.3,-7.0,25
2025-09-08 13:05:00,2025-09-08 13:24:00,2025-09-08 13:25:00,EXTEND,long,3596.6,3594.1,3596.6,3598.0,True,2025-09-08 13:25:00,3596.4,BE,-0.2,-6.0,1
2025-09-08 14:10:00,2025-09-08 14:18:00,2025-09-08 14:22:00,BOS,long,3603.9,3601.8,3603.9,3607.0,True,2025-09-08 14:22:00,3603.9,BE,0.0,-4.0,4
2025-09-08 14:45:00,2025-09-08 14:55:00,2025-09-08 14:56:00,EXTEND,long,3609.3,3604.7,3609.3,3611.4,True,2025-09-08 14:56:00,3609.3,BE,0.0,-4.0,1
2025-09-08 16:20:00,2025-09-08 16:31:00,2025-09-08 16:33:00,EXTEND,long,3625.3,3619.0,3625.3,3631.3,True,2025-09-08 16:32:00,3625.3,BE,0.0,-4.0,2
2025-09-08 18:10:00,2025-09-08 18:19:00,2025-09-08 18:20:00,EXTEND,long,3630.2,3625.1,3630.2,3634.4,True,2025-09-08 18:20:00,3630.0,BE,-0.2,-6.0,1
2025-09-08 18:50:00,2025-09-08 19:00:00,2025-09-08 19:15:00,MSS,short,3627.5,3630.7,3627.5,3622.6,True,2025-09-08 19:01:00,3627.5,BE,0.0,-4.0,13
2025-09-08 20:00:00,2025-09-08 20:14:00,2025-09-08 20:15:00,EXTEND,long,3628.8,3623.8,3628.8,3634.5,True,2025-09-08 20:15:00,3628.2,BE,-0.6,-10.0,1
2025-09-08 21:10:00,2025-09-08 21:23:00,2025-09-08 21:31:00,BOS,long,3636.9,3633.5,3633.5,3644.8,False,,3633.5,SL,-3.4,-38.0,8
2025-09-08 22:05:00,2025-09-08 22:24:00,2025-09-08 22:29:00,BOS,long,3641.4,3638.8,3641.4,3651.1,True,2025-09-08 22:28:00,3641.4,BE,0.0,-4.0,5
2025-09-08 23:10:00,2025-09-08 23:23:00,2025-09-08 23:26:00,BOS,long,3653.0,3651.3,3651.3,3658.0,False,,3651.3,SL,-1.7,-21.0,3
2025-09-08 23:35:00,2025-09-09 00:01:00,2025-09-09 00:04:00,EXTEND,short,3649.0,3656.6,3649.0,3640.7,True,2025-09-09 00:02:00,3649.0,BE,0.0,-4.0,3
2025-09-09 00:00:00,2025-09-09 00:11:00,2025-09-09 00:12:00,BOS,short,3649.2,3652.2,3649.2,3646.4,True,2025-09-09 00:12:00,3649.4,BE,-0.2,-6.0,1
2025-09-09 00:35:00,2025-09-09 00:46:00,2025-09-09 01:05:00,MSS,short,3650.5,3653.2,3650.5,3646.6,True,2025-09-09 01:03:00,3646.6,TP,3.9,35.04,17
2025-09-09 02:00:00,2025-09-09 02:14:00,2025-09-09 02:19:00,EXTEND,short,3646.2,3647.8,3646.2,3643.2,True,2025-09-09 02:15:00,3646.4,BE,-0.2,-6.0,5
2025-09-09 03:00:00,2025-09-09 03:18:00,2025-09-09 06:00:00,EXTEND,long,3646.0,3645.2,3646.0,3650.4,True,2025-09-09 03:38:00,3652.0,TP,6.0,56.0,77
2025-09-09 07:15:00,2025-09-09 07:36:00,2025-09-09 07:49:00,BOS,short,3643.0,3645.3,3643.0,3639.5,True,2025-09-09 07:38:00,3643.0,BE,0.0,-4.0,9
2025-09-09 08:50:00,2025-09-09 09:01:00,2025-09-09 09:03:00,BOS,long,3651.6,3649.8,3651.6,3653.2,True,2025-09-09 09:02:00,3653.2,TP,1.6,12.29,2
2025-09-09 09:05:00,2025-09-09 09:15:00,2025-09-09 09:19:00,MSS,short,3650.3,3654.0,3654.0,3646.4,False,,3654.0,SL,-3.7,-41.0,4
2025-09-09 10:50:00,2025-09-09 10:55:00,2025-09-09 10:56:00,MSS,short,3657.9,3665.4,3657.9,3655.5,True,2025-09-09 10:56:00,3658.6,BE,-0.7,-11.0,1
2025-09-09 13:15:00,2025-09-09 13:24:00,2025-09-09 13:31:00,MSS,short,3666.4,3666.9,3666.4,3662.3,True,2025-09-09 13:29:00,3666.4,BE,0.0,-4.0,7
2025-09-09 14:00:00,2025-09-09 14:05:00,2025-09-09 14:06:00,MSS,short,3654.3,3669.8,3654.3,3659.6,True,2025-09-09 14:06:00,3652.8,TP,1.5,11.0,1
2025-09-09 15:25:00,2025-09-09 15:50:00,2025-09-09 15:52:00,EXTEND,long,3655.5,3654.3,3654.3,3664.1,False,,3654.3,SL,-1.2,-16.0,2
2025-09-09 18:50:00,2025-09-09 18:55:00,2025-09-09 18:56:00,EXTEND,short,3661.1,3663.9,3661.1,3657.4,True,2025-09-09 18:56:00,3661.2,BE,-0.1,-5.0,1
2025-09-09 19:30:00,2025-09-09 19:39:00,2025-09-09 19:44:00,EXTEND,short,3662.6,3663.7,3663.7,3660.7,False,,3663.7,SL,-1.1,-15.0,5
2025-09-09 19:55:00,2025-09-09 20:05:00,2025-09-09 20:08:00,EXTEND,short,3660.3,3663.7,3663.7,3654.9,False,,3663.9,SL,-3.6,-40.0,3
2025-09-09 20:10:00,2025-09-09 20:24:00,2025-09-09 20:38:00,EXTEND,long,3659.8,3656.8,3656.8,3667.8,False,,3656.8,SL,-3.0,-34.0,14
2025-09-09 21:00:00,2025-09-09 21:10:00,2025-09-09 21:21:00,MSS,long,3662.2,3653.7,3662.2,3667.4,True,2025-09-09 21:11:00,3667.4,TP,5.2,48.16,11
2025-09-09 22:35:00,2025-09-09 22:47:00,2025-09-09 22:48:00,EXTEND,short,3654.4,3665.1,3654.4,3641.0,True,2025-09-09 22:48:00,3654.9,BE,-0.5,-9.0,1
2025-09-09 23:15:00,2025-09-09 23:34:00,2025-09-09 23:38:00,EXTEND,short,3649.0,3660.3,3649.0,3629.8,True,2025-09-09 23:35:00,3650.0,BE,-1.0,-14.0,4
2025-09-10 00:10:00,2025-09-10 00:23:00,2025-09-10 00:27:00,EXTEND,long,3655.6,3651.8,3655.6,3661.5,True,2025-09-10 00:24:00,3655.6,BE,0.0,-4.0,4
2025-09-10 01:40:00,2025-09-10 01:56:00,2025-09-10 02:06:00,EXTEND,short,3653.7,3656.0,3653.7,3649.9,True,2025-09-10 01:57:00,3653.8,BE,-0.1,-5.0,9
2025-09-10 02:10:00,2025-09-10 02:28:00,2025-09-10 02:29:00,MSS,long,3653.7,3652.3,3653.7,3655.3,True,2025-09-10 02:29:00,3653.5,BE,-0.2,-6.0,1
2025-09-10 07:20:00,2025-09-10 07:38:00,2025-09-10 07:50:00,EXTEND,long,3644.6,3642.2,3644.6,3650.5,True,2025-09-10 07:48:00,3644.0,BE,-0.6,-10.0,11
2025-09-10 08:55:00,2025-09-10 09:04:00,2025-09-10 09:06:00,EXTEND,short,3633.8,3639.2,3633.8,3627.5,True,2025-09-10 09:05:00,3633.8,BE,0.0,-4.0,2
2025-09-10 09:25:00,2025-09-10 09:32:00,2025-09-10 09:33:00,BOS,short,3632.9,3638.3,3632.9,3625.5,True,2025-09-10 09:33:00,3633.0,BE,-0.1,-5.0,1
2025-09-10 10:40:00,2025-09-10 10:46:00,2025-09-10 10:47:00,MSS,long,3644.5,3639.7,3644.5,3645.5,True,2025-09-10 10:47:00,3644.4,BE,-0.1,-5.0,1
2025-09-10 10:50:00,2025-09-10 11:13:00,2025-09-10 11:23:00,EXTEND,long,3642.9,3639.7,3642.9,3648.8,True,2025-09-10 11:16:00,3642.9,BE,0.0,-4.0,9
2025-09-10 13:00:00,2025-09-10 13:20:00,2025-09-10 13:31:00,EXTEND,long,3650.7,3648.7,3650.7,3653.7,True,2025-09-10 13:21:00,3653.7,TP,3.0,25.53,9
2025-09-10 13:30:00,2025-09-10 13:39:00,2025-09-10 13:47:00,EXTEND,long,3650.0,3648.7,3650.0,3655.2,True,2025-09-10 13:41:00,3650.0,BE,0.0,-4.0,8
2025-09-10 13:55:00,2025-09-10 14:06:00,2025-09-10 14:11:00,BOS,long,3651.2,3649.6,3651.2,3653.4,True,2025-09-10 14:08:00,3653.4,TP,2.2,18.1,5
2025-09-10 14:15:00,2025-09-10 14:31:00,2025-09-10 14:45:00,EXTEND,long,3653.0,3649.5,3653.0,3658.8,True,2025-09-10 14:44:00,3653.0,BE,0.0,-4.0,14
2025-09-10 15:15:00,2025-09-10 15:30:00,2025-09-10 15:32:00,EXTEND,long,3654.8,3652.2,3654.8,3659.6,True,2025-09-10 15:31:00,3654.1,BE,-0.7,-11.0,2
2025-09-10 15:45:00,2025-09-10 16:03:00,2025-09-10 16:25:00,EXTEND,long,3653.3,3652.2,3653.3,3659.7,True,2025-09-10 16:10:00,3653.0,BE,-0.3,-7.0,19
2025-09-10 16:55:00,2025-09-10 17:08:00,2025-09-10 17:09:00,EXTEND,long,3655.4,3652.7,3655.4,3659.0,True,2025-09-10 17:09:00,3655.3,BE,-0.1,-5.0,1
2025-09-10 17:25:00,2025-09-10 17:31:00,2025-09-10 17:33:00,EXTEND,long,3656.9,3654.7,3656.9,3657.2,True,2025-09-10 17:33:00,3656.7,BE,-0.2,-6.0,1
2025-09-10 19:00:00,2025-09-10 19:10:00,2025-09-10 19:11:00,MSS,short,3663.3,3667.8,3663.3,3658.0,True,2025-09-10 19:11:00,3663.3,BE,0.0,-4.0,1
2025-09-10 20:10:00,2025-09-10 20:19:00,2025-09-10 20:22:00,BOS,short,3659.8,3660.8,3659.8,3657.0,True,2025-09-10 20:20:00,3660.5,BE,-0.7,-11.0,3
2025-09-10 20:30:00,2025-09-10 20:39:00,2025-09-10 20:41:00,MSS,long,3659.6,3657.5,3657.5,3671.9,False,,3657.2,SL,-2.4,-28.0,2
2025-09-10 22:40:00,2025-09-10 22:45:00,2025-09-10 22:46:00,MSS,short,3658.2,3666.4,3658.2,3656.2,True,2025-09-10 22:46:00,3658.4,BE,-0.2,-6.0,1
2025-09-10 23:25:00,2025-09-10 23:32:00,2025-09-11 00:18:00,EXTEND,short,3654.9,3659.1,3654.9,3645.8,True,2025-09-11 00:04:00,3655.1,BE,-0.2,-6.0,43
2025-09-11 00:30:00,2025-09-11 00:43:00,2025-09-11 00:51:00,EXTEND,short,3652.7,3655.2,3652.7,3648.8,True,2025-09-11 00:44:00,3652.7,BE,0.0,-4.0,7
2025-09-11 02:35:00,2025-09-11 02:42:00,2025-09-11 02:43:00,MSS,short,3656.1,3660.6,3656.1,3655.3,True,2025-09-11 02:43:00,3656.8,BE,-0.7,-11.0,1
2025-09-11 03:35:00,2025-09-11 03:51:00,2025-09-11 03:54:00,EXTEND,short,3651.5,3652.2,3652.2,3644.2,False,,3652.3,SL,-0.8,-12.0,3
2025-09-11 08:50:00,2025-09-11 09:03:00,2025-09-11 09:05:00,EXTEND,short,3652.0,3656.2,3652.0,3650.9,True,2025-09-11 09:05:00,3654.1,BE,-2.1,-25.0,1
2025-09-11 11:45:00,2025-09-11 11:53:00,2025-09-11 12:10:00,EXTEND,short,3641.6,3643.0,3643.0,3637.3,False,,3643.0,SL,-1.4,-18.0,13
2025-09-11 13:35:00,2025-09-11 13:49:00,2025-09-11 13:51:00,MSS,long,3637.5,3633.3,3637.5,3643.6,True,2025-09-11 13:50:00,3637.5,BE,0.0,-4.0,2
2025-09-11 14:05:00,2025-09-11 14:10:00,2025-09-11 14:11:00,MSS,long,3642.1,3632.0,3642.1,3643.8,True,2025-09-11 14:11:00,3641.7,BE,-0.4,-8.0,1
2025-09-11 15:00:00,2025-09-11 15:07:00,2025-09-11 15:08:00,MSS,short,3636.7,3646.6,3636.7,3635.2,True,2025-09-11 15:08:00,3635.2,TP,1.5,11.3,1
2025-09-11 16:00:00,2025-09-11 16:14:00,2025-09-11 16:19:00,MSS,long,3638.7,3635.8,3638.7,3642.2,True,2025-09-11 16:17:00,3638.4,BE,-0.3,-7.0,4
2025-09-11 18:20:00,2025-09-11 18:34:00,2025-09-11 18:43:00,EXTEND,long,3630.2,3628.9,3630.2,3634.4,True,2025-09-11 18:35:00,3630.2,BE,0.0,-4.0,8
2025-09-11 19:40:00,2025-09-11 20:02:00,2025-09-11 20:07:00,EXTEND,short,3627.0,3629.7,3629.7,3622.6,False,,3629.7,SL,-2.7,-31.0,4
2025-09-11 20:20:00,2025-09-11 20:31:00,2025-09-11 20:32:00,MSS,long,3646.9,3627.1,3646.9,3638.7,True,2025-09-11 20:32:00,3647.0,TP,0.1,-3.0,1
2025-09-11 20:35:00,2025-09-11 20:52:00,2025-09-11 20:55:00,EXTEND,long,3638.9,3627.1,3638.9,3660.0,True,2025-09-11 20:54:00,3638.9,BE,0.0,-4.0,3
2025-09-11 21:35:00,2025-09-11 21:45:00,2025-09-11 21:46:00,EXTEND,short,3637.0,3646.7,3637.0,3621.4,True,2025-09-11 21:46:00,3637.0,BE,0.0,-4.0,1
2025-09-11 22:25:00,2025-09-11 22:47:00,2025-09-12 00:13:00,EXTEND,long,3638.4,3634.7,3638.4,3651.2,True,2025-09-11 23:02:00,3651.2,TP,12.8,124.1,83
2025-09-12 00:45:00,2025-09-12 00:59:00,2025-09-12 01:02:00,EXTEND,short,3645.5,3648.1,3645.5,3643.0,True,2025-09-12 01:00:00,3645.6,BE,-0.1,-5.0,3
2025-09-12 01:10:00,2025-09-12 01:21:00,2025-09-12 01:45:00,EXTEND,short,3644.2,3646.8,3644.2,3640.1,True,2025-09-12 01:43:00,3644.2,BE,0.0,-4.0,20
2025-09-12 03:20:00,2025-09-12 03:28:00,2025-09-12 04:13:00,EXTEND,long,3645.6,3644.4,3645.6,3648.3,True,2025-09-12 03:34:00,3645.5,BE,-0.1,-5.0,32
2025-09-12 07:45:00,2025-09-12 07:52:00,2025-09-12 07:53:00,MSS,short,3641.5,3644.3,3641.5,3641.0,True,2025-09-12 07:53:00,3641.5,BE,0.0,-4.0,1
2025-09-12 10:30:00,2025-09-12 10:49:00,2025-09-12 11:04:00,EXTEND,long,3658.7,3655.0,3658.7,3662.1,True,2025-09-12 10:50:00,3658.7,BE,0.0,-4.0,15
2025-09-12 12:00:00,2025-09-12 12:13:00,2025-09-12 12:14:00,EXTEND,long,3663.1,3661.4,3663.1,3664.8,True,2025-09-12 12:14:00,3663.1,BE,0.0,-4.0,1
2025-09-12 13:25:00,2025-09-12 13:30:00,2025-09-12 13:31:00,MSS,short,3663.0,3666.5,3663.0,3662.7,True,2025-09-12 13:31:00,3663.2,BE,-0.2,-6.0,1
2025-09-12 13:30:00,2025-09-12 13:43:00,2025-09-12 13:53:00,EXTEND,short,3664.6,3666.5,3664.6,3661.7,True,2025-09-12 13:46:00,3664.6,BE,0.0,-4.0,10
2025-09-12 14:25:00,2025-09-12 14:36:00,2025-09-12 14:37:00,EXTEND,short,3660.8,3663.6,3660.8,3658.3,True,2025-09-12 14:37:00,3660.9,BE,-0.1,-5.0,1
2025-09-12 15:10:00,2025-09-12 15:24:00,2025-09-12 15:31:00,EXTEND,long,3661.1,3659.0,3659.0,3664.2,False,,3659.0,SL,-2.1,-25.0,4
2025-09-12 16:15:00,2025-09-12 16:22:00,2025-09-12 16:23:00,EXTEND,short,3653.1,3660.5,3653.1,3649.5,True,2025-09-12 16:23:00,3653.1,BE,0.0,-4.0,1
2025-09-12 16:55:00,2025-09-12 17:05:00,2025-09-12 17:06:00,EXTEND,short,3647.2,3655.1,3647.2,3646.8,True,2025-09-12 17:06:00,3647.9,BE,-0.7,-11.0,1
2025-09-12 21:40:00,2025-09-12 21:49:00,2025-09-12 21:50:00,BOS,long,3658.1,3655.5,3658.1,3663.4,True,2025-09-12 21:50:00,3658.1,BE,0.0,-4.0,1
2025-09-12 22:20:00,2025-09-12 22:40:00,2025-09-12 22:41:00,EXTEND,long,3659.4,3658.4,3658.4,3664.8,False,,3658.3,SL,-1.1,-15.0,1
2025-09-12 23:10:00,2025-09-12 23:39:00,2025-09-12 23:40:00,EXTEND,short,3654.3,3658.7,3654.3,3647.9,True,2025-09-12 23:40:00,3654.3,BE,0.0,-4.0,1
2025-09-13 01:25:00,2025-09-13 01:34:00,2025-09-13 01:37:00,EXTEND,short,3658.9,3660.1,3658.9,3656.2,True,2025-09-13 01:35:00,3658.9,BE,0.0,-4.0,2
2025-09-15 07:30:00,2025-09-15 08:01:00,2025-09-15 08:03:00,BOS,short,3645.9,3647.9,3645.9,3643.5,True,2025-09-15 08:03:00,3643.5,TP,2.4,20.45,1
2025-09-15 08:15:00,2025-09-15 08:34:00,2025-09-15 08:39:00,EXTEND,long,3643.6,3642.1,3642.1,3652.6,False,,3642.1,SL,-1.5,-19.0,5
2025-09-15 10:55:00,2025-09-15 11:06:00,2025-09-15 11:10:00,MSS,short,3649.5,3652.5,3649.5,3645.9,True,2025-09-15 11:07:00,3650.2,BE,-0.7,-11.0,3
2025-09-15 13:00:00,2025-09-15 13:05:00,2025-09-15 13:10:00,EXTEND,long,3652.9,3652.0,3652.0,3654.3,False,,3652.0,SL,-0.9,-13.0,4
2025-09-15 13:15:00,2025-09-15 13:32:00,2025-09-15 13:37:00,EXTEND,short,3651.7,3653.8,3651.7,3649.7,True,2025-09-15 13:37:00,3652.2,BE,-0.5,-9.0,4
2025-09-15 14:00:00,2025-09-15 14:11:00,2025-09-15 14:16:00,EXTEND,short,3651.4,3652.7,3651.4,3649.4,True,2025-09-15 14:14:00,3649.4,TP,2.0,16.02,3
2025-09-15 14:15:00,2025-09-15 14:40:00,2025-09-15 14:42:00,EXTEND,short,3649.4,3652.7,3649.4,3647.0,True,2025-09-15 14:41:00,3647.0,TP,2.4,20.15,2
2025-09-15 15:30:00,2025-09-15 15:35:00,2025-09-15 15:36:00,MSS,long,3648.8,3642.1,3648.8,3649.5,True,2025-09-15 15:36:00,3648.8,BE,0.0,-4.0,1
2025-09-15 16:00:00,2025-09-15 16:07:00,2025-09-15 16:09:00,EXTEND,long,3651.7,3648.7,3651.7,3654.0,True,2025-09-15 16:08:00,3651.7,BE,0.0,-4.0,2
2025-09-15 16:45:00,2025-09-15 16:59:00,2025-09-15 17:00:00,BOS,short,3652.6,3649.8,3649.8,3647.9,False,,3652.6,SL,0.0,-4.0,1
2025-09-15 17:35:00,2025-09-15 18:05:00,2025-09-15 18:17:00,EXTEND,short,3651.0,3653.5,3653.5,3641.1,False,,3653.5,SL,-2.5,-29.0,12
2025-09-15 18:30:00,2025-09-15 18:55:00,2025-09-15 20:15:00,EXTEND,long,3647.8,3643.7,3647.8,3657.0,True,2025-09-15 19:09:00,3647.8,BE,0.0,-4.0,69
2025-09-15 20:20:00,2025-09-15 20:39:00,2025-09-15 20:47:00,EXTEND,short,3651.4,3654.0,3654.0,3642.1,False,,3654.0,SL,-2.6,-30.0,8
2025-09-15 21:40:00,2025-09-15 22:03:00,2025-09-15 22:04:00,EXTEND,long,3667.2,3655.0,3667.2,3677.7,True,2025-09-15 22:04:00,3667.2,BE,0.0,-4.0,1
2025-09-16 00:35:00,2025-09-16 00:43:00,2025-09-16 00:46:00,MSS,short,3689.3,3695.2,3689.3,3684.4,True,2025-09-16 00:44:00,3684.4,TP,4.9,44.95,3
2025-09-16 00:45:00,2025-09-16 01:10:00,2025-09-16 01:19:00,EXTEND,short,3690.8,3695.2,3690.8,3681.0,True,2025-09-16 01:14:00,3691.0,BE,-0.2,-6.0,8
2025-09-16 02:10:00,2025-09-16 02:15:00,2025-09-16 02:16:00,MSS,short,3687.6,3692.3,3687.6,3687.5,True,2025-09-16 02:16:00,3687.6,BE,0.0,-4.0,1
2025-09-16 02:15:00,2025-09-16 02:24:00,2025-09-16 02:28:00,EXTEND,short,3690.3,3692.3,3690.3,3686.3,True,2025-09-16 02:25:00,3690.3,BE,0.0,-4.0,4
2025-09-16 02:50:00,2025-09-16 03:15:00,2025-09-16 03:39:00,EXTEND,short,3688.6,3690.6,3690.6,3684.2,False,,3690.6,SL,-2.0,-24.0,19
2025-09-16 07:55:00,2025-09-16 08:04:00,2025-09-16 08:10:00,EXTEND,short,3687.0,3688.3,3688.3,3685.4,False,,3688.3,SL,-1.3,-17.0,4
2025-09-16 09:00:00,2025-09-16 09:08:00,2025-09-16 09:09:00,MSS,short,3689.1,3696.2,3689.1,3688.1,True,2025-09-16 09:09:00,3689.5,BE,-0.4,-8.0,1
2025-09-16 09:30:00,2025-09-16 09:39:00,2025-09-16 09:43:00,MSS,long,3688.8,3686.1,3688.8,3692.4,True,2025-09-16 09:40:00,3688.3,BE,-0.5,-9.0,4
2025-09-16 10:45:00,2025-09-16 10:54:00,2025-09-16 11:07:00,EXTEND,short,3686.7,3690.4,3686.7,3680.0,True,2025-09-16 10:58:00,3686.7,BE,0.0,-4.0,13
2025-09-16 11:35:00,2025-09-16 11:44:00,2025-09-16 11:54:00,BOS,long,3689.4,3688.0,3689.4,3691.2,True,2025-09-16 11:50:00,3689.3,BE,-0.1,-5.0,7
2025-09-16 12:35:00,2025-09-16 12:50:00,2025-09-16 12:51:00,MSS,short,3689.6,3690.7,3690.7,3686.9,False,,3690.7,SL,-1.1,-15.0,1
2025-09-16 15:00:00,2025-09-16 15:12:00,2025-09-16 15:23:00,EXTEND,long,3699.7,3696.3,3699.7,3703.5,True,2025-09-16 15:13:00,3699.7,BE,0.0,-4.0,10
2025-09-16 16:10:00,2025-09-16 16:16:00,2025-09-16 16:17:00,MSS,long,3704.1,3694.6,3704.1,3706.8,True,2025-09-16 16:17:00,3703.5,BE,-0.6,-10.0,1
2025-09-16 17:20:00,2025-09-16 17:32:00,2025-09-16 17:34:00,BOS,long,3704.4,3702.3,3704.4,3706.2,True,2025-09-16 17:33:00,3704.0,BE,-0.4,-8.0,2
2025-09-16 17:55:00,2025-09-16 18:16:00,2025-09-16 18:17:00,EXTEND,long,3705.0,3702.3,3705.0,3708.5,True,2025-09-16 18:17:00,3704.9,BE,-0.1,-5.0,1
2025-09-16 19:15:00,2025-09-16 19:27:00,2025-09-16 19:28:00,BOS,short,3700.4,3701.9,3700.4,3698.1,True,2025-09-16 19:28:00,3700.4,BE,0.0,-4.0,1
2025-09-16 19:50:00,2025-09-16 20:14:00,2025-09-16 20:20:00,EXTEND,long,3702.3,3698.9,3702.3,3710.2,True,2025-09-16 20:19:00,3702.3,BE,0.0,-4.0,5
2025-09-16 21:20:00,2025-09-16 21:25:00,2025-09-16 21:26:00,MSS,long,3700.6,3692.6,3700.6,3702.4,True,2025-09-16 21:26:00,3700.4,BE,-0.2,-6.0,1
2025-09-16 22:25:00,2025-09-16 22:31:00,2025-09-16 22:33:00,MSS,short,3698.6,3710.2,3698.6,3695.6,True,2025-09-16 22:32:00,3695.6,TP,3.0,26.05,2
2025-09-18 01:00:00,2025-09-18 01:08:00,2025-09-18 01:09:00,MSS,short,3689.1,3694.9,3689.1,3686.1,True,2025-09-18 01:09:00,3689.1,BE,0.0,-4.0,1
2025-09-18 01:55:00,2025-09-18 02:02:00,2025-09-18 02:03:00,EXTEND,long,3695.3,3689.6,3695.3,3693.8,True,2025-09-18 02:03:00,3695.5,TP,0.2,-2.0,1
2025-09-18 02:00:00,2025-09-18 02:07:00,2025-09-18 02:08:00,BOS,long,3702.1,3691.1,3702.1,3707.4,True,2025-09-18 02:08:00,3702.1,BE,0.0,-4.0,1
2025-09-18 02:05:00,2025-09-18 02:18:00,2025-09-18 02:20:00,EXTEND,long,3695.5,3691.1,3691.1,3720.3,False,,3691.1,SL,-4.4,-48.0,2
2025-09-18 10:05:00,2025-09-18 10:11:00,2025-09-18 10:12:00,MSS,long,3668.1,3658.7,3668.1,3670.9,True,2025-09-18 10:12:00,3667.9,BE,-0.2,-6.0,1
2025-09-18 11:00:00,2025-09-18 11:09:00,2025-09-18 11:12:00,EXTEND,long,3668.0,3665.3,3668.0,3672.5,True,2025-09-18 11:11:00,3667.7,BE,-0.3,-7.0,3
2025-09-18 12:35:00,2025-09-18 12:43:00,2025-09-18 12:45:00,EXTEND,short,3662.1,3664.3,3662.1,3659.3,True,2025-09-18 12:44:00,3662.2,BE,-0.1,-5.0,2
2025-09-18 13:15:00,2025-09-18 13:20:00,2025-09-18 13:21:00,MSS,long,3662.3,3657.7,3662.3,3662.9,True,2025-09-18 13:21:00,3662.3,BE,0.0,-4.0,1
2025-09-18 13:30:00,2025-09-18 13:40:00,2025-09-18 13:41:00,EXTEND,long,3658.7,3657.7,3657.7,3665.7,False,,3657.7,SL,-1.0,-14.0,1
2025-09-18 18:05:00,2025-09-18 18:10:00,2025-09-18 18:11:00,MSS,short,3673.1,3677.6,3673.1,3672.0,True,2025-09-18 18:11:00,3673.5,BE,-0.4,-8.0,1
2025-09-18 19:15:00,2025-09-18 19:21:00,2025-09-18 19:22:00,MSS,long,3674.7,3670.0,3674.7,3676.5,True,2025-09-18 19:22:00,3673.9,BE,-0.8,-12.0,1
2025-09-18 20:25:00,2025-09-18 20:32:00,2025-09-18 20:33:00,EXTEND,long,3673.9,3669.9,3673.9,3678.7,True,2025-09-18 20:33:00,3673.9,BE,0.0,-4.0,1
2025-09-18 22:20:00,2025-09-18 22:42:00,2025-09-18 22:47:00,EXTEND,short,3645.5,3648.7,3648.7,3635.2,False,,3648.7,SL,-3.2,-36.0,5
2025-09-18 22:45:00,2025-09-18 23:00:00,2025-09-18 23:01:00,MSS,long,3643.7,3639.0,3643.7,3653.4,True,2025-09-18 23:01:00,3643.7,BE,0.0,-4.0,1
2025-09-19 00:55:00,2025-09-19 01:05:00,2025-09-19 01:07:00,EXTEND,long,3649.6,3646.9,3649.6,3652.2,True,2025-09-19 01:06:00,3649.6,BE,0.0,-4.0,2
2025-09-19 01:15:00,2025-09-19 01:31:00,2025-09-19 01:32:00,MSS,short,3648.3,3649.9,3648.3,3646.7,True,2025-09-19 01:32:00,3648.3,BE,0.0,-4.0,1
2025-09-19 03:10:00,2025-09-19 03:16:00,2025-09-19 03:17:00,MSS,long,3646.7,3644.4,3646.7,3646.6,True,2025-09-19 03:17:00,3647.0,TP,0.3,-1.0,1
2025-09-19 10:05:00,2025-09-19 10:10:00,2025-09-19 10:11:00,MSS,long,3647.6,3634.5,3647.6,3648.5,True,2025-09-19 10:11:00,3646.8,BE,-0.8,-12.0,1
2025-09-19 10:45:00,2025-09-19 10:53:00,2025-09-19 11:05:00,EXTEND,long,3649.0,3646.8,3649.0,3655.4,True,2025-09-19 10:55:00,3649.0,BE,0.0,-4.0,11
2025-09-19 12:40:00,2025-09-19 12:46:00,2025-09-19 12:52:00,EXTEND,short,3662.1,3663.0,3662.1,3659.1,True,2025-09-19 12:48:00,3662.1,BE,0.0,-4.0,4
2025-09-19 13:40:00,2025-09-19 13:52:00,2025-09-19 13:53:00,EXTEND,short,3656.9,3661.3,3656.9,3655.2,True,2025-09-19 13:53:00,3657.0,BE,-0.1,-5.0,1
2025-09-19 14:35:00,2025-09-19 14:46:00,2025-09-19 14:55:00,EXTEND,short,3650.0,3654.1,3650.0,3643.8,True,2025-09-19 14:51:00,3650.3,BE,-0.3,-7.0,6
2025-09-19 15:50:00,2025-09-19 16:02:00,2025-09-19 16:05:00,EXTEND,long,3655.9,3654.1,3655.9,3660.6,True,2025-09-19 16:03:00,3655.5,BE,-0.4,-8.0,3
2025-09-19 16:35:00,2025-09-19 16:41:00,2025-09-19 17:05:00,EXTEND,long,3656.6,3654.7,3656.6,3659.7,True,2025-09-19 16:42:00,3660.0,TP,3.4,30.0,20
2025-09-19 17:45:00,2025-09-19 18:07:00,2025-09-19 18:14:00,MSS,short,3659.9,3661.1,3661.1,3657.5,False,,3661.1,SL,-1.2,-16.0,4
2025-09-19 18:25:00,2025-09-19 18:33:00,2025-09-19 18:34:00,MSS,short,3659.0,3662.1,3659.0,3659.1,True,2025-09-19 18:34:00,3659.0,BE,0.0,-4.0,1
2025-09-19 20:50:00,2025-09-19 20:55:00,2025-09-19 20:56:00,MSS,long,3652.1,3648.7,3652.1,3652.6,True,2025-09-19 20:56:00,3652.0,BE,-0.1,-5.0,1
2025-09-19 20:55:00,2025-09-19 21:08:00,2025-09-19 21:12:00,EXTEND,long,3649.2,3648.7,3649.2,3653.3,True,2025-09-19 21:11:00,3654.0,TP,4.8,44.0,3
2025-09-19 22:15:00,2025-09-19 22:21:00,2025-09-19 22:22:00,MSS,short,3660.7,3665.5,3660.7,3657.2,True,2025-09-19 22:22:00,3661.2,BE,-0.5,-9.0,1
2025-09-19 23:20:00,2025-09-19 23:32:00,2025-09-20 00:13:00,EXTEND,long,3673.6,3669.6,3673.6,3681.9,True,2025-09-19 23:51:00,3673.6,BE,0.0,-4.0,38
2025-09-20 00:25:00,2025-09-20 00:47:00,2025-09-20 00:49:00,EXTEND,short,3673.1,3676.5,3673.1,3668.2,True,2025-09-20 00:49:00,3673.1,BE,0.0,-4.0,2
2025-09-20 03:00:00,2025-09-20 03:08:00,2025-09-20 03:09:00,EXTEND,long,3688.1,3685.9,3688.1,3689.2,True,2025-09-20 03:09:00,3688.0,BE,-0.1,-5.0,1
2025-09-20 03:10:00,2025-09-20 03:33:00,2025-09-20 03:34:00,EXTEND,long,3686.7,3685.9,3685.9,3689.5,False,,3685.9,SL,-0.8,-12.0,1
2025-09-20 03:50:00,2025-09-20 03:57:00,2025-09-20 03:58:00,MSS,long,3688.6,3685.4,3688.6,3690.0,True,2025-09-20 03:58:00,3688.5,BE,-0.1,-5.0,1
2025-09-22 07:20:00,2025-09-22 07:29:00,2025-09-22 07:30:00,MSS,long,3695.5,3691.9,3695.5,3697.0,True,2025-09-22 07:30:00,3695.0,BE,-0.5,-9.0,1
2025-09-22 07:55:00,2025-09-22 08:06:00,2025-09-22 08:07:00,EXTEND,short,3691.2,3694.2,3691.2,3690.4,True,2025-09-22 08:07:00,3691.2,BE,0.0,-4.0,1
2025-09-22 09:00:00,2025-09-22 09:07:00,2025-09-22 09:14:00,EXTEND,long,3695.1,3693.9,3695.1,3700.4,True,2025-09-22 09:09:00,3700.4,TP,5.3,48.77,7
2025-09-22 09:15:00,2025-09-22 09:30:00,2025-09-22 09:39:00,EXTEND,long,3696.2,3692.5,3696.2,3705.1,True,2025-09-22 09:33:00,3696.2,BE,0.0,-4.0,8
2025-09-22 13:40:00,2025-09-22 13:54:00,2025-09-22 13:55:00,EXTEND,long,3704.0,3701.6,3704.0,3706.4,True,2025-09-22 13:55:00,3703.7,BE,-0.3,-7.0,1
2025-09-22 17:20:00,2025-09-22 17:33:00,2025-09-22 17:35:00,EXTEND,long,3727.3,3723.9,3727.3,3732.9,True,2025-09-22 17:34:00,3726.5,BE,-0.8,-12.0,2
2025-09-22 18:20:00,2025-09-22 18:42:00,2025-09-22 18:43:00,BOS,long,3731.0,3725.3,3731.0,3733.0,True,2025-09-22 18:43:00,3730.4,BE,-0.6,-10.0,1
2025-09-22 19:55:00,2025-09-22 20:01:00,2025-09-22 20:04:00,EXTEND,short,3727.9,3731.1,3727.9,3723.4,True,2025-09-22 20:03:00,3728.1,BE,-0.2,-6.0,3
2025-09-22 21:35:00,2025-09-22 21:42:00,2025-09-22 21:43:00,EXTEND,short,3720.7,3729.2,3720.7,3717.1,True,2025-09-22 21:43:00,3720.7,BE,0.0,-4.0,1
2025-09-22 21:45:00,2025-09-22 22:00:00,2025-09-22 22:07:00,BOS,short,3723.8,3727.2,3723.8,3714.4,True,2025-09-22 22:03:00,3723.8,BE,0.0,-4.0,7
2025-09-22 22:05:00,2025-09-22 22:21:00,2025-09-22 22:26:00,MSS,long,3724.6,3721.7,3724.6,3729.3,True,2025-09-22 22:25:00,3724.6,BE,0.0,-4.0,5
2025-09-23 02:20:00,2025-09-23 02:35:00,2025-09-23 02:38:00,BOS,long,3750.6,3750.0,3750.0,3752.8,False,,3750.0,SL,-0.6,-10.0,2
2025-09-23 02:40:00,2025-09-23 02:58:00,2025-09-23 02:59:00,MSS,short,3751.8,3752.2,3752.2,3748.6,False,,3752.3,SL,-0.5,-9.0,1
2025-09-23 03:30:00,2025-09-23 03:41:00,2025-09-23 03:54:00,EXTEND,short,3750.3,3752.2,3752.2,3746.0,False,,3752.2,SL,-1.9,-23.0,12
2025-09-23 08:30:00,2025-09-23 08:38:00,2025-09-23 08:40:00,EXTEND,long,3753.3,3750.3,3753.3,3754.6,True,2025-09-23 08:39:00,3753.2,BE,-0.1,-5.0,2
2025-09-23 08:50:00,2025-09-23 08:57:00,2025-09-23 08:58:00,MSS,short,3751.2,3755.2,3751.2,3749.0,True,2025-09-23 08:58:00,3751.2,BE,0.0,-4.0,1
2025-09-23 09:15:00,2025-09-23 09:32:00,2025-09-23 09:33:00,EXTEND,long,3757.6,3749.7,3757.6,3766.8,True,2025-09-23 09:33:00,3757.6,BE,0.0,-4.0,1
2025-09-23 10:05:00,2025-09-23 10:10:00,2025-09-23 10:11:00,MSS,short,3751.2,3764.5,3751.2,3749.0,True,2025-09-23 10:11:00,3751.9,BE,-0.7,-11.0,1
2025-09-23 12:00:00,2025-09-23 12:11:00,2025-09-23 12:14:00,EXTEND,long,3749.3,3746.0,3749.3,3753.0,True,2025-09-23 12:14:00,3749.3,BE,0.0,-4.0,1
2025-09-23 13:15:00,2025-09-23 13:23:00,2025-09-23 13:29:00,MSS,long,3750.8,3747.1,3750.8,3753.2,True,2025-09-23 13:24:00,3753.7,TP,2.9,25.0,5
2025-09-23 13:45:00,2025-09-23 14:04:00,2025-09-23 14:07:00,EXTEND,long,3757.6,3750.3,3757.6,3765.7,True,2025-09-23 14:05:00,3757.6,BE,0.0,-4.0,2
2025-09-23 14:25:00,2025-09-23 14:36:00,2025-09-23 14:38:00,EXTEND,long,3759.1,3757.6,3757.6,3761.8,False,,3757.6,SL,-1.5,-19.0,1
2025-09-23 14:40:00,2025-09-23 14:50:00,2025-09-23 15:04:00,MSS,short,3759.6,3760.9,3759.6,3754.7,True,2025-09-23 14:51:00,3754.7,TP,4.9,45.23,11
2025-09-23 15:10:00,2025-09-23 15:29:00,2025-09-23 15:32:00,EXTEND,short,3758.0,3760.0,3760.0,3750.5,False,,3760.0,SL,-2.0,-24.0,3
2025-09-23 18:25:00,2025-09-23 18:33:00,2025-09-23 18:36:00,MSS,short,3787.2,3790.5,3787.2,3783.0,True,2025-09-23 18:34:00,3787.2,BE,0.0,-4.0,3
2025-09-23 19:10:00,2025-09-23 19:19:00,2025-09-23 19:22:00,BOS,short,3784.8,3786.8,3784.8,3781.6,True,2025-09-23 19:21:00,3784.8,BE,0.0,-4.0,3
2025-09-23 19:25:00,2025-09-23 19:38:00,2025-09-23 19:51:00,EXTEND,long,3786.5,3782.7,3782.7,3794.1,False,,3782.7,SL,-3.8,-42.0,12
2025-09-23 20:10:00,2025-09-23 20:25:00,2025-09-23 20:26:00,MSS,short,3780.9,3786.5,3780.9,3778.0,True,2025-09-23 20:26:00,3781.2,BE,-0.3,-7.0,1
2025-09-23 20:25:00,2025-09-23 20:33:00,2025-09-23 20:43:00,EXTEND,short,3785.3,3786.5,3786.5,3777.4,False,,3786.5,SL,-1.2,-16.0,9
2025-09-23 21:20:00,2025-09-23 21:29:00,2025-09-23 21:32:00,EXTEND,short,3786.3,3789.6,3786.3,3780.8,True,2025-09-23 21:30:00,3786.3,BE,0.0,-4.0,3
2025-09-23 21:35:00,2025-09-23 21:40:00,2025-09-23 21:41:00,MSS,long,3789.8,3782.3,3789.8,3790.8,True,2025-09-23 21:41:00,3789.3,BE,-0.5,-9.0,1
2025-09-23 21:45:00,2025-09-23 21:50:00,2025-09-23 21:51:00,MSS,short,3776.4,3790.4,3776.4,3778.5,True,2025-09-23 21:51:00,3776.9,BE,-0.5,-9.0,1
2025-09-23 21:50:00,2025-09-23 22:02:00,2025-09-23 22:20:00,EXTEND,short,3781.7,3790.4,3781.7,3771.2,True,2025-09-23 22:03:00,3771.2,TP,10.5,100.77,18
2025-09-23 22:20:00,2025-09-23 22:37:00,2025-09-23 22:39:00,EXTEND,short,3774.5,3780.8,3774.5,3764.5,True,2025-09-23 22:38:00,3774.5,BE,0.0,-4.0,2
2025-09-23 23:45:00,2025-09-23 23:53:00,2025-09-23 23:56:00,MSS,short,3776.7,3780.9,3776.7,3774.7,True,2025-09-23 23:54:00,3777.5,BE,-0.8,-12.0,3
2025-09-25 01:10:00,2025-09-25 01:23:00,2025-09-25 01:26:00,MSS,long,3736.3,3734.2,3734.2,3740.7,False,,3734.2,SL,-2.1,-25.0,3
2025-09-25 03:25:00,2025-09-25 03:51:00,2025-09-25 04:02:00,EXTEND,short,3729.9,3731.5,3731.5,3713.2,False,,3731.5,SL,-1.6,-20.0,10
2025-09-25 07:10:00,2025-09-25 07:20:00,2025-09-25 07:36:00,EXTEND,short,3740.3,3742.1,3740.3,3737.4,True,2025-09-25 07:21:00,3740.3,BE,0.0,-4.0,11
2025-09-25 07:45:00,2025-09-25 08:02:00,2025-09-25 08:03:00,BOS,long,3743.1,3738.9,3743.1,3745.1,True,2025-09-25 08:03:00,3742.3,BE,-0.8,-12.0,1
2025-09-25 08:40:00,2025-09-25 09:01:00,2025-09-25 09:02:00,EXTEND,short,3746.4,3748.9,3746.4,3743.7,True,2025-09-25 09:02:00,3746.5,BE,-0.1,-5.0,1
2025-09-25 09:15:00,2025-09-25 09:27:00,2025-09-25 09:42:00,EXTEND,short,3745.0,3748.4,3745.0,3737.0,True,2025-09-25 09:29:00,3737.0,TP,8.0,76.3,14
2025-09-25 10:40:00,2025-09-25 10:48:00,2025-09-25 10:49:00,MSS,long,3739.2,3728.1,3739.2,3744.0,True,2025-09-25 10:49:00,3739.2,BE,0.0,-4.0,1
2025-09-25 11:40:00,2025-09-25 11:50:00,2025-09-25 11:54:00,MSS,long,3734.7,3733.1,3733.1,3738.1,False,,3733.1,SL,-1.6,-20.0,3
2025-09-25 12:35:00,2025-09-25 13:15:00,2025-09-25 14:10:00,EXTEND,long,3733.5,3730.1,3733.5,3740.4,True,2025-09-25 13:31:00,3740.4,TP,6.9,64.87,42
2025-09-25 14:15:00,2025-09-25 15:01:00,2025-09-25 15:11:00,EXTEND,long,3739.2,3734.0,3739.2,3749.4,True,2025-09-25 15:04:00,3738.7,BE,-0.5,-9.0,10
2025-09-25 15:25:00,2025-09-25 15:32:00,2025-09-25 15:33:00,BOS,long,3743.2,3741.0,3743.2,3743.8,True,2025-09-25 15:33:00,3743.2,BE,0.0,-4.0,1
2025-09-25 16:15:00,2025-09-25 16:36:00,2025-09-25 17:04:00,EXTEND,long,3751.1,3747.8,3751.1,3762.2,True,2025-09-25 16:52:00,3751.1,BE,0.0,-4.0,25
2025-09-25 18:15:00,2025-09-25 18:40:00,2025-09-25 18:45:00,MSS,short,3754.5,3755.2,3754.5,3753.0,True,2025-09-25 18:43:00,3755.2,BE,-0.7,-11.0,3
2025-09-25 19:55:00,2025-09-25 20:08:00,2025-09-25 20:11:00,MSS,long,3750.5,3749.0,3750.5,3752.9,True,2025-09-25 20:09:00,3749.6,BE,-0.9,-13.0,3
2025-09-25 20:30:00,2025-09-25 20:36:00,2025-09-25 20:37:00,MSS,short,3737.0,3754.6,3737.0,3738.2,True,2025-09-25 20:37:00,3737.6,BE,-0.6,-10.0,1
2025-09-25 22:20:00,2025-09-25 22:42:00,2025-09-25 22:50:00,MSS,long,3724.5,3723.0,3723.0,3737.9,False,,3723.0,SL,-1.5,-19.0,8
2025-09-26 00:10:00,2025-09-26 00:27:00,2025-09-26 00:46:00,EXTEND,long,3735.0,3731.3,3731.3,3742.9,False,,3731.0,SL,-4.0,-44.0,14
2025-09-26 02:00:00,2025-09-26 02:19:00,2025-09-26 02:27:00,EXTEND,long,3739.8,3737.0,3739.8,3745.5,True,2025-09-26 02:20:00,3745.5,TP,5.7,53.09,8
2025-09-26 02:50:00,2025-09-26 03:08:00,2025-09-26 03:11:00,BOS,long,3755.2,3752.1,3755.2,3758.2,True,2025-09-26 03:09:00,3754.2,BE,-1.0,-14.0,2
2025-09-26 08:25:00,2025-09-26 08:39:00,2025-09-26 08:47:00,MSS,short,3741.4,3745.0,3741.4,3736.7,True,2025-09-26 08:47:00,3741.4,BE,0.0,-4.0,1
2025-09-26 10:35:00,2025-09-26 10:44:00,2025-09-26 10:58:00,MSS,long,3736.1,3735.0,3736.1,3741.7,True,2025-09-26 10:55:00,3736.1,BE,0.0,-4.0,6
2025-09-26 11:25:00,2025-09-26 11:30:00,2025-09-26 11:34:00,MSS,long,3739.9,3732.2,3739.9,3741.6,True,2025-09-26 11:31:00,3741.7,TP,1.8,14.0,4
2025-09-26 12:25:00,2025-09-26 12:52:00,2025-09-26 12:57:00,MSS,short,3744.2,3744.8,3744.8,3741.2,False,,3744.9,SL,-0.7,-11.0,1
2025-09-26 14:10:00,2025-09-26 14:18:00,2025-09-26 14:19:00,MSS,long,3751.1,3739.1,3751.1,3752.2,True,2025-09-26 14:19:00,3752.2,TP,1.1,6.81,1
2025-09-26 15:05:00,2025-09-26 15:13:00,2025-09-26 15:27:00,EXTEND,short,3741.4,3744.3,3741.4,3735.3,True,2025-09-26 15:21:00,3741.9,BE,-0.5,-9.0,10
2025-09-26 19:40:00,2025-09-26 20:31:00,2025-09-26 20:32:00,EXTEND,long,3754.5,3740.6,3754.5,3753.2,True,2025-09-26 20:32:00,3753.4,BE,-1.1,-15.0,1
2025-09-26 20:40:00,2025-09-26 20:50:00,2025-09-26 20:51:00,MSS,short,3750.9,3750.0,3750.0,3744.9,False,,3750.2,SL,0.7,3.0,1
2025-09-26 21:15:00,2025-09-26 21:25:00,2025-09-26 21:37:00,EXTEND,long,3754.6,3748.6,3754.6,3768.8,True,2025-09-26 21:35:00,3752.6,BE,-2.0,-24.0,12
2025-09-26 23:00:00,2025-09-26 23:10:00,2025-09-26 23:15:00,BOS,long,3771.9,3769.7,3771.9,3777.4,True,2025-09-26 23:13:00,3771.4,BE,-0.5,-9.0,5
2025-09-26 23:30:00,2025-09-26 23:40:00,2025-09-26 23:46:00,EXTEND,long,3775.2,3771.1,3775.2,3778.6,True,2025-09-26 23:46:00,3775.1,BE,-0.1,-5.0,5
2025-09-27 00:10:00,2025-09-27 00:16:00,2025-09-27 00:18:00,MSS,short,3771.3,3778.2,3771.3,3769.8,True,2025-09-27 00:17:00,3771.3,BE,0.0,-4.0,2
2025-09-27 00:20:00,2025-09-27 00:48:00,2025-09-27 01:01:00,EXTEND,short,3773.5,3778.2,3773.5,3765.2,True,2025-09-27 00:51:00,3773.5,BE,0.0,-4.0,10
2025-09-27 02:10:00,2025-09-27 02:59:00,2025-09-27 03:25:00,EXTEND,short,3775.5,3779.3,3775.5,3768.9,True,2025-09-27 03:00:00,3768.8,TP,6.7,63.0,20
2025-09-29 07:45:00,2025-09-29 08:03:00,2025-09-29 08:13:00,MSS,long,3761.7,3762.3,3761.7,3769.2,True,2025-09-29 08:05:00,3769.4,TP,7.7,73.0,7
2025-09-29 09:45:00,2025-09-29 09:58:00,2025-09-29 10:01:00,MSS,long,3774.2,3766.0,3774.2,3776.0,True,2025-09-29 09:59:00,3776.0,TP,1.8,14.33,3
2025-09-29 11:20:00,2025-09-29 11:55:00,2025-09-29 12:07:00,BOS,short,3790.0,3795.0,3790.0,3786.7,True,2025-09-29 12:00:00,3790.3,BE,-0.3,-7.0,5
2025-09-29 13:05:00,2025-09-29 13:12:00,2025-09-29 13:21:00,EXTEND,long,3799.5,3799.0,3799.0,3808.0,False,,3798.4,SL,-1.1,-15.0,5
2025-09-29 14:15:00,2025-09-29 14:26:00,2025-09-29 14:31:00,EXTEND,long,3811.1,3807.6,3807.6,3813.9,False,,3807.3,SL,-3.8,-42.0,3
2025-09-29 14:40:00,2025-09-29 14:53:00,2025-09-29 14:54:00,MSS,long,3810.8,3807.3,3810.8,3816.1,True,2025-09-29 14:54:00,3810.8,BE,0.0,-4.0,1
2025-09-29 15:25:00,2025-09-29 15:31:00,2025-09-29 15:40:00,MSS,short,3808.9,3814.3,3808.9,3805.5,True,2025-09-29 15:33:00,3802.9,TP,6.0,56.0,5
2025-09-29 20:55:00,2025-09-29 21:03:00,2025-09-29 21:04:00,EXTEND,short,3807.0,3814.4,3807.0,3805.6,True,2025-09-29 21:04:00,3805.6,TP,1.4,9.63,1
2025-09-29 23:15:00,2025-09-29 23:27:00,2025-09-29 23:31:00,EXTEND,short,3823.1,3827.3,3823.1,3814.6,True,2025-09-29 23:31:00,3823.1,BE,0.0,-4.0,4
2025-09-30 03:10:00,2025-09-30 07:00:00,2025-09-30 08:12:00,EXTEND,short,3826.2,3823.4,3823.4,3818.1,False,,3832.3,SL,-6.1,-65.0,1
2025-10-30 08:45:00,2025-10-30 09:08:00,2025-10-30 09:35:00,EXTEND,short,3970.6,3977.0,3970.6,3941.2,True,2025-10-30 09:11:00,3970.6,BE,0.0,-4.0,27
2025-10-30 11:00:00,2025-10-30 11:21:00,2025-10-30 12:02:00,EXTEND,short,3941.2,3953.9,3953.9,3920.8,False,,3953.9,SL,-12.7,-131.0,41
2025-10-30 13:30:00,2025-10-30 13:52:00,2025-10-30 14:03:00,EXTEND,short,3981.1,3991.5,3981.1,3950.6,True,2025-10-30 13:56:00,3981.1,BE,0.0,-4.0,11
2025-10-30 16:15:00,2025-10-30 16:25:00,2025-10-30 16:26:00,MSS,long,3981.1,3966.8,3981.1,3988.9,True,2025-10-30 16:26:00,3980.8,BE,-0.3,-7.0,1
2025-10-30 20:00:00,2025-10-30 20:05:00,2025-10-30 20:06:00,MSS,long,3992.5,3982.0,3992.5,3997.0,True,2025-10-30 20:06:00,3992.2,BE,-0.3,-7.0,1
2025-10-30 20:30:00,2025-10-30 20:37:00,2025-10-30 20:38:00,EXTEND,short,3985.8,3997.7,3985.8,3972.4,True,2025-10-30 20:38:00,3985.8,BE,0.0,-4.0,1
2025-10-30 21:00:00,2025-10-30 21:07:00,2025-10-30 21:27:00,EXTEND,short,3984.7,3992.8,3984.7,3964.5,True,2025-10-30 21:26:00,3984.7,BE,0.0,-4.0,20
2025-10-30 21:50:00,2025-10-30 21:55:00,2025-10-30 21:56:00,MSS,long,4002.2,3974.0,4002.2,4010.1,True,2025-10-30 21:56:00,4002.2,BE,0.0,-4.0,1
2025-10-30 23:10:00,2025-10-30 23:27:00,2025-10-30 23:28:00,BOS,long,4010.9,4001.5,4010.9,4023.1,True,2025-10-30 23:28:00,4010.6,BE,-0.3,-7.0,1
2025-10-31 00:25:00,2025-10-31 00:46:00,2025-10-31 00:58:00,EXTEND,short,4015.0,4022.2,4015.0,3999.7,True,2025-10-31 00:48:00,4015.0,BE,0.0,-4.0,12
2025-10-31 01:10:00,2025-10-31 01:19:00,2025-10-31 01:20:00,BOS,short,4012.9,4017.3,4012.9,4005.6,True,2025-10-31 01:20:00,4012.9,BE,0.0,-4.0,1
2025-10-31 01:45:00,2025-10-31 02:07:00,2025-10-31 02:15:00,EXTEND,long,4017.3,4007.8,4017.3,4038.3,True,2025-10-31 02:11:00,4017.3,BE,0.0,-4.0,8
2025-10-31 02:35:00,2025-10-31 02:44:00,2025-10-31 02:45:00,EXTEND,long,4023.3,4015.8,4023.3,4034.6,True,2025-10-31 02:45:00,4023.3,BE,0.0,-4.0,1
2025-10-31 06:55:00,2025-10-31 07:06:00,2025-10-31 07:07:00,EXTEND,long,4047.6,4034.9,4047.6,4066.4,True,2025-10-31 07:07:00,4047.6,BE,0.0,-4.0,1
2025-10-31 08:25:00,2025-10-31 08:38:00,2025-10-31 08:39:00,MSS,short,4038.9,4047.2,4038.9,4035.3,True,2025-10-31 08:39:00,4038.9,BE,0.0,-4.0,1
2025-10-31 09:05:00,2025-10-31 09:10:00,2025-10-31 09:11:00,MSS,long,4050.6,4031.4,4050.6,4053.4,True,2025-10-31 09:11:00,4050.6,BE,0.0,-4.0,1
2025-10-31 10:40:00,2025-10-31 10:54:00,2025-10-31 10:55:00,EXTEND,short,4023.6,4032.8,4023.6,4008.7,True,2025-10-31 10:55:00,4023.6,BE,0.0,-4.0,1
2025-10-31 11:35:00,2025-10-31 11:47:00,2025-10-31 11:53:00,MSS,long,4009.6,4007.3,4009.6,4018.3,True,2025-10-31 11:51:00,4009.6,BE,0.0,-4.0,6
2025-10-31 12:25:00,2025-10-31 12:30:00,2025-10-31 12:31:00,MSS,long,4014.4,4001.8,4014.4,4017.5,True,2025-10-31 12:31:00,4017.5,TP,3.1,27.48,1
2025-10-31 13:05:00,2025-10-31 13:14:00,2025-10-31 13:15:00,MSS,short,4009.0,4023.5,4009.0,4004.4,True,2025-10-31 13:15:00,4009.2,BE,-0.2,-6.0,1
2025-10-31 13:20:00,2025-10-31 13:33:00,2025-10-31 13:34:00,EXTEND,short,4013.7,4023.5,4013.7,4001.4,True,2025-10-31 13:34:00,4014.0,BE,-0.3,-7.0,1
2025-10-31 13:45:00,2025-10-31 14:02:00,2025-10-31 14:17:00,EXTEND,long,4016.3,4009.8,4016.3,4026.6,True,2025-10-31 14:03:00,4026.6,TP,10.3,98.64,15
2025-10-31 15:05:00,2025-10-31 15:13:00,2025-10-31 15:14:00,EXTEND,long,4024.3,4017.0,4024.3,4032.5,True,2025-10-31 15:14:00,4024.3,BE,0.0,-4.0,1
2025-10-31 15:30:00,2025-10-31 15:46:00,2025-10-31 15:50:00,EXTEND,long,4027.4,4019.2,4027.4,4041.4,True,2025-10-31 15:48:00,4027.4,BE,0.0,-4.0,4
2025-10-31 16:05:00,2025-10-31 16:48:00,2025-10-31 16:49:00,BOS,long,4032.9,4022.9,4032.9,4042.8,True,2025-10-31 16:49:00,4032.8,BE,-0.1,-5.0,1
2025-10-31 17:30:00,2025-10-31 17:54:00,2025-10-31 18:00:00,MSS,long,4014.6,4010.0,4014.6,4021.4,True,2025-10-31 17:55:00,4021.4,TP,6.8,64.3,6
2025-10-31 18:10:00,2025-10-31 18:57:00,2025-10-31 19:01:00,EXTEND,long,4018.0,4011.4,4018.0,4033.2,True,2025-10-31 18:58:00,4018.0,BE,0.0,-4.0,4
2025-10-31 20:45:00,2025-10-31 21:00:00,2025-10-31 21:01:00,EXTEND,long,4037.9,4028.5,4037.9,4054.8,True,2025-10-31 21:01:00,4037.9,BE,0.0,-4.0,1
2025-10-31 22:00:00,2025-10-31 22:16:00,2025-10-31 22:17:00,MSS,long,4037.6,4021.9,4037.6,4044.8,True,2025-10-31 22:17:00,4037.6,BE,0.0,-4.0,1
2025-10-31 22:30:00,2025-10-31 22:36:00,2025-10-31 22:54:00,EXTEND,short,4030.0,4038.9,4030.0,4021.2,True,2025-10-31 22:37:00,4030.0,BE,0.0,-4.0,18
2025-10-31 22:50:00,2025-10-31 23:00:00,2025-10-31 23:01:00,EXTEND,short,4026.7,4038.9,4026.7,4018.2,True,2025-10-31 23:01:00,4026.7,BE,0.0,-4.0,1
2025-10-31 23:00:00,2025-10-31 23:19:00,2025-10-31 23:20:00,EXTEND,short,4028.8,4038.9,4028.8,4016.7,True,2025-10-31 23:20:00,4028.8,BE,0.0,-4.0,1
2025-11-01 01:00:00,2025-11-01 01:16:00,2025-11-01 01:17:00,MSS,long,3996.8,3989.4,3996.8,4006.7,True,2025-11-01 01:17:00,3996.6,BE,-0.2,-6.0,1
2025-11-01 03:00:00,2025-11-01 03:12:00,2025-11-01 03:18:00,EXTEND,short,4015.2,4018.1,4015.2,4008.6,True,2025-11-01 03:13:00,4008.6,TP,6.6,62.25,6
2025-11-01 03:20:00,2025-11-01 03:33:00,2025-11-01 03:34:00,EXTEND,short,4010.0,4018.2,4010.0,3999.3,True,2025-11-01 03:34:00,4010.0,BE,0.0,-4.0,1
2025-11-03 07:00:00,2025-11-03 07:18:00,2025-11-03 07:19:00,MSS,short,4002.3,4019.0,4002.3,3984.8,True,2025-11-03 07:19:00,4002.6,BE,-0.3,-7.0,1
2025-11-03 09:05:00,2025-11-03 09:10:00,2025-11-03 09:11:00,MSS,long,3996.2,3974.7,3996.2,4001.4,True,2025-11-03 09:11:00,3996.2,BE,0.0,-4.0,1
2025-11-03 11:00:00,2025-11-03 11:09:00,2025-11-03 11:10:00,BOS,long,4016.3,4008.4,4016.3,4026.2,True,2025-11-03 11:10:00,4016.2,BE,-0.1,-5.0,1
2025-11-03 11:55:00,2025-11-03 12:07:00,2025-11-03 12:08:00,EXTEND,long,4021.9,4015.5,4021.9,4027.9,True,2025-11-03 12:08:00,4021.9,BE,0.0,-4.0,1
2025-11-03 13:05:00,2025-11-03 13:14:00,2025-11-03 13:25:00,EXTEND,short,4017.1,4018.5,4018.5,4003.9,False,,4018.5,SL,-1.4,-18.0,11
2025-11-03 14:20:00,2025-11-03 14:39:00,2025-11-03 14:40:00,EXTEND,long,4026.8,4020.7,4026.8,4032.4,True,2025-11-03 14:40:00,4026.8,BE,0.0,-4.0,1
2025-11-03 15:10:00,2025-11-03 15:17:00,2025-11-03 15:18:00,MSS,short,4023.8,4034.1,4023.8,4022.0,True,2025-11-03 15:18:00,4023.8,BE,0.0,-4.0,1
2025-11-03 15:15:00,2025-11-03 15:29:00,2025-11-03 15:30:00,EXTEND,short,4029.0,4034.1,4029.0,4020.3,True,2025-11-03 15:30:00,4029.0,BE,0.0,-4.0,1
2025-11-03 15:50:00,2025-11-03 16:00:00,2025-11-03 16:01:00,BOS,long,4037.1,4031.0,4037.1,4038.4,True,2025-11-03 16:01:00,4036.9,BE,-0.2,-6.0,1
2025-11-03 16:10:00,2025-11-03 16:15:00,2025-11-03 16:16:00,MSS,short,4030.2,4038.9,4030.2,4029.2,True,2025-11-03 16:16:00,4030.2,BE,0.0,-4.0,1
2025-11-03 17:05:00,2025-11-03 17:18:00,2025-11-03 17:22:00,EXTEND,long,4028.6,4023.4,4028.6,4040.5,True,2025-11-03 17:20:00,4028.6,BE,0.0,-4.0,4
2025-11-03 20:05:00,2025-11-03 20:15:00,2025-11-03 20:16:00,EXTEND,short,4018.3,4020.8,4018.3,4015.1,True,2025-11-03 20:16:00,4018.3,BE,0.0,-4.0,1
2025-11-03 20:20:00,2025-11-03 20:29:00,2025-11-03 20:30:00,EXTEND,short,4016.6,4020.8,4016.6,4011.1,True,2025-11-03 20:30:00,4016.6,BE,0.0,-4.0,1
2025-11-03 21:20:00,2025-11-03 21:32:00,2025-11-03 21:56:00,EXTEND,long,4026.8,4023.6,4026.8,4034.9,True,2025-11-03 21:35:00,4026.8,BE,0.0,-4.0,24
2025-11-03 22:05:00,2025-11-03 22:16:00,2025-11-03 22:17:00,MSS,short,4027.0,4033.0,4027.0,4021.3,True,2025-11-03 22:17:00,4027.0,BE,0.0,-4.0,1
2025-11-03 22:30:00,2025-11-03 22:37:00,2025-11-03 22:38:00,EXTEND,short,4019.0,4032.6,4019.0,4006.9,True,2025-11-03 22:38:00,4019.2,BE,-0.2,-6.0,1
2025-11-03 23:10:00,2025-11-03 23:32:00,2025-11-03 23:52:00,EXTEND,long,4023.6,4012.4,4023.6,4051.8,True,2025-11-03 23:39:00,4023.6,BE,0.0,-4.0,20
2025-11-04 01:10:00,2025-11-04 01:15:00,2025-11-04 01:16:00,EXTEND,short,4018.6,4022.5,4018.6,4013.0,True,2025-11-04 01:16:00,4018.6,BE,0.0,-4.0,1
2025-11-04 02:35:00,2025-11-04 02:40:00,2025-11-04 02:41:00,EXTEND,long,4020.4,4011.5,4020.4,4024.7,True,2025-11-04 02:41:00,4020.4,BE,0.0,-4.0,1
2025-11-04 03:05:00,2025-11-04 03:18:00,2025-11-04 03:37:00,EXTEND,short,4013.7,4019.5,4013.7,4003.6,True,2025-11-04 03:36:00,4013.7,BE,0.0,-4.0,19
2025-11-04 03:50:00,2025-11-04 07:01:00,2025-11-04 07:02:00,EXTEND,long,4016.8,4011.9,4016.8,4021.4,True,2025-11-04 07:02:00,4016.7,BE,-0.1,-5.0,1
2025-11-04 07:05:00,2025-11-04 07:12:00,2025-11-04 07:13:00,MSS,short,4005.7,4017.9,4005.7,4000.5,True,2025-11-04 07:13:00,4005.7,BE,0.0,-4.0,1
2025-11-04 07:10:00,2025-11-04 07:39:00,2025-11-04 07:49:00,EXTEND,short,4007.2,4017.9,4007.2,3982.5,True,2025-11-04 07:48:00,4007.2,BE,0.0,-4.0,10
2025-11-04 08:05:00,2025-11-04 08:14:00,2025-11-04 08:15:00,EXTEND,short,4005.2,4010.4,4005.2,3998.5,True,2025-11-04 08:15:00,4005.2,BE,0.0,-4.0,1
2025-11-04 08:40:00,2025-11-04 09:05:00,2025-11-04 09:14:00,EXTEND,short,4000.4,4010.4,4000.4,3981.3,True,2025-11-04 09:08:00,4000.4,BE,0.0,-4.0,9
2025-11-04 09:50:00,2025-11-04 09:55:00,2025-11-04 09:56:00,MSS,long,3999.1,3994.1,3999.1,4001.2,True,2025-11-04 09:56:00,3999.1,BE,0.0,-4.0,1
2025-11-04 10:00:00,2025-11-04 10:32:00,2025-11-04 10:35:00,MSS,short,3990.6,3999.7,3990.6,3980.3,True,2025-11-04 10:33:00,3990.6,BE,0.0,-4.0,3
2025-11-04 11:35:00,2025-11-04 12:06:00,2025-11-04 12:07:00,EXTEND,long,4002.2,3994.2,4002.2,4013.1,True,2025-11-04 12:07:00,4001.8,BE,-0.4,-8.0,1
2025-11-04 12:45:00,2025-11-04 12:56:00,2025-11-04 12:58:00,MSS,short,3998.7,4002.9,3998.7,3990.2,True,2025-11-04 12:57:00,3998.7,BE,0.0,-4.0,2
2025-11-04 13:25:00,2025-11-04 13:32:00,2025-11-04 13:33:00,BOS,short,3989.7,3996.1,3989.7,3990.8,True,2025-11-04 13:33:00,3990.1,BE,-0.4,-8.0,1
2025-11-04 13:45:00,2025-11-04 13:51:00,2025-11-04 13:52:00,EXTEND,short,3986.0,3996.1,3986.0,3976.9,True,2025-11-04 13:52:00,3986.0,BE,0.0,-4.0,1
2025-11-04 14:05:00,2025-11-04 14:20:00,2025-11-04 14:21:00,EXTEND,short,3982.7,3990.4,3982.7,3971.0,True,2025-11-04 14:21:00,3982.7,BE,0.0,-4.0,1
2025-11-04 16:00:00,2025-11-04 16:07:00,2025-11-04 16:08:00,BOS,long,4007.5,4002.7,4007.5,4010.2,True,2025-11-04 16:08:00,4007.5,BE,0.0,-4.0,1
2025-11-04 16:15:00,2025-11-04 16:24:00,2025-11-04 16:26:00,EXTEND,short,4005.9,4010.0,4010.0,3998.2,False,,4010.0,SL,-4.1,-45.0,2
2025-11-04 17:05:00,2025-11-04 17:14:00,2025-11-04 17:15:00,MSS,short,4002.1,4010.9,4002.1,4000.1,True,2025-11-04 17:15:00,4002.1,BE,0.0,-4.0,1
2025-11-04 17:35:00,2025-11-04 17:53:00,2025-11-04 17:56:00,EXTEND,long,4005.0,4001.6,4001.6,4012.6,False,,4001.6,SL,-3.4,-38.0,3
2025-11-04 18:00:00,2025-11-04 18:18:00,2025-11-04 18:31:00,EXTEND,short,4004.2,4010.3,4004.2,3991.5,True,2025-11-04 18:20:00,4004.2,BE,0.0,-4.0,13
2025-11-04 19:50:00,2025-11-04 19:58:00,2025-11-04 20:03:00,EXTEND,long,4006.3,4002.6,4006.3,4012.9,True,2025-11-04 20:02:00,4006.3,BE,0.0,-4.0,5
2025-11-04 20:20:00,2025-11-04 20:26:00,2025-11-04 20:27:00,MSS,short,4001.8,4008.0,4001.8,4001.9,True,2025-11-04 20:27:00,4001.8,BE,0.0,-4.0,1
2025-11-04 21:10:00,2025-11-04 21:16:00,2025-11-04 21:17:00,MSS,long,4004.9,3992.8,4004.9,4010.1,True,2025-11-04 21:17:00,4004.7,BE,-0.2,-6.0,1
2025-11-04 21:15:00,2025-11-04 21:23:00,2025-11-04 21:25:00,EXTEND,long,3999.5,3992.8,3999.5,4010.5,True,2025-11-04 21:24:00,3999.5,BE,0.0,-4.0,2
2025-11-04 22:05:00,2025-11-04 22:18:00,2025-11-04 22:29:00,EXTEND,short,3984.0,3988.9,3984.0,3969.1,True,2025-11-04 22:20:00,3969.1,TP,14.9,145.12,11
2025-11-04 22:40:00,2025-11-04 23:01:00,2025-11-04 23:06:00,EXTEND,short,3963.4,3987.5,3963.4,3923.2,True,2025-11-04 23:02:00,3963.4,BE,0.0,-4.0,5
2025-11-05 00:50:00,2025-11-05 01:05:00,2025-11-05 01:06:00,EXTEND,short,3978.2,3984.3,3978.2,3971.0,True,2025-11-05 01:06:00,3978.2,BE,0.0,-4.0,1
2025-11-05 03:15:00,2025-11-05 03:34:00,2025-11-05 03:35:00,MSS,long,3951.6,3943.9,3951.6,3956.1,True,2025-11-05 03:35:00,3951.6,BE,0.0,-4.0,1
2025-11-05 07:00:00,2025-11-05 07:08:00,2025-11-05 07:09:00,MSS,long,3945.9,3940.7,3945.9,3949.1,True,2025-11-05 07:09:00,3945.8,BE,-0.1,-5.0,1
2025-11-05 07:05:00,2025-11-05 07:16:00,2025-11-05 07:23:00,EXTEND,long,3944.9,3940.7,3944.9,3951.6,True,2025-11-05 07:18:00,3944.9,BE,0.0,-4.0,7
2025-11-05 07:45:00,2025-11-05 07:54:00,2025-11-05 07:57:00,MSS,short,3942.8,3946.8,3942.8,3936.0,True,2025-11-05 07:55:00,3942.8,BE,0.0,-4.0,3
2025-11-05 08:05:00,2025-11-05 08:13:00,2025-11-05 08:24:00,EXTEND,long,3946.3,3938.3,3946.3,3954.7,True,2025-11-05 08:14:00,3946.3,BE,0.0,-4.0,11
2025-11-05 08:40:00,2025-11-05 08:49:00,2025-11-05 08:50:00,MSS,short,3942.7,3947.7,3942.7,3932.1,True,2025-11-05 08:50:00,3942.7,BE,0.0,-4.0,1
2025-11-05 09:40:00,2025-11-05 09:49:00,2025-11-05 09:50:00,EXTEND,long,3949.4,3946.7,3946.7,3961.3,False,,3946.7,SL,-2.7,-31.0,1
2025-11-05 09:55:00,2025-11-05 10:09:00,2025-11-05 10:10:00,EXTEND,short,3949.4,3958.2,3949.4,3938.3,True,2025-11-05 10:10:00,3949.6,BE,-0.2,-6.0,1
2025-11-05 13:45:00,2025-11-05 13:56:00,2025-11-05 13:57:00,MSS,short,3971.2,3987.4,3971.2,3966.8,True,2025-11-05 13:57:00,3971.5,BE,-0.3,-7.0,1
2025-11-05 14:00:00,2025-11-05 14:07:00,2025-11-05 14:08:00,MSS,long,3976.4,3970.7,3976.4,3978.1,True,2025-11-05 14:08:00,3976.2,BE,-0.2,-6.0,1
2025-11-05 14:05:00,2025-11-05 14:16:00,2025-11-05 14:17:00,EXTEND,long,3974.2,3970.7,3974.2,3979.3,True,2025-11-05 14:17:00,3974.2,BE,0.0,-4.0,1
2025-11-05 14:20:00,2025-11-05 14:32:00,2025-11-05 14:33:00,EXTEND,long,3977.5,3970.7,3977.5,3982.0,True,2025-11-05 14:33:00,3977.4,BE,-0.1,-5.0,1
2025-11-05 14:55:00,2025-11-05 15:01:00,2025-11-05 15:02:00,MSS,short,3973.2,3980.8,3973.2,3971.9,True,2025-11-05 15:02:00,3973.2,BE,0.0,-4.0,1
2025-11-05 15:05:00,2025-11-05 15:19:00,2025-11-05 15:20:00,BOS,short,3974.6,3980.8,3974.6,3969.0,True,2025-11-05 15:20:00,3974.6,BE,0.0,-4.0,1
2025-11-05 18:00:00,2025-11-05 18:06:00,2025-11-05 18:07:00,MSS,short,3968.5,3983.1,3968.5,3967.7,True,2025-11-05 18:07:00,3968.7,BE,-0.2,-6.0,1
2025-11-05 18:20:00,2025-11-05 18:37:00,2025-11-05 18:38:00,MSS,long,3975.7,3969.6,3975.7,3978.6,True,2025-11-05 18:38:00,3975.7,BE,0.0,-4.0,1
2025-11-05 18:50:00,2025-11-05 18:56:00,2025-11-05 18:57:00,MSS,short,3970.3,3979.6,3970.3,3968.3,True,2025-11-05 18:57:00,3970.3,BE,0.0,-4.0,1
2025-11-05 18:55:00,2025-11-05 19:05:00,2025-11-05 19:25:00,EXTEND,short,3975.8,3979.6,3975.8,3966.5,True,2025-11-05 19:06:00,3966.5,TP,9.3,88.81,20
2025-11-05 19:25:00,2025-11-05 19:48:00,2025-11-05 20:05:00,EXTEND,short,3974.0,3978.1,3974.0,3963.4,True,2025-11-05 20:03:00,3974.0,BE,0.0,-4.0,17
2025-11-05 21:10:00,2025-11-05 21:20:00,2025-11-05 21:21:00,EXTEND,long,3980.3,3972.5,3980.3,3987.5,True,2025-11-05 21:21:00,3980.3,BE,0.0,-4.0,1
2025-11-05 21:55:00,2025-11-05 22:04:00,2025-11-05 22:05:00,EXTEND,long,3987.2,3980.5,3987.2,3991.9,True,2025-11-05 22:05:00,3987.1,BE,-0.1,-5.0,1
2025-11-05 22:40:00,2025-11-05 22:47:00,2025-11-05 22:48:00,MSS,short,3983.6,3995.6,3983.6,3982.8,True,2025-11-05 22:48:00,3983.6,BE,0.0,-4.0,1
2025-11-05 23:00:00,2025-11-05 23:10:00,2025-11-05 23:11:00,EXTEND,short,3980.7,3995.6,3980.7,3967.3,True,2025-11-05 23:11:00,3980.7,BE,0.0,-4.0,1
2025-11-06 00:05:00,2025-11-06 00:15:00,2025-11-06 00:16:00,BOS,long,3990.4,3986.7,3990.4,3993.4,True,2025-11-06 00:16:00,3990.3,BE,-0.1,-5.0,1
2025-11-06 00:15:00,2025-11-06 00:32:00,2025-11-06 00:36:00,MSS,short,3989.8,3992.0,3989.8,3982.0,True,2025-11-06 00:35:00,3989.8,BE,0.0,-4.0,4
2025-11-06 02:20:00,2025-11-06 02:39:00,2025-11-06 02:42:00,EXTEND,long,3989.9,3988.5,3988.5,3998.0,False,,3988.5,SL,-1.4,-18.0,3
2025-11-06 07:50:00,2025-11-06 08:07:00,2025-11-06 08:18:00,EXTEND,long,3980.7,3978.0,3980.7,3989.7,True,2025-11-06 08:10:00,3980.7,BE,0.0,-4.0,11
2025-11-06 09:05:00,2025-11-06 09:10:00,2025-11-06 09:11:00,MSS,short,3974.7,3986.1,3974.7,3969.6,True,2025-11-06 09:11:00,3974.8,BE,-0.1,-5.0,1
2025-11-06 10:40:00,2025-11-06 10:52:00,2025-11-06 10:53:00,EXTEND,long,3992.0,3984.7,3992.0,3996.5,True,2025-11-06 10:53:00,3992.0,BE,0.0,-4.0,1
2025-11-06 13:05:00,2025-11-06 13:10:00,2025-11-06 13:33:00,EXTEND,long,3995.7,3993.3,3995.7,4000.3,True,2025-11-06 13:12:00,3995.7,BE,0.0,-4.0,23
2025-11-06 13:45:00,2025-11-06 14:02:00,2025-11-06 14:04:00,EXTEND,long,3996.7,3994.4,3996.7,4001.5,True,2025-11-06 14:03:00,3996.7,BE,0.0,-4.0,2
2025-11-06 18:00:00,2025-11-06 18:07:00,2025-11-06 18:08:00,MSS,short,4017.2,4022.7,4017.2,4015.0,True,2025-11-06 18:08:00,4017.3,BE,-0.1,-5.0,1
2025-11-06 18:30:00,2025-11-06 18:47:00,2025-11-06 18:48:00,BOS,short,4015.4,4018.5,4015.4,4012.3,True,2025-11-06 18:48:00,4015.6,BE,-0.2,-6.0,1
2025-11-06 19:00:00,2025-11-06 19:26:00,2025-11-06 19:27:00,MSS,long,4018.5,4014.3,4018.5,4021.5,True,2025-11-06 19:27:00,4018.5,BE,0.0,-4.0,1
2025-11-06 20:50:00,2025-11-06 21:09:00,2025-11-06 21:13:00,BOS,short,4019.6,4023.9,4019.6,4008.9,True,2025-11-06 21:12:00,4019.6,BE,0.0,-4.0,4
2025-11-07 01:25:00,2025-11-07 01:53:00,2025-11-07 01:54:00,EXTEND,short,3993.8,3993.9,3993.9,3967.6,False,,3994.1,SL,-0.3,-7.0,1
2025-11-07 03:10:00,2025-11-07 03:38:00,2025-11-07 03:39:00,BOS,long,3999.3,3994.3,3999.3,4006.2,True,2025-11-07 03:39:00,3999.3,BE,0.0,-4.0,1
2025-11-07 07:00:00,2025-11-07 07:12:00,2025-11-07 07:16:00,EXTEND,short,3989.0,3989.8,3989.8,3979.3,False,,3989.8,SL,-0.8,-12.0,4
2025-11-07 08:15:00,2025-11-07 08:20:00,2025-11-07 08:21:00,MSS,long,3999.6,3991.6,3999.6,4000.1,True,2025-11-07 08:21:00,3999.3,BE,-0.3,-7.0,1
2025-11-07 09:00:00,2025-11-07 09:05:00,2025-11-07 09:06:00,MSS,long,4002.5,3995.2,4002.5,4002.3,True,2025-11-07 09:06:00,4002.1,BE,-0.4,-8.0,1
2025-11-07 10:10:00,2025-11-07 10:15:00,2025-11-07 10:16:00,MSS,short,4005.0,4011.2,4005.0,4003.6,True,2025-11-07 10:16:00,4005.1,BE,-0.1,-5.0,1
2025-11-07 10:35:00,2025-11-07 10:51:00,2025-11-07 10:52:00,MSS,long,4003.3,3998.8,4003.3,4008.6,True,2025-11-07 10:52:00,4003.3,BE,0.0,-4.0,1
2025-11-07 11:10:00,2025-11-07 11:39:00,2025-11-07 11:40:00,EXTEND,short,3999.7,4004.8,3999.7,3992.7,True,2025-11-07 11:40:00,3999.9,BE,-0.2,-6.0,1
2025-11-07 11:50:00,2025-11-07 11:56:00,2025-11-07 11:57:00,MSS,short,3997.0,4002.6,3997.0,3995.7,True,2025-11-07 11:57:00,3997.0,BE,0.0,-4.0,1
2025-11-07 12:00:00,2025-11-07 12:13:00,2025-11-07 12:17:00,EXTEND,short,3999.3,4002.6,3999.3,3990.2,True,2025-11-07 12:15:00,3999.3,BE,0.0,-4.0,4
2025-11-07 12:35:00,2025-11-07 12:43:00,2025-11-07 12:44:00,EXTEND,short,4002.8,4005.2,4002.8,3999.7,True,2025-11-07 12:44:00,4002.9,BE,-0.1,-5.0,1
2025-11-07 13:00:00,2025-11-07 13:19:00,2025-11-07 13:20:00,EXTEND,long,4004.4,4002.1,4004.4,4007.4,True,2025-11-07 13:20:00,4004.3,BE,-0.1,-5.0,1
2025-11-07 13:25:00,2025-11-07 13:44:00,2025-11-07 13:50:00,EXTEND,short,4003.8,4006.3,4003.8,3996.8,True,2025-11-07 13:46:00,4003.8,BE,0.0,-4.0,6
2025-11-07 13:50:00,2025-11-07 13:58:00,2025-11-07 13:59:00,BOS,short,4002.1,4005.2,4002.1,3999.1,True,2025-11-07 13:59:00,4002.5,BE,-0.4,-8.0,1
2025-11-07 14:00:00,2025-11-07 14:12:00,2025-11-07 14:14:00,EXTEND,short,4002.6,4005.2,4002.6,3998.1,True,2025-11-07 14:13:00,4002.6,BE,0.0,-4.0,2
2025-11-07 16:00:00,2025-11-07 16:06:00,2025-11-07 16:20:00,EXTEND,long,4014.9,4010.2,4014.9,4019.0,True,2025-11-07 16:07:00,4014.9,BE,0.0,-4.0,14
2025-11-07 17:15:00,2025-11-07 17:24:00,2025-11-07 17:25:00,BOS,long,4019.6,4016.1,4019.6,4024.1,True,2025-11-07 17:25:00,4019.5,BE,-0.1,-5.0,1
2025-11-07 18:25:00,2025-11-07 18:35:00,2025-11-07 18:37:00,EXTEND,long,4013.4,4010.3,4013.4,4019.1,True,2025-11-07 18:36:00,4013.4,BE,0.0,-4.0,2
2025-11-07 19:00:00,2025-11-07 19:10:00,2025-11-07 19:12:00,BOS,long,4015.8,4010.9,4015.8,4022.3,True,2025-11-07 19:11:00,4015.8,BE,0.0,-4.0,2
2025-11-07 19:40:00,2025-11-07 19:55:00,2025-11-07 20:04:00,EXTEND,short,4009.6,4015.6,4015.6,3997.3,False,,4015.6,SL,-6.0,-64.0,9
2025-11-07 20:05:00,2025-11-07 20:34:00,2025-11-07 20:49:00,MSS,long,4005.9,4001.2,4001.2,4021.1,False,,4001.2,SL,-4.7,-51.0,15
2025-11-07 20:50:00,2025-11-07 21:00:00,2025-11-07 21:01:00,EXTEND,short,4002.2,4006.5,4002.2,3996.6,True,2025-11-07 21:01:00,4002.2,BE,0.0,-4.0,1
2025-11-07 21:05:00,2025-11-07 21:15:00,2025-11-07 21:16:00,EXTEND,long,4005.1,3998.7,4005.1,4011.0,True,2025-11-07 21:16:00,4005.1,BE,0.0,-4.0,1
2025-11-07 21:20:00,2025-11-07 21:35:00,2025-11-07 21:36:00,EXTEND,long,4003.8,3998.7,4003.8,4012.3,True,2025-11-07 21:36:00,4003.8,BE,0.0,-4.0,1
2025-11-07 21:45:00,2025-11-07 21:58:00,2025-11-07 21:59:00,EXTEND,short,4004.2,4009.4,4004.2,3997.2,True,2025-11-07 21:59:00,4004.3,BE,-0.1,-5.0,1
2025-11-07 22:20:00,2025-11-07 22:33:00,2025-11-07 22:34:00,EXTEND,long,4003.7,4002.3,4002.3,4018.4,False,,4002.3,SL,-1.4,-18.0,1
2025-11-07 22:35:00,2025-11-07 23:03:00,2025-11-07 23:04:00,EXTEND,short,4003.8,4015.0,4003.8,3985.2,True,2025-11-07 23:04:00,4003.8,BE,0.0,-4.0,1
2025-11-07 23:15:00,2025-11-07 23:27:00,2025-11-07 23:28:00,MSS,short,3999.7,4006.7,3999.7,3991.8,True,2025-11-07 23:28:00,3999.9,BE,-0.2,-6.0,1
2025-11-07 23:45:00,2025-11-07 23:53:00,2025-11-08 00:01:00,EXTEND,short,3997.8,4003.5,3997.8,3987.8,True,2025-11-08 00:00:00,3997.8,BE,0.0,-4.0,8
2025-11-08 00:35:00,2025-11-08 01:02:00,2025-11-08 01:07:00,EXTEND,long,4017.3,4003.5,4003.5,4044.5,False,,4003.5,SL,-13.8,-142.0,5
2025-11-10 08:45:00,2025-11-10 08:56:00,2025-11-10 08:57:00,MSS,long,4028.9,4019.3,4028.9,4035.4,True,2025-11-10 08:57:00,4028.9,BE,0.0,-4.0,1
2025-11-10 10:10:00,2025-11-10 10:19:00,2025-11-10 10:37:00,EXTEND,short,4053.6,4056.0,4053.6,4043.7,True,2025-11-10 10:27:00,4053.6,BE,0.0,-4.0,18
2025-11-10 11:40:00,2025-11-10 11:52:00,2025-11-10 11:53:00,EXTEND,long,4057.0,4053.0,4057.0,4064.0,True,2025-11-10 11:53:00,4057.0,BE,0.0,-4.0,1
2025-11-10 12:10:00,2025-11-10 12:48:00,2025-11-10 12:49:00,EXTEND,long,4061.5,4055.7,4061.5,4068.7,True,2025-11-10 12:49:00,4061.2,BE,-0.3,-7.0,1
2025-11-10 14:35:00,2025-11-10 14:49:00,2025-11-10 14:50:00,EXTEND,long,4081.7,4074.8,4081.7,4090.7,True,2025-11-10 14:50:00,4081.6,BE,-0.1,-5.0,1
2025-11-10 15:15:00,2025-11-10 15:27:00,2025-11-10 15:29:00,EXTEND,long,4084.4,4081.6,4084.4,4089.5,True,2025-11-10 15:29:00,4084.4,BE,0.0,-4.0,2
2025-11-10 16:05:00,2025-11-10 16:17:00,2025-11-10 16:18:00,BOS,long,4086.5,4081.7,4086.5,4094.7,True,2025-11-10 16:18:00,4086.5,BE,0.0,-4.0,1
2025-11-10 16:35:00,2025-11-10 16:46:00,2025-11-10 16:47:00,BOS,long,4089.0,4083.0,4089.0,4096.6,True,2025-11-10 16:47:00,4089.0,BE,0.0,-4.0,1
2025-11-10 17:05:00,2025-11-10 17:11:00,2025-11-10 17:12:00,EXTEND,short,4085.4,4091.2,4085.4,4082.2,True,2025-11-10 17:12:00,4085.5,BE,-0.1,-5.0,1
2025-11-10 17:15:00,2025-11-10 17:21:00,2025-11-10 17:22:00,EXTEND,short,4085.4,4091.2,4085.4,4076.3,True,2025-11-10 17:22:00,4085.4,BE,0.0,-4.0,1
2025-11-10 17:40:00,2025-11-10 18:01:00,2025-11-10 18:02:00,EXTEND,long,4087.8,4079.5,4087.8,4099.4,True,2025-11-10 18:02:00,4087.8,BE,0.0,-4.0,1
2025-11-10 18:30:00,2025-11-10 18:41:00,2025-11-10 19:00:00,EXTEND,short,4089.7,4091.2,4089.7,4084.1,True,2025-11-10 18:42:00,4089.7,BE,0.0,-4.0,19
2025-11-10 19:35:00,2025-11-10 19:43:00,2025-11-10 19:44:00,MSS,long,4092.3,4084.0,4092.3,4093.7,True,2025-11-10 19:44:00,4092.3,BE,0.0,-4.0,1
2025-11-10 21:40:00,2025-11-10 21:45:00,2025-11-10 21:46:00,EXTEND,short,4105.0,4113.6,4105.0,4100.6,True,2025-11-10 21:46:00,4105.3,BE,-0.3,-7.0,1
2025-11-10 22:35:00,2025-11-10 22:48:00,2025-11-10 22:49:00,EXTEND,short,4088.6,4097.0,4088.6,4078.6,True,2025-11-10 22:49:00,4088.6,BE,0.0,-4.0,1
2025-11-10 23:45:00,2025-11-10 23:55:00,2025-11-11 00:03:00,BOS,short,4091.4,4096.0,4091.4,4081.6,True,2025-11-11 00:00:00,4091.4,BE,0.0,-4.0,8
2025-11-11 00:00:00,2025-11-11 00:07:00,2025-11-11 00:08:00,MSS,long,4094.5,4089.9,4094.5,4096.9,True,2025-11-11 00:08:00,4094.4,BE,-0.1,-5.0,1
2025-11-11 01:40:00,2025-11-11 01:48:00,2025-11-11 01:49:00,MSS,short,4103.7,4106.4,4103.7,4100.8,True,2025-11-11 01:49:00,4103.7,BE,0.0,-4.0,1
2025-11-11 02:50:00,2025-11-11 03:15:00,2025-11-11 03:21:00,EXTEND,short,4120.2,4123.9,4120.2,4110.2,True,2025-11-11 03:18:00,4120.2,BE,0.0,-4.0,6
2025-11-11 07:10:00,2025-11-11 07:21:00,2025-11-11 07:22:00,EXTEND,long,4127.2,4121.6,4127.2,4129.7,True,2025-11-11 07:22:00,4127.1,BE,-0.1,-5.0,1
2025-11-11 07:45:00,2025-11-11 07:57:00,2025-11-11 08:00:00,BOS,long,4125.8,4125.1,4125.8,4130.9,True,2025-11-11 08:00:00,4125.8,BE,0.0,-4.0,3
2025-11-11 08:05:00,2025-11-11 08:19:00,2025-11-11 08:22:00,EXTEND,short,4127.0,4129.7,4127.0,4121.3,True,2025-11-11 08:22:00,4127.0,BE,0.0,-4.0,3
2025-11-11 09:30:00,2025-11-11 09:48:00,2025-11-11 09:49:00,EXTEND,long,4141.5,4133.7,4141.5,4151.1,True,2025-11-11 09:49:00,4141.5,BE,0.0,-4.0,1
2025-11-11 10:40:00,2025-11-11 10:45:00,2025-11-11 10:46:00,MSS,long,4145.0,4135.2,4145.0,4147.4,True,2025-11-11 10:46:00,4145.0,BE,0.0,-4.0,1
2025-11-11 12:10:00,2025-11-11 12:17:00,2025-11-11 12:18:00,MSS,short,4148.3,4154.9,4148.3,4146.4,True,2025-11-11 12:18:00,4148.3,BE,0.0,-4.0,1
2025-11-11 12:40:00,2025-11-11 12:53:00,2025-11-11 13:03:00,MSS,short,4150.7,4151.3,4150.7,4146.7,True,2025-11-11 12:54:00,4150.7,BE,0.0,-4.0,10
2025-11-11 13:05:00,2025-11-11 13:21:00,2025-11-11 13:22:00,EXTEND,short,4144.9,4152.4,4144.9,4138.7,True,2025-11-11 13:22:00,4144.9,BE,0.0,-4.0,1
2025-11-11 13:35:00,2025-11-11 13:57:00,2025-11-11 13:58:00,EXTEND,short,4138.7,4148.7,4138.7,4126.6,True,2025-11-11 13:58:00,4138.8,BE,-0.1,-5.0,1
2025-11-11 14:25:00,2025-11-11 14:40:00,2025-11-11 14:52:00,EXTEND,long,4138.4,4133.2,4138.4,4146.9,True,2025-11-11 14:52:00,4138.4,BE,0.0,-4.0,12
2025-11-11 15:05:00,2025-11-11 15:15:00,2025-11-11 15:16:00,EXTEND,short,4134.9,4139.0,4134.9,4129.9,True,2025-11-11 15:16:00,4134.9,BE,0.0,-4.0,1
2025-11-11 16:00:00,2025-11-11 16:05:00,2025-11-11 16:06:00,MSS,long,4142.2,4131.0,4142.2,4144.3,True,2025-11-11 16:06:00,4142.2,BE,0.0,-4.0,1
2025-11-11 16:15:00,2025-11-11 16:39:00,2025-11-11 16:40:00,EXTEND,long,4138.3,4131.0,4138.3,4148.5,True,2025-11-11 16:40:00,4138.2,BE,-0.1,-5.0,1
2025-11-11 17:35:00,2025-11-11 17:48:00,2025-11-11 17:49:00,EXTEND,long,4151.9,4147.3,4151.9,4153.3,True,2025-11-11 17:49:00,4151.8,BE,-0.1,-5.0,1
2025-11-11 17:45:00,2025-11-11 17:54:00,2025-11-11 17:55:00,EXTEND,long,4150.3,4147.3,4150.3,4153.9,True,2025-11-11 17:55:00,4150.3,BE,0.0,-4.0,1
2025-11-11 18:05:00,2025-11-11 18:20:00,2025-11-11 18:21:00,EXTEND,short,4147.5,4152.5,4147.5,4141.1,True,2025-11-11 18:21:00,4147.5,BE,0.0,-4.0,1
2025-11-11 18:30:00,2025-11-11 18:54:00,2025-11-11 19:00:00,EXTEND,short,4148.8,4152.5,4148.8,4140.1,True,2025-11-11 18:59:00,4148.8,BE,0.0,-4.0,6
2025-11-11 20:20:00,2025-11-11 20:37:00,2025-11-11 20:38:00,EXTEND,short,4147.0,4151.0,4147.0,4140.6,True,2025-11-11 20:38:00,4147.0,BE,0.0,-4.0,1
2025-11-11 20:40:00,2025-11-11 20:51:00,2025-11-11 20:52:00,MSS,long,4144.7,4144.1,4144.1,4148.9,False,,4144.1,SL,-0.6,-10.0,1
2025-11-11 20:55:00,2025-11-11 21:15:00,2025-11-11 21:22:00,EXTEND,short,4145.0,4148.4,4148.4,4136.8,False,,4148.4,SL,-3.4,-38.0,7
2025-11-11 21:35:00,2025-11-11 21:45:00,2025-11-11 21:46:00,EXTEND,long,4149.5,4144.6,4149.5,4155.8,True,2025-11-11 21:46:00,4149.2,BE,-0.3,-7.0,1
2025-11-11 22:45:00,2025-11-11 22:59:00,2025-11-11 23:01:00,BOS,short,4131.1,4139.6,4131.1,4122.1,True,2025-11-11 23:00:00,4131.1,BE,0.0,-4.0,2
2025-11-12 01:30:00,2025-11-12 01:54:00,2025-11-12 01:57:00,BOS,short,4120.2,4123.5,4120.2,4114.0,True,2025-11-12 01:56:00,4120.2,BE,0.0,-4.0,3
2025-11-12 02:00:00,2025-11-12 02:07:00,2025-11-12 02:08:00,MSS,long,4121.0,4117.8,4121.0,4123.1,True,2025-11-12 02:08:00,4121.0,BE,0.0,-4.0,1
2025-11-12 02:10:00,2025-11-12 02:19:00,2025-11-12 02:23:00,MSS,short,4118.7,4122.0,4118.7,4111.8,True,2025-11-12 02:22:00,4118.7,BE,0.0,-4.0,4
2025-11-12 02:50:00,2025-11-12 02:55:00,2025-11-12 02:56:00,MSS,long,4120.4,4112.3,4120.4,4122.1,True,2025-11-12 02:56:00,4120.2,BE,-0.2,-6.0,1
2025-11-12 07:50:00,2025-11-12 08:02:00,2025-11-12 08:03:00,EXTEND,long,4149.3,4142.6,4149.3,4153.3,True,2025-11-12 08:03:00,4149.1,BE,-0.2,-6.0,1
2025-11-12 08:25:00,2025-11-12 08:38:00,2025-11-12 08:39:00,EXTEND,short,4146.4,4150.6,4146.4,4143.5,True,2025-11-12 08:39:00,4146.4,BE,0.0,-4.0,1
2025-11-12 09:40:00,2025-11-12 09:48:00,2025-11-12 09:49:00,MSS,long,4139.6,4131.7,4139.6,4142.1,True,2025-11-12 09:49:00,4139.6,BE,0.0,-4.0,1
2025-11-12 13:30:00,2025-11-12 13:40:00,2025-11-12 13:52:00,BOS,short,4111.5,4115.7,4111.5,4101.3,True,2025-11-12 13:42:00,4111.5,BE,0.0,-4.0,12
2025-11-12 14:35:00,2025-11-12 14:52:00,2025-11-12 14:53:00,BOS,long,4120.7,4117.0,4120.7,4126.1,True,2025-11-12 14:53:00,4120.7,BE,0.0,-4.0,1
2025-11-12 15:30:00,2025-11-12 15:35:00,2025-11-12 15:36:00,MSS,short,4123.2,4129.8,4123.2,4122.3,True,2025-11-12 15:36:00,4123.3,BE,-0.1,-5.0,1
2025-11-12 16:15:00,2025-11-12 16:20:00,2025-11-12 16:21:00,MSS,long,4129.4,4117.3,4129.4,4130.8,True,2025-11-12 16:21:00,4129.3,BE,-0.1,-5.0,1
2025-11-12 17:10:00,2025-11-12 17:18:00,2025-11-12 17:19:00,MSS,short,4134.6,4139.4,4134.6,4130.9,True,2025-11-12 17:19:00,4134.7,BE,-0.1,-5.0,1
2025-11-12 17:50:00,2025-11-12 18:19:00,2025-11-12 18:20:00,EXTEND,short,4131.5,4139.4,4131.5,4122.8,True,2025-11-12 18:20:00,4131.6,BE,-0.1,-5.0,1
2025-11-12 18:30:00,2025-11-12 18:59:00,2025-11-12 19:00:00,EXTEND,short,4133.4,4134.5,4134.5,4120.3,False,,4134.5,SL,-1.1,-15.0,1
2025-11-12 19:10:00,2025-11-12 19:23:00,2025-11-12 19:28:00,EXTEND,long,4131.1,4130.3,4130.3,4138.9,False,,4130.3,SL,-0.8,-12.0,5
2025-11-12 19:30:00,2025-11-12 19:49:00,2025-11-12 19:50:00,EXTEND,short,4132.0,4137.1,4132.0,4126.8,True,2025-11-12 19:50:00,4132.0,BE,0.0,-4.0,1
2025-11-12 20:30:00,2025-11-12 21:02:00,2025-11-12 21:05:00,EXTEND,long,4136.1,4129.0,4136.1,4150.8,True,2025-11-12 21:05:00,4136.1,BE,0.0,-4.0,3
2025-11-12 21:50:00,2025-11-12 21:57:00,2025-11-12 21:58:00,MSS,short,4131.3,4137.8,4131.3,4128.4,True,2025-11-12 21:58:00,4131.4,BE,-0.1,-5.0,1
2025-11-12 22:00:00,2025-11-12 22:07:00,2025-11-12 22:08:00,MSS,long,4140.1,4130.1,4140.1,4142.8,True,2025-11-12 22:08:00,4140.1,BE,0.0,-4.0,1
2025-11-12 22:30:00,2025-11-12 22:43:00,2025-11-12 22:50:00,MSS,short,4141.5,4144.3,4144.3,4127.0,False,,4144.3,SL,-2.8,-32.0,7
2025-11-12 23:50:00,2025-11-12 23:56:00,2025-11-12 23:57:00,EXTEND,long,4188.3,4181.2,4188.3,4195.4,True,2025-11-12 23:57:00,4188.2,BE,-0.1,-5.0,1
2025-11-13 01:00:00,2025-11-13 01:20:00,2025-11-13 01:21:00,EXTEND,long,4201.9,4193.7,4201.9,4213.1,True,2025-11-13 01:21:00,4201.7,BE,-0.2,-6.0,1
2025-11-13 02:00:00,2025-11-13 02:17:00,2025-11-13 02:24:00,MSS,short,4205.6,4210.6,4210.6,4193.2,False,,4210.6,SL,-5.0,-54.0,7
2025-11-13 07:05:00,2025-11-13 07:15:00,2025-11-13 07:20:00,MSS,long,4203.3,4199.9,4199.9,4212.7,False,,4199.9,SL,-3.4,-38.0,5
2025-11-13 08:10:00,2025-11-13 08:25:00,2025-11-13 08:30:00,EXTEND,short,4196.2,4197.8,4197.8,4186.6,False,,4197.8,SL,-1.6,-20.0,5
2025-11-13 09:05:00,2025-11-13 09:12:00,2025-11-13 09:13:00,MSS,short,4195.1,4212.9,4195.1,4193.3,True,2025-11-13 09:13:00,4195.2,BE,-0.1,-5.0,1
2025-11-13 10:05:00,2025-11-13 10:35:00,2025-11-13 10:52:00,EXTEND,long,4190.9,4186.6,4190.9,4204.8,True,2025-11-13 10:38:00,4190.9,BE,0.0,-4.0,17
2025-11-13 12:05:00,2025-11-13 12:44:00,2025-11-13 12:45:00,EXTEND,long,4212.6,4200.1,4212.6,4230.5,True,2025-11-13 12:45:00,4212.5,BE,-0.1,-5.0,1
2025-11-13 13:15:00,2025-11-13 13:31:00,2025-11-13 13:32:00,EXTEND,long,4218.6,4209.9,4218.6,4224.8,True,2025-11-13 13:32:00,4218.6,BE,0.0,-4.0,1
2025-11-13 14:55:00,2025-11-13 15:01:00,2025-11-13 15:02:00,EXTEND,long,4215.5,4209.1,4215.5,4218.2,True,2025-11-13 15:02:00,4215.5,BE,0.0,-4.0,1
2025-11-13 15:30:00,2025-11-13 15:51:00,2025-11-13 15:52:00,EXTEND,long,4219.9,4212.4,4219.9,4226.1,True,2025-11-13 15:52:00,4219.7,BE,-0.2,-6.0,1
2025-11-13 17:00:00,2025-11-13 17:10:00,2025-11-13 17:11:00,MSS,short,4237.3,4243.0,4237.3,4229.4,True,2025-11-13 17:11:00,4237.3,BE,0.0,-4.0,1
2025-11-13 17:25:00,2025-11-13 17:34:00,2025-11-13 17:35:00,MSS,short,4236.8,4245.0,4236.8,4228.0,True,2025-11-13 17:35:00,4236.8,BE,0.0,-4.0,1
2025-11-13 18:30:00,2025-11-13 18:35:00,2025-11-13 18:36:00,MSS,short,4237.4,4245.4,4237.4,4234.2,True,2025-11-13 18:36:00,4237.8,BE,-0.4,-8.0,1
2025-11-13 19:00:00,2025-11-13 19:08:00,2025-11-13 19:09:00,EXTEND,short,4232.8,4240.1,4232.8,4222.8,True,2025-11-13 19:09:00,4232.8,BE,0.0,-4.0,1
2025-11-13 19:40:00,2025-11-13 19:48:00,2025-11-13 19:49:00,MSS,long,4236.1,4224.0,4236.1,4240.5,True,2025-11-13 19:49:00,4235.9,BE,-0.2,-6.0,1
2025-11-13 20:20:00,2025-11-13 20:28:00,2025-11-13 20:31:00,EXTEND,long,4237.7,4234.2,4237.7,4244.4,True,2025-11-13 20:29:00,4237.7,BE,0.0,-4.0,3
2025-11-13 21:00:00,2025-11-13 21:06:00,2025-11-13 21:07:00,MSS,short,4231.3,4250.0,4231.3,4228.3,True,2025-11-13 21:07:00,4231.4,BE,-0.1,-5.0,1
2025-11-13 21:10:00,2025-11-13 21:28:00,2025-11-13 21:29:00,EXTEND,short,4239.4,4250.0,4239.4,4224.9,True,2025-11-13 21:29:00,4239.4,BE,0.0,-4.0,1
2025-11-13 21:35:00,2025-11-13 21:48:00,2025-11-13 21:49:00,EXTEND,short,4231.7,4242.5,4231.7,4219.5,True,2025-11-13 21:49:00,4231.7,BE,0.0,-4.0,1
2025-11-13 23:05:00,2025-11-13 23:31:00,2025-11-13 23:33:00,MSS,long,4201.0,4193.2,4193.2,4214.0,False,,4193.2,SL,-7.8,-82.0,2
2025-11-14 00:40:00,2025-11-14 00:55:00,2025-11-14 00:56:00,EXTEND,short,4206.2,4213.0,4206.2,4196.4,True,2025-11-14 00:56:00,4206.3,BE,-0.1,-5.0,1
2025-11-14 01:15:00,2025-11-14 01:29:00,2025-11-14 01:48:00,EXTEND,short,4206.9,4212.9,4206.9,4193.2,True,2025-11-14 01:42:00,4206.9,BE,0.0,-4.0,19
2025-11-14 07:50:00,2025-11-14 08:09:00,2025-11-14 08:10:00,EXTEND,long,4186.2,4179.8,4186.2,4192.4,True,2025-11-14 08:10:00,4186.2,BE,0.0,-4.0,1
2025-11-14 08:50:00,2025-11-14 09:00:00,2025-11-14 09:01:00,MSS,short,4183.8,4192.5,4183.8,4177.6,True,2025-11-14 09:01:00,4183.8,BE,0.0,-4.0,1
2025-11-14 09:30:00,2025-11-14 09:43:00,2025-11-14 09:44:00,EXTEND,short,4182.3,4192.3,4182.3,4171.7,True,2025-11-14 09:44:00,4182.5,BE,-0.2,-6.0,1
2025-11-14 11:50:00,2025-11-14 11:58:00,2025-11-14 11:59:00,MSS,short,4207.5,4215.1,4207.5,4201.4,True,2025-11-14 11:59:00,4207.6,BE,-0.1,-5.0,1
2025-11-14 12:25:00,2025-11-14 12:37:00,2025-11-14 12:39:00,EXTEND,short,4205.4,4209.4,4205.4,4196.8,True,2025-11-14 12:38:00,4205.4,BE,0.0,-4.0,2
2025-11-14 13:00:00,2025-11-14 13:06:00,2025-11-14 13:07:00,MSS,short,4201.2,4206.9,4201.2,4198.6,True,2025-11-14 13:07:00,4201.2,BE,0.0,-4.0,1
2025-11-14 13:15:00,2025-11-14 13:43:00,2025-11-14 13:45:00,EXTEND,short,4197.2,4206.9,4197.2,4181.0,True,2025-11-14 13:44:00,4197.2,BE,0.0,-4.0,2
2025-11-14 15:45:00,2025-11-14 15:50:00,2025-11-14 15:51:00,MSS,long,4182.9,4162.3,4182.9,4188.0,True,2025-11-14 15:51:00,4182.6,BE,-0.3,-7.0,1
2025-11-14 16:35:00,2025-11-14 16:43:00,2025-11-14 16:46:00,BOS,long,4185.2,4179.3,4185.2,4193.5,True,2025-11-14 16:44:00,4185.2,BE,0.0,-4.0,3
2025-11-14 17:00:00,2025-11-14 17:12:00,2025-11-14 17:13:00,EXTEND,short,4179.8,4190.5,4179.8,4165.1,True,2025-11-14 17:13:00,4180.0,BE,-0.2,-6.0,1
2025-11-14 18:30:00,2025-11-14 18:43:00,2025-11-14 18:55:00,BOS,short,4170.2,4174.4,4174.4,4159.7,False,,4174.4,SL,-4.2,-46.0,12
2025-11-14 22:20:00,2025-11-14 22:34:00,2025-11-14 22:35:00,MSS,long,4041.3,4045.6,4045.6,4065.9,False,,4041.0,SL,-0.3,-7.0,1
2025-11-14 23:50:00,2025-11-14 23:57:00,2025-11-14 23:58:00,EXTEND,long,4091.7,4074.4,4091.7,4104.6,True,2025-11-14 23:58:00,4091.7,BE,0.0,-4.0,1
2025-11-15 00:40:00,2025-11-15 00:59:00,2025-11-15 01:00:00,EXTEND,long,4107.3,4098.7,4107.3,4117.2,True,2025-11-15 01:00:00,4107.3,BE,0.0,-4.0,1
2025-11-15 01:25:00,2025-11-15 01:40:00,2025-11-15 01:54:00,EXTEND,short,4106.1,4112.8,4106.1,4090.2,True,2025-11-15 01:41:00,4106.1,BE,0.0,-4.0,14
2025-11-15 02:20:00,2025-11-15 02:31:00,2025-11-15 02:32:00,EXTEND,short,4094.2,4106.3,4094.2,4075.9,True,2025-11-15 02:32:00,4094.2,BE,0.0,-4.0,1
2025-11-17 07:05:00,2025-11-17 07:11:00,2025-11-17 07:12:00,MSS,long,4101.8,4061.9,4101.8,4116.6,True,2025-11-17 07:12:00,4101.7,BE,-0.1,-5.0,1
2025-11-17 08:55:00,2025-11-17 09:05:00,2025-11-17 09:06:00,BOS,short,4088.4,4093.0,4088.4,4079.7,True,2025-11-17 09:06:00,4088.4,BE,0.0,-4.0,1
2025-11-17 09:10:00,2025-11-17 09:18:00,2025-11-17 09:19:00,MSS,long,4091.0,4082.5,4091.0,4102.4,True,2025-11-17 09:19:00,4090.7,BE,-0.3,-7.0,1
2025-11-17 09:35:00,2025-11-17 10:05:00,2025-11-17 10:36:00,EXTEND,long,4088.9,4086.7,4088.9,4108.0,True,2025-11-17 10:30:00,4088.9,BE,0.0,-4.0,31
2025-11-17 11:00:00,2025-11-17 11:19:00,2025-11-17 11:20:00,EXTEND,short,4080.8,4095.2,4080.8,4064.0,True,2025-11-17 11:20:00,4080.8,BE,0.0,-4.0,1
2025-11-17 12:05:00,2025-11-17 12:49:00,2025-11-17 12:56:00,EXTEND,long,4080.8,4076.4,4080.8,4092.5,True,2025-11-17 12:51:00,4080.8,BE,0.0,-4.0,7
2025-11-17 14:05:00,2025-11-17 14:14:00,2025-11-17 14:24:00,EXTEND,long,4059.6,4054.6,4059.6,4071.5,True,2025-11-17 14:17:00,4059.6,BE,0.0,-4.0,10
2025-11-17 16:10:00,2025-11-17 16:37:00,2025-11-17 16:38:00,EXTEND,long,4080.6,4065.6,4080.6,4105.4,True,2025-11-17 16:38:00,4080.6,BE,0.0,-4.0,1
2025-11-17 16:45:00,2025-11-17 16:54:00,2025-11-17 16:55:00,EXTEND,short,4077.2,4085.4,4077.2,4069.7,True,2025-11-17 16:55:00,4077.2,BE,0.0,-4.0,1
2025-11-17 18:10:00,2025-11-17 18:33:00,2025-11-17 18:34:00,EXTEND,long,4085.9,4073.4,4085.9,4095.9,True,2025-11-17 18:34:00,4085.9,BE,0.0,-4.0,1
2025-11-17 19:00:00,2025-11-17 19:38:00,2025-11-17 21:03:00,EXTEND,short,4078.0,4087.7,4087.7,4055.3,False,,4087.7,SL,-9.7,-101.0,85
2025-11-17 21:05:00,2025-11-17 21:12:00,2025-11-17 21:13:00,EXTEND,long,4085.0,4076.2,4085.0,4098.4,True,2025-11-17 21:13:00,4085.0,BE,0.0,-4.0,1
2025-11-17 21:50:00,2025-11-17 22:15:00,2025-11-17 22:19:00,EXTEND,short,4072.4,4080.9,4072.4,4054.4,True,2025-11-17 22:18:00,4072.4,BE,0.0,-4.0,4
2025-11-17 22:35:00,2025-11-17 22:42:00,2025-11-17 22:43:00,EXTEND,long,4077.0,4065.0,4077.0,4088.7,True,2025-11-17 22:43:00,4076.8,BE,-0.2,-6.0,1
2025-11-17 23:15:00,2025-11-17 23:25:00,2025-11-17 23:26:00,EXTEND,short,4071.0,4082.0,4071.0,4055.8,True,2025-11-17 23:26:00,4071.0,BE,0.0,-4.0,1
2025-11-18 01:30:00,2025-11-18 01:49:00,2025-11-18 01:52:00,EXTEND,long,4076.0,4072.5,4072.5,4085.1,False,,4072.5,SL,-3.5,-39.0,3
2025-11-18 07:00:00,2025-11-18 07:05:00,2025-11-18 07:06:00,BOS,long,4054.3,4042.9,4054.3,4059.7,True,2025-11-18 07:06:00,4054.3,BE,0.0,-4.0,1
2025-11-18 07:45:00,2025-11-18 07:54:00,2025-11-18 07:55:00,EXTEND,short,4037.8,4051.0,4037.8,4021.8,True,2025-11-18 07:55:00,4038.0,BE,-0.2,-6.0,1
2025-11-18 08:35:00,2025-11-18 08:57:00,2025-11-18 08:58:00,MSS,long,4034.7,4028.1,4034.7,4041.7,True,2025-11-18 08:58:00,4034.4,BE,-0.3,-7.0,1
2025-11-18 09:00:00,2025-11-18 09:09:00,2025-11-18 09:10:00,EXTEND,long,4038.4,4031.3,4038.4,4048.3,True,2025-11-18 09:10:00,4038.1,BE,-0.3,-7.0,1
2025-11-18 10:35:00,2025-11-18 10:40:00,2025-11-18 10:41:00,EXTEND,long,4034.8,4026.5,4034.8,4038.4,True,2025-11-18 10:41:00,4034.8,BE,0.0,-4.0,1
2025-11-18 11:40:00,2025-11-18 11:55:00,2025-11-18 12:16:00,EXTEND,long,4015.8,4008.2,4008.2,4030.8,False,,4008.2,SL,-7.6,-80.0,21
2025-11-18 12:20:00,2025-11-18 12:31:00,2025-11-18 12:32:00,EXTEND,short,4015.0,4026.0,4015.0,3996.3,True,2025-11-18 12:32:00,4015.0,BE,0.0,-4.0,1
2025-11-18 13:40:00,2025-11-18 13:48:00,2025-11-18 13:49:00,EXTEND,long,4021.5,4014.5,4021.5,4027.2,True,2025-11-18 13:49:00,4021.5,BE,0.0,-4.0,1
2025-11-18 13:50:00,2025-11-18 14:00:00,2025-11-18 14:01:00,EXTEND,long,4019.6,4014.5,4019.6,4027.3,True,2025-11-18 14:01:00,4019.6,BE,0.0,-4.0,1
2025-11-18 15:10:00,2025-11-18 15:19:00,2025-11-18 15:20:00,EXTEND,short,4008.0,4015.1,4008.0,3997.3,True,2025-11-18 15:20:00,4008.1,BE,-0.1,-5.0,1
2025-11-18 15:35:00,2025-11-18 15:42:00,2025-11-18 15:47:00,EXTEND,short,4010.3,4015.1,4015.1,3992.6,False,,4015.1,SL,-4.8,-52.0,5
2025-11-18 17:10:00,2025-11-18 17:23:00,2025-11-18 17:33:00,MSS,short,4035.8,4041.1,4035.8,4026.6,True,2025-11-18 17:29:00,4035.8,BE,0.0,-4.0,10
2025-11-18 17:50:00,2025-11-18 17:55:00,2025-11-18 17:56:00,MSS,long,4046.6,4029.5,4046.6,4046.6,True,2025-11-18 17:56:00,4046.4,BE,-0.2,-6.0,1
2025-11-18 18:45:00,2025-11-18 18:59:00,2025-11-18 19:00:00,BOS,long,4043.9,4036.8,4043.9,4053.8,True,2025-11-18 19:00:00,4043.5,BE,-0.4,-8.0,1
2025-11-18 19:55:00,2025-11-18 20:05:00,2025-11-18 20:07:00,EXTEND,short,4042.9,4049.8,4042.9,4032.7,True,2025-11-18 20:06:00,4042.9,BE,0.0,-4.0,2
2025-11-18 20:25:00,2025-11-18 20:41:00,2025-11-18 20:42:00,EXTEND,short,4036.7,4044.5,4036.7,4027.7,True,2025-11-18 20:42:00,4036.9,BE,-0.2,-6.0,1
2025-11-18 21:00:00,2025-11-18 21:12:00,2025-11-18 21:13:00,MSS,long,4042.8,4028.2,4042.8,4051.2,True,2025-11-18 21:13:00,4042.7,BE,-0.1,-5.0,1
2025-11-18 22:05:00,2025-11-18 22:11:00,2025-11-18 22:12:00,EXTEND,long,4072.5,4065.2,4072.5,4078.5,True,2025-11-18 22:12:00,4072.5,BE,0.0,-4.0,1
2025-11-18 22:15:00,2025-11-18 22:28:00,2025-11-18 22:29:00,BOS,long,4075.9,4068.6,4075.9,4084.0,True,2025-11-18 22:29:00,4075.7,BE,-0.2,-6.0,1
2025-11-18 22:30:00,2025-11-18 22:36:00,2025-11-18 22:37:00,EXTEND,long,4076.6,4068.6,4076.6,4084.3,True,2025-11-18 22:37:00,4076.4,BE,-0.2,-6.0,1
2025-11-18 22:40:00,2025-11-18 22:48:00,2025-11-18 22:49:00,EXTEND,long,4076.0,4068.6,4076.0,4086.3,True,2025-11-18 22:49:00,4075.9,BE,-0.1,-5.0,1
2025-11-18 23:30:00,2025-11-18 23:38:00,2025-11-18 23:40:00,EXTEND,long,4062.3,4053.1,4062.3,4078.2,True,2025-11-18 23:39:00,4062.3,BE,0.0,-4.0,2
2025-11-19 00:00:00,2025-11-19 00:21:00,2025-11-19 00:22:00,EXTEND,short,4056.0,4072.9,4056.0,4031.1,True,2025-11-19 00:22:00,4056.2,BE,-0.2,-6.0,1
2025-11-19 01:00:00,2025-11-19 01:25:00,2025-11-19 01:27:00,EXTEND,long,4064.0,4057.7,4064.0,4074.7,True,2025-11-19 01:26:00,4064.0,BE,0.0,-4.0,2
2025-11-19 02:00:00,2025-11-19 02:07:00,2025-11-19 02:08:00,MSS,short,4071.2,4074.2,4071.2,4068.5,True,2025-11-19 02:08:00,4071.2,BE,0.0,-4.0,1
2025-11-19 02:05:00,2025-11-19 02:12:00,2025-11-19 02:13:00,EXTEND,short,4069.6,4074.2,4069.6,4066.3,True,2025-11-19 02:13:00,4069.7,BE,-0.1,-5.0,1
2025-11-19 02:25:00,2025-11-19 02:44:00,2025-11-19 02:46:00,EXTEND,short,4071.1,4074.2,4074.2,4060.5,False,,4074.2,SL,-3.1,-35.0,2
2025-11-19 03:20:00,2025-11-19 03:35:00,2025-11-19 03:36:00,EXTEND,long,4078.6,4069.8,4078.6,4084.9,True,2025-11-19 03:36:00,4078.6,BE,0.0,-4.0,1
2025-11-19 07:15:00,2025-11-19 07:35:00,2025-11-19 07:37:00,EXTEND,long,4069.0,4065.4,4069.0,4075.3,True,2025-11-19 07:37:00,4069.0,BE,0.0,-4.0,2
2025-11-19 07:55:00,2025-11-19 08:09:00,2025-11-19 08:10:00,EXTEND,long,4074.0,4067.2,4074.0,4080.5,True,2025-11-19 08:10:00,4073.8,BE,-0.2,-6.0,1
2025-11-19 08:20:00,2025-11-19 08:53:00,2025-11-19 08:55:00,BOS,long,4071.1,4070.3,4070.3,4080.1,False,,4070.3,SL,-0.8,-12.0,2
2025-11-19 10:25:00,2025-11-19 10:32:00,2025-11-19 10:33:00,MSS,long,4068.0,4058.8,4068.0,4068.2,True,2025-11-19 10:33:00,4068.2,TP,0.2,-2.02,1
2025-11-19 12:00:00,2025-11-19 12:29:00,2025-11-19 12:33:00,EXTEND,short,4074.1,4076.4,4076.4,4060.9,False,,4076.4,SL,-2.3,-27.0,4
2025-11-19 15:05:00,2025-11-19 15:49:00,2025-11-19 15:51:00,MSS,short,4095.2,4096.2,4096.2,4081.8,False,,4096.2,SL,-1.0,-14.0,2
2025-11-19 19:15:00,2025-11-19 19:45:00,2025-11-19 19:46:00,BOS,long,4114.0,4107.1,4114.0,4121.7,True,2025-11-19 19:46:00,4113.8,BE,-0.2,-6.0,1
2025-11-19 19:50:00,2025-11-19 20:00:00,2025-11-19 20:01:00,EXTEND,long,4115.2,4110.6,4115.2,4119.9,True,2025-11-19 20:01:00,4115.2,BE,0.0,-4.0,1
2025-11-19 20:10:00,2025-11-19 20:17:00,2025-11-19 20:18:00,EXTEND,long,4116.5,4110.6,4116.5,4123.7,True,2025-11-19 20:18:00,4116.5,BE,0.0,-4.0,1
2025-11-19 20:40:00,2025-11-19 20:55:00,2025-11-19 20:56:00,EXTEND,long,4116.7,4112.9,4116.7,4122.8,True,2025-11-19 20:56:00,4116.7,BE,0.0,-4.0,1
2025-11-19 21:15:00,2025-11-19 21:32:00,2025-11-19 21:36:00,EXTEND,short,4111.1,4120.7,4111.1,4095.7,True,2025-11-19 21:33:00,4111.1,BE,0.0,-4.0,4
2025-11-19 22:20:00,2025-11-19 22:25:00,2025-11-19 22:26:00,MSS,short,4109.2,4119.9,4109.2,4106.7,True,2025-11-19 22:26:00,4109.2,BE,0.0,-4.0,1
2025-11-19 22:30:00,2025-11-19 22:44:00,2025-11-19 22:45:00,EXTEND,short,4113.5,4119.9,4113.5,4097.7,True,2025-11-19 22:45:00,4113.5,BE,0.0,-4.0,1
2025-11-19 23:30:00,2025-11-19 23:38:00,2025-11-19 23:45:00,EXTEND,short,4117.9,4134.3,4117.9,4109.0,True,2025-11-19 23:39:00,4109.0,TP,8.9,84.73,7
2025-11-20 00:15:00,2025-11-20 00:23:00,2025-11-20 00:24:00,BOS,short,4088.2,4095.6,4088.2,4078.5,True,2025-11-20 00:24:00,4088.2,BE,0.0,-4.0,1
2025-11-20 02:15:00,2025-11-20 02:29:00,2025-11-20 02:30:00,EXTEND,long,4082.7,4076.7,4082.7,4090.5,True,2025-11-20 02:30:00,4082.6,BE,-0.1,-5.0,1
2025-11-20 02:50:00,2025-11-20 03:09:00,2025-11-20 03:10:00,BOS,long,4084.8,4076.3,4084.8,4096.7,True,2025-11-20 03:10:00,4084.7,BE,-0.1,-5.0,1
2025-11-20 07:00:00,2025-11-20 07:09:00,2025-11-20 07:10:00,MSS,long,4084.8,4076.4,4084.8,4090.2,True,2025-11-20 07:10:00,4084.8,BE,0.0,-4.0,1
2025-11-20 08:40:00,2025-11-20 08:46:00,2025-11-20 08:47:00,EXTEND,short,4102.8,4108.3,4102.8,4097.6,True,2025-11-20 08:47:00,4102.9,BE,-0.1,-5.0,1
2025-11-20 08:50:00,2025-11-20 09:07:00,2025-11-20 09:12:00,EXTEND,short,4104.6,4108.3,4104.6,4096.5,True,2025-11-20 09:08:00,4096.5,TP,8.1,77.11,5
2025-11-20 09:40:00,2025-11-20 09:48:00,2025-11-20 09:50:00,EXTEND,short,4095.4,4099.0,4095.4,4085.8,True,2025-11-20 09:49:00,4095.4,BE,0.0,-4.0,2
2025-11-20 11:40:00,2025-11-20 12:02:00,2025-11-20 12:03:00,EXTEND,short,4067.2,4077.7,4067.2,4057.4,True,2025-11-20 12:03:00,4067.4,BE,-0.2,-6.0,1
2025-11-20 12:50:00,2025-11-20 12:55:00,2025-11-20 12:56:00,MSS,long,4078.8,4071.7,4078.8,4080.1,True,2025-11-20 12:56:00,4078.8,BE,0.0,-4.0,1
2025-11-20 14:05:00,2025-11-20 14:15:00,2025-11-20 14:16:00,MSS,long,4073.3,4063.5,4073.3,4080.3,True,2025-11-20 14:16:00,4073.1,BE,-0.2,-6.0,1
2025-11-20 14:25:00,2025-11-20 14:42:00,2025-11-20 14:47:00,MSS,short,4068.0,4076.7,4068.0,4052.4,True,2025-11-20 14:43:00,4068.0,BE,0.0,-4.0,5
2025-11-20 15:20:00,2025-11-20 15:25:00,2025-11-20 15:26:00,MSS,short,4059.6,4075.3,4059.6,4054.3,True,2025-11-20 15:26:00,4059.8,BE,-0.2,-6.0,1
2025-11-20 15:45:00,2025-11-20 16:01:00,2025-11-20 16:02:00,EXTEND,short,4057.3,4066.7,4057.3,4048.8,True,2025-11-20 16:02:00,4057.3,BE,0.0,-4.0,1
2025-11-20 16:20:00,2025-11-20 16:37:00,2025-11-20 16:39:00,EXTEND,short,4052.5,4066.7,4052.5,4029.6,True,2025-11-20 16:38:00,4052.5,BE,0.0,-4.0,2
2025-11-20 17:10:00,2025-11-20 17:33:00,2025-11-20 17:35:00,EXTEND,long,4059.3,4048.8,4059.3,4077.8,True,2025-11-20 17:34:00,4059.3,BE,0.0,-4.0,2
2025-11-20 19:00:00,2025-11-20 19:09:00,2025-11-20 19:10:00,MSS,short,4054.9,4066.0,4054.9,4049.4,True,2025-11-20 19:10:00,4054.9,BE,0.0,-4.0,1
2025-11-20 19:35:00,2025-11-20 19:40:00,2025-11-20 19:41:00,MSS,long,4060.5,4049.7,4060.5,4063.3,True,2025-11-20 19:41:00,4060.5,BE,0.0,-4.0,1
2025-11-20 19:40:00,2025-11-20 19:52:00,2025-11-20 19:53:00,EXTEND,long,4057.4,4049.7,4057.4,4071.5,True,2025-11-20 19:53:00,4057.4,BE,0.0,-4.0,1
2025-11-20 21:35:00,2025-11-20 21:47:00,2025-11-20 21:48:00,MSS,long,4081.9,4066.1,4081.9,4104.6,True,2025-11-20 21:48:00,4081.8,BE,-0.1,-5.0,1
2025-11-20 22:50:00,2025-11-20 23:09:00,2025-11-20 23:11:00,EXTEND,long,4088.0,4073.2,4088.0,4116.0,True,2025-11-20 23:10:00,4088.0,BE,0.0,-4.0,2
2025-11-21 00:00:00,2025-11-21 00:12:00,2025-11-21 00:13:00,EXTEND,short,4075.5,4088.5,4075.5,4061.7,True,2025-11-21 00:13:00,4075.6,BE,-0.1,-5.0,1
2025-11-21 00:40:00,2025-11-21 00:49:00,2025-11-21 00:50:00,BOS,short,4060.4,4067.1,4060.4,4052.9,True,2025-11-21 00:50:00,4060.4,BE,0.0,-4.0,1
2025-11-21 01:05:00,2025-11-21 01:25:00,2025-11-21 01:26:00,EXTEND,short,4054.2,4066.0,4054.2,4036.4,True,2025-11-21 01:26:00,4054.3,BE,-0.1,-5.0,1
2025-11-21 02:05:00,2025-11-21 02:23:00,2025-11-21 02:24:00,EXTEND,long,4060.2,4048.4,4060.2,4078.0,True,2025-11-21 02:24:00,4060.2,BE,0.0,-4.0,1
2025-11-21 07:15:00,2025-11-21 07:21:00,2025-11-21 07:22:00,EXTEND,long,4083.2,4071.7,4083.2,4089.7,True,2025-11-21 07:22:00,4083.2,BE,0.0,-4.0,1
2025-11-21 07:45:00,2025-11-21 07:54:00,2025-11-21 08:00:00,EXTEND,long,4078.1,4076.5,4076.5,4092.8,False,,4076.5,SL,-1.6,-20.0,6
2025-11-21 08:25:00,2025-11-21 08:51:00,2025-11-21 09:00:00,EXTEND,short,4076.2,4081.2,4076.2,4067.6,True,2025-11-21 08:52:00,4067.6,TP,8.6,81.89,9
2025-11-21 09:45:00,2025-11-21 09:52:00,2025-11-21 09:53:00,MSS,long,4070.2,4060.2,4070.2,4070.9,True,2025-11-21 09:53:00,4070.2,BE,0.0,-4.0,1
2025-11-21 10:15:00,2025-11-21 10:34:00,2025-11-21 10:35:00,MSS,short,4075.9,4075.0,4075.0,4062.7,False,,4075.6,SL,0.3,-1.0,1
2025-11-21 11:20:00,2025-11-21 11:44:00,2025-11-21 11:47:00,EXTEND,short,4053.1,4056.0,4053.1,4046.0,True,2025-11-21 11:45:00,4053.1,BE,0.0,-4.0,3
2025-11-21 12:10:00,2025-11-21 12:16:00,2025-11-21 12:31:00,EXTEND,long,4053.5,4051.0,4053.5,4063.2,True,2025-11-21 12:25:00,4053.5,BE,0.0,-4.0,15
2025-11-21 12:40:00,2025-11-21 13:08:00,2025-11-21 13:11:00,EXTEND,short,4053.4,4058.3,4053.4,4041.9,True,2025-11-21 13:10:00,4053.4,BE,0.0,-4.0,3
2025-11-21 13:55:00,2025-11-21 14:00:00,2025-11-21 14:01:00,MSS,long,4058.8,4037.3,4058.8,4062.7,True,2025-11-21 14:01:00,4058.8,BE,0.0,-4.0,1
2025-11-21 14:00:00,2025-11-21 14:21:00,2025-11-21 14:28:00,EXTEND,long,4042.9,4037.3,4037.3,4070.4,False,,4037.3,SL,-5.6,-60.0,7
2025-11-21 15:00:00,2025-11-21 15:18:00,2025-11-21 15:22:00,EXTEND,short,4032.1,4038.2,4032.1,4016.4,True,2025-11-21 15:19:00,4032.1,BE,0.0,-4.0,4
2025-11-21 16:00:00,2025-11-21 16:09:00,2025-11-21 16:13:00,EXTEND,short,4031.8,4038.2,4031.8,4013.8,True,2025-11-21 16:11:00,4031.8,BE,0.0,-4.0,4
2025-11-21 17:00:00,2025-11-21 17:08:00,2025-11-21 17:09:00,MSS,long,4046.6,4035.4,4046.6,4047.6,True,2025-11-21 17:09:00,4047.6,TP,1.0,5.92,1
2025-11-21 19:05:00,2025-11-21 19:19:00,2025-11-21 19:25:00,MSS,long,4036.5,4032.6,4036.5,4047.2,True,2025-11-21 19:23:00,4036.5,BE,0.0,-4.0,6
2025-11-21 19:50:00,2025-11-21 20:11:00,2025-11-21 20:20:00,EXTEND,short,4039.2,4044.1,4044.1,4023.7,False,,4044.1,SL,-4.9,-53.0,9
2025-11-21 22:15:00,2025-11-21 22:20:00,2025-11-21 22:21:00,MSS,short,4068.9,4083.0,4068.9,4065.2,True,2025-11-21 22:21:00,4069.1,BE,-0.2,-6.0,1
2025-11-21 22:50:00,2025-11-21 23:00:00,2025-11-21 23:01:00,MSS,long,4072.7,4060.2,4072.7,4078.1,True,2025-11-21 23:01:00,4072.5,BE,-0.2,-6.0,1
2025-11-21 23:00:00,2025-11-21 23:09:00,2025-11-21 23:10:00,EXTEND,long,4070.7,4060.2,4070.7,4080.4,True,2025-11-21 23:10:00,4070.7,BE,0.0,-4.0,1
2025-11-21 23:40:00,2025-11-21 23:48:00,2025-11-21 23:55:00,EXTEND,short,4067.1,4075.6,4067.1,4047.2,True,2025-11-21 23:49:00,4067.1,BE,0.0,-4.0,7
2025-11-22 02:30:00,2025-11-22 02:40:00,2025-11-22 02:44:00,EXTEND,short,4078.0,4084.1,4078.0,4073.2,True,2025-11-22 02:41:00,4078.0,BE,0.0,-4.0,4
2025-11-24 07:10:00,2025-11-24 07:37:00,2025-11-24 07:42:00,EXTEND,long,4065.9,4060.6,4065.9,4078.5,True,2025-11-24 07:41:00,4065.9,BE,0.0,-4.0,5
2025-11-24 09:05:00,2025-11-24 09:11:00,2025-11-24 09:12:00,MSS,short,4049.5,4070.7,4049.5,4047.3,True,2025-11-24 09:12:00,4049.6,BE,-0.1,-5.0,1
2025-11-24 10:45:00,2025-11-24 10:53:00,2025-11-24 10:54:00,MSS,short,4038.8,4048.8,4038.8,4038.3,True,2025-11-24 10:54:00,4038.8,BE,0.0,-4.0,1
2025-11-24 10:55:00,2025-11-24 11:07:00,2025-11-24 11:27:00,EXTEND,short,4044.4,4048.8,4044.4,4034.2,True,2025-11-24 11:15:00,4044.4,BE,0.0,-4.0,20
2025-11-24 11:35:00,2025-11-24 11:56:00,2025-11-24 11:58:00,EXTEND,long,4047.6,4040.9,4047.6,4058.8,True,2025-11-24 11:58:00,4047.6,BE,0.0,-4.0,2
2025-11-24 12:10:00,2025-11-24 12:25:00,2025-11-24 12:32:00,BOS,long,4048.8,4045.3,4045.3,4062.2,False,,4045.3,SL,-3.5,-39.0,7
2025-11-24 13:45:00,2025-11-24 13:52:00,2025-11-24 13:53:00,MSS,short,4038.8,4046.0,4038.8,4035.5,True,2025-11-24 13:53:00,4038.8,BE,0.0,-4.0,1
2025-11-24 14:40:00,2025-11-24 14:56:00,2025-11-24 14:57:00,EXTEND,long,4050.7,4044.6,4050.7,4057.3,True,2025-11-24 14:57:00,4050.7,BE,0.0,-4.0,1
2025-11-24 15:30:00,2025-11-24 15:36:00,2025-11-24 15:37:00,MSS,long,4055.5,4048.2,4055.5,4058.5,True,2025-11-24 15:37:00,4055.3,BE,-0.2,-6.0,1
2025-11-24 17:10:00,2025-11-24 17:26:00,2025-11-24 17:27:00,EXTEND,long,4066.8,4059.2,4066.8,4075.1,True,2025-11-24 17:27:00,4066.6,BE,-0.2,-6.0,1
2025-11-24 17:40:00,2025-11-24 17:49:00,2025-11-24 17:52:00,EXTEND,long,4066.5,4063.9,4063.9,4071.6,False,,4063.9,SL,-2.6,-30.0,3
2025-11-24 18:20:00,2025-11-24 18:28:00,2025-11-24 18:29:00,MSS,short,4066.7,4073.5,4066.7,4062.6,True,2025-11-24 18:29:00,4066.7,BE,0.0,-4.0,1
2025-11-24 19:00:00,2025-11-24 19:22:00,2025-11-24 19:28:00,EXTEND,short,4065.5,4068.3,4065.5,4057.9,True,2025-11-24 19:28:00,4065.5,BE,0.0,-4.0,6
2025-11-24 20:05:00,2025-11-24 20:15:00,2025-11-24 20:17:00,EXTEND,long,4066.4,4065.3,4065.3,4072.5,False,,4065.3,SL,-1.1,-15.0,2
2025-11-24 21:50:00,2025-11-24 22:04:00,2025-11-24 22:09:00,EXTEND,short,4076.5,4084.0,4076.5,4067.0,True,2025-11-24 22:05:00,4076.5,BE,0.0,-4.0,5
2025-11-24 22:50:00,2025-11-24 22:55:00,2025-11-24 22:56:00,MSS,long,4081.6,4065.9,4081.6,4087.1,True,2025-11-24 22:56:00,4081.6,BE,0.0,-4.0,1
2025-11-25 00:10:00,2025-11-25 00:20:00,2025-11-25 00:21:00,BOS,long,4092.6,4087.4,4092.6,4096.4,True,2025-11-25 00:21:00,4092.4,BE,-0.2,-6.0,1
2025-11-25 01:15:00,2025-11-25 01:41:00,2025-11-25 01:50:00,EXTEND,short,4093.6,4098.9,4098.9,4084.3,False,,4098.9,SL,-5.3,-57.0,9
2025-11-25 02:05:00,2025-11-25 02:34:00,2025-11-25 02:36:00,EXTEND,short,4097.7,4098.9,4098.9,4083.0,False,,4098.9,SL,-1.2,-16.0,2
2025-11-25 03:15:00,2025-11-25 03:20:00,2025-11-25 03:21:00,EXTEND,short,4117.0,4123.4,4117.0,4111.0,True,2025-11-25 03:21:00,4117.1,BE,-0.1,-5.0,1
2025-11-25 03:35:00,2025-11-25 03:53:00,2025-11-25 03:54:00,EXTEND,short,4117.7,4123.4,4117.7,4110.1,True,2025-11-25 03:54:00,4117.9,BE,-0.2,-6.0,1
2025-11-25 07:10:00,2025-11-25 07:18:00,2025-11-25 07:19:00,MSS,short,4128.1,4136.9,4128.1,4120.0,True,2025-11-25 07:19:00,4128.1,BE,0.0,-4.0,1
2025-11-25 07:55:00,2025-11-25 08:19:00,2025-11-25 08:28:00,EXTEND,long,4133.8,4126.8,4133.8,4147.0,True,2025-11-25 08:20:00,4133.8,BE,0.0,-4.0,9
2025-11-25 08:35:00,2025-11-25 08:43:00,2025-11-25 08:44:00,EXTEND,short,4131.2,4137.8,4131.2,4126.6,True,2025-11-25 08:44:00,4131.6,BE,-0.4,-8.0,1
2025-11-25 09:00:00,2025-11-25 09:07:00,2025-11-25 09:08:00,EXTEND,short,4128.0,4134.6,4128.0,4117.8,True,2025-11-25 09:08:00,4128.0,BE,0.0,-4.0,1
2025-11-25 09:35:00,2025-11-25 09:43:00,2025-11-25 09:44:00,MSS,long,4135.5,4120.3,4135.5,4140.6,True,2025-11-25 09:44:00,4135.5,BE,0.0,-4.0,1
2025-11-25 10:05:00,2025-11-25 10:13:00,2025-11-25 10:14:00,EXTEND,long,4135.2,4129.8,4135.2,4142.1,True,2025-11-25 10:14:00,4135.2,BE,0.0,-4.0,1
2025-11-25 10:45:00,2025-11-25 11:26:00,2025-11-25 11:28:00,EXTEND,long,4141.7,4133.2,4141.7,4157.3,True,2025-11-25 11:27:00,4141.7,BE,0.0,-4.0,2
2025-11-25 12:00:00,2025-11-25 12:08:00,2025-11-25 12:11:00,MSS,short,4141.0,4142.7,4141.0,4134.8,True,2025-11-25 12:09:00,4141.0,BE,0.0,-4.0,3
2025-11-25 12:45:00,2025-11-25 12:51:00,2025-11-25 12:52:00,MSS,short,4140.2,4145.7,4140.2,4138.6,True,2025-11-25 12:52:00,4140.2,BE,0.0,-4.0,1
2025-11-25 12:55:00,2025-11-25 13:12:00,2025-11-25 13:20:00,EXTEND,short,4143.9,4145.7,4143.9,4135.3,True,2025-11-25 13:17:00,4143.9,BE,0.0,-4.0,8
2025-11-25 13:55:00,2025-11-25 14:03:00,2025-11-25 14:04:00,EXTEND,long,4145.5,4140.2,4145.5,4151.6,True,2025-11-25 14:04:00,4145.5,BE,0.0,-4.0,1
2025-11-25 14:05:00,2025-11-25 14:15:00,2025-11-25 14:20:00,BOS,long,4146.2,4143.6,4143.6,4151.2,False,,4143.6,SL,-2.6,-30.0,5
2025-11-25 14:40:00,2025-11-25 14:57:00,2025-11-25 14:59:00,BOS,short,4138.8,4141.0,4138.8,4134.8,True,2025-11-25 14:58:00,4138.8,BE,0.0,-4.0,2
2025-11-25 15:05:00,2025-11-25 15:13:00,2025-11-25 15:14:00,EXTEND,long,4139.7,4136.1,4139.7,4144.6,True,2025-11-25 15:14:00,4139.7,BE,0.0,-4.0,1
2025-11-25 15:55:00,2025-11-25 16:19:00,2025-11-25 16:27:00,EXTEND,short,4134.5,4140.8,4134.5,4122.4,True,2025-11-25 16:21:00,4134.5,BE,0.0,-4.0,8
2025-11-25 16:50:00,2025-11-25 17:07:00,2025-11-25 17:15:00,BOS,short,4119.1,4126.4,4126.4,4100.6,False,,4126.4,SL,-7.3,-77.0,8
2025-11-25 18:15:00,2025-11-25 18:27:00,2025-11-25 18:28:00,EXTEND,long,4129.2,4122.6,4129.2,4139.7,True,2025-11-25 18:28:00,4129.2,BE,0.0,-4.0,1
2025-11-25 20:15:00,2025-11-25 20:27:00,2025-11-25 20:28:00,BOS,long,4131.3,4132.0,4132.0,4136.7,False,,4130.7,SL,-0.6,-10.0,1
2025-11-25 20:25:00,2025-11-25 20:42:00,2025-11-25 20:43:00,MSS,short,4127.4,4135.7,4127.4,4127.4,True,2025-11-25 20:43:00,4127.4,BE,0.0,-4.0,1
2025-11-25 20:45:00,2025-11-25 20:53:00,2025-11-25 20:54:00,EXTEND,short,4120.1,4132.8,4120.1,4106.5,True,2025-11-25 20:54:00,4120.3,BE,-0.2,-6.0,1
2025-11-25 21:50:00,2025-11-25 22:08:00,2025-11-25 22:15:00,EXTEND,long,4138.1,4134.2,4138.1,4150.6,True,2025-11-25 22:11:00,4138.1,BE,0.0,-4.0,7
2025-11-25 23:50:00,2025-11-25 23:55:00,2025-11-25 23:56:00,MSS,short,4118.6,4129.3,4118.6,4115.3,True,2025-11-25 23:56:00,4119.0,BE,-0.4,-8.0,1
2025-11-25 23:55:00,2025-11-26 00:08:00,2025-11-26 00:13:00,EXTEND,short,4124.6,4129.3,4124.6,4113.7,True,2025-11-26 00:09:00,4124.6,BE,0.0,-4.0,5
2025-11-26 01:00:00,2025-11-26 01:09:00,2025-11-26 01:10:00,MSS,long,4147.5,4130.5,4147.5,4152.7,True,2025-11-26 01:10:00,4147.1,BE,-0.4,-8.0,1
2025-11-26 01:30:00,2025-11-26 01:44:00,2025-11-26 01:45:00,BOS,long,4149.0,4141.8,4149.0,4160.1,True,2025-11-26 01:45:00,4149.0,BE,0.0,-4.0,1
2025-11-26 02:55:00,2025-11-26 03:15:00,2025-11-26 03:16:00,EXTEND,short,4133.8,4143.4,4133.8,4124.1,True,2025-11-26 03:16:00,4134.0,BE,-0.2,-6.0,1
2025-11-26 07:15:00,2025-11-26 07:33:00,2025-11-26 07:45:00,EXTEND,long,4128.6,4126.1,4128.6,4136.0,True,2025-11-26 07:35:00,4128.6,BE,0.0,-4.0,11
2025-11-26 08:55:00,2025-11-26 09:04:00,2025-11-26 09:05:00,MSS,long,4138.4,4131.8,4138.4,4143.9,True,2025-11-26 09:05:00,4137.7,BE,-0.7,-11.0,1
2025-11-26 10:05:00,2025-11-26 10:13:00,2025-11-26 10:18:00,BOS,long,4149.5,4144.8,4149.5,4152.7,True,2025-11-26 10:16:00,4152.7,TP,3.2,27.74,5
2025-11-26 11:10:00,2025-11-26 11:26:00,2025-11-26 11:28:00,BOS,long,4162.0,4157.9,4162.0,4168.8,True,2025-11-26 11:27:00,4162.0,BE,0.0,-4.0,2
2025-11-26 11:35:00,2025-11-26 11:41:00,2025-11-26 11:42:00,MSS,long,4164.3,4160.9,4164.3,4165.5,True,2025-11-26 11:42:00,4163.6,BE,-0.7,-11.0,1
2025-11-26 11:45:00,2025-11-26 12:03:00,2025-11-26 12:04:00,EXTEND,long,4160.7,4160.9,4160.9,4169.3,False,,4160.2,SL,-0.5,-9.0,1
2025-11-26 14:35:00,2025-11-26 15:07:00,2025-11-26 15:12:00,EXTEND,short,4149.9,4156.4,4149.9,4140.7,True,2025-11-26 15:10:00,4150.7,BE,-0.8,-12.0,3
2025-11-26 16:25:00,2025-11-26 16:35:00,2025-11-26 16:36:00,EXTEND,long,4160.1,4154.4,4160.1,4168.1,True,2025-11-26 16:36:00,4160.1,BE,0.0,-4.0,1
2025-11-26 16:50:00,2025-11-26 17:08:00,2025-11-26 17:31:00,EXTEND,short,4158.3,4165.2,4158.3,4149.2,True,2025-11-26 17:09:00,4159.0,BE,-0.7,-11.0,13
2025-11-26 18:45:00,2025-11-26 18:55:00,2025-11-26 18:59:00,BOS,short,4156.5,4157.8,4156.5,4151.6,True,2025-11-26 18:58:00,4156.9,BE,-0.4,-8.0,3
2025-11-26 20:25:00,2025-11-26 20:32:00,2025-11-26 20:33:00,MSS,short,4159.0,4171.4,4159.0,4154.0,True,2025-11-26 20:33:00,4159.1,BE,-0.1,-5.0,1
2025-11-26 20:45:00,2025-11-26 21:29:00,2025-11-26 22:08:00,EXTEND,short,4162.4,4171.4,4162.4,4138.4,True,2025-11-26 21:30:00,4138.4,TP,24.0,236.2,37
2025-11-26 22:30:00,2025-11-26 22:35:00,2025-11-26 22:36:00,MSS,long,4150.1,4139.0,4150.1,4153.5,True,2025-11-26 22:36:00,4150.1,BE,0.0,-4.0,1
2025-11-26 22:35:00,2025-11-26 23:03:00,2025-11-26 23:04:00,EXTEND,long,4140.9,4139.0,4139.0,4154.9,False,,4139.0,SL,-1.9,-23.0,1
2025-11-26 23:55:00,2025-11-27 00:02:00,2025-11-27 00:04:00,BOS,long,4160.3,4155.5,4160.3,4165.3,True,2025-11-27 00:03:00,4160.1,BE,-0.2,-6.0,2
2025-11-27 00:00:00,2025-11-27 00:09:00,2025-11-27 00:10:00,EXTEND,long,4160.0,4155.5,4160.0,4165.4,True,2025-11-27 00:10:00,4159.8,BE,-0.2,-6.0,1
2025-11-27 01:20:00,2025-11-27 02:03:00,2025-11-27 02:06:00,BOS,long,4166.7,4162.3,4166.7,4168.7,True,2025-11-27 02:05:00,4166.6,BE,-0.1,-5.0,2
2025-12-30 09:05:00,2025-12-30 09:19:00,2025-12-30 09:20:00,EXTEND,short,4356.1,4356.0,4356.0,4334.4,False,,4356.5,SL,-0.4,-8.0,1
2025-12-30 11:50:00,2025-12-30 11:57:00,2025-12-30 11:58:00,MSS,short,4371.4,4379.3,4371.4,4369.9,True,2025-12-30 11:58:00,4371.7,BE,-0.3,-7.0,1
2025-12-30 11:55:00,2025-12-30 12:04:00,2025-12-30 12:05:00,EXTEND,short,4374.9,4379.3,4374.9,4368.4,True,2025-12-30 12:05:00,4375.0,BE,-0.1,-5.0,1
2025-12-30 12:40:00,2025-12-30 12:56:00,2025-12-30 13:01:00,EXTEND,long,4378.6,4376.1,4376.1,4386.1,False,,4376.1,SL,-2.5,-29.0,5
2025-12-30 13:05:00,2025-12-30 13:18:00,2025-12-30 13:20:00,MSS,short,4377.2,4379.4,4379.4,4371.7,False,,4379.4,SL,-2.2,-26.0,2
2025-12-30 14:40:00,2025-12-30 14:51:00,2025-12-30 14:52:00,EXTEND,short,4379.9,4384.6,4379.9,4372.4,True,2025-12-30 14:52:00,4379.9,BE,0.0,-4.0,1
2025-12-30 15:10:00,2025-12-30 15:15:00,2025-12-30 15:16:00,MSS,long,4386.2,4374.5,4386.2,4386.4,True,2025-12-30 15:16:00,4386.2,BE,0.0,-4.0,1
2025-12-30 16:00:00,2025-12-30 16:14:00,2025-12-30 16:15:00,MSS,short,4386.6,4398.5,4386.6,4373.4,True,2025-12-30 16:15:00,4386.7,BE,-0.1,-5.0,1
2025-12-30 17:55:00,2025-12-30 18:06:00,2025-12-30 18:07:00,EXTEND,long,4387.6,4382.8,4387.6,4391.3,True,2025-12-30 18:07:00,4387.6,BE,0.0,-4.0,1
2025-12-30 19:10:00,2025-12-30 19:49:00,2025-12-30 19:58:00,EXTEND,long,4399.4,4394.4,4399.4,4409.1,True,2025-12-30 19:57:00,4399.4,BE,0.0,-4.0,9
2025-12-30 20:40:00,2025-12-30 20:54:00,2025-12-30 20:55:00,EXTEND,long,4415.4,4407.5,4415.4,4421.9,True,2025-12-30 20:55:00,4415.4,BE,0.0,-4.0,1
2025-12-30 21:20:00,2025-12-30 21:27:00,2025-12-30 21:28:00,EXTEND,short,4409.9,4420.5,4409.9,4401.4,True,2025-12-30 21:28:00,4410.0,BE,-0.1,-5.0,1
2025-12-30 21:40:00,2025-12-30 22:02:00,2025-12-30 22:05:00,EXTEND,short,4402.4,4413.7,4402.4,4384.9,True,2025-12-30 22:03:00,4402.4,BE,0.0,-4.0,3
2025-12-30 22:35:00,2025-12-30 22:40:00,2025-12-30 22:41:00,MSS,short,4385.5,4407.8,4385.5,4384.3,True,2025-12-30 22:41:00,4385.5,BE,0.0,-4.0,1
2025-12-30 22:45:00,2025-12-30 23:21:00,2025-12-30 23:22:00,EXTEND,short,4389.0,4407.8,4389.0,4360.7,True,2025-12-30 23:22:00,4389.0,BE,0.0,-4.0,1
2025-12-31 00:10:00,2025-12-31 00:30:00,2025-12-31 00:41:00,EXTEND,short,4381.5,4387.5,4381.5,4367.1,True,2025-12-31 00:38:00,4381.5,BE,0.0,-4.0,11
2025-12-31 01:00:00,2025-12-31 01:23:00,2025-12-31 01:35:00,EXTEND,long,4387.2,4378.3,4387.2,4403.1,True,2025-12-31 01:24:00,4387.2,BE,0.0,-4.0,12
2025-12-31 01:45:00,2025-12-31 02:08:00,2025-12-31 03:33:00,MSS,short,4390.4,4392.6,4390.4,4376.2,True,2025-12-31 02:15:00,4376.2,TP,14.2,137.83,85
2025-12-31 07:35:00,2025-12-31 07:41:00,2025-12-31 08:00:00,EXTEND,short,4352.0,4359.5,4352.0,4333.5,True,2025-12-31 07:46:00,4352.0,BE,0.0,-4.0,19
2025-12-31 08:25:00,2025-12-31 08:43:00,2025-12-31 08:44:00,BOS,short,4356.2,4355.2,4355.2,4341.9,False,,4356.2,SL,0.0,-4.0,1
2025-12-31 10:30:00,2025-12-31 10:45:00,2025-12-31 10:49:00,EXTEND,short,4379.0,4383.4,4379.0,4365.6,True,2025-12-31 10:47:00,4365.6,TP,13.4,129.8,4
2025-12-31 11:20:00,2025-12-31 11:35:00,2025-12-31 11:38:00,BOS,short,4362.6,4371.7,4362.6,4347.3,True,2025-12-31 11:38:00,4362.6,BE,0.0,-4.0,3
2025-12-31 13:05:00,2025-12-31 13:30:00,2025-12-31 13:40:00,EXTEND,short,4352.6,4360.7,4352.6,4335.8,True,2025-12-31 13:31:00,4335.8,TP,16.8,163.92,10
2025-12-31 15:45:00,2025-12-31 15:53:00,2025-12-31 15:54:00,MSS,short,4340.0,4346.3,4340.0,4337.4,True,2025-12-31 15:54:00,4340.2,BE,-0.2,-6.0,1
2025-12-31 15:50:00,2025-12-31 16:02:00,2025-12-31 16:03:00,EXTEND,short,4340.9,4346.3,4340.9,4336.1,True,2025-12-31 16:03:00,4340.9,BE,0.0,-4.0,1
2025-12-31 16:55:00,2025-12-31 17:09:00,2025-12-31 17:11:00,EXTEND,short,4327.8,4339.6,4327.8,4309.1,True,2025-12-31 17:10:00,4327.8,BE,0.0,-4.0,2
2025-12-31 18:25:00,2025-12-31 18:30:00,2025-12-31 18:31:00,MSS,short,4321.7,4343.3,4321.7,4328.8,True,2025-12-31 18:31:00,4321.8,BE,-0.1,-5.0,1
2025-12-31 19:50:00,2025-12-31 20:07:00,2025-12-31 20:10:00,EXTEND,long,4322.1,4320.6,4320.6,4332.0,False,,4320.6,SL,-1.5,-19.0,3
2025-12-31 20:35:00,2025-12-31 20:43:00,2025-12-31 20:44:00,MSS,long,4330.1,4314.6,4330.1,4331.2,True,2025-12-31 20:44:00,4330.0,BE,-0.1,-5.0,1
2025-12-31 21:05:00,2025-12-31 21:10:00,2025-12-31 21:11:00,MSS,short,4322.5,4329.5,4322.5,4317.7,True,2025-12-31 21:11:00,4322.6,BE,-0.1,-5.0,1
2025-12-31 22:35:00,2025-12-31 22:42:00,2025-12-31 23:03:00,EXTEND,long,4352.9,4346.1,4352.9,4367.8,True,2025-12-31 22:43:00,4352.9,BE,0.0,-4.0,21
2025-12-31 23:30:00,2025-12-31 23:42:00,2025-12-31 23:54:00,EXTEND,long,4347.4,4340.5,4347.4,4360.1,True,2025-12-31 23:52:00,4347.4,BE,0.0,-4.0,12
2026-01-01 00:45:00,2026-01-01 01:03:00,2026-01-01 01:32:00,EXTEND,short,4339.4,4343.7,4339.4,4327.2,True,2026-01-01 01:06:00,4339.4,BE,0.0,-4.0,29
2026-01-01 01:55:00,2026-01-01 02:03:00,2026-01-01 02:04:00,MSS,short,4338.2,4340.7,4338.2,4331.8,True,2026-01-01 02:04:00,4338.2,BE,0.0,-4.0,1
2026-01-01 02:15:00,2026-01-01 02:27:00,2026-01-01 02:28:00,EXTEND,long,4340.7,4333.7,4340.7,4349.2,True,2026-01-01 02:28:00,4340.7,BE,0.0,-4.0,1
2026-01-01 02:30:00,2026-01-01 02:42:00,2026-01-01 02:43:00,MSS,short,4336.5,4342.9,4336.5,4328.9,True,2026-01-01 02:43:00,4336.5,BE,0.0,-4.0,1
2026-01-02 08:10:00,2026-01-02 08:21:00,2026-01-02 08:22:00,EXTEND,long,4360.3,4351.6,4360.3,4370.3,True,2026-01-02 08:22:00,4360.2,BE,-0.1,-5.0,1
2026-01-02 08:25:00,2026-01-02 08:39:00,2026-01-02 08:42:00,EXTEND,short,4361.5,4366.3,4361.5,4350.9,True,2026-01-02 08:41:00,4361.5,BE,0.0,-4.0,3
2026-01-02 09:05:00,2026-01-02 09:14:00,2026-01-02 09:15:00,MSS,short,4359.6,4369.4,4359.6,4355.3,True,2026-01-02 09:15:00,4359.9,BE,-0.3,-7.0,1
2026-01-02 09:45:00,2026-01-02 09:50:00,2026-01-02 09:51:00,MSS,long,4366.4,4358.9,4366.4,4367.4,True,2026-01-02 09:51:00,4366.3,BE,-0.1,-5.0,1
2026-01-02 09:50:00,2026-01-02 10:01:00,2026-01-02 10:05:00,EXTEND,long,4363.0,4358.9,4363.0,4370.1,True,2026-01-02 10:02:00,4363.0,BE,0.0,-4.0,4
2026-01-02 10:25:00,2026-01-02 10:31:00,2026-01-02 10:32:00,EXTEND,short,4358.6,4365.7,4358.6,4356.2,True,2026-01-02 10:32:00,4358.7,BE,-0.1,-5.0,1
2026-01-02 12:00:00,2026-01-02 12:26:00,2026-01-02 12:27:00,BOS,long,4387.9,4384.1,4387.9,4392.7,True,2026-01-02 12:27:00,4387.7,BE,-0.2,-6.0,1
2026-01-02 14:00:00,2026-01-02 14:05:00,2026-01-02 14:06:00,MSS,short,4389.1,4394.8,4389.1,4388.6,True,2026-01-02 14:06:00,4389.1,BE,0.0,-4.0,1
2026-01-02 14:15:00,2026-01-02 14:22:00,2026-01-02 14:23:00,EXTEND,short,4390.1,4394.8,4390.1,4384.1,True,2026-01-02 14:23:00,4390.1,BE,0.0,-4.0,1
2026-01-02 14:25:00,2026-01-02 14:41:00,2026-01-02 14:42:00,EXTEND,long,4389.5,4386.4,4389.5,4394.8,True,2026-01-02 14:42:00,4389.5,BE,0.0,-4.0,1
2026-01-02 15:20:00,2026-01-02 15:27:00,2026-01-02 15:28:00,MSS,short,4385.7,4390.3,4385.7,4382.4,True,2026-01-02 15:28:00,4385.7,BE,0.0,-4.0,1
2026-01-02 15:35:00,2026-01-02 15:46:00,2026-01-02 15:47:00,EXTEND,long,4389.6,4384.1,4389.6,4395.1,True,2026-01-02 15:47:00,4389.6,BE,0.0,-4.0,1
2026-01-02 16:10:00,2026-01-02 16:23:00,2026-01-02 16:25:00,EXTEND,long,4395.6,4392.6,4395.6,4400.2,True,2026-01-02 16:24:00,4395.6,BE,0.0,-4.0,2
2026-01-02 16:45:00,2026-01-02 17:02:00,2026-01-02 17:03:00,EXTEND,long,4401.3,4393.6,4401.3,4413.7,True,2026-01-02 17:03:00,4401.3,BE,0.0,-4.0,1
2026-01-02 17:20:00,2026-01-02 17:31:00,2026-01-02 17:40:00,MSS,short,4400.4,4404.0,4400.4,4392.7,True,2026-01-02 17:38:00,4400.4,BE,0.0,-4.0,9
2026-01-02 17:55:00,2026-01-02 18:03:00,2026-01-02 18:04:00,BOS,short,4399.2,4401.7,4399.2,4395.9,True,2026-01-02 18:04:00,4399.2,BE,0.0,-4.0,1
2026-01-02 18:00:00,2026-01-02 18:06:00,2026-01-02 18:07:00,EXTEND,short,4398.7,4401.7,4398.7,4395.2,True,2026-01-02 18:07:00,4398.7,BE,0.0,-4.0,1
2026-01-02 20:05:00,2026-01-02 20:10:00,2026-01-02 20:11:00,MSS,long,4409.6,4402.9,4409.6,4410.6,True,2026-01-02 20:11:00,4409.5,BE,-0.1,-5.0,1
2026-01-02 20:20:00,2026-01-02 20:32:00,2026-01-02 20:34:00,EXTEND,long,4406.4,4402.9,4406.4,4412.7,True,2026-01-02 20:33:00,4406.3,BE,-0.1,-5.0,2
2026-01-02 20:40:00,2026-01-02 21:00:00,2026-01-02 21:11:00,MSS,short,4405.2,4410.6,4410.6,4393.7,False,,4410.6,SL,-5.4,-58.0,11
2026-01-02 21:20:00,2026-01-02 21:29:00,2026-01-02 21:30:00,MSS,short,4386.7,4415.0,4386.7,4384.6,True,2026-01-02 21:30:00,4386.7,BE,0.0,-4.0,1
2026-01-03 01:55:00,2026-01-03 02:00:00,2026-01-03 02:01:00,MSS,short,4332.2,4338.7,4332.2,4331.0,True,2026-01-03 02:01:00,4331.0,TP,1.2,8.47,1
2026-01-03 02:15:00,2026-01-03 02:29:00,2026-01-03 02:30:00,EXTEND,short,4329.0,4338.7,4329.0,4316.1,True,2026-01-03 02:30:00,4329.1,BE,-0.1,-5.0,1
2026-01-03 02:40:00,2026-01-03 03:06:00,2026-01-03 03:07:00,EXTEND,short,4329.3,4338.7,4329.3,4314.3,True,2026-01-03 03:07:00,4329.3,BE,0.0,-4.0,1
2026-01-03 03:40:00,2026-01-03 03:47:00,2026-01-03 03:48:00,EXTEND,long,4331.8,4326.4,4331.8,4339.0,True,2026-01-03 03:48:00,4331.8,BE,0.0,-4.0,1
2026-01-05 09:05:00,2026-01-05 09:14:00,2026-01-05 09:16:00,EXTEND,long,4412.3,4394.6,4412.3,4440.7,True,2026-01-05 09:15:00,4412.3,BE,0.0,-4.0,2
2026-01-05 10:05:00,2026-01-05 10:33:00,2026-01-05 10:34:00,MSS,short,4413.6,4414.4,4414.4,4392.4,False,,4414.4,SL,-0.8,-12.0,1
2026-01-05 11:05:00,2026-01-05 11:36:00,2026-01-05 11:48:00,EXTEND,long,4415.0,4407.4,4415.0,4427.8,True,2026-01-05 11:38:00,4415.0,BE,0.0,-4.0,12
2026-01-05 12:20:00,2026-01-05 12:27:00,2026-01-05 12:28:00,MSS,long,4414.3,4407.6,4414.3,4417.8,True,2026-01-05 12:28:00,4414.3,BE,0.0,-4.0,1
2026-01-05 13:25:00,2026-01-05 13:33:00,2026-01-05 13:34:00,BOS,long,4421.0,4416.0,4421.0,4423.6,True,2026-01-05 13:34:00,4421.0,BE,0.0,-4.0,1
2026-01-05 13:30:00,2026-01-05 13:38:00,2026-01-05 13:39:00,EXTEND,long,4420.5,4416.0,4420.5,4425.7,True,2026-01-05 13:39:00,4420.4,BE,-0.1,-5.0,1
2026-01-05 13:45:00,2026-01-05 13:55:00,2026-01-05 13:57:00,EXTEND,short,4418.2,4423.6,4418.2,4406.5,True,2026-01-05 13:56:00,4418.2,BE,0.0,-4.0,2
2026-01-05 15:40:00,2026-01-05 15:56:00,2026-01-05 15:57:00,BOS,long,4431.8,4428.1,4431.8,4436.6,True,2026-01-05 15:57:00,4431.6,BE,-0.2,-6.0,1
2026-01-05 16:50:00,2026-01-05 17:12:00,2026-01-05 17:43:00,EXTEND,long,4439.2,4433.5,4439.2,4447.0,True,2026-01-05 17:13:00,4447.0,TP,7.8,73.62,31
2026-01-05 17:40:00,2026-01-05 18:06:00,2026-01-05 18:29:00,BOS,long,4443.5,4441.7,4443.5,4451.4,True,2026-01-05 18:26:00,4443.5,BE,0.0,-4.0,23
2026-01-05 19:00:00,2026-01-05 19:05:00,2026-01-05 19:06:00,MSS,short,4442.5,4451.6,4442.5,4440.8,True,2026-01-05 19:06:00,4442.5,BE,0.0,-4.0,1
2026-01-05 19:25:00,2026-01-05 19:51:00,2026-01-05 19:53:00,EXTEND,short,4433.8,4445.4,4433.8,4415.7,True,2026-01-05 19:52:00,4433.8,BE,0.0,-4.0,2
2026-01-05 20:50:00,2026-01-05 21:08:00,2026-01-05 21:09:00,EXTEND,short,4424.0,4432.5,4424.0,4412.6,True,2026-01-05 21:09:00,4424.0,BE,0.0,-4.0,1
2026-01-05 21:30:00,2026-01-05 21:37:00,2026-01-05 21:40:00,EXTEND,short,4419.9,4424.8,4424.8,4401.8,False,,4424.8,SL,-4.9,-53.0,3
2026-01-06 01:00:00,2026-01-06 01:07:00,2026-01-06 01:08:00,MSS,short,4447.4,4465.9,4447.4,4438.3,True,2026-01-06 01:08:00,4447.7,BE,-0.3,-7.0,1
2026-01-06 01:05:00,2026-01-06 01:20:00,2026-01-06 01:34:00,EXTEND,short,4455.1,4465.9,4455.1,4437.1,True,2026-01-06 01:33:00,4455.1,BE,0.0,-4.0,14
2026-01-06 01:40:00,2026-01-06 01:50:00,2026-01-06 01:51:00,BOS,short,4453.4,4459.2,4453.4,4445.2,True,2026-01-06 01:51:00,4453.4,BE,0.0,-4.0,1
2026-01-06 02:15:00,2026-01-06 02:23:00,2026-01-06 02:25:00,EXTEND,long,4455.2,4452.3,4455.2,4461.3,True,2026-01-06 02:24:00,4455.2,BE,0.0,-4.0,2
2026-01-06 02:25:00,2026-01-06 02:40:00,2026-01-06 02:41:00,MSS,short,4454.5,4459.4,4454.5,4448.1,True,2026-01-06 02:41:00,4454.5,BE,0.0,-4.0,1
2026-01-06 03:10:00,2026-01-06 03:17:00,2026-01-06 03:18:00,EXTEND,short,4449.1,4460.7,4449.1,4441.5,True,2026-01-06 03:18:00,4449.1,BE,0.0,-4.0,1
2026-01-06 07:10:00,2026-01-06 07:18:00,2026-01-06 07:19:00,EXTEND,long,4463.6,4456.3,4463.6,4475.4,True,2026-01-06 07:19:00,4463.6,BE,0.0,-4.0,1
2026-01-06 08:40:00,2026-01-06 08:49:00,2026-01-06 08:55:00,EXTEND,short,4447.3,4453.0,4447.3,4437.6,True,2026-01-06 08:50:00,4447.3,BE,0.0,-4.0,6
2026-01-06 09:00:00,2026-01-06 09:09:00,2026-01-06 09:10:00,BOS,short,4446.5,4449.1,4449.1,4434.4,False,,4449.1,SL,-2.6,-30.0,1
2026-01-06 09:15:00,2026-01-06 09:28:00,2026-01-06 09:29:00,EXTEND,long,4447.0,4437.5,4447.0,4459.5,True,2026-01-06 09:29:00,4446.9,BE,-0.1,-5.0,1
2026-01-06 11:55:00,2026-01-06 12:03:00,2026-01-06 12:04:00,BOS,long,4477.3,4475.0,4477.3,4480.0,True,2026-01-06 12:04:00,4477.2,BE,-0.1,-5.0,1
2026-01-06 12:10:00,2026-01-06 12:21:00,2026-01-06 12:22:00,EXTEND,long,4477.0,4475.0,4477.0,4481.0,True,2026-01-06 12:22:00,4477.0,BE,0.0,-4.0,1
2026-01-06 12:50:00,2026-01-06 12:55:00,2026-01-06 12:56:00,MSS,long,4478.3,4471.5,4478.3,4479.8,True,2026-01-06 12:56:00,4478.1,BE,-0.2,-6.0,1
2026-01-06 13:40:00,2026-01-06 13:46:00,2026-01-06 13:47:00,EXTEND,short,4472.6,4485.2,4472.6,4468.7,True,2026-01-06 13:47:00,4472.6,BE,0.0,-4.0,1
2026-01-06 15:05:00,2026-01-06 15:27:00,2026-01-06 15:35:00,BOS,long,4474.2,4471.2,4474.2,4483.1,True,2026-01-06 15:31:00,4474.2,BE,0.0,-4.0,8
2026-01-06 15:55:00,2026-01-06 16:11:00,2026-01-06 16:12:00,EXTEND,short,4470.9,4477.1,4470.9,4464.0,True,2026-01-06 16:12:00,4470.9,BE,0.0,-4.0,1
2026-01-06 16:25:00,2026-01-06 16:46:00,2026-01-06 16:48:00,EXTEND,long,4476.9,4470.3,4476.9,4490.5,True,2026-01-06 16:47:00,4476.9,BE,0.0,-4.0,2
2026-01-06 18:35:00,2026-01-06 18:48:00,2026-01-06 18:59:00,MSS,long,4461.7,4458.3,4461.7,4468.1,True,2026-01-06 18:55:00,4461.7,BE,0.0,-4.0,11
2026-01-06 20:30:00,2026-01-06 20:37:00,2026-01-06 20:39:00,EXTEND,long,4472.9,4471.6,4471.6,4478.6,False,,4471.6,SL,-1.3,-17.0,2
2026-01-06 20:40:00,2026-01-06 20:58:00,2026-01-06 20:59:00,EXTEND,short,4473.3,4477.1,4473.3,4467.2,True,2026-01-06 20:59:00,4473.3,BE,0.0,-4.0,1
2026-01-06 21:00:00,2026-01-06 21:09:00,2026-01-06 21:10:00,EXTEND,long,4474.9,4470.0,4474.9,4478.3,True,2026-01-06 21:10:00,4474.9,BE,0.0,-4.0,1
2026-01-06 21:15:00,2026-01-06 21:27:00,2026-01-06 21:28:00,EXTEND,long,4470.6,4470.1,4470.1,4484.5,False,,4470.1,SL,-0.5,-9.0,1
2026-01-06 23:00:00,2026-01-06 23:06:00,2026-01-06 23:07:00,EXTEND,long,4496.9,4486.7,4496.9,4505.9,True,2026-01-06 23:07:00,4496.9,BE,0.0,-4.0,1
2026-01-06 23:35:00,2026-01-06 23:50:00,2026-01-07 00:01:00,EXTEND,short,4487.0,4492.8,4492.8,4467.7,False,,4492.8,SL,-5.8,-62.0,11
2026-01-07 01:55:00,2026-01-07 02:08:00,2026-01-07 02:09:00,EXTEND,long,4499.2,4491.4,4499.2,4505.4,True,2026-01-07 02:09:00,4499.2,BE,0.0,-4.0,1
2026-01-07 02:15:00,2026-01-07 02:30:00,2026-01-07 02:31:00,EXTEND,long,4497.6,4491.4,4497.6,4508.0,True,2026-01-07 02:31:00,4497.6,BE,0.0,-4.0,1
2026-01-07 02:30:00,2026-01-07 02:52:00,2026-01-07 02:56:00,MSS,short,4499.0,4504.5,4499.0,4489.0,True,2026-01-07 02:53:00,4499.0,BE,0.0,-4.0,4
2026-01-07 07:05:00,2026-01-07 07:14:00,2026-01-07 07:15:00,EXTEND,long,4508.5,4504.8,4508.5,4512.0,True,2026-01-07 07:15:00,4508.5,BE,0.0,-4.0,1
2026-01-07 07:25:00,2026-01-07 07:43:00,2026-01-07 07:49:00,EXTEND,long,4507.7,4505.4,4505.4,4514.0,False,,4505.4,SL,-2.3,-27.0,6
2026-01-07 08:35:00,2026-01-07 08:44:00,2026-01-07 08:46:00,BOS,short,4501.3,4505.1,4501.3,4496.7,True,2026-01-07 08:45:00,4501.3,BE,0.0,-4.0,2
2026-01-07 08:50:00,2026-01-07 09:01:00,2026-01-07 09:02:00,EXTEND,short,4495.9,4505.1,4495.9,4490.1,True,2026-01-07 09:02:00,4496.3,BE,-0.4,-8.0,1
2026-01-07 10:55:00,2026-01-07 11:17:00,2026-01-07 11:23:00,EXTEND,long,4488.1,4479.2,4488.1,4493.3,True,2026-01-07 11:18:00,4488.1,BE,0.0,-4.0,6
2026-01-07 12:35:00,2026-01-07 12:43:00,2026-01-07 12:44:00,BOS,short,4475.2,4481.7,4475.2,4470.9,True,2026-01-07 12:44:00,4475.2,BE,0.0,-4.0,1
2026-01-07 13:30:00,2026-01-07 13:38:00,2026-01-07 13:39:00,MSS,short,4462.4,4480.5,4462.4,4458.0,True,2026-01-07 13:39:00,4462.6,BE,-0.2,-6.0,1
2026-01-07 16:05:00,2026-01-07 16:14:00,2026-01-07 16:15:00,BOS,long,4475.4,4470.2,4475.4,4476.8,True,2026-01-07 16:15:00,4475.2,BE,-0.2,-6.0,1
2026-01-07 16:20:00,2026-01-07 16:27:00,2026-01-07 16:28:00,EXTEND,long,4475.3,4470.2,4475.3,4480.6,True,2026-01-07 16:28:00,4475.1,BE,-0.2,-6.0,1
2026-01-07 16:40:00,2026-01-07 16:46:00,2026-01-07 16:54:00,EXTEND,long,4478.2,4473.3,4478.2,4488.0,True,2026-01-07 16:47:00,4478.2,BE,0.0,-4.0,8
2026-01-07 17:05:00,2026-01-07 17:13:00,2026-01-07 17:14:00,EXTEND,short,4474.7,4480.5,4474.7,4466.3,True,2026-01-07 17:14:00,4474.9,BE,-0.2,-6.0,1
2026-01-07 17:55:00,2026-01-07 18:06:00,2026-01-07 18:07:00,EXTEND,long,4474.2,4469.7,4474.2,4477.2,True,2026-01-07 18:07:00,4474.2,BE,0.0,-4.0,1
2026-01-07 18:25:00,2026-01-07 18:48:00,2026-01-07 18:49:00,MSS,short,4476.5,4476.5,4476.5,4466.0,False,,4476.5,SL,0.0,-4.0,1
2026-01-07 20:25:00,2026-01-07 20:30:00,2026-01-07 20:31:00,MSS,long,4461.5,4448.5,4461.5,4462.9,True,2026-01-07 20:31:00,4461.4,BE,-0.1,-5.0,1
2026-01-07 21:10:00,2026-01-07 21:17:00,2026-01-07 21:18:00,EXTEND,short,4442.9,4459.4,4442.9,4430.4,True,2026-01-07 21:18:00,4443.0,BE,-0.1,-5.0,1
2026-01-07 22:20:00,2026-01-07 22:25:00,2026-01-07 22:26:00,MSS,short,4453.1,4463.3,4453.1,4449.2,True,2026-01-07 22:26:00,4453.1,BE,0.0,-4.0,1
2026-01-07 22:30:00,2026-01-07 22:37:00,2026-01-07 22:38:00,EXTEND,short,4448.3,4463.3,4448.3,4446.7,True,2026-01-07 22:38:00,4446.7,TP,1.6,12.37,1
2026-01-07 22:35:00,2026-01-07 22:50:00,2026-01-07 22:51:00,EXTEND,short,4451.2,4463.3,4451.2,4440.7,True,2026-01-07 22:51:00,4451.3,BE,-0.1,-5.0,1
2026-01-07 23:30:00,2026-01-07 23:36:00,2026-01-07 23:37:00,MSS,long,4461.5,4433.0,4461.5,4467.5,True,2026-01-07 23:37:00,4461.3,BE,-0.2,-6.0,1
2026-01-08 02:30:00,2026-01-08 02:37:00,2026-01-08 02:38:00,MSS,long,4467.4,4457.1,4467.4,4469.4,True,2026-01-08 02:38:00,4467.4,BE,0.0,-4.0,1
2026-01-08 02:35:00,2026-01-08 02:52:00,2026-01-08 02:54:00,EXTEND,long,4462.7,4457.1,4462.7,4472.3,True,2026-01-08 02:53:00,4462.7,BE,0.0,-4.0,2
2026-01-08 03:15:00,2026-01-08 03:35:00,2026-01-08 03:36:00,MSS,short,4464.8,4465.3,4465.3,4452.0,False,,4465.3,SL,-0.5,-9.0,1
2026-01-08 08:20:00,2026-01-08 08:25:00,2026-01-08 08:26:00,MSS,short,4464.7,4475.3,4464.7,4464.9,True,2026-01-08 08:26:00,4464.9,BE,-0.2,-6.0,1
2026-01-08 08:50:00,2026-01-08 09:04:00,2026-01-08 09:05:00,EXTEND,short,4460.8,4467.8,4460.8,4451.8,True,2026-01-08 09:05:00,4460.8,BE,0.0,-4.0,1
2026-01-08 10:35:00,2026-01-08 10:47:00,2026-01-08 10:52:00,EXTEND,short,4450.7,4452.5,4450.7,4439.0,True,2026-01-08 10:49:00,4450.7,BE,0.0,-4.0,5
2026-01-08 11:10:00,2026-01-08 11:19:00,2026-01-08 11:20:00,EXTEND,long,4449.8,4441.9,4449.8,4457.6,True,2026-01-08 11:20:00,4449.6,BE,-0.2,-6.0,1
2026-01-08 11:30:00,2026-01-08 11:57:00,2026-01-08 11:58:00,EXTEND,long,4449.1,4441.9,4449.1,4458.9,True,2026-01-08 11:58:00,4449.0,BE,-0.1,-5.0,1
2026-01-08 13:15:00,2026-01-08 13:24:00,2026-01-08 13:30:00,EXTEND,short,4436.6,4441.7,4436.6,4427.6,True,2026-01-08 13:25:00,4427.6,TP,9.0,85.97,6
2026-01-08 13:40:00,2026-01-08 13:59:00,2026-01-08 14:00:00,BOS,short,4433.4,4438.0,4433.4,4419.8,True,2026-01-08 14:00:00,4433.4,BE,0.0,-4.0,1
2026-01-08 15:10:00,2026-01-08 15:20:00,2026-01-08 15:21:00,EXTEND,long,4443.4,4439.9,4443.4,4450.2,True,2026-01-08 15:21:00,4443.4,BE,0.0,-4.0,1
2026-01-08 16:00:00,2026-01-08 16:11:00,2026-01-08 16:16:00,BOS,short,4438.5,4442.0,4438.5,4430.8,True,2026-01-08 16:12:00,4438.5,BE,0.0,-4.0,5
2026-01-08 16:40:00,2026-01-08 17:04:00,2026-01-08 17:07:00,EXTEND,short,4439.1,4441.4,4441.4,4423.7,False,,4441.4,SL,-2.3,-27.0,3
2026-01-08 17:15:00,2026-01-08 17:35:00,2026-01-08 17:55:00,EXTEND,short,4440.6,4443.3,4440.6,4431.0,True,2026-01-08 17:46:00,4440.6,BE,0.0,-4.0,20
2026-01-08 18:30:00,2026-01-08 18:38:00,2026-01-08 18:39:00,MSS,long,4440.8,4430.3,4440.8,4442.2,True,2026-01-08 18:39:00,4440.8,BE,0.0,-4.0,1
2026-01-08 20:25:00,2026-01-08 20:31:00,2026-01-08 20:32:00,MSS,long,4430.3,4415.2,4430.3,4434.0,True,2026-01-08 20:32:00,4430.3,BE,0.0,-4.0,1
2026-01-08 21:20:00,2026-01-08 21:25:00,2026-01-08 21:26:00,MSS,long,4443.0,4425.0,4443.0,4445.6,True,2026-01-08 21:26:00,4442.8,BE,-0.2,-6.0,1
2026-01-08 22:20:00,2026-01-08 22:25:00,2026-01-08 22:26:00,MSS,long,4438.2,4427.6,4438.2,4440.6,True,2026-01-08 22:26:00,4438.2,BE,0.0,-4.0,1
2026-01-08 22:25:00,2026-01-08 22:32:00,2026-01-08 22:33:00,EXTEND,long,4440.7,4427.6,4440.7,4441.8,True,2026-01-08 22:33:00,4441.8,TP,1.1,7.24,1
2026-01-08 22:35:00,2026-01-08 22:46:00,2026-01-08 22:47:00,EXTEND,long,4443.0,4427.6,4443.0,4448.6,True,2026-01-08 22:47:00,4443.0,BE,0.0,-4.0,1
2026-01-08 22:50:00,2026-01-08 23:02:00,2026-01-08 23:09:00,EXTEND,long,4440.4,4433.7,4440.4,4452.1,True,2026-01-08 23:03:00,4452.1,TP,11.7,113.15,7
2026-01-08 23:55:00,2026-01-09 00:00:00,2026-01-09 00:01:00,EXTEND,short,4462.7,4464.9,4464.9,4454.5,False,,4464.9,SL,-2.2,-26.0,1
2026-01-09 00:15:00,2026-01-09 00:22:00,2026-01-09 00:23:00,EXTEND,short,4461.7,4467.5,4461.7,4453.1,True,2026-01-09 00:23:00,4461.8,BE,-0.1,-5.0,1
2026-01-09 02:00:00,2026-01-09 02:05:00,2026-01-09 02:06:00,MSS,short,4466.1,4473.6,4466.1,4464.7,True,2026-01-09 02:06:00,4466.1,BE,0.0,-4.0,1
2026-01-09 02:35:00,2026-01-09 02:49:00,2026-01-09 03:15:00,BOS,short,4462.9,4465.6,4462.9,4454.7,True,2026-01-09 02:54:00,4454.7,TP,8.2,78.22,26
2026-01-09 07:00:00,2026-01-09 07:14:00,2026-01-09 07:28:00,EXTEND,long,4486.5,4482.9,4486.5,4496.6,True,2026-01-09 07:26:00,4486.5,BE,0.0,-4.0,14
2026-01-09 07:45:00,2026-01-09 07:54:00,2026-01-09 07:55:00,MSS,short,4484.1,4486.8,4484.1,4481.0,True,2026-01-09 07:55:00,4484.4,BE,-0.3,-7.0,1
2026-01-09 08:50:00,2026-01-09 09:02:00,2026-01-09 09:03:00,BOS,short,4471.0,4478.1,4471.0,4466.9,True,2026-01-09 09:03:00,4471.0,BE,0.0,-4.0,1
2026-01-09 09:05:00,2026-01-09 09:16:00,2026-01-09 09:17:00,BOS,short,4467.8,4475.4,4467.8,4458.1,True,2026-01-09 09:17:00,4467.8,BE,0.0,-4.0,1
2026-01-09 10:35:00,2026-01-09 10:46:00,2026-01-09 10:47:00,MSS,short,4479.7,4485.0,4479.7,4475.5,True,2026-01-09 10:47:00,4479.7,BE,0.0,-4.0,1
2026-01-09 10:50:00,2026-01-09 10:59:00,2026-01-09 11:11:00,BOS,short,4478.8,4483.3,4478.8,4471.9,True,2026-01-09 11:00:00,4471.9,TP,6.9,65.3,12
2026-01-09 12:15:00,2026-01-09 12:36:00,2026-01-09 12:37:00,EXTEND,short,4471.4,4475.2,4471.4,4468.0,True,2026-01-09 12:37:00,4471.4,BE,0.0,-4.0,1
2026-01-09 12:55:00,2026-01-09 13:13:00,2026-01-09 13:16:00,EXTEND,long,4472.3,4470.0,4470.0,4477.4,False,,4470.0,SL,-2.3,-27.0,3
2026-01-09 13:30:00,2026-01-09 13:35:00,2026-01-09 13:36:00,MSS,long,4480.0,4466.8,4480.0,4483.3,True,2026-01-09 13:36:00,4480.0,BE,0.0,-4.0,1
2026-01-09 15:45:00,2026-01-09 15:52:00,2026-01-09 15:53:00,EXTEND,long,4481.8,4477.6,4481.8,4483.2,True,2026-01-09 15:53:00,4481.6,BE,-0.2,-6.0,1
2026-01-09 15:55:00,2026-01-09 16:01:00,2026-01-09 16:02:00,MSS,short,4477.9,4482.4,4477.9,4476.9,True,2026-01-09 16:02:00,4477.9,BE,0.0,-4.0,1
2026-01-09 16:00:00,2026-01-09 16:08:00,2026-01-09 16:09:00,EXTEND,short,4482.8,4482.4,4482.4,4473.1,False,,4482.9,SL,-0.1,-5.0,1
2026-01-09 16:30:00,2026-01-09 16:35:00,2026-01-09 16:36:00,MSS,short,4478.5,4484.3,4478.5,4477.6,True,2026-01-09 16:36:00,4478.5,BE,0.0,-4.0,1
2026-01-09 16:50:00,2026-01-09 17:15:00,2026-01-09 17:18:00,EXTEND,short,4482.2,4484.3,4484.3,4469.4,False,,4484.3,SL,-2.1,-25.0,3
2026-01-09 18:05:00,2026-01-09 18:11:00,2026-01-09 18:18:00,EXTEND,short,4481.9,4483.1,4481.9,4476.9,True,2026-01-09 18:14:00,4481.9,BE,0.0,-4.0,7
2026-01-09 18:30:00,2026-01-09 18:35:00,2026-01-09 18:36:00,EXTEND,short,4478.5,4482.8,4478.5,4475.1,True,2026-01-09 18:36:00,4478.5,BE,0.0,-4.0,1
2026-01-09 18:45:00,2026-01-09 18:56:00,2026-01-09 18:57:00,EXTEND,short,4479.7,4482.8,4479.7,4473.9,True,2026-01-09 18:57:00,4479.7,BE,0.0,-4.0,1
2026-01-09 19:00:00,2026-01-09 19:10:00,2026-01-09 19:11:00,EXTEND,long,4480.4,4475.8,4480.4,4485.7,True,2026-01-09 19:11:00,4480.3,BE,-0.1,-5.0,1
2026-01-09 20:05:00,2026-01-09 20:14:00,2026-01-09 20:15:00,EXTEND,long,4483.2,4477.9,4483.2,4492.8,True,2026-01-09 20:15:00,4483.2,BE,0.0,-4.0,1
2026-01-09 21:05:00,2026-01-09 21:20:00,2026-01-09 21:30:00,EXTEND,long,4476.2,4472.1,4476.2,4485.3,True,2026-01-09 21:21:00,4476.2,BE,0.0,-4.0,10
2026-01-09 22:10:00,2026-01-09 22:20:00,2026-01-09 22:21:00,BOS,long,4502.6,4489.7,4502.6,4510.5,True,2026-01-09 22:21:00,4502.6,BE,0.0,-4.0,1
2026-01-09 22:35:00,2026-01-09 22:52:00,2026-01-09 23:21:00,EXTEND,long,4496.9,4489.7,4496.9,4512.8,True,2026-01-09 22:53:00,4512.8,TP,15.9,155.14,29
2026-01-10 01:10:00,2026-01-10 01:24:00,2026-01-10 01:40:00,EXTEND,long,4514.9,4511.3,4514.9,4523.5,True,2026-01-10 01:31:00,4514.9,BE,0.0,-4.0,16
2026-01-10 02:30:00,2026-01-10 02:35:00,2026-01-10 02:36:00,MSS,long,4511.3,4498.6,4511.3,4514.2,True,2026-01-10 02:36:00,4511.2,BE,-0.1,-5.0,1
2026-01-10 02:40:00,2026-01-10 03:11:00,2026-01-10 03:12:00,EXTEND,long,4506.0,4498.6,4506.0,4518.5,True,2026-01-10 03:12:00,4506.0,BE,0.0,-4.0,1
2026-01-12 07:40:00,2026-01-12 08:02:00,2026-01-12 08:03:00,BOS,long,4553.2,4543.2,4553.2,4557.9,True,2026-01-12 08:03:00,4553.2,BE,0.0,-4.0,1
2026-01-12 09:40:00,2026-01-12 09:55:00,2026-01-12 09:56:00,MSS,short,4586.9,4596.1,4586.9,4579.5,True,2026-01-12 09:56:00,4586.9,BE,0.0,-4.0,1
2026-01-12 11:30:00,2026-01-12 11:37:00,2026-01-12 11:38:00,MSS,short,4587.6,4593.3,4587.6,4586.4,True,2026-01-12 11:38:00,4587.7,BE,-0.1,-5.0,1
2026-01-12 12:35:00,2026-01-12 12:51:00,2026-01-12 12:58:00,EXTEND,short,4579.8,4584.1,4579.8,4572.0,True,2026-01-12 12:52:00,4579.8,BE,0.0,-4.0,7
2026-01-12 13:45:00,2026-01-12 14:18:00,2026-01-12 14:41:00,EXTEND,long,4583.5,4577.0,4583.5,4600.6,True,2026-01-12 14:22:00,4583.5,BE,0.0,-4.0,23
2026-01-12 14:50:00,2026-01-12 15:03:00,2026-01-12 15:04:00,BOS,long,4587.7,4583.1,4587.7,4593.1,True,2026-01-12 15:04:00,4587.6,BE,-0.1,-5.0,1
2026-01-12 15:20:00,2026-01-12 15:36:00,2026-01-12 15:37:00,EXTEND,long,4593.0,4585.2,4593.0,4602.2,True,2026-01-12 15:37:00,4592.9,BE,-0.1,-5.0,1
2026-01-12 15:55:00,2026-01-12 16:18:00,2026-01-12 16:19:00,EXTEND,long,4593.5,4585.2,4593.5,4603.9,True,2026-01-12 16:19:00,4593.3,BE,-0.2,-6.0,1
2026-01-12 17:55:00,2026-01-12 18:02:00,2026-01-12 18:03:00,EXTEND,short,4601.3,4607.3,4601.3,4595.2,True,2026-01-12 18:03:00,4601.3,BE,0.0,-4.0,1
2026-01-12 18:10:00,2026-01-12 18:17:00,2026-01-12 18:20:00,EXTEND,short,4600.3,4603.7,4600.3,4594.0,True,2026-01-12 18:19:00,4600.3,BE,0.0,-4.0,3
2026-01-12 18:30:00,2026-01-12 18:42:00,2026-01-12 18:48:00,BOS,short,4603.4,4604.3,4603.4,4595.3,True,2026-01-12 18:43:00,4603.4,BE,0.0,-4.0,6
2026-01-12 18:55:00,2026-01-12 19:16:00,2026-01-12 19:17:00,MSS,long,4602.2,4597.2,4602.2,4608.1,True,2026-01-12 19:17:00,4602.1,BE,-0.1,-5.0,1
2026-01-12 19:25:00,2026-01-12 19:45:00,2026-01-12 20:08:00,EXTEND,short,4600.2,4605.8,4600.2,4590.4,True,2026-01-12 19:46:00,4590.4,TP,9.8,93.67,23
2026-01-12 20:05:00,2026-01-12 20:12:00,2026-01-12 20:13:00,BOS,short,4591.9,4596.9,4591.9,4585.7,True,2026-01-12 20:13:00,4591.9,BE,0.0,-4.0,1
2026-01-12 21:25:00,2026-01-12 21:41:00,2026-01-12 21:42:00,MSS,short,4617.3,4621.9,4617.3,4612.4,True,2026-01-12 21:42:00,4617.3,BE,0.0,-4.0,1
2026-01-12 22:00:00,2026-01-12 22:08:00,2026-01-12 22:09:00,MSS,short,4609.0,4630.8,4609.0,4602.6,True,2026-01-12 22:09:00,4609.2,BE,-0.2,-6.0,1
2026-01-12 22:25:00,2026-01-12 22:35:00,2026-01-12 22:36:00,BOS,short,4602.1,4610.1,4602.1,4591.1,True,2026-01-12 22:36:00,4602.2,BE,-0.1,-5.0,1
2026-01-13 00:30:00,2026-01-13 00:35:00,2026-01-13 00:36:00,EXTEND,short,4629.9,4640.5,4629.9,4626.5,True,2026-01-13 00:36:00,4630.0,BE,-0.1,-5.0,1
2026-01-13 01:05:00,2026-01-13 01:18:00,2026-01-13 01:19:00,BOS,short,4625.5,4628.3,4625.5,4621.7,True,2026-01-13 01:19:00,4625.5,BE,0.0,-4.0,1
2026-01-13 01:20:00,2026-01-13 01:33:00,2026-01-13 01:39:00,EXTEND,short,4624.9,4628.3,4624.9,4619.4,True,2026-01-13 01:34:00,4624.9,BE,0.0,-4.0,6
2026-01-13 01:50:00,2026-01-13 01:55:00,2026-01-13 01:56:00,MSS,long,4629.5,4620.0,4629.5,4633.6,True,2026-01-13 01:56:00,4629.4,BE,-0.1,-5.0,1
2026-01-13 03:30:00,2026-01-13 03:52:00,2026-01-13 03:54:00,EXTEND,long,4623.4,4622.4,4622.4,4630.7,False,,4622.4,SL,-1.0,-14.0,2
2026-01-13 07:00:00,2026-01-13 07:09:00,2026-01-13 07:11:00,EXTEND,long,4602.9,4598.8,4598.8,4621.7,False,,4598.8,SL,-4.1,-45.0,2
2026-01-13 07:35:00,2026-01-13 07:40:00,2026-01-13 07:41:00,EXTEND,long,4597.9,4598.8,4598.8,4599.3,False,,4597.9,SL,0.0,-4.0,1
2026-01-13 07:50:00,2026-01-13 07:56:00,2026-01-13 07:57:00,EXTEND,long,4604.0,4598.8,4604.0,4605.0,True,2026-01-13 07:57:00,4604.0,BE,0.0,-4.0,1
2026-01-13 07:55:00,2026-01-13 08:11:00,2026-01-13 08:19:00,EXTEND,long,4602.6,4598.8,4602.6,4610.1,True,2026-01-13 08:17:00,4602.6,BE,0.0,-4.0,8
2026-01-13 08:35:00,2026-01-13 08:59:00,2026-01-13 09:00:00,EXTEND,short,4595.8,4604.5,4595.8,4590.3,True,2026-01-13 09:00:00,4596.1,BE,-0.3,-7.0,1
2026-01-13 09:00:00,2026-01-13 09:14:00,2026-01-13 09:15:00,BOS,short,4601.0,4601.0,4601.0,4587.0,False,,4601.0,SL,0.0,-4.0,1
2026-01-13 09:30:00,2026-01-13 10:09:00,2026-01-13 10:32:00,BOS,short,4596.8,4604.6,4596.8,4578.4,True,2026-01-13 10:12:00,4596.8,BE,0.0,-4.0,23
2026-01-13 10:35:00,2026-01-13 10:40:00,2026-01-13 10:41:00,MSS,long,4597.6,4591.8,4597.6,4598.7,True,2026-01-13 10:41:00,4597.6,BE,0.0,-4.0,1
2026-01-13 11:50:00,2026-01-13 12:04:00,2026-01-13 12:05:00,EXTEND,short,4604.1,4607.4,4604.1,4599.8,True,2026-01-13 12:05:00,4604.1,BE,0.0,-4.0,1
2026-01-13 12:20:00,2026-01-13 12:37:00,2026-01-13 12:38:00,EXTEND,long,4604.7,4601.4,4604.7,4610.8,True,2026-01-13 12:38:00,4604.7,BE,0.0,-4.0,1
2026-01-13 13:05:00,2026-01-13 13:17:00,2026-01-13 13:18:00,MSS,short,4603.8,4607.7,4603.8,4598.4,True,2026-01-13 13:18:00,4603.8,BE,0.0,-4.0,1
2026-01-13 13:25:00,2026-01-13 13:34:00,2026-01-13 13:35:00,MSS,long,4599.3,4600.4,4600.4,4613.2,False,,4599.3,SL,0.0,-4.0,1
2026-01-13 15:05:00,2026-01-13 15:21:00,2026-01-13 15:22:00,MSS,long,4590.0,4587.8,4587.8,4595.9,False,,4587.8,SL,-2.2,-26.0,1
2026-01-13 15:30:00,2026-01-13 15:49:00,2026-01-13 15:50:00,EXTEND,long,4587.6,4587.8,4587.8,4597.2,False,,4587.5,SL,-0.1,-5.0,1
2026-01-13 15:55:00,2026-01-13 16:08:00,2026-01-13 16:09:00,EXTEND,short,4594.4,4595.2,4595.2,4583.0,False,,4595.2,SL,-0.8,-12.0,1
2026-01-13 17:00:00,2026-01-13 17:10:00,2026-01-13 17:42:00,MSS,short,4603.2,4605.4,4603.2,4596.3,True,2026-01-13 17:18:00,4596.3,TP,6.9,65.44,32
2026-01-13 17:55:00,2026-01-13 18:03:00,2026-01-13 18:04:00,EXTEND,short,4593.4,4601.0,4593.4,4592.7,True,2026-01-13 18:04:00,4593.7,BE,-0.3,-7.0,1
2026-01-13 18:40:00,2026-01-13 18:52:00,2026-01-13 18:53:00,MSS,long,4595.6,4590.4,4595.6,4599.3,True,2026-01-13 18:53:00,4595.4,BE,-0.2,-6.0,1
2026-01-13 19:15:00,2026-01-13 19:28:00,2026-01-13 19:32:00,MSS,short,4596.0,4597.8,4596.0,4588.9,True,2026-01-13 19:29:00,4596.0,BE,0.0,-4.0,4
2026-01-13 19:50:00,2026-01-13 19:57:00,2026-01-13 20:00:00,EXTEND,long,4596.9,4593.9,4596.9,4602.8,True,2026-01-13 20:00:00,4596.9,BE,0.0,-4.0,3
2026-01-13 20:45:00,2026-01-13 20:50:00,2026-01-13 20:51:00,MSS,long,4598.7,4586.1,4598.7,4602.0,True,2026-01-13 20:51:00,4598.7,BE,0.0,-4.0,1
2026-01-13 22:20:00,2026-01-13 22:35:00,2026-01-13 22:36:00,BOS,long,4625.1,4615.4,4625.1,4636.6,True,2026-01-13 22:36:00,4625.1,BE,0.0,-4.0,1
2026-01-13 22:50:00,2026-01-13 23:05:00,2026-01-13 23:06:00,EXTEND,long,4630.3,4619.4,4630.3,4650.6,True,2026-01-13 23:06:00,4630.3,BE,0.0,-4.0,1
2026-01-13 23:20:00,2026-01-13 23:49:00,2026-01-14 00:28:00,EXTEND,short,4624.1,4634.0,4624.1,4601.9,True,2026-01-14 00:04:00,4601.9,TP,22.2,218.31,39
2026-01-14 00:25:00,2026-01-14 00:52:00,2026-01-14 01:19:00,EXTEND,short,4619.5,4629.4,4619.5,4594.1,True,2026-01-14 01:14:00,4619.5,BE,0.0,-4.0,27
2026-01-14 02:45:00,2026-01-14 03:05:00,2026-01-14 03:16:00,EXTEND,long,4597.8,4589.3,4597.8,4616.1,True,2026-01-14 03:07:00,4597.8,BE,0.0,-4.0,11
2026-01-14 07:00:00,2026-01-14 07:07:00,2026-01-14 07:08:00,MSS,long,4601.9,4593.7,4601.9,4601.6,True,2026-01-14 07:08:00,4601.9,BE,0.0,-4.0,1
2026-01-14 09:00:00,2026-01-14 09:11:00,2026-01-14 09:12:00,MSS,long,4622.8,4612.3,4622.8,4626.1,True,2026-01-14 09:12:00,4622.5,BE,-0.3,-7.0,1
2026-01-14 10:00:00,2026-01-14 10:11:00,2026-01-14 10:12:00,EXTEND,long,4626.3,4621.2,4626.3,4630.7,True,2026-01-14 10:12:00,4626.2,BE,-0.1,-5.0,1
2026-01-14 11:00:00,2026-01-14 11:12:00,2026-01-14 11:22:00,BOS,long,4627.6,4625.8,4627.6,4633.0,True,2026-01-14 11:19:00,4627.6,BE,0.0,-4.0,10
2026-01-14 11:35:00,2026-01-14 11:43:00,2026-01-14 11:44:00,MSS,long,4631.8,4621.6,4631.8,4636.7,True,2026-01-14 11:44:00,4631.7,BE,-0.1,-5.0,1
2026-01-14 12:25:00,2026-01-14 12:38:00,2026-01-14 12:46:00,MSS,short,4636.6,4638.4,4636.6,4631.0,True,2026-01-14 12:45:00,4636.6,BE,0.0,-4.0,8
2026-01-14 13:00:00,2026-01-14 13:20:00,2026-01-14 13:25:00,MSS,long,4640.4,4635.3,4640.4,4649.9,True,2026-01-14 13:24:00,4640.4,BE,0.0,-4.0,5
2026-01-14 13:50:00,2026-01-14 13:55:00,2026-01-14 13:56:00,MSS,short,4636.6,4646.9,4636.6,4638.6,True,2026-01-14 13:56:00,4636.8,BE,-0.2,-6.0,1
2026-01-14 13:55:00,2026-01-14 14:21:00,2026-01-14 14:39:00,EXTEND,short,4638.1,4646.9,4638.1,4618.5,True,2026-01-14 14:33:00,4638.1,BE,0.0,-4.0,18
2026-01-14 14:35:00,2026-01-14 14:48:00,2026-01-14 14:53:00,EXTEND,short,4640.0,4642.4,4640.0,4630.7,True,2026-01-14 14:52:00,4640.0,BE,0.0,-4.0,5
2026-01-14 14:55:00,2026-01-14 15:03:00,2026-01-14 15:04:00,MSS,long,4643.0,4637.7,4643.0,4646.7,True,2026-01-14 15:04:00,4643.0,BE,0.0,-4.0,1
2026-01-14 15:00:00,2026-01-14 15:12:00,2026-01-14 15:21:00,EXTEND,long,4640.4,4637.7,4640.4,4648.1,True,2026-01-14 15:16:00,4640.4,BE,0.0,-4.0,9
2026-01-14 15:25:00,2026-01-14 15:35:00,2026-01-14 15:36:00,EXTEND,long,4644.6,4637.7,4644.6,4649.8,True,2026-01-14 15:36:00,4644.6,BE,0.0,-4.0,1
2026-01-14 18:15:00,2026-01-14 18:22:00,2026-01-14 18:23:00,MSS,long,4643.2,4635.7,4643.2,4645.0,True,2026-01-14 18:23:00,4643.0,BE,-0.2,-6.0,1
2026-01-14 18:40:00,2026-01-14 18:59:00,2026-01-14 19:00:00,EXTEND,long,4641.1,4635.7,4641.1,4649.2,True,2026-01-14 19:00:00,4641.1,BE,0.0,-4.0,1
2026-01-14 20:00:00,2026-01-14 20:05:00,2026-01-14 20:06:00,MSS,long,4644.8,4634.0,4644.8,4648.9,True,2026-01-14 20:06:00,4644.8,BE,0.0,-4.0,1
2026-01-14 21:05:00,2026-01-14 21:14:00,2026-01-14 21:15:00,MSS,short,4636.2,4650.0,4636.2,4633.9,True,2026-01-14 21:15:00,4636.2,BE,0.0,-4.0,1
2026-01-14 21:40:00,2026-01-14 21:54:00,2026-01-14 21:55:00,MSS,long,4643.2,4631.6,4643.2,4648.6,True,2026-01-14 21:55:00,4643.2,BE,0.0,-4.0,1
2026-01-14 22:00:00,2026-01-14 22:13:00,2026-01-14 22:14:00,EXTEND,long,4641.8,4631.6,4641.8,4650.8,True,2026-01-14 22:14:00,4641.8,BE,0.0,-4.0,1
2026-01-14 23:15:00,2026-01-14 23:21:00,2026-01-14 23:22:00,MSS,long,4630.0,4605.8,4630.0,4637.2,True,2026-01-14 23:22:00,4629.8,BE,-0.2,-6.0,1
2026-01-15 00:45:00,2026-01-15 00:54:00,2026-01-15 00:56:00,MSS,short,4619.7,4631.7,4619.7,4614.3,True,2026-01-15 00:55:00,4619.7,BE,0.0,-4.0,2
2026-01-15 00:55:00,2026-01-15 01:03:00,2026-01-15 01:04:00,EXTEND,short,4623.4,4631.7,4623.4,4610.9,True,2026-01-15 01:04:00,4623.4,BE,0.0,-4.0,1
2026-01-15 01:40:00,2026-01-15 01:52:00,2026-01-15 01:54:00,BOS,short,4617.6,4619.1,4619.1,4604.6,False,,4619.1,SL,-1.5,-19.0,2
2026-01-15 03:50:00,2026-01-15 07:00:00,2026-01-15 07:01:00,EXTEND,long,4636.4,4641.6,4641.6,4650.9,False,,4636.1,SL,-0.3,-7.0,1
2026-01-15 07:40:00,2026-01-15 07:52:00,2026-01-15 07:53:00,EXTEND,short,4615.2,4623.0,4615.2,4602.7,True,2026-01-15 07:53:00,4615.2,BE,0.0,-4.0,1
2026-01-15 08:50:00,2026-01-15 08:58:00,2026-01-15 08:59:00,EXTEND,short,4619.3,4622.8,4619.3,4612.3,True,2026-01-15 08:59:00,4619.3,BE,0.0,-4.0,1
2026-01-15 09:05:00,2026-01-15 09:14:00,2026-01-15 09:15:00,EXTEND,short,4613.6,4622.2,4613.6,4608.1,True,2026-01-15 09:15:00,4613.8,BE,-0.2,-6.0,1
2026-01-15 09:30:00,2026-01-15 09:53:00,2026-01-15 10:04:00,EXTEND,short,4608.7,4622.2,4608.7,4578.0,True,2026-01-15 09:59:00,4608.7,BE,0.0,-4.0,11
2026-01-15 11:30:00,2026-01-15 11:42:00,2026-01-15 11:52:00,EXTEND,short,4598.7,4609.0,4598.7,4577.5,True,2026-01-15 11:46:00,4598.7,BE,0.0,-4.0,10
2026-01-15 12:05:00,2026-01-15 12:19:00,2026-01-15 12:22:00,EXTEND,short,4596.4,4601.5,4596.4,4587.7,True,2026-01-15 12:20:00,4596.4,BE,0.0,-4.0,3
2026-01-15 12:40:00,2026-01-15 12:48:00,2026-01-15 12:49:00,MSS,short,4595.2,4599.8,4595.2,4590.8,True,2026-01-15 12:49:00,4595.6,BE,-0.4,-8.0,1
2026-01-15 13:30:00,2026-01-15 13:37:00,2026-01-15 13:43:00,EXTEND,long,4589.3,4584.8,4589.3,4601.2,True,2026-01-15 13:42:00,4589.3,BE,0.0,-4.0,6
2026-01-15 15:15:00,2026-01-15 15:22:00,2026-01-15 15:23:00,BOS,long,4615.2,4610.2,4615.2,4620.1,True,2026-01-15 15:23:00,4615.1,BE,-0.1,-5.0,1
2026-01-15 16:00:00,2026-01-15 16:21:00,2026-01-15 16:22:00,EXTEND,short,4607.6,4615.9,4607.6,4598.5,True,2026-01-15 16:22:00,4607.6,BE,0.0,-4.0,1
2026-01-15 18:20:00,2026-01-15 18:28:00,2026-01-15 18:29:00,BOS,long,4617.6,4613.4,4617.6,4621.8,True,2026-01-15 18:29:00,4617.6,BE,0.0,-4.0,1
2026-01-15 19:45:00,2026-01-15 19:53:00,2026-01-15 19:54:00,MSS,short,4621.6,4627.2,4621.6,4617.4,True,2026-01-15 19:54:00,4621.9,BE,-0.3,-7.0,1
2026-01-15 20:15:00,2026-01-15 20:27:00,2026-01-15 20:28:00,EXTEND,short,4620.7,4624.9,4620.7,4616.1,True,2026-01-15 20:28:00,4620.7,BE,0.0,-4.0,1
2026-01-15 20:55:00,2026-01-15 21:04:00,2026-01-15 21:05:00,EXTEND,short,4615.1,4622.8,4615.1,4613.7,True,2026-01-15 21:05:00,4615.1,BE,0.0,-4.0,1
2026-01-15 23:00:00,2026-01-15 23:08:00,2026-01-15 23:09:00,EXTEND,long,4612.8,4603.8,4612.8,4623.4,True,2026-01-15 23:09:00,4612.7,BE,-0.1,-5.0,1
2026-01-15 23:40:00,2026-01-15 23:52:00,2026-01-15 23:53:00,MSS,short,4617.7,4622.3,4617.7,4611.5,True,2026-01-15 23:53:00,4617.8,BE,-0.1,-5.0,1
2026-01-16 00:35:00,2026-01-16 00:40:00,2026-01-16 00:41:00,MSS,short,4610.1,4630.0,4610.1,4605.9,True,2026-01-16 00:41:00,4610.1,BE,0.0,-4.0,1
2026-01-16 02:20:00,2026-01-16 02:33:00,2026-01-16 02:36:00,EXTEND,long,4622.1,4618.5,4622.1,4628.3,True,2026-01-16 02:35:00,4622.1,BE,0.0,-4.0,3
2026-01-16 07:00:00,2026-01-16 07:05:00,2026-01-16 07:06:00,BOS,long,4625.1,4617.7,4625.1,4626.2,True,2026-01-16 07:06:00,4625.1,BE,0.0,-4.0,1
2026-01-16 07:05:00,2026-01-16 07:22:00,2026-01-16 07:24:00,EXTEND,long,4618.3,4617.7,4617.7,4627.4,False,,4617.7,SL,-0.6,-10.0,2
2026-01-16 08:05:00,2026-01-16 08:19:00,2026-01-16 08:22:00,BOS,short,4612.3,4615.0,4615.0,4605.3,False,,4615.0,SL,-2.7,-31.0,3
2026-01-16 09:30:00,2026-01-16 09:35:00,2026-01-16 09:36:00,EXTEND,long,4608.1,4603.4,4608.1,4613.6,True,2026-01-16 09:36:00,4608.1,BE,0.0,-4.0,1
2026-01-16 09:55:00,2026-01-16 10:03:00,2026-01-16 10:04:00,MSS,short,4604.8,4612.5,4604.8,4600.8,True,2026-01-16 10:04:00,4604.9,BE,-0.1,-5.0,1
2026-01-16 10:10:00,2026-01-16 10:18:00,2026-01-16 10:19:00,BOS,short,4604.5,4607.7,4604.5,4598.9,True,2026-01-16 10:19:00,4604.5,BE,0.0,-4.0,1
2026-01-16 10:15:00,2026-01-16 10:25:00,2026-01-16 10:34:00,EXTEND,short,4606.0,4607.7,4606.0,4597.9,True,2026-01-16 10:28:00,4597.9,TP,8.1,76.79,9
2026-01-16 10:35:00,2026-01-16 11:15:00,2026-01-16 11:16:00,EXTEND,short,4601.6,4607.6,4601.6,4591.0,True,2026-01-16 11:16:00,4601.6,BE,0.0,-4.0,1
2026-01-16 12:20:00,2026-01-16 12:32:00,2026-01-16 12:33:00,EXTEND,long,4601.9,4598.3,4601.9,4606.6,True,2026-01-16 12:33:00,4601.7,BE,-0.2,-6.0,1
2026-01-16 13:10:00,2026-01-16 13:31:00,2026-01-16 13:33:00,MSS,short,4602.3,4605.7,4602.3,4596.7,True,2026-01-16 13:32:00,4602.3,BE,0.0,-4.0,2
2026-01-16 13:55:00,2026-01-16 14:20:00,2026-01-16 14:21:00,EXTEND,long,4610.4,4599.7,4610.4,4625.7,True,2026-01-16 14:21:00,4610.4,BE,0.0,-4.0,1
2026-01-16 15:10:00,2026-01-16 15:26:00,2026-01-16 15:27:00,MSS,long,4610.7,4597.1,4610.7,4621.2,True,2026-01-16 15:27:00,4610.7,BE,0.0,-4.0,1
2026-01-16 15:40:00,2026-01-16 15:50:00,2026-01-16 15:52:00,MSS,short,4611.5,4616.0,4611.5,4602.7,True,2026-01-16 15:52:00,4611.5,BE,0.0,-4.0,2
2026-01-16 16:45:00,2026-01-16 16:56:00,2026-01-16 16:57:00,EXTEND,short,4607.8,4614.7,4607.8,4602.8,True,2026-01-16 16:57:00,4607.9,BE,-0.1,-5.0,1
2026-01-16 17:30:00,2026-01-16 18:08:00,2026-01-16 18:09:00,EXTEND,short,4607.5,4612.4,4607.5,4600.1,True,2026-01-16 18:09:00,4607.5,BE,0.0,-4.0,1
2026-01-16 18:50:00,2026-01-16 18:57:00,2026-01-16 18:58:00,MSS,short,4605.4,4612.6,4605.4,4605.0,True,2026-01-16 18:58:00,4605.4,BE,0.0,-4.0,1
2026-01-16 19:15:00,2026-01-16 19:20:00,2026-01-16 19:21:00,MSS,long,4613.3,4602.2,4613.3,4616.2,True,2026-01-16 19:21:00,4613.1,BE,-0.2,-6.0,1
2026-01-16 20:25:00,2026-01-16 20:30:00,2026-01-16 20:31:00,EXTEND,short,4608.9,4617.3,4608.9,4606.3,True,2026-01-16 20:31:00,4608.9,BE,0.0,-4.0,1
2026-01-16 20:50:00,2026-01-16 20:59:00,2026-01-16 21:01:00,BOS,short,4605.6,4609.7,4605.6,4599.2,True,2026-01-16 21:00:00,4605.6,BE,0.0,-4.0,2
2026-01-16 21:25:00,2026-01-16 21:37:00,2026-01-16 21:41:00,EXTEND,short,4599.9,4610.0,4599.9,4579.5,True,2026-01-16 21:38:00,4599.9,BE,0.0,-4.0,4
2026-01-16 22:15:00,2026-01-16 22:26:00,2026-01-16 22:27:00,EXTEND,long,4609.1,4602.0,4609.1,4616.2,True,2026-01-16 22:27:00,4609.1,BE,0.0,-4.0,1
2026-01-16 22:30:00,2026-01-16 22:38:00,2026-01-16 22:44:00,EXTEND,short,4611.0,4613.2,4613.2,4596.1,False,,4613.2,SL,-2.2,-26.0,6
2026-01-16 23:15:00,2026-01-16 23:22:00,2026-01-16 23:23:00,MSS,short,4606.0,4624.7,4606.0,4599.9,True,2026-01-16 23:23:00,4606.2,BE,-0.2,-6.0,1
2026-01-16 23:30:00,2026-01-17 00:11:00,2026-01-17 01:37:00,EXTEND,short,4589.7,4624.7,4589.7,4516.2,True,2026-01-17 01:29:00,4589.7,BE,0.0,-4.0,86
2026-01-17 02:00:00,2026-01-17 02:09:00,2026-01-17 02:10:00,MSS,long,4590.5,4585.0,4590.5,4596.2,True,2026-01-17 02:10:00,4590.3,BE,-0.2,-6.0,1
2026-01-17 02:30:00,2026-01-17 03:01:00,2026-01-17 03:08:00,EXTEND,long,4590.0,4585.0,4590.0,4605.6,True,2026-01-17 03:05:00,4590.0,BE,0.0,-4.0,7
2026-01-19 08:15:00,2026-01-19 08:30:00,2026-01-19 08:38:00,MSS,short,4681.1,4685.7,4685.7,4662.7,False,,4685.7,SL,-4.6,-50.0,8
2026-01-19 09:00:00,2026-01-19 09:09:00,2026-01-19 09:10:00,BOS,short,4678.0,4685.7,4678.0,4672.5,True,2026-01-19 09:10:00,4678.0,BE,0.0,-4.0,1
2026-01-19 10:00:00,2026-01-19 10:08:00,2026-01-19 10:13:00,BOS,short,4668.5,4674.8,4668.5,4655.9,True,2026-01-19 10:12:00,4668.5,BE,0.0,-4.0,5
2026-01-19 11:45:00,2026-01-19 11:52:00,2026-01-19 11:53:00,MSS,short,4665.6,4672.8,4665.6,4664.4,True,2026-01-19 11:53:00,4665.6,BE,0.0,-4.0,1
2026-01-19 12:25:00,2026-01-19 12:31:00,2026-01-19 12:32:00,EXTEND,long,4669.6,4665.0,4669.6,4673.6,True,2026-01-19 12:32:00,4669.6,BE,0.0,-4.0,1
2026-01-19 13:35:00,2026-01-19 13:42:00,2026-01-19 13:43:00,MSS,short,4671.7,4680.3,4671.7,4670.9,True,2026-01-19 13:43:00,4671.7,BE,0.0,-4.0,1
2026-01-19 13:40:00,2026-01-19 13:58:00,2026-01-19 14:01:00,EXTEND,short,4675.9,4680.3,4675.9,4667.0,True,2026-01-19 14:00:00,4675.9,BE,0.0,-4.0,3
2026-01-19 14:20:00,2026-01-19 14:31:00,2026-01-19 14:32:00,MSS,long,4678.4,4674.1,4678.4,4679.8,True,2026-01-19 14:32:00,4678.4,BE,0.0,-4.0,1
2026-01-19 14:35:00,2026-01-19 14:45:00,2026-01-19 14:46:00,EXTEND,long,4679.2,4675.3,4679.2,4684.1,True,2026-01-19 14:46:00,4679.2,BE,0.0,-4.0,1
2026-01-19 14:55:00,2026-01-19 15:05:00,2026-01-19 15:06:00,BOS,long,4683.4,4677.1,4683.4,4686.5,True,2026-01-19 15:06:00,4683.3,BE,-0.1,-5.0,1
2026-01-19 15:55:00,2026-01-19 16:09:00,2026-01-19 16:10:00,EXTEND,short,4675.6,4683.8,4675.6,4662.1,True,2026-01-19 16:10:00,4675.6,BE,0.0,-4.0,1
2026-01-19 16:45:00,2026-01-19 16:50:00,2026-01-19 16:51:00,MSS,short,4670.1,4674.5,4670.1,4669.7,True,2026-01-19 16:51:00,4670.1,BE,0.0,-4.0,1
2026-01-19 17:10:00,2026-01-19 17:17:00,2026-01-19 17:18:00,MSS,long,4676.6,4666.4,4676.6,4679.0,True,2026-01-19 17:18:00,4676.6,BE,0.0,-4.0,1
2026-01-19 17:15:00,2026-01-19 17:32:00,2026-01-19 17:33:00,EXTEND,long,4672.1,4666.4,4672.1,4680.5,True,2026-01-19 17:33:00,4672.0,BE,-0.1,-5.0,1
2026-01-19 18:15:00,2026-01-19 18:23:00,2026-01-19 18:24:00,EXTEND,long,4673.5,4671.4,4673.5,4677.2,True,2026-01-19 18:24:00,4673.5,BE,0.0,-4.0,1
2026-01-19 18:40:00,2026-01-19 18:50:00,2026-01-19 19:07:00,BOS,short,4669.8,4672.2,4669.8,4664.5,True,2026-01-19 18:59:00,4669.8,BE,0.0,-4.0,17
2026-01-19 19:30:00,2026-01-19 19:43:00,2026-01-19 19:45:00,EXTEND,long,4669.1,4666.5,4669.1,4674.1,True,2026-01-19 19:44:00,4669.1,BE,0.0,-4.0,2
2026-01-19 22:10:00,2026-01-19 22:34:00,2026-01-19 22:35:00,EXTEND,short,4672.3,4678.9,4672.3,4663.2,True,2026-01-19 22:35:00,4672.3,BE,0.0,-4.0,1
2026-01-19 22:35:00,2026-01-19 22:55:00,2026-01-19 22:56:00,BOS,short,4672.6,4675.7,4672.6,4667.1,True,2026-01-19 22:56:00,4672.6,BE,0.0,-4.0,1
2026-01-19 23:05:00,2026-01-19 23:15:00,2026-01-19 23:16:00,MSS,long,4673.2,4669.6,4673.2,4677.6,True,2026-01-19 23:16:00,4673.2,BE,0.0,-4.0,1
2026-01-20 00:40:00,2026-01-20 00:52:00,2026-01-20 00:53:00,EXTEND,long,4677.7,4675.7,4677.7,4679.8,True,2026-01-20 00:53:00,4677.7,BE,0.0,-4.0,1
2026-01-20 00:55:00,2026-01-20 01:01:00,2026-01-20 01:02:00,EXTEND,long,4678.0,4675.7,4678.0,4679.9,True,2026-01-20 01:02:00,4678.0,BE,0.0,-4.0,1
2026-01-20 01:15:00,2026-01-20 01:33:00,2026-01-20 01:40:00,EXTEND,short,4677.0,4679.0,4679.0,4673.2,False,,4679.0,SL,-2.0,-24.0,7
2026-01-20 02:20:00,2026-01-20 02:37:00,2026-01-20 02:40:00,BOS,long,4682.0,4679.0,4682.0,4688.0,True,2026-01-20 02:38:00,4682.0,BE,0.0,-4.0,3
2026-01-20 03:25:00,2026-01-20 07:02:00,2026-01-20 07:28:00,EXTEND,short,4679.0,4682.7,4679.0,4670.6,True,2026-01-20 07:03:00,4670.6,TP,8.4,79.65,26
2026-01-20 08:00:00,2026-01-20 08:09:00,2026-01-20 08:10:00,BOS,short,4672.4,4672.4,4672.4,4669.2,False,,4672.4,SL,0.0,-4.0,1
2026-01-20 08:25:00,2026-01-20 08:37:00,2026-01-20 08:38:00,MSS,short,4669.5,4674.2,4669.5,4663.3,True,2026-01-20 08:38:00,4669.5,BE,0.0,-4.0,1
2026-01-20 09:00:00,2026-01-20 09:05:00,2026-01-20 09:06:00,MSS,long,4676.0,4666.4,4676.0,4677.4,True,2026-01-20 09:06:00,4675.9,BE,-0.1,-5.0,1
2026-01-20 09:05:00,2026-01-20 09:24:00,2026-01-20 09:25:00,EXTEND,long,4673.9,4666.4,4673.9,4682.9,True,2026-01-20 09:25:00,4673.9,BE,0.0,-4.0,1
2026-01-20 09:35:00,2026-01-20 09:58:00,2026-01-20 10:02:00,BOS,long,4674.8,4671.3,4674.8,4683.6,True,2026-01-20 10:00:00,4674.8,BE,0.0,-4.0,4
2026-01-20 10:10:00,2026-01-20 10:33:00,2026-01-20 11:17:00,MSS,short,4677.5,4681.0,4677.5,4667.0,True,2026-01-20 10:47:00,4677.5,BE,0.0,-4.0,44
2026-01-20 13:10:00,2026-01-20 13:25:00,2026-01-20 13:26:00,BOS,long,4704.6,4700.5,4704.6,4709.6,True,2026-01-20 13:26:00,4704.5,BE,-0.1,-5.0,1
2026-01-20 14:40:00,2026-01-20 14:56:00,2026-01-20 15:13:00,EXTEND,short,4719.2,4723.4,4723.4,4707.9,False,,4723.4,SL,-4.2,-46.0,17
2026-01-20 16:05:00,2026-01-20 16:11:00,2026-01-20 16:12:00,MSS,long,4730.9,4720.2,4730.9,4733.5,True,2026-01-20 16:12:00,4730.9,BE,0.0,-4.0,1
2026-01-20 16:25:00,2026-01-20 16:33:00,2026-01-20 16:34:00,EXTEND,short,4725.7,4731.4,4725.7,4721.6,True,2026-01-20 16:34:00,4725.7,BE,0.0,-4.0,1
2026-01-20 16:45:00,2026-01-20 16:52:00,2026-01-20 16:53:00,MSS,long,4732.4,4721.5,4732.4,4733.8,True,2026-01-20 16:53:00,4732.2,BE,-0.2,-6.0,1
2026-01-20 17:25:00,2026-01-20 17:30:00,2026-01-20 17:31:00,MSS,long,4740.9,4727.2,4740.9,4743.5,True,2026-01-20 17:31:00,4740.5,BE,-0.4,-8.0,1
2026-01-20 18:25:00,2026-01-20 18:32:00,2026-01-20 18:33:00,MSS,short,4729.7,4739.1,4729.7,4731.5,True,2026-01-20 18:33:00,4729.9,BE,-0.2,-6.0,1
2026-01-20 19:05:00,2026-01-20 19:21:00,2026-01-20 19:22:00,EXTEND,short,4732.4,4739.1,4732.4,4724.1,True,2026-01-20 19:22:00,4732.4,BE,0.0,-4.0,1
2026-01-20 19:50:00,2026-01-20 20:06:00,2026-01-20 20:07:00,EXTEND,long,4737.8,4731.3,4737.8,4743.5,True,2026-01-20 20:07:00,4737.8,BE,0.0,-4.0,1
2026-01-20 20:30:00,2026-01-20 20:43:00,2026-01-20 20:44:00,EXTEND,short,4732.2,4736.3,4732.2,4727.7,True,2026-01-20 20:44:00,4732.2,BE,0.0,-4.0,1
2026-01-20 21:30:00,2026-01-20 21:39:00,2026-01-20 21:40:00,EXTEND,short,4725.9,4731.9,4725.9,4716.5,True,2026-01-20 21:40:00,4725.9,BE,0.0,-4.0,1
2026-01-20 22:30:00,2026-01-20 22:35:00,2026-01-20 22:36:00,MSS,short,4735.5,4756.2,4735.5,4730.2,True,2026-01-20 22:36:00,4735.5,BE,0.0,-4.0,1
2026-01-20 22:35:00,2026-01-20 22:53:00,2026-01-20 22:54:00,EXTEND,short,4740.1,4756.2,4740.1,4726.5,True,2026-01-20 22:54:00,4740.1,BE,0.0,-4.0,1
2026-01-20 23:05:00,2026-01-20 23:20:00,2026-01-20 23:22:00,EXTEND,long,4744.6,4738.0,4744.6,4757.9,True,2026-01-20 23:21:00,4744.6,BE,0.0,-4.0,2
2026-01-20 23:25:00,2026-01-20 23:51:00,2026-01-20 23:58:00,EXTEND,short,4740.6,4753.7,4740.6,4719.4,True,2026-01-20 23:55:00,4740.6,BE,0.0,-4.0,7
2026-01-21 00:10:00,2026-01-21 00:15:00,2026-01-21 00:16:00,MSS,long,4747.2,4733.0,4747.2,4751.9,True,2026-01-21 00:16:00,4747.2,BE,0.0,-4.0,1
2026-01-21 01:40:00,2026-01-21 01:47:00,2026-01-21 01:48:00,BOS,long,4760.0,4756.2,4760.0,4764.8,True,2026-01-21 01:48:00,4759.9,BE,-0.1,-5.0,1
2026-01-21 02:20:00,2026-01-21 02:46:00,2026-01-21 02:47:00,EXTEND,long,4763.8,4756.3,4763.8,4775.2,True,2026-01-21 02:47:00,4763.8,BE,0.0,-4.0,1
2026-01-21 02:50:00,2026-01-21 03:01:00,2026-01-21 03:04:00,MSS,short,4763.4,4764.9,4763.4,4755.5,True,2026-01-21 03:02:00,4763.4,BE,0.0,-4.0,3
2026-01-21 03:15:00,2026-01-21 03:34:00,2026-01-21 03:35:00,MSS,long,4764.7,4757.5,4764.7,4776.0,True,2026-01-21 03:35:00,4764.7,BE,0.0,-4.0,1
2026-01-21 07:00:00,2026-01-21 07:07:00,2026-01-21 07:08:00,MSS,short,4765.3,4769.2,4765.3,4761.5,True,2026-01-21 07:08:00,4765.3,BE,0.0,-4.0,1
2026-01-21 07:40:00,2026-01-21 07:46:00,2026-01-21 07:47:00,MSS,long,4781.8,4761.8,4781.8,4782.4,True,2026-01-21 07:47:00,4781.5,BE,-0.3,-7.0,1
2026-01-21 08:55:00,2026-01-21 09:01:00,2026-01-21 09:02:00,EXTEND,long,4792.7,4786.9,4792.7,4794.5,True,2026-01-21 09:02:00,4792.7,BE,0.0,-4.0,1
2026-01-21 09:50:00,2026-01-21 10:14:00,2026-01-21 10:45:00,BOS,long,4831.4,4818.1,4831.4,4855.3,True,2026-01-21 10:32:00,4831.4,BE,0.0,-4.0,31
2026-01-21 11:10:00,2026-01-21 11:17:00,2026-01-21 11:23:00,EXTEND,long,4836.1,4830.3,4830.3,4858.5,False,,4830.3,SL,-5.8,-62.0,6
2026-01-21 13:05:00,2026-01-21 13:12:00,2026-01-21 13:13:00,EXTEND,short,4866.9,4873.8,4866.9,4858.2,True,2026-01-21 13:13:00,4866.9,BE,0.0,-4.0,1
2026-01-21 13:20:00,2026-01-21 13:28:00,2026-01-21 13:29:00,EXTEND,long,4870.7,4861.5,4870.7,4881.1,True,2026-01-21 13:29:00,4870.7,BE,0.0,-4.0,1
2026-01-21 13:35:00,2026-01-21 13:45:00,2026-01-21 13:46:00,EXTEND,long,4876.0,4866.4,4876.0,4884.8,True,2026-01-21 13:46:00,4875.9,BE,-0.1,-5.0,1
2026-01-21 14:35:00,2026-01-21 14:40:00,2026-01-21 14:41:00,MSS,short,4869.6,4890.9,4869.6,4864.4,True,2026-01-21 14:41:00,4869.7,BE,-0.1,-5.0,1
2026-01-21 15:50:00,2026-01-21 15:55:00,2026-01-21 15:56:00,MSS,long,4858.7,4840.7,4858.7,4864.4,True,2026-01-21 15:56:00,4858.6,BE,-0.1,-5.0,1
2026-01-21 16:25:00,2026-01-21 16:34:00,2026-01-21 16:35:00,EXTEND,long,4865.0,4858.1,4865.0,4875.4,True,2026-01-21 16:35:00,4865.0,BE,0.0,-4.0,1
2026-01-21 16:55:00,2026-01-21 17:12:00,2026-01-21 17:13:00,MSS,short,4861.7,4871.7,4861.7,4848.7,True,2026-01-21 17:13:00,4861.7,BE,0.0,-4.0,1
2026-01-21 17:30:00,2026-01-21 17:45:00,2026-01-21 19:18:00,EXTEND,long,4869.4,4860.3,4869.4,4884.4,True,2026-01-21 19:17:00,4869.4,BE,0.0,-4.0,93
2026-01-21 19:20:00,2026-01-21 19:35:00,2026-01-21 19:44:00,EXTEND,long,4867.3,4863.2,4863.2,4876.9,False,,4863.2,SL,-4.1,-45.0,9
2026-01-21 19:45:00,2026-01-21 20:06:00,2026-01-21 20:07:00,MSS,short,4866.3,4874.0,4866.3,4852.8,True,2026-01-21 20:07:00,4866.3,BE,0.0,-4.0,1
2026-01-21 21:10:00,2026-01-21 21:25:00,2026-01-21 21:27:00,EXTEND,long,4867.3,4861.0,4867.3,4877.9,True,2026-01-21 21:26:00,4867.3,BE,0.0,-4.0,2
2026-01-21 22:05:00,2026-01-21 22:10:00,2026-01-21 22:11:00,EXTEND,short,4851.6,4883.4,4851.6,4832.9,True,2026-01-21 22:11:00,4851.6,BE,0.0,-4.0,1
2026-01-21 22:10:00,2026-01-21 22:32:00,2026-01-21 22:33:00,EXTEND,short,4858.3,4883.4,4858.3,4829.4,True,2026-01-21 22:33:00,4858.6,BE,-0.3,-7.0,1
2026-01-21 22:40:00,2026-01-21 22:54:00,2026-01-21 23:00:00,EXTEND,long,4858.2,4852.2,4852.2,4880.9,False,,4852.2,SL,-6.0,-64.0,6
2026-01-21 23:05:00,2026-01-21 23:13:00,2026-01-21 23:14:00,EXTEND,long,4861.6,4848.6,4861.6,4877.2,True,2026-01-21 23:14:00,4861.6,BE,0.0,-4.0,1
2026-01-21 23:50:00,2026-01-21 23:56:00,2026-01-21 23:57:00,MSS,long,4855.0,4834.9,4855.0,4859.9,True,2026-01-21 23:57:00,4855.0,BE,0.0,-4.0,1
2026-01-22 00:15:00,2026-01-22 00:23:00,2026-01-22 00:24:00,MSS,short,4835.9,4858.2,4835.9,4830.1,True,2026-01-22 00:24:00,4835.9,BE,0.0,-4.0,1
2026-01-22 00:25:00,2026-01-22 00:36:00,2026-01-22 00:37:00,EXTEND,short,4845.8,4858.2,4845.8,4824.3,True,2026-01-22 00:37:00,4845.8,BE,0.0,-4.0,1
2026-01-22 01:30:00,2026-01-22 01:41:00,2026-01-22 01:42:00,BOS,short,4812.0,4828.8,4812.0,4797.9,True,2026-01-22 01:42:00,4812.0,BE,0.0,-4.0,1
2026-01-22 03:25:00,2026-01-22 03:30:00,2026-01-22 03:31:00,MSS,short,4804.5,4856.9,4804.5,4793.4,True,2026-01-22 03:31:00,4804.5,BE,0.0,-4.0,1
2026-01-22 07:00:00,2026-01-22 07:06:00,2026-01-22 07:07:00,BOS,short,4811.2,4842.9,4811.2,4809.9,True,2026-01-22 07:07:00,4811.2,BE,0.0,-4.0,1
2026-01-22 07:55:00,2026-01-22 08:13:00,2026-01-22 08:42:00,BOS,short,4792.2,4799.5,4792.2,4773.6,True,2026-01-22 08:16:00,4792.2,BE,0.0,-4.0,29
2026-01-22 09:00:00,2026-01-22 09:12:00,2026-01-22 09:13:00,MSS,short,4782.1,4799.8,4782.1,4765.3,True,2026-01-22 09:13:00,4782.2,BE,-0.1,-5.0,1
2026-01-22 09:20:00,2026-01-22 10:34:00,2026-01-22 11:02:00,EXTEND,long,4785.5,4772.6,4785.5,4821.4,True,2026-01-22 10:58:00,4785.5,BE,0.0,-4.0,28
2026-01-22 12:05:00,2026-01-22 12:35:00,2026-01-22 12:36:00,EXTEND,long,4796.7,4791.1,4796.7,4804.3,True,2026-01-22 12:36:00,4796.7,BE,0.0,-4.0,1
2026-01-22 13:05:00,2026-01-22 13:13:00,2026-01-22 13:14:00,EXTEND,long,4800.1,4794.7,4800.1,4804.6,True,2026-01-22 13:14:00,4800.1,BE,0.0,-4.0,1
2026-01-22 15:00:00,2026-01-22 15:06:00,2026-01-22 15:07:00,MSS,long,4834.6,4821.7,4834.6,4835.5,True,2026-01-22 15:07:00,4834.6,BE,0.0,-4.0,1
2026-01-22 15:45:00,2026-01-22 15:59:00,2026-01-22 16:00:00,EXTEND,short,4833.5,4839.3,4833.5,4829.8,True,2026-01-22 16:00:00,4833.7,BE,-0.2,-6.0,1
2026-01-22 16:55:00,2026-01-22 17:01:00,2026-01-22 17:02:00,MSS,long,4832.9,4823.3,4832.9,4836.1,True,2026-01-22 17:02:00,4832.8,BE,-0.1,-5.0,1
2026-01-22 18:50:00,2026-01-22 19:01:00,2026-01-22 19:03:00,BOS,long,4831.5,4828.1,4831.5,4835.2,True,2026-01-22 19:02:00,4831.5,BE,0.0,-4.0,2
2026-01-22 19:10:00,2026-01-22 19:15:00,2026-01-22 19:16:00,MSS,short,4826.8,4834.0,4826.8,4826.3,True,2026-01-22 19:16:00,4826.3,TP,0.5,1.47,1
2026-01-22 19:15:00,2026-01-22 19:24:00,2026-01-22 19:25:00,EXTEND,short,4830.1,4834.0,4830.1,4824.1,True,2026-01-22 19:25:00,4830.1,BE,0.0,-4.0,1
2026-01-22 19:55:00,2026-01-22 20:06:00,2026-01-22 20:09:00,EXTEND,long,4828.5,4827.1,4827.1,4841.6,False,,4827.1,SL,-1.4,-18.0,3
2026-01-22 20:05:00,2026-01-22 20:28:00,2026-01-22 20:35:00,MSS,short,4833.1,4838.5,4833.1,4822.1,True,2026-01-22 20:35:00,4833.1,BE,0.0,-4.0,7
2026-01-22 21:00:00,2026-01-22 21:20:00,2026-01-22 21:22:00,EXTEND,short,4829.7,4834.8,4834.8,4812.8,False,,4834.8,SL,-5.1,-55.0,2
2026-01-22 21:25:00,2026-01-22 21:37:00,2026-01-22 21:42:00,EXTEND,long,4824.3,4817.5,4817.5,4842.9,False,,4817.5,SL,-6.8,-72.0,5
2026-01-22 21:40:00,2026-01-22 22:06:00,2026-01-22 22:07:00,MSS,short,4823.2,4837.5,4823.2,4803.8,True,2026-01-22 22:07:00,4823.2,BE,0.0,-4.0,1
2026-01-22 22:30:00,2026-01-22 23:02:00,2026-01-22 23:03:00,EXTEND,long,4838.7,4821.7,4838.7,4857.0,True,2026-01-22 23:03:00,4838.7,BE,0.0,-4.0,1
2026-01-23 00:50:00,2026-01-23 00:58:00,2026-01-23 01:00:00,EXTEND,long,4880.4,4876.0,4880.4,4891.2,True,2026-01-23 00:59:00,4880.4,BE,0.0,-4.0,2
2026-01-23 03:10:00,2026-01-23 03:29:00,2026-01-23 03:43:00,EXTEND,long,4917.8,4913.9,4917.8,4931.0,True,2026-01-23 03:33:00,4917.8,BE,0.0,-4.0,14
2026-01-23 07:10:00,2026-01-23 07:17:00,2026-01-23 07:30:00,EXTEND,long,4948.1,4938.1,4938.1,4970.7,False,,4938.1,SL,-10.0,-104.0,13
2026-01-23 07:30:00,2026-01-23 07:57:00,2026-01-23 08:02:00,MSS,short,4959.9,4963.8,4963.8,4924.3,False,,4963.8,SL,-3.9,-43.0,5
2026-01-23 09:00:00,2026-01-23 09:05:00,2026-01-23 09:06:00,MSS,short,4942.2,4968.5,4942.2,4930.4,True,2026-01-23 09:06:00,4942.5,BE,-0.3,-7.0,1
2026-01-23 09:05:00,2026-01-23 09:18:00,2026-01-23 09:19:00,EXTEND,short,4948.7,4968.5,4948.7,4930.0,True,2026-01-23 09:19:00,4949.0,BE,-0.3,-7.0,1
2026-01-23 10:30:00,2026-01-23 10:43:00,2026-01-23 10:44:00,MSS,long,4958.6,4948.4,4958.6,4962.4,True,2026-01-23 10:44:00,4958.5,BE,-0.1,-5.0,1
2026-01-23 11:15:00,2026-01-23 11:24:00,2026-01-23 11:25:00,MSS,short,4945.2,4960.9,4945.2,4935.9,True,2026-01-23 11:25:00,4945.3,BE,-0.1,-5.0,1
2026-01-23 11:25:00,2026-01-23 11:42:00,2026-01-23 11:44:00,EXTEND,short,4950.4,4960.9,4950.4,4933.8,True,2026-01-23 11:43:00,4950.4,BE,0.0,-4.0,2
2026-01-23 13:20:00,2026-01-23 13:30:00,2026-01-23 13:31:00,BOS,long,4961.9,4956.5,4961.9,4962.7,True,2026-01-23 13:31:00,4961.9,BE,0.0,-4.0,1
2026-01-23 13:30:00,2026-01-23 13:38:00,2026-01-23 13:39:00,EXTEND,long,4959.7,4956.5,4959.7,4963.5,True,2026-01-23 13:39:00,4959.7,BE,0.0,-4.0,1
2026-01-23 13:50:00,2026-01-23 14:02:00,2026-01-23 14:03:00,EXTEND,long,4963.5,4957.6,4963.5,4972.1,True,2026-01-23 14:03:00,4963.5,BE,0.0,-4.0,1
2026-01-23 15:20:00,2026-01-23 15:29:00,2026-01-23 15:30:00,EXTEND,long,4957.8,4952.6,4957.8,4963.4,True,2026-01-23 15:30:00,4957.8,BE,0.0,-4.0,1
2026-01-23 17:15:00,2026-01-23 17:24:00,2026-01-23 17:25:00,BOS,short,4911.5,4921.4,4911.5,4903.5,True,2026-01-23 17:25:00,4911.5,BE,0.0,-4.0,1
2026-01-23 17:25:00,2026-01-23 17:36:00,2026-01-23 17:37:00,EXTEND,short,4909.6,4921.4,4909.6,4895.7,True,2026-01-23 17:37:00,4909.9,BE,-0.3,-7.0,1
2026-01-23 19:05:00,2026-01-23 19:14:00,2026-01-23 19:15:00,EXTEND,short,4919.3,4932.0,4919.3,4912.6,True,2026-01-23 19:15:00,4919.3,BE,0.0,-4.0,1
2026-01-23 19:35:00,2026-01-23 19:40:00,2026-01-23 19:41:00,EXTEND,long,4925.0,4912.7,4925.0,4929.3,True,2026-01-23 19:41:00,4924.7,BE,-0.3,-7.0,1
2026-01-23 20:50:00,2026-01-23 21:02:00,2026-01-23 21:03:00,EXTEND,long,4940.7,4932.8,4940.7,4946.3,True,2026-01-23 21:03:00,4940.7,BE,0.0,-4.0,1
2026-01-23 21:20:00,2026-01-23 21:36:00,2026-01-23 21:37:00,MSS,short,4929.7,4948.8,4929.7,4917.9,True,2026-01-23 21:37:00,4930.3,BE,-0.6,-10.0,1
2026-01-23 22:10:00,2026-01-23 22:19:00,2026-01-23 22:20:00,EXTEND,long,4942.9,4935.8,4942.9,4952.2,True,2026-01-23 22:20:00,4942.9,BE,0.0,-4.0,1
2026-01-23 22:50:00,2026-01-23 23:02:00,2026-01-23 23:03:00,EXTEND,long,4949.6,4933.3,4949.6,4963.7,True,2026-01-23 23:03:00,4949.5,BE,-0.1,-5.0,1
2026-01-24 01:15:00,2026-01-24 01:30:00,2026-01-24 01:31:00,EXTEND,long,4986.9,4978.2,4986.9,4991.8,True,2026-01-24 01:31:00,4986.8,BE,-0.1,-5.0,1
2026-01-24 01:40:00,2026-01-24 01:46:00,2026-01-24 01:47:00,EXTEND,long,4985.7,4978.2,4985.7,4991.9,True,2026-01-24 01:47:00,4985.7,BE,0.0,-4.0,1
2026-01-24 01:55:00,2026-01-24 02:06:00,2026-01-24 02:09:00,EXTEND,short,4977.0,4989.0,4977.0,4956.0,True,2026-01-24 02:09:00,4977.0,BE,0.0,-4.0,3
2026-01-24 02:45:00,2026-01-24 03:06:00,2026-01-24 03:52:00,EXTEND,short,4977.5,4985.4,4985.4,4952.3,False,,4985.4,SL,-7.9,-83.0,46
2026-01-26 08:30:00,2026-01-26 08:38:00,2026-01-26 08:39:00,MSS,long,5048.9,5029.4,5048.9,5053.0,True,2026-01-26 08:39:00,5048.9,BE,0.0,-4.0,1
2026-01-26 08:40:00,2026-01-26 09:00:00,2026-01-26 09:01:00,EXTEND,long,5043.0,5029.4,5043.0,5057.6,True,2026-01-26 09:01:00,5042.7,BE,-0.3,-7.0,1
2026-01-26 10:30:00,2026-01-26 11:04:00,2026-01-26 11:05:00,EXTEND,long,5079.3,5064.4,5079.3,5098.8,True,2026-01-26 11:05:00,5079.3,BE,0.0,-4.0,1
2026-01-26 12:45:00,2026-01-26 13:03:00,2026-01-26 13:19:00,EXTEND,short,5068.0,5076.0,5068.0,5050.0,True,2026-01-26 13:05:00,5050.0,TP,18.0,176.35,16
2026-01-26 13:15:00,2026-01-26 13:31:00,2026-01-26 13:32:00,BOS,short,5053.5,5070.8,5053.5,5043.9,True,2026-01-26 13:32:00,5053.5,BE,0.0,-4.0,1
2026-01-26 14:50:00,2026-01-26 15:03:00,2026-01-26 16:54:00,EXTEND,long,5078.0,5063.2,5078.0,5120.0,True,2026-01-26 15:08:00,5078.0,BE,0.0,-4.0,111
2026-01-26 16:50:00,2026-01-26 17:12:00,2026-01-26 17:13:00,EXTEND,short,5085.9,5096.7,5085.9,5072.1,True,2026-01-26 17:13:00,5086.1,BE,-0.2,-6.0,1
2026-01-26 17:20:00,2026-01-26 17:25:00,2026-01-26 17:26:00,EXTEND,long,5089.3,5084.9,5089.3,5094.6,True,2026-01-26 17:26:00,5089.0,BE,-0.3,-7.0,1
2026-01-26 17:30:00,2026-01-26 17:44:00,2026-01-26 17:49:00,EXTEND,long,5089.3,5085.7,5085.7,5100.3,False,,5085.7,SL,-3.6,-40.0,5
2026-01-26 17:55:00,2026-01-26 18:23:00,2026-01-26 18:27:00,EXTEND,short,5086.5,5097.2,5086.5,5066.6,True,2026-01-26 18:26:00,5086.5,BE,0.0,-4.0,4
2026-01-26 19:10:00,2026-01-26 19:15:00,2026-01-26 19:16:00,MSS,short,5084.8,5091.9,5084.8,5083.5,True,2026-01-26 19:16:00,5084.9,BE,-0.1,-5.0,1
2026-01-26 19:15:00,2026-01-26 19:31:00,2026-01-26 19:35:00,EXTEND,short,5084.4,5091.9,5084.4,5072.5,True,2026-01-26 19:32:00,5084.4,BE,0.0,-4.0,4
2026-01-26 20:00:00,2026-01-26 20:09:00,2026-01-26 20:10:00,MSS,long,5090.7,5087.8,5090.7,5092.9,True,2026-01-26 20:10:00,5090.6,BE,-0.1,-5.0,1
2026-01-26 20:20:00,2026-01-26 20:36:00,2026-01-26 20:39:00,BOS,long,5086.3,5083.8,5083.8,5098.3,False,,5083.8,SL,-2.5,-29.0,3
2026-01-26 21:00:00,2026-01-26 21:13:00,2026-01-26 21:30:00,EXTEND,short,5077.0,5083.5,5077.0,5057.6,True,2026-01-26 21:19:00,5057.6,TP,19.4,190.08,17
2026-01-26 21:30:00,2026-01-26 21:50:00,2026-01-26 21:51:00,BOS,short,5067.6,5081.0,5067.6,5044.0,True,2026-01-26 21:51:00,5067.6,BE,0.0,-4.0,1
2026-01-26 22:55:00,2026-01-26 23:04:00,2026-01-26 23:05:00,EXTEND,long,5089.5,5076.2,5089.5,5099.7,True,2026-01-26 23:05:00,5089.3,BE,-0.2,-6.0,1
2026-01-26 23:10:00,2026-01-26 23:22:00,2026-01-26 23:23:00,EXTEND,long,5090.7,5076.2,5090.7,5100.6,True,2026-01-26 23:23:00,5090.6,BE,-0.1,-5.0,1
2026-01-27 00:05:00,2026-01-27 00:13:00,2026-01-27 00:14:00,EXTEND,long,5099.5,5071.1,5099.5,5111.4,True,2026-01-27 00:14:00,5099.5,BE,0.0,-4.0,1
2026-01-27 00:35:00,2026-01-27 00:59:00,2026-01-27 01:28:00,EXTEND,short,5086.3,5101.9,5086.3,5051.1,True,2026-01-27 01:24:00,5086.3,BE,0.0,-4.0,29
2026-01-27 02:05:00,2026-01-27 02:10:00,2026-01-27 02:11:00,MSS,short,5081.1,5100.4,5081.1,5078.9,True,2026-01-27 02:11:00,5078.9,TP,2.2,17.63,1
2026-01-27 02:40:00,2026-01-27 02:51:00,2026-01-27 03:02:00,EXTEND,short,5071.6,5086.9,5071.6,5044.4,True,2026-01-27 02:56:00,5044.4,TP,27.2,268.45,11
2026-01-27 07:45:00,2026-01-27 08:01:00,2026-01-27 08:10:00,EXTEND,long,5041.6,5033.6,5041.6,5062.2,True,2026-01-27 08:05:00,5041.6,BE,0.0,-4.0,9
2026-01-27 09:05:00,2026-01-27 09:11:00,2026-01-27 09:12:00,MSS,long,5056.9,5013.3,5056.9,5055.6,True,2026-01-27 09:12:00,5057.0,TP,0.1,-3.0,1
2026-01-27 10:00:00,2026-01-27 10:12:00,2026-01-27 10:15:00,EXTEND,short,5060.1,5071.6,5060.1,5036.3,True,2026-01-27 10:13:00,5060.1,BE,0.0,-4.0,3
2026-01-27 10:45:00,2026-01-27 10:56:00,2026-01-27 10:57:00,EXTEND,long,5068.0,5055.5,5068.0,5079.9,True,2026-01-27 10:57:00,5067.9,BE,-0.1,-5.0,1
2026-01-27 12:10:00,2026-01-27 12:20:00,2026-01-27 12:21:00,MSS,short,5068.6,5074.4,5068.6,5060.7,True,2026-01-27 12:21:00,5068.6,BE,0.0,-4.0,1
2026-01-27 12:40:00,2026-01-27 12:58:00,2026-01-27 12:59:00,EXTEND,short,5061.8,5070.7,5061.8,5052.3,True,2026-01-27 12:59:00,5061.8,BE,0.0,-4.0,1
2026-01-27 13:10:00,2026-01-27 13:27:00,2026-01-27 13:31:00,EXTEND,short,5059.4,5065.6,5059.4,5048.2,True,2026-01-27 13:30:00,5059.4,BE,0.0,-4.0,4
2026-01-27 14:20:00,2026-01-27 14:33:00,2026-01-27 14:34:00,BOS,long,5079.5,5071.3,5079.5,5086.4,True,2026-01-27 14:34:00,5079.3,BE,-0.2,-6.0,1
2026-01-27 14:50:00,2026-01-27 14:57:00,2026-01-27 14:59:00,EXTEND,long,5081.3,5074.3,5081.3,5093.7,True,2026-01-27 14:58:00,5081.3,BE,0.0,-4.0,2
2026-01-27 15:05:00,2026-01-27 15:17:00,2026-01-27 15:18:00,EXTEND,long,5084.6,5074.3,5084.6,5094.2,True,2026-01-27 15:18:00,5084.5,BE,-0.1,-5.0,1
2026-01-27 15:40:00,2026-01-27 16:09:00,2026-01-27 16:11:00,EXTEND,long,5079.5,5077.0,5077.0,5102.5,False,,5077.0,SL,-2.5,-29.0,2
2026-01-27 16:30:00,2026-01-27 16:47:00,2026-01-27 16:55:00,EXTEND,short,5078.0,5084.0,5078.0,5064.3,True,2026-01-27 16:51:00,5078.0,BE,0.0,-4.0,8
2026-01-27 17:35:00,2026-01-27 17:48:00,2026-01-27 17:49:00,EXTEND,long,5085.2,5073.9,5085.2,5095.4,True,2026-01-27 17:49:00,5085.1,BE,-0.1,-5.0,1
2026-01-27 18:20:00,2026-01-27 18:25:00,2026-01-27 18:26:00,MSS,short,5085.2,5095.0,5085.2,5082.3,True,2026-01-27 18:26:00,5085.2,BE,0.0,-4.0,1
2026-01-27 19:15:00,2026-01-27 19:23:00,2026-01-27 19:24:00,EXTEND,long,5083.2,5078.2,5083.2,5089.5,True,2026-01-27 19:24:00,5083.1,BE,-0.1,-5.0,1
2026-01-27 19:50:00,2026-01-27 20:03:00,2026-01-27 20:04:00,EXTEND,short,5071.8,5084.7,5071.8,5056.4,True,2026-01-27 20:04:00,5072.2,BE,-0.4,-8.0,1
2026-01-27 21:00:00,2026-01-27 21:11:00,2026-01-27 21:20:00,EXTEND,long,5081.3,5069.6,5081.3,5094.1,True,2026-01-27 21:12:00,5081.3,BE,0.0,-4.0,9
2026-01-27 21:40:00,2026-01-27 21:57:00,2026-01-27 22:05:00,MSS,short,5075.7,5082.5,5075.7,5061.3,True,2026-01-27 21:59:00,5061.3,TP,14.4,140.09,8
2026-01-27 22:15:00,2026-01-27 22:24:00,2026-01-27 22:30:00,BOS,short,5055.5,5068.0,5055.5,5035.0,True,2026-01-27 22:29:00,5055.5,BE,0.0,-4.0,6
2026-01-27 23:00:00,2026-01-27 23:07:00,2026-01-27 23:08:00,EXTEND,short,5058.2,5077.9,5058.2,5032.9,True,2026-01-27 23:08:00,5058.2,BE,0.0,-4.0,1
2026-01-28 00:20:00,2026-01-28 00:41:00,2026-01-28 00:42:00,EXTEND,long,5094.1,5080.4,5094.1,5105.8,True,2026-01-28 00:42:00,5094.1,BE,0.0,-4.0,1
2026-01-28 01:05:00,2026-01-28 01:16:00,2026-01-28 01:17:00,EXTEND,short,5079.1,5100.4,5079.1,5071.6,True,2026-01-28 01:17:00,5079.4,BE,-0.3,-7.0,1
2026-01-28 02:55:00,2026-01-28 03:09:00,2026-01-28 03:10:00,EXTEND,long,5083.6,5084.1,5084.1,5096.3,False,,5083.3,SL,-0.3,-7.0,1
2026-01-28 08:05:00,2026-01-28 08:10:00,2026-01-28 08:11:00,EXTEND,short,5160.7,5174.6,5160.7,5148.6,True,2026-01-28 08:11:00,5161.5,BE,-0.8,-12.0,1
2026-01-28 09:05:00,2026-01-28 09:14:00,2026-01-28 09:15:00,EXTEND,long,5187.0,5157.5,5187.0,5209.7,True,2026-01-28 09:15:00,5186.5,BE,-0.5,-9.0,1
2026-01-28 11:10:00,2026-01-28 11:42:00,2026-01-28 13:10:00,EXTEND,long,5223.9,5213.9,5223.9,5249.6,True,2026-01-28 11:44:00,5249.6,TP,25.7,252.87,88
2026-01-28 13:40:00,2026-01-28 14:07:00,2026-01-28 14:12:00,BOS,long,5251.3,5244.3,5251.3,5263.2,True,2026-01-28 14:12:00,5251.3,BE,0.0,-4.0,5
2026-01-28 16:45:00,2026-01-28 17:02:00,2026-01-28 17:03:00,MSS,short,5287.5,5306.7,5287.5,5267.2,True,2026-01-28 17:03:00,5288.2,BE,-0.7,-11.0,1
2026-01-28 17:40:00,2026-01-28 17:53:00,2026-01-28 18:09:00,BOS,short,5270.1,5276.3,5276.3,5253.4,False,,5276.3,SL,-6.2,-66.0,16
2026-01-28 18:10:00,2026-01-28 18:39:00,2026-01-28 18:41:00,EXTEND,long,5268.1,5258.3,5268.1,5287.5,True,2026-01-28 18:41:00,5268.1,BE,0.0,-4.0,2
2026-01-28 19:45:00,2026-01-28 19:51:00,2026-01-28 19:52:00,MSS,long,5261.6,5246.1,5261.6,5263.8,True,2026-01-28 19:52:00,5261.1,BE,-0.5,-9.0,1
2026-01-28 19:50:00,2026-01-28 20:07:00,2026-01-28 20:09:00,EXTEND,long,5250.6,5246.1,5246.1,5266.0,False,,5246.1,SL,-4.5,-49.0,2
2026-01-28 21:00:00,2026-01-28 21:13:00,2026-01-28 21:16:00,EXTEND,long,5268.4,5259.0,5268.4,5289.5,True,2026-01-28 21:15:00,5268.4,BE,0.0,-4.0,3
2026-01-28 22:05:00,2026-01-28 22:18:00,2026-01-28 22:22:00,EXTEND,short,5257.2,5263.0,5263.0,5236.6,False,,5263.0,SL,-5.8,-62.0,4
2026-01-28 23:05:00,2026-01-28 23:16:00,2026-01-28 23:17:00,MSS,short,5251.7,5292.3,5251.7,5211.5,True,2026-01-28 23:17:00,5252.2,BE,-0.5,-9.0,1
2026-01-29 00:30:00,2026-01-29 00:40:00,2026-01-29 00:41:00,MSS,short,5281.1,5288.8,5281.1,5269.8,True,2026-01-29 00:41:00,5281.1,BE,0.0,-4.0,1
2026-01-29 01:00:00,2026-01-29 01:20:00,2026-01-29 01:21:00,EXTEND,long,5294.1,5273.8,5294.1,5313.4,True,2026-01-29 01:21:00,5294.1,BE,0.0,-4.0,1
2026-01-29 01:35:00,2026-01-29 01:58:00,2026-01-29 02:07:00,MSS,short,5296.9,5301.3,5296.9,5273.5,True,2026-01-29 02:02:00,5296.9,BE,0.0,-4.0,9
2026-01-29 02:10:00,2026-01-29 02:16:00,2026-01-29 02:17:00,EXTEND,long,5301.6,5289.4,5301.6,5306.8,True,2026-01-29 02:17:00,5301.4,BE,-0.2,-6.0,1
2026-01-29 02:20:00,2026-01-29 02:33:00,2026-01-29 02:34:00,EXTEND,long,5286.9,5289.4,5289.4,5333.3,False,,5286.8,SL,-0.1,-5.0,1
2026-01-29 07:35:00,2026-01-29 07:48:00,2026-01-29 08:01:00,EXTEND,long,5505.8,5463.9,5463.9,5620.2,False,,5463.9,SL,-41.9,-423.0,13
2026-02-12 21:45:00,2026-02-12 23:40:00,2026-02-12 23:59:00,BOS,long,5068.1,5061.9,5061.9,5079.3,False,,5059.8,SL,-8.3,-87.0,2
2026-02-26 08:55:00,2026-02-26 09:00:00,2026-02-26 09:01:00,EXTEND,long,5206.9,5196.3,5206.9,5210.4,True,2026-02-26 09:01:00,5206.9,BE,0.0,-4.0,1
2026-02-26 09:00:00,2026-02-26 09:12:00,2026-02-26 09:15:00,EXTEND,long,5202.9,5196.3,5202.9,5218.8,True,2026-02-26 09:14:00,5202.9,BE,0.0,-4.0,3
2026-02-26 09:30:00,2026-02-26 09:39:00,2026-02-26 09:40:00,EXTEND,short,5200.7,5211.1,5200.7,5189.6,True,2026-02-26 09:40:00,5201.0,BE,-0.3,-7.0,1
2026-02-26 10:50:00,2026-02-26 10:55:00,2026-02-26 10:56:00,MSS,long,5200.9,5189.1,5200.9,5203.3,True,2026-02-26 10:56:00,5200.9,BE,0.0,-4.0,1
2026-02-26 13:25:00,2026-02-26 13:49:00,2026-02-26 14:04:00,EXTEND,long,5210.0,5206.4,5210.0,5225.8,True,2026-02-26 13:57:00,5210.0,BE,0.0,-4.0,15
2026-02-26 15:05:00,2026-02-26 15:20:00,2026-02-26 15:21:00,BOS,short,5203.9,5211.5,5203.9,5193.8,True,2026-02-26 15:21:00,5204.0,BE,-0.1,-5.0,1
2026-02-26 15:50:00,2026-02-26 15:59:00,2026-02-26 16:11:00,EXTEND,short,5202.6,5206.5,5202.6,5193.4,True,2026-02-26 16:00:00,5202.6,BE,0.0,-4.0,12
2026-02-26 16:25:00,2026-02-26 16:33:00,2026-02-26 16:34:00,MSS,short,5187.1,5207.7,5187.1,5186.5,True,2026-02-26 16:34:00,5187.1,BE,0.0,-4.0,1
2026-02-26 16:45:00,2026-02-26 16:53:00,2026-02-26 16:54:00,EXTEND,short,5194.9,5207.7,5194.9,5176.5,True,2026-02-26 16:54:00,5194.9,BE,0.0,-4.0,1
2026-02-26 18:15:00,2026-02-26 18:22:00,2026-02-26 18:23:00,MSS,short,5197.9,5206.4,5197.9,5195.9,True,2026-02-26 18:23:00,5198.1,BE,-0.2,-6.0,1
2026-02-26 18:55:00,2026-02-26 19:08:00,2026-02-26 19:18:00,EXTEND,short,5191.4,5194.7,5191.4,5177.3,True,2026-02-26 19:15:00,5191.4,BE,0.0,-4.0,10
2026-02-26 20:00:00,2026-02-26 20:13:00,2026-02-26 20:15:00,EXTEND,short,5183.7,5191.6,5183.7,5168.1,True,2026-02-26 20:15:00,5183.7,BE,0.0,-4.0,2
2026-02-26 21:10:00,2026-02-26 21:23:00,2026-02-26 21:24:00,EXTEND,short,5191.7,5200.9,5191.7,5180.1,True,2026-02-26 21:24:00,5191.7,BE,0.0,-4.0,1
2026-02-26 22:25:00,2026-02-26 22:34:00,2026-02-26 22:39:00,EXTEND,long,5181.6,5175.9,5181.6,5192.2,True,2026-02-26 22:35:00,5181.6,BE,0.0,-4.0,5
2026-02-26 22:35:00,2026-02-26 22:42:00,2026-02-26 22:45:00,EXTEND,long,5182.0,5175.9,5182.0,5195.3,True,2026-02-26 22:43:00,5182.0,BE,0.0,-4.0,3
2026-02-26 22:45:00,2026-02-26 22:54:00,2026-02-26 22:55:00,EXTEND,long,5185.1,5175.9,5185.1,5197.0,True,2026-02-26 22:55:00,5184.9,BE,-0.2,-6.0,1
2026-02-26 23:40:00,2026-02-26 23:45:00,2026-02-26 23:46:00,MSS,long,5195.5,5145.2,5195.5,5205.7,True,2026-02-26 23:46:00,5195.5,BE,0.0,-4.0,1
2026-02-27 01:45:00,2026-02-27 01:53:00,2026-02-27 01:54:00,BOS,short,5183.3,5194.9,5183.3,5177.8,True,2026-02-27 01:54:00,5183.3,BE,0.0,-4.0,1
2026-02-27 02:10:00,2026-02-27 02:15:00,2026-02-27 02:16:00,MSS,long,5192.3,5180.4,5192.3,5193.4,True,2026-02-27 02:16:00,5192.3,BE,0.0,-4.0,1
2026-02-27 02:30:00,2026-02-27 02:36:00,2026-02-27 02:51:00,EXTEND,long,5187.9,5180.4,5187.9,5202.5,True,2026-02-27 02:39:00,5202.5,TP,14.6,141.98,15
2026-02-27 03:45:00,2026-02-27 07:00:00,2026-02-27 07:01:00,BOS,long,5206.8,5200.3,5206.8,5214.4,True,2026-02-27 07:01:00,5206.0,BE,-0.8,-12.0,1
2026-02-27 07:00:00,2026-02-27 07:08:00,2026-02-27 07:09:00,BOS,short,5196.6,5208.6,5196.6,5187.6,True,2026-02-27 07:09:00,5196.6,BE,0.0,-4.0,1
2026-02-27 08:15:00,2026-02-27 08:20:00,2026-02-27 08:21:00,MSS,long,5208.0,5195.3,5208.0,5210.2,True,2026-02-27 08:21:00,5208.0,BE,0.0,-4.0,1
2026-02-27 08:35:00,2026-02-27 08:41:00,2026-02-27 08:42:00,MSS,short,5188.5,5211.5,5188.5,5180.8,True,2026-02-27 08:42:00,5188.5,BE,0.0,-4.0,1
2026-02-27 11:30:00,2026-02-27 11:39:00,2026-02-27 11:40:00,EXTEND,long,5203.0,5197.7,5203.0,5208.0,True,2026-02-27 11:40:00,5203.0,BE,0.0,-4.0,1
2026-02-27 11:45:00,2026-02-27 12:02:00,2026-02-27 12:09:00,BOS,long,5202.5,5200.0,5202.5,5209.4,True,2026-02-27 12:06:00,5202.5,BE,0.0,-4.0,7
2026-02-27 12:25:00,2026-02-27 12:32:00,2026-02-27 12:33:00,EXTEND,long,5203.9,5200.7,5203.9,5206.8,True,2026-02-27 12:33:00,5203.6,BE,-0.3,-7.0,1
2026-02-27 12:55:00,2026-02-27 13:09:00,2026-02-27 13:10:00,EXTEND,short,5201.4,5205.2,5201.4,5195.0,True,2026-02-27 13:10:00,5201.4,BE,0.0,-4.0,1
2026-02-27 13:55:00,2026-02-27 14:11:00,2026-02-27 14:12:00,BOS,long,5214.5,5207.8,5214.5,5220.0,True,2026-02-27 14:12:00,5214.5,BE,0.0,-4.0,1
2026-02-27 15:15:00,2026-02-27 15:26:00,2026-02-27 15:27:00,EXTEND,short,5199.1,5206.6,5199.1,5191.0,True,2026-02-27 15:27:00,5199.1,BE,0.0,-4.0,1
2026-02-27 15:55:00,2026-02-27 16:06:00,2026-02-27 16:07:00,BOS,short,5196.6,5199.6,5196.6,5190.7,True,2026-02-27 16:07:00,5196.6,BE,0.0,-4.0,1
2026-02-27 16:20:00,2026-02-27 16:36:00,2026-02-27 16:52:00,EXTEND,short,5196.9,5199.6,5196.9,5188.7,True,2026-02-27 16:51:00,5196.9,BE,0.0,-4.0,16
2026-02-27 16:50:00,2026-02-27 16:58:00,2026-02-27 16:59:00,EXTEND,short,5194.9,5199.2,5194.9,5191.3,True,2026-02-27 16:59:00,5194.9,BE,0.0,-4.0,1
2026-02-27 17:10:00,2026-02-27 17:17:00,2026-02-27 17:18:00,EXTEND,short,5194.3,5199.2,5194.3,5189.5,True,2026-02-27 17:18:00,5194.6,BE,-0.3,-7.0,1
2026-02-27 18:20:00,2026-02-27 18:25:00,2026-02-27 18:26:00,EXTEND,long,5195.4,5184.0,5195.4,5200.1,True,2026-02-27 18:26:00,5195.4,BE,0.0,-4.0,1
2026-02-27 18:25:00,2026-02-27 18:32:00,2026-02-27 18:33:00,EXTEND,long,5192.4,5184.0,5192.4,5200.8,True,2026-02-27 18:33:00,5192.2,BE,-0.2,-6.0,1
2026-02-27 19:15:00,2026-02-27 19:26:00,2026-02-27 19:28:00,EXTEND,short,5191.3,5194.2,5191.3,5186.8,True,2026-02-27 19:27:00,5191.3,BE,0.0,-4.0,2
2026-02-27 22:00:00,2026-02-27 22:10:00,2026-02-27 22:11:00,EXTEND,long,5241.1,5228.2,5241.1,5253.3,True,2026-02-27 22:11:00,5240.7,BE,-0.4,-8.0,1
2026-02-27 22:20:00,2026-02-27 22:35:00,2026-02-27 22:36:00,BOS,long,5245.8,5234.7,5245.8,5259.3,True,2026-02-27 22:36:00,5245.8,BE,0.0,-4.0,1
2026-02-27 23:15:00,2026-02-27 23:26:00,2026-02-27 23:58:00,EXTEND,long,5241.5,5236.8,5241.5,5264.2,True,2026-02-27 23:29:00,5264.2,TP,22.7,223.32,32
2026-02-28 00:15:00,2026-02-28 00:25:00,2026-02-28 01:01:00,EXTEND,long,5253.1,5244.0,5244.0,5285.4,False,,5244.0,SL,-9.1,-95.0,36
2026-02-28 01:00:00,2026-02-28 01:13:00,2026-02-28 01:14:00,EXTEND,short,5247.3,5256.9,5247.3,5240.1,True,2026-02-28 01:14:00,5247.5,BE,-0.2,-6.0,1
2026-02-28 01:40:00,2026-02-28 01:49:00,2026-02-28 01:50:00,MSS,long,5254.1,5237.4,5254.1,5259.0,True,2026-02-28 01:50:00,5253.8,BE,-0.3,-7.0,1
2026-02-28 02:20:00,2026-02-28 02:25:00,2026-02-28 02:26:00,MSS,short,5242.7,5256.4,5242.7,5239.8,True,2026-02-28 02:26:00,5242.7,BE,0.0,-4.0,1
2026-02-28 02:25:00,2026-02-28 02:32:00,2026-02-28 02:33:00,EXTEND,short,5246.8,5256.4,5246.8,5235.6,True,2026-02-28 02:33:00,5246.8,BE,0.0,-4.0,1
2026-03-02 10:05:00,2026-03-02 10:13:00,2026-03-02 10:14:00,EXTEND,short,5340.0,5351.8,5340.0,5322.8,True,2026-03-02 10:14:00,5340.0,BE,0.0,-4.0,1
2026-03-02 11:30:00,2026-03-02 11:37:00,2026-03-02 11:38:00,EXTEND,long,5374.6,5362.6,5374.6,5376.4,True,2026-03-02 11:38:00,5374.4,BE,-0.2,-6.0,1
2026-03-02 12:00:00,2026-03-02 12:10:00,2026-03-02 12:13:00,EXTEND,long,5371.4,5366.2,5371.4,5383.9,True,2026-03-02 12:12:00,5371.4,BE,0.0,-4.0,3
2026-03-02 13:30:00,2026-03-02 13:38:00,2026-03-02 13:39:00,MSS,long,5371.7,5353.6,5371.7,5375.8,True,2026-03-02 13:39:00,5371.7,BE,0.0,-4.0,1
2026-03-02 16:40:00,2026-03-02 16:50:00,2026-03-02 16:59:00,MSS,short,5421.0,5432.0,5421.0,5406.0,True,2026-03-02 16:51:00,5406.0,TP,15.0,146.35,9
2026-03-02 17:20:00,2026-03-02 17:34:00,2026-03-02 17:35:00,EXTEND,short,5412.2,5425.9,5412.2,5393.6,True,2026-03-02 17:35:00,5412.2,BE,0.0,-4.0,1
2026-03-02 18:40:00,2026-03-02 18:57:00,2026-03-02 19:08:00,EXTEND,long,5400.7,5398.1,5400.7,5421.5,True,2026-03-02 19:00:00,5400.7,BE,0.0,-4.0,11
2026-03-02 19:45:00,2026-03-02 20:14:00,2026-03-02 20:22:00,MSS,short,5405.8,5414.8,5405.8,5379.5,True,2026-03-02 20:16:00,5405.8,BE,0.0,-4.0,8
2026-03-02 21:10:00,2026-03-02 21:27:00,2026-03-02 21:30:00,MSS,short,5413.1,5425.5,5425.5,5388.0,False,,5425.5,SL,-12.4,-128.0,3
2026-03-03 00:25:00,2026-03-03 00:38:00,2026-03-03 00:39:00,MSS,long,5318.2,5294.5,5318.2,5337.7,True,2026-03-03 00:39:00,5318.2,BE,0.0,-4.0,1
2026-03-03 01:30:00,2026-03-03 01:53:00,2026-03-03 01:55:00,BOS,long,5319.1,5306.2,5319.1,5342.4,True,2026-03-03 01:55:00,5319.1,BE,0.0,-4.0,2
2026-03-03 02:10:00,2026-03-03 02:22:00,2026-03-03 02:44:00,EXTEND,short,5316.4,5324.2,5316.4,5297.3,True,2026-03-03 02:23:00,5316.4,BE,0.0,-4.0,22
2026-03-03 07:05:00,2026-03-03 07:24:00,2026-03-03 07:25:00,EXTEND,long,5349.7,5335.4,5349.7,5368.7,True,2026-03-03 07:25:00,5349.7,BE,0.0,-4.0,1
2026-03-03 07:45:00,2026-03-03 07:54:00,2026-03-03 07:56:00,EXTEND,short,5355.4,5356.0,5356.0,5340.3,False,,5356.0,SL,-0.6,-10.0,2
2026-03-03 08:30:00,2026-03-03 08:55:00,2026-03-03 08:56:00,EXTEND,long,5366.6,5350.4,5366.6,5384.1,True,2026-03-03 08:56:00,5366.5,BE,-0.1,-5.0,1
2026-03-03 09:25:00,2026-03-03 09:50:00,2026-03-03 09:56:00,EXTEND,long,5367.6,5360.4,5360.4,5403.7,False,,5360.4,SL,-7.2,-76.0,6
2026-03-03 10:00:00,2026-03-03 10:32:00,2026-03-03 10:41:00,EXTEND,short,5374.2,5394.5,5374.2,5333.3,True,2026-03-03 10:39:00,5374.2,BE,0.0,-4.0,9
2026-03-03 11:50:00,2026-03-03 12:03:00,2026-03-03 12:04:00,MSS,short,5377.8,5383.8,5377.8,5369.2,True,2026-03-03 12:04:00,5377.8,BE,0.0,-4.0,1
2026-03-03 12:25:00,2026-03-03 13:02:00,2026-03-03 13:14:00,EXTEND,long,5378.1,5372.7,5378.1,5393.7,True,2026-03-03 13:10:00,5378.1,BE,0.0,-4.0,12
2026-03-03 14:10:00,2026-03-03 14:24:00,2026-03-03 14:40:00,BOS,short,5321.5,5337.0,5321.5,5279.6,True,2026-03-03 14:37:00,5321.5,BE,0.0,-4.0,16
2026-03-03 16:05:00,2026-03-03 16:17:00,2026-03-03 16:18:00,EXTEND,long,5338.3,5321.7,5338.3,5356.4,True,2026-03-03 16:18:00,5338.3,BE,0.0,-4.0,1
2026-03-03 16:55:00,2026-03-03 17:04:00,2026-03-03 17:05:00,BOS,short,5302.2,5324.2,5302.2,5296.9,True,2026-03-03 17:05:00,5296.9,TP,5.3,49.05,1
2026-03-03 17:05:00,2026-03-03 17:13:00,2026-03-03 17:14:00,EXTEND,short,5307.0,5324.2,5307.0,5288.3,True,2026-03-03 17:14:00,5307.0,BE,0.0,-4.0,1
2026-03-03 17:55:00,2026-03-03 18:03:00,2026-03-03 18:04:00,EXTEND,long,5297.0,5270.9,5297.0,5298.7,True,2026-03-03 18:04:00,5296.3,BE,-0.7,-11.0,1
2026-03-03 18:00:00,2026-03-03 18:10:00,2026-03-03 18:11:00,BOS,long,5288.7,5270.9,5288.7,5307.6,True,2026-03-03 18:11:00,5288.6,BE,-0.1,-5.0,1
2026-03-03 21:00:00,2026-03-03 21:05:00,2026-03-03 21:06:00,MSS,short,5180.8,5236.8,5180.8,5171.0,True,2026-03-03 21:06:00,5180.8,BE,0.0,-4.0,1
2026-03-03 21:50:00,2026-03-03 22:14:00,2026-03-03 22:31:00,BOS,short,5175.5,5197.7,5175.5,5128.9,True,2026-03-03 22:15:00,5128.9,TP,46.6,462.34,17
2026-03-04 00:35:00,2026-03-04 00:47:00,2026-03-04 00:49:00,BOS,long,5119.6,5117.8,5117.8,5153.2,False,,5117.8,SL,-1.8,-22.0,2
2026-03-04 02:00:00,2026-03-04 02:09:00,2026-03-04 02:10:00,MSS,long,5108.8,5077.6,5108.8,5114.0,True,2026-03-04 02:10:00,5108.8,BE,0.0,-4.0,1
2026-03-04 03:05:00,2026-03-04 03:10:00,2026-03-04 03:11:00,MSS,short,5130.9,5161.4,5130.9,5131.6,True,2026-03-04 03:11:00,5131.4,BE,-0.5,-9.0,1
2026-03-04 08:00:00,2026-03-04 08:14:00,2026-03-04 08:15:00,MSS,short,5124.3,5136.0,5124.3,5108.6,True,2026-03-04 08:15:00,5124.4,BE,-0.1,-5.0,1
2026-03-04 08:50:00,2026-03-04 08:56:00,2026-03-04 08:57:00,EXTEND,long,5142.4,5130.6,5142.4,5154.3,True,2026-03-04 08:57:00,5142.4,BE,0.0,-4.0,1
2026-03-04 10:10:00,2026-03-04 10:26:00,2026-03-04 10:27:00,EXTEND,long,5189.3,5177.4,5189.3,5206.7,True,2026-03-04 10:27:00,5189.3,BE,0.0,-4.0,1
2026-03-04 12:10:00,2026-03-04 12:25:00,2026-03-04 12:28:00,EXTEND,long,5175.6,5162.3,5175.6,5197.2,True,2026-03-04 12:26:00,5175.6,BE,0.0,-4.0,3
2026-03-04 12:40:00,2026-03-04 12:47:00,2026-03-04 12:48:00,MSS,short,5165.7,5180.5,5165.7,5155.0,True,2026-03-04 12:48:00,5165.7,BE,0.0,-4.0,1
2026-03-04 13:05:00,2026-03-04 13:12:00,2026-03-04 13:16:00,EXTEND,short,5170.1,5173.4,5173.4,5156.8,False,,5173.5,SL,-3.4,-38.0,4
2026-03-04 13:40:00,2026-03-04 13:47:00,2026-03-04 13:48:00,EXTEND,long,5170.5,5160.3,5170.5,5180.5,True,2026-03-04 13:48:00,5170.0,BE,-0.5,-9.0,1
2026-03-04 13:50:00,2026-03-04 13:57:00,2026-03-04 13:58:00,EXTEND,long,5169.0,5160.3,5169.0,5181.9,True,2026-03-04 13:58:00,5168.9,BE,-0.1,-5.0,1
2026-03-04 14:05:00,2026-03-04 14:14:00,2026-03-04 14:15:00,EXTEND,short,5151.0,5177.3,5151.0,5115.3,True,2026-03-04 14:15:00,5151.1,BE,-0.1,-5.0,1
2026-03-04 15:45:00,2026-03-04 16:00:00,2026-03-04 16:01:00,BOS,long,5180.9,5173.7,5180.9,5189.3,True,2026-03-04 16:01:00,5180.9,BE,0.0,-4.0,1
2026-03-04 16:05:00,2026-03-04 16:26:00,2026-03-04 16:27:00,EXTEND,short,5170.5,5186.0,5170.5,5150.1,True,2026-03-04 16:27:00,5170.5,BE,0.0,-4.0,1
2026-03-04 16:45:00,2026-03-04 17:03:00,2026-03-04 17:04:00,MSS,long,5179.7,5157.7,5179.7,5202.4,True,2026-03-04 17:04:00,5179.5,BE,-0.2,-6.0,1
2026-03-04 18:15:00,2026-03-04 18:34:00,2026-03-04 18:41:00,EXTEND,long,5198.9,5187.0,5198.9,5222.1,True,2026-03-04 18:40:00,5198.9,BE,0.0,-4.0,7
2026-03-04 19:35:00,2026-03-04 19:55:00,2026-03-04 19:56:00,EXTEND,long,5204.1,5202.0,5202.0,5216.1,False,,5202.0,SL,-2.1,-25.0,1
2026-03-04 20:15:00,2026-03-04 20:24:00,2026-03-04 20:25:00,MSS,short,5191.9,5218.2,5191.9,5182.1,True,2026-03-04 20:25:00,5191.9,BE,0.0,-4.0,1
2026-03-04 21:55:00,2026-03-04 22:03:00,2026-03-04 22:04:00,MSS,short,5185.5,5203.4,5185.5,5170.8,True,2026-03-04 22:04:00,5185.5,BE,0.0,-4.0,1
2026-03-04 22:30:00,2026-03-04 22:41:00,2026-03-04 22:42:00,MSS,long,5187.6,5169.2,5187.6,5202.0,True,2026-03-04 22:42:00,5187.6,BE,0.0,-4.0,1
2026-03-04 23:10:00,2026-03-04 23:37:00,2026-03-05 00:02:00,BOS,short,5168.8,5173.3,5168.8,5131.1,True,2026-03-04 23:42:00,5168.8,BE,0.0,-4.0,25
2026-03-05 00:20:00,2026-03-05 00:37:00,2026-03-05 00:38:00,BOS,short,5161.1,5172.9,5161.1,5142.0,True,2026-03-05 00:38:00,5161.1,BE,0.0,-4.0,1
2026-03-05 01:20:00,2026-03-05 01:29:00,2026-03-05 01:30:00,BOS,short,5145.6,5161.9,5145.6,5123.3,True,2026-03-05 01:30:00,5145.9,BE,-0.3,-7.0,1
2026-03-05 03:25:00,2026-03-05 03:33:00,2026-03-05 03:34:00,EXTEND,short,5137.9,5145.8,5137.9,5132.1,True,2026-03-05 03:34:00,5138.0,BE,-0.1,-5.0,1
2026-03-05 03:30:00,2026-03-05 03:57:00,2026-03-05 03:58:00,EXTEND,short,5147.8,5145.8,5145.8,5129.9,False,,5147.7,SL,0.1,-3.0,1
2026-03-05 08:20:00,2026-03-05 08:49:00,2026-03-05 08:50:00,EXTEND,long,5188.1,5170.6,5188.1,5196.8,True,2026-03-05 08:50:00,5188.1,BE,0.0,-4.0,1
2026-03-05 09:10:00,2026-03-05 09:26:00,2026-03-05 09:27:00,EXTEND,long,5188.7,5177.7,5188.7,5203.4,True,2026-03-05 09:27:00,5188.7,BE,0.0,-4.0,1
2026-03-05 10:20:00,2026-03-05 10:40:00,2026-03-05 10:41:00,EXTEND,long,5191.9,5182.0,5191.9,5201.6,True,2026-03-05 10:41:00,5191.9,BE,0.0,-4.0,1
2026-03-05 11:05:00,2026-03-05 11:32:00,2026-03-05 11:33:00,EXTEND,long,5196.6,5183.3,5196.6,5210.2,True,2026-03-05 11:33:00,5196.6,BE,0.0,-4.0,1
2026-03-05 12:00:00,2026-03-05 12:14:00,2026-03-05 12:15:00,EXTEND,short,5192.8,5200.0,5192.8,5181.5,True,2026-03-05 12:15:00,5192.8,BE,0.0,-4.0,1
2026-03-05 14:10:00,2026-03-05 14:42:00,2026-03-05 15:02:00,EXTEND,short,5159.3,5178.4,5178.4,5116.2,False,,5178.4,SL,-19.1,-195.0,20
2026-03-05 16:20:00,2026-03-05 16:43:00,2026-03-05 16:45:00,EXTEND,short,5169.9,5175.4,5175.4,5138.4,False,,5175.4,SL,-5.5,-59.0,2
2026-03-05 17:10:00,2026-03-05 17:33:00,2026-03-05 17:39:00,EXTEND,long,5177.0,5171.5,5171.5,5197.9,False,,5171.5,SL,-5.5,-59.0,6
2026-03-06 07:00:00,2026-03-06 07:12:00,2026-03-06 07:33:00,EXTEND,long,5096.8,5081.9,5096.8,5126.5,True,2026-03-06 07:18:00,5096.8,BE,0.0,-4.0,21
2026-03-06 08:00:00,2026-03-06 08:11:00,2026-03-06 08:14:00,MSS,short,5095.8,5111.6,5095.8,5068.2,True,2026-03-06 08:13:00,5095.8,BE,0.0,-4.0,3
2026-03-06 09:00:00,2026-03-06 09:07:00,2026-03-06 09:09:00,MSS,short,5086.8,5098.4,5086.8,5067.5,True,2026-03-06 09:08:00,5086.8,BE,0.0,-4.0,2
2026-03-06 10:40:00,2026-03-06 11:02:00,2026-03-06 11:03:00,MSS,short,5133.8,5143.2,5133.8,5125.7,True,2026-03-06 11:03:00,5134.0,BE,-0.2,-6.0,1
2026-03-06 11:20:00,2026-03-06 11:44:00,2026-03-06 11:45:00,EXTEND,long,5141.2,5130.3,5141.2,5155.1,True,2026-03-06 11:45:00,5141.0,BE,-0.2,-6.0,1
2026-03-06 12:10:00,2026-03-06 12:23:00,2026-03-06 12:25:00,BOS,long,5140.5,5138.5,5138.5,5147.3,False,,5138.5,SL,-2.0,-24.0,2
2026-03-06 12:25:00,2026-03-06 12:34:00,2026-03-06 12:37:00,MSS,short,5138.4,5145.4,5138.4,5133.6,True,2026-03-06 12:35:00,5138.4,BE,0.0,-4.0,3
2026-03-06 13:25:00,2026-03-06 13:32:00,2026-03-06 13:34:00,MSS,long,5133.3,5131.5,5131.5,5141.3,False,,5131.5,SL,-1.8,-22.0,2
2026-03-06 14:20:00,2026-03-06 14:26:00,2026-03-06 14:27:00,MSS,long,5131.4,5121.3,5131.4,5134.1,True,2026-03-06 14:27:00,5131.3,BE,-0.1,-5.0,1
2026-03-06 14:25:00,2026-03-06 14:41:00,2026-03-06 14:42:00,EXTEND,long,5129.5,5121.3,5129.5,5134.8,True,2026-03-06 14:42:00,5129.4,BE,-0.1,-5.0,1
2026-03-06 15:05:00,2026-03-06 15:28:00,2026-03-06 15:29:00,EXTEND,short,5121.4,5131.3,5121.4,5109.3,True,2026-03-06 15:29:00,5121.4,BE,0.0,-4.0,1
2026-03-06 16:05:00,2026-03-06 16:14:00,2026-03-06 16:17:00,EXTEND,long,5124.1,5116.5,5124.1,5136.7,True,2026-03-06 16:16:00,5124.1,BE,0.0,-4.0,3
2026-03-06 16:30:00,2026-03-06 16:49:00,2026-03-06 17:36:00,EXTEND,short,5117.3,5126.4,5117.3,5098.5,True,2026-03-06 17:00:00,5098.5,TP,18.8,184.4,47
2026-03-06 17:35:00,2026-03-06 17:46:00,2026-03-06 17:47:00,BOS,short,5099.1,5112.5,5099.1,5087.7,True,2026-03-06 17:47:00,5099.1,BE,0.0,-4.0,1
2026-03-06 18:05:00,2026-03-06 18:31:00,2026-03-06 18:32:00,EXTEND,short,5094.5,5112.5,5094.5,5076.4,True,2026-03-06 18:32:00,5095.0,BE,-0.5,-9.0,1
2026-03-06 19:30:00,2026-03-06 19:50:00,2026-03-06 19:54:00,EXTEND,long,5094.5,5089.2,5089.2,5114.9,False,,5089.2,SL,-5.3,-57.0,4
2026-03-06 19:55:00,2026-03-06 20:16:00,2026-03-06 21:30:00,EXTEND,short,5097.5,5109.4,5097.5,5060.0,True,2026-03-06 21:00:00,5097.5,BE,0.0,-4.0,74
2026-03-06 21:35:00,2026-03-06 21:59:00,2026-03-06 22:05:00,EXTEND,long,5093.7,5073.2,5093.7,5158.3,True,2026-03-06 22:02:00,5093.7,BE,0.0,-4.0,6
2026-03-06 23:25:00,2026-03-06 23:53:00,2026-03-07 00:11:00,EXTEND,long,5153.0,5146.8,5146.8,5191.4,False,,5146.8,SL,-6.2,-66.0,18
2026-03-07 00:40:00,2026-03-07 00:49:00,2026-03-07 00:52:00,EXTEND,short,5151.9,5156.2,5156.2,5129.4,False,,5156.2,SL,-4.3,-47.0,3
2026-03-07 01:35:00,2026-03-07 01:48:00,2026-03-07 01:49:00,EXTEND,long,5148.8,5146.5,5146.5,5166.1,False,,5146.5,SL,-2.3,-27.0,1
2026-03-07 03:15:00,2026-03-07 03:32:00,2026-03-07 03:33:00,EXTEND,long,5175.3,5165.6,5175.3,5189.3,True,2026-03-07 03:33:00,5175.2,BE,-0.1,-5.0,1
2026-03-09 08:45:00,2026-03-09 09:00:00,2026-03-09 09:01:00,BOS,short,5025.7,5067.6,5025.7,5032.7,True,2026-03-09 09:01:00,5025.3,TP,0.4,-0.0,1
2026-03-09 09:05:00,2026-03-09 09:11:00,2026-03-09 09:12:00,MSS,long,5068.0,5020.8,5068.0,5079.2,True,2026-03-09 09:12:00,5068.0,BE,0.0,-4.0,1
2026-03-09 10:10:00,2026-03-09 10:30:00,2026-03-09 10:31:00,MSS,long,5093.0,5061.3,5093.0,5114.1,True,2026-03-09 10:31:00,5092.8,BE,-0.2,-6.0,1
2026-03-09 12:05:00,2026-03-09 12:18:00,2026-03-09 12:19:00,BOS,long,5098.7,5093.2,5098.7,5106.5,True,2026-03-09 12:19:00,5098.6,BE,-0.1,-5.0,1
2026-03-09 12:50:00,2026-03-09 13:00:00,2026-03-09 13:01:00,MSS,short,5092.3,5101.5,5092.3,5088.9,True,2026-03-09 13:01:00,5092.3,BE,0.0,-4.0,1
2026-03-09 13:05:00,2026-03-09 13:21:00,2026-03-09 13:24:00,EXTEND,long,5102.0,5091.3,5102.0,5113.5,True,2026-03-09 13:22:00,5102.0,BE,0.0,-4.0,3
2026-03-09 13:20:00,2026-03-09 13:31:00,2026-03-09 13:32:00,EXTEND,long,5108.2,5091.3,5108.2,5117.8,True,2026-03-09 13:32:00,5108.2,BE,0.0,-4.0,1
2026-03-09 15:30:00,2026-03-09 15:41:00,2026-03-09 15:42:00,EXTEND,long,5114.3,5102.5,5114.3,5118.6,True,2026-03-09 15:42:00,5114.3,BE,0.0,-4.0,1
2026-03-09 16:00:00,2026-03-09 16:17:00,2026-03-09 16:18:00,BOS,long,5112.5,5101.0,5112.5,5123.2,True,2026-03-09 16:18:00,5112.1,BE,-0.4,-8.0,1
2026-03-09 16:50:00,2026-03-09 16:58:00,2026-03-09 16:59:00,EXTEND,long,5106.1,5096.6,5106.1,5114.6,True,2026-03-09 16:59:00,5105.0,BE,-1.1,-15.0,1
2026-03-09 17:30:00,2026-03-09 17:50:00,2026-03-09 18:31:00,EXTEND,long,5115.0,5100.3,5100.3,5151.7,False,,5100.3,SL,-14.7,-151.0,41
2026-03-09 18:55:00,2026-03-09 19:06:00,2026-03-09 19:07:00,BOS,short,5099.9,5107.7,5099.9,5090.4,True,2026-03-09 19:07:00,5100.2,BE,-0.3,-7.0,1
2026-03-09 19:20:00,2026-03-09 19:38:00,2026-03-09 19:39:00,EXTEND,short,5096.2,5107.7,5096.2,5080.4,True,2026-03-09 19:39:00,5096.2,BE,0.0,-4.0,1
2026-03-09 21:05:00,2026-03-09 21:18:00,2026-03-09 21:19:00,BOS,short,5101.2,5107.6,5101.2,5092.0,True,2026-03-09 21:19:00,5101.2,BE,0.0,-4.0,1
2026-03-09 21:40:00,2026-03-09 21:45:00,2026-03-09 21:46:00,MSS,short,5081.0,5119.7,5081.0,5071.9,True,2026-03-09 21:46:00,5081.1,BE,-0.1,-5.0,1
2026-03-09 22:45:00,2026-03-09 23:12:00,2026-03-09 23:14:00,EXTEND,long,5095.4,5067.4,5095.4,5140.2,True,2026-03-09 23:13:00,5095.4,BE,0.0,-4.0,2
2026-03-10 00:15:00,2026-03-10 00:20:00,2026-03-10 00:21:00,MSS,short,5103.3,5118.2,5103.3,5100.0,True,2026-03-10 00:21:00,5103.7,BE,-0.4,-8.0,1
2026-03-10 00:20:00,2026-03-10 00:34:00,2026-03-10 00:41:00,EXTEND,short,5112.7,5118.2,5118.2,5098.9,False,,5118.2,SL,-5.5,-59.0,7
2026-03-10 01:55:00,2026-03-10 02:12:00,2026-03-10 02:13:00,EXTEND,long,5103.4,5097.7,5103.4,5111.4,True,2026-03-10 02:13:00,5103.4,BE,0.0,-4.0,1
2026-03-10 03:20:00,2026-03-10 03:39:00,2026-03-10 03:41:00,EXTEND,long,5140.5,5128.0,5140.5,5161.5,True,2026-03-10 03:40:00,5140.5,BE,0.0,-4.0,2
2026-03-10 07:15:00,2026-03-10 07:36:00,2026-03-10 07:43:00,BOS,long,5153.3,5147.7,5153.3,5170.9,True,2026-03-10 07:38:00,5153.3,BE,0.0,-4.0,7
2026-03-10 08:30:00,2026-03-10 08:39:00,2026-03-10 08:40:00,EXTEND,short,5143.2,5151.5,5143.2,5130.0,True,2026-03-10 08:40:00,5143.2,BE,0.0,-4.0,1
2026-03-10 13:30:00,2026-03-10 13:42:00,2026-03-10 13:43:00,MSS,short,5178.8,5180.8,5178.8,5174.8,True,2026-03-10 13:43:00,5178.8,BE,0.0,-4.0,1
2026-03-10 14:10:00,2026-03-10 14:29:00,2026-03-10 14:31:00,EXTEND,long,5185.2,5178.0,5185.2,5193.2,True,2026-03-10 14:30:00,5185.2,BE,0.0,-4.0,2
2026-03-10 15:50:00,2026-03-10 15:59:00,2026-03-10 16:00:00,EXTEND,long,5190.2,5167.4,5190.2,5195.1,True,2026-03-10 16:00:00,5190.2,BE,0.0,-4.0,1
2026-03-10 16:45:00,2026-03-10 17:02:00,2026-03-10 17:03:00,EXTEND,long,5194.0,5185.0,5194.0,5209.0,True,2026-03-10 17:03:00,5194.0,BE,0.0,-4.0,1
2026-03-10 18:05:00,2026-03-10 18:17:00,2026-03-10 18:18:00,EXTEND,short,5185.0,5198.3,5185.0,5180.4,True,2026-03-10 18:18:00,5185.0,BE,0.0,-4.0,1
2026-03-10 18:35:00,2026-03-10 18:54:00,2026-03-10 19:04:00,EXTEND,short,5182.5,5191.4,5191.4,5158.8,False,,5191.4,SL,-8.9,-93.0,10
2026-03-10 20:30:00,2026-03-10 20:35:00,2026-03-10 20:36:00,EXTEND,long,5191.6,5171.2,5191.6,5196.5,True,2026-03-10 20:36:00,5191.6,BE,0.0,-4.0,1
2026-03-10 21:25:00,2026-03-10 21:49:00,2026-03-10 21:50:00,EXTEND,long,5214.1,5189.9,5214.1,5251.9,True,2026-03-10 21:50:00,5214.1,BE,0.0,-4.0,1
2026-03-10 22:10:00,2026-03-10 22:22:00,2026-03-10 23:02:00,EXTEND,short,5220.2,5224.7,5224.7,5185.3,False,,5224.7,SL,-4.5,-49.0,40
2026-03-10 23:45:00,2026-03-10 23:53:00,2026-03-10 23:57:00,EXTEND,long,5240.1,5232.9,5240.1,5253.0,True,2026-03-10 23:57:00,5240.1,BE,0.0,-4.0,4
2026-03-11 00:10:00,2026-03-11 00:28:00,2026-03-11 00:32:00,EXTEND,short,5242.2,5248.7,5242.2,5227.7,True,2026-03-11 00:30:00,5242.2,BE,0.0,-4.0,4
2026-03-11 00:40:00,2026-03-11 00:49:00,2026-03-11 00:50:00,BOS,short,5236.8,5244.0,5236.8,5234.5,True,2026-03-11 00:50:00,5236.8,BE,0.0,-4.0,1
2026-03-11 00:55:00,2026-03-11 01:15:00,2026-03-11 01:27:00,EXTEND,short,5240.7,5244.0,5240.7,5232.6,True,2026-03-11 01:16:00,5240.7,BE,0.0,-4.0,12
2026-03-11 02:15:00,2026-03-11 02:33:00,2026-03-11 02:34:00,EXTEND,short,5207.2,5242.2,5207.2,5149.4,True,2026-03-11 02:34:00,5207.2,BE,0.0,-4.0,1
2026-03-11 03:35:00,2026-03-11 03:40:00,2026-03-11 03:41:00,EXTEND,short,5199.8,5216.4,5199.8,5180.5,True,2026-03-11 03:41:00,5199.8,BE,0.0,-4.0,1
2026-03-11 07:55:00,2026-03-11 08:00:00,2026-03-11 08:01:00,MSS,long,5205.2,5195.3,5205.2,5207.4,True,2026-03-11 08:01:00,5205.2,BE,0.0,-4.0,1
2026-03-11 08:00:00,2026-03-11 08:13:00,2026-03-11 08:18:00,EXTEND,long,5198.5,5195.3,5198.5,5208.9,True,2026-03-11 08:14:00,5208.9,TP,10.4,99.89,5
2026-03-11 09:00:00,2026-03-11 09:11:00,2026-03-11 09:13:00,EXTEND,long,5223.4,5214.8,5223.4,5235.1,True,2026-03-11 09:12:00,5223.4,BE,0.0,-4.0,2
2026-03-11 09:20:00,2026-03-11 09:28:00,2026-03-11 09:29:00,EXTEND,long,5224.7,5214.8,5224.7,5235.6,True,2026-03-11 09:29:00,5224.6,BE,-0.1,-5.0,1
2026-03-11 10:10:00,2026-03-11 10:44:00,2026-03-11 10:52:00,EXTEND,short,5215.9,5225.7,5225.7,5195.3,False,,5225.7,SL,-9.8,-102.0,8
2026-03-11 11:00:00,2026-03-11 11:31:00,2026-03-11 11:53:00,EXTEND,long,5215.6,5209.5,5209.5,5234.1,False,,5209.5,SL,-6.1,-65.0,22
2026-03-11 11:50:00,2026-03-11 12:19:00,2026-03-11 12:33:00,EXTEND,short,5213.9,5218.1,5213.9,5204.6,True,2026-03-11 12:33:00,5213.9,BE,0.0,-4.0,14
2026-03-11 12:50:00,2026-03-11 13:02:00,2026-03-11 13:03:00,BOS,short,5212.6,5216.7,5212.6,5207.8,True,2026-03-11 13:03:00,5212.7,BE,-0.1,-5.0,1
2026-03-11 13:30:00,2026-03-11 13:39:00,2026-03-11 13:44:00,EXTEND,short,5208.9,5216.7,5208.9,5193.0,True,2026-03-11 13:43:00,5208.9,BE,0.0,-4.0,5
2026-03-11 14:30:00,2026-03-11 14:37:00,2026-03-11 14:38:00,MSS,short,5209.2,5215.0,5209.2,5207.6,True,2026-03-11 14:38:00,5209.3,BE,-0.1,-5.0,1
2026-03-11 15:00:00,2026-03-11 15:07:00,2026-03-11 15:08:00,MSS,long,5208.7,5210.7,5210.7,5209.0,False,,5208.5,SL,-0.2,-6.0,1
2026-03-11 15:40:00,2026-03-11 15:53:00,2026-03-11 16:04:00,EXTEND,short,5203.4,5206.5,5203.4,5188.3,True,2026-03-11 16:01:00,5203.4,BE,0.0,-4.0,11
2026-03-11 16:10:00,2026-03-11 16:22:00,2026-03-11 16:24:00,MSS,long,5198.0,5196.0,5196.0,5209.6,False,,5196.0,SL,-2.0,-24.0,2
2026-03-11 16:35:00,2026-03-11 17:22:00,2026-03-11 17:23:00,EXTEND,short,5192.9,5206.7,5192.9,5176.1,True,2026-03-11 17:23:00,5193.4,BE,-0.5,-9.0,1
2026-03-11 18:10:00,2026-03-11 18:18:00,2026-03-11 18:19:00,EXTEND,long,5201.5,5194.1,5201.5,5205.4,True,2026-03-11 18:19:00,5201.5,BE,0.0,-4.0,1
2026-03-11 18:40:00,2026-03-11 18:55:00,2026-03-11 18:58:00,EXTEND,short,5195.6,5203.0,5195.6,5179.9,True,2026-03-11 18:57:00,5195.6,BE,0.0,-4.0,3
2026-03-11 19:05:00,2026-03-11 19:14:00,2026-03-11 19:17:00,EXTEND,long,5195.3,5192.7,5195.3,5203.6,True,2026-03-11 19:15:00,5195.3,BE,0.0,-4.0,3
2026-03-11 19:25:00,2026-03-11 19:38:00,2026-03-11 19:39:00,EXTEND,short,5194.0,5201.3,5194.0,5183.4,True,2026-03-11 19:39:00,5194.1,BE,-0.1,-5.0,1
2026-03-11 20:10:00,2026-03-11 20:17:00,2026-03-11 20:18:00,MSS,long,5202.1,5183.0,5202.1,5206.2,True,2026-03-11 20:18:00,5202.1,BE,0.0,-4.0,1
2026-03-11 20:30:00,2026-03-11 20:35:00,2026-03-11 20:36:00,MSS,short,5185.1,5203.3,5185.1,5182.2,True,2026-03-11 20:36:00,5185.5,BE,-0.4,-8.0,1
2026-03-11 21:00:00,2026-03-11 21:08:00,2026-03-11 21:20:00,EXTEND,short,5185.1,5189.9,5189.9,5163.4,False,,5189.9,SL,-4.8,-52.0,12
2026-03-11 21:50:00,2026-03-11 22:03:00,2026-03-11 22:04:00,EXTEND,short,5186.4,5191.1,5191.1,5146.5,False,,5191.1,SL,-4.7,-51.0,1
2026-03-11 22:30:00,2026-03-11 22:44:00,2026-03-11 22:45:00,EXTEND,long,5190.7,5193.4,5193.4,5207.1,False,,5190.6,SL,-0.1,-5.0,1
2026-03-12 01:05:00,2026-03-12 01:23:00,2026-03-12 01:26:00,BOS,long,5181.0,5177.7,5177.7,5191.5,False,,5177.7,SL,-3.3,-37.0,3
2026-03-12 06:55:00,2026-03-12 07:22:00,2026-03-12 07:37:00,BOS,short,5158.1,5174.5,5158.1,5125.1,True,2026-03-12 07:35:00,5158.1,BE,0.0,-4.0,15
2026-03-12 08:05:00,2026-03-12 08:17:00,2026-03-12 08:25:00,EXTEND,short,5146.0,5159.2,5159.2,5122.2,False,,5159.2,SL,-13.2,-136.0,8
2026-03-12 09:00:00,2026-03-12 09:18:00,2026-03-12 09:20:00,BOS,long,5163.1,5157.2,5163.1,5176.4,True,2026-03-12 09:20:00,5163.1,BE,0.0,-4.0,2
2026-03-12 11:35:00,2026-03-12 11:46:00,2026-03-12 11:50:00,BOS,short,5156.6,5159.7,5159.7,5150.9,False,,5159.7,SL,-3.1,-35.0,4
2026-03-12 12:25:00,2026-03-12 12:32:00,2026-03-12 12:33:00,EXTEND,short,5156.2,5159.4,5156.2,5153.8,True,2026-03-12 12:33:00,5156.2,BE,0.0,-4.0,1
2026-03-12 13:10:00,2026-03-12 13:22:00,2026-03-12 13:23:00,EXTEND,long,5149.8,5145.3,5149.8,5156.3,True,2026-03-12 13:23:00,5149.8,BE,0.0,-4.0,1
2026-03-12 14:25:00,2026-03-12 14:31:00,2026-03-12 14:32:00,MSS,long,5165.2,5152.5,5165.2,5165.6,True,2026-03-12 14:32:00,5165.2,BE,0.0,-4.0,1
2026-03-12 16:00:00,2026-03-12 16:49:00,2026-03-12 16:50:00,EXTEND,long,5185.9,5174.2,5185.9,5201.5,True,2026-03-12 16:50:00,5185.9,BE,0.0,-4.0,1
2026-03-12 17:05:00,2026-03-12 17:12:00,2026-03-12 17:13:00,EXTEND,short,5181.9,5188.2,5181.9,5179.3,True,2026-03-12 17:13:00,5182.0,BE,-0.1,-5.0,1
2026-03-12 17:30:00,2026-03-12 17:35:00,2026-03-12 17:36:00,MSS,long,5190.6,5180.0,5190.6,5194.5,True,2026-03-12 17:36:00,5190.6,BE,0.0,-4.0,1
2026-03-12 18:05:00,2026-03-12 18:22:00,2026-03-12 18:26:00,EXTEND,long,5191.9,5189.1,5189.1,5200.3,False,,5189.1,SL,-2.8,-32.0,4
2026-03-12 19:20:00,2026-03-12 19:29:00,2026-03-12 19:30:00,EXTEND,short,5182.4,5189.6,5182.4,5175.6,True,2026-03-12 19:30:00,5182.7,BE,-0.3,-7.0,1
2026-03-12 19:45:00,2026-03-12 19:56:00,2026-03-12 19:59:00,EXTEND,long,5184.8,5181.4,5184.8,5189.0,True,2026-03-12 19:57:00,5184.8,BE,0.0,-4.0,3
2026-03-12 20:20:00,2026-03-12 20:33:00,2026-03-12 20:37:00,EXTEND,short,5178.9,5187.2,5178.9,5164.2,True,2026-03-12 20:37:00,5178.9,BE,0.0,-4.0,4
2026-03-12 21:15:00,2026-03-12 21:20:00,2026-03-12 21:21:00,MSS,short,5176.9,5192.6,5176.9,5174.8,True,2026-03-12 21:21:00,5176.9,BE,0.0,-4.0,1
2026-03-12 22:15:00,2026-03-12 22:21:00,2026-03-12 22:22:00,MSS,short,5158.9,5166.7,5158.9,5156.4,True,2026-03-12 22:22:00,5159.2,BE,-0.3,-7.0,1
2026-03-12 22:35:00,2026-03-12 22:47:00,2026-03-12 22:48:00,EXTEND,short,5153.7,5166.7,5153.7,5140.3,True,2026-03-12 22:48:00,5153.7,BE,0.0,-4.0,1
2026-03-12 23:10:00,2026-03-12 23:29:00,2026-03-12 23:39:00,EXTEND,short,5135.1,5150.8,5135.1,5105.6,True,2026-03-12 23:30:00,5135.1,BE,0.0,-4.0,10
2026-03-13 00:10:00,2026-03-13 00:23:00,2026-03-13 00:24:00,EXTEND,short,5141.8,5141.0,5141.0,5123.1,False,,5141.8,SL,0.0,-4.0,1
2026-03-13 03:00:00,2026-03-13 03:07:00,2026-03-13 03:08:00,BOS,short,5093.6,5105.3,5093.6,5079.3,True,2026-03-13 03:08:00,5093.6,BE,0.0,-4.0,1
2026-03-13 06:55:00,2026-03-13 07:04:00,2026-03-13 07:05:00,BOS,long,5096.4,5088.8,5096.4,5102.3,True,2026-03-13 07:05:00,5096.4,BE,0.0,-4.0,1
2026-03-13 07:25:00,2026-03-13 07:31:00,2026-03-13 07:32:00,EXTEND,long,5099.4,5093.1,5099.4,5105.4,True,2026-03-13 07:32:00,5099.1,BE,-0.3,-7.0,1
2026-03-13 09:45:00,2026-03-13 09:52:00,2026-03-13 09:53:00,EXTEND,short,5114.1,5125.2,5114.1,5107.8,True,2026-03-13 09:53:00,5114.1,BE,0.0,-4.0,1
2026-03-13 10:20:00,2026-03-13 10:30:00,2026-03-13 10:31:00,MSS,short,5124.6,5132.4,5124.6,5115.0,True,2026-03-13 10:31:00,5124.6,BE,0.0,-4.0,1
2026-03-13 11:35:00,2026-03-13 11:44:00,2026-03-13 11:46:00,BOS,short,5113.7,5117.7,5117.7,5106.7,False,,5117.7,SL,-4.0,-44.0,2
2026-03-13 12:20:00,2026-03-13 12:29:00,2026-03-13 12:30:00,MSS,short,5108.5,5121.4,5108.5,5102.6,True,2026-03-13 12:30:00,5108.6,BE,-0.1,-5.0,1
2026-03-13 13:15:00,2026-03-13 13:31:00,2026-03-13 13:32:00,EXTEND,long,5111.4,5105.6,5111.4,5115.4,True,2026-03-13 13:32:00,5111.3,BE,-0.1,-5.0,1
2026-03-13 13:30:00,2026-03-13 13:39:00,2026-03-13 13:40:00,EXTEND,long,5110.6,5105.6,5110.6,5117.3,True,2026-03-13 13:40:00,5110.6,BE,0.0,-4.0,1
2026-03-13 14:00:00,2026-03-13 14:05:00,2026-03-13 14:06:00,MSS,long,5111.0,5100.4,5111.0,5113.2,True,2026-03-13 14:06:00,5110.7,BE,-0.3,-7.0,1
2026-03-13 14:20:00,2026-03-13 14:25:00,2026-03-13 14:26:00,MSS,short,5096.7,5111.3,5096.7,5094.7,True,2026-03-13 14:26:00,5096.7,BE,0.0,-4.0,1
2026-03-13 15:20:00,2026-03-13 15:39:00,2026-03-13 16:21:00,EXTEND,short,5092.3,5098.4,5092.3,5069.4,True,2026-03-13 15:55:00,5069.4,TP,22.9,224.56,42
2026-03-13 16:35:00,2026-03-13 16:40:00,2026-03-13 16:41:00,MSS,long,5087.4,5066.0,5087.4,5093.1,True,2026-03-13 16:41:00,5087.2,BE,-0.2,-6.0,1
2026-03-13 17:05:00,2026-03-13 17:45:00,2026-03-13 18:01:00,EXTEND,long,5090.8,5080.6,5090.8,5107.7,True,2026-03-13 17:46:00,5090.8,BE,0.0,-4.0,16
2026-03-13 18:30:00,2026-03-13 18:45:00,2026-03-13 18:46:00,MSS,short,5090.5,5101.5,5090.5,5080.5,True,2026-03-13 18:46:00,5090.5,BE,0.0,-4.0,1
2026-03-13 18:50:00,2026-03-13 19:13:00,2026-03-13 19:15:00,EXTEND,long,5094.7,5085.0,5094.7,5108.5,True,2026-03-13 19:14:00,5094.7,BE,0.0,-4.0,2
2026-03-13 20:45:00,2026-03-13 21:04:00,2026-03-13 21:05:00,BOS,long,5126.6,5114.2,5126.6,5132.2,True,2026-03-13 21:05:00,5126.3,BE,-0.3,-7.0,1
2026-03-13 21:35:00,2026-03-13 21:48:00,2026-03-13 22:14:00,EXTEND,short,5118.8,5121.2,5118.8,5097.3,True,2026-03-13 21:55:00,5097.3,TP,21.5,210.76,26
2026-03-14 00:05:00,2026-03-14 00:39:00,2026-03-14 00:46:00,EXTEND,short,5049.8,5072.8,5049.8,5009.8,True,2026-03-14 00:44:00,5049.8,BE,0.0,-4.0,7
2026-03-14 01:35:00,2026-03-14 01:44:00,2026-03-14 01:45:00,EXTEND,long,5057.8,5047.7,5057.8,5074.1,True,2026-03-14 01:45:00,5057.8,BE,0.0,-4.0,1
2026-03-14 02:25:00,2026-03-14 02:34:00,2026-03-14 02:38:00,EXTEND,short,5049.8,5056.2,5049.8,5035.9,True,2026-03-14 02:37:00,5049.8,BE,0.0,-4.0,4
2026-03-17 00:35:00,2026-03-17 00:45:00,2026-03-17 00:46:00,EXTEND,short,4989.6,5004.2,4989.6,4971.6,True,2026-03-17 00:46:00,4989.9,BE,-0.3,-7.0,1
2026-03-17 07:20:00,2026-03-17 07:25:00,2026-03-17 07:26:00,MSS,long,5014.0,5005.5,5014.0,5016.5,True,2026-03-17 07:26:00,5014.0,BE,0.0,-4.0,1
2026-03-17 07:55:00,2026-03-17 08:06:00,2026-03-17 08:07:00,EXTEND,long,5013.8,5005.5,5013.8,5025.1,True,2026-03-17 08:07:00,5013.5,BE,-0.3,-7.0,1
2026-03-17 08:50:00,2026-03-17 08:59:00,2026-03-17 09:00:00,EXTEND,short,5006.8,5011.6,5006.8,4999.7,True,2026-03-17 09:00:00,5006.8,BE,0.0,-4.0,1
2026-03-17 09:05:00,2026-03-17 09:11:00,2026-03-17 09:12:00,MSS,long,5014.3,4998.4,5014.3,5018.2,True,2026-03-17 09:12:00,5014.3,BE,0.0,-4.0,1
2026-03-17 10:45:00,2026-03-17 10:53:00,2026-03-17 10:54:00,EXTEND,long,5030.2,5025.8,5030.2,5035.7,True,2026-03-17 10:54:00,5030.0,BE,-0.2,-6.0,1
2026-03-17 12:40:00,2026-03-17 13:11:00,2026-03-17 13:12:00,EXTEND,long,5040.4,5030.5,5040.4,5051.8,True,2026-03-17 13:12:00,5040.2,BE,-0.2,-6.0,1
2026-03-17 13:15:00,2026-03-17 13:42:00,2026-03-17 13:43:00,EXTEND,long,5039.2,5030.5,5039.2,5054.5,True,2026-03-17 13:43:00,5039.2,BE,0.0,-4.0,1
2026-03-17 16:20:00,2026-03-17 16:32:00,2026-03-17 16:35:00,EXTEND,long,5025.3,5022.6,5022.6,5036.4,False,,5022.6,SL,-2.7,-31.0,3
2026-03-17 17:55:00,2026-03-17 18:03:00,2026-03-17 18:04:00,BOS,short,5014.4,5020.2,5014.4,5012.5,True,2026-03-17 18:04:00,5014.4,BE,0.0,-4.0,1
2026-03-17 19:55:00,2026-03-17 20:01:00,2026-03-17 20:02:00,MSS,short,5003.9,5015.9,5003.9,5003.5,True,2026-03-17 20:02:00,5003.5,TP,0.4,0.46,1
2026-03-17 20:15:00,2026-03-17 20:20:00,2026-03-17 20:21:00,MSS,long,5020.2,5003.2,5020.2,5022.0,True,2026-03-17 20:21:00,5020.2,BE,0.0,-4.0,1
2026-03-17 21:40:00,2026-03-17 21:55:00,2026-03-17 22:03:00,EXTEND,long,5019.8,5015.3,5015.3,5042.6,False,,5015.3,SL,-4.5,-49.0,8
2026-03-17 22:30:00,2026-03-17 22:50:00,2026-03-17 23:03:00,EXTEND,short,5021.3,5026.3,5021.3,5002.0,True,2026-03-17 22:53:00,5021.3,BE,0.0,-4.0,13
2026-03-17 23:40:00,2026-03-18 00:02:00,2026-03-18 00:03:00,EXTEND,short,4997.9,5019.7,4997.9,4965.9,True,2026-03-18 00:03:00,4997.9,BE,0.0,-4.0,1
2026-03-18 00:50:00,2026-03-18 00:59:00,2026-03-18 01:00:00,EXTEND,short,5006.5,5010.4,5006.5,4999.5,True,2026-03-18 01:00:00,5006.5,BE,0.0,-4.0,1
2026-03-18 01:20:00,2026-03-18 01:31:00,2026-03-18 01:32:00,EXTEND,long,5009.2,5001.8,5009.2,5017.0,True,2026-03-18 01:32:00,5009.2,BE,0.0,-4.0,1
2026-03-18 01:45:00,2026-03-18 01:58:00,2026-03-18 02:01:00,EXTEND,short,5006.4,5011.0,5006.4,4998.0,True,2026-03-18 02:01:00,5006.4,BE,0.0,-4.0,3
2026-03-18 02:30:00,2026-03-18 02:53:00,2026-03-18 03:34:00,EXTEND,short,5010.3,5013.6,5010.3,5001.0,True,2026-03-18 02:55:00,5001.0,TP,9.3,88.73,41
2026-03-18 03:30:00,2026-03-18 03:37:00,2026-03-18 03:38:00,EXTEND,short,5004.1,5009.5,5004.1,4997.9,True,2026-03-18 03:38:00,5004.1,BE,0.0,-4.0,1
2026-03-18 07:30:00,2026-03-18 07:42:00,2026-03-18 07:43:00,MSS,long,5006.9,5002.6,5006.9,5009.6,True,2026-03-18 07:43:00,5006.9,BE,0.0,-4.0,1
2026-03-18 08:10:00,2026-03-18 08:41:00,2026-03-18 08:56:00,EXTEND,long,5007.2,5004.7,5007.2,5021.3,True,2026-03-18 08:51:00,5007.2,BE,0.0,-4.0,15
2026-03-18 09:20:00,2026-03-18 09:32:00,2026-03-18 09:34:00,EXTEND,long,5013.3,5007.2,5013.3,5025.1,True,2026-03-18 09:33:00,5013.3,BE,0.0,-4.0,2
2026-03-18 10:20:00,2026-03-18 10:34:00,2026-03-18 10:35:00,EXTEND,long,5006.2,4999.7,5006.2,5013.5,True,2026-03-18 10:35:00,5006.2,BE,0.0,-4.0,1
2026-03-18 11:00:00,2026-03-18 11:40:00,2026-03-18 11:46:00,EXTEND,short,4998.6,5007.5,4998.6,4983.6,True,2026-03-18 11:43:00,4998.6,BE,0.0,-4.0,6
2026-03-18 13:00:00,2026-03-18 13:05:00,2026-03-18 13:06:00,EXTEND,long,4991.0,4986.1,4991.0,4991.9,True,2026-03-18 13:06:00,4991.0,BE,0.0,-4.0,1
2026-03-18 13:10:00,2026-03-18 13:20:00,2026-03-18 13:27:00,EXTEND,long,4992.0,4986.1,4992.0,4997.5,True,2026-03-18 13:21:00,4992.0,BE,0.0,-4.0,7
2026-03-18 14:35:00,2026-03-18 14:59:00,2026-03-18 15:15:00,EXTEND,long,5013.7,5010.5,5013.7,5023.3,True,2026-03-18 15:01:00,5013.7,BE,0.0,-4.0,16
2026-03-18 16:20:00,2026-03-18 16:36:00,2026-03-18 16:37:00,BOS,short,4993.3,4999.7,4993.3,4984.2,True,2026-03-18 16:37:00,4993.4,BE,-0.1,-5.0,1
2026-03-18 16:45:00,2026-03-18 16:54:00,2026-03-18 16:55:00,EXTEND,short,4990.9,4999.7,4990.9,4976.2,True,2026-03-18 16:55:00,4990.9,BE,0.0,-4.0,1
2026-03-18 17:45:00,2026-03-18 17:52:00,2026-03-18 17:53:00,MSS,short,4998.0,4999.9,4998.0,4994.6,True,2026-03-18 17:53:00,4998.0,BE,0.0,-4.0,1
2026-03-18 18:30:00,2026-03-18 18:35:00,2026-03-18 18:36:00,EXTEND,short,4970.7,4995.8,4970.7,4979.8,True,2026-03-18 18:36:00,4970.8,BE,-0.1,-5.0,1
2026-03-18 18:35:00,2026-03-18 18:48:00,2026-03-18 19:08:00,EXTEND,short,4982.1,4995.8,4982.1,4954.4,True,2026-03-18 18:50:00,4954.4,TP,27.7,273.02,20
2026-03-18 20:50:00,2026-03-18 20:55:00,2026-03-18 21:00:00,EXTEND,short,4887.3,4893.7,4887.3,4868.2,True,2026-03-18 20:57:00,4868.2,TP,19.1,187.27,5
2026-03-18 21:35:00,2026-03-18 21:40:00,2026-03-18 21:41:00,MSS,long,4876.1,4852.9,4876.1,4878.4,True,2026-03-18 21:41:00,4876.0,BE,-0.1,-5.0,1
2026-03-18 21:40:00,2026-03-18 21:53:00,2026-03-18 21:56:00,EXTEND,long,4870.6,4852.9,4870.6,4898.5,True,2026-03-18 21:54:00,4870.6,BE,0.0,-4.0,3
2026-03-18 22:05:00,2026-03-18 22:27:00,2026-03-18 22:29:00,BOS,long,4868.2,4863.8,4863.8,4908.1,False,,4863.8,SL,-4.4,-48.0,2
2026-03-19 01:25:00,2026-03-19 01:33:00,2026-03-19 01:34:00,EXTEND,long,4897.4,4888.0,4897.4,4906.5,True,2026-03-19 01:34:00,4897.4,BE,0.0,-4.0,1
2026-03-19 01:35:00,2026-03-19 01:44:00,2026-03-19 01:45:00,BOS,long,4899.4,4891.7,4899.4,4907.3,True,2026-03-19 01:45:00,4899.0,BE,-0.4,-8.0,1
2026-03-19 02:30:00,2026-03-19 02:38:00,2026-03-19 02:39:00,BOS,short,4882.4,4894.4,4882.4,4871.8,True,2026-03-19 02:39:00,4882.4,BE,0.0,-4.0,1
2026-03-19 03:20:00,2026-03-19 03:27:00,2026-03-19 03:28:00,MSS,short,4850.0,4868.9,4850.0,4842.4,True,2026-03-19 03:28:00,4850.1,BE,-0.1,-5.0,1
2026-03-19 03:25:00,2026-03-19 03:39:00,2026-03-19 03:51:00,EXTEND,short,4860.3,4868.9,4860.3,4841.0,True,2026-03-19 03:40:00,4841.0,TP,19.3,189.4,12
2026-03-19 07:40:00,2026-03-19 07:47:00,2026-03-19 07:48:00,EXTEND,long,4838.2,4830.3,4838.2,4849.1,True,2026-03-19 07:48:00,4838.2,BE,0.0,-4.0,1
2026-03-19 08:05:00,2026-03-19 08:11:00,2026-03-19 08:12:00,EXTEND,long,4846.2,4832.2,4846.2,4855.3,True,2026-03-19 08:12:00,4846.2,BE,0.0,-4.0,1
2026-03-19 09:00:00,2026-03-19 09:08:00,2026-03-19 09:14:00,EXTEND,long,4838.2,4832.2,4838.2,4861.0,True,2026-03-19 09:14:00,4838.2,BE,0.0,-4.0,6
2026-03-19 09:20:00,2026-03-19 09:31:00,2026-03-19 09:32:00,EXTEND,short,4845.4,4854.9,4845.4,4829.1,True,2026-03-19 09:32:00,4845.4,BE,0.0,-4.0,1
2026-03-19 10:05:00,2026-03-19 10:30:00,2026-03-19 10:34:00,EXTEND,short,4856.8,4868.5,4856.8,4835.2,True,2026-03-19 10:32:00,4856.8,BE,0.0,-4.0,4
2026-03-19 10:40:00,2026-03-19 10:53:00,2026-03-19 10:54:00,MSS,long,4859.7,4854.9,4859.7,4865.6,True,2026-03-19 10:54:00,4859.7,BE,0.0,-4.0,1
2026-03-19 10:55:00,2026-03-19 11:04:00,2026-03-19 11:05:00,EXTEND,long,4861.4,4854.9,4861.4,4865.8,True,2026-03-19 11:05:00,4861.1,BE,-0.3,-7.0,1
2026-03-19 11:15:00,2026-03-19 11:26:00,2026-03-19 11:28:00,EXTEND,long,4860.6,4854.7,4860.6,4870.4,True,2026-03-19 11:27:00,4860.6,BE,0.0,-4.0,2
2026-03-19 12:05:00,2026-03-19 12:29:00,2026-03-19 12:30:00,EXTEND,short,4851.6,4858.6,4851.6,4845.9,True,2026-03-19 12:30:00,4851.8,BE,-0.2,-6.0,1
2026-03-19 12:45:00,2026-03-19 13:01:00,2026-03-19 13:02:00,BOS,short,4849.7,4854.2,4849.7,4844.4,True,2026-03-19 13:02:00,4849.8,BE,-0.1,-5.0,1
2026-03-19 13:05:00,2026-03-19 13:13:00,2026-03-19 13:14:00,EXTEND,long,4852.0,4846.5,4852.0,4858.1,True,2026-03-19 13:14:00,4852.0,BE,0.0,-4.0,1
2026-03-19 13:55:00,2026-03-19 14:06:00,2026-03-19 14:07:00,BOS,short,4835.1,4841.8,4835.1,4824.8,True,2026-03-19 14:07:00,4835.1,BE,0.0,-4.0,1
2026-03-19 16:40:00,2026-03-19 16:49:00,2026-03-19 16:50:00,BOS,short,4712.7,4738.5,4712.7,4674.1,True,2026-03-19 16:50:00,4712.9,BE,-0.2,-6.0,1
2026-03-19 17:10:00,2026-03-19 17:24:00,2026-03-19 17:27:00,BOS,short,4713.0,4723.4,4713.0,4681.1,True,2026-03-19 17:26:00,4713.0,BE,0.0,-4.0,3
2026-03-19 17:55:00,2026-03-19 18:10:00,2026-03-19 18:17:00,BOS,short,4709.4,4719.6,4709.4,4692.4,True,2026-03-19 18:11:00,4692.4,TP,17.0,165.78,7
2026-03-19 18:55:00,2026-03-19 19:04:00,2026-03-19 19:05:00,EXTEND,short,4692.0,4722.4,4692.0,4654.8,True,2026-03-19 19:05:00,4692.0,BE,0.0,-4.0,1
2026-03-19 20:45:00,2026-03-19 20:59:00,2026-03-19 21:00:00,EXTEND,short,4576.7,4620.8,4576.7,4509.8,True,2026-03-19 21:00:00,4576.8,BE,-0.1,-5.0,1
2026-03-19 21:00:00,2026-03-19 21:22:00,2026-03-19 21:24:00,EXTEND,short,4570.0,4620.8,4570.0,4473.0,True,2026-03-19 21:23:00,4570.0,BE,0.0,-4.0,2
2026-03-19 21:30:00,2026-03-19 21:38:00,2026-03-19 21:39:00,MSS,long,4572.1,4555.6,4572.1,4593.8,True,2026-03-19 21:39:00,4572.1,BE,0.0,-4.0,1
2026-03-19 23:00:00,2026-03-19 23:07:00,2026-03-19 23:14:00,EXTEND,short,4624.0,4630.4,4630.4,4585.8,False,,4630.4,SL,-6.4,-68.0,7
2026-03-19 23:45:00,2026-03-20 00:04:00,2026-03-20 00:20:00,EXTEND,short,4615.6,4641.8,4615.6,4547.1,True,2026-03-20 00:14:00,4615.6,BE,0.0,-4.0,16
2026-03-20 01:15:00,2026-03-20 01:20:00,2026-03-20 01:21:00,MSS,long,4607.5,4576.8,4607.5,4608.4,True,2026-03-20 01:21:00,4608.4,TP,0.9,5.23,1
2026-03-20 01:50:00,2026-03-20 02:04:00,2026-03-20 02:12:00,BOS,long,4613.4,4602.8,4613.4,4641.9,True,2026-03-20 02:10:00,4613.4,BE,0.0,-4.0,8
2026-03-20 02:35:00,2026-03-20 02:48:00,2026-03-20 02:57:00,EXTEND,short,4612.2,4617.9,4612.2,4593.0,True,2026-03-20 02:51:00,4612.2,BE,0.0,-4.0,9
2026-03-20 07:40:00,2026-03-20 07:50:00,2026-03-20 08:01:00,EXTEND,short,4645.2,4649.3,4649.3,4632.0,False,,4649.3,SL,-4.1,-45.0,11
2026-03-20 08:15:00,2026-03-20 08:38:00,2026-03-20 08:57:00,EXTEND,long,4652.8,4643.5,4652.8,4672.8,True,2026-03-20 08:40:00,4652.8,BE,0.0,-4.0,19
2026-03-20 09:05:00,2026-03-20 09:21:00,2026-03-20 09:44:00,EXTEND,long,4654.2,4648.0,4654.2,4690.7,True,2026-03-20 09:30:00,4690.7,TP,36.5,360.72,23
2026-03-20 10:15:00,2026-03-20 10:32:00,2026-03-20 10:33:00,EXTEND,long,4688.2,4673.8,4688.2,4696.7,True,2026-03-20 10:33:00,4687.9,BE,-0.3,-7.0,1
2026-03-20 12:10:00,2026-03-20 12:28:00,2026-03-20 12:29:00,EXTEND,short,4721.8,4728.7,4721.8,4714.1,True,2026-03-20 12:29:00,4721.8,BE,0.0,-4.0,1
2026-03-20 12:45:00,2026-03-20 12:56:00,2026-03-20 12:58:00,MSS,short,4721.5,4727.0,4721.5,4712.3,True,2026-03-20 12:57:00,4721.5,BE,0.0,-4.0,2
2026-03-20 13:05:00,2026-03-20 13:17:00,2026-03-20 13:23:00,EXTEND,short,4719.8,4723.0,4723.0,4707.4,False,,4723.0,SL,-3.2,-36.0,6
2026-03-20 13:35:00,2026-03-20 13:41:00,2026-03-20 13:42:00,EXTEND,short,4712.3,4724.2,4712.3,4696.3,True,2026-03-20 13:42:00,4712.3,BE,0.0,-4.0,1
2026-03-20 14:40:00,2026-03-20 15:10:00,2026-03-20 15:11:00,EXTEND,short,4678.4,4697.0,4678.4,4652.7,True,2026-03-20 15:11:00,4678.5,BE,-0.1,-5.0,1
2026-03-20 16:55:00,2026-03-20 17:13:00,2026-03-20 17:14:00,EXTEND,short,4698.0,4711.3,4698.0,4678.0,True,2026-03-20 17:14:00,4698.1,BE,-0.1,-5.0,1
2026-03-20 18:00:00,2026-03-20 18:07:00,2026-03-20 18:08:00,BOS,short,4661.9,4678.4,4661.9,4645.3,True,2026-03-20 18:08:00,4661.9,BE,0.0,-4.0,1
2026-03-20 18:35:00,2026-03-20 18:53:00,2026-03-20 18:54:00,MSS,long,4653.5,4649.7,4649.7,4676.0,False,,4649.7,SL,-3.8,-42.0,1
2026-03-20 19:00:00,2026-03-20 19:10:00,2026-03-20 19:20:00,EXTEND,short,4660.0,4670.4,4670.4,4629.6,False,,4670.4,SL,-10.4,-108.0,10
2026-03-20 20:10:00,2026-03-20 20:34:00,2026-03-20 20:38:00,EXTEND,long,4674.3,4658.7,4674.3,4707.1,True,2026-03-20 20:38:00,4674.3,BE,0.0,-4.0,4
2026-03-20 20:40:00,2026-03-20 20:54:00,2026-03-20 20:55:00,EXTEND,short,4678.2,4693.4,4678.2,4654.7,True,2026-03-20 20:55:00,4678.2,BE,0.0,-4.0,1
2026-03-20 21:30:00,2026-03-20 21:38:00,2026-03-20 21:39:00,BOS,short,4652.4,4670.8,4652.4,4634.2,True,2026-03-20 21:39:00,4652.4,BE,0.0,-4.0,1
2026-03-20 21:35:00,2026-03-20 21:46:00,2026-03-20 21:47:00,EXTEND,short,4653.7,4670.8,4653.7,4627.6,True,2026-03-20 21:47:00,4653.7,BE,0.0,-4.0,1
2026-03-20 22:55:00,2026-03-20 23:03:00,2026-03-20 23:04:00,EXTEND,short,4570.9,4586.0,4570.9,4537.7,True,2026-03-20 23:04:00,4570.9,BE,0.0,-4.0,1
2026-03-20 23:25:00,2026-03-20 23:35:00,2026-03-20 23:37:00,EXTEND,short,4565.8,4586.0,4565.8,4529.5,True,2026-03-20 23:36:00,4565.8,BE,0.0,-4.0,2
2026-03-21 00:20:00,2026-03-21 00:33:00,2026-03-21 00:34:00,EXTEND,long,4584.1,4545.8,4584.1,4634.7,True,2026-03-21 00:34:00,4584.1,BE,0.0,-4.0,1
2026-03-21 01:00:00,2026-03-21 01:07:00,2026-03-21 01:08:00,BOS,long,4597.9,4568.3,4597.9,4601.3,True,2026-03-21 01:08:00,4597.9,BE,0.0,-4.0,1
2026-03-21 01:15:00,2026-03-21 01:23:00,2026-03-21 01:24:00,MSS,short,4575.9,4594.3,4575.9,4570.0,True,2026-03-21 01:24:00,4575.9,BE,0.0,-4.0,1
2026-03-21 01:35:00,2026-03-21 02:01:00,2026-03-21 02:02:00,EXTEND,short,4575.2,4594.3,4575.2,4546.3,True,2026-03-21 02:02:00,4575.3,BE,-0.1,-5.0,1
2026-03-23 07:35:00,2026-03-23 07:46:00,2026-03-23 07:47:00,EXTEND,short,4483.0,4500.3,4483.0,4465.6,True,2026-03-23 07:47:00,4483.1,BE,-0.1,-5.0,1
2026-03-23 08:15:00,2026-03-23 08:26:00,2026-03-23 08:35:00,EXTEND,short,4439.7,4471.7,4439.7,4388.8,True,2026-03-23 08:27:00,4388.8,TP,50.9,505.31,9
2026-03-23 09:45:00,2026-03-23 09:50:00,2026-03-23 09:51:00,MSS,short,4411.0,4455.2,4411.0,4400.5,True,2026-03-23 09:51:00,4411.7,BE,-0.7,-11.0,1
2026-03-23 11:40:00,2026-03-23 11:54:00,2026-03-23 11:58:00,EXTEND,short,4353.4,4367.1,4353.4,4329.1,True,2026-03-23 11:57:00,4353.4,BE,0.0,-4.0,4
2026-03-23 12:50:00,2026-03-23 13:04:00,2026-03-23 13:30:00,MSS,short,4375.9,4385.0,4375.9,4344.4,True,2026-03-23 13:18:00,4344.4,TP,31.5,311.4,26
2026-03-23 15:20:00,2026-03-23 15:49:00,2026-03-23 16:06:00,EXTEND,short,4215.6,4235.3,4235.3,4063.5,False,,4235.3,SL,-19.7,-201.0,17
2026-03-23 16:15:00,2026-03-23 16:22:00,2026-03-23 16:23:00,EXTEND,long,4226.8,4187.8,4226.8,4277.3,True,2026-03-23 16:23:00,4226.8,BE,0.0,-4.0,1
2026-03-23 16:35:00,2026-03-23 16:57:00,2026-03-23 17:16:00,EXTEND,long,4238.5,4212.2,4238.5,4288.9,True,2026-03-23 16:58:00,4288.9,TP,50.4,500.08,19
2026-03-23 17:30:00,2026-03-23 17:41:00,2026-03-23 18:38:00,EXTEND,long,4246.2,4219.7,4246.2,4334.5,True,2026-03-23 18:09:00,4246.2,BE,0.0,-4.0,57
2026-03-23 20:05:00,2026-03-23 20:22:00,2026-03-23 20:32:00,EXTEND,short,4397.0,4419.8,4397.0,4316.5,True,2026-03-23 20:30:00,4397.0,BE,0.0,-4.0,10
2026-03-23 21:15:00,2026-03-23 21:22:00,2026-03-23 21:23:00,MSS,short,4424.6,4462.5,4424.6,4415.0,True,2026-03-23 21:23:00,4424.7,BE,-0.1,-5.0,1
2026-03-23 21:30:00,2026-03-23 21:38:00,2026-03-23 21:39:00,EXTEND,short,4426.8,4462.5,4426.8,4387.8,True,2026-03-23 21:39:00,4426.8,BE,0.0,-4.0,1
2026-03-23 22:25:00,2026-03-23 22:32:00,2026-03-23 22:33:00,EXTEND,long,4497.0,4455.3,4497.0,4532.4,True,2026-03-23 22:33:00,4497.0,BE,0.0,-4.0,1
2026-03-24 01:35:00,2026-03-24 01:50:00,2026-03-24 01:51:00,EXTEND,long,4416.0,4390.6,4416.0,4455.0,True,2026-03-24 01:51:00,4416.0,BE,0.0,-4.0,1
2026-03-24 02:05:00,2026-03-24 02:16:00,2026-03-24 02:17:00,MSS,short,4413.3,4432.0,4413.3,4395.2,True,2026-03-24 02:17:00,4413.3,BE,0.0,-4.0,1
2026-03-24 02:45:00,2026-03-24 03:09:00,2026-03-24 03:13:00,EXTEND,long,4439.5,4411.3,4411.3,4485.6,False,,4411.3,SL,-28.2,-286.0,4
2026-03-24 03:45:00,2026-03-24 03:53:00,2026-03-24 03:54:00,EXTEND,long,4413.6,4393.9,4413.6,4439.7,True,2026-03-24 03:54:00,4413.4,BE,-0.2,-6.0,1
2026-03-24 07:40:00,2026-03-24 07:55:00,2026-03-24 07:56:00,EXTEND,short,4439.1,4450.7,4439.1,4416.5,True,2026-03-24 07:56:00,4439.1,BE,0.0,-4.0,1
2026-03-24 10:10:00,2026-03-24 10:24:00,2026-03-24 10:25:00,EXTEND,short,4336.8,4370.3,4336.8,4288.6,True,2026-03-24 10:25:00,4336.9,BE,-0.1,-5.0,1
2026-03-24 11:45:00,2026-03-24 12:07:00,2026-03-24 12:08:00,EXTEND,short,4349.9,4369.6,4349.9,4326.2,True,2026-03-24 12:08:00,4350.2,BE,-0.3,-7.0,1
2026-03-24 12:20:00,2026-03-24 12:39:00,2026-03-24 12:43:00,EXTEND,short,4343.6,4357.8,4343.6,4318.4,True,2026-03-24 12:43:00,4343.6,BE,0.0,-4.0,4
2026-03-24 12:50:00,2026-03-24 13:00:00,2026-03-24 13:05:00,MSS,long,4336.2,4326.8,4326.8,4355.6,False,,4326.8,SL,-9.4,-98.0,5
2026-03-24 13:05:00,2026-03-24 13:14:00,2026-03-24 13:29:00,MSS,short,4335.9,4350.2,4335.9,4311.7,True,2026-03-24 13:28:00,4335.9,BE,0.0,-4.0,15
2026-03-24 14:55:00,2026-03-24 15:00:00,2026-03-24 15:01:00,MSS,long,4413.4,4375.5,4413.4,4415.4,True,2026-03-24 15:01:00,4413.2,BE,-0.2,-6.0,1
2026-03-24 15:50:00,2026-03-24 16:23:00,2026-03-24 16:32:00,EXTEND,long,4401.8,4375.5,4401.8,4453.5,True,2026-03-24 16:31:00,4401.8,BE,0.0,-4.0,9
2026-03-24 17:55:00,2026-03-24 18:04:00,2026-03-24 18:05:00,BOS,long,4423.5,4413.5,4423.5,4437.5,True,2026-03-24 18:05:00,4423.1,BE,-0.4,-8.0,1
2026-03-24 18:15:00,2026-03-24 18:36:00,2026-03-24 18:48:00,EXTEND,long,4420.8,4413.5,4420.8,4440.2,True,2026-03-24 18:37:00,4420.8,BE,0.0,-4.0,12
2026-03-24 18:55:00,2026-03-24 19:03:00,2026-03-24 19:04:00,EXTEND,long,4415.5,4419.6,4419.6,4449.2,False,,4415.7,SL,0.2,-2.0,1
2026-03-24 19:00:00,2026-03-24 19:11:00,2026-03-24 19:19:00,MSS,short,4412.5,4442.9,4412.5,4355.0,True,2026-03-24 19:18:00,4412.5,BE,0.0,-4.0,8
2026-03-24 19:50:00,2026-03-24 20:04:00,2026-03-24 20:05:00,MSS,short,4406.7,4428.4,4406.7,4380.4,True,2026-03-24 20:05:00,4406.7,BE,0.0,-4.0,1
2026-03-24 21:55:00,2026-03-24 22:00:00,2026-03-24 22:01:00,MSS,long,4387.1,4350.5,4387.1,4393.7,True,2026-03-24 22:01:00,4387.1,BE,0.0,-4.0,1
2026-03-24 22:50:00,2026-03-24 23:03:00,2026-03-24 23:09:00,BOS,long,4412.8,4403.3,4403.3,4443.2,False,,4403.3,SL,-9.5,-99.0,6
2026-03-24 23:10:00,2026-03-24 23:17:00,2026-03-24 23:18:00,EXTEND,short,4407.8,4421.6,4407.8,4389.2,True,2026-03-24 23:18:00,4408.1,BE,-0.3,-7.0,1
2026-03-25 00:05:00,2026-03-25 00:25:00,2026-03-25 00:43:00,EXTEND,short,4422.3,4431.7,4422.3,4395.0,True,2026-03-25 00:35:00,4422.3,BE,0.0,-4.0,18
2026-03-25 01:55:00,2026-03-25 02:00:00,2026-03-25 02:01:00,MSS,long,4390.0,4371.4,4390.0,4401.5,True,2026-03-25 02:01:00,4389.8,BE,-0.2,-6.0,1
2026-03-25 02:55:00,2026-03-25 03:07:00,2026-03-25 03:09:00,MSS,short,4399.1,4403.6,4403.6,4379.1,False,,4403.6,SL,-4.5,-49.0,2
2026-03-25 08:45:00,2026-03-25 09:04:00,2026-03-25 09:05:00,EXTEND,long,4564.6,4541.2,4564.6,4581.5,True,2026-03-25 09:05:00,4564.2,BE,-0.4,-8.0,1
2026-03-25 09:50:00,2026-03-25 10:02:00,2026-03-25 10:03:00,EXTEND,long,4593.3,4582.4,4593.3,4605.1,True,2026-03-25 10:03:00,4593.3,BE,0.0,-4.0,1
2026-03-25 10:10:00,2026-03-25 10:27:00,2026-03-25 10:28:00,EXTEND,short,4586.7,4600.3,4586.7,4571.3,True,2026-03-25 10:28:00,4587.0,BE,-0.3,-7.0,1
2026-03-25 10:45:00,2026-03-25 11:00:00,2026-03-25 11:02:00,EXTEND,long,4583.6,4579.9,4579.9,4607.5,False,,4579.9,SL,-3.7,-41.0,2
2026-03-25 11:45:00,2026-03-25 11:56:00,2026-03-25 11:57:00,EXTEND,short,4571.1,4576.4,4571.1,4563.1,True,2026-03-25 11:57:00,4571.1,BE,0.0,-4.0,1
2026-03-25 12:00:00,2026-03-25 12:06:00,2026-03-25 12:12:00,EXTEND,short,4571.1,4576.4,4571.1,4560.7,True,2026-03-25 12:07:00,4571.1,BE,0.0,-4.0,6
2026-03-25 13:30:00,2026-03-25 13:45:00,2026-03-25 13:52:00,EXTEND,short,4562.8,4572.0,4562.8,4541.5,True,2026-03-25 13:49:00,4562.8,BE,0.0,-4.0,7
2026-03-25 14:10:00,2026-03-25 14:32:00,2026-03-25 15:10:00,EXTEND,short,4551.1,4566.2,4551.1,4522.9,True,2026-03-25 14:37:00,4551.1,BE,0.0,-4.0,38
2026-03-25 15:35:00,2026-03-25 15:43:00,2026-03-25 15:45:00,MSS,short,4548.5,4562.1,4548.5,4535.8,True,2026-03-25 15:44:00,4548.5,BE,0.0,-4.0,2
2026-03-25 16:00:00,2026-03-25 16:13:00,2026-03-25 16:15:00,EXTEND,short,4554.1,4562.1,4562.1,4528.4,False,,4562.1,SL,-8.0,-84.0,2
2026-03-25 17:40:00,2026-03-25 17:45:00,2026-03-25 17:46:00,MSS,short,4543.9,4565.0,4543.9,4542.8,True,2026-03-25 17:46:00,4544.2,BE,-0.3,-7.0,1
2026-03-25 17:45:00,2026-03-25 17:58:00,2026-03-25 17:59:00,EXTEND,short,4546.1,4565.0,4546.1,4515.3,True,2026-03-25 17:59:00,4546.1,BE,0.0,-4.0,1
2026-03-25 18:50:00,2026-03-25 19:01:00,2026-03-25 19:02:00,MSS,long,4561.0,4549.5,4561.0,4564.5,True,2026-03-25 19:02:00,4561.0,BE,0.0,-4.0,1
2026-03-25 20:15:00,2026-03-25 20:23:00,2026-03-25 20:24:00,MSS,short,4558.2,4582.8,4558.2,4555.4,True,2026-03-25 20:24:00,4558.2,BE,0.0,-4.0,1
2026-03-25 21:00:00,2026-03-25 21:07:00,2026-03-25 21:08:00,MSS,long,4563.8,4534.4,4563.8,4579.4,True,2026-03-25 21:08:00,4563.8,BE,0.0,-4.0,1
2026-03-25 21:30:00,2026-03-25 21:53:00,2026-03-25 22:00:00,EXTEND,long,4547.6,4534.4,4534.4,4587.6,False,,4534.4,SL,-13.2,-136.0,7
2026-03-26 07:40:00,2026-03-26 08:09:00,2026-03-26 08:10:00,EXTEND,short,4511.1,4508.3,4508.3,4478.1,False,,4511.5,SL,-0.4,-8.0,1
2026-03-26 08:50:00,2026-03-26 08:56:00,2026-03-26 08:57:00,EXTEND,long,4529.4,4521.5,4529.4,4540.6,True,2026-03-26 08:57:00,4529.4,BE,0.0,-4.0,1
2026-03-26 09:00:00,2026-03-26 09:18:00,2026-03-26 09:24:00,EXTEND,long,4528.8,4521.5,4528.8,4547.0,True,2026-03-26 09:21:00,4528.8,BE,0.0,-4.0,6
2026-03-26 09:45:00,2026-03-26 09:54:00,2026-03-26 09:55:00,MSS,short,4526.5,4533.0,4526.5,4515.7,True,2026-03-26 09:55:00,4526.5,BE,0.0,-4.0,1
2026-03-26 12:30:00,2026-03-26 12:40:00,2026-03-26 12:44:00,EXTEND,long,4514.4,4512.5,4514.4,4520.6,True,2026-03-26 12:42:00,4514.4,BE,0.0,-4.0,4
2026-03-26 12:45:00,2026-03-26 13:01:00,2026-03-26 13:02:00,EXTEND,long,4517.4,4512.5,4517.4,4523.0,True,2026-03-26 13:02:00,4517.0,BE,-0.4,-8.0,1
2026-03-26 18:35:00,2026-03-26 18:42:00,2026-03-26 18:43:00,MSS,short,4428.5,4445.4,4428.5,4421.1,True,2026-03-26 18:43:00,4428.5,BE,0.0,-4.0,1
2026-03-26 18:40:00,2026-03-26 18:52:00,2026-03-26 19:01:00,EXTEND,short,4437.4,4445.4,4445.4,4413.0,False,,4445.4,SL,-8.0,-84.0,9
2026-03-26 19:45:00,2026-03-26 19:50:00,2026-03-26 19:51:00,MSS,short,4417.8,4449.0,4417.8,4415.1,True,2026-03-26 19:51:00,4418.1,BE,-0.3,-7.0,1
2026-03-26 20:05:00,2026-03-26 20:10:00,2026-03-26 20:11:00,MSS,long,4438.5,4413.2,4438.5,4443.7,True,2026-03-26 20:11:00,4438.5,BE,0.0,-4.0,1
2026-03-26 20:40:00,2026-03-26 20:45:00,2026-03-26 20:46:00,EXTEND,long,4438.6,4429.4,4438.6,4446.2,True,2026-03-26 20:46:00,4438.6,BE,0.0,-4.0,1
2026-03-26 21:00:00,2026-03-26 21:12:00,2026-03-26 21:13:00,EXTEND,short,4436.3,4442.6,4442.6,4410.7,False,,4442.6,SL,-6.3,-67.0,1
2026-03-26 21:20:00,2026-03-26 21:37:00,2026-03-26 21:39:00,MSS,long,4441.3,4431.7,4441.3,4456.6,True,2026-03-26 21:38:00,4440.7,BE,-0.6,-10.0,2
2026-03-26 21:40:00,2026-03-26 21:49:00,2026-03-26 21:50:00,EXTEND,short,4449.5,4451.3,4451.3,4419.0,False,,4451.3,SL,-1.8,-22.0,1
2026-03-26 22:40:00,2026-03-26 22:45:00,2026-03-26 22:46:00,EXTEND,long,4464.6,4448.0,4464.6,4484.8,True,2026-03-26 22:46:00,4464.6,BE,0.0,-4.0,1
2026-03-26 22:55:00,2026-03-26 23:01:00,2026-03-26 23:02:00,EXTEND,short,4458.5,4477.0,4458.5,4432.9,True,2026-03-26 23:02:00,4458.5,BE,0.0,-4.0,1
2026-03-27 01:05:00,2026-03-27 01:13:00,2026-03-27 01:14:00,MSS,long,4393.2,4380.7,4393.2,4403.3,True,2026-03-27 01:14:00,4393.2,BE,0.0,-4.0,1
2026-03-27 01:25:00,2026-03-27 01:39:00,2026-03-27 01:46:00,MSS,short,4384.0,4393.1,4384.0,4367.1,True,2026-03-27 01:40:00,4384.0,BE,0.0,-4.0,7
2026-03-27 02:20:00,2026-03-27 02:42:00,2026-03-27 02:43:00,BOS,short,4387.6,4387.7,4387.7,4357.6,False,,4388.1,SL,-0.5,-9.0,1
2026-03-27 03:10:00,2026-03-27 03:25:00,2026-03-27 03:26:00,EXTEND,short,4380.4,4394.6,4380.4,4373.9,True,2026-03-27 03:26:00,4380.4,BE,0.0,-4.0,1
2026-03-27 03:30:00,2026-03-27 03:39:00,2026-03-27 03:40:00,EXTEND,short,4379.4,4388.6,4379.4,4366.6,True,2026-03-27 03:40:00,4379.4,BE,0.0,-4.0,1
2026-03-27 07:10:00,2026-03-27 07:42:00,2026-03-27 07:43:00,EXTEND,short,4394.7,4407.3,4394.7,4377.5,True,2026-03-27 07:43:00,4394.7,BE,0.0,-4.0,1
2026-03-27 08:00:00,2026-03-27 08:24:00,2026-03-27 08:25:00,MSS,long,4384.1,4390.3,4390.3,4410.2,False,,4384.5,SL,0.4,-0.0,1
2026-03-27 08:55:00,2026-03-27 09:14:00,2026-03-27 09:18:00,EXTEND,short,4387.3,4406.0,4387.3,4359.5,True,2026-03-27 09:18:00,4387.3,BE,0.0,-4.0,4
2026-03-27 11:05:00,2026-03-27 11:26:00,2026-03-27 11:28:00,EXTEND,short,4423.9,4435.4,4423.9,4409.6,True,2026-03-27 11:27:00,4423.9,BE,0.0,-4.0,2
2026-03-27 13:40:00,2026-03-27 14:00:00,2026-03-27 14:02:00,EXTEND,long,4453.0,4434.8,4453.0,4478.5,True,2026-03-27 14:01:00,4451.6,BE,-1.4,-18.0,2
2026-03-27 14:35:00,2026-03-27 14:48:00,2026-03-27 14:49:00,BOS,long,4456.0,4455.1,4455.1,4464.9,False,,4455.1,SL,-0.9,-13.0,1
2026-03-27 14:50:00,2026-03-27 14:57:00,2026-03-27 15:00:00,EXTEND,short,4455.1,4462.8,4455.1,4444.0,True,2026-03-27 14:58:00,4455.1,BE,0.0,-4.0,3
2026-03-27 15:05:00,2026-03-27 15:13:00,2026-03-27 15:14:00,EXTEND,short,4448.9,4458.5,4448.9,4436.7,True,2026-03-27 15:14:00,4448.9,BE,0.0,-4.0,1
2026-03-27 15:30:00,2026-03-27 15:38:00,2026-03-27 15:42:00,EXTEND,short,4447.3,4451.6,4447.3,4441.3,True,2026-03-27 15:39:00,4441.3,TP,6.0,55.87,4
2026-03-27 15:40:00,2026-03-27 15:50:00,2026-03-27 15:51:00,BOS,short,4443.6,4450.3,4443.6,4438.1,True,2026-03-27 15:51:00,4443.6,BE,0.0,-4.0,1
2026-03-27 15:50:00,2026-03-27 16:09:00,2026-03-27 16:10:00,BOS,short,4439.9,4447.4,4439.9,4434.6,True,2026-03-27 16:10:00,4441.5,BE,-1.6,-20.0,1
2026-03-27 17:10:00,2026-03-27 17:20:00,2026-03-27 17:40:00,EXTEND,short,4425.4,4435.1,4425.4,4411.2,True,2026-03-27 17:40:00,4425.4,BE,0.0,-4.0,20
2026-03-27 18:00:00,2026-03-27 18:09:00,2026-03-27 18:10:00,BOS,short,4424.5,4428.3,4424.5,4419.8,True,2026-03-27 18:10:00,4424.5,BE,0.0,-4.0,1
2026-03-27 18:20:00,2026-03-27 18:28:00,2026-03-27 18:31:00,EXTEND,short,4424.5,4428.3,4424.5,4416.7,True,2026-03-27 18:30:00,4424.5,BE,0.0,-4.0,3
2026-03-27 19:05:00,2026-03-27 19:17:00,2026-03-27 19:20:00,EXTEND,short,4406.7,4413.9,4406.7,4395.0,True,2026-03-27 19:18:00,4406.7,BE,0.0,-4.0,3
2026-03-27 19:50:00,2026-03-27 19:59:00,2026-03-27 20:00:00,BOS,long,4414.9,4408.4,4414.9,4423.6,True,2026-03-27 20:00:00,4414.9,BE,0.0,-4.0,1
2026-03-27 20:05:00,2026-03-27 20:18:00,2026-03-27 20:19:00,MSS,short,4422.3,4420.8,4420.8,4404.0,False,,4421.6,SL,0.7,3.0,1
2026-03-27 20:15:00,2026-03-27 20:24:00,2026-03-27 20:50:00,MSS,long,4417.0,4407.6,4417.0,4434.5,True,2026-03-27 20:25:00,4434.5,TP,17.5,171.24,26
2026-03-27 21:10:00,2026-03-27 21:21:00,2026-03-27 21:28:00,EXTEND,short,4431.4,4439.3,4431.4,4413.0,True,2026-03-27 21:22:00,4413.0,TP,18.4,179.89,7
2026-03-27 21:30:00,2026-03-27 21:49:00,2026-03-27 21:59:00,EXTEND,short,4428.6,4436.4,4428.6,4400.6,True,2026-03-27 21:51:00,4428.6,BE,0.0,-4.0,10
2026-03-27 22:15:00,2026-03-27 22:31:00,2026-03-27 22:32:00,BOS,long,4454.7,4440.4,4454.7,4472.8,True,2026-03-27 22:32:00,4453.3,BE,-1.4,-18.0,1
2026-03-28 00:00:00,2026-03-28 00:11:00,2026-03-28 00:13:00,EXTEND,short,4522.0,4533.8,4522.0,4510.1,True,2026-03-28 00:12:00,4525.1,BE,-3.1,-35.0,2
2026-03-28 00:40:00,2026-03-28 01:10:00,2026-03-28 01:11:00,EXTEND,short,4511.2,4531.3,4511.2,4496.9,True,2026-03-28 01:11:00,4512.0,BE,-0.8,-12.0,1
2026-03-28 02:15:00,2026-03-28 02:20:00,2026-03-28 02:21:00,MSS,long,4508.0,4484.1,4508.0,4514.2,True,2026-03-28 02:21:00,4506.6,BE,-1.4,-18.0,1
2026-03-28 03:15:00,2026-03-28 03:21:00,2026-03-28 03:22:00,MSS,long,4518.7,4503.9,4518.7,4523.2,True,2026-03-28 03:22:00,4518.7,BE,0.0,-4.0,1
2026-03-28 03:35:00,2026-03-28 03:40:00,2026-03-28 03:41:00,MSS,short,4505.4,4523.2,4505.4,4503.9,True,2026-03-28 03:41:00,4505.6,BE,-0.2,-6.0,1
2026-03-28 03:40:00,2026-03-28 03:57:00,2026-03-28 03:58:00,EXTEND,short,4508.6,4523.2,4508.6,4491.1,True,2026-03-28 03:58:00,4509.5,BE,-0.9,-13.0,1
2026-03-30 07:05:00,2026-03-30 07:22:00,2026-03-30 07:25:00,BOS,short,4472.6,4487.3,4472.6,4454.4,True,2026-03-30 07:24:00,4474.1,BE,-1.5,-19.0,2
2026-03-30 08:20:00,2026-03-30 08:26:00,2026-03-30 08:28:00,MSS,long,4460.0,4414.0,4460.0,4471.1,True,2026-03-30 08:28:00,4457.7,BE,-2.3,-27.0,1
2026-03-30 08:50:00,2026-03-30 08:56:00,2026-03-30 09:00:00,MSS,short,4430.9,4460.0,4430.9,4420.0,True,2026-03-30 08:57:00,4430.9,BE,0.0,-4.0,4
2026-03-30 09:30:00,2026-03-30 09:35:00,2026-03-30 09:36:00,MSS,long,4473.1,4446.6,4473.1,4470.0,True,2026-03-30 09:36:00,4470.9,BE,-2.2,-26.0,1
2026-03-30 10:20:00,2026-03-30 10:32:00,2026-03-30 10:33:00,MSS,short,4467.6,4471.0,4467.6,4461.6,True,2026-03-30 10:33:00,4457.2,TP,10.4,100.0,1
2026-03-30 15:00:00,2026-03-30 15:05:00,2026-03-30 15:06:00,MSS,short,4520.1,4546.0,4520.1,4515.5,True,2026-03-30 15:06:00,4524.9,BE,-4.8,-52.0,1
2026-03-30 15:50:00,2026-03-30 15:57:00,2026-03-30 16:00:00,MSS,long,4522.7,4515.2,4522.7,4523.3,True,2026-03-30 16:00:00,4521.7,BE,-1.0,-14.0,1
2026-03-30 19:50:00,2026-03-30 20:04:00,2026-03-30 21:35:00,EXTEND,long,4550.8,4538.7,4550.8,4588.4,True,2026-03-30 20:17:00,4550.8,BE,0.0,-4.0,72
2026-03-31 00:00:00,2026-03-31 00:08:00,2026-03-31 00:09:00,MSS,short,4538.0,4555.5,4538.0,4533.4,True,2026-03-31 00:09:00,4538.2,BE,-0.2,-6.0,1
2026-03-31 00:40:00,2026-03-31 01:19:00,2026-03-31 01:31:00,MSS,long,4524.2,4531.3,4531.3,4550.2,False,,4520.0,SL,-4.2,-46.0,1
2026-04-07 22:05:00,2026-04-07 22:45:00,2026-04-07 23:59:00,MSS,short,4645.6,4648.8,4648.8,4594.4,False,,4654.2,SL,-8.6,-90.0,4
2026-04-29 08:50:00,2026-04-29 08:59:00,2026-04-29 09:00:00,BOS,short,4613.8,4618.7,4613.8,4607.0,True,2026-04-29 09:00:00,4613.8,BE,0.0,-4.0,1
2026-04-29 09:40:00,2026-04-29 09:59:00,2026-04-29 10:01:00,MSS,long,4598.1,4592.4,4598.1,4608.8,True,2026-04-29 10:00:00,4608.8,TP,10.7,102.83,2
2026-04-29 10:40:00,2026-04-29 10:50:00,2026-04-29 10:51:00,EXTEND,short,4612.2,4616.9,4612.2,4606.6,True,2026-04-29 10:51:00,4612.2,BE,0.0,-4.0,1
2026-04-29 10:55:00,2026-04-29 11:10:00,2026-04-29 11:13:00,EXTEND,short,4611.9,4614.8,4614.8,4602.9,False,,4614.8,SL,-2.9,-33.0,3
2026-04-29 11:15:00,2026-04-29 11:34:00,2026-04-29 12:05:00,EXTEND,long,4610.4,4605.4,4610.4,4620.0,True,2026-04-29 12:01:00,4610.4,BE,0.0,-4.0,31
2026-04-29 13:10:00,2026-04-29 13:17:00,2026-04-29 13:18:00,MSS,short,4614.3,4621.3,4614.3,4611.8,True,2026-04-29 13:18:00,4614.5,BE,-0.2,-6.0,1
2026-04-29 13:35:00,2026-04-29 13:52:00,2026-04-29 14:00:00,EXTEND,short,4615.0,4621.3,4615.0,4603.9,True,2026-04-29 13:53:00,4603.9,TP,11.1,106.99,8
2026-04-29 14:00:00,2026-04-29 14:06:00,2026-04-29 14:07:00,EXTEND,short,4608.4,4616.9,4608.4,4600.3,True,2026-04-29 14:07:00,4608.7,BE,-0.3,-7.0,1
2026-04-29 15:05:00,2026-04-29 15:11:00,2026-04-29 15:12:00,MSS,short,4592.4,4603.3,4592.4,4590.5,True,2026-04-29 15:12:00,4592.8,BE,-0.4,-8.0,1
2026-04-29 16:10:00,2026-04-29 16:23:00,2026-04-29 16:24:00,BOS,short,4580.6,4586.8,4580.6,4575.1,True,2026-04-29 16:24:00,4580.7,BE,-0.1,-5.0,1
2026-04-29 16:35:00,2026-04-29 16:48:00,2026-04-29 16:49:00,EXTEND,short,4583.7,4584.9,4584.9,4566.6,False,,4584.9,SL,-1.2,-16.0,1
2026-04-29 17:30:00,2026-04-29 17:38:00,2026-04-29 17:39:00,EXTEND,short,4578.5,4594.1,4578.5,4572.3,True,2026-04-29 17:39:00,4578.5,BE,0.0,-4.0,1
2026-04-29 17:55:00,2026-04-29 18:11:00,2026-04-29 18:15:00,EXTEND,short,4578.0,4582.8,4582.8,4559.1,False,,4582.8,SL,-4.8,-52.0,4
2026-04-29 19:50:00,2026-04-29 19:55:00,2026-04-29 19:56:00,MSS,short,4572.6,4585.1,4572.6,4569.1,True,2026-04-29 19:56:00,4572.6,BE,0.0,-4.0,1
2026-04-29 19:55:00,2026-04-29 20:08:00,2026-04-29 20:12:00,EXTEND,short,4578.2,4585.1,4578.2,4568.2,True,2026-04-29 20:09:00,4578.2,BE,0.0,-4.0,4
2026-04-29 20:55:00,2026-04-29 21:04:00,2026-04-29 21:05:00,EXTEND,short,4560.6,4573.0,4560.6,4547.6,True,2026-04-29 21:05:00,4560.7,BE,-0.1,-5.0,1
2026-04-29 22:35:00,2026-04-29 22:48:00,2026-04-29 23:06:00,EXTEND,long,4548.3,4543.2,4548.3,4559.5,True,2026-04-29 22:54:00,4559.5,TP,11.2,107.56,18
2026-04-29 23:05:00,2026-04-29 23:16:00,2026-04-29 23:17:00,EXTEND,long,4553.1,4543.2,4553.1,4564.5,True,2026-04-29 23:17:00,4553.1,BE,0.0,-4.0,1
2026-04-29 23:45:00,2026-04-29 23:55:00,2026-04-30 00:03:00,EXTEND,long,4560.2,4552.7,4560.2,4576.8,True,2026-04-30 00:00:00,4576.8,TP,16.6,162.3,8
2026-04-30 00:30:00,2026-04-30 00:36:00,2026-04-30 00:37:00,MSS,short,4562.0,4577.6,4562.0,4559.2,True,2026-04-30 00:37:00,4562.2,BE,-0.2,-6.0,1
2026-04-30 01:25:00,2026-04-30 01:34:00,2026-04-30 01:35:00,MSS,short,4558.4,4568.5,4558.4,4557.3,True,2026-04-30 01:35:00,4558.4,BE,0.0,-4.0,1
2026-04-30 01:45:00,2026-04-30 02:03:00,2026-04-30 02:04:00,EXTEND,short,4557.1,4568.5,4557.1,4551.7,True,2026-04-30 02:04:00,4557.4,BE,-0.3,-7.0,1
2026-04-30 02:00:00,2026-04-30 02:06:00,2026-04-30 02:07:00,BOS,short,4551.9,4561.8,4551.9,4541.6,True,2026-04-30 02:07:00,4552.1,BE,-0.2,-6.0,1
2026-04-30 02:10:00,2026-04-30 02:19:00,2026-04-30 02:20:00,EXTEND,short,4545.9,4561.8,4545.9,4533.1,True,2026-04-30 02:20:00,4546.0,BE,-0.1,-5.0,1
2026-04-30 02:30:00,2026-04-30 02:40:00,2026-04-30 02:41:00,BOS,short,4541.8,4554.0,4541.8,4529.2,True,2026-04-30 02:41:00,4541.8,BE,0.0,-4.0,1
2026-04-30 02:45:00,2026-04-30 02:53:00,2026-04-30 02:56:00,EXTEND,short,4546.1,4554.0,4554.0,4526.2,False,,4554.0,SL,-7.9,-83.0,3
2026-04-30 03:15:00,2026-04-30 03:36:00,2026-04-30 03:41:00,EXTEND,long,4553.6,4547.3,4553.6,4569.7,True,2026-04-30 03:39:00,4553.6,BE,0.0,-4.0,5
2026-04-30 07:00:00,2026-04-30 07:09:00,2026-04-30 07:10:00,BOS,long,4563.9,4561.5,4563.9,4567.3,True,2026-04-30 07:10:00,4563.9,BE,0.0,-4.0,1
2026-04-30 07:15:00,2026-04-30 07:25:00,2026-04-30 07:29:00,EXTEND,long,4564.0,4561.5,4564.0,4569.0,True,2026-04-30 07:27:00,4564.0,BE,0.0,-4.0,4
2026-04-30 08:00:00,2026-04-30 08:16:00,2026-04-30 08:17:00,EXTEND,long,4573.0,4562.1,4573.0,4586.7,True,2026-04-30 08:17:00,4572.7,BE,-0.3,-7.0,1
2026-04-30 08:45:00,2026-04-30 09:12:00,2026-04-30 09:22:00,EXTEND,long,4579.7,4574.3,4579.7,4589.5,True,2026-04-30 09:14:00,4579.7,BE,0.0,-4.0,10
2026-04-30 09:30:00,2026-04-30 09:38:00,2026-04-30 09:39:00,EXTEND,long,4588.5,4577.5,4588.5,4597.7,True,2026-04-30 09:39:00,4588.4,BE,-0.1,-5.0,1
2026-04-30 09:50:00,2026-04-30 10:06:00,2026-04-30 10:07:00,BOS,long,4590.7,4585.4,4590.7,4596.8,True,2026-04-30 10:07:00,4590.7,BE,0.0,-4.0,1
2026-04-30 13:05:00,2026-04-30 13:17:00,2026-04-30 13:18:00,MSS,long,4564.8,4553.0,4564.8,4568.2,True,2026-04-30 13:18:00,4564.3,BE,-0.5,-9.0,1
2026-04-30 17:05:00,2026-04-30 17:14:00,2026-04-30 17:15:00,BOS,long,4630.8,4627.1,4630.8,4633.6,True,2026-04-30 17:15:00,4630.8,BE,0.0,-4.0,1
2026-04-30 17:15:00,2026-04-30 17:24:00,2026-04-30 17:25:00,EXTEND,long,4631.2,4627.1,4631.2,4634.1,True,2026-04-30 17:25:00,4631.0,BE,-0.2,-6.0,1
2026-04-30 17:30:00,2026-04-30 17:47:00,2026-04-30 18:27:00,EXTEND,long,4633.1,4627.5,4633.1,4648.6,True,2026-04-30 17:49:00,4648.6,TP,15.5,150.82,40
2026-04-30 19:05:00,2026-04-30 19:20:00,2026-04-30 19:21:00,EXTEND,long,4650.8,4645.3,4650.8,4661.8,True,2026-04-30 19:21:00,4650.8,BE,0.0,-4.0,1
2026-04-30 20:05:00,2026-04-30 20:10:00,2026-04-30 20:15:00,EXTEND,long,4645.6,4641.0,4645.6,4652.8,True,2026-04-30 20:11:00,4645.6,BE,0.0,-4.0,5
2026-04-30 20:20:00,2026-04-30 20:30:00,2026-04-30 20:31:00,EXTEND,long,4645.5,4641.0,4645.5,4653.1,True,2026-04-30 20:31:00,4645.5,BE,0.0,-4.0,1
2026-04-30 20:30:00,2026-04-30 20:40:00,2026-04-30 20:42:00,MSS,short,4642.7,4650.5,4642.7,4630.7,True,2026-04-30 20:41:00,4642.7,BE,0.0,-4.0,2
2026-04-30 22:35:00,2026-04-30 22:48:00,2026-04-30 22:56:00,BOS,short,4632.2,4638.9,4632.2,4618.5,True,2026-04-30 22:55:00,4632.2,BE,0.0,-4.0,8
2026-04-30 23:05:00,2026-04-30 23:14:00,2026-04-30 23:15:00,MSS,long,4632.5,4628.1,4632.5,4639.0,True,2026-04-30 23:15:00,4632.5,BE,0.0,-4.0,1
2026-04-30 23:50:00,2026-04-30 23:59:00,2026-05-01 00:00:00,EXTEND,short,4628.0,4638.0,4628.0,4620.2,True,2026-05-01 00:00:00,4628.5,BE,-0.5,-9.0,1
2026-05-01 00:15:00,2026-05-01 00:35:00,2026-05-01 00:36:00,BOS,short,4623.2,4630.1,4623.2,4614.5,True,2026-05-01 00:36:00,4623.2,BE,0.0,-4.0,1
2026-05-01 00:55:00,2026-05-01 01:06:00,2026-05-01 01:08:00,BOS,short,4628.1,4630.8,4630.8,4615.4,False,,4630.8,SL,-2.7,-31.0,2
2026-05-01 02:15:00,2026-05-01 02:43:00,2026-05-01 02:44:00,EXTEND,long,4633.9,4628.0,4633.9,4641.5,True,2026-05-01 02:44:00,4633.7,BE,-0.2,-6.0,1
2026-05-01 03:05:00,2026-05-01 03:24:00,2026-05-01 03:25:00,EXTEND,long,4633.2,4631.6,4631.6,4643.3,False,,4631.6,SL,-1.6,-20.0,1
2026-05-01 03:30:00,2026-05-01 03:48:00,2026-05-01 03:49:00,EXTEND,short,4634.2,4640.8,4634.2,4624.3,True,2026-05-01 03:49:00,4634.2,BE,0.0,-4.0,1
2026-05-01 07:35:00,2026-05-01 07:46:00,2026-05-01 07:47:00,EXTEND,long,4644.9,4641.1,4644.9,4648.3,True,2026-05-01 07:47:00,4644.9,BE,0.0,-4.0,1
2026-05-01 08:00:00,2026-05-01 08:07:00,2026-05-01 08:08:00,EXTEND,short,4639.5,4646.8,4639.5,4632.2,True,2026-05-01 08:08:00,4639.8,BE,-0.3,-7.0,1
2026-05-01 08:10:00,2026-05-01 08:22:00,2026-05-01 09:00:00,BOS,short,4638.4,4643.6,4638.4,4629.9,True,2026-05-01 08:23:00,4629.9,TP,8.5,81.16,38
2026-05-01 09:20:00,2026-05-01 09:41:00,2026-05-01 09:42:00,EXTEND,short,4631.8,4637.9,4631.8,4622.7,True,2026-05-01 09:42:00,4631.8,BE,0.0,-4.0,1
2026-05-01 10:55:00,2026-05-01 11:39:00,2026-05-01 12:33:00,EXTEND,short,4641.7,4643.1,4641.7,4623.9,True,2026-05-01 12:03:00,4623.9,TP,17.8,173.77,54
2026-05-01 13:10:00,2026-05-01 13:19:00,2026-05-01 13:20:00,EXTEND,long,4625.3,4618.7,4625.3,4628.4,True,2026-05-01 13:20:00,4625.3,BE,0.0,-4.0,1
2026-05-01 13:35:00,2026-05-01 13:44:00,2026-05-01 13:45:00,MSS,short,4620.7,4627.7,4620.7,4618.6,True,2026-05-01 13:45:00,4620.7,BE,0.0,-4.0,1
2026-05-01 17:10:00,2026-05-01 17:25:00,2026-05-01 17:28:00,EXTEND,short,4580.8,4584.4,4580.8,4572.5,True,2026-05-01 17:26:00,4580.8,BE,0.0,-4.0,3
2026-05-01 17:35:00,2026-05-01 17:48:00,2026-05-01 17:49:00,MSS,long,4580.9,4578.3,4580.9,4585.9,True,2026-05-01 17:49:00,4580.9,BE,0.0,-4.0,1
2026-05-01 17:55:00,2026-05-01 18:11:00,2026-05-01 18:12:00,EXTEND,short,4576.5,4584.3,4576.5,4566.5,True,2026-05-01 18:12:00,4576.5,BE,0.0,-4.0,1
2026-05-01 19:15:00,2026-05-01 19:20:00,2026-05-01 19:21:00,MSS,long,4584.3,4573.3,4584.3,4585.2,True,2026-05-01 19:21:00,4584.1,BE,-0.2,-6.0,1
2026-05-01 19:55:00,2026-05-01 20:04:00,2026-05-01 20:05:00,EXTEND,long,4589.2,4583.9,4589.2,4592.5,True,2026-05-01 20:05:00,4589.2,BE,0.0,-4.0,1
2026-05-01 20:05:00,2026-05-01 20:12:00,2026-05-01 20:13:00,EXTEND,long,4588.5,4583.9,4588.5,4593.3,True,2026-05-01 20:13:00,4593.3,TP,4.8,43.98,1
2026-05-01 20:25:00,2026-05-01 21:17:00,2026-05-01 21:18:00,EXTEND,long,4602.5,4586.1,4602.5,4628.1,True,2026-05-01 21:18:00,4602.5,BE,0.0,-4.0,1
2026-05-01 23:10:00,2026-05-01 23:15:00,2026-05-01 23:16:00,MSS,long,4649.5,4630.4,4649.5,4652.4,True,2026-05-01 23:16:00,4649.3,BE,-0.2,-6.0,1
2026-05-01 23:45:00,2026-05-01 23:52:00,2026-05-01 23:53:00,EXTEND,long,4655.3,4646.4,4655.3,4662.9,True,2026-05-01 23:53:00,4655.3,BE,0.0,-4.0,1
2026-05-02 00:10:00,2026-05-02 00:18:00,2026-05-02 00:21:00,EXTEND,short,4657.8,4659.4,4659.4,4646.3,False,,4659.4,SL,-1.6,-20.0,3
2026-05-02 01:50:00,2026-05-02 01:57:00,2026-05-02 01:58:00,EXTEND,short,4641.9,4651.9,4641.9,4635.5,True,2026-05-02 01:58:00,4641.9,BE,0.0,-4.0,1
2026-05-02 03:10:00,2026-05-02 03:15:00,2026-05-02 03:16:00,MSS,long,4638.8,4631.5,4638.8,4640.4,True,2026-05-02 03:16:00,4638.8,BE,0.0,-4.0,1
2026-05-04 08:00:00,2026-05-04 08:12:00,2026-05-04 08:13:00,MSS,short,4621.6,4628.6,4621.6,4612.3,True,2026-05-04 08:13:00,4621.9,BE,-0.3,-7.0,1
2026-05-04 09:05:00,2026-05-04 09:10:00,2026-05-04 09:11:00,EXTEND,short,4607.5,4625.2,4607.5,4604.1,True,2026-05-04 09:11:00,4607.5,BE,0.0,-4.0,1
2026-05-04 09:30:00,2026-05-04 09:41:00,2026-05-04 09:50:00,EXTEND,short,4610.9,4615.8,4615.8,4600.3,False,,4615.8,SL,-4.9,-53.0,9
2026-05-04 10:00:00,2026-05-04 10:19:00,2026-05-04 10:28:00,EXTEND,long,4616.3,4603.6,4603.6,4637.0,False,,4603.6,SL,-12.7,-131.0,9
2026-05-04 11:50:00,2026-05-04 11:57:00,2026-05-04 11:58:00,MSS,long,4626.3,4609.4,4626.3,4630.1,True,2026-05-04 11:58:00,4626.3,BE,0.0,-4.0,1
2026-05-04 12:55:00,2026-05-04 13:02:00,2026-05-04 13:03:00,MSS,short,4615.0,4621.6,4615.0,4614.1,True,2026-05-04 13:03:00,4615.1,BE,-0.1,-5.0,1
2026-05-04 13:15:00,2026-05-04 13:22:00,2026-05-04 13:23:00,MSS,long,4622.0,4612.7,4622.0,4627.4,True,2026-05-04 13:23:00,4621.4,BE,-0.6,-10.0,1
2026-05-04 14:05:00,2026-05-04 14:15:00,2026-05-04 14:16:00,EXTEND,short,4604.6,4613.1,4604.6,4595.1,True,2026-05-04 14:16:00,4604.7,BE,-0.1,-5.0,1
2026-05-04 14:45:00,2026-05-04 14:52:00,2026-05-04 14:53:00,EXTEND,short,4600.9,4607.0,4600.9,4591.1,True,2026-05-04 14:53:00,4600.9,BE,0.0,-4.0,1
2026-05-04 15:35:00,2026-05-04 15:49:00,2026-05-04 15:50:00,EXTEND,short,4598.4,4607.0,4598.4,4589.7,True,2026-05-04 15:50:00,4598.6,BE,-0.2,-6.0,1
2026-05-04 16:40:00,2026-05-04 16:53:00,2026-05-04 16:54:00,EXTEND,long,4589.5,4584.6,4589.5,4595.1,True,2026-05-04 16:54:00,4589.5,BE,0.0,-4.0,1
2026-05-04 17:05:00,2026-05-04 17:13:00,2026-05-04 17:14:00,EXTEND,long,4592.9,4586.7,4592.9,4594.1,True,2026-05-04 17:14:00,4592.6,BE,-0.3,-7.0,1
2026-05-04 17:15:00,2026-05-04 17:53:00,2026-05-04 17:57:00,EXTEND,long,4590.5,4586.7,4586.7,4598.0,False,,4586.7,SL,-3.8,-42.0,4
2026-05-04 18:20:00,2026-05-04 18:42:00,2026-05-04 19:36:00,EXTEND,short,4568.5,4595.6,4568.5,4519.7,True,2026-05-04 19:35:00,4568.5,BE,0.0,-4.0,54
2026-05-04 19:35:00,2026-05-04 19:59:00,2026-05-04 20:00:00,EXTEND,short,4571.2,4581.0,4571.2,4557.0,True,2026-05-04 20:00:00,4571.2,BE,0.0,-4.0,1
2026-05-04 20:20:00,2026-05-04 20:37:00,2026-05-04 21:00:00,EXTEND,long,4576.0,4563.6,4576.0,4597.6,True,2026-05-04 20:38:00,4576.0,BE,0.0,-4.0,23
2026-05-04 21:00:00,2026-05-04 21:12:00,2026-05-04 21:33:00,MSS,short,4580.1,4587.1,4580.1,4562.8,True,2026-05-04 21:13:00,4580.1,BE,0.0,-4.0,21
2026-05-04 21:30:00,2026-05-04 21:37:00,2026-05-04 21:38:00,EXTEND,short,4575.8,4587.1,4575.8,4560.6,True,2026-05-04 21:38:00,4576.0,BE,-0.2,-6.0,1
2026-05-05 07:45:00,2026-05-05 07:50:00,2026-05-05 07:55:00,EXTEND,short,4529.0,4531.2,4529.0,4525.7,True,2026-05-05 07:51:00,4529.0,BE,0.0,-4.0,5
2026-05-05 08:10:00,2026-05-05 08:24:00,2026-05-05 08:26:00,EXTEND,long,4528.6,4525.8,4525.8,4541.3,False,,4525.8,SL,-2.8,-32.0,2
2026-05-05 08:25:00,2026-05-05 08:49:00,2026-05-05 08:54:00,MSS,short,4536.1,4538.0,4538.0,4518.4,False,,4538.0,SL,-1.9,-23.0,5
2026-05-05 10:25:00,2026-05-05 10:30:00,2026-05-05 10:31:00,MSS,long,4551.2,4544.0,4551.2,4553.1,True,2026-05-05 10:31:00,4551.2,BE,0.0,-4.0,1
2026-05-05 10:45:00,2026-05-05 11:01:00,2026-05-05 11:03:00,EXTEND,long,4548.9,4544.0,4548.9,4559.4,True,2026-05-05 11:02:00,4548.9,BE,0.0,-4.0,2
2026-05-05 13:05:00,2026-05-05 13:24:00,2026-05-05 13:25:00,MSS,long,4548.6,4539.9,4548.6,4558.7,True,2026-05-05 13:25:00,4548.6,BE,0.0,-4.0,1
2026-05-05 14:00:00,2026-05-05 14:07:00,2026-05-05 14:08:00,EXTEND,long,4554.5,4544.8,4554.5,4566.0,True,2026-05-05 14:08:00,4554.3,BE,-0.2,-6.0,1
2026-05-05 14:20:00,2026-05-05 14:40:00,2026-05-05 15:00:00,EXTEND,short,4556.4,4561.5,4561.5,4538.3,False,,4561.5,SL,-5.1,-55.0,20
2026-05-05 15:25:00,2026-05-05 15:33:00,2026-05-05 15:34:00,MSS,short,4560.2,4565.5,4560.2,4556.0,True,2026-05-05 15:34:00,4560.2,BE,0.0,-4.0,1
2026-05-05 15:55:00,2026-05-05 16:16:00,2026-05-05 16:17:00,EXTEND,short,4560.0,4568.3,4560.0,4549.0,True,2026-05-05 16:17:00,4560.4,BE,-0.4,-8.0,1
2026-05-05 16:25:00,2026-05-05 16:40:00,2026-05-05 16:42:00,EXTEND,long,4560.1,4556.2,4560.1,4566.6,True,2026-05-05 16:41:00,4560.1,BE,0.0,-4.0,2
2026-05-05 17:25:00,2026-05-05 17:32:00,2026-05-05 17:33:00,MSS,short,4563.1,4570.5,4563.1,4560.2,True,2026-05-05 17:33:00,4563.1,BE,0.0,-4.0,1
2026-05-05 17:30:00,2026-05-05 17:48:00,2026-05-05 17:53:00,EXTEND,short,4564.4,4570.5,4564.4,4558.6,True,2026-05-05 17:49:00,4564.4,BE,0.0,-4.0,5
2026-05-05 18:10:00,2026-05-05 18:17:00,2026-05-05 18:18:00,EXTEND,short,4564.2,4567.2,4564.2,4559.1,True,2026-05-05 18:18:00,4564.2,BE,0.0,-4.0,1
2026-05-05 18:25:00,2026-05-05 18:36:00,2026-05-05 18:44:00,BOS,short,4562.0,4565.3,4562.0,4554.4,True,2026-05-05 18:39:00,4554.4,TP,7.6,72.22,8
2026-05-05 19:05:00,2026-05-05 19:10:00,2026-05-05 19:11:00,MSS,long,4561.5,4550.1,4561.5,4563.4,True,2026-05-05 19:11:00,4561.5,BE,0.0,-4.0,1
2026-05-05 20:10:00,2026-05-05 20:20:00,2026-05-05 20:21:00,MSS,long,4575.2,4564.3,4575.2,4580.8,True,2026-05-05 20:21:00,4575.0,BE,-0.2,-6.0,1
2026-05-05 20:30:00,2026-05-05 20:55:00,2026-05-05 20:59:00,EXTEND,long,4574.4,4564.3,4574.4,4591.0,True,2026-05-05 20:58:00,4574.4,BE,0.0,-4.0,4
2026-05-05 21:40:00,2026-05-05 21:55:00,2026-05-05 22:00:00,EXTEND,short,4589.2,4592.4,4592.4,4579.2,False,,4592.4,SL,-3.2,-36.0,5
2026-05-05 22:15:00,2026-05-05 22:30:00,2026-05-05 22:33:00,EXTEND,short,4591.6,4595.1,4595.1,4571.2,False,,4595.1,SL,-3.5,-39.0,3
2026-05-05 23:00:00,2026-05-05 23:22:00,2026-05-05 23:24:00,MSS,long,4590.0,4586.3,4590.0,4597.2,True,2026-05-05 23:23:00,4590.0,BE,0.0,-4.0,2
2026-05-06 01:10:00,2026-05-06 01:24:00,2026-05-06 01:27:00,EXTEND,short,4569.6,4573.8,4569.6,4561.0,True,2026-05-06 01:26:00,4569.6,BE,0.0,-4.0,3
2026-05-06 01:45:00,2026-05-06 02:00:00,2026-05-06 02:01:00,MSS,long,4571.2,4565.9,4571.2,4574.8,True,2026-05-06 02:01:00,4571.2,BE,0.0,-4.0,1
2026-05-06 02:15:00,2026-05-06 02:42:00,2026-05-06 02:55:00,EXTEND,long,4570.5,4568.4,4570.5,4578.2,True,2026-05-06 02:44:00,4570.5,BE,0.0,-4.0,13
2026-05-06 03:50:00,2026-05-06 03:56:00,2026-05-06 03:57:00,MSS,short,4563.4,4569.7,4563.4,4563.2,True,2026-05-06 03:57:00,4563.2,TP,0.2,-2.0,1
2026-05-06 08:00:00,2026-05-06 08:14:00,2026-05-06 08:15:00,BOS,long,4602.0,4601.0,4601.0,4611.0,False,,4601.0,SL,-1.0,-14.0,1
2026-05-06 09:00:00,2026-05-06 09:16:00,2026-05-06 09:47:00,EXTEND,long,4624.8,4618.0,4624.8,4638.1,True,2026-05-06 09:17:00,4638.1,TP,13.3,128.66,31
2026-05-06 09:45:00,2026-05-06 09:56:00,2026-05-06 09:57:00,BOS,long,4636.6,4631.1,4636.6,4641.8,True,2026-05-06 09:57:00,4636.6,BE,0.0,-4.0,1
2026-05-06 10:15:00,2026-05-06 10:32:00,2026-05-06 10:33:00,EXTEND,long,4642.0,4631.1,4642.0,4650.8,True,2026-05-06 10:33:00,4642.0,BE,0.0,-4.0,1
2026-05-06 11:20:00,2026-05-06 11:33:00,2026-05-06 11:36:00,EXTEND,long,4653.5,4648.2,4653.5,4664.3,True,2026-05-06 11:35:00,4653.5,BE,0.0,-4.0,3
2026-05-06 11:35:00,2026-05-06 11:44:00,2026-05-06 11:45:00,BOS,long,4657.6,4652.2,4657.6,4664.9,True,2026-05-06 11:45:00,4657.5,BE,-0.1,-5.0,1
2026-05-06 12:25:00,2026-05-06 12:40:00,2026-05-06 12:41:00,BOS,long,4660.8,4655.9,4660.8,4666.4,True,2026-05-06 12:41:00,4660.7,BE,-0.1,-5.0,1
2026-05-06 13:30:00,2026-05-06 13:40:00,2026-05-06 13:41:00,MSS,short,4657.3,4666.3,4657.3,4651.8,True,2026-05-06 13:41:00,4657.3,BE,0.0,-4.0,1
2026-05-06 14:35:00,2026-05-06 14:44:00,2026-05-06 14:45:00,EXTEND,long,4674.7,4668.3,4674.7,4682.9,True,2026-05-06 14:45:00,4674.7,BE,0.0,-4.0,1
2026-05-06 15:10:00,2026-05-06 15:15:00,2026-05-06 15:16:00,MSS,short,4669.0,4681.5,4669.0,4666.1,True,2026-05-06 15:16:00,4669.4,BE,-0.4,-8.0,1
2026-05-06 15:15:00,2026-05-06 15:30:00,2026-05-06 15:34:00,EXTEND,short,4677.4,4681.5,4677.4,4664.9,True,2026-05-06 15:31:00,4677.4,BE,0.0,-4.0,4
2026-05-06 16:50:00,2026-05-06 16:59:00,2026-05-06 17:00:00,MSS,long,4711.8,4682.8,4711.8,4723.1,True,2026-05-06 17:00:00,4711.8,BE,0.0,-4.0,1
2026-05-06 17:35:00,2026-05-06 17:46:00,2026-05-06 17:47:00,EXTEND,long,4710.3,4702.4,4710.3,4721.4,True,2026-05-06 17:47:00,4710.3,BE,0.0,-4.0,1
2026-05-06 18:00:00,2026-05-06 18:10:00,2026-05-06 18:11:00,EXTEND,long,4710.1,4702.4,4710.1,4721.7,True,2026-05-06 18:11:00,4710.1,BE,0.0,-4.0,1
2026-05-06 18:50:00,2026-05-06 19:05:00,2026-05-06 19:06:00,BOS,long,4727.1,4718.8,4727.1,4738.9,True,2026-05-06 19:06:00,4727.1,BE,0.0,-4.0,1
2026-05-06 19:40:00,2026-05-06 19:53:00,2026-05-06 19:54:00,MSS,short,4708.7,4727.0,4708.7,4702.5,True,2026-05-06 19:54:00,4708.7,BE,0.0,-4.0,1
2026-05-06 21:05:00,2026-05-06 21:18:00,2026-05-06 21:21:00,BOS,short,4694.4,4703.5,4694.4,4672.8,True,2026-05-06 21:20:00,4694.4,BE,0.0,-4.0,3
2026-05-06 21:45:00,2026-05-06 21:53:00,2026-05-06 21:54:00,BOS,long,4714.6,4704.1,4714.6,4715.1,True,2026-05-06 21:54:00,4714.6,BE,0.0,-4.0,1
2026-05-06 22:00:00,2026-05-06 22:09:00,2026-05-06 22:10:00,EXTEND,long,4719.1,4704.1,4719.1,4726.5,True,2026-05-06 22:10:00,4719.1,BE,0.0,-4.0,1
2026-05-06 22:15:00,2026-05-06 22:31:00,2026-05-06 22:32:00,EXTEND,long,4719.8,4708.4,4719.8,4734.3,True,2026-05-06 22:32:00,4719.7,BE,-0.1,-5.0,1
2026-05-06 23:10:00,2026-05-06 23:22:00,2026-05-06 23:23:00,EXTEND,short,4710.6,4718.7,4710.6,4701.0,True,2026-05-06 23:23:00,4710.6,BE,0.0,-4.0,1
2026-05-07 00:05:00,2026-05-07 00:32:00,2026-05-07 00:37:00,BOS,short,4699.8,4706.6,4699.8,4688.9,True,2026-05-07 00:33:00,4699.8,BE,0.0,-4.0,5
2026-05-07 01:40:00,2026-05-07 01:58:00,2026-05-07 02:00:00,EXTEND,short,4693.9,4695.5,4695.5,4688.3,False,,4695.5,SL,-1.6,-20.0,2
2026-05-07 03:00:00,2026-05-07 03:08:00,2026-05-07 03:09:00,MSS,long,4704.6,4695.7,4704.6,4706.2,True,2026-05-07 03:09:00,4704.6,BE,0.0,-4.0,1
2026-05-07 07:20:00,2026-05-07 07:25:00,2026-05-07 07:26:00,MSS,short,4701.7,4707.0,4701.7,4700.1,True,2026-05-07 07:26:00,4701.8,BE,-0.1,-5.0,1
2026-05-07 07:25:00,2026-05-07 07:48:00,2026-05-07 07:50:00,EXTEND,short,4706.7,4707.0,4707.0,4697.0,False,,4707.0,SL,-0.3,-7.0,2
2026-05-07 08:00:00,2026-05-07 08:06:00,2026-05-07 08:08:00,EXTEND,long,4704.2,4699.1,4699.1,4713.1,False,,4699.1,SL,-5.1,-55.0,2
2026-05-07 08:10:00,2026-05-07 08:33:00,2026-05-07 08:36:00,EXTEND,long,4701.2,4699.1,4699.1,4713.6,False,,4699.1,SL,-2.1,-25.0,3
2026-05-07 12:35:00,2026-05-07 12:44:00,2026-05-07 12:45:00,EXTEND,short,4706.3,4707.0,4707.0,4699.0,False,,4707.0,SL,-0.7,-11.0,1
2026-05-07 13:00:00,2026-05-07 13:21:00,2026-05-07 13:32:00,MSS,long,4704.7,4702.5,4704.7,4712.0,True,2026-05-07 13:30:00,4712.0,TP,7.3,69.25,11
2026-05-07 14:10:00,2026-05-07 14:16:00,2026-05-07 14:17:00,EXTEND,long,4718.5,4709.0,4718.5,4721.6,True,2026-05-07 14:17:00,4718.5,BE,0.0,-4.0,1
2026-05-07 15:00:00,2026-05-07 15:13:00,2026-05-07 15:14:00,MSS,short,4757.0,4759.2,4759.2,4735.8,False,,4759.2,SL,-2.2,-26.0,1
2026-05-07 16:20:00,2026-05-07 16:25:00,2026-05-07 16:26:00,EXTEND,short,4745.9,4763.6,4745.9,4740.4,True,2026-05-07 16:26:00,4745.9,BE,0.0,-4.0,1
2026-05-07 17:00:00,2026-05-07 17:12:00,2026-05-07 17:17:00,EXTEND,short,4743.5,4747.1,4747.1,4727.8,False,,4747.1,SL,-3.6,-40.0,5
2026-05-07 17:25:00,2026-05-07 17:40:00,2026-05-07 17:41:00,EXTEND,long,4747.3,4741.3,4747.3,4750.7,True,2026-05-07 17:41:00,4747.3,BE,0.0,-4.0,1
2026-05-07 17:55:00,2026-05-07 18:03:00,2026-05-07 18:04:00,MSS,short,4737.3,4749.3,4737.3,4731.5,True,2026-05-07 18:04:00,4737.3,BE,0.0,-4.0,1
2026-05-07 18:40:00,2026-05-07 19:15:00,2026-05-07 19:16:00,EXTEND,long,4739.9,4737.3,4737.3,4752.5,False,,4737.3,SL,-2.6,-30.0,1
2026-05-07 20:15:00,2026-05-07 20:26:00,2026-05-07 20:41:00,EXTEND,long,4748.2,4743.1,4748.2,4760.5,True,2026-05-07 20:30:00,4760.5,TP,12.3,118.99,15
2026-05-07 21:05:00,2026-05-07 21:10:00,2026-05-07 21:11:00,EXTEND,short,4746.6,4762.7,4746.6,4741.7,True,2026-05-07 21:11:00,4746.6,BE,0.0,-4.0,1
2026-05-07 21:30:00,2026-05-07 21:38:00,2026-05-07 21:39:00,MSS,long,4764.3,4740.7,4764.3,4775.9,True,2026-05-07 21:39:00,4764.3,BE,0.0,-4.0,1
2026-05-07 22:10:00,2026-05-07 22:19:00,2026-05-07 22:20:00,BOS,long,4761.4,4752.5,4761.4,4767.5,True,2026-05-07 22:20:00,4761.4,BE,0.0,-4.0,1
2026-05-07 22:25:00,2026-05-07 22:36:00,2026-05-07 22:37:00,EXTEND,long,4762.4,4751.0,4762.4,4774.9,True,2026-05-07 22:37:00,4762.4,BE,0.0,-4.0,1
2026-05-08 00:55:00,2026-05-08 01:03:00,2026-05-08 01:04:00,EXTEND,long,4727.3,4720.3,4727.3,4730.1,True,2026-05-08 01:04:00,4727.2,BE,-0.1,-5.0,1
2026-05-08 01:05:00,2026-05-08 01:14:00,2026-05-08 01:16:00,EXTEND,long,4724.3,4720.3,4724.3,4732.0,True,2026-05-08 01:15:00,4724.3,BE,0.0,-4.0,2
2026-05-08 01:20:00,2026-05-08 01:25:00,2026-05-08 01:26:00,EXTEND,short,4715.3,4729.5,4715.3,4711.3,True,2026-05-08 01:26:00,4715.3,BE,0.0,-4.0,1
2026-05-08 01:25:00,2026-05-08 01:43:00,2026-05-08 01:47:00,BOS,short,4712.3,4726.7,4712.3,4688.9,True,2026-05-08 01:44:00,4712.3,BE,0.0,-4.0,4
2026-05-08 02:30:00,2026-05-08 02:39:00,2026-05-08 02:40:00,EXTEND,long,4722.2,4715.9,4722.2,4727.5,True,2026-05-08 02:40:00,4722.2,BE,0.0,-4.0,1
2026-05-08 02:50:00,2026-05-08 03:01:00,2026-05-08 03:05:00,EXTEND,short,4717.3,4725.8,4717.3,4699.0,True,2026-05-08 03:03:00,4717.3,BE,0.0,-4.0,4
2026-05-08 08:15:00,2026-05-08 08:27:00,2026-05-08 08:28:00,MSS,short,4710.3,4718.7,4710.3,4698.4,True,2026-05-08 08:28:00,4710.3,BE,0.0,-4.0,1
2026-05-08 09:05:00,2026-05-08 09:39:00,2026-05-08 09:41:00,EXTEND,long,4716.5,4705.5,4716.5,4734.2,True,2026-05-08 09:40:00,4716.5,BE,0.0,-4.0,2
2026-05-08 10:00:00,2026-05-08 10:39:00,2026-05-08 12:41:00,BOS,long,4719.9,4713.4,4719.9,4748.6,True,2026-05-08 11:08:00,4719.9,BE,0.0,-4.0,122
2026-05-08 12:40:00,2026-05-08 12:55:00,2026-05-08 13:07:00,BOS,short,4722.9,4727.0,4722.9,4714.2,True,2026-05-08 12:59:00,4722.9,BE,0.0,-4.0,12
2026-05-08 13:55:00,2026-05-08 14:02:00,2026-05-08 14:03:00,EXTEND,long,4730.3,4719.1,4730.3,4745.6,True,2026-05-08 14:03:00,4730.3,BE,0.0,-4.0,1
2026-05-08 14:25:00,2026-05-08 14:40:00,2026-05-08 14:41:00,BOS,long,4737.3,4730.1,4737.3,4747.2,True,2026-05-08 14:41:00,4737.3,BE,0.0,-4.0,1
2026-05-08 15:45:00,2026-05-08 15:53:00,2026-05-08 15:54:00,MSS,long,4721.2,4715.7,4721.2,4723.7,True,2026-05-08 15:54:00,4721.2,BE,0.0,-4.0,1
2026-05-08 15:50:00,2026-05-08 15:58:00,2026-05-08 16:05:00,EXTEND,long,4718.5,4715.7,4718.5,4725.0,True,2026-05-08 16:04:00,4718.5,BE,0.0,-4.0,7
2026-05-08 16:35:00,2026-05-08 17:34:00,2026-05-08 17:35:00,EXTEND,long,4724.4,4715.6,4724.4,4737.4,True,2026-05-08 17:35:00,4724.3,BE,-0.1,-5.0,1
2026-05-08 17:50:00,2026-05-08 18:19:00,2026-05-08 18:23:00,EXTEND,short,4727.5,4732.4,4732.4,4712.5,False,,4732.4,SL,-4.9,-53.0,4
2026-05-08 18:45:00,2026-05-08 18:50:00,2026-05-08 18:51:00,MSS,short,4728.3,4737.7,4728.3,4726.3,True,2026-05-08 18:51:00,4728.3,BE,0.0,-4.0,1
2026-05-08 18:55:00,2026-05-08 19:06:00,2026-05-08 19:27:00,EXTEND,short,4735.3,4737.7,4735.3,4720.9,True,2026-05-08 19:10:00,4735.3,BE,0.0,-4.0,21
2026-05-08 20:30:00,2026-05-08 20:36:00,2026-05-08 20:37:00,MSS,long,4736.4,4712.1,4736.4,4740.2,True,2026-05-08 20:37:00,4736.3,BE,-0.1,-5.0,1
2026-05-08 22:05:00,2026-05-08 22:10:00,2026-05-08 22:11:00,MSS,short,4733.5,4760.1,4733.5,4728.5,True,2026-05-08 22:11:00,4733.5,BE,0.0,-4.0,1
2026-05-08 23:30:00,2026-05-08 23:40:00,2026-05-08 23:41:00,EXTEND,short,4721.8,4730.8,4721.8,4709.0,True,2026-05-08 23:41:00,4721.8,BE,0.0,-4.0,1
2026-05-09 01:55:00,2026-05-09 02:00:00,2026-05-09 02:01:00,EXTEND,long,4732.6,4728.8,4732.6,4733.2,True,2026-05-09 02:01:00,4733.2,TP,0.6,2.45,1
2026-05-09 02:55:00,2026-05-09 03:08:00,2026-05-09 03:09:00,EXTEND,short,4733.8,4738.5,4733.8,4726.7,True,2026-05-09 03:09:00,4733.8,BE,0.0,-4.0,1
2026-05-09 03:35:00,2026-05-09 03:46:00,2026-05-09 03:51:00,EXTEND,short,4734.0,4734.9,4734.9,4729.9,False,,4734.9,SL,-0.9,-13.0,5
2026-05-11 07:00:00,2026-05-11 07:16:00,2026-05-11 07:17:00,MSS,long,4701.5,4695.1,4701.5,4708.4,True,2026-05-11 07:17:00,4701.3,BE,-0.2,-6.0,1
2026-05-11 07:35:00,2026-05-11 07:47:00,2026-05-11 07:52:00,BOS,long,4704.2,4702.7,4704.2,4708.4,True,2026-05-11 07:48:00,4704.2,BE,0.0,-4.0,5
2026-05-11 08:20:00,2026-05-11 08:35:00,2026-05-11 08:43:00,EXTEND,short,4700.1,4707.3,4700.1,4678.2,True,2026-05-11 08:38:00,4700.1,BE,0.0,-4.0,8
2026-05-11 08:50:00,2026-05-11 09:08:00,2026-05-11 09:17:00,EXTEND,short,4704.1,4707.3,4704.1,4670.6,True,2026-05-11 09:10:00,4704.1,BE,0.0,-4.0,9
2026-05-11 09:50:00,2026-05-11 09:55:00,2026-05-11 09:56:00,MSS,short,4691.2,4704.9,4691.2,4690.9,True,2026-05-11 09:56:00,4690.9,TP,0.3,-1.3,1
2026-05-11 09:55:00,2026-05-11 10:04:00,2026-05-11 10:13:00,EXTEND,short,4697.6,4704.9,4697.6,4684.1,True,2026-05-11 10:05:00,4697.6,BE,0.0,-4.0,9
2026-05-11 10:35:00,2026-05-11 10:46:00,2026-05-11 10:47:00,MSS,long,4701.2,4691.1,4701.2,4713.8,True,2026-05-11 10:47:00,4701.0,BE,-0.2,-6.0,1
2026-05-11 13:40:00,2026-05-11 13:45:00,2026-05-11 13:46:00,MSS,short,4668.9,4688.4,4668.9,4664.5,True,2026-05-11 13:46:00,4668.9,BE,0.0,-4.0,1
2026-05-11 13:55:00,2026-05-11 14:21:00,2026-05-11 14:26:00,EXTEND,short,4675.1,4688.4,4675.1,4646.6,True,2026-05-11 14:25:00,4675.1,BE,0.0,-4.0,5
2026-05-11 15:45:00,2026-05-11 15:52:00,2026-05-11 15:53:00,MSS,short,4674.3,4686.0,4674.3,4672.0,True,2026-05-11 15:53:00,4674.3,BE,0.0,-4.0,1
2026-05-11 16:10:00,2026-05-11 16:15:00,2026-05-11 16:16:00,MSS,long,4681.9,4673.0,4681.9,4684.8,True,2026-05-11 16:16:00,4681.6,BE,-0.3,-7.0,1
2026-05-11 16:20:00,2026-05-11 16:31:00,2026-05-11 16:32:00,EXTEND,long,4681.7,4673.0,4681.7,4691.5,True,2026-05-11 16:32:00,4681.6,BE,-0.1,-5.0,1
2026-05-11 17:00:00,2026-05-11 17:07:00,2026-05-11 17:08:00,EXTEND,short,4676.6,4680.2,4676.6,4671.8,True,2026-05-11 17:08:00,4676.8,BE,-0.2,-6.0,1
2026-05-11 17:30:00,2026-05-11 17:48:00,2026-05-11 17:54:00,EXTEND,short,4670.1,4678.5,4670.1,4653.5,True,2026-05-11 17:51:00,4670.1,BE,0.0,-4.0,6
2026-05-11 18:25:00,2026-05-11 18:31:00,2026-05-11 18:34:00,EXTEND,long,4673.8,4668.8,4673.8,4675.9,True,2026-05-11 18:32:00,4673.8,BE,0.0,-4.0,3
2026-05-11 18:30:00,2026-05-11 18:44:00,2026-05-11 18:45:00,EXTEND,long,4672.2,4668.8,4672.2,4677.1,True,2026-05-11 18:45:00,4672.2,BE,0.0,-4.0,1
2026-05-11 19:00:00,2026-05-11 19:13:00,2026-05-11 19:14:00,BOS,long,4676.6,4671.9,4676.6,4683.3,True,2026-05-11 19:14:00,4676.5,BE,-0.1,-5.0,1
2026-05-11 19:40:00,2026-05-11 19:57:00,2026-05-11 20:00:00,EXTEND,long,4681.4,4676.0,4681.4,4688.8,True,2026-05-11 19:58:00,4681.4,BE,0.0,-4.0,3
2026-05-11 20:20:00,2026-05-11 20:27:00,2026-05-11 20:28:00,MSS,long,4700.2,4675.7,4700.2,4712.3,True,2026-05-11 20:28:00,4700.0,BE,-0.2,-6.0,1
2026-05-11 22:30:00,2026-05-11 22:46:00,2026-05-11 22:47:00,EXTEND,short,4739.1,4754.6,4739.1,4716.5,True,2026-05-11 22:47:00,4739.1,BE,0.0,-4.0,1
2026-05-11 23:20:00,2026-05-11 23:42:00,2026-05-11 23:43:00,EXTEND,long,4740.9,4732.5,4740.9,4752.4,True,2026-05-11 23:43:00,4740.9,BE,0.0,-4.0,1
2026-05-12 01:00:00,2026-05-12 01:05:00,2026-05-12 01:06:00,MSS,long,4728.4,4722.6,4728.4,4730.6,True,2026-05-12 01:06:00,4728.4,BE,0.0,-4.0,1
2026-05-12 01:05:00,2026-05-12 01:14:00,2026-05-12 01:15:00,EXTEND,long,4727.9,4722.6,4727.9,4731.6,True,2026-05-12 01:15:00,4727.8,BE,-0.1,-5.0,1
2026-05-12 01:25:00,2026-05-12 01:31:00,2026-05-12 01:32:00,EXTEND,long,4731.4,4725.3,4731.4,4733.2,True,2026-05-12 01:32:00,4731.4,BE,0.0,-4.0,1
2026-05-12 02:05:00,2026-05-12 02:13:00,2026-05-12 02:20:00,BOS,long,4733.2,4731.0,4731.0,4738.0,False,,4731.0,SL,-2.2,-26.0,7
2026-05-12 02:55:00,2026-05-12 03:02:00,2026-05-12 03:03:00,MSS,short,4734.1,4736.9,4734.1,4733.0,True,2026-05-12 03:03:00,4734.1,BE,0.0,-4.0,1
2026-05-12 03:00:00,2026-05-12 03:09:00,2026-05-12 03:10:00,EXTEND,short,4736.2,4736.9,4736.9,4732.1,False,,4736.9,SL,-0.7,-11.0,1
2026-05-12 03:30:00,2026-05-12 03:44:00,2026-05-12 03:45:00,EXTEND,short,4736.5,4737.6,4737.6,4730.0,False,,4737.6,SL,-1.1,-15.0,1
2026-05-12 07:35:00,2026-05-12 07:46:00,2026-05-12 07:47:00,EXTEND,long,4767.3,4760.0,4767.3,4771.4,True,2026-05-12 07:47:00,4767.3,BE,0.0,-4.0,1
2026-05-12 08:15:00,2026-05-12 08:25:00,2026-05-12 08:28:00,BOS,long,4772.5,4768.0,4772.5,4787.7,True,2026-05-12 08:26:00,4772.5,BE,0.0,-4.0,3
2026-05-12 10:10:00,2026-05-12 10:22:00,2026-05-12 10:26:00,MSS,long,4736.8,4734.7,4736.8,4745.9,True,2026-05-12 10:24:00,4736.8,BE,0.0,-4.0,4
2026-05-12 11:15:00,2026-05-12 11:20:00,2026-05-12 11:21:00,MSS,short,4734.3,4741.3,4734.3,4732.7,True,2026-05-12 11:21:00,4734.3,BE,0.0,-4.0,1
2026-05-12 11:55:00,2026-05-12 12:18:00,2026-05-12 12:21:00,EXTEND,short,4736.2,4736.9,4736.9,4724.3,False,,4736.9,SL,-0.7,-11.0,3
2026-05-12 13:10:00,2026-05-12 13:17:00,2026-05-12 13:19:00,EXTEND,short,4722.8,4727.8,4722.8,4714.6,True,2026-05-12 13:18:00,4722.8,BE,0.0,-4.0,2
2026-05-12 15:05:00,2026-05-12 15:13:00,2026-05-12 15:14:00,EXTEND,short,4702.8,4713.0,4702.8,4687.9,True,2026-05-12 15:14:00,4702.8,BE,0.0,-4.0,1
2026-05-12 16:00:00,2026-05-12 16:13:00,2026-05-12 16:15:00,MSS,long,4709.2,4705.7,4705.7,4717.1,False,,4705.7,SL,-3.5,-39.0,2
2026-05-12 17:30:00,2026-05-12 17:39:00,2026-05-12 17:40:00,MSS,long,4709.7,4705.2,4709.7,4715.7,True,2026-05-12 17:40:00,4709.7,BE,0.0,-4.0,1
2026-05-12 17:40:00,2026-05-12 17:51:00,2026-05-12 17:58:00,MSS,short,4708.1,4713.5,4708.1,4699.5,True,2026-05-12 17:52:00,4708.1,BE,0.0,-4.0,7
2026-05-12 18:10:00,2026-05-12 18:18:00,2026-05-12 18:19:00,EXTEND,long,4710.2,4702.5,4710.2,4721.2,True,2026-05-12 18:19:00,4710.1,BE,-0.1,-5.0,1
2026-05-12 20:30:00,2026-05-12 20:44:00,2026-05-12 20:46:00,BOS,short,4710.6,4716.3,4716.3,4691.9,False,,4716.3,SL,-5.7,-61.0,2
2026-05-12 20:50:00,2026-05-12 21:18:00,2026-05-12 21:19:00,MSS,long,4693.6,4697.1,4697.1,4725.8,False,,4694.0,SL,0.4,-0.0,1
2026-05-12 21:40:00,2026-05-12 21:53:00,2026-05-12 21:54:00,EXTEND,long,4701.2,4692.4,4701.2,4714.1,True,2026-05-12 21:54:00,4701.0,BE,-0.2,-6.0,1
2026-05-12 22:00:00,2026-05-12 22:06:00,2026-05-12 22:07:00,EXTEND,short,4696.0,4709.5,4696.0,4676.4,True,2026-05-12 22:07:00,4696.3,BE,-0.3,-7.0,1
2026-05-12 23:25:00,2026-05-12 23:57:00,2026-05-13 02:32:00,EXTEND,short,4674.8,4695.6,4695.6,4631.7,False,,4695.6,SL,-20.8,-212.0,155
2026-05-13 07:05:00,2026-05-13 07:22:00,2026-05-13 07:27:00,EXTEND,long,4727.1,4723.2,4727.1,4734.2,True,2026-05-13 07:23:00,4727.1,BE,0.0,-4.0,5
2026-05-13 07:45:00,2026-05-13 07:55:00,2026-05-13 07:56:00,MSS,short,4723.7,4729.5,4723.7,4721.1,True,2026-05-13 07:56:00,4723.8,BE,-0.1,-5.0,1
2026-05-13 08:05:00,2026-05-13 08:39:00,2026-05-13 08:40:00,EXTEND,long,4730.3,4722.9,4730.3,4738.8,True,2026-05-13 08:40:00,4730.2,BE,-0.1,-5.0,1
2026-05-13 09:35:00,2026-05-13 09:46:00,2026-05-13 09:47:00,EXTEND,short,4716.0,4724.5,4716.0,4705.8,True,2026-05-13 09:47:00,4716.1,BE,-0.1,-5.0,1
2026-05-13 11:35:00,2026-05-13 11:59:00,2026-05-13 12:03:00,EXTEND,long,4704.1,4697.0,4704.1,4719.6,True,2026-05-13 12:01:00,4704.1,BE,0.0,-4.0,4
2026-05-13 12:40:00,2026-05-13 12:51:00,2026-05-13 12:52:00,MSS,short,4708.0,4711.5,4708.0,4703.6,True,2026-05-13 12:52:00,4708.2,BE,-0.2,-6.0,1
2026-05-13 13:05:00,2026-05-13 13:21:00,2026-05-13 13:22:00,EXTEND,long,4711.0,4706.6,4711.0,4717.8,True,2026-05-13 13:22:00,4711.0,BE,0.0,-4.0,1
2026-05-13 13:30:00,2026-05-13 13:41:00,2026-05-13 13:42:00,EXTEND,short,4708.0,4715.4,4708.0,4697.5,True,2026-05-13 13:42:00,4708.0,BE,0.0,-4.0,1
2026-05-13 13:55:00,2026-05-13 14:00:00,2026-05-13 14:01:00,MSS,long,4713.2,4703.8,4713.2,4715.6,True,2026-05-13 14:01:00,4713.2,BE,0.0,-4.0,1
2026-05-13 14:50:00,2026-05-13 14:56:00,2026-05-13 14:57:00,MSS,short,4707.7,4721.8,4707.7,4707.2,True,2026-05-13 14:57:00,4707.2,TP,0.5,1.05,1
2026-05-13 15:05:00,2026-05-13 15:17:00,2026-05-13 15:18:00,BOS,short,4711.7,4713.6,4713.6,4702.0,False,,4713.6,SL,-1.9,-23.0,1
2026-05-13 15:25:00,2026-05-13 16:02:00,2026-05-13 16:03:00,MSS,long,4711.6,4704.5,4711.6,4719.9,True,2026-05-13 16:03:00,4711.6,BE,0.0,-4.0,1
2026-05-13 16:55:00,2026-05-13 17:08:00,2026-05-13 17:09:00,EXTEND,long,4706.6,4702.0,4706.6,4712.4,True,2026-05-13 17:09:00,4706.6,BE,0.0,-4.0,1
2026-05-13 17:20:00,2026-05-13 17:58:00,2026-05-13 18:08:00,EXTEND,short,4706.6,4710.2,4710.2,4687.6,False,,4710.2,SL,-3.6,-40.0,10
2026-05-13 20:00:00,2026-05-13 20:08:00,2026-05-13 20:09:00,EXTEND,short,4707.2,4713.9,4707.2,4699.0,True,2026-05-13 20:09:00,4707.2,BE,0.0,-4.0,1
2026-05-13 21:30:00,2026-05-13 21:35:00,2026-05-13 21:36:00,MSS,short,4686.9,4701.9,4686.9,4685.6,True,2026-05-13 21:36:00,4685.6,TP,1.3,8.56,1
2026-05-13 22:25:00,2026-05-13 22:31:00,2026-05-13 22:32:00,MSS,long,4695.8,4680.0,4695.8,4696.0,True,2026-05-13 22:32:00,4695.7,BE,-0.1,-5.0,1
2026-05-13 22:35:00,2026-05-13 22:47:00,2026-05-13 22:48:00,EXTEND,long,4691.3,4680.0,4691.3,4703.4,True,2026-05-13 22:48:00,4691.3,BE,0.0,-4.0,1
2026-05-13 23:25:00,2026-05-13 23:33:00,2026-05-13 23:34:00,BOS,long,4700.1,4691.9,4700.1,4701.3,True,2026-05-13 23:34:00,4701.3,TP,1.2,7.98,1
2026-05-14 00:25:00,2026-05-14 00:43:00,2026-05-14 00:50:00,EXTEND,long,4709.2,4706.1,4706.1,4721.1,False,,4706.1,SL,-3.1,-35.0,7
2026-05-14 02:00:00,2026-05-14 02:17:00,2026-05-14 02:24:00,EXTEND,short,4698.2,4702.5,4698.2,4689.7,True,2026-05-14 02:21:00,4698.2,BE,0.0,-4.0,7
2026-05-14 02:45:00,2026-05-14 02:58:00,2026-05-14 02:59:00,EXTEND,short,4693.1,4700.9,4693.1,4681.2,True,2026-05-14 02:59:00,4693.1,BE,0.0,-4.0,1
2026-05-14 03:30:00,2026-05-14 03:42:00,2026-05-14 03:44:00,MSS,short,4695.7,4698.7,4695.7,4690.4,True,2026-05-14 03:44:00,4695.7,BE,0.0,-4.0,2
2026-05-14 03:50:00,2026-05-14 07:03:00,2026-05-14 07:04:00,EXTEND,short,4706.4,4698.7,4698.7,4689.8,False,,4706.2,SL,0.2,-2.0,1
2026-05-14 07:30:00,2026-05-14 07:44:00,2026-05-14 07:45:00,MSS,short,4701.6,4709.0,4701.6,4698.5,True,2026-05-14 07:45:00,4701.6,BE,0.0,-4.0,1
2026-05-14 07:45:00,2026-05-14 08:02:00,2026-05-14 08:03:00,BOS,short,4701.2,4704.6,4701.2,4698.5,True,2026-05-14 08:03:00,4701.3,BE,-0.1,-5.0,1
2026-05-14 08:10:00,2026-05-14 08:15:00,2026-05-14 08:16:00,MSS,long,4706.2,4699.8,4706.2,4707.2,True,2026-05-14 08:16:00,4706.2,BE,0.0,-4.0,1
2026-05-14 08:30:00,2026-05-14 08:35:00,2026-05-14 08:36:00,MSS,short,4703.1,4712.5,4703.1,4701.2,True,2026-05-14 08:36:00,4703.1,BE,0.0,-4.0,1
2026-05-14 08:45:00,2026-05-14 08:55:00,2026-05-14 08:56:00,MSS,long,4709.2,4699.7,4709.2,4714.9,True,2026-05-14 08:56:00,4709.2,BE,0.0,-4.0,1
2026-05-14 09:00:00,2026-05-14 09:05:00,2026-05-14 09:06:00,MSS,short,4700.1,4713.9,4700.1,4697.6,True,2026-05-14 09:06:00,4700.3,BE,-0.2,-6.0,1
2026-05-14 10:30:00,2026-05-14 10:35:00,2026-05-14 10:36:00,MSS,long,4706.2,4693.1,4706.2,4708.0,True,2026-05-14 10:36:00,4706.0,BE,-0.2,-6.0,1
2026-05-14 10:35:00,2026-05-14 10:45:00,2026-05-14 10:46:00,EXTEND,long,4699.6,4693.1,4699.6,4710.2,True,2026-05-14 10:46:00,4699.6,BE,0.0,-4.0,1
2026-05-14 11:35:00,2026-05-14 11:41:00,2026-05-14 11:42:00,MSS,short,4684.2,4699.5,4684.2,4681.2,True,2026-05-14 11:42:00,4684.4,BE,-0.2,-6.0,1
2026-05-14 12:00:00,2026-05-14 12:28:00,2026-05-14 12:29:00,EXTEND,short,4707.0,4699.5,4699.5,4665.8,False,,4706.9,SL,0.1,-3.0,1
2026-05-14 13:25:00,2026-05-14 13:34:00,2026-05-14 13:35:00,EXTEND,short,4705.5,4711.3,4705.5,4697.1,True,2026-05-14 13:35:00,4705.5,BE,0.0,-4.0,1
2026-05-14 14:40:00,2026-05-14 14:45:00,2026-05-14 14:46:00,MSS,long,4709.0,4692.7,4709.0,4710.2,True,2026-05-14 14:46:00,4709.0,BE,0.0,-4.0,1
2026-05-14 15:35:00,2026-05-14 15:52:00,2026-05-14 15:58:00,EXTEND,long,4707.9,4700.7,4700.7,4732.6,False,,4700.7,SL,-7.2,-76.0,6
2026-05-14 16:40:00,2026-05-14 16:45:00,2026-05-14 16:46:00,MSS,short,4702.8,4713.7,4702.8,4699.3,True,2026-05-14 16:46:00,4702.8,BE,0.0,-4.0,1
2026-05-14 18:20:00,2026-05-14 18:27:00,2026-05-14 18:28:00,EXTEND,short,4702.8,4707.2,4702.8,4698.1,True,2026-05-14 18:28:00,4702.9,BE,-0.1,-5.0,1
2026-05-14 18:50:00,2026-05-14 19:00:00,2026-05-14 19:01:00,EXTEND,short,4701.7,4704.8,4704.8,4695.7,False,,4704.8,SL,-3.1,-35.0,1
2026-05-14 19:25:00,2026-05-14 19:42:00,2026-05-14 19:47:00,EXTEND,short,4701.8,4705.4,4705.4,4693.1,False,,4705.4,SL,-3.6,-40.0,5
2026-05-14 19:55:00,2026-05-14 20:01:00,2026-05-14 20:03:00,EXTEND,long,4702.6,4695.7,4702.6,4715.8,True,2026-05-14 20:02:00,4702.6,BE,0.0,-4.0,2
2026-05-14 20:45:00,2026-05-14 20:51:00,2026-05-14 20:52:00,EXTEND,short,4708.9,4716.9,4708.9,4698.6,True,2026-05-14 20:52:00,4709.1,BE,-0.2,-6.0,1
2026-05-14 21:00:00,2026-05-14 21:15:00,2026-05-14 21:16:00,EXTEND,short,4708.9,4716.9,4708.9,4698.5,True,2026-05-14 21:16:00,4709.0,BE,-0.1,-5.0,1
2026-05-14 21:40:00,2026-05-14 21:51:00,2026-05-14 21:52:00,EXTEND,short,4690.6,4711.7,4690.6,4660.4,True,2026-05-14 21:52:00,4690.7,BE,-0.1,-5.0,1
2026-05-14 22:20:00,2026-05-14 22:37:00,2026-05-14 22:38:00,EXTEND,long,4696.2,4683.3,4696.2,4713.7,True,2026-05-14 22:38:00,4696.1,BE,-0.1,-5.0,1
2026-05-14 23:00:00,2026-05-14 23:20:00,2026-05-14 23:57:00,EXTEND,short,4692.7,4696.8,4692.7,4679.0,True,2026-05-14 23:41:00,4692.7,BE,0.0,-4.0,37
2026-05-15 00:35:00,2026-05-15 00:56:00,2026-05-15 01:03:00,EXTEND,short,4682.2,4687.6,4687.6,4673.1,False,,4687.6,SL,-5.4,-58.0,7
2026-05-15 07:10:00,2026-05-15 07:15:00,2026-05-15 07:16:00,MSS,short,4661.0,4667.8,4661.0,4661.6,True,2026-05-15 07:16:00,4661.3,BE,-0.3,-7.0,1
2026-05-15 07:30:00,2026-05-15 07:36:00,2026-05-15 07:37:00,MSS,short,4653.3,4669.0,4653.3,4650.3,True,2026-05-15 07:37:00,4653.3,BE,0.0,-4.0,1
2026-05-15 08:00:00,2026-05-15 08:16:00,2026-05-15 08:17:00,EXTEND,short,4654.3,4669.0,4654.3,4640.4,True,2026-05-15 08:17:00,4654.4,BE,-0.1,-5.0,1
2026-05-15 08:55:00,2026-05-15 09:02:00,2026-05-15 09:03:00,MSS,long,4632.5,4621.8,4632.5,4639.6,True,2026-05-15 09:03:00,4632.0,BE,-0.5,-9.0,1
2026-05-15 09:10:00,2026-05-15 09:23:00,2026-05-15 09:24:00,EXTEND,short,4622.2,4636.7,4622.2,4605.8,True,2026-05-15 09:24:00,4622.6,BE,-0.4,-8.0,1
2026-05-15 09:30:00,2026-05-15 09:47:00,2026-05-15 09:48:00,EXTEND,short,4622.4,4636.7,4622.4,4604.9,True,2026-05-15 09:48:00,4622.5,BE,-0.1,-5.0,1
2026-05-15 10:40:00,2026-05-15 10:49:00,2026-05-15 10:50:00,MSS,long,4618.5,4613.5,4618.5,4624.3,True,2026-05-15 10:50:00,4618.3,BE,-0.2,-6.0,1
2026-05-15 10:55:00,2026-05-15 11:04:00,2026-05-15 11:05:00,EXTEND,long,4623.5,4613.5,4623.5,4631.0,True,2026-05-15 11:05:00,4623.5,BE,0.0,-4.0,1
2026-05-15 11:30:00,2026-05-15 11:44:00,2026-05-15 11:45:00,EXTEND,short,4617.6,4626.2,4617.6,4607.0,True,2026-05-15 11:45:00,4617.6,BE,0.0,-4.0,1
2026-05-15 12:05:00,2026-05-15 12:23:00,2026-05-15 12:24:00,MSS,long,4614.9,4614.4,4614.4,4628.6,False,,4614.4,SL,-0.5,-9.0,1
2026-05-15 12:40:00,2026-05-15 12:51:00,2026-05-15 12:52:00,MSS,short,4612.2,4619.0,4612.2,4605.4,True,2026-05-15 12:52:00,4612.6,BE,-0.4,-8.0,1
2026-05-15 13:45:00,2026-05-15 13:54:00,2026-05-15 13:55:00,BOS,short,4573.0,4579.8,4573.0,4561.9,True,2026-05-15 13:55:00,4573.0,BE,0.0,-4.0,1
2026-05-15 14:15:00,2026-05-15 14:21:00,2026-05-15 14:22:00,MSS,long,4581.8,4560.0,4581.8,4588.1,True,2026-05-15 14:22:00,4581.7,BE,-0.1,-5.0,1
2026-05-15 15:10:00,2026-05-15 15:18:00,2026-05-15 15:19:00,MSS,long,4590.1,4569.8,4590.1,4596.7,True,2026-05-15 15:19:00,4589.8,BE,-0.3,-7.0,1
2026-05-15 15:20:00,2026-05-15 15:55:00,2026-05-15 16:01:00,EXTEND,long,4577.0,4569.8,4569.8,4599.9,False,,4569.8,SL,-7.2,-76.0,6
2026-05-15 16:45:00,2026-05-15 17:03:00,2026-05-15 17:06:00,EXTEND,long,4558.6,4553.2,4558.6,4572.5,True,2026-05-15 17:04:00,4558.6,BE,0.0,-4.0,3
2026-05-15 17:15:00,2026-05-15 17:34:00,2026-05-15 17:50:00,EXTEND,short,4557.3,4568.2,4557.3,4536.6,True,2026-05-15 17:35:00,4536.6,TP,20.7,203.23,16
2026-05-15 18:05:00,2026-05-15 18:12:00,2026-05-15 18:13:00,MSS,long,4566.0,4535.7,4566.0,4571.3,True,2026-05-15 18:13:00,4565.5,BE,-0.5,-9.0,1
2026-05-15 20:00:00,2026-05-15 20:11:00,2026-05-15 20:12:00,BOS,short,4556.9,4563.4,4556.9,4546.4,True,2026-05-15 20:12:00,4556.9,BE,0.0,-4.0,1
2026-05-15 20:10:00,2026-05-15 20:17:00,2026-05-15 20:18:00,BOS,short,4551.9,4557.5,4551.9,4547.1,True,2026-05-15 20:18:00,4551.9,BE,0.0,-4.0,1
2026-05-15 20:20:00,2026-05-15 20:32:00,2026-05-15 20:34:00,MSS,long,4555.5,4549.1,4555.5,4566.6,True,2026-05-15 20:33:00,4555.5,BE,0.0,-4.0,2
2026-05-15 21:45:00,2026-05-15 21:57:00,2026-05-15 22:05:00,EXTEND,short,4541.0,4561.8,4541.0,4501.1,True,2026-05-15 21:58:00,4541.0,BE,0.0,-4.0,8
2026-05-15 22:55:00,2026-05-15 23:08:00,2026-05-15 23:09:00,MSS,long,4560.5,4550.1,4560.5,4576.5,True,2026-05-15 23:09:00,4560.5,BE,0.0,-4.0,1
2026-05-16 00:30:00,2026-05-16 00:39:00,2026-05-16 00:40:00,MSS,long,4549.7,4533.2,4549.7,4552.8,True,2026-05-16 00:40:00,4549.7,BE,0.0,-4.0,1
2026-05-16 01:25:00,2026-05-16 01:30:00,2026-05-16 01:31:00,EXTEND,long,4565.7,4558.4,4565.7,4571.5,True,2026-05-16 01:31:00,4565.6,BE,-0.1,-5.0,1
2026-05-16 02:15:00,2026-05-16 02:26:00,2026-05-16 02:27:00,MSS,short,4561.2,4566.6,4561.2,4554.3,True,2026-05-16 02:27:00,4561.5,BE,-0.3,-7.0,1
2026-05-16 02:30:00,2026-05-16 02:41:00,2026-05-16 02:42:00,EXTEND,short,4560.9,4566.6,4560.9,4553.3,True,2026-05-16 02:42:00,4560.9,BE,0.0,-4.0,1
2026-05-18 09:25:00,2026-05-18 09:32:00,2026-05-18 09:33:00,EXTEND,long,4512.3,4495.5,4512.3,4518.0,True,2026-05-18 09:33:00,4512.1,BE,-0.2,-6.0,1
2026-05-18 09:30:00,2026-05-18 09:39:00,2026-05-18 09:40:00,EXTEND,long,4511.2,4495.5,4511.2,4519.5,True,2026-05-18 09:40:00,4511.2,BE,0.0,-4.0,1
2026-05-18 10:45:00,2026-05-18 11:08:00,2026-05-18 11:09:00,EXTEND,long,4537.1,4524.6,4537.1,4551.9,True,2026-05-18 11:09:00,4537.1,BE,0.0,-4.0,1
2026-05-18 11:25:00,2026-05-18 11:36:00,2026-05-18 11:37:00,BOS,long,4538.2,4529.5,4538.2,4544.9,True,2026-05-18 11:37:00,4537.8,BE,-0.4,-8.0,1
2026-05-18 12:05:00,2026-05-18 12:30:00,2026-05-18 12:31:00,EXTEND,long,4542.5,4528.1,4542.5,4561.0,True,2026-05-18 12:31:00,4542.5,BE,0.0,-4.0,1
2026-05-18 13:15:00,2026-05-18 13:22:00,2026-05-18 13:23:00,MSS,long,4550.9,4536.5,4550.9,4557.5,True,2026-05-18 13:23:00,4550.9,BE,0.0,-4.0,1
2026-05-18 13:30:00,2026-05-18 13:43:00,2026-05-18 13:48:00,EXTEND,long,4545.4,4536.5,4545.4,4561.6,True,2026-05-18 13:47:00,4545.3,BE,-0.1,-5.0,5
2026-05-18 14:20:00,2026-05-18 14:25:00,2026-05-18 14:26:00,MSS,long,4549.6,4535.8,4549.6,4550.9,True,2026-05-18 14:26:00,4549.4,BE,-0.2,-6.0,1
2026-05-18 14:25:00,2026-05-18 14:32:00,2026-05-18 14:33:00,EXTEND,long,4546.4,4535.8,4546.4,4556.0,True,2026-05-18 14:33:00,4546.3,BE,-0.1,-5.0,1
2026-05-18 15:00:00,2026-05-18 15:22:00,2026-05-18 15:30:00,EXTEND,long,4544.1,4535.8,4544.1,4558.0,True,2026-05-18 15:25:00,4558.0,TP,13.9,135.25,8
2026-05-18 15:30:00,2026-05-18 15:53:00,2026-05-18 17:03:00,EXTEND,long,4547.1,4541.8,4547.1,4570.5,True,2026-05-18 16:24:00,4547.1,BE,0.0,-4.0,70
2026-05-18 18:10:00,2026-05-18 18:17:00,2026-05-18 18:18:00,EXTEND,short,4543.6,4549.0,4543.6,4536.7,True,2026-05-18 18:18:00,4544.0,BE,-0.4,-8.0,1
2026-05-18 18:40:00,2026-05-18 18:46:00,2026-05-18 18:47:00,MSS,long,4550.2,4535.4,4550.2,4550.8,True,2026-05-18 18:47:00,4550.2,BE,0.0,-4.0,1
2026-05-18 18:45:00,2026-05-18 18:57:00,2026-05-18 19:00:00,EXTEND,long,4542.9,4535.4,4542.9,4555.8,True,2026-05-18 18:58:00,4542.9,BE,0.0,-4.0,3
2026-05-18 19:40:00,2026-05-18 20:21:00,2026-05-18 20:22:00,EXTEND,long,4554.0,4535.6,4554.0,4581.7,True,2026-05-18 20:22:00,4553.9,BE,-0.1,-5.0,1
2026-05-18 21:30:00,2026-05-18 21:47:00,2026-05-18 21:48:00,BOS,long,4577.4,4565.4,4577.4,4589.4,True,2026-05-18 21:48:00,4577.4,BE,0.0,-4.0,1
2026-05-18 21:55:00,2026-05-18 22:09:00,2026-05-18 22:14:00,EXTEND,long,4571.3,4566.9,4566.9,4594.7,False,,4566.9,SL,-4.4,-48.0,5
2026-05-18 23:30:00,2026-05-18 23:43:00,2026-05-18 23:44:00,EXTEND,short,4545.1,4553.0,4545.1,4533.3,True,2026-05-18 23:44:00,4545.1,BE,0.0,-4.0,1
2026-05-19 00:25:00,2026-05-19 00:34:00,2026-05-19 00:35:00,MSS,short,4544.1,4555.1,4544.1,4532.9,True,2026-05-19 00:35:00,4544.1,BE,0.0,-4.0,1
2026-05-19 02:25:00,2026-05-19 02:33:00,2026-05-19 02:34:00,EXTEND,short,4544.8,4552.1,4544.8,4537.6,True,2026-05-19 02:34:00,4544.8,BE,0.0,-4.0,1
2026-05-19 02:55:00,2026-05-19 03:04:00,2026-05-19 03:05:00,BOS,short,4557.9,4547.5,4547.5,4535.4,False,,4558.2,SL,-0.3,-7.0,1
2026-05-19 07:20:00,2026-05-19 07:59:00,2026-05-19 08:00:00,EXTEND,long,4585.4,4576.7,4585.4,4597.5,True,2026-05-19 08:00:00,4585.4,BE,0.0,-4.0,1
2026-05-19 08:05:00,2026-05-19 08:10:00,2026-05-19 08:11:00,EXTEND,short,4585.3,4591.9,4585.3,4576.4,True,2026-05-19 08:11:00,4585.3,BE,0.0,-4.0,1
2026-05-19 08:15:00,2026-05-19 08:23:00,2026-05-19 08:24:00,EXTEND,short,4583.5,4591.9,4583.5,4574.2,True,2026-05-19 08:24:00,4583.9,BE,-0.4,-8.0,1
2026-05-19 09:00:00,2026-05-19 09:09:00,2026-05-19 09:10:00,EXTEND,short,4567.8,4579.8,4567.8,4555.4,True,2026-05-19 09:10:00,4567.8,BE,0.0,-4.0,1
2026-05-19 10:10:00,2026-05-19 10:15:00,2026-05-19 10:16:00,MSS,short,4555.2,4575.8,4555.2,4549.0,True,2026-05-19 10:16:00,4555.4,BE,-0.2,-6.0,1
2026-05-19 11:35:00,2026-05-19 11:48:00,2026-05-19 11:49:00,MSS,long,4551.6,4550.0,4550.0,4560.4,False,,4550.0,SL,-1.6,-20.0,1
2026-05-19 12:15:00,2026-05-19 12:22:00,2026-05-19 12:23:00,EXTEND,short,4544.0,4548.8,4544.0,4539.7,True,2026-05-19 12:23:00,4544.0,BE,0.0,-4.0,1
2026-05-19 12:30:00,2026-05-19 12:55:00,2026-05-19 12:58:00,EXTEND,short,4545.0,4548.8,4545.0,4538.8,True,2026-05-19 12:58:00,4545.0,BE,0.0,-4.0,3
2026-05-19 13:00:00,2026-05-19 13:09:00,2026-05-19 13:10:00,MSS,long,4548.2,4540.9,4548.2,4550.2,True,2026-05-19 13:10:00,4548.1,BE,-0.1,-5.0,1
2026-05-19 13:20:00,2026-05-19 13:30:00,2026-05-19 13:31:00,MSS,short,4540.4,4549.8,4540.4,4528.5,True,2026-05-19 13:31:00,4540.6,BE,-0.2,-6.0,1
2026-05-19 14:45:00,2026-05-19 15:00:00,2026-05-19 15:01:00,MSS,short,4548.4,4556.1,4548.4,4543.7,True,2026-05-19 15:01:00,4548.6,BE,-0.2,-6.0,1
2026-05-19 15:05:00,2026-05-19 15:18:00,2026-05-19 15:27:00,MSS,long,4552.8,4547.5,4547.5,4562.0,False,,4547.5,SL,-5.3,-57.0,9
2026-05-19 15:40:00,2026-05-19 15:49:00,2026-05-19 15:50:00,MSS,short,4554.2,4553.0,4553.0,4542.3,False,,4554.3,SL,-0.1,-5.0,1
2026-05-19 16:00:00,2026-05-19 16:10:00,2026-05-19 16:23:00,EXTEND,long,4550.4,4544.6,4544.6,4567.7,False,,4544.6,SL,-5.8,-62.0,13
2026-05-19 16:25:00,2026-05-19 16:37:00,2026-05-19 16:47:00,EXTEND,short,4546.2,4551.5,4551.5,4536.1,False,,4551.5,SL,-5.3,-57.0,10
2026-05-19 17:15:00,2026-05-19 17:28:00,2026-05-19 17:30:00,EXTEND,short,4546.0,4551.5,4546.0,4535.8,True,2026-05-19 17:29:00,4546.0,BE,0.0,-4.0,2
2026-05-19 18:55:00,2026-05-19 19:02:00,2026-05-19 19:03:00,MSS,long,4549.0,4528.4,4549.0,4553.4,True,2026-05-19 19:03:00,4548.6,BE,-0.4,-8.0,1
2026-05-19 20:00:00,2026-05-19 20:13:00,2026-05-19 20:15:00,EXTEND,short,4546.6,4547.1,4547.1,4526.1,False,,4547.1,SL,-0.5,-9.0,2
2026-05-19 21:30:00,2026-05-19 21:56:00,2026-05-19 22:08:00,EXTEND,short,4502.7,4529.5,4502.7,4450.4,True,2026-05-19 22:07:00,4502.7,BE,0.0,-4.0,12
2026-05-19 23:15:00,2026-05-19 23:25:00,2026-05-19 23:26:00,MSS,long,4500.3,4492.9,4500.3,4513.2,True,2026-05-19 23:26:00,4500.3,BE,0.0,-4.0,1
2026-05-20 00:05:00,2026-05-20 00:12:00,2026-05-20 00:13:00,MSS,short,4501.4,4513.7,4501.4,4497.1,True,2026-05-20 00:13:00,4501.7,BE,-0.3,-7.0,1
2026-05-20 00:10:00,2026-05-20 00:30:00,2026-05-20 00:31:00,EXTEND,short,4511.5,4513.7,4513.7,4495.4,False,,4513.7,SL,-2.2,-26.0,1
2026-05-20 07:40:00,2026-05-20 08:02:00,2026-05-20 08:03:00,EXTEND,long,4492.7,4482.9,4492.7,4503.9,True,2026-05-20 08:03:00,4492.7,BE,0.0,-4.0,1
2026-05-20 09:05:00,2026-05-20 09:12:00,2026-05-20 09:13:00,EXTEND,short,4496.3,4513.0,4496.3,4484.6,True,2026-05-20 09:13:00,4496.3,BE,0.0,-4.0,1
2026-05-20 09:35:00,2026-05-20 09:57:00,2026-05-20 10:10:00,EXTEND,short,4481.9,4503.4,4481.9,4445.6,True,2026-05-20 10:10:00,4481.9,BE,0.0,-4.0,13
2026-05-20 11:05:00,2026-05-20 11:18:00,2026-05-20 11:22:00,BOS,short,4463.5,4469.4,4463.5,4451.0,True,2026-05-20 11:21:00,4463.5,BE,0.0,-4.0,4
2026-05-20 12:15:00,2026-05-20 12:28:00,2026-05-20 12:29:00,EXTEND,long,4467.4,4459.8,4467.4,4476.1,True,2026-05-20 12:29:00,4467.3,BE,-0.1,-5.0,1
2026-05-20 13:05:00,2026-05-20 13:11:00,2026-05-20 13:12:00,EXTEND,long,4471.4,4458.5,4471.4,4480.2,True,2026-05-20 13:12:00,4471.4,BE,0.0,-4.0,1
2026-05-20 13:45:00,2026-05-20 14:02:00,2026-05-20 14:04:00,MSS,short,4474.4,4481.8,4474.4,4461.0,True,2026-05-20 14:04:00,4474.4,BE,0.0,-4.0,2
2026-05-20 14:35:00,2026-05-20 14:53:00,2026-05-20 15:01:00,EXTEND,short,4475.6,4480.9,4480.9,4459.1,False,,4480.9,SL,-5.3,-57.0,8
2026-05-20 15:10:00,2026-05-20 15:24:00,2026-05-20 15:25:00,EXTEND,long,4482.7,4473.9,4482.7,4491.8,True,2026-05-20 15:25:00,4482.7,BE,0.0,-4.0,1
2026-05-20 15:30:00,2026-05-20 15:37:00,2026-05-20 15:38:00,EXTEND,long,4482.0,4473.9,4482.0,4492.4,True,2026-05-20 15:38:00,4481.8,BE,-0.2,-6.0,1
2026-05-20 16:30:00,2026-05-20 16:38:00,2026-05-20 16:39:00,EXTEND,long,4486.4,4477.6,4486.4,4496.0,True,2026-05-20 16:39:00,4486.4,BE,0.0,-4.0,1
2026-05-20 16:55:00,2026-05-20 17:18:00,2026-05-20 17:21:00,EXTEND,long,4483.8,4477.6,4483.8,4497.0,True,2026-05-20 17:20:00,4483.8,BE,0.0,-4.0,3
2026-05-20 17:30:00,2026-05-20 17:44:00,2026-05-20 17:45:00,EXTEND,short,4485.6,4486.1,4486.1,4472.0,False,,4486.1,SL,-0.5,-9.0,1
2026-05-20 17:55:00,2026-05-20 18:01:00,2026-05-20 18:03:00,EXTEND,long,4489.0,4484.3,4489.0,4496.5,True,2026-05-20 18:02:00,4489.0,BE,0.0,-4.0,2
2026-05-20 19:25:00,2026-05-20 19:34:00,2026-05-20 19:35:00,MSS,long,4501.4,4493.5,4501.4,4506.5,True,2026-05-20 19:35:00,4501.1,BE,-0.3,-7.0,1
2026-05-20 20:45:00,2026-05-20 20:59:00,2026-05-20 21:01:00,EXTEND,long,4498.8,4495.2,4498.8,4511.8,True,2026-05-20 21:00:00,4498.8,BE,0.0,-4.0,2
2026-05-20 21:30:00,2026-05-20 21:35:00,2026-05-20 21:36:00,EXTEND,short,4492.7,4509.3,4492.7,4485.4,True,2026-05-20 21:36:00,4492.7,BE,0.0,-4.0,1
2026-05-20 22:15:00,2026-05-20 22:21:00,2026-05-20 22:22:00,MSS,long,4508.5,4469.3,4508.5,4516.9,True,2026-05-20 22:22:00,4508.5,BE,0.0,-4.0,1
2026-05-20 23:15:00,2026-05-20 23:32:00,2026-05-20 23:53:00,BOS,long,4536.4,4526.5,4536.4,4565.9,True,2026-05-20 23:39:00,4536.4,BE,0.0,-4.0,21
2026-05-21 00:25:00,2026-05-21 00:47:00,2026-05-21 00:59:00,EXTEND,short,4535.5,4538.5,4538.5,4523.9,False,,4538.5,SL,-3.0,-34.0,12
2026-05-21 01:25:00,2026-05-21 01:32:00,2026-05-21 01:33:00,MSS,short,4534.8,4540.5,4534.8,4532.5,True,2026-05-21 01:33:00,4534.8,BE,0.0,-4.0,1
2026-05-21 01:30:00,2026-05-21 01:40:00,2026-05-21 01:41:00,EXTEND,short,4537.9,4540.5,4537.9,4531.1,True,2026-05-21 01:41:00,4537.9,BE,0.0,-4.0,1
2026-05-21 02:00:00,2026-05-21 02:13:00,2026-05-21 02:14:00,EXTEND,short,4535.8,4540.5,4535.8,4529.7,True,2026-05-21 02:14:00,4535.8,BE,0.0,-4.0,1
2026-05-21 03:20:00,2026-05-21 03:28:00,2026-05-21 03:29:00,EXTEND,long,4548.1,4544.7,4548.1,4550.5,True,2026-05-21 03:29:00,4547.8,BE,-0.3,-7.0,1
2026-05-21 03:35:00,2026-05-21 03:45:00,2026-05-21 03:46:00,BOS,long,4550.7,4546.2,4550.7,4555.7,True,2026-05-21 03:46:00,4550.6,BE,-0.1,-5.0,1
2026-05-21 07:35:00,2026-05-21 07:45:00,2026-05-21 07:46:00,MSS,long,4545.9,4535.5,4545.9,4549.9,True,2026-05-21 07:46:00,4545.9,BE,0.0,-4.0,1
2026-05-21 08:15:00,2026-05-21 08:28:00,2026-05-21 09:00:00,BOS,long,4545.8,4540.7,4545.8,4558.7,True,2026-05-21 08:52:00,4545.8,BE,0.0,-4.0,32
2026-05-21 11:50:00,2026-05-21 12:07:00,2026-05-21 12:09:00,BOS,short,4533.4,4537.9,4533.4,4525.5,True,2026-05-21 12:08:00,4533.4,BE,0.0,-4.0,2
2026-05-21 13:05:00,2026-05-21 13:13:00,2026-05-21 13:14:00,MSS,short,4531.4,4541.7,4531.4,4529.4,True,2026-05-21 13:14:00,4531.6,BE,-0.2,-6.0,1
2026-05-21 14:20:00,2026-05-21 14:42:00,2026-05-21 15:06:00,EXTEND,long,4527.6,4519.1,4519.1,4547.2,False,,4519.1,SL,-8.5,-89.0,24
2026-05-21 15:25:00,2026-05-21 15:53:00,2026-05-21 16:04:00,BOS,short,4522.1,4525.0,4525.0,4510.1,False,,4525.0,SL,-2.9,-33.0,11
2026-05-21 16:35:00,2026-05-21 16:48:00,2026-05-21 16:49:00,MSS,short,4532.0,4538.1,4532.0,4524.9,True,2026-05-21 16:49:00,4532.0,BE,0.0,-4.0,1
2026-05-21 17:20:00,2026-05-21 17:27:00,2026-05-21 17:28:00,EXTEND,long,4539.5,4532.9,4539.5,4546.9,True,2026-05-21 17:28:00,4539.3,BE,-0.2,-6.0,1
2026-05-21 18:00:00,2026-05-21 18:08:00,2026-05-21 18:09:00,MSS,long,4534.4,4530.7,4534.4,4535.8,True,2026-05-21 18:09:00,4534.4,BE,0.0,-4.0,1
2026-05-21 18:05:00,2026-05-21 18:14:00,2026-05-21 18:15:00,EXTEND,long,4533.6,4530.7,4533.6,4539.1,True,2026-05-21 18:15:00,4533.6,BE,0.0,-4.0,1
2026-05-21 19:35:00,2026-05-21 19:54:00,2026-05-21 19:55:00,EXTEND,short,4515.3,4522.4,4515.3,4505.4,True,2026-05-21 19:55:00,4515.3,BE,0.0,-4.0,1
2026-05-21 20:10:00,2026-05-21 20:17:00,2026-05-21 20:18:00,EXTEND,long,4514.0,4511.8,4511.8,4522.6,False,,4511.8,SL,-2.2,-26.0,1
2026-05-21 20:25:00,2026-05-21 20:39:00,2026-05-21 20:44:00,EXTEND,short,4512.8,4520.3,4512.8,4498.5,True,2026-05-21 20:43:00,4512.8,BE,0.0,-4.0,5
2026-05-21 21:00:00,2026-05-21 21:07:00,2026-05-21 21:08:00,EXTEND,short,4509.7,4520.3,4509.7,4494.3,True,2026-05-21 21:08:00,4509.7,BE,0.0,-4.0,1
2026-05-21 21:50:00,2026-05-21 22:10:00,2026-05-21 22:11:00,MSS,long,4508.8,4488.5,4508.8,4531.3,True,2026-05-21 22:11:00,4508.8,BE,0.0,-4.0,1
2026-05-22 01:00:00,2026-05-22 01:07:00,2026-05-22 01:08:00,EXTEND,long,4518.5,4510.5,4518.5,4529.2,True,2026-05-22 01:08:00,4518.5,BE,0.0,-4.0,1
2026-05-22 03:50:00,2026-05-22 07:04:00,2026-05-22 07:05:00,MSS,short,4544.1,4544.5,4544.5,4532.9,False,,4544.5,SL,-0.4,-8.0,1
2026-05-22 07:20:00,2026-05-22 07:30:00,2026-05-22 07:31:00,EXTEND,short,4539.3,4545.2,4539.3,4533.8,True,2026-05-22 07:31:00,4539.3,BE,0.0,-4.0,1
2026-05-22 08:15:00,2026-05-22 08:34:00,2026-05-22 08:35:00,EXTEND,short,4537.7,4537.3,4537.3,4529.0,False,,4537.7,SL,0.0,-4.0,1
2026-05-22 08:50:00,2026-05-22 08:57:00,2026-05-22 08:58:00,MSS,short,4530.3,4542.2,4530.3,4524.4,True,2026-05-22 08:58:00,4530.6,BE,-0.3,-7.0,1
2026-05-22 08:55:00,2026-05-22 09:02:00,2026-05-22 09:03:00,EXTEND,short,4530.1,4542.2,4530.1,4522.4,True,2026-05-22 09:03:00,4530.3,BE,-0.2,-6.0,1
2026-05-22 09:05:00,2026-05-22 09:22:00,2026-05-22 09:26:00,BOS,short,4531.2,4537.6,4531.2,4520.6,True,2026-05-22 09:23:00,4531.2,BE,0.0,-4.0,4
2026-05-22 09:40:00,2026-05-22 09:53:00,2026-05-22 09:54:00,EXTEND,short,4529.3,4537.6,4529.3,4517.5,True,2026-05-22 09:54:00,4529.3,BE,0.0,-4.0,1
2026-05-22 10:30:00,2026-05-22 10:52:00,2026-05-22 11:32:00,BOS,short,4526.3,4530.5,4526.3,4516.7,True,2026-05-22 10:53:00,4526.3,BE,0.0,-4.0,40
2026-05-22 12:35:00,2026-05-22 12:40:00,2026-05-22 12:41:00,MSS,short,4526.8,4533.9,4526.8,4525.3,True,2026-05-22 12:41:00,4526.8,BE,0.0,-4.0,1
2026-05-22 12:40:00,2026-05-22 12:55:00,2026-05-22 12:56:00,EXTEND,short,4529.4,4533.9,4529.4,4524.5,True,2026-05-22 12:56:00,4529.4,BE,0.0,-4.0,1
2026-05-22 13:00:00,2026-05-22 13:14:00,2026-05-22 13:15:00,BOS,short,4526.4,4531.2,4526.4,4522.8,True,2026-05-22 13:15:00,4526.5,BE,-0.1,-5.0,1
2026-05-22 13:15:00,2026-05-22 13:23:00,2026-05-22 13:24:00,EXTEND,short,4526.6,4531.2,4526.6,4522.2,True,2026-05-22 13:24:00,4526.7,BE,-0.1,-5.0,1
2026-05-22 13:55:00,2026-05-22 14:08:00,2026-05-22 14:09:00,MSS,short,4520.5,4535.4,4520.5,4501.0,True,2026-05-22 14:09:00,4520.5,BE,0.0,-4.0,1
2026-05-22 14:45:00,2026-05-22 15:15:00,2026-05-22 15:16:00,EXTEND,long,4524.7,4517.1,4524.7,4533.2,True,2026-05-22 15:16:00,4524.5,BE,-0.2,-6.0,1
2026-05-22 15:40:00,2026-05-22 16:05:00,2026-05-22 16:10:00,EXTEND,short,4524.9,4528.2,4528.2,4513.3,False,,4528.2,SL,-3.3,-37.0,5
2026-05-22 16:20:00,2026-05-22 16:36:00,2026-05-22 16:39:00,EXTEND,long,4522.2,4516.5,4522.2,4536.4,True,2026-05-22 16:38:00,4522.2,BE,0.0,-4.0,3
2026-05-22 17:35:00,2026-05-22 17:40:00,2026-05-22 17:41:00,MSS,long,4525.2,4515.2,4525.2,4527.8,True,2026-05-22 17:41:00,4525.1,BE,-0.1,-5.0,1
2026-05-22 19:05:00,2026-05-22 19:14:00,2026-05-22 19:15:00,EXTEND,long,4516.7,4513.1,4516.7,4519.7,True,2026-05-22 19:15:00,4516.6,BE,-0.1,-5.0,1
2026-05-22 19:20:00,2026-05-22 19:27:00,2026-05-22 19:28:00,MSS,short,4514.0,4518.3,4514.0,4511.4,True,2026-05-22 19:28:00,4514.1,BE,-0.1,-5.0,1
2026-05-22 19:30:00,2026-05-22 19:37:00,2026-05-22 19:38:00,MSS,long,4518.5,4512.2,4518.5,4519.9,True,2026-05-22 19:38:00,4518.3,BE,-0.2,-6.0,1
2026-05-22 20:35:00,2026-05-22 20:40:00,2026-05-22 20:41:00,MSS,short,4518.0,4537.4,4518.0,4509.8,True,2026-05-22 20:41:00,4518.0,BE,0.0,-4.0,1
2026-05-23 00:40:00,2026-05-23 00:48:00,2026-05-23 00:49:00,MSS,short,4517.6,4528.8,4517.6,4507.6,True,2026-05-23 00:49:00,4517.6,BE,0.0,-4.0,1
2026-05-23 01:30:00,2026-05-23 01:38:00,2026-05-23 01:39:00,EXTEND,long,4524.4,4514.5,4524.4,4535.5,True,2026-05-23 01:39:00,4524.4,BE,0.0,-4.0,1
2026-05-23 02:45:00,2026-05-23 02:52:00,2026-05-23 02:53:00,MSS,short,4515.0,4523.3,4515.0,4512.1,True,2026-05-23 02:53:00,4515.1,BE,-0.1,-5.0,1
2026-05-23 03:40:00,2026-05-23 03:56:00,2026-05-23 03:57:00,EXTEND,long,4510.1,4505.9,4510.1,4514.7,True,2026-05-23 03:57:00,4509.9,BE,-0.2,-6.0,1
2026-05-25 08:45:00,2026-05-25 08:54:00,2026-05-25 08:55:00,BOS,long,4575.4,4572.2,4572.2,4584.1,False,,4572.2,SL,-3.2,-36.0,1
2026-05-25 08:55:00,2026-05-25 09:04:00,2026-05-25 09:05:00,MSS,short,4570.1,4581.6,4570.1,4562.9,True,2026-05-25 09:05:00,4570.1,BE,0.0,-4.0,1
2026-05-25 09:05:00,2026-05-25 09:25:00,2026-05-25 09:27:00,BOS,short,4571.3,4578.1,4571.3,4557.0,True,2026-05-25 09:26:00,4571.3,BE,0.0,-4.0,2
2026-05-25 10:05:00,2026-05-25 10:18:00,2026-05-25 10:19:00,MSS,long,4561.7,4561.7,4561.7,4571.4,False,,4561.6,SL,-0.1,-5.0,1
2026-05-25 10:45:00,2026-05-25 10:57:00,2026-05-25 11:44:00,EXTEND,long,4563.1,4559.6,4559.6,4574.2,False,,4559.6,SL,-3.5,-39.0,47
2026-05-25 11:50:00,2026-05-25 12:04:00,2026-05-25 12:17:00,EXTEND,short,4561.9,4565.1,4561.9,4554.9,True,2026-05-25 12:13:00,4561.9,BE,0.0,-4.0,13
2026-05-25 12:25:00,2026-05-25 12:35:00,2026-05-25 12:38:00,MSS,long,4562.6,4560.5,4560.5,4568.4,False,,4560.5,SL,-2.1,-25.0,3
2026-05-25 13:20:00,2026-05-25 13:27:00,2026-05-25 13:28:00,MSS,short,4556.3,4567.3,4556.3,4554.3,True,2026-05-25 13:28:00,4556.4,BE,-0.1,-5.0,1
2026-05-25 15:00:00,2026-05-25 15:22:00,2026-05-25 15:23:00,EXTEND,long,4555.3,4554.5,4554.5,4568.9,False,,4554.5,SL,-0.8,-12.0,1
2026-05-25 16:25:00,2026-05-25 16:36:00,2026-05-25 16:37:00,EXTEND,short,4557.0,4566.7,4557.0,4552.1,True,2026-05-25 16:37:00,4557.1,BE,-0.1,-5.0,1
2026-05-25 19:15:00,2026-05-25 19:28:00,2026-05-25 19:50:00,BOS,long,4572.9,4569.4,4572.9,4579.7,True,2026-05-25 19:29:00,4572.9,BE,0.0,-4.0,22
2026-05-25 20:20:00,2026-05-25 20:43:00,2026-05-25 20:46:00,EXTEND,short,4569.0,4579.3,4569.0,4547.6,True,2026-05-25 20:45:00,4569.0,BE,0.0,-4.0,3
2026-05-25 21:40:00,2026-05-25 21:51:00,2026-05-25 21:54:00,MSS,long,4564.2,4562.5,4564.2,4568.6,True,2026-05-25 21:52:00,4564.2,BE,0.0,-4.0,3
2026-05-25 22:25:00,2026-05-25 22:34:00,2026-05-25 22:38:00,EXTEND,long,4569.5,4568.6,4568.6,4573.4,False,,4568.5,SL,-1.0,-14.0,4
2026-05-25 22:55:00,2026-05-25 23:02:00,2026-05-25 23:03:00,EXTEND,short,4569.5,4570.2,4570.2,4566.1,False,,4570.2,SL,-0.7,-11.0,1
2026-05-25 23:05:00,2026-05-25 23:14:00,2026-05-25 23:15:00,EXTEND,short,4571.8,4570.2,4570.2,4566.0,False,,4572.0,SL,-0.2,-6.0,1
2026-05-25 23:25:00,2026-05-25 23:39:00,2026-05-26 00:01:00,EXTEND,long,4570.6,4566.9,4570.6,4579.3,True,2026-05-25 23:47:00,4570.6,BE,0.0,-4.0,22
2026-05-26 01:10:00,2026-05-26 01:27:00,2026-05-26 01:40:00,EXTEND,long,4573.5,4569.9,4569.9,4583.5,False,,4569.9,SL,-3.6,-40.0,13
2026-05-26 07:25:00,2026-05-26 07:30:00,2026-05-26 07:31:00,MSS,short,4569.2,4583.2,4569.2,4565.3,True,2026-05-26 07:31:00,4569.2,BE,0.0,-4.0,1
2026-05-26 08:15:00,2026-05-26 08:37:00,2026-05-26 08:42:00,BOS,short,4549.2,4554.4,4549.2,4538.9,True,2026-05-26 08:38:00,4549.2,BE,0.0,-4.0,5
2026-05-26 08:50:00,2026-05-26 09:04:00,2026-05-26 09:05:00,BOS,short,4543.5,4552.6,4543.5,4536.5,True,2026-05-26 09:05:00,4543.6,BE,-0.1,-5.0,1
2026-05-26 10:05:00,2026-05-26 10:14:00,2026-05-26 10:15:00,MSS,long,4539.2,4539.9,4539.9,4539.9,False,,4539.3,SL,0.1,-3.0,1
2026-05-26 10:30:00,2026-05-26 10:41:00,2026-05-26 10:45:00,MSS,short,4537.8,4540.1,4537.8,4533.4,True,2026-05-26 10:42:00,4533.4,TP,4.4,40.31,4
2026-05-26 10:50:00,2026-05-26 11:04:00,2026-05-26 11:05:00,EXTEND,short,4534.4,4539.5,4534.4,4528.3,True,2026-05-26 11:05:00,4534.4,BE,0.0,-4.0,1
2026-05-26 13:35:00,2026-05-26 13:43:00,2026-05-26 13:45:00,EXTEND,long,4530.2,4529.2,4529.2,4537.2,False,,4529.2,SL,-1.0,-14.0,2
2026-05-26 13:50:00,2026-05-26 14:10:00,2026-05-26 14:25:00,EXTEND,short,4530.0,4535.5,4535.5,4520.8,False,,4535.5,SL,-5.5,-59.0,15
2026-05-26 14:25:00,2026-05-26 14:40:00,2026-05-26 14:41:00,EXTEND,long,4533.5,4529.5,4533.5,4538.8,True,2026-05-26 14:41:00,4533.5,BE,0.0,-4.0,1
2026-05-26 15:15:00,2026-05-26 15:29:00,2026-05-26 15:46:00,EXTEND,short,4530.1,4534.3,4530.1,4519.2,True,2026-05-26 15:30:00,4530.1,BE,0.0,-4.0,17
2026-05-26 15:55:00,2026-05-26 16:19:00,2026-05-26 16:29:00,EXTEND,long,4530.1,4521.7,4521.7,4544.4,False,,4521.7,SL,-8.4,-88.0,10
2026-05-26 17:15:00,2026-05-26 17:20:00,2026-05-26 17:21:00,EXTEND,short,4524.0,4525.4,4525.4,4516.3,False,,4525.4,SL,-1.4,-18.0,1
2026-05-26 17:40:00,2026-05-26 18:03:00,2026-05-26 18:05:00,EXTEND,short,4520.1,4526.7,4520.1,4508.3,True,2026-05-26 18:05:00,4520.1,BE,0.0,-4.0,2
2026-05-26 20:45:00,2026-05-26 20:52:00,2026-05-26 20:53:00,MSS,long,4521.0,4500.3,4521.0,4527.0,True,2026-05-26 20:53:00,4521.0,BE,0.0,-4.0,1
2026-05-26 22:10:00,2026-05-26 22:28:00,2026-05-26 22:32:00,BOS,short,4516.2,4521.3,4521.3,4504.9,False,,4521.3,SL,-5.1,-55.0,4
2026-05-26 22:35:00,2026-05-26 22:58:00,2026-05-26 23:03:00,MSS,long,4516.2,4508.4,4508.4,4530.2,False,,4508.4,SL,-7.8,-82.0,5
2026-05-27 07:00:00,2026-05-27 07:25:00,2026-05-27 07:41:00,EXTEND,long,4506.3,4500.0,4506.3,4517.8,True,2026-05-27 07:26:00,4517.8,TP,11.5,110.8,16
2026-05-27 08:25:00,2026-05-27 08:48:00,2026-05-27 09:13:00,EXTEND,short,4520.2,4525.8,4520.2,4510.6,True,2026-05-27 08:49:00,4520.2,BE,0.0,-4.0,25
2026-05-27 09:10:00,2026-05-27 09:21:00,2026-05-27 09:22:00,MSS,long,4517.1,4512.0,4517.1,4522.8,True,2026-05-27 09:22:00,4517.0,BE,-0.1,-5.0,1
2026-05-27 09:30:00,2026-05-27 09:38:00,2026-05-27 09:39:00,MSS,short,4512.6,4520.7,4512.6,4510.8,True,2026-05-27 09:39:00,4510.8,TP,1.8,14.06,1
2026-05-27 10:45:00,2026-05-27 10:54:00,2026-05-27 10:57:00,EXTEND,short,4503.2,4505.3,4505.3,4495.1,False,,4505.3,SL,-2.1,-25.0,3
2026-05-27 11:15:00,2026-05-27 11:40:00,2026-05-27 11:43:00,EXTEND,long,4502.4,4497.3,4502.4,4515.0,True,2026-05-27 11:41:00,4502.4,BE,0.0,-4.0,3
2026-05-27 12:00:00,2026-05-27 12:13:00,2026-05-27 12:19:00,EXTEND,short,4500.7,4504.7,4500.7,4491.9,True,2026-05-27 12:18:00,4500.7,BE,0.0,-4.0,6
2026-05-27 12:30:00,2026-05-27 12:35:00,2026-05-27 12:37:00,EXTEND,short,4499.4,4502.2,4499.4,4495.3,True,2026-05-27 12:37:00,4499.4,BE,0.0,-4.0,2
2026-05-27 13:15:00,2026-05-27 13:20:00,2026-05-27 13:21:00,EXTEND,short,4503.8,4502.2,4502.2,4504.0,False,,4504.4,SL,-0.6,-10.0,1
2026-05-27 15:15:00,2026-05-27 15:27:00,2026-05-27 15:31:00,EXTEND,short,4484.9,4487.9,4487.9,4476.9,False,,4487.9,SL,-3.0,-34.0,4
2026-05-27 15:50:00,2026-05-27 16:06:00,2026-05-27 16:18:00,EXTEND,short,4484.4,4487.9,4487.9,4470.5,False,,4487.9,SL,-3.5,-39.0,12
2026-05-27 16:20:00,2026-05-27 16:33:00,2026-05-27 16:40:00,EXTEND,long,4486.6,4482.3,4486.6,4493.5,True,2026-05-27 16:34:00,4493.5,TP,6.9,64.76,7
2026-05-27 16:50:00,2026-05-27 17:12:00,2026-05-27 17:24:00,EXTEND,long,4489.5,4484.7,4489.5,4500.1,True,2026-05-27 17:14:00,4489.5,BE,0.0,-4.0,12
2026-05-27 18:00:00,2026-05-27 18:07:00,2026-05-27 18:10:00,MSS,short,4486.1,4492.0,4486.1,4481.3,True,2026-05-27 18:08:00,4486.1,BE,0.0,-4.0,3
2026-05-27 19:55:00,2026-05-27 20:08:00,2026-05-27 20:09:00,BOS,short,4430.0,4442.0,4430.0,4416.7,True,2026-05-27 20:09:00,4430.0,BE,0.0,-4.0,1
2026-05-27 20:20:00,2026-05-27 20:49:00,2026-05-27 21:05:00,EXTEND,long,4443.1,4426.2,4426.2,4474.0,False,,4426.2,SL,-16.9,-173.0,16
2026-05-27 21:30:00,2026-05-27 21:35:00,2026-05-27 21:36:00,MSS,long,4422.8,4398.4,4422.8,4428.6,True,2026-05-27 21:36:00,4422.8,BE,0.0,-4.0,1
2026-05-28 01:00:00,2026-05-28 01:07:00,2026-05-28 01:08:00,MSS,short,4445.9,4451.4,4445.9,4443.9,True,2026-05-28 01:08:00,4446.0,BE,-0.1,-5.0,1
2026-05-28 01:25:00,2026-05-28 01:31:00,2026-05-28 01:32:00,MSS,long,4451.1,4439.7,4451.1,4452.4,True,2026-05-28 01:32:00,4451.1,BE,0.0,-4.0,1
2026-05-28 02:05:00,2026-05-28 02:22:00,2026-05-28 02:23:00,EXTEND,short,4454.3,4452.9,4452.9,4444.1,False,,4454.2,SL,0.1,-3.0,1
2026-05-28 02:20:00,2026-05-28 02:38:00,2026-05-28 02:45:00,MSS,long,4451.1,4446.0,4451.1,4460.0,True,2026-05-28 02:40:00,4451.1,BE,0.0,-4.0,7
2026-05-28 03:15:00,2026-05-28 03:25:00,2026-05-28 03:30:00,MSS,short,4450.5,4453.5,4450.5,4446.4,True,2026-05-28 03:26:00,4450.5,BE,0.0,-4.0,5
2026-05-28 03:35:00,2026-05-28 03:59:00,2026-05-28 04:06:00,MSS,long,4450.0,4448.1,4450.0,4455.1,True,2026-05-28 04:01:00,4450.0,BE,0.0,-4.0,7
2026-05-28 07:25:00,2026-05-28 07:41:00,2026-05-28 07:46:00,EXTEND,short,4449.6,4451.8,4449.6,4445.1,True,2026-05-28 07:44:00,4445.0,TP,4.6,42.0,4
2026-05-28 07:50:00,2026-05-28 08:04:00,2026-05-28 08:18:00,EXTEND,short,4446.6,4450.8,4446.6,4439.2,True,2026-05-28 08:05:00,4447.2,BE,-0.6,-10.0,8
2026-05-28 12:55:00,2026-05-28 13:07:00,2026-05-28 13:09:00,MSS,long,4370.1,4366.7,4370.1,4372.2,True,2026-05-28 13:09:00,4370.1,BE,0.0,-4.0,1
2026-05-28 17:00:00,2026-05-28 17:14:00,2026-05-28 17:21:00,MSS,long,4385.9,4383.3,4385.9,4389.4,True,2026-05-28 17:19:00,4389.8,TP,3.9,35.0,2
2026-05-28 19:25:00,2026-05-28 19:30:00,2026-05-28 19:31:00,MSS,short,4382.3,4388.3,4382.3,4381.1,True,2026-05-28 19:31:00,4382.3,BE,0.0,-4.0,1
2026-05-28 19:30:00,2026-05-28 19:39:00,2026-05-28 19:59:00,EXTEND,short,4385.3,4388.3,4385.3,4377.9,True,2026-05-28 19:44:00,4385.3,BE,0.0,-4.0,18
2026-05-28 21:35:00,2026-05-28 21:47:00,2026-05-28 21:49:00,EXTEND,short,4423.4,4431.6,4423.4,4412.4,True,2026-05-28 21:48:00,4423.4,BE,0.0,-4.0,2
2026-05-28 22:45:00,2026-05-28 22:59:00,2026-05-28 23:22:00,EXTEND,long,4467.0,4452.8,4467.0,4484.2,True,2026-05-28 23:00:00,4467.0,BE,0.0,-4.0,20
2026-05-29 01:10:00,2026-05-29 01:20:00,2026-05-29 01:31:00,MSS,short,4500.7,4511.5,4500.7,4499.6,True,2026-05-29 01:31:00,4502.4,BE,-1.7,-21.0,1
