signal_time,entry_time,exit_time,kind,direction,entry,sl,final_sl,tp,break_even_moved,break_even_time,exit_price,exit_reason,points,dollars,bars_held
2025-12-30 09:00:00,2025-12-30 09:07:00,2025-12-30 09:17:00,BOS,short,4350.5,4356.0,4356.0,4337.8,False,,4356.0,SL,-5.5,-58.63,10
2025-12-30 09:15:00,2025-12-30 09:32:00,2025-12-30 09:44:00,MSS,long,4346.4,4339.0,4339.0,4363.6,False,,4363.6,TP,17.2,168.27,12
2025-12-30 11:30:00,2025-12-30 11:52:00,2025-12-30 13:23:00,EXTEND,long,4375.3,4370.5,4370.5,4386.4,False,,4386.4,TP,11.1,107.0,91
2025-12-30 14:40:00,2025-12-30 14:48:00,2025-12-30 15:15:00,EXTEND,short,4380.9,4384.6,4384.6,4372.4,False,,4384.6,SL,-3.7,-40.67,27
2025-12-30 15:50:00,2025-12-30 15:56:00,2025-12-30 16:03:00,EXTEND,long,4387.6,4380.8,4380.8,4403.3,False,,4380.8,SL,-6.8,-71.61,7
2025-12-30 17:55:00,2025-12-30 18:04:00,2025-12-30 18:15:00,EXTEND,long,4385.4,4382.8,4382.8,4391.3,False,,4391.4,TP,6.0,56.41,11
2025-12-30 19:10:00,2025-12-30 19:48:00,2025-12-30 20:13:00,EXTEND,long,4398.8,4394.4,4394.4,4409.1,False,,4409.1,TP,10.3,99.01,25
2025-12-30 20:40:00,2025-12-30 20:52:00,2025-12-30 21:19:00,EXTEND,long,4411.8,4407.5,4407.5,4421.9,False,,4407.5,SL,-4.3,-47.17,27
2025-12-30 21:40:00,2025-12-30 22:00:00,2025-12-30 22:40:00,EXTEND,short,4405.0,4413.7,4413.7,4384.9,False,,4384.9,TP,20.2,197.58,40
2025-12-30 22:45:00,2025-12-30 23:20:00,2025-12-31 03:52:00,EXTEND,short,4393.6,4407.8,4407.8,4360.7,False,,4360.7,TP,32.9,325.45,272
2025-12-31 07:30:00,2025-12-31 07:37:00,2025-12-31 09:03:00,EXTEND,short,4353.3,4359.5,4359.5,4338.8,False,,4359.5,SL,-6.2,-66.27,86
2025-12-31 10:30:00,2025-12-31 10:38:00,2025-12-31 10:49:00,EXTEND,short,4378.1,4383.4,4383.4,4365.6,False,,4365.6,TP,12.4,120.32,11
2025-12-31 11:20:00,2025-12-31 11:32:00,2025-12-31 12:56:00,BOS,short,4364.4,4371.7,4371.7,4347.3,False,,4347.3,TP,17.0,166.5,84
2025-12-31 13:05:00,2025-12-31 13:26:00,2025-12-31 13:40:00,EXTEND,short,4353.2,4360.7,4360.7,4335.8,False,,4335.8,TP,17.4,170.05,14
2025-12-31 15:20:00,2025-12-31 15:49:00,2025-12-31 16:09:00,EXTEND,long,4339.9,4335.9,4335.9,4349.4,False,,4335.9,SL,-4.0,-44.49,20
2025-12-31 16:55:00,2025-12-31 17:07:00,2025-12-31 17:36:00,EXTEND,short,4330.4,4339.6,4339.6,4309.1,False,,4339.6,SL,-9.2,-95.68,29
2025-12-31 17:45:00,2025-12-31 18:28:00,2025-12-31 18:30:00,EXTEND,long,4332.8,4322.8,4322.8,4356.2,False,,4322.8,SL,-10.0,-104.47,2
2025-12-31 19:50:00,2025-12-31 19:55:00,2025-12-31 20:02:00,EXTEND,long,4324.0,4320.6,4320.6,4332.0,False,,4320.6,SL,-3.4,-38.38,7
2025-12-31 20:25:00,2025-12-31 20:30:00,2025-12-31 20:35:00,EXTEND,short,4320.2,4323.6,4323.6,4312.2,False,,4323.6,SL,-3.4,-38.38,5
2025-12-31 20:40:00,2025-12-31 21:06:00,2025-12-31 21:22:00,EXTEND,long,4320.8,4314.6,4314.6,4335.0,False,,4335.0,TP,14.3,138.97,16
2025-12-31 22:30:00,2025-12-31 22:39:00,2025-12-31 22:56:00,BOS,long,4352.3,4346.1,4346.1,4366.5,False,,4366.5,TP,14.3,138.97,17
2025-12-31 22:55:00,2025-12-31 23:02:00,2025-12-31 23:10:00,EXTEND,long,4354.4,4346.1,4346.1,4373.7,False,,4346.1,SL,-8.3,-86.89,8
2025-12-31 23:30:00,2025-12-31 23:40:00,2026-01-01 00:05:00,EXTEND,long,4346.4,4340.5,4340.5,4360.1,False,,4340.5,SL,-5.9,-62.83,25
2026-01-01 00:45:00,2026-01-01 01:00:00,2026-01-01 02:15:00,EXTEND,short,4338.7,4343.7,4343.7,4327.2,False,,4343.7,SL,-5.0,-53.66,75
2026-01-01 02:15:00,2026-01-01 02:24:00,2026-01-01 02:32:00,MSS,long,4338.4,4333.7,4333.7,4349.2,False,,4333.7,SL,-4.7,-50.6,8
2026-01-01 02:30:00,2026-01-01 02:38:00,2026-01-01 03:31:00,MSS,short,4338.7,4342.9,4342.9,4328.9,False,,4328.9,TP,9.8,93.68,53
2026-01-02 08:10:00,2026-01-02 08:20:00,2026-01-02 10:50:00,EXTEND,long,4357.2,4351.6,4351.6,4370.3,False,,4370.3,TP,13.1,126.54,150
2026-01-02 12:00:00,2026-01-02 12:13:00,2026-01-02 12:23:00,BOS,long,4386.7,4384.1,4384.1,4392.7,False,,4384.1,SL,-2.6,-29.98,10
2026-01-02 13:50:00,2026-01-02 13:59:00,2026-01-02 14:01:00,BOS,long,4392.3,4390.7,4390.7,4395.9,False,,4390.7,SL,-1.6,-19.66,2
2026-01-02 14:15:00,2026-01-02 14:20:00,2026-01-02 15:24:00,EXTEND,short,4391.6,4394.8,4394.8,4384.1,False,,4384.1,TP,7.5,70.59,64
2026-01-02 15:35:00,2026-01-02 15:45:00,2026-01-02 15:58:00,EXTEND,long,4387.4,4384.1,4384.1,4395.1,False,,4395.1,TP,7.7,73.26,13
2026-01-02 16:10:00,2026-01-02 16:18:00,2026-01-02 16:34:00,EXTEND,long,4394.9,4392.6,4392.6,4400.2,False,,4400.2,TP,5.3,49.28,16
2026-01-02 16:45:00,2026-01-02 16:59:00,2026-01-02 21:15:00,EXTEND,long,4399.6,4393.6,4393.6,4413.7,False,,4413.7,TP,14.0,136.3,256
2026-01-02 21:15:00,2026-01-02 21:20:00,2026-01-02 21:24:00,EXTEND,long,4404.1,4397.3,4397.3,4419.8,False,,4397.3,SL,-6.8,-71.61,4
2026-01-03 01:05:00,2026-01-03 01:59:00,2026-01-03 02:10:00,EXTEND,long,4332.8,4325.6,4325.6,4349.6,False,,4325.6,SL,-7.2,-76.2,11
2026-01-03 02:15:00,2026-01-03 02:25:00,2026-01-03 04:27:00,EXTEND,short,4331.9,4338.7,4338.7,4316.1,False,,4338.7,SL,-6.8,-72.0,122
2026-01-05 09:05:00,2026-01-05 09:13:00,2026-01-05 16:44:00,EXTEND,long,4408.5,4394.6,4394.6,4440.7,False,,4440.7,TP,32.2,318.34,451
2026-01-05 16:50:00,2026-01-05 17:05:00,2026-01-05 17:43:00,EXTEND,long,4437.5,4433.5,4433.5,4447.0,False,,4447.0,TP,9.4,90.13,38
2026-01-05 17:40:00,2026-01-05 18:02:00,2026-01-05 18:06:00,BOS,long,4444.6,4441.7,4441.7,4451.4,False,,4441.7,SL,-2.9,-33.03,4
2026-01-05 18:50:00,2026-01-05 19:01:00,2026-01-05 19:05:00,EXTEND,long,4445.5,4441.7,4441.7,4454.3,False,,4441.7,SL,-3.8,-41.82,4
2026-01-05 19:25:00,2026-01-05 19:49:00,2026-01-05 21:22:00,EXTEND,short,4436.5,4445.4,4445.4,4415.7,False,,4415.7,TP,20.8,203.79,93
2026-01-05 21:25:00,2026-01-05 21:33:00,2026-01-05 21:40:00,EXTEND,short,4418.2,4424.8,4424.8,4403.0,False,,4424.8,SL,-6.6,-69.7,7
2026-01-06 00:50:00,2026-01-06 00:58:00,2026-01-06 01:00:00,EXTEND,long,4456.6,4450.9,4450.9,4469.9,False,,4450.9,SL,-5.7,-61.3,2
2026-01-06 01:05:00,2026-01-06 01:17:00,2026-01-06 07:04:00,EXTEND,short,4457.2,4465.9,4465.9,4437.1,False,,4465.9,SL,-8.7,-90.71,287
2026-01-06 07:10:00,2026-01-06 07:15:00,2026-01-06 07:31:00,EXTEND,long,4462.0,4456.3,4456.3,4475.4,False,,4456.3,SL,-5.7,-61.3,16
2026-01-06 08:40:00,2026-01-06 08:45:00,2026-01-06 09:03:00,EXTEND,short,4448.4,4453.0,4453.0,4437.6,False,,4437.6,TP,10.7,103.45,18
2026-01-06 09:00:00,2026-01-06 09:05:00,2026-01-06 09:08:00,BOS,short,4444.7,4449.1,4449.1,4434.4,False,,4449.1,SL,-4.4,-48.31,3
2026-01-06 09:15:00,2026-01-06 09:26:00,2026-01-06 09:56:00,EXTEND,long,4444.1,4437.5,4437.5,4459.5,False,,4459.5,TP,15.4,149.62,30
2026-01-06 11:55:00,2026-01-06 12:00:00,2026-01-06 12:15:00,BOS,long,4476.5,4475.0,4475.0,4480.0,False,,4475.0,SL,-1.5,-18.9,15
2026-01-06 12:40:00,2026-01-06 12:48:00,2026-01-06 12:51:00,MSS,short,4474.9,4477.0,4477.0,4470.0,False,,4477.0,SL,-2.1,-25.01,3
2026-01-06 13:30:00,2026-01-06 13:37:00,2026-01-06 13:39:00,BOS,long,4480.9,4478.2,4478.2,4487.1,False,,4478.2,SL,-2.7,-30.74,2
2026-01-06 15:05:00,2026-01-06 15:21:00,2026-01-06 15:52:00,BOS,long,4474.8,4471.2,4471.2,4483.1,False,,4471.2,SL,-3.6,-39.91,31
2026-01-06 15:55:00,2026-01-06 16:06:00,2026-01-06 16:22:00,EXTEND,short,4473.2,4477.1,4477.1,4464.0,False,,4477.1,SL,-3.9,-43.35,16
2026-01-06 16:25:00,2026-01-06 16:41:00,2026-01-06 17:10:00,EXTEND,long,4476.4,4470.3,4470.3,4490.5,False,,4470.3,SL,-6.1,-64.74,29
2026-01-06 18:35:00,2026-01-06 18:42:00,2026-01-06 19:33:00,MSS,long,4461.2,4458.3,4458.3,4468.1,False,,4468.1,TP,6.8,64.38,51
2026-01-06 20:15:00,2026-01-06 20:21:00,2026-01-06 20:22:00,MSS,short,4473.9,4475.4,4475.4,4470.6,False,,4475.4,SL,-1.5,-18.52,1
2026-01-06 20:20:00,2026-01-06 20:31:00,2026-01-06 20:34:00,MSS,long,4473.4,4471.6,4471.6,4477.7,False,,4471.6,SL,-1.8,-22.34,3
2026-01-06 20:40:00,2026-01-06 20:56:00,2026-01-06 21:11:00,EXTEND,short,4474.1,4477.1,4477.1,4467.2,False,,4477.1,SL,-3.0,-33.8,15
2026-01-06 21:15:00,2026-01-06 21:20:00,2026-01-06 21:23:00,BOS,long,4474.4,4470.1,4470.1,4484.5,False,,4470.1,SL,-4.3,-47.17,3
2026-01-06 23:00:00,2026-01-06 23:05:00,2026-01-06 23:19:00,EXTEND,long,4492.5,4486.7,4486.7,4505.9,False,,4486.7,SL,-5.8,-61.68,14
2026-01-06 23:35:00,2026-01-06 23:42:00,2026-01-07 00:01:00,EXTEND,short,4485.2,4492.8,4492.8,4467.7,False,,4492.8,SL,-7.6,-79.64,19
2026-01-07 01:40:00,2026-01-07 01:50:00,2026-01-07 01:54:00,MSS,short,4496.5,4499.7,4499.7,4489.2,False,,4499.7,SL,-3.2,-35.71,4
2026-01-07 02:15:00,2026-01-07 02:28:00,2026-01-07 03:15:00,EXTEND,long,4496.4,4491.4,4491.4,4508.0,False,,4491.4,SL,-5.0,-54.04,47
2026-01-07 07:05:00,2026-01-07 07:11:00,2026-01-07 07:26:00,EXTEND,long,4507.0,4504.8,4504.8,4512.0,False,,4512.0,TP,5.1,46.62,15
2026-01-07 07:25:00,2026-01-07 07:39:00,2026-01-07 07:49:00,EXTEND,long,4508.0,4505.4,4505.4,4514.0,False,,4505.4,SL,-2.6,-29.98,10
2026-01-07 08:35:00,2026-01-07 08:42:00,2026-01-07 08:52:00,BOS,short,4502.6,4505.1,4505.1,4496.7,False,,4496.7,TP,5.9,54.61,10
2026-01-07 08:50:00,2026-01-07 08:59:00,2026-01-07 09:00:00,EXTEND,short,4500.6,4505.1,4505.1,4490.1,False,,4505.1,SL,-4.5,-49.08,1
2026-01-07 11:15:00,2026-01-07 11:52:00,2026-01-07 12:05:00,BOS,long,4486.0,4482.6,4482.6,4493.8,False,,4482.6,SL,-3.4,-37.62,13
2026-01-07 12:35:00,2026-01-07 12:41:00,2026-01-07 13:32:00,BOS,short,4478.5,4481.7,4481.7,4470.9,False,,4470.9,TP,7.5,71.48,51
2026-01-07 16:05:00,2026-01-07 16:12:00,2026-01-07 16:17:00,BOS,long,4472.2,4470.2,4470.2,4476.8,False,,4476.8,TP,4.6,42.18,5
2026-01-07 16:20:00,2026-01-07 16:25:00,2026-01-07 16:37:00,EXTEND,long,4473.3,4470.2,4470.2,4480.6,False,,4480.6,TP,7.3,68.82,12
2026-01-07 16:35:00,2026-01-07 16:44:00,2026-01-07 17:06:00,BOS,long,4476.8,4473.3,4473.3,4484.9,False,,4473.3,SL,-3.5,-38.76,22
2026-01-07 17:05:00,2026-01-07 17:11:00,2026-01-07 19:26:00,EXTEND,short,4476.2,4480.5,4480.5,4466.3,False,,4466.3,TP,9.9,95.46,135
2026-01-07 20:20:00,2026-01-07 20:28:00,2026-01-07 20:37:00,EXTEND,short,4458.3,4464.3,4464.3,4444.2,False,,4464.3,SL,-6.0,-64.36,9
2026-01-07 20:35:00,2026-01-07 20:59:00,2026-01-07 21:06:00,EXTEND,long,4454.6,4448.5,4448.5,4468.8,False,,4448.5,SL,-6.1,-65.12,7
2026-01-07 21:10:00,2026-01-07 21:23:00,2026-01-07 21:43:00,EXTEND,short,4450.7,4459.4,4459.4,4430.4,False,,4459.4,SL,-8.7,-91.1,20
2026-01-07 22:00:00,2026-01-07 22:21:00,2026-01-07 22:37:00,EXTEND,long,4453.8,4447.4,4447.4,4468.7,False,,4447.4,SL,-6.4,-68.18,16
2026-01-07 22:35:00,2026-01-07 22:45:00,2026-01-07 23:12:00,EXTEND,short,4456.5,4463.3,4463.3,4440.7,False,,4440.7,TP,15.8,154.06,27
2026-01-07 23:15:00,2026-01-07 23:27:00,2026-01-07 23:31:00,EXTEND,short,4446.5,4454.8,4454.8,4427.1,False,,4454.8,SL,-8.3,-87.28,4
2026-01-08 00:45:00,2026-01-08 01:51:00,2026-01-08 09:00:00,EXTEND,long,4463.7,4454.7,4454.7,4484.7,False,,4454.7,SL,-9.0,-94.15,369
2026-01-08 09:00:00,2026-01-08 09:05:00,2026-01-08 09:09:00,EXTEND,short,4462.0,4467.8,4467.8,4448.5,False,,4467.8,SL,-5.8,-62.06,4
2026-01-08 10:35:00,2026-01-08 10:40:00,2026-01-08 10:46:00,EXTEND,short,4448.5,4452.5,4452.5,4439.0,False,,4452.5,SL,-4.0,-44.49,6
2026-01-08 13:15:00,2026-01-08 13:22:00,2026-01-08 13:30:00,EXTEND,short,4437.5,4441.7,4441.7,4427.6,False,,4427.6,TP,9.9,94.57,8
2026-01-08 13:40:00,2026-01-08 13:56:00,2026-01-08 14:31:00,BOS,short,4432.5,4438.0,4438.0,4419.8,False,,4438.0,SL,-5.5,-58.63,35
2026-01-08 15:10:00,2026-01-08 15:15:00,2026-01-08 15:25:00,EXTEND,long,4443.0,4439.9,4439.9,4450.2,False,,4439.9,SL,-3.1,-34.94,10
2026-01-08 16:00:00,2026-01-08 16:09:00,2026-01-08 16:35:00,BOS,short,4438.6,4442.0,4442.0,4430.8,False,,4430.8,TP,7.8,74.14,26
2026-01-08 16:40:00,2026-01-08 16:53:00,2026-01-08 17:00:00,EXTEND,short,4436.1,4441.4,4441.4,4423.7,False,,4441.4,SL,-5.3,-57.1,7
2026-01-08 17:15:00,2026-01-08 17:31:00,2026-01-08 18:20:00,EXTEND,short,4439.6,4443.3,4443.3,4431.0,False,,4431.0,TP,8.6,82.14,49
2026-01-08 18:20:00,2026-01-08 18:32:00,2026-01-08 18:38:00,EXTEND,short,4437.2,4441.4,4441.4,4427.3,False,,4441.4,SL,-4.2,-46.4,6
2026-01-08 20:15:00,2026-01-08 20:26:00,2026-01-08 20:41:00,EXTEND,short,4428.5,4436.7,4436.7,4409.4,False,,4436.7,SL,-8.2,-86.13,15
2026-01-08 21:10:00,2026-01-08 21:18:00,2026-01-08 21:22:00,EXTEND,short,4433.7,4439.1,4439.1,4421.2,False,,4439.1,SL,-5.4,-57.86,4
2026-01-08 22:05:00,2026-01-08 22:24:00,2026-01-08 22:47:00,EXTEND,short,4437.8,4444.4,4444.4,4422.4,False,,4444.4,SL,-6.6,-70.09,23
2026-01-08 22:50:00,2026-01-08 23:00:00,2026-01-08 23:09:00,EXTEND,long,4439.2,4433.7,4433.7,4452.1,False,,4452.1,TP,12.9,124.76,9
2026-01-08 23:50:00,2026-01-08 23:57:00,2026-01-08 23:58:00,MSS,short,4461.9,4464.9,4464.9,4455.0,False,,4464.9,SL,-3.0,-33.8,1
2026-01-08 23:55:00,2026-01-09 00:00:00,2026-01-09 00:01:00,EXTEND,short,4461.8,4464.9,4464.9,4454.5,False,,4464.9,SL,-3.1,-35.32,1
2026-01-09 00:15:00,2026-01-09 00:20:00,2026-01-09 00:32:00,EXTEND,short,4463.2,4467.5,4467.5,4453.1,False,,4467.5,SL,-4.3,-47.17,12
2026-01-09 02:35:00,2026-01-09 02:46:00,2026-01-09 03:15:00,BOS,short,4462.3,4465.6,4465.6,4454.7,False,,4454.7,TP,7.6,72.37,29
2026-01-09 07:00:00,2026-01-09 07:05:00,2026-01-09 07:47:00,EXTEND,long,4487.0,4482.9,4482.9,4496.6,False,,4482.9,SL,-4.1,-45.26,42
2026-01-09 07:45:00,2026-01-09 07:51:00,2026-01-09 08:00:00,MSS,short,4485.0,4486.8,4486.8,4481.0,False,,4486.8,SL,-1.8,-21.57,9
2026-01-09 08:50:00,2026-01-09 09:00:00,2026-01-09 09:05:00,BOS,short,4474.7,4478.1,4478.1,4466.9,False,,4466.9,TP,7.8,74.14,5
2026-01-09 09:05:00,2026-01-09 09:15:00,2026-01-09 09:52:00,BOS,short,4470.2,4475.4,4475.4,4458.1,False,,4475.4,SL,-5.2,-55.95,37
2026-01-09 10:50:00,2026-01-09 10:58:00,2026-01-09 11:11:00,MSS,short,4479.9,4483.3,4483.3,4471.9,False,,4471.9,TP,8.0,75.92,13
2026-01-09 12:15:00,2026-01-09 12:35:00,2026-01-09 12:57:00,EXTEND,short,4473.0,4475.2,4475.2,4468.0,False,,4475.2,SL,-2.2,-25.77,22
2026-01-09 13:15:00,2026-01-09 13:20:00,2026-01-09 13:30:00,EXTEND,short,4472.6,4475.2,4475.2,4466.6,False,,4475.2,SL,-2.6,-29.98,10
2026-01-09 14:45:00,2026-01-09 15:24:00,2026-01-09 16:47:00,EXTEND,long,4478.9,4474.4,4474.4,4489.5,False,,4474.4,SL,-4.5,-49.46,83
2026-01-09 16:50:00,2026-01-09 17:05:00,2026-01-09 17:18:00,EXTEND,short,4479.8,4484.3,4484.3,4469.4,False,,4484.3,SL,-4.5,-48.69,13
2026-01-09 18:00:00,2026-01-09 18:06:00,2026-01-09 18:27:00,EXTEND,short,4481.5,4483.1,4483.1,4477.6,False,,4477.6,TP,3.8,34.18,21
2026-01-09 18:25:00,2026-01-09 18:33:00,2026-01-09 18:49:00,BOS,short,4480.7,4482.8,4482.8,4475.8,False,,4475.8,TP,4.9,44.84,16
2026-01-09 18:45:00,2026-01-09 18:54:00,2026-01-09 19:00:00,EXTEND,short,4480.1,4482.8,4482.8,4473.9,False,,4482.8,SL,-2.7,-30.74,6
2026-01-09 19:00:00,2026-01-09 19:09:00,2026-01-09 20:00:00,EXTEND,long,4478.8,4475.8,4475.8,4485.7,False,,4485.7,TP,6.9,65.26,51
2026-01-09 20:05:00,2026-01-09 20:12:00,2026-01-09 20:26:00,EXTEND,long,4482.4,4477.9,4477.9,4492.8,False,,4477.9,SL,-4.5,-48.69,14
2026-01-09 21:05:00,2026-01-09 21:13:00,2026-01-09 21:19:00,EXTEND,long,4476.1,4472.1,4472.1,4485.3,False,,4472.1,SL,-4.0,-43.73,6
2026-01-09 21:25:00,2026-01-09 21:30:00,2026-01-09 21:30:00,EXTEND,long,4476.3,4472.1,4472.1,4486.2,False,,4472.1,SL,-4.2,-46.4,0
2026-01-09 22:10:00,2026-01-09 22:17:00,2026-01-09 22:50:00,BOS,long,4496.0,4489.7,4489.7,4510.5,False,,4489.7,SL,-6.3,-66.65,33
2026-01-10 01:55:00,2026-01-10 02:33:00,2026-01-10 05:44:00,EXTEND,short,4509.0,4520.0,4520.0,4483.6,False,,4520.0,SL,-11.0,-113.63,191
2026-01-12 07:40:00,2026-01-12 08:00:00,2026-01-12 08:06:00,BOS,long,4547.6,4543.2,4543.2,4557.9,False,,4557.9,TP,10.3,99.01,6
2026-01-12 09:40:00,2026-01-12 09:54:00,2026-01-12 10:03:00,MSS,short,4591.1,4596.1,4596.1,4579.5,False,,4579.5,TP,11.6,112.33,9
2026-01-12 11:25:00,2026-01-12 11:31:00,2026-01-12 11:32:00,BOS,long,4590.3,4588.4,4588.4,4594.6,False,,4588.4,SL,-1.9,-22.72,1
2026-01-12 12:35:00,2026-01-12 12:45:00,2026-01-12 13:17:00,EXTEND,short,4580.5,4584.1,4584.1,4572.0,False,,4584.1,SL,-3.6,-40.29,32
2026-01-12 13:45:00,2026-01-12 14:11:00,2026-01-12 16:47:00,EXTEND,long,4584.1,4577.0,4577.0,4600.6,False,,4600.6,TP,16.5,161.17,156
2026-01-12 17:55:00,2026-01-12 18:01:00,2026-01-12 19:25:00,EXTEND,short,4603.7,4607.3,4607.3,4595.2,False,,4595.2,TP,8.4,80.36,84
2026-01-12 19:25:00,2026-01-12 19:42:00,2026-01-12 20:08:00,EXTEND,short,4601.2,4605.8,4605.8,4590.4,False,,4590.4,TP,10.7,103.45,26
2026-01-12 20:05:00,2026-01-12 20:10:00,2026-01-12 20:48:00,BOS,short,4593.5,4596.9,4596.9,4585.7,False,,4596.9,SL,-3.4,-37.62,38
2026-01-12 21:25:00,2026-01-12 21:33:00,2026-01-12 21:40:00,MSS,short,4619.0,4621.9,4621.9,4612.4,False,,4621.9,SL,-2.9,-32.65,7
2026-01-12 21:55:00,2026-01-12 22:02:00,2026-01-12 22:03:00,EXTEND,long,4622.0,4616.6,4616.6,4634.6,False,,4616.6,SL,-5.4,-58.24,1
2026-01-12 22:25:00,2026-01-12 22:31:00,2026-01-12 22:32:00,BOS,short,4604.4,4610.1,4610.1,4591.1,False,,4610.1,SL,-5.7,-61.3,1
2026-01-13 00:15:00,2026-01-13 00:24:00,2026-01-13 00:36:00,EXTEND,long,4632.3,4627.2,4627.2,4644.1,False,,4627.2,SL,-5.1,-54.81,12
2026-01-13 01:05:00,2026-01-13 01:10:00,2026-01-13 01:21:00,BOS,short,4626.3,4628.3,4628.3,4621.7,False,,4621.7,TP,4.6,42.18,11
2026-01-13 01:20:00,2026-01-13 01:26:00,2026-01-13 01:48:00,EXTEND,short,4625.6,4628.3,4628.3,4619.4,False,,4628.3,SL,-2.7,-30.74,22
2026-01-13 03:30:00,2026-01-13 03:42:00,2026-01-13 03:50:00,EXTEND,long,4624.9,4622.4,4622.4,4630.7,False,,4622.4,SL,-2.5,-28.83,8
2026-01-13 07:00:00,2026-01-13 07:05:00,2026-01-13 07:11:00,EXTEND,long,4605.7,4598.8,4598.8,4621.7,False,,4598.8,SL,-6.9,-72.76,6
2026-01-13 07:30:00,2026-01-13 07:35:00,2026-01-13 07:35:00,MSS,long,4598.9,4598.8,4598.8,4599.2,False,,4599.2,TP,0.3,-1.34,0
2026-01-13 07:35:00,2026-01-13 07:51:00,2026-01-13 07:51:00,EXTEND,long,4599.0,4598.8,4598.8,4599.3,False,,4599.3,TP,0.4,-0.45,0
2026-01-13 07:50:00,2026-01-13 07:55:00,2026-01-13 07:57:00,EXTEND,long,4600.7,4598.8,4598.8,4605.0,False,,4605.0,TP,4.4,39.51,2
2026-01-13 07:55:00,2026-01-13 08:04:00,2026-01-13 08:28:00,EXTEND,long,4602.2,4598.8,4598.8,4610.1,False,,4598.8,SL,-3.4,-38.0,24
2026-01-13 08:35:00,2026-01-13 08:57:00,2026-01-13 09:04:00,EXTEND,short,4600.2,4604.5,4604.5,4590.3,False,,4590.3,TP,9.9,95.46,7
2026-01-13 09:00:00,2026-01-13 09:06:00,2026-01-13 09:08:00,BOS,short,4596.8,4601.0,4601.0,4587.0,False,,4601.0,SL,-4.2,-46.02,2
2026-01-13 09:30:00,2026-01-13 10:06:00,2026-01-13 11:02:00,BOS,short,4596.7,4604.6,4604.6,4578.4,False,,4604.6,SL,-7.9,-82.69,56
2026-01-13 11:50:00,2026-01-13 12:01:00,2026-01-13 12:15:00,EXTEND,short,4605.1,4607.4,4607.4,4599.8,False,,4607.4,SL,-2.3,-26.92,14
2026-01-13 12:20:00,2026-01-13 12:35:00,2026-01-13 13:06:00,EXTEND,long,4604.2,4601.4,4601.4,4610.8,False,,4601.4,SL,-2.8,-32.27,31
2026-01-13 13:05:00,2026-01-13 13:15:00,2026-01-13 13:25:00,MSS,short,4604.9,4607.7,4607.7,4598.4,False,,4607.7,SL,-2.8,-31.89,10
2026-01-13 13:25:00,2026-01-13 13:31:00,2026-01-13 13:31:00,MSS,long,4604.3,4600.4,4600.4,4613.2,False,,4600.4,SL,-3.9,-42.58,0
2026-01-13 13:30:00,2026-01-13 13:45:00,2026-01-13 14:33:00,MSS,short,4604.2,4610.5,4610.5,4589.4,False,,4589.4,TP,14.7,143.41,48
2026-01-13 14:40:00,2026-01-13 15:08:00,2026-01-13 16:27:00,EXTEND,short,4593.8,4601.0,4601.0,4577.0,False,,4601.0,SL,-7.2,-76.2,79
2026-01-13 17:00:00,2026-01-13 17:08:00,2026-01-13 17:42:00,MSS,short,4602.6,4605.4,4605.4,4596.3,False,,4596.3,TP,6.4,59.94,34
2026-01-13 17:40:00,2026-01-13 17:45:00,2026-01-13 17:48:00,MSS,long,4598.3,4596.7,4596.7,4602.2,False,,4596.7,SL,-1.6,-20.43,3
2026-01-13 18:10:00,2026-01-13 18:42:00,2026-01-13 20:28:00,EXTEND,short,4596.5,4601.0,4601.0,4586.1,False,,4586.1,TP,10.4,99.9,106
2026-01-13 20:25:00,2026-01-13 20:41:00,2026-01-13 20:48:00,EXTEND,short,4593.3,4597.8,4597.8,4582.9,False,,4597.8,SL,-4.5,-48.69,7
2026-01-13 22:20:00,2026-01-13 22:32:00,2026-01-13 22:45:00,BOS,long,4621.8,4615.4,4615.4,4636.6,False,,4636.6,TP,14.8,144.3,13
2026-01-13 22:50:00,2026-01-13 23:02:00,2026-01-13 23:17:00,EXTEND,long,4628.8,4619.4,4619.4,4650.6,False,,4619.4,SL,-9.4,-97.97,15
2026-01-13 23:20:00,2026-01-13 23:44:00,2026-01-14 00:28:00,EXTEND,short,4624.3,4634.0,4634.0,4601.9,False,,4601.9,TP,22.5,220.66,44
2026-01-14 00:25:00,2026-01-14 00:46:00,2026-01-14 02:03:00,EXTEND,short,4618.8,4629.4,4629.4,4594.1,False,,4594.1,TP,24.7,242.86,77
2026-01-14 02:45:00,2026-01-14 03:02:00,2026-01-14 04:32:00,EXTEND,long,4597.4,4589.3,4589.3,4616.1,False,,4589.3,SL,-8.1,-84.6,90
2026-01-14 08:40:00,2026-01-14 08:45:00,2026-01-14 09:00:00,EXTEND,long,4613.3,4610.2,4610.2,4620.5,False,,4620.5,TP,7.2,67.93,15
2026-01-14 10:00:00,2026-01-14 10:08:00,2026-01-14 10:47:00,EXTEND,long,4624.1,4621.2,4621.2,4630.7,False,,4630.7,TP,6.7,62.6,39
2026-01-14 10:45:00,2026-01-14 11:28:00,2026-01-14 11:54:00,EXTEND,long,4625.3,4621.2,4621.2,4634.9,False,,4634.9,TP,9.6,91.9,26
2026-01-14 13:00:00,2026-01-14 13:19:00,2026-01-14 13:56:00,BOS,long,4639.7,4635.3,4635.3,4649.9,False,,4635.3,SL,-4.4,-47.93,37
2026-01-14 13:55:00,2026-01-14 14:12:00,2026-01-14 15:27:00,EXTEND,short,4638.3,4646.9,4646.9,4618.5,False,,4646.9,SL,-8.6,-89.57,75
2026-01-14 15:25:00,2026-01-14 15:32:00,2026-01-14 16:05:00,EXTEND,long,4641.3,4637.7,4637.7,4649.8,False,,4637.7,SL,-3.6,-40.29,33
2026-01-14 17:45:00,2026-01-14 18:17:00,2026-01-14 20:57:00,EXTEND,short,4642.1,4646.8,4646.8,4631.3,False,,4646.8,SL,-4.7,-50.6,160
2026-01-14 20:55:00,2026-01-14 21:00:00,2026-01-14 21:02:00,BOS,long,4644.7,4641.5,4641.5,4652.3,False,,4641.5,SL,-3.2,-36.47,2
2026-01-14 21:30:00,2026-01-14 21:42:00,2026-01-14 22:39:00,EXTEND,short,4643.0,4650.0,4650.0,4626.6,False,,4626.6,TP,16.3,159.39,57
2026-01-14 23:05:00,2026-01-14 23:11:00,2026-01-14 23:16:00,EXTEND,short,4618.5,4626.3,4626.3,4600.3,False,,4626.3,SL,-7.8,-82.31,5
2026-01-15 00:25:00,2026-01-15 00:33:00,2026-01-15 00:40:00,EXTEND,long,4625.4,4621.5,4621.5,4634.5,False,,4621.5,SL,-3.9,-42.96,7
2026-01-15 00:55:00,2026-01-15 01:01:00,2026-01-15 01:40:00,EXTEND,short,4625.4,4631.7,4631.7,4610.9,False,,4610.9,TP,14.6,141.63,39
2026-01-15 01:40:00,2026-01-15 01:46:00,2026-01-15 01:50:00,BOS,short,4614.7,4619.1,4619.1,4604.6,False,,4619.1,SL,-4.4,-47.55,4
2026-01-15 03:00:00,2026-01-15 07:03:00,2026-01-15 07:41:00,EXTEND,long,4624.5,4607.7,4607.7,4663.5,False,,4607.7,SL,-16.8,-171.7,38
2026-01-15 07:40:00,2026-01-15 07:45:00,2026-01-15 08:17:00,EXTEND,short,4616.9,4623.0,4623.0,4602.7,False,,4623.0,SL,-6.1,-65.12,32
2026-01-15 08:50:00,2026-01-15 08:55:00,2026-01-15 09:03:00,EXTEND,short,4619.6,4622.8,4622.8,4612.3,False,,4612.3,TP,7.4,69.7,8
2026-01-15 09:00:00,2026-01-15 09:07:00,2026-01-15 09:09:00,BOS,short,4618.0,4622.2,4622.2,4608.2,False,,4622.2,SL,-4.2,-46.02,2
2026-01-15 09:05:00,2026-01-15 09:10:00,2026-01-15 09:19:00,EXTEND,short,4618.0,4622.2,4622.2,4608.1,False,,4608.1,TP,9.9,94.57,9
2026-01-15 09:30:00,2026-01-15 09:51:00,2026-01-15 18:37:00,EXTEND,short,4608.9,4622.2,4622.2,4578.0,False,,4622.2,SL,-13.3,-136.94,526
2026-01-15 19:45:00,2026-01-15 19:52:00,2026-01-15 20:49:00,MSS,short,4624.3,4627.2,4627.2,4617.4,False,,4617.4,TP,6.8,64.38,57
2026-01-15 20:55:00,2026-01-15 21:03:00,2026-01-15 21:06:00,EXTEND,short,4620.0,4622.8,4622.8,4613.7,False,,4613.7,TP,6.4,59.94,3
2026-01-15 23:00:00,2026-01-15 23:06:00,2026-01-16 00:11:00,EXTEND,long,4609.7,4603.8,4603.8,4623.4,False,,4623.4,TP,13.7,132.75,65
2026-01-16 00:15:00,2026-01-16 00:25:00,2026-01-16 00:39:00,EXTEND,long,4619.5,4613.0,4613.0,4634.6,False,,4613.0,SL,-6.5,-68.94,14
2026-01-16 02:20:00,2026-01-16 02:30:00,2026-01-16 02:30:00,EXTEND,long,4621.4,4618.5,4618.5,4628.3,False,,4618.5,SL,-2.9,-33.41,0
2026-01-16 02:30:00,2026-01-16 02:36:00,2026-01-16 03:10:00,MSS,short,4623.0,4626.2,4626.2,4615.5,False,,4626.2,SL,-3.2,-36.09,34
2026-01-16 03:35:00,2026-01-16 07:00:00,2026-01-16 07:15:00,BOS,short,4623.1,4625.4,4625.4,4617.8,False,,4617.8,TP,5.3,49.28,15
2026-01-16 08:05:00,2026-01-16 08:17:00,2026-01-16 08:22:00,BOS,short,4612.1,4615.0,4615.0,4605.3,False,,4615.0,SL,-2.9,-33.03,5
2026-01-16 09:25:00,2026-01-16 09:34:00,2026-01-16 09:57:00,BOS,long,4606.4,4603.4,4603.4,4613.3,False,,4603.4,SL,-3.0,-33.8,23
2026-01-16 10:10:00,2026-01-16 10:16:00,2026-01-16 10:34:00,MSS,short,4605.1,4607.7,4607.7,4598.9,False,,4598.9,TP,6.1,57.27,18
2026-01-16 10:35:00,2026-01-16 11:08:00,2026-01-16 13:39:00,EXTEND,short,4602.6,4607.6,4607.6,4591.0,False,,4607.6,SL,-5.0,-54.04,151
2026-01-16 13:55:00,2026-01-16 14:18:00,2026-01-16 14:44:00,EXTEND,long,4607.5,4599.7,4599.7,4625.7,False,,4599.7,SL,-7.8,-82.31,26
2026-01-16 14:45:00,2026-01-16 15:06:00,2026-01-16 15:10:00,EXTEND,short,4606.4,4612.2,4612.2,4593.0,False,,4612.2,SL,-5.8,-61.68,4
2026-01-16 15:40:00,2026-01-16 15:48:00,2026-01-16 19:02:00,MSS,short,4612.0,4616.0,4616.0,4602.7,False,,4602.7,TP,9.3,89.24,194
2026-01-16 19:00:00,2026-01-16 19:13:00,2026-01-16 19:19:00,EXTEND,short,4608.6,4612.6,4612.6,4599.4,False,,4612.6,SL,-4.0,-43.73,6
2026-01-16 19:45:00,2026-01-16 20:24:00,2026-01-16 20:52:00,EXTEND,long,4609.2,4602.2,4602.2,4625.4,False,,4602.2,SL,-7.0,-73.91,28
2026-01-16 20:50:00,2026-01-16 20:56:00,2026-01-16 21:02:00,BOS,short,4606.5,4609.7,4609.7,4599.2,False,,4609.7,SL,-3.2,-35.71,6
2026-01-16 21:25:00,2026-01-16 21:35:00,2026-01-16 22:06:00,EXTEND,short,4600.8,4610.0,4610.0,4579.5,False,,4610.0,SL,-9.2,-95.68,31
2026-01-16 22:15:00,2026-01-16 22:24:00,2026-01-16 22:30:00,EXTEND,long,4606.3,4602.0,4602.0,4616.2,False,,4602.0,SL,-4.3,-46.78,6
2026-01-16 22:30:00,2026-01-16 22:39:00,2026-01-16 22:44:00,EXTEND,short,4608.0,4613.2,4613.2,4596.1,False,,4613.2,SL,-5.2,-55.57,5
2026-01-16 23:05:00,2026-01-16 23:18:00,2026-01-16 23:19:00,EXTEND,long,4616.1,4610.8,4610.8,4628.5,False,,4610.8,SL,-5.3,-57.1,1
2026-01-16 23:30:00,2026-01-17 00:07:00,2026-01-19 07:00:00,EXTEND,short,4592.1,4624.7,4624.7,4516.2,False,,4627.0,SL,-34.9,-353.23,353
2026-01-19 08:15:00,2026-01-19 08:22:00,2026-01-19 08:38:00,MSS,short,4678.8,4685.7,4685.7,4662.7,False,,4685.7,SL,-6.9,-73.14,16
2026-01-19 09:00:00,2026-01-19 09:07:00,2026-01-19 09:11:00,BOS,short,4681.7,4685.7,4685.7,4672.5,False,,4672.5,TP,9.2,88.35,4
2026-01-19 10:00:00,2026-01-19 10:06:00,2026-01-19 11:11:00,BOS,short,4669.1,4674.8,4674.8,4655.9,False,,4674.8,SL,-5.7,-60.92,65
2026-01-19 11:15:00,2026-01-19 11:47:00,2026-01-19 13:33:00,EXTEND,long,4667.2,4661.5,4661.5,4680.3,False,,4680.3,TP,13.1,127.42,106
2026-01-19 13:30:00,2026-01-19 13:39:00,2026-01-19 14:55:00,EXTEND,long,4673.5,4669.3,4669.3,4683.3,False,,4683.3,TP,9.8,93.68,76
2026-01-19 14:55:00,2026-01-19 15:00:00,2026-01-19 15:10:00,BOS,long,4679.9,4677.1,4677.1,4686.5,False,,4677.1,SL,-2.8,-32.27,10
2026-01-19 15:55:00,2026-01-19 16:07:00,2026-01-20 01:54:00,EXTEND,short,4677.3,4683.8,4683.8,4662.1,False,,4683.8,SL,-6.5,-69.32,587
2026-01-20 02:20:00,2026-01-20 02:34:00,2026-01-20 03:11:00,BOS,long,4681.7,4679.0,4679.0,4688.0,False,,4679.0,SL,-2.7,-31.12,37
2026-01-20 03:25:00,2026-01-20 07:00:00,2026-01-20 07:28:00,EXTEND,short,4679.1,4682.7,4682.7,4670.6,False,,4670.6,TP,8.4,80.36,28
2026-01-20 08:00:00,2026-01-20 08:05:00,2026-01-20 08:07:00,BOS,short,4671.4,4672.4,4672.4,4669.2,False,,4672.4,SL,-1.0,-13.55,2
2026-01-20 08:10:00,2026-01-20 08:19:00,2026-01-20 08:24:00,MSS,long,4671.5,4669.9,4669.9,4675.4,False,,4669.9,SL,-1.6,-20.43,5
2026-01-20 08:25:00,2026-01-20 08:33:00,2026-01-20 09:04:00,MSS,short,4670.9,4674.2,4674.2,4663.3,False,,4674.2,SL,-3.3,-36.85,31
2026-01-20 09:05:00,2026-01-20 09:23:00,2026-01-20 11:40:00,EXTEND,long,4671.4,4666.4,4666.4,4682.9,False,,4682.9,TP,11.5,111.44,137
2026-01-20 14:40:00,2026-01-20 14:49:00,2026-01-20 15:13:00,EXTEND,short,4718.7,4723.4,4723.4,4707.9,False,,4723.4,SL,-4.7,-50.6,24
2026-01-20 15:55:00,2026-01-20 16:04:00,2026-01-20 16:08:00,EXTEND,short,4725.3,4728.4,4728.4,4718.0,False,,4728.4,SL,-3.1,-35.32,4
2026-01-20 16:25:00,2026-01-20 16:30:00,2026-01-20 16:36:00,EXTEND,short,4728.5,4731.4,4731.4,4721.6,False,,4721.6,TP,6.8,64.38,6
2026-01-20 16:35:00,2026-01-20 16:40:00,2026-01-20 16:50:00,EXTEND,short,4727.6,4731.4,4731.4,4718.8,False,,4731.4,SL,-3.8,-41.82,10
2026-01-20 17:15:00,2026-01-20 17:23:00,2026-01-20 17:29:00,EXTEND,short,4734.1,4737.7,4737.7,4725.8,False,,4737.7,SL,-3.6,-39.91,6
2026-01-20 17:45:00,2026-01-20 18:29:00,2026-01-20 21:15:00,EXTEND,long,4733.1,4727.2,4727.2,4746.9,False,,4727.2,SL,-5.9,-63.21,166
2026-01-20 21:20:00,2026-01-20 21:34:00,2026-01-20 21:34:00,BOS,short,4727.8,4731.9,4731.9,4718.3,False,,4731.9,SL,-4.1,-44.87,0
2026-01-20 21:30:00,2026-01-20 21:35:00,2026-01-20 21:38:00,EXTEND,short,4727.3,4731.9,4731.9,4716.5,False,,4731.9,SL,-4.6,-50.22,3
2026-01-20 22:25:00,2026-01-20 22:30:00,2026-01-20 22:34:00,BOS,long,4744.6,4737.4,4737.4,4761.3,False,,4737.4,SL,-7.2,-75.82,4
2026-01-20 22:35:00,2026-01-20 22:47:00,2026-01-21 00:55:00,EXTEND,short,4747.3,4756.2,4756.2,4726.5,False,,4756.2,SL,-8.9,-93.39,128
2026-01-21 02:20:00,2026-01-21 02:41:00,2026-01-21 04:22:00,EXTEND,long,4762.0,4756.3,4756.3,4775.2,False,,4756.3,SL,-5.7,-60.92,101
2026-01-21 07:00:00,2026-01-21 07:05:00,2026-01-21 07:15:00,MSS,short,4766.9,4769.2,4769.2,4761.5,False,,4761.5,TP,5.4,50.17,10
2026-01-21 07:15:00,2026-01-21 07:34:00,2026-01-21 07:44:00,EXTEND,short,4766.2,4769.2,4769.2,4759.2,False,,4769.2,SL,-3.0,-34.18,10
2026-01-21 08:55:00,2026-01-21 09:00:00,2026-01-21 09:02:00,EXTEND,long,4789.2,4786.9,4786.9,4794.5,False,,4794.5,TP,5.3,49.28,2
2026-01-21 09:50:00,2026-01-21 10:12:00,2026-01-21 12:23:00,BOS,long,4829.3,4818.1,4818.1,4855.3,False,,4855.3,TP,26.0,256.18,131
2026-01-21 13:05:00,2026-01-21 13:10:00,2026-01-21 13:18:00,EXTEND,short,4869.1,4873.8,4873.8,4858.2,False,,4873.8,SL,-4.7,-50.99,8
2026-01-21 13:20:00,2026-01-21 13:26:00,2026-01-21 14:22:00,EXTEND,long,4867.4,4861.5,4861.5,4881.1,False,,4881.1,TP,13.7,132.75,56
2026-01-21 14:25:00,2026-01-21 14:38:00,2026-01-21 14:40:00,EXTEND,long,4876.0,4866.8,4866.8,4897.4,False,,4866.8,SL,-9.2,-96.06,2
2026-01-21 15:20:00,2026-01-21 15:51:00,2026-01-21 16:21:00,EXTEND,short,4856.1,4869.0,4869.0,4826.1,False,,4869.0,SL,-12.9,-133.12,30
2026-01-21 16:25:00,2026-01-21 16:33:00,2026-01-21 16:50:00,EXTEND,long,4863.3,4858.1,4858.1,4875.4,False,,4858.1,SL,-5.2,-55.95,17
2026-01-21 16:55:00,2026-01-21 17:11:00,2026-01-21 17:25:00,MSS,short,4864.8,4871.7,4871.7,4848.7,False,,4871.7,SL,-6.9,-73.14,14
2026-01-21 17:30:00,2026-01-21 17:37:00,2026-01-21 19:46:00,EXTEND,long,4867.6,4860.3,4860.3,4884.4,False,,4860.3,SL,-7.3,-76.58,129
2026-01-21 19:45:00,2026-01-21 19:59:00,2026-01-21 21:11:00,MSS,short,4867.6,4874.0,4874.0,4852.8,False,,4874.0,SL,-6.4,-67.79,72
2026-01-21 21:10:00,2026-01-21 21:23:00,2026-01-21 21:37:00,EXTEND,long,4866.1,4861.0,4861.0,4877.9,False,,4877.9,TP,11.8,114.1,14
2026-01-21 21:55:00,2026-01-21 22:01:00,2026-01-21 22:03:00,BOS,long,4876.8,4872.7,4872.7,4886.3,False,,4872.7,SL,-4.1,-44.87,2
2026-01-21 22:05:00,2026-01-21 22:10:00,2026-01-21 23:19:00,EXTEND,short,4868.2,4883.4,4883.4,4832.9,False,,4832.9,TP,35.3,349.42,69
2026-01-21 23:20:00,2026-01-21 23:53:00,2026-01-22 03:35:00,EXTEND,short,4849.3,4871.1,4871.1,4798.7,False,,4798.7,TP,50.6,502.16,222
2026-01-22 03:50:00,2026-01-22 07:04:00,2026-01-22 23:28:00,EXTEND,short,4818.6,4856.9,4856.9,4729.6,False,,4856.9,SL,-38.3,-386.76,984
2026-01-23 00:50:00,2026-01-23 00:55:00,2026-01-23 01:08:00,EXTEND,long,4880.6,4876.0,4876.0,4891.2,False,,4876.0,SL,-4.6,-49.84,13
2026-01-23 03:10:00,2026-01-23 03:26:00,2026-01-23 03:27:00,EXTEND,long,4919.1,4913.9,4913.9,4931.0,False,,4913.9,SL,-5.2,-55.57,1
2026-01-23 07:05:00,2026-01-23 07:14:00,2026-01-23 07:30:00,EXTEND,long,4947.4,4938.1,4938.1,4969.1,False,,4938.1,SL,-9.3,-97.21,16
2026-01-23 07:30:00,2026-01-23 07:47:00,2026-01-23 08:02:00,MSS,short,4951.9,4963.8,4963.8,4924.3,False,,4963.8,SL,-11.9,-122.8,15
2026-01-23 08:55:00,2026-01-23 09:01:00,2026-01-23 09:02:00,EXTEND,long,4956.6,4949.3,4949.3,4973.7,False,,4949.3,SL,-7.3,-77.34,1
2026-01-23 09:05:00,2026-01-23 09:16:00,2026-01-23 13:50:00,EXTEND,short,4956.9,4968.5,4968.5,4930.0,False,,4968.5,SL,-11.6,-119.75,274
2026-01-23 13:50:00,2026-01-23 13:58:00,2026-01-23 14:04:00,EXTEND,long,4962.0,4957.6,4957.6,4972.1,False,,4957.6,SL,-4.4,-47.55,6
2026-01-23 14:10:00,2026-01-23 15:20:00,2026-01-23 16:17:00,EXTEND,short,4960.3,4969.0,4969.0,4940.0,False,,4940.0,TP,20.2,198.46,57
2026-01-23 17:15:00,2026-01-23 17:22:00,2026-01-23 17:29:00,BOS,short,4916.0,4921.4,4921.4,4903.5,False,,4903.5,TP,12.5,121.21,7
2026-01-23 17:25:00,2026-01-23 17:32:00,2026-01-23 17:50:00,EXTEND,short,4913.7,4921.4,4921.4,4895.7,False,,4921.4,SL,-7.7,-81.16,18
2026-01-23 18:25:00,2026-01-23 19:01:00,2026-01-23 19:15:00,EXTEND,long,4922.8,4916.3,4916.3,4937.9,False,,4916.3,SL,-6.5,-68.94,14
2026-01-23 19:15:00,2026-01-23 19:33:00,2026-01-23 20:05:00,EXTEND,short,4924.6,4932.0,4932.0,4907.5,False,,4932.0,SL,-7.4,-77.73,32
2026-01-23 20:50:00,2026-01-23 21:00:00,2026-01-23 21:06:00,BOS,long,4936.8,4932.8,4932.8,4946.3,False,,4946.3,TP,9.4,90.13,6
2026-01-23 21:20:00,2026-01-23 21:33:00,2026-01-23 22:36:00,MSS,short,4939.5,4948.8,4948.8,4917.9,False,,4948.8,SL,-9.3,-96.83,63
2026-01-23 22:50:00,2026-01-23 23:00:00,2026-01-23 23:47:00,EXTEND,long,4942.4,4933.3,4933.3,4963.7,False,,4963.7,TP,21.2,208.23,47
2026-01-24 01:55:00,2026-01-24 02:04:00,2026-01-24 03:53:00,EXTEND,short,4979.1,4989.0,4989.0,4956.0,False,,4989.0,SL,-9.9,-103.32,109
2026-01-26 08:20:00,2026-01-26 08:26:00,2026-01-26 08:30:00,EXTEND,short,5037.9,5043.1,5043.1,5025.7,False,,5043.1,SL,-5.2,-56.33,4
2026-01-26 08:40:00,2026-01-26 08:58:00,2026-01-26 09:01:00,EXTEND,long,5037.9,5029.4,5029.4,5057.6,False,,5029.4,SL,-8.5,-88.8,3
2026-01-26 10:30:00,2026-01-26 11:01:00,2026-01-26 12:32:00,EXTEND,long,5074.8,5064.4,5064.4,5098.8,False,,5064.4,SL,-10.4,-107.52,91
2026-01-26 13:15:00,2026-01-26 13:26:00,2026-01-26 13:51:00,BOS,short,5062.7,5070.8,5070.8,5043.9,False,,5070.8,SL,-8.1,-84.98,25
2026-01-26 14:50:00,2026-01-26 14:58:00,2026-01-26 21:03:00,EXTEND,long,5080.3,5063.2,5063.2,5120.0,False,,5063.2,SL,-17.1,-174.75,365
2026-01-26 21:00:00,2026-01-26 21:09:00,2026-01-26 21:30:00,EXTEND,short,5075.7,5083.5,5083.5,5057.6,False,,5057.6,TP,18.1,177.15,21
2026-01-26 21:30:00,2026-01-26 21:48:00,2026-01-26 22:32:00,BOS,short,5069.9,5081.0,5081.0,5044.0,False,,5081.0,SL,-11.1,-115.16,44
2026-01-26 22:55:00,2026-01-26 23:01:00,2026-01-26 23:34:00,EXTEND,long,5083.3,5076.2,5076.2,5099.7,False,,5076.2,SL,-7.1,-74.67,33
2026-01-26 23:40:00,2026-01-26 23:53:00,2026-01-27 00:03:00,EXTEND,short,5086.1,5095.4,5095.4,5064.5,False,,5095.4,SL,-9.3,-96.83,10
2026-01-27 00:35:00,2026-01-27 00:55:00,2026-01-27 01:48:00,EXTEND,short,5086.6,5101.9,5101.9,5051.1,False,,5101.9,SL,-15.3,-156.8,53
2026-01-27 01:45:00,2026-01-27 02:07:00,2026-01-27 02:11:00,EXTEND,long,5086.4,5076.7,5076.7,5108.8,False,,5076.7,SL,-9.7,-100.65,4
2026-01-27 02:40:00,2026-01-27 02:49:00,2026-01-27 03:02:00,EXTEND,short,5074.1,5086.9,5086.9,5044.4,False,,5044.4,TP,29.7,293.48,13
2026-01-27 07:45:00,2026-01-27 07:58:00,2026-01-27 08:00:00,EXTEND,long,5042.2,5033.6,5033.6,5062.2,False,,5033.6,SL,-8.6,-89.95,2
2026-01-27 08:50:00,2026-01-27 09:05:00,2026-01-27 09:10:00,EXTEND,short,5033.4,5048.9,5048.9,4997.2,False,,5048.9,SL,-15.5,-159.47,5
2026-01-27 10:00:00,2026-01-27 10:09:00,2026-01-27 10:41:00,EXTEND,short,5061.0,5071.6,5071.6,5036.3,False,,5071.6,SL,-10.6,-110.2,32
2026-01-27 10:45:00,2026-01-27 10:54:00,2026-01-27 11:16:00,EXTEND,long,5062.8,5055.5,5055.5,5079.9,False,,5055.5,SL,-7.3,-77.34,22
2026-01-27 11:55:00,2026-01-27 12:14:00,2026-01-27 12:41:00,EXTEND,long,5064.3,5058.1,5058.1,5078.8,False,,5058.1,SL,-6.2,-66.27,27
2026-01-27 12:40:00,2026-01-27 12:57:00,2026-01-27 13:11:00,EXTEND,short,5065.2,5070.7,5070.7,5052.3,False,,5052.3,TP,12.9,124.76,14
2026-01-27 13:10:00,2026-01-27 13:23:00,2026-01-27 13:31:00,EXTEND,short,5060.4,5065.6,5065.6,5048.2,False,,5065.6,SL,-5.2,-56.33,8
2026-01-27 14:20:00,2026-01-27 14:30:00,2026-01-27 14:46:00,BOS,long,5075.8,5071.3,5071.3,5086.4,False,,5086.4,TP,10.6,101.67,16
2026-01-27 14:50:00,2026-01-27 14:55:00,2026-01-27 15:38:00,EXTEND,long,5080.1,5074.3,5074.3,5093.7,False,,5093.7,TP,13.6,131.86,43
2026-01-27 15:40:00,2026-01-27 15:58:00,2026-01-27 16:08:00,EXTEND,long,5084.7,5077.0,5077.0,5102.5,False,,5077.0,SL,-7.7,-80.78,10
2026-01-27 16:30:00,2026-01-27 16:42:00,2026-01-27 17:23:00,EXTEND,short,5078.1,5084.0,5084.0,5064.3,False,,5084.0,SL,-5.9,-63.21,41
2026-01-27 17:35:00,2026-01-27 17:45:00,2026-01-27 17:59:00,EXTEND,long,5080.4,5073.9,5073.9,5095.4,False,,5095.4,TP,15.0,146.07,14
2026-01-27 17:55:00,2026-01-27 18:23:00,2026-01-27 18:33:00,EXTEND,long,5085.7,5079.1,5079.1,5100.9,False,,5079.1,SL,-6.6,-69.7,10
2026-01-27 19:15:00,2026-01-27 19:21:00,2026-01-27 19:47:00,EXTEND,long,5081.6,5078.2,5078.2,5089.5,False,,5078.2,SL,-3.4,-38.0,26
2026-01-27 19:50:00,2026-01-27 20:00:00,2026-01-27 20:33:00,EXTEND,short,5076.2,5084.7,5084.7,5056.4,False,,5084.7,SL,-8.5,-89.19,33
2026-01-27 21:00:00,2026-01-27 21:10:00,2026-01-27 21:41:00,EXTEND,long,5077.0,5069.6,5069.6,5094.1,False,,5069.6,SL,-7.4,-77.73,31
2026-01-27 21:40:00,2026-01-27 21:53:00,2026-01-27 22:05:00,MSS,short,5076.1,5082.5,5082.5,5061.3,False,,5061.3,TP,14.8,144.3,12
2026-01-27 22:15:00,2026-01-27 22:22:00,2026-01-27 22:36:00,BOS,short,5058.1,5068.0,5068.0,5035.0,False,,5068.0,SL,-9.9,-103.32,14
2026-01-27 22:40:00,2026-01-27 22:48:00,2026-01-27 22:51:00,MSS,long,5063.4,5054.4,5054.4,5084.2,False,,5054.4,SL,-9.0,-93.77,3
2026-01-27 23:00:00,2026-01-27 23:05:00,2026-01-27 23:37:00,EXTEND,short,5064.4,5077.9,5077.9,5032.9,False,,5077.9,SL,-13.5,-139.23,32
2026-01-28 00:20:00,2026-01-28 00:35:00,2026-01-28 01:05:00,EXTEND,long,5088.0,5080.4,5080.4,5105.8,False,,5080.4,SL,-7.6,-80.4,30
2026-01-28 01:05:00,2026-01-28 01:15:00,2026-01-28 04:03:00,EXTEND,short,5091.7,5100.4,5100.4,5071.6,False,,5100.4,SL,-8.7,-90.71,168
2026-01-28 07:55:00,2026-01-28 08:00:00,2026-01-28 08:01:00,EXTEND,long,5166.2,5161.0,5161.0,5178.3,False,,5161.0,SL,-5.2,-55.95,1
2026-01-28 08:05:00,2026-01-28 08:39:00,2026-01-28 08:54:00,EXTEND,short,5166.8,5174.6,5174.6,5148.6,False,,5174.6,SL,-7.8,-82.31,15
2026-01-28 09:05:00,2026-01-28 09:11:00,2026-01-28 09:44:00,EXTEND,long,5173.2,5157.5,5157.5,5209.7,False,,5209.7,TP,36.5,360.97,33
2026-01-28 11:10:00,2026-01-28 11:38:00,2026-01-28 13:10:00,EXTEND,long,5224.6,5213.9,5213.9,5249.6,False,,5249.6,TP,25.0,245.53,92
2026-01-28 13:40:00,2026-01-28 14:05:00,2026-01-28 14:53:00,BOS,long,5250.0,5244.3,5244.3,5263.2,False,,5263.2,TP,13.2,128.31,48
2026-01-28 16:30:00,2026-01-28 16:38:00,2026-01-28 16:45:00,BOS,long,5292.5,5283.8,5283.8,5312.9,False,,5283.8,SL,-8.7,-91.48,7
2026-01-28 17:40:00,2026-01-28 17:47:00,2026-01-28 18:09:00,BOS,short,5269.4,5276.3,5276.3,5253.4,False,,5276.3,SL,-6.9,-72.76,22
2026-01-28 18:10:00,2026-01-28 18:35:00,2026-01-28 19:04:00,EXTEND,long,5267.1,5258.3,5258.3,5287.5,False,,5258.3,SL,-8.8,-91.86,29
2026-01-28 19:05:00,2026-01-28 19:48:00,2026-01-28 21:01:00,EXTEND,short,5259.4,5275.7,5275.7,5221.5,False,,5275.7,SL,-16.3,-167.11,73
2026-01-28 21:00:00,2026-01-28 21:11:00,2026-01-28 21:38:00,EXTEND,long,5268.2,5259.0,5259.0,5289.5,False,,5259.0,SL,-9.2,-95.68,27
2026-01-28 22:05:00,2026-01-28 22:10:00,2026-01-28 22:22:00,EXTEND,short,5255.1,5263.0,5263.0,5236.6,False,,5263.0,SL,-7.9,-83.46,12
2026-01-28 23:00:00,2026-01-28 23:07:00,2026-01-28 23:07:00,EXTEND,long,5274.7,5263.8,5263.8,5300.0,False,,5263.8,SL,-10.9,-112.87,0
2026-01-28 23:05:00,2026-01-28 23:23:00,2026-01-29 00:46:00,MSS,short,5268.0,5292.3,5292.3,5211.5,False,,5292.3,SL,-24.3,-246.95,83
2026-01-29 01:00:00,2026-01-29 01:19:00,2026-01-29 02:21:00,EXTEND,long,5285.7,5273.8,5273.8,5313.4,False,,5313.4,TP,27.7,273.06,62
2026-01-29 02:20:00,2026-01-29 02:29:00,2026-01-29 02:30:00,EXTEND,long,5302.6,5289.4,5289.4,5333.3,False,,5289.4,SL,-13.2,-136.17,1
2026-01-29 07:35:00,2026-01-29 07:46:00,2026-01-29 08:01:00,EXTEND,long,5510.9,5463.9,5463.9,5620.2,False,,5463.9,SL,-47.0,-474.24,15
2026-01-29 08:35:00,2026-01-29 09:00:00,2026-01-29 09:09:00,EXTEND,long,5479.0,5455.4,5455.4,5534.0,False,,5455.4,SL,-23.6,-240.46,9
2026-01-29 09:10:00,2026-01-29 09:21:00,2026-01-29 09:33:00,EXTEND,short,5483.8,5513.1,5513.1,5415.7,False,,5513.9,SL,-30.1,-304.99,10
2026-01-29 10:35:00,2026-01-29 10:43:00,2026-01-29 11:04:00,EXTEND,long,5517.1,5503.1,5503.1,5549.7,False,,5503.1,SL,-14.0,-144.19,19
2026-01-29 11:00:00,2026-01-29 11:13:00,2026-01-29 11:54:00,MSS,short,5522.3,5534.8,5534.8,5493.4,False,,5534.8,SL,-12.5,-128.53,33
2026-01-29 13:20:00,2026-01-29 13:30:00,2026-01-29 13:49:00,MSS,short,5535.3,5551.0,5551.0,5498.7,False,,5553.0,SL,-17.7,-181.38,16
2026-01-29 14:20:00,2026-01-29 14:35:00,2026-01-29 14:47:00,BOS,long,5575.6,5569.0,5569.0,5590.8,False,,5559.2,SL,-16.4,-167.7,7
2026-01-29 15:25:00,2026-01-29 15:34:00,2026-01-29 16:05:00,BOS,short,5544.3,5553.1,5553.1,5523.9,False,,5523.0,TP,21.3,209.14,16
2026-01-29 16:45:00,2026-01-29 17:30:00,2026-01-29 20:27:00,EXTEND,short,5508.4,5533.4,5533.4,5450.3,False,,5533.4,SL,-25.0,-253.83,118
2026-01-29 20:25:00,2026-01-29 20:44:00,2026-01-29 21:11:00,EXTEND,long,5521.8,5513.7,5513.7,5540.5,False,,5513.7,SL,-8.1,-84.6,21
2026-01-29 21:35:00,2026-01-29 21:43:00,2026-01-29 22:27:00,EXTEND,short,5518.9,5533.7,5533.7,5484.6,False,,5533.7,SL,-14.8,-151.83,37
2026-01-29 22:25:00,2026-01-29 22:33:00,2026-01-29 22:35:00,BOS,long,5524.3,5512.8,5512.8,5551.0,False,,5509.6,SL,-14.7,-150.98,2
2026-02-12 21:45:00,2026-02-12 23:39:00,2026-02-12 23:59:00,BOS,long,5067.1,5061.9,5061.9,5079.3,False,,5059.8,SL,-7.3,-77.33,3
2026-02-26 09:00:00,2026-02-26 09:06:00,2026-02-26 09:28:00,BOS,long,5203.1,5196.3,5196.3,5218.8,False,,5196.3,SL,-6.8,-71.61,22
2026-02-26 09:30:00,2026-02-26 09:35:00,2026-02-26 10:00:00,EXTEND,short,5204.6,5211.1,5211.1,5189.6,False,,5211.1,SL,-6.5,-68.56,25
2026-02-26 13:25:00,2026-02-26 13:46:00,2026-02-26 15:02:00,EXTEND,long,5211.8,5205.7,5205.7,5226.0,False,,5205.7,SL,-6.1,-65.12,76
2026-02-26 15:05:00,2026-02-26 15:17:00,2026-02-26 16:27:00,BOS,short,5206.2,5211.5,5211.5,5193.8,False,,5193.8,TP,12.3,119.43,70
2026-02-26 16:45:00,2026-02-26 16:51:00,2026-02-26 20:01:00,EXTEND,short,5198.3,5207.7,5207.7,5176.5,False,,5176.5,TP,21.8,214.45,190
2026-02-26 20:00:00,2026-02-26 20:09:00,2026-02-26 20:23:00,EXTEND,short,5184.5,5191.6,5191.6,5168.1,False,,5191.6,SL,-7.1,-74.67,14
2026-02-26 21:10:00,2026-02-26 21:21:00,2026-02-26 22:00:00,EXTEND,short,5194.6,5200.9,5200.9,5180.1,False,,5180.1,TP,14.6,141.63,39
2026-02-26 22:25:00,2026-02-26 22:30:00,2026-02-26 22:30:00,EXTEND,long,5180.8,5175.9,5175.9,5192.2,False,,5175.9,SL,-4.9,-52.9,0
2026-02-26 22:35:00,2026-02-26 22:40:00,2026-02-26 22:40:00,EXTEND,long,5181.7,5175.9,5175.9,5195.3,False,,5175.9,SL,-5.8,-62.45,0
2026-02-26 22:45:00,2026-02-26 22:52:00,2026-02-26 23:01:00,EXTEND,long,5182.2,5175.9,5175.9,5197.0,False,,5175.9,SL,-6.3,-67.41,9
2026-02-26 23:25:00,2026-02-26 23:34:00,2026-02-26 23:42:00,MSS,short,5171.8,5188.2,5188.2,5133.6,False,,5188.2,SL,-16.4,-168.26,8
2026-02-27 01:45:00,2026-02-27 01:51:00,2026-02-27 02:28:00,BOS,short,5189.7,5194.9,5194.9,5177.8,False,,5194.9,SL,-5.2,-55.57,37
2026-02-27 02:25:00,2026-02-27 02:34:00,2026-02-27 02:35:00,EXTEND,long,5186.2,5180.4,5180.4,5199.6,False,,5180.4,SL,-5.8,-61.68,1
2026-02-27 03:45:00,2026-02-27 03:59:00,2026-02-27 04:13:00,BOS,long,5204.5,5200.3,5200.3,5214.4,False,,5214.4,TP,9.9,94.57,14
2026-02-27 07:00:00,2026-02-27 07:06:00,2026-02-27 08:21:00,BOS,short,5202.3,5208.6,5208.6,5187.6,False,,5208.6,SL,-6.3,-67.03,75
2026-02-27 08:20:00,2026-02-27 08:33:00,2026-02-27 08:36:00,EXTEND,long,5201.5,5195.3,5195.3,5215.9,False,,5195.3,SL,-6.2,-65.88,3
2026-02-27 11:30:00,2026-02-27 11:37:00,2026-02-27 12:59:00,EXTEND,long,5200.8,5197.7,5197.7,5208.0,False,,5197.7,SL,-3.1,-34.94,82
2026-02-27 12:55:00,2026-02-27 13:05:00,2026-02-27 13:24:00,EXTEND,short,5202.1,5205.2,5205.2,5195.0,False,,5205.2,SL,-3.1,-34.56,19
2026-02-27 13:55:00,2026-02-27 14:03:00,2026-02-27 14:50:00,BOS,long,5211.5,5207.8,5207.8,5220.0,False,,5207.8,SL,-3.7,-40.67,47
2026-02-27 15:15:00,2026-02-27 15:25:00,2026-02-27 17:48:00,EXTEND,short,5201.9,5206.6,5206.6,5191.0,False,,5191.0,TP,10.9,105.22,143
2026-02-27 18:10:00,2026-02-27 18:17:00,2026-02-27 19:50:00,EXTEND,short,5192.8,5198.3,5198.3,5180.1,False,,5198.3,SL,-5.5,-58.63,93
2026-02-27 22:00:00,2026-02-27 22:09:00,2026-02-27 22:21:00,EXTEND,long,5235.8,5228.2,5228.2,5253.3,False,,5253.3,TP,17.6,171.82,12
2026-02-27 22:20:00,2026-02-27 22:31:00,2026-02-27 22:39:00,BOS,long,5242.1,5234.7,5234.7,5259.3,False,,5234.7,SL,-7.4,-78.11,8
2026-02-27 23:10:00,2026-02-27 23:17:00,2026-02-27 23:22:00,EXTEND,long,5245.0,5236.8,5236.8,5264.0,False,,5236.8,SL,-8.2,-85.75,5
2026-02-28 00:15:00,2026-02-28 00:22:00,2026-02-28 00:24:00,EXTEND,long,5256.5,5244.0,5244.0,5285.4,False,,5244.0,SL,-12.5,-128.53,2
2026-02-28 01:00:00,2026-02-28 01:05:00,2026-02-28 01:30:00,EXTEND,short,5251.9,5256.9,5256.9,5240.1,False,,5240.1,TP,11.7,113.22,25
2026-02-28 01:30:00,2026-02-28 01:40:00,2026-02-28 02:43:00,EXTEND,short,5249.5,5256.9,5256.9,5232.1,False,,5256.9,SL,-7.4,-78.49,63
2026-03-02 10:05:00,2026-03-02 10:12:00,2026-03-02 10:37:00,EXTEND,short,5343.1,5351.8,5351.8,5322.8,False,,5351.8,SL,-8.7,-91.1,25
2026-03-02 11:20:00,2026-03-02 11:31:00,2026-03-02 11:38:00,EXTEND,long,5366.3,5362.6,5362.6,5375.0,False,,5375.0,TP,8.7,83.02,7
2026-03-02 12:00:00,2026-03-02 12:05:00,2026-03-02 12:36:00,EXTEND,long,5371.5,5366.2,5366.2,5383.9,False,,5366.2,SL,-5.3,-57.1,31
2026-03-02 13:15:00,2026-03-02 13:33:00,2026-03-02 13:50:00,EXTEND,short,5369.5,5379.4,5379.4,5346.6,False,,5379.4,SL,-9.9,-102.56,17
2026-03-02 16:30:00,2026-03-02 16:40:00,2026-03-02 16:43:00,EXTEND,long,5422.4,5416.4,5416.4,5436.2,False,,5416.4,SL,-6.0,-63.59,3
2026-03-02 16:40:00,2026-03-02 16:49:00,2026-03-02 16:59:00,MSS,short,5424.2,5432.0,5432.0,5406.0,False,,5406.0,TP,18.2,178.04,10
2026-03-02 17:20:00,2026-03-02 17:32:00,2026-03-02 18:06:00,EXTEND,short,5416.2,5425.9,5425.9,5393.6,False,,5393.6,TP,22.6,221.55,34
2026-03-02 18:40:00,2026-03-02 18:51:00,2026-03-02 18:54:00,EXTEND,long,5405.1,5398.1,5398.1,5421.5,False,,5398.1,SL,-7.0,-74.29,3
2026-03-02 19:45:00,2026-03-02 20:05:00,2026-03-02 21:03:00,MSS,short,5404.2,5414.8,5414.8,5379.5,False,,5414.8,SL,-10.6,-110.2,58
2026-03-02 21:05:00,2026-03-02 21:11:00,2026-03-02 21:12:00,EXTEND,long,5410.2,5400.7,5400.7,5432.2,False,,5400.7,SL,-9.5,-98.74,1
2026-03-02 21:10:00,2026-03-02 21:20:00,2026-03-02 21:30:00,MSS,short,5414.2,5425.5,5425.5,5388.0,False,,5425.5,SL,-11.3,-116.69,10
2026-03-03 00:25:00,2026-03-03 00:35:00,2026-03-03 03:04:00,MSS,long,5307.5,5294.5,5294.5,5337.7,False,,5337.7,TP,30.2,297.92,149
2026-03-03 07:05:00,2026-03-03 07:23:00,2026-03-03 08:17:00,EXTEND,long,5345.4,5335.4,5335.4,5368.7,False,,5368.7,TP,23.3,228.66,54
2026-03-03 08:30:00,2026-03-03 08:54:00,2026-03-03 09:07:00,EXTEND,long,5360.5,5350.4,5350.4,5384.1,False,,5384.1,TP,23.5,231.32,13
2026-03-03 09:25:00,2026-03-03 09:46:00,2026-03-03 09:47:00,EXTEND,long,5373.4,5360.4,5360.4,5403.7,False,,5360.4,SL,-13.0,-134.26,1
2026-03-03 10:00:00,2026-03-03 10:30:00,2026-03-03 13:53:00,EXTEND,short,5376.1,5394.5,5394.5,5333.3,False,,5333.3,TP,42.8,424.02,203
2026-03-03 14:10:00,2026-03-03 14:20:00,2026-03-03 15:38:00,BOS,short,5319.7,5337.0,5337.0,5279.6,False,,5337.0,SL,-17.3,-176.66,78
2026-03-03 16:05:00,2026-03-03 16:15:00,2026-03-03 16:31:00,EXTEND,long,5332.1,5321.7,5321.7,5356.4,False,,5321.7,SL,-10.4,-108.29,16
2026-03-03 16:55:00,2026-03-03 17:01:00,2026-03-03 17:05:00,BOS,short,5316.0,5324.2,5324.2,5296.9,False,,5296.9,TP,19.1,186.92,4
2026-03-03 17:05:00,2026-03-03 17:11:00,2026-03-03 17:25:00,EXTEND,short,5313.4,5324.2,5324.2,5288.3,False,,5288.3,TP,25.1,247.3,14
2026-03-03 17:25:00,2026-03-03 17:52:00,2026-03-03 19:08:00,BOS,short,5285.4,5315.9,5315.9,5214.4,False,,5214.4,TP,71.0,705.51,76
2026-03-03 20:55:00,2026-03-03 21:00:00,2026-03-03 21:01:00,BOS,long,5217.8,5206.0,5206.0,5245.1,False,,5206.0,SL,-11.8,-121.66,1
2026-03-04 01:35:00,2026-03-04 02:02:00,2026-03-04 02:28:00,EXTEND,short,5103.5,5121.0,5121.0,5062.7,False,,5121.0,SL,-17.5,-179.34,26
2026-03-04 03:00:00,2026-03-04 03:05:00,2026-03-04 03:08:00,BOS,long,5149.3,5141.8,5141.8,5166.7,False,,5141.8,SL,-7.5,-78.87,3
2026-03-04 08:00:00,2026-03-04 08:12:00,2026-03-04 08:20:00,MSS,short,5127.7,5136.0,5136.0,5108.6,False,,5136.0,SL,-8.3,-86.51,8
2026-03-04 08:45:00,2026-03-04 08:54:00,2026-03-04 09:00:00,EXTEND,long,5137.6,5130.6,5130.6,5154.0,False,,5154.0,TP,16.3,159.39,6
2026-03-04 10:10:00,2026-03-04 10:24:00,2026-03-04 10:35:00,EXTEND,long,5186.2,5177.4,5177.4,5206.7,False,,5177.4,SL,-8.8,-92.24,11
2026-03-04 12:10:00,2026-03-04 12:23:00,2026-03-04 12:42:00,EXTEND,long,5172.8,5162.3,5162.3,5197.2,False,,5162.3,SL,-10.5,-109.05,19
2026-03-04 12:40:00,2026-03-04 12:46:00,2026-03-04 14:01:00,MSS,short,5172.8,5180.5,5180.5,5155.0,False,,5155.0,TP,17.8,174.49,75
2026-03-04 14:05:00,2026-03-04 14:12:00,2026-03-04 15:02:00,EXTEND,short,5158.7,5177.3,5177.3,5115.3,False,,5177.3,SL,-18.6,-190.42,50
2026-03-04 15:45:00,2026-03-04 15:57:00,2026-03-04 16:03:00,BOS,long,5178.4,5173.7,5173.7,5189.3,False,,5173.7,SL,-4.7,-50.99,6
2026-03-04 16:05:00,2026-03-04 16:23:00,2026-03-04 16:44:00,EXTEND,short,5175.2,5186.0,5186.0,5150.1,False,,5186.0,SL,-10.8,-112.11,21
2026-03-04 16:45:00,2026-03-04 17:00:00,2026-03-04 18:08:00,MSS,long,5171.1,5157.7,5157.7,5202.4,False,,5202.4,TP,31.3,308.58,68
2026-03-04 18:15:00,2026-03-04 18:30:00,2026-03-04 20:28:00,EXTEND,long,5197.5,5187.0,5187.0,5222.1,False,,5187.0,SL,-10.5,-109.43,118
2026-03-04 21:10:00,2026-03-04 21:56:00,2026-03-04 22:25:00,EXTEND,long,5184.9,5170.9,5170.9,5217.4,False,,5170.9,SL,-14.0,-143.81,29
2026-03-04 22:25:00,2026-03-04 22:32:00,2026-03-04 22:48:00,EXTEND,short,5190.3,5203.4,5203.4,5160.0,False,,5160.0,TP,30.4,299.7,16
2026-03-04 23:10:00,2026-03-04 23:22:00,2026-03-04 23:35:00,BOS,short,5160.6,5173.3,5173.3,5131.1,False,,5173.3,SL,-12.7,-130.82,13
2026-03-05 00:20:00,2026-03-05 00:34:00,2026-03-05 01:23:00,BOS,short,5163.6,5172.9,5172.9,5142.0,False,,5142.0,TP,21.6,211.78,49
2026-03-05 01:20:00,2026-03-05 01:25:00,2026-03-05 02:20:00,BOS,short,5150.3,5161.9,5161.9,5123.3,False,,5123.3,TP,27.0,265.95,55
2026-03-05 03:30:00,2026-03-05 03:41:00,2026-03-05 03:55:00,EXTEND,short,5142.2,5147.7,5147.7,5129.4,False,,5147.7,SL,-5.5,-59.01,14
2026-03-05 08:20:00,2026-03-05 08:48:00,2026-03-05 09:10:00,EXTEND,long,5178.5,5170.6,5170.6,5196.8,False,,5196.8,TP,18.3,178.93,22
2026-03-05 09:10:00,2026-03-05 09:20:00,2026-03-05 09:42:00,EXTEND,long,5185.4,5177.7,5177.7,5203.4,False,,5177.7,SL,-7.7,-81.16,22
2026-03-05 10:20:00,2026-03-05 10:39:00,2026-03-05 10:58:00,EXTEND,long,5187.9,5182.0,5182.0,5201.6,False,,5201.6,TP,13.7,132.75,19
2026-03-05 11:05:00,2026-03-05 11:30:00,2026-03-05 12:44:00,EXTEND,long,5191.4,5183.3,5183.3,5210.2,False,,5183.3,SL,-8.1,-84.98,74
2026-03-05 14:10:00,2026-03-05 14:37:00,2026-03-05 15:02:00,EXTEND,short,5159.7,5178.4,5178.4,5116.2,False,,5178.4,SL,-18.7,-191.18,25
2026-03-05 16:20:00,2026-03-05 16:35:00,2026-03-05 16:45:00,EXTEND,short,5164.3,5175.4,5175.4,5138.4,False,,5175.4,SL,-11.1,-115.16,10
2026-03-05 17:10:00,2026-03-05 17:26:00,2026-03-05 17:39:00,EXTEND,long,5179.4,5171.5,5171.5,5197.9,False,,5171.5,SL,-7.9,-83.46,13
2026-03-05 19:40:00,2026-03-05 19:48:00,2026-03-05 20:03:00,EXTEND,short,5173.8,5178.2,5178.2,5163.7,False,,5178.2,SL,-4.4,-47.55,15
2026-03-05 20:10:00,2026-03-05 20:17:00,2026-03-05 21:00:00,EXTEND,long,5175.4,5171.0,5171.0,5185.7,False,,5171.0,SL,-4.4,-48.31,43
2026-03-05 21:10:00,2026-03-05 21:15:00,2026-03-05 21:16:00,EXTEND,short,5169.1,5176.9,5176.9,5151.0,False,,5151.0,TP,18.1,177.15,1
2026-03-05 21:20:00,2026-03-05 21:36:00,2026-03-06 02:03:00,EXTEND,short,5142.0,5176.9,5176.9,5060.9,False,,5060.9,TP,81.1,806.74,267
2026-03-06 02:00:00,2026-03-06 02:10:00,2026-03-06 04:16:00,EXTEND,short,5082.6,5098.4,5098.4,5045.9,False,,5098.4,SL,-15.8,-161.77,126
2026-03-06 07:00:00,2026-03-06 07:06:00,2026-03-06 08:00:00,EXTEND,long,5095.3,5081.9,5081.9,5126.5,False,,5081.9,SL,-13.4,-138.08,54
2026-03-06 08:50:00,2026-03-06 09:00:00,2026-03-06 09:00:00,BOS,long,5089.4,5083.8,5083.8,5102.3,False,,5083.8,SL,-5.6,-59.77,0
2026-03-06 09:00:00,2026-03-06 09:06:00,2026-03-06 09:31:00,MSS,short,5089.1,5098.4,5098.4,5067.5,False,,5098.4,SL,-9.3,-96.83,25
2026-03-06 11:20:00,2026-03-06 11:40:00,2026-03-06 13:31:00,EXTEND,long,5137.7,5130.3,5130.3,5155.1,False,,5130.3,SL,-7.4,-78.49,111
2026-03-06 14:00:00,2026-03-06 14:24:00,2026-03-06 16:25:00,EXTEND,short,5131.1,5139.2,5139.2,5112.3,False,,5112.3,TP,18.8,184.26,121
2026-03-06 16:30:00,2026-03-06 16:45:00,2026-03-06 17:36:00,EXTEND,short,5118.0,5126.4,5126.4,5098.5,False,,5098.5,TP,19.5,191.36,51
2026-03-06 17:35:00,2026-03-06 17:43:00,2026-03-06 18:01:00,BOS,short,5105.1,5112.5,5112.5,5087.7,False,,5087.7,TP,17.3,169.16,18
2026-03-06 18:05:00,2026-03-06 18:29:00,2026-03-06 19:56:00,EXTEND,short,5101.7,5112.5,5112.5,5076.4,False,,5076.4,TP,25.2,248.19,87
2026-03-06 19:55:00,2026-03-06 20:09:00,2026-03-06 21:30:00,EXTEND,short,5094.5,5109.4,5109.4,5060.0,False,,5109.4,SL,-14.9,-152.6,81
2026-03-06 21:35:00,2026-03-06 21:56:00,2026-03-06 23:02:00,EXTEND,long,5098.8,5073.2,5073.2,5158.3,False,,5158.3,TP,59.5,590.96,66
2026-03-06 23:25:00,2026-03-06 23:44:00,2026-03-06 23:52:00,EXTEND,long,5160.2,5146.8,5146.8,5191.4,False,,5146.8,SL,-13.4,-138.08,8
2026-03-07 00:35:00,2026-03-07 00:43:00,2026-03-07 00:46:00,MSS,short,5149.9,5156.2,5156.2,5135.1,False,,5156.2,SL,-6.3,-67.41,3
2026-03-07 01:35:00,2026-03-07 01:40:00,2026-03-07 01:43:00,EXTEND,long,5152.4,5146.5,5146.5,5166.1,False,,5146.5,SL,-5.9,-62.83,3
2026-03-07 03:15:00,2026-03-07 03:30:00,2026-03-07 03:45:00,EXTEND,long,5172.7,5165.6,5165.6,5189.3,False,,5165.6,SL,-7.1,-75.43,15
2026-03-09 08:45:00,2026-03-09 08:59:00,2026-03-09 09:00:00,BOS,short,5057.1,5067.6,5067.6,5032.7,False,,5032.7,TP,24.4,240.2,1
2026-03-09 09:00:00,2026-03-09 09:05:00,2026-03-09 09:11:00,EXTEND,short,5049.7,5067.6,5067.6,5008.2,False,,5067.6,SL,-17.9,-182.78,6
2026-03-09 10:00:00,2026-03-09 10:06:00,2026-03-09 10:10:00,MSS,short,5078.4,5089.0,5089.0,5053.8,False,,5089.0,SL,-10.6,-109.81,4
2026-03-09 12:05:00,2026-03-09 12:14:00,2026-03-09 12:45:00,BOS,long,5097.2,5093.2,5093.2,5106.5,False,,5093.2,SL,-4.0,-44.11,31
2026-03-09 13:05:00,2026-03-09 13:18:00,2026-03-09 13:33:00,EXTEND,long,5098.0,5091.3,5091.3,5113.5,False,,5113.5,TP,15.5,151.4,15
2026-03-09 15:25:00,2026-03-09 15:34:00,2026-03-09 15:48:00,EXTEND,long,5107.1,5102.5,5102.5,5117.9,False,,5102.5,SL,-4.6,-50.22,14
2026-03-09 16:00:00,2026-03-09 16:07:00,2026-03-09 16:28:00,BOS,long,5107.7,5101.0,5101.0,5123.2,False,,5101.0,SL,-6.7,-70.85,21
2026-03-09 16:30:00,2026-03-09 16:49:00,2026-03-09 17:08:00,EXTEND,short,5106.8,5114.4,5114.4,5089.3,False,,5114.4,SL,-7.6,-79.64,19
2026-03-09 17:30:00,2026-03-09 17:44:00,2026-03-09 18:31:00,EXTEND,long,5115.8,5100.3,5100.3,5151.7,False,,5100.3,SL,-15.5,-158.71,47
2026-03-09 21:20:00,2026-03-09 21:26:00,2026-03-09 21:30:00,BOS,short,5101.0,5106.4,5106.4,5088.5,False,,5106.4,SL,-5.4,-57.86,4
2026-03-09 21:35:00,2026-03-09 21:40:00,2026-03-09 21:41:00,EXTEND,long,5102.8,5092.3,5092.3,5127.1,False,,5092.3,SL,-10.5,-108.67,1
2026-03-09 22:45:00,2026-03-09 23:08:00,2026-03-10 03:01:00,EXTEND,long,5089.3,5067.4,5067.4,5140.2,False,,5140.2,TP,50.9,504.82,233
2026-03-10 03:20:00,2026-03-10 03:35:00,2026-03-10 06:24:00,EXTEND,long,5138.1,5128.0,5128.0,5161.5,False,,5128.0,SL,-10.1,-104.85,109
2026-03-10 07:15:00,2026-03-10 07:23:00,2026-03-10 07:44:00,BOS,long,5154.7,5147.7,5147.7,5170.9,False,,5147.7,SL,-7.0,-73.91,21
2026-03-10 08:30:00,2026-03-10 08:36:00,2026-03-10 09:01:00,EXTEND,short,5145.0,5151.5,5151.5,5130.0,False,,5151.5,SL,-6.5,-68.56,25
2026-03-10 13:30:00,2026-03-10 13:40:00,2026-03-10 13:41:00,MSS,short,5179.0,5180.8,5180.8,5174.8,False,,5180.8,SL,-1.8,-21.95,1
2026-03-10 14:10:00,2026-03-10 14:28:00,2026-03-10 15:19:00,EXTEND,long,5182.6,5178.0,5178.0,5193.2,False,,5178.0,SL,-4.6,-49.84,51
2026-03-10 15:20:00,2026-03-10 15:37:00,2026-03-10 15:45:00,EXTEND,short,5180.2,5188.1,5188.1,5161.8,False,,5188.1,SL,-7.9,-83.07,8
2026-03-10 16:45:00,2026-03-10 16:56:00,2026-03-10 18:05:00,EXTEND,long,5192.2,5185.0,5185.0,5209.0,False,,5185.0,SL,-7.2,-76.2,69
2026-03-10 18:05:00,2026-03-10 18:10:00,2026-03-10 18:31:00,EXTEND,short,5192.9,5198.3,5198.3,5180.4,False,,5180.4,TP,12.5,121.21,21
2026-03-10 18:35:00,2026-03-10 18:49:00,2026-03-10 19:04:00,EXTEND,short,5181.6,5191.4,5191.4,5158.8,False,,5191.4,SL,-9.8,-102.17,15
2026-03-10 20:05:00,2026-03-10 20:19:00,2026-03-10 20:25:00,EXTEND,short,5182.1,5188.8,5188.8,5166.4,False,,5188.8,SL,-6.7,-71.23,6
2026-03-10 21:25:00,2026-03-10 21:46:00,2026-03-11 02:18:00,EXTEND,long,5208.5,5189.9,5189.9,5251.9,False,,5189.9,SL,-18.6,-190.42,272
2026-03-11 02:15:00,2026-03-11 02:29:00,2026-03-12 06:56:00,EXTEND,short,5214.3,5242.2,5242.2,5149.4,False,,5149.4,TP,64.9,645.13,1587
2026-03-12 06:55:00,2026-03-12 07:13:00,2026-03-12 09:44:00,BOS,short,5159.6,5174.5,5174.5,5125.1,False,,5174.5,SL,-14.9,-152.6,151
2026-03-12 12:15:00,2026-03-12 12:20:00,2026-03-12 12:20:00,MSS,long,5157.9,5156.9,5156.9,5160.1,False,,5156.9,SL,-1.0,-13.55,0
2026-03-12 12:20:00,2026-03-12 12:28:00,2026-03-12 12:34:00,MSS,short,5157.8,5159.4,5159.4,5153.9,False,,5153.9,TP,3.8,34.18,6
2026-03-12 13:10:00,2026-03-12 13:20:00,2026-03-12 13:25:00,EXTEND,long,5148.6,5145.3,5145.3,5156.3,False,,5145.3,SL,-3.3,-37.23,5
2026-03-12 14:15:00,2026-03-12 14:23:00,2026-03-12 14:24:00,MSS,short,5159.0,5161.0,5161.0,5154.4,False,,5161.0,SL,-2.0,-23.86,1
2026-03-12 16:00:00,2026-03-12 16:48:00,2026-03-12 20:07:00,EXTEND,long,5182.4,5174.2,5174.2,5201.5,False,,5174.2,SL,-8.2,-86.13,199
2026-03-12 20:20:00,2026-03-12 20:31:00,2026-03-12 20:49:00,EXTEND,short,5180.3,5187.2,5187.2,5164.2,False,,5187.2,SL,-6.9,-73.14,18
2026-03-12 21:00:00,2026-03-12 21:17:00,2026-03-12 21:22:00,EXTEND,long,5181.4,5174.5,5174.5,5197.5,False,,5174.5,SL,-6.9,-73.14,5
2026-03-12 22:00:00,2026-03-12 22:19:00,2026-03-12 22:33:00,MSS,long,5159.0,5152.0,5152.0,5175.1,False,,5152.0,SL,-7.0,-73.52,14
2026-03-12 22:35:00,2026-03-12 22:46:00,2026-03-12 23:02:00,EXTEND,short,5158.8,5166.7,5166.7,5140.3,False,,5140.3,TP,18.5,180.7,16
2026-03-12 23:10:00,2026-03-12 23:27:00,2026-03-13 02:35:00,EXTEND,short,5137.2,5150.8,5150.8,5105.6,False,,5105.6,TP,31.6,312.13,188
2026-03-13 03:00:00,2026-03-13 03:05:00,2026-03-13 04:26:00,BOS,short,5097.5,5105.3,5105.3,5079.3,False,,5079.3,TP,18.2,178.04,81
2026-03-13 06:55:00,2026-03-13 07:02:00,2026-03-13 07:24:00,BOS,long,5092.8,5088.8,5088.8,5102.3,False,,5102.3,TP,9.4,90.13,22
2026-03-13 07:20:00,2026-03-13 07:29:00,2026-03-13 08:00:00,BOS,long,5096.6,5093.1,5093.1,5104.8,False,,5104.8,TP,8.2,77.7,31
2026-03-13 09:30:00,2026-03-13 09:44:00,2026-03-13 10:00:00,EXTEND,long,5114.1,5107.3,5107.3,5130.0,False,,5130.0,TP,15.9,154.95,16
2026-03-13 10:00:00,2026-03-13 10:23:00,2026-03-13 11:29:00,EXTEND,long,5119.5,5111.5,5111.5,5138.0,False,,5111.5,SL,-8.0,-83.84,66
2026-03-13 12:00:00,2026-03-13 12:20:00,2026-03-13 12:24:00,EXTEND,long,5113.7,5109.0,5109.0,5124.7,False,,5109.0,SL,-4.7,-51.37,4
2026-03-13 13:15:00,2026-03-13 13:29:00,2026-03-13 13:43:00,EXTEND,long,5108.5,5105.6,5105.6,5115.4,False,,5105.6,SL,-2.9,-33.41,14
2026-03-13 13:55:00,2026-03-13 14:03:00,2026-03-13 14:25:00,EXTEND,short,5109.3,5114.8,5114.8,5096.5,False,,5096.5,TP,12.8,123.87,22
2026-03-13 15:20:00,2026-03-13 15:29:00,2026-03-13 16:21:00,EXTEND,short,5089.7,5098.4,5098.4,5069.4,False,,5069.4,TP,20.2,198.46,52
2026-03-13 16:20:00,2026-03-13 16:38:00,2026-03-13 17:04:00,EXTEND,short,5085.5,5097.6,5097.6,5057.5,False,,5097.6,SL,-12.1,-124.71,26
2026-03-13 17:05:00,2026-03-13 17:42:00,2026-03-13 19:57:00,EXTEND,long,5088.7,5080.6,5080.6,5107.7,False,,5107.7,TP,18.9,185.14,135
2026-03-13 20:45:00,2026-03-13 21:03:00,2026-03-13 21:25:00,BOS,long,5119.6,5114.2,5114.2,5132.2,False,,5114.2,SL,-5.4,-58.24,22
2026-03-13 21:35:00,2026-03-13 21:44:00,2026-03-13 21:45:00,EXTEND,short,5114.0,5121.2,5121.2,5097.3,False,,5121.2,SL,-7.2,-75.82,1
2026-03-13 22:00:00,2026-03-13 22:05:00,2026-03-13 22:17:00,EXTEND,short,5112.5,5121.2,5121.2,5092.2,False,,5092.2,TP,20.2,198.46,12
2026-03-14 00:05:00,2026-03-14 00:36:00,2026-03-17 00:00:00,EXTEND,short,5053.9,5072.8,5072.8,5009.8,False,,4991.6,TP,62.3,618.53,264
2026-03-17 00:35:00,2026-03-17 00:43:00,2026-03-17 01:10:00,EXTEND,short,4994.4,5004.2,5004.2,4971.6,False,,5004.2,SL,-9.8,-102.17,27
2026-03-17 03:10:00,2026-03-17 07:22:00,2026-03-17 08:43:00,EXTEND,long,5012.2,5003.3,5003.3,5032.8,False,,5003.3,SL,-8.9,-92.62,81
2026-03-17 09:00:00,2026-03-17 09:09:00,2026-03-17 09:36:00,EXTEND,short,5012.3,5020.9,5020.9,4992.3,False,,5020.9,SL,-8.6,-89.95,27
2026-03-17 10:40:00,2026-03-17 10:49:00,2026-03-17 10:50:00,BOS,long,5028.7,5025.8,5025.8,5035.6,False,,5025.8,SL,-2.9,-33.41,1
2026-03-17 12:40:00,2026-03-17 13:10:00,2026-03-17 13:54:00,EXTEND,long,5036.9,5030.5,5030.5,5051.8,False,,5030.5,SL,-6.4,-68.18,44
2026-03-17 16:15:00,2026-03-17 16:24:00,2026-03-17 16:35:00,BOS,long,5025.5,5022.6,5022.6,5032.1,False,,5022.6,SL,-2.9,-32.65,11
2026-03-17 17:55:00,2026-03-17 18:01:00,2026-03-17 18:02:00,BOS,short,5017.9,5020.2,5020.2,5012.5,False,,5020.2,SL,-2.3,-27.3,1
2026-03-17 19:45:00,2026-03-17 19:59:00,2026-03-17 20:20:00,EXTEND,long,5006.5,5000.7,5000.7,5020.0,False,,5020.0,TP,13.5,130.98,21
2026-03-17 21:40:00,2026-03-17 21:51:00,2026-03-17 21:53:00,EXTEND,long,5023.5,5015.3,5015.3,5042.6,False,,5015.3,SL,-8.2,-86.13,2
2026-03-17 22:30:00,2026-03-17 22:44:00,2026-03-17 23:28:00,EXTEND,short,5019.0,5026.3,5026.3,5002.0,False,,5002.0,TP,17.0,165.61,44
2026-03-17 23:40:00,2026-03-18 00:01:00,2026-03-18 09:10:00,EXTEND,short,5003.5,5019.7,5019.7,4965.9,False,,5019.7,SL,-16.2,-165.97,489
2026-03-18 09:20:00,2026-03-18 09:29:00,2026-03-18 09:36:00,EXTEND,long,5012.6,5007.2,5007.2,5025.1,False,,5007.2,SL,-5.4,-57.86,7
2026-03-18 10:20:00,2026-03-18 10:30:00,2026-03-18 10:54:00,EXTEND,long,5003.9,4999.7,4999.7,5013.5,False,,4999.7,SL,-4.2,-45.64,24
2026-03-18 11:00:00,2026-03-18 11:37:00,2026-03-18 14:11:00,EXTEND,short,5000.3,5007.5,5007.5,4983.6,False,,5007.5,SL,-7.2,-75.82,154
2026-03-18 14:35:00,2026-03-18 14:51:00,2026-03-18 15:28:00,EXTEND,long,5014.4,5010.5,5010.5,5023.3,False,,5010.5,SL,-3.9,-42.58,37
2026-03-18 16:20:00,2026-03-18 16:33:00,2026-03-18 16:45:00,BOS,short,4995.0,4999.7,4999.7,4984.2,False,,4984.2,TP,10.8,104.34,12
2026-03-18 16:45:00,2026-03-18 16:50:00,2026-03-18 17:37:00,EXTEND,short,4992.6,4999.7,4999.7,4976.2,False,,4999.7,SL,-7.1,-74.67,47
2026-03-18 17:45:00,2026-03-18 17:50:00,2026-03-18 18:02:00,MSS,short,4998.3,4999.9,4999.9,4994.6,False,,4994.6,TP,3.7,33.3,12
2026-03-18 18:25:00,2026-03-18 18:30:00,2026-03-18 18:35:00,BOS,short,4991.8,4995.8,4995.8,4982.3,False,,4982.3,TP,9.4,90.13,5
2026-03-18 18:35:00,2026-03-18 18:44:00,2026-03-18 19:08:00,EXTEND,short,4983.3,4995.8,4995.8,4954.4,False,,4954.4,TP,28.9,285.49,24
2026-03-18 21:15:00,2026-03-18 21:39:00,2026-03-18 22:05:00,EXTEND,short,4872.6,4894.9,4894.9,4820.7,False,,4894.9,SL,-22.3,-227.09,26
2026-03-18 22:05:00,2026-03-18 22:18:00,2026-03-18 22:26:00,BOS,long,4877.1,4863.8,4863.8,4908.1,False,,4863.8,SL,-13.3,-137.32,8
2026-03-19 01:25:00,2026-03-19 01:30:00,2026-03-19 02:03:00,EXTEND,long,4893.6,4888.0,4888.0,4906.5,False,,4888.0,SL,-5.6,-59.77,33
2026-03-19 02:30:00,2026-03-19 02:36:00,2026-03-19 02:49:00,MSS,short,4887.6,4894.4,4894.4,4871.8,False,,4871.8,TP,15.8,154.06,13
2026-03-19 03:15:00,2026-03-19 03:21:00,2026-03-19 03:23:00,MSS,long,4859.1,4853.0,4853.0,4873.2,False,,4853.0,SL,-6.1,-64.74,2
2026-03-19 03:25:00,2026-03-19 03:34:00,2026-03-19 03:51:00,EXTEND,short,4860.5,4868.9,4868.9,4841.0,False,,4841.0,TP,19.5,191.36,17
2026-03-19 07:40:00,2026-03-19 07:45:00,2026-03-19 08:06:00,EXTEND,long,4836.0,4830.3,4830.3,4849.1,False,,4849.1,TP,13.1,127.42,21
2026-03-19 08:05:00,2026-03-19 08:10:00,2026-03-19 09:35:00,EXTEND,long,4839.2,4832.2,4832.2,4855.3,False,,4855.3,TP,16.2,157.62,85
2026-03-19 10:05:00,2026-03-19 10:24:00,2026-03-19 13:39:00,EXTEND,short,4858.5,4868.5,4868.5,4835.2,False,,4835.2,TP,23.3,228.66,195
2026-03-19 13:55:00,2026-03-19 14:01:00,2026-03-19 14:01:00,BOS,short,4836.7,4841.8,4841.8,4824.8,False,,4841.8,SL,-5.1,-55.19,0
2026-03-19 16:40:00,2026-03-19 16:48:00,2026-03-19 18:20:00,BOS,short,4719.1,4738.5,4738.5,4674.1,False,,4674.1,TP,45.0,446.22,92
2026-03-19 18:55:00,2026-03-19 19:02:00,2026-03-19 19:53:00,EXTEND,short,4702.1,4722.4,4722.4,4654.8,False,,4654.8,TP,47.2,468.42,51
2026-03-19 20:45:00,2026-03-19 20:57:00,2026-03-19 21:02:00,EXTEND,short,4587.4,4620.8,4620.8,4509.8,False,,4509.8,TP,77.6,772.11,5
2026-03-19 21:00:00,2026-03-19 21:20:00,2026-03-19 21:58:00,EXTEND,short,4576.3,4620.8,4620.8,4473.0,False,,4620.8,SL,-44.5,-448.65,38
2026-03-19 22:50:00,2026-03-19 22:56:00,2026-03-19 22:59:00,BOS,long,4614.4,4604.5,4604.5,4637.4,False,,4604.5,SL,-9.9,-102.94,3
2026-03-19 23:00:00,2026-03-19 23:10:00,2026-03-19 23:14:00,EXTEND,short,4617.0,4630.4,4630.4,4585.8,False,,4630.4,SL,-13.4,-138.08,4
2026-03-19 23:45:00,2026-03-19 23:57:00,2026-03-20 03:01:00,EXTEND,short,4613.3,4641.8,4641.8,4547.1,False,,4641.8,SL,-28.5,-288.97,184
2026-03-20 07:40:00,2026-03-20 07:48:00,2026-03-20 08:01:00,EXTEND,short,4644.1,4649.3,4649.3,4632.0,False,,4649.3,SL,-5.2,-55.95,13
2026-03-20 08:15:00,2026-03-20 08:23:00,2026-03-20 09:00:00,EXTEND,long,4652.3,4643.5,4643.5,4672.8,False,,4643.5,SL,-8.8,-92.24,37
2026-03-20 09:05:00,2026-03-20 09:11:00,2026-03-20 09:44:00,EXTEND,long,4660.8,4648.0,4648.0,4690.7,False,,4690.7,TP,29.8,294.37,33
2026-03-20 10:15:00,2026-03-20 10:31:00,2026-03-20 10:49:00,EXTEND,long,4680.7,4673.8,4673.8,4696.7,False,,4696.7,TP,16.0,155.84,18
2026-03-20 12:10:00,2026-03-20 12:27:00,2026-03-20 13:02:00,EXTEND,short,4724.3,4728.7,4728.7,4714.1,False,,4714.1,TP,10.2,98.12,35
2026-03-20 13:05:00,2026-03-20 13:14:00,2026-03-20 13:16:00,EXTEND,short,4718.3,4723.0,4723.0,4707.4,False,,4723.0,SL,-4.7,-50.99,2
2026-03-20 13:35:00,2026-03-20 13:40:00,2026-03-20 13:54:00,EXTEND,short,4715.8,4724.2,4724.2,4696.3,False,,4696.3,TP,19.5,191.36,14
2026-03-20 14:40:00,2026-03-20 15:08:00,2026-03-20 15:41:00,EXTEND,short,4683.7,4697.0,4697.0,4652.7,False,,4697.0,SL,-13.3,-137.32,33
2026-03-20 16:55:00,2026-03-20 17:12:00,2026-03-20 17:40:00,EXTEND,short,4701.3,4711.3,4711.3,4678.0,False,,4678.0,TP,23.3,228.66,28
2026-03-20 18:00:00,2026-03-20 18:06:00,2026-03-20 18:55:00,BOS,short,4668.4,4678.4,4678.4,4645.3,False,,4645.3,TP,23.2,227.77,49
2026-03-20 19:40:00,2026-03-20 19:52:00,2026-03-20 20:01:00,EXTEND,long,4659.8,4649.7,4649.7,4683.4,False,,4683.4,TP,23.5,231.32,9
2026-03-20 20:10:00,2026-03-20 20:32:00,2026-03-20 21:10:00,EXTEND,long,4673.3,4658.7,4658.7,4707.1,False,,4658.7,SL,-14.6,-149.54,38
2026-03-20 21:30:00,2026-03-20 21:36:00,2026-03-20 21:51:00,BOS,short,4659.8,4670.8,4670.8,4634.2,False,,4634.2,TP,25.6,251.74,15
2026-03-20 22:55:00,2026-03-20 23:00:00,2026-03-21 00:12:00,EXTEND,short,4571.5,4586.0,4586.0,4537.7,False,,4586.0,SL,-14.5,-149.16,72
2026-03-21 00:20:00,2026-03-21 00:31:00,2026-03-21 02:22:00,EXTEND,long,4572.5,4545.8,4545.8,4634.7,False,,4545.8,SL,-26.7,-271.4,111
2026-03-21 03:40:00,2026-03-21 03:56:00,2026-03-21 04:59:00,MSS,long,4503.3,4493.9,4493.9,4525.3,False,,4493.9,SL,-9.4,-98.35,63
2026-03-23 07:35:00,2026-03-23 07:43:00,2026-03-23 07:48:00,MSS,short,4489.9,4500.3,4500.3,4465.6,False,,4465.6,TP,24.2,238.42,5
2026-03-23 08:15:00,2026-03-23 08:25:00,2026-03-23 08:35:00,EXTEND,short,4446.8,4471.7,4471.7,4388.8,False,,4388.8,TP,58.0,575.86,10
2026-03-23 11:40:00,2026-03-23 11:51:00,2026-03-23 12:00:00,EXTEND,short,4355.7,4367.1,4367.1,4329.1,False,,4367.1,SL,-11.4,-118.22,9
2026-03-23 12:35:00,2026-03-23 12:48:00,2026-03-23 12:52:00,MSS,long,4371.1,4362.5,4362.5,4391.1,False,,4362.5,SL,-8.6,-89.95,4
2026-03-23 12:50:00,2026-03-23 13:00:00,2026-03-23 13:30:00,MSS,short,4372.8,4385.0,4385.0,4344.4,False,,4344.4,TP,28.4,280.16,30
2026-03-23 15:20:00,2026-03-23 15:36:00,2026-03-23 16:06:00,EXTEND,short,4183.6,4235.3,4235.3,4063.5,False,,4235.3,SL,-51.7,-520.85,30
2026-03-23 16:10:00,2026-03-23 16:19:00,2026-03-23 17:15:00,EXTEND,long,4214.6,4187.8,4187.8,4277.0,False,,4277.0,TP,62.3,619.38,56
2026-03-23 17:30:00,2026-03-23 17:38:00,2026-03-23 19:05:00,EXTEND,long,4254.2,4219.7,4219.7,4334.5,False,,4334.5,TP,80.3,798.75,87
2026-03-23 20:05:00,2026-03-23 20:17:00,2026-03-23 20:41:00,EXTEND,short,4388.7,4419.8,4419.8,4316.5,False,,4419.8,SL,-31.1,-314.57,24
2026-03-23 20:55:00,2026-03-23 21:19:00,2026-03-23 23:52:00,EXTEND,long,4429.1,4388.0,4388.0,4524.7,False,,4388.0,SL,-41.1,-415.03,153
2026-03-24 01:35:00,2026-03-24 01:49:00,2026-03-24 02:37:00,EXTEND,long,4410.0,4390.6,4390.6,4455.0,False,,4455.0,TP,45.0,446.22,48
2026-03-24 02:45:00,2026-03-24 03:06:00,2026-03-24 03:13:00,EXTEND,long,4433.6,4411.3,4411.3,4485.6,False,,4411.3,SL,-22.3,-227.47,7
2026-03-24 03:45:00,2026-03-24 03:51:00,2026-03-24 04:00:00,EXTEND,long,4407.7,4393.9,4393.9,4439.7,False,,4393.9,SL,-13.8,-141.9,9
2026-03-24 07:40:00,2026-03-24 07:48:00,2026-03-24 08:15:00,EXTEND,short,4440.4,4450.7,4450.7,4416.5,False,,4416.5,TP,23.9,234.87,27
2026-03-24 10:10:00,2026-03-24 10:22:00,2026-03-24 10:34:00,EXTEND,short,4345.7,4370.3,4370.3,4288.6,False,,4370.3,SL,-24.6,-249.63,12
2026-03-24 11:45:00,2026-03-24 12:05:00,2026-03-24 13:05:00,EXTEND,short,4356.5,4369.6,4369.6,4326.2,False,,4326.2,TP,30.4,299.7,60
2026-03-24 13:05:00,2026-03-24 13:12:00,2026-03-24 13:40:00,BOS,short,4338.6,4350.2,4350.2,4311.7,False,,4350.2,SL,-11.6,-119.75,28
2026-03-24 14:45:00,2026-03-24 14:54:00,2026-03-24 14:56:00,EXTEND,short,4390.4,4399.6,4399.6,4369.0,False,,4399.6,SL,-9.2,-96.06,2
2026-03-24 15:50:00,2026-03-24 16:20:00,2026-03-24 19:01:00,EXTEND,long,4399.0,4375.5,4375.5,4453.5,False,,4375.5,SL,-23.5,-238.55,161
2026-03-24 19:00:00,2026-03-24 19:07:00,2026-03-24 21:34:00,MSS,short,4416.5,4442.9,4442.9,4355.0,False,,4355.0,TP,61.4,610.5,147
2026-03-24 21:45:00,2026-03-24 21:53:00,2026-03-24 22:00:00,EXTEND,short,4371.8,4385.0,4385.0,4341.2,False,,4385.0,SL,-13.2,-135.79,7
2026-03-24 22:50:00,2026-03-24 22:55:00,2026-03-24 23:09:00,BOS,long,4415.3,4403.3,4403.3,4443.2,False,,4403.3,SL,-12.0,-123.95,14
2026-03-24 23:45:00,2026-03-24 23:55:00,2026-03-24 23:56:00,EXTEND,long,4418.6,4410.5,4410.5,4437.4,False,,4410.5,SL,-8.1,-84.98,1
2026-03-25 00:05:00,2026-03-25 00:17:00,2026-03-25 01:05:00,EXTEND,short,4420.7,4431.7,4431.7,4395.0,False,,4395.0,TP,25.7,252.63,48
2026-03-25 01:45:00,2026-03-25 01:55:00,2026-03-25 02:25:00,EXTEND,short,4393.3,4406.9,4406.9,4361.8,False,,4406.9,SL,-13.6,-139.61,30
2026-03-25 02:35:00,2026-03-25 02:43:00,2026-03-25 04:23:00,EXTEND,long,4399.2,4383.6,4383.6,4435.4,False,,4435.4,TP,36.2,358.3,100
2026-03-25 08:45:00,2026-03-25 09:03:00,2026-03-25 09:31:00,EXTEND,long,4553.3,4541.2,4541.2,4581.5,False,,4581.5,TP,28.1,277.5,28
2026-03-25 09:50:00,2026-03-25 10:00:00,2026-03-25 10:09:00,EXTEND,long,4589.2,4582.4,4582.4,4605.1,False,,4582.4,SL,-6.8,-72.38,9
2026-03-25 10:10:00,2026-03-25 10:26:00,2026-03-25 10:46:00,EXTEND,short,4591.6,4600.3,4600.3,4571.3,False,,4600.3,SL,-8.7,-91.1,20
2026-03-25 11:45:00,2026-03-25 11:52:00,2026-03-25 13:17:00,EXTEND,short,4572.4,4576.4,4576.4,4563.1,False,,4563.1,TP,9.3,89.24,85
2026-03-25 13:30:00,2026-03-25 13:43:00,2026-03-25 14:09:00,EXTEND,short,4562.8,4572.0,4572.0,4541.5,False,,4541.5,TP,21.3,209.12,26
2026-03-25 14:10:00,2026-03-25 14:30:00,2026-03-25 16:20:00,EXTEND,short,4553.2,4566.2,4566.2,4522.9,False,,4566.2,SL,-13.0,-134.26,110
2026-03-25 16:20:00,2026-03-25 17:44:00,2026-03-25 17:48:00,EXTEND,long,4548.0,4535.6,4535.6,4576.9,False,,4535.6,SL,-12.4,-128.15,4
2026-03-25 17:45:00,2026-03-25 17:55:00,2026-03-25 19:05:00,EXTEND,short,4550.1,4565.0,4565.0,4515.3,False,,4565.0,SL,-14.9,-153.36,70
2026-03-25 19:35:00,2026-03-25 20:16:00,2026-03-25 20:20:00,EXTEND,long,4570.1,4560.5,4560.5,4592.5,False,,4560.5,SL,-9.6,-100.26,4
2026-03-25 20:30:00,2026-03-25 21:03:00,2026-03-26 03:09:00,EXTEND,short,4558.8,4582.8,4582.8,4503.0,False,,4503.0,TP,55.8,553.66,366
2026-03-26 03:40:00,2026-03-26 03:49:00,2026-03-26 03:59:00,MSS,long,4511.7,4503.6,4503.6,4530.7,False,,4530.7,TP,18.9,185.14,10
2026-03-26 07:40:00,2026-03-26 08:00:00,2026-03-26 08:02:00,EXTEND,short,4499.2,4508.3,4508.3,4478.1,False,,4508.3,SL,-9.1,-94.92,2
2026-03-26 08:45:00,2026-03-26 08:54:00,2026-03-26 09:00:00,BOS,long,4526.5,4521.5,4521.5,4538.3,False,,4538.3,TP,11.7,113.22,6
2026-03-26 09:00:00,2026-03-26 09:15:00,2026-03-26 09:47:00,EXTEND,long,4529.2,4521.5,4521.5,4547.0,False,,4521.5,SL,-7.7,-80.78,32
2026-03-26 09:45:00,2026-03-26 09:52:00,2026-03-26 10:35:00,MSS,short,4527.8,4533.0,4533.0,4515.7,False,,4515.7,TP,12.1,116.77,43
2026-03-26 12:45:00,2026-03-26 13:06:00,2026-03-26 13:10:00,EXTEND,long,4512.6,4507.6,4507.6,4524.4,False,,4507.6,SL,-5.0,-54.42,4
2026-03-26 18:25:00,2026-03-26 18:39:00,2026-03-26 20:02:00,EXTEND,long,4426.3,4414.5,4414.5,4453.7,False,,4414.5,SL,-11.8,-122.04,83
2026-03-26 20:00:00,2026-03-26 20:09:00,2026-03-26 21:23:00,EXTEND,short,4435.3,4449.0,4449.0,4403.5,False,,4449.0,SL,-13.7,-140.76,74
2026-03-26 21:20:00,2026-03-26 21:31:00,2026-03-26 21:36:00,MSS,long,4439.2,4431.7,4431.7,4456.6,False,,4431.7,SL,-7.5,-78.87,5
2026-03-26 21:35:00,2026-03-26 21:44:00,2026-03-26 21:45:00,MSS,short,4443.5,4451.3,4451.3,4425.4,False,,4451.3,SL,-7.8,-81.93,1
2026-03-26 22:35:00,2026-03-26 22:41:00,2026-03-26 22:54:00,EXTEND,long,4458.6,4448.0,4448.0,4483.3,False,,4448.0,SL,-10.6,-110.2,13
2026-03-26 22:55:00,2026-03-26 23:00:00,2026-03-26 23:39:00,EXTEND,short,4463.7,4477.0,4477.0,4432.9,False,,4432.9,TP,30.8,304.14,39
2026-03-27 01:05:00,2026-03-27 01:11:00,2026-03-27 01:23:00,MSS,long,4387.5,4380.7,4380.7,4403.3,False,,4380.7,SL,-6.8,-72.0,12
2026-03-27 01:25:00,2026-03-27 01:38:00,2026-03-27 02:20:00,MSS,short,4385.3,4393.1,4393.1,4367.1,False,,4367.1,TP,18.2,178.04,42
2026-03-27 02:20:00,2026-03-27 02:34:00,2026-03-27 02:40:00,BOS,short,4378.6,4387.7,4387.7,4357.6,False,,4387.7,SL,-9.1,-94.53,6
2026-03-27 03:10:00,2026-03-27 03:15:00,2026-03-27 03:32:00,EXTEND,short,4388.4,4394.6,4394.6,4373.9,False,,4373.9,TP,14.5,140.74,17
2026-03-27 03:30:00,2026-03-27 03:36:00,2026-03-27 03:51:00,EXTEND,short,4382.0,4388.6,4388.6,4366.6,False,,4366.6,TP,15.4,149.62,15
2026-03-27 07:10:00,2026-03-27 07:36:00,2026-03-27 08:23:00,EXTEND,short,4398.3,4407.3,4407.3,4377.5,False,,4377.5,TP,20.9,204.68,47
2026-03-27 08:55:00,2026-03-27 09:10:00,2026-03-27 09:31:00,EXTEND,short,4392.0,4406.0,4406.0,4359.5,False,,4406.0,SL,-14.0,-143.81,21
2026-03-27 11:05:00,2026-03-27 11:20:00,2026-03-27 11:39:00,EXTEND,short,4427.6,4435.4,4435.4,4409.6,False,,4435.4,SL,-7.8,-81.55,19
2026-03-27 13:40:00,2026-03-27 13:58:00,2026-03-27 16:17:00,EXTEND,long,4447.9,4434.8,4434.8,4478.5,False,,4434.8,SL,-13.1,-135.41,139
2026-03-27 17:10:00,2026-03-27 17:17:00,2026-03-27 18:42:00,EXTEND,short,4427.9,4435.1,4435.1,4411.2,False,,4411.2,TP,16.7,162.94,85
2026-03-27 19:05:00,2026-03-27 19:12:00,2026-03-27 19:38:00,EXTEND,short,4408.2,4413.9,4413.9,4395.0,False,,4413.9,SL,-5.7,-60.92,26
2026-03-27 19:50:00,2026-03-27 19:57:00,2026-03-27 20:08:00,BOS,long,4413.0,4408.4,4408.4,4423.6,False,,4408.4,SL,-4.6,-49.84,11
2026-03-27 20:15:00,2026-03-27 20:20:00,2026-03-27 20:50:00,EXTEND,long,4416.2,4408.4,4408.4,4434.3,False,,4434.4,TP,18.2,178.07,30
2026-03-27 21:10:00,2026-03-27 21:18:00,2026-03-27 21:28:00,EXTEND,short,4431.4,4439.3,4439.3,4413.0,False,,4413.0,TP,18.4,179.82,10
2026-03-27 21:30:00,2026-03-27 21:44:00,2026-03-27 21:48:00,EXTEND,short,4425.6,4436.4,4436.4,4400.6,False,,4436.4,SL,-10.8,-111.72,4
2026-03-27 22:15:00,2026-03-27 22:26:00,2026-03-27 22:50:00,BOS,long,4450.1,4440.4,4440.4,4472.8,False,,4472.8,TP,22.6,222.44,24
2026-03-27 23:55:00,2026-03-28 00:04:00,2026-03-28 00:33:00,MSS,short,4527.9,4533.8,4533.8,4514.2,False,,4514.2,TP,13.7,132.75,29
2026-03-28 00:40:00,2026-03-28 01:06:00,2026-03-28 01:18:00,EXTEND,short,4520.9,4531.3,4531.3,4496.9,False,,4496.9,TP,24.1,236.65,12
2026-03-28 01:55:00,2026-03-28 02:19:00,2026-03-28 02:37:00,EXTEND,short,4506.9,4521.0,4521.0,4474.1,False,,4521.0,SL,-14.1,-144.96,18
2026-03-28 03:05:00,2026-03-28 03:19:00,2026-03-28 04:44:00,EXTEND,short,4517.7,4526.2,4526.2,4497.9,False,,4497.9,TP,19.8,194.02,85
2026-03-30 07:05:00,2026-03-30 07:19:00,2026-03-30 07:32:00,BOS,short,4477.4,4487.3,4487.3,4454.4,False,,4454.4,TP,23.0,225.99,12
2026-03-30 08:10:00,2026-03-30 08:19:00,2026-03-30 08:21:00,EXTEND,short,4435.1,4448.2,4448.2,4404.8,False,,4451.7,SL,-16.6,-169.64,2
2026-03-30 08:25:00,2026-03-30 08:54:00,2026-03-30 09:35:00,EXTEND,long,4431.6,4414.0,4414.0,4472.4,False,,4472.4,TP,40.8,404.48,36
2026-03-30 10:20:00,2026-03-30 10:25:00,2026-03-30 10:30:00,MSS,short,4468.2,4471.0,4471.0,4461.6,False,,4471.3,SL,-3.1,-35.27,2
2026-03-30 14:45:00,2026-03-30 14:54:00,2026-03-30 15:00:00,EXTEND,long,4532.7,4524.5,4524.5,4551.8,False,,4524.5,SL,-8.2,-86.13,3
2026-03-30 15:30:00,2026-03-30 15:54:00,2026-03-30 16:06:00,EXTEND,short,4521.1,4526.4,4526.4,4508.6,False,,4527.7,SL,-6.6,-70.48,6
2026-03-30 19:50:00,2026-03-30 20:00:00,2026-03-30 21:45:00,EXTEND,long,4553.6,4538.7,4538.7,4588.4,False,,4538.7,SL,-14.9,-153.36,84
2026-03-30 23:55:00,2026-03-31 00:04:00,2026-03-31 01:16:00,EXTEND,long,4538.3,4527.6,4527.6,4563.0,False,,4520.3,SL,-18.0,-183.58,30
2026-04-07 19:30:00,2026-04-07 22:02:00,2026-04-07 22:06:00,MSS,long,4628.8,4616.5,4616.5,4657.5,False,,4616.5,SL,-12.3,-127.39,1
2026-04-29 08:50:00,2026-04-29 08:57:00,2026-04-29 09:01:00,BOS,short,4615.2,4618.7,4618.7,4607.0,False,,4607.0,TP,8.2,77.7,4
2026-04-29 09:40:00,2026-04-29 09:48:00,2026-04-29 10:01:00,MSS,long,4597.3,4592.4,4592.4,4608.8,False,,4608.8,TP,11.5,110.55,13
2026-04-29 10:40:00,2026-04-29 10:48:00,2026-04-29 10:53:00,EXTEND,short,4613.8,4616.9,4616.9,4606.6,False,,4606.6,TP,7.2,67.93,5
2026-04-29 10:55:00,2026-04-29 11:04:00,2026-04-29 11:13:00,EXTEND,short,4611.2,4614.8,4614.8,4602.9,False,,4614.8,SL,-3.6,-39.91,9
2026-04-29 11:15:00,2026-04-29 11:31:00,2026-04-29 13:03:00,EXTEND,long,4609.8,4605.4,4605.4,4620.0,False,,4620.0,TP,10.2,98.12,92
2026-04-29 13:35:00,2026-04-29 13:51:00,2026-04-29 14:00:00,EXTEND,short,4616.1,4621.3,4621.3,4603.9,False,,4603.9,TP,12.2,117.66,9
2026-04-29 14:00:00,2026-04-29 14:05:00,2026-04-29 14:16:00,EXTEND,short,4611.9,4616.9,4616.9,4600.3,False,,4600.3,TP,11.6,112.33,11
2026-04-29 15:00:00,2026-04-29 15:06:00,2026-04-29 15:09:00,MSS,long,4598.1,4594.9,4594.9,4605.6,False,,4594.9,SL,-3.2,-36.09,3
2026-04-29 16:35:00,2026-04-29 16:44:00,2026-04-29 16:46:00,EXTEND,short,4579.4,4584.9,4584.9,4566.6,False,,4584.9,SL,-5.5,-59.01,2
2026-04-29 17:15:00,2026-04-29 17:22:00,2026-04-29 17:25:00,BOS,long,4588.0,4584.5,4584.5,4596.1,False,,4584.5,SL,-3.5,-38.76,3
2026-04-29 17:55:00,2026-04-29 18:03:00,2026-04-29 18:15:00,EXTEND,short,4575.7,4582.8,4582.8,4559.1,False,,4582.8,SL,-7.1,-75.43,12
2026-04-29 18:30:00,2026-04-29 19:51:00,2026-04-29 20:34:00,EXTEND,long,4573.8,4564.1,4564.1,4596.4,False,,4564.1,SL,-9.7,-101.03,43
2026-04-29 20:55:00,2026-04-29 21:02:00,2026-04-29 21:20:00,EXTEND,short,4565.4,4573.0,4573.0,4547.6,False,,4547.6,TP,17.8,173.6,18
2026-04-29 22:35:00,2026-04-29 22:46:00,2026-04-29 23:06:00,EXTEND,long,4548.1,4543.2,4543.2,4559.5,False,,4559.5,TP,11.4,109.66,20
2026-04-29 23:05:00,2026-04-29 23:12:00,2026-04-29 23:37:00,EXTEND,long,4549.6,4543.2,4543.2,4564.5,False,,4564.5,TP,14.9,145.18,25
2026-04-29 23:45:00,2026-04-29 23:53:00,2026-04-30 00:03:00,EXTEND,long,4560.0,4552.7,4552.7,4576.8,False,,4576.8,TP,16.9,164.72,10
2026-04-30 00:05:00,2026-04-30 00:34:00,2026-04-30 02:00:00,EXTEND,long,4563.8,4554.8,4554.8,4584.6,False,,4554.8,SL,-9.0,-93.77,86
2026-04-30 02:00:00,2026-04-30 02:05:00,2026-04-30 02:14:00,BOS,short,4555.7,4561.8,4561.8,4541.6,False,,4541.6,TP,14.1,137.19,9
2026-04-30 02:10:00,2026-04-30 02:17:00,2026-04-30 02:45:00,EXTEND,short,4553.2,4561.8,4561.8,4533.1,False,,4533.1,TP,20.1,196.69,28
2026-04-30 02:45:00,2026-04-30 02:50:00,2026-04-30 02:56:00,EXTEND,short,4545.6,4554.0,4554.0,4526.2,False,,4554.0,SL,-8.4,-87.66,6
2026-04-30 03:15:00,2026-04-30 03:32:00,2026-04-30 07:48:00,EXTEND,long,4554.0,4547.3,4547.3,4569.7,False,,4569.7,TP,15.6,152.29,196
2026-04-30 08:00:00,2026-04-30 08:15:00,2026-04-30 09:27:00,EXTEND,long,4569.1,4561.5,4561.5,4586.9,False,,4586.9,TP,17.8,173.6,72
2026-04-30 09:30:00,2026-04-30 09:36:00,2026-04-30 10:35:00,EXTEND,long,4583.6,4577.5,4577.5,4597.7,False,,4577.5,SL,-6.1,-64.74,59
2026-04-30 12:30:00,2026-04-30 13:08:00,2026-04-30 13:24:00,EXTEND,short,4562.1,4568.3,4568.3,4547.7,False,,4568.3,SL,-6.2,-65.88,16
2026-04-30 17:05:00,2026-04-30 17:10:00,2026-04-30 17:27:00,BOS,long,4629.0,4627.1,4627.1,4633.6,False,,4633.6,TP,4.5,41.29,17
2026-04-30 17:30:00,2026-04-30 17:37:00,2026-04-30 18:27:00,EXTEND,long,4633.8,4627.5,4627.5,4648.6,False,,4648.6,TP,14.7,143.41,50
2026-04-30 19:05:00,2026-04-30 19:14:00,2026-04-30 19:27:00,EXTEND,long,4650.3,4645.3,4645.3,4661.8,False,,4645.3,SL,-5.0,-53.66,13
2026-04-30 20:00:00,2026-04-30 20:08:00,2026-04-30 20:30:00,MSS,long,4644.3,4641.0,4641.0,4652.0,False,,4641.0,SL,-3.3,-37.23,22
2026-04-30 20:30:00,2026-04-30 20:37:00,2026-04-30 20:58:00,MSS,short,4644.5,4650.5,4650.5,4630.7,False,,4650.5,SL,-6.0,-63.59,21
2026-04-30 22:35:00,2026-04-30 22:43:00,2026-05-01 00:17:00,BOS,short,4632.7,4638.9,4638.9,4618.5,False,,4618.5,TP,14.3,138.97,94
2026-05-01 00:15:00,2026-05-01 00:34:00,2026-05-01 00:50:00,BOS,short,4625.4,4630.1,4630.1,4614.5,False,,4630.1,SL,-4.7,-50.99,16
2026-05-01 00:55:00,2026-05-01 01:01:00,2026-05-01 01:05:00,BOS,short,4626.2,4630.8,4630.8,4615.4,False,,4630.8,SL,-4.6,-50.22,4
2026-05-01 02:15:00,2026-05-01 02:42:00,2026-05-01 03:32:00,EXTEND,long,4632.0,4628.0,4628.0,4641.5,False,,4628.0,SL,-4.0,-44.49,50
2026-05-01 07:35:00,2026-05-01 07:45:00,2026-05-01 07:57:00,EXTEND,long,4643.3,4641.1,4641.1,4648.3,False,,4641.1,SL,-2.2,-25.77,12
2026-05-01 08:00:00,2026-05-01 08:06:00,2026-05-01 08:36:00,EXTEND,short,4642.4,4646.8,4646.8,4632.2,False,,4632.2,TP,10.2,98.12,30
2026-05-01 09:20:00,2026-05-01 09:39:00,2026-05-01 10:09:00,EXTEND,short,4633.3,4637.9,4637.9,4622.7,False,,4637.9,SL,-4.6,-49.84,30
2026-05-01 10:15:00,2026-05-01 10:42:00,2026-05-01 10:52:00,EXTEND,long,4637.1,4630.5,4630.5,4652.6,False,,4630.5,SL,-6.6,-70.47,10
2026-05-01 10:55:00,2026-05-01 11:29:00,2026-05-01 11:35:00,EXTEND,short,4637.3,4643.1,4643.1,4623.9,False,,4643.1,SL,-5.8,-61.68,6
2026-05-01 12:00:00,2026-05-01 12:06:00,2026-05-01 12:07:00,BOS,short,4638.0,4639.8,4639.8,4633.7,False,,4633.7,TP,4.3,38.62,1
2026-05-01 13:25:00,2026-05-01 13:38:00,2026-05-01 13:45:00,EXTEND,long,4622.1,4618.7,4618.7,4630.1,False,,4618.7,SL,-3.4,-38.38,7
2026-05-01 17:55:00,2026-05-01 18:08:00,2026-05-01 18:30:00,EXTEND,short,4579.0,4584.3,4584.3,4566.5,False,,4584.3,SL,-5.3,-57.48,22
2026-05-01 19:55:00,2026-05-01 20:02:00,2026-05-01 20:13:00,EXTEND,long,4586.5,4583.9,4583.9,4592.5,False,,4592.5,TP,6.0,56.38,11
2026-05-01 20:25:00,2026-05-01 21:16:00,2026-05-01 21:54:00,EXTEND,long,4598.7,4586.1,4586.1,4628.1,False,,4628.1,TP,29.4,289.93,38
2026-05-01 23:05:00,2026-05-01 23:12:00,2026-05-01 23:14:00,EXTEND,short,4640.7,4647.1,4647.1,4625.9,False,,4647.1,SL,-6.4,-67.79,2
2026-05-01 23:45:00,2026-05-01 23:50:00,2026-05-01 23:50:00,EXTEND,long,4651.4,4646.4,4646.4,4662.9,False,,4646.4,SL,-5.0,-53.66,0
2026-05-02 00:10:00,2026-05-02 00:15:00,2026-05-02 00:16:00,EXTEND,short,4655.5,4659.4,4659.4,4646.3,False,,4659.4,SL,-3.9,-43.35,1
2026-05-02 00:15:00,2026-05-02 00:23:00,2026-05-02 00:25:00,MSS,long,4653.9,4649.1,4649.1,4665.0,False,,4649.1,SL,-4.8,-51.75,2
2026-05-02 01:40:00,2026-05-02 01:53:00,2026-05-02 02:05:00,EXTEND,short,4646.8,4651.9,4651.9,4635.0,False,,4635.0,TP,11.8,114.1,12
2026-05-02 03:00:00,2026-05-02 03:10:00,2026-05-02 03:12:00,BOS,short,4635.5,4637.9,4637.9,4629.8,False,,4637.9,SL,-2.4,-28.45,2
2026-05-04 08:00:00,2026-05-04 08:07:00,2026-05-04 09:04:00,MSS,short,4623.7,4628.6,4628.6,4612.3,False,,4612.3,TP,11.4,109.66,57
2026-05-04 09:30:00,2026-05-04 09:37:00,2026-05-04 09:50:00,EXTEND,short,4611.1,4615.8,4615.8,4600.3,False,,4615.8,SL,-4.7,-50.6,13
2026-05-04 10:00:00,2026-05-04 10:16:00,2026-05-04 10:28:00,EXTEND,long,4613.6,4603.6,4603.6,4637.0,False,,4603.6,SL,-10.0,-104.47,12
2026-05-04 11:40:00,2026-05-04 11:45:00,2026-05-04 11:46:00,EXTEND,short,4617.6,4622.6,4622.6,4605.8,False,,4622.6,SL,-5.0,-54.42,1
2026-05-04 11:55:00,2026-05-04 12:55:00,2026-05-04 13:27:00,EXTEND,long,4616.7,4609.4,4609.4,4633.7,False,,4609.4,SL,-7.3,-76.96,32
2026-05-04 14:00:00,2026-05-04 14:09:00,2026-05-04 14:33:00,BOS,short,4608.9,4613.1,4613.1,4599.3,False,,4599.3,TP,9.7,92.79,24
2026-05-04 16:40:00,2026-05-04 16:50:00,2026-05-04 17:14:00,EXTEND,long,4587.8,4584.6,4584.6,4595.1,False,,4595.1,TP,7.4,69.7,24
2026-05-04 17:15:00,2026-05-04 17:51:00,2026-05-04 17:57:00,EXTEND,long,4590.1,4586.7,4586.7,4598.0,False,,4586.7,SL,-3.4,-38.0,6
2026-05-04 18:20:00,2026-05-04 18:39:00,2026-05-05 00:07:00,EXTEND,short,4572.8,4595.6,4595.6,4519.7,False,,4519.7,TP,53.1,527.02,328
2026-05-05 00:10:00,2026-05-05 00:21:00,2026-05-05 10:43:00,EXTEND,short,4537.1,4553.8,4553.8,4498.4,False,,4553.8,SL,-16.7,-170.55,562
2026-05-05 10:45:00,2026-05-05 10:56:00,2026-05-05 11:56:00,EXTEND,long,4548.6,4544.0,4544.0,4559.4,False,,4544.0,SL,-4.6,-50.22,60
2026-05-05 12:30:00,2026-05-05 13:04:00,2026-05-05 13:08:00,EXTEND,short,4546.1,4551.8,4551.8,4532.9,False,,4551.8,SL,-5.7,-60.92,4
2026-05-05 13:05:00,2026-05-05 13:18:00,2026-05-05 13:35:00,MSS,long,4545.6,4539.9,4539.9,4558.7,False,,4558.7,TP,13.1,127.42,17
2026-05-05 14:00:00,2026-05-05 14:06:00,2026-05-05 14:24:00,EXTEND,long,4551.2,4544.8,4544.8,4566.0,False,,4544.8,SL,-6.4,-67.79,18
2026-05-05 14:20:00,2026-05-05 14:36:00,2026-05-05 15:00:00,EXTEND,short,4554.5,4561.5,4561.5,4538.3,False,,4561.5,SL,-7.0,-73.91,24
2026-05-05 15:20:00,2026-05-05 15:26:00,2026-05-05 15:36:00,EXTEND,long,4560.1,4556.8,4556.8,4567.8,False,,4567.8,TP,7.7,73.26,10
2026-05-05 15:55:00,2026-05-05 16:13:00,2026-05-05 16:57:00,EXTEND,short,4562.5,4568.3,4568.3,4549.0,False,,4568.3,SL,-5.8,-62.06,44
2026-05-05 17:05:00,2026-05-05 17:29:00,2026-05-05 18:29:00,EXTEND,long,4562.6,4557.7,4557.7,4574.0,False,,4557.7,SL,-4.9,-52.9,60
2026-05-05 18:25:00,2026-05-05 18:34:00,2026-05-05 18:44:00,BOS,short,4562.0,4565.3,4565.3,4554.4,False,,4554.4,TP,7.6,72.37,10
2026-05-05 18:50:00,2026-05-05 19:08:00,2026-05-05 19:16:00,EXTEND,short,4559.0,4564.5,4564.5,4546.1,False,,4564.5,SL,-5.5,-59.39,8
2026-05-05 20:00:00,2026-05-05 20:06:00,2026-05-05 20:06:00,MSS,short,4569.7,4573.0,4573.0,4562.0,False,,4573.0,SL,-3.3,-37.23,0
2026-05-05 20:30:00,2026-05-05 20:51:00,2026-05-05 21:09:00,EXTEND,long,4572.3,4564.3,4564.3,4591.0,False,,4591.0,TP,18.6,182.48,18
2026-05-05 21:40:00,2026-05-05 21:50:00,2026-05-05 21:53:00,EXTEND,short,4588.4,4592.4,4592.4,4579.2,False,,4592.4,SL,-4.0,-43.73,3
2026-05-05 22:15:00,2026-05-05 22:23:00,2026-05-05 22:25:00,EXTEND,short,4587.9,4595.1,4595.1,4571.2,False,,4595.1,SL,-7.2,-75.82,2
2026-05-05 23:00:00,2026-05-05 23:17:00,2026-05-05 23:27:00,MSS,long,4589.6,4586.3,4586.3,4597.2,False,,4586.3,SL,-3.3,-36.85,10
2026-05-06 01:10:00,2026-05-06 01:18:00,2026-05-06 02:14:00,EXTEND,short,4569.9,4573.8,4573.8,4561.0,False,,4573.8,SL,-3.9,-42.58,56
2026-05-06 02:15:00,2026-05-06 02:31:00,2026-05-06 02:40:00,EXTEND,long,4571.3,4568.4,4568.4,4578.2,False,,4568.4,SL,-2.9,-33.41,9
2026-05-06 02:45:00,2026-05-06 02:53:00,2026-05-06 03:09:00,EXTEND,long,4571.4,4568.4,4568.4,4578.3,False,,4568.4,SL,-3.0,-33.8,16
2026-05-06 03:45:00,2026-05-06 03:50:00,2026-05-06 03:51:00,MSS,long,4567.5,4566.2,4566.2,4570.6,False,,4566.2,SL,-1.3,-17.37,1
2026-05-06 09:00:00,2026-05-06 09:06:00,2026-05-06 09:47:00,EXTEND,long,4624.0,4618.0,4618.0,4638.1,False,,4638.1,TP,14.0,136.3,41
2026-05-06 09:45:00,2026-05-06 09:54:00,2026-05-06 10:08:00,BOS,long,4634.3,4631.1,4631.1,4641.8,False,,4641.8,TP,7.5,70.59,14
2026-05-06 10:15:00,2026-05-06 10:30:00,2026-05-06 10:57:00,EXTEND,long,4637.0,4631.1,4631.1,4650.8,False,,4650.8,TP,13.8,133.64,27
2026-05-06 11:20:00,2026-05-06 11:31:00,2026-05-06 13:04:00,EXTEND,long,4653.1,4648.2,4648.2,4664.3,False,,4664.3,TP,11.3,108.78,93
2026-05-06 13:05:00,2026-05-06 13:30:00,2026-05-06 13:33:00,EXTEND,long,4660.4,4655.9,4655.9,4671.0,False,,4655.9,SL,-4.5,-49.46,3
2026-05-06 13:30:00,2026-05-06 13:44:00,2026-05-06 13:55:00,MSS,short,4661.9,4666.3,4666.3,4651.8,False,,4666.3,SL,-4.4,-47.55,11
2026-05-06 15:15:00,2026-05-06 15:26:00,2026-05-06 15:45:00,EXTEND,short,4676.5,4681.5,4681.5,4664.9,False,,4681.5,SL,-5.0,-54.04,19
2026-05-06 16:35:00,2026-05-06 16:42:00,2026-05-06 16:48:00,EXTEND,short,4688.1,4691.4,4691.4,4680.5,False,,4691.4,SL,-3.3,-36.85,6
2026-05-06 18:50:00,2026-05-06 19:02:00,2026-05-06 19:29:00,BOS,long,4724.8,4718.8,4718.8,4738.9,False,,4718.8,SL,-6.0,-64.36,27
2026-05-06 19:25:00,2026-05-06 19:34:00,2026-05-06 19:43:00,MSS,short,4726.7,4732.9,4732.9,4712.5,False,,4712.5,TP,14.3,138.97,9
2026-05-06 21:05:00,2026-05-06 21:14:00,2026-05-06 21:32:00,BOS,short,4694.3,4703.5,4703.5,4672.8,False,,4703.5,SL,-9.2,-96.44,18
2026-05-06 21:45:00,2026-05-06 21:50:00,2026-05-06 21:53:00,BOS,long,4707.4,4704.1,4704.1,4715.1,False,,4715.1,TP,7.7,73.26,3
2026-05-06 22:00:00,2026-05-06 22:07:00,2026-05-06 22:15:00,EXTEND,long,4710.8,4704.1,4704.1,4726.5,False,,4726.5,TP,15.6,152.29,8
2026-05-06 22:15:00,2026-05-06 22:29:00,2026-05-06 23:12:00,EXTEND,long,4716.2,4708.4,4708.4,4734.3,False,,4708.4,SL,-7.8,-81.93,43
2026-05-06 23:10:00,2026-05-06 23:20:00,2026-05-06 23:43:00,EXTEND,short,4713.4,4718.7,4718.7,4701.0,False,,4701.0,TP,12.3,119.43,23
2026-05-07 00:05:00,2026-05-07 00:30:00,2026-05-07 03:10:00,BOS,short,4701.3,4706.6,4706.6,4688.9,False,,4706.6,SL,-5.3,-57.1,160
2026-05-07 03:20:00,2026-05-07 07:23:00,2026-05-07 08:42:00,EXTEND,long,4701.7,4695.7,4695.7,4715.6,False,,4695.7,SL,-6.0,-63.97,79
2026-05-07 10:30:00,2026-05-07 10:42:00,2026-05-07 10:56:00,BOS,short,4713.5,4716.7,4716.7,4705.9,False,,4716.7,SL,-3.2,-36.47,14
2026-05-07 12:35:00,2026-05-07 12:40:00,2026-05-07 12:40:00,EXTEND,short,4704.6,4707.0,4707.0,4699.0,False,,4707.0,SL,-2.4,-28.07,0
2026-05-07 13:00:00,2026-05-07 13:18:00,2026-05-07 13:32:00,MSS,long,4705.4,4702.5,4702.5,4712.0,False,,4712.0,TP,6.7,62.6,14
2026-05-07 13:55:00,2026-05-07 14:00:00,2026-05-07 14:02:00,MSS,short,4712.9,4715.3,4715.3,4707.3,False,,4715.3,SL,-2.4,-28.07,2
2026-05-07 15:00:00,2026-05-07 15:07:00,2026-05-07 15:11:00,MSS,short,4752.2,4759.2,4759.2,4735.8,False,,4759.2,SL,-7.0,-74.29,4
2026-05-07 16:05:00,2026-05-07 16:14:00,2026-05-07 16:18:00,EXTEND,long,4753.1,4746.6,4746.6,4768.2,False,,4746.6,SL,-6.5,-68.94,4
2026-05-07 17:00:00,2026-05-07 17:07:00,2026-05-07 17:17:00,EXTEND,short,4741.3,4747.1,4747.1,4727.8,False,,4747.1,SL,-5.8,-62.06,10
2026-05-07 17:55:00,2026-05-07 18:12:00,2026-05-07 18:44:00,BOS,short,4744.0,4749.3,4749.3,4731.5,False,,4749.3,SL,-5.3,-57.48,32
2026-05-07 18:40:00,2026-05-07 19:09:00,2026-05-07 19:16:00,EXTEND,long,4741.9,4737.3,4737.3,4752.5,False,,4737.3,SL,-4.6,-49.84,7
2026-05-07 20:15:00,2026-05-07 20:22:00,2026-05-07 20:25:00,EXTEND,long,4748.3,4743.1,4743.1,4760.5,False,,4743.1,SL,-5.2,-56.33,3
2026-05-07 20:45:00,2026-05-07 21:01:00,2026-05-07 21:13:00,EXTEND,long,4749.8,4741.9,4741.9,4768.3,False,,4741.9,SL,-7.9,-83.46,12
2026-05-07 21:10:00,2026-05-07 21:24:00,2026-05-07 21:32:00,EXTEND,short,4754.3,4762.7,4762.7,4734.8,False,,4762.7,SL,-8.4,-88.04,8
2026-05-07 21:30:00,2026-05-07 21:47:00,2026-05-07 23:52:00,MSS,long,4751.3,4740.7,4740.7,4775.9,False,,4740.7,SL,-10.6,-109.81,125
2026-05-08 00:50:00,2026-05-08 00:57:00,2026-05-08 01:08:00,MSS,long,4723.0,4720.3,4720.3,4729.3,False,,4729.3,TP,6.3,59.05,11
2026-05-08 01:05:00,2026-05-08 01:12:00,2026-05-08 01:18:00,EXTEND,long,4723.8,4720.3,4720.3,4732.0,False,,4720.3,SL,-3.5,-39.14,6
2026-05-08 01:15:00,2026-05-08 01:23:00,2026-05-08 01:25:00,MSS,short,4724.1,4729.5,4729.5,4711.6,False,,4729.5,SL,-5.4,-57.86,2
2026-05-08 01:25:00,2026-05-08 01:40:00,2026-05-08 04:02:00,BOS,short,4715.3,4726.7,4726.7,4688.9,False,,4726.7,SL,-11.4,-117.84,142
2026-05-08 08:05:00,2026-05-08 08:13:00,2026-05-08 08:15:00,BOS,long,4713.0,4710.0,4710.0,4719.9,False,,4710.0,SL,-3.0,-33.8,2
2026-05-08 08:15:00,2026-05-08 08:23:00,2026-05-08 09:01:00,MSS,short,4712.6,4718.7,4718.7,4698.4,False,,4718.7,SL,-6.1,-65.12,38
2026-05-08 09:05:00,2026-05-08 09:37:00,2026-05-08 10:02:00,EXTEND,long,4714.1,4705.5,4705.5,4734.2,False,,4734.2,TP,20.1,196.69,25
2026-05-08 10:00:00,2026-05-08 10:35:00,2026-05-08 15:23:00,BOS,long,4724.0,4713.4,4713.4,4748.6,False,,4713.4,SL,-10.6,-109.81,288
2026-05-08 15:45:00,2026-05-08 15:52:00,2026-05-08 16:06:00,MSS,long,4718.1,4715.7,4715.7,4723.7,False,,4715.7,SL,-2.4,-28.07,14
2026-05-08 16:35:00,2026-05-08 17:32:00,2026-05-08 18:39:00,EXTEND,long,4722.2,4715.6,4715.6,4737.4,False,,4737.4,TP,15.3,148.74,67
2026-05-08 18:35:00,2026-05-08 18:45:00,2026-05-08 18:49:00,MSS,long,4732.9,4729.9,4729.9,4739.8,False,,4729.9,SL,-3.0,-33.8,4
2026-05-08 18:55:00,2026-05-08 19:01:00,2026-05-08 20:06:00,EXTEND,short,4732.7,4737.7,4737.7,4720.9,False,,4720.9,TP,11.7,113.22,65
2026-05-08 20:15:00,2026-05-08 20:30:00,2026-05-08 20:33:00,EXTEND,short,4723.1,4729.9,4729.9,4707.3,False,,4729.9,SL,-6.8,-72.0,3
2026-05-08 22:00:00,2026-05-08 22:07:00,2026-05-08 22:29:00,EXTEND,long,4738.9,4725.8,4725.8,4769.4,False,,4725.8,SL,-13.1,-135.03,22
2026-05-08 23:30:00,2026-05-08 23:36:00,2026-05-09 01:28:00,EXTEND,short,4724.2,4730.8,4730.8,4709.0,False,,4730.8,SL,-6.6,-69.7,112
2026-05-09 01:50:00,2026-05-09 01:57:00,2026-05-09 02:00:00,BOS,long,4729.8,4728.8,4728.8,4732.1,False,,4732.1,TP,2.3,19.09,3
2026-05-09 02:15:00,2026-05-09 02:48:00,2026-05-09 04:10:00,EXTEND,long,4732.5,4728.8,4728.8,4741.1,False,,4728.8,SL,-3.7,-41.05,82
2026-05-11 07:00:00,2026-05-11 07:11:00,2026-05-11 08:00:00,MSS,long,4699.1,4695.1,4695.1,4708.4,False,,4695.1,SL,-4.0,-44.11,49
2026-05-11 08:20:00,2026-05-11 08:31:00,2026-05-11 09:05:00,EXTEND,short,4698.6,4707.3,4707.3,4678.2,False,,4707.3,SL,-8.7,-91.48,34
2026-05-11 09:20:00,2026-05-11 09:40:00,2026-05-11 09:56:00,MSS,long,4699.6,4690.4,4690.4,4720.9,False,,4690.4,SL,-9.2,-95.68,16
2026-05-11 09:55:00,2026-05-11 10:01:00,2026-05-11 10:37:00,EXTEND,short,4698.6,4704.9,4704.9,4684.1,False,,4704.9,SL,-6.3,-66.65,36
2026-05-11 10:35:00,2026-05-11 10:44:00,2026-05-11 10:50:00,MSS,long,4697.9,4691.1,4691.1,4713.8,False,,4691.1,SL,-6.8,-72.38,6
2026-05-11 13:30:00,2026-05-11 13:38:00,2026-05-11 13:42:00,MSS,long,4681.6,4678.3,4678.3,4689.3,False,,4678.3,SL,-3.3,-37.23,4
2026-05-11 13:55:00,2026-05-11 14:17:00,2026-05-11 14:54:00,EXTEND,short,4675.8,4688.4,4688.4,4646.6,False,,4688.4,SL,-12.6,-129.68,37
2026-05-11 14:50:00,2026-05-11 15:47:00,2026-05-11 17:23:00,BOS,long,4677.9,4671.3,4671.3,4693.4,False,,4671.3,SL,-6.6,-70.47,96
2026-05-11 17:30:00,2026-05-11 17:44:00,2026-05-11 19:03:00,EXTEND,short,4671.0,4678.5,4678.5,4653.5,False,,4678.5,SL,-7.5,-79.25,79
2026-05-11 19:00:00,2026-05-11 19:12:00,2026-05-11 19:38:00,BOS,long,4675.3,4671.9,4671.9,4683.3,False,,4683.3,TP,8.0,75.92,26
2026-05-11 19:40:00,2026-05-11 19:53:00,2026-05-11 20:13:00,EXTEND,long,4679.9,4676.0,4676.0,4688.8,False,,4676.0,SL,-3.9,-42.58,20
2026-05-11 20:10:00,2026-05-11 20:18:00,2026-05-11 20:21:00,EXTEND,short,4681.1,4684.5,4684.5,4673.3,False,,4684.5,SL,-3.4,-37.62,3
2026-05-11 22:30:00,2026-05-11 22:43:00,2026-05-12 06:44:00,EXTEND,short,4743.1,4754.6,4754.6,4716.5,False,,4754.6,SL,-11.5,-118.6,421
2026-05-12 07:30:00,2026-05-12 07:37:00,2026-05-12 07:48:00,BOS,long,4763.1,4760.0,4760.0,4770.2,False,,4770.2,TP,7.1,67.04,11
2026-05-12 08:15:00,2026-05-12 08:22:00,2026-05-12 08:23:00,BOS,long,4773.9,4768.0,4768.0,4787.7,False,,4768.0,SL,-5.9,-63.21,1
2026-05-12 10:10:00,2026-05-12 10:15:00,2026-05-12 10:21:00,MSS,long,4738.1,4734.7,4734.7,4745.9,False,,4734.7,SL,-3.4,-37.62,6
2026-05-12 10:45:00,2026-05-12 11:19:00,2026-05-12 11:45:00,EXTEND,long,4735.8,4731.4,4731.4,4746.0,False,,4731.4,SL,-4.4,-47.93,26
2026-05-12 11:55:00,2026-05-12 12:15:00,2026-05-12 12:16:00,EXTEND,short,4733.1,4736.9,4736.9,4724.3,False,,4736.9,SL,-3.8,-41.82,1
2026-05-12 12:15:00,2026-05-12 12:23:00,2026-05-12 12:47:00,MSS,long,4733.6,4730.0,4730.0,4741.9,False,,4730.0,SL,-3.6,-39.91,24
2026-05-12 13:10:00,2026-05-12 13:30:00,2026-05-12 14:00:00,EXTEND,short,4728.7,4735.7,4735.7,4712.5,False,,4712.5,TP,16.3,158.5,30
2026-05-12 15:05:00,2026-05-12 15:11:00,2026-05-12 16:01:00,EXTEND,short,4705.4,4713.0,4713.0,4687.9,False,,4713.0,SL,-7.6,-79.64,50
2026-05-12 16:00:00,2026-05-12 16:10:00,2026-05-12 16:15:00,MSS,long,4709.1,4705.7,4705.7,4717.1,False,,4705.7,SL,-3.4,-38.38,5
2026-05-12 17:25:00,2026-05-12 17:30:00,2026-05-12 17:44:00,EXTEND,short,4710.9,4714.4,4714.4,4702.7,False,,4702.7,TP,8.2,77.7,14
2026-05-12 17:40:00,2026-05-12 17:49:00,2026-05-12 18:07:00,MSS,short,4709.3,4713.5,4713.5,4699.5,False,,4713.5,SL,-4.2,-46.02,18
2026-05-12 18:10:00,2026-05-12 18:16:00,2026-05-12 18:32:00,EXTEND,long,4708.1,4702.5,4702.5,4721.2,False,,4702.5,SL,-5.6,-60.15,16
2026-05-12 18:35:00,2026-05-12 19:29:00,2026-05-12 19:57:00,MSS,short,4707.4,4717.2,4717.2,4684.7,False,,4717.2,SL,-9.8,-101.79,28
2026-05-12 20:30:00,2026-05-12 20:39:00,2026-05-12 20:43:00,BOS,short,4709.0,4716.3,4716.3,4691.9,False,,4716.3,SL,-7.3,-77.34,4
2026-05-12 21:40:00,2026-05-12 21:48:00,2026-05-12 21:58:00,EXTEND,long,4698.9,4692.4,4692.4,4714.1,False,,4692.4,SL,-6.5,-69.32,10
2026-05-12 21:55:00,2026-05-12 22:03:00,2026-05-12 22:57:00,MSS,short,4699.9,4709.5,4709.5,4677.5,False,,4677.5,TP,22.4,219.78,54
2026-05-12 23:25:00,2026-05-12 23:45:00,2026-05-13 02:32:00,EXTEND,short,4676.4,4695.6,4695.6,4631.7,False,,4695.6,SL,-19.2,-196.15,167
2026-05-13 07:05:00,2026-05-13 07:13:00,2026-05-13 07:48:00,EXTEND,long,4726.5,4723.2,4723.2,4734.2,False,,4723.2,SL,-3.3,-37.23,35
2026-05-13 07:45:00,2026-05-13 07:53:00,2026-05-13 08:03:00,MSS,short,4727.0,4729.5,4729.5,4721.1,False,,4729.5,SL,-2.5,-29.21,10
2026-05-13 08:05:00,2026-05-13 08:33:00,2026-05-13 08:54:00,EXTEND,long,4727.7,4722.9,4722.9,4738.8,False,,4722.9,SL,-4.8,-51.75,21
2026-05-13 09:35:00,2026-05-13 09:42:00,2026-05-13 10:30:00,EXTEND,short,4718.9,4724.5,4724.5,4705.8,False,,4705.8,TP,13.1,126.54,48
2026-05-13 11:35:00,2026-05-13 11:56:00,2026-05-13 14:09:00,EXTEND,long,4703.8,4697.0,4697.0,4719.6,False,,4719.6,TP,15.8,154.06,133
2026-05-13 14:15:00,2026-05-13 14:52:00,2026-05-13 16:26:00,EXTEND,long,4711.2,4703.8,4703.8,4728.4,False,,4703.8,SL,-7.4,-78.11,94
2026-05-13 16:55:00,2026-05-13 17:07:00,2026-05-13 17:14:00,EXTEND,long,4705.1,4702.0,4702.0,4712.4,False,,4702.0,SL,-3.1,-35.32,7
2026-05-13 17:20:00,2026-05-13 17:49:00,2026-05-13 18:08:00,EXTEND,short,4703.4,4710.2,4710.2,4687.6,False,,4710.2,SL,-6.8,-72.0,19
2026-05-13 20:00:00,2026-05-13 20:07:00,2026-05-13 20:15:00,EXTEND,short,4709.4,4713.9,4713.9,4699.0,False,,4699.0,TP,10.4,99.9,8
2026-05-13 21:20:00,2026-05-13 21:31:00,2026-05-13 21:36:00,EXTEND,long,4691.9,4685.7,4685.7,4706.3,False,,4685.7,SL,-6.2,-65.88,5
2026-05-13 21:45:00,2026-05-13 22:26:00,2026-05-13 23:34:00,EXTEND,short,4692.0,4701.9,4701.9,4669.1,False,,4701.9,SL,-9.9,-102.56,68
2026-05-14 00:25:00,2026-05-14 00:34:00,2026-05-14 00:50:00,EXTEND,long,4710.6,4706.1,4706.1,4721.1,False,,4706.1,SL,-4.5,-49.08,16
2026-05-14 02:00:00,2026-05-14 02:08:00,2026-05-14 02:46:00,EXTEND,short,4698.6,4702.5,4702.5,4689.7,False,,4689.7,TP,9.0,85.69,38
2026-05-14 02:45:00,2026-05-14 02:54:00,2026-05-14 04:24:00,EXTEND,short,4695.0,4700.9,4700.9,4681.2,False,,4700.9,SL,-5.9,-63.21,90
2026-05-14 07:10:00,2026-05-14 07:31:00,2026-05-14 08:59:00,EXTEND,long,4700.7,4695.6,4695.6,4712.6,False,,4712.6,TP,11.9,114.99,88
2026-05-14 08:55:00,2026-05-14 09:01:00,2026-05-14 09:03:00,BOS,long,4709.2,4706.3,4706.3,4716.0,False,,4706.3,SL,-2.9,-33.03,2
2026-05-14 09:40:00,2026-05-14 10:34:00,2026-05-14 11:41:00,EXTEND,short,4704.8,4713.9,4713.9,4683.5,False,,4683.5,TP,21.2,208.23,67
2026-05-14 12:00:00,2026-05-14 12:19:00,2026-05-14 12:25:00,EXTEND,short,4689.4,4699.5,4699.5,4665.8,False,,4699.5,SL,-10.1,-105.23,6
2026-05-14 13:25:00,2026-05-14 13:30:00,2026-05-14 13:59:00,EXTEND,short,4707.0,4711.3,4711.3,4697.1,False,,4697.1,TP,9.9,95.46,29
2026-05-14 14:10:00,2026-05-14 14:44:00,2026-05-14 15:27:00,EXTEND,short,4703.6,4710.4,4710.4,4687.9,False,,4710.4,SL,-6.8,-71.61,43
2026-05-14 15:35:00,2026-05-14 15:50:00,2026-05-14 15:58:00,EXTEND,long,4710.3,4700.7,4700.7,4732.6,False,,4700.7,SL,-9.6,-99.88,8
2026-05-14 16:35:00,2026-05-14 16:41:00,2026-05-14 16:43:00,EXTEND,long,4708.0,4704.4,4704.4,4716.2,False,,4704.4,SL,-3.6,-39.53,2
2026-05-14 18:20:00,2026-05-14 18:26:00,2026-05-14 18:52:00,EXTEND,short,4704.4,4707.2,4707.2,4698.1,False,,4698.1,TP,6.4,59.94,26
2026-05-14 18:50:00,2026-05-14 18:55:00,2026-05-14 19:51:00,EXTEND,short,4703.5,4707.2,4707.2,4695.0,False,,4707.2,SL,-3.7,-40.67,56
2026-05-14 19:50:00,2026-05-14 19:59:00,2026-05-14 20:35:00,MSS,long,4701.7,4695.7,4695.7,4715.5,False,,4715.5,TP,13.9,134.53,36
2026-05-14 20:35:00,2026-05-14 20:44:00,2026-05-14 21:19:00,EXTEND,long,4705.7,4698.7,4698.7,4721.8,False,,4698.7,SL,-7.0,-73.52,35
2026-05-14 21:40:00,2026-05-14 21:49:00,2026-05-15 03:45:00,EXTEND,short,4696.3,4711.7,4711.7,4660.4,False,,4660.4,TP,35.9,354.75,356
2026-05-15 07:00:00,2026-05-15 07:10:00,2026-05-15 07:15:00,EXTEND,long,4663.7,4661.2,4661.2,4669.6,False,,4661.2,SL,-2.5,-29.21,5
2026-05-15 07:20:00,2026-05-15 07:26:00,2026-05-15 07:28:00,EXTEND,short,4664.7,4667.8,4667.8,4657.4,False,,4667.8,SL,-3.1,-35.32,2
2026-05-15 07:25:00,2026-05-15 07:31:00,2026-05-15 07:31:00,MSS,long,4663.2,4659.6,4659.6,4671.5,False,,4659.6,SL,-3.6,-39.91,0
2026-05-15 08:00:00,2026-05-15 08:15:00,2026-05-15 08:25:00,EXTEND,short,4660.4,4669.0,4669.0,4640.4,False,,4640.4,TP,20.0,195.8,10
2026-05-15 08:55:00,2026-05-15 09:00:00,2026-05-15 09:06:00,MSS,long,4627.1,4621.8,4621.8,4639.6,False,,4621.8,SL,-5.3,-57.48,6
2026-05-15 09:10:00,2026-05-15 09:20:00,2026-05-15 13:01:00,EXTEND,short,4627.4,4636.7,4636.7,4605.8,False,,4605.8,TP,21.6,211.78,221
2026-05-15 13:45:00,2026-05-15 13:50:00,2026-05-15 13:59:00,BOS,short,4574.4,4579.8,4579.8,4561.9,False,,4561.9,TP,12.5,121.21,9
2026-05-15 14:00:00,2026-05-15 14:05:00,2026-05-15 14:15:00,EXTEND,short,4570.6,4577.2,4577.2,4555.4,False,,4577.2,SL,-6.6,-69.7,10
2026-05-15 14:45:00,2026-05-15 15:09:00,2026-05-15 15:10:00,EXTEND,short,4578.6,4584.9,4584.9,4564.1,False,,4584.9,SL,-6.3,-66.65,1
2026-05-15 15:20:00,2026-05-15 15:49:00,2026-05-15 16:01:00,EXTEND,long,4578.9,4569.8,4569.8,4599.9,False,,4569.8,SL,-9.1,-94.53,12
2026-05-15 16:45:00,2026-05-15 16:55:00,2026-05-15 17:10:00,EXTEND,long,4559.0,4553.2,4553.2,4572.5,False,,4553.2,SL,-5.8,-62.06,15
2026-05-15 17:15:00,2026-05-15 17:29:00,2026-05-15 17:50:00,EXTEND,short,4558.7,4568.2,4568.2,4536.6,False,,4536.6,TP,22.1,217.11,21
2026-05-15 17:50:00,2026-05-15 17:56:00,2026-05-15 18:08:00,EXTEND,short,4550.6,4559.8,4559.8,4529.2,False,,4559.8,SL,-9.2,-96.06,12
2026-05-15 18:50:00,2026-05-15 19:36:00,2026-05-15 20:01:00,BOS,long,4562.5,4553.6,4553.6,4583.1,False,,4553.6,SL,-8.9,-92.62,25
2026-05-15 20:10:00,2026-05-15 20:15:00,2026-05-15 20:20:00,BOS,short,4554.4,4557.5,4557.5,4547.1,False,,4557.5,SL,-3.1,-35.32,5
2026-05-15 20:20:00,2026-05-15 20:30:00,2026-05-15 20:42:00,MSS,long,4554.4,4549.1,4549.1,4566.6,False,,4549.1,SL,-5.3,-56.72,12
2026-05-15 21:45:00,2026-05-15 21:56:00,2026-05-15 22:19:00,EXTEND,short,4543.5,4561.8,4561.8,4501.1,False,,4561.8,SL,-18.3,-186.6,23
2026-05-15 22:55:00,2026-05-15 23:02:00,2026-05-15 23:19:00,BOS,long,4558.0,4550.1,4550.1,4576.5,False,,4550.1,SL,-7.9,-83.46,17
2026-05-16 00:10:00,2026-05-16 00:22:00,2026-05-16 00:25:00,EXTEND,short,4541.4,4546.5,4546.5,4529.6,False,,4546.5,SL,-5.1,-54.81,3
2026-05-16 01:20:00,2026-05-16 01:29:00,2026-05-16 02:18:00,BOS,long,4562.1,4558.4,4558.4,4570.6,False,,4558.4,SL,-3.7,-40.67,49
2026-05-16 02:15:00,2026-05-16 02:23:00,2026-05-16 02:53:00,MSS,short,4562.9,4566.6,4566.6,4554.3,False,,4566.6,SL,-3.7,-41.05,30
2026-05-16 03:35:00,2026-05-16 03:50:00,2026-05-16 03:53:00,MSS,long,4555.1,4552.5,4552.5,4561.3,False,,4552.5,SL,-2.6,-30.36,3
2026-05-18 09:20:00,2026-05-18 09:25:00,2026-05-18 09:35:00,MSS,long,4501.5,4495.5,4495.5,4515.6,False,,4515.6,TP,14.0,136.3,10
2026-05-18 12:05:00,2026-05-18 12:28:00,2026-05-18 15:30:00,EXTEND,long,4538.0,4528.1,4528.1,4561.0,False,,4561.0,TP,23.0,225.99,182
2026-05-18 15:30:00,2026-05-18 15:48:00,2026-05-18 18:05:00,EXTEND,long,4550.4,4541.8,4541.8,4570.5,False,,4541.8,SL,-8.6,-90.33,137
2026-05-18 18:10:00,2026-05-18 18:15:00,2026-05-18 18:34:00,EXTEND,short,4545.3,4549.0,4549.0,4536.7,False,,4536.7,TP,8.6,82.14,19
2026-05-18 18:30:00,2026-05-18 18:37:00,2026-05-18 18:43:00,BOS,short,4542.3,4546.2,4546.2,4533.2,False,,4546.2,SL,-3.9,-42.96,6
2026-05-18 18:45:00,2026-05-18 18:53:00,2026-05-18 19:09:00,EXTEND,long,4541.6,4535.4,4535.4,4555.8,False,,4535.4,SL,-6.2,-65.5,16
2026-05-18 19:40:00,2026-05-18 20:20:00,2026-05-18 21:33:00,EXTEND,long,4549.5,4535.6,4535.6,4581.7,False,,4581.7,TP,32.2,318.34,73
2026-05-18 21:30:00,2026-05-18 21:42:00,2026-05-18 22:05:00,BOS,long,4572.6,4565.4,4565.4,4589.4,False,,4565.4,SL,-7.2,-76.2,23
2026-05-19 00:20:00,2026-05-19 00:25:00,2026-05-19 00:26:00,EXTEND,long,4548.5,4544.4,4544.4,4558.0,False,,4544.4,SL,-4.1,-44.87,1
2026-05-19 00:25:00,2026-05-19 00:37:00,2026-05-19 00:50:00,MSS,short,4548.4,4555.1,4555.1,4532.9,False,,4555.1,SL,-6.7,-70.85,13
2026-05-19 01:05:00,2026-05-19 02:15:00,2026-05-19 04:16:00,EXTEND,long,4547.2,4537.6,4537.6,4569.6,False,,4569.6,TP,22.4,219.78,121
2026-05-19 07:20:00,2026-05-19 07:58:00,2026-05-19 08:25:00,EXTEND,long,4583.0,4576.7,4576.7,4597.5,False,,4576.7,SL,-6.3,-66.65,27
2026-05-19 09:00:00,2026-05-19 09:08:00,2026-05-19 10:11:00,EXTEND,short,4572.5,4579.8,4579.8,4555.4,False,,4555.4,TP,17.0,166.5,63
2026-05-19 11:00:00,2026-05-19 11:38:00,2026-05-19 12:14:00,EXTEND,short,4556.4,4562.6,4562.6,4542.0,False,,4542.0,TP,14.4,139.86,36
2026-05-19 12:15:00,2026-05-19 12:20:00,2026-05-19 13:10:00,EXTEND,short,4546.0,4548.8,4548.8,4539.7,False,,4548.8,SL,-2.8,-31.5,50
2026-05-19 13:10:00,2026-05-19 13:19:00,2026-05-19 13:22:00,EXTEND,long,4544.3,4540.9,4540.9,4552.2,False,,4540.9,SL,-3.4,-38.0,3
2026-05-19 13:20:00,2026-05-19 13:29:00,2026-05-19 14:18:00,MSS,short,4543.4,4549.8,4549.8,4528.5,False,,4549.8,SL,-6.4,-68.18,49
2026-05-19 14:45:00,2026-05-19 14:55:00,2026-05-19 15:08:00,MSS,short,4552.4,4556.1,4556.1,4543.7,False,,4556.1,SL,-3.7,-41.44,13
2026-05-19 15:05:00,2026-05-19 15:11:00,2026-05-19 15:27:00,MSS,long,4551.9,4547.5,4547.5,4562.0,False,,4547.5,SL,-4.4,-47.55,16
2026-05-19 15:40:00,2026-05-19 15:46:00,2026-05-19 15:46:00,MSS,short,4549.8,4553.0,4553.0,4542.3,False,,4553.0,SL,-3.2,-36.09,0
2026-05-19 16:00:00,2026-05-19 16:07:00,2026-05-19 16:23:00,EXTEND,long,4551.6,4544.6,4544.6,4567.7,False,,4544.6,SL,-7.0,-73.52,16
2026-05-19 16:25:00,2026-05-19 16:34:00,2026-05-19 16:47:00,EXTEND,short,4546.9,4551.5,4551.5,4536.1,False,,4551.5,SL,-4.6,-50.22,13
2026-05-19 17:15:00,2026-05-19 17:22:00,2026-05-19 18:42:00,EXTEND,short,4546.8,4551.5,4551.5,4535.8,False,,4535.8,TP,11.0,106.11,80
2026-05-19 18:40:00,2026-05-19 18:55:00,2026-05-19 18:58:00,BOS,short,4539.6,4546.6,4546.6,4523.5,False,,4546.6,SL,-7.0,-73.52,3
2026-05-19 20:00:00,2026-05-19 20:07:00,2026-05-19 20:10:00,EXTEND,short,4540.8,4547.1,4547.1,4526.1,False,,4547.1,SL,-6.3,-67.03,3
2026-05-19 21:30:00,2026-05-19 21:54:00,2026-05-20 22:34:00,EXTEND,short,4505.7,4529.5,4529.5,4450.4,False,,4529.5,SL,-23.8,-241.99,1420
2026-05-20 23:15:00,2026-05-20 23:25:00,2026-05-21 09:23:00,BOS,long,4538.3,4526.5,4526.5,4565.9,False,,4565.9,TP,27.5,271.28,538
2026-05-21 11:50:00,2026-05-21 12:02:00,2026-05-21 12:14:00,BOS,short,4534.2,4537.9,4537.9,4525.5,False,,4537.9,SL,-3.7,-41.44,12
2026-05-21 12:30:00,2026-05-21 13:08:00,2026-05-21 13:19:00,EXTEND,long,4533.3,4528.1,4528.1,4545.5,False,,4528.1,SL,-5.2,-56.33,11
2026-05-21 14:20:00,2026-05-21 14:40:00,2026-05-21 15:06:00,EXTEND,long,4527.5,4519.1,4519.1,4547.2,False,,4519.1,SL,-8.4,-88.42,26
2026-05-21 15:25:00,2026-05-21 15:50:00,2026-05-21 16:04:00,BOS,short,4520.5,4525.0,4525.0,4510.1,False,,4525.0,SL,-4.5,-48.69,14
2026-05-21 17:20:00,2026-05-21 17:26:00,2026-05-21 17:43:00,EXTEND,long,4537.1,4532.9,4532.9,4546.9,False,,4532.9,SL,-4.2,-46.02,17
2026-05-21 18:00:00,2026-05-21 18:07:00,2026-05-21 18:09:00,MSS,long,4532.2,4530.7,4530.7,4535.8,False,,4535.8,TP,3.6,31.52,2
2026-05-21 18:05:00,2026-05-21 18:12:00,2026-05-21 18:25:00,EXTEND,long,4533.2,4530.7,4530.7,4539.1,False,,4530.7,SL,-2.5,-29.21,13
2026-05-21 19:35:00,2026-05-21 19:51:00,2026-05-21 20:25:00,EXTEND,short,4517.3,4522.4,4522.4,4505.4,False,,4505.4,TP,11.9,114.99,34
2026-05-21 20:25:00,2026-05-21 20:33:00,2026-05-21 21:15:00,EXTEND,short,4513.7,4520.3,4520.3,4498.5,False,,4498.5,TP,15.3,148.74,42
2026-05-21 21:35:00,2026-05-21 21:48:00,2026-05-21 21:52:00,EXTEND,short,4504.1,4513.8,4513.8,4481.7,False,,4513.8,SL,-9.7,-100.65,4
2026-05-21 21:50:00,2026-05-21 22:16:00,2026-05-22 01:11:00,MSS,long,4501.4,4488.5,4488.5,4531.3,False,,4531.3,TP,29.9,295.26,175
2026-05-22 03:40:00,2026-05-22 03:54:00,2026-05-22 08:15:00,EXTEND,long,4536.2,4531.1,4531.1,4548.1,False,,4531.1,SL,-5.1,-55.19,201
2026-05-22 08:15:00,2026-05-22 08:32:00,2026-05-22 08:59:00,EXTEND,short,4539.7,4545.2,4545.2,4526.9,False,,4526.9,TP,12.8,123.87,27
2026-05-22 08:55:00,2026-05-22 09:00:00,2026-05-22 09:40:00,EXTEND,short,4536.2,4542.2,4542.2,4522.4,False,,4522.4,TP,13.9,134.53,40
2026-05-22 09:40:00,2026-05-22 09:50:00,2026-05-22 13:56:00,EXTEND,short,4531.6,4537.6,4537.6,4517.5,False,,4517.5,TP,14.0,136.3,246
2026-05-22 13:55:00,2026-05-22 14:13:00,2026-05-22 17:54:00,MSS,short,4525.0,4535.4,4535.4,4501.0,False,,4535.4,SL,-10.4,-107.52,221
2026-05-22 19:05:00,2026-05-22 19:10:00,2026-05-22 19:18:00,EXTEND,long,4515.1,4513.1,4513.1,4519.7,False,,4513.1,SL,-2.0,-23.86,8
2026-05-22 20:15:00,2026-05-22 20:22:00,2026-05-22 20:32:00,EXTEND,long,4526.0,4519.0,4519.0,4542.4,False,,4519.0,SL,-7.0,-74.29,10
2026-05-23 00:30:00,2026-05-23 00:38:00,2026-05-23 00:42:00,EXTEND,long,4522.0,4517.8,4517.8,4531.8,False,,4517.8,SL,-4.2,-46.02,4
2026-05-23 00:40:00,2026-05-23 01:10:00,2026-05-23 01:30:00,MSS,short,4522.4,4528.8,4528.8,4507.6,False,,4528.8,SL,-6.4,-67.79,20
2026-05-23 01:30:00,2026-05-23 01:35:00,2026-05-23 02:04:00,EXTEND,long,4520.8,4514.5,4514.5,4535.5,False,,4514.5,SL,-6.3,-67.03,29
2026-05-23 02:00:00,2026-05-23 02:39:00,2026-05-23 03:07:00,MSS,short,4521.0,4525.9,4525.9,4509.8,False,,4509.8,TP,11.3,108.78,28
2026-05-23 03:40:00,2026-05-23 03:50:00,2026-05-23 04:43:00,EXTEND,long,4508.5,4505.9,4505.9,4514.7,False,,4505.9,SL,-2.6,-30.36,53
2026-05-25 08:45:00,2026-05-25 08:52:00,2026-05-25 08:55:00,BOS,long,4575.8,4572.2,4572.2,4584.1,False,,4572.2,SL,-3.6,-39.91,3
2026-05-25 08:55:00,2026-05-25 09:00:00,2026-05-25 09:08:00,MSS,short,4576.0,4581.6,4581.6,4562.9,False,,4562.9,TP,13.1,126.54,8
2026-05-25 09:05:00,2026-05-25 09:23:00,2026-05-25 13:25:00,BOS,short,4571.8,4578.1,4578.1,4557.0,False,,4557.0,TP,14.7,143.41,242
2026-05-25 15:00:00,2026-05-25 15:18:00,2026-05-25 15:18:00,EXTEND,long,4558.8,4554.5,4554.5,4568.9,False,,4554.5,SL,-4.3,-47.17,0
2026-05-25 15:50:00,2026-05-25 16:22:00,2026-05-25 17:53:00,EXTEND,long,4558.4,4553.2,4553.2,4570.3,False,,4570.3,TP,12.0,115.88,91
2026-05-25 19:15:00,2026-05-25 19:25:00,2026-05-25 20:00:00,BOS,long,4572.5,4569.4,4569.4,4579.7,False,,4569.4,SL,-3.1,-34.94,35
2026-05-25 20:20:00,2026-05-25 20:36:00,2026-05-26 01:13:00,EXTEND,short,4569.8,4579.3,4579.3,4547.6,False,,4579.3,SL,-9.6,-99.5,277
2026-05-26 01:10:00,2026-05-26 01:20:00,2026-05-26 01:26:00,EXTEND,long,4575.7,4572.7,4572.7,4582.7,False,,4572.7,SL,-3.0,-34.18,6
2026-05-26 07:15:00,2026-05-26 07:21:00,2026-05-26 07:24:00,EXTEND,long,4578.6,4575.7,4575.7,4585.2,False,,4575.7,SL,-2.9,-32.65,3
2026-05-26 08:15:00,2026-05-26 08:27:00,2026-05-26 09:33:00,BOS,short,4549.7,4554.4,4554.4,4538.9,False,,4538.9,TP,10.8,104.34,66
2026-05-26 10:05:00,2026-05-26 10:10:00,2026-05-26 10:10:00,MSS,long,4539.9,4539.9,4539.9,4539.9,False,,4539.9,SL,0.0,-4.0,0
2026-05-26 10:30:00,2026-05-26 10:36:00,2026-05-26 10:45:00,MSS,short,4538.1,4540.1,4540.1,4533.4,False,,4533.4,TP,4.7,43.06,9
2026-05-26 10:50:00,2026-05-26 11:01:00,2026-05-26 11:17:00,EXTEND,short,4536.1,4539.5,4539.5,4528.3,False,,4539.5,SL,-3.4,-37.62,16
2026-05-26 13:35:00,2026-05-26 13:40:00,2026-05-26 13:41:00,EXTEND,long,4531.6,4529.2,4529.2,4537.2,False,,4529.2,SL,-2.4,-28.07,1
2026-05-26 13:50:00,2026-05-26 14:02:00,2026-05-26 14:25:00,EXTEND,short,4531.1,4535.5,4535.5,4520.8,False,,4535.5,SL,-4.4,-48.31,23
2026-05-26 14:25:00,2026-05-26 14:34:00,2026-05-26 14:49:00,EXTEND,long,4532.3,4529.5,4529.5,4538.8,False,,4529.5,SL,-2.8,-31.89,15
2026-05-26 15:15:00,2026-05-26 15:24:00,2026-05-26 15:50:00,EXTEND,short,4529.8,4534.3,4534.3,4519.2,False,,4534.3,SL,-4.5,-49.46,26
2026-05-26 15:55:00,2026-05-26 16:13:00,2026-05-26 16:29:00,EXTEND,long,4528.5,4521.7,4521.7,4544.4,False,,4521.7,SL,-6.8,-72.38,16
2026-05-26 17:10:00,2026-05-26 17:17:00,2026-05-26 17:19:00,MSS,short,4523.1,4525.4,4525.4,4517.7,False,,4525.4,SL,-2.3,-27.3,2
2026-05-26 17:15:00,2026-05-26 17:23:00,2026-05-26 17:26:00,EXTEND,short,4522.6,4525.4,4525.4,4516.3,False,,4525.4,SL,-2.8,-31.5,3
2026-05-26 17:40:00,2026-05-26 17:58:00,2026-05-26 18:10:00,EXTEND,short,4521.2,4526.7,4526.7,4508.3,False,,4526.7,SL,-5.5,-59.39,12
2026-05-26 22:10:00,2026-05-26 22:22:00,2026-05-26 22:32:00,BOS,short,4516.4,4521.3,4521.3,4504.9,False,,4521.3,SL,-4.9,-53.28,10
2026-05-26 22:35:00,2026-05-26 22:55:00,2026-05-26 23:03:00,MSS,long,4515.0,4508.4,4508.4,4530.2,False,,4508.4,SL,-6.6,-69.7,8
2026-05-26 23:50:00,2026-05-27 00:03:00,2026-05-27 00:09:00,BOS,long,4505.7,4502.3,4502.3,4513.6,False,,4502.3,SL,-3.4,-38.0,6
2026-05-27 00:10:00,2026-05-27 00:19:00,2026-05-27 00:33:00,MSS,short,4506.5,4511.2,4511.2,4495.5,False,,4511.2,SL,-4.7,-51.37,14
2026-05-27 02:05:00,2026-05-27 02:25:00,2026-05-27 03:16:00,EXTEND,short,4493.1,4501.2,4501.2,4474.4,False,,4501.2,SL,-8.1,-84.6,51
2026-05-27 07:00:00,2026-05-27 07:21:00,2026-05-27 07:41:00,EXTEND,long,4505.3,4500.0,4500.0,4517.8,False,,4517.8,TP,12.4,120.32,20
2026-05-27 08:25:00,2026-05-27 08:46:00,2026-05-27 09:39:00,EXTEND,short,4521.2,4525.8,4525.8,4510.6,False,,4510.6,TP,10.7,102.56,53
2026-05-27 10:45:00,2026-05-27 10:50:00,2026-05-27 10:57:00,EXTEND,short,4502.2,4505.3,4505.3,4495.1,False,,4505.3,SL,-3.1,-34.56,7
2026-05-27 11:15:00,2026-05-27 11:35:00,2026-05-27 11:58:00,EXTEND,long,4502.6,4497.3,4497.3,4515.0,False,,4497.3,SL,-5.3,-57.1,23
2026-05-27 12:00:00,2026-05-27 12:07:00,2026-05-27 12:42:00,EXTEND,short,4500.8,4504.7,4504.7,4491.9,False,,4504.7,SL,-3.9,-42.58,35
2026-05-27 12:45:00,2026-05-27 13:15:00,2026-05-27 13:33:00,EXTEND,long,4504.1,4496.8,4496.8,4521.2,False,,4496.8,SL,-7.3,-77.34,18
2026-05-27 15:15:00,2026-05-27 15:23:00,2026-05-27 15:24:00,EXTEND,short,4484.6,4487.9,4487.9,4476.9,False,,4487.9,SL,-3.3,-37.23,1
2026-05-27 15:50:00,2026-05-27 16:01:00,2026-05-27 16:18:00,EXTEND,short,4482.7,4487.9,4487.9,4470.5,False,,4487.9,SL,-5.2,-56.33,17
2026-05-27 16:20:00,2026-05-27 16:32:00,2026-05-27 16:40:00,EXTEND,long,4485.7,4482.3,4482.3,4493.5,False,,4493.5,TP,7.8,74.14,8
2026-05-27 16:50:00,2026-05-27 17:05:00,2026-05-27 18:03:00,EXTEND,long,4489.3,4484.7,4484.7,4500.1,False,,4484.7,SL,-4.6,-50.22,58
2026-05-27 19:55:00,2026-05-27 20:03:00,2026-05-27 20:18:00,BOS,short,4434.4,4442.0,4442.0,4416.7,False,,4442.0,SL,-7.6,-80.02,15
2026-05-27 20:20:00,2026-05-27 20:48:00,2026-05-27 21:05:00,EXTEND,long,4440.6,4426.2,4426.2,4474.0,False,,4426.2,SL,-14.4,-147.63,17
2026-05-27 21:25:00,2026-05-27 21:31:00,2026-05-27 21:33:00,BOS,short,4411.3,4419.2,4419.2,4392.8,False,,4419.2,SL,-7.9,-83.46,2
2026-05-28 01:00:00,2026-05-28 01:05:00,2026-05-28 01:08:00,MSS,short,4449.1,4451.4,4451.4,4443.9,False,,4443.9,TP,5.2,48.39,3
2026-05-28 01:10:00,2026-05-28 01:29:00,2026-05-28 01:31:00,EXTEND,short,4446.9,4451.4,4451.4,4436.5,False,,4451.4,SL,-4.5,-48.69,2
2026-05-28 02:05:00,2026-05-28 02:16:00,2026-05-28 02:20:00,EXTEND,short,4450.3,4452.9,4452.9,4444.1,False,,4452.9,SL,-2.6,-30.36,4
2026-05-28 02:20:00,2026-05-28 02:37:00,2026-05-28 06:00:00,MSS,long,4450.2,4446.0,4446.0,4460.0,False,,4446.0,SL,-4.2,-46.02,141
2026-05-28 07:25:00,2026-05-28 07:39:00,2026-05-28 07:46:00,EXTEND,short,4449.8,4451.8,4451.8,4445.1,False,,4445.0,TP,4.8,43.75,6
2026-05-28 07:50:00,2026-05-28 08:02:00,2026-05-28 08:19:00,EXTEND,short,4447.3,4450.8,4450.8,4439.2,False,,4451.0,SL,-3.7,-40.76,11
2026-05-28 12:55:00,2026-05-28 13:06:00,2026-05-28 13:25:00,BOS,long,4368.3,4366.7,4366.7,4372.2,False,,4374.4,TP,6.1,56.57,8
2026-05-28 17:00:00,2026-05-28 17:11:00,2026-05-28 17:21:00,MSS,long,4385.1,4383.3,4383.3,4389.4,False,,4389.8,TP,4.7,42.66,3
2026-05-28 19:15:00,2026-05-28 19:25:00,2026-05-28 19:29:00,MSS,long,4385.6,4384.0,4384.0,4389.5,False,,4382.6,SL,-3.0,-34.43,1
2026-05-28 19:30:00,2026-05-28 19:37:00,2026-05-28 20:01:00,EXTEND,short,4385.2,4388.3,4388.3,4377.9,False,,4388.3,SL,-3.1,-35.32,22
2026-05-28 21:35:00,2026-05-28 21:46:00,2026-05-28 21:53:00,EXTEND,short,4425.8,4431.6,4431.6,4412.4,False,,4431.6,SL,-5.8,-61.68,7
2026-05-28 22:45:00,2026-05-28 22:57:00,2026-05-29 00:16:00,EXTEND,long,4462.2,4452.8,4452.8,4484.2,False,,4484.2,TP,21.9,215.34,74
2026-05-29 01:00:00,2026-05-29 01:14:00,2026-05-29 04:01:00,EXTEND,long,4502.4,4496.7,4496.7,4515.5,False,,4494.8,SL,-7.6,-79.54,38
