time,kind,direction,entry,sl,tp,wave_start,wave_end,wave_start_bar
2025-08-07 09:30:00,MSS,long,3373.3,3361.3,3392.6,3361.3,3392.6,5
2025-08-07 14:10:00,BOS,long,3390.7,3388.4,3394.3,3388.4,3394.3,7
2025-08-07 22:05:00,MSS,short,3398.4,3406.0,3386.2,3406.0,3386.2,15
2025-08-08 04:25:00,MSS,long,3399.1,3386.2,3420.0,3386.2,3420.0,16
2025-08-08 15:30:00,BOS,long,3428.4,3418.6,3444.3,3418.6,3444.3,20
2025-08-09 02:00:00,MSS,short,3428.0,3444.3,3401.5,3444.3,3401.5,21
2025-08-12 18:40:00,BOS,short,3348.4,3351.6,3343.1,3351.6,3343.1,30
2025-08-12 20:30:00,MSS,long,3343.5,3337.2,3353.8,3337.2,3353.8,35
2025-08-13 15:05:00,BOS,long,3350.4,3347.1,3355.8,3347.1,3355.8,39
2025-08-13 18:05:00,BOS,long,3358.9,3354.5,3365.9,3354.5,3365.9,41
2025-08-15 16:50:00,MSS,short,3358.7,3368.7,3342.4,3368.7,3342.4,44
2025-08-16 01:15:00,BOS,short,3340.7,3342.8,3337.4,3342.8,3337.4,48
2025-08-18 07:15:00,BOS,short,3332.9,3336.9,3326.5,3336.9,3326.5,52
2025-08-18 10:10:00,MSS,long,3334.0,3326.5,3346.2,3326.5,3346.2,53
2025-08-20 00:40:00,MSS,short,3327.9,3333.8,3318.3,3333.8,3318.3,56
2025-08-21 23:35:00,MSS,long,3327.4,3316.0,3345.9,3316.0,3345.9,58
2025-08-26 16:55:00,BOS,long,3375.0,3371.9,3379.9,3371.9,3379.9,63
2025-08-28 08:20:00,BOS,long,3423.3,3422.0,3425.4,3422.0,3425.4,69
2025-08-28 08:50:00,MSS,short,3423.3,3425.0,3420.5,3425.0,3420.5,75
2025-08-28 09:30:00,BOS,short,3417.9,3418.9,3416.4,3418.9,3416.4,82
2025-08-28 10:40:00,MSS,long,3415.4,3414.3,3417.3,3414.3,3417.3,97
2025-08-28 11:05:00,BOS,long,3416.4,3414.3,3419.7,3414.3,3419.7,97
2025-08-28 11:45:00,MSS,short,3417.9,3419.0,3416.1,3419.0,3416.1,109
2025-08-28 12:00:00,BOS,short,3416.2,3416.7,3415.5,3416.7,3415.5,113
2025-08-28 12:20:00,MSS,long,3416.2,3415.3,3417.6,3415.3,3417.6,115
2025-08-28 12:30:00,BOS,long,3417.4,3417.2,3417.7,3417.2,3417.7,119
2025-08-28 12:55:00,MSS,short,3417.0,3417.5,3416.3,3417.5,3416.3,124
2025-08-28 13:20:00,BOS,short,3416.8,3417.4,3415.8,3417.4,3415.8,128
2025-08-28 13:40:00,BOS,short,3416.2,3416.9,3415.0,3416.9,3415.0,131
2025-08-28 13:55:00,MSS,long,3416.0,3415.0,3417.5,3415.0,3417.5,134
2025-08-28 14:35:00,BOS,long,3420.1,3418.9,3422.1,3418.9,3422.1,144
2025-08-28 15:00:00,MSS,short,3422.8,3423.8,3421.3,3423.8,3421.3,148
2025-08-28 15:30:00,BOS,short,3422.7,3424.0,3420.6,3424.0,3420.6,153
2025-08-28 16:00:00,MSS,long,3421.3,3420.0,3423.3,3420.0,3423.3,157
2025-08-28 16:10:00,MSS,short,3422.7,3424.0,3420.6,3424.0,3420.6,163
2025-08-28 16:30:00,MSS,long,3422.5,3421.7,3423.7,3421.7,3423.7,167
2025-08-28 18:00:00,MSS,short,3426.0,3427.3,3423.9,3427.3,3423.9,184
2025-08-28 18:50:00,MSS,long,3425.0,3424.0,3426.5,3424.0,3426.5,194
2025-08-28 19:05:00,MSS,short,3426.2,3426.9,3425.1,3426.9,3425.1,198
2025-08-28 19:15:00,MSS,long,3425.6,3424.6,3427.2,3424.6,3427.2,200
2025-08-28 20:05:00,BOS,long,3435.0,3433.3,3437.7,3433.3,3437.7,210
2025-08-28 20:30:00,MSS,short,3435.4,3438.6,3430.3,3438.6,3430.3,214
2025-08-28 20:45:00,BOS,short,3430.8,3433.3,3426.7,3433.3,3426.7,218
2025-08-28 21:05:00,BOS,short,3427.7,3430.0,3424.0,3430.0,3424.0,221
2025-08-28 21:15:00,MSS,long,3426.6,3424.0,3430.8,3424.0,3430.8,223
2025-08-28 21:50:00,BOS,long,3433.1,3429.4,3439.0,3429.4,3439.0,229
2025-08-28 22:10:00,BOS,long,3437.5,3435.6,3440.5,3435.6,3440.5,234
2025-08-28 22:45:00,BOS,long,3437.6,3435.2,3441.4,3435.2,3441.4,238
2025-08-28 23:05:00,MSS,short,3440.3,3441.2,3438.9,3441.2,3438.9,245
2025-08-28 23:45:00,MSS,long,3433.9,3432.9,3435.4,3432.9,3435.4,254
2025-08-29 01:30:00,BOS,long,3445.8,3445.0,3447.0,3445.0,3447.0,274
2025-08-29 02:15:00,BOS,long,3447.7,3446.9,3449.0,3446.9,3449.0,284
2025-08-29 02:45:00,MSS,short,3448.6,3449.2,3447.7,3449.2,3447.7,290
2025-08-29 02:50:00,MSS,long,3448.7,3447.7,3450.2,3447.7,3450.2,291
2025-08-29 03:30:00,MSS,short,3449.0,3450.1,3447.3,3450.1,3447.3,298
2025-08-29 06:00:00,BOS,short,3447.9,3448.9,3446.4,3448.9,3446.4,317
2025-08-29 06:55:00,MSS,long,3446.9,3446.6,3447.4,3446.6,3447.4,326
2025-08-29 07:25:00,MSS,short,3446.9,3447.1,3446.6,3447.1,3446.6,333
2025-08-29 07:50:00,MSS,long,3447.0,3446.7,3447.4,3446.7,3447.4,337
2025-08-29 08:30:00,MSS,short,3449.4,3451.2,3446.6,3451.2,3446.6,344
2025-08-29 09:30:00,MSS,long,3442.3,3441.6,3443.5,3441.6,3443.5,358
2025-08-29 10:55:00,MSS,short,3445.0,3446.3,3442.9,3446.3,3442.9,373
2025-08-29 11:30:00,BOS,short,3443.0,3443.5,3442.3,3443.5,3442.3,381
2025-08-29 11:35:00,MSS,long,3442.8,3442.3,3443.7,3442.3,3443.7,383
2025-08-29 11:55:00,MSS,short,3443.7,3444.8,3441.8,3444.8,3441.8,385
2025-08-29 13:00:00,BOS,short,3441.2,3441.8,3440.2,3441.8,3440.2,399
2025-08-29 13:50:00,MSS,long,3440.6,3439.5,3442.3,3439.5,3442.3,409
2025-08-29 14:20:00,BOS,long,3442.4,3442.0,3443.1,3442.0,3443.1,415
2025-08-29 14:30:00,MSS,short,3442.3,3443.1,3441.1,3443.1,3441.1,417
2025-08-29 15:00:00,MSS,long,3440.1,3438.1,3443.3,3438.1,3443.3,421
2025-08-29 15:50:00,BOS,long,3439.5,3438.0,3442.0,3438.0,3442.0,431
2025-08-29 16:10:00,BOS,long,3441.9,3440.9,3443.5,3440.9,3443.5,438
2025-08-29 16:50:00,MSS,short,3442.4,3443.2,3441.2,3443.2,3441.2,446
2025-08-29 17:25:00,BOS,short,3441.9,3442.4,3441.0,3442.4,3441.0,453
2025-08-29 18:00:00,BOS,short,3439.3,3440.1,3438.1,3440.1,3438.1,460
2025-08-29 18:20:00,BOS,short,3438.0,3439.4,3435.8,3439.4,3435.8,463
2025-08-29 19:10:00,BOS,short,3435.6,3436.1,3434.7,3436.1,3434.7,474
2025-08-29 19:15:00,MSS,long,3435.3,3434.7,3436.3,3434.7,3436.3,475
2025-08-29 19:25:00,BOS,long,3435.6,3434.9,3436.8,3434.9,3436.8,477
2025-08-29 20:30:00,BOS,long,3440.3,3438.3,3443.6,3438.3,3443.6,490
2025-08-29 21:30:00,BOS,long,3448.8,3446.7,3452.2,3446.7,3452.2,502
2025-08-29 22:30:00,BOS,long,3469.9,3466.3,3475.7,3466.3,3475.7,512
2025-08-29 23:10:00,BOS,long,3474.0,3472.5,3476.5,3472.5,3476.5,522
2025-08-29 23:40:00,BOS,long,3478.9,3476.7,3482.4,3476.7,3482.4,526
2025-08-30 00:10:00,MSS,short,3485.0,3487.0,3481.7,3487.0,3481.7,534
2025-08-30 00:50:00,MSS,long,3485.3,3484.1,3487.3,3484.1,3487.3,541
2025-08-30 01:35:00,MSS,short,3487.7,3489.2,3485.4,3489.2,3485.4,549
2025-08-30 01:45:00,BOS,short,3486.2,3489.2,3481.3,3489.2,3481.3,549
2025-08-30 02:25:00,BOS,short,3483.7,3484.2,3482.8,3484.2,3482.8,560
2025-08-30 02:50:00,BOS,short,3482.4,3483.3,3480.9,3483.3,3480.9,566
2025-08-30 03:25:00,MSS,long,3481.3,3479.4,3484.4,3479.4,3484.4,569
2025-08-30 04:20:00,BOS,long,3486.4,3485.1,3488.4,3485.1,3488.4,581
2025-09-01 06:00:00,MSS,short,3487.0,3488.8,3484.1,3488.8,3484.1,592
2025-09-01 07:15:00,BOS,short,3484.3,3485.2,3482.8,3485.2,3482.8,606
2025-09-01 08:25:00,MSS,long,3482.2,3481.0,3484.1,3481.0,3484.1,618
2025-09-01 09:00:00,MSS,short,3483.8,3486.1,3480.0,3486.1,3480.0,625
2025-09-01 09:25:00,MSS,long,3478.1,3477.3,3479.5,3477.3,3479.5,633
2025-09-01 10:35:00,BOS,long,3504.2,3496.9,3516.1,3496.9,3516.1,644
2025-09-01 10:55:00,BOS,long,3517.1,3514.2,3521.7,3514.2,3521.7,651
2025-09-01 11:05:00,MSS,short,3518.8,3523.0,3512.0,3523.0,3512.0,653
2025-09-01 12:20:00,MSS,long,3514.6,3512.5,3518.0,3512.5,3518.0,666
2025-09-01 13:05:00,BOS,long,3516.8,3515.6,3518.7,3515.6,3518.7,677
2025-09-01 13:25:00,BOS,long,3518.1,3516.8,3520.3,3516.8,3520.3,680
2025-09-01 13:40:00,MSS,short,3520.6,3523.7,3515.5,3523.7,3515.5,684
2025-09-01 14:20:00,MSS,long,3520.8,3518.6,3524.4,3518.6,3524.4,690
2025-09-01 14:30:00,BOS,long,3520.9,3518.6,3524.5,3518.6,3524.5,690
2025-09-01 14:55:00,MSS,short,3523.5,3527.5,3517.0,3527.5,3517.0,697
2025-09-01 16:30:00,MSS,long,3514.9,3513.4,3517.3,3513.4,3517.3,716
2025-09-01 16:45:00,BOS,long,3517.1,3515.6,3519.4,3515.6,3519.4,721
2025-09-01 17:00:00,MSS,short,3517.0,3519.4,3513.0,3519.4,3513.0,722
2025-09-01 17:50:00,BOS,short,3510.8,3512.3,3508.4,3512.3,3508.4,734
2025-09-01 18:05:00,MSS,long,3508.9,3506.6,3512.7,3506.6,3512.7,737
2025-09-01 19:35:00,BOS,long,3514.0,3512.5,3516.3,3512.5,3516.3,752
2025-09-01 19:45:00,MSS,short,3514.2,3516.3,3510.9,3516.3,3510.9,756
2025-09-01 20:00:00,MSS,long,3513.0,3512.5,3513.8,3512.5,3513.8,757
2025-09-01 20:40:00,MSS,short,3511.8,3513.1,3509.8,3513.1,3509.8,764
2025-09-01 20:50:00,MSS,long,3511.1,3509.8,3513.3,3509.8,3513.3,769
2025-09-01 21:05:00,BOS,long,3514.7,3511.6,3519.7,3511.6,3519.7,773
2025-09-01 21:55:00,MSS,short,3517.5,3519.0,3515.2,3519.0,3515.2,783
2025-09-01 22:40:00,BOS,short,3516.7,3518.3,3514.2,3518.3,3514.2,792
2025-09-01 23:10:00,MSS,long,3515.6,3514.2,3517.8,3514.2,3517.8,793
2025-09-01 23:45:00,MSS,short,3515.9,3517.0,3514.2,3517.0,3514.2,804
2025-09-02 00:20:00,MSS,long,3514.5,3513.4,3516.3,3513.4,3516.3,811
2025-09-02 00:25:00,BOS,long,3514.7,3513.4,3516.8,3513.4,3516.8,811
2025-09-02 00:45:00,BOS,long,3516.9,3516.3,3518.0,3516.3,3518.0,817
2025-09-02 01:30:00,BOS,long,3517.2,3516.4,3518.6,3516.4,3518.6,825
2025-09-02 01:55:00,BOS,long,3518.0,3517.7,3518.5,3517.7,3518.5,831
2025-09-02 02:00:00,MSS,short,3518.0,3518.5,3517.1,3518.5,3517.1,832
2025-09-02 06:05:00,MSS,long,3519.1,3516.7,3523.0,3516.7,3523.0,839
2025-09-02 06:50:00,MSS,short,3519.3,3520.4,3517.5,3520.4,3517.5,848
2025-09-02 07:20:00,MSS,long,3519.7,3517.4,3523.5,3517.4,3523.5,853
2025-09-02 08:25:00,BOS,long,3523.7,3521.6,3527.0,3521.6,3527.0,865
2025-09-02 09:00:00,MSS,short,3524.6,3528.1,3519.0,3528.1,3519.0,870
2025-09-02 09:10:00,MSS,long,3523.3,3519.0,3530.2,3519.0,3530.2,875
2025-09-02 09:30:00,BOS,long,3536.2,3534.2,3539.4,3534.2,3539.4,880
2025-09-02 11:15:00,MSS,short,3535.9,3539.5,3530.0,3539.5,3530.0,895
2025-09-02 11:45:00,MSS,long,3532.4,3530.6,3535.3,3530.6,3535.3,906
2025-09-02 12:25:00,MSS,short,3534.7,3536.0,3532.7,3536.0,3532.7,913
2025-09-02 12:35:00,MSS,long,3534.3,3532.7,3536.9,3532.7,3536.9,916
2025-09-02 13:20:00,MSS,short,3536.0,3537.6,3533.5,3537.6,3533.5,925
2025-09-02 13:55:00,BOS,short,3535.0,3536.8,3532.0,3536.8,3532.0,931
2025-09-02 14:10:00,BOS,short,3533.3,3535.0,3530.5,3535.0,3530.5,935
2025-09-02 15:10:00,BOS,short,3526.2,3528.4,3522.7,3528.4,3522.7,948
2025-09-02 15:30:00,BOS,short,3521.5,3523.8,3517.9,3523.8,3517.9,952
2025-09-02 15:50:00,BOS,short,3519.0,3524.5,3510.2,3524.5,3510.2,955
2025-09-02 16:10:00,MSS,long,3511.3,3508.4,3516.0,3508.4,3516.0,960
2025-09-02 16:30:00,BOS,long,3516.0,3514.7,3518.1,3514.7,3518.1,964
2025-09-02 17:25:00,BOS,long,3518.9,3517.3,3521.4,3517.3,3521.4,975
2025-09-02 17:40:00,MSS,short,3520.2,3521.4,3518.3,3521.4,3518.3,976
2025-09-02 18:00:00,BOS,short,3519.1,3520.5,3516.9,3520.5,3516.9,982
2025-09-02 18:05:00,MSS,long,3519.3,3516.9,3523.2,3516.9,3523.2,983
2025-09-02 18:55:00,BOS,long,3521.0,3517.9,3526.1,3517.9,3526.1,988
2025-09-02 19:55:00,BOS,long,3522.1,3517.4,3529.8,3517.4,3529.8,1001
2025-09-02 20:35:00,MSS,short,3519.9,3525.5,3510.9,3525.5,3510.9,1013
2025-09-02 21:30:00,BOS,short,3517.5,3520.0,3513.4,3520.0,3513.4,1024
2025-09-02 21:40:00,MSS,long,3517.9,3513.4,3525.2,3513.4,3525.2,1025
2025-09-02 22:05:00,BOS,long,3523.2,3518.0,3531.5,3518.0,3531.5,1029
2025-09-02 22:40:00,BOS,long,3534.9,3528.0,3546.1,3528.0,3546.1,1037
2025-09-02 23:45:00,BOS,long,3549.9,3546.5,3555.4,3546.5,3555.4,1051
2025-09-02 23:55:00,BOS,long,3550.5,3546.5,3556.9,3546.5,3556.9,1051
2025-09-03 00:05:00,BOS,long,3555.4,3553.3,3558.8,3553.3,3558.8,1055
2025-09-03 00:30:00,BOS,long,3558.1,3555.4,3562.5,3555.4,3562.5,1059
2025-09-03 00:50:00,BOS,long,3561.7,3560.0,3564.5,3560.0,3564.5,1063
2025-09-03 02:25:00,BOS,long,3564.1,3562.8,3566.3,3562.8,3566.3,1082
2025-09-03 03:00:00,BOS,long,3564.5,3562.2,3568.2,3562.2,3568.2,1089
2025-09-03 03:35:00,BOS,long,3569.7,3568.6,3571.5,3568.6,3571.5,1096
2025-09-03 03:50:00,MSS,short,3569.5,3571.7,3565.9,3571.7,3565.9,1100
2025-09-03 04:25:00,MSS,long,3570.7,3569.4,3572.9,3569.4,3572.9,1106
2025-09-03 04:30:00,BOS,long,3570.8,3569.4,3573.1,3569.4,3573.1,1106
2025-09-03 04:50:00,MSS,short,3572.2,3573.0,3571.0,3573.0,3571.0,1112
2025-09-03 07:15:00,MSS,long,3567.5,3566.7,3568.7,3566.7,3568.7,1129
2025-09-03 07:25:00,MSS,short,3567.9,3568.8,3566.5,3568.8,3566.5,1131
2025-09-03 07:50:00,MSS,long,3566.2,3564.3,3569.4,3564.3,3569.4,1136
2025-09-03 08:15:00,BOS,long,3569.3,3565.9,3574.8,3565.9,3574.8,1138
2025-09-03 08:55:00,MSS,short,3578.4,3581.5,3573.3,3581.5,3573.3,1147
2025-09-03 09:05:00,BOS,short,3577.0,3580.2,3571.9,3580.2,3571.9,1151
2025-09-03 10:00:00,MSS,long,3573.4,3571.0,3577.2,3571.0,3577.2,1160
2025-09-03 10:30:00,MSS,short,3576.4,3579.6,3571.2,3579.6,3571.2,1166
2025-09-03 10:50:00,BOS,short,3572.3,3574.6,3568.5,3574.6,3568.5,1172
2025-09-03 12:15:00,MSS,long,3570.0,3568.9,3571.8,3568.9,3571.8,1189
2025-09-03 13:00:00,MSS,short,3573.3,3574.8,3571.0,3574.8,3571.0,1196
2025-09-03 13:15:00,BOS,short,3571.9,3573.3,3569.6,3573.3,3569.6,1201
2025-09-03 13:30:00,BOS,short,3570.7,3572.2,3568.4,3572.2,3568.4,1204
2025-09-03 13:45:00,BOS,short,3569.7,3571.0,3567.6,3571.0,3567.6,1206
2025-09-03 14:30:00,MSS,long,3568.6,3566.3,3572.3,3566.3,3572.3,1215
2025-09-03 15:00:00,MSS,short,3573.2,3574.5,3571.0,3574.5,3571.0,1220
2025-09-03 15:30:00,MSS,long,3568.4,3565.5,3573.0,3565.5,3573.0,1227
2025-09-03 16:00:00,BOS,long,3570.8,3569.2,3573.5,3569.2,3573.5,1234
2025-09-03 16:25:00,BOS,long,3575.4,3573.2,3579.0,3573.2,3579.0,1238
2025-09-03 17:05:00,BOS,long,3577.4,3575.6,3580.3,3575.6,3580.3,1244
2025-09-03 17:25:00,MSS,short,3579.1,3580.5,3576.8,3580.5,3576.8,1249
2025-09-03 17:50:00,BOS,short,3576.3,3577.9,3573.6,3577.9,3573.6,1256
2025-09-03 18:25:00,MSS,long,3572.9,3571.0,3576.0,3571.0,3576.0,1262
2025-09-03 18:45:00,BOS,long,3575.4,3573.8,3577.9,3573.8,3577.9,1267
2025-09-03 20:00:00,BOS,long,3586.0,3584.0,3589.3,3584.0,3589.3,1282
2025-09-03 20:15:00,MSS,short,3585.3,3589.3,3578.8,3589.3,3578.8,1283
2025-09-03 20:55:00,MSS,long,3583.5,3581.0,3587.5,3581.0,3587.5,1292
2025-09-03 21:35:00,MSS,short,3593.3,3598.2,3585.3,3598.2,3585.3,1301
2025-09-03 22:20:00,MSS,long,3592.1,3586.7,3600.8,3586.7,3600.8,1308
2025-09-03 22:50:00,MSS,short,3595.3,3599.5,3588.6,3599.5,3588.6,1316
2025-09-03 23:30:00,MSS,long,3598.7,3596.4,3602.4,3596.4,3602.4,1323
2025-09-04 00:25:00,BOS,long,3601.2,3599.3,3604.2,3599.3,3604.2,1335
2025-09-04 00:55:00,BOS,long,3604.6,3603.5,3606.5,3603.5,3606.5,1341
2025-09-04 01:30:00,BOS,long,3606.3,3604.8,3608.7,3604.8,3608.7,1347
2025-09-04 02:05:00,BOS,long,3608.4,3607.4,3610.1,3607.4,3610.1,1354
2025-09-04 02:25:00,MSS,short,3609.8,3611.6,3606.8,3611.6,3606.8,1357
2025-09-04 03:15:00,BOS,short,3598.0,3601.0,3593.2,3601.0,3593.2,1368
2025-09-04 04:10:00,MSS,long,3591.1,3589.6,3593.6,3589.6,3593.6,1379
2025-09-04 06:00:00,MSS,short,3592.6,3595.9,3587.3,3595.9,3587.3,1384
2025-09-04 07:10:00,BOS,short,3584.8,3586.8,3581.5,3586.8,3581.5,1404
2025-09-04 07:55:00,MSS,long,3582.6,3581.4,3584.6,3581.4,3584.6,1412
2025-09-04 08:05:00,MSS,short,3581.2,3584.9,3575.3,3584.9,3575.3,1415
2025-09-04 08:25:00,MSS,long,3579.5,3575.3,3586.2,3575.3,3586.2,1416
2025-09-04 08:50:00,BOS,long,3585.2,3583.1,3588.7,3583.1,3588.7,1422
2025-09-04 09:15:00,MSS,short,3589.4,3592.0,3585.2,3592.0,3585.2,1429
2025-09-04 10:05:00,BOS,short,3576.3,3579.4,3571.3,3579.4,3571.3,1439
2025-09-04 10:35:00,BOS,short,3571.8,3575.0,3566.7,3575.0,3566.7,1444
2025-09-04 11:10:00,BOS,short,3554.9,3561.2,3544.8,3561.2,3544.8,1450
2025-09-04 11:30:00,MSS,long,3550.7,3544.8,3560.3,3544.8,3560.3,1453
2025-09-04 12:05:00,BOS,long,3558.7,3556.1,3562.9,3556.1,3562.9,1461
2025-09-04 12:50:00,BOS,long,3559.0,3558.0,3560.6,3558.0,3560.6,1472
2025-09-04 13:10:00,BOS,long,3559.2,3557.7,3561.5,3557.7,3561.5,1475
2025-09-04 13:50:00,MSS,short,3558.2,3561.6,3552.8,3561.6,3552.8,1483
2025-09-04 14:20:00,MSS,long,3556.8,3551.9,3564.6,3551.9,3564.6,1487
2025-09-04 15:00:00,MSS,short,3566.9,3569.5,3562.7,3569.5,3562.7,1496
2025-09-04 15:35:00,MSS,long,3567.0,3564.6,3570.8,3564.6,3570.8,1504
2025-09-04 16:00:00,BOS,long,3570.7,3568.1,3574.9,3568.1,3574.9,1507
2025-09-04 16:45:00,MSS,short,3571.1,3573.0,3568.1,3573.0,3568.1,1519
2025-09-04 17:25:00,BOS,short,3571.7,3573.8,3568.2,3573.8,3568.2,1526
2025-09-04 17:50:00,BOS,short,3568.7,3570.7,3565.5,3570.7,3565.5,1532
2025-09-04 18:05:00,MSS,long,3569.0,3565.0,3575.5,3565.0,3575.5,1534
2025-09-04 19:00:00,MSS,short,3570.0,3571.6,3567.4,3571.6,3567.4,1546
2025-09-04 19:30:00,MSS,long,3567.4,3565.2,3571.0,3565.2,3571.0,1551
2025-09-04 20:55:00,BOS,long,3575.7,3573.3,3579.7,3573.3,3579.7,1568
2025-09-04 21:00:00,MSS,short,3576.4,3579.7,3571.0,3579.7,3571.0,1570
2025-09-04 21:20:00,MSS,long,3574.6,3568.8,3584.0,3568.8,3584.0,1572
2025-09-04 21:35:00,BOS,long,3583.5,3580.7,3588.0,3580.7,3588.0,1577
2025-09-04 21:40:00,MSS,short,3584.3,3588.0,3578.3,3588.0,3578.3,1578
2025-09-04 22:40:00,MSS,long,3568.5,3563.3,3577.0,3563.3,3577.0,1587
2025-09-04 23:05:00,BOS,long,3573.7,3569.9,3579.9,3569.9,3579.9,1593
2025-09-04 23:40:00,BOS,long,3575.3,3572.1,3580.4,3572.1,3580.4,1600
2025-09-05 00:45:00,MSS,short,3581.8,3584.4,3577.7,3584.4,3577.7,1614
2025-09-05 01:30:00,BOS,short,3580.6,3584.0,3575.1,3584.0,3575.1,1620
2025-09-05 02:35:00,MSS,long,3573.6,3572.4,3575.6,3572.4,3575.6,1637
2025-09-05 03:15:00,BOS,long,3573.6,3572.0,3576.2,3572.0,3576.2,1642
2025-09-05 03:20:00,BOS,long,3573.8,3572.0,3576.6,3572.0,3576.6,1642
2025-09-05 04:35:00,MSS,short,3575.2,3577.1,3572.0,3577.1,3572.0,1660
2025-09-05 06:00:00,BOS,short,3571.4,3572.9,3569.0,3572.9,3569.0,1666
2025-09-05 06:40:00,BOS,short,3568.5,3569.6,3566.6,3569.6,3566.6,1674
2025-09-05 07:15:00,MSS,long,3567.9,3566.3,3570.6,3566.3,3570.6,1676
2025-09-05 09:00:00,BOS,long,3580.5,3579.0,3583.0,3579.0,3583.0,1702
2025-09-05 09:45:00,MSS,short,3583.1,3584.7,3580.4,3584.7,3580.4,1711
2025-09-05 10:30:00,BOS,short,3581.3,3584.6,3576.0,3584.6,3576.0,1716
2025-09-05 10:50:00,MSS,long,3579.5,3578.1,3581.8,3578.1,3581.8,1724
2025-09-05 11:05:00,BOS,long,3580.4,3578.5,3583.4,3578.5,3583.4,1727
2025-09-05 11:30:00,BOS,long,3584.4,3583.0,3586.6,3583.0,3586.6,1732
2025-09-05 11:45:00,BOS,long,3584.8,3583.0,3587.7,3583.0,3587.7,1732
2025-09-05 12:35:00,BOS,long,3588.1,3587.2,3589.5,3587.2,3589.5,1745
2025-09-05 13:20:00,MSS,short,3587.5,3588.6,3585.7,3588.6,3585.7,1754
2025-09-05 13:35:00,MSS,long,3587.3,3585.7,3590.0,3585.7,3590.0,1755
2025-09-05 13:50:00,MSS,short,3587.9,3589.0,3586.1,3589.0,3586.1,1760
2025-09-05 14:05:00,BOS,short,3587.0,3588.9,3584.0,3588.9,3584.0,1763
2025-09-05 15:10:00,BOS,short,3582.2,3583.9,3579.5,3583.9,3579.5,1774
2025-09-05 16:05:00,BOS,short,3579.8,3581.9,3576.3,3581.9,3576.3,1784
2025-09-05 16:45:00,BOS,short,3576.6,3577.2,3575.6,3577.2,3575.6,1795
2025-09-05 17:25:00,BOS,short,3577.1,3578.1,3575.5,3578.1,3575.5,1802
2025-09-05 17:40:00,MSS,long,3576.4,3574.8,3579.1,3574.8,3579.1,1806
2025-09-05 18:25:00,BOS,long,3579.1,3578.5,3580.0,3578.5,3580.0,1814
2025-09-05 18:35:00,MSS,short,3578.9,3580.0,3577.1,3580.0,3577.1,1816
2025-09-05 19:00:00,MSS,long,3578.4,3576.8,3581.1,3576.8,3581.1,1819
2025-09-05 19:25:00,MSS,short,3580.1,3582.5,3576.2,3582.5,3576.2,1825
2025-09-05 19:55:00,MSS,long,3577.0,3575.1,3580.2,3575.1,3580.2,1833
2025-09-05 20:05:00,BOS,long,3577.7,3575.1,3582.0,3575.1,3582.0,1835
2025-09-05 20:30:00,BOS,long,3590.6,3576.0,3614.2,3576.0,3614.2,1839
2025-09-05 21:45:00,BOS,long,3609.4,3602.3,3620.8,3602.3,3620.8,1853
2025-09-05 22:00:00,BOS,long,3619.8,3617.2,3624.0,3617.2,3624.0,1858
2025-09-05 22:15:00,MSS,short,3620.7,3624.3,3615.0,3624.3,3615.0,1860
2025-09-05 23:40:00,MSS,long,3611.9,3607.0,3619.8,3607.0,3619.8,1874
2025-09-06 00:05:00,BOS,long,3619.6,3617.0,3623.7,3617.0,3623.7,1883
2025-09-06 01:00:00,MSS,short,3623.0,3625.2,3619.4,3625.2,3619.4,1893
2025-09-06 01:25:00,MSS,long,3619.9,3617.0,3624.5,3617.0,3624.5,1896
2025-09-06 02:10:00,MSS,short,3621.8,3623.6,3618.8,3623.6,3618.8,1907
2025-09-06 02:30:00,BOS,short,3619.0,3620.2,3617.0,3620.2,3617.0,1911
2025-09-06 02:45:00,MSS,long,3618.9,3617.0,3622.0,3617.0,3622.0,1913
2025-09-06 03:35:00,MSS,short,3618.3,3619.5,3616.4,3619.5,3616.4,1923
2025-09-06 04:00:00,BOS,short,3615.5,3618.9,3609.9,3618.9,3609.9,1929
2025-09-06 04:45:00,BOS,short,3612.4,3612.9,3611.6,3612.9,3611.6,1939
2025-09-08 07:10:00,BOS,short,3602.9,3605.1,3599.3,3605.1,3599.3,1956
2025-09-08 07:35:00,MSS,long,3600.5,3599.6,3601.9,3599.6,3601.9,1960
2025-09-08 08:00:00,MSS,short,3602.4,3604.6,3598.8,3604.6,3598.8,1965
2025-09-08 08:20:00,MSS,long,3599.7,3598.2,3602.0,3598.2,3602.0,1968
2025-09-08 08:50:00,BOS,long,3600.7,3599.0,3603.5,3599.0,3603.5,1976
2025-09-08 09:00:00,BOS,long,3602.9,3599.0,3609.2,3599.0,3609.2,1976
2025-09-08 09:05:00,MSS,short,3605.1,3609.2,3598.5,3609.2,3598.5,1979
2025-09-08 09:55:00,MSS,long,3600.7,3598.8,3603.9,3598.8,3603.9,1987
2025-09-08 10:30:00,BOS,long,3601.6,3599.0,3605.9,3599.0,3605.9,1993
2025-09-08 11:25:00,MSS,short,3601.2,3602.4,3599.3,3602.4,3599.3,2007
2025-09-08 12:40:00,BOS,short,3595.9,3597.2,3593.9,3597.2,3593.9,2019
2025-09-08 13:00:00,MSS,long,3595.0,3594.1,3596.4,3594.1,3596.4,2026
2025-09-08 13:35:00,BOS,long,3596.1,3594.2,3599.1,3594.2,3599.1,2033
2025-09-08 13:50:00,BOS,long,3596.8,3594.2,3601.0,3594.2,3601.0,2033
2025-09-08 14:10:00,BOS,long,3603.4,3601.8,3605.9,3601.8,3605.9,2040
2025-09-08 14:25:00,BOS,long,3603.6,3602.0,3606.1,3602.0,3606.1,2043
2025-09-08 14:40:00,BOS,long,3606.2,3604.7,3608.7,3604.7,3608.7,2046
2025-09-08 15:00:00,BOS,long,3608.6,3606.7,3611.6,3606.7,3611.6,2049
2025-09-08 16:15:00,BOS,long,3620.9,3619.0,3623.9,3619.0,3623.9,2065
2025-09-08 17:40:00,BOS,long,3623.4,3621.7,3626.2,3621.7,3626.2,2080
2025-09-08 18:00:00,BOS,long,3625.8,3625.1,3627.0,3625.1,3627.0,2085
2025-09-08 18:50:00,MSS,short,3628.3,3630.7,3624.3,3630.7,3624.3,2093
2025-09-08 19:40:00,BOS,short,3627.0,3628.9,3623.8,3628.9,3623.8,2105
2025-09-08 19:55:00,MSS,long,3626.4,3623.8,3630.6,3623.8,3630.6,2107
2025-09-08 20:50:00,BOS,long,3628.5,3624.9,3634.2,3624.9,3634.2,2116
2025-09-08 21:10:00,BOS,long,3636.9,3633.5,3642.4,3633.5,3642.4,2124
2025-09-08 21:40:00,BOS,long,3635.8,3631.3,3643.0,3631.3,3643.0,2129
2025-09-08 22:05:00,BOS,long,3642.5,3638.8,3648.5,3638.8,3648.5,2134
2025-09-08 22:35:00,BOS,long,3642.1,3639.6,3646.1,3639.6,3646.1,2141
2025-09-08 23:10:00,BOS,long,3653.3,3651.3,3656.6,3651.3,3656.6,2148
2025-09-08 23:25:00,MSS,short,3653.1,3656.6,3647.4,3656.6,3647.4,2149
2025-09-09 00:00:00,BOS,short,3650.4,3652.2,3647.6,3652.2,3647.6,2157
2025-09-09 00:25:00,MSS,long,3650.7,3649.1,3653.2,3649.1,3653.2,2163
2025-09-09 00:35:00,MSS,short,3651.2,3653.2,3648.0,3653.2,3648.0,2164
2025-09-09 01:00:00,BOS,short,3650.9,3652.4,3648.5,3652.4,3648.5,2170
2025-09-09 01:55:00,BOS,short,3646.5,3647.8,3644.5,3647.8,3644.5,2181
2025-09-09 02:45:00,MSS,long,3646.1,3645.2,3647.5,3645.2,3647.5,2191
2025-09-09 04:25:00,MSS,short,3647.6,3648.6,3646.1,3648.6,3646.1,2206
2025-09-09 04:40:00,MSS,long,3647.2,3646.1,3648.9,3646.1,3648.9,2212
2025-09-09 06:10:00,MSS,short,3648.8,3650.0,3646.9,3650.0,3646.9,2217
2025-09-09 06:20:00,BOS,short,3648.7,3650.0,3646.6,3650.0,3646.6,2217
2025-09-09 07:15:00,BOS,short,3643.5,3645.3,3640.7,3645.3,3640.7,2233
2025-09-09 07:50:00,MSS,long,3643.6,3641.7,3646.6,3641.7,3646.6,2238
2025-09-09 08:10:00,BOS,long,3646.1,3644.8,3648.2,3644.8,3648.2,2244
2025-09-09 08:50:00,BOS,long,3650.8,3649.8,3652.5,3649.8,3652.5,2251
2025-09-09 09:00:00,BOS,long,3651.8,3650.4,3654.0,3650.4,3654.0,2254
2025-09-09 09:05:00,MSS,short,3651.7,3654.0,3648.0,3654.0,3648.0,2255
2025-09-09 09:15:00,MSS,long,3650.7,3648.0,3655.0,3648.0,3655.0,2256
2025-09-09 09:35:00,BOS,long,3654.4,3652.2,3658.0,3652.2,3658.0,2260
2025-09-09 10:05:00,BOS,long,3659.1,3655.5,3664.9,3655.5,3664.9,2264
2025-09-09 10:50:00,MSS,short,3662.4,3665.4,3657.6,3665.4,3657.6,2275
2025-09-09 12:00:00,MSS,long,3656.5,3655.5,3658.1,3655.5,3658.1,2289
2025-09-09 13:15:00,MSS,short,3665.5,3666.9,3663.3,3666.9,3663.3,2304
2025-09-09 13:30:00,MSS,long,3664.9,3663.3,3667.5,3663.3,3667.5,2306
2025-09-09 14:00:00,MSS,short,3666.7,3669.8,3661.8,3669.8,3661.8,2311
2025-09-09 14:40:00,MSS,long,3652.8,3648.0,3660.5,3648.0,3660.5,2320
2025-09-09 15:20:00,BOS,long,3656.3,3654.3,3659.5,3654.3,3659.5,2330
2025-09-09 16:35:00,BOS,long,3655.2,3654.0,3657.2,3654.0,3657.2,2345
2025-09-09 17:05:00,BOS,long,3658.5,3657.0,3660.8,3657.0,3660.8,2349
2025-09-09 18:30:00,MSS,short,3663.1,3663.9,3661.8,3663.9,3661.8,2367
2025-09-09 19:20:00,BOS,short,3663.2,3663.7,3662.3,3663.7,3662.3,2378
2025-09-09 19:45:00,BOS,short,3662.2,3663.7,3659.9,3663.7,3659.9,2383
2025-09-09 20:05:00,MSS,long,3659.9,3656.8,3664.9,3656.8,3664.9,2386
2025-09-09 20:35:00,MSS,short,3661.7,3665.5,3655.6,3665.5,3655.6,2389
2025-09-09 21:00:00,MSS,long,3657.8,3653.7,3664.5,3653.7,3664.5,2395
2025-09-09 22:00:00,MSS,short,3673.0,3678.8,3663.7,3678.8,3663.7,2410
2025-09-09 22:30:00,BOS,short,3659.6,3665.1,3650.6,3665.1,3650.6,2416
2025-09-09 23:10:00,BOS,short,3654.4,3660.3,3644.8,3660.3,3644.8,2420
2025-09-09 23:40:00,MSS,long,3649.6,3646.7,3654.2,3646.7,3654.2,2430
2025-09-10 00:05:00,BOS,long,3654.2,3651.8,3658.2,3651.8,3658.2,2434
2025-09-10 01:35:00,MSS,short,3654.8,3656.0,3652.8,3656.0,3652.8,2451
2025-09-10 02:10:00,MSS,long,3653.2,3652.3,3654.7,3652.3,3654.7,2459
2025-09-10 02:35:00,MSS,short,3654.0,3655.1,3652.3,3655.1,3652.3,2465
2025-09-10 02:40:00,BOS,short,3653.5,3655.1,3650.9,3655.1,3650.9,2465
2025-09-10 04:35:00,BOS,short,3640.3,3641.8,3637.8,3641.8,3637.8,2488
2025-09-10 04:55:00,BOS,short,3637.1,3638.7,3634.5,3638.7,3634.5,2493
2025-09-10 06:40:00,MSS,long,3633.1,3630.0,3638.2,3630.0,3638.2,2500
2025-09-10 07:10:00,BOS,long,3644.1,3642.2,3647.3,3642.2,3647.3,2508
2025-09-10 07:50:00,MSS,short,3644.5,3645.7,3642.6,3645.7,3642.6,2516
2025-09-10 08:25:00,BOS,short,3639.1,3641.7,3635.0,3641.7,3635.0,2521
2025-09-10 08:35:00,BOS,short,3637.4,3639.2,3634.6,3639.2,3634.6,2525
2025-09-10 08:45:00,BOS,short,3636.4,3639.2,3631.8,3639.2,3631.8,2525
2025-09-10 09:25:00,BOS,short,3634.4,3638.3,3628.2,3638.3,3628.2,2533
2025-09-10 09:50:00,MSS,long,3637.9,3635.0,3642.6,3635.0,3642.6,2540
2025-09-10 10:30:00,MSS,short,3642.4,3644.0,3639.7,3644.0,3639.7,2547
2025-09-10 10:40:00,MSS,long,3641.5,3639.7,3644.3,3639.7,3644.3,2549
2025-09-10 11:35:00,BOS,long,3643.5,3642.5,3645.2,3642.5,3645.2,2559
2025-09-10 12:50:00,BOS,long,3649.8,3648.7,3651.6,3648.7,3651.6,2575
2025-09-10 13:55:00,BOS,long,3650.7,3649.6,3652.6,3649.6,3652.6,2588
2025-09-10 14:05:00,BOS,long,3650.9,3649.5,3653.2,3649.5,3653.2,2591
2025-09-10 15:00:00,BOS,long,3653.4,3652.2,3655.4,3652.2,3655.4,2602
2025-09-10 16:40:00,BOS,long,3654.2,3652.7,3656.7,3652.7,3656.7,2622
2025-09-10 17:20:00,BOS,long,3655.1,3654.7,3655.8,3654.7,3655.8,2630
2025-09-10 17:30:00,BOS,long,3656.0,3655.0,3657.5,3655.0,3657.5,2632
2025-09-10 18:20:00,BOS,long,3663.6,3662.2,3665.8,3662.2,3665.8,2642
2025-09-10 19:00:00,MSS,short,3664.9,3667.8,3660.1,3667.8,3660.1,2649
2025-09-10 19:40:00,BOS,short,3663.4,3666.1,3659.1,3666.1,3659.1,2655
2025-09-10 20:10:00,BOS,short,3659.7,3660.8,3657.8,3660.8,3657.8,2664
2025-09-10 20:30:00,MSS,long,3661.8,3657.5,3668.8,3657.5,3668.8,2666
2025-09-10 20:45:00,MSS,short,3662.8,3668.8,3653.2,3668.8,3653.2,2669
2025-09-10 21:05:00,MSS,long,3653.4,3650.1,3658.7,3650.1,3658.7,2673
2025-09-10 22:00:00,BOS,long,3659.7,3657.5,3663.3,3657.5,3663.3,2684
2025-09-10 22:10:00,BOS,long,3661.6,3659.5,3664.9,3659.5,3664.9,2687
2025-09-10 22:40:00,MSS,short,3663.3,3666.4,3658.4,3666.4,3658.4,2693
2025-09-10 23:20:00,BOS,short,3655.4,3659.1,3649.4,3659.1,3649.4,2701
2025-09-11 00:25:00,BOS,short,3653.6,3655.2,3651.0,3655.2,3651.0,2714
2025-09-11 00:50:00,MSS,long,3652.5,3651.4,3654.2,3651.4,3654.2,2720
2025-09-11 01:10:00,BOS,long,3653.4,3652.6,3654.7,3652.6,3654.7,2724
2025-09-11 01:30:00,BOS,long,3654.0,3652.3,3656.7,3652.3,3656.7,2728
2025-09-11 01:55:00,BOS,long,3656.9,3656.1,3658.1,3656.1,3658.1,2733
2025-09-11 02:00:00,BOS,long,3657.1,3656.1,3658.7,3656.1,3658.7,2733
2025-09-11 02:35:00,MSS,short,3659.0,3660.6,3656.4,3660.6,3656.4,2739
2025-09-11 03:10:00,BOS,short,3656.0,3657.0,3654.5,3657.0,3654.5,2747
2025-09-11 03:30:00,BOS,short,3650.4,3652.2,3647.4,3652.2,3647.4,2752
2025-09-11 03:50:00,MSS,long,3648.4,3645.9,3652.5,3645.9,3652.5,2754
2025-09-11 04:35:00,MSS,short,3651.3,3652.5,3649.4,3652.5,3649.4,2762
2025-09-11 06:00:00,MSS,long,3651.3,3649.2,3654.7,3649.2,3654.7,2767
2025-09-11 06:15:00,MSS,short,3652.1,3654.7,3648.0,3654.7,3648.0,2771
2025-09-11 06:35:00,MSS,long,3650.2,3649.7,3650.9,3649.7,3650.9,2776
2025-09-11 06:50:00,MSS,short,3651.0,3651.6,3650.0,3651.6,3650.0,2779
2025-09-11 07:05:00,MSS,long,3649.8,3649.0,3651.0,3649.0,3651.0,2783
2025-09-11 07:25:00,BOS,long,3650.2,3648.7,3652.7,3648.7,3652.7,2784
2025-09-11 07:30:00,MSS,short,3652.0,3652.7,3650.8,3652.7,3650.8,2788
2025-09-11 07:35:00,MSS,long,3651.8,3650.8,3653.5,3650.8,3653.5,2789
2025-09-11 07:50:00,BOS,long,3652.3,3650.8,3654.8,3650.8,3654.8,2789
2025-09-11 08:30:00,MSS,short,3655.4,3656.2,3654.0,3656.2,3654.0,2800
2025-09-11 09:05:00,MSS,long,3653.6,3652.0,3656.1,3652.0,3656.1,2807
2025-09-11 09:25:00,BOS,long,3655.8,3654.2,3658.3,3654.2,3658.3,2811
2025-09-11 09:35:00,MSS,short,3656.6,3658.7,3653.2,3658.7,3653.2,2813
2025-09-11 10:15:00,BOS,short,3651.1,3652.4,3649.0,3652.4,3649.0,2820
2025-09-11 11:05:00,BOS,short,3645.1,3647.4,3641.3,3647.4,3641.3,2829
2025-09-11 11:40:00,BOS,short,3641.7,3643.0,3639.6,3643.0,3639.6,2838
2025-09-11 12:10:00,MSS,long,3640.4,3638.5,3643.5,3638.5,3643.5,2840
2025-09-11 12:35:00,MSS,short,3642.2,3643.2,3640.5,3643.2,3640.5,2849
2025-09-11 13:35:00,MSS,long,3636.4,3633.3,3641.4,3633.3,3641.4,2861
2025-09-11 13:50:00,MSS,short,3638.8,3641.4,3634.6,3641.4,3634.6,2862
2025-09-11 14:05:00,MSS,long,3635.6,3632.0,3641.3,3632.0,3641.3,2867
2025-09-11 14:40:00,BOS,long,3642.1,3640.0,3645.5,3640.0,3645.5,2872
2025-09-11 15:00:00,MSS,short,3643.2,3646.6,3637.6,3646.6,3637.6,2876
2025-09-11 16:00:00,MSS,long,3637.7,3635.8,3640.8,3635.8,3640.8,2888
2025-09-11 16:30:00,MSS,short,3638.2,3639.4,3636.3,3639.4,3636.3,2894
2025-09-11 16:55:00,BOS,short,3638.1,3640.0,3635.0,3640.0,3635.0,2901
2025-09-11 18:15:00,MSS,long,3630.1,3628.9,3632.1,3628.9,3632.1,2916
2025-09-11 19:10:00,MSS,short,3631.4,3633.2,3628.5,3633.2,3628.5,2925
2025-09-11 19:35:00,BOS,short,3628.5,3629.7,3626.6,3629.7,3626.6,2933
2025-09-11 20:20:00,MSS,long,3630.6,3627.1,3636.2,3627.1,3636.2,2941
2025-09-11 20:30:00,BOS,long,3636.0,3627.1,3650.5,3627.1,3650.5,2941
2025-09-11 21:15:00,MSS,short,3641.2,3646.7,3632.2,3646.7,3632.2,2953
2025-09-11 22:05:00,MSS,long,3638.2,3634.7,3643.8,3634.7,3643.8,2963
2025-09-11 23:00:00,BOS,long,3639.9,3638.0,3642.9,3638.0,3642.9,2974
2025-09-11 23:10:00,BOS,long,3640.2,3638.0,3643.8,3638.0,3643.8,2974
2025-09-12 00:05:00,BOS,long,3644.5,3641.5,3649.4,3641.5,3649.4,2985
2025-09-12 00:35:00,MSS,short,3647.2,3648.1,3645.7,3648.1,3645.7,2993
2025-09-12 01:00:00,BOS,short,3644.9,3646.8,3641.8,3646.8,3641.8,2998
2025-09-12 02:05:00,MSS,long,3645.2,3644.4,3646.5,3644.4,3646.5,3011
2025-09-12 02:15:00,MSS,short,3645.0,3646.6,3642.4,3646.6,3642.4,3013
2025-09-12 02:30:00,BOS,short,3643.1,3644.5,3640.8,3644.5,3640.8,3015
2025-09-12 03:05:00,MSS,long,3642.7,3640.8,3645.8,3640.8,3645.8,3017
2025-09-12 03:15:00,BOS,long,3645.1,3644.4,3646.2,3644.4,3646.2,3025
2025-09-12 03:40:00,BOS,long,3645.8,3644.6,3647.7,3644.6,3647.7,3028
2025-09-12 03:50:00,MSS,short,3647.4,3648.0,3646.4,3648.0,3646.4,3030
2025-09-12 04:30:00,BOS,short,3645.6,3646.5,3644.1,3646.5,3644.1,3039
2025-09-12 06:00:00,MSS,long,3644.4,3643.3,3646.1,3643.3,3646.1,3046
2025-09-12 07:05:00,MSS,short,3644.5,3645.1,3643.6,3645.1,3643.6,3059
2025-09-12 07:20:00,MSS,long,3642.9,3642.3,3644.0,3642.3,3644.0,3061
2025-09-12 07:45:00,MSS,short,3643.3,3644.3,3641.7,3644.3,3641.7,3064
2025-09-12 08:45:00,MSS,long,3640.7,3638.6,3644.1,3638.6,3644.1,3076
2025-09-12 09:30:00,BOS,long,3650.9,3648.1,3655.4,3648.1,3655.4,3085
2025-09-12 10:05:00,BOS,long,3656.8,3655.0,3659.6,3655.0,3659.6,3094
2025-09-12 11:10:00,BOS,long,3659.6,3658.0,3662.2,3658.0,3662.2,3106
2025-09-12 11:55:00,BOS,long,3662.2,3661.4,3663.6,3661.4,3663.6,3116
2025-09-12 12:25:00,BOS,long,3663.1,3662.1,3664.6,3662.1,3664.6,3119
2025-09-12 13:15:00,BOS,long,3664.7,3663.7,3666.4,3663.7,3666.4,3130
2025-09-12 13:25:00,MSS,short,3665.4,3666.5,3663.5,3666.5,3663.5,3134
2025-09-12 13:45:00,BOS,short,3664.6,3666.1,3662.2,3666.1,3662.2,3138
2025-09-12 14:20:00,BOS,short,3662.4,3663.6,3660.5,3663.6,3660.5,3145
2025-09-12 14:40:00,BOS,short,3661.0,3662.3,3658.9,3662.3,3658.9,3149
2025-09-12 15:05:00,MSS,long,3660.3,3659.0,3662.3,3659.0,3662.3,3154
2025-09-12 15:35:00,MSS,short,3661.4,3663.1,3658.6,3663.1,3658.6,3156
2025-09-12 16:00:00,MSS,long,3657.9,3656.9,3659.4,3656.9,3659.4,3165
2025-09-12 16:10:00,MSS,short,3657.2,3660.5,3651.9,3660.5,3651.9,3167
2025-09-12 16:45:00,BOS,short,3653.7,3655.1,3651.4,3655.1,3651.4,3174
2025-09-12 17:10:00,BOS,short,3652.3,3655.2,3647.7,3655.2,3647.7,3178
2025-09-12 17:25:00,MSS,long,3650.1,3646.7,3655.5,3646.7,3655.5,3179
2025-09-12 17:55:00,BOS,long,3653.3,3651.7,3656.0,3651.7,3656.0,3186
2025-09-12 18:10:00,BOS,long,3654.1,3651.7,3658.0,3651.7,3658.0,3186
2025-09-12 19:25:00,MSS,short,3658.9,3660.2,3656.8,3660.2,3656.8,3205
2025-09-12 19:55:00,BOS,short,3657.0,3657.8,3655.6,3657.8,3655.6,3211
2025-09-12 20:20:00,BOS,short,3654.0,3655.6,3651.3,3655.6,3651.3,3217
2025-09-12 20:30:00,BOS,short,3652.1,3655.6,3646.5,3655.6,3646.5,3217
2025-09-12 20:45:00,MSS,long,3650.1,3648.9,3652.0,3648.9,3652.0,3219
2025-09-12 21:00:00,BOS,long,3650.8,3647.3,3656.5,3647.3,3656.5,3223
2025-09-12 21:40:00,BOS,long,3657.9,3655.5,3661.7,3655.5,3661.7,3232
2025-09-12 22:15:00,BOS,long,3660.0,3658.4,3662.7,3658.4,3662.7,3239
2025-09-12 22:40:00,MSS,short,3661.3,3663.4,3658.0,3663.4,3658.0,3242
2025-09-12 23:05:00,BOS,short,3656.7,3658.7,3653.4,3658.7,3653.4,3248
2025-09-13 00:25:00,MSS,long,3653.3,3651.4,3656.5,3651.4,3656.5,3263
2025-09-13 00:45:00,BOS,long,3656.4,3655.5,3657.9,3655.5,3657.9,3269
2025-09-13 01:10:00,BOS,long,3658.7,3657.9,3660.1,3657.9,3660.1,3275
2025-09-13 01:20:00,MSS,short,3659.7,3660.1,3659.0,3660.1,3659.0,3276
2025-09-13 02:05:00,BOS,short,3658.1,3659.4,3656.0,3659.4,3656.0,3284
2025-09-13 03:00:00,BOS,short,3657.5,3657.9,3656.9,3657.9,3656.9,3297
2025-09-13 03:20:00,BOS,short,3656.6,3657.1,3655.8,3657.1,3655.8,3301
2025-09-13 04:05:00,BOS,short,3654.0,3655.6,3651.5,3655.6,3651.5,3308
2025-09-13 04:35:00,BOS,short,3651.5,3652.1,3650.5,3652.1,3650.5,3315
2025-09-15 06:00:00,MSS,long,3652.8,3651.5,3654.9,3651.5,3654.9,3320
2025-09-15 06:20:00,MSS,short,3652.3,3654.9,3648.0,3654.9,3648.0,3321
2025-09-15 07:00:00,BOS,short,3649.4,3650.2,3648.2,3650.2,3648.2,3332
2025-09-15 07:30:00,BOS,short,3646.6,3647.9,3644.4,3647.9,3644.4,3338
2025-09-15 08:00:00,BOS,short,3644.6,3646.1,3642.1,3646.1,3642.1,3344
2025-09-15 08:10:00,MSS,long,3644.9,3642.1,3649.5,3642.1,3649.5,3345
2025-09-15 08:35:00,MSS,short,3647.0,3650.4,3641.4,3650.4,3641.4,3348
2025-09-15 09:50:00,MSS,long,3640.3,3638.6,3643.0,3638.6,3643.0,3366
2025-09-15 10:55:00,MSS,short,3650.5,3652.5,3647.3,3652.5,3647.3,3377
2025-09-15 11:25:00,MSS,long,3649.8,3648.6,3651.7,3648.6,3651.7,3385
2025-09-15 12:30:00,MSS,short,3654.0,3654.6,3653.0,3654.6,3653.0,3397
2025-09-15 12:55:00,MSS,long,3652.6,3652.0,3653.7,3652.0,3653.7,3402
2025-09-15 13:10:00,MSS,short,3652.6,3653.8,3650.7,3653.8,3650.7,3405
2025-09-15 13:55:00,BOS,short,3652.3,3652.7,3651.6,3652.7,3651.6,3414
2025-09-15 14:40:00,BOS,short,3649.4,3651.1,3646.6,3651.1,3646.6,3424
2025-09-15 15:30:00,MSS,long,3644.3,3642.1,3647.9,3642.1,3647.9,3433
2025-09-15 15:50:00,BOS,long,3649.9,3648.7,3651.9,3648.7,3651.9,3438
2025-09-15 16:30:00,MSS,short,3650.2,3650.8,3649.1,3650.8,3649.1,3445
2025-09-15 16:45:00,BOS,short,3649.2,3649.8,3648.3,3649.8,3648.3,3449
2025-09-15 16:55:00,MSS,long,3650.2,3648.3,3653.3,3648.3,3653.3,3450
2025-09-15 17:15:00,MSS,short,3652.1,3653.5,3649.9,3653.5,3649.9,3453
2025-09-15 18:15:00,MSS,long,3647.7,3643.7,3654.1,3643.7,3654.1,3460
2025-09-15 19:40:00,BOS,long,3652.0,3651.0,3653.7,3651.0,3653.7,3483
2025-09-15 20:00:00,MSS,short,3652.3,3654.0,3649.6,3654.0,3649.6,3486
2025-09-15 20:45:00,MSS,long,3649.3,3644.6,3656.9,3644.6,3656.9,3493
2025-09-15 21:20:00,BOS,long,3657.9,3655.0,3662.5,3655.0,3662.5,3503
2025-09-15 22:35:00,BOS,long,3667.5,3665.2,3671.2,3665.2,3671.2,3519
2025-09-15 22:50:00,BOS,long,3669.2,3667.7,3671.5,3667.7,3671.5,3521
2025-09-15 23:40:00,BOS,long,3676.0,3674.9,3677.7,3674.9,3677.7,3531
2025-09-16 00:25:00,BOS,long,3691.3,3689.4,3694.3,3689.4,3694.3,3540
2025-09-16 00:35:00,MSS,short,3692.0,3695.2,3686.7,3695.2,3686.7,3543
2025-09-16 01:30:00,MSS,long,3689.7,3687.9,3692.6,3687.9,3692.6,3553
2025-09-16 02:10:00,MSS,short,3690.8,3692.3,3688.5,3692.3,3688.5,3560
2025-09-16 02:35:00,BOS,short,3688.9,3690.6,3686.2,3690.6,3686.2,3567
2025-09-16 03:40:00,MSS,long,3688.0,3685.6,3691.8,3685.6,3691.8,3571
2025-09-16 04:30:00,MSS,short,3691.3,3691.8,3690.5,3691.8,3690.5,3590
2025-09-16 04:55:00,BOS,short,3690.8,3691.9,3689.1,3691.9,3689.1,3594
2025-09-16 06:05:00,BOS,short,3689.8,3691.3,3687.5,3691.3,3687.5,3597
2025-09-16 07:25:00,BOS,short,3688.7,3689.4,3687.6,3689.4,3687.6,3613
2025-09-16 07:45:00,BOS,short,3687.6,3688.3,3686.5,3688.3,3686.5,3617
2025-09-16 08:10:00,MSS,long,3687.4,3686.0,3689.6,3686.0,3689.6,3620
2025-09-16 08:55:00,BOS,long,3693.6,3692.0,3696.2,3692.0,3696.2,3630
2025-09-16 09:00:00,MSS,short,3693.8,3696.2,3689.8,3696.2,3689.8,3632
2025-09-16 09:30:00,MSS,long,3688.0,3686.1,3691.1,3686.1,3691.1,3637
2025-09-16 10:30:00,MSS,short,3688.7,3690.4,3686.0,3690.4,3686.0,3648
2025-09-16 11:10:00,MSS,long,3686.0,3684.7,3688.2,3684.7,3688.2,3657
2025-09-16 11:30:00,BOS,long,3688.8,3688.0,3690.1,3688.0,3690.1,3661
2025-09-16 11:35:00,BOS,long,3689.0,3688.0,3690.5,3688.0,3690.5,3661
2025-09-16 12:05:00,BOS,long,3689.3,3688.8,3690.0,3688.8,3690.0,3668
2025-09-16 12:35:00,MSS,short,3689.6,3690.7,3687.7,3690.7,3687.7,3673
2025-09-16 12:50:00,MSS,long,3689.5,3687.7,3692.3,3687.7,3692.3,3676
2025-09-16 13:35:00,MSS,short,3690.9,3691.6,3689.8,3691.6,3689.8,3687
2025-09-16 14:00:00,MSS,long,3689.5,3687.7,3692.5,3687.7,3692.5,3690
2025-09-16 14:15:00,BOS,long,3691.6,3690.0,3694.3,3690.0,3694.3,3694
2025-09-16 14:35:00,BOS,long,3694.0,3692.6,3696.2,3692.6,3696.2,3699
2025-09-16 14:55:00,BOS,long,3698.4,3696.3,3701.8,3696.3,3701.8,3703
2025-09-16 15:35:00,MSS,short,3698.7,3700.4,3695.9,3700.4,3695.9,3711
2025-09-16 15:55:00,BOS,short,3696.9,3698.2,3694.8,3698.2,3694.8,3714
2025-09-16 16:10:00,MSS,long,3698.3,3694.6,3704.2,3694.6,3704.2,3717
2025-09-16 17:20:00,BOS,long,3703.5,3702.3,3705.4,3702.3,3705.4,3732
2025-09-16 17:50:00,BOS,long,3704.1,3702.3,3707.0,3702.3,3707.0,3735
2025-09-16 18:35:00,MSS,short,3705.1,3706.2,3703.3,3706.2,3703.3,3746
2025-09-16 19:15:00,BOS,short,3700.8,3701.9,3698.9,3701.9,3698.9,3755
2025-09-16 19:35:00,MSS,long,3700.6,3698.9,3703.4,3698.9,3703.4,3756
2025-09-16 21:05:00,MSS,short,3696.6,3698.8,3693.0,3698.8,3693.0,3774
2025-09-16 21:20:00,MSS,long,3695.5,3692.6,3700.3,3692.6,3700.3,3780
2025-09-16 22:10:00,BOS,long,3703.6,3701.5,3707.0,3701.5,3707.0,3790
2025-09-16 22:25:00,MSS,short,3705.8,3710.2,3698.7,3710.2,3698.7,3792
2025-09-16 22:55:00,BOS,short,3698.7,3702.7,3692.3,3702.7,3692.3,3796
2025-09-17 00:15:00,MSS,long,3693.3,3691.8,3695.8,3691.8,3695.8,3814
2025-09-17 01:35:00,MSS,short,3695.5,3696.3,3694.2,3696.3,3694.2,3831
2025-09-17 02:30:00,MSS,long,3694.6,3693.8,3695.8,3693.8,3695.8,3842
2025-09-17 02:50:00,BOS,long,3695.9,3694.9,3697.5,3694.9,3697.5,3844
2025-09-17 03:30:00,MSS,short,3696.4,3697.2,3695.1,3697.2,3695.1,3851
2025-09-17 03:45:00,MSS,long,3695.7,3694.7,3697.4,3694.7,3697.4,3857
2025-09-17 06:30:00,BOS,long,3698.8,3697.7,3700.5,3697.7,3700.5,3875
2025-09-17 07:00:00,BOS,long,3699.8,3699.1,3701.0,3699.1,3701.0,3884
2025-09-17 08:45:00,MSS,short,3701.6,3703.2,3699.0,3703.2,3699.0,3899
2025-09-17 09:00:00,BOS,short,3699.0,3700.0,3697.4,3700.0,3697.4,3907
2025-09-17 10:10:00,MSS,long,3686.2,3684.4,3689.0,3684.4,3689.0,3921
2025-09-17 10:45:00,BOS,long,3685.2,3681.9,3690.6,3681.9,3690.6,3927
2025-09-17 11:45:00,MSS,short,3689.4,3689.7,3688.8,3689.7,3688.8,3938
2025-09-17 12:00:00,MSS,long,3688.7,3688.1,3689.6,3688.1,3689.6,3942
2025-09-17 12:20:00,MSS,short,3688.8,3689.4,3687.9,3689.4,3687.9,3946
2025-09-17 12:40:00,MSS,long,3687.9,3687.5,3688.6,3687.5,3688.6,3950
2025-09-17 13:00:00,BOS,long,3689.0,3687.2,3692.0,3687.2,3692.0,3953
2025-09-17 13:20:00,MSS,short,3690.6,3693.2,3686.3,3693.2,3686.3,3955
2025-09-17 13:35:00,BOS,short,3687.5,3688.9,3685.2,3688.9,3685.2,3960
2025-09-17 14:05:00,BOS,short,3686.1,3687.2,3684.2,3687.2,3684.2,3966
2025-09-17 14:35:00,BOS,short,3684.8,3686.8,3681.5,3686.8,3681.5,3970
2025-09-17 15:15:00,BOS,short,3680.9,3683.9,3676.1,3683.9,3676.1,3978
2025-09-17 15:25:00,BOS,short,3676.6,3678.5,3673.4,3678.5,3673.4,3982
2025-09-17 16:00:00,BOS,short,3675.4,3677.9,3671.4,3677.9,3671.4,3985
2025-09-17 17:00:00,BOS,short,3672.1,3673.1,3670.6,3673.1,3670.6,3999
2025-09-17 17:10:00,MSS,long,3672.4,3670.6,3675.2,3670.6,3675.2,4002
2025-09-17 18:05:00,MSS,short,3673.9,3676.1,3670.3,3676.1,3670.3,4014
2025-09-17 18:45:00,BOS,short,3672.2,3674.0,3669.4,3674.0,3669.4,4018
2025-09-17 19:20:00,MSS,long,3669.0,3665.8,3674.2,3665.8,3674.2,4026
2025-09-17 19:45:00,BOS,long,3673.3,3671.8,3675.8,3671.8,3675.8,4034
2025-09-17 19:50:00,MSS,short,3674.0,3675.8,3671.1,3675.8,3671.1,4035
2025-09-17 20:05:00,MSS,long,3672.7,3670.3,3676.7,3670.3,3676.7,4037
2025-09-17 20:35:00,BOS,long,3677.5,3675.9,3680.1,3675.9,3680.1,4044
2025-09-17 21:30:00,BOS,long,3682.2,3679.6,3686.5,3679.6,3686.5,4054
2025-09-17 21:50:00,MSS,short,3686.4,3689.0,3682.3,3689.0,3682.3,4057
2025-09-17 22:10:00,MSS,long,3685.2,3682.3,3689.8,3682.3,3689.8,4060
2025-09-17 22:45:00,BOS,long,3689.7,3688.4,3691.8,3688.4,3691.8,4069
2025-09-17 22:50:00,MSS,short,3690.3,3691.8,3688.0,3691.8,3688.0,4071
2025-09-17 23:50:00,BOS,short,3690.7,3692.4,3687.9,3692.4,3687.9,4081
2025-09-18 00:05:00,MSS,long,3689.6,3687.5,3692.9,3687.5,3692.9,4085
2025-09-18 01:20:00,MSS,short,3687.5,3689.7,3683.9,3689.7,3683.9,4101
2025-09-18 01:30:00,MSS,long,3686.3,3683.9,3690.3,3683.9,3690.3,4102
2025-09-18 01:45:00,BOS,long,3690.6,3689.6,3692.1,3689.6,3692.1,4106
2025-09-18 02:00:00,BOS,long,3696.0,3691.1,3703.9,3691.1,3703.9,4109
2025-09-18 02:50:00,MSS,short,3689.7,3714.1,3650.3,3714.1,3650.3,4111
2025-09-18 03:25:00,MSS,long,3660.6,3652.8,3673.1,3652.8,3673.1,4124
2025-09-18 03:45:00,MSS,short,3667.3,3671.2,3660.9,3671.2,3660.9,4129
2025-09-18 04:55:00,MSS,long,3663.4,3662.5,3664.8,3662.5,3664.8,4142
2025-09-18 06:00:00,MSS,short,3663.7,3664.8,3662.0,3664.8,3662.0,4145
2025-09-18 06:10:00,MSS,long,3662.5,3659.0,3668.1,3659.0,3668.1,4147
2025-09-18 07:05:00,BOS,long,3667.1,3665.5,3669.6,3665.5,3669.6,4158
2025-09-18 08:00:00,MSS,short,3673.0,3675.1,3669.5,3675.1,3669.5,4169
2025-09-18 08:35:00,BOS,short,3665.5,3667.3,3662.5,3667.3,3662.5,4176
2025-09-18 08:50:00,MSS,long,3664.9,3662.5,3668.9,3662.5,3668.9,4177
2025-09-18 09:15:00,MSS,short,3667.8,3673.6,3658.3,3673.6,3658.3,4182
2025-09-18 10:05:00,MSS,long,3662.4,3658.7,3668.3,3658.7,3668.3,4191
2025-09-18 10:45:00,BOS,long,3666.9,3665.3,3669.5,3665.3,3669.5,4201
2025-09-18 11:35:00,MSS,short,3667.2,3667.8,3666.2,3667.8,3666.2,4212
2025-09-18 12:30:00,BOS,short,3663.0,3664.3,3660.9,3664.3,3660.9,4221
2025-09-18 12:50:00,BOS,short,3662.0,3663.1,3660.1,3663.1,3660.1,4226
2025-09-18 13:15:00,MSS,long,3659.3,3657.7,3661.8,3657.7,3661.8,4232
2025-09-18 13:50:00,MSS,short,3657.1,3659.2,3653.7,3659.2,3653.7,4239
2025-09-18 15:00:00,MSS,long,3642.5,3641.4,3644.3,3641.4,3644.3,4253
2025-09-18 16:05:00,MSS,short,3661.9,3663.5,3659.2,3663.5,3659.2,4266
2025-09-18 16:35:00,MSS,long,3661.5,3658.4,3666.6,3658.4,3666.6,4270
2025-09-18 17:20:00,BOS,long,3673.3,3671.0,3677.1,3671.0,3677.1,4281
2025-09-18 17:55:00,BOS,long,3675.9,3675.1,3677.2,3675.1,3677.2,4288
2025-09-18 18:05:00,MSS,short,3675.9,3677.6,3673.2,3677.6,3673.2,4290
2025-09-18 19:15:00,MSS,long,3671.9,3670.0,3675.1,3670.0,3675.1,4304
2025-09-18 20:20:00,BOS,long,3672.2,3669.9,3676.0,3669.9,3676.0,4317
2025-09-18 20:55:00,MSS,short,3671.4,3674.0,3667.1,3674.0,3667.1,4323
2025-09-18 21:55:00,MSS,long,3636.9,3631.2,3646.1,3631.2,3646.1,4335
2025-09-18 22:15:00,MSS,short,3645.3,3648.7,3639.8,3648.7,3639.8,4340
2025-09-18 22:45:00,MSS,long,3643.3,3639.0,3650.3,3639.0,3650.3,4344
2025-09-19 00:10:00,BOS,long,3645.8,3644.5,3648.0,3644.5,3648.0,4363
2025-09-19 00:50:00,BOS,long,3648.4,3646.9,3650.8,3646.9,3650.8,4370
2025-09-19 01:15:00,MSS,short,3648.9,3649.9,3647.4,3649.9,3647.4,4375
2025-09-19 01:35:00,BOS,short,3648.8,3649.6,3647.5,3649.6,3647.5,4379
2025-09-19 01:45:00,BOS,short,3648.2,3648.7,3647.3,3648.7,3647.3,4381
2025-09-19 03:05:00,BOS,short,3645.5,3646.0,3644.8,3646.0,3644.8,4397
2025-09-19 03:10:00,MSS,long,3645.0,3644.4,3646.1,3644.4,3646.1,4398
2025-09-19 03:50:00,BOS,long,3647.3,3646.3,3648.8,3646.3,3648.8,4405
2025-09-19 04:30:00,MSS,short,3649.0,3649.7,3647.8,3649.7,3647.8,4415
2025-09-19 06:00:00,BOS,short,3647.5,3648.3,3646.1,3648.3,3646.1,4421
2025-09-19 06:45:00,BOS,short,3645.3,3645.7,3644.7,3645.7,3644.7,4428
2025-09-19 07:25:00,BOS,short,3643.5,3644.5,3641.8,3644.5,3641.8,4434
2025-09-19 07:40:00,BOS,short,3641.8,3642.4,3640.9,3642.4,3640.9,4441
2025-09-19 07:50:00,MSS,long,3641.7,3640.9,3642.9,3640.9,3642.9,4442
2025-09-19 08:15:00,MSS,short,3643.0,3645.2,3639.5,3645.2,3639.5,4446
2025-09-19 08:30:00,BOS,short,3643.0,3645.2,3639.5,3645.2,3639.5,4446
2025-09-19 08:50:00,MSS,long,3640.6,3638.8,3643.5,3638.8,3643.5,4454
2025-09-19 09:25:00,MSS,short,3652.2,3653.7,3649.8,3653.7,3649.8,4462
2025-09-19 09:45:00,BOS,short,3648.2,3650.5,3644.6,3650.5,3644.6,4466
2025-09-19 10:05:00,MSS,long,3638.7,3634.5,3645.5,3634.5,3645.5,4468
2025-09-19 10:30:00,BOS,long,3644.5,3641.4,3649.5,3641.4,3649.5,4471
2025-09-19 10:40:00,BOS,long,3648.2,3646.8,3650.5,3646.8,3650.5,4477
2025-09-19 11:15:00,BOS,long,3650.5,3648.9,3653.2,3648.9,3653.2,4483
2025-09-19 12:05:00,BOS,long,3658.6,3656.4,3662.1,3656.4,3662.1,4493
2025-09-19 12:35:00,MSS,short,3662.1,3663.0,3660.7,3663.0,3660.7,4498
2025-09-19 13:00:00,MSS,long,3661.8,3660.4,3664.0,3660.4,3664.0,4504
2025-09-19 13:30:00,MSS,short,3660.4,3661.3,3659.0,3661.3,3659.0,4511
2025-09-19 13:50:00,BOS,short,3657.8,3659.5,3655.0,3659.5,3655.0,4514
2025-09-19 14:15:00,BOS,short,3655.0,3656.9,3652.0,3656.9,3652.0,4520
2025-09-19 14:30:00,BOS,short,3652.1,3654.1,3648.8,3654.1,3648.8,4523
2025-09-19 15:15:00,MSS,long,3650.0,3647.1,3654.8,3647.1,3654.8,4531
2025-09-19 15:45:00,BOS,long,3655.2,3654.1,3656.9,3654.1,3656.9,4537
2025-09-19 16:05:00,MSS,short,3656.5,3657.4,3655.1,3657.4,3655.1,4542
2025-09-19 16:30:00,MSS,long,3656.0,3654.7,3658.2,3654.7,3658.2,4547
2025-09-19 16:45:00,BOS,long,3657.3,3655.9,3659.5,3655.9,3659.5,4550
2025-09-19 17:45:00,MSS,short,3660.0,3661.1,3658.3,3661.1,3658.3,4557
2025-09-19 18:10:00,MSS,long,3660.6,3659.9,3661.7,3659.9,3661.7,4567
2025-09-19 18:25:00,MSS,short,3661.2,3662.1,3659.7,3662.1,3659.7,4570
2025-09-19 19:00:00,BOS,short,3658.5,3659.3,3657.1,3659.3,3657.1,4577
2025-09-19 20:45:00,BOS,short,3650.5,3651.6,3648.7,3651.6,3648.7,4596
2025-09-19 20:50:00,MSS,long,3649.9,3648.7,3651.8,3648.7,3651.8,4599
2025-09-19 21:10:00,BOS,long,3650.2,3646.3,3656.6,3646.3,3656.6,4602
2025-09-19 21:50:00,BOS,long,3659.5,3656.9,3663.8,3656.9,3663.8,4610
2025-09-19 22:15:00,MSS,short,3663.0,3665.5,3659.0,3665.5,3659.0,4616
2025-09-19 22:25:00,MSS,long,3662.4,3659.0,3668.0,3659.0,3668.0,4617
2025-09-19 22:35:00,BOS,long,3662.9,3659.0,3669.2,3659.0,3669.2,4617
2025-09-19 23:10:00,BOS,long,3672.2,3669.6,3676.3,3669.6,3676.3,4627
2025-09-20 00:20:00,MSS,short,3674.2,3676.5,3670.5,3676.5,3670.5,4638
2025-09-20 00:55:00,BOS,short,3673.5,3674.6,3671.8,3674.6,3671.8,4647
2025-09-20 01:10:00,MSS,long,3673.1,3671.8,3675.2,3671.8,3675.2,4649
2025-09-20 02:55:00,BOS,long,3686.9,3685.9,3688.4,3685.9,3688.4,4671
2025-09-20 03:30:00,MSS,short,3687.0,3688.0,3685.4,3688.0,3685.4,4678
2025-09-20 03:50:00,MSS,long,3686.8,3685.4,3689.0,3685.4,3689.0,4680
2025-09-20 04:30:00,BOS,long,3686.7,3685.2,3689.2,3685.2,3689.2,4689
2025-09-22 06:00:00,BOS,long,3691.1,3688.6,3695.1,3688.6,3695.1,4697
2025-09-22 07:10:00,MSS,short,3693.7,3694.7,3692.0,3694.7,3692.0,4711
2025-09-22 07:20:00,MSS,long,3693.4,3691.9,3695.9,3691.9,3695.9,4713
2025-09-22 07:50:00,MSS,short,3693.2,3694.2,3691.7,3694.2,3691.7,4718
2025-09-22 08:10:00,MSS,long,3692.8,3690.9,3695.8,3690.9,3695.8,4723
2025-09-22 08:55:00,BOS,long,3694.8,3693.9,3696.2,3693.9,3696.2,4732
2025-09-22 09:10:00,BOS,long,3695.8,3692.5,3701.2,3692.5,3701.2,4735
2025-09-22 10:35:00,MSS,short,3696.0,3698.3,3692.3,3698.3,3692.3,4752
2025-09-22 11:00:00,MSS,long,3692.5,3691.4,3694.4,3691.4,3694.4,4757
2025-09-22 11:10:00,BOS,long,3692.9,3691.2,3695.6,3691.2,3695.6,4758
2025-09-22 11:20:00,BOS,long,3695.3,3694.1,3697.2,3694.1,3697.2,4760
2025-09-22 11:35:00,BOS,long,3697.7,3696.4,3699.7,3696.4,3699.7,4764
2025-09-22 12:35:00,MSS,short,3700.1,3703.0,3695.5,3703.0,3695.5,4768
2025-09-22 13:20:00,MSS,long,3698.4,3695.5,3703.1,3695.5,3703.1,4777
2025-09-22 13:30:00,BOS,long,3702.6,3701.6,3704.3,3701.6,3704.3,4787
2025-09-22 14:10:00,BOS,long,3703.0,3701.2,3706.0,3701.2,3706.0,4795
2025-09-22 15:20:00,MSS,short,3715.7,3717.3,3713.2,3717.3,3713.2,4809
2025-09-22 15:25:00,MSS,long,3715.1,3713.2,3718.2,3713.2,3718.2,4810
2025-09-22 16:00:00,BOS,long,3719.0,3717.4,3721.6,3717.4,3721.6,4816
2025-09-22 16:40:00,BOS,long,3723.6,3722.1,3726.1,3722.1,3726.1,4824
2025-09-22 17:00:00,MSS,short,3725.6,3726.6,3723.9,3726.6,3723.9,4827
2025-09-22 17:15:00,MSS,long,3725.8,3723.9,3728.9,3723.9,3728.9,4830
2025-09-22 18:20:00,BOS,long,3727.6,3725.3,3731.4,3725.3,3731.4,4843
2025-09-22 18:45:00,BOS,long,3728.3,3726.0,3732.0,3726.0,3732.0,4850
2025-09-22 19:35:00,MSS,short,3730.4,3731.1,3729.3,3731.1,3729.3,4860
2025-09-22 20:15:00,BOS,short,3726.4,3729.2,3722.0,3729.2,3722.0,4866
2025-09-22 20:45:00,MSS,long,3720.1,3718.1,3723.3,3718.1,3723.3,4874
2025-09-22 21:30:00,MSS,short,3725.8,3729.2,3720.2,3729.2,3720.2,4882
2025-09-22 21:45:00,BOS,short,3723.3,3727.2,3717.1,3727.2,3717.1,4886
2025-09-22 22:05:00,MSS,long,3724.0,3721.7,3727.7,3721.7,3727.7,4890
2025-09-22 22:50:00,BOS,long,3724.3,3720.6,3730.2,3720.6,3730.2,4898
2025-09-22 23:20:00,BOS,long,3729.9,3728.0,3732.9,3728.0,3732.9,4905
2025-09-22 23:35:00,BOS,long,3731.5,3728.0,3737.2,3728.0,3737.2,4905
2025-09-23 00:30:00,BOS,long,3737.1,3734.0,3742.0,3734.0,3742.0,4909
2025-09-23 00:40:00,BOS,long,3737.4,3734.0,3742.8,3734.0,3742.8,4909
2025-09-23 01:05:00,BOS,long,3741.7,3739.8,3744.7,3739.8,3744.7,4924
2025-09-23 02:20:00,BOS,long,3750.8,3750.0,3752.2,3750.0,3752.2,4939
2025-09-23 02:40:00,MSS,short,3751.1,3752.2,3749.4,3752.2,3749.4,4942
2025-09-23 03:20:00,BOS,short,3751.3,3752.2,3749.9,3752.2,3749.9,4952
2025-09-23 04:55:00,BOS,short,3752.0,3753.0,3750.4,3753.0,3750.4,4971
2025-09-23 06:10:00,BOS,short,3750.4,3751.3,3748.9,3751.3,3748.9,4975
2025-09-23 06:35:00,BOS,short,3748.2,3749.1,3746.7,3749.1,3746.7,4980
2025-09-23 06:50:00,BOS,short,3746.9,3749.1,3743.4,3749.1,3743.4,4980
2025-09-23 07:20:00,MSS,long,3747.3,3743.4,3753.7,3743.4,3753.7,4984
2025-09-23 08:25:00,BOS,long,3751.5,3750.3,3753.4,3750.3,3753.4,5001
2025-09-23 08:50:00,MSS,short,3753.3,3755.2,3750.3,3755.2,3750.3,5007
2025-09-23 09:05:00,MSS,long,3753.9,3749.7,3760.7,3749.7,3760.7,5010
2025-09-23 10:05:00,MSS,short,3759.8,3764.5,3752.3,3764.5,3752.3,5019
2025-09-23 11:10:00,BOS,short,3747.9,3750.0,3744.4,3750.0,3744.4,5030
2025-09-23 11:30:00,MSS,long,3746.9,3746.4,3747.7,3746.4,3747.7,5039
2025-09-23 11:35:00,MSS,short,3747.1,3747.7,3746.0,3747.7,3746.0,5040
2025-09-23 11:40:00,MSS,long,3746.8,3746.0,3748.1,3746.0,3748.1,5041
2025-09-23 12:40:00,BOS,long,3749.8,3749.0,3751.1,3749.0,3751.1,5052
2025-09-23 12:50:00,MSS,short,3749.7,3751.1,3747.5,3751.1,3747.5,5053
2025-09-23 13:15:00,MSS,long,3748.9,3747.1,3751.9,3747.1,3751.9,5057
2025-09-23 13:25:00,BOS,long,3751.8,3750.3,3754.2,3750.3,3754.2,5061
2025-09-23 14:20:00,BOS,long,3758.7,3757.6,3760.6,3757.6,3760.6,5072
2025-09-23 14:40:00,MSS,short,3759.0,3760.9,3756.0,3760.9,3756.0,5074
2025-09-23 15:00:00,BOS,short,3757.7,3760.0,3754.1,3760.0,3754.1,5078
2025-09-23 16:15:00,MSS,long,3758.3,3755.9,3762.3,3755.9,3762.3,5094
2025-09-23 18:15:00,BOS,long,3787.7,3785.9,3790.5,3785.9,3790.5,5118
2025-09-23 18:25:00,MSS,short,3788.2,3790.5,3784.6,3790.5,3784.6,5120
2025-09-23 19:10:00,BOS,short,3785.2,3786.8,3782.7,3786.8,3782.7,5130
2025-09-23 19:20:00,MSS,long,3785.1,3782.7,3788.9,3782.7,3788.9,5131
2025-09-23 20:10:00,MSS,short,3783.9,3786.5,3779.8,3786.5,3779.8,5140
2025-09-23 20:45:00,MSS,long,3782.4,3779.3,3787.5,3779.3,3787.5,5146
2025-09-23 21:15:00,MSS,short,3787.6,3789.6,3784.3,3789.6,3784.3,5155
2025-09-23 21:35:00,MSS,long,3784.9,3782.3,3789.0,3782.3,3789.0,5159
2025-09-23 21:45:00,MSS,short,3786.8,3790.4,3781.0,3790.4,3781.0,5161
2025-09-23 22:15:00,BOS,short,3777.4,3780.8,3771.8,3780.8,3771.8,5167
2025-09-23 23:05:00,MSS,long,3774.9,3773.7,3776.8,3773.7,3776.8,5177
2025-09-23 23:45:00,MSS,short,3779.0,3780.9,3776.0,3780.9,3776.0,5185
2025-09-24 00:10:00,BOS,short,3777.7,3780.3,3773.6,3780.3,3773.6,5189
2025-09-24 00:35:00,BOS,short,3773.7,3779.3,3764.6,3779.3,3764.6,5193
2025-09-24 00:50:00,MSS,long,3771.8,3764.6,3783.4,3764.6,3783.4,5196
2025-09-24 01:30:00,MSS,short,3784.3,3787.4,3779.2,3787.4,3779.2,5206
2025-09-24 02:40:00,MSS,long,3779.4,3778.4,3781.0,3778.4,3781.0,5219
2025-09-24 02:50:00,MSS,short,3776.3,3781.0,3768.6,3781.0,3768.6,5221
2025-09-24 04:30:00,MSS,long,3765.6,3764.7,3767.0,3764.7,3767.0,5241
2025-09-24 04:40:00,MSS,short,3766.0,3767.0,3764.3,3767.0,3764.3,5243
2025-09-24 06:00:00,MSS,long,3765.2,3763.7,3767.6,3763.7,3767.6,5247
2025-09-24 06:25:00,MSS,short,3765.5,3767.6,3762.2,3767.6,3762.2,5249
2025-09-24 07:00:00,MSS,long,3766.3,3765.3,3768.0,3765.3,3768.0,5259
2025-09-24 07:30:00,MSS,short,3768.8,3769.8,3767.3,3769.8,3767.3,5265
2025-09-24 08:00:00,BOS,short,3763.9,3765.1,3762.0,3765.1,3762.0,5272
2025-09-24 08:20:00,MSS,long,3762.5,3760.1,3766.3,3760.1,3766.3,5275
2025-09-24 08:45:00,MSS,short,3764.5,3765.1,3763.4,3765.1,3763.4,5281
2025-09-24 08:55:00,MSS,long,3764.5,3763.4,3766.2,3763.4,3766.2,5282
2025-09-24 09:05:00,BOS,long,3765.7,3763.6,3769.2,3763.6,3769.2,5285
2025-09-24 09:20:00,MSS,short,3767.8,3772.4,3760.4,3772.4,3760.4,5287
2025-09-24 09:45:00,BOS,short,3760.7,3762.3,3758.0,3762.3,3758.0,5293
2025-09-24 10:05:00,BOS,short,3758.6,3760.9,3755.0,3760.9,3755.0,5296
2025-09-24 10:20:00,BOS,short,3756.3,3757.8,3754.0,3757.8,3754.0,5299
2025-09-24 10:25:00,BOS,short,3756.2,3757.8,3753.6,3757.8,3753.6,5299
2025-09-24 10:35:00,MSS,long,3753.4,3752.0,3755.6,3752.0,3755.6,5303
2025-09-24 10:50:00,BOS,long,3755.2,3752.0,3760.3,3752.0,3760.3,5303
2025-09-24 11:15:00,BOS,long,3758.1,3755.1,3762.9,3755.1,3762.9,5310
2025-09-24 12:20:00,MSS,short,3767.1,3769.1,3763.9,3769.1,3763.9,5324
2025-09-24 12:55:00,MSS,long,3768.5,3767.9,3769.5,3767.9,3769.5,5331
2025-09-24 14:10:00,MSS,short,3775.9,3777.5,3773.2,3777.5,3773.2,5345
2025-09-24 14:55:00,BOS,short,3775.3,3776.7,3773.0,3776.7,3773.0,5355
2025-09-24 15:05:00,MSS,long,3774.4,3772.3,3777.8,3772.3,3777.8,5357
2025-09-24 15:35:00,BOS,long,3777.8,3776.2,3780.4,3776.2,3780.4,5362
2025-09-24 16:10:00,MSS,short,3778.2,3781.0,3773.7,3781.0,3773.7,5365
2025-09-24 16:25:00,BOS,short,3774.0,3775.3,3771.9,3775.3,3771.9,5373
2025-09-24 16:45:00,BOS,short,3772.8,3775.3,3768.7,3775.3,3768.7,5373
2025-09-24 17:20:00,BOS,short,3771.4,3772.5,3769.6,3772.5,3769.6,5381
2025-09-24 18:05:00,BOS,short,3768.6,3770.3,3765.8,3770.3,3765.8,5393
2025-09-24 18:15:00,BOS,short,3768.2,3770.3,3764.7,3770.3,3764.7,5393
2025-09-24 19:05:00,BOS,short,3762.9,3763.8,3761.4,3763.8,3761.4,5405
2025-09-24 19:15:00,MSS,long,3763.3,3760.9,3767.3,3760.9,3767.3,5407
2025-09-24 20:05:00,MSS,short,3771.3,3772.8,3768.8,3772.8,3768.8,5417
2025-09-24 20:40:00,BOS,short,3769.7,3772.2,3765.6,3772.2,3765.6,5421
2025-09-24 21:10:00,MSS,long,3769.8,3767.9,3772.9,3767.9,3772.9,5429
2025-09-24 21:30:00,MSS,short,3770.4,3774.3,3764.0,3774.3,3764.0,5433
2025-09-24 22:05:00,BOS,short,3761.9,3765.7,3755.7,3765.7,3755.7,5441
2025-09-24 22:50:00,BOS,short,3755.1,3758.5,3749.7,3758.5,3749.7,5449
2025-09-24 23:25:00,BOS,short,3754.7,3756.7,3751.4,3756.7,3751.4,5457
2025-09-25 00:45:00,BOS,short,3740.1,3743.4,3734.7,3743.4,3734.7,5471
2025-09-25 01:10:00,MSS,long,3736.1,3734.2,3739.3,3734.2,3739.3,5477
2025-09-25 01:35:00,MSS,short,3737.0,3739.3,3733.4,3739.3,3733.4,5479
2025-09-25 02:00:00,BOS,short,3733.8,3735.3,3731.4,3735.3,3731.4,5487
2025-09-25 02:45:00,BOS,short,3729.1,3731.5,3725.3,3731.5,3725.3,5497
2025-09-25 04:05:00,MSS,long,3729.9,3728.9,3731.4,3728.9,3731.4,5512
2025-09-25 04:30:00,BOS,long,3731.7,3731.0,3732.9,3731.0,3732.9,5518
2025-09-25 06:00:00,BOS,long,3734.1,3731.0,3739.0,3731.0,3739.0,5518
2025-09-25 07:05:00,MSS,short,3741.0,3742.1,3739.1,3742.1,3739.1,5535
2025-09-25 07:35:00,MSS,long,3739.7,3738.9,3740.9,3738.9,3740.9,5543
2025-09-25 07:45:00,BOS,long,3740.8,3738.9,3743.8,3738.9,3743.8,5543
2025-09-25 08:05:00,BOS,long,3743.2,3740.7,3747.2,3740.7,3747.2,5549
2025-09-25 08:30:00,MSS,short,3747.8,3748.9,3745.9,3748.9,3745.9,5554
2025-09-25 09:00:00,BOS,short,3747.1,3748.4,3745.1,3748.4,3745.1,5559
2025-09-25 09:35:00,BOS,short,3742.8,3746.0,3737.5,3746.0,3737.5,5566
2025-09-25 09:50:00,BOS,short,3741.6,3746.0,3734.4,3746.0,3734.4,5566
2025-09-25 10:40:00,MSS,long,3732.9,3728.1,3740.6,3728.1,3740.6,5574
2025-09-25 11:05:00,MSS,short,3736.3,3738.2,3733.2,3738.2,3733.2,5585
2025-09-25 11:40:00,MSS,long,3734.6,3733.1,3737.0,3733.1,3737.0,5592
2025-09-25 11:50:00,MSS,short,3735.5,3737.0,3733.0,3737.0,3733.0,5593
2025-09-25 12:00:00,BOS,short,3733.9,3735.1,3731.9,3735.1,3731.9,5596
2025-09-25 12:30:00,MSS,long,3732.5,3730.1,3736.5,3730.1,3736.5,5600
2025-09-25 14:05:00,BOS,long,3735.9,3734.0,3739.1,3734.0,3739.1,5618
2025-09-25 15:25:00,BOS,long,3741.8,3741.0,3743.2,3741.0,3743.2,5636
2025-09-25 15:30:00,BOS,long,3742.5,3741.0,3744.8,3741.0,3744.8,5636
2025-09-25 16:00:00,BOS,long,3750.2,3747.8,3754.2,3747.8,3754.2,5642
2025-09-25 17:25:00,MSS,short,3751.3,3753.8,3747.3,3753.8,3747.3,5658
2025-09-25 17:45:00,MSS,long,3751.0,3747.3,3757.1,3747.3,3757.1,5661
2025-09-25 18:15:00,MSS,short,3754.6,3755.2,3753.5,3755.2,3753.5,5669
2025-09-25 18:45:00,MSS,long,3755.2,3754.1,3757.1,3754.1,3757.1,5676
2025-09-25 19:00:00,MSS,short,3753.5,3758.7,3745.1,3758.7,3745.1,5678
2025-09-25 19:55:00,MSS,long,3750.2,3749.0,3752.1,3749.0,3752.1,5690
2025-09-25 20:20:00,BOS,long,3750.3,3747.6,3754.6,3747.6,3754.6,5693
2025-09-25 20:30:00,MSS,short,3749.7,3754.6,3741.7,3754.6,3741.7,5696
2025-09-25 21:15:00,MSS,long,3735.4,3732.4,3740.2,3732.4,3740.2,5706
2025-09-25 21:35:00,MSS,short,3738.0,3743.9,3728.4,3743.9,3728.4,5708
2025-09-25 22:20:00,MSS,long,3727.5,3723.0,3734.7,3723.0,3734.7,5717
2025-09-25 22:55:00,BOS,long,3725.2,3721.5,3731.3,3721.5,3731.3,5726
2025-09-26 00:05:00,BOS,long,3733.9,3731.3,3738.0,3731.3,3738.0,5737
2025-09-26 00:40:00,MSS,short,3737.1,3740.4,3731.7,3740.4,3731.7,5741
2025-09-26 01:05:00,MSS,long,3731.2,3730.2,3732.9,3730.2,3732.9,5751
2025-09-26 01:55:00,BOS,long,3739.3,3737.0,3743.1,3737.0,3743.1,5758
2025-09-26 02:20:00,BOS,long,3738.7,3735.6,3743.8,3735.6,3743.8,5765
2025-09-26 02:50:00,BOS,long,3753.9,3752.1,3756.9,3752.1,3756.9,5772
2025-09-26 03:20:00,MSS,short,3752.9,3754.5,3750.3,3754.5,3750.3,5778
2025-09-26 04:15:00,MSS,long,3747.4,3746.3,3749.1,3746.3,3749.1,5789
2025-09-26 04:35:00,BOS,long,3748.4,3747.7,3749.6,3747.7,3749.6,5791
2025-09-26 04:45:00,BOS,long,3748.7,3747.7,3750.4,3747.7,3750.4,5791
2025-09-26 04:55:00,MSS,short,3749.7,3750.5,3748.3,3750.5,3748.3,5797
2025-09-26 06:00:00,BOS,short,3746.7,3750.5,3740.5,3750.5,3740.5,5797
2025-09-26 07:05:00,BOS,short,3747.7,3748.2,3747.0,3748.2,3747.0,5810
2025-09-26 07:45:00,MSS,long,3740.0,3738.4,3742.6,3738.4,3742.6,5817
2025-09-26 08:25:00,MSS,short,3742.5,3745.0,3738.5,3745.0,3738.5,5826
2025-09-26 08:55:00,MSS,long,3741.7,3738.5,3746.9,3738.5,3746.9,5827
2025-09-26 09:00:00,BOS,long,3742.2,3738.5,3748.2,3738.5,3748.2,5827
2025-09-26 09:10:00,MSS,short,3747.7,3751.1,3742.1,3751.1,3742.1,5834
2025-09-26 09:50:00,BOS,short,3739.6,3741.6,3736.4,3741.6,3736.4,5842
2025-09-26 10:35:00,MSS,long,3737.0,3735.0,3740.3,3735.0,3740.3,5848
2025-09-26 11:00:00,MSS,short,3736.2,3738.3,3732.8,3738.3,3732.8,5855
2025-09-26 11:25:00,MSS,long,3735.0,3732.2,3739.6,3732.2,3739.6,5859
2025-09-26 12:05:00,BOS,long,3742.7,3742.1,3743.7,3742.1,3743.7,5867
2025-09-26 12:25:00,MSS,short,3743.7,3744.8,3742.0,3744.8,3742.0,5870
2025-09-26 12:55:00,MSS,long,3743.4,3742.4,3744.9,3742.4,3744.9,5875
2025-09-26 13:15:00,MSS,short,3743.8,3744.9,3742.1,3744.9,3742.1,5877
2025-09-26 13:35:00,MSS,long,3744.8,3743.5,3746.8,3743.5,3746.8,5884
2025-09-26 13:50:00,MSS,short,3745.2,3747.3,3741.9,3747.3,3741.9,5886
2025-09-26 14:10:00,MSS,long,3743.0,3739.1,3749.4,3739.1,3749.4,5889
2025-09-26 14:35:00,MSS,short,3750.3,3752.2,3747.1,3752.2,3747.1,5892
2025-09-26 14:55:00,BOS,short,3742.8,3744.3,3740.4,3744.3,3740.4,5899
2025-09-26 15:00:00,BOS,short,3742.1,3744.3,3738.5,3744.3,3738.5,5899
2025-09-26 15:30:00,MSS,long,3741.3,3739.3,3744.6,3739.3,3744.6,5905
2025-09-26 15:40:00,BOS,long,3743.6,3742.2,3745.9,3742.2,3745.9,5908
2025-09-26 16:00:00,BOS,long,3745.3,3744.6,3746.4,3744.6,3746.4,5910
2025-09-26 16:20:00,BOS,long,3746.7,3745.3,3749.0,3745.3,3749.0,5915
2025-09-26 17:15:00,MSS,short,3749.5,3751.0,3747.2,3751.0,3747.2,5924
2025-09-26 18:40:00,BOS,short,3748.6,3752.2,3742.8,3752.2,3742.8,5935
2025-09-26 19:00:00,MSS,long,3741.8,3740.6,3743.8,3740.6,3743.8,5943
2025-09-26 20:30:00,BOS,long,3750.4,3747.5,3755.0,3747.5,3755.0,5960
2025-09-26 20:40:00,MSS,short,3748.5,3750.0,3746.0,3750.0,3746.0,5959
2025-09-26 21:00:00,MSS,long,3750.1,3748.6,3752.5,3748.6,3752.5,5966
2025-09-26 22:00:00,BOS,long,3759.5,3754.9,3767.0,3754.9,3767.0,5979
2025-09-26 23:00:00,BOS,long,3772.0,3769.7,3775.8,3769.7,3775.8,5989
2025-09-26 23:25:00,BOS,long,3773.1,3771.1,3776.4,3771.1,3776.4,5996
2025-09-26 23:50:00,BOS,long,3774.9,3773.1,3777.8,3773.1,3777.8,6000
2025-09-27 00:10:00,MSS,short,3775.7,3778.2,3771.6,3778.2,3771.6,6003
2025-09-27 00:55:00,BOS,short,3773.1,3774.4,3771.1,3774.4,3771.1,6012
2025-09-27 01:10:00,MSS,long,3773.1,3771.1,3776.3,3771.1,3776.3,6015
2025-09-27 01:35:00,BOS,long,3776.2,3775.2,3777.7,3775.2,3777.7,6022
2025-09-27 02:00:00,MSS,short,3776.6,3779.3,3772.3,3779.3,3772.3,6027
2025-09-27 03:20:00,BOS,short,3771.3,3772.8,3768.9,3772.8,3768.9,6040
2025-09-27 04:40:00,BOS,short,3762.1,3763.9,3759.1,3763.9,3759.1,6054
2025-09-29 06:15:00,MSS,long,3757.7,3752.1,3766.7,3752.1,3766.7,6062
2025-09-29 07:05:00,MSS,short,3764.9,3766.5,3762.3,3766.5,3762.3,6072
2025-09-29 07:45:00,MSS,long,3764.4,3762.3,3767.7,3762.3,3767.7,6074
2025-09-29 08:10:00,BOS,long,3763.6,3760.0,3769.4,3760.0,3769.4,6081
2025-09-29 09:20:00,MSS,short,3771.5,3776.0,3764.1,3776.0,3764.1,6096
2025-09-29 09:45:00,MSS,long,3769.0,3766.0,3773.9,3766.0,3773.9,6101
2025-09-29 10:45:00,MSS,short,3788.9,3791.6,3784.5,3791.6,3784.5,6110
2025-09-29 11:20:00,BOS,short,3792.5,3795.0,3788.5,3795.0,3788.5,6118
2025-09-29 12:20:00,MSS,long,3792.0,3789.5,3796.0,3789.5,3796.0,6129
2025-09-29 12:50:00,BOS,long,3800.8,3799.0,3803.7,3799.0,3803.7,6136
2025-09-29 13:20:00,MSS,short,3800.0,3801.6,3797.4,3801.6,3797.4,6142
2025-09-29 13:30:00,MSS,long,3799.9,3797.4,3803.9,3797.4,3803.9,6143
2025-09-29 13:50:00,BOS,long,3801.1,3798.0,3806.0,3798.0,3806.0,6147
2025-09-29 14:10:00,BOS,long,3809.3,3807.6,3812.0,3807.6,3812.0,6152
2025-09-29 14:25:00,MSS,short,3810.9,3812.6,3808.2,3812.6,3808.2,6154
2025-09-29 14:40:00,MSS,long,3809.9,3807.3,3814.2,3807.3,3814.2,6157
2025-09-29 15:25:00,MSS,short,3811.7,3814.3,3807.4,3814.3,3807.4,6166
2025-09-29 15:45:00,BOS,short,3809.3,3814.3,3801.1,3814.3,3801.1,6166
2025-09-29 16:40:00,MSS,long,3806.8,3803.9,3811.4,3803.9,3811.4,6180
2025-09-29 17:45:00,MSS,short,3810.8,3815.3,3803.5,3815.3,3803.5,6187
2025-09-29 18:15:00,MSS,long,3804.3,3802.7,3807.0,3802.7,3807.0,6199
2025-09-29 19:15:00,BOS,long,3814.0,3812.1,3817.0,3812.1,3817.0,6205
2025-09-29 19:40:00,BOS,long,3816.1,3812.1,3822.5,3812.1,3822.5,6205
2025-09-29 19:55:00,BOS,long,3822.0,3819.7,3825.7,3819.7,3825.7,6213
2025-09-29 20:10:00,MSS,short,3823.1,3825.7,3818.9,3825.7,3818.9,6215
2025-09-29 20:50:00,BOS,short,3812.3,3814.4,3808.8,3814.4,3808.8,6224
2025-09-29 21:00:00,BOS,short,3810.8,3814.4,3805.0,3814.4,3805.0,6224
2025-09-29 21:15:00,MSS,long,3809.0,3805.0,3815.4,3805.0,3815.4,6228
2025-09-29 22:00:00,BOS,long,3818.7,3816.1,3823.0,3816.1,3823.0,6238
2025-09-29 23:00:00,BOS,long,3822.1,3818.9,3827.3,3818.9,3827.3,6249
2025-09-29 23:10:00,MSS,short,3823.8,3827.3,3818.1,3827.3,3818.1,6251
2025-09-29 23:40:00,MSS,long,3820.7,3818.0,3825.0,3818.0,3825.0,6257
2025-09-30 01:15:00,MSS,short,3824.0,3825.6,3821.5,3825.6,3821.5,6269
2025-09-30 02:15:00,MSS,long,3821.9,3820.9,3823.4,3820.9,3823.4,6274
2025-09-30 02:45:00,MSS,short,3821.9,3823.4,3819.6,3823.4,3819.6,6275
2025-09-30 04:50:00,MSS,long,3823.2,3820.8,3827.0,3820.8,3827.0,6282
2025-09-30 08:10:00,BOS,long,3828.5,3826.2,3832.3,3826.2,3832.3,6286
2025-09-30 11:30:00,BOS,long,3844.7,3839.0,3854.0,3839.0,3854.0,6291
2025-09-30 16:05:00,MSS,short,3846.8,3857.0,3830.2,3857.0,3830.2,6294
2025-09-30 20:55:00,MSS,long,3808.9,3804.5,3816.0,3804.5,3816.0,6303
2025-09-30 22:10:00,BOS,long,3822.3,3810.0,3842.2,3810.0,3842.2,6306
2025-10-01 04:45:00,BOS,long,3846.6,3841.2,3855.4,3841.2,3855.4,6309
2025-10-02 22:35:00,MSS,short,3868.6,3886.1,3840.2,3886.1,3840.2,6316
2025-10-02 23:35:00,BOS,short,3824.8,3827.6,3820.4,3827.6,3820.4,6319
2025-10-03 01:25:00,MSS,long,3827.8,3820.4,3839.8,3820.4,3839.8,6320
2025-10-07 21:30:00,BOS,long,3966.3,3961.1,3974.7,3961.1,3974.7,6330
2025-10-08 10:35:00,BOS,long,3991.7,3985.3,4002.1,3985.3,4002.1,6335
2025-10-08 21:15:00,BOS,long,4035.9,4033.0,4040.5,4033.0,4040.5,6342
2025-10-09 00:10:00,BOS,long,4042.1,4038.5,4048.0,4038.5,4048.0,6344
2025-10-09 03:30:00,MSS,short,4043.7,4048.0,4036.7,4048.0,4036.7,6345
2025-10-10 00:35:00,BOS,short,4010.5,4029.4,3980.0,4029.4,3980.0,6349
2025-10-10 17:40:00,MSS,long,3972.6,3962.8,3988.5,3962.8,3988.5,6356
2025-10-10 22:05:00,MSS,short,3978.7,3982.4,3972.7,3982.4,3972.7,6359
2025-10-14 03:05:00,MSS,long,4017.5,3972.7,4090.0,3972.7,4090.0,6360
2025-10-14 11:15:00,BOS,long,4127.8,4114.8,4148.9,4114.8,4148.9,6363
2025-10-14 14:10:00,MSS,short,4142.8,4168.1,4102.0,4168.1,4102.0,6368
2025-10-15 14:50:00,MSS,long,4136.3,4102.0,4191.9,4102.0,4191.9,6370
2025-10-17 21:35:00,MSS,short,4287.9,4299.0,4270.0,4299.0,4270.0,6381
2025-10-18 00:30:00,BOS,short,4227.4,4244.3,4200.0,4244.3,4200.0,6384
2025-10-21 01:15:00,MSS,long,4263.8,4216.4,4340.6,4216.4,4340.6,6390
2025-10-21 21:05:00,MSS,short,4285.0,4340.6,4195.0,4340.6,4195.0,6391
2025-10-22 11:25:00,BOS,short,4113.7,4117.0,4108.3,4117.0,4108.3,6402
2025-10-22 13:50:00,MSS,long,4117.0,4108.3,4131.2,4108.3,4131.2,6403
2025-10-22 16:10:00,MSS,short,4115.3,4135.7,4082.2,4135.7,4082.2,6406
2025-10-22 16:30:00,MSS,long,4101.6,4097.7,4107.9,4097.7,4107.9,6410
2025-10-22 16:40:00,MSS,short,4100.2,4107.9,4087.7,4107.9,4087.7,6411
2025-10-22 22:50:00,BOS,short,4046.4,4069.6,4008.8,4069.6,4008.8,6414
2025-10-24 15:50:00,MSS,long,4032.6,4008.8,4071.0,4008.8,4071.0,6415
2025-10-27 07:20:00,BOS,long,4070.2,4066.0,4077.0,4066.0,4077.0,6418
2025-10-27 16:55:00,MSS,short,4057.6,4079.8,4021.8,4079.8,4021.8,6420
2025-10-28 14:15:00,BOS,short,3983.6,4003.0,3952.3,4003.0,3952.3,6426
2025-10-30 08:00:00,MSS,long,3925.6,3895.0,3975.0,3895.0,3975.0,6429
2025-10-30 08:35:00,MSS,short,3970.2,3977.0,3959.3,3977.0,3959.3,6435
2025-10-30 10:00:00,BOS,short,3962.7,3970.8,3949.6,3970.8,3949.6,6452
2025-10-30 10:45:00,BOS,short,3948.7,3953.9,3940.2,3953.9,3940.2,6462
2025-10-30 11:55:00,MSS,long,3944.5,3941.1,3949.9,3941.1,3949.9,6477
2025-10-30 12:10:00,BOS,long,3950.2,3946.7,3955.8,3946.7,3955.8,6480
2025-10-30 13:10:00,MSS,short,3984.9,3991.5,3974.2,3991.5,3974.2,6491
2025-10-30 14:55:00,MSS,long,3977.0,3969.1,3989.8,3969.1,3989.8,6510
2025-10-30 15:15:00,MSS,short,3985.0,3988.2,3979.7,3988.2,3979.7,6517
2025-10-30 16:15:00,MSS,long,3973.4,3966.8,3984.2,3966.8,3984.2,6526
2025-10-30 17:45:00,MSS,short,4014.7,4019.6,4006.8,4019.6,4006.8,6546
2025-10-30 18:20:00,BOS,short,4005.9,4013.3,3993.9,4013.3,3993.9,6551
2025-10-30 19:15:00,BOS,short,3992.5,3998.6,3982.6,3998.6,3982.6,6562
2025-10-30 20:00:00,MSS,long,3986.5,3982.0,3993.8,3982.0,3993.8,6573
2025-10-30 20:25:00,MSS,short,3991.7,3997.7,3982.1,3997.7,3982.1,6578
2025-10-30 20:55:00,BOS,short,3984.9,3992.8,3972.1,3992.8,3972.1,6583
2025-10-30 21:35:00,BOS,short,3985.4,3991.2,3976.0,3991.2,3976.0,6593
2025-10-30 21:50:00,MSS,long,3984.8,3974.0,4002.4,3974.0,4002.4,6595
2025-10-30 23:10:00,BOS,long,4008.0,4001.5,4018.5,4001.5,4018.5,6612
2025-10-30 23:40:00,BOS,long,4011.9,4007.4,4019.3,4007.4,4019.3,6616
2025-10-30 23:55:00,MSS,short,4019.2,4022.2,4014.3,4022.2,4014.3,6620
2025-10-31 01:10:00,BOS,short,4013.8,4017.3,4008.1,4017.3,4008.1,6635
2025-10-31 01:30:00,MSS,long,4012.7,4007.8,4020.7,4007.8,4020.7,6638
2025-10-31 02:20:00,BOS,long,4018.2,4015.8,4022.0,4015.8,4022.0,6650
2025-10-31 03:00:00,BOS,long,4025.2,4019.7,4034.0,4019.7,4034.0,6655
2025-10-31 04:00:00,BOS,long,4035.6,4032.1,4041.3,4032.1,4041.3,6670
2025-10-31 04:20:00,MSS,short,4037.4,4041.3,4031.1,4041.3,4031.1,6671
2025-10-31 06:30:00,MSS,long,4034.1,4029.9,4040.9,4029.9,4040.9,6687
2025-10-31 06:45:00,BOS,long,4037.8,4034.9,4042.4,4034.9,4042.4,6691
2025-10-31 07:30:00,BOS,long,4037.7,4031.4,4047.8,4031.4,4047.8,6697
2025-10-31 08:25:00,MSS,short,4043.6,4047.2,4037.8,4047.2,4037.8,6709
2025-10-31 08:55:00,BOS,short,4040.3,4043.2,4035.5,4043.2,4035.5,6717
2025-10-31 09:05:00,MSS,long,4038.0,4031.4,4048.7,4031.4,4048.7,6719
2025-10-31 09:35:00,MSS,short,4045.5,4049.3,4039.3,4049.3,4039.3,6723
2025-10-31 10:10:00,BOS,short,4039.1,4049.3,4022.5,4049.3,4022.5,6723
2025-10-31 10:35:00,BOS,short,4026.0,4032.8,4015.0,4032.8,4015.0,6734
2025-10-31 11:00:00,BOS,short,4025.0,4029.5,4017.6,4029.5,4017.6,6741
2025-10-31 11:10:00,BOS,short,4017.8,4026.6,4003.5,4026.6,4003.5,6743
2025-10-31 11:35:00,MSS,long,4010.6,4007.3,4016.0,4007.3,4016.0,6748
2025-10-31 12:05:00,MSS,short,4008.1,4011.8,4002.0,4011.8,4002.0,6753
2025-10-31 12:25:00,MSS,long,4006.5,4001.8,4014.2,4001.8,4014.2,6757
2025-10-31 13:05:00,MSS,short,4017.8,4023.5,4008.5,4023.5,4008.5,6765
2025-10-31 13:40:00,MSS,long,4013.1,4009.8,4018.5,4009.8,4018.5,6774
2025-10-31 15:00:00,BOS,long,4021.5,4017.0,4028.9,4017.0,4028.9,6789
2025-10-31 15:15:00,BOS,long,4024.2,4019.2,4032.2,4019.2,4032.2,6793
2025-10-31 16:05:00,BOS,long,4028.9,4022.9,4038.6,4022.9,4038.6,6799
2025-10-31 16:50:00,MSS,short,4030.3,4037.9,4018.0,4037.9,4018.0,6811
2025-10-31 17:30:00,MSS,long,4013.4,4010.0,4019.0,4010.0,4019.0,6819
2025-10-31 17:55:00,BOS,long,4015.2,4011.4,4021.3,4011.4,4021.3,6824
2025-10-31 19:40:00,BOS,long,4016.1,4013.5,4020.3,4013.5,4020.3,6846
2025-10-31 20:35:00,BOS,long,4033.0,4028.5,4040.2,4028.5,4040.2,6857
2025-10-31 21:30:00,MSS,short,4039.0,4044.0,4031.0,4044.0,4031.0,6868
2025-10-31 22:00:00,MSS,long,4028.8,4021.9,4039.9,4021.9,4039.9,6873
2025-10-31 22:25:00,MSS,short,4034.4,4038.9,4027.0,4038.9,4027.0,6879
2025-10-31 23:55:00,BOS,short,4030.5,4034.9,4023.5,4034.9,4023.5,6897
2025-11-01 01:00:00,MSS,long,3994.6,3989.4,4003.0,3989.4,4003.0,6910
2025-11-01 01:35:00,BOS,long,3995.0,3991.4,4000.9,3991.4,4000.9,6917
2025-11-01 02:10:00,BOS,long,4011.2,4006.3,4019.0,4006.3,4019.0,6923
2025-11-01 02:50:00,MSS,short,4015.4,4018.1,4011.0,4018.1,4011.0,6932
2025-11-01 03:15:00,BOS,short,4012.5,4018.2,4003.4,4018.2,4003.4,6936
2025-11-01 04:25:00,MSS,long,4010.3,4007.5,4014.7,4007.5,4014.7,6949
2025-11-03 07:00:00,MSS,short,4008.7,4019.0,3992.1,4019.0,3992.1,6954
2025-11-03 07:35:00,BOS,short,4001.4,4006.0,3994.0,4006.0,3994.0,6964
2025-11-03 08:10:00,BOS,short,3989.7,3998.3,3975.8,3998.3,3975.8,6971
2025-11-03 09:05:00,MSS,long,3982.7,3974.7,3995.7,3974.7,3995.7,6983
2025-11-03 11:00:00,BOS,long,4013.7,4008.4,4022.4,4008.4,4022.4,7005
2025-11-03 11:35:00,BOS,long,4018.6,4015.5,4023.7,4015.5,4023.7,7013
2025-11-03 12:15:00,MSS,short,4021.1,4024.6,4015.5,4024.6,4015.5,7020
2025-11-03 13:00:00,BOS,short,4014.2,4018.5,4007.2,4018.5,4007.2,7027
2025-11-03 13:25:00,MSS,long,4018.1,4014.9,4023.2,4014.9,4023.2,7034
2025-11-03 14:15:00,BOS,long,4023.9,4020.7,4029.1,4020.7,4029.1,7044
2025-11-03 15:00:00,BOS,long,4028.6,4025.2,4034.1,4025.2,4034.1,7054
2025-11-03 15:10:00,MSS,short,4030.5,4034.1,4024.6,4034.1,4024.6,7055
2025-11-03 15:35:00,MSS,long,4028.8,4025.7,4033.7,4025.7,4033.7,7061
2025-11-03 15:50:00,BOS,long,4033.2,4031.0,4036.8,4031.0,4036.8,7064
2025-11-03 16:00:00,BOS,long,4034.8,4032.7,4038.3,4032.7,4038.3,7066
2025-11-03 16:10:00,MSS,short,4036.0,4038.9,4031.3,4038.9,4031.3,7068
2025-11-03 16:55:00,MSS,long,4026.4,4023.4,4031.3,4023.4,4031.3,7075
2025-11-03 17:25:00,MSS,short,4028.9,4036.9,4015.9,4036.9,4015.9,7080
2025-11-03 19:05:00,MSS,long,4008.4,4006.0,4012.3,4006.0,4012.3,7103
2025-11-03 20:00:00,MSS,short,4019.2,4020.8,4016.5,4020.8,4016.5,7113
2025-11-03 20:30:00,MSS,long,4016.9,4013.2,4023.0,4013.2,4023.0,7119
2025-11-03 21:15:00,BOS,long,4026.7,4023.6,4031.8,4023.6,4031.8,7128
2025-11-03 22:05:00,MSS,short,4029.5,4033.0,4023.8,4033.0,4023.8,7139
2025-11-03 22:25:00,BOS,short,4028.1,4032.6,4020.8,4032.6,4020.8,7143
2025-11-03 22:50:00,MSS,long,4022.4,4012.4,4038.5,4012.4,4038.5,7145
2025-11-04 00:10:00,MSS,short,4026.7,4035.3,4012.7,4035.3,4012.7,7160
2025-11-04 00:45:00,MSS,long,4012.6,4007.5,4020.8,4007.5,4020.8,7169
2025-11-04 01:05:00,MSS,short,4019.7,4022.5,4015.3,4022.5,4015.3,7175
2025-11-04 02:10:00,BOS,short,4017.4,4019.9,4013.4,4019.9,4013.4,7184
2025-11-04 02:30:00,MSS,long,4015.4,4011.5,4021.6,4011.5,4021.6,7191
2025-11-04 03:00:00,MSS,short,4015.1,4019.5,4007.9,4019.5,4007.9,7198
2025-11-04 03:40:00,BOS,short,4015.5,4017.8,4011.9,4017.8,4011.9,7202
2025-11-04 03:45:00,MSS,long,4013.2,4011.9,4015.3,4011.9,4015.3,7207
2025-11-04 05:05:00,MSS,short,4021.8,4024.5,4017.5,4024.5,4017.5,7221
2025-11-04 07:00:00,MSS,long,4014.3,4012.1,4017.9,4012.1,4017.9,7234
2025-11-04 07:05:00,MSS,short,4012.7,4017.9,4004.2,4017.9,4004.2,7235
2025-11-04 08:00:00,BOS,short,4007.0,4010.4,4001.6,4010.4,4001.6,7246
2025-11-04 08:35:00,BOS,short,4003.8,4010.4,3993.2,4010.4,3993.2,7250
2025-11-04 09:30:00,BOS,short,3998.4,4004.4,3988.6,4004.4,3988.6,7262
2025-11-04 09:50:00,MSS,long,3996.2,3994.1,3999.7,3994.1,3999.7,7268
2025-11-04 10:00:00,MSS,short,3993.9,3999.7,3984.4,3999.7,3984.4,7269
2025-11-04 10:55:00,MSS,long,3989.3,3984.7,3996.7,3984.7,3996.7,7281
2025-11-04 11:20:00,BOS,long,3996.8,3994.2,4001.0,3994.2,4001.0,7286
2025-11-04 12:45:00,MSS,short,3999.1,4002.9,3992.9,4002.9,3992.9,7301
2025-11-04 13:25:00,BOS,short,3994.5,3996.1,3991.9,3996.1,3991.9,7309
2025-11-04 14:00:00,BOS,short,3985.5,3990.4,3977.7,3990.4,3977.7,7317
2025-11-04 14:30:00,MSS,long,3980.9,3976.9,3987.5,3976.9,3987.5,7323
2025-11-04 14:50:00,BOS,long,3989.0,3986.1,3993.7,3986.1,3993.7,7328
2025-11-04 15:15:00,BOS,long,3995.0,3990.7,4001.9,3990.7,4001.9,7331
2025-11-04 16:00:00,BOS,long,4005.0,4002.7,4008.6,4002.7,4008.6,7342
2025-11-04 16:10:00,MSS,short,4006.8,4010.0,4001.6,4010.0,4001.6,7344
2025-11-04 16:25:00,MSS,long,4005.0,4000.7,4012.0,4000.7,4012.0,7346
2025-11-04 17:05:00,MSS,short,4007.7,4010.9,4002.4,4010.9,4002.4,7352
2025-11-04 17:30:00,MSS,long,4004.8,4001.6,4010.0,4001.6,4010.0,7357
2025-11-04 17:55:00,MSS,short,4006.4,4010.3,4000.1,4010.3,4000.1,7362
2025-11-04 19:45:00,MSS,long,4004.6,4002.6,4007.9,4002.6,4007.9,7387
2025-11-04 20:15:00,BOS,long,4005.7,4004.2,4008.0,4004.2,4008.0,7393
2025-11-04 20:20:00,MSS,short,4006.2,4008.0,4003.2,4008.0,4003.2,7394
2025-11-04 21:10:00,MSS,long,3998.0,3992.8,4006.4,3992.8,4006.4,7402
2025-11-04 21:30:00,MSS,short,3999.8,4006.7,3988.7,4006.7,3988.7,7406
2025-11-04 22:00:00,BOS,short,3984.5,3988.9,3977.4,3988.9,3977.4,7414
2025-11-04 22:25:00,BOS,short,3977.1,3987.5,3960.3,3987.5,3960.3,7418
2025-11-04 23:35:00,MSS,long,3960.8,3950.5,3977.4,3950.5,3977.4,7431
2025-11-05 00:15:00,BOS,long,3972.3,3966.2,3982.2,3966.2,3982.2,7438
2025-11-05 00:45:00,MSS,short,3980.9,3984.3,3975.4,3984.3,3975.4,7446
2025-11-05 01:05:00,BOS,short,3978.2,3982.0,3972.1,3982.0,3972.1,7451
2025-11-05 01:50:00,BOS,short,3970.7,3974.6,3964.4,3974.6,3964.4,7460
2025-11-05 02:05:00,BOS,short,3964.9,3967.2,3961.2,3967.2,3961.2,7463
2025-11-05 03:15:00,MSS,long,3947.6,3943.9,3953.5,3943.9,3953.5,7475
2025-11-05 03:40:00,MSS,short,3950.3,3953.4,3945.3,3953.4,3945.3,7480
2025-11-05 04:00:00,BOS,short,3946.3,3949.5,3941.1,3949.5,3941.1,7486
2025-11-05 04:25:00,MSS,long,3944.0,3941.4,3948.2,3941.4,3948.2,7491
2025-11-05 05:00:00,MSS,short,3947.5,3949.9,3943.7,3949.9,3943.7,7498
2025-11-05 05:35:00,BOS,short,3942.8,3944.9,3939.5,3944.9,3939.5,7505
2025-11-05 07:00:00,MSS,long,3943.2,3940.7,3947.3,3940.7,3947.3,7510
2025-11-05 07:45:00,MSS,short,3943.6,3946.8,3938.3,3946.8,3938.3,7519
2025-11-05 08:00:00,MSS,long,3942.8,3938.3,3950.0,3938.3,3950.0,7520
2025-11-05 08:40:00,MSS,short,3943.0,3947.7,3935.4,3947.7,3935.4,7529
2025-11-05 08:55:00,MSS,long,3940.4,3935.4,3948.4,3935.4,3948.4,7531
2025-11-05 09:25:00,BOS,long,3950.7,3946.7,3957.3,3946.7,3957.3,7538
2025-11-05 09:45:00,MSS,short,3953.0,3958.2,3944.6,3958.2,3944.6,7543
2025-11-05 10:45:00,MSS,long,3949.3,3944.0,3957.8,3944.0,3957.8,7551
2025-11-05 11:00:00,BOS,long,3950.8,3944.0,3961.7,3944.0,3961.7,7551
2025-11-05 11:15:00,BOS,long,3958.9,3955.8,3964.0,3955.8,3964.0,7559
2025-11-05 11:30:00,BOS,long,3962.9,3961.2,3965.6,3961.2,3965.6,7564
2025-11-05 12:30:00,BOS,long,3971.5,3968.1,3977.0,3968.1,3977.0,7574
2025-11-05 13:15:00,BOS,long,3978.5,3975.1,3984.0,3975.1,3984.0,7584
2025-11-05 13:45:00,MSS,short,3981.2,3987.4,3971.2,3987.4,3971.2,7588
2025-11-05 14:00:00,MSS,long,3972.9,3970.7,3976.5,3970.7,3976.5,7594
2025-11-05 14:55:00,MSS,short,3978.1,3980.8,3973.8,3980.8,3973.8,7605
2025-11-05 15:05:00,BOS,short,3977.2,3980.8,3971.5,3980.8,3971.5,7605
2025-11-05 15:35:00,MSS,long,3974.7,3971.8,3979.5,3971.8,3979.5,7611
2025-11-05 17:05:00,MSS,short,3991.6,3993.7,3988.1,3993.7,3988.1,7630
2025-11-05 17:50:00,MSS,long,3976.8,3973.6,3982.1,3973.6,3982.1,7637
2025-11-05 18:00:00,MSS,short,3978.5,3983.1,3971.0,3983.1,3971.0,7642
2025-11-05 18:20:00,MSS,long,3972.3,3969.6,3976.7,3969.6,3976.7,7646
2025-11-05 18:45:00,BOS,long,3975.7,3973.3,3979.6,3973.3,3979.6,7649
2025-11-05 18:50:00,MSS,short,3976.2,3979.6,3970.7,3979.6,3970.7,7652
2025-11-05 19:20:00,BOS,short,3973.9,3978.1,3967.2,3978.1,3967.2,7655
2025-11-05 20:55:00,MSS,long,3975.1,3972.5,3979.3,3972.5,3979.3,7675
2025-11-05 21:05:00,BOS,long,3976.6,3972.5,3983.3,3972.5,3983.3,7675
2025-11-05 21:20:00,BOS,long,3978.7,3974.1,3986.1,3974.1,3986.1,7682
2025-11-05 21:50:00,BOS,long,3983.9,3980.5,3989.3,3980.5,3989.3,7686
2025-11-05 22:15:00,BOS,long,3986.3,3983.2,3991.4,3983.2,3991.4,7692
2025-11-05 22:20:00,BOS,long,3986.7,3983.2,3992.4,3983.2,3992.4,7692
2025-11-05 22:40:00,MSS,short,3991.7,3995.6,3985.5,3995.6,3985.5,7698
2025-11-05 23:25:00,MSS,long,3981.0,3975.5,3989.8,3975.5,3989.8,7707
2025-11-06 00:05:00,BOS,long,3988.7,3986.7,3992.0,3986.7,3992.0,7715
2025-11-06 00:15:00,MSS,short,3989.0,3992.0,3984.1,3992.0,3984.1,7716
2025-11-06 00:45:00,MSS,long,3991.8,3986.9,3999.6,3986.9,3999.6,7722
2025-11-06 01:05:00,MSS,short,3996.9,3999.8,3992.2,3999.8,3992.2,7727
2025-11-06 02:10:00,MSS,long,3990.3,3988.5,3993.3,3988.5,3993.3,7739
2025-11-06 03:40:00,BOS,long,3992.4,3988.6,3998.6,3988.6,3998.6,7754
2025-11-06 04:05:00,BOS,long,3998.1,3996.6,4000.4,3996.6,4000.4,7763
2025-11-06 04:25:00,MSS,short,3998.6,4000.4,3995.7,4000.4,3995.7,7764
2025-11-06 04:40:00,BOS,short,3996.8,3998.5,3994.1,3998.5,3994.1,7770
2025-11-06 05:25:00,BOS,short,3993.6,3994.7,3991.8,3994.7,3991.8,7778
2025-11-06 07:00:00,BOS,short,3987.3,3993.5,3977.4,3993.5,3977.4,7784
2025-11-06 07:30:00,MSS,long,3980.0,3978.0,3983.2,3978.0,3983.2,7792
2025-11-06 08:55:00,BOS,long,3981.2,3979.0,3984.7,3979.0,3984.7,7809
2025-11-06 09:05:00,MSS,short,3981.1,3986.1,3973.1,3986.1,3973.1,7811
2025-11-06 09:50:00,MSS,long,3981.2,3978.9,3984.8,3978.9,3984.8,7819
2025-11-06 10:00:00,BOS,long,3982.4,3978.9,3988.0,3978.9,3988.0,7819
2025-11-06 10:30:00,BOS,long,3987.9,3984.7,3993.1,3984.7,3993.1,7828
2025-11-06 11:10:00,BOS,long,3989.8,3987.5,3993.5,3987.5,3993.5,7836
2025-11-06 13:00:00,BOS,long,3995.3,3993.3,3998.5,3993.3,3998.5,7856
2025-11-06 13:25:00,BOS,long,3996.4,3994.4,3999.7,3994.4,3999.7,7860
2025-11-06 14:40:00,MSS,short,3995.1,3996.5,3992.8,3996.5,3992.8,7878
2025-11-06 14:50:00,MSS,long,3993.6,3990.8,3998.0,3990.8,3998.0,7880
2025-11-06 16:15:00,BOS,long,4017.2,4013.6,4023.0,4013.6,4023.0,7894
2025-11-06 18:00:00,MSS,short,4020.4,4022.7,4016.6,4022.7,4016.6,7916
2025-11-06 18:30:00,BOS,short,4016.6,4018.5,4013.6,4018.5,4013.6,7922
2025-11-06 19:00:00,MSS,long,4016.5,4014.3,4020.0,4014.3,4020.0,7928
2025-11-06 19:30:00,BOS,long,4018.5,4016.1,4022.5,4016.1,4022.5,7936
2025-11-06 20:05:00,MSS,short,4026.0,4028.5,4022.0,4028.5,4022.0,7941
2025-11-06 20:30:00,BOS,short,4022.4,4023.9,4020.1,4023.9,4020.1,7946
2025-11-06 20:50:00,BOS,short,4019.4,4023.9,4012.1,4023.9,4012.1,7946
2025-11-06 21:55:00,BOS,short,4023.5,4025.2,4020.7,4025.2,4020.7,7964
2025-11-06 22:55:00,BOS,short,4006.5,4009.8,4001.1,4009.8,4001.1,7976
2025-11-07 01:10:00,BOS,short,3991.0,3993.9,3986.4,3993.9,3986.4,8004
2025-11-07 01:50:00,MSS,long,3982.1,3973.2,3996.5,3973.2,3996.5,8008
2025-11-07 02:35:00,BOS,long,3992.6,3989.6,3997.5,3989.6,3997.5,8020
2025-11-07 03:10:00,BOS,long,3997.9,3994.3,4003.7,3994.3,4003.7,8026
2025-11-07 03:45:00,MSS,short,3999.1,4003.7,3991.7,4003.7,3991.7,8029
2025-11-07 04:30:00,MSS,long,3991.3,3989.5,3994.3,3989.5,3994.3,8044
2025-11-07 04:45:00,MSS,short,3992.5,3994.6,3989.1,3994.6,3989.1,8046
2025-11-07 05:45:00,BOS,short,3988.1,3989.8,3985.3,3989.8,3985.3,8056
2025-11-07 07:15:00,MSS,long,3985.4,3981.5,3991.7,3981.5,3991.7,8063
2025-11-07 07:35:00,BOS,long,3991.2,3989.1,3994.5,3989.1,3994.5,8069
2025-11-07 08:05:00,MSS,short,3995.4,3996.9,3992.9,3996.9,3992.9,8075
2025-11-07 08:15:00,MSS,long,3994.2,3991.6,3998.3,3991.6,3998.3,8077
2025-11-07 08:50:00,MSS,short,3997.8,3999.1,3995.7,3999.1,3995.7,8084
2025-11-07 09:00:00,MSS,long,3997.3,3995.2,4000.8,3995.2,4000.8,8086
2025-11-07 09:40:00,BOS,long,4005.3,4002.1,4010.6,4002.1,4010.6,8094
2025-11-07 10:10:00,MSS,short,4008.9,4011.2,4005.2,4011.2,4005.2,8099
2025-11-07 10:30:00,BOS,short,4002.8,4005.2,3998.8,4005.2,3998.8,8104
2025-11-07 10:35:00,MSS,long,4001.7,3998.8,4006.5,3998.8,4006.5,8105
2025-11-07 11:05:00,MSS,short,4001.6,4004.8,3996.3,4004.8,3996.3,8109
2025-11-07 11:40:00,MSS,long,3999.8,3998.0,4002.6,3998.0,4002.6,8118
2025-11-07 11:50:00,MSS,short,4000.5,4002.6,3997.2,4002.6,3997.2,8119
2025-11-07 12:15:00,MSS,long,3996.4,3992.8,4002.1,3992.8,4002.1,8123
2025-11-07 12:30:00,MSS,short,4003.7,4005.2,4001.2,4005.2,4001.2,8127
2025-11-07 12:50:00,MSS,long,4003.5,4002.1,4005.8,4002.1,4005.8,8132
2025-11-07 13:20:00,MSS,short,4003.6,4006.3,3999.3,4006.3,3999.3,8135
2025-11-07 13:50:00,BOS,short,4003.4,4005.2,4000.4,4005.2,4000.4,8143
2025-11-07 14:20:00,MSS,long,4002.7,3999.6,4007.7,3999.6,4007.7,8147
2025-11-07 15:25:00,MSS,short,4014.6,4017.2,4010.5,4017.2,4010.5,8163
2025-11-07 15:55:00,MSS,long,4012.3,4010.2,4015.7,4010.2,4015.7,8168
2025-11-07 16:10:00,BOS,long,4014.7,4012.4,4018.3,4012.4,4018.3,8171
2025-11-07 16:55:00,BOS,long,4014.9,4012.5,4018.9,4012.5,4018.9,8180
2025-11-07 17:15:00,BOS,long,4018.5,4016.1,4022.4,4016.1,4022.4,8184
2025-11-07 17:30:00,MSS,short,4018.4,4022.4,4011.8,4022.4,4011.8,8186
2025-11-07 18:20:00,MSS,long,4012.8,4010.3,4016.9,4010.3,4016.9,8198
2025-11-07 19:00:00,BOS,long,4014.3,4010.9,4019.9,4010.9,4019.9,8203
2025-11-07 19:25:00,MSS,short,4011.8,4015.6,4005.7,4015.6,4005.7,8211
2025-11-07 20:05:00,MSS,long,4007.2,4001.2,4016.9,4001.2,4016.9,8215
2025-11-07 20:45:00,MSS,short,4003.8,4006.5,3999.4,4006.5,3999.4,8227
2025-11-07 21:00:00,MSS,long,4001.6,3998.7,4006.3,3998.7,4006.3,8229
2025-11-07 21:35:00,MSS,short,4006.3,4009.4,4001.2,4009.4,4001.2,8235
2025-11-07 22:10:00,MSS,long,4005.8,4002.3,4011.5,4002.3,4011.5,8244
2025-11-07 22:30:00,MSS,short,4008.0,4015.0,3996.6,4015.0,3996.6,8247
2025-11-07 23:00:00,MSS,long,3998.1,3993.1,4006.1,3993.1,4006.1,8253
2025-11-07 23:15:00,MSS,short,4002.2,4006.7,3995.0,4006.7,3995.0,8256
2025-11-07 23:40:00,BOS,short,3999.6,4003.5,3993.2,4003.5,3993.2,8262
2025-11-08 00:05:00,MSS,long,4000.5,3997.1,4006.0,3997.1,4006.0,8267
2025-11-08 00:20:00,BOS,long,4007.3,4003.5,4013.4,4003.5,4013.4,8270
2025-11-08 01:15:00,MSS,short,4021.9,4035.8,3999.3,4035.8,3999.3,8274
2025-11-08 01:50:00,MSS,long,4005.6,4003.7,4008.8,4003.7,4008.8,8288
2025-11-08 03:10:00,BOS,long,4012.8,4011.2,4015.5,4011.2,4015.5,8301
2025-11-08 03:50:00,BOS,long,4011.4,4008.8,4015.5,4008.8,4015.5,8312
2025-11-08 04:15:00,MSS,short,4010.9,4015.5,4003.5,4015.5,4003.5,8313
2025-11-08 05:00:00,MSS,long,4009.2,4006.8,4013.1,4006.8,4013.1,8325
2025-11-08 05:30:00,MSS,short,4009.7,4010.6,4008.2,4010.6,4008.2,8332
2025-11-10 07:00:00,MSS,long,4010.9,4006.3,4018.4,4006.3,4018.4,8336
2025-11-10 07:55:00,BOS,long,4016.0,4013.4,4020.3,4013.4,4020.3,8349
2025-11-10 08:35:00,MSS,short,4023.1,4025.5,4019.3,4025.5,4019.3,8357
2025-11-10 08:45:00,MSS,long,4024.2,4019.3,4032.0,4019.3,4032.0,8358
2025-11-10 09:50:00,MSS,short,4057.0,4061.2,4050.2,4061.2,4050.2,8372
2025-11-10 10:05:00,BOS,short,4052.8,4056.0,4047.7,4056.0,4047.7,8375
2025-11-10 11:20:00,MSS,long,4055.1,4053.0,4058.5,4053.0,4058.5,8389
2025-11-10 12:05:00,BOS,long,4059.0,4055.7,4064.4,4055.7,4064.4,8397
2025-11-10 13:20:00,BOS,long,4060.7,4058.6,4064.2,4058.6,4064.2,8413
2025-11-10 14:20:00,BOS,long,4077.0,4074.8,4080.5,4074.8,4080.5,8424
2025-11-10 15:10:00,BOS,long,4083.9,4081.6,4087.6,4081.6,4087.6,8436
2025-11-10 16:05:00,BOS,long,4085.6,4081.7,4091.9,4081.7,4091.9,8446
2025-11-10 16:35:00,BOS,long,4087.1,4083.0,4093.7,4083.0,4093.7,8450
2025-11-10 17:00:00,MSS,short,4088.9,4091.2,4085.3,4091.2,4085.3,8457
2025-11-10 17:35:00,MSS,long,4085.4,4079.5,4094.9,4079.5,4094.9,8462
2025-11-10 18:25:00,MSS,short,4089.1,4091.2,4085.8,4091.2,4085.8,8474
2025-11-10 18:45:00,BOS,short,4089.2,4092.3,4084.1,4092.3,4084.1,8479
2025-11-10 19:35:00,MSS,long,4086.9,4084.0,4091.6,4084.0,4091.6,8485
2025-11-10 20:50:00,BOS,long,4104.3,4101.5,4108.7,4101.5,4108.7,8504
2025-11-10 21:35:00,MSS,short,4110.0,4113.6,4104.1,4113.6,4104.1,8511
2025-11-10 22:30:00,BOS,short,4091.7,4097.0,4083.2,4097.0,4083.2,8524
2025-11-10 23:00:00,MSS,long,4090.5,4085.4,4098.7,4085.4,4098.7,8529
2025-11-10 23:30:00,MSS,short,4098.3,4102.2,4092.1,4102.2,4092.1,8535
2025-11-10 23:45:00,BOS,short,4091.7,4096.0,4084.7,4096.0,4084.7,8539
2025-11-11 00:00:00,MSS,long,4092.0,4089.9,4095.4,4089.9,4095.4,8538
2025-11-11 01:00:00,BOS,long,4099.8,4096.5,4105.2,4096.5,4105.2,8552
2025-11-11 01:40:00,MSS,short,4104.7,4106.4,4102.0,4106.4,4102.0,8562
2025-11-11 01:45:00,MSS,long,4103.9,4102.0,4106.9,4102.0,4106.9,8563
2025-11-11 02:25:00,BOS,long,4109.9,4102.0,4122.8,4102.0,4122.8,8563
2025-11-11 02:45:00,MSS,short,4120.0,4123.9,4113.7,4123.9,4113.7,8573
2025-11-11 04:10:00,BOS,short,4120.9,4122.4,4118.6,4122.4,4118.6,8591
2025-11-11 04:40:00,MSS,long,4117.6,4115.5,4120.9,4115.5,4120.9,8597
2025-11-11 05:15:00,BOS,long,4119.2,4118.3,4120.6,4118.3,4120.6,8605
2025-11-11 05:40:00,BOS,long,4119.9,4118.9,4121.5,4118.9,4121.5,8609
2025-11-11 07:05:00,BOS,long,4123.9,4121.6,4127.7,4121.6,4127.7,8615
2025-11-11 07:45:00,BOS,long,4126.9,4125.1,4129.7,4125.1,4129.7,8622
2025-11-11 08:00:00,MSS,short,4127.3,4129.7,4123.5,4129.7,4123.5,8624
2025-11-11 08:25:00,MSS,long,4128.9,4126.3,4133.2,4126.3,4133.2,8631
2025-11-11 09:25:00,BOS,long,4137.7,4133.7,4144.2,4133.7,4144.2,8640
2025-11-11 10:20:00,BOS,long,4140.4,4138.3,4143.9,4138.3,4143.9,8654
2025-11-11 10:30:00,MSS,short,4140.6,4143.9,4135.2,4143.9,4135.2,8655
2025-11-11 10:40:00,MSS,long,4138.9,4135.2,4144.8,4135.2,4144.8,8657
2025-11-11 11:05:00,BOS,long,4142.7,4140.0,4147.0,4140.0,4147.0,8662
2025-11-11 11:30:00,BOS,long,4145.2,4140.0,4153.6,4140.0,4153.6,8662
2025-11-11 12:00:00,BOS,long,4151.9,4150.0,4154.9,4150.0,4154.9,8674
2025-11-11 12:10:00,MSS,short,4152.3,4154.9,4148.2,4154.9,4148.2,8675
2025-11-11 12:30:00,MSS,long,4149.0,4147.9,4150.9,4147.9,4150.9,8680
2025-11-11 12:40:00,MSS,short,4149.9,4151.3,4147.7,4151.3,4147.7,8682
2025-11-11 13:00:00,BOS,short,4149.6,4152.4,4145.1,4152.4,4145.1,8685
2025-11-11 13:30:00,BOS,short,4144.4,4148.7,4137.5,4148.7,4137.5,8690
2025-11-11 14:20:00,MSS,long,4137.3,4133.2,4143.9,4133.2,4143.9,8700
2025-11-11 15:00:00,MSS,short,4136.4,4139.0,4132.3,4139.0,4132.3,8709
2025-11-11 16:00:00,MSS,long,4135.0,4131.0,4141.5,4131.0,4141.5,8721
2025-11-11 16:50:00,BOS,long,4138.1,4134.7,4143.6,4134.7,4143.6,8730
2025-11-11 17:00:00,BOS,long,4139.8,4134.7,4148.1,4134.7,4148.1,8730
2025-11-11 17:30:00,BOS,long,4149.1,4147.3,4151.9,4147.3,4151.9,8739
2025-11-11 17:55:00,MSS,short,4150.7,4152.5,4147.8,4152.5,4147.8,8744
2025-11-11 20:10:00,BOS,short,4148.2,4151.0,4143.6,4151.0,4143.6,8770
2025-11-11 20:40:00,MSS,long,4145.6,4144.1,4147.9,4144.1,4147.9,8777
2025-11-11 20:50:00,MSS,short,4145.0,4148.4,4139.5,4148.4,4139.5,8778
2025-11-11 21:15:00,MSS,long,4142.5,4139.3,4147.8,4139.3,4147.8,8782
2025-11-11 21:30:00,BOS,long,4147.4,4144.6,4151.9,4144.6,4151.9,8786
2025-11-11 22:15:00,MSS,short,4148.5,4152.5,4142.0,4152.5,4142.0,8793
2025-11-11 22:45:00,BOS,short,4134.3,4139.6,4125.8,4139.6,4125.8,8803
2025-11-12 01:30:00,BOS,short,4120.6,4123.5,4116.0,4123.5,4116.0,8835
2025-11-12 02:00:00,MSS,long,4119.4,4117.8,4122.0,4117.8,4122.0,8840
2025-11-12 02:10:00,MSS,short,4118.9,4122.0,4114.0,4122.0,4114.0,8843
2025-11-12 02:50:00,MSS,long,4115.2,4112.3,4120.0,4112.3,4120.0,8850
2025-11-12 03:05:00,BOS,long,4119.3,4117.8,4121.8,4117.8,4121.8,8855
2025-11-12 03:40:00,BOS,long,4124.4,4122.2,4128.0,4122.2,4128.0,8860
2025-11-12 04:10:00,BOS,long,4129.1,4126.7,4133.0,4126.7,4133.0,8866
2025-11-12 04:35:00,BOS,long,4132.1,4129.6,4136.2,4129.6,4136.2,8872
2025-11-12 05:35:00,MSS,short,4135.8,4137.7,4132.6,4137.7,4132.6,8882
2025-11-12 07:00:00,MSS,long,4134.1,4131.6,4138.2,4131.6,4138.2,8888
2025-11-12 07:35:00,BOS,long,4144.9,4142.6,4148.7,4142.6,4148.7,8897
2025-11-12 08:20:00,MSS,short,4148.9,4150.6,4146.1,4150.6,4146.1,8906
2025-11-12 08:45:00,BOS,short,4147.9,4150.3,4144.1,4150.3,4144.1,8910
2025-11-12 09:30:00,BOS,short,4139.2,4143.3,4132.6,4143.3,4132.6,8916
2025-11-12 09:40:00,MSS,long,4134.8,4131.7,4139.9,4131.7,4139.9,8922
2025-11-12 10:25:00,MSS,short,4139.5,4141.2,4136.7,4141.2,4136.7,8931
2025-11-12 11:50:00,BOS,short,4124.2,4127.3,4119.1,4127.3,4119.1,8948
2025-11-12 13:30:00,BOS,short,4111.4,4115.7,4104.4,4115.7,4104.4,8967
2025-11-12 14:20:00,MSS,long,4112.8,4109.4,4118.3,4109.4,4118.3,8977
2025-11-12 14:35:00,BOS,long,4119.8,4117.0,4124.2,4117.0,4124.2,8981
2025-11-12 15:05:00,BOS,long,4123.3,4120.5,4127.8,4120.5,4127.8,8987
2025-11-12 15:30:00,MSS,short,4127.5,4129.8,4123.9,4129.8,4123.9,8992
2025-11-12 16:15:00,MSS,long,4121.3,4117.3,4127.9,4117.3,4127.9,9000
2025-11-12 17:10:00,MSS,short,4136.8,4139.4,4132.7,4139.4,4132.7,9011
2025-11-12 18:25:00,BOS,short,4131.1,4134.5,4125.7,4134.5,4125.7,9026
2025-11-12 19:05:00,MSS,long,4132.2,4130.3,4135.2,4130.3,4135.2,9033
2025-11-12 19:25:00,MSS,short,4134.3,4137.1,4129.7,4137.1,4129.7,9037
2025-11-12 20:10:00,MSS,long,4131.9,4129.0,4136.5,4129.0,4136.5,9046
2025-11-12 21:05:00,MSS,short,4140.5,4146.2,4131.4,4146.2,4131.4,9053
2025-11-12 21:30:00,MSS,long,4132.0,4128.1,4138.2,4128.1,4138.2,9061
2025-11-12 21:50:00,MSS,short,4135.0,4137.8,4130.4,4137.8,4130.4,9068
2025-11-12 22:00:00,MSS,long,4133.9,4130.1,4140.1,4130.1,4140.1,9070
2025-11-12 22:30:00,MSS,short,4139.1,4144.3,4130.7,4144.3,4130.7,9073
2025-11-12 23:00:00,MSS,long,4141.8,4137.6,4148.6,4137.6,4148.6,9080
2025-11-12 23:30:00,BOS,long,4173.7,4165.9,4186.3,4165.9,4186.3,9087
2025-11-12 23:45:00,BOS,long,4184.7,4181.2,4190.4,4181.2,4190.4,9091
2025-11-13 00:00:00,BOS,long,4186.3,4181.1,4194.7,4181.1,4194.7,9093
2025-11-13 00:30:00,BOS,long,4193.6,4187.9,4202.8,4187.9,4202.8,9099
2025-11-13 00:55:00,BOS,long,4197.9,4193.7,4204.6,4193.7,4204.6,9104
2025-11-13 01:35:00,BOS,long,4203.5,4198.4,4211.7,4198.4,4211.7,9110
2025-11-13 02:00:00,MSS,short,4205.4,4210.6,4196.9,4210.6,4196.9,9118
2025-11-13 02:20:00,MSS,long,4202.5,4196.9,4211.6,4196.9,4211.6,9119
2025-11-13 03:05:00,MSS,short,4214.5,4216.9,4210.5,4216.9,4210.5,9130
2025-11-13 05:25:00,MSS,long,4199.2,4196.3,4204.0,4196.3,4204.0,9158
2025-11-13 05:55:00,MSS,short,4203.4,4205.5,4199.9,4205.5,4199.9,9164
2025-11-13 07:05:00,MSS,long,4203.8,4199.9,4210.0,4199.9,4210.0,9166
2025-11-13 07:20:00,MSS,short,4205.5,4210.0,4198.3,4210.0,4198.3,9168
2025-11-13 07:30:00,BOS,short,4200.7,4202.5,4197.7,4202.5,4197.7,9172
2025-11-13 08:00:00,BOS,short,4195.4,4197.8,4191.6,4197.8,4191.6,9178
2025-11-13 08:30:00,MSS,long,4194.5,4189.0,4203.4,4189.0,4203.4,9181
2025-11-13 08:50:00,BOS,long,4205.6,4201.5,4212.3,4201.5,4212.3,9188
2025-11-13 09:05:00,MSS,short,4207.0,4212.9,4197.5,4212.9,4197.5,9191
2025-11-13 09:55:00,MSS,long,4191.3,4186.6,4198.9,4186.6,4198.9,9200
2025-11-13 11:00:00,BOS,long,4193.8,4189.6,4200.5,4189.6,4200.5,9213
2025-11-13 11:40:00,BOS,long,4204.3,4200.1,4211.1,4200.1,4211.1,9220
2025-11-13 13:05:00,BOS,long,4213.7,4209.9,4219.9,4209.9,4219.9,9237
2025-11-13 14:00:00,MSS,short,4216.3,4220.9,4208.8,4220.9,4208.8,9247
2025-11-13 14:50:00,MSS,long,4211.8,4209.1,4216.2,4209.1,4216.2,9260
2025-11-13 15:20:00,BOS,long,4214.9,4212.4,4219.0,4212.4,4219.0,9264
2025-11-13 15:50:00,BOS,long,4219.7,4217.9,4222.6,4217.9,4222.6,9272
2025-11-13 17:00:00,MSS,short,4238.9,4243.0,4232.3,4243.0,4232.3,9285
2025-11-13 17:15:00,MSS,long,4236.8,4232.3,4244.0,4232.3,4244.0,9287
2025-11-13 17:25:00,MSS,short,4239.9,4245.0,4231.6,4245.0,4231.6,9291
2025-11-13 18:05:00,MSS,long,4238.0,4236.3,4240.7,4236.3,4240.7,9298
2025-11-13 18:30:00,MSS,short,4242.0,4245.4,4236.6,4245.4,4236.6,9303
2025-11-13 18:55:00,BOS,short,4234.9,4240.1,4226.6,4240.1,4226.6,9308
2025-11-13 19:40:00,MSS,long,4229.0,4224.0,4237.0,4224.0,4237.0,9315
2025-11-13 20:05:00,BOS,long,4236.5,4234.2,4240.2,4234.2,4240.2,9323
2025-11-13 20:45:00,BOS,long,4238.5,4235.1,4244.1,4235.1,4244.1,9328
2025-11-13 21:00:00,MSS,short,4243.5,4250.0,4232.9,4250.0,4232.9,9334
2025-11-13 21:30:00,BOS,short,4236.8,4242.5,4227.5,4242.5,4227.5,9340
2025-11-13 22:05:00,BOS,short,4230.1,4237.5,4218.0,4237.5,4218.0,9346
2025-11-13 22:40:00,BOS,short,4210.6,4224.2,4188.6,4224.2,4188.6,9354
2025-11-13 23:05:00,MSS,long,4199.5,4193.2,4209.6,4193.2,4209.6,9359
2025-11-13 23:55:00,BOS,long,4198.2,4192.3,4207.8,4192.3,4207.8,9368
2025-11-14 00:35:00,MSS,short,4209.1,4213.0,4202.9,4213.0,4202.9,9377
2025-11-14 01:10:00,BOS,short,4207.3,4212.9,4198.2,4212.9,4198.2,9383
2025-11-14 02:20:00,BOS,short,4205.5,4207.9,4201.7,4207.9,4201.7,9397
2025-11-14 03:15:00,MSS,long,4154.6,4149.4,4163.1,4149.4,4163.1,9407
2025-11-14 04:25:00,BOS,long,4168.7,4164.8,4174.9,4164.8,4174.9,9423
2025-11-14 05:00:00,BOS,long,4167.1,4164.5,4171.4,4164.5,4171.4,9429
2025-11-14 07:00:00,BOS,long,4176.6,4174.2,4180.4,4174.2,4180.4,9442
2025-11-14 07:45:00,BOS,long,4183.1,4179.8,4188.5,4179.8,4188.5,9449
2025-11-14 08:15:00,BOS,long,4185.7,4181.7,4192.2,4181.7,4192.2,9456
2025-11-14 08:50:00,MSS,short,4188.0,4192.5,4180.8,4192.5,4180.8,9462
2025-11-14 09:20:00,BOS,short,4186.7,4192.3,4177.6,4192.3,4177.6,9467
2025-11-14 09:50:00,MSS,long,4183.3,4176.1,4194.9,4176.1,4194.9,9473
2025-11-14 11:20:00,BOS,long,4209.6,4207.0,4213.9,4207.0,4213.9,9494
2025-11-14 11:50:00,MSS,short,4211.0,4215.1,4204.3,4215.1,4204.3,9497
2025-11-14 12:10:00,BOS,short,4206.3,4209.4,4201.2,4209.4,4201.2,9503
2025-11-14 12:50:00,BOS,short,4205.7,4207.4,4202.9,4207.4,4202.9,9510
2025-11-14 12:55:00,MSS,long,4204.4,4202.9,4206.9,4202.9,4206.9,9513
2025-11-14 13:00:00,MSS,short,4204.4,4206.9,4200.4,4206.9,4200.4,9514
2025-11-14 14:15:00,BOS,short,4192.1,4196.3,4185.3,4196.3,4185.3,9528
2025-11-14 14:45:00,BOS,short,4181.8,4186.5,4174.1,4186.5,4174.1,9534
2025-11-14 15:20:00,BOS,short,4173.9,4179.9,4164.1,4179.9,4164.1,9540
2025-11-14 15:45:00,MSS,long,4170.0,4162.3,4182.5,4162.3,4182.5,9544
2025-11-14 16:35:00,BOS,long,4183.6,4179.3,4190.5,4179.3,4190.5,9557
2025-11-14 16:50:00,MSS,short,4185.2,4190.5,4176.5,4190.5,4176.5,9558
2025-11-14 17:30:00,BOS,short,4178.1,4183.6,4169.1,4183.6,4169.1,9565
2025-11-14 18:30:00,BOS,short,4170.0,4174.4,4162.8,4174.4,4162.8,9579
2025-11-14 19:10:00,BOS,short,4166.4,4174.4,4153.5,4174.4,4153.5,9586
2025-11-14 19:50:00,BOS,short,4152.3,4161.0,4138.3,4161.0,4138.3,9595
2025-11-14 20:10:00,BOS,short,4136.8,4143.4,4126.2,4143.4,4126.2,9600
2025-11-14 21:00:00,BOS,short,4117.2,4121.7,4109.9,4121.7,4109.9,9609
2025-11-14 22:20:00,MSS,long,4051.7,4045.6,4061.6,4045.6,4061.6,9625
2025-11-14 22:30:00,MSS,short,4050.3,4061.6,4032.1,4061.6,4032.1,9627
2025-11-14 22:35:00,MSS,long,4046.2,4032.1,4069.0,4032.1,4069.0,9629
2025-11-14 22:50:00,BOS,long,4050.6,4032.1,4080.5,4032.1,4080.5,9629
2025-11-14 23:45:00,BOS,long,4081.9,4074.4,4094.1,4074.4,4094.1,9643
2025-11-15 00:15:00,BOS,long,4089.1,4082.7,4099.5,4082.7,4099.5,9648
2025-11-15 00:35:00,BOS,long,4102.6,4098.7,4108.9,4098.7,4108.9,9653
2025-11-15 01:15:00,MSS,short,4108.5,4112.8,4101.5,4112.8,4101.5,9659
2025-11-15 02:00:00,BOS,short,4099.2,4106.3,4087.8,4106.3,4087.8,9669
2025-11-15 02:30:00,MSS,long,4089.9,4082.4,4102.1,4082.4,4102.1,9675
2025-11-15 03:05:00,MSS,short,4099.9,4105.1,4091.4,4105.1,4091.4,9681
2025-11-15 04:00:00,BOS,short,4092.9,4097.6,4085.3,4097.6,4085.3,9693
2025-11-15 04:35:00,MSS,long,4083.8,4077.3,4094.2,4077.3,4094.2,9700
2025-11-15 05:35:00,MSS,short,4084.0,4087.0,4079.1,4087.0,4079.1,9712
2025-11-17 07:00:00,BOS,short,4077.5,4087.1,4061.9,4087.1,4061.9,9718
2025-11-17 07:05:00,MSS,long,4078.4,4061.9,4105.0,4061.9,4105.0,9719
2025-11-17 07:45:00,MSS,short,4103.7,4107.6,4097.5,4107.6,4097.5,9727
2025-11-17 08:05:00,BOS,short,4096.9,4102.4,4087.9,4102.4,4087.9,9730
2025-11-17 08:55:00,BOS,short,4089.0,4093.0,4082.5,4093.0,4082.5,9741
2025-11-17 09:10:00,MSS,long,4088.5,4082.5,4098.2,4082.5,4098.2,9742
2025-11-17 09:30:00,BOS,long,4092.4,4086.7,4101.5,4086.7,4101.5,9746
2025-11-17 10:50:00,MSS,short,4090.3,4095.2,4082.3,4095.2,4082.3,9761
2025-11-17 11:50:00,MSS,long,4080.1,4076.4,4086.0,4076.4,4086.0,9771
2025-11-17 12:45:00,MSS,short,4082.9,4086.1,4077.7,4086.1,4077.7,9787
2025-11-17 14:00:00,MSS,long,4058.9,4054.6,4065.9,4054.6,4065.9,9802
2025-11-17 14:35:00,BOS,long,4063.8,4058.4,4072.5,4058.4,4072.5,9808
2025-11-17 15:10:00,BOS,long,4069.0,4065.6,4074.5,4065.6,4074.5,9815
2025-11-17 16:35:00,MSS,short,4082.3,4085.4,4077.2,4085.4,4077.2,9833
2025-11-17 17:10:00,MSS,long,4077.4,4073.4,4083.8,4073.4,4083.8,9839
2025-11-17 18:50:00,MSS,short,4080.8,4087.7,4069.6,4087.7,4069.6,9858
2025-11-17 19:50:00,MSS,long,4081.5,4078.0,4087.1,4078.0,4087.1,9872
2025-11-17 20:30:00,BOS,long,4080.1,4075.7,4087.2,4075.7,4087.2,9879
2025-11-17 20:45:00,MSS,short,4081.8,4082.3,4080.9,4082.3,4080.9,9878
2025-11-17 21:00:00,MSS,long,4081.5,4076.2,4090.0,4076.2,4090.0,9885
2025-11-17 21:20:00,MSS,short,4084.3,4087.5,4079.1,4087.5,4079.1,9890
2025-11-17 21:35:00,BOS,short,4076.0,4080.9,4068.2,4080.9,4068.2,9893
2025-11-17 22:30:00,MSS,long,4069.3,4065.0,4076.3,4065.0,4076.3,9904
2025-11-17 23:05:00,MSS,short,4074.6,4082.0,4062.5,4082.0,4062.5,9909
2025-11-18 00:00:00,BOS,short,4070.6,4079.0,4057.0,4079.0,4057.0,9918
2025-11-18 00:20:00,MSS,long,4059.0,4053.2,4068.3,4053.2,4068.3,9924
2025-11-18 01:00:00,BOS,long,4069.7,4065.7,4076.1,4065.7,4076.1,9934
2025-11-18 01:15:00,BOS,long,4075.1,4072.5,4079.2,4072.5,4079.2,9937
2025-11-18 02:35:00,MSS,short,4073.7,4076.7,4068.9,4076.7,4068.9,9951
2025-11-18 02:50:00,BOS,short,4070.4,4073.5,4065.4,4073.5,4065.4,9956
2025-11-18 03:30:00,BOS,short,4055.2,4066.7,4036.5,4066.7,4036.5,9962
2025-11-18 04:25:00,MSS,long,4020.4,4015.6,4028.1,4015.6,4028.1,9974
2025-11-18 04:45:00,BOS,long,4028.6,4025.2,4034.1,4025.2,4034.1,9978
2025-11-18 05:50:00,BOS,long,4043.2,4041.8,4045.4,4041.8,4045.4,9990
2025-11-18 07:00:00,BOS,long,4047.9,4042.9,4056.1,4042.9,4056.1,9993
2025-11-18 07:30:00,MSS,short,4048.1,4051.0,4043.3,4051.0,4043.3,10000
2025-11-18 08:35:00,MSS,long,4032.2,4028.1,4038.8,4028.1,4038.8,10013
2025-11-18 08:55:00,BOS,long,4035.0,4031.3,4041.1,4031.3,4041.1,10017
2025-11-18 09:40:00,MSS,short,4038.4,4044.3,4028.8,4044.3,4028.8,10023
2025-11-18 10:30:00,MSS,long,4029.9,4026.5,4035.5,4026.5,4035.5,10036
2025-11-18 10:45:00,MSS,short,4031.7,4035.9,4024.8,4035.9,4024.8,10038
2025-11-18 11:15:00,BOS,short,4026.0,4035.9,4010.1,4035.9,4010.1,10038
2025-11-18 11:30:00,MSS,long,4011.6,4008.2,4017.0,4008.2,4017.0,10047
2025-11-18 12:15:00,MSS,short,4018.0,4026.0,4005.1,4026.0,4005.1,10051
2025-11-18 13:15:00,MSS,long,4010.6,4007.5,4015.6,4007.5,4015.6,10068
2025-11-18 13:35:00,BOS,long,4017.5,4014.5,4022.3,4014.5,4022.3,10072
2025-11-18 14:00:00,MSS,short,4020.4,4024.6,4013.6,4024.6,4013.6,10077
2025-11-18 15:00:00,BOS,short,4010.9,4015.1,4004.0,4015.1,4004.0,10088
2025-11-18 15:40:00,MSS,long,4004.1,3997.4,4015.0,3997.4,4015.0,10098
2025-11-18 17:10:00,MSS,short,4036.7,4041.1,4029.7,4041.1,4029.7,10113
2025-11-18 17:50:00,MSS,long,4034.7,4029.5,4043.0,4029.5,4043.0,10122
2025-11-18 18:45:00,BOS,long,4041.9,4036.8,4050.2,4036.8,4050.2,10133
2025-11-18 19:40:00,MSS,short,4047.2,4049.8,4042.9,4049.8,4042.9,10145
2025-11-18 20:20:00,BOS,short,4040.9,4044.5,4035.2,4044.5,4035.2,10153
2025-11-18 21:00:00,MSS,long,4035.1,4028.2,4046.3,4028.2,4046.3,10162
2025-11-18 22:00:00,BOS,long,4069.2,4065.2,4075.6,4065.2,4075.6,10174
2025-11-18 22:15:00,BOS,long,4073.2,4068.6,4080.7,4068.6,4080.7,10177
2025-11-18 22:50:00,MSS,short,4074.4,4082.5,4061.3,4082.5,4061.3,10183
2025-11-18 23:25:00,MSS,long,4058.6,4053.1,4067.4,4053.1,4067.4,10189
2025-11-18 23:50:00,MSS,short,4063.7,4072.9,4048.7,4072.9,4048.7,10193
2025-11-19 00:55:00,MSS,long,4062.3,4057.7,4069.8,4057.7,4069.8,10206
2025-11-19 01:35:00,BOS,long,4064.7,4059.2,4073.6,4059.2,4073.6,10216
2025-11-19 02:00:00,MSS,short,4072.5,4074.2,4069.7,4074.2,4069.7,10222
2025-11-19 02:50:00,MSS,long,4071.7,4069.8,4074.9,4069.8,4074.9,10232
2025-11-19 03:45:00,BOS,long,4077.0,4073.9,4082.1,4073.9,4082.1,10241
2025-11-19 04:05:00,MSS,short,4080.8,4083.7,4076.0,4083.7,4076.0,10246
2025-11-19 04:40:00,BOS,short,4072.2,4074.4,4068.6,4074.4,4068.6,10253
2025-11-19 05:15:00,BOS,short,4070.2,4072.6,4066.4,4072.6,4066.4,10259
2025-11-19 07:05:00,MSS,long,4068.3,4065.4,4073.1,4065.4,4073.1,10271
2025-11-19 07:50:00,BOS,long,4069.9,4067.2,4074.3,4067.2,4074.3,10277
2025-11-19 08:20:00,BOS,long,4073.2,4070.3,4078.0,4070.3,4078.0,10286
2025-11-19 08:55:00,MSS,short,4073.8,4078.0,4067.1,4078.0,4067.1,10287
2025-11-19 09:50:00,BOS,short,4065.8,4070.7,4057.9,4070.7,4057.9,10301
2025-11-19 10:25:00,MSS,long,4061.6,4058.8,4066.2,4058.8,4066.2,10309
2025-11-19 11:05:00,MSS,short,4078.3,4081.4,4073.3,4081.4,4073.3,10316
2025-11-19 11:55:00,BOS,short,4072.4,4076.4,4065.8,4076.4,4065.8,10329
2025-11-19 12:25:00,MSS,long,4071.1,4068.0,4076.0,4068.0,4076.0,10334
2025-11-19 13:05:00,BOS,long,4076.0,4074.0,4079.3,4074.0,4079.3,10343
2025-11-19 15:05:00,MSS,short,4091.9,4096.2,4084.9,4096.2,4084.9,10365
2025-11-19 16:00:00,BOS,short,4092.3,4097.9,4083.3,4097.9,4083.3,10376
2025-11-19 17:05:00,MSS,long,4084.0,4081.2,4088.5,4081.2,4088.5,10391
2025-11-19 17:25:00,BOS,long,4088.3,4086.0,4091.9,4086.0,4091.9,10394
2025-11-19 19:15:00,BOS,long,4111.5,4107.1,4118.6,4107.1,4118.6,10415
2025-11-19 19:45:00,BOS,long,4112.8,4110.6,4116.4,4110.6,4116.4,10423
2025-11-19 20:35:00,BOS,long,4115.6,4112.9,4119.9,4112.9,4119.9,10431
2025-11-19 20:55:00,MSS,short,4118.2,4120.7,4114.1,4120.7,4114.1,10435
2025-11-19 22:10:00,MSS,long,4111.7,4106.7,4119.7,4106.7,4119.7,10449
2025-11-19 22:20:00,MSS,short,4115.9,4119.9,4109.5,4119.9,4109.5,10454
2025-11-19 22:55:00,MSS,long,4117.7,4109.7,4130.6,4109.7,4130.6,10461
2025-11-19 23:25:00,MSS,short,4127.6,4134.3,4116.8,4134.3,4116.8,10466
2025-11-19 23:35:00,BOS,short,4125.7,4134.3,4111.7,4134.3,4111.7,10466
2025-11-20 00:15:00,BOS,short,4090.4,4095.6,4082.1,4095.6,4082.1,10477
2025-11-20 01:40:00,MSS,long,4069.6,4063.6,4079.4,4063.6,4079.4,10494
2025-11-20 02:00:00,BOS,long,4079.6,4076.7,4084.4,4076.7,4084.4,10498
2025-11-20 02:50:00,BOS,long,4082.5,4076.3,4092.4,4076.3,4092.4,10505
2025-11-20 03:20:00,MSS,short,4085.0,4092.4,4073.1,4092.4,4073.1,10509
2025-11-20 04:15:00,MSS,long,4076.7,4073.5,4082.0,4073.5,4082.0,10525
2025-11-20 04:45:00,MSS,short,4078.1,4081.4,4072.8,4081.4,4072.8,10530
2025-11-20 05:10:00,BOS,short,4076.4,4079.4,4071.6,4079.4,4071.6,10533
2025-11-20 05:30:00,MSS,long,4072.5,4065.4,4084.1,4065.4,4084.1,10538
2025-11-20 05:50:00,MSS,short,4080.7,4082.5,4077.7,4082.5,4077.7,10544
2025-11-20 07:00:00,MSS,long,4080.6,4076.4,4087.3,4076.4,4087.3,10546
2025-11-20 07:35:00,BOS,long,4090.2,4085.8,4097.4,4085.8,4097.4,10553
2025-11-20 08:35:00,MSS,short,4105.3,4108.3,4100.5,4108.3,4100.5,10565
2025-11-20 09:10:00,BOS,short,4103.0,4107.9,4095.0,4107.9,4095.0,10572
2025-11-20 09:35:00,BOS,short,4095.8,4099.0,4090.5,4099.0,4090.5,10576
2025-11-20 09:55:00,BOS,short,4091.6,4098.3,4080.8,4098.3,4080.8,10580
2025-11-20 10:40:00,MSS,long,4055.2,4051.8,4060.7,4051.8,4060.7,10590
2025-11-20 11:30:00,MSS,short,4074.1,4077.7,4068.4,4077.7,4068.4,10600
2025-11-20 12:30:00,BOS,short,4076.8,4078.5,4074.1,4078.5,4074.1,10610
2025-11-20 12:50:00,MSS,long,4074.2,4071.7,4078.3,4071.7,4078.3,10615
2025-11-20 13:00:00,MSS,short,4075.0,4079.2,4068.2,4079.2,4068.2,10618
2025-11-20 13:55:00,BOS,short,4070.2,4073.6,4064.6,4073.6,4064.6,10623
2025-11-20 14:05:00,MSS,long,4068.5,4063.5,4076.7,4063.5,4076.7,10631
2025-11-20 14:25:00,MSS,short,4069.4,4076.7,4057.6,4076.7,4057.6,10632
2025-11-20 15:05:00,MSS,long,4066.4,4061.6,4074.2,4061.6,4074.2,10641
2025-11-20 15:20:00,MSS,short,4069.0,4075.3,4058.8,4075.3,4058.8,10645
2025-11-20 15:40:00,BOS,short,4063.0,4066.7,4056.9,4066.7,4056.9,10649
2025-11-20 16:00:00,BOS,short,4059.2,4066.7,4047.0,4066.7,4047.0,10649
2025-11-20 16:50:00,MSS,long,4052.1,4048.8,4057.5,4048.8,4057.5,10663
2025-11-20 18:30:00,BOS,long,4060.4,4056.9,4066.0,4056.9,4066.0,10683
2025-11-20 19:00:00,MSS,short,4061.0,4066.0,4052.9,4066.0,4052.9,10685
2025-11-20 19:15:00,BOS,short,4055.1,4057.9,4050.6,4057.9,4050.6,10693
2025-11-20 19:35:00,MSS,long,4053.8,4049.7,4060.4,4049.7,4060.4,10695
2025-11-20 20:05:00,BOS,long,4060.2,4055.1,4068.4,4055.1,4068.4,10701
2025-11-20 20:50:00,BOS,long,4074.7,4071.2,4080.4,4071.2,4080.4,10708
2025-11-20 20:55:00,BOS,long,4075.2,4071.2,4081.7,4071.2,4081.7,10708
2025-11-20 21:30:00,MSS,short,4081.5,4091.0,4066.1,4091.0,4066.1,10720
2025-11-20 21:35:00,MSS,long,4077.7,4066.1,4096.4,4066.1,4096.4,10721
2025-11-20 22:40:00,BOS,long,4079.9,4073.2,4090.8,4073.2,4090.8,10733
2025-11-20 23:30:00,MSS,short,4090.3,4098.4,4077.1,4098.4,4077.1,10744
2025-11-20 23:55:00,BOS,short,4080.9,4088.5,4068.7,4088.5,4068.7,10748
2025-11-21 00:25:00,BOS,short,4074.3,4082.4,4061.3,4082.4,4061.3,10752
2025-11-21 00:40:00,BOS,short,4062.8,4067.1,4055.9,4067.1,4055.9,10758
2025-11-21 00:50:00,BOS,short,4061.3,4066.0,4053.8,4066.0,4053.8,10760
2025-11-21 01:50:00,MSS,long,4053.7,4048.4,4062.3,4048.4,4062.3,10770
2025-11-21 03:10:00,BOS,long,4060.9,4055.9,4069.1,4055.9,4069.1,10784
2025-11-21 04:05:00,MSS,short,4082.7,4085.5,4078.1,4085.5,4078.1,10798
2025-11-21 07:00:00,BOS,short,4076.6,4079.7,4071.7,4079.7,4071.7,10821
2025-11-21 07:10:00,MSS,long,4076.9,4071.7,4085.3,4071.7,4085.3,10823
2025-11-21 07:40:00,BOS,long,4081.1,4076.5,4088.6,4076.5,4088.6,10828
2025-11-21 08:20:00,MSS,short,4077.4,4081.2,4071.3,4081.2,4071.3,10837
2025-11-21 09:00:00,BOS,short,4073.6,4079.7,4063.8,4079.7,4063.8,10843
2025-11-21 09:25:00,BOS,short,4065.9,4068.8,4061.3,4068.8,4061.3,10851
2025-11-21 09:45:00,MSS,long,4063.4,4060.2,4068.6,4060.2,4068.6,10855
2025-11-21 10:15:00,MSS,short,4071.3,4075.0,4065.3,4075.0,4065.3,10861
2025-11-21 10:30:00,MSS,long,4070.6,4065.3,4079.1,4065.3,4079.1,10862
2025-11-21 10:50:00,MSS,short,4071.3,4079.1,4058.8,4079.1,4058.8,10865
2025-11-21 11:15:00,BOS,short,4053.2,4056.0,4048.8,4056.0,4048.8,10873
2025-11-21 12:05:00,MSS,long,4054.0,4051.0,4058.8,4051.0,4058.8,10883
2025-11-21 12:30:00,MSS,short,4054.9,4058.3,4049.5,4058.3,4049.5,10888
2025-11-21 13:35:00,BOS,short,4052.7,4055.9,4047.4,4055.9,4047.4,10901
2025-11-21 13:55:00,MSS,long,4044.9,4037.3,4057.3,4037.3,4057.3,10905
2025-11-21 14:25:00,MSS,short,4049.3,4063.4,4026.5,4063.4,4026.5,10907
2025-11-21 14:55:00,BOS,short,4035.2,4038.2,4030.3,4038.2,4030.3,10915
2025-11-21 16:10:00,MSS,long,4025.1,4019.0,4035.0,4019.0,4035.0,10931
2025-11-21 16:50:00,MSS,short,4040.8,4044.2,4035.4,4044.2,4035.4,10940
2025-11-21 17:00:00,MSS,long,4039.1,4035.4,4045.0,4035.4,4045.0,10941
2025-11-21 17:10:00,BOS,long,4043.7,4035.4,4057.0,4035.4,4057.0,10941
2025-11-21 17:35:00,MSS,short,4054.1,4057.0,4049.5,4057.0,4049.5,10949
2025-11-21 19:05:00,MSS,long,4037.0,4032.6,4044.1,4032.6,4044.1,10966
2025-11-21 19:45:00,MSS,short,4038.8,4044.1,4030.3,4044.1,4030.3,10968
2025-11-21 20:20:00,MSS,long,4035.7,4028.0,4048.1,4028.0,4048.1,10977
2025-11-21 20:30:00,BOS,long,4041.0,4028.0,4062.0,4028.0,4062.0,10977
2025-11-21 21:25:00,BOS,long,4061.7,4057.8,4067.9,4057.8,4067.9,10994
2025-11-21 21:40:00,BOS,long,4066.8,4064.2,4071.0,4064.2,4071.0,10998
2025-11-21 22:15:00,MSS,short,4077.7,4083.0,4069.0,4083.0,4069.0,11003
2025-11-21 22:50:00,MSS,long,4065.6,4060.2,4074.3,4060.2,4074.3,11012
2025-11-21 23:30:00,MSS,short,4071.2,4075.6,4064.1,4075.6,4064.1,11020
2025-11-22 00:30:00,MSS,long,4066.8,4061.7,4075.0,4061.7,4075.0,11028
2025-11-22 02:25:00,MSS,short,4081.8,4084.1,4078.1,4084.1,4078.1,11055
2025-11-22 02:45:00,MSS,long,4080.2,4075.7,4087.6,4075.7,4087.6,11059
2025-11-22 04:10:00,MSS,short,4085.2,4088.8,4079.5,4088.8,4079.5,11073
2025-11-22 04:55:00,MSS,long,4058.6,4053.5,4066.9,4053.5,4066.9,11085
2025-11-22 05:05:00,MSS,short,4061.4,4066.9,4052.5,4066.9,4052.5,11086
2025-11-24 07:05:00,MSS,long,4065.2,4060.6,4072.7,4060.6,4072.7,11097
2025-11-24 08:05:00,MSS,short,4067.2,4073.4,4057.2,4073.4,4057.2,11109
2025-11-24 08:40:00,MSS,long,4060.3,4058.5,4063.1,4058.5,4063.1,11118
2025-11-24 09:05:00,MSS,short,4063.7,4070.7,4052.3,4070.7,4052.3,11123
2025-11-24 09:50:00,BOS,short,4050.9,4054.1,4045.8,4054.1,4045.8,11130
2025-11-24 10:30:00,MSS,long,4043.5,4041.3,4047.0,4041.3,4047.0,11137
2025-11-24 10:45:00,MSS,short,4045.6,4048.8,4040.5,4048.8,4040.5,11142
2025-11-24 11:30:00,MSS,long,4044.6,4040.9,4050.5,4040.9,4050.5,11152
2025-11-24 12:10:00,BOS,long,4050.4,4045.3,4058.6,4045.3,4058.6,11158
2025-11-24 12:35:00,MSS,short,4052.4,4058.6,4042.4,4058.6,4042.4,11161
2025-11-24 13:40:00,MSS,long,4041.7,4039.0,4046.0,4039.0,4046.0,11177
2025-11-24 13:45:00,MSS,short,4042.8,4046.0,4037.7,4046.0,4037.7,11179
2025-11-24 14:00:00,MSS,long,4041.8,4037.7,4048.4,4037.7,4048.4,11180
2025-11-24 14:30:00,BOS,long,4048.0,4044.6,4053.5,4044.6,4053.5,11186
2025-11-24 15:25:00,MSS,short,4051.1,4052.9,4048.2,4052.9,4048.2,11198
2025-11-24 15:30:00,MSS,long,4051.3,4048.2,4056.3,4048.2,4056.3,11200
2025-11-24 17:05:00,BOS,long,4062.6,4059.2,4068.1,4059.2,4068.1,11218
2025-11-24 17:35:00,BOS,long,4066.2,4063.9,4069.8,4063.9,4069.8,11224
2025-11-24 18:00:00,BOS,long,4067.0,4062.6,4074.0,4062.6,4074.0,11229
2025-11-24 18:20:00,MSS,short,4070.2,4073.5,4064.9,4073.5,4064.9,11234
2025-11-24 18:55:00,BOS,short,4065.5,4068.3,4060.9,4068.3,4060.9,11239
2025-11-24 20:00:00,MSS,long,4067.2,4065.3,4070.3,4065.3,4070.3,11253
2025-11-24 20:30:00,BOS,long,4066.2,4062.5,4072.2,4062.5,4072.2,11257
2025-11-24 20:40:00,BOS,long,4068.5,4062.5,4078.1,4062.5,4078.1,11257
2025-11-24 21:40:00,MSS,short,4079.5,4084.0,4072.2,4084.0,4072.2,11273
2025-11-24 22:25:00,BOS,short,4077.4,4081.0,4071.7,4081.0,4071.7,11281
2025-11-24 22:35:00,BOS,short,4076.2,4081.0,4068.5,4081.0,4068.5,11281
2025-11-24 22:50:00,MSS,long,4072.3,4065.9,4082.6,4065.9,4082.6,11287
2025-11-25 00:10:00,BOS,long,4090.1,4087.4,4094.5,4087.4,4094.5,11302
2025-11-25 00:30:00,BOS,long,4090.6,4087.4,4095.9,4087.4,4095.9,11302
2025-11-25 01:05:00,MSS,short,4096.8,4098.9,4093.3,4098.9,4093.3,11315
2025-11-25 02:35:00,MSS,long,4096.2,4086.4,4112.1,4086.4,4112.1,11328
2025-11-25 02:50:00,BOS,long,4115.5,4109.0,4126.1,4109.0,4126.1,11336
2025-11-25 03:10:00,MSS,short,4120.3,4123.4,4115.2,4123.4,4115.2,11339
2025-11-25 04:10:00,MSS,long,4118.8,4116.8,4122.1,4116.8,4122.1,11350
2025-11-25 04:30:00,BOS,long,4124.1,4120.3,4130.3,4120.3,4130.3,11356
2025-11-25 05:35:00,BOS,long,4130.1,4129.0,4132.0,4129.0,4132.0,11369
2025-11-25 07:10:00,MSS,short,4131.8,4136.9,4123.6,4136.9,4123.6,11375
2025-11-25 07:40:00,MSS,long,4129.7,4126.8,4134.4,4126.8,4134.4,11381
2025-11-25 08:30:00,MSS,short,4135.0,4137.8,4130.6,4137.8,4130.6,11391
2025-11-25 08:55:00,BOS,short,4130.7,4134.6,4124.5,4134.6,4124.5,11395
2025-11-25 09:35:00,MSS,long,4126.4,4120.3,4136.3,4120.3,4136.3,11402
2025-11-25 10:00:00,BOS,long,4133.0,4129.8,4138.1,4129.8,4138.1,11410
2025-11-25 10:15:00,BOS,long,4136.9,4133.2,4143.0,4133.2,4143.0,11413
2025-11-25 12:00:00,MSS,short,4140.3,4142.7,4136.5,4142.7,4136.5,11430
2025-11-25 12:15:00,MSS,long,4139.6,4136.5,4144.7,4136.5,4144.7,11435
2025-11-25 12:45:00,MSS,short,4143.6,4145.7,4140.1,4145.7,4140.1,11442
2025-11-25 13:50:00,MSS,long,4143.0,4140.2,4147.5,4140.2,4147.5,11455
2025-11-25 14:05:00,BOS,long,4145.9,4143.6,4149.6,4143.6,4149.6,11459
2025-11-25 14:20:00,MSS,short,4146.0,4149.6,4140.1,4149.6,4140.1,11460
2025-11-25 14:40:00,BOS,short,4139.1,4141.0,4136.1,4141.0,4136.1,11465
2025-11-25 15:00:00,MSS,long,4138.5,4136.1,4142.4,4136.1,4142.4,11466
2025-11-25 15:25:00,MSS,short,4137.0,4140.8,4130.8,4140.8,4130.8,11475
2025-11-25 16:15:00,MSS,long,4131.6,4128.8,4136.2,4128.8,4136.2,11485
2025-11-25 16:30:00,MSS,short,4131.2,4135.1,4124.8,4135.1,4124.8,11488
2025-11-25 16:50:00,BOS,short,4118.6,4126.4,4106.1,4126.4,4106.1,11491
2025-11-25 18:00:00,MSS,long,4126.3,4122.6,4132.2,4122.6,4132.2,11505
2025-11-25 20:00:00,BOS,long,4129.6,4127.3,4133.3,4127.3,4133.3,11530
2025-11-25 20:15:00,BOS,long,4133.4,4132.0,4135.7,4132.0,4135.7,11533
2025-11-25 20:25:00,MSS,short,4133.2,4135.7,4129.2,4135.7,4129.2,11534
2025-11-25 20:40:00,BOS,short,4125.2,4132.8,4113.0,4132.8,4113.0,11538
2025-11-25 21:05:00,MSS,long,4120.9,4112.1,4135.2,4112.1,4135.2,11540
2025-11-25 21:45:00,BOS,long,4138.4,4134.2,4145.2,4134.2,4145.2,11548
2025-11-25 22:05:00,MSS,short,4142.8,4147.1,4135.8,4147.1,4135.8,11553
2025-11-25 22:25:00,BOS,short,4137.4,4142.3,4129.5,4142.3,4129.5,11557
2025-11-25 23:05:00,MSS,long,4118.8,4113.8,4126.9,4113.8,4126.9,11567
2025-11-25 23:50:00,MSS,short,4125.1,4129.3,4118.3,4129.3,4118.3,11576
2025-11-26 00:10:00,MSS,long,4121.0,4117.0,4127.6,4117.0,4127.6,11578
2025-11-26 00:45:00,MSS,short,4134.7,4137.3,4130.5,4137.3,4130.5,11587
2025-11-26 01:00:00,MSS,long,4137.2,4130.5,4148.0,4130.5,4148.0,11588
2025-11-26 01:30:00,BOS,long,4147.3,4141.8,4156.2,4141.8,4156.2,11594
2025-11-26 01:50:00,MSS,short,4150.1,4156.2,4140.3,4156.2,4140.3,11597
2025-11-26 02:35:00,BOS,short,4139.2,4143.4,4132.3,4143.4,4132.3,11609
2025-11-26 03:20:00,BOS,short,4133.2,4137.7,4126.0,4137.7,4126.0,11617
2025-11-26 03:55:00,MSS,long,4128.6,4126.3,4132.2,4126.3,4132.2,11623
2025-11-26 04:25:00,MSS,short,4133.6,4135.9,4130.0,4135.9,4130.0,11630
2025-11-26 05:00:00,BOS,short,4130.6,4134.4,4124.4,4134.4,4124.4,11635
2025-11-26 07:00:00,MSS,long,4128.5,4126.1,4132.3,4126.1,4132.3,11649
2025-11-26 08:00:00,BOS,long,4129.8,4128.0,4132.8,4128.0,4132.8,11660
2025-11-26 08:20:00,BOS,long,4132.0,4128.0,4138.4,4128.0,4138.4,11660
2025-11-26 08:45:00,MSS,short,4136.3,4138.1,4133.4,4138.1,4133.4,11671
2025-11-26 08:55:00,MSS,long,4135.4,4131.8,4141.3,4131.8,4141.3,11673
2025-11-26 09:20:00,BOS,long,4139.9,4137.0,4144.6,4137.0,4144.6,11677
2025-11-26 09:35:00,BOS,long,4142.8,4140.6,4146.3,4140.6,4146.3,11681
2025-11-26 10:05:00,BOS,long,4147.2,4144.8,4151.0,4144.8,4151.0,11687
2025-11-26 10:15:00,BOS,long,4149.4,4146.6,4153.9,4146.6,4153.9,11689
2025-11-26 11:10:00,BOS,long,4161.2,4157.9,4166.5,4157.9,4166.5,11699
2025-11-26 11:30:00,MSS,short,4162.4,4163.4,4160.9,4163.4,4160.9,11704
2025-11-26 11:35:00,MSS,long,4162.3,4160.9,4164.5,4160.9,4164.5,11705
2025-11-26 12:00:00,MSS,short,4162.0,4163.4,4159.8,4163.4,4159.8,11710
2025-11-26 12:50:00,MSS,long,4158.0,4156.1,4161.0,4156.1,4161.0,11720
2025-11-26 13:05:00,BOS,long,4160.5,4158.5,4163.8,4158.5,4163.8,11722
2025-11-26 13:30:00,MSS,short,4162.6,4165.2,4158.4,4165.2,4158.4,11728
2025-11-26 14:05:00,BOS,short,4159.9,4162.3,4156.1,4162.3,4156.1,11733
2025-11-26 14:30:00,BOS,short,4153.8,4156.4,4149.6,4156.4,4149.6,11739
2025-11-26 15:20:00,BOS,short,4149.7,4151.3,4147.0,4151.3,4147.0,11750
2025-11-26 15:30:00,MSS,long,4148.9,4147.0,4152.1,4147.0,4152.1,11751
2025-11-26 15:45:00,BOS,long,4152.6,4151.0,4155.2,4151.0,4155.2,11755
2025-11-26 16:05:00,BOS,long,4157.8,4154.4,4163.2,4154.4,4163.2,11758
2025-11-26 16:45:00,MSS,short,4160.5,4165.2,4152.9,4165.2,4152.9,11764
2025-11-26 17:30:00,MSS,long,4157.7,4156.3,4160.0,4156.3,4160.0,11776
2025-11-26 18:15:00,MSS,short,4159.8,4161.2,4157.5,4161.2,4157.5,11784
2025-11-26 18:30:00,BOS,short,4158.0,4161.0,4153.2,4161.0,4153.2,11787
2025-11-26 18:45:00,BOS,short,4155.9,4157.8,4152.9,4157.8,4152.9,11789
2025-11-26 19:15:00,MSS,long,4156.6,4154.6,4159.8,4154.6,4159.8,11795
2025-11-26 19:25:00,BOS,long,4157.5,4154.6,4162.3,4154.6,4162.3,11795
2025-11-26 20:25:00,MSS,short,4166.2,4171.4,4157.7,4171.4,4157.7,11806
2025-11-26 21:25:00,MSS,long,4158.2,4155.0,4163.3,4155.0,4163.3,11821
2025-11-26 21:40:00,MSS,short,4158.2,4163.3,4150.0,4163.3,4150.0,11823
2025-11-26 22:05:00,BOS,short,4147.5,4154.0,4137.0,4154.0,4137.0,11830
2025-11-26 22:30:00,MSS,long,4143.4,4139.0,4150.4,4139.0,4150.4,11835
2025-11-26 23:00:00,MSS,short,4142.9,4148.8,4133.3,4148.8,4133.3,11840
2025-11-26 23:10:00,MSS,long,4139.3,4133.3,4148.9,4133.3,4148.9,11842
2025-11-26 23:40:00,BOS,long,4143.8,4133.3,4160.7,4133.3,4160.7,11842
2025-11-26 23:55:00,BOS,long,4158.4,4155.5,4163.2,4155.5,4163.2,11852
2025-11-27 00:40:00,BOS,long,4160.8,4158.1,4165.1,4158.1,4165.1,11860
2025-11-27 01:20:00,BOS,long,4164.2,4162.3,4167.3,4162.3,4167.3,11868
2025-11-27 02:10:00,BOS,long,4167.0,4165.4,4169.5,4165.4,4169.5,11876
2025-11-27 02:30:00,MSS,short,4165.2,4169.5,4158.3,4169.5,4158.3,11877
2025-11-27 03:20:00,MSS,long,4163.5,4162.0,4166.0,4162.0,4166.0,11887
2025-11-27 03:40:00,MSS,short,4162.5,4164.1,4160.0,4164.1,4160.0,11890
2025-11-27 04:05:00,MSS,long,4160.9,4160.0,4162.3,4160.0,4162.3,11894
2025-11-27 04:45:00,MSS,short,4162.7,4163.5,4161.4,4163.5,4161.4,11899
2025-11-27 04:55:00,BOS,short,4162.4,4163.5,4160.6,4163.5,4160.6,11899
2025-11-27 05:35:00,MSS,long,4160.2,4158.8,4162.5,4158.8,4162.5,11906
2025-11-27 07:40:00,MSS,short,4160.7,4161.6,4159.3,4161.6,4159.3,11910
2025-11-27 07:45:00,MSS,long,4160.3,4159.3,4162.0,4159.3,4162.0,11911
2025-11-27 08:50:00,MSS,short,4160.7,4162.0,4158.5,4162.0,4158.5,11912
2025-11-27 09:55:00,MSS,long,4148.9,4146.8,4152.3,4146.8,4152.3,11923
2025-11-27 10:05:00,BOS,long,4152.6,4151.5,4154.3,4151.5,4154.3,11925
2025-11-27 10:25:00,MSS,short,4151.9,4154.3,4148.1,4154.3,4148.1,11926
2025-11-27 10:45:00,BOS,short,4150.7,4153.1,4146.7,4153.1,4146.7,11929
2025-11-27 12:05:00,BOS,short,4144.2,4146.1,4141.1,4146.1,4141.1,11933
2025-11-27 12:30:00,MSS,long,4143.2,4141.1,4146.7,4141.1,4146.7,11936
2025-11-27 13:40:00,MSS,short,4148.5,4149.5,4146.8,4149.5,4146.8,11944
2025-11-27 14:10:00,MSS,long,4146.3,4143.3,4151.1,4143.3,4151.1,11948
2025-11-27 14:25:00,BOS,long,4146.8,4143.3,4152.5,4143.3,4152.5,11948
2025-11-27 15:15:00,BOS,long,4156.0,4153.7,4159.7,4153.7,4159.7,11956
2025-11-27 16:15:00,BOS,long,4158.0,4156.6,4160.2,4156.6,4160.2,11960
2025-11-27 17:00:00,MSS,short,4159.7,4162.6,4155.0,4162.6,4155.0,11967
2025-11-27 18:40:00,BOS,short,4151.4,4152.0,4150.5,4152.0,4150.5,11975
2025-11-27 19:05:00,MSS,long,4151.7,4150.5,4153.7,4150.5,4153.7,11976
2025-11-27 20:55:00,MSS,short,4155.2,4155.9,4154.0,4155.9,4154.0,11981
2025-11-27 21:55:00,BOS,short,4152.9,4153.7,4151.7,4153.7,4151.7,11985
2025-11-27 22:35:00,MSS,long,4153.6,4151.7,4156.7,4151.7,4156.7,11988
2025-11-27 22:50:00,MSS,short,4154.6,4156.7,4151.2,4156.7,4151.2,11990
2025-11-28 00:25:00,BOS,short,4153.2,4156.0,4148.8,4156.0,4148.8,11993
2025-11-28 02:00:00,MSS,long,4153.7,4152.4,4155.8,4152.4,4155.8,11997
2025-11-28 07:00:00,BOS,long,4154.8,4153.3,4157.3,4153.3,4157.3,11999
2025-11-28 22:25:00,BOS,long,4190.4,4185.0,4199.2,4185.0,4199.2,12011
2025-11-28 22:40:00,BOS,long,4198.0,4196.2,4200.8,4196.2,4200.8,12015
2025-11-28 22:55:00,MSS,short,4198.6,4200.8,4195.1,4200.8,4195.1,12016
2025-11-28 23:10:00,BOS,short,4194.4,4198.0,4188.7,4198.0,4188.7,12018
2025-11-28 23:50:00,MSS,long,4192.4,4188.7,4198.3,4188.7,4198.3,12019
2025-11-29 01:40:00,BOS,long,4207.2,4205.3,4210.4,4205.3,4210.4,12024
2025-12-01 07:00:00,BOS,long,4223.7,4219.3,4230.7,4219.3,4230.7,12033
2025-12-01 07:05:00,MSS,short,4221.6,4230.7,4207.0,4230.7,4207.0,12035
2025-12-01 09:55:00,MSS,long,4235.7,4225.0,4253.0,4225.0,4253.0,12039
2025-12-01 10:25:00,MSS,short,4245.5,4248.0,4241.4,4248.0,4241.4,12043
2025-12-01 13:25:00,BOS,short,4229.2,4237.9,4215.0,4237.9,4215.0,12050
2025-12-01 14:45:00,MSS,long,4223.8,4215.0,4238.1,4215.0,4238.1,12051
2025-12-01 15:25:00,BOS,long,4238.6,4237.6,4240.1,4237.6,4240.1,12054
2025-12-01 18:55:00,BOS,long,4246.2,4240.9,4254.7,4240.9,4254.7,12060
2025-12-01 19:40:00,BOS,long,4255.0,4254.2,4256.4,4254.2,4256.4,12063
2025-12-01 20:00:00,MSS,short,4254.1,4256.4,4250.5,4256.4,4250.5,12064
2025-12-01 20:10:00,BOS,short,4249.9,4251.1,4248.0,4251.1,4248.0,12066
2025-12-01 20:15:00,MSS,long,4249.6,4248.0,4252.2,4248.0,4252.2,12067
2025-12-01 22:00:00,MSS,short,4254.6,4262.0,4242.7,4262.0,4242.7,12069
2025-12-01 22:35:00,BOS,short,4237.5,4246.1,4223.7,4246.1,4223.7,12074
2025-12-01 23:20:00,BOS,short,4229.9,4237.9,4217.0,4237.9,4217.0,12078
2025-12-02 01:55:00,MSS,long,4226.9,4225.0,4230.0,4225.0,4230.0,12088
2025-12-02 03:55:00,BOS,long,4229.7,4225.0,4237.2,4225.0,4237.2,12088
2025-12-02 07:10:00,MSS,short,4235.3,4237.0,4232.5,4237.0,4232.5,12093
2025-12-02 13:45:00,MSS,long,4215.5,4212.0,4221.2,4212.0,4221.2,12103
2025-12-02 14:20:00,MSS,short,4216.0,4221.2,4207.5,4221.2,4207.5,12105
2025-12-02 17:20:00,BOS,short,4204.1,4208.2,4197.5,4208.2,4197.5,12109
2025-12-02 18:20:00,BOS,short,4187.1,4189.0,4183.9,4189.0,4183.9,12115
2025-12-02 19:00:00,BOS,short,4184.6,4185.6,4183.1,4185.6,4183.1,12117
2025-12-02 19:15:00,MSS,long,4184.5,4183.1,4186.7,4183.1,4186.7,12118
2025-12-02 23:30:00,MSS,short,4205.4,4220.4,4181.1,4220.4,4181.1,12125
2025-12-03 04:30:00,MSS,long,4186.9,4177.7,4201.8,4177.7,4201.8,12131
2025-12-03 07:20:00,BOS,long,4199.1,4194.9,4206.0,4194.9,4206.0,12134
2025-12-03 17:05:00,MSS,short,4203.0,4204.8,4200.0,4204.8,4200.0,12144
2025-12-03 21:20:00,MSS,long,4204.1,4194.5,4219.6,4194.5,4219.6,12147
2025-12-04 05:30:00,MSS,short,4206.6,4207.8,4204.7,4207.8,4204.7,12151
2025-12-04 22:05:00,MSS,long,4194.2,4190.0,4201.0,4190.0,4201.0,12165
2025-12-04 23:05:00,MSS,short,4201.5,4206.2,4193.8,4206.2,4193.8,12172
2025-12-05 00:40:00,MSS,long,4199.3,4193.8,4208.2,4193.8,4208.2,12173
2025-12-05 12:05:00,BOS,long,4204.1,4199.8,4211.0,4199.8,4211.0,12175
2025-12-05 22:55:00,BOS,long,4230.9,4221.8,4245.7,4221.8,4245.7,12182
2025-12-05 23:40:00,BOS,long,4247.4,4241.5,4257.0,4241.5,4257.0,12184
2025-12-06 00:05:00,MSS,short,4250.1,4257.0,4239.0,4257.0,4239.0,12185
2025-12-08 10:30:00,BOS,short,4204.5,4209.1,4197.0,4209.1,4197.0,12194
2025-12-08 16:00:00,MSS,long,4201.3,4197.0,4208.3,4197.0,4208.3,12195
2025-12-08 23:05:00,MSS,short,4197.5,4208.3,4180.0,4208.3,4180.0,12197
2025-12-09 02:50:00,MSS,long,4184.2,4180.0,4191.1,4180.0,4191.1,12203
2025-12-09 14:00:00,MSS,short,4187.8,4194.0,4177.9,4194.0,4177.9,12206
2025-12-09 17:05:00,MSS,long,4187.9,4177.9,4204.0,4177.9,4204.0,12208
2025-12-09 22:20:00,MSS,short,4201.1,4205.2,4194.4,4205.2,4194.4,12216
2025-12-09 23:55:00,MSS,long,4202.1,4194.4,4214.5,4194.4,4214.5,12217
2025-12-10 09:35:00,BOS,long,4208.6,4204.0,4216.1,4204.0,4216.1,12220
2025-12-10 17:50:00,MSS,short,4207.8,4216.9,4193.2,4216.9,4193.2,12224
2025-12-11 02:35:00,BOS,short,4196.5,4198.7,4193.0,4198.7,4193.0,12227
2025-12-11 05:05:00,MSS,long,4206.9,4193.0,4229.3,4193.0,4229.3,12229
2025-12-11 23:50:00,BOS,long,4227.3,4204.7,4263.9,4204.7,4263.9,12234
2025-12-12 15:10:00,BOS,long,4286.1,4281.9,4292.8,4281.9,4292.8,12240
2025-12-12 23:25:00,MSS,short,4329.2,4347.4,4299.8,4347.4,4299.8,12249
2025-12-15 21:00:00,MSS,long,4304.0,4275.5,4350.0,4275.5,4350.0,12252
2025-12-16 15:10:00,MSS,short,4301.2,4312.5,4283.0,4312.5,4283.0,12259
2025-12-17 20:30:00,MSS,long,4310.8,4304.0,4321.7,4304.0,4321.7,12263
2025-12-18 09:25:00,MSS,short,4343.1,4350.0,4332.0,4350.0,4332.0,12268
2025-12-18 22:40:00,BOS,short,4338.7,4349.7,4321.0,4349.7,4321.0,12271
2025-12-19 11:00:00,BOS,short,4331.8,4339.7,4319.1,4339.7,4319.1,12274
2025-12-22 10:00:00,MSS,long,4346.9,4319.1,4391.9,4319.1,4391.9,12275
2025-12-22 11:45:00,BOS,long,4392.7,4388.2,4400.0,4388.2,4400.0,12277
2025-12-22 22:55:00,BOS,long,4425.0,4420.0,4433.0,4420.0,4433.0,12282
2025-12-26 22:20:00,BOS,long,4489.1,4457.9,4539.5,4457.9,4539.5,12295
2025-12-26 23:30:00,BOS,long,4544.9,4538.7,4555.0,4538.7,4555.0,12298
2025-12-29 07:30:00,MSS,short,4546.0,4547.0,4544.4,4547.0,4544.4,12302
2025-12-30 08:35:00,BOS,short,4363.1,4366.5,4357.6,4366.5,4357.6,12309
2025-12-30 09:00:00,BOS,short,4350.5,4356.0,4341.7,4356.0,4341.7,12315
2025-12-30 09:15:00,MSS,long,4346.4,4339.0,4358.4,4339.0,4358.4,12317
2025-12-30 09:40:00,BOS,long,4353.2,4346.3,4364.3,4346.3,4364.3,12322
2025-12-30 10:45:00,BOS,long,4367.1,4362.6,4374.5,4362.6,4374.5,12335
2025-12-30 11:20:00,BOS,long,4374.2,4370.5,4380.3,4370.5,4380.3,12341
2025-12-30 11:50:00,MSS,short,4376.5,4379.3,4371.9,4379.3,4371.9,12349
2025-12-30 12:20:00,MSS,long,4373.9,4371.7,4377.5,4371.7,4377.5,12353
2025-12-30 12:35:00,BOS,long,4378.6,4376.1,4382.7,4376.1,4382.7,12358
2025-12-30 13:05:00,MSS,short,4377.1,4379.4,4373.3,4379.4,4373.3,12364
2025-12-30 13:20:00,MSS,long,4379.0,4373.3,4388.3,4373.3,4388.3,12365
2025-12-30 14:15:00,MSS,short,4387.9,4391.0,4382.9,4391.0,4382.9,12378
2025-12-30 14:35:00,BOS,short,4381.0,4384.6,4375.1,4384.6,4375.1,12382
2025-12-30 15:10:00,MSS,long,4378.1,4374.5,4383.9,4374.5,4383.9,12389
2025-12-30 15:35:00,BOS,long,4384.1,4380.8,4389.4,4380.8,4389.4,12392
2025-12-30 16:00:00,MSS,short,4390.9,4398.5,4378.7,4398.5,4378.7,12398
2025-12-30 16:20:00,BOS,short,4384.8,4390.0,4376.3,4390.0,4376.3,12402
2025-12-30 16:50:00,MSS,long,4372.9,4369.2,4378.8,4369.2,4378.8,12409
2025-12-30 17:50:00,BOS,long,4384.9,4382.8,4388.3,4382.8,4388.3,12420
2025-12-30 18:10:00,BOS,long,4386.4,4383.4,4391.3,4383.4,4391.3,12425
2025-12-30 19:05:00,BOS,long,4398.5,4394.4,4405.2,4394.4,4405.2,12433
2025-12-30 19:45:00,MSS,short,4402.5,4405.3,4398.0,4405.3,4398.0,12441
2025-12-30 20:10:00,MSS,long,4402.8,4396.6,4412.8,4396.6,4412.8,12446
2025-12-30 20:35:00,BOS,long,4410.7,4407.5,4415.9,4407.5,4415.9,12453
2025-12-30 21:15:00,MSS,short,4415.2,4420.5,4406.6,4420.5,4406.6,12460
2025-12-30 21:30:00,BOS,short,4405.4,4413.7,4391.9,4413.7,4391.9,12465
2025-12-30 22:25:00,MSS,long,4400.3,4396.2,4407.0,4396.2,4407.0,12475
2025-12-30 22:35:00,MSS,short,4400.7,4407.8,4389.3,4407.8,4389.3,12478
2025-12-31 00:05:00,BOS,short,4381.7,4387.5,4372.2,4387.5,4372.2,12495
2025-12-31 00:55:00,MSS,long,4385.1,4378.3,4396.1,4378.3,4396.1,12503
2025-12-31 01:45:00,MSS,short,4387.7,4392.6,4379.7,4392.6,4379.7,12513
2025-12-31 03:30:00,BOS,short,4380.3,4382.9,4376.1,4382.9,4376.1,12537
2025-12-31 03:45:00,BOS,short,4374.8,4382.9,4361.7,4382.9,4361.7,12537
2025-12-31 04:30:00,MSS,long,4359.5,4353.0,4369.9,4353.0,4369.9,12545
2025-12-31 05:40:00,BOS,long,4362.6,4361.3,4364.8,4361.3,4364.8,12562
2025-12-31 05:50:00,MSS,short,4359.6,4364.8,4351.1,4364.8,4351.1,12564
2025-12-31 07:25:00,BOS,short,4353.5,4359.5,4343.9,4359.5,4343.9,12568
2025-12-31 08:25:00,BOS,short,4351.2,4355.2,4344.7,4355.2,4344.7,12584
2025-12-31 09:00:00,MSS,long,4353.8,4348.6,4362.3,4348.6,4362.3,12590
2025-12-31 09:20:00,BOS,long,4364.0,4360.8,4369.3,4360.8,4369.3,12595
2025-12-31 09:30:00,BOS,long,4368.9,4364.8,4375.5,4364.8,4375.5,12597
2025-12-31 10:10:00,MSS,short,4379.7,4383.4,4373.7,4383.4,4373.7,12605
2025-12-31 10:45:00,BOS,short,4376.2,4382.9,4365.4,4382.9,4365.4,12612
2025-12-31 11:20:00,BOS,short,4364.4,4371.7,4352.5,4371.7,4352.5,12618
2025-12-31 12:50:00,BOS,short,4357.1,4360.7,4351.4,4360.7,4351.4,12633
2025-12-31 13:40:00,BOS,short,4343.2,4354.4,4325.2,4354.4,4325.2,12645
2025-12-31 14:15:00,MSS,long,4296.8,4284.5,4316.8,4284.5,4316.8,12652
2025-12-31 14:25:00,BOS,long,4309.6,4303.2,4320.0,4303.2,4320.0,12655
2025-12-31 14:45:00,BOS,long,4324.2,4320.5,4330.3,4320.5,4330.3,12660
2025-12-31 15:10:00,BOS,long,4338.9,4335.9,4343.7,4335.9,4343.7,12665
2025-12-31 15:45:00,MSS,short,4343.6,4346.3,4339.3,4346.3,4339.3,12671
2025-12-31 16:05:00,BOS,short,4340.2,4344.6,4333.2,4344.6,4333.2,12676
2025-12-31 16:40:00,BOS,short,4335.6,4339.6,4329.0,4339.6,4329.0,12680
2025-12-31 17:20:00,MSS,long,4326.8,4322.8,4333.4,4322.8,4333.4,12691
2025-12-31 18:25:00,MSS,short,4338.9,4343.3,4331.9,4343.3,4331.9,12703
2025-12-31 19:45:00,MSS,long,4323.7,4320.6,4328.7,4320.6,4328.7,12720
2025-12-31 20:20:00,MSS,short,4320.4,4323.6,4315.1,4323.6,4315.1,12726
2025-12-31 20:35:00,MSS,long,4319.6,4314.6,4327.7,4314.6,4327.7,12729
2025-12-31 21:05:00,MSS,short,4325.9,4329.5,4320.2,4329.5,4320.2,12736
2025-12-31 21:20:00,MSS,long,4327.3,4320.2,4338.7,4320.2,4338.7,12737
2025-12-31 22:30:00,BOS,long,4352.3,4346.1,4362.2,4346.1,4362.2,12753
2025-12-31 23:05:00,MSS,short,4359.5,4367.8,4346.2,4367.8,4346.2,12759
2025-12-31 23:25:00,MSS,long,4345.2,4340.5,4352.7,4340.5,4352.7,12764
2026-01-01 00:10:00,MSS,short,4346.4,4353.3,4335.3,4353.3,4335.3,12772
2026-01-01 00:40:00,BOS,short,4339.5,4343.7,4332.6,4343.7,4332.6,12777
2026-01-01 01:30:00,MSS,long,4334.6,4331.5,4339.5,4331.5,4339.5,12788
2026-01-01 01:55:00,MSS,short,4338.0,4340.7,4333.7,4340.7,4333.7,12793
2026-01-01 02:10:00,MSS,long,4336.6,4333.7,4341.3,4333.7,4341.3,12795
2026-01-01 02:30:00,MSS,short,4338.7,4342.9,4331.9,4342.9,4331.9,12801
2026-01-01 03:30:00,BOS,short,4330.1,4333.7,4324.4,4333.7,4324.4,12812
2026-01-01 04:00:00,BOS,short,4323.2,4327.1,4316.8,4327.1,4316.8,12817
2026-01-01 04:10:00,MSS,long,4321.3,4316.8,4328.5,4316.8,4328.5,12820
2026-01-01 04:30:00,BOS,long,4330.1,4325.7,4337.3,4325.7,4337.3,12824
2026-01-01 04:50:00,MSS,short,4330.9,4337.8,4319.8,4337.8,4319.8,12828
2026-01-01 05:15:00,BOS,short,4325.7,4327.9,4322.1,4327.9,4322.1,12834
2026-01-01 05:35:00,MSS,long,4324.2,4320.6,4330.0,4320.6,4330.0,12836
2026-01-01 05:50:00,BOS,long,4329.2,4327.9,4331.4,4327.9,4331.4,12841
2026-01-02 07:20:00,BOS,long,4346.3,4341.6,4353.9,4341.6,4353.9,12847
2026-01-02 07:40:00,BOS,long,4348.3,4341.6,4359.1,4341.6,4359.1,12847
2026-01-02 07:50:00,BOS,long,4355.2,4351.6,4360.9,4351.6,4360.9,12852
2026-01-02 08:20:00,MSS,short,4362.2,4366.3,4355.5,4366.3,4355.5,12858
2026-01-02 08:45:00,MSS,long,4362.5,4359.7,4366.9,4359.7,4366.9,12864
2026-01-02 09:05:00,MSS,short,4365.2,4369.4,4358.3,4369.4,4358.3,12867
2026-01-02 09:45:00,MSS,long,4361.5,4358.9,4365.6,4358.9,4365.6,12876
2026-01-02 10:10:00,MSS,short,4363.1,4365.7,4358.9,4365.7,4358.9,12880
2026-01-02 10:35:00,MSS,long,4361.3,4358.2,4366.3,4358.2,4366.3,12885
2026-01-02 12:00:00,BOS,long,4386.7,4384.1,4390.9,4384.1,4390.9,12903
2026-01-02 13:05:00,BOS,long,4386.4,4383.5,4391.2,4383.5,4391.2,12916
2026-01-02 13:50:00,BOS,long,4392.3,4390.7,4394.8,4390.7,4394.8,12924
2026-01-02 14:00:00,MSS,short,4392.9,4394.8,4389.9,4394.8,4389.9,12926
2026-01-02 14:20:00,MSS,long,4388.8,4386.4,4392.6,4386.4,4392.6,12931
2026-01-02 15:05:00,MSS,short,4387.2,4388.6,4385.0,4388.6,4385.0,12940
2026-01-02 15:10:00,MSS,long,4387.0,4385.0,4390.3,4385.0,4390.3,12941
2026-01-02 15:20:00,MSS,short,4387.9,4390.3,4384.1,4390.3,4384.1,12942
2026-01-02 15:30:00,MSS,long,4387.2,4384.1,4392.3,4384.1,4392.3,12944
2026-01-02 15:55:00,BOS,long,4390.5,4387.3,4395.6,4387.3,4395.6,12949
2026-01-02 16:05:00,BOS,long,4394.6,4392.6,4397.9,4392.6,4397.9,12952
2026-01-02 16:30:00,BOS,long,4396.5,4393.6,4401.3,4393.6,4401.3,12956
2026-01-02 17:20:00,MSS,short,4400.6,4404.0,4395.1,4404.0,4395.1,12967
2026-01-02 17:55:00,BOS,short,4399.9,4401.7,4397.1,4401.7,4397.1,12973
2026-01-02 18:35:00,MSS,long,4400.9,4397.1,4407.0,4397.1,4407.0,12982
2026-01-02 19:35:00,MSS,short,4408.9,4412.0,4403.9,4412.0,4403.9,12993
2026-01-02 19:50:00,BOS,short,4406.3,4408.2,4403.1,4408.2,4403.1,12996
2026-01-02 20:05:00,MSS,long,4405.2,4402.9,4409.0,4402.9,4409.0,12999
2026-01-02 20:40:00,MSS,short,4405.5,4410.6,4397.3,4410.6,4397.3,13004
2026-01-02 21:10:00,MSS,long,4403.5,4397.3,4413.4,4397.3,4413.4,13008
2026-01-02 21:20:00,MSS,short,4405.9,4415.0,4391.1,4415.0,4391.1,13015
2026-01-02 22:30:00,BOS,short,4378.4,4385.9,4366.3,4385.9,4366.3,13028
2026-01-02 23:00:00,BOS,short,4366.7,4375.2,4353.0,4375.2,4353.0,13033
2026-01-03 00:00:00,BOS,short,4349.5,4358.4,4335.1,4358.4,4335.1,13045
2026-01-03 00:40:00,MSS,long,4330.7,4325.6,4339.0,4325.6,4339.0,13054
2026-01-03 01:55:00,MSS,short,4336.4,4338.7,4332.6,4338.7,4332.6,13069
2026-01-03 03:35:00,MSS,long,4330.1,4326.4,4336.0,4326.4,4336.0,13088
2026-01-03 04:15:00,BOS,long,4329.3,4327.3,4332.5,4327.3,4332.5,13096
2026-01-03 04:55:00,BOS,long,4337.8,4335.6,4341.4,4335.6,4341.4,13105
2026-01-03 05:50:00,BOS,long,4339.2,4337.0,4342.7,4337.0,4342.7,13116
2026-01-05 07:50:00,BOS,long,4371.5,4363.2,4384.9,4363.2,4384.9,13126
2026-01-05 08:10:00,BOS,long,4382.8,4378.8,4389.3,4378.8,4389.3,13133
2026-01-05 08:55:00,BOS,long,4398.9,4394.6,4405.8,4394.6,4405.8,13141
2026-01-05 10:05:00,MSS,short,4407.8,4414.4,4397.1,4414.4,4397.1,13156
2026-01-05 11:00:00,MSS,long,4412.9,4407.4,4421.9,4407.4,4421.9,13165
2026-01-05 11:55:00,MSS,short,4415.3,4419.7,4408.3,4419.7,4408.3,13176
2026-01-05 12:20:00,MSS,long,4410.7,4407.6,4415.6,4407.6,4415.6,13182
2026-01-05 13:10:00,BOS,long,4414.5,4412.0,4418.6,4412.0,4418.6,13191
2026-01-05 13:25:00,BOS,long,4418.3,4416.0,4422.0,4416.0,4422.0,13196
2026-01-05 13:40:00,MSS,short,4418.7,4423.6,4410.9,4423.6,4410.9,13198
2026-01-05 14:10:00,MSS,long,4417.3,4410.1,4428.9,4410.1,4428.9,13201
2026-01-05 15:40:00,BOS,long,4430.7,4428.1,4434.8,4428.1,4434.8,13221
2026-01-05 16:10:00,BOS,long,4431.5,4429.0,4435.5,4429.0,4435.5,13228
2026-01-05 16:45:00,BOS,long,4437.1,4433.5,4443.0,4433.5,4443.0,13234
2026-01-05 17:20:00,BOS,long,4439.9,4436.7,4445.0,4436.7,4445.0,13241
2026-01-05 17:40:00,BOS,long,4444.6,4441.7,4449.3,4441.7,4449.3,13247
2026-01-05 19:00:00,MSS,short,4448.4,4451.6,4443.1,4451.6,4443.1,13262
2026-01-05 19:15:00,BOS,short,4442.8,4445.4,4438.7,4445.4,4438.7,13266
2026-01-05 20:20:00,BOS,short,4429.6,4432.5,4424.9,4432.5,4424.9,13278
2026-01-05 21:20:00,BOS,short,4420.5,4424.8,4413.6,4424.8,4413.6,13291
2026-01-05 21:45:00,MSS,long,4414.4,4406.7,4426.9,4406.7,4426.9,13294
2026-01-05 21:55:00,BOS,long,4415.3,4406.7,4429.3,4406.7,4429.3,13294
2026-01-05 22:40:00,BOS,long,4433.3,4428.6,4441.0,4428.6,4441.0,13307
2026-01-06 00:45:00,BOS,long,4455.4,4450.9,4462.6,4450.9,4462.6,13330
2026-01-06 01:00:00,MSS,short,4457.6,4465.9,4444.2,4465.9,4444.2,13334
2026-01-06 01:40:00,BOS,short,4455.0,4459.2,4448.2,4459.2,4448.2,13343
2026-01-06 02:10:00,MSS,long,4454.8,4452.3,4458.8,4452.3,4458.8,13348
2026-01-06 02:25:00,MSS,short,4456.0,4459.4,4450.5,4459.4,4450.5,13351
2026-01-06 02:50:00,MSS,long,4455.5,4453.7,4458.4,4453.7,4458.4,13357
2026-01-06 03:05:00,MSS,short,4455.1,4460.7,4446.0,4460.7,4446.0,13360
2026-01-06 04:40:00,BOS,short,4454.2,4457.9,4448.3,4457.9,4448.3,13376
2026-01-06 05:45:00,MSS,long,4457.6,4456.3,4459.8,4456.3,4459.8,13392
2026-01-06 07:30:00,MSS,short,4462.6,4471.3,4448.6,4471.3,4448.6,13398
2026-01-06 08:30:00,BOS,short,4450.6,4453.0,4446.7,4453.0,4446.7,13411
2026-01-06 09:00:00,BOS,short,4444.7,4449.1,4437.5,4449.1,4437.5,13419
2026-01-06 09:10:00,MSS,long,4443.4,4437.5,4452.9,4437.5,4452.9,13420
2026-01-06 09:50:00,BOS,long,4452.1,4448.2,4458.4,4448.2,4458.4,13429
2026-01-06 11:05:00,BOS,long,4464.1,4461.3,4468.7,4461.3,4468.7,13443
2026-01-06 11:55:00,BOS,long,4476.5,4475.0,4478.9,4475.0,4478.9,13454
2026-01-06 12:40:00,MSS,short,4474.9,4477.0,4471.5,4477.0,4471.5,13462
2026-01-06 12:50:00,MSS,long,4474.0,4471.5,4478.0,4471.5,4478.0,13464
2026-01-06 13:30:00,BOS,long,4480.9,4478.2,4485.2,4478.2,4485.2,13473
2026-01-06 13:35:00,MSS,short,4480.8,4485.2,4473.8,4485.2,4473.8,13474
2026-01-06 14:25:00,MSS,long,4467.9,4465.6,4471.7,4465.6,4471.7,13483
2026-01-06 15:05:00,BOS,long,4474.8,4471.2,4480.6,4471.2,4480.6,13489
2026-01-06 15:50:00,MSS,short,4474.3,4477.1,4469.8,4477.1,4469.8,13498
2026-01-06 16:15:00,MSS,long,4472.5,4470.3,4476.0,4470.3,4476.0,13506
2026-01-06 17:00:00,MSS,short,4477.7,4480.2,4473.6,4480.2,4473.6,13515
2026-01-06 18:35:00,MSS,long,4461.2,4458.3,4466.0,4458.3,4466.0,13534
2026-01-06 19:20:00,BOS,long,4460.5,4458.5,4463.8,4458.5,4463.8,13543
2026-01-06 19:50:00,BOS,long,4470.4,4468.3,4473.7,4468.3,4473.7,13548
2026-01-06 20:15:00,MSS,short,4473.9,4475.4,4471.6,4475.4,4471.6,13552
2026-01-06 20:20:00,MSS,long,4473.4,4471.6,4476.4,4471.6,4476.4,13555
2026-01-06 20:35:00,MSS,short,4474.5,4477.1,4470.3,4477.1,4470.3,13558
2026-01-06 20:55:00,MSS,long,4472.1,4470.0,4475.4,4470.0,4475.4,13562
2026-01-06 21:10:00,BOS,long,4473.4,4470.1,4478.8,4470.1,4478.8,13564
2026-01-06 21:25:00,MSS,short,4476.1,4481.4,4467.5,4481.4,4467.5,13567
2026-01-06 21:50:00,MSS,long,4470.1,4466.9,4475.3,4466.9,4475.3,13573
2026-01-06 22:10:00,BOS,long,4471.3,4464.0,4483.0,4464.0,4483.0,13574
2026-01-06 22:30:00,BOS,long,4480.3,4474.6,4489.6,4474.6,4489.6,13580
2026-01-06 22:50:00,BOS,long,4491.3,4486.7,4498.7,4486.7,4498.7,13584
2026-01-06 23:15:00,MSS,short,4495.3,4501.8,4484.7,4501.8,4484.7,13588
2026-01-06 23:30:00,BOS,short,4486.6,4492.8,4476.6,4492.8,4476.6,13593
2026-01-07 00:25:00,MSS,long,4487.2,4481.7,4496.1,4481.7,4496.1,13601
2026-01-07 01:40:00,MSS,short,4496.5,4499.7,4491.4,4499.7,4491.4,13619
2026-01-07 01:50:00,MSS,long,4495.0,4491.4,4500.7,4491.4,4500.7,13620
2026-01-07 02:30:00,MSS,short,4499.8,4504.5,4492.3,4504.5,4492.3,13627
2026-01-07 04:10:00,MSS,long,4492.8,4489.8,4497.6,4489.8,4497.6,13646
2026-01-07 04:40:00,BOS,long,4496.6,4494.1,4500.6,4494.1,4500.6,13654
2026-01-07 04:55:00,BOS,long,4502.0,4498.7,4507.3,4498.7,4507.3,13658
2026-01-07 05:30:00,BOS,long,4503.8,4502.3,4506.3,4502.3,4506.3,13662
2026-01-07 05:45:00,BOS,long,4504.5,4502.3,4508.1,4502.3,4508.1,13662
2026-01-07 05:50:00,MSS,short,4507.0,4508.1,4505.1,4508.1,4505.1,13669
2026-01-07 07:00:00,MSS,long,4506.8,4504.8,4510.1,4504.8,4510.1,13671
2026-01-07 07:20:00,BOS,long,4507.8,4505.4,4511.6,4505.4,4511.6,13674
2026-01-07 07:45:00,MSS,short,4509.0,4512.2,4503.9,4512.2,4503.9,13677
2026-01-07 08:35:00,BOS,short,4502.6,4505.1,4498.5,4505.1,4498.5,13690
2026-01-07 09:05:00,BOS,short,4497.8,4507.1,4482.8,4507.1,4482.8,13696
2026-01-07 09:30:00,BOS,short,4485.1,4490.3,4476.7,4490.3,4476.7,13701
2026-01-07 10:05:00,MSS,long,4474.7,4470.2,4482.1,4470.2,4482.1,13708
2026-01-07 10:35:00,BOS,long,4483.1,4479.2,4489.3,4479.2,4489.3,13713
2026-01-07 11:15:00,BOS,long,4486.0,4482.6,4491.4,4482.6,4491.4,13722
2026-01-07 11:55:00,MSS,short,4487.9,4490.1,4484.4,4490.1,4484.4,13727
2026-01-07 12:25:00,BOS,short,4484.9,4490.1,4476.4,4490.1,4476.4,13727
2026-01-07 12:35:00,BOS,short,4478.5,4481.7,4473.2,4481.7,4473.2,13737
2026-01-07 13:05:00,MSS,long,4475.0,4473.4,4477.5,4473.4,4477.5,13744
2026-01-07 13:30:00,MSS,short,4473.7,4480.5,4462.8,4480.5,4462.8,13749
2026-01-07 14:30:00,BOS,short,4465.7,4470.1,4458.6,4470.1,4458.6,13760
2026-01-07 15:15:00,MSS,long,4455.8,4452.0,4461.9,4452.0,4461.9,13768
2026-01-07 16:05:00,BOS,long,4472.2,4470.2,4475.4,4470.2,4475.4,13780
2026-01-07 16:35:00,BOS,long,4476.8,4473.3,4482.4,4473.3,4482.4,13785
2026-01-07 17:00:00,MSS,short,4477.9,4480.5,4473.7,4480.5,4473.7,13790
2026-01-07 17:50:00,MSS,long,4471.9,4469.7,4475.4,4469.7,4475.4,13801
2026-01-07 18:25:00,MSS,short,4473.3,4476.5,4468.2,4476.5,4468.2,13807
2026-01-07 19:30:00,BOS,short,4470.4,4474.1,4464.5,4474.1,4464.5,13819
2026-01-07 19:55:00,BOS,short,4461.2,4464.3,4456.1,4464.3,4456.1,13826
2026-01-07 20:15:00,BOS,short,4458.5,4464.3,4449.2,4464.3,4449.2,13826
2026-01-07 20:25:00,MSS,long,4452.8,4448.5,4459.8,4448.5,4459.8,13832
2026-01-07 21:05:00,MSS,short,4451.1,4459.4,4437.8,4459.4,4437.8,13840
2026-01-07 21:50:00,MSS,long,4452.9,4447.4,4461.9,4447.4,4461.9,13847
2026-01-07 22:20:00,MSS,short,4459.1,4463.3,4452.2,4463.3,4452.2,13855
2026-01-07 23:10:00,BOS,short,4447.5,4454.8,4435.8,4454.8,4435.8,13865
2026-01-07 23:30:00,MSS,long,4443.4,4433.0,4460.2,4433.0,4460.2,13867
2026-01-08 00:20:00,BOS,long,4461.2,4454.7,4471.7,4454.7,4471.7,13879
2026-01-08 01:05:00,MSS,short,4475.3,4478.3,4470.5,4478.3,4470.5,13885
2026-01-08 01:40:00,BOS,short,4469.9,4472.1,4466.3,4472.1,4466.3,13894
2026-01-08 02:30:00,MSS,long,4460.8,4457.1,4466.8,4457.1,4466.8,13903
2026-01-08 03:15:00,MSS,short,4461.3,4465.3,4454.8,4465.3,4454.8,13913
2026-01-08 03:50:00,MSS,long,4463.8,4461.6,4467.4,4461.6,4467.4,13921
2026-01-08 04:15:00,BOS,long,4467.5,4465.0,4471.5,4465.0,4471.5,13926
2026-01-08 04:55:00,MSS,short,4466.3,4469.8,4460.7,4469.8,4460.7,13934
2026-01-08 05:50:00,MSS,long,4464.2,4463.0,4466.2,4463.0,4466.2,13945
2026-01-08 07:55:00,BOS,long,4470.0,4468.3,4472.8,4468.3,4472.8,13957
2026-01-08 08:20:00,MSS,short,4472.2,4475.3,4467.1,4475.3,4467.1,13963
2026-01-08 08:40:00,BOS,short,4464.3,4467.8,4458.7,4467.8,4458.7,13966
2026-01-08 09:05:00,MSS,long,4458.8,4452.6,4468.8,4452.6,4468.8,13972
2026-01-08 09:30:00,MSS,short,4465.3,4469.1,4459.2,4469.1,4459.2,13976
2026-01-08 10:30:00,BOS,short,4449.3,4452.5,4444.0,4452.5,4444.0,13989
2026-01-08 11:05:00,MSS,long,4446.0,4441.9,4452.6,4441.9,4452.6,13991
2026-01-08 12:35:00,MSS,short,4446.6,4448.9,4442.9,4448.9,4442.9,14010
2026-01-08 13:05:00,BOS,short,4439.4,4441.7,4435.6,4441.7,4435.6,14018
2026-01-08 13:40:00,BOS,short,4432.5,4438.0,4423.7,4438.0,4423.7,14024
2026-01-08 14:20:00,MSS,long,4429.0,4426.1,4433.8,4426.1,4433.8,14035
2026-01-08 15:05:00,BOS,long,4442.9,4439.9,4447.7,4439.9,4447.7,14044
2026-01-08 15:40:00,MSS,short,4443.1,4445.5,4439.1,4445.5,4439.1,14049
2026-01-08 16:00:00,BOS,short,4438.6,4442.0,4433.2,4442.0,4433.2,14055
2026-01-08 16:30:00,BOS,short,4437.5,4441.4,4431.1,4441.4,4431.1,14058
2026-01-08 17:10:00,BOS,short,4441.3,4443.3,4438.0,4443.3,4438.0,14068
2026-01-08 18:05:00,BOS,short,4439.2,4441.4,4435.7,4441.4,4435.7,14079
2026-01-08 18:15:00,BOS,short,4437.8,4441.4,4431.9,4441.4,4431.9,14079
2026-01-08 18:30:00,MSS,long,4433.9,4430.3,4439.7,4430.3,4439.7,14084
2026-01-08 19:05:00,MSS,short,4440.3,4442.1,4437.4,4442.1,4437.4,14091
2026-01-08 19:50:00,BOS,short,4434.6,4436.7,4431.2,4436.7,4431.2,14100
2026-01-08 20:25:00,MSS,long,4420.9,4415.2,4430.0,4415.2,4430.0,14107
2026-01-08 21:00:00,MSS,short,4436.0,4439.1,4430.9,4439.1,4430.9,14112
2026-01-08 21:20:00,MSS,long,4431.2,4425.0,4441.2,4425.0,4441.2,14118
2026-01-08 21:50:00,MSS,short,4439.9,4444.4,4432.6,4444.4,4432.6,14124
2026-01-08 22:20:00,MSS,long,4431.5,4427.6,4437.8,4427.6,4437.8,14131
2026-01-08 22:30:00,BOS,long,4433.1,4427.6,4442.0,4427.6,4442.0,14131
2026-01-08 22:45:00,BOS,long,4438.7,4433.7,4446.8,4433.7,4446.8,14136
2026-01-08 23:05:00,BOS,long,4443.0,4436.4,4453.7,4436.4,4453.7,14140
2026-01-08 23:50:00,MSS,short,4461.9,4464.9,4457.1,4464.9,4457.1,14149
2026-01-09 00:10:00,BOS,short,4463.3,4467.5,4456.4,4467.5,4456.4,14152
2026-01-09 00:30:00,MSS,long,4462.0,4456.2,4471.5,4456.2,4471.5,14155
2026-01-09 01:55:00,BOS,long,4470.5,4468.6,4473.6,4468.6,4473.6,14173
2026-01-09 02:00:00,MSS,short,4470.9,4473.6,4466.6,4473.6,4466.6,14175
2026-01-09 02:35:00,BOS,short,4462.3,4465.6,4457.0,4465.6,4457.0,14181
2026-01-09 03:05:00,BOS,short,4461.0,4464.4,4455.5,4464.4,4455.5,14185
2026-01-09 03:30:00,MSS,long,4457.6,4456.0,4460.1,4456.0,4460.1,14193
2026-01-09 04:00:00,BOS,long,4461.8,4458.4,4467.2,4458.4,4467.2,14198
2026-01-09 05:00:00,BOS,long,4485.1,4482.9,4488.6,4482.9,4488.6,14211
2026-01-09 07:45:00,MSS,short,4485.0,4486.8,4482.2,4486.8,4482.2,14232
2026-01-09 08:10:00,BOS,short,4484.7,4486.8,4481.3,4486.8,4481.3,14236
2026-01-09 08:50:00,BOS,short,4474.7,4478.1,4469.3,4478.1,4469.3,14242
2026-01-09 09:05:00,BOS,short,4470.2,4475.4,4461.8,4475.4,4461.8,14248
2026-01-09 09:40:00,MSS,long,4466.0,4461.9,4472.7,4461.9,4472.7,14252
2026-01-09 09:50:00,BOS,long,4467.7,4461.9,4477.2,4461.9,4477.2,14252
2026-01-09 10:35:00,MSS,short,4482.1,4485.0,4477.5,4485.0,4477.5,14266
2026-01-09 10:50:00,BOS,short,4479.9,4483.3,4474.3,4483.3,4474.3,14268
2026-01-09 12:10:00,BOS,short,4473.6,4475.2,4471.1,4475.2,4471.1,14284
2026-01-09 12:50:00,MSS,long,4471.5,4470.0,4473.9,4470.0,4473.9,14291
2026-01-09 13:20:00,MSS,short,4472.4,4475.8,4466.8,4475.8,4466.8,14295
2026-01-09 13:30:00,MSS,long,4471.8,4466.8,4479.8,4466.8,4479.8,14300
2026-01-09 14:25:00,BOS,long,4477.5,4474.4,4482.5,4474.4,4482.5,14310
2026-01-09 15:10:00,MSS,short,4482.7,4484.5,4479.7,4484.5,4479.7,14320
2026-01-09 15:35:00,MSS,long,4479.1,4477.6,4481.4,4477.6,4481.4,14325
2026-01-09 15:55:00,MSS,short,4480.8,4482.4,4478.1,4482.4,4478.1,14330
2026-01-09 16:05:00,MSS,long,4479.1,4475.1,4485.6,4475.1,4485.6,14332
2026-01-09 16:30:00,MSS,short,4482.3,4484.3,4479.0,4484.3,4479.0,14336
2026-01-09 17:15:00,MSS,long,4477.4,4472.6,4485.2,4472.6,4485.2,14342
2026-01-09 17:50:00,MSS,short,4481.6,4483.1,4479.2,4483.1,4479.2,14353
2026-01-09 18:25:00,BOS,short,4480.7,4482.8,4477.3,4482.8,4477.3,14358
2026-01-09 18:55:00,MSS,long,4478.0,4475.8,4481.6,4475.8,4481.6,14365
2026-01-09 19:45:00,BOS,long,4479.2,4477.9,4481.3,4477.9,4481.3,14376
2026-01-09 20:25:00,MSS,short,4484.3,4489.6,4475.6,4489.6,4475.6,14381
2026-01-09 21:00:00,MSS,long,4474.8,4472.1,4479.2,4472.1,4479.2,14391
2026-01-09 21:30:00,BOS,long,4480.8,4470.2,4498.0,4470.2,4498.0,14396
2026-01-09 22:10:00,BOS,long,4496.0,4489.7,4506.1,4489.7,4506.1,14405
2026-01-09 23:05:00,BOS,long,4496.4,4488.0,4510.0,4488.0,4510.0,14414
2026-01-10 01:05:00,BOS,long,4514.7,4511.3,4520.3,4511.3,4520.3,14436
2026-01-10 01:40:00,MSS,short,4516.5,4520.0,4510.9,4520.0,4510.9,14446
2026-01-10 02:30:00,MSS,long,4503.3,4498.6,4510.9,4498.6,4510.9,14456
2026-01-10 03:45:00,BOS,long,4507.3,4505.4,4510.3,4505.4,4510.3,14472
2026-01-10 04:10:00,BOS,long,4510.3,4506.6,4516.3,4506.6,4516.3,14476
2026-01-12 07:00:00,BOS,long,4522.7,4517.0,4532.0,4517.0,4532.0,14498
2026-01-12 07:40:00,BOS,long,4547.6,4543.2,4554.8,4543.2,4554.8,14507
2026-01-12 09:40:00,MSS,short,4591.1,4596.1,4583.0,4596.1,4583.0,14530
2026-01-12 10:30:00,MSS,long,4578.5,4576.0,4582.5,4576.0,4582.5,14539
2026-01-12 11:25:00,BOS,long,4590.3,4588.4,4593.3,4588.4,4593.3,14552
2026-01-12 11:30:00,MSS,short,4591.2,4593.3,4587.9,4593.3,4587.9,14553
2026-01-12 12:30:00,BOS,short,4580.7,4584.1,4575.2,4584.1,4575.2,14564
2026-01-12 13:15:00,MSS,long,4579.8,4577.0,4584.3,4577.0,4584.3,14572
2026-01-12 13:30:00,BOS,long,4581.9,4577.0,4589.7,4577.0,4589.7,14572
2026-01-12 14:50:00,BOS,long,4586.1,4583.1,4591.0,4583.1,4591.0,14592
2026-01-12 15:05:00,BOS,long,4588.5,4585.2,4593.8,4585.2,4593.8,14596
2026-01-12 16:45:00,BOS,long,4595.7,4589.7,4605.3,4589.7,4605.3,14611
2026-01-12 17:45:00,MSS,short,4605.1,4607.3,4601.5,4607.3,4601.5,14628
2026-01-12 18:05:00,BOS,short,4601.1,4603.7,4596.9,4603.7,4596.9,14632
2026-01-12 18:30:00,BOS,short,4601.6,4604.3,4597.2,4604.3,4597.2,14637
2026-01-12 18:55:00,MSS,long,4600.5,4597.2,4605.8,4597.2,4605.8,14638
2026-01-12 19:15:00,MSS,short,4603.3,4605.8,4599.2,4605.8,4599.2,14643
2026-01-12 20:05:00,BOS,short,4593.5,4596.9,4588.1,4596.9,4588.1,14656
2026-01-12 20:40:00,MSS,long,4591.4,4588.1,4596.8,4588.1,4596.8,14660
2026-01-12 21:25:00,MSS,short,4619.0,4621.9,4614.4,4621.9,4614.4,14672
2026-01-12 21:45:00,MSS,long,4620.0,4616.6,4625.5,4616.6,4625.5,14676
2026-01-12 22:00:00,MSS,short,4622.3,4630.8,4608.6,4630.8,4608.6,14679
2026-01-12 22:25:00,BOS,short,4604.4,4610.1,4595.1,4610.1,4595.1,14684
2026-01-12 22:35:00,MSS,long,4604.6,4595.1,4620.0,4595.1,4620.0,14685
2026-01-12 23:25:00,BOS,long,4624.4,4619.6,4632.2,4619.6,4632.2,14696
2026-01-13 00:10:00,BOS,long,4632.1,4627.2,4640.0,4627.2,4640.0,14704
2026-01-13 00:25:00,MSS,short,4636.3,4640.5,4629.6,4640.5,4629.6,14707
2026-01-13 00:35:00,BOS,short,4634.0,4640.5,4623.4,4640.5,4623.4,14707
2026-01-13 01:05:00,BOS,short,4626.3,4628.3,4623.1,4628.3,4623.1,14716
2026-01-13 01:50:00,MSS,long,4624.1,4620.0,4630.7,4620.0,4630.7,14723
2026-01-13 02:10:00,MSS,short,4625.8,4630.7,4618.0,4630.7,4618.0,14726
2026-01-13 03:05:00,MSS,long,4616.7,4613.4,4622.0,4613.4,4622.0,14738
2026-01-13 03:25:00,BOS,long,4624.3,4622.4,4627.3,4622.4,4627.3,14744
2026-01-13 03:55:00,MSS,short,4625.0,4628.9,4618.7,4628.9,4618.7,14746
2026-01-13 04:40:00,BOS,short,4609.8,4614.5,4602.3,4614.5,4602.3,14758
2026-01-13 05:40:00,BOS,short,4602.8,4604.9,4599.3,4604.9,4599.3,14770
2026-01-13 05:55:00,MSS,long,4602.5,4598.8,4608.5,4598.8,4608.5,14773
2026-01-13 07:10:00,MSS,short,4605.1,4616.8,4586.3,4616.8,4586.3,14776
2026-01-13 07:30:00,MSS,long,4598.9,4598.8,4599.1,4598.8,4599.1,14773
2026-01-13 08:25:00,MSS,short,4601.4,4604.5,4596.5,4604.5,4596.5,14791
2026-01-13 09:00:00,BOS,short,4596.8,4601.0,4590.0,4601.0,4590.0,14799
2026-01-13 09:30:00,BOS,short,4596.7,4604.6,4584.0,4604.6,4584.0,14802
2026-01-13 10:05:00,MSS,long,4590.5,4585.0,4599.4,4585.0,4599.4,14812
2026-01-13 10:25:00,MSS,short,4596.5,4599.4,4591.8,4599.4,4591.8,14813
2026-01-13 10:35:00,MSS,long,4593.9,4591.8,4597.2,4591.8,4597.2,14817
2026-01-13 11:40:00,MSS,short,4605.5,4607.4,4602.4,4607.4,4602.4,14831
2026-01-13 12:15:00,MSS,long,4604.0,4601.4,4608.3,4601.4,4608.3,14834
2026-01-13 13:05:00,MSS,short,4604.9,4607.7,4600.4,4607.7,4600.4,14848
2026-01-13 13:25:00,MSS,long,4604.3,4600.4,4610.5,4600.4,4610.5,14849
2026-01-13 13:30:00,MSS,short,4604.2,4610.5,4593.9,4610.5,4593.9,14853
2026-01-13 14:05:00,BOS,short,4601.6,4604.8,4596.3,4604.8,4596.3,14857
2026-01-13 14:20:00,BOS,short,4598.1,4601.0,4593.5,4601.0,4593.5,14861
2026-01-13 15:05:00,MSS,long,4590.2,4587.8,4594.2,4587.8,4594.2,14871
2026-01-13 15:50:00,MSS,short,4591.6,4595.2,4585.7,4595.2,4585.7,14878
2026-01-13 16:05:00,MSS,long,4589.8,4585.6,4596.7,4585.6,4596.7,14883
2026-01-13 16:30:00,BOS,long,4596.9,4593.5,4602.3,4593.5,4602.3,14887
2026-01-13 17:00:00,MSS,short,4602.6,4605.4,4598.2,4605.4,4598.2,14891
2026-01-13 17:25:00,BOS,short,4601.1,4603.9,4596.7,4603.9,4596.7,14899
2026-01-13 17:40:00,MSS,long,4598.3,4596.7,4601.0,4596.7,4601.0,14901
2026-01-13 17:50:00,MSS,short,4598.6,4601.0,4594.6,4601.0,4594.6,14904
2026-01-13 18:40:00,MSS,long,4593.1,4590.4,4597.4,4590.4,4597.4,14914
2026-01-13 19:15:00,MSS,short,4595.1,4597.8,4590.8,4597.8,4590.8,14920
2026-01-13 19:40:00,MSS,long,4595.8,4593.9,4598.8,4593.9,4598.8,14927
2026-01-13 20:05:00,MSS,short,4596.1,4597.8,4593.3,4597.8,4593.3,14932
2026-01-13 20:45:00,MSS,long,4590.9,4586.1,4598.6,4586.1,4598.6,14937
2026-01-13 21:05:00,BOS,long,4602.0,4598.8,4607.2,4598.8,4607.2,14944
2026-01-13 22:20:00,BOS,long,4621.8,4615.4,4632.1,4615.4,4632.1,14955
2026-01-13 22:40:00,BOS,long,4625.4,4619.4,4635.0,4619.4,4635.0,14962
2026-01-13 23:15:00,MSS,short,4625.6,4634.0,4612.1,4634.0,4612.1,14970
2026-01-13 23:55:00,MSS,long,4624.5,4621.5,4629.3,4621.5,4629.3,14978
2026-01-14 00:05:00,MSS,short,4624.1,4629.4,4615.4,4629.4,4615.4,14980
2026-01-14 01:45:00,BOS,short,4616.7,4620.8,4610.1,4620.8,4610.1,14999
2026-01-14 02:35:00,MSS,long,4596.4,4589.3,4607.8,4589.3,4607.8,15008
2026-01-14 03:30:00,BOS,long,4597.2,4592.4,4604.9,4592.4,4604.9,15016
2026-01-14 04:25:00,MSS,short,4600.2,4603.2,4595.4,4603.2,4595.4,15032
2026-01-14 07:00:00,MSS,long,4596.1,4593.7,4599.9,4593.7,4599.9,15051
2026-01-14 08:00:00,BOS,long,4604.2,4600.2,4610.8,4600.2,4610.8,15060
2026-01-14 08:25:00,BOS,long,4613.1,4610.2,4617.8,4610.2,4617.8,15068
2026-01-14 08:45:00,MSS,short,4616.0,4618.3,4612.3,4618.3,4612.3,15072
2026-01-14 09:00:00,MSS,long,4616.5,4612.3,4623.2,4612.3,4623.2,15073
2026-01-14 09:50:00,BOS,long,4623.6,4621.2,4627.6,4621.2,4627.6,15085
2026-01-14 10:35:00,BOS,long,4625.0,4621.9,4630.1,4621.9,4630.1,15089
2026-01-14 11:00:00,BOS,long,4628.0,4625.8,4631.5,4625.8,4631.5,15094
2026-01-14 11:25:00,MSS,short,4626.9,4630.2,4621.6,4630.2,4621.6,15103
2026-01-14 11:35:00,MSS,long,4626.1,4621.6,4633.5,4621.6,4633.5,15105
2026-01-14 12:25:00,MSS,short,4636.2,4638.4,4632.6,4638.4,4632.6,15115
2026-01-14 13:00:00,MSS,long,4639.7,4635.3,4646.8,4635.3,4646.8,15123
2026-01-14 13:30:00,BOS,long,4641.8,4638.3,4647.5,4638.3,4647.5,15128
2026-01-14 13:50:00,MSS,short,4644.4,4646.9,4640.4,4646.9,4640.4,15133
2026-01-14 14:30:00,BOS,short,4639.0,4642.4,4633.4,4642.4,4633.4,15141
2026-01-14 14:55:00,MSS,long,4640.4,4637.7,4644.8,4637.7,4644.8,15146
2026-01-14 15:55:00,MSS,short,4643.2,4645.5,4639.5,4645.5,4639.5,15156
2026-01-14 16:00:00,BOS,short,4642.6,4645.5,4637.8,4645.5,4637.8,15156
2026-01-14 16:30:00,MSS,long,4631.6,4628.4,4636.8,4628.4,4636.8,15165
2026-01-14 17:35:00,MSS,short,4643.1,4646.8,4637.1,4646.8,4637.1,15175
2026-01-14 18:15:00,MSS,long,4638.5,4635.7,4643.0,4635.7,4643.0,15186
2026-01-14 19:25:00,MSS,short,4642.2,4645.3,4637.2,4645.3,4637.2,15199
2026-01-14 20:00:00,MSS,long,4638.5,4634.0,4645.7,4634.0,4645.7,15206
2026-01-14 20:55:00,BOS,long,4644.7,4641.5,4650.0,4641.5,4650.0,15217
2026-01-14 21:05:00,MSS,short,4645.1,4650.0,4637.3,4650.0,4637.3,15219
2026-01-14 21:40:00,MSS,long,4636.7,4631.6,4645.0,4631.6,4645.0,15226
2026-01-14 22:35:00,MSS,short,4637.5,4645.8,4624.2,4645.8,4624.2,15236
2026-01-14 23:00:00,BOS,short,4619.7,4626.3,4609.0,4626.3,4609.0,15243
2026-01-14 23:15:00,MSS,long,4615.2,4605.8,4630.5,4605.8,4630.5,15245
2026-01-15 00:20:00,BOS,long,4624.9,4621.5,4630.3,4621.5,4630.3,15258
2026-01-15 00:45:00,MSS,short,4626.5,4631.7,4618.0,4631.7,4618.0,15261
2026-01-15 01:20:00,BOS,short,4620.2,4624.2,4613.6,4624.2,4613.6,15270
2026-01-15 01:40:00,BOS,short,4614.7,4619.1,4607.7,4619.1,4607.7,15274
2026-01-15 01:50:00,MSS,long,4612.6,4607.7,4620.5,4607.7,4620.5,15276
2026-01-15 02:10:00,BOS,long,4616.5,4607.7,4630.7,4607.7,4630.7,15276
2026-01-15 03:40:00,BOS,long,4644.0,4641.6,4647.8,4641.6,4647.8,15297
2026-01-15 04:00:00,MSS,short,4643.3,4648.9,4634.2,4648.9,4634.2,15302
2026-01-15 05:10:00,BOS,short,4636.7,4640.2,4631.0,4640.2,4631.0,15314
2026-01-15 05:30:00,BOS,short,4631.0,4633.7,4626.6,4633.7,4626.6,15320
2026-01-15 05:50:00,MSS,long,4627.9,4624.0,4634.3,4624.0,4634.3,15324
2026-01-15 07:05:00,MSS,short,4630.7,4639.3,4616.7,4639.3,4616.7,15328
2026-01-15 07:20:00,BOS,short,4618.8,4623.0,4611.9,4623.0,4611.9,15331
2026-01-15 07:55:00,MSS,long,4612.2,4607.0,4620.6,4607.0,4620.6,15336
2026-01-15 08:40:00,MSS,short,4620.9,4622.8,4617.7,4622.8,4617.7,15346
2026-01-15 09:00:00,BOS,short,4618.0,4622.2,4611.2,4622.2,4611.2,15351
2026-01-15 09:15:00,BOS,short,4616.4,4622.2,4607.1,4622.2,4607.1,15353
2026-01-15 10:05:00,MSS,long,4606.7,4601.5,4615.1,4601.5,4615.1,15364
2026-01-15 10:35:00,MSS,short,4615.0,4619.0,4608.4,4619.0,4608.4,15370
2026-01-15 11:10:00,BOS,short,4603.2,4609.0,4593.7,4609.0,4593.7,15375
2026-01-15 12:00:00,BOS,short,4597.5,4601.5,4591.1,4601.5,4591.1,15383
2026-01-15 12:20:00,MSS,long,4594.6,4590.6,4601.2,4590.6,4601.2,15389
2026-01-15 12:40:00,MSS,short,4597.1,4599.8,4592.7,4599.8,4592.7,15395
2026-01-15 13:10:00,BOS,short,4596.0,4599.1,4591.1,4599.1,4591.1,15398
2026-01-15 13:25:00,MSS,long,4589.4,4584.8,4596.8,4584.8,4596.8,15403
2026-01-15 13:50:00,BOS,long,4591.6,4584.9,4602.4,4584.9,4602.4,15407
2026-01-15 14:45:00,BOS,long,4607.8,4604.3,4613.5,4604.3,4613.5,15418
2026-01-15 15:15:00,BOS,long,4613.2,4610.2,4618.0,4610.2,4618.0,15425
2026-01-15 15:35:00,MSS,short,4612.9,4615.9,4608.1,4615.9,4608.1,15430
2026-01-15 17:30:00,MSS,long,4607.0,4604.8,4610.5,4604.8,4610.5,15449
2026-01-15 18:20:00,BOS,long,4615.9,4613.4,4620.0,4613.4,4620.0,15460
2026-01-15 18:35:00,BOS,long,4617.5,4614.4,4622.4,4614.4,4622.4,15466
2026-01-15 19:45:00,MSS,short,4624.3,4627.2,4619.5,4627.2,4619.5,15479
2026-01-15 20:10:00,BOS,short,4622.5,4624.9,4618.5,4624.9,4618.5,15484
2026-01-15 20:45:00,BOS,short,4620.7,4622.8,4617.3,4622.8,4617.3,15492
2026-01-15 21:00:00,BOS,short,4619.4,4622.8,4613.9,4622.8,4613.9,15492
2026-01-15 21:30:00,BOS,short,4607.7,4613.9,4597.7,4613.9,4597.7,15501
2026-01-15 22:05:00,MSS,long,4591.6,4586.3,4600.3,4586.3,4600.3,15508
2026-01-15 22:30:00,BOS,long,4597.5,4586.3,4615.7,4586.3,4615.7,15508
2026-01-15 22:50:00,BOS,long,4609.3,4603.8,4618.3,4603.8,4618.3,15517
2026-01-15 23:15:00,BOS,long,4613.5,4608.1,4622.3,4608.1,4622.3,15521
2026-01-15 23:40:00,MSS,short,4619.1,4622.3,4613.8,4622.3,4613.8,15526
2026-01-16 00:10:00,MSS,long,4618.8,4613.0,4628.1,4613.0,4628.1,15533
2026-01-16 00:35:00,MSS,short,4622.7,4630.0,4611.0,4630.0,4611.0,15535
2026-01-16 01:15:00,MSS,long,4610.3,4605.8,4617.5,4605.8,4617.5,15542
2026-01-16 01:30:00,BOS,long,4616.8,4615.1,4619.5,4615.1,4619.5,15549
2026-01-16 02:00:00,BOS,long,4621.1,4618.5,4625.3,4618.5,4625.3,15554
2026-01-16 02:30:00,MSS,short,4623.0,4626.2,4617.8,4626.2,4617.8,15560
2026-01-16 03:35:00,BOS,short,4623.1,4625.4,4619.4,4625.4,4619.4,15573
2026-01-16 04:00:00,BOS,short,4619.2,4620.8,4616.5,4620.8,4616.5,15579
2026-01-16 04:15:00,BOS,short,4614.6,4620.8,4604.5,4620.8,4604.5,15579
2026-01-16 05:05:00,MSS,long,4610.6,4607.2,4616.2,4607.2,4616.2,15591
2026-01-16 05:40:00,BOS,long,4618.5,4617.6,4620.0,4617.6,4620.0,15599
2026-01-16 07:00:00,BOS,long,4620.3,4617.7,4624.4,4617.7,4624.4,15602
2026-01-16 07:20:00,MSS,short,4621.7,4625.3,4615.9,4625.3,4615.9,15605
2026-01-16 08:05:00,BOS,short,4612.1,4615.0,4607.4,4615.0,4607.4,15615
2026-01-16 08:35:00,BOS,short,4611.6,4615.3,4605.7,4615.3,4605.7,15620
2026-01-16 09:05:00,MSS,long,4601.9,4597.9,4608.5,4597.9,4608.5,15628
2026-01-16 09:25:00,BOS,long,4606.4,4603.4,4611.2,4603.4,4611.2,15631
2026-01-16 09:55:00,MSS,short,4609.0,4612.5,4603.3,4612.5,4603.3,15636
2026-01-16 10:10:00,BOS,short,4605.1,4607.7,4600.8,4607.7,4600.8,15640
2026-01-16 10:30:00,BOS,short,4603.6,4607.6,4597.2,4607.6,4597.2,15644
2026-01-16 12:00:00,MSS,long,4599.7,4598.3,4601.9,4598.3,4601.9,15661
2026-01-16 12:55:00,BOS,long,4603.5,4602.2,4605.7,4602.2,4605.7,15674
2026-01-16 13:10:00,MSS,short,4603.0,4605.7,4598.6,4605.7,4598.6,15675
2026-01-16 13:35:00,MSS,long,4602.7,4599.7,4607.6,4599.7,4607.6,15682
2026-01-16 14:40:00,MSS,short,4607.3,4612.2,4599.5,4612.2,4599.5,15694
2026-01-16 15:10:00,MSS,long,4604.4,4597.1,4616.1,4597.1,4616.1,15697
2026-01-16 15:40:00,MSS,short,4612.0,4616.0,4605.5,4616.0,4605.5,15707
2026-01-16 16:40:00,BOS,short,4611.3,4614.7,4605.9,4614.7,4605.9,15717
2026-01-16 17:20:00,BOS,short,4609.4,4612.4,4604.5,4612.4,4604.5,15725
2026-01-16 18:15:00,MSS,long,4607.4,4603.7,4613.5,4603.7,4613.5,15734
2026-01-16 18:50:00,MSS,short,4610.3,4612.6,4606.6,4612.6,4606.6,15745
2026-01-16 19:15:00,MSS,long,4606.4,4602.2,4613.2,4602.2,4613.2,15748
2026-01-16 20:20:00,MSS,short,4614.1,4617.3,4609.0,4617.3,4609.0,15763
2026-01-16 20:50:00,BOS,short,4606.5,4609.7,4601.4,4609.7,4601.4,15768
2026-01-16 21:05:00,BOS,short,4606.6,4610.0,4601.0,4610.0,4601.0,15772
2026-01-16 21:45:00,MSS,long,4598.9,4594.4,4606.2,4594.4,4606.2,15780
2026-01-16 22:00:00,BOS,long,4599.4,4594.4,4607.6,4594.4,4607.6,15780
2026-01-16 22:10:00,BOS,long,4606.0,4602.0,4612.5,4602.0,4612.5,15784
2026-01-16 22:25:00,MSS,short,4609.0,4613.2,4602.1,4613.2,4602.1,15787
2026-01-16 22:45:00,MSS,long,4606.9,4599.7,4618.6,4599.7,4618.6,15790
2026-01-16 23:00:00,BOS,long,4614.2,4610.8,4619.6,4610.8,4619.6,15795
2026-01-16 23:15:00,MSS,short,4617.3,4624.7,4605.2,4624.7,4605.2,15797
2026-01-17 00:45:00,BOS,short,4598.8,4604.0,4590.3,4604.0,4590.3,15816
2026-01-17 01:25:00,BOS,short,4591.5,4597.9,4581.1,4597.9,4581.1,15821
2026-01-17 02:00:00,MSS,long,4588.4,4585.0,4593.8,4585.0,4593.8,15831
2026-01-17 03:40:00,BOS,long,4590.0,4586.0,4596.6,4586.0,4596.6,15847
2026-01-17 04:25:00,MSS,short,4597.2,4600.3,4592.1,4600.3,4592.1,15857
2026-01-17 04:50:00,MSS,long,4590.8,4588.8,4594.0,4588.8,4594.0,15865
2026-01-17 04:55:00,MSS,short,4591.1,4594.0,4586.5,4594.0,4586.5,15866
2026-01-17 05:15:00,MSS,long,4592.8,4587.1,4602.1,4587.1,4602.1,15869
2026-01-19 08:15:00,MSS,short,4678.8,4685.7,4667.6,4685.7,4667.6,15891
2026-01-19 09:00:00,BOS,short,4681.7,4685.7,4675.3,4685.7,4675.3,15903
2026-01-19 10:00:00,BOS,short,4669.1,4674.8,4659.9,4674.8,4659.9,15914
2026-01-19 11:00:00,MSS,long,4666.2,4661.5,4673.8,4661.5,4673.8,15925
2026-01-19 11:45:00,MSS,short,4670.3,4672.8,4666.2,4672.8,4666.2,15936
2026-01-19 12:10:00,MSS,long,4666.6,4665.0,4669.3,4665.0,4669.3,15940
2026-01-19 13:00:00,BOS,long,4671.8,4669.3,4675.8,4669.3,4675.8,15951
2026-01-19 13:20:00,BOS,long,4672.7,4669.3,4678.2,4669.3,4678.2,15951
2026-01-19 13:35:00,MSS,short,4677.5,4680.3,4672.9,4680.3,4672.9,15958
2026-01-19 14:20:00,MSS,long,4675.8,4674.1,4678.6,4674.1,4678.6,15967
2026-01-19 14:30:00,BOS,long,4677.4,4675.3,4680.9,4675.3,4680.9,15969
2026-01-19 14:55:00,BOS,long,4679.9,4677.1,4684.5,4677.1,4684.5,15972
2026-01-19 15:10:00,MSS,short,4679.8,4683.8,4673.3,4683.8,4673.3,15977
2026-01-19 16:05:00,MSS,long,4671.0,4666.7,4678.0,4666.7,4678.0,15987
2026-01-19 16:45:00,MSS,short,4673.0,4674.5,4670.7,4674.5,4670.7,15996
2026-01-19 17:10:00,MSS,long,4670.2,4666.4,4676.3,4666.4,4676.3,15999
2026-01-19 18:10:00,BOS,long,4672.9,4671.4,4675.2,4671.4,4675.2,16012
2026-01-19 18:25:00,MSS,short,4673.9,4676.0,4670.5,4676.0,4670.5,16015
2026-01-19 18:40:00,BOS,short,4669.9,4672.2,4666.1,4672.2,4666.1,16019
2026-01-19 19:25:00,MSS,long,4668.6,4666.5,4672.0,4666.5,4672.0,16027
2026-01-19 20:15:00,BOS,long,4669.4,4664.7,4676.9,4664.7,4676.9,16035
2026-01-19 20:30:00,BOS,long,4669.8,4664.7,4678.1,4664.7,4678.1,16035
2026-01-19 21:40:00,MSS,short,4676.0,4678.9,4671.2,4678.9,4671.2,16054
2026-01-19 22:35:00,BOS,short,4673.1,4675.7,4668.9,4675.7,4668.9,16066
2026-01-19 23:05:00,MSS,long,4672.0,4669.6,4675.9,4669.6,4675.9,16072
2026-01-19 23:35:00,BOS,long,4671.6,4669.5,4675.0,4669.5,4675.0,16076
2026-01-20 00:35:00,BOS,long,4676.9,4675.7,4678.8,4675.7,4678.8,16090
2026-01-20 01:10:00,MSS,short,4677.7,4679.0,4675.6,4679.0,4675.6,16095
2026-01-20 01:40:00,MSS,long,4677.2,4674.4,4681.7,4674.4,4681.7,16101
2026-01-20 02:20:00,BOS,long,4681.7,4679.0,4686.1,4679.0,4686.1,16109
2026-01-20 03:00:00,MSS,short,4681.5,4682.7,4679.5,4682.7,4679.5,16119
2026-01-20 07:25:00,BOS,short,4675.2,4678.1,4670.6,4678.1,4670.6,16129
2026-01-20 08:00:00,BOS,short,4671.4,4672.4,4669.9,4672.4,4669.9,16137
2026-01-20 08:10:00,MSS,long,4671.5,4669.9,4674.2,4669.9,4674.2,16138
2026-01-20 08:25:00,MSS,short,4670.9,4674.2,4665.6,4674.2,4665.6,16140
2026-01-20 08:55:00,BOS,short,4668.9,4670.5,4666.4,4670.5,4666.4,16147
2026-01-20 09:00:00,MSS,long,4669.7,4666.4,4675.1,4666.4,4675.1,16149
2026-01-20 09:35:00,BOS,long,4675.0,4671.3,4681.0,4671.3,4681.0,16154
2026-01-20 10:10:00,MSS,short,4676.8,4681.0,4670.0,4681.0,4670.0,16157
2026-01-20 11:05:00,BOS,short,4673.0,4674.5,4670.5,4674.5,4670.5,16173
2026-01-20 11:10:00,MSS,long,4672.7,4670.5,4676.2,4670.5,4676.2,16175
2026-01-20 12:55:00,BOS,long,4697.8,4694.6,4703.0,4694.6,4703.0,16195
2026-01-20 13:10:00,BOS,long,4703.3,4700.5,4707.7,4700.5,4707.7,16199
2026-01-20 13:30:00,BOS,long,4705.1,4701.2,4711.3,4701.2,4711.3,16202
2026-01-20 14:30:00,MSS,short,4719.8,4723.4,4714.1,4723.4,4714.1,16211
2026-01-20 15:10:00,MSS,long,4719.8,4717.4,4723.8,4717.4,4723.8,16222
2026-01-20 15:50:00,MSS,short,4726.0,4728.4,4722.0,4728.4,4722.0,16231
2026-01-20 16:05:00,MSS,long,4724.2,4720.2,4730.7,4720.2,4730.7,16233
2026-01-20 16:20:00,MSS,short,4729.0,4731.4,4725.2,4731.4,4725.2,16236
2026-01-20 16:45:00,MSS,long,4725.2,4721.5,4731.2,4721.5,4731.2,16241
2026-01-20 17:10:00,MSS,short,4734.8,4737.7,4730.2,4737.7,4730.2,16247
2026-01-20 17:25:00,MSS,long,4732.1,4727.2,4740.0,4727.2,4740.0,16250
2026-01-20 18:25:00,MSS,short,4736.8,4739.1,4733.1,4739.1,4733.1,16261
2026-01-20 19:35:00,MSS,long,4733.6,4731.3,4737.2,4731.3,4737.2,16276
2026-01-20 20:25:00,MSS,short,4734.7,4736.3,4732.1,4736.3,4732.1,16286
2026-01-20 21:05:00,BOS,short,4732.4,4735.4,4727.5,4735.4,4727.5,16293
2026-01-20 21:20:00,BOS,short,4727.8,4731.9,4721.2,4731.9,4721.2,16296
2026-01-20 21:40:00,MSS,long,4726.0,4719.8,4736.1,4719.8,4736.1,16300
2026-01-20 22:25:00,BOS,long,4744.6,4737.4,4756.2,4737.4,4756.2,16307
2026-01-20 22:30:00,MSS,short,4748.4,4756.2,4735.7,4756.2,4735.7,16311
2026-01-20 23:00:00,MSS,long,4743.5,4738.0,4752.5,4738.0,4752.5,16316
2026-01-20 23:20:00,MSS,short,4745.6,4753.7,4732.6,4753.7,4732.6,16319
2026-01-21 00:00:00,BOS,short,4740.6,4743.9,4735.3,4743.9,4735.3,16328
2026-01-21 00:10:00,MSS,long,4738.7,4733.0,4747.9,4733.0,4747.9,16331
2026-01-21 00:35:00,BOS,long,4743.5,4739.6,4749.8,4739.6,4749.8,16335
2026-01-21 01:40:00,BOS,long,4758.8,4756.2,4763.0,4756.2,4763.0,16347
2026-01-21 01:55:00,BOS,long,4760.3,4756.3,4766.9,4756.3,4766.9,16351
2026-01-21 02:50:00,MSS,short,4762.1,4764.9,4757.5,4764.9,4757.5,16363
2026-01-21 03:15:00,MSS,long,4763.1,4757.5,4772.1,4757.5,4772.1,16364
2026-01-21 04:15:00,MSS,short,4762.7,4766.6,4756.5,4766.6,4756.5,16380
2026-01-21 04:55:00,MSS,long,4757.2,4753.7,4762.9,4753.7,4762.9,16386
2026-01-21 05:10:00,BOS,long,4758.3,4753.7,4765.8,4753.7,4765.8,16386
2026-01-21 05:30:00,MSS,short,4764.8,4766.2,4762.5,4766.2,4762.5,16394
2026-01-21 05:45:00,MSS,long,4765.0,4762.3,4769.3,4762.3,4769.3,16397
2026-01-21 07:00:00,MSS,short,4766.9,4769.2,4763.1,4769.2,4763.1,16401
2026-01-21 07:40:00,MSS,long,4768.0,4761.8,4778.0,4761.8,4778.0,16407
2026-01-21 08:25:00,BOS,long,4781.3,4779.0,4784.9,4779.0,4784.9,16418
2026-01-21 08:50:00,BOS,long,4788.8,4786.9,4792.0,4786.9,4792.0,16423
2026-01-21 09:00:00,BOS,long,4791.8,4786.9,4799.8,4786.9,4799.8,16423
2026-01-21 09:50:00,BOS,long,4829.3,4818.1,4847.4,4818.1,4847.4,16432
2026-01-21 11:00:00,BOS,long,4837.7,4830.3,4849.6,4830.3,4849.6,16448
2026-01-21 12:15:00,BOS,long,4845.3,4840.1,4853.6,4840.1,4853.6,16464
2026-01-21 13:00:00,MSS,short,4869.3,4873.8,4862.0,4873.8,4862.0,16473
2026-01-21 13:15:00,MSS,long,4867.3,4861.5,4876.6,4861.5,4876.6,16475
2026-01-21 13:30:00,BOS,long,4871.7,4866.4,4880.3,4866.4,4880.3,16479
2026-01-21 14:20:00,BOS,long,4873.1,4866.8,4883.2,4866.8,4883.2,16487
2026-01-21 14:35:00,MSS,short,4882.9,4890.9,4870.0,4890.9,4870.0,16491
2026-01-21 14:55:00,BOS,short,4860.9,4869.0,4847.8,4869.0,4847.8,16496
2026-01-21 15:50:00,MSS,long,4847.8,4840.7,4859.4,4840.7,4859.4,16505
2026-01-21 16:00:00,BOS,long,4848.8,4840.7,4862.0,4840.7,4862.0,16505
2026-01-21 16:15:00,BOS,long,4862.2,4858.1,4868.8,4858.1,4868.8,16512
2026-01-21 16:55:00,MSS,short,4864.8,4871.7,4853.6,4871.7,4853.6,16515
2026-01-21 17:20:00,MSS,long,4864.5,4860.3,4871.2,4860.3,4871.2,16525
2026-01-21 17:45:00,MSS,short,4873.5,4879.3,4864.1,4879.3,4864.1,16528
2026-01-21 18:40:00,MSS,long,4864.4,4862.0,4868.2,4862.0,4868.2,16540
2026-01-21 19:15:00,BOS,long,4866.7,4863.2,4872.4,4863.2,4872.4,16546
2026-01-21 19:45:00,MSS,short,4867.6,4874.0,4857.3,4874.0,4857.3,16550
2026-01-21 21:05:00,MSS,long,4865.4,4861.0,4872.5,4861.0,4872.5,16570
2026-01-21 21:35:00,BOS,long,4870.8,4864.2,4881.5,4864.2,4881.5,16574
2026-01-21 21:55:00,BOS,long,4876.8,4872.7,4883.4,4872.7,4883.4,16580
2026-01-21 22:00:00,MSS,short,4872.2,4883.4,4854.0,4883.4,4854.0,16581
2026-01-21 22:35:00,MSS,long,4860.7,4852.2,4874.4,4852.2,4874.4,16588
2026-01-21 23:00:00,BOS,long,4856.1,4848.6,4868.3,4848.6,4868.3,16592
2026-01-21 23:15:00,MSS,short,4854.4,4871.1,4827.5,4871.1,4827.5,16595
2026-01-21 23:50:00,MSS,long,4842.4,4834.9,4854.6,4834.9,4854.6,16602
2026-01-22 00:15:00,MSS,short,4849.8,4858.2,4836.1,4858.2,4836.1,16607
2026-01-22 01:10:00,BOS,short,4831.4,4840.0,4817.5,4840.0,4817.5,16617
2026-01-22 01:30:00,BOS,short,4819.5,4828.8,4804.5,4828.8,4804.5,16622
2026-01-22 01:55:00,MSS,long,4814.4,4804.5,4830.3,4804.5,4830.3,16624
2026-01-22 02:25:00,BOS,long,4829.2,4822.6,4839.8,4822.6,4839.8,16634
2026-01-22 02:45:00,BOS,long,4838.0,4833.3,4845.6,4833.3,4845.6,16638
2026-01-22 03:20:00,BOS,long,4852.2,4849.3,4856.9,4849.3,4856.9,16645
2026-01-22 03:25:00,MSS,short,4837.8,4856.9,4806.9,4856.9,4806.9,16646
2026-01-22 04:15:00,MSS,long,4783.8,4774.5,4798.9,4774.5,4798.9,16655
2026-01-22 05:15:00,BOS,long,4823.2,4816.0,4834.8,4816.0,4834.8,16667
2026-01-22 05:50:00,MSS,short,4838.4,4842.9,4831.2,4842.9,4831.2,16675
2026-01-22 07:00:00,BOS,short,4833.0,4842.9,4816.9,4842.9,4816.9,16675
2026-01-22 07:55:00,BOS,short,4791.7,4799.5,4779.1,4799.5,4779.1,16688
2026-01-22 08:55:00,MSS,long,4788.6,4781.6,4799.8,4781.6,4799.8,16696
2026-01-22 09:00:00,MSS,short,4789.4,4799.8,4772.6,4799.8,4772.6,16701
2026-01-22 09:15:00,MSS,long,4783.7,4772.6,4801.7,4772.6,4801.7,16702
2026-01-22 10:30:00,MSS,short,4790.4,4796.8,4780.0,4796.8,4780.0,16718
2026-01-22 11:20:00,MSS,long,4788.2,4785.1,4793.3,4785.1,4793.3,16727
2026-01-22 11:55:00,BOS,long,4793.7,4791.1,4798.0,4791.1,4798.0,16734
2026-01-22 13:00:00,BOS,long,4797.4,4794.7,4801.8,4794.7,4801.8,16747
2026-01-22 13:45:00,BOS,long,4800.8,4795.8,4808.8,4795.8,4808.8,16755
2026-01-22 14:20:00,BOS,long,4821.0,4816.6,4828.0,4816.6,4828.0,16764
2026-01-22 14:50:00,MSS,short,4826.0,4828.7,4821.7,4828.7,4821.7,16769
2026-01-22 15:00:00,MSS,long,4825.9,4821.7,4832.6,4821.7,4832.6,16772
2026-01-22 15:40:00,MSS,short,4837.2,4839.3,4833.7,4839.3,4833.7,16780
2026-01-22 16:05:00,BOS,short,4834.2,4837.1,4829.4,4837.1,4829.4,16785
2026-01-22 16:55:00,MSS,long,4827.2,4823.3,4833.4,4823.3,4833.4,16793
2026-01-22 17:00:00,BOS,long,4828.5,4823.3,4836.9,4823.3,4836.9,16793
2026-01-22 17:20:00,MSS,short,4835.9,4839.6,4830.0,4839.6,4830.0,16800
2026-01-22 17:30:00,BOS,short,4831.0,4839.6,4817.1,4839.6,4817.1,16800
2026-01-22 18:30:00,MSS,long,4824.9,4822.1,4829.4,4822.1,4829.4,16814
2026-01-22 18:50:00,BOS,long,4830.2,4828.1,4833.7,4828.1,4833.7,16818
2026-01-22 19:10:00,MSS,short,4831.7,4834.0,4827.9,4834.0,4827.9,16823
2026-01-22 19:40:00,MSS,long,4829.5,4827.1,4833.5,4827.1,4833.5,16829
2026-01-22 20:05:00,MSS,short,4833.6,4838.5,4825.6,4838.5,4825.6,16833
2026-01-22 20:55:00,BOS,short,4829.4,4834.8,4820.7,4834.8,4820.7,16840
2026-01-22 21:20:00,MSS,long,4824.7,4817.5,4836.3,4817.5,4836.3,16846
2026-01-22 21:40:00,MSS,short,4827.4,4837.5,4811.0,4837.5,4811.0,16851
2026-01-22 22:20:00,MSS,long,4824.8,4821.7,4829.8,4821.7,4829.8,16859
2026-01-22 23:25:00,BOS,long,4837.6,4824.4,4859.0,4824.4,4859.0,16870
2026-01-22 23:50:00,BOS,long,4867.3,4861.5,4876.8,4861.5,4876.8,16878
2026-01-23 00:15:00,BOS,long,4874.7,4870.2,4882.0,4870.2,4882.0,16883
2026-01-23 00:35:00,BOS,long,4880.5,4876.0,4887.7,4876.0,4887.7,16888
2026-01-23 01:20:00,BOS,long,4881.0,4871.9,4895.8,4871.9,4895.8,16895
2026-01-23 01:40:00,BOS,long,4883.7,4871.9,4902.9,4871.9,4902.9,16895
2026-01-23 02:00:00,BOS,long,4902.2,4894.4,4914.7,4894.4,4914.7,16902
2026-01-23 02:35:00,BOS,long,4913.5,4909.8,4919.4,4909.8,4919.4,16911
2026-01-23 02:50:00,BOS,long,4916.7,4913.9,4921.3,4913.9,4921.3,16915
2026-01-23 03:45:00,MSS,short,4920.4,4927.4,4909.1,4927.4,4909.1,16920
2026-01-23 04:10:00,MSS,long,4917.1,4909.1,4930.1,4909.1,4930.1,16927
2026-01-23 04:55:00,MSS,short,4924.4,4928.5,4917.7,4928.5,4917.7,16939
2026-01-23 05:25:00,MSS,long,4926.0,4924.1,4929.1,4924.1,4929.1,16946
2026-01-23 07:00:00,BOS,long,4944.7,4938.1,4955.3,4938.1,4955.3,16953
2026-01-23 07:30:00,MSS,short,4951.9,4963.8,4932.7,4963.8,4932.7,16956
2026-01-23 08:50:00,MSS,long,4954.0,4949.3,4961.7,4949.3,4961.7,16974
2026-01-23 09:00:00,MSS,short,4957.0,4968.5,4938.5,4968.5,4938.5,16977
2026-01-23 10:10:00,BOS,short,4959.7,4966.1,4949.4,4966.1,4949.4,16988
2026-01-23 10:30:00,MSS,long,4952.6,4948.4,4959.4,4948.4,4959.4,16995
2026-01-23 11:15:00,MSS,short,4953.4,4960.9,4941.2,4960.9,4941.2,17004
2026-01-23 12:30:00,MSS,long,4952.5,4950.9,4955.1,4950.9,4955.1,17018
2026-01-23 12:45:00,BOS,long,4954.4,4950.9,4960.0,4950.9,4960.0,17018
2026-01-23 13:20:00,BOS,long,4958.4,4956.5,4961.4,4956.5,4961.4,17028
2026-01-23 13:40:00,BOS,long,4959.7,4957.6,4963.0,4957.6,4963.0,17033
2026-01-23 14:05:00,MSS,short,4964.1,4969.0,4956.1,4969.0,4956.1,17036
2026-01-23 15:10:00,MSS,long,4954.5,4952.6,4957.5,4952.6,4957.5,17050
2026-01-23 15:40:00,MSS,short,4955.1,4959.8,4947.4,4959.8,4947.4,17056
2026-01-23 16:15:00,BOS,short,4944.8,4948.6,4938.7,4948.6,4938.7,17063
2026-01-23 17:15:00,BOS,short,4916.0,4921.4,4907.3,4921.4,4907.3,17074
2026-01-23 17:40:00,MSS,long,4908.3,4901.2,4919.8,4901.2,4919.8,17079
2026-01-23 18:15:00,BOS,long,4920.4,4916.3,4927.1,4916.3,4927.1,17087
2026-01-23 18:55:00,BOS,long,4928.0,4925.7,4931.8,4925.7,4931.8,17095
2026-01-23 19:00:00,MSS,short,4926.7,4932.0,4918.2,4932.0,4918.2,17096
2026-01-23 19:30:00,MSS,long,4917.7,4912.7,4925.7,4912.7,4925.7,17101
2026-01-23 19:45:00,BOS,long,4918.1,4912.7,4926.8,4912.7,4926.8,17101
2026-01-23 20:00:00,BOS,long,4925.7,4921.8,4931.9,4921.8,4931.9,17109
2026-01-23 20:30:00,BOS,long,4926.0,4918.9,4937.6,4918.9,4937.6,17110
2026-01-23 20:45:00,BOS,long,4935.7,4932.8,4940.4,4932.8,4940.4,17118
2026-01-23 21:00:00,BOS,long,4941.4,4938.7,4945.7,4938.7,4945.7,17121
2026-01-23 21:20:00,MSS,short,4939.5,4948.8,4924.5,4948.8,4924.5,17123
2026-01-23 21:50:00,MSS,long,4933.5,4928.1,4942.2,4928.1,4942.2,17129
2026-01-23 22:05:00,BOS,long,4939.6,4935.8,4945.7,4935.8,4945.7,17134
2026-01-23 22:40:00,BOS,long,4939.9,4933.3,4950.6,4933.3,4950.6,17140
2026-01-23 23:40:00,BOS,long,4950.1,4942.9,4961.7,4942.9,4961.7,17150
2026-01-24 00:00:00,BOS,long,4957.8,4951.8,4967.6,4951.8,4967.6,17156
2026-01-24 00:15:00,BOS,long,4963.3,4951.8,4982.0,4951.8,4982.0,17156
2026-01-24 01:05:00,BOS,long,4981.1,4978.2,4985.8,4978.2,4985.8,17170
2026-01-24 01:50:00,MSS,short,4982.4,4989.0,4971.6,4989.0,4971.6,17178
2026-01-24 02:30:00,BOS,short,4980.8,4985.4,4973.4,4985.4,4973.4,17187
2026-01-24 03:45:00,MSS,long,4979.3,4975.6,4985.3,4975.6,4985.3,17201
2026-01-24 05:50:00,BOS,long,4983.2,4980.9,4987.0,4980.9,4987.0,17225
2026-01-26 07:00:00,BOS,long,4999.9,4981.7,5029.3,4981.7,5029.3,17229
2026-01-26 07:45:00,BOS,long,5020.4,5011.1,5035.5,5011.1,5035.5,17235
2026-01-26 08:15:00,MSS,short,5038.7,5043.1,5031.7,5043.1,5031.7,17243
2026-01-26 08:30:00,MSS,long,5036.5,5029.4,5048.0,5029.4,5048.0,17246
2026-01-26 09:10:00,BOS,long,5038.9,5027.3,5057.7,5027.3,5057.7,17254
2026-01-26 10:20:00,BOS,long,5073.1,5064.4,5087.1,5064.4,5087.1,17268
2026-01-26 11:45:00,MSS,short,5077.3,5082.0,5069.8,5082.0,5069.8,17285
2026-01-26 12:35:00,BOS,short,5071.1,5076.0,5063.1,5076.0,5063.1,17291
2026-01-26 13:15:00,BOS,short,5062.7,5070.8,5049.6,5070.8,5049.6,17302
2026-01-26 13:45:00,MSS,long,5057.8,5050.4,5069.7,5050.4,5069.7,17310
2026-01-26 14:35:00,BOS,long,5070.8,5063.2,5083.0,5063.2,5083.0,17317
2026-01-26 16:00:00,BOS,long,5088.7,5085.3,5094.2,5085.3,5094.2,17337
2026-01-26 16:40:00,MSS,short,5093.3,5096.7,5087.7,5096.7,5087.7,17345
2026-01-26 17:15:00,MSS,long,5087.7,5084.9,5092.2,5084.9,5092.2,17352
2026-01-26 17:25:00,BOS,long,5089.2,5085.7,5094.8,5085.7,5094.8,17354
2026-01-26 17:45:00,MSS,short,5091.1,5097.2,5081.2,5097.2,5081.2,17356
2026-01-26 18:30:00,MSS,long,5086.7,5083.8,5091.3,5083.8,5091.3,17367
2026-01-26 19:10:00,MSS,short,5089.4,5091.9,5085.3,5091.9,5085.3,17373
2026-01-26 20:00:00,MSS,long,5089.3,5087.8,5091.8,5087.8,5091.8,17385
2026-01-26 20:20:00,BOS,long,5088.2,5083.8,5095.2,5083.8,5095.2,17389
2026-01-26 20:35:00,MSS,short,5090.4,5095.2,5082.7,5095.2,5082.7,17390
2026-01-26 20:55:00,BOS,short,5080.0,5083.5,5074.4,5083.5,5074.4,17396
2026-01-26 21:30:00,BOS,short,5069.9,5081.0,5051.9,5081.0,5051.9,17401
2026-01-26 22:20:00,MSS,long,5066.8,5060.9,5076.4,5060.9,5076.4,17413
2026-01-26 22:50:00,BOS,long,5082.5,5076.2,5092.8,5076.2,5092.8,17418
2026-01-26 23:30:00,MSS,short,5087.5,5095.4,5074.6,5095.4,5074.6,17424
2026-01-27 00:00:00,MSS,long,5082.4,5071.1,5100.7,5071.1,5100.7,17430
2026-01-27 00:20:00,MSS,short,5096.4,5101.9,5087.5,5101.9,5087.5,17437
2026-01-27 01:40:00,MSS,long,5085.2,5076.7,5098.9,5076.7,5098.9,17451
2026-01-27 02:05:00,MSS,short,5093.9,5100.4,5083.5,5100.4,5083.5,17458
2026-01-27 02:30:00,BOS,short,5079.3,5086.9,5067.0,5086.9,5067.0,17462
2026-01-27 03:00:00,BOS,short,5060.5,5078.8,5031.0,5078.8,5031.0,17468
2026-01-27 04:10:00,MSS,long,5020.5,5002.6,5049.4,5002.6,5049.4,17479
2026-01-27 05:10:00,MSS,short,5045.6,5056.3,5028.2,5056.3,5028.2,17493
2026-01-27 07:00:00,MSS,long,5011.3,5000.3,5029.0,5000.3,5029.0,17505
2026-01-27 07:35:00,BOS,long,5038.7,5033.6,5047.0,5033.6,5047.0,17512
2026-01-27 08:25:00,MSS,short,5045.1,5048.9,5039.0,5048.9,5039.0,17521
2026-01-27 09:05:00,MSS,long,5026.0,5013.3,5046.6,5013.3,5046.6,17530
2026-01-27 09:30:00,MSS,short,5065.1,5071.6,5054.6,5071.6,5054.6,17533
2026-01-27 10:35:00,MSS,long,5061.4,5055.5,5070.9,5055.5,5070.9,17546
2026-01-27 11:35:00,BOS,long,5062.5,5058.1,5069.7,5058.1,5069.7,17559
2026-01-27 12:10:00,MSS,short,5070.3,5074.4,5063.6,5074.4,5063.6,17565
2026-01-27 12:35:00,BOS,short,5067.4,5070.7,5062.0,5070.7,5062.0,17571
2026-01-27 13:00:00,BOS,short,5061.6,5065.6,5055.2,5065.6,5055.2,17577
2026-01-27 13:30:00,MSS,long,5057.9,5051.9,5067.7,5051.9,5067.7,17580
2026-01-27 13:40:00,BOS,long,5060.1,5054.2,5069.6,5054.2,5069.6,17584
2026-01-27 14:20:00,BOS,long,5075.8,5071.3,5083.2,5071.3,5083.2,17592
2026-01-27 14:45:00,BOS,long,5079.9,5074.3,5089.0,5074.3,5089.0,17596
2026-01-27 15:30:00,BOS,long,5083.2,5077.0,5093.3,5077.0,5093.3,17607
2026-01-27 16:25:00,MSS,short,5079.1,5084.0,5071.2,5084.0,5071.2,17617
2026-01-27 17:15:00,MSS,long,5077.3,5073.9,5082.9,5073.9,5082.9,17626
2026-01-27 17:50:00,BOS,long,5084.9,5079.1,5094.2,5079.1,5094.2,17635
2026-01-27 18:20:00,MSS,short,5091.2,5095.0,5085.0,5095.0,5085.0,17641
2026-01-27 19:10:00,MSS,long,5081.4,5078.2,5086.7,5078.2,5086.7,17647
2026-01-27 19:45:00,MSS,short,5079.3,5084.7,5070.6,5084.7,5070.6,17657
2026-01-27 20:30:00,MSS,long,5075.4,5069.6,5084.7,5069.6,5084.7,17666
2026-01-27 21:40:00,MSS,short,5076.1,5082.5,5065.8,5082.5,5065.8,17680
2026-01-27 22:00:00,BOS,short,5072.9,5078.6,5063.8,5078.6,5063.8,17684
2026-01-27 22:15:00,BOS,short,5058.1,5068.0,5042.0,5068.0,5042.0,17688
2026-01-27 22:35:00,MSS,long,5061.3,5054.4,5072.5,5054.4,5072.5,17692
2026-01-27 22:55:00,MSS,short,5065.8,5077.9,5046.1,5077.9,5046.1,17694
2026-01-27 23:15:00,MSS,long,5055.7,5046.4,5070.7,5046.4,5070.7,17700
2026-01-27 23:30:00,BOS,long,5068.7,5063.8,5076.5,5063.8,5076.5,17703
2026-01-27 23:55:00,BOS,long,5073.2,5063.8,5088.3,5063.8,5088.3,17703
2026-01-28 00:10:00,BOS,long,5086.2,5080.4,5095.7,5080.4,5095.7,17711
2026-01-28 00:40:00,MSS,short,5093.6,5100.4,5082.7,5100.4,5082.7,17714
2026-01-28 02:30:00,MSS,long,5081.7,5076.5,5090.0,5076.5,5090.0,17739
2026-01-28 02:45:00,BOS,long,5086.7,5084.1,5090.8,5084.1,5090.8,17742
2026-01-28 03:05:00,MSS,short,5087.9,5093.7,5078.5,5093.7,5078.5,17745
2026-01-28 03:40:00,MSS,long,5087.3,5084.5,5091.7,5084.5,5091.7,17751
2026-01-28 03:50:00,BOS,long,5087.7,5084.5,5092.8,5084.5,5092.8,17751
2026-01-28 04:45:00,BOS,long,5147.1,5133.6,5169.0,5133.6,5169.0,17766
2026-01-28 05:45:00,BOS,long,5177.0,5168.5,5190.8,5168.5,5190.8,17775
2026-01-28 07:10:00,MSS,short,5180.4,5190.8,5163.5,5190.8,5163.5,17779
2026-01-28 07:45:00,MSS,long,5164.1,5161.0,5169.1,5161.0,5169.1,17789
2026-01-28 08:00:00,MSS,short,5167.6,5174.6,5156.4,5174.6,5156.4,17793
2026-01-28 09:00:00,MSS,long,5167.7,5157.5,5184.3,5157.5,5184.3,17798
2026-01-28 09:40:00,BOS,long,5190.5,5177.4,5211.7,5177.4,5211.7,17810
2026-01-28 10:45:00,BOS,long,5217.7,5213.9,5223.9,5213.9,5223.9,17826
2026-01-28 12:50:00,BOS,long,5233.1,5229.4,5239.0,5229.4,5239.0,17851
2026-01-28 13:05:00,BOS,long,5240.9,5236.8,5247.5,5236.8,5247.5,17854
2026-01-28 13:40:00,BOS,long,5250.0,5244.3,5259.2,5244.3,5259.2,17860
2026-01-28 14:50:00,BOS,long,5255.5,5250.2,5264.1,5250.2,5264.1,17875
2026-01-28 15:45:00,BOS,long,5272.5,5265.7,5283.4,5265.7,5283.4,17885
2026-01-28 16:30:00,BOS,long,5292.5,5283.8,5306.7,5283.8,5306.7,17893
2026-01-28 16:45:00,MSS,short,5294.8,5306.7,5275.6,5306.7,5275.6,17896
2026-01-28 17:10:00,BOS,short,5286.7,5293.0,5276.4,5293.0,5276.4,17902
2026-01-28 17:40:00,BOS,short,5269.4,5276.3,5258.3,5276.3,5258.3,17908
2026-01-28 18:05:00,MSS,long,5265.9,5258.3,5278.3,5258.3,5278.3,17910
2026-01-28 19:00:00,MSS,short,5260.9,5275.7,5237.0,5275.7,5237.0,17924
2026-01-28 19:45:00,MSS,long,5251.4,5246.1,5260.0,5246.1,5260.0,17933
2026-01-28 20:20:00,BOS,long,5252.1,5245.3,5263.0,5245.3,5263.0,17939
2026-01-28 20:35:00,BOS,long,5257.4,5253.2,5264.3,5253.2,5264.3,17943
2026-01-28 20:50:00,BOS,long,5263.2,5259.0,5269.9,5259.0,5269.9,17947
2026-01-28 21:35:00,MSS,short,5271.5,5280.4,5257.1,5280.4,5257.1,17956
2026-01-28 22:00:00,BOS,short,5258.6,5263.0,5251.4,5263.0,5251.4,17961
2026-01-28 22:35:00,MSS,long,5256.0,5243.7,5275.8,5243.7,5275.8,17968
2026-01-28 22:55:00,BOS,long,5271.2,5263.8,5283.2,5263.8,5283.2,17972
2026-01-28 23:05:00,MSS,short,5268.0,5292.3,5228.7,5292.3,5228.7,17974
2026-01-29 00:10:00,MSS,long,5270.8,5262.3,5284.5,5262.3,5284.5,17984
2026-01-29 00:30:00,MSS,short,5283.1,5288.8,5273.8,5288.8,5273.8,17989
2026-01-29 00:45:00,MSS,long,5282.4,5273.8,5296.4,5273.8,5296.4,17992
2026-01-29 01:35:00,MSS,short,5292.9,5301.3,5279.4,5301.3,5279.4,18003
2026-01-29 02:05:00,MSS,long,5294.6,5289.4,5302.9,5289.4,5302.9,18010
2026-01-29 02:30:00,MSS,short,5304.6,5324.0,5273.1,5324.0,5273.1,18014
2026-01-29 03:10:00,MSS,long,5275.5,5263.7,5294.7,5263.7,5294.7,18022
2026-01-29 03:40:00,BOS,long,5289.3,5277.3,5308.6,5277.3,5308.6,18028
2026-01-29 04:25:00,BOS,long,5330.4,5317.0,5352.1,5317.0,5352.1,18037
2026-01-29 05:45:00,BOS,long,5385.9,5378.4,5398.0,5378.4,5398.0,18054
2026-01-29 07:30:00,BOS,long,5475.3,5463.9,5493.8,5463.9,5493.8,18062
2026-01-29 08:00:00,MSS,short,5489.2,5518.3,5442.0,5518.3,5442.0,18069
2026-01-29 08:30:00,MSS,long,5476.6,5455.4,5511.0,5455.4,5511.0,18074
2026-01-29 09:00:00,MSS,short,5492.8,5513.1,5460.0,5513.1,5460.0,18080
2026-01-29 09:40:00,MSS,long,5476.6,5436.4,5541.6,5436.4,5541.6,18084
2026-01-29 10:00:00,MSS,short,5525.0,5540.8,5499.4,5540.8,5499.4,18092
2026-01-29 10:30:00,MSS,long,5513.8,5503.1,5531.0,5503.1,5531.0,18098
2026-01-29 11:00:00,MSS,short,5522.3,5534.8,5502.2,5534.8,5502.2,18104
2026-01-29 11:45:00,MSS,long,5520.0,5513.0,5531.4,5513.0,5531.4,18114
2026-01-29 12:10:00,MSS,short,5535.9,5541.6,5526.6,5541.6,5526.6,18119
2026-01-29 12:30:00,MSS,long,5537.6,5526.6,5555.4,5526.6,5555.4,18120
2026-01-29 13:20:00,MSS,short,5535.3,5551.0,5509.8,5551.0,5509.8,18133
2026-01-29 13:55:00,MSS,long,5542.3,5535.0,5554.1,5535.0,5554.1,18138
2026-01-29 14:20:00,BOS,long,5575.6,5569.0,5586.2,5569.0,5586.2,18145
2026-01-29 14:45:00,MSS,short,5568.2,5578.5,5551.6,5578.5,5551.6,18149
2026-01-29 15:25:00,BOS,short,5544.3,5553.1,5530.1,5553.1,5530.1,18158
2026-01-29 16:00:00,BOS,short,5536.9,5541.6,5529.2,5541.6,5529.2,18165
2026-01-29 16:30:00,BOS,short,5524.3,5533.4,5509.5,5533.4,5509.5,18169
2026-01-29 16:35:00,BOS,short,5522.2,5533.4,5504.0,5533.4,5504.0,18169
2026-01-29 17:30:00,MSS,long,5502.9,5495.4,5515.0,5495.4,5515.0,18181
2026-01-29 18:00:00,MSS,short,5515.0,5522.9,5502.1,5522.9,5502.1,18186
2026-01-29 18:30:00,BOS,short,5501.4,5507.0,5492.3,5507.0,5492.3,18195
2026-01-29 18:55:00,BOS,short,5492.2,5501.8,5476.7,5501.8,5476.7,18197
2026-01-29 19:20:00,MSS,long,5479.3,5463.7,5504.6,5463.7,5504.6,18202
2026-01-29 19:45:00,BOS,long,5508.7,5501.1,5520.9,5501.1,5520.9,18210
2026-01-29 20:10:00,BOS,long,5520.5,5513.7,5531.5,5513.7,5531.5,18214
2026-01-29 20:40:00,MSS,short,5527.5,5533.3,5518.0,5533.3,5518.0,18221
2026-01-29 20:50:00,MSS,long,5524.0,5518.0,5533.7,5518.0,5533.7,18222
2026-01-29 21:00:00,MSS,short,5528.8,5533.7,5520.9,5533.7,5520.9,18224
2026-01-29 21:40:00,MSS,long,5505.4,5495.0,5522.3,5495.0,5522.3,18233
2026-01-29 22:05:00,BOS,long,5510.2,5497.9,5530.0,5497.9,5530.0,18237
2026-01-29 22:25:00,BOS,long,5524.3,5512.8,5542.9,5512.8,5542.9,18242
2026-01-29 22:50:00,MSS,short,5512.1,5527.0,5487.9,5527.0,5487.9,18246
2026-01-30 00:00:00,MSS,long,5191.5,5172.6,5222.1,5172.6,5222.1,18261
2026-01-30 00:10:00,BOS,long,5206.6,5168.6,5268.0,5168.6,5268.0,18262
2026-01-30 01:15:00,BOS,long,5280.2,5249.0,5330.8,5249.0,5330.8,18272
2026-01-30 02:25:00,MSS,short,5333.3,5349.8,5306.5,5349.8,5306.5,18287
2026-01-30 03:00:00,BOS,short,5339.4,5352.8,5317.6,5352.8,5317.6,18295
2026-01-30 03:15:00,BOS,short,5314.5,5318.0,5308.8,5318.0,5308.8,18297
2026-01-30 03:25:00,BOS,short,5312.8,5318.0,5304.5,5318.0,5304.5,18297
2026-01-30 03:45:00,MSS,long,5295.6,5282.0,5317.7,5282.0,5317.7,18301
2026-01-30 04:00:00,MSS,short,5293.8,5305.4,5275.1,5305.4,5275.1,18305
2026-01-30 04:35:00,MSS,long,5304.6,5283.1,5339.3,5283.1,5339.3,18309
2026-01-30 05:20:00,BOS,long,5387.6,5381.9,5396.7,5381.9,5396.7,18318
2026-01-30 05:50:00,MSS,short,5395.2,5408.7,5373.3,5408.7,5373.3,18320
2026-01-30 07:00:00,MSS,long,5384.9,5370.0,5409.0,5370.0,5409.0,18325
2026-01-30 08:05:00,BOS,long,5431.2,5424.8,5441.5,5424.8,5441.5,18337
2026-01-30 08:25:00,MSS,short,5432.6,5441.5,5418.1,5441.5,5418.1,18339
2026-01-30 08:45:00,BOS,short,5408.2,5422.0,5386.0,5422.0,5386.0,18342
2026-01-30 09:00:00,BOS,short,5406.3,5422.0,5381.0,5422.0,5381.0,18342
2026-01-30 10:15:00,BOS,short,5287.2,5353.4,5180.0,5353.4,5180.0,18347
2026-01-30 16:30:00,BOS,short,5127.9,5162.9,5071.3,5162.9,5071.3,18354
2026-01-30 17:05:00,BOS,short,5083.2,5100.0,5056.1,5100.0,5056.1,18361
2026-01-30 19:40:00,MSS,long,5032.5,4976.3,5123.3,4976.3,5123.3,18365
2026-01-30 23:00:00,MSS,short,5045.4,5084.9,4981.5,5084.9,4981.5,18375
2026-01-31 01:20:00,BOS,short,5003.3,5056.6,4917.0,5056.6,4917.0,18378
2026-01-31 01:35:00,BOS,short,4913.7,4924.3,4896.6,4924.3,4896.6,18381
2026-01-31 03:45:00,MSS,long,4879.1,4854.2,4919.3,4854.2,4919.3,18388
2026-02-02 07:00:00,MSS,short,4854.2,4919.3,4748.8,4919.3,4748.8,18391
2026-02-02 07:15:00,BOS,short,4771.4,4801.3,4722.9,4801.3,4722.9,18394
2026-02-02 09:00:00,MSS,long,4737.7,4722.9,4761.7,4722.9,4761.7,18395
2026-02-02 12:00:00,MSS,short,4699.9,4761.7,4600.0,4761.7,4600.0,18397
2026-02-02 20:30:00,MSS,long,4721.3,4687.0,4776.8,4687.0,4776.8,18403
2026-02-03 00:25:00,MSS,short,4731.4,4776.8,4658.0,4776.8,4658.0,18405
2026-02-03 09:10:00,MSS,long,4720.3,4658.0,4821.0,4658.0,4821.0,18407
2026-02-04 01:30:00,BOS,long,4924.6,4910.9,4946.8,4910.9,4946.8,18413
2026-02-04 02:25:00,MSS,short,4930.9,4946.8,4905.3,4946.8,4905.3,18415
2026-02-04 03:25:00,MSS,long,4903.2,4891.0,4922.9,4891.0,4922.9,18419
2026-02-04 03:50:00,MSS,short,4926.4,4936.2,4910.6,4936.2,4910.6,18424
2026-02-04 10:10:00,MSS,long,4962.8,4910.6,5047.2,4910.6,5047.2,18425
2026-02-04 16:45:00,BOS,long,5043.4,5028.7,5067.2,5028.7,5067.2,18428
2026-02-04 23:00:00,MSS,short,5025.1,5051.2,4982.9,5051.2,4982.9,18432
2026-02-05 10:30:00,BOS,short,4970.7,5007.6,4910.9,5007.6,4910.9,18437
2026-02-06 03:40:00,BOS,short,4845.8,4851.1,4837.1,4851.1,4837.1,18441
2026-02-06 22:50:00,MSS,long,4877.9,4842.1,4935.9,4842.1,4935.9,18447
2026-02-07 01:25:00,BOS,long,4940.1,4933.8,4950.2,4933.8,4950.2,18449
2026-02-10 18:25:00,BOS,long,5024.4,5011.9,5044.7,5011.9,5044.7,18456
2026-02-11 02:40:00,MSS,short,5030.8,5044.7,5008.3,5044.7,5008.3,18457
2026-02-11 10:45:00,MSS,long,5023.5,5008.3,5048.0,5008.3,5048.0,18461
2026-02-12 11:20:00,MSS,short,5073.4,5082.0,5059.6,5082.0,5059.6,18473
2026-02-12 18:10:00,MSS,long,5057.5,5052.8,5065.1,5052.8,5065.1,18482
2026-02-12 21:45:00,BOS,long,5067.1,5061.9,5075.6,5061.9,5075.6,18484
2026-02-12 23:55:00,MSS,short,5064.9,5068.1,5059.8,5068.1,5059.8,18488
2026-02-13 00:05:00,BOS,short,5059.7,5065.3,5050.7,5065.3,5050.7,18490
2026-02-13 09:10:00,MSS,long,4948.4,4941.1,4960.1,4941.1,4960.1,18495
2026-02-14 02:35:00,BOS,long,4990.9,4966.8,5030.0,4966.8,5030.0,18498
2026-02-14 03:25:00,BOS,long,5033.4,5028.4,5041.5,5028.4,5041.5,18500
2026-02-17 03:05:00,MSS,short,5020.5,5037.3,4993.2,5037.3,4993.2,18503
2026-02-18 01:55:00,MSS,long,4857.8,4854.7,4862.7,4854.7,4862.7,18507
2026-02-18 23:30:00,BOS,long,4917.1,4864.6,5002.0,4864.6,5002.0,18511
2026-02-19 00:45:00,BOS,long,5002.0,4996.2,5011.5,4996.2,5011.5,18514
2026-02-19 01:30:00,MSS,short,4998.5,4999.9,4996.2,4999.9,4996.2,18519
2026-02-19 01:35:00,BOS,short,4998.2,4999.9,4995.5,4999.9,4995.5,18519
2026-02-19 01:55:00,MSS,long,4993.4,4991.5,4996.6,4991.5,4996.6,18522
2026-02-19 02:25:00,MSS,short,4992.4,4996.6,4985.5,4996.6,4985.5,18523
2026-02-19 21:45:00,MSS,long,4985.3,4977.4,4998.0,4977.4,4998.0,18526
2026-02-19 23:50:00,BOS,long,5001.9,4998.6,5007.2,4998.6,5007.2,18530
2026-02-20 00:25:00,MSS,short,5006.0,5012.0,4996.3,5012.0,4996.3,18532
2026-02-20 01:35:00,BOS,short,4999.6,5005.6,4990.0,5005.6,4990.0,18536
2026-02-20 01:55:00,BOS,short,4989.2,4993.1,4983.0,4993.1,4983.0,18538
2026-02-20 02:25:00,BOS,short,4981.8,4984.9,4976.9,4984.9,4976.9,18540
2026-02-20 08:40:00,MSS,long,4982.4,4976.9,4991.2,4976.9,4991.2,18541
2026-02-24 02:40:00,BOS,long,5076.5,4997.7,5204.1,4997.7,5204.1,18549
2026-02-26 08:50:00,BOS,long,5200.3,5196.3,5206.7,5196.3,5206.7,18564
2026-02-26 09:25:00,MSS,short,5204.8,5211.1,5194.7,5211.1,5194.7,18572
2026-02-26 10:10:00,BOS,short,5206.1,5211.3,5197.8,5211.3,5197.8,18580
2026-02-26 10:40:00,BOS,short,5195.7,5199.8,5189.1,5199.8,5189.1,18587
2026-02-26 10:50:00,MSS,long,5193.4,5189.1,5200.3,5189.1,5200.3,18588
2026-02-26 11:00:00,BOS,long,5194.6,5189.1,5203.4,5189.1,5203.4,18588
2026-02-26 12:00:00,BOS,long,5204.2,5199.7,5211.4,5199.7,5211.4,18601
2026-02-26 13:05:00,BOS,long,5208.1,5206.4,5210.8,5206.4,5210.8,18614
2026-02-26 13:45:00,MSS,short,5215.2,5219.8,5207.7,5219.8,5207.7,18623
2026-02-26 15:05:00,BOS,short,5206.2,5211.5,5197.6,5211.5,5197.6,18640
2026-02-26 15:45:00,BOS,short,5203.3,5206.5,5198.1,5206.5,5198.1,18648
2026-02-26 16:10:00,MSS,long,5200.3,5195.8,5207.7,5195.8,5207.7,18653
2026-02-26 16:25:00,MSS,short,5201.3,5207.7,5191.0,5207.7,5191.0,18654
2026-02-26 17:35:00,MSS,long,5194.2,5190.8,5199.8,5190.8,5199.8,18668
2026-02-26 18:00:00,BOS,long,5199.9,5196.2,5205.8,5196.2,5205.8,18672
2026-02-26 18:15:00,MSS,short,5203.2,5206.4,5198.1,5206.4,5198.1,18677
2026-02-26 18:25:00,BOS,short,5201.1,5205.0,5194.7,5205.0,5194.7,18679
2026-02-26 18:45:00,BOS,short,5191.4,5194.7,5186.1,5194.7,5186.1,18684
2026-02-26 19:50:00,BOS,short,5185.9,5191.6,5176.6,5191.6,5176.6,18695
2026-02-26 20:15:00,MSS,long,5179.5,5173.1,5189.9,5173.1,5189.9,18700
2026-02-26 21:00:00,MSS,short,5197.2,5200.9,5191.3,5200.9,5191.3,18711
2026-02-26 21:40:00,BOS,short,5188.6,5193.6,5180.4,5193.6,5180.4,18719
2026-02-26 22:20:00,MSS,long,5179.9,5175.9,5186.5,5175.9,5186.5,18725
2026-02-26 23:20:00,MSS,short,5180.4,5188.2,5167.7,5188.2,5167.7,18738
2026-02-26 23:40:00,MSS,long,5163.4,5145.2,5192.8,5145.2,5192.8,18741
2026-02-27 01:25:00,MSS,short,5195.6,5198.9,5190.3,5198.9,5190.3,18764
2026-02-27 01:45:00,BOS,short,5189.7,5194.9,5181.4,5194.9,5181.4,18767
2026-02-27 02:10:00,MSS,long,5184.3,5180.4,5190.6,5180.4,5190.6,18773
2026-02-27 02:45:00,BOS,long,5186.1,5176.4,5201.7,5176.4,5201.7,18779
2026-02-27 03:05:00,BOS,long,5198.8,5195.2,5204.5,5195.2,5204.5,18783
2026-02-27 03:45:00,BOS,long,5204.5,5200.3,5211.4,5200.3,5211.4,18790
2026-02-27 04:05:00,BOS,long,5207.4,5203.5,5213.7,5203.5,5213.7,18795
2026-02-27 04:40:00,BOS,long,5211.1,5207.7,5216.5,5207.7,5216.5,18802
2026-02-27 05:25:00,MSS,short,5212.0,5218.0,5202.2,5218.0,5202.2,18808
2026-02-27 05:50:00,BOS,short,5205.5,5208.6,5200.4,5208.6,5200.4,18816
2026-02-27 07:00:00,BOS,short,5202.3,5208.6,5192.1,5208.6,5192.1,18816
2026-02-27 08:00:00,BOS,short,5202.0,5206.2,5195.3,5206.2,5195.3,18828
2026-02-27 08:15:00,MSS,long,5199.8,5195.3,5207.0,5195.3,5207.0,18832
2026-02-27 08:35:00,MSS,short,5202.3,5211.5,5187.3,5211.5,5187.3,18836
2026-02-27 09:15:00,MSS,long,5187.6,5182.7,5195.4,5182.7,5195.4,18845
2026-02-27 09:30:00,BOS,long,5194.1,5191.0,5199.0,5191.0,5199.0,18849
2026-02-27 10:25:00,MSS,short,5210.1,5215.9,5200.8,5215.9,5200.8,18857
2026-02-27 10:55:00,MSS,long,5194.5,5190.3,5201.2,5190.3,5201.2,18866
2026-02-27 11:25:00,BOS,long,5200.5,5197.7,5204.9,5197.7,5204.9,18869
2026-02-27 11:45:00,BOS,long,5202.8,5200.0,5207.4,5200.0,5207.4,18875
2026-02-27 12:20:00,BOS,long,5202.2,5200.7,5204.5,5200.7,5204.5,18883
2026-02-27 12:50:00,MSS,short,5202.9,5205.2,5199.2,5205.2,5199.2,18887
2026-02-27 13:20:00,MSS,long,5200.7,5197.2,5206.4,5197.2,5206.4,18891
2026-02-27 13:55:00,BOS,long,5211.5,5207.8,5217.4,5207.8,5217.4,18901
2026-02-27 14:50:00,MSS,short,5209.9,5213.3,5204.3,5213.3,5204.3,18912
2026-02-27 15:10:00,BOS,short,5203.4,5206.6,5198.2,5206.6,5198.2,18917
2026-02-27 15:55:00,BOS,short,5196.9,5199.6,5192.6,5199.6,5192.6,18924
2026-02-27 16:45:00,BOS,short,5197.7,5199.2,5195.4,5199.2,5195.4,18935
2026-02-27 17:45:00,BOS,short,5194.7,5198.3,5188.9,5198.3,5188.9,18948
2026-02-27 18:15:00,MSS,long,5188.7,5184.0,5196.3,5184.0,5196.3,18954
2026-02-27 19:10:00,MSS,short,5192.3,5194.2,5189.2,5194.2,5189.2,18964
2026-02-27 19:30:00,MSS,long,5191.5,5188.4,5196.6,5188.4,5196.6,18967
2026-02-27 19:45:00,BOS,long,5194.6,5192.6,5197.8,5192.6,5197.8,18972
2026-02-27 21:00:00,BOS,long,5204.6,5199.5,5212.9,5199.5,5212.9,18985
2026-02-27 21:55:00,BOS,long,5234.0,5228.2,5243.4,5228.2,5243.4,18998
2026-02-27 22:20:00,BOS,long,5242.1,5234.7,5254.1,5234.7,5254.1,19001
2026-02-27 23:05:00,BOS,long,5243.7,5236.8,5254.9,5236.8,5254.9,19012
2026-02-27 23:45:00,BOS,long,5248.2,5244.0,5255.0,5244.0,5255.0,19019
2026-02-28 00:50:00,MSS,short,5253.5,5256.9,5248.1,5256.9,5248.1,19032
2026-02-28 01:40:00,MSS,long,5243.9,5237.4,5254.4,5237.4,5254.4,19042
2026-02-28 02:20:00,MSS,short,5251.4,5256.4,5243.3,5256.4,5243.3,19048
2026-02-28 02:40:00,MSS,long,5246.8,5240.0,5257.9,5240.0,5257.9,19053
2026-02-28 04:05:00,BOS,long,5267.9,5266.3,5270.5,5266.3,5270.5,19071
2026-02-28 05:35:00,BOS,long,5282.8,5278.9,5289.0,5278.9,5289.0,19090
2026-03-02 07:00:00,BOS,long,5335.9,5294.5,5403.0,5294.5,5403.0,19095
2026-03-02 08:05:00,MSS,short,5394.2,5405.0,5376.8,5405.0,5376.8,19106
2026-03-02 08:50:00,BOS,short,5375.9,5388.7,5355.2,5388.7,5355.2,19114
2026-03-02 09:55:00,BOS,short,5345.1,5351.8,5334.3,5351.8,5334.3,19128
2026-03-02 10:35:00,MSS,long,5339.5,5329.0,5356.6,5329.0,5356.6,19133
2026-03-02 11:15:00,BOS,long,5366.2,5362.6,5372.1,5362.6,5372.1,19146
2026-03-02 11:35:00,BOS,long,5370.7,5366.2,5377.9,5366.2,5377.9,19150
2026-03-02 12:35:00,MSS,short,5371.2,5379.4,5358.0,5379.4,5358.0,19160
2026-03-02 13:30:00,MSS,long,5360.3,5353.6,5371.1,5353.6,5371.1,19171
2026-03-02 14:05:00,BOS,long,5381.7,5374.4,5393.6,5374.4,5393.6,19179
2026-03-02 14:25:00,BOS,long,5383.0,5374.4,5397.0,5374.4,5397.0,19179
2026-03-02 14:45:00,BOS,long,5393.0,5388.1,5401.0,5388.1,5401.0,19188
2026-03-02 16:25:00,BOS,long,5422.1,5416.4,5431.3,5416.4,5431.3,19208
2026-03-02 16:40:00,MSS,short,5424.2,5432.0,5411.5,5432.0,5411.5,19210
2026-03-02 16:55:00,BOS,short,5418.2,5425.9,5405.8,5425.9,5405.8,19213
2026-03-02 18:35:00,MSS,long,5403.9,5398.1,5413.4,5398.1,5413.4,19233
2026-03-02 19:45:00,MSS,short,5404.2,5414.8,5387.0,5414.8,5387.0,19247
2026-03-02 21:00:00,MSS,long,5407.3,5400.7,5418.0,5400.7,5418.0,19263
2026-03-02 21:10:00,MSS,short,5414.2,5425.5,5396.0,5425.5,5396.0,19265
2026-03-02 21:40:00,BOS,short,5422.8,5432.2,5407.5,5432.2,5407.5,19270
2026-03-02 22:00:00,BOS,short,5405.6,5414.0,5392.0,5414.0,5392.0,19274
2026-03-02 23:55:00,BOS,short,5347.9,5363.9,5322.0,5363.9,5322.0,19295
2026-03-03 00:25:00,MSS,long,5307.5,5294.5,5328.5,5294.5,5328.5,19303
2026-03-03 01:30:00,BOS,long,5317.1,5306.2,5334.7,5306.2,5334.7,19315
2026-03-03 02:05:00,MSS,short,5316.6,5324.2,5304.2,5324.2,5304.2,19323
2026-03-03 02:45:00,MSS,long,5312.7,5304.0,5326.7,5304.0,5326.7,19331
2026-03-03 04:00:00,BOS,long,5340.8,5336.6,5347.6,5336.6,5347.6,19346
2026-03-03 04:55:00,MSS,short,5352.2,5356.6,5345.1,5356.6,5345.1,19358
2026-03-03 05:25:00,BOS,short,5351.2,5354.6,5345.8,5354.6,5345.8,19363
2026-03-03 07:00:00,MSS,long,5344.8,5335.4,5360.0,5335.4,5360.0,19371
2026-03-03 07:35:00,MSS,short,5351.5,5356.0,5344.2,5356.0,5344.2,19375
2026-03-03 07:55:00,MSS,long,5350.1,5343.6,5360.6,5343.6,5360.6,19381
2026-03-03 08:10:00,BOS,long,5355.6,5350.4,5364.0,5350.4,5364.0,19384
2026-03-03 09:00:00,BOS,long,5367.5,5360.4,5378.9,5360.4,5378.9,19394
2026-03-03 09:55:00,MSS,short,5378.0,5394.5,5351.4,5394.5,5351.4,19401
2026-03-03 11:00:00,MSS,long,5377.1,5371.9,5385.5,5371.9,5385.5,19418
2026-03-03 11:50:00,MSS,short,5379.4,5383.8,5372.3,5383.8,5372.3,19428
2026-03-03 12:20:00,MSS,long,5377.6,5372.7,5385.6,5372.7,5385.6,19434
2026-03-03 13:30:00,MSS,short,5368.7,5376.1,5356.7,5376.1,5356.7,19449
2026-03-03 14:10:00,BOS,short,5319.7,5337.0,5291.8,5337.0,5291.8,19456
2026-03-03 15:30:00,MSS,long,5326.2,5321.7,5333.5,5321.7,5333.5,19470
2026-03-03 16:20:00,MSS,short,5340.4,5349.0,5326.6,5349.0,5326.6,19481
2026-03-03 16:55:00,BOS,short,5316.0,5324.2,5302.7,5324.2,5302.7,19490
2026-03-03 17:00:00,BOS,short,5315.8,5324.2,5302.2,5324.2,5302.2,19490
2026-03-03 17:25:00,BOS,short,5285.4,5315.9,5236.0,5315.9,5236.0,19494
2026-03-03 17:50:00,MSS,long,5278.9,5270.9,5291.8,5270.9,5291.8,19500
2026-03-03 18:00:00,BOS,long,5281.9,5270.9,5299.8,5270.9,5299.8,19500
2026-03-03 18:35:00,MSS,short,5280.0,5293.1,5258.9,5293.1,5258.9,19509
2026-03-03 19:05:00,BOS,short,5234.2,5275.0,5168.3,5275.0,5168.3,19516
2026-03-03 19:45:00,MSS,long,5130.7,5112.6,5160.0,5112.6,5160.0,19524
2026-03-03 20:05:00,BOS,long,5163.9,5148.0,5189.5,5148.0,5189.5,19528
2026-03-03 20:55:00,BOS,long,5217.8,5206.0,5236.8,5206.0,5236.8,19538
2026-03-03 21:00:00,MSS,short,5217.0,5236.8,5185.0,5236.8,5185.0,19539
2026-03-03 21:50:00,BOS,short,5177.0,5197.7,5143.5,5197.7,5143.5,19546
2026-03-03 22:20:00,BOS,short,5165.4,5186.0,5132.0,5186.0,5132.0,19553
2026-03-03 22:30:00,BOS,short,5144.4,5158.0,5122.5,5158.0,5122.5,19557
2026-03-03 23:45:00,MSS,long,5036.7,5005.0,5088.0,5005.0,5088.0,19567
2026-03-04 00:35:00,BOS,long,5128.5,5117.8,5145.7,5117.8,5145.7,19582
2026-03-04 01:00:00,MSS,short,5125.2,5145.7,5092.0,5145.7,5092.0,19583
2026-03-04 01:30:00,BOS,short,5105.8,5121.0,5081.1,5121.0,5081.1,19591
2026-03-04 02:00:00,MSS,long,5088.6,5077.6,5106.3,5077.6,5106.3,19599
2026-03-04 02:25:00,BOS,long,5113.2,5103.9,5128.3,5103.9,5128.3,19604
2026-03-04 03:00:00,BOS,long,5149.3,5141.8,5161.4,5141.8,5161.4,19611
2026-03-04 03:05:00,MSS,short,5152.4,5161.4,5137.9,5161.4,5137.9,19612
2026-03-04 04:20:00,MSS,long,5130.1,5123.3,5141.1,5123.3,5141.1,19627
2026-03-04 04:35:00,MSS,short,5132.2,5141.1,5117.8,5141.1,5117.8,19628
2026-03-04 07:00:00,MSS,long,5105.4,5093.9,5124.1,5093.9,5124.1,19646
2026-03-04 08:00:00,MSS,short,5127.7,5136.0,5114.4,5136.0,5114.4,19659
2026-03-04 08:40:00,MSS,long,5136.7,5130.6,5146.6,5130.6,5146.6,19667
2026-03-04 09:00:00,BOS,long,5148.2,5135.9,5168.0,5135.9,5168.0,19671
2026-03-04 09:45:00,BOS,long,5162.8,5150.3,5183.0,5150.3,5183.0,19678
2026-03-04 10:05:00,BOS,long,5183.9,5177.4,5194.3,5177.4,5194.3,19684
2026-03-04 10:55:00,MSS,short,5179.5,5190.0,5162.5,5190.0,5162.5,19693
2026-03-04 11:15:00,MSS,long,5158.2,5150.0,5171.4,5150.0,5171.4,19697
2026-03-04 11:45:00,BOS,long,5167.8,5162.3,5176.8,5162.3,5176.8,19703
2026-03-04 12:40:00,MSS,short,5172.8,5180.5,5160.4,5180.5,5160.4,19713
2026-03-04 13:00:00,BOS,short,5168.7,5173.4,5161.0,5173.4,5161.0,19717
2026-03-04 13:10:00,MSS,long,5165.9,5160.3,5175.0,5160.3,5175.0,19721
2026-03-04 14:00:00,MSS,short,5166.9,5177.3,5150.2,5177.3,5150.2,19730
2026-03-04 14:30:00,MSS,long,5146.3,5136.0,5163.0,5136.0,5163.0,19736
2026-03-04 14:55:00,BOS,long,5161.3,5155.3,5170.9,5155.3,5170.9,19740
2026-03-04 15:45:00,BOS,long,5178.4,5173.7,5186.0,5173.7,5186.0,19752
2026-03-04 16:00:00,MSS,short,5178.6,5186.0,5166.5,5186.0,5166.5,19753
2026-03-04 16:45:00,MSS,long,5171.1,5157.7,5192.9,5157.7,5192.9,19757
2026-03-04 17:15:00,BOS,long,5176.4,5170.2,5186.5,5170.2,5186.5,19769
2026-03-04 17:35:00,BOS,long,5186.0,5179.8,5196.0,5179.8,5196.0,19774
2026-03-04 18:00:00,BOS,long,5191.1,5187.0,5197.8,5187.0,5197.8,19779
2026-03-04 19:05:00,BOS,long,5197.2,5193.0,5203.9,5193.0,5203.9,19789
2026-03-04 19:30:00,BOS,long,5205.2,5202.0,5210.3,5202.0,5210.3,19795
2026-03-04 20:00:00,BOS,long,5206.5,5199.3,5218.2,5199.3,5218.2,19802
2026-03-04 20:15:00,MSS,short,5207.4,5218.2,5189.8,5218.2,5189.8,19804
2026-03-04 21:00:00,MSS,long,5179.4,5170.9,5193.1,5170.9,5193.1,19815
2026-03-04 21:55:00,MSS,short,5193.6,5203.4,5177.7,5203.4,5177.7,19825
2026-03-04 22:30:00,MSS,long,5179.1,5169.2,5195.0,5169.2,5195.0,19833
2026-03-04 22:45:00,MSS,short,5178.2,5195.0,5151.0,5195.0,5151.0,19834
2026-03-04 23:10:00,BOS,short,5160.6,5173.3,5140.1,5173.3,5140.1,19840
2026-03-05 00:20:00,BOS,short,5163.6,5172.9,5148.6,5172.9,5148.6,19852
2026-03-05 01:20:00,BOS,short,5150.3,5161.9,5131.5,5161.9,5131.5,19867
2026-03-05 02:05:00,BOS,short,5152.7,5160.0,5141.0,5160.0,5141.0,19875
2026-03-05 02:45:00,MSS,long,5128.2,5118.7,5143.7,5118.7,5143.7,19884
2026-03-05 03:15:00,MSS,short,5142.5,5145.8,5137.2,5145.8,5137.2,19887
2026-03-05 03:55:00,MSS,long,5139.9,5133.3,5150.6,5133.3,5150.6,19894
2026-03-05 04:35:00,BOS,long,5142.3,5134.7,5154.5,5134.7,5154.5,19903
2026-03-05 05:30:00,MSS,short,5149.2,5153.9,5141.7,5153.9,5141.7,19916
2026-03-05 05:50:00,MSS,long,5146.6,5141.7,5154.5,5141.7,5154.5,19918
2026-03-05 07:45:00,BOS,long,5165.0,5159.4,5174.0,5159.4,5174.0,19931
2026-03-05 08:05:00,BOS,long,5174.2,5170.6,5180.0,5170.6,5180.0,19936
2026-03-05 09:05:00,BOS,long,5183.5,5177.7,5193.0,5177.7,5193.0,19947
2026-03-05 10:15:00,BOS,long,5185.9,5182.0,5192.2,5182.0,5192.2,19962
2026-03-05 10:55:00,BOS,long,5190.4,5183.3,5202.0,5183.3,5202.0,19969
2026-03-05 11:55:00,MSS,short,5195.1,5200.0,5187.1,5200.0,5187.1,19981
2026-03-05 12:40:00,BOS,short,5190.6,5195.6,5182.6,5195.6,5182.6,19987
2026-03-05 13:30:00,BOS,short,5179.4,5183.6,5172.6,5183.6,5172.6,20001
2026-03-05 14:05:00,BOS,short,5164.1,5178.4,5141.0,5178.4,5141.0,20005
2026-03-05 14:45:00,MSS,long,5144.0,5129.4,5167.7,5129.4,5167.7,20010
2026-03-05 16:00:00,MSS,short,5170.9,5175.4,5163.6,5175.4,5163.6,20029
2026-03-05 16:45:00,MSS,long,5158.6,5146.3,5178.5,5146.3,5178.5,20036
2026-03-05 17:05:00,BOS,long,5179.3,5171.5,5191.9,5171.5,5191.9,20044
2026-03-05 17:35:00,MSS,short,5181.0,5192.3,5162.8,5192.3,5162.8,20046
2026-03-05 18:45:00,MSS,long,5162.9,5157.0,5172.4,5157.0,5172.4,20063
2026-03-05 19:35:00,MSS,short,5174.0,5178.2,5167.3,5178.2,5167.3,20071
2026-03-05 20:00:00,MSS,long,5173.8,5171.0,5178.2,5171.0,5178.2,20079
2026-03-05 20:25:00,MSS,short,5178.3,5181.7,5172.7,5181.7,5172.7,20084
2026-03-05 21:00:00,BOS,short,5171.2,5176.9,5162.1,5176.9,5162.1,20090
2026-03-05 21:15:00,BOS,short,5161.3,5176.9,5136.0,5176.9,5136.0,20090
2026-03-05 22:15:00,BOS,short,5128.4,5139.1,5111.1,5139.1,5111.1,20105
2026-03-05 22:30:00,MSS,long,5119.2,5111.1,5132.4,5111.1,5132.4,20107
2026-03-05 22:35:00,MSS,short,5119.5,5132.4,5098.6,5132.4,5098.6,20110
2026-03-05 23:50:00,MSS,long,5094.1,5086.0,5107.2,5086.0,5107.2,20124
2026-03-06 00:05:00,MSS,short,5102.8,5113.9,5084.8,5113.9,5084.8,20128
2026-03-06 00:20:00,BOS,short,5085.8,5094.3,5072.0,5094.3,5072.0,20131
2026-03-06 01:00:00,MSS,long,5085.1,5078.7,5095.5,5078.7,5095.5,20138
2026-03-06 01:25:00,MSS,short,5092.9,5098.4,5083.9,5098.4,5083.9,20142
2026-03-06 02:10:00,MSS,long,5066.9,5057.1,5082.7,5057.1,5082.7,20152
2026-03-06 02:35:00,BOS,long,5077.9,5069.8,5091.0,5069.8,5091.0,20157
2026-03-06 03:25:00,MSS,short,5083.2,5090.4,5071.5,5090.4,5071.5,20165
2026-03-06 04:10:00,MSS,long,5077.9,5070.8,5089.4,5070.8,5089.4,20177
2026-03-06 05:50:00,BOS,long,5086.7,5081.9,5094.5,5081.9,5094.5,20195
2026-03-06 08:00:00,MSS,short,5098.5,5111.6,5077.4,5111.6,5077.4,20208
2026-03-06 08:50:00,MSS,long,5089.4,5083.8,5098.4,5083.8,5098.4,20220
2026-03-06 09:00:00,MSS,short,5089.1,5098.4,5074.1,5098.4,5074.1,20222
2026-03-06 09:30:00,MSS,long,5091.3,5081.0,5107.9,5081.0,5107.9,20226
2026-03-06 10:40:00,MSS,short,5137.9,5143.2,5129.4,5143.2,5129.4,20238
2026-03-06 11:00:00,MSS,long,5133.5,5130.3,5138.7,5130.3,5138.7,20246
2026-03-06 12:10:00,BOS,long,5141.1,5138.5,5145.4,5138.5,5145.4,20259
2026-03-06 12:25:00,MSS,short,5141.8,5145.4,5136.1,5145.4,5136.1,20262
2026-03-06 12:55:00,BOS,short,5140.9,5144.6,5134.8,5144.6,5134.8,20270
2026-03-06 13:25:00,MSS,long,5134.4,5131.5,5139.2,5131.5,5139.2,20276
2026-03-06 13:35:00,MSS,short,5134.5,5139.2,5127.0,5139.2,5127.0,20277
2026-03-06 14:20:00,MSS,long,5125.2,5121.3,5131.4,5121.3,5131.4,20286
2026-03-06 14:55:00,MSS,short,5128.2,5131.3,5123.3,5131.3,5123.3,20294
2026-03-06 15:55:00,MSS,long,5121.5,5116.5,5129.5,5116.5,5129.5,20302
2026-03-06 16:20:00,MSS,short,5121.9,5126.4,5114.7,5126.4,5114.7,20311
2026-03-06 17:10:00,BOS,short,5113.6,5120.2,5102.9,5120.2,5102.9,20319
2026-03-06 17:35:00,BOS,short,5105.1,5112.5,5093.0,5112.5,5093.0,20326
2026-03-06 19:20:00,MSS,long,5096.1,5089.2,5107.2,5089.2,5107.2,20346
2026-03-06 19:50:00,MSS,short,5100.5,5109.4,5086.2,5109.4,5086.2,20350
2026-03-06 20:55:00,BOS,short,5099.8,5105.9,5090.0,5105.9,5090.0,20364
2026-03-06 21:30:00,MSS,long,5097.1,5073.2,5135.7,5073.2,5135.7,20369
2026-03-06 22:55:00,BOS,long,5111.0,5091.9,5141.8,5091.9,5141.8,20388
2026-03-06 23:20:00,BOS,long,5159.0,5146.8,5178.8,5146.8,5178.8,20394
2026-03-07 00:35:00,MSS,short,5149.9,5156.2,5139.6,5156.2,5139.6,20410
2026-03-07 01:15:00,MSS,long,5144.0,5138.3,5153.2,5138.3,5153.2,20417
2026-03-07 01:30:00,BOS,long,5152.0,5146.5,5160.9,5146.5,5160.9,20421
2026-03-07 02:00:00,BOS,long,5147.0,5142.1,5155.0,5142.1,5155.0,20427
2026-03-07 03:10:00,BOS,long,5171.2,5165.6,5180.3,5165.6,5180.3,20438
2026-03-07 04:00:00,MSS,short,5169.2,5172.6,5163.7,5172.6,5163.7,20450
2026-03-07 04:30:00,BOS,short,5165.2,5169.0,5159.0,5169.0,5159.0,20457
2026-03-07 05:00:00,MSS,long,5163.0,5158.8,5169.9,5158.8,5169.9,20463
2026-03-07 05:30:00,BOS,long,5176.0,5173.6,5179.9,5173.6,5179.9,20469
2026-03-09 06:00:00,MSS,short,5177.6,5184.4,5166.7,5184.4,5166.7,20475
2026-03-09 06:40:00,BOS,short,5152.6,5175.4,5115.6,5175.4,5115.6,20482
2026-03-09 07:10:00,BOS,short,5127.0,5146.0,5096.2,5146.0,5096.2,20488
2026-03-09 07:35:00,BOS,short,5094.9,5114.0,5064.0,5114.0,5064.0,20494
2026-03-09 08:10:00,BOS,short,5068.7,5089.5,5035.1,5089.5,5035.1,20500
2026-03-09 08:45:00,BOS,short,5057.1,5067.6,5040.1,5067.6,5040.1,20507
2026-03-09 09:05:00,MSS,long,5038.4,5020.8,5066.8,5020.8,5066.8,20512
2026-03-09 09:55:00,MSS,short,5084.0,5089.0,5075.9,5089.0,5075.9,20521
2026-03-09 10:10:00,MSS,long,5077.2,5061.3,5102.9,5061.3,5102.9,20524
2026-03-09 12:05:00,BOS,long,5097.2,5093.2,5103.7,5093.2,5103.7,20548
2026-03-09 12:50:00,MSS,short,5097.7,5101.5,5091.6,5101.5,5091.6,20553
2026-03-09 13:00:00,MSS,long,5095.5,5091.3,5102.3,5091.3,5102.3,20557
2026-03-09 13:30:00,BOS,long,5102.4,5094.4,5115.4,5094.4,5115.4,20563
2026-03-09 14:35:00,MSS,short,5131.2,5137.0,5121.7,5137.0,5121.7,20578
2026-03-09 15:20:00,MSS,long,5106.5,5102.5,5113.0,5102.5,5113.0,20587
2026-03-09 16:00:00,BOS,long,5107.7,5101.0,5118.5,5101.0,5118.5,20593
2026-03-09 16:20:00,MSS,short,5112.4,5118.5,5102.5,5118.5,5102.5,20596
2026-03-09 16:45:00,MSS,long,5101.1,5096.6,5108.5,5096.6,5108.5,20604
2026-03-09 17:05:00,BOS,long,5107.7,5100.3,5119.6,5100.3,5119.6,20607
2026-03-09 18:25:00,MSS,short,5114.6,5119.6,5106.5,5119.6,5106.5,20622
2026-03-09 18:55:00,BOS,short,5102.5,5107.7,5094.1,5107.7,5094.1,20628
2026-03-09 20:00:00,MSS,long,5097.3,5091.6,5106.4,5091.6,5106.4,20642
2026-03-09 20:20:00,BOS,long,5106.5,5101.5,5114.5,5101.5,5114.5,20646
2026-03-09 20:40:00,MSS,short,5117.1,5120.4,5111.8,5120.4,5111.8,20650
2026-03-09 21:05:00,BOS,short,5102.9,5107.6,5095.3,5107.6,5095.3,20656
2026-03-09 21:30:00,MSS,long,5102.0,5092.3,5117.7,5092.3,5117.7,20660
2026-03-09 21:40:00,MSS,short,5105.3,5119.7,5082.1,5119.7,5082.1,20663
2026-03-09 22:30:00,MSS,long,5079.7,5067.4,5099.6,5067.4,5099.6,20670
2026-03-10 00:00:00,BOS,long,5106.7,5101.3,5115.5,5101.3,5115.5,20688
2026-03-10 00:15:00,MSS,short,5112.7,5118.2,5103.9,5118.2,5103.9,20694
2026-03-10 01:05:00,BOS,short,5112.8,5115.6,5108.4,5115.6,5108.4,20704
2026-03-10 01:50:00,MSS,long,5101.7,5097.7,5108.3,5097.7,5108.3,20712
2026-03-10 02:15:00,BOS,long,5105.9,5101.3,5113.4,5101.3,5113.4,20718
2026-03-10 02:30:00,BOS,long,5108.3,5101.3,5119.6,5101.3,5119.6,20718
2026-03-10 03:15:00,BOS,long,5134.3,5128.0,5144.4,5128.0,5144.4,20729
2026-03-10 03:55:00,BOS,long,5144.5,5138.7,5154.0,5138.7,5154.0,20737
2026-03-10 06:00:00,MSS,short,5141.8,5150.2,5128.1,5150.2,5128.1,20749
2026-03-10 06:45:00,MSS,long,5136.2,5126.0,5152.7,5126.0,5152.7,20756
2026-03-10 07:15:00,BOS,long,5154.7,5147.7,5166.0,5147.7,5166.0,20765
2026-03-10 07:40:00,MSS,short,5153.5,5158.8,5145.0,5158.8,5145.0,20771
2026-03-10 08:20:00,BOS,short,5146.8,5151.5,5139.2,5151.5,5139.2,20778
2026-03-10 09:00:00,MSS,long,5144.8,5137.9,5156.0,5137.9,5156.0,20787
2026-03-10 09:20:00,BOS,long,5157.4,5148.3,5172.1,5148.3,5172.1,20790
2026-03-10 09:45:00,BOS,long,5169.1,5162.4,5180.0,5162.4,5180.0,20794
2026-03-10 10:50:00,MSS,short,5189.1,5194.4,5180.6,5194.4,5180.6,20809
2026-03-10 12:10:00,MSS,long,5166.8,5162.6,5173.7,5162.6,5173.7,20825
2026-03-10 13:00:00,BOS,long,5173.6,5170.0,5179.5,5170.0,5179.5,20833
2026-03-10 13:10:00,BOS,long,5174.7,5170.0,5182.3,5170.0,5182.3,20833
2026-03-10 13:30:00,MSS,short,5179.0,5180.8,5176.1,5180.8,5176.1,20841
2026-03-10 13:45:00,MSS,long,5179.9,5178.0,5183.0,5178.0,5183.0,20841
2026-03-10 15:15:00,MSS,short,5183.9,5188.1,5177.0,5188.1,5177.0,20861
2026-03-10 15:45:00,MSS,long,5175.6,5167.4,5188.9,5167.4,5188.9,20864
2026-03-10 16:30:00,BOS,long,5190.2,5185.0,5198.6,5185.0,5198.6,20876
2026-03-10 17:55:00,MSS,short,5195.8,5198.3,5191.7,5198.3,5191.7,20893
2026-03-10 18:30:00,BOS,short,5185.1,5191.4,5174.9,5191.4,5174.9,20900
2026-03-10 19:05:00,MSS,long,5178.8,5165.7,5200.0,5165.7,5200.0,20903
2026-03-10 19:40:00,MSS,short,5190.2,5194.6,5183.0,5194.6,5183.0,20915
2026-03-10 20:00:00,BOS,short,5184.0,5188.8,5176.2,5188.8,5176.2,20918
2026-03-10 20:25:00,MSS,long,5178.3,5171.2,5189.9,5171.2,5189.9,20921
2026-03-10 21:00:00,BOS,long,5198.5,5189.9,5212.4,5189.9,5212.4,20930
2026-03-10 21:45:00,MSS,short,5218.1,5226.2,5205.0,5226.2,5205.0,20940
2026-03-10 22:05:00,BOS,short,5214.0,5224.7,5196.8,5224.7,5196.8,20943
2026-03-10 23:00:00,MSS,long,5217.0,5211.6,5225.7,5211.6,5225.7,20951
2026-03-10 23:30:00,BOS,long,5238.1,5232.9,5246.5,5232.9,5246.5,20961
2026-03-10 23:50:00,MSS,short,5244.0,5248.7,5236.5,5248.7,5236.5,20965
2026-03-11 00:40:00,BOS,short,5241.1,5244.0,5236.5,5244.0,5236.5,20975
2026-03-11 02:00:00,BOS,short,5236.2,5242.2,5226.5,5242.2,5226.5,20990
2026-03-11 03:15:00,MSS,long,5206.0,5201.5,5213.3,5201.5,5213.3,21006
2026-03-11 03:30:00,MSS,short,5206.4,5216.4,5190.1,5216.4,5190.1,21008
2026-03-11 04:55:00,BOS,short,5204.0,5207.8,5197.8,5207.8,5197.8,21025
2026-03-11 06:05:00,BOS,short,5202.3,5207.8,5193.4,5207.8,5193.4,21025
2026-03-11 07:40:00,BOS,short,5201.6,5203.9,5198.0,5203.9,5198.0,21047
2026-03-11 07:55:00,MSS,long,5198.9,5195.3,5204.8,5195.3,5204.8,21049
2026-03-11 08:15:00,BOS,long,5200.5,5193.7,5211.4,5193.7,5211.4,21053
2026-03-11 08:45:00,BOS,long,5218.7,5214.8,5224.9,5214.8,5224.9,21060
2026-03-11 09:50:00,MSS,short,5222.5,5225.7,5217.4,5225.7,5217.4,21073
2026-03-11 10:40:00,MSS,long,5212.8,5209.5,5218.1,5209.5,5218.1,21082
2026-03-11 11:45:00,MSS,short,5215.2,5218.1,5210.4,5218.1,5210.4,21095
2026-03-11 12:50:00,BOS,short,5214.0,5216.7,5209.7,5216.7,5209.7,21108
2026-03-11 13:25:00,BOS,short,5213.5,5216.7,5208.2,5216.7,5208.2,21113
2026-03-11 14:05:00,MSS,long,5207.1,5204.1,5211.9,5204.1,5211.9,21124
2026-03-11 14:30:00,MSS,short,5212.8,5215.0,5209.2,5215.0,5209.2,21129
2026-03-11 15:00:00,MSS,long,5210.2,5210.7,5209.4,5210.7,5209.4,21128
2026-03-11 15:30:00,MSS,short,5203.1,5206.5,5197.6,5206.5,5197.6,21141
2026-03-11 16:10:00,MSS,long,5200.1,5196.0,5206.7,5196.0,5206.7,21148
2026-03-11 16:20:00,MSS,short,5202.0,5206.7,5194.4,5206.7,5194.4,21150
2026-03-11 17:30:00,MSS,long,5193.2,5187.1,5203.1,5187.1,5203.1,21161
2026-03-11 17:55:00,MSS,short,5200.9,5204.9,5194.4,5204.9,5194.4,21168
2026-03-11 18:05:00,MSS,long,5197.0,5194.1,5201.7,5194.1,5201.7,21172
2026-03-11 18:20:00,MSS,short,5201.3,5203.0,5198.5,5203.0,5198.5,21174
2026-03-11 19:00:00,MSS,long,5195.9,5192.7,5201.2,5192.7,5201.2,21183
2026-03-11 19:15:00,MSS,short,5196.6,5201.3,5189.0,5201.3,5189.0,21185
2026-03-11 19:55:00,BOS,short,5191.6,5196.9,5183.0,5196.9,5183.0,21194
2026-03-11 20:10:00,MSS,long,5190.0,5183.0,5201.3,5183.0,5201.3,21195
2026-03-11 20:30:00,MSS,short,5197.0,5203.3,5186.7,5203.3,5186.7,21199
2026-03-11 20:55:00,BOS,short,5183.5,5189.9,5173.2,5189.9,5173.2,21204
2026-03-11 21:45:00,BOS,short,5181.1,5191.1,5165.0,5191.1,5165.0,21212
2026-03-11 22:00:00,MSS,long,5170.7,5156.0,5194.6,5156.0,5194.6,21218
2026-03-11 22:25:00,BOS,long,5197.2,5193.4,5203.4,5193.4,5203.4,21224
2026-03-11 23:10:00,MSS,short,5192.2,5201.0,5177.9,5201.0,5177.9,21230
2026-03-12 00:35:00,MSS,long,5176.0,5171.5,5183.2,5171.5,5183.2,21249
2026-03-12 01:05:00,BOS,long,5181.9,5177.7,5188.6,5177.7,5188.6,21254
2026-03-12 01:30:00,MSS,short,5178.3,5181.6,5173.0,5181.6,5173.0,21261
2026-03-12 01:55:00,MSS,long,5167.3,5161.1,5177.3,5161.1,5177.3,21264
2026-03-12 03:40:00,BOS,long,5180.9,5176.6,5187.9,5176.6,5187.9,21280
2026-03-12 03:50:00,BOS,long,5186.7,5184.5,5190.2,5184.5,5190.2,21289
2026-03-12 04:15:00,MSS,short,5188.3,5191.5,5183.1,5191.5,5183.1,21292
2026-03-12 06:05:00,BOS,short,5183.3,5189.8,5172.8,5189.8,5172.8,21304
2026-03-12 06:55:00,BOS,short,5159.6,5174.5,5135.6,5174.5,5135.6,21314
2026-03-12 07:45:00,BOS,short,5153.1,5159.2,5143.2,5159.2,5143.2,21324
2026-03-12 08:20:00,MSS,long,5139.5,5130.1,5154.8,5130.1,5154.8,21329
2026-03-12 09:00:00,BOS,long,5163.0,5157.2,5172.3,5157.2,5172.3,21339
2026-03-12 09:35:00,BOS,long,5163.3,5159.1,5170.0,5159.1,5170.0,21346
2026-03-12 10:05:00,BOS,long,5173.3,5169.7,5179.2,5169.7,5179.2,21351
2026-03-12 10:20:00,MSS,short,5177.7,5180.1,5173.7,5180.1,5173.7,21354
2026-03-12 11:35:00,BOS,short,5157.1,5159.7,5152.8,5159.7,5152.8,21368
2026-03-12 12:15:00,MSS,long,5157.9,5156.9,5159.4,5156.9,5159.4,21378
2026-03-12 12:20:00,MSS,short,5157.8,5159.4,5155.1,5159.4,5155.1,21379
2026-03-12 13:05:00,MSS,long,5148.1,5145.3,5152.7,5145.3,5152.7,21387
2026-03-12 13:40:00,BOS,long,5148.8,5142.0,5159.9,5142.0,5159.9,21393
2026-03-12 14:15:00,MSS,short,5159.0,5161.0,5155.8,5161.0,5155.8,21402
2026-03-12 14:25:00,MSS,long,5156.4,5152.5,5162.8,5152.5,5162.8,21404
2026-03-12 15:40:00,BOS,long,5178.7,5174.2,5185.9,5174.2,5185.9,21419
2026-03-12 16:55:00,MSS,short,5186.6,5188.2,5183.9,5188.2,5183.9,21431
2026-03-12 17:10:00,BOS,short,5184.9,5187.0,5181.5,5187.0,5181.5,21435
2026-03-12 17:30:00,MSS,long,5184.4,5180.0,5191.4,5180.0,5191.4,21440
2026-03-12 17:55:00,BOS,long,5191.9,5189.1,5196.3,5189.1,5196.3,21446
2026-03-12 18:25:00,MSS,short,5193.4,5197.9,5186.1,5197.9,5186.1,21449
2026-03-12 19:15:00,BOS,short,5186.0,5189.6,5180.3,5189.6,5180.3,21460
2026-03-12 19:40:00,MSS,long,5183.5,5181.4,5186.8,5181.4,5186.8,21467
2026-03-12 20:00:00,MSS,short,5184.5,5187.2,5180.1,5187.2,5180.1,21471
2026-03-12 20:45:00,MSS,long,5179.7,5174.5,5188.1,5174.5,5188.1,21480
2026-03-12 21:15:00,MSS,short,5187.3,5192.6,5178.6,5192.6,5178.6,21484
2026-03-12 21:50:00,BOS,short,5177.7,5192.6,5153.6,5192.6,5153.6,21484
2026-03-12 22:00:00,MSS,long,5159.0,5152.0,5170.2,5152.0,5170.2,21495
2026-03-12 22:15:00,MSS,short,5163.6,5166.7,5158.6,5166.7,5158.6,21494
2026-03-12 23:00:00,BOS,short,5145.4,5150.8,5136.6,5150.8,5136.6,21507
2026-03-13 00:05:00,BOS,short,5136.0,5141.0,5127.9,5141.0,5127.9,21520
2026-03-13 00:55:00,BOS,short,5138.0,5144.0,5128.4,5144.0,5128.4,21528
2026-03-13 01:15:00,BOS,short,5130.4,5136.7,5120.1,5136.7,5120.1,21533
2026-03-13 01:30:00,BOS,short,5125.4,5130.0,5118.0,5130.0,5118.0,21536
2026-03-13 02:20:00,BOS,short,5113.4,5117.3,5107.0,5117.3,5107.0,21547
2026-03-13 03:00:00,BOS,short,5097.5,5105.3,5084.8,5105.3,5084.8,21554
2026-03-13 03:55:00,BOS,short,5097.2,5102.7,5088.4,5102.7,5088.4,21566
2026-03-13 06:00:00,MSS,long,5069.8,5058.1,5088.7,5058.1,5088.7,21574
2026-03-13 06:55:00,BOS,long,5092.8,5088.8,5099.4,5088.8,5099.4,21587
2026-03-13 07:20:00,BOS,long,5096.6,5093.1,5102.3,5093.1,5102.3,21594
2026-03-13 08:05:00,BOS,long,5103.1,5100.3,5107.5,5100.3,5107.5,21604
2026-03-13 08:30:00,BOS,long,5109.7,5107.3,5113.7,5107.3,5113.7,21609
2026-03-13 09:40:00,MSS,short,5121.0,5125.2,5114.1,5125.2,5114.1,21622
2026-03-13 09:55:00,MSS,long,5117.8,5111.5,5128.1,5111.5,5128.1,21625
2026-03-13 10:20:00,MSS,short,5127.2,5132.4,5118.7,5132.4,5118.7,21628
2026-03-13 10:55:00,BOS,short,5122.2,5127.4,5113.8,5127.4,5113.8,21632
2026-03-13 11:35:00,BOS,short,5114.4,5117.7,5109.0,5117.7,5109.0,21644
2026-03-13 11:45:00,MSS,long,5113.2,5109.0,5119.9,5109.0,5119.9,21647
2026-03-13 12:20:00,MSS,short,5115.7,5121.4,5106.6,5121.4,5106.6,21652
2026-03-13 13:10:00,MSS,long,5108.2,5105.6,5112.3,5105.6,5112.3,21665
2026-03-13 13:40:00,MSS,short,5110.1,5114.8,5102.5,5114.8,5102.5,21670
2026-03-13 14:00:00,MSS,long,5104.3,5100.4,5110.5,5100.4,5110.5,21675
2026-03-13 14:20:00,MSS,short,5106.3,5111.3,5098.2,5111.3,5098.2,21677
2026-03-13 15:15:00,BOS,short,5091.0,5098.4,5079.1,5098.4,5079.1,21690
2026-03-13 16:00:00,BOS,short,5088.0,5097.6,5072.5,5097.6,5072.5,21696
2026-03-13 16:35:00,MSS,long,5074.1,5066.0,5087.3,5066.0,5087.3,21704
2026-03-13 16:55:00,BOS,long,5085.5,5080.6,5093.5,5080.6,5093.5,21709
2026-03-13 18:10:00,BOS,long,5093.5,5090.5,5098.3,5090.5,5098.3,21724
2026-03-13 18:30:00,MSS,short,5095.2,5101.5,5085.0,5101.5,5085.0,21727
2026-03-13 18:45:00,MSS,long,5090.5,5085.0,5099.4,5085.0,5099.4,21730
2026-03-13 19:55:00,BOS,long,5103.1,5097.0,5113.0,5097.0,5113.0,21745
2026-03-13 20:45:00,BOS,long,5119.6,5114.2,5128.4,5114.2,5128.4,21756
2026-03-13 21:25:00,MSS,short,5118.0,5121.2,5112.7,5121.2,5112.7,21764
2026-03-13 22:10:00,BOS,short,5107.1,5114.4,5095.2,5114.4,5095.2,21773
2026-03-13 23:40:00,BOS,short,5062.6,5072.8,5046.2,5072.8,5046.2,21790
2026-03-14 01:10:00,MSS,long,5052.9,5047.7,5061.2,5047.7,5061.2,21808
2026-03-14 01:45:00,MSS,short,5061.5,5068.5,5050.3,5068.5,5050.3,21815
2026-03-14 02:10:00,BOS,short,5051.9,5056.2,5045.0,5056.2,5045.0,21821
2026-03-14 03:10:00,BOS,short,5048.3,5054.5,5038.4,5054.5,5038.4,21832
2026-03-14 04:40:00,MSS,long,5022.1,5017.2,5030.1,5017.2,5030.1,21850
2026-03-16 06:00:00,MSS,short,5016.3,5026.3,5000.0,5026.3,5000.0,21855
2026-03-16 06:05:00,MSS,long,5013.4,5000.0,5035.2,5000.0,5035.2,21856
2026-03-16 06:45:00,BOS,long,5016.6,5011.4,5025.0,5011.4,5025.0,21864
2026-03-16 07:00:00,MSS,short,5021.9,5030.0,5008.9,5030.0,5008.9,21867
2026-03-16 07:55:00,MSS,long,4985.8,4975.5,5002.4,4975.5,5002.4,21877
2026-03-16 08:30:00,BOS,long,5025.0,5018.4,5035.6,5018.4,5035.6,21885
2026-03-16 09:00:00,MSS,short,5026.5,5033.5,5015.1,5033.5,5015.1,21891
2026-03-16 09:55:00,MSS,long,5011.9,5006.7,5020.3,5006.7,5020.3,21902
2026-03-16 10:30:00,MSS,short,5017.3,5022.3,5009.3,5022.3,5009.3,21908
2026-03-16 11:10:00,BOS,short,5005.9,5008.9,5001.1,5008.9,5001.1,21917
2026-03-16 11:25:00,MSS,long,5006.5,5001.1,5015.3,5001.1,5015.3,21918
2026-03-16 12:35:00,MSS,short,5026.0,5028.4,5022.0,5028.4,5022.0,21934
2026-03-16 13:15:00,BOS,short,5016.9,5020.2,5011.5,5020.2,5011.5,21940
2026-03-16 13:40:00,MSS,long,5012.3,5006.6,5021.6,5006.6,5021.6,21947
2026-03-16 13:50:00,BOS,long,5013.2,5006.6,5023.9,5006.6,5023.9,21947
2026-03-16 14:05:00,BOS,long,5020.4,5016.9,5026.0,5016.9,5026.0,21952
2026-03-16 14:45:00,MSS,short,5029.5,5040.0,5012.5,5040.0,5012.5,21955
2026-03-16 15:20:00,BOS,short,5014.5,5020.0,5005.7,5020.0,5005.7,21965
2026-03-16 15:35:00,BOS,short,5005.2,5011.7,4994.6,5011.7,4994.6,21970
2026-03-16 16:10:00,BOS,short,4999.1,5003.3,4992.2,5003.3,4992.2,21976
2026-03-16 16:20:00,MSS,long,4997.7,4991.5,5007.6,4991.5,5007.6,21979
2026-03-16 16:40:00,MSS,short,5000.4,5007.9,4988.2,5007.9,4988.2,21981
2026-03-16 17:25:00,MSS,long,4987.6,4983.5,4994.2,4983.5,4994.2,21989
2026-03-16 17:40:00,MSS,short,4991.6,4995.6,4985.0,4995.6,4985.0,21994
2026-03-16 18:25:00,MSS,long,4981.9,4973.5,4995.5,4973.5,4995.5,22000
2026-03-16 18:45:00,BOS,long,4990.5,4984.9,4999.6,4984.9,4999.6,22008
2026-03-16 19:10:00,BOS,long,5005.1,5000.6,5012.3,5000.6,5012.3,22013
2026-03-16 19:45:00,MSS,short,5021.5,5025.2,5015.5,5025.2,5015.5,22020
2026-03-16 20:25:00,MSS,long,5009.8,4997.0,5030.4,4997.0,5030.4,22023
2026-03-16 20:45:00,MSS,short,5027.2,5030.6,5021.8,5030.6,5021.8,22032
2026-03-16 21:10:00,MSS,long,5022.4,5018.5,5028.8,5018.5,5028.8,22036
2026-03-16 21:30:00,BOS,long,5028.5,5024.0,5035.8,5024.0,5035.8,22041
2026-03-16 22:20:00,MSS,short,5037.2,5044.5,5025.3,5044.5,5025.3,22049
2026-03-16 23:15:00,MSS,long,5000.6,4994.8,5009.9,4994.8,5009.9,22062
2026-03-17 00:25:00,MSS,short,4996.0,5004.2,4982.7,5004.2,4982.7,22074
2026-03-17 00:50:00,MSS,long,4992.1,4988.2,4998.3,4988.2,4998.3,22081
2026-03-17 01:00:00,BOS,long,4997.6,4994.2,5003.0,4994.2,5003.0,22083
2026-03-17 01:25:00,MSS,short,5005.9,5009.5,5000.1,5009.5,5000.1,22086
2026-03-17 02:00:00,MSS,long,4994.0,4989.3,5001.7,4989.3,5001.7,22094
2026-03-17 02:05:00,BOS,long,4995.6,4989.3,5005.9,4989.3,5005.9,22094
2026-03-17 02:25:00,BOS,long,5007.5,5003.3,5014.2,5003.3,5014.2,22100
2026-03-17 04:05:00,BOS,long,5019.0,5014.1,5026.9,5014.1,5026.9,22120
2026-03-17 04:25:00,MSS,short,5025.0,5028.0,5020.1,5028.0,5020.1,22122
2026-03-17 06:10:00,BOS,short,5016.3,5022.8,5005.7,5022.8,5005.7,22133
2026-03-17 07:20:00,MSS,long,5008.8,5005.5,5014.2,5005.5,5014.2,22143
2026-03-17 08:05:00,MSS,short,5015.5,5020.9,5006.8,5020.9,5006.8,22155
2026-03-17 08:45:00,BOS,short,5008.7,5011.6,5004.0,5011.6,5004.0,22163
2026-03-17 09:05:00,MSS,long,5004.4,4998.4,5014.0,4998.4,5014.0,22168
2026-03-17 09:35:00,BOS,long,5016.0,5011.0,5024.0,5011.0,5024.0,22173
2026-03-17 10:40:00,BOS,long,5028.7,5025.8,5033.5,5025.8,5033.5,22187
2026-03-17 11:15:00,BOS,long,5027.0,5024.4,5031.3,5024.4,5031.3,22192
2026-03-17 12:25:00,BOS,long,5033.1,5030.5,5037.3,5030.5,5037.3,22207
2026-03-17 13:40:00,MSS,short,5041.2,5044.5,5035.9,5044.5,5035.9,22222
2026-03-17 15:30:00,MSS,long,5019.1,5013.1,5028.8,5013.1,5028.8,22244
2026-03-17 16:15:00,BOS,long,5025.5,5022.6,5030.1,5022.6,5030.1,22253
2026-03-17 17:10:00,MSS,short,5025.6,5030.4,5017.8,5030.4,5017.8,22264
2026-03-17 17:55:00,BOS,short,5017.9,5020.2,5014.1,5020.2,5014.1,22273
2026-03-17 18:00:00,BOS,short,5017.0,5020.2,5011.8,5020.2,5011.8,22273
2026-03-17 19:10:00,MSS,long,5004.4,5000.7,5010.3,5000.7,5010.3,22288
2026-03-17 19:55:00,MSS,short,5012.2,5015.9,5006.1,5015.9,5006.1,22297
2026-03-17 20:15:00,MSS,long,5008.9,5003.2,5018.0,5003.2,5018.0,22300
2026-03-17 21:30:00,BOS,long,5021.8,5015.3,5032.4,5015.3,5032.4,22317
2026-03-17 22:20:00,MSS,short,5021.4,5026.3,5013.5,5026.3,5013.5,22325
2026-03-17 23:25:00,BOS,short,5011.4,5019.7,4998.0,5019.7,4998.0,22339
2026-03-18 00:15:00,MSS,long,5000.1,4995.6,5007.3,4995.6,5007.3,22349
2026-03-18 00:45:00,MSS,short,5007.6,5010.4,5003.0,5010.4,5003.0,22354
2026-03-18 01:00:00,MSS,long,5005.5,5001.8,5011.6,5001.8,5011.6,22358
2026-03-18 01:40:00,MSS,short,5007.5,5011.0,5001.9,5011.0,5001.9,22367
2026-03-18 02:00:00,MSS,long,5004.6,5000.8,5010.8,5000.8,5010.8,22369
2026-03-18 02:25:00,MSS,short,5011.5,5013.6,5008.2,5013.6,5008.2,22376
2026-03-18 03:15:00,BOS,short,5007.4,5009.5,5003.9,5009.5,5003.9,22385
2026-03-18 04:00:00,MSS,long,5005.1,5002.8,5008.7,5002.8,5008.7,22395
2026-03-18 04:50:00,MSS,short,5008.6,5010.2,5006.1,5010.2,5006.1,22405
2026-03-18 04:55:00,MSS,long,5008.7,5006.1,5012.8,5006.1,5012.8,22406
2026-03-18 06:00:00,MSS,short,5009.6,5012.8,5004.3,5012.8,5004.3,22407
2026-03-18 06:40:00,BOS,short,5003.8,5006.9,4998.7,5006.9,4998.7,22413
2026-03-18 07:30:00,MSS,long,5004.7,5002.6,5008.1,5002.6,5008.1,22425
2026-03-18 08:00:00,BOS,long,5007.3,5004.7,5011.6,5004.7,5011.6,22428
2026-03-18 09:00:00,BOS,long,5009.6,5007.2,5013.5,5007.2,5013.5,22443
2026-03-18 10:15:00,BOS,long,5002.7,4999.7,5007.5,4999.7,5007.5,22457
2026-03-18 10:50:00,MSS,short,5003.8,5007.5,4997.8,5007.5,4997.8,22465
2026-03-18 11:45:00,BOS,short,4999.1,5000.8,4996.3,5000.8,4996.3,22475
2026-03-18 12:30:00,BOS,short,4993.5,4996.6,4988.6,4996.6,4988.6,22484
2026-03-18 12:55:00,MSS,long,4987.8,4986.1,4990.5,4986.1,4990.5,22490
2026-03-18 13:20:00,BOS,long,4991.7,4988.8,4996.3,4988.8,4996.3,22495
2026-03-18 14:05:00,BOS,long,5000.9,4997.5,5006.5,4997.5,5006.5,22503
2026-03-18 14:30:00,BOS,long,5013.2,5010.5,5017.5,5010.5,5017.5,22508
2026-03-18 14:55:00,MSS,short,5016.4,5018.7,5012.6,5018.7,5012.6,22513
2026-03-18 15:15:00,BOS,short,5016.0,5019.2,5010.8,5019.2,5010.8,22517
2026-03-18 15:40:00,BOS,short,5010.6,5014.0,5005.0,5014.0,5005.0,22522
2026-03-18 16:20:00,BOS,short,4995.0,4999.7,4987.5,4999.7,4987.5,22531
2026-03-18 17:20:00,MSS,long,4992.3,4988.6,4998.4,4988.6,4998.4,22543
2026-03-18 17:45:00,MSS,short,4998.3,4999.9,4995.7,4999.9,4995.7,22547
2026-03-18 18:00:00,BOS,short,4997.4,4999.8,4993.4,4999.8,4993.4,22550
2026-03-18 18:25:00,BOS,short,4991.8,4995.8,4985.2,4995.8,4985.2,22556
2026-03-18 19:25:00,BOS,short,4966.9,4977.5,4949.7,4977.5,4949.7,22568
2026-03-18 20:05:00,BOS,short,4953.8,4977.5,4915.5,4977.5,4915.5,22568
2026-03-18 20:45:00,BOS,short,4886.9,4893.7,4875.9,4893.7,4875.9,22584
2026-03-18 21:00:00,BOS,short,4879.8,4894.9,4855.5,4894.9,4855.5,22586
2026-03-18 21:35:00,MSS,long,4860.6,4852.9,4873.0,4852.9,4873.0,22594
2026-03-18 22:05:00,BOS,long,4877.1,4863.8,4898.7,4863.8,4898.7,22598
2026-03-18 22:35:00,MSS,short,4883.7,4898.7,4859.5,4898.7,4859.5,22601
2026-03-19 00:05:00,MSS,long,4868.4,4864.5,4874.7,4864.5,4874.7,22624
2026-03-19 00:50:00,BOS,long,4883.3,4877.1,4893.3,4877.1,4893.3,22631
2026-03-19 01:20:00,BOS,long,4893.2,4888.0,4901.7,4888.0,4901.7,22638
2026-03-19 01:35:00,BOS,long,4896.4,4891.7,4904.0,4891.7,4904.0,22642
2026-03-19 02:05:00,MSS,short,4897.0,4904.4,4884.9,4904.4,4884.9,22648
2026-03-19 02:30:00,BOS,short,4887.6,4894.4,4876.6,4894.4,4876.6,22650
2026-03-19 03:15:00,MSS,long,4859.1,4853.0,4868.9,4853.0,4868.9,22662
2026-03-19 03:20:00,MSS,short,4860.9,4868.9,4848.0,4868.9,4848.0,22663
2026-03-19 03:55:00,BOS,short,4856.2,4863.9,4843.7,4863.9,4843.7,22667
2026-03-19 04:10:00,BOS,short,4842.8,4852.4,4827.3,4852.4,4827.3,22672
2026-03-19 04:25:00,BOS,short,4824.0,4831.7,4811.6,4831.7,4811.6,22676
2026-03-19 06:40:00,MSS,long,4818.5,4810.4,4831.5,4810.4,4831.5,22690
2026-03-19 07:25:00,BOS,long,4835.3,4830.3,4843.3,4830.3,4843.3,22699
2026-03-19 08:00:00,BOS,long,4838.6,4832.2,4849.0,4832.2,4849.0,22705
2026-03-19 09:10:00,MSS,short,4847.6,4854.9,4835.9,4854.9,4835.9,22720
2026-03-19 09:35:00,MSS,long,4845.7,4834.6,4863.6,4834.6,4863.6,22724
2026-03-19 09:55:00,MSS,short,4861.7,4868.5,4850.7,4868.5,4850.7,22728
2026-03-19 10:40:00,MSS,long,4858.1,4854.9,4863.3,4854.9,4863.3,22738
2026-03-19 11:05:00,BOS,long,4858.7,4854.7,4865.2,4854.7,4865.2,22742
2026-03-19 11:55:00,MSS,short,4856.1,4858.6,4852.1,4858.6,4852.1,22752
2026-03-19 12:45:00,BOS,short,4851.3,4854.2,4846.5,4854.2,4846.5,22763
2026-03-19 13:00:00,MSS,long,4849.6,4846.5,4854.7,4846.5,4854.7,22765
2026-03-19 13:30:00,MSS,short,4849.7,4855.6,4840.2,4855.6,4840.2,22772
2026-03-19 13:55:00,BOS,short,4836.7,4841.8,4828.4,4841.8,4828.4,22778
2026-03-19 14:15:00,BOS,short,4836.2,4844.1,4823.3,4844.1,4823.3,22780
2026-03-19 15:40:00,BOS,short,4759.5,4773.7,4736.6,4773.7,4736.6,22799
2026-03-19 16:40:00,BOS,short,4719.1,4738.5,4687.8,4738.5,4687.8,22808
2026-03-19 17:10:00,BOS,short,4710.7,4723.4,4690.1,4723.4,4690.1,22816
2026-03-19 17:55:00,BOS,short,4711.4,4719.6,4698.2,4719.6,4698.2,22826
2026-03-19 18:15:00,BOS,short,4710.4,4722.4,4690.9,4722.4,4690.9,22829
2026-03-19 19:40:00,BOS,short,4684.6,4699.5,4660.4,4699.5,4660.4,22846
2026-03-19 20:20:00,BOS,short,4622.1,4633.3,4604.0,4633.3,4604.0,22855
2026-03-19 20:40:00,BOS,short,4598.2,4620.8,4561.6,4620.8,4561.6,22859
2026-03-19 21:30:00,MSS,long,4567.1,4555.6,4585.7,4555.6,4585.7,22869
2026-03-19 21:50:00,BOS,long,4563.7,4540.5,4601.2,4540.5,4601.2,22873
2026-03-19 22:15:00,MSS,short,4634.8,4652.1,4606.8,4652.1,4606.8,22878
2026-03-19 22:25:00,BOS,short,4627.1,4652.1,4586.6,4652.1,4586.6,22878
2026-03-19 22:35:00,MSS,long,4598.5,4583.1,4623.3,4583.1,4623.3,22882
2026-03-19 22:50:00,BOS,long,4614.4,4604.5,4630.4,4604.5,4630.4,22885
2026-03-19 22:55:00,MSS,short,4618.8,4630.4,4600.0,4630.4,4600.0,22886
2026-03-19 23:15:00,BOS,short,4628.1,4641.8,4605.9,4641.8,4605.9,22889
2026-03-20 01:05:00,BOS,short,4590.2,4597.4,4578.6,4597.4,4578.6,22912
2026-03-20 01:15:00,MSS,long,4586.3,4576.8,4601.7,4576.8,4601.7,22914
2026-03-20 01:50:00,BOS,long,4614.6,4602.8,4633.6,4602.8,4633.6,22919
2026-03-20 02:30:00,MSS,short,4612.6,4617.9,4604.1,4617.9,4604.1,22929
2026-03-20 02:55:00,MSS,long,4614.8,4607.7,4626.2,4607.7,4626.2,22934
2026-03-20 04:00:00,BOS,long,4643.9,4635.1,4658.1,4635.1,4658.1,22946
2026-03-20 04:20:00,BOS,long,4657.5,4653.3,4664.4,4653.3,4664.4,22951
2026-03-20 04:55:00,MSS,short,4659.5,4664.7,4651.0,4664.7,4651.0,22958
2026-03-20 06:05:00,MSS,long,4657.9,4651.0,4669.0,4651.0,4669.0,22959
2026-03-20 06:40:00,MSS,short,4667.5,4679.7,4647.8,4679.7,4647.8,22963
2026-03-20 06:55:00,BOS,short,4663.7,4679.7,4637.7,4679.7,4637.7,22963
2026-03-20 07:30:00,BOS,short,4645.7,4649.3,4640.0,4649.3,4640.0,22976
2026-03-20 08:00:00,MSS,long,4648.0,4643.5,4655.4,4643.5,4655.4,22983
2026-03-20 09:00:00,BOS,long,4656.7,4648.0,4670.7,4648.0,4670.7,22995
2026-03-20 09:40:00,BOS,long,4666.0,4650.2,4691.5,4650.2,4691.5,22999
2026-03-20 10:00:00,MSS,short,4691.0,4701.6,4673.8,4701.6,4673.8,23005
2026-03-20 10:05:00,MSS,long,4678.8,4673.8,4686.9,4673.8,4686.9,23008
2026-03-20 10:45:00,BOS,long,4688.1,4680.0,4701.1,4680.0,4701.1,23015
2026-03-20 11:00:00,BOS,long,4690.7,4680.0,4708.0,4680.0,4708.0,23015
2026-03-20 11:45:00,MSS,short,4731.4,4735.6,4724.7,4735.6,4724.7,23028
2026-03-20 12:05:00,BOS,short,4724.6,4728.7,4718.0,4728.7,4718.0,23031
2026-03-20 12:25:00,MSS,long,4720.8,4718.4,4724.7,4718.4,4724.7,23036
2026-03-20 12:45:00,MSS,short,4722.6,4727.0,4715.4,4727.0,4715.4,23039
2026-03-20 13:00:00,BOS,short,4718.4,4723.0,4711.0,4723.0,4711.0,23042
2026-03-20 13:30:00,BOS,short,4715.9,4724.2,4702.5,4724.2,4702.5,23048
2026-03-20 13:45:00,BOS,short,4710.7,4718.3,4698.4,4718.3,4698.4,23052
2026-03-20 14:35:00,BOS,short,4686.0,4697.0,4668.3,4697.0,4668.3,23059
2026-03-20 15:45:00,MSS,long,4679.7,4666.4,4701.3,4666.4,4701.3,23067
2026-03-20 16:45:00,MSS,short,4704.5,4711.3,4693.4,4711.3,4693.4,23088
2026-03-20 17:30:00,BOS,short,4688.6,4694.7,4678.8,4694.7,4678.8,23097
2026-03-20 17:50:00,BOS,short,4682.7,4694.7,4663.4,4694.7,4663.4,23097
2026-03-20 18:00:00,BOS,short,4668.4,4678.4,4652.3,4678.4,4652.3,23102
2026-03-20 18:35:00,MSS,long,4657.6,4649.7,4670.4,4649.7,4670.4,23110
2026-03-20 18:55:00,MSS,short,4658.4,4670.4,4639.1,4670.4,4639.1,23111
2026-03-20 20:00:00,MSS,long,4668.5,4658.7,4684.3,4658.7,4684.3,23126
2026-03-20 20:30:00,MSS,short,4684.6,4693.4,4670.4,4693.4,4670.4,23132
2026-03-20 21:10:00,BOS,short,4671.6,4682.4,4654.2,4682.4,4654.2,23138
2026-03-20 21:30:00,BOS,short,4659.8,4670.8,4642.0,4670.8,4642.0,23144
2026-03-20 21:50:00,BOS,short,4648.5,4666.0,4620.2,4666.0,4620.2,23148
2026-03-20 22:10:00,BOS,short,4609.1,4623.4,4585.9,4623.4,4585.9,23153
2026-03-20 22:45:00,BOS,short,4577.4,4586.0,4563.6,4586.0,4563.6,23159
2026-03-21 00:10:00,MSS,long,4563.0,4545.8,4590.7,4545.8,4590.7,23173
2026-03-21 01:00:00,BOS,long,4578.2,4568.3,4594.3,4568.3,4594.3,23185
2026-03-21 01:15:00,MSS,short,4587.0,4594.3,4575.2,4594.3,4575.2,23188
2026-03-21 02:20:00,BOS,short,4564.7,4581.1,4538.2,4581.1,4538.2,23200
2026-03-21 03:40:00,MSS,long,4503.3,4493.9,4518.6,4493.9,4518.6,23219
2026-03-21 04:15:00,BOS,long,4503.2,4495.5,4515.6,4495.5,4515.6,23225
2026-03-21 04:30:00,MSS,short,4511.2,4517.0,4501.7,4517.0,4501.7,23228
2026-03-21 04:55:00,BOS,short,4500.0,4506.6,4489.4,4506.6,4489.4,23234
2026-03-23 06:05:00,MSS,long,4466.2,4435.4,4516.0,4435.4,4516.0,23236
2026-03-23 07:30:00,MSS,short,4492.7,4500.3,4480.4,4500.3,4480.4,23251
2026-03-23 07:45:00,BOS,short,4479.8,4491.8,4460.5,4491.8,4460.5,23256
2026-03-23 08:00:00,BOS,short,4458.2,4471.7,4436.3,4471.7,4436.3,23259
2026-03-23 08:30:00,BOS,short,4429.4,4447.5,4400.0,4447.5,4400.0,23265
2026-03-23 09:00:00,MSS,long,4345.5,4321.5,4384.4,4321.5,4384.4,23270
2026-03-23 09:35:00,BOS,long,4432.9,4421.7,4450.9,4421.7,4450.9,23277
2026-03-23 09:45:00,MSS,short,4438.7,4455.2,4412.1,4455.2,4412.1,23278
2026-03-23 10:30:00,BOS,short,4404.0,4417.5,4382.2,4417.5,4382.2,23289
2026-03-23 11:35:00,BOS,short,4359.3,4367.1,4346.6,4367.1,4346.6,23302
2026-03-23 12:05:00,MSS,long,4351.3,4337.2,4374.1,4337.2,4374.1,23304
2026-03-23 12:35:00,BOS,long,4371.1,4362.5,4385.0,4362.5,4385.0,23314
2026-03-23 12:50:00,MSS,short,4372.8,4385.0,4353.0,4385.0,4353.0,23315
2026-03-23 13:30:00,BOS,short,4361.2,4383.6,4324.9,4383.6,4324.9,23320
2026-03-23 14:25:00,BOS,short,4289.1,4316.9,4244.1,4316.9,4244.1,23335
2026-03-23 14:40:00,BOS,short,4267.2,4316.9,4186.7,4316.9,4186.7,23335
2026-03-23 15:05:00,BOS,short,4196.3,4235.3,4133.1,4235.3,4133.1,23342
2026-03-23 16:05:00,MSS,long,4209.3,4187.8,4244.2,4187.8,4244.2,23355
2026-03-23 16:30:00,BOS,long,4232.6,4212.2,4265.5,4212.2,4265.5,23360
2026-03-23 17:15:00,BOS,long,4247.7,4219.7,4293.1,4219.7,4293.1,23367
2026-03-23 19:00:00,BOS,long,4268.9,4251.5,4297.0,4251.5,4297.0,23391
2026-03-23 19:55:00,MSS,short,4398.2,4419.8,4363.2,4419.8,4363.2,23401
2026-03-23 20:30:00,MSS,long,4397.6,4388.0,4413.0,4388.0,4413.0,23409
2026-03-23 21:15:00,MSS,short,4448.2,4462.5,4425.1,4462.5,4425.1,23418
2026-03-23 21:50:00,MSS,long,4440.0,4421.4,4470.0,4421.4,4470.0,23425
2026-03-23 22:15:00,BOS,long,4471.8,4455.3,4498.6,4455.3,4498.6,23430
2026-03-23 23:15:00,MSS,short,4466.0,4488.9,4428.9,4488.9,4428.9,23441
2026-03-24 01:05:00,MSS,long,4385.7,4373.8,4404.9,4373.8,4404.9,23463
2026-03-24 01:30:00,BOS,long,4407.1,4390.6,4433.7,4390.6,4433.7,23468
2026-03-24 02:05:00,MSS,short,4420.9,4432.0,4403.0,4432.0,4403.0,23475
2026-03-24 02:30:00,MSS,long,4425.0,4411.3,4447.2,4411.3,4447.2,23479
2026-03-24 03:10:00,MSS,short,4444.8,4469.8,4404.4,4469.8,4404.4,23485
2026-03-24 03:40:00,MSS,long,4403.5,4393.9,4419.1,4393.9,4419.1,23492
2026-03-24 03:55:00,MSS,short,4418.3,4430.0,4399.3,4430.0,4399.3,23497
2026-03-24 04:40:00,MSS,long,4404.5,4398.5,4414.2,4398.5,4414.2,23507
2026-03-24 06:00:00,MSS,short,4403.7,4416.5,4383.0,4416.5,4383.0,23510
2026-03-24 06:50:00,MSS,long,4390.3,4363.5,4433.7,4363.5,4433.7,23513
2026-03-24 07:35:00,MSS,short,4442.4,4450.7,4429.1,4450.7,4429.1,23529
2026-03-24 08:00:00,BOS,short,4440.9,4448.4,4428.7,4448.4,4428.7,23534
2026-03-24 09:40:00,BOS,short,4351.9,4370.3,4322.2,4370.3,4322.2,23555
2026-03-24 10:25:00,MSS,long,4324.6,4306.0,4354.6,4306.0,4354.6,23562
2026-03-24 11:30:00,MSS,short,4360.8,4369.6,4346.5,4369.6,4346.5,23576
2026-03-24 12:15:00,BOS,short,4347.3,4357.8,4330.2,4357.8,4330.2,23585
2026-03-24 12:50:00,MSS,long,4335.5,4326.8,4349.5,4326.8,4349.5,23588
2026-03-24 13:05:00,MSS,short,4338.6,4350.2,4319.9,4350.2,4319.9,23593
2026-03-24 13:40:00,MSS,long,4342.3,4321.9,4375.4,4321.9,4375.4,23602
2026-03-24 14:05:00,BOS,long,4356.2,4345.2,4374.0,4345.2,4374.0,23608
2026-03-24 14:20:00,BOS,long,4374.6,4362.1,4394.7,4362.1,4394.7,23611
2026-03-24 14:40:00,MSS,short,4390.8,4399.6,4376.5,4399.6,4376.5,23613
2026-03-24 14:55:00,MSS,long,4387.5,4375.5,4406.9,4375.5,4406.9,23617
2026-03-24 16:20:00,MSS,short,4413.0,4423.5,4395.9,4423.5,4395.9,23634
2026-03-24 17:35:00,MSS,long,4410.9,4405.8,4419.2,4405.8,4419.2,23650
2026-03-24 17:55:00,BOS,long,4420.7,4413.5,4432.4,4413.5,4432.4,23654
2026-03-24 18:50:00,BOS,long,4424.9,4419.6,4433.6,4419.6,4433.6,23665
2026-03-24 19:00:00,MSS,short,4416.5,4442.9,4373.7,4442.9,4373.7,23667
2026-03-24 19:30:00,MSS,long,4416.1,4408.4,4428.6,4408.4,4428.6,23673
2026-03-24 19:50:00,MSS,short,4414.0,4428.4,4390.6,4428.4,4390.6,23677
2026-03-24 20:30:00,BOS,short,4407.4,4428.1,4374.0,4428.1,4374.0,23683
2026-03-24 21:25:00,BOS,short,4373.9,4385.0,4356.0,4385.0,4356.0,23695
2026-03-24 21:55:00,MSS,long,4363.5,4350.5,4384.5,4350.5,4384.5,23701
2026-03-24 22:15:00,BOS,long,4369.7,4350.5,4400.7,4350.5,4400.7,23701
2026-03-24 22:30:00,BOS,long,4397.1,4384.5,4417.6,4384.5,4417.6,23706
2026-03-24 22:50:00,BOS,long,4415.3,4403.3,4434.7,4403.3,4434.7,23713
2026-03-24 23:05:00,MSS,short,4413.9,4421.6,4401.5,4421.6,4401.5,23713
2026-03-24 23:35:00,MSS,long,4417.5,4410.5,4428.7,4410.5,4428.7,23722
2026-03-25 00:00:00,MSS,short,4421.7,4431.7,4405.4,4431.7,4405.4,23725
2026-03-25 01:00:00,BOS,short,4421.3,4428.8,4409.2,4428.8,4409.2,23737
2026-03-25 01:30:00,BOS,short,4397.4,4406.9,4382.1,4406.9,4382.1,23745
2026-03-25 01:55:00,MSS,long,4380.5,4371.4,4395.1,4371.4,4395.1,23749
2026-03-25 02:55:00,MSS,short,4396.2,4403.6,4384.3,4403.6,4384.3,23762
2026-03-25 03:05:00,MSS,long,4392.6,4384.3,4406.0,4384.3,4406.0,23763
2026-03-25 03:15:00,BOS,long,4393.7,4384.3,4409.0,4384.3,4409.0,23763
2026-03-25 03:35:00,MSS,short,4406.3,4412.0,4397.1,4412.0,4397.1,23769
2026-03-25 04:15:00,MSS,long,4402.8,4397.7,4411.0,4397.7,4411.0,23777
2026-03-25 04:50:00,BOS,long,4461.8,4448.4,4483.4,4448.4,4483.4,23784
2026-03-25 06:25:00,MSS,short,4481.1,4487.9,4470.2,4487.9,4470.2,23792
2026-03-25 07:15:00,MSS,long,4475.2,4458.2,4502.7,4458.2,4502.7,23794
2026-03-25 07:35:00,BOS,long,4493.3,4458.2,4550.0,4458.2,4550.0,23794
2026-03-25 08:30:00,BOS,long,4549.8,4541.2,4563.6,4541.2,4563.6,23815
2026-03-25 09:05:00,BOS,long,4562.2,4553.3,4576.7,4553.3,4576.7,23824
2026-03-25 09:30:00,BOS,long,4574.5,4568.1,4584.9,4568.1,4584.9,23827
2026-03-25 09:45:00,BOS,long,4587.6,4582.4,4595.9,4582.4,4595.9,23832
2026-03-25 10:05:00,MSS,short,4592.0,4600.3,4578.7,4600.3,4578.7,23834
2026-03-25 10:40:00,MSS,long,4585.9,4579.9,4595.6,4579.9,4595.6,23842
2026-03-25 11:00:00,MSS,short,4590.1,4601.6,4571.4,4601.6,4571.4,23845
2026-03-25 11:40:00,BOS,short,4573.2,4576.4,4568.0,4576.4,4568.0,23855
2026-03-25 13:15:00,BOS,short,4568.3,4572.0,4562.2,4572.0,4562.2,23873
2026-03-25 14:05:00,BOS,short,4555.5,4566.2,4538.3,4566.2,4538.3,23881
2026-03-25 15:10:00,MSS,long,4547.8,4541.7,4557.6,4541.7,4557.6,23895
2026-03-25 15:35:00,MSS,short,4554.2,4562.1,4541.4,4562.1,4541.4,23901
2026-03-25 16:15:00,MSS,long,4546.6,4535.6,4564.3,4535.6,4564.3,23908
2026-03-25 17:40:00,MSS,short,4558.3,4565.0,4547.5,4565.0,4547.5,23924
2026-03-25 18:30:00,BOS,short,4559.8,4565.0,4551.3,4565.0,4551.3,23924
2026-03-25 18:40:00,BOS,short,4554.5,4557.3,4550.0,4557.3,4550.0,23935
2026-03-25 18:50:00,MSS,long,4554.0,4549.5,4561.3,4549.5,4561.3,23939
2026-03-25 19:00:00,BOS,long,4555.3,4549.5,4564.8,4549.5,4564.8,23939
2026-03-25 19:20:00,BOS,long,4568.5,4560.5,4581.4,4560.5,4581.4,23946
2026-03-25 20:15:00,MSS,short,4574.5,4582.8,4561.2,4582.8,4561.2,23957
2026-03-25 21:00:00,MSS,long,4547.9,4534.4,4569.8,4534.4,4569.8,23965
2026-03-25 21:50:00,MSS,short,4562.2,4576.3,4539.3,4576.3,4539.3,23974
2026-03-25 22:15:00,MSS,long,4542.5,4531.2,4560.9,4531.2,4560.9,23980
2026-03-25 22:25:00,BOS,long,4550.9,4544.4,4561.4,4544.4,4561.4,23984
2026-03-25 23:15:00,MSS,short,4556.7,4577.8,4522.5,4577.8,4522.5,23990
2026-03-26 00:15:00,BOS,short,4556.7,4564.4,4544.3,4564.4,4544.3,24003
2026-03-26 01:05:00,BOS,short,4552.2,4557.5,4543.7,4557.5,4543.7,24014
2026-03-26 01:30:00,MSS,long,4548.6,4540.5,4561.6,4540.5,4561.6,24019
2026-03-26 01:50:00,MSS,short,4555.2,4562.0,4544.2,4562.0,4544.2,24023
2026-03-26 02:45:00,BOS,short,4549.8,4555.6,4540.5,4555.6,4540.5,24034
2026-03-26 03:40:00,MSS,long,4511.7,4503.6,4524.9,4503.6,4524.9,24047
2026-03-26 04:30:00,MSS,short,4526.0,4531.8,4516.7,4531.8,4516.7,24055
2026-03-26 06:00:00,MSS,long,4507.9,4499.2,4521.9,4499.2,4521.9,24062
2026-03-26 06:30:00,BOS,long,4507.6,4501.7,4517.1,4501.7,4517.1,24067
2026-03-26 07:00:00,MSS,short,4519.7,4531.7,4500.2,4531.7,4500.2,24072
2026-03-26 07:35:00,BOS,short,4499.9,4508.3,4486.3,4508.3,4486.3,24082
2026-03-26 08:05:00,MSS,long,4497.3,4484.5,4518.0,4484.5,4518.0,24084
2026-03-26 08:10:00,BOS,long,4500.0,4484.5,4525.0,4484.5,4525.0,24084
2026-03-26 08:45:00,BOS,long,4526.5,4521.5,4534.7,4521.5,4534.7,24095
2026-03-26 09:45:00,MSS,short,4527.8,4533.0,4519.4,4533.0,4519.4,24108
2026-03-26 10:35:00,BOS,short,4519.7,4526.9,4508.0,4526.9,4508.0,24118
2026-03-26 11:30:00,MSS,long,4502.3,4495.7,4513.0,4495.7,4513.0,24128
2026-03-26 12:10:00,BOS,long,4510.7,4507.6,4515.7,4507.6,4515.7,24137
2026-03-26 12:25:00,BOS,long,4514.9,4512.5,4518.8,4512.5,4518.8,24140
2026-03-26 13:05:00,MSS,short,4514.8,4518.9,4508.1,4518.9,4508.1,24148
2026-03-26 13:20:00,BOS,short,4511.0,4518.9,4498.1,4518.9,4498.1,24148
2026-03-26 13:45:00,BOS,short,4481.7,4492.7,4463.9,4492.7,4463.9,24155
2026-03-26 14:25:00,MSS,long,4422.0,4411.8,4438.4,4411.8,4438.4,24163
2026-03-26 16:10:00,MSS,short,4448.2,4455.7,4436.1,4455.7,4436.1,24184
2026-03-26 18:15:00,MSS,long,4421.9,4414.5,4433.8,4414.5,4433.8,24208
2026-03-26 18:35:00,MSS,short,4438.1,4445.4,4426.3,4445.4,4426.3,24213
2026-03-26 19:00:00,MSS,long,4429.7,4419.9,4445.6,4419.9,4445.6,24216
2026-03-26 19:45:00,MSS,short,4438.8,4449.0,4422.3,4449.0,4422.3,24228
2026-03-26 20:05:00,MSS,long,4422.4,4413.2,4437.2,4413.2,4437.2,24232
2026-03-26 20:35:00,BOS,long,4434.4,4429.4,4442.4,4429.4,4442.4,24238
2026-03-26 20:55:00,MSS,short,4436.0,4442.6,4425.4,4442.6,4425.4,24240
2026-03-26 21:20:00,MSS,long,4439.2,4431.7,4451.3,4431.7,4451.3,24247
2026-03-26 21:35:00,MSS,short,4443.5,4451.3,4430.9,4451.3,4430.9,24248
2026-03-26 22:30:00,MSS,long,4457.6,4448.0,4473.1,4448.0,4473.1,24261
2026-03-26 22:50:00,MSS,short,4464.9,4477.0,4445.3,4477.0,4445.3,24264
2026-03-26 23:30:00,BOS,short,4447.5,4455.5,4434.6,4455.5,4434.6,24272
2026-03-27 00:20:00,BOS,short,4418.8,4439.4,4385.4,4439.4,4385.4,24282
2026-03-27 01:05:00,MSS,long,4387.5,4380.7,4398.5,4380.7,4398.5,24292
2026-03-27 01:25:00,MSS,short,4385.3,4393.1,4372.6,4393.1,4372.6,24296
2026-03-27 02:20:00,BOS,short,4378.6,4387.7,4364.0,4387.7,4364.0,24305
2026-03-27 02:40:00,MSS,long,4374.8,4364.0,4392.3,4364.0,4392.3,24308
2026-03-27 03:00:00,MSS,short,4391.2,4394.6,4385.8,4394.6,4385.8,24313
2026-03-27 03:25:00,BOS,short,4383.2,4388.6,4374.4,4388.6,4374.4,24320
2026-03-27 03:50:00,BOS,short,4375.3,4384.8,4360.0,4384.8,4360.0,24323
2026-03-27 04:10:00,MSS,long,4372.4,4348.4,4411.3,4348.4,4411.3,24329
2026-03-27 04:35:00,BOS,long,4374.6,4348.4,4416.9,4348.4,4416.9,24329
2026-03-27 06:35:00,BOS,long,4394.9,4389.0,4404.5,4389.0,4404.5,24345
2026-03-27 07:00:00,MSS,short,4402.9,4407.3,4395.8,4407.3,4395.8,24351
2026-03-27 08:00:00,MSS,long,4396.3,4390.3,4406.0,4390.3,4406.0,24361
2026-03-27 08:20:00,MSS,short,4395.0,4406.0,4377.1,4406.0,4377.1,24364
2026-03-27 09:20:00,MSS,long,4389.9,4385.5,4397.0,4385.5,4397.0,24379
2026-03-27 10:00:00,BOS,long,4414.7,4405.9,4429.0,4405.9,4429.0,24386
2026-03-27 11:00:00,MSS,short,4429.4,4435.4,4419.6,4435.4,4419.6,24397
2026-03-27 11:25:00,MSS,long,4421.3,4415.1,4431.3,4415.1,4431.3,24401
2026-03-27 12:30:00,BOS,long,4429.5,4426.1,4435.0,4426.1,4435.0,24415
2026-03-27 13:30:00,BOS,long,4442.3,4434.8,4454.5,4434.8,4454.5,24429
2026-03-27 14:35:00,BOS,long,4458.0,4455.1,4462.8,4455.1,4462.8,24442
2026-03-27 14:45:00,MSS,short,4459.4,4462.8,4453.8,4462.8,4453.8,24443
2026-03-27 15:00:00,BOS,short,4452.8,4458.5,4443.7,4458.5,4443.7,24447
2026-03-27 15:25:00,BOS,short,4448.9,4451.6,4444.5,4451.6,4444.5,24452
2026-03-27 15:40:00,BOS,short,4446.6,4450.3,4440.7,4450.3,4440.7,24455
2026-03-27 15:50:00,BOS,short,4443.5,4447.4,4437.3,4447.4,4437.3,24457
2026-03-27 16:55:00,BOS,short,4429.1,4435.1,4419.3,4435.1,4419.3,24468
2026-03-27 18:00:00,BOS,short,4425.7,4428.3,4421.6,4428.3,4421.6,24482
2026-03-27 18:35:00,BOS,short,4422.6,4426.9,4415.7,4426.9,4415.7,24489
2026-03-27 19:00:00,BOS,short,4410.0,4413.9,4403.6,4413.9,4403.6,24494
2026-03-27 19:25:00,MSS,long,4403.7,4399.0,4411.3,4399.0,4411.3,24497
2026-03-27 19:40:00,BOS,long,4411.5,4408.4,4416.5,4408.4,4416.5,24503
2026-03-27 19:50:00,BOS,long,4413.0,4408.4,4420.4,4408.4,4420.4,24503
2026-03-27 20:05:00,MSS,short,4415.8,4420.8,4407.6,4420.8,4407.6,24507
2026-03-27 20:15:00,MSS,long,4415.7,4407.6,4428.8,4407.6,4428.8,24509
2026-03-27 20:35:00,BOS,long,4418.8,4411.5,4430.6,4411.5,4430.6,24512
2026-03-27 21:00:00,MSS,short,4434.1,4439.3,4425.6,4439.3,4425.6,24518
2026-03-27 21:25:00,BOS,short,4427.5,4436.4,4413.0,4436.4,4413.0,24524
2026-03-27 22:00:00,MSS,long,4430.4,4416.0,4453.8,4416.0,4453.8,24531
2026-03-27 22:15:00,BOS,long,4450.1,4440.4,4465.9,4440.4,4465.9,24534
2026-03-27 22:45:00,BOS,long,4457.0,4447.3,4472.6,4447.3,4472.6,24538
2026-03-27 23:20:00,BOS,long,4512.8,4488.2,4552.5,4488.2,4552.5,24547
2026-03-27 23:55:00,MSS,short,4527.9,4533.8,4518.4,4533.8,4518.4,24553
2026-03-28 00:30:00,BOS,short,4523.3,4531.3,4510.3,4531.3,4510.3,24560
2026-03-28 01:15:00,BOS,short,4511.6,4521.0,4496.5,4521.0,4496.5,24569
2026-03-28 02:15:00,MSS,long,4493.2,4484.1,4507.8,4484.1,4507.8,24579
2026-03-28 03:00:00,MSS,short,4518.1,4526.2,4505.0,4526.2,4505.0,24587
2026-03-28 03:15:00,MSS,long,4509.7,4503.9,4519.1,4503.9,4519.1,24593
2026-03-28 03:35:00,MSS,short,4517.4,4523.2,4508.0,4523.2,4508.0,24598
2026-03-28 04:45:00,BOS,short,4502.6,4508.4,4493.1,4508.4,4493.1,24612
2026-03-30 07:05:00,BOS,short,4477.4,4487.3,4461.4,4487.3,4461.4,24628
2026-03-30 07:30:00,BOS,short,4466.5,4476.7,4450.0,4476.7,4450.0,24633
2026-03-30 08:00:00,BOS,short,4440.5,4448.2,4428.0,4448.2,4428.0,24638
2026-03-30 08:20:00,MSS,long,4431.2,4414.0,4459.0,4414.0,4459.0,24642
2026-03-30 08:50:00,MSS,short,4448.0,4460.0,4428.5,4460.0,4428.5,24645
2026-03-30 09:00:00,MSS,long,4434.7,4428.2,4445.1,4428.2,4445.1,24651
2026-03-30 09:25:00,MSS,short,4456.4,4462.4,4446.6,4462.4,4446.6,24656
2026-03-30 09:30:00,MSS,long,4453.6,4446.6,4465.0,4446.6,4465.0,24657
2026-03-30 10:20:00,MSS,short,4468.2,4471.0,4463.6,4471.0,4463.6,24667
2026-03-30 10:30:00,BOS,short,4464.3,4468.7,4457.2,4468.7,4457.2,24669
2026-03-30 10:40:00,MSS,long,4470.9,4457.2,4493.1,4457.2,4493.1,24670
2026-03-30 11:55:00,MSS,short,4502.2,4505.0,4497.8,4505.0,4497.8,24685
2026-03-30 12:40:00,BOS,short,4489.8,4492.4,4485.5,4492.4,4485.5,24692
2026-03-30 12:55:00,MSS,long,4488.6,4484.4,4495.3,4484.4,4495.3,24694
2026-03-30 13:45:00,BOS,long,4507.7,4502.0,4516.9,4502.0,4516.9,24704
2026-03-30 14:15:00,BOS,long,4521.8,4515.9,4531.4,4515.9,4531.4,24711
2026-03-30 14:30:00,BOS,long,4527.4,4524.5,4532.0,4524.5,4532.0,24716
2026-03-30 15:00:00,MSS,short,4536.8,4546.0,4522.0,4546.0,4522.0,24720
2026-03-30 15:20:00,BOS,short,4524.8,4526.4,4522.3,4526.4,4522.3,24725
2026-03-30 15:50:00,MSS,long,4517.6,4515.2,4521.6,4515.2,4521.6,24732
2026-03-30 16:00:00,BOS,long,4518.9,4515.2,4525.0,4515.2,4525.0,24732
2026-03-30 16:30:00,BOS,long,4530.5,4528.4,4534.0,4528.4,4534.0,24739
2026-03-30 16:50:00,BOS,long,4532.2,4529.8,4536.0,4529.8,4536.0,24741
2026-03-30 17:10:00,MSS,short,4533.0,4536.2,4527.8,4536.2,4527.8,24744
2026-03-30 17:30:00,BOS,short,4527.4,4531.3,4521.2,4531.3,4521.2,24748
2026-03-30 17:40:00,MSS,long,4525.5,4521.2,4532.5,4521.2,4532.5,24750
2026-03-30 18:10:00,MSS,short,4530.3,4531.4,4528.4,4531.4,4528.4,24755
2026-03-30 18:25:00,BOS,short,4530.1,4531.3,4528.1,4531.3,4528.1,24757
2026-03-30 18:45:00,BOS,short,4529.3,4530.3,4527.6,4530.3,4527.6,24760
2026-03-30 18:55:00,BOS,short,4530.0,4532.6,4525.8,4532.6,4525.8,24763
2026-03-30 19:00:00,BOS,short,4529.7,4532.6,4524.9,4532.6,4524.9,24763
2026-03-30 19:10:00,MSS,long,4529.2,4524.9,4536.2,4524.9,4536.2,24765
2026-03-30 19:40:00,BOS,long,4547.6,4538.7,4562.0,4538.7,4562.0,24772
2026-03-30 20:15:00,BOS,long,4558.2,4554.0,4565.0,4554.0,4565.0,24779
2026-03-30 21:20:00,MSS,short,4569.5,4575.0,4560.5,4575.0,4560.5,24789
2026-03-30 21:30:00,BOS,short,4562.6,4567.0,4555.4,4567.0,4555.4,24792
2026-03-30 22:45:00,MSS,long,4526.1,4518.2,4539.0,4518.2,4539.0,24806
2026-03-30 23:35:00,BOS,long,4535.1,4527.6,4547.3,4527.6,4547.3,24815
2026-03-31 00:00:00,MSS,short,4548.9,4555.5,4538.1,4555.5,4538.1,24820
2026-03-31 00:25:00,BOS,short,4541.5,4545.1,4535.6,4545.1,4535.6,24823
2026-03-31 00:40:00,MSS,long,4537.0,4531.3,4546.2,4531.3,4546.2,24827
2026-03-31 01:15:00,MSS,short,4535.8,4546.2,4519.1,4546.2,4519.1,24829
2026-03-31 03:00:00,BOS,short,4509.0,4517.4,4495.4,4517.4,4495.4,24842
2026-03-31 03:30:00,MSS,long,4498.9,4492.6,4509.2,4492.6,4509.2,24845
2026-03-31 04:00:00,BOS,long,4510.5,4507.8,4514.8,4507.8,4514.8,24847
2026-03-31 04:05:00,MSS,short,4511.9,4514.8,4507.1,4514.8,4507.1,24848
2026-03-31 08:20:00,BOS,short,4502.4,4510.1,4490.0,4510.1,4490.0,24855
2026-03-31 09:40:00,MSS,long,4531.0,4490.0,4597.2,4490.0,4597.2,24857
2026-03-31 22:00:00,BOS,long,4574.1,4550.1,4613.0,4550.1,4613.0,24860
2026-04-01 00:40:00,BOS,long,4625.4,4616.1,4640.4,4616.1,4640.4,24867
2026-04-01 02:10:00,BOS,long,4657.4,4653.5,4663.8,4653.5,4663.8,24873
2026-04-01 08:40:00,BOS,long,4681.5,4667.6,4704.0,4667.6,4704.0,24878
2026-04-01 20:30:00,BOS,long,4709.7,4690.3,4741.1,4690.3,4741.1,24882
2026-04-02 08:15:00,BOS,long,4762.6,4744.4,4792.1,4744.4,4792.1,24888
2026-04-02 14:00:00,MSS,short,4715.2,4792.1,4590.7,4792.1,4590.7,24889
2026-04-02 20:35:00,MSS,long,4614.5,4611.4,4619.6,4611.4,4619.6,24893
2026-04-07 10:05:00,MSS,short,4622.6,4626.3,4616.5,4626.3,4616.5,24900
2026-04-07 19:30:00,MSS,long,4628.8,4616.5,4648.8,4616.5,4648.8,24901
2026-04-07 22:05:00,MSS,short,4632.5,4648.8,4606.0,4648.8,4606.0,24902
2026-04-07 23:55:00,MSS,long,4642.3,4635.0,4654.2,4635.0,4654.2,24909
2026-04-08 02:40:00,BOS,long,4662.9,4654.2,4677.0,4654.2,4677.0,24913
2026-04-13 10:55:00,MSS,short,4751.5,4771.5,4719.2,4771.5,4719.2,24932
2026-04-13 23:00:00,BOS,short,4712.7,4717.2,4705.4,4717.2,4705.4,24936
2026-04-13 23:20:00,BOS,short,4705.5,4707.6,4702.1,4707.6,4702.1,24940
2026-04-13 23:35:00,MSS,long,4705.7,4702.1,4711.4,4702.1,4711.4,24941
2026-04-14 09:45:00,BOS,long,4764.4,4762.8,4767.1,4762.8,4767.1,24946
2026-04-16 11:30:00,BOS,long,4815.5,4810.2,4824.0,4810.2,4824.0,24955
2026-04-17 04:50:00,MSS,short,4809.9,4824.0,4787.0,4824.0,4787.0,24956
2026-04-22 01:00:00,BOS,short,4756.0,4784.3,4710.2,4784.3,4710.2,24962
2026-04-23 11:00:00,BOS,short,4735.6,4761.7,4693.3,4761.7,4693.3,24965
2026-04-24 11:55:00,BOS,short,4704.4,4726.9,4668.0,4726.9,4668.0,24969
2026-04-24 22:05:00,MSS,long,4689.8,4665.9,4728.5,4665.9,4728.5,24971
2026-04-29 08:00:00,MSS,short,4651.1,4677.3,4608.8,4677.3,4608.8,24977
2026-04-29 08:50:00,BOS,short,4615.2,4618.7,4609.5,4618.7,4609.5,24986
2026-04-29 09:00:00,BOS,short,4607.2,4615.5,4593.7,4615.5,4593.7,24989
2026-04-29 09:40:00,MSS,long,4597.3,4592.4,4605.3,4592.4,4605.3,24996
2026-04-29 10:00:00,BOS,long,4599.6,4593.8,4609.0,4593.8,4609.0,25000
2026-04-29 10:35:00,MSS,short,4614.0,4616.9,4609.2,4616.9,4609.2,25007
2026-04-29 10:50:00,BOS,short,4611.5,4614.8,4606.2,4614.8,4606.2,25011
2026-04-29 11:10:00,MSS,long,4609.6,4605.4,4616.4,4605.4,4616.4,25013
2026-04-29 12:50:00,BOS,long,4613.4,4610.4,4618.3,4610.4,4618.3,25031
2026-04-29 13:10:00,MSS,short,4618.4,4621.3,4613.8,4621.3,4613.8,25038
2026-04-29 13:30:00,BOS,short,4616.3,4621.3,4608.2,4621.3,4608.2,25038
2026-04-29 13:55:00,BOS,short,4612.0,4616.9,4604.2,4616.9,4604.2,25048
2026-04-29 14:10:00,BOS,short,4608.2,4612.5,4601.3,4612.5,4601.3,25050
2026-04-29 15:00:00,MSS,long,4598.1,4594.9,4603.3,4594.9,4603.3,25060
2026-04-29 15:05:00,MSS,short,4599.4,4603.3,4593.2,4603.3,4593.2,25062
2026-04-29 15:55:00,BOS,short,4588.1,4592.8,4580.6,4592.8,4580.6,25068
2026-04-29 16:10:00,BOS,short,4583.3,4586.8,4577.6,4586.8,4577.6,25074
2026-04-29 16:30:00,BOS,short,4581.2,4584.9,4575.1,4584.9,4575.1,25079
2026-04-29 16:50:00,MSS,long,4577.4,4570.5,4588.5,4570.5,4588.5,25081
2026-04-29 17:15:00,BOS,long,4588.0,4584.5,4593.6,4584.5,4593.6,25088
2026-04-29 17:25:00,MSS,short,4588.3,4594.1,4578.8,4594.1,4578.8,25090
2026-04-29 17:40:00,BOS,short,4578.6,4582.8,4571.9,4582.8,4571.9,25093
2026-04-29 18:15:00,MSS,long,4572.7,4564.1,4586.5,4564.1,4586.5,25097
2026-04-29 19:50:00,MSS,short,4580.3,4585.1,4572.5,4585.1,4572.5,25117
2026-04-29 20:25:00,BOS,short,4578.4,4582.2,4572.2,4582.2,4572.2,25125
2026-04-29 20:50:00,BOS,short,4567.0,4573.0,4557.3,4573.0,4557.3,25131
2026-04-29 21:20:00,BOS,short,4557.8,4564.5,4547.0,4564.5,4547.0,25137
2026-04-29 22:15:00,MSS,long,4536.7,4530.0,4547.5,4530.0,4547.5,25147
2026-04-29 22:30:00,BOS,long,4547.6,4543.2,4554.7,4543.2,4554.7,25151
2026-04-29 23:35:00,BOS,long,4557.7,4552.7,4565.8,4552.7,4565.8,25164
2026-04-30 00:00:00,BOS,long,4563.5,4554.8,4577.5,4554.8,4577.5,25168
2026-04-30 00:30:00,MSS,short,4572.1,4577.6,4563.1,4577.6,4563.1,25175
2026-04-30 01:20:00,MSS,long,4564.4,4561.8,4568.5,4561.8,4568.5,25185
2026-04-30 01:25:00,MSS,short,4565.1,4568.5,4559.7,4568.5,4559.7,25186
2026-04-30 02:00:00,BOS,short,4555.7,4561.8,4545.9,4561.8,4545.9,25192
2026-04-30 02:30:00,BOS,short,4546.6,4554.0,4534.5,4554.0,4534.5,25197
2026-04-30 03:10:00,MSS,long,4553.5,4547.3,4563.4,4547.3,4563.4,25207
2026-04-30 04:05:00,BOS,long,4560.7,4556.5,4567.5,4556.5,4567.5,25218
2026-04-30 04:45:00,MSS,short,4558.6,4560.5,4555.5,4560.5,4555.5,25225
2026-04-30 06:00:00,BOS,short,4555.4,4558.1,4551.0,4558.1,4551.0,25229
2026-04-30 06:10:00,MSS,long,4554.7,4551.0,4560.6,4551.0,4560.6,25230
2026-04-30 07:00:00,BOS,long,4563.3,4561.5,4566.1,4561.5,4566.1,25241
2026-04-30 07:35:00,BOS,long,4563.9,4562.1,4566.9,4562.1,4566.9,25243
2026-04-30 08:40:00,BOS,long,4576.2,4574.3,4579.2,4574.3,4579.2,25261
2026-04-30 09:25:00,BOS,long,4583.3,4577.5,4592.8,4577.5,4592.8,25270
2026-04-30 09:50:00,BOS,long,4588.8,4585.4,4594.4,4585.4,4594.4,25275
2026-04-30 10:25:00,MSS,short,4589.0,4592.6,4583.1,4592.6,4583.1,25281
2026-04-30 11:35:00,BOS,short,4574.8,4578.5,4568.9,4578.5,4568.9,25295
2026-04-30 11:50:00,BOS,short,4571.1,4573.4,4567.3,4573.4,4567.3,25298
2026-04-30 12:20:00,BOS,short,4565.3,4568.3,4560.5,4568.3,4560.5,25305
2026-04-30 13:05:00,MSS,long,4557.6,4553.0,4565.0,4553.0,4565.0,25313
2026-04-30 14:20:00,BOS,long,4575.6,4571.2,4582.7,4571.2,4582.7,25326
2026-04-30 14:50:00,BOS,long,4588.5,4583.7,4596.3,4583.7,4596.3,25334
2026-04-30 15:40:00,BOS,long,4603.6,4599.7,4609.9,4599.7,4609.9,25345
2026-04-30 17:05:00,BOS,long,4629.0,4627.1,4632.2,4627.1,4632.2,25362
2026-04-30 17:25:00,BOS,long,4631.9,4627.5,4639.0,4627.5,4639.0,25366
2026-04-30 18:20:00,BOS,long,4640.2,4635.4,4648.0,4635.4,4648.0,25375
2026-04-30 19:00:00,BOS,long,4649.1,4645.3,4655.3,4645.3,4655.3,25385
2026-04-30 19:30:00,MSS,short,4650.3,4656.0,4641.2,4656.0,4641.2,25390
2026-04-30 20:00:00,MSS,long,4644.3,4641.0,4649.7,4641.0,4649.7,25396
2026-04-30 20:30:00,MSS,short,4644.5,4650.5,4634.9,4650.5,4634.9,25402
2026-04-30 20:55:00,MSS,long,4643.2,4637.3,4652.7,4637.3,4652.7,25407
2026-04-30 21:25:00,MSS,short,4654.0,4659.1,4645.7,4659.1,4645.7,25413
2026-04-30 22:35:00,BOS,short,4632.7,4638.9,4622.8,4638.9,4622.8,25426
2026-04-30 23:00:00,BOS,short,4633.3,4636.5,4628.1,4636.5,4628.1,25432
2026-04-30 23:05:00,MSS,long,4631.4,4628.1,4636.7,4628.1,4636.7,25434
2026-04-30 23:35:00,MSS,short,4634.1,4638.0,4627.8,4638.0,4627.8,25440
2026-05-01 00:15:00,BOS,short,4625.4,4630.1,4617.8,4630.1,4617.8,25447
2026-05-01 00:55:00,BOS,short,4626.2,4630.8,4618.7,4630.8,4618.7,25456
2026-05-01 02:00:00,MSS,long,4631.7,4628.0,4637.7,4628.0,4637.7,25468
2026-05-01 03:00:00,BOS,long,4634.6,4631.6,4639.5,4631.6,4639.5,25478
2026-05-01 03:25:00,MSS,short,4636.5,4640.8,4629.5,4640.8,4629.5,25483
2026-05-01 04:50:00,MSS,long,4631.3,4629.5,4634.2,4629.5,4634.2,25502
2026-05-01 06:30:00,MSS,short,4642.6,4644.0,4640.4,4644.0,4640.4,25511
2026-05-01 06:40:00,MSS,long,4641.4,4639.2,4645.0,4639.2,4645.0,25513
2026-05-01 07:30:00,BOS,long,4643.1,4641.1,4646.4,4641.1,4646.4,25520
2026-05-01 07:55:00,MSS,short,4643.6,4646.8,4638.3,4646.8,4638.3,25525
2026-05-01 08:10:00,BOS,short,4639.5,4643.6,4632.8,4643.6,4632.8,25531
2026-05-01 09:00:00,BOS,short,4634.4,4637.9,4628.7,4637.9,4628.7,25541
2026-05-01 10:00:00,MSS,long,4633.1,4630.5,4637.4,4630.5,4637.4,25553
2026-05-01 10:35:00,MSS,short,4641.6,4643.1,4639.3,4643.1,4639.3,25560
2026-05-01 12:00:00,BOS,short,4638.0,4639.8,4635.0,4639.8,4635.0,25576
2026-05-01 13:00:00,BOS,short,4621.5,4623.2,4618.7,4623.2,4618.7,25589
2026-05-01 13:05:00,MSS,long,4621.3,4618.7,4625.5,4618.7,4625.5,25590
2026-05-01 13:35:00,MSS,short,4624.9,4627.7,4620.5,4627.7,4620.5,25595
2026-05-01 15:30:00,BOS,short,4604.2,4609.9,4595.1,4609.9,4595.1,25617
2026-05-01 16:10:00,BOS,short,4590.3,4594.1,4584.2,4594.1,4584.2,25627
2026-05-01 17:00:00,BOS,short,4581.0,4584.4,4575.4,4584.4,4575.4,25635
2026-05-01 17:35:00,MSS,long,4580.6,4578.3,4584.3,4578.3,4584.3,25644
2026-05-01 17:50:00,MSS,short,4579.1,4584.3,4570.7,4584.3,4570.7,25645
2026-05-01 18:55:00,BOS,short,4580.7,4583.2,4576.6,4583.2,4576.6,25659
2026-05-01 19:15:00,MSS,long,4576.9,4573.3,4582.7,4573.3,4582.7,25664
2026-05-01 19:50:00,BOS,long,4586.0,4583.9,4589.3,4583.9,4589.3,25671
2026-05-01 20:10:00,BOS,long,4592.1,4586.1,4601.9,4586.1,4601.9,25674
2026-05-01 21:30:00,BOS,long,4603.0,4597.1,4612.6,4597.1,4612.6,25691
2026-05-01 21:50:00,BOS,long,4618.2,4609.5,4632.3,4609.5,4632.3,25695
2026-05-01 23:00:00,MSS,short,4642.9,4647.1,4636.2,4647.1,4636.2,25709
2026-05-01 23:10:00,MSS,long,4637.0,4630.4,4647.7,4630.4,4647.7,25711
2026-05-01 23:40:00,BOS,long,4650.0,4646.4,4655.8,4646.4,4655.8,25717
2026-05-02 00:05:00,MSS,short,4655.9,4659.4,4650.2,4659.4,4650.2,25719
2026-05-02 00:15:00,MSS,long,4653.9,4649.1,4661.6,4649.1,4661.6,25724
2026-05-02 00:30:00,MSS,short,4655.6,4661.6,4646.0,4661.6,4646.0,25725
2026-05-02 01:20:00,BOS,short,4649.6,4651.9,4646.0,4651.9,4646.0,25737
2026-05-02 01:45:00,BOS,short,4647.0,4651.9,4639.1,4651.9,4639.1,25737
2026-05-02 02:00:00,BOS,short,4642.6,4647.1,4635.4,4647.1,4635.4,25744
2026-05-02 03:00:00,BOS,short,4635.5,4637.9,4631.5,4637.9,4631.5,25756
2026-05-02 03:10:00,MSS,long,4634.2,4631.5,4638.5,4631.5,4638.5,25758
2026-05-02 03:25:00,MSS,short,4638.1,4639.4,4635.9,4639.4,4635.9,25761
2026-05-02 03:50:00,BOS,short,4632.5,4639.6,4621.0,4639.6,4621.0,25763
2026-05-02 04:25:00,MSS,long,4624.2,4621.8,4628.2,4621.8,4628.2,25774
2026-05-04 06:00:00,BOS,long,4633.8,4621.9,4653.0,4621.9,4653.0,25777
2026-05-04 08:00:00,MSS,short,4623.7,4628.6,4615.8,4628.6,4615.8,25805
2026-05-04 08:20:00,BOS,short,4622.6,4628.4,4613.2,4628.4,4613.2,25807
2026-05-04 08:55:00,MSS,long,4619.5,4616.0,4625.2,4616.0,4625.2,25815
2026-05-04 09:00:00,MSS,short,4619.8,4625.2,4611.0,4625.2,4611.0,25817
2026-05-04 09:25:00,BOS,short,4611.8,4615.8,4605.2,4615.8,4605.2,25821
2026-05-04 09:50:00,MSS,long,4609.0,4603.6,4617.8,4603.6,4617.8,25824
2026-05-04 11:35:00,MSS,short,4618.6,4622.6,4612.1,4622.6,4612.1,25848
2026-05-04 11:50:00,MSS,long,4615.6,4609.4,4625.7,4609.4,4625.7,25850
2026-05-04 12:55:00,MSS,short,4619.3,4621.6,4615.7,4621.6,4615.7,25864
2026-05-04 13:15:00,MSS,long,4617.1,4612.7,4624.3,4612.7,4624.3,25868
2026-05-04 13:25:00,MSS,short,4617.3,4624.3,4606.1,4624.3,4606.1,25869
2026-05-04 14:00:00,BOS,short,4608.9,4613.1,4602.2,4613.1,4602.2,25877
2026-05-04 14:35:00,BOS,short,4602.5,4607.0,4595.3,4607.0,4595.3,25884
2026-05-04 15:50:00,BOS,short,4598.3,4602.1,4592.1,4602.1,4592.1,25899
2026-05-04 16:35:00,MSS,long,4586.8,4584.6,4590.3,4584.6,4590.3,25908
2026-05-04 16:55:00,MSS,short,4589.2,4590.8,4586.7,4590.8,4586.7,25912
2026-05-04 17:00:00,MSS,long,4588.7,4586.7,4592.0,4586.7,4592.0,25913
2026-05-04 17:10:00,BOS,long,4590.0,4586.7,4595.3,4586.7,4595.3,25913
2026-05-04 17:50:00,MSS,short,4593.0,4595.6,4588.7,4595.6,4588.7,25921
2026-05-04 19:30:00,BOS,short,4575.8,4581.0,4567.5,4581.0,4567.5,25941
2026-05-04 20:15:00,MSS,long,4572.2,4563.6,4586.2,4563.6,4586.2,25947
2026-05-04 20:50:00,BOS,long,4580.9,4577.0,4587.1,4577.0,4587.1,25959
2026-05-04 21:00:00,MSS,short,4579.8,4587.1,4568.0,4587.1,4568.0,25960
2026-05-04 22:05:00,BOS,short,4572.4,4577.4,4564.4,4577.4,4564.4,25973
2026-05-04 22:15:00,MSS,long,4572.3,4564.4,4585.2,4564.4,4585.2,25975
2026-05-04 22:55:00,MSS,short,4585.6,4594.7,4570.8,4594.7,4570.8,25982
2026-05-05 00:05:00,BOS,short,4538.6,4553.8,4513.9,4553.8,4513.9,25993
2026-05-05 01:15:00,MSS,long,4526.6,4517.3,4541.7,4517.3,4541.7,26008
2026-05-05 02:05:00,MSS,short,4532.9,4535.6,4528.5,4535.6,4528.5,26022
2026-05-05 02:55:00,MSS,long,4522.8,4520.4,4526.6,4520.4,4526.6,26030
2026-05-05 03:05:00,BOS,long,4525.6,4520.8,4533.3,4520.8,4533.3,26034
2026-05-05 04:40:00,BOS,long,4524.3,4521.6,4528.7,4521.6,4528.7,26050
2026-05-05 06:40:00,MSS,short,4530.3,4531.7,4528.1,4531.7,4528.1,26064
2026-05-05 07:40:00,BOS,short,4529.7,4531.2,4527.4,4531.2,4527.4,26075
2026-05-05 08:00:00,MSS,long,4528.7,4525.8,4533.5,4525.8,4533.5,26080
2026-05-05 08:25:00,MSS,short,4532.1,4538.0,4522.6,4538.0,4522.6,26084
2026-05-05 08:50:00,MSS,long,4529.2,4522.6,4539.8,4522.6,4539.8,26087
2026-05-05 09:00:00,BOS,long,4530.8,4522.6,4544.1,4522.6,4544.1,26087
2026-05-05 09:55:00,BOS,long,4546.1,4543.3,4550.7,4543.3,4550.7,26100
2026-05-05 10:15:00,MSS,short,4547.6,4549.6,4544.4,4549.6,4544.4,26108
2026-05-05 10:25:00,MSS,long,4546.8,4544.0,4551.2,4544.0,4551.2,26110
2026-05-05 11:20:00,MSS,short,4549.9,4551.8,4546.7,4551.8,4546.7,26121
2026-05-05 13:05:00,MSS,long,4545.6,4539.9,4554.7,4539.9,4554.7,26142
2026-05-05 13:30:00,BOS,long,4549.3,4544.8,4556.6,4544.8,4556.6,26145
2026-05-05 14:15:00,MSS,short,4556.5,4561.5,4548.3,4561.5,4548.3,26154
2026-05-05 15:00:00,MSS,long,4559.5,4556.8,4563.8,4556.8,4563.8,26165
2026-05-05 15:15:00,BOS,long,4562.2,4560.3,4565.4,4560.3,4565.4,26168
2026-05-05 15:25:00,MSS,short,4562.6,4565.5,4558.0,4565.5,4558.0,26170
2026-05-05 15:45:00,BOS,short,4563.4,4568.3,4555.4,4568.3,4555.4,26173
2026-05-05 16:20:00,MSS,long,4559.0,4556.2,4563.6,4556.2,4563.6,26180
2026-05-05 16:50:00,BOS,long,4561.6,4557.7,4568.0,4557.7,4568.0,26187
2026-05-05 17:25:00,MSS,short,4567.4,4570.5,4562.4,4570.5,4562.4,26191
2026-05-05 18:05:00,BOS,short,4565.3,4567.2,4562.2,4567.2,4562.2,26202
2026-05-05 18:25:00,BOS,short,4562.0,4565.3,4556.7,4565.3,4556.7,26205
2026-05-05 18:40:00,BOS,short,4560.6,4564.5,4554.3,4564.5,4554.3,26208
2026-05-05 19:05:00,MSS,long,4554.1,4550.1,4560.6,4550.1,4560.6,26214
2026-05-05 19:40:00,BOS,long,4559.7,4550.1,4575.2,4550.1,4575.2,26214
2026-05-05 20:00:00,MSS,short,4569.7,4573.0,4564.3,4573.0,4564.3,26225
2026-05-05 20:10:00,MSS,long,4569.3,4564.3,4577.3,4564.3,4577.3,26226
2026-05-05 21:05:00,BOS,long,4579.5,4572.1,4591.4,4572.1,4591.4,26236
2026-05-05 21:35:00,MSS,short,4588.8,4592.4,4583.0,4592.4,4583.0,26244
2026-05-05 22:05:00,MSS,long,4589.6,4586.2,4595.1,4586.2,4595.1,26250
2026-05-05 22:10:00,MSS,short,4589.6,4595.1,4580.7,4595.1,4580.7,26251
2026-05-05 23:00:00,MSS,long,4589.6,4586.3,4594.9,4586.3,4594.9,26260
2026-05-05 23:40:00,MSS,short,4588.7,4592.1,4583.2,4592.1,4583.2,26268
2026-05-06 01:05:00,BOS,short,4570.1,4573.8,4564.0,4573.8,4564.0,26285
2026-05-06 01:45:00,MSS,long,4568.6,4565.9,4572.9,4565.9,4572.9,26292
2026-05-06 02:10:00,BOS,long,4571.2,4568.4,4575.6,4568.4,4575.6,26296
2026-05-06 03:00:00,MSS,short,4573.4,4576.2,4568.8,4576.2,4568.8,26307
2026-05-06 03:45:00,MSS,long,4567.5,4566.2,4569.7,4566.2,4569.7,26317
2026-05-06 03:50:00,MSS,short,4567.8,4569.7,4564.6,4569.7,4564.6,26319
2026-05-06 04:25:00,MSS,long,4567.9,4566.0,4571.0,4566.0,4571.0,26326
2026-05-06 06:00:00,MSS,short,4565.3,4568.4,4560.2,4568.4,4560.2,26333
2026-05-06 06:50:00,MSS,long,4561.1,4556.3,4568.8,4556.3,4568.8,26343
2026-05-06 08:00:00,BOS,long,4604.0,4601.0,4608.9,4601.0,4608.9,26357
2026-05-06 08:20:00,BOS,long,4604.3,4598.3,4613.9,4598.3,4613.9,26361
2026-05-06 08:50:00,BOS,long,4619.8,4618.0,4622.6,4618.0,4622.6,26366
2026-05-06 09:20:00,BOS,long,4625.9,4620.3,4635.0,4620.3,4635.0,26372
2026-05-06 09:45:00,BOS,long,4634.3,4631.1,4639.5,4631.1,4639.5,26377
2026-05-06 10:45:00,BOS,long,4643.4,4640.2,4648.6,4640.2,4648.6,26390
2026-05-06 11:05:00,BOS,long,4651.0,4648.2,4655.5,4648.2,4655.5,26394
2026-05-06 11:35:00,BOS,long,4656.0,4652.2,4662.2,4652.2,4662.2,26400
2026-05-06 12:05:00,BOS,long,4654.7,4652.7,4658.0,4652.7,4658.0,26405
2026-05-06 12:25:00,BOS,long,4659.1,4655.9,4664.2,4655.9,4664.2,26410
2026-05-06 13:30:00,MSS,short,4661.9,4666.3,4654.9,4666.3,4654.9,26423
2026-05-06 13:55:00,MSS,long,4662.5,4654.9,4674.8,4654.9,4674.8,26424
2026-05-06 14:25:00,BOS,long,4671.8,4668.3,4677.5,4668.3,4677.5,26434
2026-05-06 15:10:00,MSS,short,4676.9,4681.5,4669.4,4681.5,4669.4,26442
2026-05-06 15:40:00,MSS,long,4676.3,4673.2,4681.3,4673.2,4681.3,26449
2026-05-06 16:30:00,MSS,short,4689.7,4691.4,4686.9,4691.4,4686.9,26459
2026-05-06 16:50:00,MSS,long,4694.9,4682.8,4714.5,4682.8,4714.5,26461
2026-05-06 17:30:00,BOS,long,4707.3,4702.4,4715.1,4702.4,4715.1,26470
2026-05-06 18:30:00,BOS,long,4713.6,4707.1,4724.1,4707.1,4724.1,26481
2026-05-06 18:50:00,BOS,long,4724.8,4718.8,4734.6,4718.8,4734.6,26487
2026-05-06 19:20:00,MSS,short,4728.1,4732.9,4720.3,4732.9,4720.3,26491
2026-05-06 19:25:00,BOS,short,4726.7,4732.9,4716.8,4732.9,4716.8,26491
2026-05-06 19:30:00,MSS,long,4720.7,4716.8,4727.0,4716.8,4727.0,26495
2026-05-06 19:40:00,MSS,short,4719.6,4727.0,4707.7,4727.0,4707.7,26496
2026-05-06 21:05:00,BOS,short,4694.3,4703.5,4679.3,4703.5,4679.3,26514
2026-05-06 21:30:00,MSS,long,4697.5,4689.9,4709.9,4689.9,4709.9,26518
2026-05-06 21:45:00,BOS,long,4707.4,4704.1,4712.8,4704.1,4712.8,26522
2026-05-06 22:10:00,BOS,long,4714.7,4708.4,4725.0,4708.4,4725.0,26527
2026-05-06 22:50:00,MSS,short,4720.7,4726.1,4712.0,4726.1,4712.0,26534
2026-05-06 23:05:00,BOS,short,4714.8,4718.7,4708.5,4718.7,4708.5,26537
2026-05-06 23:35:00,BOS,short,4710.1,4715.0,4702.3,4715.0,4702.3,26542
2026-05-06 23:55:00,BOS,short,4703.7,4706.6,4699.1,4706.6,4699.1,26547
2026-05-07 00:05:00,BOS,short,4701.3,4706.6,4692.7,4706.6,4692.7,26547
2026-05-07 01:35:00,BOS,short,4693.4,4695.5,4689.9,4695.5,4689.9,26567
2026-05-07 01:55:00,MSS,long,4692.8,4691.0,4695.7,4691.0,4695.7,26572
2026-05-07 02:05:00,BOS,long,4693.1,4691.0,4696.4,4691.0,4696.4,26572
2026-05-07 02:40:00,MSS,short,4699.1,4701.1,4695.9,4701.1,4695.9,26581
2026-05-07 03:00:00,MSS,long,4698.9,4695.7,4704.0,4695.7,4704.0,26584
2026-05-07 03:55:00,MSS,short,4706.5,4709.1,4702.2,4709.1,4702.2,26596
2026-05-07 04:10:00,MSS,long,4705.3,4702.2,4710.4,4702.2,4710.4,26597
2026-05-07 04:30:00,MSS,short,4706.7,4710.4,4700.8,4710.4,4700.8,26600
2026-05-07 06:05:00,MSS,long,4699.0,4695.6,4704.4,4695.6,4704.4,26607
2026-05-07 07:20:00,MSS,short,4704.9,4707.0,4701.6,4707.0,4701.6,26625
2026-05-07 07:55:00,MSS,long,4702.6,4699.1,4708.3,4699.1,4708.3,26627
2026-05-07 08:40:00,MSS,short,4704.3,4710.5,4694.2,4710.5,4694.2,26638
2026-05-07 09:00:00,MSS,long,4697.6,4694.2,4703.0,4694.2,4703.0,26645
2026-05-07 09:45:00,BOS,long,4718.0,4711.1,4729.2,4711.1,4729.2,26652
2026-05-07 10:05:00,MSS,short,4725.3,4727.6,4721.7,4727.6,4721.7,26658
2026-05-07 10:25:00,BOS,short,4721.0,4727.6,4710.2,4727.6,4710.2,26658
2026-05-07 11:25:00,BOS,short,4715.6,4717.4,4712.8,4717.4,4712.8,26674
2026-05-07 11:55:00,BOS,short,4711.3,4713.7,4707.4,4713.7,4707.4,26680
2026-05-07 12:10:00,BOS,short,4707.8,4709.5,4705.0,4709.5,4705.0,26683
2026-05-07 12:30:00,BOS,short,4705.0,4707.0,4701.8,4707.0,4701.8,26686
2026-05-07 13:00:00,MSS,long,4705.4,4702.5,4710.0,4702.5,4710.0,26692
2026-05-07 13:30:00,BOS,long,4707.5,4703.0,4714.7,4703.0,4714.7,26698
2026-05-07 13:55:00,MSS,short,4712.9,4715.3,4709.0,4715.3,4709.0,26704
2026-05-07 14:05:00,MSS,long,4712.0,4709.0,4716.8,4709.0,4716.8,26705
2026-05-07 14:20:00,BOS,long,4718.3,4715.6,4722.6,4715.6,4722.6,26709
2026-05-07 15:00:00,MSS,short,4752.2,4759.2,4740.8,4759.2,4740.8,26714
2026-05-07 16:00:00,MSS,long,4752.3,4746.6,4761.6,4746.6,4761.6,26727
2026-05-07 16:15:00,MSS,short,4756.7,4763.6,4745.5,4763.6,4745.5,26731
2026-05-07 16:40:00,BOS,short,4749.3,4752.4,4744.4,4752.4,4744.4,26735
2026-05-07 16:55:00,BOS,short,4744.8,4747.1,4741.1,4747.1,4741.1,26740
2026-05-07 17:20:00,MSS,long,4743.9,4741.3,4748.2,4741.3,4748.2,26745
2026-05-07 17:55:00,MSS,short,4744.0,4749.3,4735.3,4749.3,4735.3,26750
2026-05-07 18:35:00,MSS,long,4741.4,4737.3,4748.0,4737.3,4748.0,26760
2026-05-07 19:55:00,BOS,long,4746.8,4743.1,4752.8,4743.1,4752.8,26776
2026-05-07 20:30:00,BOS,long,4748.4,4741.9,4759.0,4741.9,4759.0,26783
2026-05-07 21:00:00,MSS,short,4756.9,4762.7,4747.5,4762.7,4747.5,26787
2026-05-07 21:30:00,MSS,long,4751.3,4740.7,4768.4,4740.7,4768.4,26792
2026-05-07 22:10:00,BOS,long,4757.0,4752.5,4764.3,4752.5,4764.3,26802
2026-05-07 22:20:00,BOS,long,4757.6,4751.0,4768.2,4751.0,4768.2,26805
2026-05-07 22:50:00,BOS,long,4763.4,4757.7,4772.5,4757.7,4772.5,26808
2026-05-07 23:10:00,MSS,short,4771.2,4775.3,4764.6,4775.3,4764.6,26814
2026-05-07 23:20:00,BOS,short,4765.5,4771.6,4755.7,4771.6,4755.7,26816
2026-05-08 00:50:00,MSS,long,4723.0,4720.3,4727.4,4720.3,4727.4,26834
2026-05-08 01:15:00,MSS,short,4724.1,4729.5,4715.4,4729.5,4715.4,26839
2026-05-08 01:25:00,BOS,short,4715.3,4726.7,4696.9,4726.7,4696.9,26842
2026-05-08 01:55:00,MSS,long,4713.0,4707.5,4721.8,4707.5,4721.8,26848
2026-05-08 02:25:00,BOS,long,4718.6,4715.9,4722.9,4715.9,4722.9,26854
2026-05-08 02:45:00,MSS,short,4719.0,4725.8,4707.9,4725.8,4707.9,26857
2026-05-08 03:55:00,BOS,short,4717.4,4720.4,4712.5,4720.4,4712.5,26872
2026-05-08 04:00:00,MSS,long,4718.9,4712.5,4729.2,4712.5,4729.2,26873
2026-05-08 04:35:00,MSS,short,4719.0,4725.9,4707.8,4725.9,4707.8,26880
2026-05-08 06:45:00,BOS,short,4697.0,4700.4,4691.4,4700.4,4691.4,26894
2026-05-08 07:10:00,MSS,long,4697.2,4693.2,4703.6,4693.2,4703.6,26898
2026-05-08 07:35:00,BOS,long,4705.4,4703.7,4708.2,4703.7,4708.2,26904
2026-05-08 08:05:00,BOS,long,4713.0,4710.0,4717.8,4710.0,4717.8,26910
2026-05-08 08:15:00,MSS,short,4712.6,4718.7,4702.7,4718.7,4702.7,26912
2026-05-08 09:00:00,MSS,long,4712.6,4705.5,4724.1,4705.5,4724.1,26921
2026-05-08 09:35:00,MSS,short,4722.1,4727.5,4713.4,4727.5,4713.4,26926
2026-05-08 09:45:00,MSS,long,4719.3,4713.4,4728.9,4713.4,4728.9,26929
2026-05-08 10:00:00,BOS,long,4724.0,4713.4,4741.1,4713.4,4741.1,26929
2026-05-08 11:05:00,BOS,long,4722.4,4719.2,4727.5,4719.2,4727.5,26946
2026-05-08 11:30:00,BOS,long,4730.6,4725.4,4739.1,4725.4,4739.1,26950
2026-05-08 12:10:00,MSS,short,4728.8,4732.1,4723.5,4732.1,4723.5,26958
2026-05-08 12:40:00,BOS,short,4723.1,4727.0,4716.9,4727.0,4716.9,26963
2026-05-08 13:25:00,MSS,long,4722.8,4719.1,4728.8,4719.1,4728.8,26973
2026-05-08 14:25:00,BOS,long,4735.3,4730.1,4743.6,4730.1,4743.6,26985
2026-05-08 14:45:00,MSS,short,4736.5,4740.9,4729.4,4740.9,4729.4,26990
2026-05-08 15:45:00,MSS,long,4718.1,4715.7,4722.0,4715.7,4722.0,27002
2026-05-08 16:15:00,BOS,long,4719.0,4715.6,4724.6,4715.6,4724.6,27007
2026-05-08 17:30:00,MSS,short,4727.4,4732.4,4719.2,4732.4,4719.2,27022
2026-05-08 18:35:00,MSS,long,4732.9,4729.9,4737.7,4729.9,4737.7,27036
2026-05-08 18:45:00,MSS,short,4734.3,4737.7,4728.7,4737.7,4728.7,27037
2026-05-08 19:40:00,BOS,short,4733.9,4735.9,4730.6,4735.9,4730.6,27049
2026-05-08 20:05:00,BOS,short,4725.4,4729.9,4718.0,4729.9,4718.0,27053
2026-05-08 20:30:00,MSS,long,4720.5,4712.1,4734.2,4712.1,4734.2,27057
2026-05-08 21:30:00,BOS,long,4736.7,4725.8,4754.4,4725.8,4754.4,27068
2026-05-08 22:05:00,MSS,short,4750.6,4760.1,4735.2,4760.1,4735.2,27078
2026-05-08 22:25:00,BOS,short,4736.2,4743.7,4724.1,4743.7,4724.1,27081
2026-05-08 23:10:00,BOS,short,4725.1,4730.8,4715.8,4730.8,4715.8,27091
2026-05-09 00:10:00,MSS,long,4716.9,4713.7,4722.0,4713.7,4722.0,27101
2026-05-09 01:15:00,BOS,long,4725.2,4722.6,4729.5,4722.6,4729.5,27116
2026-05-09 01:50:00,BOS,long,4729.8,4728.8,4731.4,4728.8,4731.4,27123
2026-05-09 02:40:00,MSS,short,4736.6,4738.5,4733.5,4738.5,4733.5,27129
2026-05-09 03:30:00,BOS,short,4733.6,4734.9,4731.4,4734.9,4731.4,27143
2026-05-09 04:10:00,BOS,short,4732.7,4736.4,4726.7,4736.4,4726.7,27146
2026-05-11 07:00:00,MSS,long,4699.1,4695.1,4705.6,4695.1,4705.6,27170
2026-05-11 07:35:00,BOS,long,4704.4,4702.7,4707.2,4702.7,4707.2,27179
2026-05-11 07:55:00,MSS,short,4703.8,4707.3,4698.2,4707.3,4698.2,27184
2026-05-11 09:20:00,MSS,long,4699.6,4690.4,4714.4,4690.4,4714.4,27200
2026-05-11 09:50:00,MSS,short,4700.7,4704.9,4693.9,4704.9,4693.9,27207
2026-05-11 10:35:00,MSS,long,4697.9,4691.1,4709.0,4691.1,4709.0,27214
2026-05-11 10:50:00,MSS,short,4700.6,4709.0,4687.1,4709.0,4687.1,27217
2026-05-11 11:45:00,BOS,short,4693.2,4695.8,4688.9,4695.8,4688.9,27230
2026-05-11 12:15:00,BOS,short,4690.3,4695.8,4681.3,4695.8,4681.3,27230
2026-05-11 13:25:00,BOS,short,4681.1,4682.9,4678.3,4682.9,4678.3,27250
2026-05-11 13:30:00,MSS,long,4681.6,4678.3,4687.0,4678.3,4687.0,27251
2026-05-11 13:40:00,MSS,short,4681.2,4688.4,4669.6,4688.4,4669.6,27253
2026-05-11 14:35:00,MSS,long,4675.5,4671.3,4682.4,4671.3,4682.4,27263
2026-05-11 14:50:00,BOS,long,4677.9,4671.3,4688.7,4671.3,4688.7,27263
2026-05-11 15:45:00,MSS,short,4681.8,4686.0,4675.0,4686.0,4675.0,27278
2026-05-11 16:10:00,MSS,long,4676.6,4673.0,4682.3,4673.0,4682.3,27282
2026-05-11 16:50:00,MSS,short,4678.3,4680.2,4675.3,4680.2,4675.3,27291
2026-05-11 17:15:00,BOS,short,4676.4,4678.5,4673.0,4678.5,4673.0,27295
2026-05-11 18:20:00,MSS,long,4670.8,4668.8,4674.0,4668.8,4674.0,27309
2026-05-11 19:00:00,BOS,long,4675.3,4671.9,4680.9,4671.9,4680.9,27317
2026-05-11 19:25:00,BOS,long,4677.8,4676.0,4680.6,4676.0,4680.6,27322
2026-05-11 19:35:00,BOS,long,4679.2,4676.0,4684.5,4676.0,4684.5,27322
2026-05-11 20:05:00,MSS,short,4681.8,4684.5,4677.4,4684.5,4677.4,27330
2026-05-11 20:20:00,MSS,long,4686.7,4675.7,4704.5,4675.7,4704.5,27332
2026-05-11 20:55:00,BOS,long,4700.9,4695.1,4710.3,4695.1,4710.3,27339
2026-05-11 22:00:00,MSS,short,4748.1,4754.6,4737.6,4754.6,4737.6,27353
2026-05-11 23:15:00,MSS,long,4737.1,4732.5,4744.5,4732.5,4744.5,27366
2026-05-12 00:25:00,MSS,short,4738.8,4743.3,4731.6,4743.3,4731.6,27378
2026-05-12 00:35:00,BOS,short,4732.4,4735.8,4727.0,4735.8,4727.0,27384
2026-05-12 01:00:00,MSS,long,4725.0,4722.6,4728.9,4722.6,4728.9,27389
2026-05-12 01:20:00,BOS,long,4727.4,4725.3,4730.7,4725.3,4730.7,27392
2026-05-12 02:05:00,BOS,long,4733.1,4731.0,4736.5,4731.0,4736.5,27400
2026-05-12 02:55:00,MSS,short,4735.7,4736.9,4733.8,4736.9,4733.8,27412
2026-05-12 03:20:00,BOS,short,4735.8,4737.6,4732.8,4737.6,4732.8,27415
2026-05-12 03:45:00,MSS,long,4735.3,4731.6,4741.2,4731.6,4741.2,27420
2026-05-12 04:30:00,BOS,long,4745.2,4743.1,4748.7,4743.1,4748.7,27430
2026-05-12 06:00:00,BOS,long,4746.5,4742.6,4752.9,4742.6,4752.9,27436
2026-05-12 06:40:00,BOS,long,4751.1,4748.5,4755.2,4748.5,4755.2,27444
2026-05-12 07:30:00,BOS,long,4763.1,4760.0,4768.0,4760.0,4768.0,27455
2026-05-12 08:15:00,BOS,long,4773.9,4768.0,4783.5,4768.0,4783.5,27462
2026-05-12 08:40:00,MSS,short,4777.2,4783.5,4767.1,4783.5,4767.1,27465
2026-05-12 08:50:00,BOS,short,4768.1,4772.3,4761.3,4772.3,4761.3,27471
2026-05-12 10:10:00,MSS,long,4738.1,4734.7,4743.5,4734.7,4743.5,27487
2026-05-12 10:40:00,BOS,long,4735.2,4731.4,4741.3,4731.4,4741.3,27492
2026-05-12 11:15:00,MSS,short,4738.7,4741.3,4734.5,4741.3,4734.5,27500
2026-05-12 11:45:00,BOS,short,4733.5,4736.9,4728.1,4736.9,4728.1,27505
2026-05-12 12:15:00,MSS,long,4733.6,4730.0,4739.4,4730.0,4739.4,27512
2026-05-12 12:45:00,MSS,short,4732.5,4735.7,4727.3,4735.7,4727.3,27517
2026-05-12 13:05:00,BOS,short,4724.2,4727.8,4718.3,4727.8,4718.3,27522
2026-05-12 14:00:00,BOS,short,4722.5,4728.9,4712.2,4728.9,4712.2,27533
2026-05-12 14:45:00,BOS,short,4709.4,4713.0,4703.6,4713.0,4703.6,27541
2026-05-12 16:00:00,MSS,long,4709.1,4705.7,4714.7,4705.7,4714.7,27555
2026-05-12 17:10:00,MSS,short,4711.1,4714.4,4705.7,4714.4,4705.7,27567
2026-05-12 17:30:00,MSS,long,4708.4,4705.2,4713.5,4705.2,4713.5,27575
2026-05-12 17:40:00,MSS,short,4709.3,4713.5,4702.5,4713.5,4702.5,27576
2026-05-12 18:05:00,MSS,long,4707.9,4702.5,4716.6,4702.5,4716.6,27578
2026-05-12 18:35:00,MSS,short,4707.4,4717.2,4691.6,4717.2,4691.6,27584
2026-05-12 19:15:00,MSS,long,4699.0,4694.8,4705.9,4694.8,4705.9,27595
2026-05-12 20:20:00,MSS,short,4711.8,4716.3,4704.6,4716.3,4704.6,27609
2026-05-12 20:30:00,BOS,short,4709.0,4716.3,4697.1,4716.3,4697.1,27609
2026-05-12 20:50:00,MSS,long,4705.7,4697.1,4719.7,4697.1,4719.7,27612
2026-05-12 21:15:00,MSS,short,4707.1,4719.7,4686.8,4719.7,4686.8,27616
2026-05-12 21:35:00,MSS,long,4697.6,4692.4,4706.0,4692.4,4706.0,27624
2026-05-12 21:55:00,MSS,short,4699.9,4709.5,4684.3,4709.5,4684.3,27626
2026-05-12 23:00:00,BOS,short,4687.5,4695.6,4674.4,4695.6,4674.4,27637
2026-05-13 00:00:00,MSS,long,4658.1,4645.3,4678.9,4645.3,4678.9,27647
2026-05-13 01:00:00,BOS,long,4678.0,4673.7,4684.9,4673.7,4684.9,27663
2026-05-13 01:15:00,BOS,long,4684.4,4682.0,4688.2,4682.0,4688.2,27668
2026-05-13 02:25:00,BOS,long,4687.8,4683.3,4695.0,4683.3,4695.0,27679
2026-05-13 03:50:00,BOS,long,4717.0,4714.3,4721.3,4714.3,4721.3,27698
2026-05-13 06:00:00,BOS,long,4724.0,4720.6,4729.4,4720.6,4729.4,27713
2026-05-13 06:50:00,BOS,long,4726.0,4723.2,4730.4,4723.2,4730.4,27722
2026-05-13 07:45:00,MSS,short,4727.0,4729.5,4722.9,4729.5,4722.9,27733
2026-05-13 08:00:00,MSS,long,4726.9,4722.9,4733.4,4722.9,4733.4,27735
2026-05-13 08:55:00,MSS,short,4728.5,4733.2,4720.8,4733.2,4720.8,27746
2026-05-13 09:15:00,BOS,short,4720.0,4724.5,4712.8,4724.5,4712.8,27752
2026-05-13 10:30:00,BOS,short,4709.4,4712.6,4704.2,4712.6,4704.2,27766
2026-05-13 10:50:00,BOS,short,4706.8,4712.6,4697.3,4712.6,4697.3,27766
2026-05-13 11:15:00,MSS,long,4699.1,4697.0,4702.6,4697.0,4702.6,27775
2026-05-13 12:40:00,MSS,short,4709.1,4711.5,4705.3,4711.5,4705.3,27792
2026-05-13 13:00:00,MSS,long,4709.8,4706.6,4714.9,4706.6,4714.9,27797
2026-05-13 13:25:00,MSS,short,4711.7,4715.4,4705.8,4715.4,4705.8,27799
2026-05-13 13:40:00,BOS,short,4711.0,4715.4,4704.0,4715.4,4704.0,27799
2026-05-13 13:55:00,MSS,long,4707.4,4703.8,4713.1,4703.8,4713.1,27808
2026-05-13 14:50:00,MSS,short,4717.4,4721.8,4710.3,4721.8,4710.3,27818
2026-05-13 15:05:00,BOS,short,4710.1,4713.6,4704.5,4713.6,4704.5,27822
2026-05-13 15:25:00,MSS,long,4709.1,4704.5,4716.6,4704.5,4716.6,27823
2026-05-13 16:50:00,BOS,long,4704.4,4702.0,4708.2,4702.0,4708.2,27843
2026-05-13 17:10:00,MSS,short,4706.6,4710.2,4700.7,4710.2,4700.7,27845
2026-05-13 18:05:00,MSS,long,4702.9,4693.3,4718.3,4693.3,4718.3,27852
2026-05-13 18:25:00,MSS,short,4710.7,4713.5,4706.1,4713.5,4706.1,27862
2026-05-13 19:10:00,MSS,long,4701.9,4698.8,4706.9,4698.8,4706.9,27871
2026-05-13 19:55:00,MSS,short,4710.5,4713.9,4705.1,4713.9,4705.1,27879
2026-05-13 20:10:00,BOS,short,4706.2,4709.5,4700.9,4709.5,4700.9,27883
2026-05-13 21:00:00,MSS,long,4690.4,4685.7,4697.9,4685.7,4697.9,27893
2026-05-13 21:30:00,MSS,short,4697.0,4701.9,4689.1,4701.9,4689.1,27898
2026-05-13 22:25:00,MSS,long,4684.8,4680.0,4692.6,4680.0,4692.6,27909
2026-05-13 23:25:00,BOS,long,4694.7,4691.9,4699.3,4691.9,4699.3,27922
2026-05-13 23:30:00,BOS,long,4696.3,4691.9,4703.5,4691.9,4703.5,27922
2026-05-14 00:05:00,BOS,long,4705.1,4702.2,4709.7,4702.2,4709.7,27928
2026-05-14 00:20:00,BOS,long,4710.5,4706.1,4717.6,4706.1,4717.6,27933
2026-05-14 00:50:00,MSS,short,4712.2,4717.9,4703.0,4717.9,4703.0,27935
2026-05-14 01:30:00,BOS,short,4705.0,4709.2,4698.2,4709.2,4698.2,27946
2026-05-14 01:50:00,BOS,short,4700.1,4702.5,4696.1,4702.5,4696.1,27951
2026-05-14 02:40:00,BOS,short,4698.0,4700.9,4693.4,4700.9,4693.4,27960
2026-05-14 03:10:00,MSS,long,4693.3,4690.9,4697.1,4690.9,4697.1,27967
2026-05-14 03:30:00,MSS,short,4696.2,4698.7,4692.2,4698.7,4692.2,27969
2026-05-14 04:10:00,MSS,long,4694.5,4691.7,4699.1,4691.7,4699.1,27976
2026-05-14 06:00:00,BOS,long,4697.7,4695.6,4701.0,4695.6,4701.0,27988
2026-05-14 06:35:00,BOS,long,4703.3,4701.6,4706.1,4701.6,4706.1,27996
2026-05-14 07:05:00,BOS,long,4705.1,4703.1,4708.3,4703.1,4708.3,27999
2026-05-14 07:30:00,MSS,short,4705.8,4709.0,4700.7,4709.0,4700.7,28004
2026-05-14 07:45:00,BOS,short,4702.8,4704.6,4699.8,4704.6,4699.8,28010
2026-05-14 08:00:00,BOS,short,4700.9,4703.8,4696.2,4703.8,4696.2,28013
2026-05-14 08:10:00,MSS,long,4702.0,4699.8,4705.6,4699.8,4705.6,28011
2026-05-14 08:30:00,MSS,short,4709.1,4712.5,4703.6,4712.5,4703.6,28017
2026-05-14 08:45:00,MSS,long,4704.3,4699.7,4711.7,4699.7,4711.7,28022
2026-05-14 08:55:00,BOS,long,4709.2,4706.3,4713.9,4706.3,4713.9,28024
2026-05-14 09:00:00,MSS,short,4709.0,4713.9,4701.1,4713.9,4701.1,28025
2026-05-14 10:30:00,MSS,long,4697.6,4693.1,4704.8,4693.1,4704.8,28040
2026-05-14 10:45:00,MSS,short,4699.1,4706.6,4686.9,4706.6,4686.9,28045
2026-05-14 11:20:00,MSS,long,4690.3,4687.7,4694.4,4687.7,4694.4,28052
2026-05-14 11:35:00,MSS,short,4694.0,4699.5,4685.1,4699.5,4685.1,28055
2026-05-14 12:25:00,MSS,long,4688.5,4673.0,4713.7,4673.0,4713.7,28062
2026-05-14 13:15:00,MSS,short,4708.6,4711.3,4704.2,4711.3,4704.2,28075
2026-05-14 13:55:00,BOS,short,4704.8,4710.4,4695.8,4710.4,4695.8,28083
2026-05-14 14:40:00,MSS,long,4698.0,4692.7,4706.5,4692.7,4706.5,28088
2026-05-14 15:25:00,BOS,long,4705.6,4700.7,4713.4,4700.7,4713.4,28100
2026-05-14 15:55:00,MSS,short,4715.0,4725.8,4697.5,4725.8,4697.5,28105
2026-05-14 16:25:00,MSS,long,4707.2,4704.4,4711.7,4704.4,4711.7,28114
2026-05-14 16:40:00,MSS,short,4709.4,4713.7,4702.4,4713.7,4702.4,28117
2026-05-14 16:55:00,BOS,short,4708.3,4713.7,4699.5,4713.7,4699.5,28117
2026-05-14 17:40:00,MSS,long,4698.1,4694.6,4703.8,4694.6,4703.8,28129
2026-05-14 18:10:00,MSS,short,4705.3,4707.2,4702.3,4707.2,4702.3,28135
2026-05-14 18:45:00,BOS,short,4702.3,4704.8,4698.3,4704.8,4698.3,28139
2026-05-14 19:20:00,BOS,short,4703.2,4705.4,4699.6,4705.4,4699.6,28146
2026-05-14 19:50:00,MSS,long,4701.7,4695.7,4711.3,4695.7,4711.3,28151
2026-05-14 20:20:00,BOS,long,4704.9,4698.7,4715.0,4698.7,4715.0,28158
2026-05-14 20:40:00,MSS,short,4712.1,4716.9,4704.4,4716.9,4704.4,28165
2026-05-14 21:15:00,BOS,short,4706.4,4711.7,4697.8,4711.7,4697.8,28172
2026-05-14 21:25:00,BOS,short,4704.9,4711.7,4694.0,4711.7,4694.0,28172
2026-05-14 22:15:00,MSS,long,4690.3,4683.3,4701.5,4683.3,4701.5,28182
2026-05-14 22:55:00,MSS,short,4692.4,4696.8,4685.4,4696.8,4685.4,28192
2026-05-14 23:40:00,BOS,short,4692.1,4695.3,4686.9,4695.3,4686.9,28201
2026-05-15 00:00:00,BOS,short,4689.6,4692.9,4684.3,4692.9,4684.3,28205
2026-05-15 00:30:00,BOS,short,4684.6,4687.6,4679.7,4687.6,4679.7,28209
2026-05-15 01:00:00,MSS,long,4681.1,4676.2,4689.1,4676.2,4689.1,28213
2026-05-15 01:25:00,MSS,short,4687.3,4689.9,4683.0,4689.9,4683.0,28222
2026-05-15 02:00:00,BOS,short,4682.9,4688.1,4674.6,4688.1,4674.6,28227
2026-05-15 02:40:00,BOS,short,4679.3,4682.5,4674.2,4682.5,4674.2,28234
2026-05-15 02:55:00,MSS,long,4674.4,4672.3,4677.9,4672.3,4677.9,28239
2026-05-15 03:25:00,MSS,short,4672.2,4674.8,4667.9,4674.8,4667.9,28246
2026-05-15 04:00:00,BOS,short,4660.4,4664.3,4654.2,4664.3,4654.2,28252
2026-05-15 06:05:00,MSS,long,4654.8,4650.1,4662.3,4650.1,4662.3,28266
2026-05-15 06:50:00,BOS,long,4663.5,4661.2,4667.1,4661.2,4667.1,28271
2026-05-15 07:10:00,MSS,short,4665.9,4667.8,4662.9,4667.8,4662.9,28278
2026-05-15 07:25:00,MSS,long,4663.2,4659.6,4669.0,4659.6,4669.0,28282
2026-05-15 07:30:00,MSS,short,4663.4,4669.0,4654.3,4669.0,4654.3,28283
2026-05-15 08:25:00,BOS,short,4651.0,4662.7,4632.2,4662.7,4632.2,28293
2026-05-15 08:55:00,MSS,long,4627.1,4621.8,4635.8,4621.8,4635.8,28300
2026-05-15 09:05:00,MSS,short,4628.0,4636.7,4613.8,4636.7,4613.8,28302
2026-05-15 10:40:00,MSS,long,4616.7,4613.5,4622.0,4613.5,4622.0,28320
2026-05-15 11:25:00,MSS,short,4622.2,4626.2,4615.8,4626.2,4615.8,28327
2026-05-15 12:05:00,MSS,long,4618.7,4614.4,4625.6,4614.4,4625.6,28337
2026-05-15 12:40:00,MSS,short,4614.9,4619.0,4608.3,4619.0,4608.3,28344
2026-05-15 13:15:00,BOS,short,4604.8,4616.8,4585.5,4616.8,4585.5,28348
2026-05-15 13:30:00,BOS,short,4585.6,4594.4,4571.4,4594.4,4571.4,28355
2026-05-15 13:45:00,BOS,short,4574.4,4579.8,4565.7,4579.8,4565.7,28358
2026-05-15 13:55:00,BOS,short,4570.9,4577.2,4560.6,4577.2,4560.6,28360
2026-05-15 14:15:00,MSS,long,4568.4,4560.0,4582.1,4560.0,4582.1,28362
2026-05-15 14:40:00,MSS,short,4579.7,4584.9,4571.2,4584.9,4571.2,28368
2026-05-15 15:10:00,MSS,long,4577.9,4569.8,4591.0,4569.8,4591.0,28374
2026-05-15 16:00:00,MSS,short,4575.4,4584.0,4561.6,4584.0,4561.6,28383
2026-05-15 16:40:00,MSS,long,4558.7,4553.2,4567.5,4553.2,4567.5,28392
2026-05-15 17:10:00,MSS,short,4561.1,4568.2,4549.5,4568.2,4549.5,28399
2026-05-15 17:45:00,BOS,short,4552.8,4559.8,4541.5,4559.8,4541.5,28404
2026-05-15 18:05:00,MSS,long,4546.4,4535.7,4563.7,4535.7,4563.7,28408
2026-05-15 18:50:00,BOS,long,4562.5,4553.6,4576.8,4553.6,4576.8,28418
2026-05-15 19:30:00,MSS,short,4569.4,4573.5,4562.8,4573.5,4562.8,28425
2026-05-15 20:00:00,BOS,short,4558.3,4563.4,4550.0,4563.4,4550.0,28432
2026-05-15 20:10:00,BOS,short,4554.4,4557.5,4549.3,4557.5,4549.3,28435
2026-05-15 20:20:00,MSS,long,4554.4,4549.1,4562.9,4549.1,4562.9,28437
2026-05-15 21:35:00,MSS,short,4549.8,4561.8,4530.3,4561.8,4530.3,28451
2026-05-15 22:10:00,MSS,long,4538.8,4529.1,4554.6,4529.1,4554.6,28458
2026-05-15 22:45:00,MSS,short,4561.0,4565.0,4554.5,4565.0,4554.5,28465
2026-05-15 22:55:00,MSS,long,4558.0,4550.1,4570.9,4550.1,4570.9,28468
2026-05-15 23:15:00,MSS,short,4558.9,4564.3,4550.1,4564.3,4550.1,28472
2026-05-15 23:35:00,BOS,short,4551.2,4554.6,4545.6,4554.6,4545.6,28476
2026-05-15 23:50:00,BOS,short,4549.1,4554.6,4540.3,4554.6,4540.3,28476
2026-05-16 00:05:00,BOS,short,4541.5,4546.5,4533.3,4546.5,4533.3,28482
2026-05-16 00:30:00,MSS,long,4539.1,4533.2,4548.6,4533.2,4548.6,28484
2026-05-16 01:00:00,BOS,long,4549.7,4545.6,4556.4,4545.6,4556.4,28493
2026-05-16 01:20:00,BOS,long,4562.1,4558.4,4568.0,4558.4,4568.0,28497
2026-05-16 02:10:00,BOS,long,4562.6,4560.2,4566.6,4560.2,4566.6,28507
2026-05-16 02:15:00,MSS,short,4562.9,4566.6,4556.9,4566.6,4556.9,28508
2026-05-16 03:05:00,BOS,short,4562.5,4566.9,4555.4,4566.9,4555.4,28516
2026-05-16 03:35:00,MSS,long,4555.1,4552.5,4559.4,4552.5,4559.4,28523
2026-05-16 03:55:00,MSS,short,4555.4,4559.4,4548.9,4559.4,4548.9,28525
2026-05-16 04:30:00,MSS,long,4541.2,4537.0,4548.0,4537.0,4548.0,28534
2026-05-18 08:00:00,MSS,short,4540.6,4545.0,4533.6,4545.0,4533.6,28541
2026-05-18 08:20:00,BOS,short,4536.3,4546.5,4519.7,4546.5,4519.7,28542
2026-05-18 09:20:00,MSS,long,4501.5,4495.5,4511.3,4495.5,4511.3,28557
2026-05-18 09:40:00,BOS,long,4503.3,4495.5,4515.8,4495.5,4515.8,28557
2026-05-18 10:10:00,BOS,long,4531.3,4524.6,4542.1,4524.6,4542.1,28566
2026-05-18 11:25:00,BOS,long,4534.1,4529.5,4541.6,4529.5,4541.6,28580
2026-05-18 11:40:00,BOS,long,4537.1,4528.1,4551.7,4528.1,4551.7,28585
2026-05-18 13:00:00,MSS,short,4544.5,4549.4,4536.5,4549.4,4536.5,28600
2026-05-18 13:15:00,MSS,long,4542.8,4536.5,4553.0,4536.5,4553.0,28602
2026-05-18 13:55:00,MSS,short,4547.5,4556.3,4533.2,4556.3,4533.2,28608
2026-05-18 14:20:00,MSS,long,4540.3,4535.8,4547.7,4535.8,4547.7,28616
2026-05-18 15:25:00,BOS,long,4546.9,4541.8,4555.2,4541.8,4555.2,28630
2026-05-18 16:20:00,BOS,long,4549.0,4546.1,4553.7,4546.1,4553.7,28640
2026-05-18 16:30:00,BOS,long,4550.3,4546.1,4557.0,4546.1,4557.0,28640
2026-05-18 17:00:00,MSS,short,4554.9,4561.0,4545.0,4561.0,4545.0,28648
2026-05-18 18:05:00,BOS,short,4545.9,4549.0,4540.8,4549.0,4540.8,28662
2026-05-18 18:30:00,BOS,short,4542.3,4546.2,4536.0,4546.2,4536.0,28665
2026-05-18 18:40:00,MSS,long,4540.0,4535.4,4547.5,4535.4,4547.5,28669
2026-05-18 19:30:00,BOS,long,4540.9,4535.6,4549.4,4535.6,4549.4,28678
2026-05-18 20:30:00,BOS,long,4555.5,4548.7,4566.6,4548.7,4566.6,28690
2026-05-18 21:30:00,BOS,long,4572.6,4565.4,4584.3,4565.4,4584.3,28700
2026-05-18 21:50:00,BOS,long,4575.2,4566.9,4588.7,4566.9,4588.7,28707
2026-05-18 22:30:00,MSS,short,4564.9,4574.5,4549.4,4574.5,4549.4,28712
2026-05-18 23:05:00,BOS,short,4547.2,4553.0,4537.8,4553.0,4537.8,28720
2026-05-19 00:10:00,MSS,long,4547.8,4544.4,4553.3,4544.4,4553.3,28734
2026-05-19 00:25:00,MSS,short,4548.4,4555.1,4537.6,4555.1,4537.6,28738
2026-05-19 00:50:00,MSS,long,4545.7,4537.6,4558.7,4537.6,4558.7,28739
2026-05-19 01:00:00,BOS,long,4546.8,4537.6,4561.7,4537.6,4561.7,28739
2026-05-19 02:00:00,MSS,short,4552.5,4555.4,4547.7,4555.4,4547.7,28754
2026-05-19 02:15:00,BOS,short,4549.4,4552.1,4545.1,4552.1,4545.1,28759
2026-05-19 02:55:00,BOS,short,4543.9,4547.5,4538.0,4547.5,4538.0,28767
2026-05-19 03:00:00,MSS,long,4550.0,4538.0,4569.5,4538.0,4569.5,28769
2026-05-19 04:15:00,BOS,long,4565.4,4561.8,4571.2,4561.8,4571.2,28781
2026-05-19 04:55:00,BOS,long,4569.0,4567.5,4571.3,4567.5,4571.3,28792
2026-05-19 06:35:00,BOS,long,4576.8,4574.9,4580.0,4574.9,4580.0,28799
2026-05-19 07:00:00,BOS,long,4580.1,4576.7,4585.7,4576.7,4585.7,28805
2026-05-19 07:55:00,MSS,short,4588.2,4591.9,4582.3,4591.9,4582.3,28813
2026-05-19 08:25:00,BOS,short,4582.5,4589.3,4571.6,4589.3,4571.6,28822
2026-05-19 08:50:00,BOS,short,4575.6,4579.8,4568.9,4579.8,4568.9,28824
2026-05-19 09:20:00,BOS,short,4566.3,4571.9,4557.3,4571.9,4557.3,28833
2026-05-19 09:30:00,MSS,long,4560.4,4557.3,4565.3,4557.3,4565.3,28834
2026-05-19 10:10:00,MSS,short,4567.7,4575.8,4554.7,4575.8,4554.7,28838
2026-05-19 10:50:00,BOS,short,4558.2,4562.6,4551.2,4562.6,4551.2,28850
2026-05-19 11:35:00,MSS,long,4553.1,4550.0,4558.2,4550.0,4558.2,28860
2026-05-19 12:00:00,MSS,short,4549.6,4552.8,4544.4,4552.8,4544.4,28864
2026-05-19 12:10:00,BOS,short,4546.2,4548.8,4541.9,4548.8,4541.9,28867
2026-05-19 13:00:00,MSS,long,4543.7,4540.9,4548.2,4540.9,4548.2,28872
2026-05-19 13:20:00,MSS,short,4543.4,4549.8,4533.0,4549.8,4533.0,28880
2026-05-19 14:15:00,MSS,long,4542.9,4536.5,4553.3,4536.5,4553.3,28890
2026-05-19 14:45:00,MSS,short,4552.4,4556.1,4546.3,4556.1,4546.3,28898
2026-05-19 15:05:00,MSS,long,4551.9,4547.5,4558.9,4547.5,4558.9,28902
2026-05-19 15:40:00,MSS,short,4549.8,4553.0,4544.6,4553.0,4544.6,28908
2026-05-19 15:45:00,MSS,long,4549.6,4544.6,4557.8,4544.6,4557.8,28910
2026-05-19 16:20:00,MSS,short,4547.9,4551.5,4542.2,4551.5,4542.2,28917
2026-05-19 18:40:00,BOS,short,4539.6,4546.6,4528.4,4546.6,4528.4,28945
2026-05-19 18:55:00,MSS,long,4535.9,4528.4,4548.1,4528.4,4548.1,28946
2026-05-19 19:50:00,MSS,short,4543.4,4547.1,4537.5,4547.1,4537.5,28958
2026-05-19 21:00:00,BOS,short,4537.6,4545.3,4525.2,4545.3,4525.2,28973
2026-05-19 21:20:00,BOS,short,4520.4,4529.5,4505.6,4529.5,4505.6,28976
2026-05-19 22:00:00,MSS,long,4489.0,4472.5,4515.6,4472.5,4515.6,28982
2026-05-19 22:10:00,MSS,short,4508.5,4517.1,4494.5,4517.1,4494.5,28987
2026-05-19 23:15:00,MSS,long,4499.0,4492.9,4508.9,4492.9,4508.9,28999
2026-05-19 23:55:00,BOS,long,4507.1,4503.7,4512.7,4503.7,4512.7,29007
2026-05-20 00:05:00,MSS,short,4508.7,4513.7,4500.6,4513.7,4500.6,29010
2026-05-20 01:10:00,MSS,long,4511.0,4508.7,4514.6,4508.7,4514.6,29023
2026-05-20 01:20:00,MSS,short,4511.5,4514.7,4506.4,4514.7,4506.4,29025
2026-05-20 01:45:00,BOS,short,4508.8,4512.0,4503.7,4512.0,4503.7,29027
2026-05-20 02:05:00,MSS,long,4504.4,4502.5,4507.4,4502.5,4507.4,29032
2026-05-20 02:20:00,MSS,short,4504.1,4507.4,4498.7,4507.4,4498.7,29035
2026-05-20 03:20:00,BOS,short,4496.4,4500.7,4489.5,4500.7,4489.5,29048
2026-05-20 03:50:00,BOS,short,4490.1,4492.1,4486.9,4492.1,4486.9,29055
2026-05-20 04:35:00,BOS,short,4489.7,4491.7,4486.4,4491.7,4486.4,29062
2026-05-20 04:55:00,BOS,short,4486.7,4487.8,4484.8,4487.8,4484.8,29068
2026-05-20 06:15:00,BOS,short,4486.0,4489.2,4480.8,4489.2,4480.8,29070
2026-05-20 06:30:00,MSS,long,4483.5,4481.3,4487.1,4481.3,4487.1,29075
2026-05-20 07:10:00,BOS,long,4485.5,4482.9,4489.8,4482.9,4489.8,29082
2026-05-20 07:15:00,BOS,long,4486.4,4482.9,4492.0,4482.9,4492.0,29082
2026-05-20 08:20:00,BOS,long,4487.1,4482.5,4494.6,4482.5,4494.6,29095
2026-05-20 09:00:00,MSS,short,4505.2,4513.0,4492.5,4513.0,4492.5,29103
2026-05-20 09:20:00,BOS,short,4496.7,4503.4,4485.8,4503.4,4485.8,29108
2026-05-20 10:30:00,BOS,short,4481.2,4489.3,4468.0,4489.3,4468.0,29122
2026-05-20 10:40:00,BOS,short,4479.1,4489.3,4462.6,4489.3,4462.6,29122
2026-05-20 11:05:00,BOS,short,4463.9,4469.4,4454.9,4469.4,4454.9,29130
2026-05-20 12:00:00,MSS,long,4464.6,4459.8,4472.3,4459.8,4472.3,29139
2026-05-20 12:30:00,MSS,short,4469.2,4472.6,4463.8,4472.6,4463.8,29145
2026-05-20 13:00:00,MSS,long,4464.4,4458.5,4473.9,4458.5,4473.9,29151
2026-05-20 13:30:00,BOS,long,4474.2,4469.5,4481.8,4469.5,4481.8,29159
2026-05-20 13:45:00,MSS,short,4475.5,4481.8,4465.4,4481.8,4465.4,29160
2026-05-20 14:30:00,BOS,short,4476.2,4480.9,4468.7,4480.9,4468.7,29169
2026-05-20 15:05:00,MSS,long,4478.7,4473.9,4486.4,4473.9,4486.4,29177
2026-05-20 16:20:00,BOS,long,4481.9,4477.6,4488.9,4477.6,4488.9,29188
2026-05-20 17:25:00,MSS,short,4481.9,4486.1,4475.2,4486.1,4475.2,29206
2026-05-20 17:50:00,MSS,long,4487.8,4484.3,4493.4,4484.3,4493.4,29211
2026-05-20 19:15:00,MSS,short,4497.1,4499.0,4494.1,4499.0,4494.1,29228
2026-05-20 19:25:00,MSS,long,4497.4,4493.5,4503.7,4493.5,4503.7,29230
2026-05-20 20:30:00,BOS,long,4499.8,4495.2,4507.2,4495.2,4507.2,29242
2026-05-20 21:25:00,MSS,short,4502.6,4509.3,4491.7,4509.3,4491.7,29252
2026-05-20 22:00:00,BOS,short,4490.5,4495.0,4483.2,4495.0,4483.2,29259
2026-05-20 22:15:00,MSS,long,4483.6,4469.3,4506.8,4469.3,4506.8,29264
2026-05-20 23:15:00,BOS,long,4538.3,4526.5,4557.5,4526.5,4557.5,29276
2026-05-21 00:20:00,MSS,short,4534.3,4538.5,4527.5,4538.5,4527.5,29287
2026-05-21 01:05:00,MSS,long,4531.7,4527.0,4539.2,4527.0,4539.2,29291
2026-05-21 01:25:00,MSS,short,4538.1,4540.5,4534.2,4540.5,4534.2,29302
2026-05-21 02:30:00,MSS,long,4538.3,4535.1,4543.5,4535.1,4543.5,29315
2026-05-21 03:15:00,BOS,long,4546.4,4544.7,4549.2,4544.7,4549.2,29323
2026-05-21 03:35:00,BOS,long,4549.1,4546.2,4553.7,4546.2,4553.7,29326
2026-05-21 04:30:00,MSS,short,4550.6,4553.2,4546.4,4553.2,4546.4,29336
2026-05-21 06:05:00,BOS,short,4545.6,4549.2,4539.7,4549.2,4539.7,29346
2026-05-21 07:20:00,BOS,short,4540.0,4541.6,4537.3,4541.6,4537.3,29361
2026-05-21 07:35:00,MSS,long,4539.8,4535.5,4546.8,4535.5,4546.8,29363
2026-05-21 08:15:00,BOS,long,4546.1,4540.7,4554.9,4540.7,4554.9,29370
2026-05-21 09:05:00,BOS,long,4545.8,4541.4,4552.9,4541.4,4552.9,29382
2026-05-21 09:20:00,BOS,long,4552.2,4541.4,4569.8,4541.4,4569.8,29382
2026-05-21 09:50:00,MSS,short,4568.0,4572.5,4560.7,4572.5,4560.7,29390
2026-05-21 11:35:00,BOS,short,4538.6,4542.0,4533.1,4542.0,4533.1,29410
2026-05-21 11:50:00,BOS,short,4534.2,4537.9,4528.1,4537.9,4528.1,29414
2026-05-21 12:20:00,MSS,long,4532.1,4528.1,4538.5,4528.1,4538.5,29416
2026-05-21 12:55:00,BOS,long,4538.1,4536.6,4540.5,4536.6,4540.5,29427
2026-05-21 13:05:00,MSS,short,4538.0,4541.7,4532.0,4541.7,4532.0,29430
2026-05-21 13:25:00,BOS,short,4534.4,4541.7,4522.5,4541.7,4522.5,29430
2026-05-21 13:50:00,MSS,long,4523.6,4519.1,4531.0,4519.1,4531.0,29439
2026-05-21 14:40:00,MSS,short,4534.6,4541.2,4523.8,4541.2,4523.8,29446
2026-05-21 15:25:00,BOS,short,4520.5,4525.0,4513.3,4525.0,4513.3,29458
2026-05-21 16:05:00,MSS,long,4523.5,4519.2,4530.5,4519.2,4530.5,29466
2026-05-21 16:35:00,MSS,short,4534.1,4538.1,4527.7,4538.1,4527.7,29471
2026-05-21 17:10:00,MSS,long,4536.3,4532.9,4541.7,4532.9,4541.7,29479
2026-05-21 17:30:00,MSS,short,4540.3,4543.9,4534.5,4543.9,4534.5,29482
2026-05-21 18:00:00,MSS,long,4532.2,4530.7,4534.7,4530.7,4534.7,29489
2026-05-21 18:25:00,MSS,short,4527.2,4537.3,4510.8,4537.3,4510.8,29491
2026-05-21 19:30:00,BOS,short,4518.1,4522.4,4511.1,4522.4,4511.1,29506
2026-05-21 20:05:00,MSS,long,4514.7,4511.8,4519.5,4511.8,4519.5,29513
2026-05-21 20:15:00,MSS,short,4516.5,4520.3,4510.3,4520.3,4510.3,29516
2026-05-21 21:15:00,BOS,short,4507.3,4513.8,4496.9,4513.8,4496.9,29527
2026-05-21 21:50:00,MSS,long,4501.4,4488.5,4522.2,4488.5,4522.2,29533
2026-05-22 00:00:00,BOS,long,4514.3,4510.5,4520.4,4510.5,4520.4,29561
2026-05-22 01:10:00,BOS,long,4521.9,4515.0,4533.1,4515.0,4533.1,29575
2026-05-22 02:35:00,MSS,short,4549.2,4552.3,4544.1,4552.3,4544.1,29590
2026-05-22 02:45:00,BOS,short,4543.7,4548.6,4535.9,4548.6,4535.9,29594
2026-05-22 03:10:00,MSS,long,4534.3,4531.1,4539.6,4531.1,4539.6,29599
2026-05-22 03:50:00,MSS,short,4541.0,4544.5,4535.4,4544.5,4535.4,29606
2026-05-22 04:55:00,MSS,long,4542.3,4540.8,4544.8,4540.8,4544.8,29620
2026-05-22 06:00:00,BOS,long,4543.6,4540.8,4548.1,4540.8,4548.1,29620
2026-05-22 06:40:00,BOS,long,4542.5,4540.5,4545.7,4540.5,4545.7,29629
2026-05-22 07:15:00,MSS,short,4543.9,4545.2,4541.8,4545.2,4541.8,29636
2026-05-22 08:10:00,BOS,short,4535.3,4537.3,4532.1,4537.3,4532.1,29644
2026-05-22 08:35:00,MSS,long,4535.2,4530.8,4542.2,4530.8,4542.2,29649
2026-05-22 08:50:00,MSS,short,4536.9,4542.2,4528.2,4542.2,4528.2,29653
2026-05-22 09:05:00,BOS,short,4532.5,4537.6,4524.2,4537.6,4524.2,29658
2026-05-22 10:30:00,BOS,short,4526.3,4530.5,4519.6,4530.5,4519.6,29672
2026-05-22 11:40:00,MSS,long,4523.2,4519.9,4528.5,4519.9,4528.5,29687
2026-05-22 12:25:00,BOS,long,4530.4,4528.3,4533.9,4528.3,4533.9,29698
2026-05-22 12:35:00,MSS,short,4531.3,4533.9,4527.1,4533.9,4527.1,29699
2026-05-22 13:00:00,BOS,short,4528.7,4531.2,4524.6,4531.2,4524.6,29704
2026-05-22 13:35:00,MSS,long,4529.4,4525.9,4535.0,4525.9,4535.0,29712
2026-05-22 13:55:00,MSS,short,4525.0,4535.4,4508.3,4535.4,4508.3,29714
2026-05-22 14:25:00,MSS,long,4520.9,4517.1,4527.0,4517.1,4527.0,29721
2026-05-22 15:35:00,MSS,short,4524.2,4528.2,4517.7,4528.2,4517.7,29734
2026-05-22 16:15:00,MSS,long,4521.5,4516.5,4529.6,4516.5,4529.6,29738
2026-05-22 17:10:00,MSS,short,4522.8,4526.2,4517.3,4526.2,4517.3,29755
2026-05-22 17:35:00,MSS,long,4519.0,4515.2,4525.1,4515.2,4525.1,29760
2026-05-22 18:25:00,MSS,short,4533.2,4538.1,4525.4,4538.1,4525.4,29767
2026-05-22 19:00:00,MSS,long,4514.8,4513.1,4517.5,4513.1,4517.5,29777
2026-05-22 19:20:00,MSS,short,4516.2,4518.3,4512.9,4518.3,4512.9,29779
2026-05-22 19:30:00,MSS,long,4514.5,4512.2,4518.3,4512.2,4518.3,29783
2026-05-22 20:10:00,BOS,long,4523.7,4519.0,4531.4,4519.0,4531.4,29790
2026-05-22 20:35:00,MSS,short,4529.1,4537.4,4515.7,4537.4,4515.7,29793
2026-05-22 21:35:00,BOS,short,4524.8,4528.4,4518.9,4528.4,4518.9,29808
2026-05-22 23:05:00,MSS,long,4505.3,4501.0,4512.3,4501.0,4512.3,29825
2026-05-23 00:20:00,BOS,long,4519.3,4517.8,4521.8,4517.8,4521.8,29841
2026-05-23 00:40:00,MSS,short,4522.4,4528.8,4512.1,4528.8,4512.1,29844
2026-05-23 01:25:00,MSS,long,4519.5,4514.5,4527.6,4514.5,4527.6,29854
2026-05-23 02:00:00,MSS,short,4521.0,4525.9,4513.2,4525.9,4513.2,29858
2026-05-23 02:35:00,MSS,long,4518.6,4515.7,4523.3,4515.7,4523.3,29868
2026-05-23 02:45:00,MSS,short,4519.9,4523.3,4514.5,4523.3,4514.5,29869
2026-05-23 03:00:00,BOS,short,4515.5,4518.1,4511.2,4518.1,4511.2,29872
2026-05-23 03:35:00,MSS,long,4508.1,4505.9,4511.6,4505.9,4511.6,29880
2026-05-23 04:20:00,BOS,long,4508.4,4506.2,4511.9,4506.2,4511.9,29886
2026-05-23 04:30:00,MSS,short,4510.2,4511.9,4507.4,4511.9,4507.4,29890
2026-05-25 08:00:00,MSS,long,4531.4,4505.4,4573.5,4505.4,4573.5,29895
2026-05-25 08:45:00,BOS,long,4575.8,4572.2,4581.6,4572.2,4581.6,29906
2026-05-25 08:55:00,MSS,short,4576.0,4581.6,4566.9,4581.6,4566.9,29907
2026-05-25 09:05:00,BOS,short,4571.8,4578.1,4561.5,4578.1,4561.5,29910
2026-05-25 10:05:00,MSS,long,4564.6,4561.7,4569.3,4561.7,4569.3,29921
2026-05-25 10:40:00,BOS,long,4563.8,4559.6,4570.7,4559.6,4570.7,29925
2026-05-25 11:40:00,MSS,short,4562.5,4565.1,4558.4,4565.1,4558.4,29941
2026-05-25 12:25:00,MSS,long,4562.9,4560.5,4566.7,4560.5,4566.7,29948
2026-05-25 13:00:00,BOS,long,4563.0,4560.4,4567.3,4560.4,4567.3,29953
2026-05-25 13:20:00,MSS,short,4563.4,4567.3,4557.1,4567.3,4557.1,29958
2026-05-25 14:20:00,MSS,long,4553.8,4551.3,4557.8,4551.3,4557.8,29971
2026-05-25 14:45:00,BOS,long,4556.7,4554.5,4560.3,4554.5,4560.3,29976
2026-05-25 15:45:00,BOS,long,4557.2,4553.2,4563.6,4553.2,4563.6,29986
2026-05-25 16:20:00,MSS,short,4562.8,4566.7,4556.6,4566.7,4556.6,29992
2026-05-25 17:25:00,MSS,long,4558.1,4556.5,4560.6,4556.5,4560.6,30007
2026-05-25 19:15:00,BOS,long,4572.5,4569.4,4577.5,4569.4,4577.5,30031
2026-05-25 19:35:00,BOS,long,4573.9,4571.2,4578.2,4571.2,4578.2,30035
2026-05-25 20:00:00,MSS,short,4574.0,4579.3,4565.3,4579.3,4565.3,30039
2026-05-25 21:40:00,MSS,long,4564.3,4562.5,4567.3,4562.5,4567.3,30059
2026-05-25 22:00:00,BOS,long,4564.5,4561.7,4569.1,4561.7,4569.1,30063
2026-05-25 22:20:00,BOS,long,4569.9,4568.6,4572.0,4568.6,4572.0,30068
2026-05-25 22:50:00,MSS,short,4569.1,4570.2,4567.2,4570.2,4567.2,30073
2026-05-25 23:10:00,MSS,long,4570.2,4566.9,4575.5,4566.9,4575.5,30079
2026-05-26 00:35:00,BOS,long,4571.2,4569.9,4573.2,4569.9,4573.2,30096
2026-05-26 00:55:00,BOS,long,4572.2,4569.9,4576.0,4569.9,4576.0,30096
2026-05-26 01:30:00,MSS,short,4577.4,4580.6,4572.3,4580.6,4572.3,30104
2026-05-26 02:25:00,MSS,long,4571.2,4569.8,4573.5,4569.8,4573.5,30118
2026-05-26 06:05:00,BOS,long,4571.5,4569.6,4574.7,4569.6,4574.7,30119
2026-05-26 06:30:00,MSS,short,4575.6,4577.3,4572.8,4577.3,4572.8,30125
2026-05-26 06:50:00,MSS,long,4574.0,4571.2,4578.4,4571.2,4578.4,30127
2026-05-26 07:10:00,BOS,long,4578.1,4575.7,4582.0,4575.7,4582.0,30132
2026-05-26 07:25:00,MSS,short,4577.8,4583.2,4569.1,4583.2,4569.1,30135
2026-05-26 08:00:00,BOS,short,4559.4,4564.9,4550.4,4564.9,4550.4,30143
2026-05-26 08:15:00,BOS,short,4549.7,4554.4,4542.2,4554.4,4542.2,30146
2026-05-26 08:50:00,BOS,short,4547.7,4552.6,4539.9,4552.6,4539.9,30153
2026-05-26 09:30:00,BOS,short,4545.3,4550.1,4537.6,4550.1,4537.6,30158
2026-05-26 10:05:00,MSS,long,4539.9,4539.9,4539.9,4539.9,4539.9,30154
2026-05-26 10:30:00,MSS,short,4538.1,4540.1,4534.8,4540.1,4534.8,30173
2026-05-26 10:45:00,BOS,short,4536.5,4539.5,4531.6,4539.5,4531.6,30175
2026-05-26 11:20:00,MSS,long,4535.9,4530.7,4544.4,4530.7,4544.4,30178
2026-05-26 12:00:00,MSS,short,4543.0,4544.3,4541.0,4544.3,4541.0,30190
2026-05-26 13:05:00,MSS,long,4526.2,4523.3,4530.9,4523.3,4530.9,30204
2026-05-26 13:30:00,BOS,long,4531.2,4529.2,4534.5,4529.2,4534.5,30209
2026-05-26 13:45:00,MSS,short,4532.1,4535.5,4526.6,4535.5,4526.6,30211
2026-05-26 14:20:00,MSS,long,4531.7,4529.5,4535.2,4529.5,4535.2,30218
2026-05-26 15:05:00,MSS,short,4531.8,4534.3,4527.8,4534.3,4527.8,30228
2026-05-26 15:45:00,MSS,long,4526.3,4521.7,4533.8,4521.7,4533.8,30235
2026-05-26 17:10:00,MSS,short,4523.1,4525.4,4519.3,4525.4,4519.3,30253
2026-05-26 17:35:00,BOS,short,4522.7,4526.7,4516.2,4526.7,4516.2,30257
2026-05-26 18:10:00,MSS,long,4524.4,4519.4,4532.6,4519.4,4532.6,30265
2026-05-26 19:10:00,MSS,short,4535.2,4537.0,4532.2,4537.0,4532.2,30277
2026-05-26 20:35:00,BOS,short,4510.5,4516.2,4501.3,4516.2,4501.3,30291
2026-05-26 20:45:00,MSS,long,4508.3,4500.3,4521.3,4500.3,4521.3,30294
2026-05-26 21:50:00,MSS,short,4524.9,4532.2,4513.0,4532.2,4513.0,30308
2026-05-26 22:10:00,BOS,short,4516.4,4521.3,4508.4,4521.3,4508.4,30313
2026-05-26 22:35:00,MSS,long,4515.0,4508.4,4525.6,4508.4,4525.6,30314
2026-05-26 23:20:00,MSS,short,4517.8,4525.6,4505.2,4525.6,4505.2,30319
2026-05-26 23:50:00,MSS,long,4505.7,4502.3,4511.2,4502.3,4511.2,30331
2026-05-27 00:10:00,MSS,short,4506.5,4511.2,4498.8,4511.2,4498.8,30334
2026-05-27 01:25:00,BOS,short,4504.5,4506.9,4500.5,4506.9,4500.5,30352
2026-05-27 01:55:00,BOS,short,4495.9,4501.2,4487.2,4501.2,4487.2,30358
2026-05-27 03:00:00,MSS,long,4488.0,4480.1,4500.8,4480.1,4500.8,30361
2026-05-27 06:05:00,MSS,short,4506.6,4508.5,4503.4,4508.5,4503.4,30395
2026-05-27 06:30:00,BOS,short,4507.0,4510.9,4500.8,4510.9,4500.8,30400
2026-05-27 06:50:00,MSS,long,4503.0,4500.0,4507.8,4500.0,4507.8,30405
2026-05-27 07:30:00,BOS,long,4509.3,4504.6,4516.8,4504.6,4516.8,30412
2026-05-27 08:20:00,MSS,short,4521.9,4525.8,4515.6,4525.8,4515.6,30420
2026-05-27 08:55:00,BOS,short,4518.9,4522.0,4514.0,4522.0,4514.0,30429
2026-05-27 09:10:00,MSS,long,4515.2,4512.0,4520.5,4512.0,4520.5,30433
2026-05-27 09:30:00,MSS,short,4517.7,4520.7,4512.9,4520.7,4512.9,30436
2026-05-27 10:35:00,BOS,short,4503.0,4505.3,4499.3,4505.3,4499.3,30449
2026-05-27 11:00:00,MSS,long,4502.0,4497.3,4509.7,4497.3,4509.7,30453
2026-05-27 11:55:00,MSS,short,4501.2,4504.7,4495.5,4504.7,4495.5,30465
2026-05-27 12:25:00,BOS,short,4500.7,4502.2,4498.3,4502.2,4498.3,30472
2026-05-27 12:40:00,MSS,long,4500.8,4496.8,4507.2,4496.8,4507.2,30474
2026-05-27 13:10:00,MSS,short,4504.3,4502.2,4507.7,4502.2,4507.7,30472
2026-05-27 13:30:00,BOS,short,4501.6,4507.4,4492.3,4507.4,4492.3,30485
2026-05-27 14:15:00,BOS,short,4494.7,4500.5,4485.4,4500.5,4485.4,30490
2026-05-27 15:10:00,BOS,short,4484.7,4487.9,4479.4,4487.9,4479.4,30504
2026-05-27 15:45:00,BOS,short,4483.6,4487.9,4476.7,4487.9,4476.7,30510
2026-05-27 16:15:00,MSS,long,4485.0,4482.3,4489.4,4482.3,4489.4,30518
2026-05-27 16:40:00,BOS,long,4488.7,4484.7,4495.2,4484.7,4495.2,30522
2026-05-27 17:50:00,BOS,long,4488.6,4486.8,4491.6,4486.8,4491.6,30536
2026-05-27 18:00:00,MSS,short,4488.8,4492.0,4483.6,4492.0,4483.6,30539
2026-05-27 19:25:00,BOS,short,4444.7,4449.8,4436.5,4449.8,4436.5,30555
2026-05-27 19:55:00,BOS,short,4434.4,4442.0,4422.1,4442.0,4422.1,30561
2026-05-27 20:15:00,MSS,long,4436.0,4426.2,4451.8,4426.2,4451.8,30566
2026-05-27 21:05:00,MSS,short,4443.0,4463.8,4409.3,4463.8,4409.3,30568
2026-05-27 21:25:00,BOS,short,4411.3,4419.2,4398.4,4419.2,4398.4,30579
2026-05-27 21:30:00,MSS,long,4407.5,4398.4,4422.2,4398.4,4422.2,30581
2026-05-27 22:45:00,MSS,short,4447.4,4454.0,4436.6,4454.0,4436.6,30592
2026-05-28 00:20:00,MSS,long,4436.4,4432.5,4442.8,4432.5,4442.8,30613
2026-05-28 01:00:00,MSS,short,4449.1,4451.4,4445.5,4451.4,4445.5,30622
2026-05-28 01:05:00,BOS,short,4447.3,4451.4,4440.6,4451.4,4440.6,30622
2026-05-28 01:25:00,MSS,long,4443.5,4439.7,4449.7,4439.7,4449.7,30626
2026-05-28 02:00:00,MSS,short,4450.8,4452.9,4447.3,4452.9,4447.3,30635
2026-05-28 02:20:00,MSS,long,4450.2,4446.0,4457.0,4446.0,4457.0,30637
2026-05-28 03:15:00,MSS,short,4451.4,4453.5,4447.9,4453.5,4447.9,30647
2026-05-28 03:35:00,MSS,long,4450.2,4448.1,4453.6,4448.1,4453.6,30654
2026-05-28 04:10:00,BOS,long,4450.1,4447.7,4453.9,4447.7,4453.9,30659
2026-05-28 06:05:00,BOS,long,4453.4,4449.9,4459.0,4449.9,4459.0,30668
2026-05-28 06:30:00,MSS,short,4456.6,4459.4,4452.2,4459.4,4452.2,30676
2026-05-28 07:05:00,BOS,short,4452.9,4455.0,4449.4,4455.0,4449.4,30684
2026-05-28 07:20:00,BOS,short,4450.2,4451.8,4447.5,4451.8,4447.5,30687
2026-05-28 07:45:00,BOS,short,4448.4,4450.8,4444.5,4450.8,4444.5,30691
2026-05-28 08:25:00,BOS,short,4447.9,4450.8,4443.3,4450.8,4443.3,30691
2026-05-28 08:45:00,MSS,long,4449.6,4447.8,4452.4,4447.8,4452.4,30704
2026-05-28 08:55:00,BOS,long,4452.1,4450.2,4455.3,4450.2,4455.3,30706
2026-05-28 09:00:00,MSS,short,4451.0,4455.3,4444.0,4455.3,4444.0,30707
2026-05-28 10:00:00,BOS,short,4435.4,4455.3,4403.3,4455.3,4403.3,30707
2026-05-28 10:45:00,BOS,short,4401.4,4406.6,4393.1,4406.6,4393.1,30726
2026-05-28 11:15:00,BOS,short,4388.8,4394.5,4379.6,4394.5,4379.6,30733
2026-05-28 12:05:00,MSS,long,4370.7,4366.1,4378.1,4366.1,4378.1,30743
2026-05-28 12:25:00,MSS,short,4373.1,4378.1,4364.9,4378.1,4364.9,30745
2026-05-28 12:55:00,MSS,long,4368.3,4366.7,4371.0,4366.7,4371.0,30754
2026-05-28 13:10:00,BOS,long,4367.7,4365.1,4372.0,4365.1,4372.0,30757
2026-05-28 15:00:00,BOS,long,4379.0,4374.5,4386.2,4374.5,4386.2,30776
2026-05-28 15:15:00,BOS,long,4387.3,4385.6,4390.0,4385.6,4390.0,30781
2026-05-28 15:40:00,MSS,short,4389.8,4393.7,4383.6,4393.7,4383.6,30783
2026-05-28 15:50:00,BOS,short,4385.6,4387.0,4383.3,4387.0,4383.3,30788
2026-05-28 16:05:00,MSS,long,4384.4,4381.4,4389.2,4381.4,4389.2,30790
2026-05-28 16:55:00,MSS,short,4386.0,4387.6,4383.3,4387.6,4383.3,30800
2026-05-28 17:00:00,MSS,long,4385.1,4383.3,4388.1,4383.3,4388.1,30801
2026-05-28 18:05:00,BOS,long,4393.9,4390.7,4399.1,4390.7,4399.1,30814
2026-05-28 18:35:00,MSS,short,4398.2,4400.0,4395.3,4400.0,4395.3,30819
2026-05-28 18:40:00,BOS,short,4394.4,4400.0,4385.4,4400.0,4385.4,30819
2026-05-28 19:15:00,MSS,long,4385.6,4384.0,4388.3,4384.0,4388.3,30827
2026-05-28 19:25:00,MSS,short,4386.1,4388.3,4382.6,4388.3,4382.6,30828
2026-05-28 19:50:00,BOS,short,4384.8,4388.0,4379.5,4388.0,4379.5,30833
2026-05-28 20:00:00,MSS,long,4383.1,4379.5,4389.0,4379.5,4389.0,30835
2026-05-28 20:15:00,MSS,short,4389.1,4391.0,4386.0,4391.0,4386.0,30838
2026-05-28 20:35:00,MSS,long,4386.3,4377.8,4400.0,4377.8,4400.0,30841
2026-05-28 21:30:00,MSS,short,4425.9,4431.6,4416.6,4431.6,4416.6,30853
2026-05-28 22:05:00,MSS,long,4426.5,4418.1,4440.0,4418.1,4440.0,30861
2026-05-28 22:40:00,BOS,long,4459.0,4452.8,4469.0,4452.8,4469.0,30868
2026-05-28 23:35:00,BOS,long,4472.8,4466.9,4482.3,4466.9,4482.3,30877
2026-05-29 00:15:00,BOS,long,4484.7,4478.7,4494.4,4478.7,4494.4,30887
2026-05-29 00:40:00,BOS,long,4497.7,4495.1,4501.9,4495.1,4501.9,30891
2026-05-29 00:50:00,BOS,long,4500.6,4496.7,4506.8,4496.7,4506.8,30893
2026-05-29 01:10:00,MSS,short,4507.9,4511.5,4502.1,4511.5,4502.1,30897
2026-05-29 01:45:00,MSS,long,4503.7,4501.9,4506.5,4501.9,4506.5,30903
2026-05-29 02:25:00,MSS,short,4506.6,4507.6,4504.9,4507.6,4504.9,30909
2026-05-29 02:35:00,BOS,short,4504.4,4507.6,4499.2,4507.6,4499.2,30909
2026-05-29 03:45:00,BOS,short,4498.6,4499.6,4497.1,4499.6,4497.1,30918
2026-05-29 04:40:00,BOS,short,4495.1,4496.2,4493.3,4496.2,4493.3,30924
2026-05-29 04:55:00,BOS,short,4495.0,4496.2,4493.0,4496.2,4493.0,30924
2026-05-29 08:15:00,MSS,long,4494.4,4493.0,4496.7,4493.0,4496.7,30927
2026-05-29 16:50:00,BOS,long,4508.8,4506.3,4512.9,4506.3,4512.9,30933
2026-05-29 21:45:00,BOS,long,4524.1,4518.0,4534.0,4518.0,4534.0,30936
2026-06-01 12:45:00,MSS,short,4561.5,4592.5,4511.3,4592.5,4511.3,30943
2026-06-01 14:20:00,BOS,short,4513.9,4520.9,4502.5,4520.9,4502.5,30956
2026-06-01 16:00:00,BOS,short,4501.5,4503.9,4497.6,4503.9,4497.6,30961
2026-06-01 19:20:00,MSS,long,4502.6,4497.6,4510.8,4497.6,4510.8,30962
2026-06-01 21:05:00,MSS,short,4505.6,4510.8,4497.1,4510.8,4497.1,30963
