signal_time,entry_time,exit_time,kind,direction,entry,sl,final_sl,tp,break_even_moved,break_even_time,exit_price,exit_reason,points,dollars,bars_held
2025-06-11 03:40:00,2025-06-11 03:58:00,2025-06-11 13:08:00,MSS,long,3327.3,3323.3,3327.3,3334.0,True,2025-06-11 08:23:00,3340.9,TP,13.6,132.0,5
2025-06-27 08:50:00,2025-06-27 08:55:00,2025-06-27 08:56:00,MSS,long,3330.9,3326.0,3330.9,3331.8,True,2025-06-27 08:56:00,3330.9,BE,0.0,-4.0,1
2025-06-27 09:00:00,2025-06-27 09:15:00,2025-06-27 09:19:00,EXTEND,long,3330.2,3326.0,3330.2,3335.3,True,2025-06-27 09:17:00,3330.2,BE,0.0,-4.0,4
2025-06-27 09:30:00,2025-06-27 09:50:00,2025-06-27 10:00:00,EXTEND,long,3329.4,3327.9,3327.9,3337.0,False,,3327.9,SL,-1.5,-19.0,10
2025-06-27 10:20:00,2025-06-27 10:25:00,2025-06-27 10:26:00,MSS,short,3328.3,3332.8,3328.3,3327.5,True,2025-06-27 10:26:00,3328.4,BE,-0.1,-5.0,1
2025-06-27 12:40:00,2025-06-27 12:51:00,2025-06-27 12:52:00,EXTEND,long,3309.1,3306.3,3309.1,3311.0,True,2025-06-27 12:52:00,3309.1,BE,0.0,-4.0,1
2025-06-27 13:40:00,2025-06-27 14:01:00,2025-06-27 14:02:00,EXTEND,long,3311.2,3301.0,3311.2,3316.2,True,2025-06-27 14:02:00,3311.0,BE,-0.2,-6.0,1
2025-06-27 14:35:00,2025-06-27 15:00:00,2025-06-27 15:24:00,EXTEND,short,3306.2,3309.3,3306.2,3295.6,True,2025-06-27 15:07:00,3295.6,TP,10.6,102.16,24
2025-06-27 15:30:00,2025-06-27 15:37:00,2025-06-27 15:38:00,EXTEND,long,3300.9,3295.4,3300.9,3303.8,True,2025-06-27 15:38:00,3300.9,BE,0.0,-4.0,1
2025-06-27 17:15:00,2025-06-27 17:27:00,2025-06-27 17:30:00,EXTEND,short,3298.3,3303.0,3298.3,3293.9,True,2025-06-27 17:28:00,3298.3,BE,0.0,-4.0,3
2025-06-27 18:05:00,2025-06-27 18:11:00,2025-06-27 18:12:00,MSS,long,3302.3,3293.9,3302.3,3304.9,True,2025-06-27 18:12:00,3302.3,BE,0.0,-4.0,1
2025-06-27 18:20:00,2025-06-27 18:44:00,2025-06-27 18:50:00,EXTEND,long,3296.9,3293.9,3293.9,3305.8,False,,3293.9,SL,-3.0,-34.0,6
2025-06-27 18:50:00,2025-06-27 19:06:00,2025-06-27 19:51:00,MSS,short,3298.1,3303.3,3298.1,3288.1,True,2025-06-27 19:24:00,3288.1,TP,10.0,96.4,45
2025-06-27 19:50:00,2025-06-27 19:58:00,2025-06-27 20:10:00,EXTEND,short,3292.9,3297.4,3292.9,3285.1,True,2025-06-27 20:07:00,3285.1,TP,7.8,74.19,12
2025-06-27 20:10:00,2025-06-27 20:23:00,2025-06-27 20:59:00,EXTEND,short,3289.2,3295.3,3289.2,3280.4,True,2025-06-27 20:35:00,3280.4,TP,8.8,83.59,36
2025-06-27 22:10:00,2025-06-27 22:16:00,2025-06-27 22:17:00,MSS,short,3280.1,3289.1,3280.1,3279.3,True,2025-06-27 22:17:00,3280.2,BE,-0.1,-5.0,1
2025-06-27 22:20:00,2025-06-27 22:33:00,2025-06-27 23:42:00,EXTEND,short,3288.0,3289.1,3288.0,3273.2,True,2025-06-27 22:39:00,3288.0,BE,0.0,-4.0,69
2025-06-28 00:35:00,2025-06-28 00:45:00,2025-06-28 00:46:00,MSS,short,3286.0,3290.6,3286.0,3283.6,True,2025-06-28 00:46:00,3286.0,BE,0.0,-4.0,1
2025-06-28 01:45:00,2025-06-28 01:50:00,2025-06-28 01:51:00,MSS,long,3294.4,3284.3,3294.4,3295.5,True,2025-06-28 01:51:00,3294.4,BE,0.0,-4.0,1
2025-06-28 01:50:00,2025-06-28 02:09:00,2025-06-28 02:31:00,EXTEND,long,3285.9,3284.3,3284.3,3298.0,False,,3284.3,SL,-1.6,-20.0,22
2025-06-28 03:00:00,2025-06-28 03:14:00,2025-06-28 03:19:00,EXTEND,long,3285.6,3282.2,3282.2,3290.6,False,,3282.2,SL,-3.4,-38.0,5
2025-06-30 07:05:00,2025-06-30 07:49:00,2025-06-30 08:32:00,EXTEND,long,3277.3,3272.4,3277.3,3284.3,True,2025-06-30 08:19:00,3277.3,BE,0.0,-4.0,43
2025-06-30 09:15:00,2025-06-30 09:20:00,2025-06-30 09:21:00,MSS,long,3284.3,3269.7,3284.3,3287.5,True,2025-06-30 09:21:00,3284.1,BE,-0.2,-6.0,1
2025-06-30 10:40:00,2025-06-30 10:53:00,2025-06-30 10:55:00,EXTEND,short,3290.8,3294.9,3290.8,3287.2,True,2025-06-30 10:54:00,3290.8,BE,0.0,-4.0,2
2025-06-30 12:20:00,2025-06-30 12:43:00,2025-06-30 12:49:00,BOS,short,3290.9,3292.7,3292.7,3286.7,False,,3292.7,SL,-1.8,-22.0,6
2025-06-30 14:00:00,2025-06-30 14:19:00,2025-06-30 14:20:00,EXTEND,long,3300.8,3297.2,3300.8,3303.7,True,2025-06-30 14:20:00,3300.8,BE,0.0,-4.0,1
2025-06-30 15:55:00,2025-06-30 16:06:00,2025-06-30 16:07:00,EXTEND,short,3306.8,3307.3,3307.3,3300.1,False,,3307.3,SL,-0.5,-9.0,1
2025-06-30 17:30:00,2025-06-30 17:45:00,2025-06-30 17:48:00,BOS,short,3296.5,3298.1,3298.1,3285.9,False,,3298.1,SL,-1.6,-20.0,3
2025-06-30 20:05:00,2025-06-30 20:10:00,2025-06-30 20:11:00,EXTEND,long,3293.2,3288.7,3293.2,3295.0,True,2025-06-30 20:11:00,3293.2,BE,0.0,-4.0,1
2025-06-30 20:40:00,2025-06-30 21:01:00,2025-06-30 22:14:00,EXTEND,long,3294.3,3288.7,3294.3,3304.2,True,2025-06-30 21:50:00,3294.3,BE,0.0,-4.0,73
2025-06-30 23:10:00,2025-06-30 23:23:00,2025-07-01 00:02:00,MSS,short,3301.4,3302.4,3302.4,3293.1,False,,3302.4,SL,-1.0,-14.0,39
2025-07-01 01:00:00,2025-07-01 01:15:00,2025-07-01 01:29:00,EXTEND,long,3307.1,3304.7,3307.1,3312.4,True,2025-07-01 01:21:00,3307.1,BE,0.0,-4.0,14
2025-07-01 01:50:00,2025-07-01 02:14:00,2025-07-01 02:15:00,EXTEND,short,3309.7,3309.8,3309.8,3302.2,False,,3309.8,SL,-0.1,-5.0,1
2025-07-01 03:45:00,2025-07-01 03:59:00,2025-07-01 04:00:00,MSS,short,3320.5,3320.4,3320.4,3316.3,False,,3320.5,SL,0.0,-4.0,1
2025-07-01 07:55:00,2025-07-01 08:04:00,2025-07-01 08:05:00,BOS,long,3323.5,3320.3,3323.5,3326.1,True,2025-07-01 08:05:00,3323.5,BE,0.0,-4.0,1
2025-07-01 09:25:00,2025-07-01 09:55:00,2025-07-01 10:52:00,EXTEND,long,3328.7,3322.8,3328.7,3335.8,True,2025-07-01 10:43:00,3328.7,BE,0.0,-4.0,57
2025-07-01 12:05:00,2025-07-01 12:15:00,2025-07-01 12:16:00,MSS,short,3333.1,3333.5,3333.5,3329.3,False,,3333.5,SL,-0.4,-8.0,1
2025-07-01 13:50:00,2025-07-01 14:04:00,2025-07-01 14:05:00,MSS,short,3339.8,3342.8,3339.8,3337.8,True,2025-07-01 14:05:00,3339.8,BE,0.0,-4.0,1
2025-07-01 14:20:00,2025-07-01 14:29:00,2025-07-01 14:40:00,BOS,short,3339.4,3342.0,3342.0,3334.4,False,,3342.0,SL,-2.6,-30.0,11
2025-07-01 15:30:00,2025-07-01 15:42:00,2025-07-01 17:23:00,EXTEND,long,3347.7,3342.0,3347.7,3354.3,True,2025-07-01 15:47:00,3354.3,TP,6.6,62.19,101
2025-07-01 18:40:00,2025-07-01 18:47:00,2025-07-01 18:48:00,MSS,long,3360.5,3357.6,3360.5,3360.5,True,2025-07-01 18:48:00,3360.7,TP,0.2,-2.0,1
2025-07-01 19:30:00,2025-07-01 19:39:00,2025-07-01 20:20:00,EXTEND,long,3360.6,3357.6,3360.6,3367.4,True,2025-07-01 20:15:00,3367.4,TP,6.8,63.79,41
2025-07-01 20:20:00,2025-07-01 20:34:00,2025-07-01 20:36:00,EXTEND,long,3367.0,3360.4,3367.0,3372.0,True,2025-07-01 20:35:00,3367.0,BE,0.0,-4.0,2
2025-07-01 21:05:00,2025-07-01 21:13:00,2025-07-01 21:14:00,MSS,short,3360.0,3370.2,3360.0,3358.3,True,2025-07-01 21:14:00,3360.3,BE,-0.3,-7.0,1
2025-07-01 21:55:00,2025-07-01 22:04:00,2025-07-01 22:05:00,MSS,long,3364.4,3356.1,3364.4,3367.4,True,2025-07-01 22:05:00,3364.4,BE,0.0,-4.0,1
2025-07-01 22:05:00,2025-07-01 22:18:00,2025-07-01 22:35:00,EXTEND,long,3362.5,3356.1,3362.5,3369.7,True,2025-07-01 22:27:00,3362.5,BE,0.0,-4.0,17
2025-07-01 23:55:00,2025-07-02 00:03:00,2025-07-02 00:16:00,EXTEND,short,3352.2,3354.7,3354.7,3346.2,False,,3354.7,SL,-2.5,-29.0,13
2025-07-02 00:35:00,2025-07-02 00:42:00,2025-07-02 00:43:00,MSS,long,3355.2,3349.6,3355.2,3357.0,True,2025-07-02 00:43:00,3355.1,BE,-0.1,-5.0,1
2025-07-02 00:40:00,2025-07-02 01:02:00,2025-07-02 01:18:00,EXTEND,long,3354.2,3349.6,3349.6,3358.1,False,,3349.6,SL,-4.6,-50.0,16
2025-07-02 01:50:00,2025-07-02 02:14:00,2025-07-02 02:47:00,EXTEND,long,3350.5,3349.4,3349.4,3354.4,False,,3349.4,SL,-1.1,-15.0,33
2025-07-02 02:45:00,2025-07-02 02:55:00,2025-07-02 03:00:00,BOS,short,3350.2,3351.5,3350.2,3347.7,True,2025-07-02 02:57:00,3350.2,BE,0.0,-4.0,5
2025-07-02 03:10:00,2025-07-02 03:31:00,2025-07-02 04:00:00,MSS,long,3350.8,3348.6,3348.6,3353.2,False,,3348.6,SL,-2.2,-26.0,29
2025-07-02 08:05:00,2025-07-02 08:10:00,2025-07-02 08:11:00,MSS,long,3354.9,3343.0,3354.9,3355.3,True,2025-07-02 08:11:00,3354.7,BE,-0.2,-6.0,1
2025-07-02 08:10:00,2025-07-02 08:35:00,2025-07-02 09:06:00,EXTEND,long,3349.4,3343.0,3349.4,3358.2,True,2025-07-02 09:02:00,3349.4,BE,0.0,-4.0,31
2025-07-02 10:10:00,2025-07-02 10:38:00,2025-07-02 10:43:00,BOS,short,3342.4,3343.3,3343.3,3337.8,False,,3343.3,SL,-0.9,-13.0,5
2025-07-02 11:25:00,2025-07-02 11:48:00,2025-07-02 11:49:00,EXTEND,long,3350.0,3346.6,3350.0,3351.4,True,2025-07-02 11:49:00,3349.8,BE,-0.2,-6.0,1
2025-07-02 11:45:00,2025-07-02 11:54:00,2025-07-02 11:55:00,BOS,long,3350.9,3348.5,3350.9,3351.8,True,2025-07-02 11:55:00,3350.7,BE,-0.2,-6.0,1
2025-07-02 12:50:00,2025-07-02 13:02:00,2025-07-02 13:08:00,EXTEND,long,3350.0,3349.2,3349.2,3351.6,False,,3349.2,SL,-0.8,-12.0,6
2025-07-02 13:30:00,2025-07-02 13:39:00,2025-07-02 13:41:00,EXTEND,long,3348.4,3347.8,3347.8,3356.2,False,,3347.8,SL,-0.6,-10.0,2
2025-07-02 15:25:00,2025-07-02 15:32:00,2025-07-02 15:41:00,EXTEND,short,3339.4,3342.3,3339.4,3335.7,True,2025-07-02 15:40:00,3339.4,BE,0.0,-4.0,9
2025-07-02 18:10:00,2025-07-02 18:21:00,2025-07-02 19:01:00,EXTEND,long,3351.8,3348.9,3351.8,3356.6,True,2025-07-02 18:28:00,3356.6,TP,4.8,44.47,40
2025-07-02 19:15:00,2025-07-02 19:28:00,2025-07-02 19:52:00,MSS,short,3354.7,3358.4,3354.7,3350.3,True,2025-07-02 19:34:00,3350.3,TP,4.4,40.28,24
2025-07-02 20:15:00,2025-07-02 20:20:00,2025-07-02 20:21:00,MSS,long,3359.7,3348.4,3359.7,3363.0,True,2025-07-02 20:21:00,3359.5,BE,-0.2,-6.0,1
2025-07-02 20:20:00,2025-07-02 20:35:00,2025-07-02 20:59:00,EXTEND,long,3356.7,3348.4,3356.7,3364.8,True,2025-07-02 20:40:00,3356.7,BE,0.0,-4.0,24
2025-07-02 21:35:00,2025-07-02 21:45:00,2025-07-02 21:47:00,MSS,short,3351.8,3356.5,3351.8,3348.2,True,2025-07-02 21:46:00,3348.2,TP,3.6,31.55,2
2025-07-03 00:35:00,2025-07-03 00:40:00,2025-07-03 00:41:00,MSS,long,3358.6,3356.1,3358.6,3358.5,True,2025-07-03 00:41:00,3358.8,TP,0.2,-2.0,1
2025-07-03 01:05:00,2025-07-03 01:29:00,2025-07-03 01:30:00,EXTEND,long,3359.9,3356.1,3359.9,3363.2,True,2025-07-03 01:30:00,3359.9,BE,0.0,-4.0,1
2025-07-03 01:55:00,2025-07-03 02:08:00,2025-07-03 02:10:00,BOS,long,3360.2,3358.1,3360.2,3361.1,True,2025-07-03 02:09:00,3360.2,BE,0.0,-4.0,2
2025-07-03 07:15:00,2025-07-03 07:20:00,2025-07-03 07:21:00,MSS,short,3360.7,3374.4,3360.7,3359.8,True,2025-07-03 07:21:00,3360.9,BE,-0.2,-6.0,1
2025-07-03 08:45:00,2025-07-03 08:58:00,2025-07-03 09:00:00,BOS,short,3355.7,3358.8,3355.7,3352.7,True,2025-07-03 08:59:00,3355.7,BE,0.0,-4.0,2
2025-07-03 09:05:00,2025-07-03 09:16:00,2025-07-03 09:33:00,BOS,short,3355.6,3357.0,3355.6,3351.2,True,2025-07-03 09:23:00,3355.6,BE,0.0,-4.0,17
2025-07-03 09:35:00,2025-07-03 09:51:00,2025-07-03 10:50:00,MSS,long,3355.7,3352.5,3355.7,3361.1,True,2025-07-03 10:01:00,3361.1,TP,5.4,50.36,59
2025-07-03 10:55:00,2025-07-03 11:24:00,2025-07-03 11:25:00,EXTEND,long,3357.9,3357.7,3357.7,3363.7,False,,3357.7,SL,-0.2,-6.0,1
2025-07-03 12:50:00,2025-07-03 12:58:00,2025-07-03 13:00:00,EXTEND,long,3361.7,3359.7,3361.7,3363.9,True,2025-07-03 12:59:00,3361.7,BE,0.0,-4.0,2
2025-07-03 13:20:00,2025-07-03 13:38:00,2025-07-03 13:50:00,EXTEND,long,3363.3,3360.9,3363.3,3367.4,True,2025-07-03 13:46:00,3367.4,TP,4.1,36.77,12
2025-07-03 14:55:00,2025-07-03 15:00:00,2025-07-03 15:01:00,MSS,long,3372.9,3366.7,3372.9,3374.2,True,2025-07-03 15:01:00,3372.7,BE,-0.2,-6.0,1
2025-07-03 15:00:00,2025-07-03 15:23:00,2025-07-03 15:26:00,EXTEND,long,3368.4,3366.7,3366.7,3375.5,False,,3366.7,SL,-1.7,-21.0,3
2025-07-03 15:25:00,2025-07-03 15:32:00,2025-07-03 15:33:00,MSS,short,3367.5,3368.6,3368.6,3363.4,False,,3368.6,SL,-1.1,-15.0,1
2025-07-03 16:40:00,2025-07-03 17:06:00,2025-07-03 17:21:00,BOS,long,3365.2,3361.7,3361.7,3370.6,False,,3361.7,SL,-3.5,-39.0,15
2025-07-03 18:50:00,2025-07-03 19:11:00,2025-07-03 19:42:00,EXTEND,long,3360.9,3355.1,3355.1,3368.9,False,,3355.1,SL,-5.8,-62.0,31
2025-07-03 19:50:00,2025-07-03 20:04:00,2025-07-03 20:07:00,EXTEND,short,3355.7,3359.4,3355.7,3351.8,True,2025-07-03 20:06:00,3355.7,BE,0.0,-4.0,3
2025-07-03 20:30:00,2025-07-03 20:37:00,2025-07-03 20:38:00,MSS,short,3333.6,3362.4,3333.6,3330.3,True,2025-07-03 20:38:00,3333.6,BE,0.0,-4.0,1
2025-07-03 21:55:00,2025-07-03 22:02:00,2025-07-03 22:03:00,MSS,short,3338.6,3348.7,3338.6,3339.0,True,2025-07-03 22:03:00,3338.7,BE,-0.1,-5.0,1
2025-07-03 22:00:00,2025-07-03 22:12:00,2025-07-03 23:02:00,EXTEND,short,3342.8,3348.7,3342.8,3333.0,True,2025-07-03 22:16:00,3333.0,TP,9.8,94.48,50
2025-07-03 23:00:00,2025-07-03 23:26:00,2025-07-04 00:46:00,EXTEND,short,3338.5,3344.8,3344.8,3329.3,False,,3344.8,SL,-6.3,-67.0,80
2025-07-04 00:50:00,2025-07-04 01:38:00,2025-07-04 04:25:00,EXTEND,long,3340.0,3335.8,3335.8,3347.7,False,,3335.8,SL,-4.2,-46.0,167
2025-07-04 07:45:00,2025-07-04 07:55:00,2025-07-04 08:01:00,EXTEND,long,3339.8,3339.0,3339.0,3342.8,False,,3339.0,SL,-0.8,-12.0,6
2025-07-04 08:45:00,2025-07-04 08:50:00,2025-07-04 08:51:00,MSS,long,3339.9,3337.4,3339.9,3340.4,True,2025-07-04 08:51:00,3339.9,BE,0.0,-4.0,1
2025-07-04 08:50:00,2025-07-04 08:57:00,2025-07-04 09:00:00,EXTEND,long,3338.5,3337.4,3337.4,3341.5,False,,3337.4,SL,-1.1,-15.0,3
2025-07-04 09:15:00,2025-07-04 09:21:00,2025-07-04 09:22:00,MSS,long,3343.3,3335.9,3343.3,3344.2,True,2025-07-04 09:22:00,3343.3,BE,0.0,-4.0,1
2025-07-04 09:20:00,2025-07-04 09:42:00,2025-07-04 11:01:00,EXTEND,long,3339.5,3335.9,3335.9,3346.3,False,,3335.9,SL,-3.6,-40.0,79
2025-07-04 11:20:00,2025-07-04 11:27:00,2025-07-04 11:28:00,EXTEND,long,3341.8,3335.7,3341.8,3342.6,True,2025-07-04 11:28:00,3341.8,BE,0.0,-4.0,1
2025-07-04 13:45:00,2025-07-04 14:08:00,2025-07-04 14:15:00,EXTEND,short,3352.3,3352.6,3352.6,3346.9,False,,3352.6,SL,-0.3,-7.0,7
2025-07-04 18:20:00,2025-07-04 18:28:00,2025-07-04 18:29:00,BOS,short,3344.0,3346.3,3344.0,3342.6,True,2025-07-04 18:29:00,3344.0,BE,0.0,-4.0,1
2025-07-04 18:50:00,2025-07-04 18:56:00,2025-07-04 18:57:00,EXTEND,long,3347.4,3341.5,3347.4,3350.0,True,2025-07-04 18:57:00,3347.4,BE,0.0,-4.0,1
2025-07-04 19:35:00,2025-07-04 19:49:00,2025-07-04 19:56:00,BOS,long,3346.2,3345.3,3345.3,3348.9,False,,3345.3,SL,-0.9,-13.0,7
2025-07-04 20:00:00,2025-07-04 20:14:00,2025-07-04 20:17:00,EXTEND,short,3346.6,3347.2,3347.2,3342.5,False,,3347.2,SL,-0.6,-10.0,3
2025-07-04 20:45:00,2025-07-04 20:54:00,2025-07-04 21:05:00,EXTEND,short,3343.7,3347.0,3343.7,3339.5,True,2025-07-04 21:02:00,3343.7,BE,0.0,-4.0,11
2025-07-04 21:05:00,2025-07-04 21:17:00,2025-07-04 21:40:00,MSS,long,3344.0,3341.9,3344.0,3346.6,True,2025-07-04 21:35:00,3346.6,TP,2.6,21.99,23
2025-07-04 21:45:00,2025-07-04 22:03:00,2025-07-04 22:04:00,EXTEND,long,3343.4,3343.0,3343.0,3349.5,False,,3343.0,SL,-0.4,-8.0,1
2025-07-04 22:15:00,2025-07-04 22:31:00,2025-07-04 22:39:00,EXTEND,short,3342.4,3344.0,3342.4,3340.4,True,2025-07-04 22:38:00,3342.4,BE,0.0,-4.0,8
2025-07-04 22:45:00,2025-07-04 23:02:00,2025-07-04 23:42:00,EXTEND,short,3342.9,3344.0,3342.9,3339.8,True,2025-07-04 23:31:00,3342.9,BE,0.0,-4.0,40
2025-07-07 08:05:00,2025-07-07 08:11:00,2025-07-07 08:12:00,MSS,short,3332.8,3338.7,3332.8,3332.3,True,2025-07-07 08:12:00,3333.0,BE,-0.2,-6.0,1
2025-07-07 08:30:00,2025-07-07 08:46:00,2025-07-07 08:58:00,BOS,short,3333.8,3335.2,3335.2,3328.6,False,,3335.2,SL,-1.4,-18.0,12
2025-07-07 08:55:00,2025-07-07 09:03:00,2025-07-07 09:05:00,MSS,long,3333.7,3330.0,3330.0,3337.1,False,,3330.0,SL,-3.7,-41.0,2
2025-07-07 09:20:00,2025-07-07 09:49:00,2025-07-07 15:57:00,EXTEND,short,3326.0,3336.9,3326.0,3309.6,True,2025-07-07 10:32:00,3309.6,TP,16.4,160.05,368
2025-07-07 15:55:00,2025-07-07 16:20:00,2025-07-07 16:36:00,EXTEND,short,3316.0,3321.7,3321.7,3306.1,False,,3321.7,SL,-5.7,-61.0,16
2025-07-07 17:35:00,2025-07-07 17:49:00,2025-07-07 17:50:00,EXTEND,short,3317.3,3321.3,3317.3,3313.6,True,2025-07-07 17:50:00,3317.3,BE,0.0,-4.0,1
2025-07-07 17:50:00,2025-07-07 18:00:00,2025-07-07 18:02:00,MSS,long,3318.7,3316.9,3318.7,3320.6,True,2025-07-07 18:01:00,3318.7,BE,0.0,-4.0,2
2025-07-07 18:15:00,2025-07-07 18:33:00,2025-07-07 18:36:00,EXTEND,long,3318.0,3316.9,3316.9,3320.7,False,,3316.9,SL,-1.1,-15.0,3
2025-07-07 19:05:00,2025-07-07 19:22:00,2025-07-07 19:56:00,MSS,long,3312.9,3308.7,3312.9,3319.1,True,2025-07-07 19:55:00,3312.9,BE,0.0,-4.0,34
2025-07-07 19:55:00,2025-07-07 20:05:00,2025-07-07 20:20:00,EXTEND,long,3313.0,3309.2,3313.0,3317.2,True,2025-07-07 20:19:00,3313.0,BE,0.0,-4.0,15
2025-07-07 20:20:00,2025-07-07 20:30:00,2025-07-07 20:39:00,BOS,long,3312.8,3309.4,3312.8,3318.7,True,2025-07-07 20:37:00,3318.7,TP,5.9,54.71,9
2025-07-07 22:15:00,2025-07-07 22:30:00,2025-07-07 22:53:00,BOS,long,3325.1,3322.7,3325.1,3330.4,True,2025-07-07 22:37:00,3330.4,TP,5.3,49.47,23
2025-07-07 22:50:00,2025-07-07 23:08:00,2025-07-08 00:20:00,EXTEND,long,3326.9,3323.6,3326.9,3333.3,True,2025-07-07 23:22:00,3333.3,TP,6.4,59.52,72
2025-07-08 01:35:00,2025-07-08 02:09:00,2025-07-08 03:27:00,EXTEND,long,3340.0,3335.2,3340.0,3348.8,True,2025-07-08 02:43:00,3348.8,TP,8.8,83.89,78
2025-07-08 03:40:00,2025-07-08 07:03:00,2025-07-08 07:04:00,EXTEND,long,3349.0,3346.2,3346.2,3351.2,False,,3346.2,SL,-2.8,-32.0,1
2025-07-08 08:00:00,2025-07-08 08:06:00,2025-07-08 08:15:00,EXTEND,short,3344.4,3347.2,3347.2,3341.2,False,,3347.2,SL,-2.8,-32.0,9
2025-07-08 08:50:00,2025-07-08 08:58:00,2025-07-08 09:00:00,EXTEND,long,3343.4,3340.9,3343.4,3346.5,True,2025-07-08 08:59:00,3343.4,BE,0.0,-4.0,2
2025-07-08 09:00:00,2025-07-08 09:09:00,2025-07-08 09:10:00,EXTEND,long,3341.6,3340.9,3340.9,3347.1,False,,3340.9,SL,-0.7,-11.0,1
2025-07-08 09:10:00,2025-07-08 09:30:00,2025-07-08 09:36:00,EXTEND,short,3343.1,3345.8,3345.8,3337.8,False,,3345.8,SL,-2.7,-31.0,6
2025-07-08 09:35:00,2025-07-08 09:56:00,2025-07-08 10:07:00,MSS,long,3343.9,3342.2,3343.9,3348.4,True,2025-07-08 10:04:00,3343.9,BE,0.0,-4.0,11
2025-07-08 10:50:00,2025-07-08 11:00:00,2025-07-08 11:02:00,EXTEND,long,3345.4,3343.7,3343.7,3349.4,False,,3343.7,SL,-1.7,-21.0,2
2025-07-08 11:20:00,2025-07-08 11:57:00,2025-07-08 12:06:00,EXTEND,short,3342.1,3343.8,3342.1,3338.6,True,2025-07-08 12:03:00,3342.1,BE,0.0,-4.0,9
2025-07-08 12:25:00,2025-07-08 12:36:00,2025-07-08 12:47:00,BOS,short,3340.1,3342.9,3340.1,3337.8,True,2025-07-08 12:46:00,3337.8,TP,2.3,18.8,11
2025-07-08 12:50:00,2025-07-08 13:09:00,2025-07-08 13:11:00,EXTEND,short,3341.0,3341.5,3341.5,3335.8,False,,3341.5,SL,-0.5,-9.0,2
2025-07-08 13:45:00,2025-07-08 13:55:00,2025-07-08 14:00:00,EXTEND,short,3344.5,3346.4,3344.5,3343.0,True,2025-07-08 13:57:00,3344.5,BE,0.0,-4.0,5
2025-07-08 14:15:00,2025-07-08 14:25:00,2025-07-08 14:59:00,EXTEND,short,3342.9,3346.1,3346.1,3339.2,False,,3346.1,SL,-3.2,-36.0,34
2025-07-08 15:35:00,2025-07-08 15:40:00,2025-07-08 15:41:00,MSS,short,3340.6,3349.6,3340.6,3338.3,True,2025-07-08 15:41:00,3340.6,BE,0.0,-4.0,1
2025-07-08 17:25:00,2025-07-08 17:32:00,2025-07-08 17:33:00,EXTEND,long,3335.5,3333.1,3335.5,3337.2,True,2025-07-08 17:33:00,3335.5,BE,0.0,-4.0,1
2025-07-08 17:55:00,2025-07-08 18:06:00,2025-07-08 18:29:00,EXTEND,short,3332.8,3335.7,3332.8,3328.8,True,2025-07-08 18:19:00,3332.8,BE,0.0,-4.0,23
2025-07-08 19:15:00,2025-07-08 19:29:00,2025-07-08 19:31:00,BOS,long,3334.3,3333.2,3333.2,3337.9,False,,3333.2,SL,-1.1,-15.0,2
2025-07-08 19:40:00,2025-07-08 19:50:00,2025-07-08 20:03:00,EXTEND,short,3331.8,3335.3,3335.3,3327.3,False,,3335.3,SL,-3.5,-39.0,13
2025-07-08 21:05:00,2025-07-08 21:12:00,2025-07-08 21:13:00,MSS,short,3332.5,3338.3,3332.5,3330.0,True,2025-07-08 21:13:00,3332.6,BE,-0.1,-5.0,1
2025-07-08 21:15:00,2025-07-08 21:34:00,2025-07-08 21:49:00,EXTEND,short,3333.2,3338.3,3333.2,3324.6,True,2025-07-08 21:45:00,3324.6,TP,8.6,82.16,15
2025-07-08 23:10:00,2025-07-08 23:19:00,2025-07-08 23:49:00,EXTEND,short,3302.5,3307.7,3307.7,3292.3,False,,3307.7,SL,-5.2,-56.0,30
2025-07-08 23:50:00,2025-07-09 00:03:00,2025-07-09 00:05:00,EXTEND,long,3307.7,3303.3,3307.7,3310.7,True,2025-07-09 00:04:00,3307.7,BE,0.0,-4.0,2
2025-07-09 00:20:00,2025-07-09 00:39:00,2025-07-09 00:55:00,BOS,long,3306.0,3305.0,3305.0,3311.5,False,,3305.0,SL,-1.0,-14.0,16
2025-07-09 01:25:00,2025-07-09 01:47:00,2025-07-09 02:21:00,EXTEND,long,3315.2,3312.1,3312.1,3321.5,False,,3312.1,SL,-3.1,-35.0,34
2025-07-09 02:25:00,2025-07-09 02:54:00,2025-07-09 07:35:00,MSS,short,3314.5,3315.2,3314.5,3306.9,True,2025-07-09 04:38:00,3306.9,TP,7.6,71.55,221
2025-07-09 07:40:00,2025-07-09 07:52:00,2025-07-09 08:01:00,EXTEND,short,3308.0,3312.4,3312.4,3303.3,False,,3312.4,SL,-4.4,-48.0,9
2025-07-09 09:05:00,2025-07-09 09:10:00,2025-07-09 09:11:00,MSS,short,3312.7,3315.8,3312.7,3312.0,True,2025-07-09 09:11:00,3312.7,BE,0.0,-4.0,1
2025-07-09 09:10:00,2025-07-09 09:25:00,2025-07-09 09:29:00,EXTEND,short,3315.1,3315.8,3315.8,3308.1,False,,3315.8,SL,-0.7,-11.0,4
2025-07-09 13:05:00,2025-07-09 13:15:00,2025-07-09 13:16:00,MSS,long,3305.0,3300.4,3305.0,3307.6,True,2025-07-09 13:16:00,3305.0,BE,0.0,-4.0,1
2025-07-09 14:35:00,2025-07-09 14:43:00,2025-07-09 14:50:00,EXTEND,short,3298.3,3299.6,3299.6,3291.3,False,,3299.6,SL,-1.3,-17.0,7
2025-07-09 15:15:00,2025-07-09 15:33:00,2025-07-09 16:01:00,EXTEND,long,3298.5,3293.1,3298.5,3305.3,True,2025-07-09 15:40:00,3298.5,BE,0.0,-4.0,28
2025-07-09 16:45:00,2025-07-09 17:01:00,2025-07-09 18:02:00,MSS,long,3294.1,3290.0,3294.1,3299.4,True,2025-07-09 17:08:00,3299.4,TP,5.3,48.98,61
2025-07-09 18:05:00,2025-07-09 18:13:00,2025-07-09 18:34:00,EXTEND,long,3297.6,3295.3,3297.6,3301.5,True,2025-07-09 18:30:00,3301.5,TP,3.9,35.23,21
2025-07-09 19:25:00,2025-07-09 19:33:00,2025-07-09 19:34:00,MSS,short,3295.4,3304.1,3295.4,3293.2,True,2025-07-09 19:34:00,3295.4,BE,0.0,-4.0,1
2025-07-09 20:00:00,2025-07-09 20:05:00,2025-07-09 20:06:00,MSS,long,3296.2,3291.1,3296.2,3297.2,True,2025-07-09 20:06:00,3296.0,BE,-0.2,-6.0,1
2025-07-09 20:55:00,2025-07-09 21:01:00,2025-07-09 21:02:00,EXTEND,long,3305.9,3301.2,3305.9,3307.7,True,2025-07-09 21:02:00,3305.9,BE,0.0,-4.0,1
2025-07-09 21:00:00,2025-07-09 21:10:00,2025-07-09 21:23:00,EXTEND,long,3305.2,3301.2,3305.2,3309.3,True,2025-07-09 21:11:00,3305.2,BE,0.0,-4.0,13
2025-07-09 21:20:00,2025-07-09 21:28:00,2025-07-09 21:34:00,EXTEND,long,3305.9,3303.1,3305.9,3309.3,True,2025-07-09 21:33:00,3305.9,BE,0.0,-4.0,6
2025-07-09 21:40:00,2025-07-09 21:46:00,2025-07-09 21:48:00,EXTEND,short,3302.5,3307.7,3302.5,3297.5,True,2025-07-09 21:47:00,3302.5,BE,0.0,-4.0,2
2025-07-09 23:35:00,2025-07-09 23:45:00,2025-07-09 23:50:00,BOS,short,3317.4,3318.9,3318.9,3313.2,False,,3318.9,SL,-1.5,-19.0,5
2025-07-10 01:00:00,2025-07-10 01:07:00,2025-07-10 01:11:00,MSS,short,3320.3,3322.7,3322.7,3317.1,False,,3322.7,SL,-2.4,-28.0,4
2025-07-10 01:10:00,2025-07-10 01:26:00,2025-07-10 01:43:00,MSS,long,3321.2,3318.3,3318.3,3324.9,False,,3318.3,SL,-2.9,-33.0,17
2025-07-10 02:00:00,2025-07-10 02:09:00,2025-07-10 02:15:00,EXTEND,short,3319.4,3320.0,3320.0,3315.7,False,,3320.0,SL,-0.6,-10.0,6
2025-07-10 02:40:00,2025-07-10 02:59:00,2025-07-10 03:01:00,EXTEND,short,3320.0,3321.3,3321.3,3317.9,False,,3321.3,SL,-1.3,-17.0,2
2025-07-10 07:00:00,2025-07-10 07:09:00,2025-07-10 07:14:00,MSS,short,3325.7,3328.2,3325.7,3322.4,True,2025-07-10 07:13:00,3325.7,BE,0.0,-4.0,5
2025-07-10 08:05:00,2025-07-10 08:17:00,2025-07-10 08:19:00,MSS,long,3325.9,3324.0,3325.9,3328.3,True,2025-07-10 08:18:00,3325.9,BE,0.0,-4.0,2
2025-07-10 08:40:00,2025-07-10 09:02:00,2025-07-10 09:26:00,EXTEND,long,3325.9,3324.0,3325.9,3331.7,True,2025-07-10 09:10:00,3331.7,TP,5.8,54.47,24
2025-07-10 10:15:00,2025-07-10 10:25:00,2025-07-10 10:43:00,EXTEND,short,3330.3,3332.1,3330.3,3328.5,True,2025-07-10 10:39:00,3328.5,TP,1.8,13.56,18
2025-07-10 12:00:00,2025-07-10 12:06:00,2025-07-10 12:07:00,EXTEND,short,3323.4,3329.1,3323.4,3322.1,True,2025-07-10 12:07:00,3323.4,BE,0.0,-4.0,1
2025-07-10 12:40:00,2025-07-10 12:45:00,2025-07-10 12:46:00,MSS,long,3327.2,3324.1,3327.2,3327.9,True,2025-07-10 12:46:00,3327.0,BE,-0.2,-6.0,1
2025-07-10 14:20:00,2025-07-10 14:46:00,2025-07-10 15:36:00,EXTEND,long,3332.5,3329.3,3332.5,3338.8,True,2025-07-10 15:00:00,3332.5,BE,0.0,-4.0,50
2025-07-10 18:20:00,2025-07-10 18:37:00,2025-07-10 18:39:00,EXTEND,short,3333.8,3338.4,3333.8,3328.9,True,2025-07-10 18:39:00,3333.8,BE,0.0,-4.0,2
2025-07-10 18:50:00,2025-07-10 19:00:00,2025-07-10 19:01:00,EXTEND,long,3337.2,3332.5,3337.2,3339.2,True,2025-07-10 19:01:00,3337.2,BE,0.0,-4.0,1
2025-07-10 19:15:00,2025-07-10 19:34:00,2025-07-10 19:39:00,BOS,long,3336.9,3334.0,3334.0,3341.4,False,,3334.0,SL,-2.9,-33.0,5
2025-07-10 20:20:00,2025-07-10 20:32:00,2025-07-10 20:36:00,MSS,long,3328.6,3326.8,3328.6,3332.4,True,2025-07-10 20:33:00,3332.4,TP,3.8,33.88,4
2025-07-10 21:30:00,2025-07-10 21:41:00,2025-07-10 21:45:00,EXTEND,short,3334.3,3339.0,3334.3,3329.1,True,2025-07-10 21:42:00,3329.1,TP,5.2,48.06,4
2025-07-10 22:00:00,2025-07-10 22:17:00,2025-07-10 23:21:00,EXTEND,short,3329.3,3336.9,3329.3,3314.2,True,2025-07-10 22:28:00,3329.3,BE,0.0,-4.0,64
2025-07-11 00:40:00,2025-07-11 01:12:00,2025-07-11 02:51:00,EXTEND,short,3326.3,3329.4,3329.4,3318.2,False,,3329.4,SL,-3.1,-35.0,99
2025-07-11 07:40:00,2025-07-11 07:54:00,2025-07-11 07:58:00,EXTEND,long,3335.0,3333.3,3333.3,3337.2,False,,3333.3,SL,-1.7,-21.0,4
2025-07-11 08:10:00,2025-07-11 08:23:00,2025-07-11 08:24:00,EXTEND,long,3336.6,3333.3,3336.6,3338.6,True,2025-07-11 08:24:00,3336.6,BE,0.0,-4.0,1
2025-07-11 09:25:00,2025-07-11 10:18:00,2025-07-11 13:21:00,EXTEND,short,3342.6,3347.0,3347.0,3332.8,False,,3347.0,SL,-4.4,-48.0,183
2025-07-11 13:25:00,2025-07-11 13:47:00,2025-07-11 14:49:00,EXTEND,long,3346.5,3340.7,3346.5,3358.9,True,2025-07-11 14:15:00,3346.5,BE,0.0,-4.0,62
2025-07-11 17:30:00,2025-07-11 17:47:00,2025-07-11 17:48:00,MSS,long,3347.5,3343.6,3347.5,3348.8,True,2025-07-11 17:48:00,3347.3,BE,-0.2,-6.0,1
2025-07-11 20:15:00,2025-07-11 20:22:00,2025-07-11 20:30:00,EXTEND,short,3359.3,3361.9,3359.3,3353.9,True,2025-07-11 20:24:00,3359.3,BE,0.0,-4.0,8
2025-07-11 21:25:00,2025-07-11 21:35:00,2025-07-11 21:39:00,EXTEND,short,3367.9,3370.7,3370.7,3359.3,False,,3370.7,SL,-2.8,-32.0,4
2025-07-11 21:35:00,2025-07-11 21:46:00,2025-07-11 22:50:00,MSS,long,3366.9,3361.7,3366.9,3374.1,True,2025-07-11 22:29:00,3374.1,TP,7.2,68.46,64
2025-07-11 23:35:00,2025-07-11 23:43:00,2025-07-11 23:44:00,MSS,short,3375.1,3381.6,3375.1,3371.3,True,2025-07-11 23:44:00,3375.2,BE,-0.1,-5.0,1
2025-07-12 02:20:00,2025-07-12 02:31:00,2025-07-12 02:35:00,EXTEND,long,3371.1,3368.5,3371.1,3373.5,True,2025-07-12 02:32:00,3371.1,BE,0.0,-4.0,4
2025-07-12 03:05:00,2025-07-12 03:11:00,2025-07-12 03:40:00,EXTEND,long,3371.8,3368.5,3371.8,3375.5,True,2025-07-12 03:29:00,3371.8,BE,0.0,-4.0,29
2025-07-14 07:20:00,2025-07-14 07:30:00,2025-07-14 07:31:00,MSS,short,3382.9,3389.3,3382.9,3380.0,True,2025-07-14 07:31:00,3382.9,BE,0.0,-4.0,1
2025-07-14 08:05:00,2025-07-14 08:18:00,2025-07-14 08:26:00,EXTEND,short,3381.8,3384.6,3384.6,3377.2,False,,3384.6,SL,-2.8,-32.0,8
2025-07-14 08:30:00,2025-07-14 09:00:00,2025-07-14 09:08:00,EXTEND,long,3383.7,3378.8,3378.8,3390.4,False,,3378.8,SL,-4.9,-53.0,8
2025-07-14 09:50:00,2025-07-14 09:55:00,2025-07-14 10:13:00,EXTEND,short,3374.5,3376.4,3374.5,3370.8,True,2025-07-14 10:00:00,3370.8,TP,3.7,32.88,18
2025-07-14 10:15:00,2025-07-14 10:31:00,2025-07-14 10:50:00,EXTEND,short,3373.8,3375.9,3373.8,3369.0,True,2025-07-14 10:34:00,3373.8,BE,0.0,-4.0,19
2025-07-14 11:15:00,2025-07-14 11:22:00,2025-07-14 11:23:00,MSS,short,3371.0,3375.0,3371.0,3370.2,True,2025-07-14 11:23:00,3371.0,BE,0.0,-4.0,1
2025-07-14 11:50:00,2025-07-14 11:59:00,2025-07-14 12:01:00,BOS,short,3372.6,3373.2,3373.2,3370.2,False,,3373.2,SL,-0.6,-10.0,2
2025-07-14 12:05:00,2025-07-14 12:13:00,2025-07-14 12:14:00,EXTEND,short,3370.7,3373.2,3370.7,3369.0,True,2025-07-14 12:14:00,3370.7,BE,0.0,-4.0,1
2025-07-14 12:20:00,2025-07-14 12:27:00,2025-07-14 12:37:00,EXTEND,short,3370.1,3373.2,3373.2,3368.0,False,,3373.2,SL,-3.1,-35.0,10
2025-07-14 12:35:00,2025-07-14 13:15:00,2025-07-14 13:26:00,MSS,long,3373.4,3369.1,3369.1,3378.5,False,,3369.1,SL,-4.3,-47.0,11
2025-07-14 13:25:00,2025-07-14 13:36:00,2025-07-14 14:15:00,EXTEND,short,3369.9,3373.7,3373.7,3363.9,False,,3373.7,SL,-3.8,-42.0,39
2025-07-14 15:30:00,2025-07-14 15:39:00,2025-07-14 16:26:00,EXTEND,long,3382.5,3378.5,3378.5,3388.4,False,,3378.5,SL,-4.0,-44.0,47
2025-07-14 17:55:00,2025-07-14 18:00:00,2025-07-14 18:01:00,MSS,long,3382.7,3375.0,3382.7,3384.1,True,2025-07-14 18:01:00,3382.7,BE,0.0,-4.0,1
2025-07-14 19:05:00,2025-07-14 19:22:00,2025-07-14 19:25:00,MSS,short,3382.0,3383.8,3382.0,3380.1,True,2025-07-14 19:23:00,3380.1,TP,1.9,14.83,3
2025-07-14 22:00:00,2025-07-14 22:10:00,2025-07-14 22:20:00,MSS,short,3362.8,3367.0,3362.8,3358.0,True,2025-07-14 22:13:00,3358.0,TP,4.8,44.17,10
2025-07-14 23:55:00,2025-07-15 00:04:00,2025-07-15 00:05:00,MSS,short,3351.4,3357.5,3351.4,3350.5,True,2025-07-15 00:05:00,3351.4,BE,0.0,-4.0,1
2025-07-15 00:15:00,2025-07-15 00:22:00,2025-07-15 00:23:00,MSS,long,3355.2,3350.7,3355.2,3356.3,True,2025-07-15 00:23:00,3355.1,BE,-0.1,-5.0,1
2025-07-15 00:50:00,2025-07-15 00:58:00,2025-07-15 01:06:00,EXTEND,short,3355.3,3357.0,3357.0,3352.8,False,,3357.0,SL,-1.7,-21.0,8
2025-07-15 02:05:00,2025-07-15 02:10:00,2025-07-15 02:11:00,MSS,short,3356.7,3360.2,3356.7,3356.0,True,2025-07-15 02:11:00,3356.8,BE,-0.1,-5.0,1
2025-07-15 02:10:00,2025-07-15 02:23:00,2025-07-15 02:33:00,EXTEND,short,3358.6,3360.2,3358.6,3355.2,True,2025-07-15 02:28:00,3358.6,BE,0.0,-4.0,10
2025-07-15 07:00:00,2025-07-15 07:16:00,2025-07-15 08:10:00,EXTEND,long,3353.4,3351.8,3353.4,3356.0,True,2025-07-15 07:40:00,3356.0,TP,2.6,21.91,54
2025-07-15 08:45:00,2025-07-15 08:54:00,2025-07-15 09:32:00,EXTEND,long,3355.8,3353.6,3355.8,3359.3,True,2025-07-15 08:57:00,3359.3,TP,3.5,31.15,38
2025-07-15 09:40:00,2025-07-15 09:49:00,2025-07-15 09:50:00,MSS,short,3356.4,3359.5,3356.4,3354.0,True,2025-07-15 09:50:00,3356.4,BE,0.0,-4.0,1
2025-07-15 10:05:00,2025-07-15 10:10:00,2025-07-15 10:11:00,MSS,long,3358.4,3354.6,3358.4,3359.2,True,2025-07-15 10:11:00,3358.3,BE,-0.1,-5.0,1
2025-07-15 10:20:00,2025-07-15 10:32:00,2025-07-15 11:16:00,EXTEND,long,3358.7,3354.6,3358.7,3363.4,True,2025-07-15 11:00:00,3363.4,TP,4.7,42.63,44
2025-07-15 12:40:00,2025-07-15 12:52:00,2025-07-15 12:57:00,EXTEND,short,3369.6,3370.3,3369.6,3368.4,True,2025-07-15 12:56:00,3369.6,BE,0.0,-4.0,5
2025-07-15 13:55:00,2025-07-15 14:00:00,2025-07-15 14:01:00,MSS,short,3370.2,3374.6,3370.2,3369.9,True,2025-07-15 14:01:00,3370.2,BE,0.0,-4.0,1
2025-07-15 14:05:00,2025-07-15 14:15:00,2025-07-15 14:40:00,EXTEND,short,3371.2,3374.6,3371.2,3366.2,True,2025-07-15 14:20:00,3371.2,BE,0.0,-4.0,25
2025-07-15 16:00:00,2025-07-15 16:11:00,2025-07-15 16:12:00,EXTEND,long,3374.2,3370.0,3374.2,3375.0,True,2025-07-15 16:12:00,3374.0,BE,-0.2,-6.0,1
2025-07-15 16:25:00,2025-07-15 16:41:00,2025-07-15 18:05:00,EXTEND,short,3370.7,3374.3,3374.3,3362.7,False,,3374.3,SL,-3.6,-40.0,84
2025-07-15 18:20:00,2025-07-15 18:32:00,2025-07-15 19:04:00,EXTEND,long,3372.3,3369.7,3369.7,3377.1,False,,3369.7,SL,-2.6,-30.0,32
2025-07-15 19:35:00,2025-07-15 19:42:00,2025-07-15 19:44:00,BOS,short,3366.1,3368.3,3366.1,3364.5,True,2025-07-15 19:43:00,3366.1,BE,0.0,-4.0,2
2025-07-15 20:20:00,2025-07-15 20:25:00,2025-07-15 20:30:00,EXTEND,short,3361.4,3367.5,3367.5,3354.9,False,,3367.5,SL,-6.1,-65.0,5
2025-07-15 22:35:00,2025-07-15 22:55:00,2025-07-15 23:19:00,EXTEND,long,3354.8,3351.2,3351.2,3362.9,False,,3351.2,SL,-3.6,-40.0,24
2025-07-16 00:15:00,2025-07-16 00:34:00,2025-07-16 01:12:00,EXTEND,short,3332.6,3337.9,3337.9,3324.4,False,,3337.9,SL,-5.3,-57.0,38
2025-07-16 01:10:00,2025-07-16 01:30:00,2025-07-16 01:37:00,BOS,long,3337.3,3334.7,3334.7,3339.7,False,,3334.7,SL,-2.6,-30.0,7
2025-07-16 01:50:00,2025-07-16 02:06:00,2025-07-16 02:35:00,EXTEND,short,3334.8,3338.6,3334.8,3330.6,True,2025-07-16 02:19:00,3334.8,BE,0.0,-4.0,29
2025-07-16 03:05:00,2025-07-16 03:13:00,2025-07-16 03:14:00,MSS,short,3334.3,3336.6,3334.3,3333.3,True,2025-07-16 03:14:00,3334.3,BE,0.0,-4.0,1
2025-07-16 03:25:00,2025-07-16 03:34:00,2025-07-16 03:37:00,BOS,short,3334.0,3335.1,3335.1,3332.4,False,,3335.1,SL,-1.1,-15.0,3
2025-07-16 08:10:00,2025-07-16 08:20:00,2025-07-16 08:33:00,MSS,short,3336.7,3338.3,3338.3,3334.0,False,,3338.3,SL,-1.6,-20.0,13
2025-07-16 09:10:00,2025-07-16 09:16:00,2025-07-16 09:17:00,MSS,long,3338.9,3335.0,3338.9,3339.2,True,2025-07-16 09:17:00,3338.7,BE,-0.2,-6.0,1
2025-07-16 09:40:00,2025-07-16 09:47:00,2025-07-16 09:48:00,MSS,short,3336.0,3341.1,3336.0,3335.3,True,2025-07-16 09:48:00,3336.0,BE,0.0,-4.0,1
2025-07-16 10:05:00,2025-07-16 10:38:00,2025-07-16 10:54:00,BOS,short,3336.0,3338.7,3336.0,3332.5,True,2025-07-16 10:41:00,3332.5,TP,3.5,31.23,16
2025-07-16 10:50:00,2025-07-16 11:07:00,2025-07-16 11:20:00,BOS,short,3334.8,3337.3,3337.3,3329.8,False,,3337.3,SL,-2.5,-29.0,13
2025-07-16 12:30:00,2025-07-16 12:38:00,2025-07-16 12:39:00,MSS,long,3344.3,3339.0,3344.3,3346.2,True,2025-07-16 12:39:00,3344.2,BE,-0.1,-5.0,1
2025-07-16 13:45:00,2025-07-16 13:56:00,2025-07-16 14:04:00,EXTEND,short,3344.4,3346.2,3346.2,3340.7,False,,3346.2,SL,-1.8,-22.0,8
2025-07-16 15:10:00,2025-07-16 15:21:00,2025-07-16 15:31:00,EXTEND,short,3345.1,3348.7,3345.1,3341.7,True,2025-07-16 15:29:00,3345.1,BE,0.0,-4.0,10
2025-07-16 16:05:00,2025-07-16 16:10:00,2025-07-16 16:11:00,EXTEND,long,3347.5,3342.7,3347.5,3348.7,True,2025-07-16 16:11:00,3348.7,TP,1.2,7.69,1
2025-07-16 17:15:00,2025-07-16 17:26:00,2025-07-16 17:27:00,EXTEND,short,3347.0,3349.7,3347.0,3345.0,True,2025-07-16 17:27:00,3347.0,BE,0.0,-4.0,1
2025-07-16 18:00:00,2025-07-16 18:05:00,2025-07-16 18:06:00,EXTEND,short,3345.8,3348.9,3345.8,3345.9,True,2025-07-16 18:06:00,3345.8,BE,0.0,-4.0,1
2025-07-16 18:55:00,2025-07-16 19:18:00,2025-07-16 19:26:00,BOS,short,3342.4,3346.0,3342.4,3339.5,True,2025-07-16 19:19:00,3342.4,BE,0.0,-4.0,8
2025-07-16 19:40:00,2025-07-16 19:47:00,2025-07-16 19:48:00,MSS,long,3346.3,3342.4,3346.3,3346.7,True,2025-07-16 19:48:00,3346.3,BE,0.0,-4.0,1
2025-07-16 19:50:00,2025-07-16 20:06:00,2025-07-16 20:08:00,EXTEND,long,3346.6,3342.4,3346.6,3349.4,True,2025-07-16 20:07:00,3346.6,BE,0.0,-4.0,2
2025-07-16 20:15:00,2025-07-16 20:25:00,2025-07-16 20:26:00,MSS,short,3342.2,3348.5,3342.2,3339.6,True,2025-07-16 20:26:00,3342.2,BE,0.0,-4.0,1
2025-07-16 20:30:00,2025-07-16 20:35:00,2025-07-16 20:37:00,EXTEND,short,3342.2,3348.5,3342.2,3336.8,True,2025-07-16 20:36:00,3342.2,BE,0.0,-4.0,2
2025-07-16 20:45:00,2025-07-16 20:56:00,2025-07-16 21:13:00,BOS,short,3340.0,3344.7,3340.0,3335.8,True,2025-07-16 21:13:00,3340.0,BE,0.0,-4.0,17
2025-07-16 21:30:00,2025-07-16 21:35:00,2025-07-16 21:36:00,MSS,short,3336.0,3346.7,3336.0,3334.5,True,2025-07-16 21:36:00,3336.1,BE,-0.1,-5.0,1
2025-07-16 21:50:00,2025-07-16 22:08:00,2025-07-16 22:21:00,EXTEND,short,3332.6,3338.4,3332.6,3325.2,True,2025-07-16 22:16:00,3332.6,BE,0.0,-4.0,13
2025-07-16 22:30:00,2025-07-16 22:40:00,2025-07-16 22:54:00,MSS,short,3330.4,3336.4,3336.4,3323.2,False,,3336.4,SL,-6.0,-64.0,14
2025-07-16 23:30:00,2025-07-16 23:44:00,2025-07-16 23:45:00,BOS,long,3368.5,3370.5,3370.5,3389.8,False,,3368.4,SL,-0.1,-5.0,1
2025-07-16 23:55:00,2025-07-17 00:15:00,2025-07-17 15:22:00,BOS,short,3358.0,3374.4,3358.0,3334.4,True,2025-07-17 08:04:00,3334.4,TP,23.6,232.05,847
2025-07-17 17:20:00,2025-07-17 17:27:00,2025-07-17 17:28:00,MSS,long,3336.9,3332.6,3336.9,3339.3,True,2025-07-17 17:28:00,3336.8,BE,-0.1,-5.0,1
2025-07-17 17:50:00,2025-07-17 18:45:00,2025-07-17 19:01:00,EXTEND,short,3335.2,3337.9,3335.2,3328.2,True,2025-07-17 18:56:00,3328.2,TP,7.0,65.52,16
2025-07-17 19:00:00,2025-07-17 19:13:00,2025-07-17 20:22:00,EXTEND,short,3332.6,3337.9,3332.6,3325.5,True,2025-07-17 19:35:00,3332.6,BE,0.0,-4.0,69
2025-07-17 20:25:00,2025-07-17 20:34:00,2025-07-17 20:35:00,EXTEND,long,3322.1,3327.6,3327.6,3335.6,False,,3322.0,SL,-0.1,-5.0,1
2025-07-17 20:55:00,2025-07-17 21:58:00,2025-07-17 22:19:00,EXTEND,short,3324.6,3333.9,3333.9,3309.0,False,,3333.9,SL,-9.3,-97.0,21
2025-07-17 23:00:00,2025-07-17 23:10:00,2025-07-17 23:29:00,BOS,long,3339.0,3336.2,3339.0,3343.6,True,2025-07-17 23:25:00,3343.6,TP,4.6,41.66,19
2025-07-18 00:30:00,2025-07-18 00:42:00,2025-07-18 01:27:00,EXTEND,long,3343.3,3340.6,3343.3,3346.2,True,2025-07-18 00:43:00,3346.2,TP,2.9,24.88,45
2025-07-18 01:35:00,2025-07-18 01:40:00,2025-07-18 01:41:00,MSS,short,3341.7,3346.6,3341.7,3340.9,True,2025-07-18 01:41:00,3341.8,BE,-0.1,-5.0,1
2025-07-18 03:45:00,2025-07-18 03:58:00,2025-07-18 03:59:00,EXTEND,long,3345.4,3342.4,3345.4,3347.7,True,2025-07-18 03:59:00,3345.4,BE,0.0,-4.0,1
2025-07-18 08:30:00,2025-07-18 09:03:00,2025-07-18 09:05:00,EXTEND,short,3345.4,3348.7,3345.4,3341.7,True,2025-07-18 09:04:00,3345.4,BE,0.0,-4.0,2
2025-07-18 09:50:00,2025-07-18 10:04:00,2025-07-18 10:05:00,MSS,long,3344.7,3340.5,3344.7,3346.7,True,2025-07-18 10:05:00,3344.7,BE,0.0,-4.0,1
2025-07-18 10:20:00,2025-07-18 10:56:00,2025-07-18 11:20:00,EXTEND,long,3344.3,3342.1,3342.1,3352.4,False,,3342.1,SL,-2.2,-26.0,24
2025-07-18 12:45:00,2025-07-18 12:54:00,2025-07-18 12:59:00,EXTEND,short,3341.4,3342.7,3342.7,3338.8,False,,3342.7,SL,-1.3,-17.0,5
2025-07-18 13:10:00,2025-07-18 13:35:00,2025-07-18 13:56:00,EXTEND,long,3341.5,3339.6,3339.6,3347.3,False,,3339.6,SL,-1.9,-23.0,21
2025-07-18 14:10:00,2025-07-18 14:17:00,2025-07-18 14:18:00,MSS,long,3342.5,3337.0,3342.5,3343.7,True,2025-07-18 14:18:00,3342.5,BE,0.0,-4.0,1
2025-07-18 15:55:00,2025-07-18 16:04:00,2025-07-18 16:05:00,BOS,long,3356.0,3353.5,3356.0,3356.9,True,2025-07-18 16:05:00,3356.0,BE,0.0,-4.0,1
2025-07-18 16:15:00,2025-07-18 16:34:00,2025-07-18 16:43:00,EXTEND,short,3354.0,3356.2,3354.0,3351.1,True,2025-07-18 16:38:00,3354.0,BE,0.0,-4.0,9
2025-07-18 17:05:00,2025-07-18 17:18:00,2025-07-18 17:28:00,MSS,long,3357.7,3352.4,3357.7,3362.3,True,2025-07-18 17:28:00,3357.7,BE,0.0,-4.0,10
2025-07-18 17:35:00,2025-07-18 17:58:00,2025-07-18 18:03:00,EXTEND,long,3358.4,3356.2,3356.2,3362.0,False,,3356.2,SL,-2.2,-26.0,5
2025-07-18 18:05:00,2025-07-18 18:19:00,2025-07-18 18:21:00,EXTEND,short,3356.0,3360.8,3356.0,3351.8,True,2025-07-18 18:20:00,3356.0,BE,0.0,-4.0,2
2025-07-18 18:40:00,2025-07-18 18:59:00,2025-07-18 19:22:00,EXTEND,long,3357.3,3355.2,3357.3,3359.8,True,2025-07-18 19:02:00,3359.8,TP,2.5,20.72,23
2025-07-18 19:45:00,2025-07-18 19:57:00,2025-07-18 20:14:00,EXTEND,long,3361.2,3358.3,3361.2,3365.9,True,2025-07-18 20:01:00,3365.9,TP,4.7,43.2,17
2025-07-18 20:50:00,2025-07-18 21:24:00,2025-07-18 21:30:00,EXTEND,long,3364.4,3359.9,3364.4,3370.2,True,2025-07-18 21:28:00,3364.4,BE,0.0,-4.0,6
2025-07-18 21:35:00,2025-07-18 22:07:00,2025-07-19 00:37:00,EXTEND,short,3364.0,3366.4,3364.0,3356.2,True,2025-07-18 22:15:00,3364.0,BE,0.0,-4.0,150
2025-07-19 00:35:00,2025-07-19 00:46:00,2025-07-19 02:13:00,EXTEND,long,3361.2,3356.4,3356.4,3366.6,False,,3356.4,SL,-4.8,-52.0,87
2025-07-19 02:10:00,2025-07-19 02:33:00,2025-07-19 02:48:00,MSS,short,3357.9,3359.8,3357.9,3355.1,True,2025-07-19 02:45:00,3357.9,BE,0.0,-4.0,15
2025-07-19 03:25:00,2025-07-19 03:30:00,2025-07-19 03:31:00,MSS,short,3356.1,3359.0,3356.1,3356.0,True,2025-07-19 03:31:00,3356.2,BE,-0.1,-5.0,1
2025-07-21 07:00:00,2025-07-21 07:08:00,2025-07-21 07:09:00,EXTEND,long,3353.2,3353.0,3353.0,3356.4,False,,3353.0,SL,-0.2,-6.0,1
2025-07-21 09:05:00,2025-07-21 09:13:00,2025-07-21 09:14:00,MSS,long,3363.8,3358.0,3363.8,3365.6,True,2025-07-21 09:14:00,3363.7,BE,-0.1,-5.0,1
2025-07-21 09:30:00,2025-07-21 09:49:00,2025-07-21 09:51:00,EXTEND,long,3363.2,3358.0,3363.2,3367.5,True,2025-07-21 09:50:00,3363.2,BE,0.0,-4.0,2
2025-07-21 10:45:00,2025-07-21 11:17:00,2025-07-21 12:06:00,EXTEND,short,3362.1,3363.9,3362.1,3356.9,True,2025-07-21 11:35:00,3356.9,TP,5.2,47.85,49
2025-07-21 12:05:00,2025-07-21 12:16:00,2025-07-21 12:20:00,MSS,long,3357.7,3357.1,3357.7,3359.0,True,2025-07-21 12:18:00,3359.0,TP,1.3,9.05,4
2025-07-21 14:05:00,2025-07-21 14:11:00,2025-07-21 14:15:00,EXTEND,short,3374.0,3375.8,3374.0,3371.5,True,2025-07-21 14:13:00,3374.0,BE,0.0,-4.0,4
2025-07-21 14:35:00,2025-07-21 14:59:00,2025-07-21 15:11:00,EXTEND,long,3375.7,3372.4,3375.7,3379.9,True,2025-07-21 15:03:00,3375.7,BE,0.0,-4.0,12
2025-07-21 16:25:00,2025-07-21 16:33:00,2025-07-21 16:34:00,EXTEND,long,3373.4,3371.1,3373.4,3374.4,True,2025-07-21 16:34:00,3373.3,BE,-0.1,-5.0,1
2025-07-21 16:35:00,2025-07-21 16:47:00,2025-07-21 16:55:00,EXTEND,long,3372.9,3371.1,3372.9,3375.5,True,2025-07-21 16:49:00,3372.9,BE,0.0,-4.0,8
2025-07-21 18:05:00,2025-07-21 18:10:00,2025-07-21 18:11:00,EXTEND,long,3375.0,3370.2,3375.0,3377.4,True,2025-07-21 18:11:00,3375.0,BE,0.0,-4.0,1
2025-07-21 20:00:00,2025-07-21 20:16:00,2025-07-21 20:18:00,EXTEND,long,3383.7,3380.8,3383.7,3385.9,True,2025-07-21 20:17:00,3383.7,BE,0.0,-4.0,2
2025-07-21 21:15:00,2025-07-21 21:24:00,2025-07-21 21:26:00,BOS,long,3397.1,3395.0,3395.0,3399.3,False,,3395.0,SL,-2.1,-25.0,2
2025-07-21 23:25:00,2025-07-21 23:45:00,2025-07-22 00:15:00,EXTEND,long,3412.0,3409.4,3409.4,3419.1,False,,3409.4,SL,-2.6,-30.0,30
2025-07-22 00:15:00,2025-07-22 00:37:00,2025-07-22 01:10:00,EXTEND,short,3411.9,3413.6,3411.9,3407.0,True,2025-07-22 00:45:00,3407.0,TP,4.9,45.04,33
2025-07-22 01:30:00,2025-07-22 02:02:00,2025-07-22 02:58:00,EXTEND,short,3408.3,3410.3,3408.3,3404.1,True,2025-07-22 02:45:00,3408.3,BE,0.0,-4.0,56
2025-07-22 07:30:00,2025-07-22 07:38:00,2025-07-22 07:39:00,EXTEND,long,3411.9,3412.6,3412.6,3417.4,False,,3411.9,SL,0.0,-4.0,1
2025-07-22 09:55:00,2025-07-22 10:15:00,2025-07-22 10:52:00,EXTEND,short,3402.7,3405.7,3405.7,3398.1,False,,3405.7,SL,-3.0,-34.0,37
2025-07-22 11:10:00,2025-07-22 11:18:00,2025-07-22 11:19:00,BOS,short,3404.1,3406.4,3404.1,3402.3,True,2025-07-22 11:19:00,3404.1,BE,0.0,-4.0,1
2025-07-22 11:20:00,2025-07-22 11:28:00,2025-07-22 11:31:00,BOS,short,3402.9,3405.3,3402.9,3400.7,True,2025-07-22 11:31:00,3402.9,BE,0.0,-4.0,3
2025-07-22 11:45:00,2025-07-22 12:17:00,2025-07-22 12:19:00,EXTEND,long,3403.0,3402.5,3402.5,3407.8,False,,3402.5,SL,-0.5,-9.0,2
2025-07-22 12:40:00,2025-07-22 12:46:00,2025-07-22 12:47:00,EXTEND,short,3401.7,3403.6,3401.7,3400.6,True,2025-07-22 12:47:00,3401.7,BE,0.0,-4.0,1
2025-07-22 12:55:00,2025-07-22 13:00:00,2025-07-22 13:01:00,MSS,long,3405.0,3401.0,3405.0,3406.1,True,2025-07-22 13:01:00,3405.0,BE,0.0,-4.0,1
2025-07-22 13:00:00,2025-07-22 13:11:00,2025-07-22 13:16:00,EXTEND,long,3402.7,3401.0,3401.0,3406.3,False,,3401.0,SL,-1.7,-21.0,5
2025-07-22 14:30:00,2025-07-22 14:36:00,2025-07-22 15:00:00,EXTEND,short,3399.0,3401.3,3399.0,3396.5,True,2025-07-22 14:37:00,3399.0,BE,0.0,-4.0,24
2025-07-22 15:25:00,2025-07-22 15:38:00,2025-07-22 15:39:00,EXTEND,short,3397.7,3398.8,3398.8,3394.5,False,,3398.8,SL,-1.1,-15.0,1
2025-07-22 16:50:00,2025-07-22 17:19:00,2025-07-22 17:26:00,EXTEND,long,3398.9,3396.5,3396.5,3404.5,False,,3396.5,SL,-2.4,-28.0,7
2025-07-22 18:25:00,2025-07-22 18:33:00,2025-07-22 18:44:00,EXTEND,long,3397.8,3396.3,3397.8,3399.3,True,2025-07-22 18:44:00,3397.8,BE,0.0,-4.0,11
2025-07-22 19:05:00,2025-07-22 19:14:00,2025-07-22 19:37:00,EXTEND,short,3397.8,3398.4,3397.8,3395.5,True,2025-07-22 19:24:00,3397.8,BE,0.0,-4.0,23
2025-07-22 21:55:00,2025-07-22 22:00:00,2025-07-22 22:01:00,MSS,short,3417.1,3433.2,3417.1,3418.7,True,2025-07-22 22:01:00,3417.2,BE,-0.1,-5.0,1
2025-07-22 22:00:00,2025-07-22 22:18:00,2025-07-22 22:23:00,EXTEND,short,3428.8,3433.2,3433.2,3411.1,False,,3433.2,SL,-4.4,-48.0,5
2025-07-22 23:05:00,2025-07-22 23:14:00,2025-07-23 00:16:00,EXTEND,long,3442.5,3435.0,3442.5,3449.2,True,2025-07-23 00:10:00,3442.5,BE,0.0,-4.0,62
2025-07-23 00:25:00,2025-07-23 00:38:00,2025-07-23 00:48:00,MSS,short,3443.7,3445.2,3445.2,3439.6,False,,3445.2,SL,-1.5,-19.0,10
2025-07-23 01:10:00,2025-07-23 01:26:00,2025-07-23 01:42:00,MSS,short,3444.1,3447.5,3444.1,3437.8,True,2025-07-23 01:31:00,3444.1,BE,0.0,-4.0,16
2025-07-23 02:45:00,2025-07-23 03:05:00,2025-07-23 03:16:00,BOS,short,3441.8,3443.7,3443.7,3440.3,False,,3443.7,SL,-1.9,-23.0,11
2025-07-23 03:45:00,2025-07-23 03:57:00,2025-07-23 04:02:00,BOS,long,3444.3,3443.1,3444.3,3445.5,True,2025-07-23 04:02:00,3444.3,BE,0.0,-4.0,5
2025-07-23 07:10:00,2025-07-23 07:22:00,2025-07-23 07:24:00,BOS,long,3442.4,3441.4,3441.4,3448.8,False,,3441.4,SL,-1.0,-14.0,2
2025-07-23 08:00:00,2025-07-23 08:09:00,2025-07-23 08:10:00,MSS,long,3443.7,3437.8,3443.7,3445.8,True,2025-07-23 08:10:00,3443.6,BE,-0.1,-5.0,1
2025-07-23 08:20:00,2025-07-23 08:37:00,2025-07-23 09:05:00,EXTEND,long,3443.9,3437.8,3437.8,3455.3,False,,3437.8,SL,-6.1,-65.0,28
2025-07-23 11:30:00,2025-07-23 11:36:00,2025-07-23 11:43:00,EXTEND,long,3440.5,3437.6,3440.5,3444.3,True,2025-07-23 11:41:00,3440.5,BE,0.0,-4.0,7
2025-07-23 13:10:00,2025-07-23 13:27:00,2025-07-23 13:34:00,BOS,short,3435.2,3436.9,3435.2,3432.8,True,2025-07-23 13:33:00,3435.2,BE,0.0,-4.0,7
2025-07-23 13:45:00,2025-07-23 14:05:00,2025-07-23 14:07:00,EXTEND,short,3435.3,3436.5,3436.5,3428.1,False,,3436.5,SL,-1.2,-16.0,2
2025-07-23 14:35:00,2025-07-23 14:48:00,2025-07-23 15:02:00,MSS,short,3437.2,3438.8,3438.8,3431.8,False,,3438.8,SL,-1.6,-20.0,14
2025-07-23 15:15:00,2025-07-23 15:33:00,2025-07-23 15:44:00,EXTEND,long,3440.3,3436.9,3436.9,3444.9,False,,3436.9,SL,-3.4,-38.0,11
2025-07-23 15:55:00,2025-07-23 16:22:00,2025-07-23 17:17:00,EXTEND,short,3438.8,3443.2,3443.2,3430.9,False,,3443.2,SL,-4.4,-48.0,55
2025-07-23 19:15:00,2025-07-23 19:24:00,2025-07-23 19:26:00,BOS,short,3434.6,3436.3,3436.3,3431.3,False,,3436.3,SL,-1.7,-21.0,2
2025-07-23 20:15:00,2025-07-23 20:21:00,2025-07-23 20:22:00,EXTEND,short,3435.8,3442.1,3435.8,3436.5,True,2025-07-23 20:22:00,3435.7,TP,0.1,-3.0,1
2025-07-23 21:30:00,2025-07-23 21:47:00,2025-07-23 22:05:00,EXTEND,short,3421.4,3427.3,3427.3,3411.0,False,,3427.3,SL,-5.9,-63.0,18
2025-07-24 07:20:00,2025-07-24 07:26:00,2025-07-24 07:27:00,MSS,long,3398.2,3394.7,3398.2,3399.9,True,2025-07-24 07:27:00,3398.2,BE,0.0,-4.0,1
2025-07-24 07:30:00,2025-07-24 07:47:00,2025-07-24 07:57:00,EXTEND,long,3397.7,3394.7,3397.7,3400.2,True,2025-07-24 07:48:00,3397.7,BE,0.0,-4.0,10
2025-07-24 08:05:00,2025-07-24 08:14:00,2025-07-24 08:17:00,MSS,short,3397.1,3399.1,3397.1,3394.3,True,2025-07-24 08:17:00,3397.1,BE,0.0,-4.0,3
2025-07-24 08:25:00,2025-07-24 08:52:00,2025-07-24 08:53:00,EXTEND,short,3398.9,3399.1,3399.1,3394.0,False,,3399.1,SL,-0.2,-6.0,1
2025-07-24 09:05:00,2025-07-24 09:21:00,2025-07-24 09:41:00,MSS,short,3395.7,3400.3,3395.7,3386.6,True,2025-07-24 09:35:00,3395.7,BE,0.0,-4.0,20
2025-07-24 10:10:00,2025-07-24 10:27:00,2025-07-24 11:08:00,EXTEND,short,3392.4,3396.6,3392.4,3382.4,True,2025-07-24 10:44:00,3382.4,TP,10.0,96.24,41
2025-07-24 11:05:00,2025-07-24 11:50:00,2025-07-24 15:51:00,EXTEND,short,3389.8,3391.7,3389.8,3375.8,True,2025-07-24 13:43:00,3375.8,TP,14.0,135.75,241
2025-07-24 16:35:00,2025-07-24 17:06:00,2025-07-24 17:17:00,EXTEND,long,3373.0,3370.4,3370.4,3381.7,False,,3370.4,SL,-2.6,-30.0,11
2025-07-24 18:45:00,2025-07-24 19:01:00,2025-07-24 19:25:00,MSS,long,3369.9,3367.4,3367.4,3374.0,False,,3367.4,SL,-2.5,-29.0,24
2025-07-24 23:15:00,2025-07-24 23:31:00,2025-07-24 23:35:00,EXTEND,short,3378.2,3378.4,3378.4,3372.7,False,,3378.4,SL,-0.2,-6.0,4
2025-07-25 00:30:00,2025-07-25 00:42:00,2025-07-25 01:27:00,BOS,short,3373.1,3376.0,3373.1,3368.6,True,2025-07-25 00:48:00,3373.1,BE,0.0,-4.0,45
2025-07-25 01:25:00,2025-07-25 01:55:00,2025-07-25 02:06:00,MSS,long,3372.0,3370.3,3370.3,3375.9,False,,3370.3,SL,-1.7,-21.0,11
2025-07-25 02:05:00,2025-07-25 02:23:00,2025-07-25 02:30:00,MSS,short,3371.8,3372.9,3372.9,3369.2,False,,3372.9,SL,-1.1,-15.0,7
2025-07-25 03:25:00,2025-07-25 03:38:00,2025-07-25 03:55:00,EXTEND,long,3375.5,3374.4,3374.4,3377.1,False,,3374.4,SL,-1.1,-15.0,17
2025-07-25 07:10:00,2025-07-25 07:31:00,2025-07-25 08:39:00,EXTEND,long,3370.4,3368.3,3370.4,3375.5,True,2025-07-25 08:01:00,3375.5,TP,5.1,47.39,68
2025-07-25 09:05:00,2025-07-25 09:12:00,2025-07-25 09:13:00,MSS,short,3372.2,3375.8,3372.2,3370.8,True,2025-07-25 09:13:00,3372.3,BE,-0.1,-5.0,1
2025-07-25 09:55:00,2025-07-25 10:04:00,2025-07-25 10:10:00,EXTEND,long,3370.5,3368.7,3368.7,3375.2,False,,3368.7,SL,-1.8,-22.0,6
2025-07-25 11:35:00,2025-07-25 11:53:00,2025-07-25 11:59:00,BOS,short,3362.7,3364.0,3362.7,3360.6,True,2025-07-25 11:57:00,3360.6,TP,2.1,17.29,6
2025-07-25 11:55:00,2025-07-25 12:02:00,2025-07-25 12:04:00,BOS,short,3362.1,3363.6,3363.6,3358.9,False,,3363.6,SL,-1.5,-19.0,2
2025-07-25 12:35:00,2025-07-25 12:41:00,2025-07-25 12:42:00,MSS,short,3360.8,3364.7,3360.8,3361.3,True,2025-07-25 12:42:00,3360.8,BE,0.0,-4.0,1
2025-07-25 12:40:00,2025-07-25 12:51:00,2025-07-25 13:37:00,EXTEND,short,3362.7,3364.7,3362.7,3358.9,True,2025-07-25 13:24:00,3358.9,TP,3.8,34.42,46
2025-07-25 13:50:00,2025-07-25 14:01:00,2025-07-25 14:15:00,EXTEND,short,3359.4,3363.3,3359.4,3355.3,True,2025-07-25 14:09:00,3359.4,BE,0.0,-4.0,14
2025-07-25 14:40:00,2025-07-25 14:49:00,2025-07-25 15:03:00,MSS,long,3359.5,3356.6,3359.5,3362.1,True,2025-07-25 14:53:00,3359.5,BE,0.0,-4.0,14
2025-07-25 15:20:00,2025-07-25 15:31:00,2025-07-25 15:35:00,BOS,long,3360.9,3358.3,3358.3,3363.3,False,,3358.3,SL,-2.6,-30.0,4
2025-07-25 17:10:00,2025-07-25 17:23:00,2025-07-25 17:24:00,EXTEND,short,3349.5,3348.3,3348.3,3344.5,False,,3349.5,SL,0.0,-4.0,1
2025-07-25 17:55:00,2025-07-25 18:06:00,2025-07-25 18:07:00,MSS,short,3348.2,3351.3,3348.2,3346.6,True,2025-07-25 18:07:00,3348.3,BE,-0.1,-5.0,1
2025-07-25 18:30:00,2025-07-25 18:40:00,2025-07-25 18:57:00,EXTEND,short,3346.1,3348.6,3346.1,3342.4,True,2025-07-25 18:45:00,3342.4,TP,3.7,33.23,17
2025-07-25 19:00:00,2025-07-25 19:08:00,2025-07-25 19:12:00,MSS,long,3344.9,3342.2,3344.9,3347.7,True,2025-07-25 19:09:00,3344.9,BE,0.0,-4.0,4
2025-07-25 19:15:00,2025-07-25 19:21:00,2025-07-25 19:22:00,MSS,short,3343.0,3346.0,3343.0,3341.3,True,2025-07-25 19:22:00,3343.0,BE,0.0,-4.0,1
2025-07-25 19:40:00,2025-07-25 20:02:00,2025-07-25 20:03:00,EXTEND,short,3341.3,3344.6,3341.3,3338.4,True,2025-07-25 20:03:00,3341.3,BE,0.0,-4.0,1
2025-07-25 20:15:00,2025-07-25 20:23:00,2025-07-25 20:33:00,MSS,long,3343.0,3340.8,3340.8,3347.3,False,,3340.8,SL,-2.2,-26.0,10
2025-07-25 20:40:00,2025-07-25 20:47:00,2025-07-25 20:53:00,EXTEND,short,3340.1,3345.9,3340.1,3334.2,True,2025-07-25 20:49:00,3340.1,BE,0.0,-4.0,6
2025-07-25 21:35:00,2025-07-25 21:45:00,2025-07-25 22:03:00,EXTEND,long,3343.4,3337.4,3343.4,3351.8,True,2025-07-25 21:55:00,3343.4,BE,0.0,-4.0,18
2025-07-26 00:10:00,2025-07-26 00:15:00,2025-07-26 00:16:00,MSS,long,3330.8,3326.8,3330.8,3331.5,True,2025-07-26 00:16:00,3331.5,TP,0.7,2.99,1
2025-07-26 00:15:00,2025-07-26 00:39:00,2025-07-26 01:09:00,EXTEND,long,3328.1,3326.8,3328.1,3333.4,True,2025-07-26 00:43:00,3333.4,TP,5.3,49.04,30
2025-07-26 03:00:00,2025-07-26 03:13:00,2025-07-26 03:14:00,EXTEND,long,3341.0,3338.5,3341.0,3341.4,True,2025-07-26 03:14:00,3340.9,BE,-0.1,-5.0,1
2025-07-26 03:25:00,2025-07-26 03:49:00,2025-07-26 03:50:00,EXTEND,long,3339.7,3339.3,3339.3,3341.7,False,,3339.3,SL,-0.4,-8.0,1
2025-07-28 08:25:00,2025-07-28 08:32:00,2025-07-28 08:39:00,EXTEND,short,3332.6,3336.0,3332.6,3330.2,True,2025-07-28 08:33:00,3330.2,TP,2.4,20.42,7
2025-07-28 08:45:00,2025-07-28 09:00:00,2025-07-28 09:03:00,EXTEND,short,3332.8,3334.6,3334.6,3325.6,False,,3334.6,SL,-1.8,-22.0,3
2025-07-28 10:25:00,2025-07-28 10:30:00,2025-07-28 10:31:00,MSS,long,3335.7,3330.0,3335.7,3337.1,True,2025-07-28 10:31:00,3335.7,BE,0.0,-4.0,1
2025-07-28 10:30:00,2025-07-28 10:44:00,2025-07-28 11:14:00,EXTEND,long,3333.0,3330.0,3333.0,3338.3,True,2025-07-28 10:52:00,3338.3,TP,5.3,48.55,30
2025-07-28 13:15:00,2025-07-28 13:33:00,2025-07-28 13:44:00,EXTEND,short,3340.2,3342.0,3340.2,3336.5,True,2025-07-28 13:38:00,3340.2,BE,0.0,-4.0,11
2025-07-28 14:35:00,2025-07-28 14:45:00,2025-07-28 14:46:00,EXTEND,short,3337.7,3345.3,3337.7,3332.9,True,2025-07-28 14:46:00,3337.7,BE,0.0,-4.0,1
2025-07-28 15:30:00,2025-07-28 15:36:00,2025-07-28 15:37:00,MSS,short,3336.2,3341.9,3336.2,3335.4,True,2025-07-28 15:37:00,3336.2,BE,0.0,-4.0,1
2025-07-28 16:40:00,2025-07-28 17:02:00,2025-07-28 17:10:00,EXTEND,short,3335.5,3337.8,3337.8,3329.5,False,,3337.8,SL,-2.3,-27.0,8
2025-07-28 18:35:00,2025-07-28 18:53:00,2025-07-28 19:38:00,MSS,short,3336.4,3338.6,3336.4,3332.2,True,2025-07-28 19:26:00,3336.4,BE,0.0,-4.0,45
2025-07-28 19:45:00,2025-07-28 19:52:00,2025-07-28 19:58:00,MSS,long,3336.6,3334.6,3336.6,3338.9,True,2025-07-28 19:58:00,3336.6,BE,0.0,-4.0,6
2025-07-28 20:05:00,2025-07-28 20:10:00,2025-07-28 20:11:00,MSS,short,3334.8,3337.2,3334.8,3334.9,True,2025-07-28 20:11:00,3334.7,TP,0.1,-3.0,1
2025-07-28 22:25:00,2025-07-28 22:41:00,2025-07-28 22:45:00,MSS,long,3311.7,3305.9,3311.7,3316.4,True,2025-07-28 22:43:00,3311.7,BE,0.0,-4.0,4
2025-07-28 23:20:00,2025-07-28 23:25:00,2025-07-28 23:26:00,MSS,long,3312.7,3307.8,3312.7,3313.0,True,2025-07-28 23:26:00,3312.7,BE,0.0,-4.0,1
2025-07-29 00:35:00,2025-07-29 00:50:00,2025-07-29 00:54:00,EXTEND,long,3311.8,3310.6,3310.6,3314.8,False,,3310.6,SL,-1.2,-16.0,4
2025-07-29 01:05:00,2025-07-29 01:27:00,2025-07-29 02:21:00,EXTEND,short,3311.8,3313.9,3311.8,3306.2,True,2025-07-29 01:29:00,3311.8,BE,0.0,-4.0,54
2025-07-29 03:35:00,2025-07-29 03:44:00,2025-07-29 03:51:00,BOS,long,3313.8,3312.2,3313.8,3315.4,True,2025-07-29 03:47:00,3315.4,TP,1.6,11.75,7
2025-07-29 07:45:00,2025-07-29 07:56:00,2025-07-29 08:04:00,MSS,long,3310.9,3308.9,3310.9,3313.3,True,2025-07-29 08:02:00,3313.3,TP,2.4,20.45,8
2025-07-29 08:10:00,2025-07-29 08:16:00,2025-07-29 08:31:00,EXTEND,short,3308.3,3313.5,3308.3,3304.1,True,2025-07-29 08:18:00,3308.3,BE,0.0,-4.0,15
2025-07-29 08:50:00,2025-07-29 09:08:00,2025-07-29 09:13:00,EXTEND,long,3308.7,3305.9,3308.7,3311.4,True,2025-07-29 09:10:00,3308.7,BE,0.0,-4.0,5
2025-07-29 10:10:00,2025-07-29 10:18:00,2025-07-29 10:23:00,MSS,short,3316.8,3318.3,3316.8,3315.1,True,2025-07-29 10:22:00,3316.8,BE,0.0,-4.0,5
2025-07-29 10:35:00,2025-07-29 10:41:00,2025-07-29 10:46:00,EXTEND,short,3316.6,3318.3,3318.3,3314.7,False,,3318.3,SL,-1.7,-21.0,5
2025-07-29 12:50:00,2025-07-29 12:57:00,2025-07-29 12:58:00,MSS,long,3315.0,3307.0,3315.0,3316.0,True,2025-07-29 12:58:00,3315.0,BE,0.0,-4.0,1
2025-07-29 13:55:00,2025-07-29 14:04:00,2025-07-29 14:06:00,EXTEND,long,3315.8,3313.9,3313.9,3319.1,False,,3313.9,SL,-1.9,-23.0,2
2025-07-29 14:25:00,2025-07-29 14:32:00,2025-07-29 14:34:00,BOS,long,3318.8,3316.6,3316.6,3319.6,False,,3316.6,SL,-2.2,-26.0,2
2025-07-29 14:35:00,2025-07-29 14:53:00,2025-07-29 14:54:00,EXTEND,short,3318.4,3319.0,3319.0,3313.0,False,,3319.0,SL,-0.6,-10.0,1
2025-07-29 15:05:00,2025-07-29 15:10:00,2025-07-29 15:11:00,MSS,short,3311.9,3320.6,3311.9,3310.2,True,2025-07-29 15:11:00,3312.0,BE,-0.1,-5.0,1
2025-07-29 15:55:00,2025-07-29 16:01:00,2025-07-29 16:02:00,MSS,long,3316.9,3313.1,3316.9,3317.5,True,2025-07-29 16:02:00,3317.5,TP,0.6,2.45,1
2025-07-29 17:25:00,2025-07-29 17:31:00,2025-07-29 17:32:00,MSS,long,3324.3,3319.1,3324.3,3327.0,True,2025-07-29 17:32:00,3324.2,BE,-0.1,-5.0,1
2025-07-29 18:35:00,2025-07-29 18:43:00,2025-07-29 18:48:00,MSS,long,3323.9,3322.6,3322.6,3325.3,False,,3322.6,SL,-1.3,-17.0,5
2025-07-29 18:45:00,2025-07-29 18:53:00,2025-07-29 18:54:00,MSS,short,3322.7,3324.7,3322.7,3320.9,True,2025-07-29 18:54:00,3322.7,BE,0.0,-4.0,1
2025-07-29 20:05:00,2025-07-29 20:10:00,2025-07-29 20:11:00,MSS,long,3318.8,3312.8,3318.8,3320.2,True,2025-07-29 20:11:00,3318.8,BE,0.0,-4.0,1
2025-07-29 20:10:00,2025-07-29 20:22:00,2025-07-29 20:23:00,EXTEND,long,3319.7,3312.8,3319.7,3321.7,True,2025-07-29 20:23:00,3319.7,BE,0.0,-4.0,1
2025-07-29 20:25:00,2025-07-29 20:34:00,2025-07-29 20:40:00,EXTEND,long,3318.3,3316.6,3318.3,3322.6,True,2025-07-29 20:38:00,3318.3,BE,0.0,-4.0,6
2025-07-29 20:55:00,2025-07-29 21:15:00,2025-07-29 21:24:00,BOS,long,3320.2,3316.2,3320.2,3324.7,True,2025-07-29 21:19:00,3320.2,BE,0.0,-4.0,9
2025-07-29 21:35:00,2025-07-29 21:45:00,2025-07-29 21:54:00,EXTEND,short,3315.7,3322.6,3315.7,3306.5,True,2025-07-29 21:51:00,3315.7,BE,0.0,-4.0,9
2025-07-29 22:00:00,2025-07-29 22:08:00,2025-07-29 22:09:00,BOS,short,3312.5,3317.1,3312.5,3309.5,True,2025-07-29 22:09:00,3312.5,BE,0.0,-4.0,1
2025-07-29 22:05:00,2025-07-29 22:17:00,2025-07-29 22:20:00,EXTEND,short,3314.9,3317.1,3317.1,3308.0,False,,3317.1,SL,-2.2,-26.0,3
2025-07-29 23:05:00,2025-07-29 23:18:00,2025-07-29 23:24:00,EXTEND,long,3329.0,3324.5,3324.5,3334.5,False,,3324.5,SL,-4.5,-49.0,6
2025-07-30 00:35:00,2025-07-30 00:43:00,2025-07-30 00:46:00,MSS,long,3320.2,3318.3,3320.2,3322.2,True,2025-07-30 00:45:00,3320.2,BE,0.0,-4.0,3
2025-07-30 01:25:00,2025-07-30 01:38:00,2025-07-30 01:53:00,EXTEND,long,3324.1,3321.3,3324.1,3326.8,True,2025-07-30 01:39:00,3326.8,TP,2.7,22.61,15
2025-07-30 02:45:00,2025-07-30 02:50:00,2025-07-30 02:51:00,MSS,short,3325.1,3328.2,3325.1,3324.8,True,2025-07-30 02:51:00,3324.8,TP,0.3,-0.71,1
2025-07-30 08:30:00,2025-07-30 08:39:00,2025-07-30 08:40:00,BOS,long,3326.6,3326.9,3326.9,3328.6,False,,3326.6,SL,0.0,-4.0,1
2025-07-30 09:00:00,2025-07-30 09:10:00,2025-07-30 09:18:00,MSS,short,3328.1,3330.6,3330.6,3324.4,False,,3330.6,SL,-2.5,-29.0,5
2025-07-30 09:50:00,2025-07-30 10:21:00,2025-07-30 16:10:00,EXTEND,short,3329.2,3330.7,3329.2,3316.5,True,2025-07-30 14:00:00,3329.2,BE,0.0,-4.0,197
2025-07-30 16:45:00,2025-07-30 16:50:00,2025-07-30 16:51:00,MSS,long,3329.8,3327.4,3329.8,3329.4,True,2025-07-30 16:51:00,3329.8,BE,0.0,-4.0,1
2025-07-30 16:55:00,2025-07-30 17:05:00,2025-07-30 17:10:00,EXTEND,long,3330.0,3327.4,3330.0,3331.5,True,2025-07-30 17:06:00,3329.6,BE,-0.4,-8.0,3
2025-07-30 18:00:00,2025-07-30 18:11:00,2025-07-30 18:12:00,MSS,short,3325.4,3332.0,3325.4,3324.9,True,2025-07-30 18:12:00,3324.9,TP,0.5,1.12,1
2025-07-30 19:20:00,2025-07-30 19:25:00,2025-07-30 19:26:00,MSS,long,3328.3,3322.2,3328.3,3329.6,True,2025-07-30 19:26:00,3327.6,BE,-0.7,-11.0,1
2025-07-30 19:25:00,2025-07-30 19:47:00,2025-07-30 20:31:00,EXTEND,long,3323.0,3322.2,3323.0,3329.9,True,2025-07-30 19:57:00,3323.0,BE,0.0,-4.0,24
2025-07-30 22:25:00,2025-07-30 22:48:00,2025-07-30 23:12:00,EXTEND,short,3301.5,3305.4,3301.5,3295.9,True,2025-07-30 22:50:00,3295.9,TP,5.6,52.25,22
2025-08-28 08:20:00,2025-08-28 08:34:00,2025-08-28 08:50:00,BOS,long,3423.6,3422.0,3423.6,3426.3,True,2025-08-28 08:45:00,3423.0,BE,-0.6,-10.0,13
2025-08-28 09:30:00,2025-08-28 09:38:00,2025-08-28 09:40:00,BOS,short,3416.6,3418.9,3416.6,3415.7,True,2025-08-28 09:39:00,3415.7,TP,0.9,4.75,2
2025-08-28 09:45:00,2025-08-28 10:03:00,2025-08-28 10:13:00,EXTEND,short,3416.3,3418.9,3416.3,3413.3,True,2025-08-28 10:08:00,3416.7,BE,-0.4,-8.0,10
2025-08-28 12:35:00,2025-08-28 12:43:00,2025-08-28 12:45:00,EXTEND,long,3417.8,3417.2,3417.2,3419.0,False,,3416.8,SL,-1.0,-14.0,2
2025-08-28 13:20:00,2025-08-28 13:31:00,2025-08-28 13:44:00,BOS,short,3416.8,3417.4,3416.8,3415.4,True,2025-08-28 13:40:00,3415.2,TP,1.6,12.0,10
2025-08-28 13:55:00,2025-08-28 14:00:00,2025-08-28 14:01:00,MSS,long,3418.1,3415.0,3418.1,3418.2,True,2025-08-28 14:01:00,3418.3,TP,0.2,-2.0,1
2025-08-28 15:05:00,2025-08-28 15:17:00,2025-08-28 16:05:00,EXTEND,short,3423.5,3423.8,3423.5,3419.7,True,2025-08-28 15:25:00,3423.5,BE,0.0,-4.0,41
2025-08-28 16:05:00,2025-08-28 16:14:00,2025-08-28 16:37:00,EXTEND,long,3420.9,3420.0,3420.9,3425.1,True,2025-08-28 16:33:00,3425.1,TP,4.2,37.8,19
2025-08-28 18:00:00,2025-08-28 18:05:00,2025-08-28 18:06:00,MSS,short,3423.6,3427.3,3423.6,3423.0,True,2025-08-28 18:06:00,3423.7,BE,-0.1,-5.0,1
2025-08-28 18:05:00,2025-08-28 18:35:00,2025-08-28 19:20:00,EXTEND,short,3424.9,3427.3,3427.3,3421.2,False,,3427.3,SL,-2.4,-28.0,32
2025-08-28 20:30:00,2025-08-28 20:35:00,2025-08-28 20:36:00,MSS,short,3431.5,3438.6,3431.5,3428.1,True,2025-08-28 20:36:00,3431.5,BE,0.0,-4.0,1
2025-08-28 21:15:00,2025-08-28 21:20:00,2025-08-28 21:21:00,MSS,long,3431.3,3424.0,3431.3,3432.6,True,2025-08-28 21:21:00,3431.3,BE,0.0,-4.0,1
2025-08-28 22:10:00,2025-08-28 22:26:00,2025-08-28 22:40:00,BOS,long,3437.7,3435.6,3437.7,3441.8,True,2025-08-28 22:28:00,3441.8,TP,4.1,37.23,14
2025-08-29 02:50:00,2025-08-29 02:59:00,2025-08-29 03:02:00,MSS,long,3449.6,3447.7,3449.6,3450.9,True,2025-08-29 03:00:00,3449.5,BE,-0.1,-5.0,3
2025-08-29 03:35:00,2025-08-29 03:48:00,2025-08-29 04:08:00,EXTEND,short,3448.8,3450.1,3448.8,3446.4,True,2025-08-29 04:02:00,3449.0,BE,-0.2,-6.0,18
2025-08-29 07:00:00,2025-08-29 07:21:00,2025-08-29 07:29:00,EXTEND,long,3447.1,3446.6,3446.6,3447.7,False,,3446.6,SL,-0.5,-9.0,3
2025-08-29 09:30:00,2025-08-29 09:40:00,2025-08-29 09:44:00,MSS,long,3442.2,3441.6,3442.2,3444.0,True,2025-08-29 09:43:00,3444.0,TP,1.8,14.13,4
2025-08-29 13:00:00,2025-08-29 13:09:00,2025-08-29 13:10:00,BOS,short,3440.3,3441.8,3440.3,3439.8,True,2025-08-29 13:10:00,3440.3,BE,0.0,-4.0,1
2025-08-29 13:20:00,2025-08-29 13:38:00,2025-08-29 13:44:00,EXTEND,short,3440.5,3441.8,3440.5,3438.1,True,2025-08-29 13:43:00,3440.5,BE,0.0,-4.0,5
2025-08-29 14:40:00,2025-08-29 15:03:00,2025-08-29 15:56:00,EXTEND,short,3442.3,3443.1,3442.3,3436.8,True,2025-08-29 15:16:00,3442.3,BE,0.0,-4.0,49
2025-08-29 16:10:00,2025-08-29 16:28:00,2025-08-29 16:51:00,BOS,long,3441.8,3440.9,3441.8,3444.2,True,2025-08-29 16:34:00,3441.8,BE,0.0,-4.0,19
2025-08-29 16:55:00,2025-08-29 17:29:00,2025-08-29 17:31:00,EXTEND,short,3441.0,3443.2,3441.0,3439.8,True,2025-08-29 17:30:00,3441.0,BE,0.0,-4.0,2
2025-08-29 18:05:00,2025-08-29 18:12:00,2025-08-29 18:21:00,EXTEND,short,3438.3,3440.1,3438.3,3436.4,True,2025-08-29 18:14:00,3436.4,TP,1.9,15.0,8
2025-08-29 18:30:00,2025-08-29 18:44:00,2025-08-29 19:32:00,EXTEND,short,3437.7,3439.4,3437.7,3434.6,True,2025-08-29 18:54:00,3437.7,BE,0.0,-4.0,44
2025-08-29 19:50:00,2025-08-29 20:18:00,2025-08-29 20:35:00,EXTEND,long,3437.5,3434.9,3437.5,3443.7,True,2025-08-29 20:21:00,3443.7,TP,6.2,57.63,17
2025-08-29 22:35:00,2025-08-29 22:47:00,2025-08-29 23:16:00,EXTEND,long,3470.6,3466.3,3470.6,3479.4,True,2025-08-29 22:59:00,3479.4,TP,8.8,83.81,29
2025-08-30 00:15:00,2025-08-30 00:46:00,2025-08-30 00:51:00,EXTEND,short,3485.1,3487.0,3487.0,3477.5,False,,3487.0,SL,-1.9,-23.0,5
2025-08-30 01:00:00,2025-08-30 01:17:00,2025-08-30 01:26:00,EXTEND,long,3487.3,3484.1,3487.3,3490.8,True,2025-08-30 01:18:00,3487.3,BE,0.0,-4.0,8
2025-08-30 02:30:00,2025-08-30 02:38:00,2025-08-30 02:42:00,EXTEND,short,3482.7,3484.2,3482.7,3481.5,True,2025-08-30 02:41:00,3481.5,TP,1.2,8.0,4
2025-09-01 07:50:00,2025-09-01 07:57:00,2025-09-01 08:07:00,EXTEND,short,3483.0,3485.2,3483.0,3479.5,True,2025-09-01 08:01:00,3483.0,BE,0.0,-4.0,9
2025-09-01 08:40:00,2025-09-01 08:56:00,2025-09-01 09:04:00,EXTEND,long,3482.1,3481.0,3481.0,3487.5,False,,3481.0,SL,-1.1,-15.0,8
2025-09-01 11:00:00,2025-09-01 11:07:00,2025-09-01 11:09:00,EXTEND,long,3517.0,3514.2,3514.2,3525.4,False,,3514.2,SL,-2.8,-32.0,2
2025-09-01 12:25:00,2025-09-01 12:33:00,2025-09-01 13:32:00,EXTEND,long,3514.5,3512.5,3514.5,3520.9,True,2025-09-01 12:40:00,3520.9,TP,6.4,59.82,53
2025-09-01 13:40:00,2025-09-01 13:51:00,2025-09-01 14:23:00,MSS,short,3519.8,3523.7,3523.7,3513.3,False,,3523.7,SL,-3.9,-43.0,31
2025-09-01 14:40:00,2025-09-01 14:54:00,2025-09-01 14:58:00,EXTEND,long,3523.1,3518.6,3518.6,3529.9,False,,3518.6,SL,-4.5,-49.0,4
2025-09-01 18:05:00,2025-09-01 18:10:00,2025-09-01 18:11:00,MSS,long,3514.0,3506.6,3514.0,3514.3,True,2025-09-01 18:11:00,3515.0,TP,1.0,6.0,1
2025-09-01 18:10:00,2025-09-01 18:17:00,2025-09-01 19:49:00,EXTEND,long,3511.9,3506.6,3511.9,3517.6,True,2025-09-01 18:21:00,3511.9,BE,0.0,-4.0,75
2025-09-01 20:00:00,2025-09-01 20:09:00,2025-09-01 20:10:00,MSS,long,3511.7,3512.5,3512.5,3514.2,False,,3512.0,SL,0.3,-1.0,1
2025-09-01 20:50:00,2025-09-01 20:55:00,2025-09-01 20:56:00,MSS,long,3514.0,3509.8,3514.0,3514.2,True,2025-09-01 20:56:00,3514.5,TP,0.5,1.0,1
2025-09-01 22:00:00,2025-09-01 22:15:00,2025-09-01 22:19:00,EXTEND,short,3517.8,3519.0,3519.0,3512.9,False,,3519.0,SL,-1.2,-16.0,4
2025-09-01 22:40:00,2025-09-01 22:56:00,2025-09-02 00:36:00,BOS,short,3517.1,3518.3,3517.1,3513.1,True,2025-09-01 23:40:00,3517.1,BE,0.0,-4.0,76
2025-09-02 00:55:00,2025-09-02 01:21:00,2025-09-02 02:12:00,EXTEND,long,3517.0,3516.3,3517.0,3518.8,True,2025-09-02 01:31:00,3517.0,BE,0.0,-4.0,32
2025-09-02 07:20:00,2025-09-02 07:30:00,2025-09-02 08:26:00,MSS,long,3520.4,3517.4,3520.4,3525.1,True,2025-09-02 07:38:00,3525.1,TP,4.7,43.47,51
2025-09-02 08:35:00,2025-09-02 08:44:00,2025-09-02 09:00:00,EXTEND,long,3523.8,3521.6,3521.6,3529.9,False,,3521.6,SL,-2.2,-26.0,15
2025-09-02 09:10:00,2025-09-02 09:15:00,2025-09-02 09:16:00,MSS,long,3530.5,3519.0,3530.5,3533.2,True,2025-09-02 09:16:00,3530.5,BE,0.0,-4.0,1
2025-09-02 09:45:00,2025-09-02 09:51:00,2025-09-02 09:53:00,EXTEND,long,3537.4,3534.2,3534.2,3553.0,False,,3534.2,SL,-3.2,-36.0,2
2025-09-02 12:25:00,2025-09-02 12:34:00,2025-09-02 12:38:00,MSS,short,3535.3,3536.0,3536.0,3531.8,False,,3536.0,SL,-0.7,-11.0,2
2025-09-02 13:20:00,2025-09-02 13:26:00,2025-09-02 13:28:00,MSS,short,3533.2,3537.6,3533.2,3532.4,True,2025-09-02 13:27:00,3533.2,BE,0.0,-4.0,2
2025-09-02 13:25:00,2025-09-02 13:41:00,2025-09-02 14:14:00,EXTEND,short,3536.1,3537.6,3536.1,3531.2,True,2025-09-02 13:50:00,3531.2,TP,4.8,44.5,32
2025-09-02 15:30:00,2025-09-02 15:48:00,2025-09-02 15:51:00,BOS,short,3520.1,3523.8,3520.1,3516.3,True,2025-09-02 15:49:00,3516.3,TP,3.8,33.93,3
2025-09-02 16:45:00,2025-09-02 16:58:00,2025-09-02 18:10:00,EXTEND,long,3515.6,3514.7,3515.6,3523.8,True,2025-09-02 17:26:00,3523.8,TP,8.2,78.44,66
2025-09-02 18:10:00,2025-09-02 18:23:00,2025-09-02 19:18:00,EXTEND,long,3521.6,3516.9,3521.6,3527.8,True,2025-09-02 18:39:00,3521.6,BE,0.0,-4.0,55
2025-09-02 20:00:00,2025-09-02 20:20:00,2025-09-02 20:26:00,EXTEND,long,3520.5,3517.4,3517.4,3539.8,False,,3517.4,SL,-3.1,-35.0,6
2025-09-02 20:40:00,2025-09-02 20:58:00,2025-09-02 21:37:00,EXTEND,short,3521.0,3525.5,3521.0,3505.7,True,2025-09-02 21:32:00,3521.0,BE,0.0,-4.0,38
2025-09-02 21:45:00,2025-09-02 21:53:00,2025-09-02 22:20:00,EXTEND,long,3521.3,3513.4,3521.3,3533.5,True,2025-09-02 22:00:00,3533.5,TP,12.2,117.66,27
2025-09-03 00:15:00,2025-09-03 00:23:00,2025-09-03 00:52:00,EXTEND,long,3559.5,3553.3,3559.5,3564.2,True,2025-09-03 00:26:00,3564.2,TP,4.7,43.22,29
2025-09-03 00:50:00,2025-09-03 01:04:00,2025-09-03 01:21:00,BOS,long,3560.3,3560.0,3560.0,3565.7,False,,3560.0,SL,-0.3,-7.0,17
2025-09-03 01:30:00,2025-09-03 01:50:00,2025-09-03 01:55:00,EXTEND,long,3563.8,3560.0,3563.8,3566.5,True,2025-09-03 01:55:00,3563.8,BE,0.0,-4.0,5
2025-09-03 02:35:00,2025-09-03 02:47:00,2025-09-03 02:50:00,EXTEND,long,3564.4,3562.8,3562.8,3567.6,False,,3562.8,SL,-1.6,-20.0,3
2025-09-03 03:50:00,2025-09-03 03:59:00,2025-09-03 04:11:00,MSS,short,3568.0,3571.7,3571.7,3564.3,False,,3571.7,SL,-3.7,-41.0,11
2025-09-03 07:50:00,2025-09-03 07:59:00,2025-09-03 08:16:00,MSS,long,3566.2,3564.3,3566.2,3570.8,True,2025-09-03 08:07:00,3570.8,TP,4.6,41.77,15
2025-09-03 08:25:00,2025-09-03 08:31:00,2025-09-03 13:52:00,EXTEND,long,3576.9,3565.9,3565.9,3593.5,False,,3565.9,SL,-11.0,-114.0,292
2025-09-03 13:55:00,2025-09-03 14:09:00,2025-09-03 14:33:00,EXTEND,short,3566.4,3571.0,3571.0,3560.5,False,,3571.0,SL,-4.6,-50.0,23
2025-09-03 15:30:00,2025-09-03 15:35:00,2025-09-03 15:37:00,MSS,long,3573.3,3565.5,3573.3,3575.0,True,2025-09-03 15:36:00,3572.8,BE,-0.5,-9.0,2
2025-09-03 16:25:00,2025-09-03 16:36:00,2025-09-03 16:44:00,BOS,long,3575.7,3573.2,3575.7,3580.6,True,2025-09-03 16:38:00,3575.7,BE,0.0,-4.0,8
2025-09-03 17:25:00,2025-09-03 17:30:00,2025-09-03 17:31:00,MSS,short,3576.5,3580.5,3576.5,3575.8,True,2025-09-03 17:31:00,3577.0,BE,-0.5,-9.0,1
2025-09-03 20:00:00,2025-09-03 20:08:00,2025-09-03 20:13:00,BOS,long,3586.0,3584.0,3584.0,3590.7,False,,3584.0,SL,-2.0,-24.0,5
2025-09-03 20:20:00,2025-09-03 20:29:00,2025-09-03 20:54:00,EXTEND,short,3584.7,3589.3,3584.7,3575.8,True,2025-09-03 20:45:00,3584.7,BE,0.0,-4.0,25
2025-09-03 21:30:00,2025-09-03 21:39:00,2025-09-03 22:07:00,EXTEND,long,3588.7,3581.0,3588.7,3602.8,True,2025-09-03 22:00:00,3588.7,BE,0.0,-4.0,28
2025-09-03 22:55:00,2025-09-03 23:02:00,2025-09-03 23:13:00,EXTEND,short,3592.3,3599.5,3599.5,3585.5,False,,3599.5,SL,-7.2,-76.0,11
2025-09-03 23:30:00,2025-09-03 23:45:00,2025-09-03 23:59:00,MSS,long,3599.1,3596.4,3599.1,3604.0,True,2025-09-03 23:56:00,3599.1,BE,0.0,-4.0,14
2025-09-04 01:00:00,2025-09-04 01:11:00,2025-09-04 01:22:00,EXTEND,long,3605.2,3603.5,3605.2,3608.2,True,2025-09-04 01:18:00,3605.2,BE,0.0,-4.0,11
2025-09-04 02:10:00,2025-09-04 02:25:00,2025-09-04 02:29:00,EXTEND,long,3609.0,3607.4,3607.4,3612.7,False,,3607.0,SL,-2.0,-24.0,4
2025-09-04 07:10:00,2025-09-04 07:19:00,2025-09-04 07:32:00,BOS,short,3584.1,3586.8,3584.1,3580.1,True,2025-09-04 07:26:00,3580.1,TP,4.0,36.31,13
2025-09-04 08:00:00,2025-09-04 08:09:00,2025-09-04 08:10:00,EXTEND,long,3577.8,3581.4,3581.4,3585.8,False,,3578.2,SL,0.4,-0.0,1
2025-09-04 09:00:00,2025-09-04 09:09:00,2025-09-04 09:12:00,EXTEND,long,3589.2,3583.1,3589.2,3594.8,True,2025-09-04 09:11:00,3589.2,BE,0.0,-4.0,3
2025-09-04 11:10:00,2025-09-04 11:31:00,2025-09-04 11:39:00,BOS,short,3557.2,3561.2,3561.2,3540.4,False,,3561.2,SL,-4.0,-44.0,8
2025-09-04 12:05:00,2025-09-04 12:26:00,2025-09-04 13:18:00,BOS,long,3558.9,3556.1,3558.9,3564.7,True,2025-09-04 13:08:00,3558.9,BE,0.0,-4.0,44
2025-09-04 15:00:00,2025-09-04 15:21:00,2025-09-04 15:36:00,MSS,short,3565.2,3569.5,3569.5,3560.9,False,,3569.6,SL,-4.4,-48.0,15
2025-09-04 16:10:00,2025-09-04 16:28:00,2025-09-04 16:34:00,EXTEND,long,3571.1,3568.1,3571.1,3576.9,True,2025-09-04 16:32:00,3571.1,BE,0.0,-4.0,6
2025-09-04 16:50:00,2025-09-04 17:05:00,2025-09-04 17:14:00,EXTEND,short,3570.7,3573.0,3573.0,3564.2,False,,3573.0,SL,-2.3,-27.0,8
2025-09-04 18:05:00,2025-09-04 18:13:00,2025-09-04 18:15:00,MSS,long,3573.2,3565.0,3573.2,3578.3,True,2025-09-04 18:14:00,3573.2,BE,0.0,-4.0,2
2025-09-04 20:15:00,2025-09-04 20:38:00,2025-09-04 21:01:00,EXTEND,long,3574.8,3565.2,3574.8,3589.1,True,2025-09-04 20:57:00,3574.8,BE,0.0,-4.0,23
2025-09-04 21:05:00,2025-09-04 21:19:00,2025-09-04 21:20:00,EXTEND,short,3579.6,3579.7,3579.7,3565.9,False,,3580.0,SL,-0.4,-8.0,1
2025-09-04 21:40:00,2025-09-04 21:45:00,2025-09-04 21:46:00,MSS,short,3575.2,3588.0,3575.2,3575.7,True,2025-09-04 21:46:00,3576.0,BE,-0.8,-12.0,1
2025-09-04 23:05:00,2025-09-04 23:29:00,2025-09-04 23:56:00,BOS,long,3573.4,3569.9,3573.4,3582.6,True,2025-09-04 23:40:00,3582.6,TP,9.2,88.0,27
2025-09-05 00:50:00,2025-09-05 01:10:00,2025-09-05 01:27:00,EXTEND,short,3582.4,3584.4,3582.4,3575.5,True,2025-09-05 01:23:00,3575.5,TP,6.9,64.9,16
2025-09-05 02:35:00,2025-09-05 02:57:00,2025-09-05 03:24:00,MSS,long,3572.8,3572.4,3572.8,3576.5,True,2025-09-05 03:11:00,3576.5,TP,3.7,32.64,17
2025-09-05 09:05:00,2025-09-05 09:19:00,2025-09-05 09:35:00,EXTEND,long,3581.9,3579.0,3581.9,3586.5,True,2025-09-05 09:32:00,3581.6,BE,-0.3,-7.0,14
2025-09-05 09:50:00,2025-09-05 10:09:00,2025-09-05 10:31:00,EXTEND,short,3583.0,3584.7,3583.0,3578.1,True,2025-09-05 10:24:00,3578.1,TP,4.9,45.04,20
2025-09-05 10:30:00,2025-09-05 10:53:00,2025-09-05 11:31:00,BOS,short,3580.3,3584.6,3584.6,3573.7,False,,3584.6,SL,-4.3,-47.0,36
2025-09-05 12:35:00,2025-09-05 12:46:00,2025-09-05 12:48:00,BOS,long,3588.5,3587.2,3587.2,3590.1,False,,3587.2,SL,-1.3,-17.0,1
2025-09-05 13:05:00,2025-09-05 13:17:00,2025-09-05 13:23:00,EXTEND,long,3588.6,3587.2,3587.2,3590.4,False,,3587.2,SL,-1.4,-18.0,4
2025-09-05 13:20:00,2025-09-05 13:37:00,2025-09-05 13:39:00,MSS,short,3588.4,3588.6,3588.6,3584.9,False,,3588.9,SL,-0.5,-9.0,1
2025-09-05 13:35:00,2025-09-05 13:46:00,2025-09-05 13:52:00,MSS,long,3587.6,3585.7,3587.6,3591.2,True,2025-09-05 13:49:00,3587.5,BE,-0.1,-5.0,6
2025-09-05 13:50:00,2025-09-05 14:00:00,2025-09-05 14:07:00,MSS,short,3588.2,3589.0,3588.2,3585.3,True,2025-09-05 14:05:00,3585.3,TP,2.9,24.83,7
2025-09-05 15:30:00,2025-09-05 15:49:00,2025-09-05 15:50:00,EXTEND,short,3579.6,3583.9,3579.6,3576.8,True,2025-09-05 15:50:00,3579.6,BE,0.0,-4.0,1
2025-09-05 16:55:00,2025-09-05 17:04:00,2025-09-05 17:06:00,EXTEND,short,3576.2,3577.2,3577.2,3571.2,False,,3577.2,SL,-1.0,-14.0,2
2025-09-05 18:25:00,2025-09-05 18:33:00,2025-09-05 18:39:00,BOS,long,3579.2,3578.5,3578.5,3580.4,False,,3577.8,SL,-1.4,-18.0,2
2025-09-05 18:40:00,2025-09-05 18:52:00,2025-09-05 19:01:00,EXTEND,short,3578.4,3580.0,3580.0,3575.9,False,,3580.3,SL,-1.9,-23.0,6
2025-09-05 19:10:00,2025-09-05 19:25:00,2025-09-05 19:28:00,EXTEND,long,3577.9,3576.8,3576.8,3584.0,False,,3576.8,SL,-1.1,-15.0,2
2025-09-05 19:55:00,2025-09-05 20:04:00,2025-09-05 20:08:00,MSS,long,3577.6,3575.1,3577.6,3581.6,True,2025-09-05 20:08:00,3581.6,TP,4.0,35.77,4
2025-09-05 20:05:00,2025-09-05 20:14:00,2025-09-05 20:30:00,BOS,long,3578.5,3575.1,3578.5,3583.9,True,2025-09-05 20:29:00,3583.9,TP,5.4,49.63,16
2025-09-05 22:05:00,2025-09-05 22:13:00,2025-09-05 22:18:00,EXTEND,long,3619.7,3617.2,3619.7,3626.2,True,2025-09-05 22:15:00,3619.7,BE,0.0,-4.0,5
2025-09-05 22:35:00,2025-09-05 23:02:00,2025-09-06 00:24:00,EXTEND,short,3615.3,3624.3,3624.3,3590.3,False,,3624.3,SL,-9.0,-94.0,81
2025-09-06 00:30:00,2025-09-06 00:41:00,2025-09-06 00:55:00,EXTEND,long,3621.8,3617.0,3621.8,3628.6,True,2025-09-06 00:48:00,3621.8,BE,0.0,-4.0,14
2025-09-06 01:05:00,2025-09-06 01:26:00,2025-09-06 01:30:00,EXTEND,short,3622.8,3625.2,3625.2,3614.8,False,,3625.2,SL,-2.4,-28.0,4
2025-09-06 02:10:00,2025-09-06 02:17:00,2025-09-06 02:19:00,MSS,short,3619.4,3623.6,3619.4,3617.5,True,2025-09-06 02:18:00,3619.4,BE,0.0,-4.0,2
2025-09-06 02:30:00,2025-09-06 02:41:00,2025-09-06 02:46:00,BOS,short,3618.5,3620.2,3620.2,3616.1,False,,3620.2,SL,-1.7,-21.0,5
2025-09-06 02:45:00,2025-09-06 03:15:00,2025-09-06 03:38:00,MSS,long,3619.1,3617.0,3617.0,3623.3,False,,3617.0,SL,-2.1,-25.0,17
2025-09-06 03:35:00,2025-09-06 03:52:00,2025-09-06 04:00:00,MSS,short,3618.4,3619.5,3618.4,3615.6,True,2025-09-06 03:59:00,3618.4,BE,0.0,-4.0,8
2025-09-08 08:25:00,2025-09-08 08:36:00,2025-09-08 08:57:00,EXTEND,long,3599.6,3598.2,3599.6,3604.3,True,2025-09-08 08:53:00,3604.3,TP,4.7,42.96,17
2025-09-08 09:05:00,2025-09-08 09:10:00,2025-09-08 09:11:00,MSS,short,3596.9,3609.2,3596.9,3595.6,True,2025-09-08 09:11:00,3596.9,BE,0.0,-4.0,1
2025-09-08 10:00:00,2025-09-08 10:18:00,2025-09-08 10:44:00,EXTEND,long,3600.9,3598.8,3600.9,3609.6,True,2025-09-08 10:31:00,3600.6,BE,-0.3,-7.0,25
2025-09-08 13:05:00,2025-09-08 13:24:00,2025-09-08 13:25:00,EXTEND,long,3596.6,3594.1,3596.6,3598.0,True,2025-09-08 13:25:00,3596.6,BE,0.0,-4.0,1
2025-09-08 14:10:00,2025-09-08 14:18:00,2025-09-08 14:43:00,BOS,long,3603.9,3601.8,3603.9,3607.0,True,2025-09-08 14:27:00,3607.0,TP,3.1,27.07,25
2025-09-08 14:45:00,2025-09-08 14:55:00,2025-09-08 14:56:00,EXTEND,long,3609.3,3604.7,3609.3,3611.4,True,2025-09-08 14:56:00,3609.3,BE,0.0,-4.0,1
2025-09-08 16:20:00,2025-09-08 16:31:00,2025-09-08 16:33:00,EXTEND,long,3625.3,3619.0,3625.3,3631.3,True,2025-09-08 16:32:00,3625.3,BE,0.0,-4.0,2
2025-09-08 18:10:00,2025-09-08 18:19:00,2025-09-08 18:31:00,EXTEND,long,3630.2,3625.1,3630.2,3634.4,True,2025-09-08 18:30:00,3629.8,BE,-0.4,-8.0,12
2025-09-08 18:50:00,2025-09-08 19:00:00,2025-09-08 19:15:00,MSS,short,3627.5,3630.7,3627.5,3622.6,True,2025-09-08 19:02:00,3627.5,BE,0.0,-4.0,13
2025-09-08 20:00:00,2025-09-08 20:14:00,2025-09-08 20:32:00,EXTEND,long,3628.8,3623.8,3628.8,3634.5,True,2025-09-08 20:31:00,3628.8,BE,0.0,-4.0,18
2025-09-08 21:10:00,2025-09-08 21:23:00,2025-09-08 21:31:00,BOS,long,3636.9,3633.5,3633.5,3644.8,False,,3633.5,SL,-3.4,-38.0,8
2025-09-08 22:05:00,2025-09-08 22:24:00,2025-09-08 22:55:00,BOS,long,3641.4,3638.8,3641.4,3651.1,True,2025-09-08 22:40:00,3651.1,TP,9.7,93.19,31
2025-09-08 23:10:00,2025-09-08 23:23:00,2025-09-08 23:26:00,BOS,long,3653.0,3651.3,3651.3,3658.0,False,,3651.3,SL,-1.7,-21.0,3
2025-09-08 23:35:00,2025-09-09 00:01:00,2025-09-09 01:28:00,EXTEND,short,3649.0,3656.6,3649.0,3640.7,True,2025-09-09 01:05:00,3649.0,BE,0.0,-4.0,84
2025-09-09 02:00:00,2025-09-09 02:14:00,2025-09-09 02:19:00,EXTEND,short,3646.2,3647.8,3646.2,3643.2,True,2025-09-09 02:15:00,3646.4,BE,-0.2,-6.0,5
2025-09-09 03:00:00,2025-09-09 03:18:00,2025-09-09 06:00:00,EXTEND,long,3646.0,3645.2,3646.0,3650.4,True,2025-09-09 03:56:00,3652.0,TP,6.0,56.0,77
2025-09-09 07:15:00,2025-09-09 07:36:00,2025-09-09 07:49:00,BOS,short,3643.0,3645.3,3643.0,3639.5,True,2025-09-09 07:38:00,3643.0,BE,0.0,-4.0,9
2025-09-09 08:50:00,2025-09-09 09:01:00,2025-09-09 09:03:00,BOS,long,3651.6,3649.8,3651.6,3653.2,True,2025-09-09 09:02:00,3653.2,TP,1.6,12.29,2
2025-09-09 09:05:00,2025-09-09 09:15:00,2025-09-09 09:19:00,MSS,short,3650.3,3654.0,3654.0,3646.4,False,,3654.0,SL,-3.7,-41.0,4
2025-09-09 10:50:00,2025-09-09 10:55:00,2025-09-09 10:56:00,MSS,short,3657.9,3665.4,3657.9,3655.5,True,2025-09-09 10:56:00,3658.6,BE,-0.7,-11.0,1
2025-09-09 13:15:00,2025-09-09 13:24:00,2025-09-09 13:31:00,MSS,short,3666.4,3666.9,3666.9,3662.3,False,,3666.9,SL,-0.5,-9.0,7
2025-09-09 14:00:00,2025-09-09 14:05:00,2025-09-09 14:06:00,MSS,short,3654.3,3669.8,3654.3,3659.6,True,2025-09-09 14:06:00,3652.8,TP,1.5,11.0,1
2025-09-09 15:25:00,2025-09-09 15:50:00,2025-09-09 15:52:00,EXTEND,long,3655.5,3654.3,3654.3,3664.1,False,,3654.3,SL,-1.2,-16.0,2
2025-09-09 18:50:00,2025-09-09 18:55:00,2025-09-09 19:20:00,EXTEND,short,3661.1,3663.9,3663.9,3657.4,False,,3663.9,SL,-2.8,-32.0,18
2025-09-09 19:30:00,2025-09-09 19:39:00,2025-09-09 19:44:00,EXTEND,short,3662.6,3663.7,3663.7,3660.7,False,,3663.7,SL,-1.1,-15.0,5
2025-09-09 19:55:00,2025-09-09 20:05:00,2025-09-09 20:08:00,EXTEND,short,3660.3,3663.7,3663.7,3654.9,False,,3663.9,SL,-3.6,-40.0,3
2025-09-09 20:10:00,2025-09-09 20:24:00,2025-09-09 20:38:00,EXTEND,long,3659.8,3656.8,3656.8,3667.8,False,,3656.8,SL,-3.0,-34.0,14
2025-09-09 21:00:00,2025-09-09 21:10:00,2025-09-09 21:21:00,MSS,long,3662.2,3653.7,3662.2,3667.4,True,2025-09-09 21:11:00,3667.4,TP,5.2,48.16,11
2025-09-09 22:35:00,2025-09-09 22:47:00,2025-09-09 23:15:00,EXTEND,short,3654.4,3665.1,3654.4,3641.0,True,2025-09-09 23:07:00,3641.0,TP,13.4,130.3,28
2025-09-09 23:15:00,2025-09-09 23:34:00,2025-09-10 06:00:00,EXTEND,short,3649.0,3660.3,3649.0,3629.8,True,2025-09-10 03:42:00,3629.8,TP,19.2,187.8,288
2025-09-10 07:20:00,2025-09-10 07:38:00,2025-09-10 07:56:00,EXTEND,long,3644.6,3642.2,3642.2,3650.5,False,,3642.2,SL,-2.4,-28.0,16
2025-09-10 08:55:00,2025-09-10 09:04:00,2025-09-10 09:06:00,EXTEND,short,3633.8,3639.2,3633.8,3627.5,True,2025-09-10 09:05:00,3633.8,BE,0.0,-4.0,2
2025-09-10 09:25:00,2025-09-10 09:32:00,2025-09-10 09:42:00,BOS,short,3632.9,3638.3,3638.3,3625.5,False,,3638.3,SL,-5.4,-58.0,10
2025-09-10 10:40:00,2025-09-10 10:46:00,2025-09-10 10:47:00,MSS,long,3644.5,3639.7,3644.5,3645.5,True,2025-09-10 10:47:00,3644.4,BE,-0.1,-5.0,1
2025-09-10 10:50:00,2025-09-10 11:13:00,2025-09-10 12:07:00,EXTEND,long,3642.9,3639.7,3642.9,3648.8,True,2025-09-10 11:43:00,3648.8,TP,5.9,55.44,43
2025-09-10 13:00:00,2025-09-10 13:20:00,2025-09-10 13:31:00,EXTEND,long,3650.7,3648.7,3650.7,3653.7,True,2025-09-10 13:21:00,3653.7,TP,3.0,25.53,9
2025-09-10 13:30:00,2025-09-10 13:39:00,2025-09-10 14:01:00,EXTEND,long,3650.0,3648.7,3650.0,3655.2,True,2025-09-10 13:58:00,3650.0,BE,0.0,-4.0,20
2025-09-10 14:15:00,2025-09-10 14:31:00,2025-09-10 14:58:00,EXTEND,long,3653.0,3649.5,3653.0,3658.8,True,2025-09-10 14:53:00,3653.0,BE,0.0,-4.0,26
2025-09-10 15:15:00,2025-09-10 15:30:00,2025-09-10 15:45:00,EXTEND,long,3654.8,3652.2,3654.8,3659.6,True,2025-09-10 15:43:00,3654.8,BE,0.0,-4.0,14
2025-09-10 15:45:00,2025-09-10 16:03:00,2025-09-10 17:41:00,EXTEND,long,3653.3,3652.2,3653.3,3659.7,True,2025-09-10 16:56:00,3660.0,TP,6.7,63.0,78
2025-09-10 19:00:00,2025-09-10 19:10:00,2025-09-10 20:14:00,MSS,short,3663.3,3667.8,3663.3,3658.0,True,2025-09-10 19:39:00,3658.0,TP,5.3,48.79,59
2025-09-10 20:10:00,2025-09-10 20:19:00,2025-09-10 20:22:00,BOS,short,3659.8,3660.8,3659.8,3657.0,True,2025-09-10 20:20:00,3660.5,BE,-0.7,-11.0,3
2025-09-10 20:30:00,2025-09-10 20:39:00,2025-09-10 20:41:00,MSS,long,3659.6,3657.5,3657.5,3671.9,False,,3657.2,SL,-2.4,-28.0,2
2025-09-10 22:40:00,2025-09-10 22:45:00,2025-09-10 22:46:00,MSS,short,3658.2,3666.4,3658.2,3656.2,True,2025-09-10 22:46:00,3658.4,BE,-0.2,-6.0,1
2025-09-10 23:25:00,2025-09-10 23:32:00,2025-09-11 01:31:00,EXTEND,short,3654.9,3659.1,3654.9,3645.8,True,2025-09-11 00:29:00,3654.9,BE,0.0,-4.0,107
2025-09-11 02:35:00,2025-09-11 02:42:00,2025-09-11 02:43:00,MSS,short,3656.1,3660.6,3656.1,3655.3,True,2025-09-11 02:43:00,3656.8,BE,-0.7,-11.0,1
2025-09-11 03:35:00,2025-09-11 03:51:00,2025-09-11 03:54:00,EXTEND,short,3651.5,3652.2,3652.2,3644.2,False,,3652.3,SL,-0.8,-12.0,3
2025-09-11 08:50:00,2025-09-11 09:03:00,2025-09-11 09:10:00,EXTEND,short,3652.0,3656.2,3656.2,3650.9,False,,3656.2,SL,-4.2,-46.0,6
2025-09-11 11:45:00,2025-09-11 11:53:00,2025-09-11 12:10:00,EXTEND,short,3641.6,3643.0,3643.0,3637.3,False,,3643.0,SL,-1.4,-18.0,13
2025-09-11 13:35:00,2025-09-11 13:49:00,2025-09-11 13:56:00,MSS,long,3637.5,3633.3,3633.3,3643.6,False,,3633.1,SL,-4.4,-48.0,7
2025-09-11 14:05:00,2025-09-11 14:10:00,2025-09-11 14:11:00,MSS,long,3642.1,3632.0,3642.1,3643.8,True,2025-09-11 14:11:00,3641.7,BE,-0.4,-8.0,1
2025-09-11 15:00:00,2025-09-11 15:07:00,2025-09-11 15:08:00,MSS,short,3636.7,3646.6,3636.7,3635.2,True,2025-09-11 15:08:00,3635.2,TP,1.5,11.3,1
2025-09-11 16:00:00,2025-09-11 16:14:00,2025-09-11 16:37:00,MSS,long,3638.7,3635.8,3635.8,3642.2,False,,3635.8,SL,-2.9,-33.0,17
2025-09-11 18:20:00,2025-09-11 18:34:00,2025-09-11 18:43:00,EXTEND,long,3630.2,3628.9,3630.2,3634.4,True,2025-09-11 18:36:00,3630.2,BE,0.0,-4.0,8
2025-09-11 19:40:00,2025-09-11 20:02:00,2025-09-11 20:07:00,EXTEND,short,3627.0,3629.7,3629.7,3622.6,False,,3629.7,SL,-2.7,-31.0,4
2025-09-11 20:20:00,2025-09-11 20:31:00,2025-09-11 20:32:00,MSS,long,3646.9,3627.1,3646.9,3638.7,True,2025-09-11 20:32:00,3647.0,TP,0.1,-3.0,1
2025-09-11 20:35:00,2025-09-11 20:52:00,2025-09-11 21:37:00,EXTEND,long,3638.9,3627.1,3627.1,3660.0,False,,3627.1,SL,-11.8,-122.0,45
2025-09-12 07:45:00,2025-09-12 07:52:00,2025-09-12 07:53:00,MSS,short,3641.5,3644.3,3641.5,3641.0,True,2025-09-12 07:53:00,3641.5,BE,0.0,-4.0,1
2025-09-12 10:30:00,2025-09-12 10:49:00,2025-09-12 11:04:00,EXTEND,long,3658.7,3655.0,3658.7,3662.1,True,2025-09-12 10:50:00,3658.7,BE,0.0,-4.0,15
2025-09-12 12:00:00,2025-09-12 12:13:00,2025-09-12 12:32:00,EXTEND,long,3663.1,3661.4,3663.1,3664.8,True,2025-09-12 12:20:00,3664.8,TP,1.7,13.29,16
2025-09-12 13:25:00,2025-09-12 13:30:00,2025-09-12 13:31:00,MSS,short,3663.0,3666.5,3663.0,3662.7,True,2025-09-12 13:31:00,3663.2,BE,-0.2,-6.0,1
2025-09-12 13:30:00,2025-09-12 13:43:00,2025-09-12 13:53:00,EXTEND,short,3664.6,3666.5,3664.6,3661.7,True,2025-09-12 13:47:00,3664.6,BE,0.0,-4.0,10
2025-09-12 14:25:00,2025-09-12 14:36:00,2025-09-12 15:08:00,EXTEND,short,3660.8,3663.6,3660.8,3658.3,True,2025-09-12 14:41:00,3661.5,BE,-0.7,-11.0,27
2025-09-12 15:10:00,2025-09-12 15:24:00,2025-09-12 15:31:00,EXTEND,long,3661.1,3659.0,3659.0,3664.2,False,,3659.0,SL,-2.1,-25.0,4
2025-09-12 16:15:00,2025-09-12 16:22:00,2025-09-12 16:23:00,EXTEND,short,3653.1,3660.5,3653.1,3649.5,True,2025-09-12 16:23:00,3653.1,BE,0.0,-4.0,1
2025-09-12 16:55:00,2025-09-12 17:05:00,2025-09-12 17:06:00,EXTEND,short,3647.2,3655.1,3647.2,3646.8,True,2025-09-12 17:06:00,3647.9,BE,-0.7,-11.0,1
2025-09-12 21:40:00,2025-09-12 21:49:00,2025-09-12 22:24:00,BOS,long,3658.1,3655.5,3658.1,3663.4,True,2025-09-12 21:52:00,3663.4,TP,5.3,48.74,35
2025-09-12 22:20:00,2025-09-12 22:40:00,2025-09-12 22:41:00,EXTEND,long,3659.4,3658.4,3658.4,3664.8,False,,3658.3,SL,-1.1,-15.0,1
2025-09-12 23:10:00,2025-09-12 23:39:00,2025-09-13 00:20:00,EXTEND,short,3654.3,3658.7,3654.3,3647.9,True,2025-09-12 23:59:00,3654.4,BE,-0.1,-5.0,36
2025-09-13 01:25:00,2025-09-13 01:34:00,2025-09-13 02:08:00,EXTEND,short,3658.9,3660.1,3658.9,3656.2,True,2025-09-13 02:00:00,3656.2,TP,2.7,23.37,25
2025-09-15 07:30:00,2025-09-15 08:01:00,2025-09-15 08:03:00,BOS,short,3645.9,3647.9,3645.9,3643.5,True,2025-09-15 08:03:00,3643.5,TP,2.4,20.45,1
2025-09-15 08:15:00,2025-09-15 08:34:00,2025-09-15 08:39:00,EXTEND,long,3643.6,3642.1,3642.1,3652.6,False,,3642.1,SL,-1.5,-19.0,5
2025-09-15 10:55:00,2025-09-15 11:06:00,2025-09-15 11:10:00,MSS,short,3649.5,3652.5,3649.5,3645.9,True,2025-09-15 11:07:00,3650.2,BE,-0.7,-11.0,3
2025-09-15 13:00:00,2025-09-15 13:05:00,2025-09-15 13:10:00,EXTEND,long,3652.9,3652.0,3652.0,3654.3,False,,3652.0,SL,-0.9,-13.0,4
2025-09-15 13:15:00,2025-09-15 13:32:00,2025-09-15 14:10:00,EXTEND,short,3651.7,3653.8,3651.7,3649.7,True,2025-09-15 14:00:00,3651.9,BE,-0.2,-6.0,27
2025-09-15 14:15:00,2025-09-15 14:40:00,2025-09-15 14:42:00,EXTEND,short,3649.4,3652.7,3649.4,3647.0,True,2025-09-15 14:41:00,3647.0,TP,2.4,20.15,2
2025-09-15 15:30:00,2025-09-15 15:35:00,2025-09-15 15:36:00,MSS,long,3648.8,3642.1,3648.8,3649.5,True,2025-09-15 15:36:00,3648.8,BE,0.0,-4.0,1
2025-09-15 16:00:00,2025-09-15 16:07:00,2025-09-15 16:09:00,EXTEND,long,3651.7,3648.7,3651.7,3654.0,True,2025-09-15 16:09:00,3651.7,BE,0.0,-4.0,2
2025-09-15 16:45:00,2025-09-15 16:59:00,2025-09-15 17:00:00,BOS,short,3652.6,3649.8,3649.8,3647.9,False,,3652.6,SL,0.0,-4.0,1
2025-09-15 17:35:00,2025-09-15 18:05:00,2025-09-15 18:17:00,EXTEND,short,3651.0,3653.5,3653.5,3641.1,False,,3653.5,SL,-2.5,-29.0,12
2025-09-15 18:30:00,2025-09-15 18:55:00,2025-09-15 20:15:00,EXTEND,long,3647.8,3643.7,3647.8,3657.0,True,2025-09-15 19:18:00,3647.8,BE,0.0,-4.0,69
2025-09-15 20:20:00,2025-09-15 20:39:00,2025-09-15 20:47:00,EXTEND,short,3651.4,3654.0,3654.0,3642.1,False,,3654.0,SL,-2.6,-30.0,8
2025-09-15 21:40:00,2025-09-15 22:03:00,2025-09-15 22:17:00,EXTEND,long,3667.2,3655.0,3667.2,3677.7,True,2025-09-15 22:10:00,3667.2,BE,0.0,-4.0,14
2025-09-16 00:35:00,2025-09-16 00:43:00,2025-09-16 00:46:00,MSS,short,3689.3,3695.2,3689.3,3684.4,True,2025-09-16 00:44:00,3684.4,TP,4.9,44.95,3
2025-09-16 00:45:00,2025-09-16 01:10:00,2025-09-16 03:41:00,EXTEND,short,3690.8,3695.2,3690.8,3681.0,True,2025-09-16 02:38:00,3691.0,BE,-0.2,-6.0,133
2025-09-16 07:55:00,2025-09-16 08:04:00,2025-09-16 08:10:00,EXTEND,short,3687.0,3688.3,3688.3,3685.4,False,,3688.3,SL,-1.3,-17.0,4
2025-09-16 09:00:00,2025-09-16 09:08:00,2025-09-16 09:09:00,MSS,short,3689.1,3696.2,3689.1,3688.1,True,2025-09-16 09:09:00,3689.5,BE,-0.4,-8.0,1
2025-09-16 09:30:00,2025-09-16 09:39:00,2025-09-16 09:49:00,MSS,long,3688.8,3686.1,3686.1,3692.4,False,,3686.1,SL,-2.7,-31.0,10
2025-09-16 10:45:00,2025-09-16 10:54:00,2025-09-16 11:39:00,EXTEND,short,3686.7,3690.4,3690.4,3680.0,False,,3690.4,SL,-3.7,-41.0,40
2025-09-16 11:35:00,2025-09-16 11:44:00,2025-09-16 12:27:00,BOS,long,3689.4,3688.0,3689.4,3691.2,True,2025-09-16 12:09:00,3689.3,BE,-0.1,-5.0,23
2025-09-16 12:35:00,2025-09-16 12:50:00,2025-09-16 12:51:00,MSS,short,3689.6,3690.7,3690.7,3686.9,False,,3690.7,SL,-1.1,-15.0,1
2025-09-16 15:00:00,2025-09-16 15:12:00,2025-09-16 15:23:00,EXTEND,long,3699.7,3696.3,3699.7,3703.5,True,2025-09-16 15:13:00,3699.7,BE,0.0,-4.0,10
2025-09-16 16:10:00,2025-09-16 16:16:00,2025-09-16 16:17:00,MSS,long,3704.1,3694.6,3704.1,3706.8,True,2025-09-16 16:17:00,3703.5,BE,-0.6,-10.0,1
2025-09-16 17:20:00,2025-09-16 17:32:00,2025-09-16 17:34:00,BOS,long,3704.4,3702.3,3704.4,3706.2,True,2025-09-16 17:33:00,3704.0,BE,-0.4,-8.0,2
2025-09-16 17:55:00,2025-09-16 18:16:00,2025-09-16 18:32:00,EXTEND,long,3705.0,3702.3,3705.0,3708.5,True,2025-09-16 18:27:00,3704.8,BE,-0.2,-6.0,9
2025-09-16 19:15:00,2025-09-16 19:27:00,2025-09-16 19:30:00,BOS,short,3700.4,3701.9,3701.9,3698.1,False,,3702.0,SL,-1.6,-20.0,3
2025-09-16 19:50:00,2025-09-16 20:14:00,2025-09-16 20:29:00,EXTEND,long,3702.3,3698.9,3698.9,3710.2,False,,3698.9,SL,-3.4,-38.0,14
2025-09-16 21:20:00,2025-09-16 21:25:00,2025-09-16 21:26:00,MSS,long,3700.6,3692.6,3700.6,3702.4,True,2025-09-16 21:26:00,3700.4,BE,-0.2,-6.0,1
2025-09-16 22:25:00,2025-09-16 22:31:00,2025-09-16 22:33:00,MSS,short,3698.6,3710.2,3698.6,3695.6,True,2025-09-16 22:32:00,3695.6,TP,3.0,26.05,2
2025-09-18 01:00:00,2025-09-18 01:08:00,2025-09-18 01:09:00,MSS,short,3689.1,3694.9,3689.1,3686.1,True,2025-09-18 01:09:00,3689.1,BE,0.0,-4.0,1
2025-09-18 01:55:00,2025-09-18 02:02:00,2025-09-18 02:03:00,EXTEND,long,3695.3,3689.6,3695.3,3693.8,True,2025-09-18 02:03:00,3695.5,TP,0.2,-2.0,1
2025-09-18 02:00:00,2025-09-18 02:07:00,2025-09-18 02:08:00,BOS,long,3702.1,3691.1,3702.1,3707.4,True,2025-09-18 02:08:00,3702.1,BE,0.0,-4.0,1
2025-09-18 02:05:00,2025-09-18 02:18:00,2025-09-18 02:20:00,EXTEND,long,3695.5,3691.1,3691.1,3720.3,False,,3691.1,SL,-4.4,-48.0,2
2025-09-18 10:05:00,2025-09-18 10:11:00,2025-09-18 10:12:00,MSS,long,3668.1,3658.7,3668.1,3670.9,True,2025-09-18 10:12:00,3667.9,BE,-0.2,-6.0,1
2025-09-18 11:00:00,2025-09-18 11:09:00,2025-09-18 11:47:00,EXTEND,long,3668.0,3665.3,3665.3,3672.5,False,,3665.3,SL,-2.7,-31.0,30
2025-09-18 12:35:00,2025-09-18 12:43:00,2025-09-18 12:50:00,EXTEND,short,3662.1,3664.3,3662.1,3659.3,True,2025-09-18 12:49:00,3662.1,BE,0.0,-4.0,5
2025-09-18 13:15:00,2025-09-18 13:20:00,2025-09-18 13:21:00,MSS,long,3662.3,3657.7,3662.3,3662.9,True,2025-09-18 13:21:00,3662.3,BE,0.0,-4.0,1
2025-09-18 13:30:00,2025-09-18 13:40:00,2025-09-18 13:41:00,EXTEND,long,3658.7,3657.7,3657.7,3665.7,False,,3657.7,SL,-1.0,-14.0,1
2025-09-18 18:05:00,2025-09-18 18:10:00,2025-09-18 18:11:00,MSS,short,3673.1,3677.6,3673.1,3672.0,True,2025-09-18 18:11:00,3673.5,BE,-0.4,-8.0,1
2025-09-18 19:15:00,2025-09-18 19:21:00,2025-09-18 19:22:00,MSS,long,3674.7,3670.0,3674.7,3676.5,True,2025-09-18 19:22:00,3673.9,BE,-0.8,-12.0,1
2025-09-18 20:25:00,2025-09-18 20:32:00,2025-09-18 20:34:00,EXTEND,long,3673.9,3669.9,3669.9,3678.7,False,,3669.9,SL,-4.0,-44.0,2
2025-09-18 22:20:00,2025-09-18 22:42:00,2025-09-18 22:47:00,EXTEND,short,3645.5,3648.7,3648.7,3635.2,False,,3648.7,SL,-3.2,-36.0,5
2025-09-18 22:45:00,2025-09-18 23:00:00,2025-09-19 06:55:00,MSS,long,3643.7,3639.0,3643.7,3653.4,True,2025-09-19 00:12:00,3643.5,BE,-0.2,-6.0,306
2025-09-19 10:05:00,2025-09-19 10:10:00,2025-09-19 10:11:00,MSS,long,3647.6,3634.5,3647.6,3648.5,True,2025-09-19 10:11:00,3646.8,BE,-0.8,-12.0,1
2025-09-19 10:45:00,2025-09-19 10:53:00,2025-09-19 11:22:00,EXTEND,long,3649.0,3646.8,3649.0,3655.4,True,2025-09-19 11:18:00,3655.4,TP,6.4,60.36,23
2025-09-19 12:40:00,2025-09-19 12:46:00,2025-09-19 12:52:00,EXTEND,short,3662.1,3663.0,3662.1,3659.1,True,2025-09-19 12:50:00,3662.1,BE,0.0,-4.0,4
2025-09-19 13:40:00,2025-09-19 13:52:00,2025-09-19 13:53:00,EXTEND,short,3656.9,3661.3,3656.9,3655.2,True,2025-09-19 13:53:00,3657.0,BE,-0.1,-5.0,1
2025-09-19 14:35:00,2025-09-19 14:46:00,2025-09-19 14:55:00,EXTEND,short,3650.0,3654.1,3650.0,3643.8,True,2025-09-19 14:51:00,3650.3,BE,-0.3,-7.0,6
2025-09-19 15:50:00,2025-09-19 16:02:00,2025-09-19 16:15:00,EXTEND,long,3655.9,3654.1,3654.1,3660.6,False,,3653.2,SL,-2.7,-31.0,11
2025-09-19 16:35:00,2025-09-19 16:41:00,2025-09-19 17:05:00,EXTEND,long,3656.6,3654.7,3656.6,3659.7,True,2025-09-19 16:45:00,3660.0,TP,3.4,30.0,20
2025-09-19 17:45:00,2025-09-19 18:07:00,2025-09-19 18:14:00,MSS,short,3659.9,3661.1,3661.1,3657.5,False,,3661.1,SL,-1.2,-16.0,4
2025-09-19 18:25:00,2025-09-19 18:33:00,2025-09-19 18:34:00,MSS,short,3659.0,3662.1,3659.0,3659.1,True,2025-09-19 18:34:00,3659.0,BE,0.0,-4.0,1
2025-09-19 20:50:00,2025-09-19 20:55:00,2025-09-19 20:56:00,MSS,long,3652.1,3648.7,3652.1,3652.6,True,2025-09-19 20:56:00,3652.0,BE,-0.1,-5.0,1
2025-09-19 20:55:00,2025-09-19 21:08:00,2025-09-19 21:12:00,EXTEND,long,3649.2,3648.7,3649.2,3653.3,True,2025-09-19 21:11:00,3654.0,TP,4.8,44.0,3
2025-09-19 22:15:00,2025-09-19 22:21:00,2025-09-19 22:25:00,MSS,short,3660.7,3665.5,3665.5,3657.2,False,,3665.5,SL,-4.8,-52.0,4
2025-09-19 23:20:00,2025-09-19 23:32:00,2025-09-20 01:46:00,EXTEND,long,3673.6,3669.6,3673.6,3681.9,True,2025-09-20 01:37:00,3681.9,TP,8.3,79.19,118
2025-09-20 03:00:00,2025-09-20 03:08:00,2025-09-20 03:09:00,EXTEND,long,3688.1,3685.9,3688.1,3689.2,True,2025-09-20 03:09:00,3688.0,BE,-0.1,-5.0,1
2025-09-20 03:10:00,2025-09-20 03:33:00,2025-09-20 03:34:00,EXTEND,long,3686.7,3685.9,3685.9,3689.5,False,,3685.9,SL,-0.8,-12.0,1
2025-09-20 03:50:00,2025-09-20 03:57:00,2025-09-20 03:58:00,MSS,long,3688.6,3685.4,3688.6,3690.0,True,2025-09-20 03:58:00,3688.5,BE,-0.1,-5.0,1
2025-09-22 07:20:00,2025-09-22 07:29:00,2025-09-22 07:30:00,MSS,long,3695.5,3691.9,3695.5,3697.0,True,2025-09-22 07:30:00,3695.0,BE,-0.5,-9.0,1
2025-09-22 07:55:00,2025-09-22 08:06:00,2025-09-22 08:07:00,EXTEND,short,3691.2,3694.2,3691.2,3690.4,True,2025-09-22 08:07:00,3691.2,BE,0.0,-4.0,1
2025-09-22 09:00:00,2025-09-22 09:07:00,2025-09-22 09:14:00,EXTEND,long,3695.1,3693.9,3695.1,3700.4,True,2025-09-22 09:09:00,3700.4,TP,5.3,48.77,7
2025-09-22 09:15:00,2025-09-22 09:30:00,2025-09-22 09:48:00,EXTEND,long,3696.2,3692.5,3692.5,3705.1,False,,3692.5,SL,-3.7,-41.0,17
2025-09-22 13:40:00,2025-09-22 13:54:00,2025-09-22 14:05:00,EXTEND,long,3704.0,3701.6,3701.6,3706.4,False,,3701.6,SL,-2.4,-28.0,10
2025-09-22 17:20:00,2025-09-22 17:33:00,2025-09-22 18:41:00,EXTEND,long,3727.3,3723.9,3727.3,3732.9,True,2025-09-22 18:22:00,3727.3,BE,0.0,-4.0,64
2025-09-22 19:55:00,2025-09-22 20:01:00,2025-09-22 20:18:00,EXTEND,short,3727.9,3731.1,3727.9,3723.4,True,2025-09-22 20:12:00,3723.1,TP,4.8,44.0,15
2025-09-22 21:35:00,2025-09-22 21:42:00,2025-09-22 21:43:00,EXTEND,short,3720.7,3729.2,3720.7,3717.1,True,2025-09-22 21:43:00,3720.7,BE,0.0,-4.0,1
2025-09-22 21:45:00,2025-09-22 22:00:00,2025-09-22 22:08:00,BOS,short,3723.8,3727.2,3727.2,3714.4,False,,3727.2,SL,-3.4,-38.0,8
2025-09-22 22:05:00,2025-09-22 22:21:00,2025-09-22 22:36:00,MSS,long,3724.6,3721.7,3721.7,3729.3,False,,3721.7,SL,-2.9,-33.0,14
2025-09-23 02:20:00,2025-09-23 02:35:00,2025-09-23 02:38:00,BOS,long,3750.6,3750.0,3750.0,3752.8,False,,3750.0,SL,-0.6,-10.0,2
2025-09-23 02:40:00,2025-09-23 02:58:00,2025-09-23 02:59:00,MSS,short,3751.8,3752.2,3752.2,3748.6,False,,3752.3,SL,-0.5,-9.0,1
2025-09-23 03:30:00,2025-09-23 03:41:00,2025-09-23 03:54:00,EXTEND,short,3750.3,3752.2,3752.2,3746.0,False,,3752.2,SL,-1.9,-23.0,12
2025-09-23 08:30:00,2025-09-23 08:38:00,2025-09-23 08:40:00,EXTEND,long,3753.3,3750.3,3753.3,3754.6,True,2025-09-23 08:39:00,3753.2,BE,-0.1,-5.0,2
2025-09-23 08:50:00,2025-09-23 08:57:00,2025-09-23 08:58:00,MSS,short,3751.2,3755.2,3751.2,3749.0,True,2025-09-23 08:58:00,3751.2,BE,0.0,-4.0,1
2025-09-23 09:15:00,2025-09-23 09:32:00,2025-09-23 10:04:00,EXTEND,long,3757.6,3749.7,3757.6,3766.8,True,2025-09-23 09:40:00,3756.1,BE,-1.5,-19.0,32
2025-09-23 12:00:00,2025-09-23 12:11:00,2025-09-23 12:31:00,EXTEND,long,3749.3,3746.0,3749.3,3753.0,True,2025-09-23 12:29:00,3749.0,BE,-0.3,-7.0,11
2025-09-23 13:15:00,2025-09-23 13:23:00,2025-09-23 13:29:00,MSS,long,3750.8,3747.1,3750.8,3753.2,True,2025-09-23 13:24:00,3753.7,TP,2.9,25.0,5
2025-09-23 13:45:00,2025-09-23 14:04:00,2025-09-23 14:38:00,EXTEND,long,3757.6,3750.3,3757.6,3765.7,True,2025-09-23 14:22:00,3757.6,BE,0.0,-4.0,26
2025-09-23 14:40:00,2025-09-23 14:50:00,2025-09-23 15:04:00,MSS,short,3759.6,3760.9,3759.6,3754.7,True,2025-09-23 15:01:00,3754.7,TP,4.9,45.23,11
2025-09-23 15:10:00,2025-09-23 15:29:00,2025-09-23 15:32:00,EXTEND,short,3758.0,3760.0,3760.0,3750.5,False,,3760.0,SL,-2.0,-24.0,3
2025-09-23 18:25:00,2025-09-23 18:33:00,2025-09-23 19:12:00,MSS,short,3787.2,3790.5,3787.2,3783.0,True,2025-09-23 18:41:00,3783.0,TP,4.2,37.93,34
2025-09-23 19:10:00,2025-09-23 19:19:00,2025-09-23 19:23:00,BOS,short,3784.8,3786.8,3786.8,3781.6,False,,3787.7,SL,-2.9,-33.0,4
2025-09-23 19:25:00,2025-09-23 19:38:00,2025-09-23 19:51:00,EXTEND,long,3786.5,3782.7,3782.7,3794.1,False,,3782.7,SL,-3.8,-42.0,12
2025-09-23 20:10:00,2025-09-23 20:25:00,2025-09-23 20:26:00,MSS,short,3780.9,3786.5,3780.9,3778.0,True,2025-09-23 20:26:00,3781.2,BE,-0.3,-7.0,1
2025-09-23 20:25:00,2025-09-23 20:33:00,2025-09-23 20:43:00,EXTEND,short,3785.3,3786.5,3786.5,3777.4,False,,3786.5,SL,-1.2,-16.0,9
2025-09-23 21:20:00,2025-09-23 21:29:00,2025-09-23 21:32:00,EXTEND,short,3786.3,3789.6,3786.3,3780.8,True,2025-09-23 21:30:00,3786.3,BE,0.0,-4.0,3
2025-09-23 21:35:00,2025-09-23 21:40:00,2025-09-23 21:41:00,MSS,long,3789.8,3782.3,3789.8,3790.8,True,2025-09-23 21:41:00,3789.3,BE,-0.5,-9.0,1
2025-09-23 21:45:00,2025-09-23 21:50:00,2025-09-23 21:51:00,MSS,short,3776.4,3790.4,3776.4,3778.5,True,2025-09-23 21:51:00,3776.9,BE,-0.5,-9.0,1
2025-09-23 21:50:00,2025-09-23 22:02:00,2025-09-23 22:20:00,EXTEND,short,3781.7,3790.4,3781.7,3771.2,True,2025-09-23 22:04:00,3771.2,TP,10.5,100.77,18
2025-09-23 22:20:00,2025-09-23 22:37:00,2025-09-23 23:17:00,EXTEND,short,3774.5,3780.8,3780.8,3764.5,False,,3780.8,SL,-6.3,-67.0,40
2025-09-23 23:45:00,2025-09-23 23:53:00,2025-09-23 23:56:00,MSS,short,3776.7,3780.9,3776.7,3774.7,True,2025-09-23 23:54:00,3777.5,BE,-0.8,-12.0,3
2025-09-25 01:10:00,2025-09-25 01:23:00,2025-09-25 01:26:00,MSS,long,3736.3,3734.2,3734.2,3740.7,False,,3734.2,SL,-2.1,-25.0,3
2025-09-25 03:25:00,2025-09-25 03:51:00,2025-09-25 04:02:00,EXTEND,short,3729.9,3731.5,3731.5,3713.2,False,,3731.5,SL,-1.6,-20.0,10
2025-09-25 07:10:00,2025-09-25 07:20:00,2025-09-25 07:36:00,EXTEND,short,3740.3,3742.1,3740.3,3737.4,True,2025-09-25 07:28:00,3740.3,BE,0.0,-4.0,11
2025-09-25 07:45:00,2025-09-25 08:02:00,2025-09-25 08:04:00,BOS,long,3743.1,3738.9,3743.1,3745.1,True,2025-09-25 08:03:00,3743.0,BE,-0.1,-5.0,2
2025-09-25 08:40:00,2025-09-25 09:01:00,2025-09-25 09:07:00,EXTEND,short,3746.4,3748.9,3746.4,3743.7,True,2025-09-25 09:03:00,3743.7,TP,2.7,23.07,6
2025-09-25 09:15:00,2025-09-25 09:27:00,2025-09-25 09:42:00,EXTEND,short,3745.0,3748.4,3745.0,3737.0,True,2025-09-25 09:32:00,3737.0,TP,8.0,76.3,14
2025-09-25 10:40:00,2025-09-25 10:48:00,2025-09-25 10:49:00,MSS,long,3739.2,3728.1,3739.2,3744.0,True,2025-09-25 10:49:00,3739.2,BE,0.0,-4.0,1
2025-09-25 11:40:00,2025-09-25 11:50:00,2025-09-25 11:54:00,MSS,long,3734.7,3733.1,3733.1,3738.1,False,,3733.1,SL,-1.6,-20.0,3
2025-09-25 12:35:00,2025-09-25 13:15:00,2025-09-25 14:10:00,EXTEND,long,3733.5,3730.1,3733.5,3740.4,True,2025-09-25 13:35:00,3740.4,TP,6.9,64.87,42
2025-09-25 14:15:00,2025-09-25 15:01:00,2025-09-25 15:39:00,EXTEND,long,3739.2,3734.0,3739.2,3749.4,True,2025-09-25 15:33:00,3749.4,TP,10.2,98.0,33
2025-09-25 16:15:00,2025-09-25 16:36:00,2025-09-25 17:29:00,EXTEND,long,3751.1,3747.8,3747.8,3762.2,False,,3747.8,SL,-3.3,-37.0,41
2025-09-25 18:15:00,2025-09-25 18:40:00,2025-09-25 18:45:00,MSS,short,3754.5,3755.2,3755.2,3753.0,False,,3755.2,SL,-0.7,-11.0,3
2025-09-25 19:55:00,2025-09-25 20:08:00,2025-09-25 20:11:00,MSS,long,3750.5,3749.0,3750.5,3752.9,True,2025-09-25 20:09:00,3749.6,BE,-0.9,-13.0,3
2025-09-25 20:30:00,2025-09-25 20:36:00,2025-09-25 20:37:00,MSS,short,3737.0,3754.6,3737.0,3738.2,True,2025-09-25 20:37:00,3737.6,BE,-0.6,-10.0,1
2025-09-25 22:20:00,2025-09-25 22:42:00,2025-09-25 22:50:00,MSS,long,3724.5,3723.0,3723.0,3737.9,False,,3723.0,SL,-1.5,-19.0,8
2025-09-26 00:10:00,2025-09-26 00:27:00,2025-09-26 00:46:00,EXTEND,long,3735.0,3731.3,3731.3,3742.9,False,,3731.0,SL,-4.0,-44.0,14
2025-09-26 02:00:00,2025-09-26 02:19:00,2025-09-26 02:27:00,EXTEND,long,3739.8,3737.0,3739.8,3745.5,True,2025-09-26 02:21:00,3745.5,TP,5.7,53.09,8
2025-09-26 02:50:00,2025-09-26 03:08:00,2025-09-26 03:22:00,BOS,long,3755.2,3752.1,3752.1,3758.2,False,,3752.1,SL,-3.1,-35.0,10
2025-09-26 08:25:00,2025-09-26 08:39:00,2025-09-26 08:59:00,MSS,short,3741.4,3745.0,3745.0,3736.7,False,,3746.7,SL,-5.3,-57.0,7
2025-09-26 10:35:00,2025-09-26 10:44:00,2025-09-26 11:00:00,MSS,long,3736.1,3735.0,3735.0,3741.7,False,,3735.0,SL,-1.1,-15.0,7
2025-09-26 11:25:00,2025-09-26 11:30:00,2025-09-26 11:34:00,MSS,long,3739.9,3732.2,3739.9,3741.6,True,2025-09-26 11:31:00,3741.7,TP,1.8,14.0,4
2025-09-26 12:25:00,2025-09-26 12:52:00,2025-09-26 12:57:00,MSS,short,3744.2,3744.8,3744.8,3741.2,False,,3744.9,SL,-0.7,-11.0,1
2025-09-26 14:10:00,2025-09-26 14:18:00,2025-09-26 14:19:00,MSS,long,3751.1,3739.1,3751.1,3752.2,True,2025-09-26 14:19:00,3752.2,TP,1.1,6.81,1
2025-09-26 15:05:00,2025-09-26 15:13:00,2025-09-26 15:32:00,EXTEND,short,3741.4,3744.3,3744.3,3735.3,False,,3744.6,SL,-3.2,-36.0,14
2025-09-26 19:40:00,2025-09-26 20:31:00,2025-09-26 20:32:00,EXTEND,long,3754.5,3740.6,3754.5,3753.2,True,2025-09-26 20:32:00,3753.4,BE,-1.1,-15.0,1
2025-09-26 20:40:00,2025-09-26 20:50:00,2025-09-26 20:51:00,MSS,short,3750.9,3750.0,3750.0,3744.9,False,,3750.2,SL,0.7,3.0,1
2025-09-26 21:15:00,2025-09-26 21:25:00,2025-09-26 22:08:00,EXTEND,long,3754.6,3748.6,3754.6,3768.8,True,2025-09-26 22:00:00,3768.8,TP,14.2,137.93,40
2025-09-26 23:00:00,2025-09-26 23:10:00,2025-09-26 23:51:00,BOS,long,3771.9,3769.7,3771.9,3777.4,True,2025-09-26 23:29:00,3777.4,TP,5.5,51.47,32
2025-09-27 00:10:00,2025-09-27 00:16:00,2025-09-27 00:18:00,MSS,short,3771.3,3778.2,3771.3,3769.8,True,2025-09-27 00:17:00,3771.3,BE,0.0,-4.0,2
2025-09-27 00:20:00,2025-09-27 00:48:00,2025-09-27 01:40:00,EXTEND,short,3773.5,3778.2,3778.2,3765.2,False,,3779.7,SL,-6.2,-66.0,32
2025-09-27 02:10:00,2025-09-27 02:59:00,2025-09-27 03:25:00,EXTEND,short,3775.5,3779.3,3775.5,3768.9,True,2025-09-27 03:03:00,3768.8,TP,6.7,63.0,20
2025-09-29 07:45:00,2025-09-29 08:03:00,2025-09-29 08:13:00,MSS,long,3761.7,3762.3,3761.7,3769.2,True,2025-09-29 08:08:00,3769.4,TP,7.7,73.0,7
2025-09-29 09:45:00,2025-09-29 09:58:00,2025-09-29 10:01:00,MSS,long,3774.2,3766.0,3774.2,3776.0,True,2025-09-29 09:59:00,3776.0,TP,1.8,14.33,3
2025-09-29 11:20:00,2025-09-29 11:55:00,2025-09-29 12:07:00,BOS,short,3790.0,3795.0,3790.0,3786.7,True,2025-09-29 12:00:00,3790.3,BE,-0.3,-7.0,5
2025-09-29 13:05:00,2025-09-29 13:12:00,2025-09-29 13:21:00,EXTEND,long,3799.5,3799.0,3799.0,3808.0,False,,3798.4,SL,-1.1,-15.0,5
2025-09-29 14:15:00,2025-09-29 14:26:00,2025-09-29 14:31:00,EXTEND,long,3811.1,3807.6,3807.6,3813.9,False,,3807.3,SL,-3.8,-42.0,3
2025-09-29 14:40:00,2025-09-29 14:53:00,2025-09-29 15:25:00,MSS,long,3810.8,3807.3,3810.8,3816.1,True,2025-09-29 15:12:00,3809.6,BE,-1.2,-16.0,17
2025-09-29 20:55:00,2025-09-29 21:03:00,2025-09-29 21:04:00,EXTEND,short,3807.0,3814.4,3807.0,3805.6,True,2025-09-29 21:04:00,3805.6,TP,1.4,9.63,1
2025-09-29 23:15:00,2025-09-29 23:27:00,2025-09-29 23:41:00,EXTEND,short,3823.1,3827.3,3823.1,3814.6,True,2025-09-29 23:34:00,3823.3,BE,-0.2,-6.0,14
2025-09-30 03:10:00,2025-09-30 07:00:00,2025-09-30 08:12:00,EXTEND,short,3826.2,3823.4,3823.4,3818.1,False,,3832.3,SL,-6.1,-65.0,1
2025-10-30 08:45:00,2025-10-30 09:08:00,2025-10-30 10:10:00,EXTEND,short,3970.6,3977.0,3970.6,3941.2,True,2025-10-30 10:01:00,3941.2,TP,29.4,290.14,62
2025-10-30 11:00:00,2025-10-30 11:21:00,2025-10-30 12:02:00,EXTEND,short,3941.2,3953.9,3953.9,3920.8,False,,3953.9,SL,-12.7,-131.0,41
2025-10-30 13:30:00,2025-10-30 13:52:00,2025-10-30 16:12:00,EXTEND,short,3981.1,3991.5,3981.1,3950.6,True,2025-10-30 15:57:00,3981.1,BE,0.0,-4.0,140
2025-10-30 20:00:00,2025-10-30 20:05:00,2025-10-30 20:06:00,MSS,long,3992.5,3982.0,3992.5,3997.0,True,2025-10-30 20:06:00,3992.2,BE,-0.3,-7.0,1
2025-10-30 20:30:00,2025-10-30 20:37:00,2025-10-30 20:53:00,EXTEND,short,3985.8,3997.7,3985.8,3972.4,True,2025-10-30 20:47:00,3985.8,BE,0.0,-4.0,16
2025-10-30 21:00:00,2025-10-30 21:07:00,2025-10-30 21:44:00,EXTEND,short,3984.7,3992.8,3984.7,3964.5,True,2025-10-30 21:42:00,3984.7,BE,0.0,-4.0,37
2025-10-30 23:10:00,2025-10-30 23:27:00,2025-10-31 00:02:00,BOS,long,4010.9,4001.5,4010.9,4023.1,True,2025-10-30 23:32:00,4010.9,BE,0.0,-4.0,35
2025-10-31 00:25:00,2025-10-31 00:46:00,2025-10-31 01:24:00,EXTEND,short,4015.0,4022.2,4015.0,3999.7,True,2025-10-31 01:14:00,4015.0,BE,0.0,-4.0,38
2025-10-31 01:45:00,2025-10-31 02:07:00,2025-10-31 03:18:00,EXTEND,long,4017.3,4007.8,4017.3,4038.3,True,2025-10-31 02:30:00,4038.3,TP,21.0,205.8,71
2025-10-31 06:55:00,2025-10-31 07:06:00,2025-10-31 07:13:00,EXTEND,long,4047.6,4034.9,4034.9,4066.4,False,,4034.9,SL,-12.7,-131.0,7
2025-10-31 08:25:00,2025-10-31 08:38:00,2025-10-31 08:39:00,MSS,short,4038.9,4047.2,4038.9,4035.3,True,2025-10-31 08:39:00,4038.9,BE,0.0,-4.0,1
2025-10-31 09:05:00,2025-10-31 09:10:00,2025-10-31 09:11:00,MSS,long,4050.6,4031.4,4050.6,4053.4,True,2025-10-31 09:11:00,4050.6,BE,0.0,-4.0,1
2025-10-31 10:40:00,2025-10-31 10:54:00,2025-10-31 11:13:00,EXTEND,short,4023.6,4032.8,4023.6,4008.7,True,2025-10-31 11:04:00,4008.7,TP,14.9,145.3,19
2025-10-31 11:35:00,2025-10-31 11:47:00,2025-10-31 11:55:00,MSS,long,4009.6,4007.3,4007.3,4018.3,False,,4007.3,SL,-2.3,-27.0,8
2025-10-31 12:25:00,2025-10-31 12:30:00,2025-10-31 12:31:00,MSS,long,4014.4,4001.8,4014.4,4017.5,True,2025-10-31 12:31:00,4017.5,TP,3.1,27.48,1
2025-10-31 13:05:00,2025-10-31 13:14:00,2025-10-31 13:15:00,MSS,short,4009.0,4023.5,4009.0,4004.4,True,2025-10-31 13:15:00,4009.2,BE,-0.2,-6.0,1
2025-10-31 13:20:00,2025-10-31 13:33:00,2025-10-31 13:36:00,EXTEND,short,4013.7,4023.5,4013.7,4001.4,True,2025-10-31 13:35:00,4013.7,BE,0.0,-4.0,3
2025-10-31 13:45:00,2025-10-31 14:02:00,2025-10-31 14:17:00,EXTEND,long,4016.3,4009.8,4016.3,4026.6,True,2025-10-31 14:04:00,4026.6,TP,10.3,98.64,15
2025-10-31 15:05:00,2025-10-31 15:13:00,2025-10-31 15:21:00,EXTEND,long,4024.3,4017.0,4024.3,4032.5,True,2025-10-31 15:14:00,4032.5,TP,8.2,77.94,8
2025-10-31 15:30:00,2025-10-31 15:46:00,2025-10-31 16:52:00,EXTEND,long,4027.4,4019.2,4027.4,4041.4,True,2025-10-31 15:55:00,4027.4,BE,0.0,-4.0,66
2025-10-31 17:30:00,2025-10-31 17:54:00,2025-10-31 18:00:00,MSS,long,4014.6,4010.0,4014.6,4021.4,True,2025-10-31 17:55:00,4021.4,TP,6.8,64.3,6
2025-10-31 18:10:00,2025-10-31 18:57:00,2025-10-31 20:23:00,EXTEND,long,4018.0,4011.4,4018.0,4033.2,True,2025-10-31 20:11:00,4033.2,TP,15.2,148.44,86
2025-10-31 20:45:00,2025-10-31 21:00:00,2025-10-31 21:29:00,EXTEND,long,4037.9,4028.5,4037.9,4054.8,True,2025-10-31 21:11:00,4037.9,BE,0.0,-4.0,29
2025-10-31 22:00:00,2025-10-31 22:16:00,2025-10-31 22:17:00,MSS,long,4037.6,4021.9,4037.6,4044.8,True,2025-10-31 22:17:00,4037.6,BE,0.0,-4.0,1
2025-10-31 22:30:00,2025-10-31 22:36:00,2025-10-31 22:54:00,EXTEND,short,4030.0,4038.9,4030.0,4021.2,True,2025-10-31 22:37:00,4030.0,BE,0.0,-4.0,18
2025-10-31 22:50:00,2025-10-31 23:00:00,2025-10-31 23:01:00,EXTEND,short,4026.7,4038.9,4026.7,4018.2,True,2025-10-31 23:01:00,4026.7,BE,0.0,-4.0,1
2025-10-31 23:00:00,2025-10-31 23:19:00,2025-10-31 23:46:00,EXTEND,short,4028.8,4038.9,4028.8,4016.7,True,2025-10-31 23:46:00,4028.8,BE,0.0,-4.0,27
2025-11-01 01:00:00,2025-11-01 01:16:00,2025-11-01 01:32:00,MSS,long,3996.8,3989.4,3996.8,4006.7,True,2025-11-01 01:32:00,3996.8,BE,0.0,-4.0,16
2025-11-01 03:00:00,2025-11-01 03:12:00,2025-11-01 03:18:00,EXTEND,short,4015.2,4018.1,4015.2,4008.6,True,2025-11-01 03:14:00,4008.6,TP,6.6,62.25,6
2025-11-01 03:20:00,2025-11-01 03:33:00,2025-11-01 03:40:00,EXTEND,short,4010.0,4018.2,4010.0,3999.3,True,2025-11-01 03:39:00,4010.0,BE,0.0,-4.0,7
2025-11-03 07:00:00,2025-11-03 07:18:00,2025-11-03 07:22:00,MSS,short,4002.3,4019.0,4002.3,3984.8,True,2025-11-03 07:21:00,4002.3,BE,0.0,-4.0,4
2025-11-03 09:05:00,2025-11-03 09:10:00,2025-11-03 09:11:00,MSS,long,3996.2,3974.7,3996.2,4001.4,True,2025-11-03 09:11:00,3996.2,BE,0.0,-4.0,1
2025-11-03 11:00:00,2025-11-03 11:09:00,2025-11-03 11:13:00,BOS,long,4016.3,4008.4,4016.3,4026.2,True,2025-11-03 11:11:00,4016.3,BE,0.0,-4.0,4
2025-11-03 11:55:00,2025-11-03 12:07:00,2025-11-03 12:11:00,EXTEND,long,4021.9,4015.5,4021.9,4027.9,True,2025-11-03 12:09:00,4021.9,BE,0.0,-4.0,4
2025-11-03 13:05:00,2025-11-03 13:14:00,2025-11-03 13:25:00,EXTEND,short,4017.1,4018.5,4018.5,4003.9,False,,4018.5,SL,-1.4,-18.0,11
2025-11-03 14:20:00,2025-11-03 14:39:00,2025-11-03 14:41:00,EXTEND,long,4026.8,4020.7,4026.8,4032.4,True,2025-11-03 14:40:00,4026.8,BE,0.0,-4.0,2
2025-11-03 15:10:00,2025-11-03 15:17:00,2025-11-03 15:18:00,MSS,short,4023.8,4034.1,4023.8,4022.0,True,2025-11-03 15:18:00,4023.8,BE,0.0,-4.0,1
2025-11-03 15:15:00,2025-11-03 15:29:00,2025-11-03 15:35:00,EXTEND,short,4029.0,4034.1,4029.0,4020.3,True,2025-11-03 15:32:00,4029.0,BE,0.0,-4.0,6
2025-11-03 15:50:00,2025-11-03 16:00:00,2025-11-03 16:01:00,BOS,long,4037.1,4031.0,4037.1,4038.4,True,2025-11-03 16:01:00,4036.9,BE,-0.2,-6.0,1
2025-11-03 16:10:00,2025-11-03 16:15:00,2025-11-03 16:16:00,MSS,short,4030.2,4038.9,4030.2,4029.2,True,2025-11-03 16:16:00,4030.2,BE,0.0,-4.0,1
2025-11-03 17:05:00,2025-11-03 17:18:00,2025-11-03 17:25:00,EXTEND,long,4028.6,4023.4,4023.4,4040.5,False,,4023.4,SL,-5.2,-56.0,7
2025-11-03 20:05:00,2025-11-03 20:15:00,2025-11-03 20:21:00,EXTEND,short,4018.3,4020.8,4018.3,4015.1,True,2025-11-03 20:20:00,4015.1,TP,3.2,28.15,6
2025-11-03 20:20:00,2025-11-03 20:29:00,2025-11-03 20:33:00,EXTEND,short,4016.6,4020.8,4020.8,4011.1,False,,4020.8,SL,-4.2,-46.0,4
2025-11-03 21:20:00,2025-11-03 21:32:00,2025-11-03 21:56:00,EXTEND,long,4026.8,4023.6,4026.8,4034.9,True,2025-11-03 21:36:00,4026.8,BE,0.0,-4.0,24
2025-11-03 22:05:00,2025-11-03 22:16:00,2025-11-03 22:18:00,MSS,short,4027.0,4033.0,4027.0,4021.3,True,2025-11-03 22:17:00,4027.0,BE,0.0,-4.0,2
2025-11-03 22:30:00,2025-11-03 22:37:00,2025-11-03 22:48:00,EXTEND,short,4019.0,4032.6,4032.6,4006.9,False,,4032.6,SL,-13.6,-140.0,11
2025-11-03 23:10:00,2025-11-03 23:32:00,2025-11-04 00:16:00,EXTEND,long,4023.6,4012.4,4012.4,4051.8,False,,4012.4,SL,-11.2,-116.0,44
2025-11-04 07:05:00,2025-11-04 07:12:00,2025-11-04 07:13:00,MSS,short,4005.7,4017.9,4005.7,4000.5,True,2025-11-04 07:13:00,4005.7,BE,0.0,-4.0,1
2025-11-04 07:10:00,2025-11-04 07:39:00,2025-11-04 11:32:00,EXTEND,short,4007.2,4017.9,4007.2,3982.5,True,2025-11-04 08:36:00,4007.2,BE,0.0,-4.0,233
2025-11-04 11:35:00,2025-11-04 12:06:00,2025-11-04 12:47:00,EXTEND,long,4002.2,3994.2,3994.2,4013.1,False,,3994.2,SL,-8.0,-84.0,41
2025-11-04 12:45:00,2025-11-04 12:56:00,2025-11-04 13:30:00,MSS,short,3998.7,4002.9,3998.7,3990.2,True,2025-11-04 12:59:00,3990.2,TP,8.5,81.0,34
2025-11-04 13:45:00,2025-11-04 13:51:00,2025-11-04 14:07:00,EXTEND,short,3986.0,3996.1,3986.0,3976.9,True,2025-11-04 13:58:00,3976.9,TP,9.1,86.77,16
2025-11-04 14:05:00,2025-11-04 14:20:00,2025-11-04 14:27:00,EXTEND,short,3982.7,3990.4,3982.7,3971.0,True,2025-11-04 14:24:00,3982.7,BE,0.0,-4.0,7
2025-11-04 16:00:00,2025-11-04 16:07:00,2025-11-04 16:08:00,BOS,long,4007.5,4002.7,4007.5,4010.2,True,2025-11-04 16:08:00,4007.5,BE,0.0,-4.0,1
2025-11-04 16:15:00,2025-11-04 16:24:00,2025-11-04 16:26:00,EXTEND,short,4005.9,4010.0,4010.0,3998.2,False,,4010.0,SL,-4.1,-45.0,2
2025-11-04 17:05:00,2025-11-04 17:14:00,2025-11-04 17:15:00,MSS,short,4002.1,4010.9,4002.1,4000.1,True,2025-11-04 17:15:00,4002.1,BE,0.0,-4.0,1
2025-11-04 17:35:00,2025-11-04 17:53:00,2025-11-04 17:56:00,EXTEND,long,4005.0,4001.6,4001.6,4012.6,False,,4001.6,SL,-3.4,-38.0,3
2025-11-04 18:00:00,2025-11-04 18:18:00,2025-11-04 19:50:00,EXTEND,short,4004.2,4010.3,4010.3,3991.5,False,,4010.3,SL,-6.1,-65.0,92
2025-11-04 19:50:00,2025-11-04 19:58:00,2025-11-04 20:25:00,EXTEND,long,4006.3,4002.6,4002.6,4012.9,False,,4002.6,SL,-3.7,-41.0,27
2025-11-04 21:10:00,2025-11-04 21:16:00,2025-11-04 21:17:00,MSS,long,4004.9,3992.8,4004.9,4010.1,True,2025-11-04 21:17:00,4004.7,BE,-0.2,-6.0,1
2025-11-04 21:15:00,2025-11-04 21:23:00,2025-11-04 21:28:00,EXTEND,long,3999.5,3992.8,3992.8,4010.5,False,,3992.8,SL,-6.7,-71.0,5
2025-11-04 22:05:00,2025-11-04 22:18:00,2025-11-04 22:29:00,EXTEND,short,3984.0,3988.9,3984.0,3969.1,True,2025-11-04 22:25:00,3969.1,TP,14.9,145.12,11
2025-11-04 22:40:00,2025-11-04 23:01:00,2025-11-05 11:06:00,EXTEND,short,3963.4,3987.5,3963.4,3923.2,True,2025-11-05 02:35:00,3963.4,BE,0.0,-4.0,665
2025-11-05 13:45:00,2025-11-05 13:56:00,2025-11-05 13:57:00,MSS,short,3971.2,3987.4,3971.2,3966.8,True,2025-11-05 13:57:00,3971.5,BE,-0.3,-7.0,1
2025-11-05 14:00:00,2025-11-05 14:07:00,2025-11-05 14:08:00,MSS,long,3976.4,3970.7,3976.4,3978.1,True,2025-11-05 14:08:00,3976.2,BE,-0.2,-6.0,1
2025-11-05 14:05:00,2025-11-05 14:16:00,2025-11-05 14:20:00,EXTEND,long,3974.2,3970.7,3974.2,3979.3,True,2025-11-05 14:19:00,3974.2,BE,0.0,-4.0,4
2025-11-05 14:20:00,2025-11-05 14:32:00,2025-11-05 14:33:00,EXTEND,long,3977.5,3970.7,3977.5,3982.0,True,2025-11-05 14:33:00,3977.5,BE,0.0,-4.0,1
2025-11-05 14:55:00,2025-11-05 15:01:00,2025-11-05 15:02:00,MSS,short,3973.2,3980.8,3973.2,3971.9,True,2025-11-05 15:02:00,3973.2,BE,0.0,-4.0,1
2025-11-05 15:05:00,2025-11-05 15:19:00,2025-11-05 15:25:00,BOS,short,3974.6,3980.8,3974.6,3969.0,True,2025-11-05 15:21:00,3974.6,BE,0.0,-4.0,6
2025-11-05 18:00:00,2025-11-05 18:06:00,2025-11-05 18:07:00,MSS,short,3968.5,3983.1,3968.5,3967.7,True,2025-11-05 18:07:00,3968.7,BE,-0.2,-6.0,1
2025-11-05 18:20:00,2025-11-05 18:37:00,2025-11-05 18:38:00,MSS,long,3975.7,3969.6,3975.7,3978.6,True,2025-11-05 18:38:00,3975.7,BE,0.0,-4.0,1
2025-11-05 18:50:00,2025-11-05 18:56:00,2025-11-05 18:57:00,MSS,short,3970.3,3979.6,3970.3,3968.3,True,2025-11-05 18:57:00,3970.3,BE,0.0,-4.0,1
2025-11-05 18:55:00,2025-11-05 19:05:00,2025-11-05 19:25:00,EXTEND,short,3975.8,3979.6,3975.8,3966.5,True,2025-11-05 19:10:00,3966.5,TP,9.3,88.81,20
2025-11-05 19:25:00,2025-11-05 19:48:00,2025-11-05 20:22:00,EXTEND,short,3974.0,3978.1,3978.1,3963.4,False,,3978.1,SL,-4.1,-45.0,34
2025-11-05 21:10:00,2025-11-05 21:20:00,2025-11-05 21:25:00,EXTEND,long,3980.3,3972.5,3980.3,3987.5,True,2025-11-05 21:21:00,3987.5,TP,7.2,67.86,5
2025-11-05 21:55:00,2025-11-05 22:04:00,2025-11-05 22:05:00,EXTEND,long,3987.2,3980.5,3987.2,3991.9,True,2025-11-05 22:05:00,3987.2,BE,0.0,-4.0,1
2025-11-05 22:40:00,2025-11-05 22:47:00,2025-11-05 22:48:00,MSS,short,3983.6,3995.6,3983.6,3982.8,True,2025-11-05 22:48:00,3983.6,BE,0.0,-4.0,1
2025-11-05 23:00:00,2025-11-05 23:10:00,2025-11-05 23:12:00,EXTEND,short,3980.7,3995.6,3980.7,3967.3,True,2025-11-05 23:11:00,3980.7,BE,0.0,-4.0,2
2025-11-06 00:05:00,2025-11-06 00:15:00,2025-11-06 00:16:00,BOS,long,3990.4,3986.7,3990.4,3993.4,True,2025-11-06 00:16:00,3990.4,BE,0.0,-4.0,1
2025-11-06 00:15:00,2025-11-06 00:32:00,2025-11-06 00:38:00,MSS,short,3989.8,3992.0,3992.0,3982.0,False,,3992.0,SL,-2.2,-26.0,6
2025-11-06 02:20:00,2025-11-06 02:39:00,2025-11-06 02:42:00,EXTEND,long,3989.9,3988.5,3988.5,3998.0,False,,3988.5,SL,-1.4,-18.0,3
2025-11-06 07:50:00,2025-11-06 08:07:00,2025-11-06 09:05:00,EXTEND,long,3980.7,3978.0,3980.7,3989.7,True,2025-11-06 09:00:00,3980.7,BE,0.0,-4.0,58
2025-11-06 09:05:00,2025-11-06 09:28:00,2025-11-06 09:33:00,MSS,short,3980.6,3986.1,3980.6,3969.6,True,2025-11-06 09:30:00,3980.6,BE,0.0,-4.0,5
2025-11-06 10:40:00,2025-11-06 10:52:00,2025-11-06 10:53:00,EXTEND,long,3992.0,3984.7,3992.0,3996.5,True,2025-11-06 10:53:00,3992.0,BE,0.0,-4.0,1
2025-11-06 13:05:00,2025-11-06 13:10:00,2025-11-06 13:33:00,EXTEND,long,3995.7,3993.3,3995.7,4000.3,True,2025-11-06 13:22:00,3995.7,BE,0.0,-4.0,23
2025-11-06 13:45:00,2025-11-06 14:02:00,2025-11-06 14:08:00,EXTEND,long,3996.7,3994.4,3994.4,4001.5,False,,3994.4,SL,-2.3,-27.0,6
2025-11-06 18:00:00,2025-11-06 18:07:00,2025-11-06 18:08:00,MSS,short,4017.2,4022.7,4017.2,4015.0,True,2025-11-06 18:08:00,4017.3,BE,-0.1,-5.0,1
2025-11-06 18:30:00,2025-11-06 18:47:00,2025-11-06 18:48:00,BOS,short,4015.4,4018.5,4015.4,4012.3,True,2025-11-06 18:48:00,4015.4,BE,0.0,-4.0,1
2025-11-06 19:00:00,2025-11-06 19:26:00,2025-11-06 19:32:00,MSS,long,4018.5,4014.3,4018.5,4021.5,True,2025-11-06 19:27:00,4021.5,TP,3.0,26.39,6
2025-11-06 20:50:00,2025-11-06 21:09:00,2025-11-06 21:21:00,BOS,short,4019.6,4023.9,4023.9,4008.9,False,,4023.9,SL,-4.3,-47.0,12
2025-11-07 01:25:00,2025-11-07 01:53:00,2025-11-07 01:54:00,EXTEND,short,3993.8,3993.9,3993.9,3967.6,False,,3994.1,SL,-0.3,-7.0,1
2025-11-07 03:10:00,2025-11-07 03:38:00,2025-11-07 03:47:00,BOS,long,3999.3,3994.3,3994.3,4006.2,False,,3994.3,SL,-5.0,-54.0,9
2025-11-07 07:00:00,2025-11-07 07:12:00,2025-11-07 07:16:00,EXTEND,short,3989.0,3989.8,3989.8,3979.3,False,,3989.8,SL,-0.8,-12.0,4
2025-11-07 08:15:00,2025-11-07 08:20:00,2025-11-07 08:21:00,MSS,long,3999.6,3991.6,3999.6,4000.1,True,2025-11-07 08:21:00,3999.3,BE,-0.3,-7.0,1
2025-11-07 09:00:00,2025-11-07 09:05:00,2025-11-07 09:06:00,MSS,long,4002.5,3995.2,4002.5,4002.3,True,2025-11-07 09:06:00,4002.1,BE,-0.4,-8.0,1
2025-11-07 10:10:00,2025-11-07 10:15:00,2025-11-07 10:16:00,MSS,short,4005.0,4011.2,4005.0,4003.6,True,2025-11-07 10:16:00,4005.1,BE,-0.1,-5.0,1
2025-11-07 10:35:00,2025-11-07 10:51:00,2025-11-07 10:57:00,MSS,long,4003.3,3998.8,4003.3,4008.6,True,2025-11-07 10:54:00,4003.3,BE,0.0,-4.0,6
2025-11-07 11:10:00,2025-11-07 11:39:00,2025-11-07 12:10:00,EXTEND,short,3999.7,4004.8,3999.7,3992.7,True,2025-11-07 11:54:00,3999.7,BE,0.0,-4.0,31
2025-11-07 12:35:00,2025-11-07 12:43:00,2025-11-07 12:50:00,EXTEND,short,4002.8,4005.2,4005.2,3999.7,False,,4005.2,SL,-2.4,-28.0,7
2025-11-07 13:00:00,2025-11-07 13:19:00,2025-11-07 13:22:00,EXTEND,long,4004.4,4002.1,4002.1,4007.4,False,,4002.1,SL,-2.3,-27.0,3
2025-11-07 13:25:00,2025-11-07 13:44:00,2025-11-07 13:56:00,EXTEND,short,4003.8,4006.3,4003.8,3996.8,True,2025-11-07 13:54:00,4003.8,BE,0.0,-4.0,12
2025-11-07 14:00:00,2025-11-07 14:12:00,2025-11-07 14:18:00,EXTEND,short,4002.6,4005.2,4005.2,3998.1,False,,4005.2,SL,-2.6,-30.0,6
2025-11-07 16:00:00,2025-11-07 16:06:00,2025-11-07 16:20:00,EXTEND,long,4014.9,4010.2,4014.9,4019.0,True,2025-11-07 16:07:00,4014.9,BE,0.0,-4.0,14
2025-11-07 17:15:00,2025-11-07 17:24:00,2025-11-07 17:33:00,BOS,long,4019.6,4016.1,4016.1,4024.1,False,,4016.1,SL,-3.5,-39.0,9
2025-11-07 18:25:00,2025-11-07 18:35:00,2025-11-07 19:03:00,EXTEND,long,4013.4,4010.3,4013.4,4019.1,True,2025-11-07 18:51:00,4019.1,TP,5.7,52.63,28
2025-11-07 19:00:00,2025-11-07 19:10:00,2025-11-07 19:14:00,BOS,long,4015.8,4010.9,4010.9,4022.3,False,,4010.9,SL,-4.9,-53.0,4
2025-11-07 19:40:00,2025-11-07 19:55:00,2025-11-07 20:04:00,EXTEND,short,4009.6,4015.6,4015.6,3997.3,False,,4015.6,SL,-6.0,-64.0,9
2025-11-07 20:05:00,2025-11-07 20:34:00,2025-11-07 20:49:00,MSS,long,4005.9,4001.2,4001.2,4021.1,False,,4001.2,SL,-4.7,-51.0,15
2025-11-07 20:50:00,2025-11-07 21:00:00,2025-11-07 21:01:00,EXTEND,short,4002.2,4006.5,4002.2,3996.6,True,2025-11-07 21:01:00,4002.2,BE,0.0,-4.0,1
2025-11-07 21:05:00,2025-11-07 21:15:00,2025-11-07 21:24:00,EXTEND,long,4005.1,3998.7,4005.1,4011.0,True,2025-11-07 21:17:00,4005.1,BE,0.0,-4.0,9
2025-11-07 21:20:00,2025-11-07 21:35:00,2025-11-07 22:05:00,EXTEND,long,4003.8,3998.7,4003.8,4012.3,True,2025-11-07 21:55:00,4003.8,BE,0.0,-4.0,30
2025-11-07 22:20:00,2025-11-07 22:33:00,2025-11-07 22:34:00,EXTEND,long,4003.7,4002.3,4002.3,4018.4,False,,4002.3,SL,-1.4,-18.0,1
2025-11-10 08:45:00,2025-11-10 08:56:00,2025-11-10 08:57:00,MSS,long,4028.9,4019.3,4028.9,4035.4,True,2025-11-10 08:57:00,4028.9,BE,0.0,-4.0,1
2025-11-10 10:10:00,2025-11-10 10:19:00,2025-11-10 10:37:00,EXTEND,short,4053.6,4056.0,4053.6,4043.7,True,2025-11-10 10:29:00,4053.6,BE,0.0,-4.0,18
2025-11-10 11:40:00,2025-11-10 11:52:00,2025-11-10 12:09:00,EXTEND,long,4057.0,4053.0,4057.0,4064.0,True,2025-11-10 12:00:00,4064.0,TP,7.0,66.49,17
2025-11-10 12:10:00,2025-11-10 12:48:00,2025-11-10 13:30:00,EXTEND,long,4061.5,4055.7,4061.5,4068.7,True,2025-11-10 13:24:00,4068.7,TP,7.2,67.54,42
2025-11-10 14:35:00,2025-11-10 14:49:00,2025-11-10 15:05:00,EXTEND,long,4081.7,4074.8,4081.7,4090.7,True,2025-11-10 14:58:00,4081.7,BE,0.0,-4.0,16
2025-11-10 15:15:00,2025-11-10 15:27:00,2025-11-10 15:34:00,EXTEND,long,4084.4,4081.6,4084.4,4089.5,True,2025-11-10 15:31:00,4084.4,BE,0.0,-4.0,7
2025-11-10 16:05:00,2025-11-10 16:17:00,2025-11-10 16:44:00,BOS,long,4086.5,4081.7,4086.5,4094.7,True,2025-11-10 16:33:00,4086.5,BE,0.0,-4.0,27
2025-11-10 17:05:00,2025-11-10 17:11:00,2025-11-10 17:12:00,EXTEND,short,4085.4,4091.2,4085.4,4082.2,True,2025-11-10 17:12:00,4085.5,BE,-0.1,-5.0,1
2025-11-10 17:15:00,2025-11-10 17:21:00,2025-11-10 17:35:00,EXTEND,short,4085.4,4091.2,4091.2,4076.3,False,,4091.2,SL,-5.8,-62.0,14
2025-11-10 17:40:00,2025-11-10 18:01:00,2025-11-10 18:42:00,EXTEND,long,4087.8,4079.5,4087.8,4099.4,True,2025-11-10 18:39:00,4087.8,BE,0.0,-4.0,41
2025-11-10 18:45:00,2025-11-10 19:01:00,2025-11-10 19:33:00,BOS,short,4088.9,4092.3,4088.9,4081.9,True,2025-11-10 19:08:00,4088.9,BE,0.0,-4.0,32
2025-11-10 21:40:00,2025-11-10 21:45:00,2025-11-10 21:46:00,EXTEND,short,4105.0,4113.6,4105.0,4100.6,True,2025-11-10 21:46:00,4105.3,BE,-0.3,-7.0,1
2025-11-10 22:35:00,2025-11-10 22:48:00,2025-11-10 22:50:00,EXTEND,short,4088.6,4097.0,4088.6,4078.6,True,2025-11-10 22:50:00,4088.6,BE,0.0,-4.0,2
2025-11-10 23:45:00,2025-11-10 23:55:00,2025-11-11 00:08:00,BOS,short,4091.4,4096.0,4096.0,4081.6,False,,4096.0,SL,-4.6,-50.0,13
2025-11-11 01:40:00,2025-11-11 01:48:00,2025-11-11 01:49:00,MSS,short,4103.7,4106.4,4106.4,4100.8,False,,4106.4,SL,-2.7,-31.0,1
2025-11-11 02:50:00,2025-11-11 03:15:00,2025-11-11 04:28:00,EXTEND,short,4120.2,4123.9,4120.2,4110.2,True,2025-11-11 04:16:00,4120.2,BE,0.0,-4.0,73
2025-11-11 07:10:00,2025-11-11 07:21:00,2025-11-11 07:22:00,EXTEND,long,4127.2,4121.6,4127.2,4129.7,True,2025-11-11 07:22:00,4127.1,BE,-0.1,-5.0,1
2025-11-11 07:45:00,2025-11-11 07:57:00,2025-11-11 08:00:00,BOS,long,4125.8,4125.1,4125.1,4130.9,False,,4125.1,SL,-0.7,-11.0,3
2025-11-11 08:05:00,2025-11-11 08:19:00,2025-11-11 08:26:00,EXTEND,short,4127.0,4129.7,4129.7,4121.3,False,,4129.7,SL,-2.7,-31.0,7
2025-11-11 09:30:00,2025-11-11 09:48:00,2025-11-11 10:49:00,EXTEND,long,4141.5,4133.7,4141.5,4151.1,True,2025-11-11 10:44:00,4141.5,BE,0.0,-4.0,61
2025-11-11 12:10:00,2025-11-11 12:17:00,2025-11-11 12:18:00,MSS,short,4148.3,4154.9,4148.3,4146.4,True,2025-11-11 12:18:00,4148.3,BE,0.0,-4.0,1
2025-11-11 12:40:00,2025-11-11 12:53:00,2025-11-11 13:03:00,MSS,short,4150.7,4151.3,4150.7,4146.7,True,2025-11-11 12:55:00,4150.7,BE,0.0,-4.0,10
2025-11-11 13:05:00,2025-11-11 13:21:00,2025-11-11 13:23:00,EXTEND,short,4144.9,4152.4,4144.9,4138.7,True,2025-11-11 13:22:00,4144.9,BE,0.0,-4.0,2
2025-11-11 13:35:00,2025-11-11 13:57:00,2025-11-11 14:11:00,EXTEND,short,4138.7,4148.7,4138.7,4126.6,True,2025-11-11 14:01:00,4138.7,BE,0.0,-4.0,14
2025-11-11 14:25:00,2025-11-11 14:40:00,2025-11-11 15:03:00,EXTEND,long,4138.4,4133.2,4133.2,4146.9,False,,4133.2,SL,-5.2,-56.0,23
2025-11-11 15:05:00,2025-11-11 15:15:00,2025-11-11 15:21:00,EXTEND,short,4134.9,4139.0,4139.0,4129.9,False,,4139.0,SL,-4.1,-45.0,6
2025-11-11 16:00:00,2025-11-11 16:05:00,2025-11-11 16:06:00,MSS,long,4142.2,4131.0,4142.2,4144.3,True,2025-11-11 16:06:00,4142.2,BE,0.0,-4.0,1
2025-11-11 16:15:00,2025-11-11 16:39:00,2025-11-11 17:05:00,EXTEND,long,4138.3,4131.0,4138.3,4148.5,True,2025-11-11 16:49:00,4148.5,TP,10.2,98.26,26
2025-11-11 17:35:00,2025-11-11 17:48:00,2025-11-11 17:49:00,EXTEND,long,4151.9,4147.3,4151.9,4153.3,True,2025-11-11 17:49:00,4151.8,BE,-0.1,-5.0,1
2025-11-11 17:45:00,2025-11-11 17:54:00,2025-11-11 18:00:00,EXTEND,long,4150.3,4147.3,4147.3,4153.9,False,,4147.3,SL,-3.0,-34.0,6
2025-11-11 18:05:00,2025-11-11 18:20:00,2025-11-11 18:46:00,EXTEND,short,4147.5,4152.5,4147.5,4141.1,True,2025-11-11 18:31:00,4147.5,BE,0.0,-4.0,26
2025-11-11 20:20:00,2025-11-11 20:37:00,2025-11-11 20:53:00,EXTEND,short,4147.0,4151.0,4147.0,4140.6,True,2025-11-11 20:48:00,4140.6,TP,6.4,60.14,16
2025-11-11 20:55:00,2025-11-11 21:15:00,2025-11-11 21:22:00,EXTEND,short,4145.0,4148.4,4148.4,4136.8,False,,4148.4,SL,-3.4,-38.0,7
2025-11-11 21:35:00,2025-11-11 21:45:00,2025-11-11 21:59:00,EXTEND,long,4149.5,4144.6,4149.5,4155.8,True,2025-11-11 21:49:00,4149.5,BE,0.0,-4.0,14
2025-11-11 22:45:00,2025-11-11 22:59:00,2025-11-11 23:01:00,BOS,short,4131.1,4139.6,4131.1,4122.1,True,2025-11-11 23:00:00,4131.1,BE,0.0,-4.0,2
2025-11-12 01:30:00,2025-11-12 01:54:00,2025-11-12 02:18:00,BOS,short,4120.2,4123.5,4120.2,4114.0,True,2025-11-12 02:11:00,4120.2,BE,0.0,-4.0,24
2025-11-12 02:50:00,2025-11-12 02:55:00,2025-11-12 02:56:00,MSS,long,4120.4,4112.3,4120.4,4122.1,True,2025-11-12 02:56:00,4120.2,BE,-0.2,-6.0,1
2025-11-12 07:50:00,2025-11-12 08:02:00,2025-11-12 08:03:00,EXTEND,long,4149.3,4142.6,4149.3,4153.3,True,2025-11-12 08:03:00,4149.1,BE,-0.2,-6.0,1
2025-11-12 08:25:00,2025-11-12 08:38:00,2025-11-12 08:39:00,EXTEND,short,4146.4,4150.6,4146.4,4143.5,True,2025-11-12 08:39:00,4146.4,BE,0.0,-4.0,1
2025-11-12 09:40:00,2025-11-12 09:48:00,2025-11-12 09:49:00,MSS,long,4139.6,4131.7,4139.6,4142.1,True,2025-11-12 09:49:00,4139.6,BE,0.0,-4.0,1
2025-11-12 13:30:00,2025-11-12 13:40:00,2025-11-12 14:07:00,BOS,short,4111.5,4115.7,4115.7,4101.3,False,,4115.7,SL,-4.2,-46.0,27
2025-11-12 14:35:00,2025-11-12 14:52:00,2025-11-12 15:03:00,BOS,long,4120.7,4117.0,4120.7,4126.1,True,2025-11-12 14:55:00,4120.7,BE,0.0,-4.0,11
2025-11-12 15:30:00,2025-11-12 15:35:00,2025-11-12 15:36:00,MSS,short,4123.2,4129.8,4123.2,4122.3,True,2025-11-12 15:36:00,4123.3,BE,-0.1,-5.0,1
2025-11-12 16:15:00,2025-11-12 16:20:00,2025-11-12 16:21:00,MSS,long,4129.4,4117.3,4129.4,4130.8,True,2025-11-12 16:21:00,4129.3,BE,-0.1,-5.0,1
2025-11-12 17:10:00,2025-11-12 17:18:00,2025-11-12 17:20:00,MSS,short,4134.6,4139.4,4134.6,4130.9,True,2025-11-12 17:19:00,4134.6,BE,0.0,-4.0,2
2025-11-12 17:50:00,2025-11-12 18:19:00,2025-11-12 18:39:00,EXTEND,short,4131.5,4139.4,4131.5,4122.8,True,2025-11-12 18:23:00,4131.5,BE,0.0,-4.0,20
2025-11-12 19:10:00,2025-11-12 19:23:00,2025-11-12 19:28:00,EXTEND,long,4131.1,4130.3,4130.3,4138.9,False,,4130.3,SL,-0.8,-12.0,5
2025-11-12 19:30:00,2025-11-12 19:49:00,2025-11-12 19:59:00,EXTEND,short,4132.0,4137.1,4132.0,4126.8,True,2025-11-12 19:56:00,4132.0,BE,0.0,-4.0,10
2025-11-12 20:30:00,2025-11-12 21:02:00,2025-11-12 21:10:00,EXTEND,long,4136.1,4129.0,4129.0,4150.8,False,,4129.0,SL,-7.1,-75.0,8
2025-11-12 21:50:00,2025-11-12 21:57:00,2025-11-12 21:58:00,MSS,short,4131.3,4137.8,4131.3,4128.4,True,2025-11-12 21:58:00,4131.4,BE,-0.1,-5.0,1
2025-11-12 22:00:00,2025-11-12 22:07:00,2025-11-12 22:08:00,MSS,long,4140.1,4130.1,4140.1,4142.8,True,2025-11-12 22:08:00,4140.1,BE,0.0,-4.0,1
2025-11-12 22:30:00,2025-11-12 22:43:00,2025-11-12 22:50:00,MSS,short,4141.5,4144.3,4144.3,4127.0,False,,4144.3,SL,-2.8,-32.0,7
2025-11-12 23:50:00,2025-11-12 23:56:00,2025-11-13 00:07:00,EXTEND,long,4188.3,4181.2,4188.3,4195.4,True,2025-11-13 00:01:00,4195.4,TP,7.1,67.24,11
2025-11-13 01:00:00,2025-11-13 01:20:00,2025-11-13 02:03:00,EXTEND,long,4201.9,4193.7,4201.9,4213.1,True,2025-11-13 01:32:00,4201.9,BE,0.0,-4.0,43
2025-11-13 02:00:00,2025-11-13 02:17:00,2025-11-13 02:24:00,MSS,short,4205.6,4210.6,4210.6,4193.2,False,,4210.6,SL,-5.0,-54.0,7
2025-11-13 07:05:00,2025-11-13 07:15:00,2025-11-13 07:20:00,MSS,long,4203.3,4199.9,4199.9,4212.7,False,,4199.9,SL,-3.4,-38.0,5
2025-11-13 08:10:00,2025-11-13 08:25:00,2025-11-13 08:30:00,EXTEND,short,4196.2,4197.8,4197.8,4186.6,False,,4197.8,SL,-1.6,-20.0,5
2025-11-13 09:05:00,2025-11-13 09:12:00,2025-11-13 09:13:00,MSS,short,4195.1,4212.9,4195.1,4193.3,True,2025-11-13 09:13:00,4195.2,BE,-0.1,-5.0,1
2025-11-13 10:05:00,2025-11-13 10:35:00,2025-11-13 10:52:00,EXTEND,long,4190.9,4186.6,4190.9,4204.8,True,2025-11-13 10:41:00,4190.9,BE,0.0,-4.0,17
2025-11-13 12:05:00,2025-11-13 12:44:00,2025-11-13 13:51:00,EXTEND,long,4212.6,4200.1,4212.6,4230.5,True,2025-11-13 13:08:00,4212.6,BE,0.0,-4.0,67
2025-11-13 14:55:00,2025-11-13 15:01:00,2025-11-13 15:02:00,EXTEND,long,4215.5,4209.1,4215.5,4218.2,True,2025-11-13 15:02:00,4215.5,BE,0.0,-4.0,1
2025-11-13 15:30:00,2025-11-13 15:51:00,2025-11-13 16:00:00,EXTEND,long,4219.9,4212.4,4219.9,4226.1,True,2025-11-13 15:52:00,4226.1,TP,6.2,58.16,9
2025-11-13 17:00:00,2025-11-13 17:10:00,2025-11-13 17:18:00,MSS,short,4237.3,4243.0,4243.0,4229.4,False,,4243.0,SL,-5.7,-61.0,8
2025-11-13 17:25:00,2025-11-13 17:34:00,2025-11-13 17:47:00,MSS,short,4236.8,4245.0,4236.8,4228.0,True,2025-11-13 17:39:00,4236.8,BE,0.0,-4.0,13
2025-11-13 18:30:00,2025-11-13 18:35:00,2025-11-13 18:36:00,MSS,short,4237.4,4245.4,4237.4,4234.2,True,2025-11-13 18:36:00,4237.8,BE,-0.4,-8.0,1
2025-11-13 19:00:00,2025-11-13 19:08:00,2025-11-13 19:42:00,EXTEND,short,4232.8,4240.1,4232.8,4222.8,True,2025-11-13 19:17:00,4232.8,BE,0.0,-4.0,34
2025-11-13 20:20:00,2025-11-13 20:28:00,2025-11-13 20:54:00,EXTEND,long,4237.7,4234.2,4237.7,4244.4,True,2025-11-13 20:35:00,4244.4,TP,6.7,62.6,26
2025-11-13 21:00:00,2025-11-13 21:06:00,2025-11-13 21:07:00,MSS,short,4231.3,4250.0,4231.3,4228.3,True,2025-11-13 21:07:00,4231.4,BE,-0.1,-5.0,1
2025-11-13 21:10:00,2025-11-13 21:28:00,2025-11-13 21:35:00,EXTEND,short,4239.4,4250.0,4239.4,4224.9,True,2025-11-13 21:31:00,4224.9,TP,14.5,141.46,7
2025-11-13 21:35:00,2025-11-13 21:48:00,2025-11-13 22:08:00,EXTEND,short,4231.7,4242.5,4231.7,4219.5,True,2025-11-13 22:03:00,4219.5,TP,12.2,117.87,20
2025-11-13 23:05:00,2025-11-13 23:31:00,2025-11-13 23:33:00,MSS,long,4201.0,4193.2,4193.2,4214.0,False,,4193.2,SL,-7.8,-82.0,2
2025-11-14 00:40:00,2025-11-14 00:55:00,2025-11-14 01:24:00,EXTEND,short,4206.2,4213.0,4206.2,4196.4,True,2025-11-14 01:11:00,4206.2,BE,0.0,-4.0,29
2025-11-14 07:50:00,2025-11-14 08:09:00,2025-11-14 08:15:00,EXTEND,long,4186.2,4179.8,4186.2,4192.4,True,2025-11-14 08:10:00,4186.2,BE,0.0,-4.0,6
2025-11-14 08:50:00,2025-11-14 09:00:00,2025-11-14 09:01:00,MSS,short,4183.8,4192.5,4183.8,4177.6,True,2025-11-14 09:01:00,4183.8,BE,0.0,-4.0,1
2025-11-14 09:30:00,2025-11-14 09:43:00,2025-11-14 09:54:00,EXTEND,short,4182.3,4192.3,4192.3,4171.7,False,,4192.3,SL,-10.0,-104.0,11
2025-11-14 11:50:00,2025-11-14 11:58:00,2025-11-14 12:13:00,MSS,short,4207.5,4215.1,4207.5,4201.4,True,2025-11-14 12:05:00,4201.4,TP,6.1,57.16,15
2025-11-14 12:25:00,2025-11-14 12:37:00,2025-11-14 13:09:00,EXTEND,short,4205.4,4209.4,4205.4,4196.8,True,2025-11-14 13:02:00,4196.8,TP,8.6,81.73,32
2025-11-14 13:15:00,2025-11-14 13:43:00,2025-11-14 14:26:00,EXTEND,short,4197.2,4206.9,4197.2,4181.0,True,2025-11-14 13:56:00,4181.0,TP,16.2,158.08,43
2025-11-14 15:45:00,2025-11-14 15:50:00,2025-11-14 15:51:00,MSS,long,4182.9,4162.3,4182.9,4188.0,True,2025-11-14 15:51:00,4182.6,BE,-0.3,-7.0,1
2025-11-14 16:35:00,2025-11-14 16:43:00,2025-11-14 16:51:00,BOS,long,4185.2,4179.3,4179.3,4193.5,False,,4179.3,SL,-5.9,-63.0,8
2025-11-14 17:00:00,2025-11-14 17:12:00,2025-11-14 18:06:00,EXTEND,short,4179.8,4190.5,4179.8,4165.1,True,2025-11-14 17:19:00,4165.1,TP,14.7,143.0,54
2025-11-14 18:30:00,2025-11-14 18:43:00,2025-11-14 18:55:00,BOS,short,4170.2,4174.4,4174.4,4159.7,False,,4174.4,SL,-4.2,-46.0,12
2025-11-14 22:20:00,2025-11-14 22:34:00,2025-11-14 22:35:00,MSS,long,4041.3,4045.6,4045.6,4065.9,False,,4041.0,SL,-0.3,-7.0,1
2025-11-14 23:50:00,2025-11-14 23:57:00,2025-11-15 00:00:00,EXTEND,long,4091.7,4074.4,4091.7,4104.6,True,2025-11-14 23:58:00,4091.7,BE,0.0,-4.0,3
2025-11-15 00:40:00,2025-11-15 00:59:00,2025-11-15 01:06:00,EXTEND,long,4107.3,4098.7,4107.3,4117.2,True,2025-11-15 01:03:00,4107.3,BE,0.0,-4.0,7
2025-11-15 01:25:00,2025-11-15 01:40:00,2025-11-15 01:54:00,EXTEND,short,4106.1,4112.8,4106.1,4090.2,True,2025-11-15 01:50:00,4106.1,BE,0.0,-4.0,14
2025-11-15 02:20:00,2025-11-15 02:31:00,2025-11-15 04:37:00,EXTEND,short,4094.2,4106.3,4094.2,4075.9,True,2025-11-15 04:02:00,4094.2,BE,0.0,-4.0,126
2025-11-17 07:05:00,2025-11-17 07:11:00,2025-11-17 07:12:00,MSS,long,4101.8,4061.9,4101.8,4116.6,True,2025-11-17 07:12:00,4101.7,BE,-0.1,-5.0,1
2025-11-17 08:55:00,2025-11-17 09:05:00,2025-11-17 09:10:00,BOS,short,4088.4,4093.0,4093.0,4079.7,False,,4093.0,SL,-4.6,-50.0,5
2025-11-17 09:10:00,2025-11-17 09:18:00,2025-11-17 09:35:00,MSS,long,4091.0,4082.5,4091.0,4102.4,True,2025-11-17 09:24:00,4102.4,TP,11.4,110.39,17
2025-11-17 09:35:00,2025-11-17 10:05:00,2025-11-17 10:36:00,EXTEND,long,4088.9,4086.7,4086.7,4108.0,False,,4086.7,SL,-2.2,-26.0,31
2025-11-17 11:00:00,2025-11-17 11:19:00,2025-11-17 11:28:00,EXTEND,short,4080.8,4095.2,4080.8,4064.0,True,2025-11-17 11:24:00,4080.8,BE,0.0,-4.0,9
2025-11-17 12:05:00,2025-11-17 12:49:00,2025-11-17 13:05:00,EXTEND,long,4080.8,4076.4,4076.4,4092.5,False,,4076.4,SL,-4.4,-48.0,16
2025-11-17 14:05:00,2025-11-17 14:14:00,2025-11-17 14:24:00,EXTEND,long,4059.6,4054.6,4059.6,4071.5,True,2025-11-17 14:19:00,4059.6,BE,0.0,-4.0,10
2025-11-17 16:10:00,2025-11-17 16:37:00,2025-11-17 17:53:00,EXTEND,long,4080.6,4065.6,4080.6,4105.4,True,2025-11-17 17:34:00,4080.6,BE,0.0,-4.0,76
2025-11-17 18:10:00,2025-11-17 18:33:00,2025-11-17 18:36:00,EXTEND,long,4085.9,4073.4,4085.9,4095.9,True,2025-11-17 18:35:00,4085.9,BE,0.0,-4.0,3
2025-11-17 19:00:00,2025-11-17 19:38:00,2025-11-17 21:03:00,EXTEND,short,4078.0,4087.7,4087.7,4055.3,False,,4087.7,SL,-9.7,-101.0,85
2025-11-17 21:05:00,2025-11-17 21:12:00,2025-11-17 21:28:00,EXTEND,long,4085.0,4076.2,4076.2,4098.4,False,,4076.2,SL,-8.8,-92.0,16
2025-11-17 21:50:00,2025-11-17 22:15:00,2025-11-17 22:36:00,EXTEND,short,4072.4,4080.9,4080.9,4054.4,False,,4080.9,SL,-8.5,-89.0,21
2025-11-18 07:00:00,2025-11-18 07:12:00,2025-11-18 07:40:00,BOS,long,4050.6,4042.9,4042.9,4059.7,False,,4042.9,SL,-7.7,-81.0,28
2025-11-18 07:45:00,2025-11-18 07:54:00,2025-11-18 08:03:00,EXTEND,short,4037.8,4051.0,4037.8,4021.8,True,2025-11-18 07:58:00,4037.8,BE,0.0,-4.0,9
2025-11-18 08:35:00,2025-11-18 08:57:00,2025-11-18 09:00:00,MSS,long,4034.7,4028.1,4034.7,4041.7,True,2025-11-18 08:58:00,4041.7,TP,7.0,65.89,3
2025-11-18 09:00:00,2025-11-18 09:09:00,2025-11-18 09:20:00,EXTEND,long,4038.4,4031.3,4038.4,4048.3,True,2025-11-18 09:13:00,4038.4,BE,0.0,-4.0,11
2025-11-18 10:35:00,2025-11-18 10:40:00,2025-11-18 10:41:00,EXTEND,long,4034.8,4026.5,4034.8,4038.4,True,2025-11-18 10:41:00,4034.8,BE,0.0,-4.0,1
2025-11-18 11:40:00,2025-11-18 11:55:00,2025-11-18 12:16:00,EXTEND,long,4015.8,4008.2,4008.2,4030.8,False,,4008.2,SL,-7.6,-80.0,21
2025-11-18 12:20:00,2025-11-18 12:31:00,2025-11-18 13:18:00,EXTEND,short,4015.0,4026.0,4015.0,3996.3,True,2025-11-18 12:37:00,4015.0,BE,0.0,-4.0,47
2025-11-18 13:40:00,2025-11-18 13:48:00,2025-11-18 13:53:00,EXTEND,long,4021.5,4014.5,4021.5,4027.2,True,2025-11-18 13:52:00,4021.5,BE,0.0,-4.0,5
2025-11-18 13:50:00,2025-11-18 14:00:00,2025-11-18 14:04:00,EXTEND,long,4019.6,4014.5,4014.5,4027.3,False,,4014.5,SL,-5.1,-55.0,4
2025-11-18 15:10:00,2025-11-18 15:19:00,2025-11-18 15:40:00,EXTEND,short,4008.0,4015.1,4008.0,3997.3,True,2025-11-18 15:22:00,4008.0,BE,0.0,-4.0,21
2025-11-18 17:10:00,2025-11-18 17:23:00,2025-11-18 17:44:00,MSS,short,4035.8,4041.1,4035.8,4026.6,True,2025-11-18 17:34:00,4035.8,BE,0.0,-4.0,21
2025-11-18 18:45:00,2025-11-18 18:59:00,2025-11-18 19:04:00,BOS,long,4043.9,4036.8,4043.9,4053.8,True,2025-11-18 19:01:00,4043.9,BE,0.0,-4.0,5
2025-11-18 19:55:00,2025-11-18 20:05:00,2025-11-18 20:18:00,EXTEND,short,4042.9,4049.8,4042.9,4032.7,True,2025-11-18 20:12:00,4042.9,BE,0.0,-4.0,13
2025-11-18 20:25:00,2025-11-18 20:41:00,2025-11-18 21:00:00,EXTEND,short,4036.7,4044.5,4036.7,4027.7,True,2025-11-18 20:42:00,4036.7,BE,0.0,-4.0,19
2025-11-18 22:05:00,2025-11-18 22:11:00,2025-11-18 22:16:00,EXTEND,long,4072.5,4065.2,4072.5,4078.5,True,2025-11-18 22:13:00,4078.5,TP,6.0,56.35,5
2025-11-18 22:15:00,2025-11-18 22:28:00,2025-11-18 22:34:00,BOS,long,4075.9,4068.6,4075.9,4084.0,True,2025-11-18 22:32:00,4075.9,BE,0.0,-4.0,6
2025-11-18 22:30:00,2025-11-18 22:36:00,2025-11-18 22:44:00,EXTEND,long,4076.6,4068.6,4076.6,4084.3,True,2025-11-18 22:39:00,4076.6,BE,0.0,-4.0,8
2025-11-18 22:40:00,2025-11-18 22:48:00,2025-11-18 22:52:00,EXTEND,long,4076.0,4068.6,4068.6,4086.3,False,,4068.6,SL,-7.4,-78.0,4
2025-11-18 23:30:00,2025-11-18 23:38:00,2025-11-18 23:50:00,EXTEND,long,4062.3,4053.1,4053.1,4078.2,False,,4053.1,SL,-9.2,-96.0,12
2025-11-19 07:15:00,2025-11-19 07:35:00,2025-11-19 07:57:00,EXTEND,long,4069.0,4065.4,4069.0,4075.3,True,2025-11-19 07:43:00,4075.3,TP,6.3,59.06,22
2025-11-19 07:55:00,2025-11-19 08:09:00,2025-11-19 08:29:00,EXTEND,long,4074.0,4067.2,4074.0,4080.5,True,2025-11-19 08:22:00,4074.0,BE,0.0,-4.0,20
2025-11-19 10:25:00,2025-11-19 10:32:00,2025-11-19 10:33:00,MSS,long,4068.0,4058.8,4068.0,4068.2,True,2025-11-19 10:33:00,4068.2,TP,0.2,-2.02,1
2025-11-19 12:00:00,2025-11-19 12:29:00,2025-11-19 12:33:00,EXTEND,short,4074.1,4076.4,4076.4,4060.9,False,,4076.4,SL,-2.3,-27.0,4
2025-11-19 15:05:00,2025-11-19 15:49:00,2025-11-19 15:51:00,MSS,short,4095.2,4096.2,4096.2,4081.8,False,,4096.2,SL,-1.0,-14.0,2
2025-11-19 19:15:00,2025-11-19 19:45:00,2025-11-19 19:57:00,BOS,long,4114.0,4107.1,4114.0,4121.7,True,2025-11-19 19:47:00,4114.0,BE,0.0,-4.0,12
2025-11-19 20:10:00,2025-11-19 20:17:00,2025-11-19 20:31:00,EXTEND,long,4116.5,4110.6,4116.5,4123.7,True,2025-11-19 20:29:00,4116.5,BE,0.0,-4.0,14
2025-11-19 20:40:00,2025-11-19 20:55:00,2025-11-19 21:00:00,EXTEND,long,4116.7,4112.9,4112.9,4122.8,False,,4112.9,SL,-3.8,-42.0,5
2025-11-19 21:15:00,2025-11-19 21:32:00,2025-11-19 22:32:00,EXTEND,short,4111.1,4120.7,4111.1,4095.7,True,2025-11-19 22:30:00,4111.1,BE,0.0,-4.0,60
2025-11-19 22:30:00,2025-11-19 22:44:00,2025-11-19 22:55:00,EXTEND,short,4113.5,4119.9,4119.9,4097.7,False,,4119.9,SL,-6.4,-68.0,11
2025-11-19 23:30:00,2025-11-19 23:38:00,2025-11-19 23:45:00,EXTEND,short,4117.9,4134.3,4117.9,4109.0,True,2025-11-19 23:39:00,4109.0,TP,8.9,84.73,7
2025-11-20 00:15:00,2025-11-20 00:23:00,2025-11-20 00:26:00,BOS,short,4088.2,4095.6,4088.2,4078.5,True,2025-11-20 00:25:00,4078.5,TP,9.7,93.45,3
2025-11-20 02:15:00,2025-11-20 02:29:00,2025-11-20 02:33:00,EXTEND,long,4082.7,4076.7,4076.7,4090.5,False,,4076.7,SL,-6.0,-64.0,4
2025-11-20 02:50:00,2025-11-20 03:09:00,2025-11-20 03:13:00,BOS,long,4084.8,4076.3,4076.3,4096.7,False,,4076.3,SL,-8.5,-89.0,4
2025-11-20 07:00:00,2025-11-20 07:09:00,2025-11-20 07:10:00,MSS,long,4084.8,4076.4,4084.8,4090.2,True,2025-11-20 07:10:00,4084.8,BE,0.0,-4.0,1
2025-11-20 08:40:00,2025-11-20 08:46:00,2025-11-20 08:59:00,EXTEND,short,4102.8,4108.3,4102.8,4097.6,True,2025-11-20 08:49:00,4102.8,BE,0.0,-4.0,13
2025-11-20 09:40:00,2025-11-20 09:48:00,2025-11-20 09:55:00,EXTEND,short,4095.4,4099.0,4095.4,4085.8,True,2025-11-20 09:54:00,4085.8,TP,9.6,92.08,7
2025-11-20 11:40:00,2025-11-20 12:02:00,2025-11-20 12:15:00,EXTEND,short,4067.2,4077.7,4077.7,4057.4,False,,4077.7,SL,-10.5,-109.0,13
2025-11-20 12:50:00,2025-11-20 12:55:00,2025-11-20 12:56:00,MSS,long,4078.8,4071.7,4078.8,4080.1,True,2025-11-20 12:56:00,4078.8,BE,0.0,-4.0,1
2025-11-20 14:05:00,2025-11-20 14:15:00,2025-11-20 14:25:00,MSS,long,4073.3,4063.5,4063.5,4080.3,False,,4063.5,SL,-9.8,-102.0,10
2025-11-20 14:25:00,2025-11-20 14:42:00,2025-11-20 15:05:00,MSS,short,4068.0,4076.7,4068.0,4052.4,True,2025-11-20 14:51:00,4068.0,BE,0.0,-4.0,23
2025-11-20 15:20:00,2025-11-20 15:25:00,2025-11-20 15:26:00,MSS,short,4059.6,4075.3,4059.6,4054.3,True,2025-11-20 15:26:00,4059.8,BE,-0.2,-6.0,1
2025-11-20 15:45:00,2025-11-20 16:01:00,2025-11-20 16:04:00,EXTEND,short,4057.3,4066.7,4057.3,4048.8,True,2025-11-20 16:02:00,4048.8,TP,8.5,81.07,3
2025-11-20 16:20:00,2025-11-20 16:37:00,2025-11-20 16:57:00,EXTEND,short,4052.5,4066.7,4066.7,4029.6,False,,4066.7,SL,-14.2,-146.0,20
2025-11-20 17:10:00,2025-11-20 17:33:00,2025-11-20 18:13:00,EXTEND,long,4059.3,4048.8,4059.3,4077.8,True,2025-11-20 17:52:00,4059.3,BE,0.0,-4.0,40
2025-11-20 19:00:00,2025-11-20 19:09:00,2025-11-20 19:10:00,MSS,short,4054.9,4066.0,4054.9,4049.4,True,2025-11-20 19:10:00,4054.9,BE,0.0,-4.0,1
2025-11-20 19:35:00,2025-11-20 19:40:00,2025-11-20 19:41:00,MSS,long,4060.5,4049.7,4060.5,4063.3,True,2025-11-20 19:41:00,4060.5,BE,0.0,-4.0,1
2025-11-20 19:40:00,2025-11-20 19:52:00,2025-11-20 20:11:00,EXTEND,long,4057.4,4049.7,4057.4,4071.5,True,2025-11-20 20:03:00,4071.5,TP,14.1,137.44,19
2025-11-20 21:35:00,2025-11-20 21:47:00,2025-11-20 21:51:00,MSS,long,4081.9,4066.1,4081.9,4104.6,True,2025-11-20 21:50:00,4081.9,BE,0.0,-4.0,4
2025-11-20 22:50:00,2025-11-20 23:09:00,2025-11-20 23:59:00,EXTEND,long,4088.0,4073.2,4073.2,4116.0,False,,4073.2,SL,-14.8,-152.0,50
2025-11-21 00:00:00,2025-11-21 00:12:00,2025-11-21 00:17:00,EXTEND,short,4075.5,4088.5,4075.5,4061.7,True,2025-11-21 00:14:00,4075.5,BE,0.0,-4.0,5
2025-11-21 00:40:00,2025-11-21 00:49:00,2025-11-21 00:55:00,BOS,short,4060.4,4067.1,4060.4,4052.9,True,2025-11-21 00:54:00,4052.9,TP,7.5,71.24,6
2025-11-21 01:05:00,2025-11-21 01:25:00,2025-11-21 01:55:00,EXTEND,short,4054.2,4066.0,4066.0,4036.4,False,,4066.0,SL,-11.8,-122.0,30
2025-11-21 02:05:00,2025-11-21 02:23:00,2025-11-21 02:43:00,EXTEND,long,4060.2,4048.4,4060.2,4078.0,True,2025-11-21 02:36:00,4060.2,BE,0.0,-4.0,20
2025-11-21 07:15:00,2025-11-21 07:21:00,2025-11-21 07:22:00,EXTEND,long,4083.2,4071.7,4083.2,4089.7,True,2025-11-21 07:22:00,4083.2,BE,0.0,-4.0,1
2025-11-21 07:45:00,2025-11-21 07:54:00,2025-11-21 08:00:00,EXTEND,long,4078.1,4076.5,4076.5,4092.8,False,,4076.5,SL,-1.6,-20.0,6
2025-11-21 08:25:00,2025-11-21 08:51:00,2025-11-21 09:00:00,EXTEND,short,4076.2,4081.2,4076.2,4067.6,True,2025-11-21 08:52:00,4067.6,TP,8.6,81.89,9
2025-11-21 09:45:00,2025-11-21 09:52:00,2025-11-21 09:53:00,MSS,long,4070.2,4060.2,4070.2,4070.9,True,2025-11-21 09:53:00,4070.2,BE,0.0,-4.0,1
2025-11-21 10:15:00,2025-11-21 10:34:00,2025-11-21 10:35:00,MSS,short,4075.9,4075.0,4075.0,4062.7,False,,4075.6,SL,0.3,-1.0,1
2025-11-21 11:20:00,2025-11-21 11:44:00,2025-11-21 11:47:00,EXTEND,short,4053.1,4056.0,4056.0,4046.0,False,,4056.0,SL,-2.9,-33.0,3
2025-11-21 12:10:00,2025-11-21 12:16:00,2025-11-21 12:32:00,EXTEND,long,4053.5,4051.0,4051.0,4063.2,False,,4051.0,SL,-2.5,-29.0,16
2025-11-21 12:40:00,2025-11-21 13:08:00,2025-11-21 13:51:00,EXTEND,short,4053.4,4058.3,4053.4,4041.9,True,2025-11-21 13:39:00,4041.9,TP,11.5,110.83,43
2025-11-21 13:55:00,2025-11-21 14:00:00,2025-11-21 14:01:00,MSS,long,4058.8,4037.3,4058.8,4062.7,True,2025-11-21 14:01:00,4058.8,BE,0.0,-4.0,1
2025-11-21 14:00:00,2025-11-21 14:21:00,2025-11-21 14:28:00,EXTEND,long,4042.9,4037.3,4037.3,4070.4,False,,4037.3,SL,-5.6,-60.0,7
2025-11-21 15:00:00,2025-11-21 15:18:00,2025-11-21 16:05:00,EXTEND,short,4032.1,4038.2,4032.1,4016.4,True,2025-11-21 16:01:00,4032.1,BE,0.0,-4.0,47
2025-11-21 17:00:00,2025-11-21 17:08:00,2025-11-21 17:09:00,MSS,long,4046.6,4035.4,4046.6,4047.6,True,2025-11-21 17:09:00,4047.6,TP,1.0,5.92,1
2025-11-21 19:05:00,2025-11-21 19:19:00,2025-11-21 19:40:00,MSS,long,4036.5,4032.6,4032.6,4047.2,False,,4032.6,SL,-3.9,-43.0,21
2025-11-21 19:50:00,2025-11-21 20:11:00,2025-11-21 20:20:00,EXTEND,short,4039.2,4044.1,4044.1,4023.7,False,,4044.1,SL,-4.9,-53.0,9
2025-11-21 22:15:00,2025-11-21 22:20:00,2025-11-21 22:21:00,MSS,short,4068.9,4083.0,4068.9,4065.2,True,2025-11-21 22:21:00,4069.1,BE,-0.2,-6.0,1
2025-11-21 22:50:00,2025-11-21 23:00:00,2025-11-21 23:01:00,MSS,long,4072.7,4060.2,4072.7,4078.1,True,2025-11-21 23:01:00,4072.5,BE,-0.2,-6.0,1
2025-11-21 23:00:00,2025-11-21 23:09:00,2025-11-21 23:11:00,EXTEND,long,4070.7,4060.2,4070.7,4080.4,True,2025-11-21 23:10:00,4070.7,BE,0.0,-4.0,2
2025-11-21 23:40:00,2025-11-21 23:48:00,2025-11-22 00:39:00,EXTEND,short,4067.1,4075.6,4075.6,4047.2,False,,4075.6,SL,-8.5,-89.0,51
2025-11-22 02:30:00,2025-11-22 02:40:00,2025-11-22 02:44:00,EXTEND,short,4078.0,4084.1,4078.0,4073.2,True,2025-11-22 02:41:00,4078.0,BE,0.0,-4.0,4
2025-11-24 07:10:00,2025-11-24 07:37:00,2025-11-24 08:05:00,EXTEND,long,4065.9,4060.6,4065.9,4078.5,True,2025-11-24 07:49:00,4065.9,BE,0.0,-4.0,28
2025-11-24 09:05:00,2025-11-24 09:11:00,2025-11-24 09:12:00,MSS,short,4049.5,4070.7,4049.5,4047.3,True,2025-11-24 09:12:00,4049.6,BE,-0.1,-5.0,1
2025-11-24 10:45:00,2025-11-24 10:53:00,2025-11-24 10:54:00,MSS,short,4038.8,4048.8,4038.8,4038.3,True,2025-11-24 10:54:00,4038.8,BE,0.0,-4.0,1
2025-11-24 10:55:00,2025-11-24 11:07:00,2025-11-24 11:31:00,EXTEND,short,4044.4,4048.8,4048.8,4034.2,False,,4048.8,SL,-4.4,-48.0,24
2025-11-24 11:35:00,2025-11-24 11:56:00,2025-11-24 12:22:00,EXTEND,long,4047.6,4040.9,4047.6,4058.8,True,2025-11-24 12:06:00,4047.6,BE,0.0,-4.0,26
2025-11-24 13:45:00,2025-11-24 13:52:00,2025-11-24 13:53:00,MSS,short,4038.8,4046.0,4038.8,4035.5,True,2025-11-24 13:53:00,4038.8,BE,0.0,-4.0,1
2025-11-24 14:40:00,2025-11-24 14:56:00,2025-11-24 15:02:00,EXTEND,long,4050.7,4044.6,4050.7,4057.3,True,2025-11-24 15:01:00,4050.7,BE,0.0,-4.0,6
2025-11-24 15:30:00,2025-11-24 15:36:00,2025-11-24 15:37:00,MSS,long,4055.5,4048.2,4055.5,4058.5,True,2025-11-24 15:37:00,4055.3,BE,-0.2,-6.0,1
2025-11-24 17:10:00,2025-11-24 17:26:00,2025-11-24 17:42:00,EXTEND,long,4066.8,4059.2,4066.8,4075.1,True,2025-11-24 17:38:00,4066.8,BE,0.0,-4.0,16
2025-11-24 17:40:00,2025-11-24 17:49:00,2025-11-24 17:52:00,EXTEND,long,4066.5,4063.9,4063.9,4071.6,False,,4063.9,SL,-2.6,-30.0,3
2025-11-24 18:20:00,2025-11-24 18:28:00,2025-11-24 18:29:00,MSS,short,4066.7,4073.5,4066.7,4062.6,True,2025-11-24 18:29:00,4066.7,BE,0.0,-4.0,1
2025-11-24 19:00:00,2025-11-24 19:22:00,2025-11-24 19:47:00,EXTEND,short,4065.5,4068.3,4068.3,4057.9,False,,4068.3,SL,-2.8,-32.0,25
2025-11-24 20:05:00,2025-11-24 20:15:00,2025-11-24 20:17:00,EXTEND,long,4066.4,4065.3,4065.3,4072.5,False,,4065.3,SL,-1.1,-15.0,2
2025-11-24 21:50:00,2025-11-24 22:04:00,2025-11-24 22:09:00,EXTEND,short,4076.5,4084.0,4076.5,4067.0,True,2025-11-24 22:06:00,4076.5,BE,0.0,-4.0,5
2025-11-24 22:50:00,2025-11-24 22:55:00,2025-11-24 22:56:00,MSS,long,4081.6,4065.9,4081.6,4087.1,True,2025-11-24 22:56:00,4081.6,BE,0.0,-4.0,1
2025-11-25 00:10:00,2025-11-25 00:20:00,2025-11-25 00:27:00,BOS,long,4092.6,4087.4,4092.6,4096.4,True,2025-11-25 00:27:00,4092.6,BE,0.0,-4.0,7
2025-11-25 01:15:00,2025-11-25 01:41:00,2025-11-25 01:50:00,EXTEND,short,4093.6,4098.9,4098.9,4084.3,False,,4098.9,SL,-5.3,-57.0,9
2025-11-25 02:05:00,2025-11-25 02:34:00,2025-11-25 02:36:00,EXTEND,short,4097.7,4098.9,4098.9,4083.0,False,,4098.9,SL,-1.2,-16.0,2
2025-11-25 03:15:00,2025-11-25 03:20:00,2025-11-25 03:23:00,EXTEND,short,4117.0,4123.4,4117.0,4111.0,True,2025-11-25 03:22:00,4117.0,BE,0.0,-4.0,3
2025-11-25 03:35:00,2025-11-25 03:53:00,2025-11-25 04:20:00,EXTEND,short,4117.7,4123.4,4123.4,4110.1,False,,4123.4,SL,-5.7,-61.0,27
2025-11-25 07:10:00,2025-11-25 07:18:00,2025-11-25 07:24:00,MSS,short,4128.1,4136.9,4128.1,4120.0,True,2025-11-25 07:19:00,4128.1,BE,0.0,-4.0,6
2025-11-25 07:55:00,2025-11-25 08:19:00,2025-11-25 08:56:00,EXTEND,long,4133.8,4126.8,4126.8,4147.0,False,,4126.8,SL,-7.0,-74.0,37
2025-11-25 09:00:00,2025-11-25 09:07:00,2025-11-25 09:31:00,EXTEND,short,4128.0,4134.6,4128.0,4117.8,True,2025-11-25 09:13:00,4128.0,BE,0.0,-4.0,24
2025-11-25 10:05:00,2025-11-25 10:13:00,2025-11-25 10:19:00,EXTEND,long,4135.2,4129.8,4135.2,4142.1,True,2025-11-25 10:17:00,4142.1,TP,6.9,65.19,6
2025-11-25 10:45:00,2025-11-25 11:26:00,2025-11-25 14:23:00,EXTEND,long,4141.7,4133.2,4141.7,4157.3,True,2025-11-25 13:57:00,4141.7,BE,0.0,-4.0,177
2025-11-25 14:40:00,2025-11-25 14:57:00,2025-11-25 15:01:00,BOS,short,4138.8,4141.0,4141.0,4134.8,False,,4141.0,SL,-2.2,-26.0,4
2025-11-25 15:05:00,2025-11-25 15:13:00,2025-11-25 15:29:00,EXTEND,long,4139.7,4136.1,4136.1,4144.6,False,,4136.1,SL,-3.6,-40.0,16
2025-11-25 15:55:00,2025-11-25 16:19:00,2025-11-25 16:35:00,EXTEND,short,4134.5,4140.8,4134.5,4122.4,True,2025-11-25 16:31:00,4122.4,TP,12.1,117.15,16
2025-11-25 16:50:00,2025-11-25 17:07:00,2025-11-25 17:15:00,BOS,short,4119.1,4126.4,4126.4,4100.6,False,,4126.4,SL,-7.3,-77.0,8
2025-11-25 18:15:00,2025-11-25 18:27:00,2025-11-25 19:21:00,EXTEND,long,4129.2,4122.6,4129.2,4139.7,True,2025-11-25 19:15:00,4129.2,BE,0.0,-4.0,54
2025-11-25 20:15:00,2025-11-25 20:27:00,2025-11-25 20:28:00,BOS,long,4131.3,4132.0,4132.0,4136.7,False,,4130.7,SL,-0.6,-10.0,1
2025-11-25 20:25:00,2025-11-25 20:42:00,2025-11-25 20:43:00,MSS,short,4127.4,4135.7,4127.4,4127.4,True,2025-11-25 20:43:00,4127.4,BE,0.0,-4.0,1
2025-11-25 20:45:00,2025-11-25 20:53:00,2025-11-25 21:07:00,EXTEND,short,4120.1,4132.8,4132.8,4106.5,False,,4132.8,SL,-12.7,-131.0,14
2025-11-25 21:50:00,2025-11-25 22:08:00,2025-11-25 22:26:00,EXTEND,long,4138.1,4134.2,4134.2,4150.6,False,,4134.2,SL,-3.9,-43.0,18
2025-11-25 23:50:00,2025-11-25 23:55:00,2025-11-25 23:56:00,MSS,short,4118.6,4129.3,4118.6,4115.3,True,2025-11-25 23:56:00,4119.0,BE,-0.4,-8.0,1
2025-11-25 23:55:00,2025-11-26 00:08:00,2025-11-26 00:13:00,EXTEND,short,4124.6,4129.3,4124.6,4113.7,True,2025-11-26 00:10:00,4124.6,BE,0.0,-4.0,5
2025-11-26 01:00:00,2025-11-26 01:09:00,2025-11-26 01:10:00,MSS,long,4147.5,4130.5,4147.5,4152.7,True,2025-11-26 01:10:00,4147.1,BE,-0.4,-8.0,1
2025-11-26 01:30:00,2025-11-26 01:44:00,2025-11-26 01:53:00,BOS,long,4149.0,4141.8,4141.8,4160.1,False,,4141.8,SL,-7.2,-76.0,9
2025-11-26 07:15:00,2025-11-26 07:33:00,2025-11-26 08:11:00,EXTEND,long,4128.6,4126.1,4128.6,4136.0,True,2025-11-26 08:01:00,4136.0,TP,7.4,70.06,32
2025-11-26 08:55:00,2025-11-26 09:04:00,2025-11-26 09:13:00,MSS,long,4138.4,4131.8,4138.4,4143.9,True,2025-11-26 09:08:00,4138.1,BE,-0.3,-7.0,9
2025-11-26 10:05:00,2025-11-26 10:13:00,2025-11-26 10:18:00,BOS,long,4149.5,4144.8,4149.5,4152.7,True,2025-11-26 10:16:00,4152.7,TP,3.2,27.74,5
2025-11-26 11:10:00,2025-11-26 11:26:00,2025-11-26 11:43:00,BOS,long,4162.0,4157.9,4162.0,4168.8,True,2025-11-26 11:37:00,4162.0,BE,0.0,-4.0,16
2025-11-26 11:45:00,2025-11-26 12:03:00,2025-11-26 12:04:00,EXTEND,long,4160.7,4160.9,4160.9,4169.3,False,,4160.2,SL,-0.5,-9.0,1
2025-11-26 14:35:00,2025-11-26 15:07:00,2025-11-26 15:52:00,EXTEND,short,4149.9,4156.4,4156.4,4140.7,False,,4156.4,SL,-6.5,-69.0,32
2025-11-26 16:25:00,2025-11-26 16:35:00,2025-11-26 16:44:00,EXTEND,long,4160.1,4154.4,4154.4,4168.1,False,,4153.1,SL,-7.0,-74.0,9
2025-11-26 16:50:00,2025-11-26 17:08:00,2025-11-26 17:31:00,EXTEND,short,4158.3,4165.2,4158.3,4149.2,True,2025-11-26 17:13:00,4159.0,BE,-0.7,-11.0,13
2025-11-26 18:45:00,2025-11-26 18:55:00,2025-11-26 19:05:00,BOS,short,4156.5,4157.8,4157.8,4151.6,False,,4158.0,SL,-1.5,-19.0,7
2025-11-26 20:25:00,2025-11-26 20:32:00,2025-11-26 20:33:00,MSS,short,4159.0,4171.4,4159.0,4154.0,True,2025-11-26 20:33:00,4159.1,BE,-0.1,-5.0,1
2025-11-26 20:45:00,2025-11-26 21:29:00,2025-11-26 22:08:00,EXTEND,short,4162.4,4171.4,4162.4,4138.4,True,2025-11-26 21:36:00,4138.4,TP,24.0,236.2,37
2025-11-26 22:30:00,2025-11-26 22:35:00,2025-11-26 22:36:00,MSS,long,4150.1,4139.0,4150.1,4153.5,True,2025-11-26 22:36:00,4150.1,BE,0.0,-4.0,1
2025-11-26 22:35:00,2025-11-26 23:03:00,2025-11-26 23:04:00,EXTEND,long,4140.9,4139.0,4139.0,4154.9,False,,4139.0,SL,-1.9,-23.0,1
2025-11-26 23:55:00,2025-11-27 00:02:00,2025-11-27 00:22:00,BOS,long,4160.3,4155.5,4160.3,4165.3,True,2025-11-27 00:21:00,4160.0,BE,-0.3,-7.0,20
2025-11-27 01:20:00,2025-11-27 02:03:00,2025-11-27 02:06:00,BOS,long,4166.7,4162.3,4166.7,4168.7,True,2025-11-27 02:05:00,4166.6,BE,-0.1,-5.0,2
2025-12-30 09:05:00,2025-12-30 09:19:00,2025-12-30 09:20:00,EXTEND,short,4356.1,4356.0,4356.0,4334.4,False,,4356.5,SL,-0.4,-8.0,1
2025-12-30 11:50:00,2025-12-30 11:57:00,2025-12-30 11:58:00,MSS,short,4371.4,4379.3,4371.4,4369.9,True,2025-12-30 11:58:00,4371.7,BE,-0.3,-7.0,1
2025-12-30 11:55:00,2025-12-30 12:04:00,2025-12-30 12:12:00,EXTEND,short,4374.9,4379.3,4374.9,4368.4,True,2025-12-30 12:06:00,4374.9,BE,0.0,-4.0,8
2025-12-30 12:40:00,2025-12-30 12:56:00,2025-12-30 13:01:00,EXTEND,long,4378.6,4376.1,4376.1,4386.1,False,,4376.1,SL,-2.5,-29.0,5
2025-12-30 13:05:00,2025-12-30 13:18:00,2025-12-30 13:20:00,MSS,short,4377.2,4379.4,4379.4,4371.7,False,,4379.4,SL,-2.2,-26.0,2
2025-12-30 14:40:00,2025-12-30 14:51:00,2025-12-30 14:57:00,EXTEND,short,4379.9,4384.6,4379.9,4372.4,True,2025-12-30 14:52:00,4379.9,BE,0.0,-4.0,6
2025-12-30 15:10:00,2025-12-30 15:15:00,2025-12-30 15:16:00,MSS,long,4386.2,4374.5,4386.2,4386.4,True,2025-12-30 15:16:00,4386.2,BE,0.0,-4.0,1
2025-12-30 16:00:00,2025-12-30 16:14:00,2025-12-30 16:28:00,MSS,short,4386.6,4398.5,4386.6,4373.4,True,2025-12-30 16:19:00,4373.4,TP,13.2,128.46,14
2025-12-30 17:55:00,2025-12-30 18:06:00,2025-12-30 18:07:00,EXTEND,long,4387.6,4382.8,4387.6,4391.3,True,2025-12-30 18:07:00,4387.6,BE,0.0,-4.0,1
2025-12-30 19:10:00,2025-12-30 19:49:00,2025-12-30 20:13:00,EXTEND,long,4399.4,4394.4,4399.4,4409.1,True,2025-12-30 20:08:00,4409.1,TP,9.7,93.32,24
2025-12-30 20:40:00,2025-12-30 20:54:00,2025-12-30 20:55:00,EXTEND,long,4415.4,4407.5,4415.4,4421.9,True,2025-12-30 20:55:00,4415.4,BE,0.0,-4.0,1
2025-12-30 21:20:00,2025-12-30 21:27:00,2025-12-30 21:30:00,EXTEND,short,4409.9,4420.5,4409.9,4401.4,True,2025-12-30 21:29:00,4409.9,BE,0.0,-4.0,3
2025-12-30 21:40:00,2025-12-30 22:02:00,2025-12-30 22:27:00,EXTEND,short,4402.4,4413.7,4402.4,4384.9,True,2025-12-30 22:18:00,4402.4,BE,0.0,-4.0,25
2025-12-30 22:35:00,2025-12-30 22:40:00,2025-12-30 22:41:00,MSS,short,4385.5,4407.8,4385.5,4384.3,True,2025-12-30 22:41:00,4385.5,BE,0.0,-4.0,1
2025-12-30 22:45:00,2025-12-30 23:21:00,2025-12-30 23:40:00,EXTEND,short,4389.0,4407.8,4389.0,4360.7,True,2025-12-30 23:31:00,4389.0,BE,0.0,-4.0,19
2025-12-31 00:10:00,2025-12-31 00:30:00,2025-12-31 00:55:00,EXTEND,short,4381.5,4387.5,4387.5,4367.1,False,,4387.5,SL,-6.0,-64.0,25
2025-12-31 01:00:00,2025-12-31 01:23:00,2025-12-31 02:14:00,EXTEND,long,4387.2,4378.3,4387.2,4403.1,True,2025-12-31 02:05:00,4387.2,BE,0.0,-4.0,51
2025-12-31 07:35:00,2025-12-31 07:41:00,2025-12-31 09:03:00,EXTEND,short,4352.0,4359.5,4359.5,4333.5,False,,4359.5,SL,-7.5,-79.0,82
2025-12-31 10:30:00,2025-12-31 10:45:00,2025-12-31 10:49:00,EXTEND,short,4379.0,4383.4,4379.0,4365.6,True,2025-12-31 10:48:00,4365.6,TP,13.4,129.8,4
2025-12-31 11:20:00,2025-12-31 11:35:00,2025-12-31 12:06:00,BOS,short,4362.6,4371.7,4362.6,4347.3,True,2025-12-31 12:02:00,4362.6,BE,0.0,-4.0,31
2025-12-31 13:05:00,2025-12-31 13:30:00,2025-12-31 13:40:00,EXTEND,short,4352.6,4360.7,4352.6,4335.8,True,2025-12-31 13:34:00,4335.8,TP,16.8,163.92,10
2025-12-31 15:45:00,2025-12-31 15:53:00,2025-12-31 15:54:00,MSS,short,4340.0,4346.3,4340.0,4337.4,True,2025-12-31 15:54:00,4340.2,BE,-0.2,-6.0,1
2025-12-31 15:50:00,2025-12-31 16:02:00,2025-12-31 16:03:00,EXTEND,short,4340.9,4346.3,4340.9,4336.1,True,2025-12-31 16:03:00,4340.9,BE,0.0,-4.0,1
2025-12-31 16:55:00,2025-12-31 17:09:00,2025-12-31 17:36:00,EXTEND,short,4327.8,4339.6,4339.6,4309.1,False,,4339.6,SL,-11.8,-122.0,27
2025-12-31 18:25:00,2025-12-31 18:30:00,2025-12-31 18:31:00,MSS,short,4321.7,4343.3,4321.7,4328.8,True,2025-12-31 18:31:00,4321.8,BE,-0.1,-5.0,1
2025-12-31 19:50:00,2025-12-31 20:07:00,2025-12-31 20:10:00,EXTEND,long,4322.1,4320.6,4320.6,4332.0,False,,4320.6,SL,-1.5,-19.0,3
2025-12-31 20:35:00,2025-12-31 20:43:00,2025-12-31 20:44:00,MSS,long,4330.1,4314.6,4330.1,4331.2,True,2025-12-31 20:44:00,4330.0,BE,-0.1,-5.0,1
2025-12-31 21:05:00,2025-12-31 21:10:00,2025-12-31 21:11:00,MSS,short,4322.5,4329.5,4322.5,4317.7,True,2025-12-31 21:11:00,4322.5,BE,0.0,-4.0,1
2025-12-31 22:35:00,2025-12-31 22:42:00,2025-12-31 23:03:00,EXTEND,long,4352.9,4346.1,4352.9,4367.8,True,2025-12-31 22:46:00,4352.9,BE,0.0,-4.0,21
2025-12-31 23:30:00,2025-12-31 23:42:00,2026-01-01 00:03:00,EXTEND,long,4347.4,4340.5,4347.4,4360.1,True,2026-01-01 00:01:00,4347.4,BE,0.0,-4.0,21
2026-01-01 00:45:00,2026-01-01 01:03:00,2026-01-01 01:32:00,EXTEND,short,4339.4,4343.7,4339.4,4327.2,True,2026-01-01 01:20:00,4339.4,BE,0.0,-4.0,29
2026-01-01 01:55:00,2026-01-01 02:03:00,2026-01-01 02:14:00,MSS,short,4338.2,4340.7,4340.7,4331.8,False,,4340.7,SL,-2.5,-29.0,11
2026-01-01 02:15:00,2026-01-01 02:27:00,2026-01-01 02:32:00,EXTEND,long,4340.7,4333.7,4333.7,4349.2,False,,4333.7,SL,-7.0,-74.0,5
2026-01-01 02:30:00,2026-01-01 02:42:00,2026-01-01 03:03:00,MSS,short,4336.5,4342.9,4336.5,4328.9,True,2026-01-01 02:46:00,4336.5,BE,0.0,-4.0,21
2026-01-02 08:10:00,2026-01-02 08:21:00,2026-01-02 08:41:00,EXTEND,long,4360.3,4351.6,4360.3,4370.3,True,2026-01-02 08:37:00,4360.3,BE,0.0,-4.0,20
2026-01-02 09:05:00,2026-01-02 09:14:00,2026-01-02 09:15:00,MSS,short,4359.6,4369.4,4359.6,4355.3,True,2026-01-02 09:15:00,4359.9,BE,-0.3,-7.0,1
2026-01-02 09:45:00,2026-01-02 09:50:00,2026-01-02 09:51:00,MSS,long,4366.4,4358.9,4366.4,4367.4,True,2026-01-02 09:51:00,4366.3,BE,-0.1,-5.0,1
2026-01-02 09:50:00,2026-01-02 10:01:00,2026-01-02 10:05:00,EXTEND,long,4363.0,4358.9,4363.0,4370.1,True,2026-01-02 10:03:00,4363.0,BE,0.0,-4.0,4
2026-01-02 10:25:00,2026-01-02 10:31:00,2026-01-02 10:32:00,EXTEND,short,4358.6,4365.7,4358.6,4356.2,True,2026-01-02 10:32:00,4358.7,BE,-0.1,-5.0,1
2026-01-02 12:00:00,2026-01-02 12:26:00,2026-01-02 12:32:00,BOS,long,4387.9,4384.1,4384.1,4392.7,False,,4384.1,SL,-3.8,-42.0,6
2026-01-02 14:00:00,2026-01-02 14:05:00,2026-01-02 14:06:00,MSS,short,4389.1,4394.8,4389.1,4388.6,True,2026-01-02 14:06:00,4389.1,BE,0.0,-4.0,1
2026-01-02 14:15:00,2026-01-02 14:22:00,2026-01-02 15:14:00,EXTEND,short,4390.1,4394.8,4390.1,4384.1,True,2026-01-02 14:40:00,4390.1,BE,0.0,-4.0,52
2026-01-02 15:20:00,2026-01-02 15:27:00,2026-01-02 15:31:00,MSS,short,4385.7,4390.3,4385.7,4382.4,True,2026-01-02 15:31:00,4385.7,BE,0.0,-4.0,4
2026-01-02 15:35:00,2026-01-02 15:46:00,2026-01-02 15:58:00,EXTEND,long,4389.6,4384.1,4389.6,4395.1,True,2026-01-02 15:51:00,4395.1,TP,5.5,51.49,12
2026-01-02 16:10:00,2026-01-02 16:23:00,2026-01-02 16:34:00,EXTEND,long,4395.6,4392.6,4395.6,4400.2,True,2026-01-02 16:25:00,4400.2,TP,4.6,42.2,11
2026-01-02 16:45:00,2026-01-02 17:02:00,2026-01-02 20:41:00,EXTEND,long,4401.3,4393.6,4401.3,4413.7,True,2026-01-02 18:37:00,4401.3,BE,0.0,-4.0,219
2026-01-02 20:40:00,2026-01-02 21:00:00,2026-01-02 21:11:00,MSS,short,4405.2,4410.6,4410.6,4393.7,False,,4410.6,SL,-5.4,-58.0,11
2026-01-02 21:20:00,2026-01-02 21:29:00,2026-01-02 21:30:00,MSS,short,4386.7,4415.0,4386.7,4384.6,True,2026-01-02 21:30:00,4386.7,BE,0.0,-4.0,1
2026-01-03 01:55:00,2026-01-03 02:00:00,2026-01-03 02:01:00,MSS,short,4332.2,4338.7,4332.2,4331.0,True,2026-01-03 02:01:00,4331.0,TP,1.2,8.47,1
2026-01-03 02:15:00,2026-01-03 02:29:00,2026-01-03 02:39:00,EXTEND,short,4329.0,4338.7,4329.0,4316.1,True,2026-01-03 02:31:00,4329.0,BE,0.0,-4.0,10
2026-01-03 02:40:00,2026-01-03 03:06:00,2026-01-03 04:27:00,EXTEND,short,4329.3,4338.7,4338.7,4314.3,False,,4338.7,SL,-9.4,-98.0,81
2026-01-05 09:05:00,2026-01-05 09:14:00,2026-01-05 11:33:00,EXTEND,long,4412.3,4394.6,4412.3,4440.7,True,2026-01-05 11:05:00,4412.3,BE,0.0,-4.0,139
2026-01-05 12:20:00,2026-01-05 12:27:00,2026-01-05 12:28:00,MSS,long,4414.3,4407.6,4414.3,4417.8,True,2026-01-05 12:28:00,4414.3,BE,0.0,-4.0,1
2026-01-05 13:25:00,2026-01-05 13:33:00,2026-01-05 13:34:00,BOS,long,4421.0,4416.0,4421.0,4423.6,True,2026-01-05 13:34:00,4421.0,BE,0.0,-4.0,1
2026-01-05 13:30:00,2026-01-05 13:38:00,2026-01-05 13:43:00,EXTEND,long,4420.5,4416.0,4416.0,4425.7,False,,4416.0,SL,-4.5,-49.0,5
2026-01-05 13:45:00,2026-01-05 13:55:00,2026-01-05 14:01:00,EXTEND,short,4418.2,4423.6,4423.6,4406.5,False,,4423.6,SL,-5.4,-58.0,6
2026-01-05 15:40:00,2026-01-05 15:56:00,2026-01-05 16:01:00,BOS,long,4431.8,4428.1,4431.8,4436.6,True,2026-01-05 16:00:00,4431.8,BE,0.0,-4.0,5
2026-01-05 16:50:00,2026-01-05 17:12:00,2026-01-05 17:43:00,EXTEND,long,4439.2,4433.5,4439.2,4447.0,True,2026-01-05 17:14:00,4447.0,TP,7.8,73.62,31
2026-01-05 17:40:00,2026-01-05 18:06:00,2026-01-05 18:54:00,BOS,long,4443.5,4441.7,4443.5,4451.4,True,2026-01-05 18:33:00,4451.4,TP,7.9,74.52,48
2026-01-05 19:00:00,2026-01-05 19:05:00,2026-01-05 19:06:00,MSS,short,4442.5,4451.6,4442.5,4440.8,True,2026-01-05 19:06:00,4442.5,BE,0.0,-4.0,1
2026-01-05 19:25:00,2026-01-05 19:51:00,2026-01-05 21:22:00,EXTEND,short,4433.8,4445.4,4433.8,4415.7,True,2026-01-05 20:21:00,4415.7,TP,18.1,177.18,91
2026-01-05 21:30:00,2026-01-05 21:37:00,2026-01-05 21:40:00,EXTEND,short,4419.9,4424.8,4424.8,4401.8,False,,4424.8,SL,-4.9,-53.0,3
2026-01-06 01:00:00,2026-01-06 01:07:00,2026-01-06 01:08:00,MSS,short,4447.4,4465.9,4447.4,4438.3,True,2026-01-06 01:08:00,4447.7,BE,-0.3,-7.0,1
2026-01-06 01:05:00,2026-01-06 01:20:00,2026-01-06 01:50:00,EXTEND,short,4455.1,4465.9,4455.1,4437.1,True,2026-01-06 01:44:00,4455.1,BE,0.0,-4.0,30
2026-01-06 02:15:00,2026-01-06 02:23:00,2026-01-06 02:26:00,EXTEND,long,4455.2,4452.3,4452.3,4461.3,False,,4452.3,SL,-2.9,-33.0,3
2026-01-06 02:25:00,2026-01-06 02:40:00,2026-01-06 02:59:00,MSS,short,4454.5,4459.4,4459.4,4448.1,False,,4459.4,SL,-4.9,-53.0,19
2026-01-06 03:10:00,2026-01-06 03:17:00,2026-01-06 03:18:00,EXTEND,short,4449.1,4460.7,4449.1,4441.5,True,2026-01-06 03:18:00,4449.1,BE,0.0,-4.0,1
2026-01-06 07:10:00,2026-01-06 07:18:00,2026-01-06 07:31:00,EXTEND,long,4463.6,4456.3,4456.3,4475.4,False,,4456.3,SL,-7.3,-77.0,13
2026-01-06 08:40:00,2026-01-06 08:49:00,2026-01-06 09:03:00,EXTEND,short,4447.3,4453.0,4447.3,4437.6,True,2026-01-06 09:02:00,4437.6,TP,9.7,92.67,14
2026-01-06 09:00:00,2026-01-06 09:09:00,2026-01-06 09:10:00,BOS,short,4446.5,4449.1,4449.1,4434.4,False,,4449.1,SL,-2.6,-30.0,1
2026-01-06 09:15:00,2026-01-06 09:28:00,2026-01-06 09:56:00,EXTEND,long,4447.0,4437.5,4447.0,4459.5,True,2026-01-06 09:40:00,4459.5,TP,12.5,120.71,28
2026-01-06 11:55:00,2026-01-06 12:03:00,2026-01-06 12:13:00,BOS,long,4477.3,4475.0,4477.3,4480.0,True,2026-01-06 12:12:00,4477.3,BE,0.0,-4.0,10
2026-01-06 12:10:00,2026-01-06 12:21:00,2026-01-06 12:25:00,EXTEND,long,4477.0,4475.0,4475.0,4481.0,False,,4475.0,SL,-2.0,-24.0,4
2026-01-06 12:50:00,2026-01-06 12:55:00,2026-01-06 12:56:00,MSS,long,4478.3,4471.5,4478.3,4479.8,True,2026-01-06 12:56:00,4478.1,BE,-0.2,-6.0,1
2026-01-06 13:40:00,2026-01-06 13:46:00,2026-01-06 13:47:00,EXTEND,short,4472.6,4485.2,4472.6,4468.7,True,2026-01-06 13:47:00,4472.6,BE,0.0,-4.0,1
2026-01-06 15:05:00,2026-01-06 15:27:00,2026-01-06 15:52:00,BOS,long,4474.2,4471.2,4471.2,4483.1,False,,4471.2,SL,-3.0,-34.0,25
2026-01-06 15:55:00,2026-01-06 16:11:00,2026-01-06 16:22:00,EXTEND,short,4470.9,4477.1,4477.1,4464.0,False,,4477.1,SL,-6.2,-66.0,11
2026-01-06 16:25:00,2026-01-06 16:46:00,2026-01-06 17:10:00,EXTEND,long,4476.9,4470.3,4470.3,4490.5,False,,4470.3,SL,-6.6,-70.0,24
2026-01-06 18:35:00,2026-01-06 18:48:00,2026-01-06 19:33:00,MSS,long,4461.7,4458.3,4461.7,4468.1,True,2026-01-06 19:29:00,4468.1,TP,6.4,59.79,45
2026-01-06 20:30:00,2026-01-06 20:37:00,2026-01-06 20:39:00,EXTEND,long,4472.9,4471.6,4471.6,4478.6,False,,4471.6,SL,-1.3,-17.0,2
2026-01-06 20:40:00,2026-01-06 20:58:00,2026-01-06 21:03:00,EXTEND,short,4473.3,4477.1,4473.3,4467.2,True,2026-01-06 21:02:00,4473.3,BE,0.0,-4.0,5
2026-01-06 21:00:00,2026-01-06 21:09:00,2026-01-06 21:10:00,EXTEND,long,4474.9,4470.0,4474.9,4478.3,True,2026-01-06 21:10:00,4474.9,BE,0.0,-4.0,1
2026-01-06 21:15:00,2026-01-06 21:27:00,2026-01-06 21:28:00,EXTEND,long,4470.6,4470.1,4470.1,4484.5,False,,4470.1,SL,-0.5,-9.0,1
2026-01-06 23:00:00,2026-01-06 23:06:00,2026-01-06 23:08:00,EXTEND,long,4496.9,4486.7,4496.9,4505.9,True,2026-01-06 23:08:00,4496.9,BE,0.0,-4.0,2
2026-01-06 23:35:00,2026-01-06 23:50:00,2026-01-07 00:01:00,EXTEND,short,4487.0,4492.8,4492.8,4467.7,False,,4492.8,SL,-5.8,-62.0,11
2026-01-07 01:55:00,2026-01-07 02:08:00,2026-01-07 02:24:00,EXTEND,long,4499.2,4491.4,4499.2,4505.4,True,2026-01-07 02:10:00,4499.2,BE,0.0,-4.0,16
2026-01-07 02:30:00,2026-01-07 02:52:00,2026-01-07 03:17:00,MSS,short,4499.0,4504.5,4499.0,4489.0,True,2026-01-07 03:04:00,4489.0,TP,10.0,95.94,25
2026-01-07 07:05:00,2026-01-07 07:14:00,2026-01-07 07:17:00,EXTEND,long,4508.5,4504.8,4508.5,4512.0,True,2026-01-07 07:15:00,4508.5,BE,0.0,-4.0,3
2026-01-07 07:25:00,2026-01-07 07:43:00,2026-01-07 07:49:00,EXTEND,long,4507.7,4505.4,4505.4,4514.0,False,,4505.4,SL,-2.3,-27.0,6
2026-01-07 08:35:00,2026-01-07 08:44:00,2026-01-07 08:46:00,BOS,short,4501.3,4505.1,4501.3,4496.7,True,2026-01-07 08:45:00,4501.3,BE,0.0,-4.0,2
2026-01-07 08:50:00,2026-01-07 09:01:00,2026-01-07 09:02:00,EXTEND,short,4495.9,4505.1,4495.9,4490.1,True,2026-01-07 09:02:00,4495.9,BE,0.0,-4.0,1
2026-01-07 10:55:00,2026-01-07 11:17:00,2026-01-07 11:23:00,EXTEND,long,4488.1,4479.2,4488.1,4493.3,True,2026-01-07 11:18:00,4488.1,BE,0.0,-4.0,6
2026-01-07 12:35:00,2026-01-07 12:43:00,2026-01-07 12:44:00,BOS,short,4475.2,4481.7,4475.2,4470.9,True,2026-01-07 12:44:00,4475.2,BE,0.0,-4.0,1
2026-01-07 13:30:00,2026-01-07 13:38:00,2026-01-07 13:39:00,MSS,short,4462.4,4480.5,4462.4,4458.0,True,2026-01-07 13:39:00,4462.6,BE,-0.2,-6.0,1
2026-01-07 16:05:00,2026-01-07 16:14:00,2026-01-07 16:15:00,BOS,long,4475.4,4470.2,4475.4,4476.8,True,2026-01-07 16:15:00,4475.2,BE,-0.2,-6.0,1
2026-01-07 16:20:00,2026-01-07 16:27:00,2026-01-07 16:32:00,EXTEND,long,4475.3,4470.2,4475.3,4480.6,True,2026-01-07 16:31:00,4475.3,BE,0.0,-4.0,5
2026-01-07 16:40:00,2026-01-07 16:46:00,2026-01-07 17:06:00,EXTEND,long,4478.2,4473.3,4473.3,4488.0,False,,4473.3,SL,-4.9,-53.0,20
2026-01-07 17:05:00,2026-01-07 17:13:00,2026-01-07 17:26:00,EXTEND,short,4474.7,4480.5,4474.7,4466.3,True,2026-01-07 17:23:00,4474.7,BE,0.0,-4.0,13
2026-01-07 17:55:00,2026-01-07 18:06:00,2026-01-07 18:07:00,EXTEND,long,4474.2,4469.7,4474.2,4477.2,True,2026-01-07 18:07:00,4474.2,BE,0.0,-4.0,1
2026-01-07 18:25:00,2026-01-07 18:48:00,2026-01-07 18:49:00,MSS,short,4476.5,4476.5,4476.5,4466.0,False,,4476.5,SL,0.0,-4.0,1
2026-01-07 20:25:00,2026-01-07 20:30:00,2026-01-07 20:31:00,MSS,long,4461.5,4448.5,4461.5,4462.9,True,2026-01-07 20:31:00,4461.4,BE,-0.1,-5.0,1
2026-01-07 21:10:00,2026-01-07 21:17:00,2026-01-07 21:18:00,EXTEND,short,4442.9,4459.4,4442.9,4430.4,True,2026-01-07 21:18:00,4442.9,BE,0.0,-4.0,1
2026-01-07 22:20:00,2026-01-07 22:25:00,2026-01-07 22:26:00,MSS,short,4453.1,4463.3,4453.1,4449.2,True,2026-01-07 22:26:00,4453.1,BE,0.0,-4.0,1
2026-01-07 22:30:00,2026-01-07 22:37:00,2026-01-07 22:38:00,EXTEND,short,4448.3,4463.3,4448.3,4446.7,True,2026-01-07 22:38:00,4446.7,TP,1.6,12.37,1
2026-01-07 22:35:00,2026-01-07 22:50:00,2026-01-07 23:01:00,EXTEND,short,4451.2,4463.3,4451.2,4440.7,True,2026-01-07 23:00:00,4451.2,BE,0.0,-4.0,11
2026-01-07 23:30:00,2026-01-07 23:36:00,2026-01-07 23:37:00,MSS,long,4461.5,4433.0,4461.5,4467.5,True,2026-01-07 23:37:00,4461.3,BE,-0.2,-6.0,1
2026-01-08 02:30:00,2026-01-08 02:37:00,2026-01-08 02:38:00,MSS,long,4467.4,4457.1,4467.4,4469.4,True,2026-01-08 02:38:00,4467.4,BE,0.0,-4.0,1
2026-01-08 02:35:00,2026-01-08 02:52:00,2026-01-08 03:16:00,EXTEND,long,4462.7,4457.1,4457.1,4472.3,False,,4457.1,SL,-5.6,-60.0,24
2026-01-08 03:15:00,2026-01-08 03:35:00,2026-01-08 03:36:00,MSS,short,4464.8,4465.3,4465.3,4452.0,False,,4465.3,SL,-0.5,-9.0,1
2026-01-08 08:20:00,2026-01-08 08:25:00,2026-01-08 08:26:00,MSS,short,4464.7,4475.3,4464.7,4464.9,True,2026-01-08 08:26:00,4464.9,BE,-0.2,-6.0,1
2026-01-08 08:50:00,2026-01-08 09:04:00,2026-01-08 09:09:00,EXTEND,short,4460.8,4467.8,4467.8,4451.8,False,,4467.8,SL,-7.0,-74.0,5
2026-01-08 10:35:00,2026-01-08 10:47:00,2026-01-08 10:59:00,EXTEND,short,4450.7,4452.5,4452.5,4439.0,False,,4452.5,SL,-1.8,-22.0,12
2026-01-08 11:10:00,2026-01-08 11:19:00,2026-01-08 11:36:00,EXTEND,long,4449.8,4441.9,4449.8,4457.6,True,2026-01-08 11:21:00,4449.8,BE,0.0,-4.0,17
2026-01-08 13:15:00,2026-01-08 13:24:00,2026-01-08 13:30:00,EXTEND,short,4436.6,4441.7,4436.6,4427.6,True,2026-01-08 13:27:00,4427.6,TP,9.0,85.97,6
2026-01-08 13:40:00,2026-01-08 13:59:00,2026-01-08 14:22:00,BOS,short,4433.4,4438.0,4433.4,4419.8,True,2026-01-08 14:04:00,4433.4,BE,0.0,-4.0,23
2026-01-08 15:10:00,2026-01-08 15:20:00,2026-01-08 15:25:00,EXTEND,long,4443.4,4439.9,4439.9,4450.2,False,,4439.9,SL,-3.5,-39.0,5
2026-01-08 16:00:00,2026-01-08 16:11:00,2026-01-08 16:16:00,BOS,short,4438.5,4442.0,4438.5,4430.8,True,2026-01-08 16:13:00,4438.5,BE,0.0,-4.0,5
2026-01-08 16:40:00,2026-01-08 17:04:00,2026-01-08 17:07:00,EXTEND,short,4439.1,4441.4,4441.4,4423.7,False,,4441.4,SL,-2.3,-27.0,3
2026-01-08 17:15:00,2026-01-08 17:35:00,2026-01-08 18:20:00,EXTEND,short,4440.6,4443.3,4440.6,4431.0,True,2026-01-08 18:07:00,4431.0,TP,9.6,92.19,45
2026-01-08 18:30:00,2026-01-08 18:38:00,2026-01-08 18:39:00,MSS,long,4440.8,4430.3,4440.8,4442.2,True,2026-01-08 18:39:00,4440.8,BE,0.0,-4.0,1
2026-01-08 20:25:00,2026-01-08 20:31:00,2026-01-08 20:32:00,MSS,long,4430.3,4415.2,4430.3,4434.0,True,2026-01-08 20:32:00,4430.3,BE,0.0,-4.0,1
2026-01-08 21:20:00,2026-01-08 21:25:00,2026-01-08 21:26:00,MSS,long,4443.0,4425.0,4443.0,4445.6,True,2026-01-08 21:26:00,4442.8,BE,-0.2,-6.0,1
2026-01-08 22:20:00,2026-01-08 22:25:00,2026-01-08 22:26:00,MSS,long,4438.2,4427.6,4438.2,4440.6,True,2026-01-08 22:26:00,4438.2,BE,0.0,-4.0,1
2026-01-08 22:25:00,2026-01-08 22:32:00,2026-01-08 22:33:00,EXTEND,long,4440.7,4427.6,4440.7,4441.8,True,2026-01-08 22:33:00,4441.8,TP,1.1,7.24,1
2026-01-08 22:35:00,2026-01-08 22:46:00,2026-01-08 22:47:00,EXTEND,long,4443.0,4427.6,4443.0,4448.6,True,2026-01-08 22:47:00,4443.0,BE,0.0,-4.0,1
2026-01-08 22:50:00,2026-01-08 23:02:00,2026-01-08 23:09:00,EXTEND,long,4440.4,4433.7,4440.4,4452.1,True,2026-01-08 23:05:00,4452.1,TP,11.7,113.15,7
2026-01-08 23:55:00,2026-01-09 00:00:00,2026-01-09 00:01:00,EXTEND,short,4462.7,4464.9,4464.9,4454.5,False,,4464.9,SL,-2.2,-26.0,1
2026-01-09 00:15:00,2026-01-09 00:22:00,2026-01-09 00:32:00,EXTEND,short,4461.7,4467.5,4467.5,4453.1,False,,4467.5,SL,-5.8,-62.0,10
2026-01-09 02:00:00,2026-01-09 02:05:00,2026-01-09 02:06:00,MSS,short,4466.1,4473.6,4466.1,4464.7,True,2026-01-09 02:06:00,4466.1,BE,0.0,-4.0,1
2026-01-09 02:35:00,2026-01-09 02:49:00,2026-01-09 03:15:00,BOS,short,4462.9,4465.6,4462.9,4454.7,True,2026-01-09 02:59:00,4454.7,TP,8.2,78.22,26
2026-01-09 07:00:00,2026-01-09 07:14:00,2026-01-09 07:47:00,EXTEND,long,4486.5,4482.9,4482.9,4496.6,False,,4482.9,SL,-3.6,-40.0,33
2026-01-09 07:45:00,2026-01-09 07:54:00,2026-01-09 08:00:00,MSS,short,4484.1,4486.8,4486.8,4481.0,False,,4486.8,SL,-2.7,-31.0,6
2026-01-09 08:50:00,2026-01-09 09:02:00,2026-01-09 09:03:00,BOS,short,4471.0,4478.1,4471.0,4466.9,True,2026-01-09 09:03:00,4471.0,BE,0.0,-4.0,1
2026-01-09 09:05:00,2026-01-09 09:16:00,2026-01-09 09:25:00,BOS,short,4467.8,4475.4,4467.8,4458.1,True,2026-01-09 09:18:00,4467.8,BE,0.0,-4.0,9
2026-01-09 10:35:00,2026-01-09 10:46:00,2026-01-09 10:52:00,MSS,short,4479.7,4485.0,4479.7,4475.5,True,2026-01-09 10:51:00,4479.7,BE,0.0,-4.0,6
2026-01-09 10:50:00,2026-01-09 10:59:00,2026-01-09 11:11:00,BOS,short,4478.8,4483.3,4478.8,4471.9,True,2026-01-09 11:03:00,4471.9,TP,6.9,65.3,12
2026-01-09 12:15:00,2026-01-09 12:36:00,2026-01-09 12:38:00,EXTEND,short,4471.4,4475.2,4471.4,4468.0,True,2026-01-09 12:37:00,4471.4,BE,0.0,-4.0,2
2026-01-09 12:55:00,2026-01-09 13:13:00,2026-01-09 13:16:00,EXTEND,long,4472.3,4470.0,4470.0,4477.4,False,,4470.0,SL,-2.3,-27.0,3
2026-01-09 13:30:00,2026-01-09 13:35:00,2026-01-09 13:36:00,MSS,long,4480.0,4466.8,4480.0,4483.3,True,2026-01-09 13:36:00,4480.0,BE,0.0,-4.0,1
2026-01-09 15:45:00,2026-01-09 15:52:00,2026-01-09 15:53:00,EXTEND,long,4481.8,4477.6,4481.8,4483.2,True,2026-01-09 15:53:00,4481.6,BE,-0.2,-6.0,1
2026-01-09 15:55:00,2026-01-09 16:01:00,2026-01-09 16:02:00,MSS,short,4477.9,4482.4,4477.9,4476.9,True,2026-01-09 16:02:00,4477.9,BE,0.0,-4.0,1
2026-01-09 16:00:00,2026-01-09 16:08:00,2026-01-09 16:09:00,EXTEND,short,4482.8,4482.4,4482.4,4473.1,False,,4482.9,SL,-0.1,-5.0,1
2026-01-09 16:30:00,2026-01-09 16:35:00,2026-01-09 16:36:00,MSS,short,4478.5,4484.3,4478.5,4477.6,True,2026-01-09 16:36:00,4478.5,BE,0.0,-4.0,1
2026-01-09 16:50:00,2026-01-09 17:15:00,2026-01-09 17:18:00,EXTEND,short,4482.2,4484.3,4484.3,4469.4,False,,4484.3,SL,-2.1,-25.0,3
2026-01-09 18:05:00,2026-01-09 18:11:00,2026-01-09 18:30:00,EXTEND,short,4481.9,4483.1,4481.9,4476.9,True,2026-01-09 18:24:00,4476.9,TP,5.0,46.23,19
2026-01-09 18:45:00,2026-01-09 18:56:00,2026-01-09 19:00:00,EXTEND,short,4479.7,4482.8,4482.8,4473.9,False,,4482.8,SL,-3.1,-35.0,4
2026-01-09 19:00:00,2026-01-09 19:10:00,2026-01-09 19:24:00,EXTEND,long,4480.4,4475.8,4480.4,4485.7,True,2026-01-09 19:21:00,4480.4,BE,0.0,-4.0,14
2026-01-09 20:05:00,2026-01-09 20:14:00,2026-01-09 20:26:00,EXTEND,long,4483.2,4477.9,4477.9,4492.8,False,,4477.9,SL,-5.3,-57.0,12
2026-01-09 21:05:00,2026-01-09 21:20:00,2026-01-09 21:30:00,EXTEND,long,4476.2,4472.1,4476.2,4485.3,True,2026-01-09 21:22:00,4476.2,BE,0.0,-4.0,10
2026-01-09 22:10:00,2026-01-09 22:20:00,2026-01-09 22:21:00,BOS,long,4502.6,4489.7,4502.6,4510.5,True,2026-01-09 22:21:00,4502.6,BE,0.0,-4.0,1
2026-01-09 22:35:00,2026-01-09 22:52:00,2026-01-09 23:21:00,EXTEND,long,4496.9,4489.7,4496.9,4512.8,True,2026-01-09 22:56:00,4512.8,TP,15.9,155.14,29
2026-01-10 01:10:00,2026-01-10 01:24:00,2026-01-10 01:40:00,EXTEND,long,4514.9,4511.3,4514.9,4523.5,True,2026-01-10 01:33:00,4514.9,BE,0.0,-4.0,16
2026-01-10 02:30:00,2026-01-10 02:35:00,2026-01-10 02:36:00,MSS,long,4511.3,4498.6,4511.3,4514.2,True,2026-01-10 02:36:00,4511.2,BE,-0.1,-5.0,1
2026-01-10 02:40:00,2026-01-10 03:11:00,2026-01-10 03:30:00,EXTEND,long,4506.0,4498.6,4506.0,4518.5,True,2026-01-10 03:24:00,4506.0,BE,0.0,-4.0,19
2026-01-12 07:40:00,2026-01-12 08:02:00,2026-01-12 08:03:00,BOS,long,4553.2,4543.2,4553.2,4557.9,True,2026-01-12 08:03:00,4553.2,BE,0.0,-4.0,1
2026-01-12 09:40:00,2026-01-12 09:55:00,2026-01-12 10:03:00,MSS,short,4586.9,4596.1,4586.9,4579.5,True,2026-01-12 09:56:00,4579.5,TP,7.4,70.37,8
2026-01-12 11:30:00,2026-01-12 11:37:00,2026-01-12 11:38:00,MSS,short,4587.6,4593.3,4587.6,4586.4,True,2026-01-12 11:38:00,4587.7,BE,-0.1,-5.0,1
2026-01-12 12:35:00,2026-01-12 12:51:00,2026-01-12 13:17:00,EXTEND,short,4579.8,4584.1,4584.1,4572.0,False,,4584.1,SL,-4.3,-47.0,26
2026-01-12 13:45:00,2026-01-12 14:18:00,2026-01-12 16:47:00,EXTEND,long,4583.5,4577.0,4583.5,4600.6,True,2026-01-12 15:08:00,4600.6,TP,17.1,167.22,149
2026-01-12 17:55:00,2026-01-12 18:02:00,2026-01-12 18:05:00,EXTEND,short,4601.3,4607.3,4601.3,4595.2,True,2026-01-12 18:04:00,4601.3,BE,0.0,-4.0,3
2026-01-12 18:10:00,2026-01-12 18:17:00,2026-01-12 18:26:00,EXTEND,short,4600.3,4603.7,4603.7,4594.0,False,,4603.7,SL,-3.4,-38.0,9
2026-01-12 18:30:00,2026-01-12 18:42:00,2026-01-12 18:50:00,BOS,short,4603.4,4604.3,4604.3,4595.3,False,,4604.3,SL,-0.9,-13.0,8
2026-01-12 18:55:00,2026-01-12 19:16:00,2026-01-12 19:18:00,MSS,long,4602.2,4597.2,4602.2,4608.1,True,2026-01-12 19:17:00,4602.2,BE,0.0,-4.0,2
2026-01-12 19:25:00,2026-01-12 19:45:00,2026-01-12 20:08:00,EXTEND,short,4600.2,4605.8,4600.2,4590.4,True,2026-01-12 19:49:00,4590.4,TP,9.8,93.67,23
2026-01-12 20:05:00,2026-01-12 20:12:00,2026-01-12 20:21:00,BOS,short,4591.9,4596.9,4591.9,4585.7,True,2026-01-12 20:16:00,4591.9,BE,0.0,-4.0,9
2026-01-12 21:25:00,2026-01-12 21:41:00,2026-01-12 21:47:00,MSS,short,4617.3,4621.9,4621.9,4612.4,False,,4621.9,SL,-4.6,-50.0,6
2026-01-12 22:00:00,2026-01-12 22:08:00,2026-01-12 22:09:00,MSS,short,4609.0,4630.8,4609.0,4602.6,True,2026-01-12 22:09:00,4609.2,BE,-0.2,-6.0,1
2026-01-12 22:25:00,2026-01-12 22:35:00,2026-01-12 22:38:00,BOS,short,4602.1,4610.1,4610.1,4591.1,False,,4610.1,SL,-8.0,-84.0,3
2026-01-13 00:30:00,2026-01-13 00:35:00,2026-01-13 00:36:00,EXTEND,short,4629.9,4640.5,4629.9,4626.5,True,2026-01-13 00:36:00,4630.0,BE,-0.1,-5.0,1
2026-01-13 01:05:00,2026-01-13 01:18:00,2026-01-13 01:21:00,BOS,short,4625.5,4628.3,4625.5,4621.7,True,2026-01-13 01:20:00,4621.7,TP,3.8,34.04,3
2026-01-13 01:20:00,2026-01-13 01:33:00,2026-01-13 01:39:00,EXTEND,short,4624.9,4628.3,4624.9,4619.4,True,2026-01-13 01:34:00,4624.9,BE,0.0,-4.0,6
2026-01-13 01:50:00,2026-01-13 01:55:00,2026-01-13 01:56:00,MSS,long,4629.5,4620.0,4629.5,4633.6,True,2026-01-13 01:56:00,4629.4,BE,-0.1,-5.0,1
2026-01-13 03:30:00,2026-01-13 03:52:00,2026-01-13 03:54:00,EXTEND,long,4623.4,4622.4,4622.4,4630.7,False,,4622.4,SL,-1.0,-14.0,2
2026-01-13 07:00:00,2026-01-13 07:09:00,2026-01-13 07:11:00,EXTEND,long,4602.9,4598.8,4598.8,4621.7,False,,4598.8,SL,-4.1,-45.0,2
2026-01-13 07:35:00,2026-01-13 07:40:00,2026-01-13 07:41:00,EXTEND,long,4597.9,4598.8,4598.8,4599.3,False,,4597.9,SL,0.0,-4.0,1
2026-01-13 07:50:00,2026-01-13 07:56:00,2026-01-13 07:57:00,EXTEND,long,4604.0,4598.8,4604.0,4605.0,True,2026-01-13 07:57:00,4604.0,BE,0.0,-4.0,1
2026-01-13 07:55:00,2026-01-13 08:11:00,2026-01-13 08:28:00,EXTEND,long,4602.6,4598.8,4598.8,4610.1,False,,4598.8,SL,-3.8,-42.0,17
2026-01-13 08:35:00,2026-01-13 08:59:00,2026-01-13 09:00:00,EXTEND,short,4595.8,4604.5,4595.8,4590.3,True,2026-01-13 09:00:00,4595.8,BE,0.0,-4.0,1
2026-01-13 09:00:00,2026-01-13 09:14:00,2026-01-13 09:15:00,BOS,short,4601.0,4601.0,4601.0,4587.0,False,,4601.0,SL,0.0,-4.0,1
2026-01-13 09:30:00,2026-01-13 10:09:00,2026-01-13 11:02:00,BOS,short,4596.8,4604.6,4604.6,4578.4,False,,4604.6,SL,-7.8,-82.0,53
2026-01-13 11:50:00,2026-01-13 12:04:00,2026-01-13 12:15:00,EXTEND,short,4604.1,4607.4,4607.4,4599.8,False,,4607.4,SL,-3.3,-37.0,11
2026-01-13 12:20:00,2026-01-13 12:37:00,2026-01-13 13:05:00,EXTEND,long,4604.7,4601.4,4604.7,4610.8,True,2026-01-13 12:44:00,4604.7,BE,0.0,-4.0,28
2026-01-13 13:05:00,2026-01-13 13:17:00,2026-01-13 13:25:00,MSS,short,4603.8,4607.7,4607.7,4598.4,False,,4607.7,SL,-3.9,-43.0,8
2026-01-13 13:25:00,2026-01-13 13:34:00,2026-01-13 13:35:00,MSS,long,4599.3,4600.4,4600.4,4613.2,False,,4599.3,SL,0.0,-4.0,1
2026-01-13 15:05:00,2026-01-13 15:21:00,2026-01-13 15:22:00,MSS,long,4590.0,4587.8,4587.8,4595.9,False,,4587.8,SL,-2.2,-26.0,1
2026-01-13 15:30:00,2026-01-13 15:49:00,2026-01-13 15:50:00,EXTEND,long,4587.6,4587.8,4587.8,4597.2,False,,4587.5,SL,-0.1,-5.0,1
2026-01-14 09:00:00,2026-01-14 09:11:00,2026-01-14 09:12:00,MSS,long,4622.8,4612.3,4622.8,4626.1,True,2026-01-14 09:12:00,4622.5,BE,-0.3,-7.0,1
2026-01-14 10:00:00,2026-01-14 10:11:00,2026-01-14 10:13:00,EXTEND,long,4626.3,4621.2,4626.3,4630.7,True,2026-01-14 10:12:00,4626.2,BE,-0.1,-5.0,2
2026-01-14 11:00:00,2026-01-14 11:12:00,2026-01-14 11:22:00,BOS,long,4627.6,4625.8,4627.6,4633.0,True,2026-01-14 11:19:00,4627.6,BE,0.0,-4.0,10
2026-01-14 11:35:00,2026-01-14 11:43:00,2026-01-14 11:44:00,MSS,long,4631.8,4621.6,4631.8,4636.7,True,2026-01-14 11:44:00,4631.7,BE,-0.1,-5.0,1
2026-01-14 12:25:00,2026-01-14 12:38:00,2026-01-14 13:01:00,MSS,short,4636.6,4638.4,4638.4,4631.0,False,,4638.4,SL,-1.8,-22.0,23
2026-01-14 13:00:00,2026-01-14 13:20:00,2026-01-14 13:54:00,MSS,long,4640.4,4635.3,4640.4,4649.9,True,2026-01-14 13:31:00,4640.4,BE,0.0,-4.0,34
2026-01-14 13:55:00,2026-01-14 14:21:00,2026-01-14 15:27:00,EXTEND,short,4638.1,4646.9,4646.9,4618.5,False,,4646.9,SL,-8.8,-92.0,66
2026-01-14 15:25:00,2026-01-14 15:35:00,2026-01-14 15:36:00,EXTEND,long,4644.6,4637.7,4644.6,4649.8,True,2026-01-14 15:36:00,4644.6,BE,0.0,-4.0,1
2026-01-14 18:15:00,2026-01-14 18:22:00,2026-01-14 18:23:00,MSS,long,4643.2,4635.7,4643.2,4645.0,True,2026-01-14 18:23:00,4643.0,BE,-0.2,-6.0,1
2026-01-14 18:40:00,2026-01-14 18:59:00,2026-01-14 19:27:00,EXTEND,long,4641.1,4635.7,4641.1,4649.2,True,2026-01-14 19:05:00,4641.1,BE,0.0,-4.0,28
2026-01-14 20:00:00,2026-01-14 20:05:00,2026-01-14 20:06:00,MSS,long,4644.8,4634.0,4644.8,4648.9,True,2026-01-14 20:06:00,4644.8,BE,0.0,-4.0,1
2026-01-14 21:05:00,2026-01-14 21:14:00,2026-01-14 21:15:00,MSS,short,4636.2,4650.0,4636.2,4633.9,True,2026-01-14 21:15:00,4636.2,BE,0.0,-4.0,1
2026-01-14 21:40:00,2026-01-14 21:54:00,2026-01-14 21:55:00,MSS,long,4643.2,4631.6,4643.2,4648.6,True,2026-01-14 21:55:00,4643.2,BE,0.0,-4.0,1
2026-01-14 22:00:00,2026-01-14 22:13:00,2026-01-14 22:16:00,EXTEND,long,4641.8,4631.6,4641.8,4650.8,True,2026-01-14 22:15:00,4641.8,BE,0.0,-4.0,3
2026-01-14 23:15:00,2026-01-14 23:21:00,2026-01-14 23:22:00,MSS,long,4630.0,4605.8,4630.0,4637.2,True,2026-01-14 23:22:00,4629.8,BE,-0.2,-6.0,1
2026-01-15 00:45:00,2026-01-15 00:54:00,2026-01-15 00:56:00,MSS,short,4619.7,4631.7,4619.7,4614.3,True,2026-01-15 00:55:00,4619.7,BE,0.0,-4.0,2
2026-01-15 00:55:00,2026-01-15 01:03:00,2026-01-15 01:12:00,EXTEND,short,4623.4,4631.7,4623.4,4610.9,True,2026-01-15 01:07:00,4623.4,BE,0.0,-4.0,9
2026-01-15 01:40:00,2026-01-15 01:52:00,2026-01-15 01:54:00,BOS,short,4617.6,4619.1,4619.1,4604.6,False,,4619.1,SL,-1.5,-19.0,2
2026-01-15 03:50:00,2026-01-15 07:00:00,2026-01-15 07:01:00,EXTEND,long,4636.4,4641.6,4641.6,4650.9,False,,4636.1,SL,-0.3,-7.0,1
2026-01-15 07:40:00,2026-01-15 07:52:00,2026-01-15 08:17:00,EXTEND,short,4615.2,4623.0,4623.0,4602.7,False,,4623.0,SL,-7.8,-82.0,25
2026-01-15 08:50:00,2026-01-15 08:58:00,2026-01-15 09:01:00,EXTEND,short,4619.3,4622.8,4619.3,4612.3,True,2026-01-15 09:00:00,4619.3,BE,0.0,-4.0,3
2026-01-15 09:05:00,2026-01-15 09:14:00,2026-01-15 09:15:00,EXTEND,short,4613.6,4622.2,4613.6,4608.1,True,2026-01-15 09:15:00,4613.6,BE,0.0,-4.0,1
2026-01-15 09:30:00,2026-01-15 09:53:00,2026-01-15 14:09:00,EXTEND,short,4608.7,4622.2,4608.7,4578.0,True,2026-01-15 11:13:00,4608.7,BE,0.0,-4.0,256
2026-01-15 15:15:00,2026-01-15 15:22:00,2026-01-15 15:38:00,BOS,long,4615.2,4610.2,4610.2,4620.1,False,,4610.2,SL,-5.0,-54.0,16
2026-01-15 16:00:00,2026-01-15 16:21:00,2026-01-15 16:34:00,EXTEND,short,4607.6,4615.9,4607.6,4598.5,True,2026-01-15 16:26:00,4607.6,BE,0.0,-4.0,13
2026-01-15 18:20:00,2026-01-15 18:28:00,2026-01-15 18:37:00,BOS,long,4617.6,4613.4,4617.6,4621.8,True,2026-01-15 18:35:00,4621.8,TP,4.2,37.82,9
2026-01-15 19:45:00,2026-01-15 19:53:00,2026-01-15 19:55:00,MSS,short,4621.6,4627.2,4621.6,4617.4,True,2026-01-15 19:54:00,4621.6,BE,0.0,-4.0,2
2026-01-15 20:15:00,2026-01-15 20:27:00,2026-01-15 20:35:00,EXTEND,short,4620.7,4624.9,4620.7,4616.1,True,2026-01-15 20:33:00,4620.7,BE,0.0,-4.0,8
2026-01-15 20:55:00,2026-01-15 21:04:00,2026-01-15 21:05:00,EXTEND,short,4615.1,4622.8,4615.1,4613.7,True,2026-01-15 21:05:00,4615.1,BE,0.0,-4.0,1
2026-01-15 23:00:00,2026-01-15 23:08:00,2026-01-16 00:11:00,EXTEND,long,4612.8,4603.8,4612.8,4623.4,True,2026-01-15 23:12:00,4623.4,TP,10.6,101.58,63
2026-01-16 00:35:00,2026-01-16 00:40:00,2026-01-16 00:41:00,MSS,short,4610.1,4630.0,4610.1,4605.9,True,2026-01-16 00:41:00,4610.1,BE,0.0,-4.0,1
2026-01-16 02:20:00,2026-01-16 02:33:00,2026-01-16 03:15:00,EXTEND,long,4622.1,4618.5,4622.1,4628.3,True,2026-01-16 03:03:00,4622.1,BE,0.0,-4.0,42
2026-01-16 07:00:00,2026-01-16 07:05:00,2026-01-16 07:06:00,BOS,long,4625.1,4617.7,4625.1,4626.2,True,2026-01-16 07:06:00,4625.1,BE,0.0,-4.0,1
2026-01-16 07:05:00,2026-01-16 07:22:00,2026-01-16 07:24:00,EXTEND,long,4618.3,4617.7,4617.7,4627.4,False,,4617.7,SL,-0.6,-10.0,2
2026-01-16 08:05:00,2026-01-16 08:19:00,2026-01-16 08:22:00,BOS,short,4612.3,4615.0,4615.0,4605.3,False,,4615.0,SL,-2.7,-31.0,3
2026-01-16 09:30:00,2026-01-16 09:35:00,2026-01-16 09:37:00,EXTEND,long,4608.1,4603.4,4608.1,4613.6,True,2026-01-16 09:36:00,4608.1,BE,0.0,-4.0,2
2026-01-16 09:55:00,2026-01-16 10:03:00,2026-01-16 10:04:00,MSS,short,4604.8,4612.5,4604.8,4600.8,True,2026-01-16 10:04:00,4604.9,BE,-0.1,-5.0,1
2026-01-16 10:10:00,2026-01-16 10:18:00,2026-01-16 10:34:00,BOS,short,4604.5,4607.7,4604.5,4598.9,True,2026-01-16 10:30:00,4598.9,TP,5.6,51.63,16
2026-01-16 10:35:00,2026-01-16 11:15:00,2026-01-16 12:04:00,EXTEND,short,4601.6,4607.6,4601.6,4591.0,True,2026-01-16 11:32:00,4601.6,BE,0.0,-4.0,49
2026-01-16 12:20:00,2026-01-16 12:32:00,2026-01-16 13:11:00,EXTEND,long,4601.9,4598.3,4601.9,4606.6,True,2026-01-16 12:39:00,4601.9,BE,0.0,-4.0,39
2026-01-16 13:10:00,2026-01-16 13:31:00,2026-01-16 13:33:00,MSS,short,4602.3,4605.7,4602.3,4596.7,True,2026-01-16 13:32:00,4602.3,BE,0.0,-4.0,2
2026-01-16 13:55:00,2026-01-16 14:20:00,2026-01-16 14:44:00,EXTEND,long,4610.4,4599.7,4599.7,4625.7,False,,4599.7,SL,-10.7,-111.0,24
2026-01-16 15:10:00,2026-01-16 15:26:00,2026-01-16 15:40:00,MSS,long,4610.7,4597.1,4610.7,4621.2,True,2026-01-16 15:35:00,4610.7,BE,0.0,-4.0,14
2026-01-16 15:40:00,2026-01-16 15:50:00,2026-01-16 16:55:00,MSS,short,4611.5,4616.0,4611.5,4602.7,True,2026-01-16 16:37:00,4611.5,BE,0.0,-4.0,65
2026-01-16 17:30:00,2026-01-16 18:08:00,2026-01-16 18:18:00,EXTEND,short,4607.5,4612.4,4612.4,4600.1,False,,4612.4,SL,-4.9,-53.0,10
2026-01-16 18:50:00,2026-01-16 18:57:00,2026-01-16 18:58:00,MSS,short,4605.4,4612.6,4605.4,4605.0,True,2026-01-16 18:58:00,4605.4,BE,0.0,-4.0,1
2026-01-16 19:15:00,2026-01-16 19:20:00,2026-01-16 19:21:00,MSS,long,4613.3,4602.2,4613.3,4616.2,True,2026-01-16 19:21:00,4613.1,BE,-0.2,-6.0,1
2026-01-16 20:25:00,2026-01-16 20:30:00,2026-01-16 20:31:00,EXTEND,short,4608.9,4617.3,4608.9,4606.3,True,2026-01-16 20:31:00,4608.9,BE,0.0,-4.0,1
2026-01-16 20:50:00,2026-01-16 20:59:00,2026-01-16 21:01:00,BOS,short,4605.6,4609.7,4605.6,4599.2,True,2026-01-16 21:00:00,4605.6,BE,0.0,-4.0,2
2026-01-16 21:25:00,2026-01-16 21:37:00,2026-01-16 22:06:00,EXTEND,short,4599.9,4610.0,4610.0,4579.5,False,,4610.0,SL,-10.1,-105.0,29
2026-01-19 08:15:00,2026-01-19 08:30:00,2026-01-19 08:38:00,MSS,short,4681.1,4685.7,4685.7,4662.7,False,,4685.7,SL,-4.6,-50.0,8
2026-01-19 09:00:00,2026-01-19 09:09:00,2026-01-19 09:11:00,BOS,short,4678.0,4685.7,4678.0,4672.5,True,2026-01-19 09:10:00,4672.5,TP,5.5,51.08,2
2026-01-19 10:00:00,2026-01-19 10:08:00,2026-01-19 10:30:00,BOS,short,4668.5,4674.8,4668.5,4655.9,True,2026-01-19 10:27:00,4668.5,BE,0.0,-4.0,22
2026-01-19 11:45:00,2026-01-19 11:52:00,2026-01-19 11:53:00,MSS,short,4665.6,4672.8,4665.6,4664.4,True,2026-01-19 11:53:00,4665.6,BE,0.0,-4.0,1
2026-01-19 12:25:00,2026-01-19 12:31:00,2026-01-19 12:57:00,EXTEND,long,4669.6,4665.0,4669.6,4673.6,True,2026-01-19 12:48:00,4669.6,BE,0.0,-4.0,26
2026-01-19 13:35:00,2026-01-19 13:42:00,2026-01-19 13:43:00,MSS,short,4671.7,4680.3,4671.7,4670.9,True,2026-01-19 13:43:00,4671.7,BE,0.0,-4.0,1
2026-01-19 13:40:00,2026-01-19 13:58:00,2026-01-19 14:32:00,EXTEND,short,4675.9,4680.3,4680.3,4667.0,False,,4680.3,SL,-4.4,-48.0,34
2026-01-19 14:35:00,2026-01-19 14:45:00,2026-01-19 14:47:00,EXTEND,long,4679.2,4675.3,4679.2,4684.1,True,2026-01-19 14:46:00,4679.2,BE,0.0,-4.0,2
2026-01-19 14:55:00,2026-01-19 15:05:00,2026-01-19 15:06:00,BOS,long,4683.4,4677.1,4683.4,4686.5,True,2026-01-19 15:06:00,4683.3,BE,-0.1,-5.0,1
2026-01-19 15:55:00,2026-01-19 16:09:00,2026-01-19 17:12:00,EXTEND,short,4675.6,4683.8,4675.6,4662.1,True,2026-01-19 16:49:00,4675.6,BE,0.0,-4.0,63
2026-01-19 17:15:00,2026-01-19 17:32:00,2026-01-19 17:42:00,EXTEND,long,4672.1,4666.4,4672.1,4680.5,True,2026-01-19 17:35:00,4672.1,BE,0.0,-4.0,10
2026-01-19 18:15:00,2026-01-19 18:23:00,2026-01-19 18:29:00,EXTEND,long,4673.5,4671.4,4671.4,4677.2,False,,4671.4,SL,-2.1,-25.0,6
2026-01-19 18:40:00,2026-01-19 18:50:00,2026-01-19 19:07:00,BOS,short,4669.8,4672.2,4669.8,4664.5,True,2026-01-19 19:03:00,4669.8,BE,0.0,-4.0,17
2026-01-19 19:30:00,2026-01-19 19:43:00,2026-01-19 19:49:00,EXTEND,long,4669.1,4666.5,4666.5,4674.1,False,,4666.5,SL,-2.6,-30.0,6
2026-01-19 22:10:00,2026-01-19 22:34:00,2026-01-19 22:44:00,EXTEND,short,4672.3,4678.9,4672.3,4663.2,True,2026-01-19 22:38:00,4672.3,BE,0.0,-4.0,10
2026-01-19 23:05:00,2026-01-19 23:15:00,2026-01-19 23:24:00,MSS,long,4673.2,4669.6,4669.6,4677.6,False,,4669.6,SL,-3.6,-40.0,9
2026-01-20 00:40:00,2026-01-20 00:52:00,2026-01-20 00:54:00,EXTEND,long,4677.7,4675.7,4677.7,4679.8,True,2026-01-20 00:53:00,4677.7,BE,0.0,-4.0,2
2026-01-20 00:55:00,2026-01-20 01:01:00,2026-01-20 01:05:00,EXTEND,long,4678.0,4675.7,4678.0,4679.9,True,2026-01-20 01:04:00,4678.0,BE,0.0,-4.0,4
2026-01-20 01:15:00,2026-01-20 01:33:00,2026-01-20 01:40:00,EXTEND,short,4677.0,4679.0,4679.0,4673.2,False,,4679.0,SL,-2.0,-24.0,7
2026-01-20 02:20:00,2026-01-20 02:37:00,2026-01-20 03:11:00,BOS,long,4682.0,4679.0,4679.0,4688.0,False,,4679.0,SL,-3.0,-34.0,34
2026-01-20 03:25:00,2026-01-20 07:02:00,2026-01-20 07:28:00,EXTEND,short,4679.0,4682.7,4679.0,4670.6,True,2026-01-20 07:03:00,4670.6,TP,8.4,79.65,26
2026-01-20 08:00:00,2026-01-20 08:09:00,2026-01-20 08:10:00,BOS,short,4672.4,4672.4,4672.4,4669.2,False,,4672.4,SL,0.0,-4.0,1
2026-01-20 08:25:00,2026-01-20 08:37:00,2026-01-20 08:44:00,MSS,short,4669.5,4674.2,4669.5,4663.3,True,2026-01-20 08:40:00,4669.5,BE,0.0,-4.0,7
2026-01-20 09:00:00,2026-01-20 09:05:00,2026-01-20 09:06:00,MSS,long,4676.0,4666.4,4676.0,4677.4,True,2026-01-20 09:06:00,4675.9,BE,-0.1,-5.0,1
2026-01-20 09:05:00,2026-01-20 09:24:00,2026-01-20 09:56:00,EXTEND,long,4673.9,4666.4,4673.9,4682.9,True,2026-01-20 09:25:00,4673.9,BE,0.0,-4.0,32
2026-01-20 10:10:00,2026-01-20 10:33:00,2026-01-20 11:17:00,MSS,short,4677.5,4681.0,4677.5,4667.0,True,2026-01-20 10:49:00,4677.5,BE,0.0,-4.0,44
2026-01-20 13:10:00,2026-01-20 13:25:00,2026-01-20 13:30:00,BOS,long,4704.6,4700.5,4700.5,4709.6,False,,4700.5,SL,-4.1,-45.0,5
2026-01-20 14:40:00,2026-01-20 14:56:00,2026-01-20 15:13:00,EXTEND,short,4719.2,4723.4,4723.4,4707.9,False,,4723.4,SL,-4.2,-46.0,17
2026-01-20 16:05:00,2026-01-20 16:11:00,2026-01-20 16:12:00,MSS,long,4730.9,4720.2,4730.9,4733.5,True,2026-01-20 16:12:00,4730.9,BE,0.0,-4.0,1
2026-01-20 16:25:00,2026-01-20 16:33:00,2026-01-20 16:34:00,EXTEND,short,4725.7,4731.4,4725.7,4721.6,True,2026-01-20 16:34:00,4725.7,BE,0.0,-4.0,1
2026-01-20 16:45:00,2026-01-20 16:52:00,2026-01-20 16:53:00,MSS,long,4732.4,4721.5,4732.4,4733.8,True,2026-01-20 16:53:00,4732.2,BE,-0.2,-6.0,1
2026-01-20 17:25:00,2026-01-20 17:30:00,2026-01-20 17:31:00,MSS,long,4740.9,4727.2,4740.9,4743.5,True,2026-01-20 17:31:00,4740.5,BE,-0.4,-8.0,1
2026-01-20 18:25:00,2026-01-20 18:32:00,2026-01-20 18:33:00,MSS,short,4729.7,4739.1,4729.7,4731.5,True,2026-01-20 18:33:00,4729.9,BE,-0.2,-6.0,1
2026-01-20 19:05:00,2026-01-20 19:21:00,2026-01-20 19:49:00,EXTEND,short,4732.4,4739.1,4739.1,4724.1,False,,4739.1,SL,-6.7,-71.0,28
2026-01-20 19:50:00,2026-01-20 20:06:00,2026-01-20 20:30:00,EXTEND,long,4737.8,4731.3,4731.3,4743.5,False,,4731.3,SL,-6.5,-69.0,24
2026-01-20 20:30:00,2026-01-20 20:43:00,2026-01-20 20:44:00,EXTEND,short,4732.2,4736.3,4732.2,4727.7,True,2026-01-20 20:44:00,4732.2,BE,0.0,-4.0,1
2026-01-20 21:30:00,2026-01-20 21:39:00,2026-01-20 21:41:00,EXTEND,short,4725.9,4731.9,4731.9,4716.5,False,,4731.9,SL,-6.0,-64.0,2
2026-01-20 22:30:00,2026-01-20 22:35:00,2026-01-20 22:36:00,MSS,short,4735.5,4756.2,4735.5,4730.2,True,2026-01-20 22:36:00,4735.5,BE,0.0,-4.0,1
2026-01-20 22:35:00,2026-01-20 22:53:00,2026-01-20 22:54:00,EXTEND,short,4740.1,4756.2,4740.1,4726.5,True,2026-01-20 22:54:00,4740.1,BE,0.0,-4.0,1
2026-01-20 23:05:00,2026-01-20 23:20:00,2026-01-20 23:23:00,EXTEND,long,4744.6,4738.0,4738.0,4757.9,False,,4738.0,SL,-6.6,-70.0,3
2026-01-21 07:00:00,2026-01-21 07:07:00,2026-01-21 07:15:00,MSS,short,4765.3,4769.2,4765.3,4761.5,True,2026-01-21 07:09:00,4761.5,TP,3.8,34.47,8
2026-01-21 07:40:00,2026-01-21 07:46:00,2026-01-21 07:47:00,MSS,long,4781.8,4761.8,4781.8,4782.4,True,2026-01-21 07:47:00,4781.5,BE,-0.3,-7.0,1
2026-01-21 08:55:00,2026-01-21 09:01:00,2026-01-21 09:02:00,EXTEND,long,4792.7,4786.9,4792.7,4794.5,True,2026-01-21 09:02:00,4792.7,BE,0.0,-4.0,1
2026-01-21 09:50:00,2026-01-21 10:14:00,2026-01-21 10:45:00,BOS,long,4831.4,4818.1,4831.4,4855.3,True,2026-01-21 10:38:00,4831.4,BE,0.0,-4.0,31
2026-01-21 11:10:00,2026-01-21 11:17:00,2026-01-21 11:23:00,EXTEND,long,4836.1,4830.3,4830.3,4858.5,False,,4830.3,SL,-5.8,-62.0,6
2026-01-21 13:05:00,2026-01-21 13:12:00,2026-01-21 13:18:00,EXTEND,short,4866.9,4873.8,4873.8,4858.2,False,,4873.8,SL,-6.9,-73.0,6
2026-01-21 13:20:00,2026-01-21 13:28:00,2026-01-21 13:42:00,EXTEND,long,4870.7,4861.5,4870.7,4881.1,True,2026-01-21 13:33:00,4870.7,BE,0.0,-4.0,14
2026-01-21 14:35:00,2026-01-21 14:40:00,2026-01-21 14:41:00,MSS,short,4869.6,4890.9,4869.6,4864.4,True,2026-01-21 14:41:00,4869.7,BE,-0.1,-5.0,1
2026-01-21 15:50:00,2026-01-21 15:55:00,2026-01-21 15:56:00,MSS,long,4858.7,4840.7,4858.7,4864.4,True,2026-01-21 15:56:00,4858.6,BE,-0.1,-5.0,1
2026-01-21 16:25:00,2026-01-21 16:34:00,2026-01-21 16:50:00,EXTEND,long,4865.0,4858.1,4858.1,4875.4,False,,4858.1,SL,-6.9,-73.0,16
2026-01-21 16:55:00,2026-01-21 17:12:00,2026-01-21 17:25:00,MSS,short,4861.7,4871.7,4871.7,4848.7,False,,4871.7,SL,-10.0,-104.0,13
2026-01-22 07:55:00,2026-01-22 08:13:00,2026-01-22 08:42:00,BOS,short,4792.2,4799.5,4792.2,4773.6,True,2026-01-22 08:23:00,4792.2,BE,0.0,-4.0,29
2026-01-22 09:00:00,2026-01-22 09:12:00,2026-01-22 09:19:00,MSS,short,4782.1,4799.8,4799.8,4765.3,False,,4799.8,SL,-17.7,-181.0,7
2026-01-22 09:20:00,2026-01-22 10:34:00,2026-01-22 13:59:00,EXTEND,long,4785.5,4772.6,4785.5,4821.4,True,2026-01-22 13:05:00,4821.4,TP,35.9,354.68,205
2026-01-22 15:00:00,2026-01-22 15:06:00,2026-01-22 15:07:00,MSS,long,4834.6,4821.7,4834.6,4835.5,True,2026-01-22 15:07:00,4834.6,BE,0.0,-4.0,1
2026-01-22 15:45:00,2026-01-22 15:59:00,2026-01-22 16:00:00,EXTEND,short,4833.5,4839.3,4833.5,4829.8,True,2026-01-22 16:00:00,4833.5,BE,0.0,-4.0,1
2026-01-22 16:55:00,2026-01-22 17:01:00,2026-01-22 17:02:00,MSS,long,4832.9,4823.3,4832.9,4836.1,True,2026-01-22 17:02:00,4832.8,BE,-0.1,-5.0,1
2026-01-22 18:50:00,2026-01-22 19:01:00,2026-01-22 19:07:00,BOS,long,4831.5,4828.1,4831.5,4835.2,True,2026-01-22 19:03:00,4831.5,BE,0.0,-4.0,6
2026-01-22 19:10:00,2026-01-22 19:15:00,2026-01-22 19:16:00,MSS,short,4826.8,4834.0,4826.8,4826.3,True,2026-01-22 19:16:00,4826.3,TP,0.5,1.47,1
2026-01-22 19:15:00,2026-01-22 19:24:00,2026-01-22 19:37:00,EXTEND,short,4830.1,4834.0,4830.1,4824.1,True,2026-01-22 19:35:00,4830.1,BE,0.0,-4.0,13
2026-01-22 19:55:00,2026-01-22 20:06:00,2026-01-22 20:09:00,EXTEND,long,4828.5,4827.1,4827.1,4841.6,False,,4827.1,SL,-1.4,-18.0,3
2026-01-22 20:05:00,2026-01-22 20:28:00,2026-01-22 20:59:00,MSS,short,4833.1,4838.5,4833.1,4822.1,True,2026-01-22 20:50:00,4822.1,TP,11.0,105.83,31
2026-01-22 21:00:00,2026-01-22 21:20:00,2026-01-22 21:22:00,EXTEND,short,4829.7,4834.8,4834.8,4812.8,False,,4834.8,SL,-5.1,-55.0,2
2026-01-22 21:25:00,2026-01-22 21:37:00,2026-01-22 21:42:00,EXTEND,long,4824.3,4817.5,4817.5,4842.9,False,,4817.5,SL,-6.8,-72.0,5
2026-01-22 21:40:00,2026-01-22 22:06:00,2026-01-22 22:32:00,MSS,short,4823.2,4837.5,4837.5,4803.8,False,,4837.5,SL,-14.3,-147.0,26
2026-01-22 22:30:00,2026-01-22 23:02:00,2026-01-22 23:28:00,EXTEND,long,4838.7,4821.7,4838.7,4857.0,True,2026-01-22 23:17:00,4857.0,TP,18.3,179.06,26
2026-01-23 00:50:00,2026-01-23 00:58:00,2026-01-23 01:08:00,EXTEND,long,4880.4,4876.0,4880.4,4891.2,True,2026-01-23 01:03:00,4880.4,BE,0.0,-4.0,10
2026-01-23 03:10:00,2026-01-23 03:29:00,2026-01-23 03:45:00,EXTEND,long,4917.8,4913.9,4913.9,4931.0,False,,4913.9,SL,-3.9,-43.0,16
2026-01-23 07:10:00,2026-01-23 07:17:00,2026-01-23 07:30:00,EXTEND,long,4948.1,4938.1,4938.1,4970.7,False,,4938.1,SL,-10.0,-104.0,13
2026-01-23 07:30:00,2026-01-23 07:57:00,2026-01-23 08:02:00,MSS,short,4959.9,4963.8,4963.8,4924.3,False,,4963.8,SL,-3.9,-43.0,5
2026-01-23 09:00:00,2026-01-23 09:05:00,2026-01-23 09:06:00,MSS,short,4942.2,4968.5,4942.2,4930.4,True,2026-01-23 09:06:00,4942.5,BE,-0.3,-7.0,1
2026-01-23 09:05:00,2026-01-23 09:18:00,2026-01-23 09:20:00,EXTEND,short,4948.7,4968.5,4948.7,4930.0,True,2026-01-23 09:19:00,4948.7,BE,0.0,-4.0,2
2026-01-23 10:30:00,2026-01-23 10:43:00,2026-01-23 10:44:00,MSS,long,4958.6,4948.4,4958.6,4962.4,True,2026-01-23 10:44:00,4958.5,BE,-0.1,-5.0,1
2026-01-23 11:15:00,2026-01-23 11:24:00,2026-01-23 11:25:00,MSS,short,4945.2,4960.9,4945.2,4935.9,True,2026-01-23 11:25:00,4945.3,BE,-0.1,-5.0,1
2026-01-23 11:25:00,2026-01-23 11:42:00,2026-01-23 13:22:00,EXTEND,short,4950.4,4960.9,4960.9,4933.8,False,,4960.9,SL,-10.5,-109.0,100
2026-01-23 13:20:00,2026-01-23 13:30:00,2026-01-23 13:31:00,BOS,long,4961.9,4956.5,4961.9,4962.7,True,2026-01-23 13:31:00,4961.9,BE,0.0,-4.0,1
2026-01-23 13:30:00,2026-01-23 13:38:00,2026-01-23 13:45:00,EXTEND,long,4959.7,4956.5,4959.7,4963.5,True,2026-01-23 13:39:00,4963.5,TP,3.8,33.85,7
2026-01-23 13:50:00,2026-01-23 14:02:00,2026-01-23 14:04:00,EXTEND,long,4963.5,4957.6,4957.6,4972.1,False,,4957.6,SL,-5.9,-63.0,2
2026-01-26 08:30:00,2026-01-26 08:38:00,2026-01-26 08:39:00,MSS,long,5048.9,5029.4,5048.9,5053.0,True,2026-01-26 08:39:00,5048.9,BE,0.0,-4.0,1
2026-01-26 08:40:00,2026-01-26 09:00:00,2026-01-26 09:01:00,EXTEND,long,5043.0,5029.4,5029.4,5057.6,False,,5029.4,SL,-13.6,-140.0,1
2026-01-26 10:30:00,2026-01-26 11:04:00,2026-01-26 11:18:00,EXTEND,long,5079.3,5064.4,5079.3,5098.8,True,2026-01-26 11:15:00,5079.3,BE,0.0,-4.0,14
2026-01-26 12:45:00,2026-01-26 13:03:00,2026-01-26 13:19:00,EXTEND,short,5068.0,5076.0,5068.0,5050.0,True,2026-01-26 13:05:00,5050.0,TP,18.0,176.35,16
2026-01-26 13:15:00,2026-01-26 13:31:00,2026-01-26 13:32:00,BOS,short,5053.5,5070.8,5053.5,5043.9,True,2026-01-26 13:32:00,5053.5,BE,0.0,-4.0,1
2026-01-26 14:50:00,2026-01-26 15:03:00,2026-01-26 21:03:00,EXTEND,long,5078.0,5063.2,5063.2,5120.0,False,,5063.2,SL,-14.8,-152.0,360
2026-01-26 21:00:00,2026-01-26 21:13:00,2026-01-26 21:30:00,EXTEND,short,5077.0,5083.5,5077.0,5057.6,True,2026-01-26 21:21:00,5057.6,TP,19.4,190.08,17
2026-01-26 21:30:00,2026-01-26 21:50:00,2026-01-26 22:10:00,BOS,short,5067.6,5081.0,5067.6,5044.0,True,2026-01-26 22:01:00,5067.6,BE,0.0,-4.0,20
2026-01-26 22:55:00,2026-01-26 23:04:00,2026-01-26 23:05:00,EXTEND,long,5089.5,5076.2,5089.5,5099.7,True,2026-01-26 23:05:00,5089.5,BE,0.0,-4.0,1
2026-01-26 23:10:00,2026-01-26 23:22:00,2026-01-26 23:23:00,EXTEND,long,5090.7,5076.2,5090.7,5100.6,True,2026-01-26 23:23:00,5090.7,BE,0.0,-4.0,1
2026-01-27 00:05:00,2026-01-27 00:13:00,2026-01-27 00:14:00,EXTEND,long,5099.5,5071.1,5099.5,5111.4,True,2026-01-27 00:14:00,5099.5,BE,0.0,-4.0,1
2026-01-27 00:35:00,2026-01-27 00:59:00,2026-01-27 01:48:00,EXTEND,short,5086.3,5101.9,5101.9,5051.1,False,,5101.9,SL,-15.6,-160.0,49
2026-01-27 02:05:00,2026-01-27 02:10:00,2026-01-27 02:11:00,MSS,short,5081.1,5100.4,5081.1,5078.9,True,2026-01-27 02:11:00,5078.9,TP,2.2,17.63,1
2026-01-27 02:40:00,2026-01-27 02:51:00,2026-01-27 03:02:00,EXTEND,short,5071.6,5086.9,5071.6,5044.4,True,2026-01-27 03:01:00,5044.4,TP,27.2,268.45,11
2026-01-27 07:45:00,2026-01-27 08:01:00,2026-01-27 08:39:00,EXTEND,long,5041.6,5033.6,5033.6,5062.2,False,,5033.6,SL,-8.0,-84.0,38
2026-01-27 09:05:00,2026-01-27 09:11:00,2026-01-27 09:12:00,MSS,long,5056.9,5013.3,5056.9,5055.6,True,2026-01-27 09:12:00,5057.0,TP,0.1,-3.0,1
2026-01-27 10:00:00,2026-01-27 10:12:00,2026-01-27 10:41:00,EXTEND,short,5060.1,5071.6,5071.6,5036.3,False,,5071.6,SL,-11.5,-119.0,29
2026-01-27 10:45:00,2026-01-27 10:56:00,2026-01-27 11:16:00,EXTEND,long,5068.0,5055.5,5055.5,5079.9,False,,5055.5,SL,-12.5,-129.0,20
2026-01-28 08:05:00,2026-01-28 08:10:00,2026-01-28 08:17:00,EXTEND,short,5160.7,5174.6,5160.7,5148.6,True,2026-01-28 08:17:00,5160.7,BE,0.0,-4.0,7
2026-01-28 09:05:00,2026-01-28 09:14:00,2026-01-28 09:16:00,EXTEND,long,5187.0,5157.5,5187.0,5209.7,True,2026-01-28 09:16:00,5187.0,BE,0.0,-4.0,2
2026-01-28 11:10:00,2026-01-28 11:42:00,2026-01-28 13:10:00,EXTEND,long,5223.9,5213.9,5223.9,5249.6,True,2026-01-28 11:50:00,5249.6,TP,25.7,252.87,88
2026-01-28 13:40:00,2026-01-28 14:07:00,2026-01-28 14:25:00,BOS,long,5251.3,5244.3,5251.3,5263.2,True,2026-01-28 14:18:00,5251.3,BE,0.0,-4.0,18
2026-01-28 16:45:00,2026-01-28 17:02:00,2026-01-28 17:19:00,MSS,short,5287.5,5306.7,5287.5,5267.2,True,2026-01-28 17:12:00,5267.2,TP,20.3,198.97,17
2026-01-28 17:40:00,2026-01-28 17:53:00,2026-01-28 18:09:00,BOS,short,5270.1,5276.3,5276.3,5253.4,False,,5276.3,SL,-6.2,-66.0,16
2026-01-28 18:10:00,2026-01-28 18:39:00,2026-01-28 19:04:00,EXTEND,long,5268.1,5258.3,5258.3,5287.5,False,,5258.3,SL,-9.8,-102.0,25
2026-01-28 19:45:00,2026-01-28 19:51:00,2026-01-28 19:52:00,MSS,long,5261.6,5246.1,5261.6,5263.8,True,2026-01-28 19:52:00,5261.1,BE,-0.5,-9.0,1
2026-01-28 19:50:00,2026-01-28 20:07:00,2026-01-28 20:09:00,EXTEND,long,5250.6,5246.1,5246.1,5266.0,False,,5246.1,SL,-4.5,-49.0,2
2026-01-28 21:00:00,2026-01-28 21:13:00,2026-01-28 21:35:00,EXTEND,long,5268.4,5259.0,5268.4,5289.5,True,2026-01-28 21:23:00,5268.4,BE,0.0,-4.0,22
2026-01-28 22:05:00,2026-01-28 22:18:00,2026-01-28 22:22:00,EXTEND,short,5257.2,5263.0,5263.0,5236.6,False,,5263.0,SL,-5.8,-62.0,4
2026-01-28 23:05:00,2026-01-28 23:16:00,2026-01-28 23:18:00,MSS,short,5251.7,5292.3,5251.7,5211.5,True,2026-01-28 23:17:00,5251.7,BE,0.0,-4.0,2
2026-01-29 00:30:00,2026-01-29 00:40:00,2026-01-29 00:46:00,MSS,short,5281.1,5288.8,5288.8,5269.8,False,,5288.8,SL,-7.7,-81.0,6
2026-01-29 01:00:00,2026-01-29 01:20:00,2026-01-29 01:31:00,EXTEND,long,5294.1,5273.8,5294.1,5313.4,True,2026-01-29 01:22:00,5294.1,BE,0.0,-4.0,11
2026-01-29 01:35:00,2026-01-29 01:58:00,2026-01-29 02:07:00,MSS,short,5296.9,5301.3,5301.3,5273.5,False,,5301.3,SL,-4.4,-48.0,9
2026-01-29 02:10:00,2026-01-29 02:16:00,2026-01-29 02:17:00,EXTEND,long,5301.6,5289.4,5301.6,5306.8,True,2026-01-29 02:17:00,5301.4,BE,-0.2,-6.0,1
2026-01-29 02:20:00,2026-01-29 02:33:00,2026-01-29 02:34:00,EXTEND,long,5286.9,5289.4,5289.4,5333.3,False,,5286.8,SL,-0.1,-5.0,1
2026-01-29 07:35:00,2026-01-29 07:48:00,2026-01-29 08:01:00,EXTEND,long,5505.8,5463.9,5463.9,5620.2,False,,5463.9,SL,-41.9,-423.0,13
2026-02-12 21:45:00,2026-02-12 23:40:00,2026-02-12 23:59:00,BOS,long,5068.1,5061.9,5061.9,5079.3,False,,5059.8,SL,-8.3,-87.0,2
2026-02-26 08:55:00,2026-02-26 09:00:00,2026-02-26 09:01:00,EXTEND,long,5206.9,5196.3,5206.9,5210.4,True,2026-02-26 09:01:00,5206.9,BE,0.0,-4.0,1
2026-02-26 09:00:00,2026-02-26 09:12:00,2026-02-26 09:23:00,EXTEND,long,5202.9,5196.3,5202.9,5218.8,True,2026-02-26 09:21:00,5202.9,BE,0.0,-4.0,11
2026-02-26 09:30:00,2026-02-26 09:39:00,2026-02-26 10:00:00,EXTEND,short,5200.7,5211.1,5211.1,5189.6,False,,5211.1,SL,-10.4,-108.0,21
2026-02-26 10:50:00,2026-02-26 10:55:00,2026-02-26 10:56:00,MSS,long,5200.9,5189.1,5200.9,5203.3,True,2026-02-26 10:56:00,5200.9,BE,0.0,-4.0,1
2026-02-26 13:25:00,2026-02-26 13:49:00,2026-02-26 15:02:00,EXTEND,long,5210.0,5206.4,5206.4,5225.8,False,,5206.4,SL,-3.6,-40.0,73
2026-02-26 15:05:00,2026-02-26 15:20:00,2026-02-26 15:25:00,BOS,short,5203.9,5211.5,5203.9,5193.8,True,2026-02-26 15:23:00,5203.9,BE,0.0,-4.0,5
2026-02-26 15:50:00,2026-02-26 15:59:00,2026-02-26 16:11:00,EXTEND,short,5202.6,5206.5,5202.6,5193.4,True,2026-02-26 16:01:00,5202.6,BE,0.0,-4.0,12
2026-02-26 16:25:00,2026-02-26 16:33:00,2026-02-26 16:34:00,MSS,short,5187.1,5207.7,5187.1,5186.5,True,2026-02-26 16:34:00,5187.1,BE,0.0,-4.0,1
2026-02-26 16:45:00,2026-02-26 16:53:00,2026-02-26 20:01:00,EXTEND,short,5194.9,5207.7,5194.9,5176.5,True,2026-02-26 18:36:00,5176.5,TP,18.4,180.42,188
2026-02-26 20:00:00,2026-02-26 20:13:00,2026-02-26 20:23:00,EXTEND,short,5183.7,5191.6,5191.6,5168.1,False,,5191.6,SL,-7.9,-83.0,10
2026-02-26 21:10:00,2026-02-26 21:23:00,2026-02-26 21:39:00,EXTEND,short,5191.7,5200.9,5191.7,5180.1,True,2026-02-26 21:30:00,5191.7,BE,0.0,-4.0,16
2026-02-26 22:25:00,2026-02-26 22:34:00,2026-02-26 22:39:00,EXTEND,long,5181.6,5175.9,5181.6,5192.2,True,2026-02-26 22:35:00,5181.6,BE,0.0,-4.0,5
2026-02-26 22:35:00,2026-02-26 22:42:00,2026-02-26 22:45:00,EXTEND,long,5182.0,5175.9,5182.0,5195.3,True,2026-02-26 22:43:00,5182.0,BE,0.0,-4.0,3
2026-02-26 22:45:00,2026-02-26 22:54:00,2026-02-26 23:01:00,EXTEND,long,5185.1,5175.9,5175.9,5197.0,False,,5175.9,SL,-9.2,-96.0,7
2026-02-26 23:40:00,2026-02-26 23:45:00,2026-02-26 23:46:00,MSS,long,5195.5,5145.2,5195.5,5205.7,True,2026-02-26 23:46:00,5195.5,BE,0.0,-4.0,1
2026-02-27 01:45:00,2026-02-27 01:53:00,2026-02-27 01:54:00,BOS,short,5183.3,5194.9,5183.3,5177.8,True,2026-02-27 01:54:00,5183.3,BE,0.0,-4.0,1
2026-02-27 02:10:00,2026-02-27 02:15:00,2026-02-27 02:16:00,MSS,long,5192.3,5180.4,5192.3,5193.4,True,2026-02-27 02:16:00,5192.3,BE,0.0,-4.0,1
2026-02-27 02:30:00,2026-02-27 02:36:00,2026-02-27 02:51:00,EXTEND,long,5187.9,5180.4,5187.9,5202.5,True,2026-02-27 02:39:00,5202.5,TP,14.6,141.98,15
2026-02-27 03:45:00,2026-02-27 07:00:00,2026-02-27 07:01:00,BOS,long,5206.8,5200.3,5200.3,5214.4,False,,5200.3,SL,-6.5,-69.0,1
2026-02-27 07:00:00,2026-02-27 07:08:00,2026-02-27 07:09:00,BOS,short,5196.6,5208.6,5196.6,5187.6,True,2026-02-27 07:09:00,5196.6,BE,0.0,-4.0,1
2026-02-27 08:15:00,2026-02-27 08:20:00,2026-02-27 08:21:00,MSS,long,5208.0,5195.3,5208.0,5210.2,True,2026-02-27 08:21:00,5208.0,BE,0.0,-4.0,1
2026-02-27 08:35:00,2026-02-27 08:41:00,2026-02-27 08:42:00,MSS,short,5188.5,5211.5,5188.5,5180.8,True,2026-02-27 08:42:00,5188.5,BE,0.0,-4.0,1
2026-02-27 11:30:00,2026-02-27 11:39:00,2026-02-27 11:44:00,EXTEND,long,5203.0,5197.7,5203.0,5208.0,True,2026-02-27 11:42:00,5203.0,BE,0.0,-4.0,5
2026-02-27 11:45:00,2026-02-27 12:02:00,2026-02-27 12:20:00,BOS,long,5202.5,5200.0,5200.0,5209.4,False,,5200.0,SL,-2.5,-29.0,18
2026-02-27 12:25:00,2026-02-27 12:32:00,2026-02-27 12:39:00,EXTEND,long,5203.9,5200.7,5203.9,5206.8,True,2026-02-27 12:36:00,5203.9,BE,0.0,-4.0,7
2026-02-27 12:55:00,2026-02-27 13:09:00,2026-02-27 13:24:00,EXTEND,short,5201.4,5205.2,5205.2,5195.0,False,,5205.2,SL,-3.8,-42.0,15
2026-02-27 13:55:00,2026-02-27 14:11:00,2026-02-27 14:16:00,BOS,long,5214.5,5207.8,5214.5,5220.0,True,2026-02-27 14:15:00,5214.5,BE,0.0,-4.0,5
2026-02-27 15:15:00,2026-02-27 15:26:00,2026-02-27 15:37:00,EXTEND,short,5199.1,5206.6,5199.1,5191.0,True,2026-02-27 15:29:00,5199.1,BE,0.0,-4.0,11
2026-02-27 15:55:00,2026-02-27 16:06:00,2026-02-27 16:17:00,BOS,short,5196.6,5199.6,5196.6,5190.7,True,2026-02-27 16:16:00,5196.6,BE,0.0,-4.0,11
2026-02-27 16:20:00,2026-02-27 16:36:00,2026-02-27 16:56:00,EXTEND,short,5196.9,5199.6,5196.9,5188.7,True,2026-02-27 16:54:00,5196.9,BE,0.0,-4.0,20
2026-02-27 17:10:00,2026-02-27 17:17:00,2026-02-27 17:27:00,EXTEND,short,5194.3,5199.2,5199.2,5189.5,False,,5199.2,SL,-4.9,-53.0,10
2026-02-27 18:20:00,2026-02-27 18:25:00,2026-02-27 18:26:00,EXTEND,long,5195.4,5184.0,5195.4,5200.1,True,2026-02-27 18:26:00,5195.4,BE,0.0,-4.0,1
2026-02-27 18:25:00,2026-02-27 18:32:00,2026-02-27 18:53:00,EXTEND,long,5192.4,5184.0,5192.4,5200.8,True,2026-02-27 18:48:00,5192.4,BE,0.0,-4.0,21
2026-02-27 19:15:00,2026-02-27 19:26:00,2026-02-27 19:29:00,EXTEND,short,5191.3,5194.2,5194.2,5186.8,False,,5194.2,SL,-2.9,-33.0,3
2026-02-27 22:00:00,2026-02-27 22:10:00,2026-02-27 22:21:00,EXTEND,long,5241.1,5228.2,5241.1,5253.3,True,2026-02-27 22:11:00,5253.3,TP,12.2,118.46,11
2026-02-27 22:20:00,2026-02-27 22:35:00,2026-02-27 22:39:00,BOS,long,5245.8,5234.7,5234.7,5259.3,False,,5234.7,SL,-11.1,-115.0,4
2026-02-27 23:15:00,2026-02-27 23:26:00,2026-02-27 23:58:00,EXTEND,long,5241.5,5236.8,5241.5,5264.2,True,2026-02-27 23:38:00,5264.2,TP,22.7,223.32,32
2026-02-28 00:15:00,2026-02-28 00:25:00,2026-02-28 01:01:00,EXTEND,long,5253.1,5244.0,5244.0,5285.4,False,,5244.0,SL,-9.1,-95.0,36
2026-02-28 01:00:00,2026-02-28 01:13:00,2026-02-28 01:14:00,EXTEND,short,5247.3,5256.9,5247.3,5240.1,True,2026-02-28 01:14:00,5247.3,BE,0.0,-4.0,1
2026-02-28 01:40:00,2026-02-28 01:49:00,2026-02-28 01:50:00,MSS,long,5254.1,5237.4,5254.1,5259.0,True,2026-02-28 01:50:00,5253.8,BE,-0.3,-7.0,1
2026-02-28 02:20:00,2026-02-28 02:25:00,2026-02-28 02:26:00,MSS,short,5242.7,5256.4,5242.7,5239.8,True,2026-02-28 02:26:00,5242.7,BE,0.0,-4.0,1
2026-02-28 02:25:00,2026-02-28 02:32:00,2026-02-28 02:43:00,EXTEND,short,5246.8,5256.4,5256.4,5235.6,False,,5256.4,SL,-9.6,-100.0,11
2026-03-02 10:05:00,2026-03-02 10:13:00,2026-03-02 10:37:00,EXTEND,short,5340.0,5351.8,5351.8,5322.8,False,,5351.8,SL,-11.8,-122.0,24
2026-03-02 11:30:00,2026-03-02 11:37:00,2026-03-02 11:38:00,EXTEND,long,5374.6,5362.6,5374.6,5376.4,True,2026-03-02 11:38:00,5374.4,BE,-0.2,-6.0,1
2026-03-02 12:00:00,2026-03-02 12:10:00,2026-03-02 12:35:00,EXTEND,long,5371.4,5366.2,5371.4,5383.9,True,2026-03-02 12:19:00,5371.4,BE,0.0,-4.0,25
2026-03-02 13:30:00,2026-03-02 13:38:00,2026-03-02 13:39:00,MSS,long,5371.7,5353.6,5371.7,5375.8,True,2026-03-02 13:39:00,5371.7,BE,0.0,-4.0,1
2026-03-02 16:40:00,2026-03-02 16:50:00,2026-03-02 16:59:00,MSS,short,5421.0,5432.0,5421.0,5406.0,True,2026-03-02 16:53:00,5406.0,TP,15.0,146.35,9
2026-03-02 17:20:00,2026-03-02 17:34:00,2026-03-02 18:06:00,EXTEND,short,5412.2,5425.9,5412.2,5393.6,True,2026-03-02 17:46:00,5393.6,TP,18.6,181.58,32
2026-03-02 18:40:00,2026-03-02 18:57:00,2026-03-02 19:10:00,EXTEND,long,5400.7,5398.1,5398.1,5421.5,False,,5398.1,SL,-2.6,-30.0,13
2026-03-02 19:45:00,2026-03-02 20:14:00,2026-03-02 21:03:00,MSS,short,5405.8,5414.8,5414.8,5379.5,False,,5414.8,SL,-9.0,-94.0,49
2026-03-02 21:10:00,2026-03-02 21:27:00,2026-03-02 21:30:00,MSS,short,5413.1,5425.5,5425.5,5388.0,False,,5425.5,SL,-12.4,-128.0,3
2026-03-03 00:25:00,2026-03-03 00:38:00,2026-03-03 00:42:00,MSS,long,5318.2,5294.5,5318.2,5337.7,True,2026-03-03 00:39:00,5318.2,BE,0.0,-4.0,4
2026-03-03 01:30:00,2026-03-03 01:53:00,2026-03-03 02:08:00,BOS,long,5319.1,5306.2,5306.2,5342.4,False,,5306.2,SL,-12.9,-133.0,15
2026-03-03 02:10:00,2026-03-03 02:22:00,2026-03-03 02:44:00,EXTEND,short,5316.4,5324.2,5316.4,5297.3,True,2026-03-03 02:25:00,5316.4,BE,0.0,-4.0,22
2026-03-03 07:05:00,2026-03-03 07:24:00,2026-03-03 08:17:00,EXTEND,long,5349.7,5335.4,5349.7,5368.7,True,2026-03-03 07:50:00,5368.7,TP,19.0,185.74,53
2026-03-03 08:30:00,2026-03-03 08:55:00,2026-03-03 09:07:00,EXTEND,long,5366.6,5350.4,5366.6,5384.1,True,2026-03-03 09:00:00,5384.1,TP,17.5,170.55,12
2026-03-03 09:25:00,2026-03-03 09:50:00,2026-03-03 09:56:00,EXTEND,long,5367.6,5360.4,5360.4,5403.7,False,,5360.4,SL,-7.2,-76.0,6
2026-03-03 10:00:00,2026-03-03 10:32:00,2026-03-03 13:53:00,EXTEND,short,5374.2,5394.5,5374.2,5333.3,True,2026-03-03 13:34:00,5333.3,TP,40.9,405.14,201
2026-03-03 14:10:00,2026-03-03 14:24:00,2026-03-03 15:38:00,BOS,short,5321.5,5337.0,5337.0,5279.6,False,,5337.0,SL,-15.5,-159.0,74
2026-03-03 16:05:00,2026-03-03 16:17:00,2026-03-03 16:31:00,EXTEND,long,5338.3,5321.7,5321.7,5356.4,False,,5321.7,SL,-16.6,-170.0,14
2026-03-03 16:55:00,2026-03-03 17:04:00,2026-03-03 17:05:00,BOS,short,5302.2,5324.2,5302.2,5296.9,True,2026-03-03 17:05:00,5296.9,TP,5.3,49.05,1
2026-03-03 17:05:00,2026-03-03 17:13:00,2026-03-03 17:25:00,EXTEND,short,5307.0,5324.2,5307.0,5288.3,True,2026-03-03 17:23:00,5288.3,TP,18.7,183.41,12
2026-03-03 17:55:00,2026-03-03 18:03:00,2026-03-03 18:04:00,EXTEND,long,5297.0,5270.9,5297.0,5298.7,True,2026-03-03 18:04:00,5296.3,BE,-0.7,-11.0,1
2026-03-03 18:00:00,2026-03-03 18:10:00,2026-03-03 18:28:00,BOS,long,5288.7,5270.9,5288.7,5307.6,True,2026-03-03 18:27:00,5288.7,BE,0.0,-4.0,18
2026-03-03 21:00:00,2026-03-03 21:05:00,2026-03-03 21:06:00,MSS,short,5180.8,5236.8,5180.8,5171.0,True,2026-03-03 21:06:00,5180.8,BE,0.0,-4.0,1
2026-03-03 21:50:00,2026-03-03 22:14:00,2026-03-03 22:31:00,BOS,short,5175.5,5197.7,5175.5,5128.9,True,2026-03-03 22:17:00,5128.9,TP,46.6,462.34,17
2026-03-04 00:35:00,2026-03-04 00:47:00,2026-03-04 00:49:00,BOS,long,5119.6,5117.8,5117.8,5153.2,False,,5117.8,SL,-1.8,-22.0,2
2026-03-04 02:00:00,2026-03-04 02:09:00,2026-03-04 02:10:00,MSS,long,5108.8,5077.6,5108.8,5114.0,True,2026-03-04 02:10:00,5108.8,BE,0.0,-4.0,1
2026-03-04 03:05:00,2026-03-04 03:10:00,2026-03-04 03:11:00,MSS,short,5130.9,5161.4,5130.9,5131.6,True,2026-03-04 03:11:00,5131.4,BE,-0.5,-9.0,1
2026-03-04 08:00:00,2026-03-04 08:14:00,2026-03-04 08:20:00,MSS,short,5124.3,5136.0,5136.0,5108.6,False,,5136.0,SL,-11.7,-121.0,6
2026-03-04 08:50:00,2026-03-04 08:56:00,2026-03-04 09:00:00,EXTEND,long,5142.4,5130.6,5142.4,5154.3,True,2026-03-04 08:58:00,5154.3,TP,11.9,115.49,4
2026-03-04 10:10:00,2026-03-04 10:26:00,2026-03-04 10:35:00,EXTEND,long,5189.3,5177.4,5177.4,5206.7,False,,5177.4,SL,-11.9,-123.0,9
2026-03-04 12:10:00,2026-03-04 12:25:00,2026-03-04 12:42:00,EXTEND,long,5175.6,5162.3,5162.3,5197.2,False,,5162.3,SL,-13.3,-137.0,17
2026-03-04 12:40:00,2026-03-04 12:47:00,2026-03-04 12:49:00,MSS,short,5165.7,5180.5,5165.7,5155.0,True,2026-03-04 12:48:00,5165.7,BE,0.0,-4.0,2
2026-03-04 13:05:00,2026-03-04 13:12:00,2026-03-04 13:16:00,EXTEND,short,5170.1,5173.4,5173.4,5156.8,False,,5173.5,SL,-3.4,-38.0,4
2026-03-05 08:20:00,2026-03-05 08:49:00,2026-03-05 08:50:00,EXTEND,long,5188.1,5170.6,5188.1,5196.8,True,2026-03-05 08:50:00,5188.1,BE,0.0,-4.0,1
2026-03-05 09:10:00,2026-03-05 09:26:00,2026-03-05 09:42:00,EXTEND,long,5188.7,5177.7,5177.7,5203.4,False,,5177.7,SL,-11.0,-114.0,16
2026-03-05 10:20:00,2026-03-05 10:40:00,2026-03-05 10:50:00,EXTEND,long,5191.9,5182.0,5191.9,5201.6,True,2026-03-05 10:50:00,5191.9,BE,0.0,-4.0,10
2026-03-05 11:05:00,2026-03-05 11:32:00,2026-03-05 11:38:00,EXTEND,long,5196.6,5183.3,5196.6,5210.2,True,2026-03-05 11:36:00,5196.6,BE,0.0,-4.0,6
2026-03-05 12:00:00,2026-03-05 12:14:00,2026-03-05 12:47:00,EXTEND,short,5192.8,5200.0,5192.8,5181.5,True,2026-03-05 12:26:00,5181.5,TP,11.3,109.42,33
2026-03-05 14:10:00,2026-03-05 14:42:00,2026-03-05 15:02:00,EXTEND,short,5159.3,5178.4,5178.4,5116.2,False,,5178.4,SL,-19.1,-195.0,20
2026-03-05 16:20:00,2026-03-05 16:43:00,2026-03-05 16:45:00,EXTEND,short,5169.9,5175.4,5175.4,5138.4,False,,5175.4,SL,-5.5,-59.0,2
2026-03-05 17:10:00,2026-03-05 17:33:00,2026-03-05 17:39:00,EXTEND,long,5177.0,5171.5,5171.5,5197.9,False,,5171.5,SL,-5.5,-59.0,6
2026-03-06 07:00:00,2026-03-06 07:12:00,2026-03-06 07:53:00,EXTEND,long,5096.8,5081.9,5096.8,5126.5,True,2026-03-06 07:42:00,5096.8,BE,0.0,-4.0,41
2026-03-06 08:00:00,2026-03-06 08:11:00,2026-03-06 08:46:00,MSS,short,5095.8,5111.6,5095.8,5068.2,True,2026-03-06 08:43:00,5095.8,BE,0.0,-4.0,35
2026-03-06 09:00:00,2026-03-06 09:07:00,2026-03-06 09:31:00,MSS,short,5086.8,5098.4,5098.4,5067.5,False,,5098.4,SL,-11.6,-120.0,24
2026-03-06 10:40:00,2026-03-06 11:02:00,2026-03-06 11:03:00,MSS,short,5133.8,5143.2,5133.8,5125.7,True,2026-03-06 11:03:00,5133.8,BE,0.0,-4.0,1
2026-03-06 11:20:00,2026-03-06 11:44:00,2026-03-06 12:20:00,EXTEND,long,5141.2,5130.3,5141.2,5155.1,True,2026-03-06 12:13:00,5141.2,BE,0.0,-4.0,36
2026-03-06 12:25:00,2026-03-06 12:34:00,2026-03-06 12:37:00,MSS,short,5138.4,5145.4,5138.4,5133.6,True,2026-03-06 12:35:00,5138.4,BE,0.0,-4.0,3
2026-03-06 13:25:00,2026-03-06 13:32:00,2026-03-06 13:34:00,MSS,long,5133.3,5131.5,5131.5,5141.3,False,,5131.5,SL,-1.8,-22.0,2
2026-03-06 14:20:00,2026-03-06 14:26:00,2026-03-06 14:27:00,MSS,long,5131.4,5121.3,5131.4,5134.1,True,2026-03-06 14:27:00,5131.3,BE,-0.1,-5.0,1
2026-03-06 14:25:00,2026-03-06 14:41:00,2026-03-06 14:42:00,EXTEND,long,5129.5,5121.3,5129.5,5134.8,True,2026-03-06 14:42:00,5129.4,BE,-0.1,-5.0,1
2026-03-06 15:05:00,2026-03-06 15:28:00,2026-03-06 15:34:00,EXTEND,short,5121.4,5131.3,5121.4,5109.3,True,2026-03-06 15:33:00,5121.4,BE,0.0,-4.0,6
2026-03-06 16:05:00,2026-03-06 16:14:00,2026-03-06 16:22:00,EXTEND,long,5124.1,5116.5,5116.5,5136.7,False,,5116.5,SL,-7.6,-80.0,8
2026-03-06 16:30:00,2026-03-06 16:49:00,2026-03-06 17:36:00,EXTEND,short,5117.3,5126.4,5117.3,5098.5,True,2026-03-06 17:05:00,5098.5,TP,18.8,184.4,47
2026-03-06 17:35:00,2026-03-06 17:46:00,2026-03-06 17:48:00,BOS,short,5099.1,5112.5,5099.1,5087.7,True,2026-03-06 17:48:00,5099.1,BE,0.0,-4.0,2
2026-03-06 18:05:00,2026-03-06 18:31:00,2026-03-06 18:45:00,EXTEND,short,5094.5,5112.5,5094.5,5076.4,True,2026-03-06 18:44:00,5094.5,BE,0.0,-4.0,14
2026-03-06 19:30:00,2026-03-06 19:50:00,2026-03-06 19:54:00,EXTEND,long,5094.5,5089.2,5089.2,5114.9,False,,5089.2,SL,-5.3,-57.0,4
2026-03-06 19:55:00,2026-03-06 20:16:00,2026-03-06 21:30:00,EXTEND,short,5097.5,5109.4,5097.5,5060.0,True,2026-03-06 21:05:00,5097.5,BE,0.0,-4.0,74
2026-03-06 21:35:00,2026-03-06 21:59:00,2026-03-06 23:02:00,EXTEND,long,5093.7,5073.2,5093.7,5158.3,True,2026-03-06 22:56:00,5158.3,TP,64.6,641.9,63
2026-03-06 23:25:00,2026-03-06 23:53:00,2026-03-07 00:11:00,EXTEND,long,5153.0,5146.8,5146.8,5191.4,False,,5146.8,SL,-6.2,-66.0,18
2026-03-07 00:40:00,2026-03-07 00:49:00,2026-03-07 00:52:00,EXTEND,short,5151.9,5156.2,5156.2,5129.4,False,,5156.2,SL,-4.3,-47.0,3
2026-03-07 01:35:00,2026-03-07 01:48:00,2026-03-07 01:49:00,EXTEND,long,5148.8,5146.5,5146.5,5166.1,False,,5146.5,SL,-2.3,-27.0,1
2026-03-07 03:15:00,2026-03-07 03:32:00,2026-03-07 03:45:00,EXTEND,long,5175.3,5165.6,5165.6,5189.3,False,,5165.6,SL,-9.7,-101.0,13
2026-03-09 08:45:00,2026-03-09 09:00:00,2026-03-09 09:01:00,BOS,short,5025.7,5067.6,5025.7,5032.7,True,2026-03-09 09:01:00,5025.3,TP,0.4,-0.0,1
2026-03-09 09:05:00,2026-03-09 09:11:00,2026-03-09 09:12:00,MSS,long,5068.0,5020.8,5068.0,5079.2,True,2026-03-09 09:12:00,5068.0,BE,0.0,-4.0,1
2026-03-09 10:10:00,2026-03-09 10:30:00,2026-03-09 10:31:00,MSS,long,5093.0,5061.3,5093.0,5114.1,True,2026-03-09 10:31:00,5093.0,BE,0.0,-4.0,1
2026-03-09 12:05:00,2026-03-09 12:18:00,2026-03-09 12:28:00,BOS,long,5098.7,5093.2,5098.7,5106.5,True,2026-03-09 12:27:00,5098.7,BE,0.0,-4.0,10
2026-03-09 12:50:00,2026-03-09 13:00:00,2026-03-09 13:01:00,MSS,short,5092.3,5101.5,5092.3,5088.9,True,2026-03-09 13:01:00,5092.3,BE,0.0,-4.0,1
2026-03-09 13:05:00,2026-03-09 13:21:00,2026-03-09 13:24:00,EXTEND,long,5102.0,5091.3,5102.0,5113.5,True,2026-03-09 13:22:00,5102.0,BE,0.0,-4.0,3
2026-03-09 13:20:00,2026-03-09 13:31:00,2026-03-09 13:32:00,EXTEND,long,5108.2,5091.3,5108.2,5117.8,True,2026-03-09 13:32:00,5108.2,BE,0.0,-4.0,1
2026-03-09 15:30:00,2026-03-09 15:41:00,2026-03-09 15:42:00,EXTEND,long,5114.3,5102.5,5114.3,5118.6,True,2026-03-09 15:42:00,5114.3,BE,0.0,-4.0,1
2026-03-09 16:00:00,2026-03-09 16:17:00,2026-03-09 16:19:00,BOS,long,5112.5,5101.0,5112.5,5123.2,True,2026-03-09 16:18:00,5112.5,BE,0.0,-4.0,2
2026-03-09 16:50:00,2026-03-09 16:58:00,2026-03-09 16:59:00,EXTEND,long,5106.1,5096.6,5106.1,5114.6,True,2026-03-09 16:59:00,5106.1,BE,0.0,-4.0,1
2026-03-09 17:30:00,2026-03-09 17:50:00,2026-03-09 18:31:00,EXTEND,long,5115.0,5100.3,5100.3,5151.7,False,,5100.3,SL,-14.7,-151.0,41
2026-03-09 18:55:00,2026-03-09 19:06:00,2026-03-09 19:16:00,BOS,short,5099.9,5107.7,5099.9,5090.4,True,2026-03-09 19:15:00,5099.9,BE,0.0,-4.0,10
2026-03-09 19:20:00,2026-03-09 19:38:00,2026-03-09 19:46:00,EXTEND,short,5096.2,5107.7,5096.2,5080.4,True,2026-03-09 19:44:00,5096.2,BE,0.0,-4.0,8
2026-03-09 21:05:00,2026-03-09 21:18:00,2026-03-09 21:26:00,BOS,short,5101.2,5107.6,5101.2,5092.0,True,2026-03-09 21:20:00,5101.2,BE,0.0,-4.0,8
2026-03-09 21:40:00,2026-03-09 21:45:00,2026-03-09 21:46:00,MSS,short,5081.0,5119.7,5081.0,5071.9,True,2026-03-09 21:46:00,5081.1,BE,-0.1,-5.0,1
2026-03-09 22:45:00,2026-03-09 23:12:00,2026-03-10 03:01:00,EXTEND,long,5095.4,5067.4,5095.4,5140.2,True,2026-03-09 23:54:00,5140.2,TP,44.8,443.71,229
2026-03-10 03:20:00,2026-03-10 03:39:00,2026-03-10 06:03:00,EXTEND,long,5140.5,5128.0,5140.5,5161.5,True,2026-03-10 03:55:00,5140.5,BE,0.0,-4.0,84
2026-03-10 07:15:00,2026-03-10 07:36:00,2026-03-10 07:44:00,BOS,long,5153.3,5147.7,5147.7,5170.9,False,,5147.7,SL,-5.6,-60.0,8
2026-03-10 08:30:00,2026-03-10 08:39:00,2026-03-10 09:00:00,EXTEND,short,5143.2,5151.5,5143.2,5130.0,True,2026-03-10 08:58:00,5143.2,BE,0.0,-4.0,21
2026-03-10 13:30:00,2026-03-10 13:42:00,2026-03-10 13:46:00,MSS,short,5178.8,5180.8,5178.8,5174.8,True,2026-03-10 13:45:00,5178.8,BE,0.0,-4.0,4
2026-03-10 14:10:00,2026-03-10 14:29:00,2026-03-10 14:31:00,EXTEND,long,5185.2,5178.0,5185.2,5193.2,True,2026-03-10 14:30:00,5185.2,BE,0.0,-4.0,2
2026-03-10 15:50:00,2026-03-10 15:59:00,2026-03-10 16:00:00,EXTEND,long,5190.2,5167.4,5190.2,5195.1,True,2026-03-10 16:00:00,5190.2,BE,0.0,-4.0,1
2026-03-10 16:45:00,2026-03-10 17:02:00,2026-03-10 18:05:00,EXTEND,long,5194.0,5185.0,5185.0,5209.0,False,,5185.0,SL,-9.0,-94.0,63
2026-03-10 18:05:00,2026-03-10 18:17:00,2026-03-10 18:18:00,EXTEND,short,5185.0,5198.3,5185.0,5180.4,True,2026-03-10 18:18:00,5185.0,BE,0.0,-4.0,1
2026-03-10 18:35:00,2026-03-10 18:54:00,2026-03-10 19:04:00,EXTEND,short,5182.5,5191.4,5191.4,5158.8,False,,5191.4,SL,-8.9,-93.0,10
2026-03-10 20:30:00,2026-03-10 20:35:00,2026-03-10 20:36:00,EXTEND,long,5191.6,5171.2,5191.6,5196.5,True,2026-03-10 20:36:00,5191.6,BE,0.0,-4.0,1
2026-03-10 21:25:00,2026-03-10 21:49:00,2026-03-11 02:16:00,EXTEND,long,5214.1,5189.9,5214.1,5251.9,True,2026-03-10 23:10:00,5214.1,BE,0.0,-4.0,267
2026-03-11 02:15:00,2026-03-11 02:33:00,2026-03-11 20:30:00,EXTEND,short,5207.2,5242.2,5207.2,5149.4,True,2026-03-11 16:38:00,5207.2,BE,0.0,-4.0,1017
2026-03-11 21:00:00,2026-03-11 21:08:00,2026-03-11 21:20:00,EXTEND,short,5185.1,5189.9,5189.9,5163.4,False,,5189.9,SL,-4.8,-52.0,12
2026-03-11 21:50:00,2026-03-11 22:03:00,2026-03-11 22:04:00,EXTEND,short,5186.4,5191.1,5191.1,5146.5,False,,5191.1,SL,-4.7,-51.0,1
2026-03-11 22:30:00,2026-03-11 22:44:00,2026-03-11 22:45:00,EXTEND,long,5190.7,5193.4,5193.4,5207.1,False,,5190.6,SL,-0.1,-5.0,1
2026-03-12 01:05:00,2026-03-12 01:23:00,2026-03-12 01:26:00,BOS,long,5181.0,5177.7,5177.7,5191.5,False,,5177.7,SL,-3.3,-37.0,3
2026-03-12 01:40:00,2026-03-12 01:52:00,2026-03-12 02:07:00,EXTEND,short,5173.3,5181.6,5181.6,5155.6,False,,5181.6,SL,-8.3,-87.0,15
2026-03-12 03:50:00,2026-03-12 03:56:00,2026-03-12 04:01:00,BOS,long,5189.4,5184.5,5189.4,5191.7,True,2026-03-12 03:57:00,5189.4,BE,0.0,-4.0,5
2026-03-12 06:55:00,2026-03-12 07:22:00,2026-03-12 08:25:00,BOS,short,5158.1,5174.5,5158.1,5125.1,True,2026-03-12 07:47:00,5158.1,BE,0.0,-4.0,63
2026-03-12 09:00:00,2026-03-12 09:18:00,2026-03-12 09:45:00,BOS,long,5163.1,5157.2,5163.1,5176.4,True,2026-03-12 09:39:00,5176.4,TP,13.3,128.77,27
2026-03-12 11:35:00,2026-03-12 11:46:00,2026-03-12 11:50:00,BOS,short,5156.6,5159.7,5159.7,5150.9,False,,5159.7,SL,-3.1,-35.0,4
2026-03-12 12:25:00,2026-03-12 12:32:00,2026-03-12 12:34:00,EXTEND,short,5156.2,5159.4,5156.2,5153.8,True,2026-03-12 12:33:00,5153.8,TP,2.4,19.88,2
2026-03-12 13:10:00,2026-03-12 13:22:00,2026-03-12 13:25:00,EXTEND,long,5149.8,5145.3,5145.3,5156.3,False,,5145.3,SL,-4.5,-49.0,3
2026-03-12 14:25:00,2026-03-12 14:31:00,2026-03-12 14:32:00,MSS,long,5165.2,5152.5,5165.2,5165.6,True,2026-03-12 14:32:00,5165.2,BE,0.0,-4.0,1
2026-03-12 16:00:00,2026-03-12 16:49:00,2026-03-12 18:30:00,EXTEND,long,5185.9,5174.2,5185.9,5201.5,True,2026-03-12 17:32:00,5185.9,BE,0.0,-4.0,101
2026-03-12 19:20:00,2026-03-12 19:29:00,2026-03-12 20:03:00,EXTEND,short,5182.4,5189.6,5182.4,5175.6,True,2026-03-12 20:02:00,5182.4,BE,0.0,-4.0,34
2026-03-12 20:20:00,2026-03-12 20:33:00,2026-03-12 20:49:00,EXTEND,short,5178.9,5187.2,5187.2,5164.2,False,,5187.2,SL,-8.3,-87.0,16
2026-03-12 21:15:00,2026-03-12 21:20:00,2026-03-12 21:21:00,MSS,short,5176.9,5192.6,5176.9,5174.8,True,2026-03-12 21:21:00,5176.9,BE,0.0,-4.0,1
2026-03-12 22:15:00,2026-03-12 22:21:00,2026-03-12 22:22:00,MSS,short,5158.9,5166.7,5158.9,5156.4,True,2026-03-12 22:22:00,5159.2,BE,-0.3,-7.0,1
2026-03-12 22:35:00,2026-03-12 22:47:00,2026-03-12 23:02:00,EXTEND,short,5153.7,5166.7,5153.7,5140.3,True,2026-03-12 22:48:00,5140.3,TP,13.4,130.16,15
2026-03-12 23:10:00,2026-03-12 23:29:00,2026-03-13 02:35:00,EXTEND,short,5135.1,5150.8,5135.1,5105.6,True,2026-03-13 01:16:00,5105.6,TP,29.5,291.12,186
2026-03-13 03:00:00,2026-03-13 03:07:00,2026-03-13 03:18:00,BOS,short,5093.6,5105.3,5093.6,5079.3,True,2026-03-13 03:14:00,5093.6,BE,0.0,-4.0,11
2026-03-13 06:55:00,2026-03-13 07:04:00,2026-03-13 07:11:00,BOS,long,5096.4,5088.8,5096.4,5102.3,True,2026-03-13 07:05:00,5096.4,BE,0.0,-4.0,7
2026-03-13 07:25:00,2026-03-13 07:31:00,2026-03-13 07:32:00,EXTEND,long,5099.4,5093.1,5099.4,5105.4,True,2026-03-13 07:32:00,5099.4,BE,0.0,-4.0,1
2026-03-13 09:45:00,2026-03-13 09:52:00,2026-03-13 09:53:00,EXTEND,short,5114.1,5125.2,5114.1,5107.8,True,2026-03-13 09:53:00,5114.1,BE,0.0,-4.0,1
2026-03-13 10:20:00,2026-03-13 10:30:00,2026-03-13 10:41:00,MSS,short,5124.6,5132.4,5124.6,5115.0,True,2026-03-13 10:37:00,5124.6,BE,0.0,-4.0,11
2026-03-13 11:35:00,2026-03-13 11:44:00,2026-03-13 11:46:00,BOS,short,5113.7,5117.7,5117.7,5106.7,False,,5117.7,SL,-4.0,-44.0,2
2026-03-13 12:20:00,2026-03-13 12:29:00,2026-03-13 12:30:00,MSS,short,5108.5,5121.4,5108.5,5102.6,True,2026-03-13 12:30:00,5108.6,BE,-0.1,-5.0,1
2026-03-13 13:15:00,2026-03-13 13:31:00,2026-03-13 13:34:00,EXTEND,long,5111.4,5105.6,5111.4,5115.4,True,2026-03-13 13:32:00,5111.4,BE,0.0,-4.0,3
2026-03-13 13:30:00,2026-03-13 13:39:00,2026-03-13 13:43:00,EXTEND,long,5110.6,5105.6,5105.6,5117.3,False,,5105.6,SL,-5.0,-54.0,4
2026-03-13 14:00:00,2026-03-13 14:05:00,2026-03-13 14:06:00,MSS,long,5111.0,5100.4,5111.0,5113.2,True,2026-03-13 14:06:00,5110.7,BE,-0.3,-7.0,1
2026-03-13 14:20:00,2026-03-13 14:25:00,2026-03-13 14:26:00,MSS,short,5096.7,5111.3,5096.7,5094.7,True,2026-03-13 14:26:00,5096.7,BE,0.0,-4.0,1
2026-03-13 15:20:00,2026-03-13 15:39:00,2026-03-13 16:21:00,EXTEND,short,5092.3,5098.4,5092.3,5069.4,True,2026-03-13 16:02:00,5069.4,TP,22.9,224.56,42
2026-03-13 16:35:00,2026-03-13 16:40:00,2026-03-13 16:41:00,MSS,long,5087.4,5066.0,5087.4,5093.1,True,2026-03-13 16:41:00,5087.2,BE,-0.2,-6.0,1
2026-03-13 17:05:00,2026-03-13 17:45:00,2026-03-13 18:01:00,EXTEND,long,5090.8,5080.6,5090.8,5107.7,True,2026-03-13 17:51:00,5090.8,BE,0.0,-4.0,16
2026-03-13 18:30:00,2026-03-13 18:45:00,2026-03-13 18:50:00,MSS,short,5090.5,5101.5,5101.5,5080.5,False,,5101.5,SL,-11.0,-114.0,5
2026-03-13 18:50:00,2026-03-13 19:13:00,2026-03-13 19:57:00,EXTEND,long,5094.7,5085.0,5094.7,5108.5,True,2026-03-13 19:18:00,5108.5,TP,13.8,133.95,44
2026-03-13 20:45:00,2026-03-13 21:04:00,2026-03-13 21:05:00,BOS,long,5126.6,5114.2,5126.6,5132.2,True,2026-03-13 21:05:00,5126.3,BE,-0.3,-7.0,1
2026-03-13 21:35:00,2026-03-13 21:48:00,2026-03-13 22:14:00,EXTEND,short,5118.8,5121.2,5118.8,5097.3,True,2026-03-13 21:57:00,5097.3,TP,21.5,210.76,26
2026-03-14 00:05:00,2026-03-14 00:39:00,2026-03-17 00:00:00,EXTEND,short,5049.8,5072.8,5049.8,5009.8,True,2026-03-14 03:35:00,4991.6,TP,58.2,578.0,261
2026-03-17 00:35:00,2026-03-17 00:45:00,2026-03-17 01:10:00,EXTEND,short,4989.6,5004.2,5004.2,4971.6,False,,5004.2,SL,-14.6,-150.0,25
2026-03-17 07:20:00,2026-03-17 07:25:00,2026-03-17 07:26:00,MSS,long,5014.0,5005.5,5014.0,5016.5,True,2026-03-17 07:26:00,5014.0,BE,0.0,-4.0,1
2026-03-17 07:55:00,2026-03-17 08:06:00,2026-03-17 08:27:00,EXTEND,long,5013.8,5005.5,5005.5,5025.1,False,,5005.5,SL,-8.3,-87.0,21
2026-03-17 08:50:00,2026-03-17 08:59:00,2026-03-17 09:01:00,EXTEND,short,5006.8,5011.6,5006.8,4999.7,True,2026-03-17 09:00:00,5006.9,BE,-0.1,-5.0,2
2026-03-17 09:05:00,2026-03-17 09:11:00,2026-03-17 09:12:00,MSS,long,5014.3,4998.4,5014.3,5018.2,True,2026-03-17 09:12:00,5014.3,BE,0.0,-4.0,1
2026-03-17 10:45:00,2026-03-17 10:53:00,2026-03-17 10:59:00,EXTEND,long,5030.2,5025.8,5025.8,5035.7,False,,5025.8,SL,-4.4,-48.0,6
2026-03-17 12:40:00,2026-03-17 13:11:00,2026-03-17 13:26:00,EXTEND,long,5040.4,5030.5,5040.4,5051.8,True,2026-03-17 13:14:00,5040.4,BE,0.0,-4.0,15
2026-03-17 16:20:00,2026-03-17 16:32:00,2026-03-17 16:35:00,EXTEND,long,5025.3,5022.6,5022.6,5036.4,False,,5022.6,SL,-2.7,-31.0,3
2026-03-17 17:55:00,2026-03-17 18:03:00,2026-03-17 18:04:00,BOS,short,5014.4,5020.2,5014.4,5012.5,True,2026-03-17 18:04:00,5014.4,BE,0.0,-4.0,1
2026-03-17 19:55:00,2026-03-17 20:01:00,2026-03-17 20:02:00,MSS,short,5003.9,5015.9,5003.9,5003.5,True,2026-03-17 20:02:00,5003.5,TP,0.4,0.46,1
2026-03-17 20:15:00,2026-03-17 20:20:00,2026-03-17 20:21:00,MSS,long,5020.2,5003.2,5020.2,5022.0,True,2026-03-17 20:21:00,5020.2,BE,0.0,-4.0,1
2026-03-17 21:40:00,2026-03-17 21:55:00,2026-03-17 22:03:00,EXTEND,long,5019.8,5015.3,5015.3,5042.6,False,,5015.3,SL,-4.5,-49.0,8
2026-03-17 22:30:00,2026-03-17 22:50:00,2026-03-17 23:03:00,EXTEND,short,5021.3,5026.3,5021.3,5002.0,True,2026-03-17 22:59:00,5021.3,BE,0.0,-4.0,13
2026-03-17 23:40:00,2026-03-18 00:02:00,2026-03-18 09:10:00,EXTEND,short,4997.9,5019.7,5019.7,4965.9,False,,5019.7,SL,-21.8,-222.0,488
2026-03-18 09:20:00,2026-03-18 09:32:00,2026-03-18 09:36:00,EXTEND,long,5013.3,5007.2,5007.2,5025.1,False,,5007.2,SL,-6.1,-65.0,4
2026-03-18 10:20:00,2026-03-18 10:34:00,2026-03-18 10:54:00,EXTEND,long,5006.2,4999.7,4999.7,5013.5,False,,4999.7,SL,-6.5,-69.0,20
2026-03-19 07:40:00,2026-03-19 07:47:00,2026-03-19 08:06:00,EXTEND,long,4838.2,4830.3,4838.2,4849.1,True,2026-03-19 08:00:00,4849.1,TP,10.9,104.96,19
2026-03-19 08:05:00,2026-03-19 08:11:00,2026-03-19 08:12:00,EXTEND,long,4846.2,4832.2,4846.2,4855.3,True,2026-03-19 08:12:00,4846.2,BE,0.0,-4.0,1
2026-03-19 09:00:00,2026-03-19 09:08:00,2026-03-19 09:38:00,EXTEND,long,4838.2,4832.2,4838.2,4861.0,True,2026-03-19 09:30:00,4861.0,TP,22.8,224.29,30
2026-03-19 10:05:00,2026-03-19 10:30:00,2026-03-19 13:39:00,EXTEND,short,4856.8,4868.5,4856.8,4835.2,True,2026-03-19 12:47:00,4835.2,TP,21.6,211.74,189
2026-03-19 13:55:00,2026-03-19 14:06:00,2026-03-19 14:19:00,BOS,short,4835.1,4841.8,4835.1,4824.8,True,2026-03-19 14:16:00,4824.8,TP,10.3,99.18,13
2026-03-19 16:40:00,2026-03-19 16:49:00,2026-03-19 17:18:00,BOS,short,4712.7,4738.5,4712.7,4674.1,True,2026-03-19 17:08:00,4712.7,BE,0.0,-4.0,29
2026-03-19 17:55:00,2026-03-19 18:10:00,2026-03-19 18:17:00,BOS,short,4709.4,4719.6,4709.4,4692.4,True,2026-03-19 18:11:00,4692.4,TP,17.0,165.78,7
2026-03-19 18:55:00,2026-03-19 19:04:00,2026-03-19 19:21:00,EXTEND,short,4692.0,4722.4,4692.0,4654.8,True,2026-03-19 19:15:00,4692.0,BE,0.0,-4.0,17
2026-03-19 20:45:00,2026-03-19 20:59:00,2026-03-19 21:02:00,EXTEND,short,4576.7,4620.8,4576.7,4509.8,True,2026-03-19 21:00:00,4509.8,TP,66.9,664.98,3
2026-03-19 21:00:00,2026-03-19 21:22:00,2026-03-19 21:58:00,EXTEND,short,4570.0,4620.8,4620.8,4473.0,False,,4620.8,SL,-50.8,-512.0,36
2026-03-19 23:00:00,2026-03-19 23:07:00,2026-03-19 23:14:00,EXTEND,short,4624.0,4630.4,4630.4,4585.8,False,,4630.4,SL,-6.4,-68.0,7
2026-03-19 23:45:00,2026-03-20 00:04:00,2026-03-20 01:25:00,EXTEND,short,4615.6,4641.8,4615.6,4547.1,True,2026-03-20 00:52:00,4615.6,BE,0.0,-4.0,81
2026-03-20 01:50:00,2026-03-20 02:04:00,2026-03-20 02:35:00,BOS,long,4613.4,4602.8,4602.8,4641.9,False,,4602.8,SL,-10.6,-110.0,31
2026-03-20 02:35:00,2026-03-20 02:48:00,2026-03-20 02:58:00,EXTEND,short,4612.2,4617.9,4617.9,4593.0,False,,4617.9,SL,-5.7,-61.0,10
2026-03-20 07:40:00,2026-03-20 07:50:00,2026-03-20 08:01:00,EXTEND,short,4645.2,4649.3,4649.3,4632.0,False,,4649.3,SL,-4.1,-45.0,11
2026-03-20 08:15:00,2026-03-20 08:38:00,2026-03-20 08:57:00,EXTEND,long,4652.8,4643.5,4652.8,4672.8,True,2026-03-20 08:54:00,4652.8,BE,0.0,-4.0,19
2026-03-20 09:05:00,2026-03-20 09:21:00,2026-03-20 09:44:00,EXTEND,long,4654.2,4648.0,4654.2,4690.7,True,2026-03-20 09:32:00,4690.7,TP,36.5,360.72,23
2026-03-20 10:15:00,2026-03-20 10:32:00,2026-03-20 10:33:00,EXTEND,long,4688.2,4673.8,4688.2,4696.7,True,2026-03-20 10:33:00,4687.9,BE,-0.3,-7.0,1
2026-03-20 12:10:00,2026-03-20 12:28:00,2026-03-20 12:44:00,EXTEND,short,4721.8,4728.7,4721.8,4714.1,True,2026-03-20 12:43:00,4721.8,BE,0.0,-4.0,16
2026-03-20 12:45:00,2026-03-20 12:56:00,2026-03-20 13:03:00,MSS,short,4721.5,4727.0,4721.5,4712.3,True,2026-03-20 13:01:00,4712.3,TP,9.2,88.32,7
2026-03-20 13:05:00,2026-03-20 13:17:00,2026-03-20 13:23:00,EXTEND,short,4719.8,4723.0,4723.0,4707.4,False,,4723.0,SL,-3.2,-36.0,6
2026-03-20 13:35:00,2026-03-20 13:41:00,2026-03-20 13:54:00,EXTEND,short,4712.3,4724.2,4712.3,4696.3,True,2026-03-20 13:43:00,4696.3,TP,16.0,156.4,13
2026-03-20 14:40:00,2026-03-20 15:10:00,2026-03-20 15:41:00,EXTEND,short,4678.4,4697.0,4697.0,4652.7,False,,4697.0,SL,-18.6,-190.0,31
2026-03-20 16:55:00,2026-03-20 17:13:00,2026-03-20 17:40:00,EXTEND,short,4698.0,4711.3,4698.0,4678.0,True,2026-03-20 17:19:00,4678.0,TP,20.0,195.74,27
2026-03-20 18:00:00,2026-03-20 18:07:00,2026-03-20 18:12:00,BOS,short,4661.9,4678.4,4661.9,4645.3,True,2026-03-20 18:09:00,4661.9,BE,0.0,-4.0,5
2026-03-20 18:35:00,2026-03-20 18:53:00,2026-03-20 18:54:00,MSS,long,4653.5,4649.7,4649.7,4676.0,False,,4649.7,SL,-3.8,-42.0,1
2026-03-20 19:00:00,2026-03-20 19:10:00,2026-03-20 19:20:00,EXTEND,short,4660.0,4670.4,4670.4,4629.6,False,,4670.4,SL,-10.4,-108.0,10
2026-03-20 20:10:00,2026-03-20 20:34:00,2026-03-20 21:10:00,EXTEND,long,4674.3,4658.7,4658.7,4707.1,False,,4658.7,SL,-15.6,-160.0,36
2026-03-20 21:30:00,2026-03-20 21:38:00,2026-03-20 21:41:00,BOS,short,4652.4,4670.8,4652.4,4634.2,True,2026-03-20 21:41:00,4652.4,BE,0.0,-4.0,3
2026-03-20 22:55:00,2026-03-20 23:03:00,2026-03-20 23:31:00,EXTEND,short,4570.9,4586.0,4570.9,4537.7,True,2026-03-20 23:25:00,4570.9,BE,0.0,-4.0,28
2026-03-21 00:20:00,2026-03-21 00:33:00,2026-03-21 01:13:00,EXTEND,long,4584.1,4545.8,4584.1,4634.7,True,2026-03-21 01:07:00,4584.1,BE,0.0,-4.0,40
2026-03-21 01:35:00,2026-03-21 02:01:00,2026-03-21 02:13:00,EXTEND,short,4575.2,4594.3,4575.2,4546.3,True,2026-03-21 02:10:00,4575.2,BE,0.0,-4.0,12
2026-03-23 07:35:00,2026-03-23 07:46:00,2026-03-23 07:48:00,EXTEND,short,4483.0,4500.3,4483.0,4465.6,True,2026-03-23 07:48:00,4465.6,TP,17.4,169.71,2
2026-03-23 08:15:00,2026-03-23 08:26:00,2026-03-23 08:35:00,EXTEND,short,4439.7,4471.7,4439.7,4388.8,True,2026-03-23 08:33:00,4388.8,TP,50.9,505.31,9
2026-03-23 09:45:00,2026-03-23 09:50:00,2026-03-23 09:51:00,MSS,short,4411.0,4455.2,4411.0,4400.5,True,2026-03-23 09:51:00,4411.7,BE,-0.7,-11.0,1
2026-03-23 11:40:00,2026-03-23 11:54:00,2026-03-23 12:00:00,EXTEND,short,4353.4,4367.1,4367.1,4329.1,False,,4367.1,SL,-13.7,-141.0,6
2026-03-23 12:50:00,2026-03-23 13:04:00,2026-03-23 13:30:00,MSS,short,4375.9,4385.0,4375.9,4344.4,True,2026-03-23 13:23:00,4344.4,TP,31.5,311.4,26
2026-03-23 15:20:00,2026-03-23 15:49:00,2026-03-23 16:06:00,EXTEND,short,4215.6,4235.3,4235.3,4063.5,False,,4235.3,SL,-19.7,-201.0,17
2026-03-23 16:15:00,2026-03-23 16:22:00,2026-03-23 16:55:00,EXTEND,long,4226.8,4187.8,4226.8,4277.3,True,2026-03-23 16:30:00,4226.8,BE,0.0,-4.0,33
2026-03-23 17:30:00,2026-03-23 17:41:00,2026-03-23 19:05:00,EXTEND,long,4246.2,4219.7,4246.2,4334.5,True,2026-03-23 19:00:00,4334.5,TP,88.3,879.08,84
2026-03-23 20:05:00,2026-03-23 20:22:00,2026-03-23 20:41:00,EXTEND,short,4397.0,4419.8,4419.8,4316.5,False,,4419.8,SL,-22.8,-232.0,19
2026-03-23 21:15:00,2026-03-23 21:22:00,2026-03-23 21:23:00,MSS,short,4424.6,4462.5,4424.6,4415.0,True,2026-03-23 21:23:00,4424.7,BE,-0.1,-5.0,1
2026-03-23 21:30:00,2026-03-23 21:38:00,2026-03-23 21:53:00,EXTEND,short,4426.8,4462.5,4462.5,4387.8,False,,4462.5,SL,-35.7,-361.0,15
2026-03-23 22:25:00,2026-03-23 22:32:00,2026-03-23 22:34:00,EXTEND,long,4497.0,4455.3,4497.0,4532.4,True,2026-03-23 22:33:00,4497.0,BE,0.0,-4.0,2
2026-03-24 01:35:00,2026-03-24 01:50:00,2026-03-24 02:07:00,EXTEND,long,4416.0,4390.6,4416.0,4455.0,True,2026-03-24 01:56:00,4416.0,BE,0.0,-4.0,17
2026-03-24 02:05:00,2026-03-24 02:16:00,2026-03-24 02:26:00,MSS,short,4413.3,4432.0,4432.0,4395.2,False,,4432.0,SL,-18.7,-191.0,10
2026-03-24 02:45:00,2026-03-24 03:09:00,2026-03-24 03:13:00,EXTEND,long,4439.5,4411.3,4411.3,4485.6,False,,4411.3,SL,-28.2,-286.0,4
2026-03-24 03:45:00,2026-03-24 03:53:00,2026-03-24 04:00:00,EXTEND,long,4413.6,4393.9,4393.9,4439.7,False,,4393.9,SL,-19.7,-201.0,7
2026-03-24 07:40:00,2026-03-24 07:55:00,2026-03-24 08:15:00,EXTEND,short,4439.1,4450.7,4439.1,4416.5,True,2026-03-24 08:04:00,4416.5,TP,22.6,221.63,20
2026-03-24 10:10:00,2026-03-24 10:24:00,2026-03-24 10:34:00,EXTEND,short,4336.8,4370.3,4370.3,4288.6,False,,4370.3,SL,-33.5,-339.0,10
2026-03-24 11:45:00,2026-03-24 12:07:00,2026-03-24 12:48:00,EXTEND,short,4349.9,4369.6,4349.9,4326.2,True,2026-03-24 12:17:00,4349.9,BE,0.0,-4.0,41
2026-03-24 12:50:00,2026-03-24 13:00:00,2026-03-24 13:05:00,MSS,long,4336.2,4326.8,4326.8,4355.6,False,,4326.8,SL,-9.4,-98.0,5
2026-03-24 13:05:00,2026-03-24 13:14:00,2026-03-24 13:34:00,MSS,short,4335.9,4350.2,4335.9,4311.7,True,2026-03-24 13:30:00,4335.9,BE,0.0,-4.0,20
2026-03-24 14:55:00,2026-03-24 15:00:00,2026-03-24 15:01:00,MSS,long,4413.4,4375.5,4413.4,4415.4,True,2026-03-24 15:01:00,4413.2,BE,-0.2,-6.0,1
2026-03-24 15:50:00,2026-03-24 16:23:00,2026-03-24 19:01:00,EXTEND,long,4401.8,4375.5,4401.8,4453.5,True,2026-03-24 17:41:00,4401.8,BE,0.0,-4.0,158
2026-03-24 19:00:00,2026-03-24 19:11:00,2026-03-24 21:34:00,MSS,short,4412.5,4442.9,4412.5,4355.0,True,2026-03-24 20:33:00,4355.0,TP,57.5,570.84,143
2026-03-24 21:55:00,2026-03-24 22:00:00,2026-03-24 22:01:00,MSS,long,4387.1,4350.5,4387.1,4393.7,True,2026-03-24 22:01:00,4387.1,BE,0.0,-4.0,1
2026-03-24 22:50:00,2026-03-24 23:03:00,2026-03-24 23:09:00,BOS,long,4412.8,4403.3,4403.3,4443.2,False,,4403.3,SL,-9.5,-99.0,6
2026-03-24 23:10:00,2026-03-24 23:17:00,2026-03-24 23:36:00,EXTEND,short,4407.8,4421.6,4421.6,4389.2,False,,4421.6,SL,-13.8,-142.0,19
2026-03-25 00:05:00,2026-03-25 00:25:00,2026-03-25 00:43:00,EXTEND,short,4422.3,4431.7,4422.3,4395.0,True,2026-03-25 00:39:00,4422.3,BE,0.0,-4.0,18
2026-03-25 01:55:00,2026-03-25 02:00:00,2026-03-25 02:01:00,MSS,long,4390.0,4371.4,4390.0,4401.5,True,2026-03-25 02:01:00,4389.8,BE,-0.2,-6.0,1
2026-03-25 02:55:00,2026-03-25 03:07:00,2026-03-25 03:09:00,MSS,short,4399.1,4403.6,4403.6,4379.1,False,,4403.6,SL,-4.5,-49.0,2
2026-03-25 08:45:00,2026-03-25 09:04:00,2026-03-25 09:31:00,EXTEND,long,4564.6,4541.2,4564.6,4581.5,True,2026-03-25 09:05:00,4581.5,TP,16.9,164.59,27
2026-03-25 09:50:00,2026-03-25 10:02:00,2026-03-25 10:09:00,EXTEND,long,4593.3,4582.4,4582.4,4605.1,False,,4582.4,SL,-10.9,-113.0,7
2026-03-25 10:10:00,2026-03-25 10:27:00,2026-03-25 10:32:00,EXTEND,short,4586.7,4600.3,4586.7,4571.3,True,2026-03-25 10:30:00,4586.7,BE,0.0,-4.0,5
2026-03-25 10:45:00,2026-03-25 11:00:00,2026-03-25 11:02:00,EXTEND,long,4583.6,4579.9,4579.9,4607.5,False,,4579.9,SL,-3.7,-41.0,2
2026-03-25 11:45:00,2026-03-25 11:56:00,2026-03-25 12:04:00,EXTEND,short,4571.1,4576.4,4571.1,4563.1,True,2026-03-25 11:58:00,4571.1,BE,0.0,-4.0,8
2026-03-25 12:00:00,2026-03-25 12:06:00,2026-03-25 12:38:00,EXTEND,short,4571.1,4576.4,4571.1,4560.7,True,2026-03-25 12:35:00,4571.1,BE,0.0,-4.0,32
2026-03-25 13:30:00,2026-03-25 13:45:00,2026-03-25 14:09:00,EXTEND,short,4562.8,4572.0,4562.8,4541.5,True,2026-03-25 13:56:00,4541.5,TP,21.3,208.8,24
2026-03-25 14:10:00,2026-03-25 14:32:00,2026-03-25 16:08:00,EXTEND,short,4551.1,4566.2,4551.1,4522.9,True,2026-03-25 15:48:00,4551.1,BE,0.0,-4.0,96
2026-03-25 17:40:00,2026-03-25 17:45:00,2026-03-25 17:46:00,MSS,short,4543.9,4565.0,4543.9,4542.8,True,2026-03-25 17:46:00,4544.2,BE,-0.3,-7.0,1
2026-03-25 17:45:00,2026-03-25 17:58:00,2026-03-25 19:05:00,EXTEND,short,4546.1,4565.0,4565.0,4515.3,False,,4565.0,SL,-18.9,-193.0,67
2026-03-25 20:15:00,2026-03-25 20:23:00,2026-03-25 20:24:00,MSS,short,4558.2,4582.8,4558.2,4555.4,True,2026-03-25 20:24:00,4558.2,BE,0.0,-4.0,1
2026-03-25 21:00:00,2026-03-25 21:07:00,2026-03-25 21:08:00,MSS,long,4563.8,4534.4,4563.8,4579.4,True,2026-03-25 21:08:00,4563.8,BE,0.0,-4.0,1
2026-03-25 21:30:00,2026-03-25 21:53:00,2026-03-25 22:00:00,EXTEND,long,4547.6,4534.4,4534.4,4587.6,False,,4534.4,SL,-13.2,-136.0,7
2026-03-25 22:00:00,2026-03-25 22:19:00,2026-03-25 22:50:00,EXTEND,short,4555.5,4576.3,4576.3,4519.0,False,,4576.3,SL,-20.8,-212.0,31
2026-03-26 07:40:00,2026-03-26 08:09:00,2026-03-26 08:10:00,EXTEND,short,4511.1,4508.3,4508.3,4478.1,False,,4511.5,SL,-0.4,-8.0,1
2026-03-26 08:50:00,2026-03-26 08:56:00,2026-03-26 09:01:00,EXTEND,long,4529.4,4521.5,4529.4,4540.6,True,2026-03-26 08:59:00,4529.4,BE,0.0,-4.0,5
2026-03-26 09:00:00,2026-03-26 09:18:00,2026-03-26 09:47:00,EXTEND,long,4528.8,4521.5,4521.5,4547.0,False,,4521.5,SL,-7.3,-77.0,29
2026-03-26 09:45:00,2026-03-26 09:54:00,2026-03-26 10:18:00,MSS,short,4526.5,4533.0,4526.5,4515.7,True,2026-03-26 10:16:00,4526.5,BE,0.0,-4.0,24
2026-03-26 12:30:00,2026-03-26 12:40:00,2026-03-26 12:49:00,EXTEND,long,4514.4,4512.5,4514.4,4520.6,True,2026-03-26 12:46:00,4520.6,TP,6.2,58.28,9
2026-03-26 12:45:00,2026-03-26 13:01:00,2026-03-26 13:06:00,EXTEND,long,4517.4,4512.5,4512.5,4523.0,False,,4512.5,SL,-4.9,-53.0,5
2026-03-26 18:35:00,2026-03-26 18:42:00,2026-03-26 18:43:00,MSS,short,4428.5,4445.4,4428.5,4421.1,True,2026-03-26 18:43:00,4428.5,BE,0.0,-4.0,1
2026-03-26 18:40:00,2026-03-26 18:52:00,2026-03-26 19:01:00,EXTEND,short,4437.4,4445.4,4445.4,4413.0,False,,4445.4,SL,-8.0,-84.0,9
2026-03-26 19:45:00,2026-03-26 19:50:00,2026-03-26 19:51:00,MSS,short,4417.8,4449.0,4417.8,4415.1,True,2026-03-26 19:51:00,4418.1,BE,-0.3,-7.0,1
2026-03-26 20:05:00,2026-03-26 20:10:00,2026-03-26 20:11:00,MSS,long,4438.5,4413.2,4438.5,4443.7,True,2026-03-26 20:11:00,4438.5,BE,0.0,-4.0,1
2026-03-26 20:40:00,2026-03-26 20:45:00,2026-03-26 20:46:00,EXTEND,long,4438.6,4429.4,4438.6,4446.2,True,2026-03-26 20:46:00,4438.6,BE,0.0,-4.0,1
2026-03-26 21:00:00,2026-03-26 21:12:00,2026-03-26 21:13:00,EXTEND,short,4436.3,4442.6,4442.6,4410.7,False,,4442.6,SL,-6.3,-67.0,1
2026-03-26 21:20:00,2026-03-26 21:37:00,2026-03-26 21:39:00,MSS,long,4441.3,4431.7,4431.7,4456.6,False,,4431.7,SL,-9.6,-100.0,2
2026-03-27 07:10:00,2026-03-27 07:42:00,2026-03-27 08:23:00,EXTEND,short,4394.7,4407.3,4394.7,4377.5,True,2026-03-27 08:20:00,4377.5,TP,17.2,168.45,41
2026-03-27 08:55:00,2026-03-27 09:14:00,2026-03-27 09:31:00,EXTEND,short,4387.3,4406.0,4406.0,4359.5,False,,4406.0,SL,-18.7,-191.0,17
2026-03-27 11:05:00,2026-03-27 11:26:00,2026-03-27 11:39:00,EXTEND,short,4423.9,4435.4,4435.4,4409.6,False,,4435.4,SL,-11.5,-119.0,13
2026-03-27 13:40:00,2026-03-27 14:00:00,2026-03-27 14:21:00,EXTEND,long,4453.0,4434.8,4453.0,4478.5,True,2026-03-27 14:14:00,4453.0,BE,0.0,-4.0,21
2026-03-27 14:35:00,2026-03-27 14:48:00,2026-03-27 14:49:00,BOS,long,4456.0,4455.1,4455.1,4464.9,False,,4455.1,SL,-0.9,-13.0,1
2026-03-27 14:50:00,2026-03-27 14:57:00,2026-03-27 15:04:00,EXTEND,short,4455.1,4462.8,4455.1,4444.0,True,2026-03-27 15:01:00,4444.0,TP,11.1,106.96,7
2026-03-27 15:05:00,2026-03-27 15:13:00,2026-03-27 15:36:00,EXTEND,short,4448.9,4458.5,4448.9,4436.7,True,2026-03-27 15:29:00,4448.9,BE,0.0,-4.0,23
2026-03-27 15:40:00,2026-03-27 15:50:00,2026-03-27 15:51:00,BOS,short,4443.6,4450.3,4443.6,4438.1,True,2026-03-27 15:51:00,4443.6,BE,0.0,-4.0,1
2026-03-27 15:50:00,2026-03-27 16:09:00,2026-03-27 16:11:00,BOS,short,4439.9,4447.4,4439.9,4434.6,True,2026-03-27 16:11:00,4439.9,BE,0.0,-4.0,2
2026-03-27 17:10:00,2026-03-27 17:20:00,2026-03-27 18:26:00,EXTEND,short,4425.4,4435.1,4425.4,4411.2,True,2026-03-27 18:13:00,4425.4,BE,0.0,-4.0,66
2026-03-27 19:05:00,2026-03-27 19:17:00,2026-03-27 19:38:00,EXTEND,short,4406.7,4413.9,4413.9,4395.0,False,,4413.9,SL,-7.2,-76.0,21
2026-03-27 19:50:00,2026-03-27 19:59:00,2026-03-27 20:01:00,BOS,long,4414.9,4408.4,4414.9,4423.6,True,2026-03-27 20:00:00,4414.9,BE,0.0,-4.0,2
2026-03-27 20:05:00,2026-03-27 20:18:00,2026-03-27 20:19:00,MSS,short,4422.3,4420.8,4420.8,4404.0,False,,4421.6,SL,0.7,3.0,1
2026-03-27 20:15:00,2026-03-27 20:24:00,2026-03-27 20:50:00,MSS,long,4417.0,4407.6,4417.0,4434.5,True,2026-03-27 20:29:00,4434.5,TP,17.5,171.24,26
2026-03-27 21:10:00,2026-03-27 21:21:00,2026-03-27 21:28:00,EXTEND,short,4431.4,4439.3,4431.4,4413.0,True,2026-03-27 21:24:00,4413.0,TP,18.4,179.89,7
2026-03-27 21:30:00,2026-03-27 21:49:00,2026-03-27 22:02:00,EXTEND,short,4428.6,4436.4,4436.4,4400.6,False,,4436.4,SL,-7.8,-82.0,13
2026-03-27 22:15:00,2026-03-27 22:31:00,2026-03-27 22:50:00,BOS,long,4454.7,4440.4,4454.7,4472.8,True,2026-03-27 22:45:00,4472.8,TP,18.1,176.85,19
2026-03-28 00:00:00,2026-03-28 00:11:00,2026-03-28 00:32:00,EXTEND,short,4522.0,4533.8,4522.0,4510.1,True,2026-03-28 00:31:00,4522.0,BE,0.0,-4.0,21
2026-03-28 00:40:00,2026-03-28 01:10:00,2026-03-28 01:11:00,EXTEND,short,4511.2,4531.3,4511.2,4496.9,True,2026-03-28 01:11:00,4511.2,BE,0.0,-4.0,1
2026-03-28 02:15:00,2026-03-28 02:20:00,2026-03-28 02:21:00,MSS,long,4508.0,4484.1,4508.0,4514.2,True,2026-03-28 02:21:00,4506.6,BE,-1.4,-18.0,1
2026-03-28 03:15:00,2026-03-28 03:21:00,2026-03-28 03:22:00,MSS,long,4518.7,4503.9,4518.7,4523.2,True,2026-03-28 03:22:00,4518.7,BE,0.0,-4.0,1
2026-03-28 03:35:00,2026-03-28 03:40:00,2026-03-28 03:41:00,MSS,short,4505.4,4523.2,4505.4,4503.9,True,2026-03-28 03:41:00,4505.6,BE,-0.2,-6.0,1
2026-03-28 03:40:00,2026-03-28 03:57:00,2026-03-28 04:51:00,EXTEND,short,4508.6,4523.2,4508.6,4491.1,True,2026-03-28 04:07:00,4490.2,TP,18.4,180.0,54
2026-03-30 07:05:00,2026-03-30 07:22:00,2026-03-30 07:32:00,BOS,short,4472.6,4487.3,4472.6,4454.4,True,2026-03-30 07:30:00,4454.4,TP,18.2,177.93,9
2026-03-30 08:20:00,2026-03-30 08:26:00,2026-03-30 08:28:00,MSS,long,4460.0,4414.0,4460.0,4471.1,True,2026-03-30 08:28:00,4457.7,BE,-2.3,-27.0,1
2026-03-30 08:50:00,2026-03-30 08:56:00,2026-03-30 09:00:00,MSS,short,4430.9,4460.0,4430.9,4420.0,True,2026-03-30 08:57:00,4430.9,BE,0.0,-4.0,4
2026-03-30 09:30:00,2026-03-30 09:35:00,2026-03-30 09:36:00,MSS,long,4473.1,4446.6,4473.1,4470.0,True,2026-03-30 09:36:00,4470.9,BE,-2.2,-26.0,1
2026-03-30 10:20:00,2026-03-30 10:32:00,2026-03-30 10:33:00,MSS,short,4467.6,4471.0,4467.6,4461.6,True,2026-03-30 10:33:00,4457.2,TP,10.4,100.0,1
2026-03-30 15:00:00,2026-03-30 15:05:00,2026-03-30 15:06:00,MSS,short,4520.1,4546.0,4520.1,4515.5,True,2026-03-30 15:06:00,4524.9,BE,-4.8,-52.0,1
2026-03-30 15:50:00,2026-03-30 15:57:00,2026-03-30 16:00:00,MSS,long,4522.7,4515.2,4522.7,4523.3,True,2026-03-30 16:00:00,4521.7,BE,-1.0,-14.0,1
2026-03-30 19:50:00,2026-03-30 20:04:00,2026-03-30 21:35:00,EXTEND,long,4550.8,4538.7,4550.8,4588.4,True,2026-03-30 20:30:00,4550.8,BE,0.0,-4.0,72
2026-03-31 00:00:00,2026-03-31 00:08:00,2026-03-31 00:09:00,MSS,short,4538.0,4555.5,4538.0,4533.4,True,2026-03-31 00:09:00,4538.2,BE,-0.2,-6.0,1
2026-03-31 00:40:00,2026-03-31 01:19:00,2026-03-31 01:31:00,MSS,long,4524.2,4531.3,4531.3,4550.2,False,,4520.0,SL,-4.2,-46.0,1
2026-04-07 22:05:00,2026-04-07 22:45:00,2026-04-07 23:59:00,MSS,short,4645.6,4648.8,4648.8,4594.4,False,,4654.2,SL,-8.6,-90.0,4
2026-04-29 08:50:00,2026-04-29 08:59:00,2026-04-29 09:01:00,BOS,short,4613.8,4618.7,4613.8,4607.0,True,2026-04-29 09:00:00,4607.0,TP,6.8,63.84,2
2026-04-29 09:40:00,2026-04-29 09:59:00,2026-04-29 10:01:00,MSS,long,4598.1,4592.4,4598.1,4608.8,True,2026-04-29 10:00:00,4608.8,TP,10.7,102.83,2
2026-04-29 10:40:00,2026-04-29 10:50:00,2026-04-29 10:53:00,EXTEND,short,4612.2,4616.9,4612.2,4606.6,True,2026-04-29 10:52:00,4606.6,TP,5.6,51.87,3
2026-04-29 10:55:00,2026-04-29 11:10:00,2026-04-29 11:13:00,EXTEND,short,4611.9,4614.8,4614.8,4602.9,False,,4614.8,SL,-2.9,-33.0,3
2026-04-29 11:15:00,2026-04-29 11:34:00,2026-04-29 12:26:00,EXTEND,long,4610.4,4605.4,4610.4,4620.0,True,2026-04-29 12:12:00,4610.4,BE,0.0,-4.0,52
2026-04-29 13:10:00,2026-04-29 13:17:00,2026-04-29 13:18:00,MSS,short,4614.3,4621.3,4614.3,4611.8,True,2026-04-29 13:18:00,4614.5,BE,-0.2,-6.0,1
2026-04-29 13:35:00,2026-04-29 13:52:00,2026-04-29 14:00:00,EXTEND,short,4615.0,4621.3,4615.0,4603.9,True,2026-04-29 13:55:00,4603.9,TP,11.1,106.99,8
2026-04-29 14:00:00,2026-04-29 14:06:00,2026-04-29 14:08:00,EXTEND,short,4608.4,4616.9,4608.4,4600.3,True,2026-04-29 14:07:00,4608.4,BE,0.0,-4.0,2
2026-04-29 15:05:00,2026-04-29 15:11:00,2026-04-29 15:12:00,MSS,short,4592.4,4603.3,4592.4,4590.5,True,2026-04-29 15:12:00,4592.8,BE,-0.4,-8.0,1
2026-04-29 16:10:00,2026-04-29 16:23:00,2026-04-29 16:28:00,BOS,short,4580.6,4586.8,4580.6,4575.1,True,2026-04-29 16:27:00,4580.6,BE,0.0,-4.0,5
2026-04-29 16:35:00,2026-04-29 16:48:00,2026-04-29 16:49:00,EXTEND,short,4583.7,4584.9,4584.9,4566.6,False,,4584.9,SL,-1.2,-16.0,1
2026-04-29 17:30:00,2026-04-29 17:38:00,2026-04-29 17:39:00,EXTEND,short,4578.5,4594.1,4578.5,4572.3,True,2026-04-29 17:39:00,4578.5,BE,0.0,-4.0,1
2026-04-29 17:55:00,2026-04-29 18:11:00,2026-04-29 18:15:00,EXTEND,short,4578.0,4582.8,4582.8,4559.1,False,,4582.8,SL,-4.8,-52.0,4
2026-04-29 19:50:00,2026-04-29 19:55:00,2026-04-29 19:56:00,MSS,short,4572.6,4585.1,4572.6,4569.1,True,2026-04-29 19:56:00,4572.6,BE,0.0,-4.0,1
2026-04-29 19:55:00,2026-04-29 20:08:00,2026-04-29 20:12:00,EXTEND,short,4578.2,4585.1,4578.2,4568.2,True,2026-04-29 20:10:00,4578.2,BE,0.0,-4.0,4
2026-04-29 20:55:00,2026-04-29 21:04:00,2026-04-29 21:20:00,EXTEND,short,4560.6,4573.0,4560.6,4547.6,True,2026-04-29 21:19:00,4547.6,TP,13.0,126.0,16
2026-04-29 22:35:00,2026-04-29 22:48:00,2026-04-29 23:06:00,EXTEND,long,4548.3,4543.2,4548.3,4559.5,True,2026-04-29 22:55:00,4559.5,TP,11.2,107.56,18
2026-04-29 23:05:00,2026-04-29 23:16:00,2026-04-29 23:18:00,EXTEND,long,4553.1,4543.2,4553.1,4564.5,True,2026-04-29 23:18:00,4553.1,BE,0.0,-4.0,2
2026-04-29 23:45:00,2026-04-29 23:55:00,2026-04-30 00:03:00,EXTEND,long,4560.2,4552.7,4560.2,4576.8,True,2026-04-30 00:01:00,4576.8,TP,16.6,162.3,8
2026-04-30 00:30:00,2026-04-30 00:36:00,2026-04-30 00:37:00,MSS,short,4562.0,4577.6,4562.0,4559.2,True,2026-04-30 00:37:00,4562.2,BE,-0.2,-6.0,1
2026-04-30 01:25:00,2026-04-30 01:34:00,2026-04-30 01:35:00,MSS,short,4558.4,4568.5,4558.4,4557.3,True,2026-04-30 01:35:00,4558.4,BE,0.0,-4.0,1
2026-04-30 01:45:00,2026-04-30 02:03:00,2026-04-30 02:04:00,EXTEND,short,4557.1,4568.5,4557.1,4551.7,True,2026-04-30 02:04:00,4557.4,BE,-0.3,-7.0,1
2026-04-30 02:00:00,2026-04-30 02:06:00,2026-04-30 02:14:00,BOS,short,4551.9,4561.8,4551.9,4541.6,True,2026-04-30 02:07:00,4541.6,TP,10.3,98.93,8
2026-04-30 02:10:00,2026-04-30 02:19:00,2026-04-30 02:29:00,EXTEND,short,4545.9,4561.8,4545.9,4533.1,True,2026-04-30 02:29:00,4545.9,BE,0.0,-4.0,10
2026-04-30 02:30:00,2026-04-30 02:40:00,2026-04-30 02:42:00,BOS,short,4541.8,4554.0,4541.8,4529.2,True,2026-04-30 02:41:00,4541.8,BE,0.0,-4.0,2
2026-04-30 02:45:00,2026-04-30 02:53:00,2026-04-30 02:56:00,EXTEND,short,4546.1,4554.0,4554.0,4526.2,False,,4554.0,SL,-7.9,-83.0,3
2026-04-30 03:15:00,2026-04-30 03:36:00,2026-04-30 06:00:00,EXTEND,long,4553.6,4547.3,4553.6,4569.7,True,2026-04-30 03:49:00,4553.6,BE,0.0,-4.0,84
2026-04-30 07:00:00,2026-04-30 07:09:00,2026-04-30 07:16:00,BOS,long,4563.9,4561.5,4563.9,4567.3,True,2026-04-30 07:14:00,4567.3,TP,3.4,30.42,7
2026-04-30 07:15:00,2026-04-30 07:25:00,2026-04-30 07:45:00,EXTEND,long,4564.0,4561.5,4564.0,4569.0,True,2026-04-30 07:38:00,4569.0,TP,5.0,45.93,20
2026-04-30 08:00:00,2026-04-30 08:16:00,2026-04-30 09:27:00,EXTEND,long,4573.0,4562.1,4573.0,4586.7,True,2026-04-30 08:30:00,4586.7,TP,13.7,133.38,71
2026-04-30 09:30:00,2026-04-30 09:38:00,2026-04-30 09:42:00,EXTEND,long,4588.5,4577.5,4588.5,4597.7,True,2026-04-30 09:41:00,4588.5,BE,0.0,-4.0,4
2026-04-30 09:50:00,2026-04-30 10:06:00,2026-04-30 10:18:00,BOS,long,4590.7,4585.4,4590.7,4596.8,True,2026-04-30 10:17:00,4590.7,BE,0.0,-4.0,12
2026-04-30 13:05:00,2026-04-30 13:17:00,2026-04-30 13:18:00,MSS,long,4564.8,4553.0,4564.8,4568.2,True,2026-04-30 13:18:00,4564.3,BE,-0.5,-9.0,1
2026-04-30 17:05:00,2026-04-30 17:14:00,2026-04-30 17:16:00,BOS,long,4630.8,4627.1,4630.8,4633.6,True,2026-04-30 17:15:00,4630.8,BE,0.0,-4.0,2
2026-04-30 17:15:00,2026-04-30 17:24:00,2026-04-30 17:25:00,EXTEND,long,4631.2,4627.1,4631.2,4634.1,True,2026-04-30 17:25:00,4631.2,BE,0.0,-4.0,1
2026-04-30 17:30:00,2026-04-30 17:47:00,2026-04-30 18:27:00,EXTEND,long,4633.1,4627.5,4633.1,4648.6,True,2026-04-30 18:01:00,4648.6,TP,15.5,150.82,40
2026-04-30 19:05:00,2026-04-30 19:20:00,2026-04-30 19:24:00,EXTEND,long,4650.8,4645.3,4650.8,4661.8,True,2026-04-30 19:23:00,4650.8,BE,0.0,-4.0,4
2026-04-30 20:05:00,2026-04-30 20:10:00,2026-04-30 20:15:00,EXTEND,long,4645.6,4641.0,4645.6,4652.8,True,2026-04-30 20:11:00,4645.6,BE,0.0,-4.0,5
2026-04-30 20:20:00,2026-04-30 20:30:00,2026-04-30 20:31:00,EXTEND,long,4645.5,4641.0,4645.5,4653.1,True,2026-04-30 20:31:00,4645.5,BE,0.0,-4.0,1
2026-04-30 20:30:00,2026-04-30 20:40:00,2026-04-30 20:46:00,MSS,short,4642.7,4650.5,4642.7,4630.7,True,2026-04-30 20:44:00,4642.7,BE,0.0,-4.0,6
2026-04-30 22:35:00,2026-04-30 22:48:00,2026-05-01 00:17:00,BOS,short,4632.2,4638.9,4632.2,4618.5,True,2026-04-30 23:44:00,4618.5,TP,13.7,133.47,89
2026-05-01 00:15:00,2026-05-01 00:35:00,2026-05-01 00:50:00,BOS,short,4623.2,4630.1,4630.1,4614.5,False,,4630.1,SL,-6.9,-73.0,15
2026-05-01 00:55:00,2026-05-01 01:06:00,2026-05-01 01:08:00,BOS,short,4628.1,4630.8,4630.8,4615.4,False,,4630.8,SL,-2.7,-31.0,2
2026-05-01 02:15:00,2026-05-01 02:43:00,2026-05-01 03:20:00,EXTEND,long,4633.9,4628.0,4633.9,4641.5,True,2026-05-01 02:52:00,4633.9,BE,0.0,-4.0,37
2026-05-01 03:30:00,2026-05-01 03:48:00,2026-05-01 04:54:00,EXTEND,short,4634.2,4640.8,4634.2,4624.3,True,2026-05-01 03:50:00,4634.2,BE,0.0,-4.0,66
2026-05-01 07:35:00,2026-05-01 07:46:00,2026-05-01 07:47:00,EXTEND,long,4644.9,4641.1,4644.9,4648.3,True,2026-05-01 07:47:00,4644.9,BE,0.0,-4.0,1
2026-05-01 08:00:00,2026-05-01 08:07:00,2026-05-01 08:09:00,EXTEND,short,4639.5,4646.8,4639.5,4632.2,True,2026-05-01 08:09:00,4639.5,BE,0.0,-4.0,2
2026-05-01 08:10:00,2026-05-01 08:22:00,2026-05-01 09:00:00,BOS,short,4638.4,4643.6,4638.4,4629.9,True,2026-05-01 08:30:00,4629.9,TP,8.5,81.16,38
2026-05-01 09:20:00,2026-05-01 09:41:00,2026-05-01 10:09:00,EXTEND,short,4631.8,4637.9,4637.9,4622.7,False,,4637.9,SL,-6.1,-65.0,28
2026-05-01 10:55:00,2026-05-01 11:39:00,2026-05-01 12:33:00,EXTEND,short,4641.7,4643.1,4641.7,4623.9,True,2026-05-01 12:08:00,4623.9,TP,17.8,173.77,54
2026-05-01 13:10:00,2026-05-01 13:19:00,2026-05-01 13:20:00,EXTEND,long,4625.3,4618.7,4625.3,4628.4,True,2026-05-01 13:20:00,4625.3,BE,0.0,-4.0,1
2026-05-01 13:35:00,2026-05-01 13:44:00,2026-05-01 13:45:00,MSS,short,4620.7,4627.7,4620.7,4618.6,True,2026-05-01 13:45:00,4620.7,BE,0.0,-4.0,1
2026-05-01 17:10:00,2026-05-01 17:25:00,2026-05-01 17:52:00,EXTEND,short,4580.8,4584.4,4580.8,4572.5,True,2026-05-01 17:50:00,4580.8,BE,0.0,-4.0,27
2026-05-01 17:55:00,2026-05-01 18:11:00,2026-05-01 18:30:00,EXTEND,short,4576.5,4584.3,4584.3,4566.5,False,,4584.3,SL,-7.8,-82.0,19
2026-05-01 19:15:00,2026-05-01 19:20:00,2026-05-01 19:21:00,MSS,long,4584.3,4573.3,4584.3,4585.2,True,2026-05-01 19:21:00,4584.1,BE,-0.2,-6.0,1
2026-05-01 19:55:00,2026-05-01 20:04:00,2026-05-01 20:05:00,EXTEND,long,4589.2,4583.9,4589.2,4592.5,True,2026-05-01 20:05:00,4589.2,BE,0.0,-4.0,1
2026-05-01 20:05:00,2026-05-01 20:12:00,2026-05-01 20:13:00,EXTEND,long,4588.5,4583.9,4588.5,4593.3,True,2026-05-01 20:13:00,4593.3,TP,4.8,43.98,1
2026-05-01 20:25:00,2026-05-01 21:17:00,2026-05-01 21:54:00,EXTEND,long,4602.5,4586.1,4602.5,4628.1,True,2026-05-01 21:33:00,4628.1,TP,25.6,252.37,37
2026-05-01 23:10:00,2026-05-01 23:15:00,2026-05-01 23:16:00,MSS,long,4649.5,4630.4,4649.5,4652.4,True,2026-05-01 23:16:00,4649.3,BE,-0.2,-6.0,1
2026-05-01 23:45:00,2026-05-01 23:52:00,2026-05-01 23:55:00,EXTEND,long,4655.3,4646.4,4655.3,4662.9,True,2026-05-01 23:54:00,4655.3,BE,0.0,-4.0,3
2026-05-02 00:10:00,2026-05-02 00:18:00,2026-05-02 00:21:00,EXTEND,short,4657.8,4659.4,4659.4,4646.3,False,,4659.4,SL,-1.6,-20.0,3
2026-05-02 01:50:00,2026-05-02 01:57:00,2026-05-02 01:58:00,EXTEND,short,4641.9,4651.9,4641.9,4635.5,True,2026-05-02 01:58:00,4641.9,BE,0.0,-4.0,1
2026-05-02 03:10:00,2026-05-02 03:15:00,2026-05-02 03:16:00,MSS,long,4638.8,4631.5,4638.8,4640.4,True,2026-05-02 03:16:00,4638.8,BE,0.0,-4.0,1
2026-05-04 08:00:00,2026-05-04 08:12:00,2026-05-04 08:48:00,MSS,short,4621.6,4628.6,4621.6,4612.3,True,2026-05-04 08:18:00,4621.6,BE,0.0,-4.0,36
2026-05-04 09:05:00,2026-05-04 09:10:00,2026-05-04 09:11:00,EXTEND,short,4607.5,4625.2,4607.5,4604.1,True,2026-05-04 09:11:00,4607.5,BE,0.0,-4.0,1
2026-05-04 09:30:00,2026-05-04 09:41:00,2026-05-04 09:50:00,EXTEND,short,4610.9,4615.8,4615.8,4600.3,False,,4615.8,SL,-4.9,-53.0,9
2026-05-04 10:00:00,2026-05-04 10:19:00,2026-05-04 10:28:00,EXTEND,long,4616.3,4603.6,4603.6,4637.0,False,,4603.6,SL,-12.7,-131.0,9
2026-05-04 11:50:00,2026-05-04 11:57:00,2026-05-04 11:58:00,MSS,long,4626.3,4609.4,4626.3,4630.1,True,2026-05-04 11:58:00,4626.3,BE,0.0,-4.0,1
2026-05-04 12:55:00,2026-05-04 13:02:00,2026-05-04 13:03:00,MSS,short,4615.0,4621.6,4615.0,4614.1,True,2026-05-04 13:03:00,4615.1,BE,-0.1,-5.0,1
2026-05-04 13:15:00,2026-05-04 13:22:00,2026-05-04 13:23:00,MSS,long,4622.0,4612.7,4622.0,4627.4,True,2026-05-04 13:23:00,4622.0,BE,0.0,-4.0,1
2026-05-04 14:05:00,2026-05-04 14:15:00,2026-05-04 14:27:00,EXTEND,short,4604.6,4613.1,4604.6,4595.1,True,2026-05-04 14:23:00,4604.6,BE,0.0,-4.0,12
2026-05-04 14:45:00,2026-05-04 14:52:00,2026-05-04 15:01:00,EXTEND,short,4600.9,4607.0,4600.9,4591.1,True,2026-05-04 15:00:00,4600.9,BE,0.0,-4.0,9
2026-05-04 15:35:00,2026-05-04 15:49:00,2026-05-04 15:51:00,EXTEND,short,4598.4,4607.0,4598.4,4589.7,True,2026-05-04 15:50:00,4598.4,BE,0.0,-4.0,2
2026-05-04 16:40:00,2026-05-04 16:53:00,2026-05-04 17:03:00,EXTEND,long,4589.5,4584.6,4589.5,4595.1,True,2026-05-04 17:02:00,4589.5,BE,0.0,-4.0,10
2026-05-04 17:15:00,2026-05-04 17:53:00,2026-05-04 17:57:00,EXTEND,long,4590.5,4586.7,4586.7,4598.0,False,,4586.7,SL,-3.8,-42.0,4
2026-05-04 18:20:00,2026-05-04 18:42:00,2026-05-05 00:07:00,EXTEND,short,4568.5,4595.6,4568.5,4519.7,True,2026-05-04 23:19:00,4519.7,TP,48.8,484.46,325
2026-05-05 00:10:00,2026-05-05 00:24:00,2026-05-05 01:04:00,EXTEND,short,4531.3,4553.8,4531.3,4498.4,True,2026-05-05 00:47:00,4531.3,BE,0.0,-4.0,40
2026-05-05 03:00:00,2026-05-05 03:05:00,2026-05-05 03:06:00,EXTEND,long,4525.7,4520.4,4525.7,4528.9,True,2026-05-05 03:06:00,4525.7,BE,0.0,-4.0,1
2026-05-05 03:35:00,2026-05-05 03:59:00,2026-05-05 06:07:00,EXTEND,long,4527.7,4520.8,4527.7,4541.1,True,2026-05-05 04:57:00,4527.7,BE,0.0,-4.0,68
2026-05-05 07:45:00,2026-05-05 07:50:00,2026-05-05 07:55:00,EXTEND,short,4529.0,4531.2,4529.0,4525.7,True,2026-05-05 07:51:00,4529.0,BE,0.0,-4.0,5
2026-05-05 08:10:00,2026-05-05 08:24:00,2026-05-05 08:26:00,EXTEND,long,4528.6,4525.8,4525.8,4541.3,False,,4525.8,SL,-2.8,-32.0,2
2026-05-05 08:25:00,2026-05-05 08:49:00,2026-05-05 08:54:00,MSS,short,4536.1,4538.0,4538.0,4518.4,False,,4538.0,SL,-1.9,-23.0,5
2026-05-05 10:25:00,2026-05-05 10:30:00,2026-05-05 10:31:00,MSS,long,4551.2,4544.0,4551.2,4553.1,True,2026-05-05 10:31:00,4551.2,BE,0.0,-4.0,1
2026-05-05 10:45:00,2026-05-05 11:01:00,2026-05-05 11:56:00,EXTEND,long,4548.9,4544.0,4544.0,4559.4,False,,4544.0,SL,-4.9,-53.0,55
2026-05-05 13:05:00,2026-05-05 13:24:00,2026-05-05 13:35:00,MSS,long,4548.6,4539.9,4548.6,4558.7,True,2026-05-05 13:30:00,4558.7,TP,10.1,96.96,11
2026-05-05 14:00:00,2026-05-05 14:07:00,2026-05-05 14:24:00,EXTEND,long,4554.5,4544.8,4544.8,4566.0,False,,4544.8,SL,-9.7,-101.0,17
2026-05-05 14:20:00,2026-05-05 14:40:00,2026-05-05 15:00:00,EXTEND,short,4556.4,4561.5,4561.5,4538.3,False,,4561.5,SL,-5.1,-55.0,20
2026-05-05 15:25:00,2026-05-05 15:33:00,2026-05-05 15:34:00,MSS,short,4560.2,4565.5,4560.2,4556.0,True,2026-05-05 15:34:00,4560.2,BE,0.0,-4.0,1
2026-05-05 15:55:00,2026-05-05 16:16:00,2026-05-05 16:57:00,EXTEND,short,4560.0,4568.3,4568.3,4549.0,False,,4568.3,SL,-8.3,-87.0,41
2026-05-05 17:25:00,2026-05-05 17:32:00,2026-05-05 17:33:00,MSS,short,4563.1,4570.5,4563.1,4560.2,True,2026-05-05 17:33:00,4563.1,BE,0.0,-4.0,1
2026-05-05 17:30:00,2026-05-05 17:48:00,2026-05-05 17:53:00,EXTEND,short,4564.4,4570.5,4564.4,4558.6,True,2026-05-05 17:49:00,4564.4,BE,0.0,-4.0,5
2026-05-05 18:10:00,2026-05-05 18:17:00,2026-05-05 18:26:00,EXTEND,short,4564.2,4567.2,4564.2,4559.1,True,2026-05-05 18:19:00,4559.1,TP,5.1,47.28,9
2026-05-05 18:25:00,2026-05-05 18:36:00,2026-05-05 18:44:00,BOS,short,4562.0,4565.3,4562.0,4554.4,True,2026-05-05 18:41:00,4554.4,TP,7.6,72.22,8
2026-05-05 19:05:00,2026-05-05 19:10:00,2026-05-05 19:11:00,MSS,long,4561.5,4550.1,4561.5,4563.4,True,2026-05-05 19:11:00,4561.5,BE,0.0,-4.0,1
2026-05-05 20:10:00,2026-05-05 20:20:00,2026-05-05 20:21:00,MSS,long,4575.2,4564.3,4575.2,4580.8,True,2026-05-05 20:21:00,4575.0,BE,-0.2,-6.0,1
2026-05-05 20:30:00,2026-05-05 20:55:00,2026-05-05 21:09:00,EXTEND,long,4574.4,4564.3,4574.4,4591.0,True,2026-05-05 21:02:00,4591.0,TP,16.6,161.7,14
2026-05-05 21:40:00,2026-05-05 21:55:00,2026-05-05 22:00:00,EXTEND,short,4589.2,4592.4,4592.4,4579.2,False,,4592.4,SL,-3.2,-36.0,5
2026-05-05 22:15:00,2026-05-05 22:30:00,2026-05-05 22:33:00,EXTEND,short,4591.6,4595.1,4595.1,4571.2,False,,4595.1,SL,-3.5,-39.0,3
2026-05-05 23:00:00,2026-05-05 23:22:00,2026-05-05 23:27:00,MSS,long,4590.0,4586.3,4586.3,4597.2,False,,4586.3,SL,-3.7,-41.0,5
2026-05-06 01:10:00,2026-05-06 01:24:00,2026-05-06 01:34:00,EXTEND,short,4569.6,4573.8,4569.6,4561.0,True,2026-05-06 01:31:00,4569.6,BE,0.0,-4.0,10
2026-05-06 01:45:00,2026-05-06 02:00:00,2026-05-06 02:01:00,MSS,long,4571.2,4565.9,4571.2,4574.8,True,2026-05-06 02:01:00,4571.2,BE,0.0,-4.0,1
2026-05-06 02:15:00,2026-05-06 02:42:00,2026-05-06 02:55:00,EXTEND,long,4570.5,4568.4,4570.5,4578.2,True,2026-05-06 02:46:00,4570.5,BE,0.0,-4.0,13
2026-05-06 03:50:00,2026-05-06 03:56:00,2026-05-06 03:57:00,MSS,short,4563.4,4569.7,4563.4,4563.2,True,2026-05-06 03:57:00,4563.2,TP,0.2,-2.0,1
2026-05-06 08:00:00,2026-05-06 08:14:00,2026-05-06 08:15:00,BOS,long,4602.0,4601.0,4601.0,4611.0,False,,4601.0,SL,-1.0,-14.0,1
2026-05-06 09:00:00,2026-05-06 09:16:00,2026-05-06 09:47:00,EXTEND,long,4624.8,4618.0,4624.8,4638.1,True,2026-05-06 09:21:00,4638.1,TP,13.3,128.66,31
2026-05-06 09:45:00,2026-05-06 09:56:00,2026-05-06 10:08:00,BOS,long,4636.6,4631.1,4636.6,4641.8,True,2026-05-06 10:00:00,4641.8,TP,5.2,47.68,12
2026-05-06 10:15:00,2026-05-06 10:32:00,2026-05-06 10:36:00,EXTEND,long,4642.0,4631.1,4642.0,4650.8,True,2026-05-06 10:35:00,4642.0,BE,0.0,-4.0,4
2026-05-06 11:20:00,2026-05-06 11:33:00,2026-05-06 11:55:00,EXTEND,long,4653.5,4648.2,4653.5,4664.3,True,2026-05-06 11:37:00,4653.5,BE,0.0,-4.0,22
2026-05-06 12:25:00,2026-05-06 12:40:00,2026-05-06 12:51:00,BOS,long,4660.8,4655.9,4660.8,4666.4,True,2026-05-06 12:48:00,4660.8,BE,0.0,-4.0,11
2026-05-06 13:30:00,2026-05-06 13:40:00,2026-05-06 13:41:00,MSS,short,4657.3,4666.3,4657.3,4651.8,True,2026-05-06 13:41:00,4657.3,BE,0.0,-4.0,1
2026-05-06 14:35:00,2026-05-06 14:44:00,2026-05-06 14:47:00,EXTEND,long,4674.7,4668.3,4674.7,4682.9,True,2026-05-06 14:46:00,4674.7,BE,0.0,-4.0,3
2026-05-06 15:10:00,2026-05-06 15:15:00,2026-05-06 15:16:00,MSS,short,4669.0,4681.5,4669.0,4666.1,True,2026-05-06 15:16:00,4669.4,BE,-0.4,-8.0,1
2026-05-06 15:15:00,2026-05-06 15:30:00,2026-05-06 15:45:00,EXTEND,short,4677.4,4681.5,4681.5,4664.9,False,,4681.5,SL,-4.1,-45.0,15
2026-05-06 16:50:00,2026-05-06 16:59:00,2026-05-06 17:00:00,MSS,long,4711.8,4682.8,4711.8,4723.1,True,2026-05-06 17:00:00,4711.8,BE,0.0,-4.0,1
2026-05-06 17:35:00,2026-05-06 17:46:00,2026-05-06 18:04:00,EXTEND,long,4710.3,4702.4,4710.3,4721.4,True,2026-05-06 17:55:00,4710.3,BE,0.0,-4.0,18
2026-05-06 18:00:00,2026-05-06 18:10:00,2026-05-06 18:30:00,EXTEND,long,4710.1,4702.4,4710.1,4721.7,True,2026-05-06 18:25:00,4721.7,TP,11.6,112.04,20
2026-05-06 18:50:00,2026-05-06 19:05:00,2026-05-06 19:12:00,BOS,long,4727.1,4718.8,4727.1,4738.9,True,2026-05-06 19:09:00,4727.1,BE,0.0,-4.0,7
2026-05-06 19:40:00,2026-05-06 19:53:00,2026-05-06 19:54:00,MSS,short,4708.7,4727.0,4708.7,4702.5,True,2026-05-06 19:54:00,4708.7,BE,0.0,-4.0,1
2026-05-06 21:05:00,2026-05-06 21:18:00,2026-05-06 21:32:00,BOS,short,4694.4,4703.5,4703.5,4672.8,False,,4703.5,SL,-9.1,-95.0,14
2026-05-06 21:45:00,2026-05-06 21:53:00,2026-05-06 21:54:00,BOS,long,4714.6,4704.1,4714.6,4715.1,True,2026-05-06 21:54:00,4714.6,BE,0.0,-4.0,1
2026-05-06 22:00:00,2026-05-06 22:09:00,2026-05-06 22:10:00,EXTEND,long,4719.1,4704.1,4719.1,4726.5,True,2026-05-06 22:10:00,4719.1,BE,0.0,-4.0,1
2026-05-06 22:15:00,2026-05-06 22:31:00,2026-05-06 22:45:00,EXTEND,long,4719.8,4708.4,4719.8,4734.3,True,2026-05-06 22:42:00,4719.8,BE,0.0,-4.0,14
2026-05-06 23:10:00,2026-05-06 23:22:00,2026-05-06 23:27:00,EXTEND,short,4710.6,4718.7,4710.6,4701.0,True,2026-05-06 23:27:00,4710.6,BE,0.0,-4.0,5
2026-05-07 00:05:00,2026-05-07 00:32:00,2026-05-07 02:17:00,BOS,short,4699.8,4706.6,4699.8,4688.9,True,2026-05-07 00:52:00,4699.8,BE,0.0,-4.0,105
2026-05-07 03:00:00,2026-05-07 03:08:00,2026-05-07 03:09:00,MSS,long,4704.6,4695.7,4704.6,4706.2,True,2026-05-07 03:09:00,4704.6,BE,0.0,-4.0,1
2026-05-07 07:20:00,2026-05-07 07:25:00,2026-05-07 07:26:00,MSS,short,4701.7,4707.0,4701.7,4700.1,True,2026-05-07 07:26:00,4701.8,BE,-0.1,-5.0,1
2026-05-07 07:25:00,2026-05-07 07:48:00,2026-05-07 07:50:00,EXTEND,short,4706.7,4707.0,4707.0,4697.0,False,,4707.0,SL,-0.3,-7.0,2
2026-05-07 08:00:00,2026-05-07 08:06:00,2026-05-07 08:08:00,EXTEND,long,4704.2,4699.1,4699.1,4713.1,False,,4699.1,SL,-5.1,-55.0,2
2026-05-07 08:10:00,2026-05-07 08:33:00,2026-05-07 08:36:00,EXTEND,long,4701.2,4699.1,4699.1,4713.6,False,,4699.1,SL,-2.1,-25.0,3
2026-05-07 12:35:00,2026-05-07 12:44:00,2026-05-07 12:45:00,EXTEND,short,4706.3,4707.0,4707.0,4699.0,False,,4707.0,SL,-0.7,-11.0,1
2026-05-07 13:00:00,2026-05-07 13:21:00,2026-05-07 13:32:00,MSS,long,4704.7,4702.5,4704.7,4712.0,True,2026-05-07 13:30:00,4712.0,TP,7.3,69.25,11
2026-05-07 14:10:00,2026-05-07 14:16:00,2026-05-07 14:17:00,EXTEND,long,4718.5,4709.0,4718.5,4721.6,True,2026-05-07 14:17:00,4718.5,BE,0.0,-4.0,1
2026-05-07 15:00:00,2026-05-07 15:13:00,2026-05-07 15:14:00,MSS,short,4757.0,4759.2,4759.2,4735.8,False,,4759.2,SL,-2.2,-26.0,1
2026-05-07 16:20:00,2026-05-07 16:25:00,2026-05-07 16:26:00,EXTEND,short,4745.9,4763.6,4745.9,4740.4,True,2026-05-07 16:26:00,4745.9,BE,0.0,-4.0,1
2026-05-07 17:00:00,2026-05-07 17:12:00,2026-05-07 17:17:00,EXTEND,short,4743.5,4747.1,4747.1,4727.8,False,,4747.1,SL,-3.6,-40.0,5
2026-05-07 17:25:00,2026-05-07 17:40:00,2026-05-07 17:41:00,EXTEND,long,4747.3,4741.3,4747.3,4750.7,True,2026-05-07 17:41:00,4747.3,BE,0.0,-4.0,1
2026-05-07 17:55:00,2026-05-07 18:03:00,2026-05-07 18:04:00,MSS,short,4737.3,4749.3,4737.3,4731.5,True,2026-05-07 18:04:00,4737.3,BE,0.0,-4.0,1
2026-05-07 18:40:00,2026-05-07 19:15:00,2026-05-07 19:16:00,EXTEND,long,4739.9,4737.3,4737.3,4752.5,False,,4737.3,SL,-2.6,-30.0,1
2026-05-07 20:15:00,2026-05-07 20:26:00,2026-05-07 20:41:00,EXTEND,long,4748.2,4743.1,4748.2,4760.5,True,2026-05-07 20:30:00,4760.5,TP,12.3,118.99,15
2026-05-07 21:05:00,2026-05-07 21:10:00,2026-05-07 21:11:00,EXTEND,short,4746.6,4762.7,4746.6,4741.7,True,2026-05-07 21:11:00,4746.6,BE,0.0,-4.0,1
2026-05-07 21:30:00,2026-05-07 21:38:00,2026-05-07 21:39:00,MSS,long,4764.3,4740.7,4764.3,4775.9,True,2026-05-07 21:39:00,4764.3,BE,0.0,-4.0,1
2026-05-07 22:10:00,2026-05-07 22:19:00,2026-05-07 22:21:00,BOS,long,4761.4,4752.5,4761.4,4767.5,True,2026-05-07 22:20:00,4767.5,TP,6.1,56.86,2
2026-05-07 22:25:00,2026-05-07 22:36:00,2026-05-07 22:41:00,EXTEND,long,4762.4,4751.0,4762.4,4774.9,True,2026-05-07 22:41:00,4762.4,BE,0.0,-4.0,5
2026-05-08 00:55:00,2026-05-08 01:03:00,2026-05-08 01:04:00,EXTEND,long,4727.3,4720.3,4727.3,4730.1,True,2026-05-08 01:04:00,4727.2,BE,-0.1,-5.0,1
2026-05-08 01:05:00,2026-05-08 01:14:00,2026-05-08 01:18:00,EXTEND,long,4724.3,4720.3,4720.3,4732.0,False,,4720.3,SL,-4.0,-44.0,4
2026-05-08 01:20:00,2026-05-08 01:25:00,2026-05-08 01:26:00,EXTEND,short,4715.3,4729.5,4715.3,4711.3,True,2026-05-08 01:26:00,4715.3,BE,0.0,-4.0,1
2026-05-08 01:25:00,2026-05-08 01:43:00,2026-05-08 04:02:00,BOS,short,4712.3,4726.7,4726.7,4688.9,False,,4726.7,SL,-14.4,-148.0,139
2026-05-08 08:15:00,2026-05-08 08:27:00,2026-05-08 08:32:00,MSS,short,4710.3,4718.7,4710.3,4698.4,True,2026-05-08 08:28:00,4710.3,BE,0.0,-4.0,5
2026-05-08 09:05:00,2026-05-08 09:39:00,2026-05-08 10:02:00,EXTEND,long,4716.5,4705.5,4716.5,4734.2,True,2026-05-08 09:46:00,4734.2,TP,17.7,173.02,23
2026-05-08 10:00:00,2026-05-08 10:39:00,2026-05-08 12:41:00,BOS,long,4719.9,4713.4,4719.9,4748.6,True,2026-05-08 11:34:00,4719.9,BE,0.0,-4.0,122
2026-05-08 12:40:00,2026-05-08 12:55:00,2026-05-08 13:07:00,BOS,short,4722.9,4727.0,4722.9,4714.2,True,2026-05-08 12:59:00,4722.9,BE,0.0,-4.0,12
2026-05-08 13:55:00,2026-05-08 14:02:00,2026-05-08 14:16:00,EXTEND,long,4730.3,4719.1,4730.3,4745.6,True,2026-05-08 14:04:00,4730.3,BE,0.0,-4.0,14
2026-05-08 14:25:00,2026-05-08 14:40:00,2026-05-08 14:44:00,BOS,long,4737.3,4730.1,4737.3,4747.2,True,2026-05-08 14:43:00,4737.3,BE,0.0,-4.0,4
2026-05-08 15:45:00,2026-05-08 15:53:00,2026-05-08 15:54:00,MSS,long,4721.2,4715.7,4721.2,4723.7,True,2026-05-08 15:54:00,4721.2,BE,0.0,-4.0,1
2026-05-08 15:50:00,2026-05-08 15:58:00,2026-05-08 16:06:00,EXTEND,long,4718.5,4715.7,4715.7,4725.0,False,,4715.7,SL,-2.8,-32.0,8
2026-05-08 16:35:00,2026-05-08 17:34:00,2026-05-08 18:39:00,EXTEND,long,4724.4,4715.6,4724.4,4737.4,True,2026-05-08 18:15:00,4737.4,TP,13.0,126.44,65
2026-05-08 18:45:00,2026-05-08 18:50:00,2026-05-08 18:51:00,MSS,short,4728.3,4737.7,4728.3,4726.3,True,2026-05-08 18:51:00,4728.3,BE,0.0,-4.0,1
2026-05-08 18:55:00,2026-05-08 19:06:00,2026-05-08 20:06:00,EXTEND,short,4735.3,4737.7,4735.3,4720.9,True,2026-05-08 19:47:00,4720.9,TP,14.4,139.64,60
2026-05-08 20:30:00,2026-05-08 20:36:00,2026-05-08 20:37:00,MSS,long,4736.4,4712.1,4736.4,4740.2,True,2026-05-08 20:37:00,4736.3,BE,-0.1,-5.0,1
2026-05-08 22:05:00,2026-05-08 22:10:00,2026-05-08 22:11:00,MSS,short,4733.5,4760.1,4733.5,4728.5,True,2026-05-08 22:11:00,4733.5,BE,0.0,-4.0,1
2026-05-08 23:30:00,2026-05-08 23:40:00,2026-05-09 00:05:00,EXTEND,short,4721.8,4730.8,4721.8,4709.0,True,2026-05-08 23:43:00,4721.8,BE,0.0,-4.0,25
2026-05-09 01:55:00,2026-05-09 02:00:00,2026-05-09 02:01:00,EXTEND,long,4732.6,4728.8,4732.6,4733.2,True,2026-05-09 02:01:00,4733.2,TP,0.6,2.45,1
2026-05-09 02:55:00,2026-05-09 03:08:00,2026-05-09 03:40:00,EXTEND,short,4733.8,4738.5,4733.8,4726.7,True,2026-05-09 03:35:00,4733.8,BE,0.0,-4.0,32
2026-05-11 07:00:00,2026-05-11 07:16:00,2026-05-11 07:56:00,MSS,long,4701.5,4695.1,4701.5,4708.4,True,2026-05-11 07:19:00,4701.5,BE,0.0,-4.0,40
2026-05-11 08:20:00,2026-05-11 08:35:00,2026-05-11 09:04:00,EXTEND,short,4700.1,4707.3,4700.1,4678.2,True,2026-05-11 08:52:00,4700.1,BE,0.0,-4.0,29
2026-05-11 09:50:00,2026-05-11 09:55:00,2026-05-11 09:56:00,MSS,short,4691.2,4704.9,4691.2,4690.9,True,2026-05-11 09:56:00,4690.9,TP,0.3,-1.3,1
2026-05-11 09:55:00,2026-05-11 10:04:00,2026-05-11 10:13:00,EXTEND,short,4697.6,4704.9,4697.6,4684.1,True,2026-05-11 10:06:00,4697.6,BE,0.0,-4.0,9
2026-05-11 10:35:00,2026-05-11 10:46:00,2026-05-11 10:50:00,MSS,long,4701.2,4691.1,4691.1,4713.8,False,,4691.1,SL,-10.1,-105.0,4
2026-05-11 13:40:00,2026-05-11 13:45:00,2026-05-11 13:46:00,MSS,short,4668.9,4688.4,4668.9,4664.5,True,2026-05-11 13:46:00,4668.9,BE,0.0,-4.0,1
2026-05-11 13:55:00,2026-05-11 14:21:00,2026-05-11 14:54:00,EXTEND,short,4675.1,4688.4,4688.4,4646.6,False,,4688.4,SL,-13.3,-137.0,33
2026-05-11 15:45:00,2026-05-11 15:52:00,2026-05-11 15:53:00,MSS,short,4674.3,4686.0,4674.3,4672.0,True,2026-05-11 15:53:00,4674.3,BE,0.0,-4.0,1
2026-05-11 16:10:00,2026-05-11 16:15:00,2026-05-11 16:16:00,MSS,long,4681.9,4673.0,4681.9,4684.8,True,2026-05-11 16:16:00,4681.6,BE,-0.3,-7.0,1
2026-05-11 16:20:00,2026-05-11 16:31:00,2026-05-11 17:18:00,EXTEND,long,4681.7,4673.0,4673.0,4691.5,False,,4673.0,SL,-8.7,-91.0,47
2026-05-12 07:35:00,2026-05-12 07:46:00,2026-05-12 07:47:00,EXTEND,long,4767.3,4760.0,4767.3,4771.4,True,2026-05-12 07:47:00,4767.3,BE,0.0,-4.0,1
2026-05-12 08:15:00,2026-05-12 08:25:00,2026-05-12 08:35:00,BOS,long,4772.5,4768.0,4768.0,4787.7,False,,4768.0,SL,-4.5,-49.0,10
2026-05-12 10:10:00,2026-05-12 10:22:00,2026-05-12 10:27:00,MSS,long,4736.8,4734.7,4734.7,4745.9,False,,4734.7,SL,-2.1,-25.0,5
2026-05-12 11:15:00,2026-05-12 11:20:00,2026-05-12 11:21:00,MSS,short,4734.3,4741.3,4734.3,4732.7,True,2026-05-12 11:21:00,4734.3,BE,0.0,-4.0,1
2026-05-12 11:55:00,2026-05-12 12:18:00,2026-05-12 12:21:00,EXTEND,short,4736.2,4736.9,4736.9,4724.3,False,,4736.9,SL,-0.7,-11.0,3
2026-05-12 13:10:00,2026-05-12 13:17:00,2026-05-12 13:30:00,EXTEND,short,4722.8,4727.8,4727.8,4714.6,False,,4727.8,SL,-5.0,-54.0,13
2026-05-12 15:05:00,2026-05-12 15:13:00,2026-05-12 16:01:00,EXTEND,short,4702.8,4713.0,4713.0,4687.9,False,,4713.0,SL,-10.2,-106.0,48
2026-05-12 16:00:00,2026-05-12 16:13:00,2026-05-12 16:15:00,MSS,long,4709.2,4705.7,4705.7,4717.1,False,,4705.7,SL,-3.5,-39.0,2
2026-05-12 17:30:00,2026-05-12 17:39:00,2026-05-12 17:44:00,MSS,long,4709.7,4705.2,4705.2,4715.7,False,,4705.2,SL,-4.5,-49.0,5
2026-05-13 07:05:00,2026-05-13 07:22:00,2026-05-13 07:27:00,EXTEND,long,4727.1,4723.2,4727.1,4734.2,True,2026-05-13 07:24:00,4727.1,BE,0.0,-4.0,5
2026-05-13 07:45:00,2026-05-13 07:55:00,2026-05-13 07:56:00,MSS,short,4723.7,4729.5,4723.7,4721.1,True,2026-05-13 07:56:00,4723.8,BE,-0.1,-5.0,1
2026-05-13 08:05:00,2026-05-13 08:39:00,2026-05-13 08:42:00,EXTEND,long,4730.3,4722.9,4730.3,4738.8,True,2026-05-13 08:40:00,4730.3,BE,0.0,-4.0,3
2026-05-13 09:35:00,2026-05-13 09:46:00,2026-05-13 10:04:00,EXTEND,short,4716.0,4724.5,4716.0,4705.8,True,2026-05-13 09:56:00,4716.0,BE,0.0,-4.0,18
2026-05-13 11:35:00,2026-05-13 11:59:00,2026-05-13 13:30:00,EXTEND,long,4704.1,4697.0,4704.1,4719.6,True,2026-05-13 12:19:00,4704.1,BE,0.0,-4.0,91
2026-05-13 13:30:00,2026-05-13 13:41:00,2026-05-13 13:52:00,EXTEND,short,4708.0,4715.4,4708.0,4697.5,True,2026-05-13 13:44:00,4708.0,BE,0.0,-4.0,11
2026-05-13 13:55:00,2026-05-13 14:00:00,2026-05-13 14:01:00,MSS,long,4713.2,4703.8,4713.2,4715.6,True,2026-05-13 14:01:00,4713.2,BE,0.0,-4.0,1
2026-05-13 14:50:00,2026-05-13 14:56:00,2026-05-13 14:57:00,MSS,short,4707.7,4721.8,4707.7,4707.2,True,2026-05-13 14:57:00,4707.2,TP,0.5,1.05,1
2026-05-13 15:05:00,2026-05-13 15:17:00,2026-05-13 15:18:00,BOS,short,4711.7,4713.6,4713.6,4702.0,False,,4713.6,SL,-1.9,-23.0,1
2026-05-13 15:25:00,2026-05-13 16:02:00,2026-05-13 16:26:00,MSS,long,4711.6,4704.5,4704.5,4719.9,False,,4704.5,SL,-7.1,-75.0,24
2026-05-13 16:55:00,2026-05-13 17:08:00,2026-05-13 17:14:00,EXTEND,long,4706.6,4702.0,4702.0,4712.4,False,,4702.0,SL,-4.6,-50.0,6
2026-05-13 17:20:00,2026-05-13 17:58:00,2026-05-13 18:08:00,EXTEND,short,4706.6,4710.2,4710.2,4687.6,False,,4710.2,SL,-3.6,-40.0,10
2026-05-13 20:00:00,2026-05-13 20:08:00,2026-05-13 20:15:00,EXTEND,short,4707.2,4713.9,4707.2,4699.0,True,2026-05-13 20:10:00,4699.0,TP,8.2,77.59,7
2026-05-13 21:30:00,2026-05-13 21:35:00,2026-05-13 21:36:00,MSS,short,4686.9,4701.9,4686.9,4685.6,True,2026-05-13 21:36:00,4685.6,TP,1.3,8.56,1
2026-05-13 22:25:00,2026-05-13 22:31:00,2026-05-13 22:32:00,MSS,long,4695.8,4680.0,4695.8,4696.0,True,2026-05-13 22:32:00,4695.7,BE,-0.1,-5.0,1
2026-05-13 22:35:00,2026-05-13 22:47:00,2026-05-13 23:34:00,EXTEND,long,4691.3,4680.0,4691.3,4703.4,True,2026-05-13 23:07:00,4703.4,TP,12.1,116.68,47
2026-05-14 00:25:00,2026-05-14 00:43:00,2026-05-14 00:50:00,EXTEND,long,4709.2,4706.1,4706.1,4721.1,False,,4706.1,SL,-3.1,-35.0,7
2026-05-14 02:00:00,2026-05-14 02:17:00,2026-05-14 02:46:00,EXTEND,short,4698.2,4702.5,4698.2,4689.7,True,2026-05-14 02:44:00,4689.7,TP,8.5,81.27,29
2026-05-14 02:45:00,2026-05-14 02:58:00,2026-05-14 04:24:00,EXTEND,short,4693.1,4700.9,4700.9,4681.2,False,,4700.9,SL,-7.8,-82.0,86
2026-05-14 07:30:00,2026-05-14 07:44:00,2026-05-14 07:45:00,MSS,short,4701.6,4709.0,4701.6,4698.5,True,2026-05-14 07:45:00,4701.6,BE,0.0,-4.0,1
2026-05-14 07:45:00,2026-05-14 08:02:00,2026-05-14 08:03:00,BOS,short,4701.2,4704.6,4701.2,4698.5,True,2026-05-14 08:03:00,4698.5,TP,2.7,22.96,1
2026-05-14 08:10:00,2026-05-14 08:15:00,2026-05-14 08:16:00,MSS,long,4706.2,4699.8,4706.2,4707.2,True,2026-05-14 08:16:00,4706.2,BE,0.0,-4.0,1
2026-05-14 08:30:00,2026-05-14 08:35:00,2026-05-14 08:36:00,MSS,short,4703.1,4712.5,4703.1,4701.2,True,2026-05-14 08:36:00,4703.1,BE,0.0,-4.0,1
2026-05-14 08:45:00,2026-05-14 08:55:00,2026-05-14 08:56:00,MSS,long,4709.2,4699.7,4709.2,4714.9,True,2026-05-14 08:56:00,4709.2,BE,0.0,-4.0,1
2026-05-14 09:00:00,2026-05-14 09:05:00,2026-05-14 09:06:00,MSS,short,4700.1,4713.9,4700.1,4697.6,True,2026-05-14 09:06:00,4700.3,BE,-0.2,-6.0,1
2026-05-14 10:30:00,2026-05-14 10:35:00,2026-05-14 10:36:00,MSS,long,4706.2,4693.1,4706.2,4708.0,True,2026-05-14 10:36:00,4706.0,BE,-0.2,-6.0,1
2026-05-14 10:35:00,2026-05-14 10:45:00,2026-05-14 10:47:00,EXTEND,long,4699.6,4693.1,4693.1,4710.2,False,,4693.1,SL,-6.5,-69.0,2
2026-05-14 11:35:00,2026-05-14 11:41:00,2026-05-14 11:42:00,MSS,short,4684.2,4699.5,4684.2,4681.2,True,2026-05-14 11:42:00,4684.4,BE,-0.2,-6.0,1
2026-05-14 12:00:00,2026-05-14 12:28:00,2026-05-14 12:29:00,EXTEND,short,4707.0,4699.5,4699.5,4665.8,False,,4706.9,SL,0.1,-3.0,1
2026-05-14 13:25:00,2026-05-14 13:34:00,2026-05-14 13:59:00,EXTEND,short,4705.5,4711.3,4705.5,4697.1,True,2026-05-14 13:55:00,4697.1,TP,8.4,80.24,25
2026-05-14 14:40:00,2026-05-14 14:45:00,2026-05-14 14:46:00,MSS,long,4709.0,4692.7,4709.0,4710.2,True,2026-05-14 14:46:00,4709.0,BE,0.0,-4.0,1
2026-05-14 15:35:00,2026-05-14 15:52:00,2026-05-14 15:58:00,EXTEND,long,4707.9,4700.7,4700.7,4732.6,False,,4700.7,SL,-7.2,-76.0,6
2026-05-14 16:40:00,2026-05-14 16:45:00,2026-05-14 16:46:00,MSS,short,4702.8,4713.7,4702.8,4699.3,True,2026-05-14 16:46:00,4702.8,BE,0.0,-4.0,1
2026-05-14 18:20:00,2026-05-14 18:27:00,2026-05-14 18:52:00,EXTEND,short,4702.8,4707.2,4702.8,4698.1,True,2026-05-14 18:38:00,4698.1,TP,4.7,43.44,25
2026-05-14 18:50:00,2026-05-14 19:00:00,2026-05-14 19:01:00,EXTEND,short,4701.7,4704.8,4704.8,4695.7,False,,4704.8,SL,-3.1,-35.0,1
2026-05-14 19:25:00,2026-05-14 19:42:00,2026-05-14 19:47:00,EXTEND,short,4701.8,4705.4,4705.4,4693.1,False,,4705.4,SL,-3.6,-40.0,5
2026-05-14 19:55:00,2026-05-14 20:01:00,2026-05-14 20:35:00,EXTEND,long,4702.6,4695.7,4702.6,4715.8,True,2026-05-14 20:13:00,4715.8,TP,13.2,127.66,34
2026-05-14 20:45:00,2026-05-14 20:51:00,2026-05-14 21:08:00,EXTEND,short,4708.9,4716.9,4708.9,4698.6,True,2026-05-14 21:02:00,4708.9,BE,0.0,-4.0,17
2026-05-14 21:40:00,2026-05-14 21:51:00,2026-05-15 03:45:00,EXTEND,short,4690.6,4711.7,4690.6,4660.4,True,2026-05-15 00:07:00,4660.4,TP,30.2,298.08,354
2026-05-15 07:10:00,2026-05-15 07:15:00,2026-05-15 07:16:00,MSS,short,4661.0,4667.8,4661.0,4661.6,True,2026-05-15 07:16:00,4661.3,BE,-0.3,-7.0,1
2026-05-15 07:30:00,2026-05-15 07:36:00,2026-05-15 07:37:00,MSS,short,4653.3,4669.0,4653.3,4650.3,True,2026-05-15 07:37:00,4653.3,BE,0.0,-4.0,1
2026-05-15 08:00:00,2026-05-15 08:16:00,2026-05-15 08:25:00,EXTEND,short,4654.3,4669.0,4654.3,4640.4,True,2026-05-15 08:22:00,4640.4,TP,13.9,134.75,9
2026-05-15 08:55:00,2026-05-15 09:02:00,2026-05-15 09:03:00,MSS,long,4632.5,4621.8,4632.5,4639.6,True,2026-05-15 09:03:00,4632.5,BE,0.0,-4.0,1
2026-05-15 09:10:00,2026-05-15 09:23:00,2026-05-15 09:35:00,EXTEND,short,4622.2,4636.7,4622.2,4605.8,True,2026-05-15 09:26:00,4622.2,BE,0.0,-4.0,12
2026-05-15 10:40:00,2026-05-15 10:49:00,2026-05-15 10:51:00,MSS,long,4618.5,4613.5,4618.5,4624.3,True,2026-05-15 10:51:00,4624.3,TP,5.8,53.95,2
2026-05-15 10:55:00,2026-05-15 11:04:00,2026-05-15 11:07:00,EXTEND,long,4623.5,4613.5,4623.5,4631.0,True,2026-05-15 11:05:00,4623.5,BE,0.0,-4.0,3
2026-05-15 11:30:00,2026-05-15 11:44:00,2026-05-15 11:57:00,EXTEND,short,4617.6,4626.2,4617.6,4607.0,True,2026-05-15 11:56:00,4617.6,BE,0.0,-4.0,13
2026-05-15 12:05:00,2026-05-15 12:23:00,2026-05-15 12:24:00,MSS,long,4614.9,4614.4,4614.4,4628.6,False,,4614.4,SL,-0.5,-9.0,1
2026-05-15 12:40:00,2026-05-15 12:51:00,2026-05-15 13:01:00,MSS,short,4612.2,4619.0,4612.2,4605.4,True,2026-05-15 12:55:00,4605.4,TP,6.8,63.89,10
2026-05-15 13:45:00,2026-05-15 13:54:00,2026-05-15 13:57:00,BOS,short,4573.0,4579.8,4573.0,4561.9,True,2026-05-15 13:56:00,4573.0,BE,0.0,-4.0,3
2026-05-15 14:15:00,2026-05-15 14:21:00,2026-05-15 14:22:00,MSS,long,4581.8,4560.0,4581.8,4588.1,True,2026-05-15 14:22:00,4581.7,BE,-0.1,-5.0,1
2026-05-15 15:10:00,2026-05-15 15:18:00,2026-05-15 15:19:00,MSS,long,4590.1,4569.8,4590.1,4596.7,True,2026-05-15 15:19:00,4589.8,BE,-0.3,-7.0,1
2026-05-15 15:20:00,2026-05-15 15:55:00,2026-05-15 16:01:00,EXTEND,long,4577.0,4569.8,4569.8,4599.9,False,,4569.8,SL,-7.2,-76.0,6
2026-05-15 16:45:00,2026-05-15 17:03:00,2026-05-15 17:06:00,EXTEND,long,4558.6,4553.2,4558.6,4572.5,True,2026-05-15 17:05:00,4558.6,BE,0.0,-4.0,3
2026-05-15 17:15:00,2026-05-15 17:34:00,2026-05-15 17:50:00,EXTEND,short,4557.3,4568.2,4557.3,4536.6,True,2026-05-15 17:38:00,4536.6,TP,20.7,203.23,16
2026-05-15 18:05:00,2026-05-15 18:12:00,2026-05-15 18:13:00,MSS,long,4566.0,4535.7,4566.0,4571.3,True,2026-05-15 18:13:00,4565.5,BE,-0.5,-9.0,1
2026-05-15 20:00:00,2026-05-15 20:11:00,2026-05-15 20:20:00,BOS,short,4556.9,4563.4,4556.9,4546.4,True,2026-05-15 20:14:00,4556.9,BE,0.0,-4.0,9
2026-05-15 20:20:00,2026-05-15 20:32:00,2026-05-15 20:42:00,MSS,long,4555.5,4549.1,4549.1,4566.6,False,,4549.1,SL,-6.4,-68.0,10
2026-05-15 21:45:00,2026-05-15 21:57:00,2026-05-15 22:19:00,EXTEND,short,4541.0,4561.8,4561.8,4501.1,False,,4561.8,SL,-20.8,-212.0,22
2026-05-15 22:55:00,2026-05-15 23:08:00,2026-05-15 23:19:00,MSS,long,4560.5,4550.1,4550.1,4576.5,False,,4550.1,SL,-10.4,-108.0,11
2026-05-16 00:30:00,2026-05-16 00:39:00,2026-05-16 00:40:00,MSS,long,4549.7,4533.2,4549.7,4552.8,True,2026-05-16 00:40:00,4549.7,BE,0.0,-4.0,1
2026-05-16 01:25:00,2026-05-16 01:30:00,2026-05-16 01:31:00,EXTEND,long,4565.7,4558.4,4565.7,4571.5,True,2026-05-16 01:31:00,4565.7,BE,0.0,-4.0,1
2026-05-16 02:15:00,2026-05-16 02:26:00,2026-05-16 02:39:00,MSS,short,4561.2,4566.6,4561.2,4554.3,True,2026-05-16 02:31:00,4561.2,BE,0.0,-4.0,13
2026-05-18 09:25:00,2026-05-18 09:32:00,2026-05-18 09:33:00,EXTEND,long,4512.3,4495.5,4512.3,4518.0,True,2026-05-18 09:33:00,4512.1,BE,-0.2,-6.0,1
2026-05-18 09:30:00,2026-05-18 09:39:00,2026-05-18 09:40:00,EXTEND,long,4511.2,4495.5,4511.2,4519.5,True,2026-05-18 09:40:00,4511.2,BE,0.0,-4.0,1
2026-05-18 10:45:00,2026-05-18 11:08:00,2026-05-18 11:30:00,EXTEND,long,4537.1,4524.6,4537.1,4551.9,True,2026-05-18 11:27:00,4537.1,BE,0.0,-4.0,22
2026-05-18 12:05:00,2026-05-18 12:30:00,2026-05-18 12:46:00,EXTEND,long,4542.5,4528.1,4542.5,4561.0,True,2026-05-18 12:40:00,4542.5,BE,0.0,-4.0,16
2026-05-18 13:15:00,2026-05-18 13:22:00,2026-05-18 13:23:00,MSS,long,4550.9,4536.5,4550.9,4557.5,True,2026-05-18 13:23:00,4550.9,BE,0.0,-4.0,1
2026-05-18 13:30:00,2026-05-18 13:43:00,2026-05-18 13:58:00,EXTEND,long,4545.4,4536.5,4536.5,4561.6,False,,4536.5,SL,-8.9,-93.0,15
2026-05-18 14:20:00,2026-05-18 14:25:00,2026-05-18 14:26:00,MSS,long,4549.6,4535.8,4549.6,4550.9,True,2026-05-18 14:26:00,4549.4,BE,-0.2,-6.0,1
2026-05-18 14:25:00,2026-05-18 14:32:00,2026-05-18 14:34:00,EXTEND,long,4546.4,4535.8,4546.4,4556.0,True,2026-05-18 14:33:00,4546.4,BE,0.0,-4.0,2
2026-05-18 15:00:00,2026-05-18 15:22:00,2026-05-18 15:30:00,EXTEND,long,4544.1,4535.8,4544.1,4558.0,True,2026-05-18 15:26:00,4558.0,TP,13.9,135.25,8
2026-05-18 15:30:00,2026-05-18 15:53:00,2026-05-18 17:03:00,EXTEND,long,4547.1,4541.8,4547.1,4570.5,True,2026-05-18 16:50:00,4547.1,BE,0.0,-4.0,70
2026-05-18 18:10:00,2026-05-18 18:17:00,2026-05-18 18:24:00,EXTEND,short,4543.6,4549.0,4543.6,4536.7,True,2026-05-18 18:22:00,4543.6,BE,0.0,-4.0,7
2026-05-18 18:40:00,2026-05-18 18:46:00,2026-05-18 18:47:00,MSS,long,4550.2,4535.4,4550.2,4550.8,True,2026-05-18 18:47:00,4550.2,BE,0.0,-4.0,1
2026-05-18 18:45:00,2026-05-18 18:57:00,2026-05-18 19:09:00,EXTEND,long,4542.9,4535.4,4535.4,4555.8,False,,4535.4,SL,-7.5,-79.0,12
2026-05-18 19:40:00,2026-05-18 20:21:00,2026-05-18 21:33:00,EXTEND,long,4554.0,4535.6,4554.0,4581.7,True,2026-05-18 20:34:00,4581.7,TP,27.7,273.01,72
2026-05-18 21:30:00,2026-05-18 21:47:00,2026-05-18 21:48:00,BOS,long,4577.4,4565.4,4577.4,4589.4,True,2026-05-18 21:48:00,4577.4,BE,0.0,-4.0,1
2026-05-18 21:55:00,2026-05-18 22:09:00,2026-05-18 22:14:00,EXTEND,long,4571.3,4566.9,4566.9,4594.7,False,,4566.9,SL,-4.4,-48.0,5
2026-05-18 23:30:00,2026-05-18 23:43:00,2026-05-19 00:14:00,EXTEND,short,4545.1,4553.0,4553.0,4533.3,False,,4553.0,SL,-7.9,-83.0,31
2026-05-19 00:25:00,2026-05-19 00:34:00,2026-05-19 00:50:00,MSS,short,4544.1,4555.1,4555.1,4532.9,False,,4555.1,SL,-11.0,-114.0,16
2026-05-19 02:25:00,2026-05-19 02:33:00,2026-05-19 02:41:00,EXTEND,short,4544.8,4552.1,4544.8,4537.6,True,2026-05-19 02:39:00,4544.8,BE,0.0,-4.0,8
2026-05-19 02:55:00,2026-05-19 03:04:00,2026-05-19 03:05:00,BOS,short,4557.9,4547.5,4547.5,4535.4,False,,4558.2,SL,-0.3,-7.0,1
2026-05-19 07:20:00,2026-05-19 07:59:00,2026-05-19 08:04:00,EXTEND,long,4585.4,4576.7,4585.4,4597.5,True,2026-05-19 08:00:00,4585.4,BE,0.0,-4.0,5
2026-05-19 08:05:00,2026-05-19 08:10:00,2026-05-19 08:21:00,EXTEND,short,4585.3,4591.9,4585.3,4576.4,True,2026-05-19 08:13:00,4585.3,BE,0.0,-4.0,11
2026-05-19 09:00:00,2026-05-19 09:09:00,2026-05-19 09:36:00,EXTEND,short,4567.8,4579.8,4567.8,4555.4,True,2026-05-19 09:16:00,4567.8,BE,0.0,-4.0,27
2026-05-19 10:10:00,2026-05-19 10:15:00,2026-05-19 10:16:00,MSS,short,4555.2,4575.8,4555.2,4549.0,True,2026-05-19 10:16:00,4555.4,BE,-0.2,-6.0,1
2026-05-19 11:35:00,2026-05-19 11:48:00,2026-05-19 11:49:00,MSS,long,4551.6,4550.0,4550.0,4560.4,False,,4550.0,SL,-1.6,-20.0,1
2026-05-19 12:15:00,2026-05-19 12:22:00,2026-05-19 12:35:00,EXTEND,short,4544.0,4548.8,4544.0,4539.7,True,2026-05-19 12:26:00,4544.0,BE,0.0,-4.0,13
2026-05-19 13:00:00,2026-05-19 13:09:00,2026-05-19 13:10:00,MSS,long,4548.2,4540.9,4548.2,4550.2,True,2026-05-19 13:10:00,4548.1,BE,-0.1,-5.0,1
2026-05-19 13:20:00,2026-05-19 13:30:00,2026-05-19 13:52:00,MSS,short,4540.4,4549.8,4540.4,4528.5,True,2026-05-19 13:49:00,4540.4,BE,0.0,-4.0,22
2026-05-19 14:45:00,2026-05-19 15:00:00,2026-05-19 15:01:00,MSS,short,4548.4,4556.1,4548.4,4543.7,True,2026-05-19 15:01:00,4548.6,BE,-0.2,-6.0,1
2026-05-19 15:05:00,2026-05-19 15:18:00,2026-05-19 15:27:00,MSS,long,4552.8,4547.5,4547.5,4562.0,False,,4547.5,SL,-5.3,-57.0,9
2026-05-19 15:40:00,2026-05-19 15:49:00,2026-05-19 15:50:00,MSS,short,4554.2,4553.0,4553.0,4542.3,False,,4554.3,SL,-0.1,-5.0,1
2026-05-19 16:00:00,2026-05-19 16:10:00,2026-05-19 16:23:00,EXTEND,long,4550.4,4544.6,4544.6,4567.7,False,,4544.6,SL,-5.8,-62.0,13
2026-05-19 16:25:00,2026-05-19 16:37:00,2026-05-19 16:47:00,EXTEND,short,4546.2,4551.5,4551.5,4536.1,False,,4551.5,SL,-5.3,-57.0,10
2026-05-19 17:15:00,2026-05-19 17:28:00,2026-05-19 17:54:00,EXTEND,short,4546.0,4551.5,4546.0,4535.8,True,2026-05-19 17:31:00,4546.0,BE,0.0,-4.0,26
2026-05-19 18:55:00,2026-05-19 19:02:00,2026-05-19 19:03:00,MSS,long,4549.0,4528.4,4549.0,4553.4,True,2026-05-19 19:03:00,4548.6,BE,-0.4,-8.0,1
2026-05-19 20:00:00,2026-05-19 20:13:00,2026-05-19 20:15:00,EXTEND,short,4546.6,4547.1,4547.1,4526.1,False,,4547.1,SL,-0.5,-9.0,2
2026-05-19 21:30:00,2026-05-19 21:56:00,2026-05-20 08:29:00,EXTEND,short,4502.7,4529.5,4502.7,4450.4,True,2026-05-20 06:16:00,4502.7,BE,0.0,-4.0,573
2026-05-20 09:05:00,2026-05-20 09:12:00,2026-05-20 09:13:00,EXTEND,short,4496.3,4513.0,4496.3,4484.6,True,2026-05-20 09:13:00,4496.3,BE,0.0,-4.0,1
2026-05-20 09:35:00,2026-05-20 09:57:00,2026-05-20 15:01:00,EXTEND,short,4481.9,4503.4,4481.9,4445.6,True,2026-05-20 10:32:00,4481.9,BE,0.0,-4.0,304
2026-05-20 15:10:00,2026-05-20 15:24:00,2026-05-20 15:26:00,EXTEND,long,4482.7,4473.9,4482.7,4491.8,True,2026-05-20 15:25:00,4482.7,BE,0.0,-4.0,2
2026-05-20 15:30:00,2026-05-20 15:37:00,2026-05-20 15:46:00,EXTEND,long,4482.0,4473.9,4482.0,4492.4,True,2026-05-20 15:41:00,4482.0,BE,0.0,-4.0,9
2026-05-20 16:30:00,2026-05-20 16:38:00,2026-05-20 16:57:00,EXTEND,long,4486.4,4477.6,4486.4,4496.0,True,2026-05-20 16:52:00,4486.4,BE,0.0,-4.0,19
2026-05-20 16:55:00,2026-05-20 17:18:00,2026-05-20 17:29:00,EXTEND,long,4483.8,4477.6,4477.6,4497.0,False,,4477.6,SL,-6.2,-66.0,11
2026-05-20 17:30:00,2026-05-20 17:44:00,2026-05-20 17:45:00,EXTEND,short,4485.6,4486.1,4486.1,4472.0,False,,4486.1,SL,-0.5,-9.0,1
2026-05-20 17:55:00,2026-05-20 18:01:00,2026-05-20 18:35:00,EXTEND,long,4489.0,4484.3,4489.0,4496.5,True,2026-05-20 18:06:00,4496.5,TP,7.5,70.92,34
2026-05-20 19:25:00,2026-05-20 19:34:00,2026-05-20 19:35:00,MSS,long,4501.4,4493.5,4501.4,4506.5,True,2026-05-20 19:35:00,4501.4,BE,0.0,-4.0,1
2026-05-20 20:45:00,2026-05-20 20:59:00,2026-05-20 21:22:00,EXTEND,long,4498.8,4495.2,4498.8,4511.8,True,2026-05-20 21:13:00,4498.8,BE,0.0,-4.0,23
2026-05-20 22:15:00,2026-05-20 22:21:00,2026-05-20 22:22:00,MSS,long,4508.5,4469.3,4508.5,4516.9,True,2026-05-20 22:22:00,4508.5,BE,0.0,-4.0,1
2026-05-20 23:15:00,2026-05-20 23:32:00,2026-05-21 06:20:00,BOS,long,4536.4,4526.5,4536.4,4565.9,True,2026-05-21 03:30:00,4536.4,BE,0.0,-4.0,348
2026-05-21 07:35:00,2026-05-21 07:45:00,2026-05-21 07:46:00,MSS,long,4545.9,4535.5,4545.9,4549.9,True,2026-05-21 07:46:00,4545.9,BE,0.0,-4.0,1
2026-05-21 08:15:00,2026-05-21 08:28:00,2026-05-21 09:10:00,BOS,long,4545.8,4540.7,4545.8,4558.7,True,2026-05-21 09:09:00,4558.7,TP,12.9,125.34,42
2026-05-21 11:50:00,2026-05-21 12:07:00,2026-05-21 12:14:00,BOS,short,4533.4,4537.9,4537.9,4525.5,False,,4537.9,SL,-4.5,-49.0,7
2026-05-21 13:05:00,2026-05-21 13:13:00,2026-05-21 13:14:00,MSS,short,4531.4,4541.7,4531.4,4529.4,True,2026-05-21 13:14:00,4531.6,BE,-0.2,-6.0,1
2026-05-21 14:20:00,2026-05-21 14:42:00,2026-05-21 15:06:00,EXTEND,long,4527.6,4519.1,4519.1,4547.2,False,,4519.1,SL,-8.5,-89.0,24
2026-05-21 15:25:00,2026-05-21 15:53:00,2026-05-21 16:04:00,BOS,short,4522.1,4525.0,4525.0,4510.1,False,,4525.0,SL,-2.9,-33.0,11
2026-05-21 16:35:00,2026-05-21 16:48:00,2026-05-21 17:11:00,MSS,short,4532.0,4538.1,4538.1,4524.9,False,,4538.1,SL,-6.1,-65.0,23
2026-05-21 17:20:00,2026-05-21 17:27:00,2026-05-21 17:31:00,EXTEND,long,4539.5,4532.9,4539.5,4546.9,True,2026-05-21 17:30:00,4539.5,BE,0.0,-4.0,4
2026-05-21 18:00:00,2026-05-21 18:08:00,2026-05-21 18:09:00,MSS,long,4534.4,4530.7,4534.4,4535.8,True,2026-05-21 18:09:00,4534.4,BE,0.0,-4.0,1
2026-05-21 18:05:00,2026-05-21 18:14:00,2026-05-21 18:21:00,EXTEND,long,4533.6,4530.7,4533.6,4539.1,True,2026-05-21 18:18:00,4533.6,BE,0.0,-4.0,7
2026-05-21 19:35:00,2026-05-21 19:54:00,2026-05-21 20:00:00,EXTEND,short,4515.3,4522.4,4515.3,4505.4,True,2026-05-21 19:55:00,4515.3,BE,0.0,-4.0,6
2026-05-21 20:10:00,2026-05-21 20:17:00,2026-05-21 20:18:00,EXTEND,long,4514.0,4511.8,4511.8,4522.6,False,,4511.8,SL,-2.2,-26.0,1
2026-05-21 20:25:00,2026-05-21 20:39:00,2026-05-21 21:03:00,EXTEND,short,4512.8,4520.3,4512.8,4498.5,True,2026-05-21 20:55:00,4512.8,BE,0.0,-4.0,24
2026-05-21 21:00:00,2026-05-21 21:07:00,2026-05-21 21:33:00,EXTEND,short,4509.7,4520.3,4509.7,4494.3,True,2026-05-21 21:08:00,4494.3,TP,15.4,150.35,26
2026-05-21 21:50:00,2026-05-21 22:10:00,2026-05-21 23:16:00,MSS,long,4508.8,4488.5,4508.8,4531.3,True,2026-05-21 23:13:00,4508.8,BE,0.0,-4.0,66
2026-05-22 01:00:00,2026-05-22 01:07:00,2026-05-22 01:10:00,EXTEND,long,4518.5,4510.5,4518.5,4529.2,True,2026-05-22 01:10:00,4529.2,TP,10.7,102.69,3
2026-05-22 03:50:00,2026-05-22 07:04:00,2026-05-22 07:05:00,MSS,short,4544.1,4544.5,4544.5,4532.9,False,,4544.5,SL,-0.4,-8.0,1
2026-05-22 07:20:00,2026-05-22 07:30:00,2026-05-22 07:44:00,EXTEND,short,4539.3,4545.2,4539.3,4533.8,True,2026-05-22 07:31:00,4533.8,TP,5.5,51.3,14
2026-05-22 08:15:00,2026-05-22 08:34:00,2026-05-22 08:35:00,EXTEND,short,4537.7,4537.3,4537.3,4529.0,False,,4537.7,SL,0.0,-4.0,1
2026-05-22 08:50:00,2026-05-22 08:57:00,2026-05-22 08:58:00,MSS,short,4530.3,4542.2,4530.3,4524.4,True,2026-05-22 08:58:00,4530.6,BE,-0.3,-7.0,1
2026-05-22 08:55:00,2026-05-22 09:02:00,2026-05-22 09:04:00,EXTEND,short,4530.1,4542.2,4530.1,4522.4,True,2026-05-22 09:04:00,4530.1,BE,0.0,-4.0,2
2026-05-22 09:05:00,2026-05-22 09:22:00,2026-05-22 09:26:00,BOS,short,4531.2,4537.6,4531.2,4520.6,True,2026-05-22 09:25:00,4531.2,BE,0.0,-4.0,4
2026-05-22 09:40:00,2026-05-22 09:53:00,2026-05-22 10:01:00,EXTEND,short,4529.3,4537.6,4529.3,4517.5,True,2026-05-22 10:00:00,4529.3,BE,0.0,-4.0,8
2026-05-22 10:30:00,2026-05-22 10:52:00,2026-05-22 11:32:00,BOS,short,4526.3,4530.5,4526.3,4516.7,True,2026-05-22 10:56:00,4526.3,BE,0.0,-4.0,40
2026-05-22 12:35:00,2026-05-22 12:40:00,2026-05-22 12:41:00,MSS,short,4526.8,4533.9,4526.8,4525.3,True,2026-05-22 12:41:00,4526.8,BE,0.0,-4.0,1
2026-05-22 12:40:00,2026-05-22 12:55:00,2026-05-22 13:00:00,EXTEND,short,4529.4,4533.9,4529.4,4524.5,True,2026-05-22 12:58:00,4529.4,BE,0.0,-4.0,5
2026-05-22 13:00:00,2026-05-22 13:14:00,2026-05-22 13:18:00,BOS,short,4526.4,4531.2,4526.4,4522.8,True,2026-05-22 13:15:00,4526.4,BE,0.0,-4.0,4
2026-05-22 13:15:00,2026-05-22 13:23:00,2026-05-22 13:30:00,EXTEND,short,4526.6,4531.2,4531.2,4522.2,False,,4531.2,SL,-4.6,-50.0,7
2026-05-22 13:55:00,2026-05-22 14:08:00,2026-05-22 17:54:00,MSS,short,4520.5,4535.4,4535.4,4501.0,False,,4535.4,SL,-14.9,-153.0,226
2026-05-22 19:05:00,2026-05-22 19:14:00,2026-05-22 19:18:00,EXTEND,long,4516.7,4513.1,4513.1,4519.7,False,,4513.1,SL,-3.6,-40.0,4
2026-05-22 19:20:00,2026-05-22 19:27:00,2026-05-22 19:28:00,MSS,short,4514.0,4518.3,4514.0,4511.4,True,2026-05-22 19:28:00,4514.1,BE,-0.1,-5.0,1
2026-05-22 19:30:00,2026-05-22 19:37:00,2026-05-22 19:38:00,MSS,long,4518.5,4512.2,4518.5,4519.9,True,2026-05-22 19:38:00,4518.3,BE,-0.2,-6.0,1
2026-05-22 20:35:00,2026-05-22 20:40:00,2026-05-22 20:41:00,MSS,short,4518.0,4537.4,4518.0,4509.8,True,2026-05-22 20:41:00,4518.0,BE,0.0,-4.0,1
2026-05-23 00:40:00,2026-05-23 00:48:00,2026-05-23 01:00:00,MSS,short,4517.6,4528.8,4517.6,4507.6,True,2026-05-23 00:49:00,4517.6,BE,0.0,-4.0,12
2026-05-23 01:30:00,2026-05-23 01:38:00,2026-05-23 02:04:00,EXTEND,long,4524.4,4514.5,4514.5,4535.5,False,,4514.5,SL,-9.9,-103.0,26
2026-05-25 08:45:00,2026-05-25 08:54:00,2026-05-25 08:55:00,BOS,long,4575.4,4572.2,4572.2,4584.1,False,,4572.2,SL,-3.2,-36.0,1
2026-05-25 08:55:00,2026-05-25 09:04:00,2026-05-25 09:05:00,MSS,short,4570.1,4581.6,4570.1,4562.9,True,2026-05-25 09:05:00,4570.1,BE,0.0,-4.0,1
2026-05-25 09:05:00,2026-05-25 09:25:00,2026-05-25 13:25:00,BOS,short,4571.3,4578.1,4571.3,4557.0,True,2026-05-25 09:44:00,4557.0,TP,14.3,138.82,240
2026-05-25 15:00:00,2026-05-25 15:22:00,2026-05-25 15:23:00,EXTEND,long,4555.3,4554.5,4554.5,4568.9,False,,4554.5,SL,-0.8,-12.0,1
2026-05-25 16:25:00,2026-05-25 16:36:00,2026-05-25 16:37:00,EXTEND,short,4557.0,4566.7,4557.0,4552.1,True,2026-05-25 16:37:00,4557.1,BE,-0.1,-5.0,1
2026-05-25 19:15:00,2026-05-25 19:28:00,2026-05-25 19:50:00,BOS,long,4572.9,4569.4,4572.9,4579.7,True,2026-05-25 19:30:00,4572.9,BE,0.0,-4.0,22
2026-05-25 20:20:00,2026-05-25 20:43:00,2026-05-26 01:13:00,EXTEND,short,4569.0,4579.3,4579.3,4547.6,False,,4579.3,SL,-10.3,-107.0,270
2026-05-26 01:10:00,2026-05-26 01:27:00,2026-05-26 01:40:00,EXTEND,long,4573.5,4569.9,4569.9,4583.5,False,,4569.9,SL,-3.6,-40.0,13
2026-05-26 07:25:00,2026-05-26 07:30:00,2026-05-26 07:31:00,MSS,short,4569.2,4583.2,4569.2,4565.3,True,2026-05-26 07:31:00,4569.2,BE,0.0,-4.0,1
2026-05-26 08:15:00,2026-05-26 08:37:00,2026-05-26 08:42:00,BOS,short,4549.2,4554.4,4549.2,4538.9,True,2026-05-26 08:40:00,4549.2,BE,0.0,-4.0,5
2026-05-26 08:50:00,2026-05-26 09:04:00,2026-05-26 09:21:00,BOS,short,4543.5,4552.6,4543.5,4536.5,True,2026-05-26 09:21:00,4543.5,BE,0.0,-4.0,17
2026-05-26 10:05:00,2026-05-26 10:14:00,2026-05-26 10:15:00,MSS,long,4539.2,4539.9,4539.9,4539.9,False,,4539.3,SL,0.1,-3.0,1
2026-05-26 10:30:00,2026-05-26 10:41:00,2026-05-26 10:45:00,MSS,short,4537.8,4540.1,4537.8,4533.4,True,2026-05-26 10:43:00,4533.4,TP,4.4,40.31,4
2026-05-26 10:50:00,2026-05-26 11:04:00,2026-05-26 11:17:00,EXTEND,short,4534.4,4539.5,4539.5,4528.3,False,,4539.5,SL,-5.1,-55.0,13
2026-05-26 13:35:00,2026-05-26 13:43:00,2026-05-26 13:45:00,EXTEND,long,4530.2,4529.2,4529.2,4537.2,False,,4529.2,SL,-1.0,-14.0,2
2026-05-26 13:50:00,2026-05-26 14:10:00,2026-05-26 14:25:00,EXTEND,short,4530.0,4535.5,4535.5,4520.8,False,,4535.5,SL,-5.5,-59.0,15
2026-05-26 14:25:00,2026-05-26 14:40:00,2026-05-26 14:49:00,EXTEND,long,4533.5,4529.5,4529.5,4538.8,False,,4529.5,SL,-4.0,-44.0,9
2026-05-26 15:15:00,2026-05-26 15:29:00,2026-05-26 15:46:00,EXTEND,short,4530.1,4534.3,4530.1,4519.2,True,2026-05-26 15:32:00,4530.1,BE,0.0,-4.0,17
2026-05-26 15:55:00,2026-05-26 16:19:00,2026-05-26 16:29:00,EXTEND,long,4530.1,4521.7,4521.7,4544.4,False,,4521.7,SL,-8.4,-88.0,10
2026-05-26 17:15:00,2026-05-26 17:20:00,2026-05-26 17:21:00,EXTEND,short,4524.0,4525.4,4525.4,4516.3,False,,4525.4,SL,-1.4,-18.0,1
2026-05-26 17:40:00,2026-05-26 18:03:00,2026-05-26 18:10:00,EXTEND,short,4520.1,4526.7,4526.7,4508.3,False,,4526.7,SL,-6.6,-70.0,7
2026-05-27 07:00:00,2026-05-27 07:25:00,2026-05-27 07:41:00,EXTEND,long,4506.3,4500.0,4506.3,4517.8,True,2026-05-27 07:28:00,4517.8,TP,11.5,110.8,16
2026-05-27 08:25:00,2026-05-27 08:48:00,2026-05-27 09:13:00,EXTEND,short,4520.2,4525.8,4520.2,4510.6,True,2026-05-27 08:50:00,4520.2,BE,0.0,-4.0,25
2026-05-27 09:10:00,2026-05-27 09:21:00,2026-05-27 09:26:00,MSS,long,4517.1,4512.0,4517.1,4522.8,True,2026-05-27 09:23:00,4517.1,BE,0.0,-4.0,5
2026-05-27 10:45:00,2026-05-27 10:54:00,2026-05-27 10:57:00,EXTEND,short,4503.2,4505.3,4505.3,4495.1,False,,4505.3,SL,-2.1,-25.0,3
2026-05-27 11:15:00,2026-05-27 11:40:00,2026-05-27 11:58:00,EXTEND,long,4502.4,4497.3,4497.3,4515.0,False,,4497.3,SL,-5.1,-55.0,18
2026-05-27 12:00:00,2026-05-27 12:13:00,2026-05-27 12:34:00,EXTEND,short,4500.7,4504.7,4500.7,4491.9,True,2026-05-27 12:32:00,4500.7,BE,0.0,-4.0,21
2026-05-27 12:40:00,2026-05-27 12:45:00,2026-05-27 12:46:00,MSS,long,4508.6,4496.8,4508.6,4510.0,True,2026-05-27 12:46:00,4510.0,TP,1.4,10.08,1
2026-05-27 13:15:00,2026-05-27 13:20:00,2026-05-27 13:21:00,EXTEND,short,4503.8,4502.2,4502.2,4504.0,False,,4504.4,SL,-0.6,-10.0,1
2026-05-27 15:15:00,2026-05-27 15:27:00,2026-05-27 15:31:00,EXTEND,short,4484.9,4487.9,4487.9,4476.9,False,,4487.9,SL,-3.0,-34.0,4
2026-05-27 15:50:00,2026-05-27 16:06:00,2026-05-27 16:18:00,EXTEND,short,4484.4,4487.9,4487.9,4470.5,False,,4487.9,SL,-3.5,-39.0,12
2026-05-27 16:20:00,2026-05-27 16:33:00,2026-05-27 16:40:00,EXTEND,long,4486.6,4482.3,4486.6,4493.5,True,2026-05-27 16:36:00,4493.5,TP,6.9,64.76,7
2026-05-27 16:50:00,2026-05-27 17:12:00,2026-05-27 18:03:00,EXTEND,long,4489.5,4484.7,4484.7,4500.1,False,,4484.7,SL,-4.8,-52.0,51
2026-05-27 19:55:00,2026-05-27 20:08:00,2026-05-27 20:18:00,BOS,short,4430.0,4442.0,4430.0,4416.7,True,2026-05-27 20:13:00,4430.0,BE,0.0,-4.0,10
2026-05-27 20:20:00,2026-05-27 20:49:00,2026-05-27 21:05:00,EXTEND,long,4443.1,4426.2,4426.2,4474.0,False,,4426.2,SL,-16.9,-173.0,16
2026-05-27 21:30:00,2026-05-27 21:35:00,2026-05-27 21:36:00,MSS,long,4422.8,4398.4,4422.8,4428.6,True,2026-05-27 21:36:00,4422.8,BE,0.0,-4.0,1
2026-05-28 01:00:00,2026-05-28 01:07:00,2026-05-28 01:08:00,MSS,short,4445.9,4451.4,4445.9,4443.9,True,2026-05-28 01:08:00,4446.0,BE,-0.1,-5.0,1
2026-05-28 01:25:00,2026-05-28 01:31:00,2026-05-28 01:32:00,MSS,long,4451.1,4439.7,4451.1,4452.4,True,2026-05-28 01:32:00,4451.1,BE,0.0,-4.0,1
2026-05-28 02:05:00,2026-05-28 02:22:00,2026-05-28 02:23:00,EXTEND,short,4454.3,4452.9,4452.9,4444.1,False,,4454.2,SL,0.1,-3.0,1
2026-05-28 02:20:00,2026-05-28 02:38:00,2026-05-28 04:38:00,MSS,long,4451.1,4446.0,4451.1,4460.0,True,2026-05-28 04:15:00,4451.1,BE,0.0,-4.0,118
2026-05-28 07:25:00,2026-05-28 07:41:00,2026-05-28 07:46:00,EXTEND,short,4449.6,4451.8,4449.6,4445.1,True,2026-05-28 07:45:00,4445.0,TP,4.6,42.0,4
2026-05-28 07:50:00,2026-05-28 08:04:00,2026-05-28 08:18:00,EXTEND,short,4446.6,4450.8,4446.6,4439.2,True,2026-05-28 08:15:00,4447.2,BE,-0.6,-10.0,8
2026-05-28 12:55:00,2026-05-28 13:07:00,2026-05-28 13:09:00,MSS,long,4370.1,4366.7,4370.1,4372.2,True,2026-05-28 13:09:00,4370.1,BE,0.0,-4.0,1
2026-05-28 17:00:00,2026-05-28 17:14:00,2026-05-28 17:21:00,MSS,long,4385.9,4383.3,4385.9,4389.4,True,2026-05-28 17:19:00,4389.8,TP,3.9,35.0,2
2026-05-28 19:25:00,2026-05-28 19:30:00,2026-05-28 19:31:00,MSS,short,4382.3,4388.3,4382.3,4381.1,True,2026-05-28 19:31:00,4382.3,BE,0.0,-4.0,1
2026-05-28 19:30:00,2026-05-28 19:39:00,2026-05-28 19:59:00,EXTEND,short,4385.3,4388.3,4385.3,4377.9,True,2026-05-28 19:47:00,4385.3,BE,0.0,-4.0,18
2026-05-28 21:35:00,2026-05-28 21:47:00,2026-05-28 21:53:00,EXTEND,short,4423.4,4431.6,4431.6,4412.4,False,,4431.6,SL,-8.2,-86.0,6
2026-05-28 22:45:00,2026-05-28 22:59:00,2026-05-28 23:22:00,EXTEND,long,4467.0,4452.8,4467.0,4484.2,True,2026-05-28 23:02:00,4467.0,BE,0.0,-4.0,20
2026-05-29 01:10:00,2026-05-29 01:20:00,2026-05-29 01:31:00,MSS,short,4500.7,4511.5,4500.7,4499.6,True,2026-05-29 01:31:00,4502.4,BE,-1.7,-21.0,1
