time,kind,direction,entry,sl,tp,wave_start,wave_end,wave_start_bar
2026-02-02 09:00:00,MSS,long,4737.7,4722.9,4761.7,4722.9,4761.7,2
2026-02-02 12:00:00,MSS,short,4699.9,4761.7,4600.0,4761.7,4600.0,4
2026-02-02 20:30:00,MSS,long,4721.3,4687.0,4776.8,4687.0,4776.8,10
2026-02-03 00:25:00,MSS,short,4731.4,4776.8,4658.0,4776.8,4658.0,12
2026-02-03 09:10:00,MSS,long,4720.3,4658.0,4821.0,4658.0,4821.0,14
2026-02-04 01:30:00,BOS,long,4924.6,4910.9,4946.8,4910.9,4946.8,20
2026-02-04 02:25:00,MSS,short,4930.9,4946.8,4905.3,4946.8,4905.3,22
2026-02-04 03:25:00,MSS,long,4903.2,4891.0,4922.9,4891.0,4922.9,26
2026-02-04 03:50:00,MSS,short,4926.4,4936.2,4910.6,4936.2,4910.6,31
2026-02-04 10:10:00,MSS,long,4962.8,4910.6,5047.2,4910.6,5047.2,32
2026-02-04 16:45:00,BOS,long,5043.4,5028.7,5067.2,5028.7,5067.2,35
2026-02-04 23:00:00,MSS,short,5025.1,5051.2,4982.9,5051.2,4982.9,39
2026-02-05 10:30:00,BOS,short,4970.7,5007.6,4910.9,5007.6,4910.9,44
2026-02-06 03:40:00,BOS,short,4845.8,4851.1,4837.1,4851.1,4837.1,48
2026-02-06 22:50:00,MSS,long,4877.9,4842.1,4935.9,4842.1,4935.9,54
2026-02-07 01:25:00,BOS,long,4940.1,4933.8,4950.2,4933.8,4950.2,56
2026-02-10 18:25:00,BOS,long,5024.4,5011.9,5044.7,5011.9,5044.7,63
2026-02-11 02:40:00,MSS,short,5030.8,5044.7,5008.3,5044.7,5008.3,64
2026-02-11 10:45:00,MSS,long,5023.5,5008.3,5048.0,5008.3,5048.0,68
2026-02-12 11:20:00,MSS,short,5073.4,5082.0,5059.6,5082.0,5059.6,80
2026-02-12 18:10:00,MSS,long,5057.5,5052.8,5065.1,5052.8,5065.1,89
2026-02-12 21:45:00,BOS,long,5067.1,5061.9,5075.6,5061.9,5075.6,91
2026-02-12 23:55:00,MSS,short,5064.9,5068.1,5059.8,5068.1,5059.8,95
2026-02-13 00:05:00,BOS,short,5059.7,5065.3,5050.7,5065.3,5050.7,97
2026-02-13 09:10:00,MSS,long,4948.4,4941.1,4960.1,4941.1,4960.1,102
2026-02-14 02:35:00,BOS,long,4990.9,4966.8,5030.0,4966.8,5030.0,105
2026-02-14 03:25:00,BOS,long,5033.4,5028.4,5041.5,5028.4,5041.5,107
2026-02-17 03:05:00,MSS,short,5020.5,5037.3,4993.2,5037.3,4993.2,110
2026-02-18 01:55:00,MSS,long,4857.8,4854.7,4862.7,4854.7,4862.7,114
2026-02-18 23:30:00,BOS,long,4917.1,4864.6,5002.0,4864.6,5002.0,118
2026-02-19 00:45:00,BOS,long,5002.0,4996.2,5011.5,4996.2,5011.5,121
2026-02-19 01:30:00,MSS,short,4998.5,4999.9,4996.2,4999.9,4996.2,126
2026-02-19 01:35:00,BOS,short,4998.2,4999.9,4995.5,4999.9,4995.5,126
2026-02-19 01:55:00,MSS,long,4993.4,4991.5,4996.6,4991.5,4996.6,129
2026-02-19 02:25:00,MSS,short,4992.4,4996.6,4985.5,4996.6,4985.5,130
2026-02-19 21:45:00,MSS,long,4985.3,4977.4,4998.0,4977.4,4998.0,133
2026-02-19 23:50:00,BOS,long,5001.9,4998.6,5007.2,4998.6,5007.2,137
2026-02-20 00:25:00,MSS,short,5006.0,5012.0,4996.3,5012.0,4996.3,139
2026-02-20 01:35:00,BOS,short,4999.6,5005.6,4990.0,5005.6,4990.0,143
2026-02-20 01:55:00,BOS,short,4989.2,4993.1,4983.0,4993.1,4983.0,145
2026-02-20 02:25:00,BOS,short,4981.8,4984.9,4976.9,4984.9,4976.9,147
2026-02-20 08:40:00,MSS,long,4982.4,4976.9,4991.2,4976.9,4991.2,148
2026-02-24 02:40:00,BOS,long,5076.5,4997.7,5204.1,4997.7,5204.1,156
2026-02-26 08:50:00,BOS,long,5200.3,5196.3,5206.7,5196.3,5206.7,171
2026-02-26 09:25:00,MSS,short,5204.8,5211.1,5194.7,5211.1,5194.7,179
2026-02-26 10:10:00,BOS,short,5206.1,5211.3,5197.8,5211.3,5197.8,187
2026-02-26 10:40:00,BOS,short,5195.7,5199.8,5189.1,5199.8,5189.1,194
2026-02-26 10:50:00,MSS,long,5193.4,5189.1,5200.3,5189.1,5200.3,195
2026-02-26 11:00:00,BOS,long,5194.6,5189.1,5203.4,5189.1,5203.4,195
2026-02-26 12:00:00,BOS,long,5204.2,5199.7,5211.4,5199.7,5211.4,208
2026-02-26 13:05:00,BOS,long,5208.1,5206.4,5210.8,5206.4,5210.8,221
2026-02-26 13:45:00,MSS,short,5215.2,5219.8,5207.7,5219.8,5207.7,230
2026-02-26 15:05:00,BOS,short,5206.2,5211.5,5197.6,5211.5,5197.6,247
2026-02-26 15:45:00,BOS,short,5203.3,5206.5,5198.1,5206.5,5198.1,255
2026-02-26 16:10:00,MSS,long,5200.3,5195.8,5207.7,5195.8,5207.7,260
2026-02-26 16:25:00,MSS,short,5201.3,5207.7,5191.0,5207.7,5191.0,261
2026-02-26 17:35:00,MSS,long,5194.2,5190.8,5199.8,5190.8,5199.8,275
2026-02-26 18:00:00,BOS,long,5199.9,5196.2,5205.8,5196.2,5205.8,279
2026-02-26 18:15:00,MSS,short,5203.2,5206.4,5198.1,5206.4,5198.1,284
2026-02-26 18:25:00,BOS,short,5201.1,5205.0,5194.7,5205.0,5194.7,286
2026-02-26 18:45:00,BOS,short,5191.4,5194.7,5186.1,5194.7,5186.1,291
2026-02-26 19:50:00,BOS,short,5185.9,5191.6,5176.6,5191.6,5176.6,302
2026-02-26 20:15:00,MSS,long,5179.5,5173.1,5189.9,5173.1,5189.9,307
2026-02-26 21:00:00,MSS,short,5197.2,5200.9,5191.3,5200.9,5191.3,318
2026-02-26 21:40:00,BOS,short,5188.6,5193.6,5180.4,5193.6,5180.4,326
2026-02-26 22:20:00,MSS,long,5179.9,5175.9,5186.5,5175.9,5186.5,332
2026-02-26 23:20:00,MSS,short,5180.4,5188.2,5167.7,5188.2,5167.7,345
2026-02-26 23:40:00,MSS,long,5163.4,5145.2,5192.8,5145.2,5192.8,348
2026-02-27 01:25:00,MSS,short,5195.6,5198.9,5190.3,5198.9,5190.3,371
2026-02-27 01:45:00,BOS,short,5189.7,5194.9,5181.4,5194.9,5181.4,374
2026-02-27 02:10:00,MSS,long,5184.3,5180.4,5190.6,5180.4,5190.6,380
2026-02-27 02:45:00,BOS,long,5186.1,5176.4,5201.7,5176.4,5201.7,386
2026-02-27 03:05:00,BOS,long,5198.8,5195.2,5204.5,5195.2,5204.5,390
2026-02-27 03:45:00,BOS,long,5204.5,5200.3,5211.4,5200.3,5211.4,397
2026-02-27 04:05:00,BOS,long,5207.4,5203.5,5213.7,5203.5,5213.7,402
2026-02-27 04:40:00,BOS,long,5211.1,5207.7,5216.5,5207.7,5216.5,409
2026-02-27 05:25:00,MSS,short,5212.0,5218.0,5202.2,5218.0,5202.2,415
2026-02-27 05:50:00,BOS,short,5205.5,5208.6,5200.4,5208.6,5200.4,423
2026-02-27 07:00:00,BOS,short,5202.3,5208.6,5192.1,5208.6,5192.1,423
2026-02-27 08:00:00,BOS,short,5202.0,5206.2,5195.3,5206.2,5195.3,435
2026-02-27 08:15:00,MSS,long,5199.8,5195.3,5207.0,5195.3,5207.0,439
2026-02-27 08:35:00,MSS,short,5202.3,5211.5,5187.3,5211.5,5187.3,443
2026-02-27 09:15:00,MSS,long,5187.6,5182.7,5195.4,5182.7,5195.4,452
2026-02-27 09:30:00,BOS,long,5194.1,5191.0,5199.0,5191.0,5199.0,456
2026-02-27 10:25:00,MSS,short,5210.1,5215.9,5200.8,5215.9,5200.8,464
2026-02-27 10:55:00,MSS,long,5194.5,5190.3,5201.2,5190.3,5201.2,473
2026-02-27 11:25:00,BOS,long,5200.5,5197.7,5204.9,5197.7,5204.9,476
2026-02-27 11:45:00,BOS,long,5202.8,5200.0,5207.4,5200.0,5207.4,482
2026-02-27 12:20:00,BOS,long,5202.2,5200.7,5204.5,5200.7,5204.5,490
2026-02-27 12:50:00,MSS,short,5202.9,5205.2,5199.2,5205.2,5199.2,494
2026-02-27 13:20:00,MSS,long,5200.7,5197.2,5206.4,5197.2,5206.4,498
2026-02-27 13:55:00,BOS,long,5211.5,5207.8,5217.4,5207.8,5217.4,508
2026-02-27 14:50:00,MSS,short,5209.9,5213.3,5204.3,5213.3,5204.3,519
2026-02-27 15:10:00,BOS,short,5203.4,5206.6,5198.2,5206.6,5198.2,524
2026-02-27 15:55:00,BOS,short,5196.9,5199.6,5192.6,5199.6,5192.6,531
2026-02-27 16:45:00,BOS,short,5197.7,5199.2,5195.4,5199.2,5195.4,542
2026-02-27 17:45:00,BOS,short,5194.7,5198.3,5188.9,5198.3,5188.9,555
2026-02-27 18:15:00,MSS,long,5188.7,5184.0,5196.3,5184.0,5196.3,561
2026-02-27 19:10:00,MSS,short,5192.3,5194.2,5189.2,5194.2,5189.2,571
2026-02-27 19:30:00,MSS,long,5191.5,5188.4,5196.6,5188.4,5196.6,574
2026-02-27 19:45:00,BOS,long,5194.6,5192.6,5197.8,5192.6,5197.8,579
2026-02-27 21:00:00,BOS,long,5204.6,5199.5,5212.9,5199.5,5212.9,592
2026-02-27 21:55:00,BOS,long,5234.0,5228.2,5243.4,5228.2,5243.4,605
2026-02-27 22:20:00,BOS,long,5242.1,5234.7,5254.1,5234.7,5254.1,608
2026-02-27 23:05:00,BOS,long,5243.7,5236.8,5254.9,5236.8,5254.9,619
2026-02-27 23:45:00,BOS,long,5248.2,5244.0,5255.0,5244.0,5255.0,626
2026-02-28 00:50:00,MSS,short,5253.5,5256.9,5248.1,5256.9,5248.1,639
2026-02-28 01:40:00,MSS,long,5243.9,5237.4,5254.4,5237.4,5254.4,649
2026-02-28 02:20:00,MSS,short,5251.4,5256.4,5243.3,5256.4,5243.3,655
2026-02-28 02:40:00,MSS,long,5246.8,5240.0,5257.9,5240.0,5257.9,660
2026-02-28 04:05:00,BOS,long,5267.9,5266.3,5270.5,5266.3,5270.5,678
2026-02-28 05:35:00,BOS,long,5282.8,5278.9,5289.0,5278.9,5289.0,697
2026-03-02 07:00:00,BOS,long,5335.9,5294.5,5403.0,5294.5,5403.0,702
2026-03-02 08:05:00,MSS,short,5394.2,5405.0,5376.8,5405.0,5376.8,713
2026-03-02 08:50:00,BOS,short,5375.9,5388.7,5355.2,5388.7,5355.2,721
2026-03-02 09:55:00,BOS,short,5345.1,5351.8,5334.3,5351.8,5334.3,735
2026-03-02 10:35:00,MSS,long,5339.5,5329.0,5356.6,5329.0,5356.6,740
2026-03-02 11:15:00,BOS,long,5366.2,5362.6,5372.1,5362.6,5372.1,753
2026-03-02 11:35:00,BOS,long,5370.7,5366.2,5377.9,5366.2,5377.9,757
2026-03-02 12:35:00,MSS,short,5371.2,5379.4,5358.0,5379.4,5358.0,767
2026-03-02 13:30:00,MSS,long,5360.3,5353.6,5371.1,5353.6,5371.1,778
2026-03-02 14:05:00,BOS,long,5381.7,5374.4,5393.6,5374.4,5393.6,786
2026-03-02 14:25:00,BOS,long,5383.0,5374.4,5397.0,5374.4,5397.0,786
2026-03-02 14:45:00,BOS,long,5393.0,5388.1,5401.0,5388.1,5401.0,795
2026-03-02 16:25:00,BOS,long,5422.1,5416.4,5431.3,5416.4,5431.3,815
2026-03-02 16:40:00,MSS,short,5424.2,5432.0,5411.5,5432.0,5411.5,817
2026-03-02 16:55:00,BOS,short,5418.2,5425.9,5405.8,5425.9,5405.8,820
2026-03-02 18:35:00,MSS,long,5403.9,5398.1,5413.4,5398.1,5413.4,840
2026-03-02 19:45:00,MSS,short,5404.2,5414.8,5387.0,5414.8,5387.0,854
2026-03-02 21:00:00,MSS,long,5407.3,5400.7,5418.0,5400.7,5418.0,870
2026-03-02 21:10:00,MSS,short,5414.2,5425.5,5396.0,5425.5,5396.0,872
2026-03-02 21:40:00,BOS,short,5422.8,5432.2,5407.5,5432.2,5407.5,877
2026-03-02 22:00:00,BOS,short,5405.6,5414.0,5392.0,5414.0,5392.0,881
2026-03-02 23:55:00,BOS,short,5347.9,5363.9,5322.0,5363.9,5322.0,902
2026-03-03 00:25:00,MSS,long,5307.5,5294.5,5328.5,5294.5,5328.5,910
2026-03-03 01:30:00,BOS,long,5317.1,5306.2,5334.7,5306.2,5334.7,922
2026-03-03 02:05:00,MSS,short,5316.6,5324.2,5304.2,5324.2,5304.2,930
2026-03-03 02:45:00,MSS,long,5312.7,5304.0,5326.7,5304.0,5326.7,938
2026-03-03 04:00:00,BOS,long,5340.8,5336.6,5347.6,5336.6,5347.6,953
2026-03-03 04:55:00,MSS,short,5352.2,5356.6,5345.1,5356.6,5345.1,965
2026-03-03 05:25:00,BOS,short,5351.2,5354.6,5345.8,5354.6,5345.8,970
2026-03-03 07:00:00,MSS,long,5344.8,5335.4,5360.0,5335.4,5360.0,978
2026-03-03 07:35:00,MSS,short,5351.5,5356.0,5344.2,5356.0,5344.2,982
2026-03-03 07:55:00,MSS,long,5350.1,5343.6,5360.6,5343.6,5360.6,988
2026-03-03 08:10:00,BOS,long,5355.6,5350.4,5364.0,5350.4,5364.0,991
2026-03-03 09:00:00,BOS,long,5367.5,5360.4,5378.9,5360.4,5378.9,1001
2026-03-03 09:55:00,MSS,short,5378.0,5394.5,5351.4,5394.5,5351.4,1008
2026-03-03 11:00:00,MSS,long,5377.1,5371.9,5385.5,5371.9,5385.5,1025
2026-03-03 11:50:00,MSS,short,5379.4,5383.8,5372.3,5383.8,5372.3,1035
2026-03-03 12:20:00,MSS,long,5377.6,5372.7,5385.6,5372.7,5385.6,1041
2026-03-03 13:30:00,MSS,short,5368.7,5376.1,5356.7,5376.1,5356.7,1056
2026-03-03 14:10:00,BOS,short,5319.7,5337.0,5291.8,5337.0,5291.8,1063
2026-03-03 15:30:00,MSS,long,5326.2,5321.7,5333.5,5321.7,5333.5,1077
2026-03-03 16:20:00,MSS,short,5340.4,5349.0,5326.6,5349.0,5326.6,1088
2026-03-03 16:55:00,BOS,short,5316.0,5324.2,5302.7,5324.2,5302.7,1097
2026-03-03 17:00:00,BOS,short,5315.8,5324.2,5302.2,5324.2,5302.2,1097
2026-03-03 17:25:00,BOS,short,5285.4,5315.9,5236.0,5315.9,5236.0,1101
2026-03-03 17:50:00,MSS,long,5278.9,5270.9,5291.8,5270.9,5291.8,1107
2026-03-03 18:00:00,BOS,long,5281.9,5270.9,5299.8,5270.9,5299.8,1107
2026-03-03 18:35:00,MSS,short,5280.0,5293.1,5258.9,5293.1,5258.9,1116
2026-03-03 19:05:00,BOS,short,5234.2,5275.0,5168.3,5275.0,5168.3,1123
2026-03-03 19:45:00,MSS,long,5130.7,5112.6,5160.0,5112.6,5160.0,1131
2026-03-03 20:05:00,BOS,long,5163.9,5148.0,5189.5,5148.0,5189.5,1135
2026-03-03 20:55:00,BOS,long,5217.8,5206.0,5236.8,5206.0,5236.8,1145
2026-03-03 21:00:00,MSS,short,5217.0,5236.8,5185.0,5236.8,5185.0,1146
2026-03-03 21:50:00,BOS,short,5177.0,5197.7,5143.5,5197.7,5143.5,1153
2026-03-03 22:20:00,BOS,short,5165.4,5186.0,5132.0,5186.0,5132.0,1160
2026-03-03 22:30:00,BOS,short,5144.4,5158.0,5122.5,5158.0,5122.5,1164
2026-03-03 23:45:00,MSS,long,5036.7,5005.0,5088.0,5005.0,5088.0,1174
2026-03-04 00:35:00,BOS,long,5128.5,5117.8,5145.7,5117.8,5145.7,1189
2026-03-04 01:00:00,MSS,short,5125.2,5145.7,5092.0,5145.7,5092.0,1190
2026-03-04 01:30:00,BOS,short,5105.8,5121.0,5081.1,5121.0,5081.1,1198
2026-03-04 02:00:00,MSS,long,5088.6,5077.6,5106.3,5077.6,5106.3,1206
2026-03-04 02:25:00,BOS,long,5113.2,5103.9,5128.3,5103.9,5128.3,1211
2026-03-04 03:00:00,BOS,long,5149.3,5141.8,5161.4,5141.8,5161.4,1218
2026-03-04 03:05:00,MSS,short,5152.4,5161.4,5137.9,5161.4,5137.9,1219
2026-03-04 04:20:00,MSS,long,5130.1,5123.3,5141.1,5123.3,5141.1,1234
2026-03-04 04:35:00,MSS,short,5132.2,5141.1,5117.8,5141.1,5117.8,1235
2026-03-04 07:00:00,MSS,long,5105.4,5093.9,5124.1,5093.9,5124.1,1253
2026-03-04 08:00:00,MSS,short,5127.7,5136.0,5114.4,5136.0,5114.4,1266
2026-03-04 08:40:00,MSS,long,5136.7,5130.6,5146.6,5130.6,5146.6,1274
2026-03-04 09:00:00,BOS,long,5148.2,5135.9,5168.0,5135.9,5168.0,1278
2026-03-04 09:45:00,BOS,long,5162.8,5150.3,5183.0,5150.3,5183.0,1285
2026-03-04 10:05:00,BOS,long,5183.9,5177.4,5194.3,5177.4,5194.3,1291
2026-03-04 10:55:00,MSS,short,5179.5,5190.0,5162.5,5190.0,5162.5,1300
2026-03-04 11:15:00,MSS,long,5158.2,5150.0,5171.4,5150.0,5171.4,1304
2026-03-04 11:45:00,BOS,long,5167.8,5162.3,5176.8,5162.3,5176.8,1310
2026-03-04 12:40:00,MSS,short,5172.8,5180.5,5160.4,5180.5,5160.4,1320
2026-03-04 13:00:00,BOS,short,5168.7,5173.4,5161.0,5173.4,5161.0,1324
2026-03-04 13:10:00,MSS,long,5165.9,5160.3,5175.0,5160.3,5175.0,1328
2026-03-04 14:00:00,MSS,short,5166.9,5177.3,5150.2,5177.3,5150.2,1337
2026-03-04 14:30:00,MSS,long,5146.3,5136.0,5163.0,5136.0,5163.0,1343
2026-03-04 14:55:00,BOS,long,5161.3,5155.3,5170.9,5155.3,5170.9,1347
2026-03-04 15:45:00,BOS,long,5178.4,5173.7,5186.0,5173.7,5186.0,1359
2026-03-04 16:00:00,MSS,short,5178.6,5186.0,5166.5,5186.0,5166.5,1360
2026-03-04 16:45:00,MSS,long,5171.1,5157.7,5192.9,5157.7,5192.9,1364
2026-03-04 17:15:00,BOS,long,5176.4,5170.2,5186.5,5170.2,5186.5,1376
2026-03-04 17:35:00,BOS,long,5186.0,5179.8,5196.0,5179.8,5196.0,1381
2026-03-04 18:00:00,BOS,long,5191.1,5187.0,5197.8,5187.0,5197.8,1386
2026-03-04 19:05:00,BOS,long,5197.2,5193.0,5203.9,5193.0,5203.9,1396
2026-03-04 19:30:00,BOS,long,5205.2,5202.0,5210.3,5202.0,5210.3,1402
2026-03-04 20:00:00,BOS,long,5206.5,5199.3,5218.2,5199.3,5218.2,1409
2026-03-04 20:15:00,MSS,short,5207.4,5218.2,5189.8,5218.2,5189.8,1411
2026-03-04 21:00:00,MSS,long,5179.4,5170.9,5193.1,5170.9,5193.1,1422
2026-03-04 21:55:00,MSS,short,5193.6,5203.4,5177.7,5203.4,5177.7,1432
2026-03-04 22:30:00,MSS,long,5179.1,5169.2,5195.0,5169.2,5195.0,1440
2026-03-04 22:45:00,MSS,short,5178.2,5195.0,5151.0,5195.0,5151.0,1441
2026-03-04 23:10:00,BOS,short,5160.6,5173.3,5140.1,5173.3,5140.1,1447
2026-03-05 00:20:00,BOS,short,5163.6,5172.9,5148.6,5172.9,5148.6,1459
2026-03-05 01:20:00,BOS,short,5150.3,5161.9,5131.5,5161.9,5131.5,1474
2026-03-05 02:05:00,BOS,short,5152.7,5160.0,5141.0,5160.0,5141.0,1482
2026-03-05 02:45:00,MSS,long,5128.2,5118.7,5143.7,5118.7,5143.7,1491
2026-03-05 03:15:00,MSS,short,5142.5,5145.8,5137.2,5145.8,5137.2,1494
2026-03-05 03:55:00,MSS,long,5139.9,5133.3,5150.6,5133.3,5150.6,1501
2026-03-05 04:35:00,BOS,long,5142.3,5134.7,5154.5,5134.7,5154.5,1510
2026-03-05 05:30:00,MSS,short,5149.2,5153.9,5141.7,5153.9,5141.7,1523
2026-03-05 05:50:00,MSS,long,5146.6,5141.7,5154.5,5141.7,5154.5,1525
2026-03-05 07:45:00,BOS,long,5165.0,5159.4,5174.0,5159.4,5174.0,1538
2026-03-05 08:05:00,BOS,long,5174.2,5170.6,5180.0,5170.6,5180.0,1543
2026-03-05 09:05:00,BOS,long,5183.5,5177.7,5193.0,5177.7,5193.0,1554
2026-03-05 10:15:00,BOS,long,5185.9,5182.0,5192.2,5182.0,5192.2,1569
2026-03-05 10:55:00,BOS,long,5190.4,5183.3,5202.0,5183.3,5202.0,1576
2026-03-05 11:55:00,MSS,short,5195.1,5200.0,5187.1,5200.0,5187.1,1588
2026-03-05 12:40:00,BOS,short,5190.6,5195.6,5182.6,5195.6,5182.6,1594
2026-03-05 13:30:00,BOS,short,5179.4,5183.6,5172.6,5183.6,5172.6,1608
2026-03-05 14:05:00,BOS,short,5164.1,5178.4,5141.0,5178.4,5141.0,1612
2026-03-05 14:45:00,MSS,long,5144.0,5129.4,5167.7,5129.4,5167.7,1617
2026-03-05 16:00:00,MSS,short,5170.9,5175.4,5163.6,5175.4,5163.6,1636
2026-03-05 16:45:00,MSS,long,5158.6,5146.3,5178.5,5146.3,5178.5,1643
2026-03-05 17:05:00,BOS,long,5179.3,5171.5,5191.9,5171.5,5191.9,1651
2026-03-05 17:35:00,MSS,short,5181.0,5192.3,5162.8,5192.3,5162.8,1653
2026-03-05 18:45:00,MSS,long,5162.9,5157.0,5172.4,5157.0,5172.4,1670
2026-03-05 19:35:00,MSS,short,5174.0,5178.2,5167.3,5178.2,5167.3,1678
2026-03-05 20:00:00,MSS,long,5173.8,5171.0,5178.2,5171.0,5178.2,1686
2026-03-05 20:25:00,MSS,short,5178.3,5181.7,5172.7,5181.7,5172.7,1691
2026-03-05 21:00:00,BOS,short,5171.2,5176.9,5162.1,5176.9,5162.1,1697
2026-03-05 21:15:00,BOS,short,5161.3,5176.9,5136.0,5176.9,5136.0,1697
2026-03-05 22:15:00,BOS,short,5128.4,5139.1,5111.1,5139.1,5111.1,1712
2026-03-05 22:30:00,MSS,long,5119.2,5111.1,5132.4,5111.1,5132.4,1714
2026-03-05 22:35:00,MSS,short,5119.5,5132.4,5098.6,5132.4,5098.6,1717
2026-03-05 23:50:00,MSS,long,5094.1,5086.0,5107.2,5086.0,5107.2,1731
2026-03-06 00:05:00,MSS,short,5102.8,5113.9,5084.8,5113.9,5084.8,1735
2026-03-06 00:20:00,BOS,short,5085.8,5094.3,5072.0,5094.3,5072.0,1738
2026-03-06 01:00:00,MSS,long,5085.1,5078.7,5095.5,5078.7,5095.5,1745
2026-03-06 01:25:00,MSS,short,5092.9,5098.4,5083.9,5098.4,5083.9,1749
2026-03-06 02:10:00,MSS,long,5066.9,5057.1,5082.7,5057.1,5082.7,1759
2026-03-06 02:35:00,BOS,long,5077.9,5069.8,5091.0,5069.8,5091.0,1764
2026-03-06 03:25:00,MSS,short,5083.2,5090.4,5071.5,5090.4,5071.5,1772
2026-03-06 04:10:00,MSS,long,5077.9,5070.8,5089.4,5070.8,5089.4,1784
2026-03-06 05:50:00,BOS,long,5086.7,5081.9,5094.5,5081.9,5094.5,1802
2026-03-06 08:00:00,MSS,short,5098.5,5111.6,5077.4,5111.6,5077.4,1815
2026-03-06 08:50:00,MSS,long,5089.4,5083.8,5098.4,5083.8,5098.4,1827
2026-03-06 09:00:00,MSS,short,5089.1,5098.4,5074.1,5098.4,5074.1,1829
2026-03-06 09:30:00,MSS,long,5091.3,5081.0,5107.9,5081.0,5107.9,1833
2026-03-06 10:40:00,MSS,short,5137.9,5143.2,5129.4,5143.2,5129.4,1845
2026-03-06 11:00:00,MSS,long,5133.5,5130.3,5138.7,5130.3,5138.7,1853
2026-03-06 12:10:00,BOS,long,5141.1,5138.5,5145.4,5138.5,5145.4,1866
2026-03-06 12:25:00,MSS,short,5141.8,5145.4,5136.1,5145.4,5136.1,1869
2026-03-06 12:55:00,BOS,short,5140.9,5144.6,5134.8,5144.6,5134.8,1877
2026-03-06 13:25:00,MSS,long,5134.4,5131.5,5139.2,5131.5,5139.2,1883
2026-03-06 13:35:00,MSS,short,5134.5,5139.2,5127.0,5139.2,5127.0,1884
2026-03-06 14:20:00,MSS,long,5125.2,5121.3,5131.4,5121.3,5131.4,1893
2026-03-06 14:55:00,MSS,short,5128.2,5131.3,5123.3,5131.3,5123.3,1901
2026-03-06 15:55:00,MSS,long,5121.5,5116.5,5129.5,5116.5,5129.5,1909
2026-03-06 16:20:00,MSS,short,5121.9,5126.4,5114.7,5126.4,5114.7,1918
2026-03-06 17:10:00,BOS,short,5113.6,5120.2,5102.9,5120.2,5102.9,1926
2026-03-06 17:35:00,BOS,short,5105.1,5112.5,5093.0,5112.5,5093.0,1933
2026-03-06 19:20:00,MSS,long,5096.1,5089.2,5107.2,5089.2,5107.2,1953
2026-03-06 19:50:00,MSS,short,5100.5,5109.4,5086.2,5109.4,5086.2,1957
2026-03-06 20:55:00,BOS,short,5099.8,5105.9,5090.0,5105.9,5090.0,1971
2026-03-06 21:30:00,MSS,long,5097.1,5073.2,5135.7,5073.2,5135.7,1976
2026-03-06 22:55:00,BOS,long,5111.0,5091.9,5141.8,5091.9,5141.8,1995
2026-03-06 23:20:00,BOS,long,5159.0,5146.8,5178.8,5146.8,5178.8,2001
2026-03-07 00:35:00,MSS,short,5149.9,5156.2,5139.6,5156.2,5139.6,2017
2026-03-07 01:15:00,MSS,long,5144.0,5138.3,5153.2,5138.3,5153.2,2024
2026-03-07 01:30:00,BOS,long,5152.0,5146.5,5160.9,5146.5,5160.9,2028
2026-03-07 02:00:00,BOS,long,5147.0,5142.1,5155.0,5142.1,5155.0,2034
2026-03-07 03:10:00,BOS,long,5171.2,5165.6,5180.3,5165.6,5180.3,2045
2026-03-07 04:00:00,MSS,short,5169.2,5172.6,5163.7,5172.6,5163.7,2057
2026-03-07 04:30:00,BOS,short,5165.2,5169.0,5159.0,5169.0,5159.0,2064
2026-03-07 05:00:00,MSS,long,5163.0,5158.8,5169.9,5158.8,5169.9,2070
2026-03-07 05:30:00,BOS,long,5176.0,5173.6,5179.9,5173.6,5179.9,2076
2026-03-09 06:00:00,MSS,short,5177.6,5184.4,5166.7,5184.4,5166.7,2082
2026-03-09 06:40:00,BOS,short,5152.6,5175.4,5115.6,5175.4,5115.6,2089
2026-03-09 07:10:00,BOS,short,5127.0,5146.0,5096.2,5146.0,5096.2,2095
2026-03-09 07:35:00,BOS,short,5094.9,5114.0,5064.0,5114.0,5064.0,2101
2026-03-09 08:10:00,BOS,short,5068.7,5089.5,5035.1,5089.5,5035.1,2107
2026-03-09 08:45:00,BOS,short,5057.1,5067.6,5040.1,5067.6,5040.1,2114
2026-03-09 09:05:00,MSS,long,5038.4,5020.8,5066.8,5020.8,5066.8,2119
2026-03-09 09:55:00,MSS,short,5084.0,5089.0,5075.9,5089.0,5075.9,2128
2026-03-09 10:10:00,MSS,long,5077.2,5061.3,5102.9,5061.3,5102.9,2131
2026-03-09 12:05:00,BOS,long,5097.2,5093.2,5103.7,5093.2,5103.7,2155
2026-03-09 12:50:00,MSS,short,5097.7,5101.5,5091.6,5101.5,5091.6,2160
2026-03-09 13:00:00,MSS,long,5095.5,5091.3,5102.3,5091.3,5102.3,2164
2026-03-09 13:30:00,BOS,long,5102.4,5094.4,5115.4,5094.4,5115.4,2170
2026-03-09 14:35:00,MSS,short,5131.2,5137.0,5121.7,5137.0,5121.7,2185
2026-03-09 15:20:00,MSS,long,5106.5,5102.5,5113.0,5102.5,5113.0,2194
2026-03-09 16:00:00,BOS,long,5107.7,5101.0,5118.5,5101.0,5118.5,2200
2026-03-09 16:20:00,MSS,short,5112.4,5118.5,5102.5,5118.5,5102.5,2203
2026-03-09 16:45:00,MSS,long,5101.1,5096.6,5108.5,5096.6,5108.5,2211
2026-03-09 17:05:00,BOS,long,5107.7,5100.3,5119.6,5100.3,5119.6,2214
2026-03-09 18:25:00,MSS,short,5114.6,5119.6,5106.5,5119.6,5106.5,2229
2026-03-09 18:55:00,BOS,short,5102.5,5107.7,5094.1,5107.7,5094.1,2235
2026-03-09 20:00:00,MSS,long,5097.3,5091.6,5106.4,5091.6,5106.4,2249
2026-03-09 20:20:00,BOS,long,5106.5,5101.5,5114.5,5101.5,5114.5,2253
2026-03-09 20:40:00,MSS,short,5117.1,5120.4,5111.8,5120.4,5111.8,2257
2026-03-09 21:05:00,BOS,short,5102.9,5107.6,5095.3,5107.6,5095.3,2263
2026-03-09 21:30:00,MSS,long,5102.0,5092.3,5117.7,5092.3,5117.7,2267
2026-03-09 21:40:00,MSS,short,5105.3,5119.7,5082.1,5119.7,5082.1,2270
2026-03-09 22:30:00,MSS,long,5079.7,5067.4,5099.6,5067.4,5099.6,2277
2026-03-10 00:00:00,BOS,long,5106.7,5101.3,5115.5,5101.3,5115.5,2295
2026-03-10 00:15:00,MSS,short,5112.7,5118.2,5103.9,5118.2,5103.9,2301
2026-03-10 01:05:00,BOS,short,5112.8,5115.6,5108.4,5115.6,5108.4,2311
2026-03-10 01:50:00,MSS,long,5101.7,5097.7,5108.3,5097.7,5108.3,2319
2026-03-10 02:15:00,BOS,long,5105.9,5101.3,5113.4,5101.3,5113.4,2325
2026-03-10 02:30:00,BOS,long,5108.3,5101.3,5119.6,5101.3,5119.6,2325
2026-03-10 03:15:00,BOS,long,5134.3,5128.0,5144.4,5128.0,5144.4,2336
2026-03-10 03:55:00,BOS,long,5144.5,5138.7,5154.0,5138.7,5154.0,2344
2026-03-10 06:00:00,MSS,short,5141.8,5150.2,5128.1,5150.2,5128.1,2356
2026-03-10 06:45:00,MSS,long,5136.2,5126.0,5152.7,5126.0,5152.7,2363
2026-03-10 07:15:00,BOS,long,5154.7,5147.7,5166.0,5147.7,5166.0,2372
2026-03-10 07:40:00,MSS,short,5153.5,5158.8,5145.0,5158.8,5145.0,2378
2026-03-10 08:20:00,BOS,short,5146.8,5151.5,5139.2,5151.5,5139.2,2385
2026-03-10 09:00:00,MSS,long,5144.8,5137.9,5156.0,5137.9,5156.0,2394
2026-03-10 09:20:00,BOS,long,5157.4,5148.3,5172.1,5148.3,5172.1,2397
2026-03-10 09:45:00,BOS,long,5169.1,5162.4,5180.0,5162.4,5180.0,2401
2026-03-10 10:50:00,MSS,short,5189.1,5194.4,5180.6,5194.4,5180.6,2416
2026-03-10 12:10:00,MSS,long,5166.8,5162.6,5173.7,5162.6,5173.7,2432
2026-03-10 13:00:00,BOS,long,5173.6,5170.0,5179.5,5170.0,5179.5,2440
2026-03-10 13:10:00,BOS,long,5174.7,5170.0,5182.3,5170.0,5182.3,2440
2026-03-10 13:30:00,MSS,short,5179.0,5180.8,5176.1,5180.8,5176.1,2448
2026-03-10 13:45:00,MSS,long,5179.9,5178.0,5183.0,5178.0,5183.0,2448
2026-03-10 15:15:00,MSS,short,5183.9,5188.1,5177.0,5188.1,5177.0,2468
2026-03-10 15:45:00,MSS,long,5175.6,5167.4,5188.9,5167.4,5188.9,2471
2026-03-10 16:30:00,BOS,long,5190.2,5185.0,5198.6,5185.0,5198.6,2483
2026-03-10 17:55:00,MSS,short,5195.8,5198.3,5191.7,5198.3,5191.7,2500
2026-03-10 18:30:00,BOS,short,5185.1,5191.4,5174.9,5191.4,5174.9,2507
2026-03-10 19:05:00,MSS,long,5178.8,5165.7,5200.0,5165.7,5200.0,2510
2026-03-10 19:40:00,MSS,short,5190.2,5194.6,5183.0,5194.6,5183.0,2522
2026-03-10 20:00:00,BOS,short,5184.0,5188.8,5176.2,5188.8,5176.2,2525
2026-03-10 20:25:00,MSS,long,5178.3,5171.2,5189.9,5171.2,5189.9,2528
2026-03-10 21:00:00,BOS,long,5198.5,5189.9,5212.4,5189.9,5212.4,2537
2026-03-10 21:45:00,MSS,short,5218.1,5226.2,5205.0,5226.2,5205.0,2547
2026-03-10 22:05:00,BOS,short,5214.0,5224.7,5196.8,5224.7,5196.8,2550
2026-03-10 23:00:00,MSS,long,5217.0,5211.6,5225.7,5211.6,5225.7,2558
2026-03-10 23:30:00,BOS,long,5238.1,5232.9,5246.5,5232.9,5246.5,2568
2026-03-10 23:50:00,MSS,short,5244.0,5248.7,5236.5,5248.7,5236.5,2572
2026-03-11 00:40:00,BOS,short,5241.1,5244.0,5236.5,5244.0,5236.5,2582
2026-03-11 02:00:00,BOS,short,5236.2,5242.2,5226.5,5242.2,5226.5,2597
2026-03-11 03:15:00,MSS,long,5206.0,5201.5,5213.3,5201.5,5213.3,2613
2026-03-11 03:30:00,MSS,short,5206.4,5216.4,5190.1,5216.4,5190.1,2615
2026-03-11 04:55:00,BOS,short,5204.0,5207.8,5197.8,5207.8,5197.8,2632
2026-03-11 06:05:00,BOS,short,5202.3,5207.8,5193.4,5207.8,5193.4,2632
2026-03-11 07:40:00,BOS,short,5201.6,5203.9,5198.0,5203.9,5198.0,2654
2026-03-11 07:55:00,MSS,long,5198.9,5195.3,5204.8,5195.3,5204.8,2656
2026-03-11 08:15:00,BOS,long,5200.5,5193.7,5211.4,5193.7,5211.4,2660
2026-03-11 08:45:00,BOS,long,5218.7,5214.8,5224.9,5214.8,5224.9,2667
2026-03-11 09:50:00,MSS,short,5222.5,5225.7,5217.4,5225.7,5217.4,2680
2026-03-11 10:40:00,MSS,long,5212.8,5209.5,5218.1,5209.5,5218.1,2689
2026-03-11 11:45:00,MSS,short,5215.2,5218.1,5210.4,5218.1,5210.4,2702
2026-03-11 12:50:00,BOS,short,5214.0,5216.7,5209.7,5216.7,5209.7,2715
2026-03-11 13:25:00,BOS,short,5213.5,5216.7,5208.2,5216.7,5208.2,2720
2026-03-11 14:05:00,MSS,long,5207.1,5204.1,5211.9,5204.1,5211.9,2731
2026-03-11 14:30:00,MSS,short,5212.8,5215.0,5209.2,5215.0,5209.2,2736
2026-03-11 15:00:00,MSS,long,5210.2,5210.7,5209.4,5210.7,5209.4,2735
2026-03-11 15:30:00,MSS,short,5203.1,5206.5,5197.6,5206.5,5197.6,2748
2026-03-11 16:10:00,MSS,long,5200.1,5196.0,5206.7,5196.0,5206.7,2755
2026-03-11 16:20:00,MSS,short,5202.0,5206.7,5194.4,5206.7,5194.4,2757
2026-03-11 17:30:00,MSS,long,5193.2,5187.1,5203.1,5187.1,5203.1,2768
2026-03-11 17:55:00,MSS,short,5200.9,5204.9,5194.4,5204.9,5194.4,2775
2026-03-11 18:05:00,MSS,long,5197.0,5194.1,5201.7,5194.1,5201.7,2779
2026-03-11 18:20:00,MSS,short,5201.3,5203.0,5198.5,5203.0,5198.5,2781
2026-03-11 19:00:00,MSS,long,5195.9,5192.7,5201.2,5192.7,5201.2,2790
2026-03-11 19:15:00,MSS,short,5196.6,5201.3,5189.0,5201.3,5189.0,2792
2026-03-11 19:55:00,BOS,short,5191.6,5196.9,5183.0,5196.9,5183.0,2801
2026-03-11 20:10:00,MSS,long,5190.0,5183.0,5201.3,5183.0,5201.3,2802
2026-03-11 20:30:00,MSS,short,5197.0,5203.3,5186.7,5203.3,5186.7,2806
2026-03-11 20:55:00,BOS,short,5183.5,5189.9,5173.2,5189.9,5173.2,2811
2026-03-11 21:45:00,BOS,short,5181.1,5191.1,5165.0,5191.1,5165.0,2819
2026-03-11 22:00:00,MSS,long,5170.7,5156.0,5194.6,5156.0,5194.6,2825
2026-03-11 22:25:00,BOS,long,5197.2,5193.4,5203.4,5193.4,5203.4,2831
2026-03-11 23:10:00,MSS,short,5192.2,5201.0,5177.9,5201.0,5177.9,2837
2026-03-12 00:35:00,MSS,long,5176.0,5171.5,5183.2,5171.5,5183.2,2856
2026-03-12 01:05:00,BOS,long,5181.9,5177.7,5188.6,5177.7,5188.6,2861
2026-03-12 01:30:00,MSS,short,5178.3,5181.6,5173.0,5181.6,5173.0,2868
2026-03-12 01:55:00,MSS,long,5167.3,5161.1,5177.3,5161.1,5177.3,2871
2026-03-12 03:40:00,BOS,long,5180.9,5176.6,5187.9,5176.6,5187.9,2887
2026-03-12 03:50:00,BOS,long,5186.7,5184.5,5190.2,5184.5,5190.2,2896
2026-03-12 04:15:00,MSS,short,5188.3,5191.5,5183.1,5191.5,5183.1,2899
2026-03-12 06:05:00,BOS,short,5183.3,5189.8,5172.8,5189.8,5172.8,2911
2026-03-12 06:55:00,BOS,short,5159.6,5174.5,5135.6,5174.5,5135.6,2921
2026-03-12 07:45:00,BOS,short,5153.1,5159.2,5143.2,5159.2,5143.2,2931
2026-03-12 08:20:00,MSS,long,5139.5,5130.1,5154.8,5130.1,5154.8,2936
2026-03-12 09:00:00,BOS,long,5163.0,5157.2,5172.3,5157.2,5172.3,2946
2026-03-12 09:35:00,BOS,long,5163.3,5159.1,5170.0,5159.1,5170.0,2953
2026-03-12 10:05:00,BOS,long,5173.3,5169.7,5179.2,5169.7,5179.2,2958
2026-03-12 10:20:00,MSS,short,5177.7,5180.1,5173.7,5180.1,5173.7,2961
2026-03-12 11:35:00,BOS,short,5157.1,5159.7,5152.8,5159.7,5152.8,2975
2026-03-12 12:15:00,MSS,long,5157.9,5156.9,5159.4,5156.9,5159.4,2985
2026-03-12 12:20:00,MSS,short,5157.8,5159.4,5155.1,5159.4,5155.1,2986
2026-03-12 13:05:00,MSS,long,5148.1,5145.3,5152.7,5145.3,5152.7,2994
2026-03-12 13:40:00,BOS,long,5148.8,5142.0,5159.9,5142.0,5159.9,3000
2026-03-12 14:15:00,MSS,short,5159.0,5161.0,5155.8,5161.0,5155.8,3009
2026-03-12 14:25:00,MSS,long,5156.4,5152.5,5162.8,5152.5,5162.8,3011
2026-03-12 15:40:00,BOS,long,5178.7,5174.2,5185.9,5174.2,5185.9,3026
2026-03-12 16:55:00,MSS,short,5186.6,5188.2,5183.9,5188.2,5183.9,3038
2026-03-12 17:10:00,BOS,short,5184.9,5187.0,5181.5,5187.0,5181.5,3042
2026-03-12 17:30:00,MSS,long,5184.4,5180.0,5191.4,5180.0,5191.4,3047
2026-03-12 17:55:00,BOS,long,5191.9,5189.1,5196.3,5189.1,5196.3,3053
2026-03-12 18:25:00,MSS,short,5193.4,5197.9,5186.1,5197.9,5186.1,3056
2026-03-12 19:15:00,BOS,short,5186.0,5189.6,5180.3,5189.6,5180.3,3067
2026-03-12 19:40:00,MSS,long,5183.5,5181.4,5186.8,5181.4,5186.8,3074
2026-03-12 20:00:00,MSS,short,5184.5,5187.2,5180.1,5187.2,5180.1,3078
2026-03-12 20:45:00,MSS,long,5179.7,5174.5,5188.1,5174.5,5188.1,3087
2026-03-12 21:15:00,MSS,short,5187.3,5192.6,5178.6,5192.6,5178.6,3091
2026-03-12 21:50:00,BOS,short,5177.7,5192.6,5153.6,5192.6,5153.6,3091
2026-03-12 22:00:00,MSS,long,5159.0,5152.0,5170.2,5152.0,5170.2,3102
2026-03-12 22:15:00,MSS,short,5163.6,5166.7,5158.6,5166.7,5158.6,3101
2026-03-12 23:00:00,BOS,short,5145.4,5150.8,5136.6,5150.8,5136.6,3114
2026-03-13 00:05:00,BOS,short,5136.0,5141.0,5127.9,5141.0,5127.9,3127
2026-03-13 00:55:00,BOS,short,5138.0,5144.0,5128.4,5144.0,5128.4,3135
2026-03-13 01:15:00,BOS,short,5130.4,5136.7,5120.1,5136.7,5120.1,3140
2026-03-13 01:30:00,BOS,short,5125.4,5130.0,5118.0,5130.0,5118.0,3143
2026-03-13 02:20:00,BOS,short,5113.4,5117.3,5107.0,5117.3,5107.0,3154
2026-03-13 03:00:00,BOS,short,5097.5,5105.3,5084.8,5105.3,5084.8,3161
2026-03-13 03:55:00,BOS,short,5097.2,5102.7,5088.4,5102.7,5088.4,3173
2026-03-13 06:00:00,MSS,long,5069.8,5058.1,5088.7,5058.1,5088.7,3181
2026-03-13 06:55:00,BOS,long,5092.8,5088.8,5099.4,5088.8,5099.4,3194
2026-03-13 07:20:00,BOS,long,5096.6,5093.1,5102.3,5093.1,5102.3,3201
2026-03-13 08:05:00,BOS,long,5103.1,5100.3,5107.5,5100.3,5107.5,3211
2026-03-13 08:30:00,BOS,long,5109.7,5107.3,5113.7,5107.3,5113.7,3216
2026-03-13 09:40:00,MSS,short,5121.0,5125.2,5114.1,5125.2,5114.1,3229
2026-03-13 09:55:00,MSS,long,5117.8,5111.5,5128.1,5111.5,5128.1,3232
2026-03-13 10:20:00,MSS,short,5127.2,5132.4,5118.7,5132.4,5118.7,3235
2026-03-13 10:55:00,BOS,short,5122.2,5127.4,5113.8,5127.4,5113.8,3239
2026-03-13 11:35:00,BOS,short,5114.4,5117.7,5109.0,5117.7,5109.0,3251
2026-03-13 11:45:00,MSS,long,5113.2,5109.0,5119.9,5109.0,5119.9,3254
2026-03-13 12:20:00,MSS,short,5115.7,5121.4,5106.6,5121.4,5106.6,3259
2026-03-13 13:10:00,MSS,long,5108.2,5105.6,5112.3,5105.6,5112.3,3272
2026-03-13 13:40:00,MSS,short,5110.1,5114.8,5102.5,5114.8,5102.5,3277
2026-03-13 14:00:00,MSS,long,5104.3,5100.4,5110.5,5100.4,5110.5,3282
2026-03-13 14:20:00,MSS,short,5106.3,5111.3,5098.2,5111.3,5098.2,3284
2026-03-13 15:15:00,BOS,short,5091.0,5098.4,5079.1,5098.4,5079.1,3297
2026-03-13 16:00:00,BOS,short,5088.0,5097.6,5072.5,5097.6,5072.5,3303
2026-03-13 16:35:00,MSS,long,5074.1,5066.0,5087.3,5066.0,5087.3,3311
2026-03-13 16:55:00,BOS,long,5085.5,5080.6,5093.5,5080.6,5093.5,3316
2026-03-13 18:10:00,BOS,long,5093.5,5090.5,5098.3,5090.5,5098.3,3331
2026-03-13 18:30:00,MSS,short,5095.2,5101.5,5085.0,5101.5,5085.0,3334
2026-03-13 18:45:00,MSS,long,5090.5,5085.0,5099.4,5085.0,5099.4,3337
2026-03-13 19:55:00,BOS,long,5103.1,5097.0,5113.0,5097.0,5113.0,3352
2026-03-13 20:45:00,BOS,long,5119.6,5114.2,5128.4,5114.2,5128.4,3363
2026-03-13 21:25:00,MSS,short,5118.0,5121.2,5112.7,5121.2,5112.7,3371
2026-03-13 22:10:00,BOS,short,5107.1,5114.4,5095.2,5114.4,5095.2,3380
2026-03-13 23:40:00,BOS,short,5062.6,5072.8,5046.2,5072.8,5046.2,3397
2026-03-14 01:10:00,MSS,long,5052.9,5047.7,5061.2,5047.7,5061.2,3415
2026-03-14 01:45:00,MSS,short,5061.5,5068.5,5050.3,5068.5,5050.3,3422
2026-03-14 02:10:00,BOS,short,5051.9,5056.2,5045.0,5056.2,5045.0,3428
2026-03-14 03:10:00,BOS,short,5048.3,5054.5,5038.4,5054.5,5038.4,3439
2026-03-14 04:40:00,MSS,long,5022.1,5017.2,5030.1,5017.2,5030.1,3457
2026-03-16 06:00:00,MSS,short,5016.3,5026.3,5000.0,5026.3,5000.0,3462
2026-03-16 06:05:00,MSS,long,5013.4,5000.0,5035.2,5000.0,5035.2,3463
2026-03-16 06:45:00,BOS,long,5016.6,5011.4,5025.0,5011.4,5025.0,3471
2026-03-16 07:00:00,MSS,short,5021.9,5030.0,5008.9,5030.0,5008.9,3474
2026-03-16 07:55:00,MSS,long,4985.8,4975.5,5002.4,4975.5,5002.4,3484
2026-03-16 08:30:00,BOS,long,5025.0,5018.4,5035.6,5018.4,5035.6,3492
2026-03-16 09:00:00,MSS,short,5026.5,5033.5,5015.1,5033.5,5015.1,3498
2026-03-16 09:55:00,MSS,long,5011.9,5006.7,5020.3,5006.7,5020.3,3509
2026-03-16 10:30:00,MSS,short,5017.3,5022.3,5009.3,5022.3,5009.3,3515
2026-03-16 11:10:00,BOS,short,5005.9,5008.9,5001.1,5008.9,5001.1,3524
2026-03-16 11:25:00,MSS,long,5006.5,5001.1,5015.3,5001.1,5015.3,3525
2026-03-16 12:35:00,MSS,short,5026.0,5028.4,5022.0,5028.4,5022.0,3541
2026-03-16 13:15:00,BOS,short,5016.9,5020.2,5011.5,5020.2,5011.5,3547
2026-03-16 13:40:00,MSS,long,5012.3,5006.6,5021.6,5006.6,5021.6,3554
2026-03-16 13:50:00,BOS,long,5013.2,5006.6,5023.9,5006.6,5023.9,3554
2026-03-16 14:05:00,BOS,long,5020.4,5016.9,5026.0,5016.9,5026.0,3559
2026-03-16 14:45:00,MSS,short,5029.5,5040.0,5012.5,5040.0,5012.5,3562
2026-03-16 15:20:00,BOS,short,5014.5,5020.0,5005.7,5020.0,5005.7,3572
2026-03-16 15:35:00,BOS,short,5005.2,5011.7,4994.6,5011.7,4994.6,3577
2026-03-16 16:10:00,BOS,short,4999.1,5003.3,4992.2,5003.3,4992.2,3583
2026-03-16 16:20:00,MSS,long,4997.7,4991.5,5007.6,4991.5,5007.6,3586
2026-03-16 16:40:00,MSS,short,5000.4,5007.9,4988.2,5007.9,4988.2,3588
2026-03-16 17:25:00,MSS,long,4987.6,4983.5,4994.2,4983.5,4994.2,3596
2026-03-16 17:40:00,MSS,short,4991.6,4995.6,4985.0,4995.6,4985.0,3601
2026-03-16 18:25:00,MSS,long,4981.9,4973.5,4995.5,4973.5,4995.5,3607
2026-03-16 18:45:00,BOS,long,4990.5,4984.9,4999.6,4984.9,4999.6,3615
2026-03-16 19:10:00,BOS,long,5005.1,5000.6,5012.3,5000.6,5012.3,3620
2026-03-16 19:45:00,MSS,short,5021.5,5025.2,5015.5,5025.2,5015.5,3627
2026-03-16 20:25:00,MSS,long,5009.8,4997.0,5030.4,4997.0,5030.4,3630
2026-03-16 20:45:00,MSS,short,5027.2,5030.6,5021.8,5030.6,5021.8,3639
2026-03-16 21:10:00,MSS,long,5022.4,5018.5,5028.8,5018.5,5028.8,3643
2026-03-16 21:30:00,BOS,long,5028.5,5024.0,5035.8,5024.0,5035.8,3648
2026-03-16 22:20:00,MSS,short,5037.2,5044.5,5025.3,5044.5,5025.3,3656
2026-03-16 23:15:00,MSS,long,5000.6,4994.8,5009.9,4994.8,5009.9,3669
2026-03-17 00:25:00,MSS,short,4996.0,5004.2,4982.7,5004.2,4982.7,3681
2026-03-17 00:50:00,MSS,long,4992.1,4988.2,4998.3,4988.2,4998.3,3688
2026-03-17 01:00:00,BOS,long,4997.6,4994.2,5003.0,4994.2,5003.0,3690
2026-03-17 01:25:00,MSS,short,5005.9,5009.5,5000.1,5009.5,5000.1,3693
2026-03-17 02:00:00,MSS,long,4994.0,4989.3,5001.7,4989.3,5001.7,3701
2026-03-17 02:05:00,BOS,long,4995.6,4989.3,5005.9,4989.3,5005.9,3701
2026-03-17 02:25:00,BOS,long,5007.5,5003.3,5014.2,5003.3,5014.2,3707
2026-03-17 04:05:00,BOS,long,5019.0,5014.1,5026.9,5014.1,5026.9,3727
2026-03-17 04:25:00,MSS,short,5025.0,5028.0,5020.1,5028.0,5020.1,3729
2026-03-17 06:10:00,BOS,short,5016.3,5022.8,5005.7,5022.8,5005.7,3740
2026-03-17 07:20:00,MSS,long,5008.8,5005.5,5014.2,5005.5,5014.2,3750
2026-03-17 08:05:00,MSS,short,5015.5,5020.9,5006.8,5020.9,5006.8,3762
2026-03-17 08:45:00,BOS,short,5008.7,5011.6,5004.0,5011.6,5004.0,3770
2026-03-17 09:05:00,MSS,long,5004.4,4998.4,5014.0,4998.4,5014.0,3775
2026-03-17 09:35:00,BOS,long,5016.0,5011.0,5024.0,5011.0,5024.0,3780
2026-03-17 10:40:00,BOS,long,5028.7,5025.8,5033.5,5025.8,5033.5,3794
2026-03-17 11:15:00,BOS,long,5027.0,5024.4,5031.3,5024.4,5031.3,3799
2026-03-17 12:25:00,BOS,long,5033.1,5030.5,5037.3,5030.5,5037.3,3814
2026-03-17 13:40:00,MSS,short,5041.2,5044.5,5035.9,5044.5,5035.9,3829
2026-03-17 15:30:00,MSS,long,5019.1,5013.1,5028.8,5013.1,5028.8,3851
2026-03-17 16:15:00,BOS,long,5025.5,5022.6,5030.1,5022.6,5030.1,3860
2026-03-17 17:10:00,MSS,short,5025.6,5030.4,5017.8,5030.4,5017.8,3871
2026-03-17 17:55:00,BOS,short,5017.9,5020.2,5014.1,5020.2,5014.1,3880
2026-03-17 18:00:00,BOS,short,5017.0,5020.2,5011.8,5020.2,5011.8,3880
2026-03-17 19:10:00,MSS,long,5004.4,5000.7,5010.3,5000.7,5010.3,3895
2026-03-17 19:55:00,MSS,short,5012.2,5015.9,5006.1,5015.9,5006.1,3904
2026-03-17 20:15:00,MSS,long,5008.9,5003.2,5018.0,5003.2,5018.0,3907
2026-03-17 21:30:00,BOS,long,5021.8,5015.3,5032.4,5015.3,5032.4,3924
2026-03-17 22:20:00,MSS,short,5021.4,5026.3,5013.5,5026.3,5013.5,3932
2026-03-17 23:25:00,BOS,short,5011.4,5019.7,4998.0,5019.7,4998.0,3946
2026-03-18 00:15:00,MSS,long,5000.1,4995.6,5007.3,4995.6,5007.3,3956
2026-03-18 00:45:00,MSS,short,5007.6,5010.4,5003.0,5010.4,5003.0,3961
2026-03-18 01:00:00,MSS,long,5005.5,5001.8,5011.6,5001.8,5011.6,3965
2026-03-18 01:40:00,MSS,short,5007.5,5011.0,5001.9,5011.0,5001.9,3974
2026-03-18 02:00:00,MSS,long,5004.6,5000.8,5010.8,5000.8,5010.8,3976
2026-03-18 02:25:00,MSS,short,5011.5,5013.6,5008.2,5013.6,5008.2,3983
2026-03-18 03:15:00,BOS,short,5007.4,5009.5,5003.9,5009.5,5003.9,3992
2026-03-18 04:00:00,MSS,long,5005.1,5002.8,5008.7,5002.8,5008.7,4002
2026-03-18 04:50:00,MSS,short,5008.6,5010.2,5006.1,5010.2,5006.1,4012
2026-03-18 04:55:00,MSS,long,5008.7,5006.1,5012.8,5006.1,5012.8,4013
2026-03-18 06:00:00,MSS,short,5009.6,5012.8,5004.3,5012.8,5004.3,4014
2026-03-18 06:40:00,BOS,short,5003.8,5006.9,4998.7,5006.9,4998.7,4020
2026-03-18 07:30:00,MSS,long,5004.7,5002.6,5008.1,5002.6,5008.1,4032
2026-03-18 08:00:00,BOS,long,5007.3,5004.7,5011.6,5004.7,5011.6,4035
2026-03-18 09:00:00,BOS,long,5009.6,5007.2,5013.5,5007.2,5013.5,4050
2026-03-18 10:15:00,BOS,long,5002.7,4999.7,5007.5,4999.7,5007.5,4064
2026-03-18 10:50:00,MSS,short,5003.8,5007.5,4997.8,5007.5,4997.8,4072
2026-03-18 11:45:00,BOS,short,4999.1,5000.8,4996.3,5000.8,4996.3,4082
2026-03-18 12:30:00,BOS,short,4993.5,4996.6,4988.6,4996.6,4988.6,4091
2026-03-18 12:55:00,MSS,long,4987.8,4986.1,4990.5,4986.1,4990.5,4097
2026-03-18 13:20:00,BOS,long,4991.7,4988.8,4996.3,4988.8,4996.3,4102
2026-03-18 14:05:00,BOS,long,5000.9,4997.5,5006.5,4997.5,5006.5,4110
2026-03-18 14:30:00,BOS,long,5013.2,5010.5,5017.5,5010.5,5017.5,4115
2026-03-18 14:55:00,MSS,short,5016.4,5018.7,5012.6,5018.7,5012.6,4120
2026-03-18 15:15:00,BOS,short,5016.0,5019.2,5010.8,5019.2,5010.8,4124
2026-03-18 15:40:00,BOS,short,5010.6,5014.0,5005.0,5014.0,5005.0,4129
2026-03-18 16:20:00,BOS,short,4995.0,4999.7,4987.5,4999.7,4987.5,4138
2026-03-18 17:20:00,MSS,long,4992.3,4988.6,4998.4,4988.6,4998.4,4150
2026-03-18 17:45:00,MSS,short,4998.3,4999.9,4995.7,4999.9,4995.7,4154
2026-03-18 18:00:00,BOS,short,4997.4,4999.8,4993.4,4999.8,4993.4,4157
2026-03-18 18:25:00,BOS,short,4991.8,4995.8,4985.2,4995.8,4985.2,4163
2026-03-18 19:25:00,BOS,short,4966.9,4977.5,4949.7,4977.5,4949.7,4175
2026-03-18 20:05:00,BOS,short,4953.8,4977.5,4915.5,4977.5,4915.5,4175
2026-03-18 20:45:00,BOS,short,4886.9,4893.7,4875.9,4893.7,4875.9,4191
2026-03-18 21:00:00,BOS,short,4879.8,4894.9,4855.5,4894.9,4855.5,4193
2026-03-18 21:35:00,MSS,long,4860.6,4852.9,4873.0,4852.9,4873.0,4201
2026-03-18 22:05:00,BOS,long,4877.1,4863.8,4898.7,4863.8,4898.7,4205
2026-03-18 22:35:00,MSS,short,4883.7,4898.7,4859.5,4898.7,4859.5,4208
2026-03-19 00:05:00,MSS,long,4868.4,4864.5,4874.7,4864.5,4874.7,4231
2026-03-19 00:50:00,BOS,long,4883.3,4877.1,4893.3,4877.1,4893.3,4238
2026-03-19 01:20:00,BOS,long,4893.2,4888.0,4901.7,4888.0,4901.7,4245
2026-03-19 01:35:00,BOS,long,4896.4,4891.7,4904.0,4891.7,4904.0,4249
2026-03-19 02:05:00,MSS,short,4897.0,4904.4,4884.9,4904.4,4884.9,4255
2026-03-19 02:30:00,BOS,short,4887.6,4894.4,4876.6,4894.4,4876.6,4257
2026-03-19 03:15:00,MSS,long,4859.1,4853.0,4868.9,4853.0,4868.9,4269
2026-03-19 03:20:00,MSS,short,4860.9,4868.9,4848.0,4868.9,4848.0,4270
2026-03-19 03:55:00,BOS,short,4856.2,4863.9,4843.7,4863.9,4843.7,4274
2026-03-19 04:10:00,BOS,short,4842.8,4852.4,4827.3,4852.4,4827.3,4279
2026-03-19 04:25:00,BOS,short,4824.0,4831.7,4811.6,4831.7,4811.6,4283
2026-03-19 06:40:00,MSS,long,4818.5,4810.4,4831.5,4810.4,4831.5,4297
2026-03-19 07:25:00,BOS,long,4835.3,4830.3,4843.3,4830.3,4843.3,4306
2026-03-19 08:00:00,BOS,long,4838.6,4832.2,4849.0,4832.2,4849.0,4312
2026-03-19 09:10:00,MSS,short,4847.6,4854.9,4835.9,4854.9,4835.9,4327
2026-03-19 09:35:00,MSS,long,4845.7,4834.6,4863.6,4834.6,4863.6,4331
2026-03-19 09:55:00,MSS,short,4861.7,4868.5,4850.7,4868.5,4850.7,4335
2026-03-19 10:40:00,MSS,long,4858.1,4854.9,4863.3,4854.9,4863.3,4345
2026-03-19 11:05:00,BOS,long,4858.7,4854.7,4865.2,4854.7,4865.2,4349
2026-03-19 11:55:00,MSS,short,4856.1,4858.6,4852.1,4858.6,4852.1,4359
2026-03-19 12:45:00,BOS,short,4851.3,4854.2,4846.5,4854.2,4846.5,4370
2026-03-19 13:00:00,MSS,long,4849.6,4846.5,4854.7,4846.5,4854.7,4372
2026-03-19 13:30:00,MSS,short,4849.7,4855.6,4840.2,4855.6,4840.2,4379
2026-03-19 13:55:00,BOS,short,4836.7,4841.8,4828.4,4841.8,4828.4,4385
2026-03-19 14:15:00,BOS,short,4836.2,4844.1,4823.3,4844.1,4823.3,4387
2026-03-19 15:40:00,BOS,short,4759.5,4773.7,4736.6,4773.7,4736.6,4406
2026-03-19 16:40:00,BOS,short,4719.1,4738.5,4687.8,4738.5,4687.8,4415
2026-03-19 17:10:00,BOS,short,4710.7,4723.4,4690.1,4723.4,4690.1,4423
2026-03-19 17:55:00,BOS,short,4711.4,4719.6,4698.2,4719.6,4698.2,4433
2026-03-19 18:15:00,BOS,short,4710.4,4722.4,4690.9,4722.4,4690.9,4436
2026-03-19 19:40:00,BOS,short,4684.6,4699.5,4660.4,4699.5,4660.4,4453
2026-03-19 20:20:00,BOS,short,4622.1,4633.3,4604.0,4633.3,4604.0,4462
2026-03-19 20:40:00,BOS,short,4598.2,4620.8,4561.6,4620.8,4561.6,4466
2026-03-19 21:30:00,MSS,long,4567.1,4555.6,4585.7,4555.6,4585.7,4476
2026-03-19 21:50:00,BOS,long,4563.7,4540.5,4601.2,4540.5,4601.2,4480
2026-03-19 22:15:00,MSS,short,4634.8,4652.1,4606.8,4652.1,4606.8,4485
2026-03-19 22:25:00,BOS,short,4627.1,4652.1,4586.6,4652.1,4586.6,4485
2026-03-19 22:35:00,MSS,long,4598.5,4583.1,4623.3,4583.1,4623.3,4489
2026-03-19 22:50:00,BOS,long,4614.4,4604.5,4630.4,4604.5,4630.4,4492
2026-03-19 22:55:00,MSS,short,4618.8,4630.4,4600.0,4630.4,4600.0,4493
2026-03-19 23:15:00,BOS,short,4628.1,4641.8,4605.9,4641.8,4605.9,4496
2026-03-20 01:05:00,BOS,short,4590.2,4597.4,4578.6,4597.4,4578.6,4519
2026-03-20 01:15:00,MSS,long,4586.3,4576.8,4601.7,4576.8,4601.7,4521
2026-03-20 01:50:00,BOS,long,4614.6,4602.8,4633.6,4602.8,4633.6,4526
2026-03-20 02:30:00,MSS,short,4612.6,4617.9,4604.1,4617.9,4604.1,4536
2026-03-20 02:55:00,MSS,long,4614.8,4607.7,4626.2,4607.7,4626.2,4541
2026-03-20 04:00:00,BOS,long,4643.9,4635.1,4658.1,4635.1,4658.1,4553
2026-03-20 04:20:00,BOS,long,4657.5,4653.3,4664.4,4653.3,4664.4,4558
2026-03-20 04:55:00,MSS,short,4659.5,4664.7,4651.0,4664.7,4651.0,4565
2026-03-20 06:05:00,MSS,long,4657.9,4651.0,4669.0,4651.0,4669.0,4566
2026-03-20 06:40:00,MSS,short,4667.5,4679.7,4647.8,4679.7,4647.8,4570
2026-03-20 06:55:00,BOS,short,4663.7,4679.7,4637.7,4679.7,4637.7,4570
2026-03-20 07:30:00,BOS,short,4645.7,4649.3,4640.0,4649.3,4640.0,4583
2026-03-20 08:00:00,MSS,long,4648.0,4643.5,4655.4,4643.5,4655.4,4590
2026-03-20 09:00:00,BOS,long,4656.7,4648.0,4670.7,4648.0,4670.7,4602
2026-03-20 09:40:00,BOS,long,4666.0,4650.2,4691.5,4650.2,4691.5,4606
2026-03-20 10:00:00,MSS,short,4691.0,4701.6,4673.8,4701.6,4673.8,4612
2026-03-20 10:05:00,MSS,long,4678.8,4673.8,4686.9,4673.8,4686.9,4615
2026-03-20 10:45:00,BOS,long,4688.1,4680.0,4701.1,4680.0,4701.1,4622
2026-03-20 11:00:00,BOS,long,4690.7,4680.0,4708.0,4680.0,4708.0,4622
2026-03-20 11:45:00,MSS,short,4731.4,4735.6,4724.7,4735.6,4724.7,4635
2026-03-20 12:05:00,BOS,short,4724.6,4728.7,4718.0,4728.7,4718.0,4638
2026-03-20 12:25:00,MSS,long,4720.8,4718.4,4724.7,4718.4,4724.7,4643
2026-03-20 12:45:00,MSS,short,4722.6,4727.0,4715.4,4727.0,4715.4,4646
2026-03-20 13:00:00,BOS,short,4718.4,4723.0,4711.0,4723.0,4711.0,4649
2026-03-20 13:30:00,BOS,short,4715.9,4724.2,4702.5,4724.2,4702.5,4655
2026-03-20 13:45:00,BOS,short,4710.7,4718.3,4698.4,4718.3,4698.4,4659
2026-03-20 14:35:00,BOS,short,4686.0,4697.0,4668.3,4697.0,4668.3,4666
2026-03-20 15:45:00,MSS,long,4679.7,4666.4,4701.3,4666.4,4701.3,4674
2026-03-20 16:45:00,MSS,short,4704.5,4711.3,4693.4,4711.3,4693.4,4695
2026-03-20 17:30:00,BOS,short,4688.6,4694.7,4678.8,4694.7,4678.8,4704
2026-03-20 17:50:00,BOS,short,4682.7,4694.7,4663.4,4694.7,4663.4,4704
2026-03-20 18:00:00,BOS,short,4668.4,4678.4,4652.3,4678.4,4652.3,4709
2026-03-20 18:35:00,MSS,long,4657.6,4649.7,4670.4,4649.7,4670.4,4717
2026-03-20 18:55:00,MSS,short,4658.4,4670.4,4639.1,4670.4,4639.1,4718
2026-03-20 20:00:00,MSS,long,4668.5,4658.7,4684.3,4658.7,4684.3,4733
2026-03-20 20:30:00,MSS,short,4684.6,4693.4,4670.4,4693.4,4670.4,4739
2026-03-20 21:10:00,BOS,short,4671.6,4682.4,4654.2,4682.4,4654.2,4745
2026-03-20 21:30:00,BOS,short,4659.8,4670.8,4642.0,4670.8,4642.0,4751
2026-03-20 21:50:00,BOS,short,4648.5,4666.0,4620.2,4666.0,4620.2,4755
2026-03-20 22:10:00,BOS,short,4609.1,4623.4,4585.9,4623.4,4585.9,4760
2026-03-20 22:45:00,BOS,short,4577.4,4586.0,4563.6,4586.0,4563.6,4766
2026-03-21 00:10:00,MSS,long,4563.0,4545.8,4590.7,4545.8,4590.7,4780
2026-03-21 01:00:00,BOS,long,4578.2,4568.3,4594.3,4568.3,4594.3,4792
2026-03-21 01:15:00,MSS,short,4587.0,4594.3,4575.2,4594.3,4575.2,4795
2026-03-21 02:20:00,BOS,short,4564.7,4581.1,4538.2,4581.1,4538.2,4807
2026-03-21 03:40:00,MSS,long,4503.3,4493.9,4518.6,4493.9,4518.6,4826
2026-03-21 04:15:00,BOS,long,4503.2,4495.5,4515.6,4495.5,4515.6,4832
2026-03-21 04:30:00,MSS,short,4511.2,4517.0,4501.7,4517.0,4501.7,4835
2026-03-21 04:55:00,BOS,short,4500.0,4506.6,4489.4,4506.6,4489.4,4841
2026-03-23 06:05:00,MSS,long,4466.2,4435.4,4516.0,4435.4,4516.0,4843
2026-03-23 07:30:00,MSS,short,4492.7,4500.3,4480.4,4500.3,4480.4,4858
2026-03-23 07:45:00,BOS,short,4479.8,4491.8,4460.5,4491.8,4460.5,4863
2026-03-23 08:00:00,BOS,short,4458.2,4471.7,4436.3,4471.7,4436.3,4866
2026-03-23 08:30:00,BOS,short,4429.4,4447.5,4400.0,4447.5,4400.0,4872
2026-03-23 09:00:00,MSS,long,4345.5,4321.5,4384.4,4321.5,4384.4,4877
2026-03-23 09:35:00,BOS,long,4432.9,4421.7,4450.9,4421.7,4450.9,4884
2026-03-23 09:45:00,MSS,short,4438.7,4455.2,4412.1,4455.2,4412.1,4885
2026-03-23 10:30:00,BOS,short,4404.0,4417.5,4382.2,4417.5,4382.2,4896
2026-03-23 11:35:00,BOS,short,4359.3,4367.1,4346.6,4367.1,4346.6,4909
2026-03-23 12:05:00,MSS,long,4351.3,4337.2,4374.1,4337.2,4374.1,4911
2026-03-23 12:35:00,BOS,long,4371.1,4362.5,4385.0,4362.5,4385.0,4921
2026-03-23 12:50:00,MSS,short,4372.8,4385.0,4353.0,4385.0,4353.0,4922
2026-03-23 13:30:00,BOS,short,4361.2,4383.6,4324.9,4383.6,4324.9,4927
2026-03-23 14:25:00,BOS,short,4289.1,4316.9,4244.1,4316.9,4244.1,4942
2026-03-23 14:40:00,BOS,short,4267.2,4316.9,4186.7,4316.9,4186.7,4942
2026-03-23 15:05:00,BOS,short,4196.3,4235.3,4133.1,4235.3,4133.1,4949
2026-03-23 16:05:00,MSS,long,4209.3,4187.8,4244.2,4187.8,4244.2,4962
2026-03-23 16:30:00,BOS,long,4232.6,4212.2,4265.5,4212.2,4265.5,4967
2026-03-23 17:15:00,BOS,long,4247.7,4219.7,4293.1,4219.7,4293.1,4974
2026-03-23 19:00:00,BOS,long,4268.9,4251.5,4297.0,4251.5,4297.0,4998
2026-03-23 19:55:00,MSS,short,4398.2,4419.8,4363.2,4419.8,4363.2,5008
2026-03-23 20:30:00,MSS,long,4397.6,4388.0,4413.0,4388.0,4413.0,5016
2026-03-23 21:15:00,MSS,short,4448.2,4462.5,4425.1,4462.5,4425.1,5025
2026-03-23 21:50:00,MSS,long,4440.0,4421.4,4470.0,4421.4,4470.0,5032
2026-03-23 22:15:00,BOS,long,4471.8,4455.3,4498.6,4455.3,4498.6,5037
2026-03-23 23:15:00,MSS,short,4466.0,4488.9,4428.9,4488.9,4428.9,5048
2026-03-24 01:05:00,MSS,long,4385.7,4373.8,4404.9,4373.8,4404.9,5070
2026-03-24 01:30:00,BOS,long,4407.1,4390.6,4433.7,4390.6,4433.7,5075
2026-03-24 02:05:00,MSS,short,4420.9,4432.0,4403.0,4432.0,4403.0,5082
2026-03-24 02:30:00,MSS,long,4425.0,4411.3,4447.2,4411.3,4447.2,5086
2026-03-24 03:10:00,MSS,short,4444.8,4469.8,4404.4,4469.8,4404.4,5092
2026-03-24 03:40:00,MSS,long,4403.5,4393.9,4419.1,4393.9,4419.1,5099
2026-03-24 03:55:00,MSS,short,4418.3,4430.0,4399.3,4430.0,4399.3,5104
2026-03-24 04:40:00,MSS,long,4404.5,4398.5,4414.2,4398.5,4414.2,5114
2026-03-24 06:00:00,MSS,short,4403.7,4416.5,4383.0,4416.5,4383.0,5117
2026-03-24 06:50:00,MSS,long,4390.3,4363.5,4433.7,4363.5,4433.7,5120
2026-03-24 07:35:00,MSS,short,4442.4,4450.7,4429.1,4450.7,4429.1,5136
2026-03-24 08:00:00,BOS,short,4440.9,4448.4,4428.7,4448.4,4428.7,5141
2026-03-24 09:40:00,BOS,short,4351.9,4370.3,4322.2,4370.3,4322.2,5162
2026-03-24 10:25:00,MSS,long,4324.6,4306.0,4354.6,4306.0,4354.6,5169
2026-03-24 11:30:00,MSS,short,4360.8,4369.6,4346.5,4369.6,4346.5,5183
2026-03-24 12:15:00,BOS,short,4347.3,4357.8,4330.2,4357.8,4330.2,5192
2026-03-24 12:50:00,MSS,long,4335.5,4326.8,4349.5,4326.8,4349.5,5195
2026-03-24 13:05:00,MSS,short,4338.6,4350.2,4319.9,4350.2,4319.9,5200
2026-03-24 13:40:00,MSS,long,4342.3,4321.9,4375.4,4321.9,4375.4,5209
2026-03-24 14:05:00,BOS,long,4356.2,4345.2,4374.0,4345.2,4374.0,5215
2026-03-24 14:20:00,BOS,long,4374.6,4362.1,4394.7,4362.1,4394.7,5218
2026-03-24 14:40:00,MSS,short,4390.8,4399.6,4376.5,4399.6,4376.5,5220
2026-03-24 14:55:00,MSS,long,4387.5,4375.5,4406.9,4375.5,4406.9,5224
2026-03-24 16:20:00,MSS,short,4413.0,4423.5,4395.9,4423.5,4395.9,5241
2026-03-24 17:35:00,MSS,long,4410.9,4405.8,4419.2,4405.8,4419.2,5257
2026-03-24 17:55:00,BOS,long,4420.7,4413.5,4432.4,4413.5,4432.4,5261
2026-03-24 18:50:00,BOS,long,4424.9,4419.6,4433.6,4419.6,4433.6,5272
2026-03-24 19:00:00,MSS,short,4416.5,4442.9,4373.7,4442.9,4373.7,5274
2026-03-24 19:30:00,MSS,long,4416.1,4408.4,4428.6,4408.4,4428.6,5280
2026-03-24 19:50:00,MSS,short,4414.0,4428.4,4390.6,4428.4,4390.6,5284
2026-03-24 20:30:00,BOS,short,4407.4,4428.1,4374.0,4428.1,4374.0,5290
2026-03-24 21:25:00,BOS,short,4373.9,4385.0,4356.0,4385.0,4356.0,5302
2026-03-24 21:55:00,MSS,long,4363.5,4350.5,4384.5,4350.5,4384.5,5308
2026-03-24 22:15:00,BOS,long,4369.7,4350.5,4400.7,4350.5,4400.7,5308
2026-03-24 22:30:00,BOS,long,4397.1,4384.5,4417.6,4384.5,4417.6,5313
2026-03-24 22:50:00,BOS,long,4415.3,4403.3,4434.7,4403.3,4434.7,5320
2026-03-24 23:05:00,MSS,short,4413.9,4421.6,4401.5,4421.6,4401.5,5320
2026-03-24 23:35:00,MSS,long,4417.5,4410.5,4428.7,4410.5,4428.7,5329
2026-03-25 00:00:00,MSS,short,4421.7,4431.7,4405.4,4431.7,4405.4,5332
2026-03-25 01:00:00,BOS,short,4421.3,4428.8,4409.2,4428.8,4409.2,5344
2026-03-25 01:30:00,BOS,short,4397.4,4406.9,4382.1,4406.9,4382.1,5352
2026-03-25 01:55:00,MSS,long,4380.5,4371.4,4395.1,4371.4,4395.1,5356
2026-03-25 02:55:00,MSS,short,4396.2,4403.6,4384.3,4403.6,4384.3,5369
2026-03-25 03:05:00,MSS,long,4392.6,4384.3,4406.0,4384.3,4406.0,5370
2026-03-25 03:15:00,BOS,long,4393.7,4384.3,4409.0,4384.3,4409.0,5370
2026-03-25 03:35:00,MSS,short,4406.3,4412.0,4397.1,4412.0,4397.1,5376
2026-03-25 04:15:00,MSS,long,4402.8,4397.7,4411.0,4397.7,4411.0,5384
2026-03-25 04:50:00,BOS,long,4461.8,4448.4,4483.4,4448.4,4483.4,5391
2026-03-25 06:25:00,MSS,short,4481.1,4487.9,4470.2,4487.9,4470.2,5399
2026-03-25 07:15:00,MSS,long,4475.2,4458.2,4502.7,4458.2,4502.7,5401
2026-03-25 07:35:00,BOS,long,4493.3,4458.2,4550.0,4458.2,4550.0,5401
2026-03-25 08:30:00,BOS,long,4549.8,4541.2,4563.6,4541.2,4563.6,5422
2026-03-25 09:05:00,BOS,long,4562.2,4553.3,4576.7,4553.3,4576.7,5431
2026-03-25 09:30:00,BOS,long,4574.5,4568.1,4584.9,4568.1,4584.9,5434
2026-03-25 09:45:00,BOS,long,4587.6,4582.4,4595.9,4582.4,4595.9,5439
2026-03-25 10:05:00,MSS,short,4592.0,4600.3,4578.7,4600.3,4578.7,5441
2026-03-25 10:40:00,MSS,long,4585.9,4579.9,4595.6,4579.9,4595.6,5449
2026-03-25 11:00:00,MSS,short,4590.1,4601.6,4571.4,4601.6,4571.4,5452
2026-03-25 11:40:00,BOS,short,4573.2,4576.4,4568.0,4576.4,4568.0,5462
2026-03-25 13:15:00,BOS,short,4568.3,4572.0,4562.2,4572.0,4562.2,5480
2026-03-25 14:05:00,BOS,short,4555.5,4566.2,4538.3,4566.2,4538.3,5488
2026-03-25 15:10:00,MSS,long,4547.8,4541.7,4557.6,4541.7,4557.6,5502
2026-03-25 15:35:00,MSS,short,4554.2,4562.1,4541.4,4562.1,4541.4,5508
2026-03-25 16:15:00,MSS,long,4546.6,4535.6,4564.3,4535.6,4564.3,5515
2026-03-25 17:40:00,MSS,short,4558.3,4565.0,4547.5,4565.0,4547.5,5531
2026-03-25 18:30:00,BOS,short,4559.8,4565.0,4551.3,4565.0,4551.3,5531
2026-03-25 18:40:00,BOS,short,4554.5,4557.3,4550.0,4557.3,4550.0,5542
2026-03-25 18:50:00,MSS,long,4554.0,4549.5,4561.3,4549.5,4561.3,5546
2026-03-25 19:00:00,BOS,long,4555.3,4549.5,4564.8,4549.5,4564.8,5546
2026-03-25 19:20:00,BOS,long,4568.5,4560.5,4581.4,4560.5,4581.4,5553
2026-03-25 20:15:00,MSS,short,4574.5,4582.8,4561.2,4582.8,4561.2,5564
2026-03-25 21:00:00,MSS,long,4547.9,4534.4,4569.8,4534.4,4569.8,5572
2026-03-25 21:50:00,MSS,short,4562.2,4576.3,4539.3,4576.3,4539.3,5581
2026-03-25 22:15:00,MSS,long,4542.5,4531.2,4560.9,4531.2,4560.9,5587
2026-03-25 22:25:00,BOS,long,4550.9,4544.4,4561.4,4544.4,4561.4,5591
2026-03-25 23:15:00,MSS,short,4556.7,4577.8,4522.5,4577.8,4522.5,5597
2026-03-26 00:15:00,BOS,short,4556.7,4564.4,4544.3,4564.4,4544.3,5610
2026-03-26 01:05:00,BOS,short,4552.2,4557.5,4543.7,4557.5,4543.7,5621
2026-03-26 01:30:00,MSS,long,4548.6,4540.5,4561.6,4540.5,4561.6,5626
2026-03-26 01:50:00,MSS,short,4555.2,4562.0,4544.2,4562.0,4544.2,5630
2026-03-26 02:45:00,BOS,short,4549.8,4555.6,4540.5,4555.6,4540.5,5641
2026-03-26 03:40:00,MSS,long,4511.7,4503.6,4524.9,4503.6,4524.9,5654
2026-03-26 04:30:00,MSS,short,4526.0,4531.8,4516.7,4531.8,4516.7,5662
2026-03-26 06:00:00,MSS,long,4507.9,4499.2,4521.9,4499.2,4521.9,5669
2026-03-26 06:30:00,BOS,long,4507.6,4501.7,4517.1,4501.7,4517.1,5674
2026-03-26 07:00:00,MSS,short,4519.7,4531.7,4500.2,4531.7,4500.2,5679
2026-03-26 07:35:00,BOS,short,4499.9,4508.3,4486.3,4508.3,4486.3,5689
2026-03-26 08:05:00,MSS,long,4497.3,4484.5,4518.0,4484.5,4518.0,5691
2026-03-26 08:10:00,BOS,long,4500.0,4484.5,4525.0,4484.5,4525.0,5691
2026-03-26 08:45:00,BOS,long,4526.5,4521.5,4534.7,4521.5,4534.7,5702
2026-03-26 09:45:00,MSS,short,4527.8,4533.0,4519.4,4533.0,4519.4,5715
2026-03-26 10:35:00,BOS,short,4519.7,4526.9,4508.0,4526.9,4508.0,5725
2026-03-26 11:30:00,MSS,long,4502.3,4495.7,4513.0,4495.7,4513.0,5735
2026-03-26 12:10:00,BOS,long,4510.7,4507.6,4515.7,4507.6,4515.7,5744
2026-03-26 12:25:00,BOS,long,4514.9,4512.5,4518.8,4512.5,4518.8,5747
2026-03-26 13:05:00,MSS,short,4514.8,4518.9,4508.1,4518.9,4508.1,5755
2026-03-26 13:20:00,BOS,short,4511.0,4518.9,4498.1,4518.9,4498.1,5755
2026-03-26 13:45:00,BOS,short,4481.7,4492.7,4463.9,4492.7,4463.9,5762
2026-03-26 14:25:00,MSS,long,4422.0,4411.8,4438.4,4411.8,4438.4,5770
2026-03-26 16:10:00,MSS,short,4448.2,4455.7,4436.1,4455.7,4436.1,5791
2026-03-26 18:15:00,MSS,long,4421.9,4414.5,4433.8,4414.5,4433.8,5815
2026-03-26 18:35:00,MSS,short,4438.1,4445.4,4426.3,4445.4,4426.3,5820
2026-03-26 19:00:00,MSS,long,4429.7,4419.9,4445.6,4419.9,4445.6,5823
2026-03-26 19:45:00,MSS,short,4438.8,4449.0,4422.3,4449.0,4422.3,5835
2026-03-26 20:05:00,MSS,long,4422.4,4413.2,4437.2,4413.2,4437.2,5839
2026-03-26 20:35:00,BOS,long,4434.4,4429.4,4442.4,4429.4,4442.4,5845
2026-03-26 20:55:00,MSS,short,4436.0,4442.6,4425.4,4442.6,4425.4,5847
2026-03-26 21:20:00,MSS,long,4439.2,4431.7,4451.3,4431.7,4451.3,5854
2026-03-26 21:35:00,MSS,short,4443.5,4451.3,4430.9,4451.3,4430.9,5855
2026-03-26 22:30:00,MSS,long,4457.6,4448.0,4473.1,4448.0,4473.1,5868
2026-03-26 22:50:00,MSS,short,4464.9,4477.0,4445.3,4477.0,4445.3,5871
2026-03-26 23:30:00,BOS,short,4447.5,4455.5,4434.6,4455.5,4434.6,5879
2026-03-27 00:20:00,BOS,short,4418.8,4439.4,4385.4,4439.4,4385.4,5889
2026-03-27 01:05:00,MSS,long,4387.5,4380.7,4398.5,4380.7,4398.5,5899
2026-03-27 01:25:00,MSS,short,4385.3,4393.1,4372.6,4393.1,4372.6,5903
2026-03-27 02:20:00,BOS,short,4378.6,4387.7,4364.0,4387.7,4364.0,5912
2026-03-27 02:40:00,MSS,long,4374.8,4364.0,4392.3,4364.0,4392.3,5915
2026-03-27 03:00:00,MSS,short,4391.2,4394.6,4385.8,4394.6,4385.8,5920
2026-03-27 03:25:00,BOS,short,4383.2,4388.6,4374.4,4388.6,4374.4,5927
2026-03-27 03:50:00,BOS,short,4375.3,4384.8,4360.0,4384.8,4360.0,5930
2026-03-27 04:10:00,MSS,long,4372.4,4348.4,4411.3,4348.4,4411.3,5936
2026-03-27 04:35:00,BOS,long,4374.6,4348.4,4416.9,4348.4,4416.9,5936
2026-03-27 06:35:00,BOS,long,4394.9,4389.0,4404.5,4389.0,4404.5,5952
2026-03-27 07:00:00,MSS,short,4402.9,4407.3,4395.8,4407.3,4395.8,5958
2026-03-27 08:00:00,MSS,long,4396.3,4390.3,4406.0,4390.3,4406.0,5968
2026-03-27 08:20:00,MSS,short,4395.0,4406.0,4377.1,4406.0,4377.1,5971
2026-03-27 09:20:00,MSS,long,4389.9,4385.5,4397.0,4385.5,4397.0,5986
2026-03-27 10:00:00,BOS,long,4414.7,4405.9,4429.0,4405.9,4429.0,5993
2026-03-27 11:00:00,MSS,short,4429.4,4435.4,4419.6,4435.4,4419.6,6004
2026-03-27 11:25:00,MSS,long,4421.3,4415.1,4431.3,4415.1,4431.3,6008
2026-03-27 12:30:00,BOS,long,4429.5,4426.1,4435.0,4426.1,4435.0,6022
2026-03-27 13:30:00,BOS,long,4442.3,4434.8,4454.5,4434.8,4454.5,6036
2026-03-27 14:35:00,BOS,long,4458.0,4455.1,4462.8,4455.1,4462.8,6049
2026-03-27 14:45:00,MSS,short,4459.4,4462.8,4453.8,4462.8,4453.8,6050
2026-03-27 15:00:00,BOS,short,4452.8,4458.5,4443.7,4458.5,4443.7,6054
2026-03-27 15:25:00,BOS,short,4448.9,4451.6,4444.5,4451.6,4444.5,6059
2026-03-27 15:40:00,BOS,short,4446.6,4450.3,4440.7,4450.3,4440.7,6062
2026-03-27 15:50:00,BOS,short,4443.5,4447.4,4437.3,4447.4,4437.3,6064
2026-03-27 16:55:00,BOS,short,4429.1,4435.1,4419.3,4435.1,4419.3,6075
2026-03-27 18:00:00,BOS,short,4425.7,4428.3,4421.6,4428.3,4421.6,6089
2026-03-27 18:35:00,BOS,short,4422.6,4426.9,4415.7,4426.9,4415.7,6096
2026-03-27 19:00:00,BOS,short,4410.0,4413.9,4403.6,4413.9,4403.6,6101
2026-03-27 19:25:00,MSS,long,4403.7,4399.0,4411.3,4399.0,4411.3,6104
2026-03-27 19:40:00,BOS,long,4411.5,4408.4,4416.5,4408.4,4416.5,6110
2026-03-27 19:50:00,BOS,long,4413.0,4408.4,4420.4,4408.4,4420.4,6110
2026-03-27 20:05:00,MSS,short,4415.8,4420.8,4407.6,4420.8,4407.6,6114
2026-03-27 20:15:00,MSS,long,4415.7,4407.6,4428.8,4407.6,4428.8,6116
2026-03-27 20:35:00,BOS,long,4418.8,4411.5,4430.6,4411.5,4430.6,6119
2026-03-27 21:00:00,MSS,short,4434.1,4439.3,4425.6,4439.3,4425.6,6125
2026-03-27 21:25:00,BOS,short,4427.5,4436.4,4413.0,4436.4,4413.0,6131
2026-03-27 22:00:00,MSS,long,4430.4,4416.0,4453.8,4416.0,4453.8,6138
2026-03-27 22:15:00,BOS,long,4450.1,4440.4,4465.9,4440.4,4465.9,6141
2026-03-27 22:45:00,BOS,long,4457.0,4447.3,4472.6,4447.3,4472.6,6145
2026-03-27 23:20:00,BOS,long,4512.8,4488.2,4552.5,4488.2,4552.5,6154
2026-03-27 23:55:00,MSS,short,4527.9,4533.8,4518.4,4533.8,4518.4,6160
2026-03-28 00:30:00,BOS,short,4523.3,4531.3,4510.3,4531.3,4510.3,6167
2026-03-28 01:15:00,BOS,short,4511.6,4521.0,4496.5,4521.0,4496.5,6176
2026-03-28 02:15:00,MSS,long,4493.2,4484.1,4507.8,4484.1,4507.8,6186
2026-03-28 03:00:00,MSS,short,4518.1,4526.2,4505.0,4526.2,4505.0,6194
2026-03-28 03:15:00,MSS,long,4509.7,4503.9,4519.1,4503.9,4519.1,6200
2026-03-28 03:35:00,MSS,short,4517.4,4523.2,4508.0,4523.2,4508.0,6205
2026-03-28 04:45:00,BOS,short,4502.6,4508.4,4493.1,4508.4,4493.1,6219
2026-03-30 07:05:00,BOS,short,4477.4,4487.3,4461.4,4487.3,4461.4,6235
2026-03-30 07:30:00,BOS,short,4466.5,4476.7,4450.0,4476.7,4450.0,6240
2026-03-30 08:00:00,BOS,short,4440.5,4448.2,4428.0,4448.2,4428.0,6245
2026-03-30 08:20:00,MSS,long,4431.2,4414.0,4459.0,4414.0,4459.0,6249
2026-03-30 08:50:00,MSS,short,4448.0,4460.0,4428.5,4460.0,4428.5,6252
2026-03-30 09:00:00,MSS,long,4434.7,4428.2,4445.1,4428.2,4445.1,6258
2026-03-30 09:25:00,MSS,short,4456.4,4462.4,4446.6,4462.4,4446.6,6263
2026-03-30 09:30:00,MSS,long,4453.6,4446.6,4465.0,4446.6,4465.0,6264
2026-03-30 10:20:00,MSS,short,4468.2,4471.0,4463.6,4471.0,4463.6,6274
2026-03-30 10:30:00,BOS,short,4464.3,4468.7,4457.2,4468.7,4457.2,6276
2026-03-30 10:40:00,MSS,long,4470.9,4457.2,4493.1,4457.2,4493.1,6277
2026-03-30 11:55:00,MSS,short,4502.2,4505.0,4497.8,4505.0,4497.8,6292
2026-03-30 12:40:00,BOS,short,4489.8,4492.4,4485.5,4492.4,4485.5,6299
2026-03-30 12:55:00,MSS,long,4488.6,4484.4,4495.3,4484.4,4495.3,6301
2026-03-30 13:45:00,BOS,long,4507.7,4502.0,4516.9,4502.0,4516.9,6311
2026-03-30 14:15:00,BOS,long,4521.8,4515.9,4531.4,4515.9,4531.4,6318
2026-03-30 14:30:00,BOS,long,4527.4,4524.5,4532.0,4524.5,4532.0,6323
2026-03-30 15:00:00,MSS,short,4536.8,4546.0,4522.0,4546.0,4522.0,6327
2026-03-30 15:20:00,BOS,short,4524.8,4526.4,4522.3,4526.4,4522.3,6332
2026-03-30 15:50:00,MSS,long,4517.6,4515.2,4521.6,4515.2,4521.6,6339
2026-03-30 16:00:00,BOS,long,4518.9,4515.2,4525.0,4515.2,4525.0,6339
2026-03-30 16:30:00,BOS,long,4530.5,4528.4,4534.0,4528.4,4534.0,6346
2026-03-30 16:50:00,BOS,long,4532.2,4529.8,4536.0,4529.8,4536.0,6348
2026-03-30 17:10:00,MSS,short,4533.0,4536.2,4527.8,4536.2,4527.8,6351
2026-03-30 17:30:00,BOS,short,4527.4,4531.3,4521.2,4531.3,4521.2,6355
2026-03-30 17:40:00,MSS,long,4525.5,4521.2,4532.5,4521.2,4532.5,6357
2026-03-30 18:10:00,MSS,short,4530.3,4531.4,4528.4,4531.4,4528.4,6362
2026-03-30 18:25:00,BOS,short,4530.1,4531.3,4528.1,4531.3,4528.1,6364
2026-03-30 18:45:00,BOS,short,4529.3,4530.3,4527.6,4530.3,4527.6,6367
2026-03-30 18:55:00,BOS,short,4530.0,4532.6,4525.8,4532.6,4525.8,6370
2026-03-30 19:00:00,BOS,short,4529.7,4532.6,4524.9,4532.6,4524.9,6370
2026-03-30 19:10:00,MSS,long,4529.2,4524.9,4536.2,4524.9,4536.2,6372
2026-03-30 19:40:00,BOS,long,4547.6,4538.7,4562.0,4538.7,4562.0,6379
2026-03-30 20:15:00,BOS,long,4558.2,4554.0,4565.0,4554.0,4565.0,6386
2026-03-30 21:20:00,MSS,short,4569.5,4575.0,4560.5,4575.0,4560.5,6396
2026-03-30 21:30:00,BOS,short,4562.6,4567.0,4555.4,4567.0,4555.4,6399
2026-03-30 22:45:00,MSS,long,4526.1,4518.2,4539.0,4518.2,4539.0,6413
2026-03-30 23:35:00,BOS,long,4535.1,4527.6,4547.3,4527.6,4547.3,6422
2026-03-31 00:00:00,MSS,short,4548.9,4555.5,4538.1,4555.5,4538.1,6427
2026-03-31 00:25:00,BOS,short,4541.5,4545.1,4535.6,4545.1,4535.6,6430
2026-03-31 00:40:00,MSS,long,4537.0,4531.3,4546.2,4531.3,4546.2,6434
2026-03-31 01:15:00,MSS,short,4535.8,4546.2,4519.1,4546.2,4519.1,6436
2026-03-31 03:00:00,BOS,short,4509.0,4517.4,4495.4,4517.4,4495.4,6449
2026-03-31 03:30:00,MSS,long,4498.9,4492.6,4509.2,4492.6,4509.2,6452
2026-03-31 04:00:00,BOS,long,4510.5,4507.8,4514.8,4507.8,4514.8,6454
2026-03-31 04:05:00,MSS,short,4511.9,4514.8,4507.1,4514.8,4507.1,6455
2026-03-31 08:20:00,BOS,short,4502.4,4510.1,4490.0,4510.1,4490.0,6462
2026-03-31 09:40:00,MSS,long,4531.0,4490.0,4597.2,4490.0,4597.2,6464
2026-03-31 22:00:00,BOS,long,4574.1,4550.1,4613.0,4550.1,4613.0,6467
2026-04-01 00:40:00,BOS,long,4625.4,4616.1,4640.4,4616.1,4640.4,6474
2026-04-01 02:10:00,BOS,long,4657.4,4653.5,4663.8,4653.5,4663.8,6480
2026-04-01 08:40:00,BOS,long,4681.5,4667.6,4704.0,4667.6,4704.0,6485
2026-04-01 20:30:00,BOS,long,4709.7,4690.3,4741.1,4690.3,4741.1,6489
2026-04-02 08:15:00,BOS,long,4762.6,4744.4,4792.1,4744.4,4792.1,6495
2026-04-02 14:00:00,MSS,short,4715.2,4792.1,4590.7,4792.1,4590.7,6496
2026-04-02 20:35:00,MSS,long,4614.5,4611.4,4619.6,4611.4,4619.6,6500
2026-04-07 10:05:00,MSS,short,4622.6,4626.3,4616.5,4626.3,4616.5,6507
2026-04-07 19:30:00,MSS,long,4628.8,4616.5,4648.8,4616.5,4648.8,6508
2026-04-07 22:05:00,MSS,short,4632.5,4648.8,4606.0,4648.8,4606.0,6509
2026-04-07 23:55:00,MSS,long,4642.3,4635.0,4654.2,4635.0,4654.2,6516
2026-04-08 02:40:00,BOS,long,4662.9,4654.2,4677.0,4654.2,4677.0,6520
2026-04-13 10:55:00,MSS,short,4751.5,4771.5,4719.2,4771.5,4719.2,6539
2026-04-13 23:00:00,BOS,short,4712.7,4717.2,4705.4,4717.2,4705.4,6543
2026-04-13 23:20:00,BOS,short,4705.5,4707.6,4702.1,4707.6,4702.1,6547
2026-04-13 23:35:00,MSS,long,4705.7,4702.1,4711.4,4702.1,4711.4,6548
2026-04-14 09:45:00,BOS,long,4764.4,4762.8,4767.1,4762.8,4767.1,6553
2026-04-16 11:30:00,BOS,long,4815.5,4810.2,4824.0,4810.2,4824.0,6562
2026-04-17 04:50:00,MSS,short,4809.9,4824.0,4787.0,4824.0,4787.0,6563
2026-04-22 01:00:00,BOS,short,4756.0,4784.3,4710.2,4784.3,4710.2,6569
2026-04-23 11:00:00,BOS,short,4735.6,4761.7,4693.3,4761.7,4693.3,6572
2026-04-24 11:55:00,BOS,short,4704.4,4726.9,4668.0,4726.9,4668.0,6576
2026-04-24 22:05:00,MSS,long,4689.8,4665.9,4728.5,4665.9,4728.5,6578
2026-04-29 08:00:00,MSS,short,4651.1,4677.3,4608.8,4677.3,4608.8,6584
2026-04-29 08:50:00,BOS,short,4615.2,4618.7,4609.5,4618.7,4609.5,6593
2026-04-29 09:00:00,BOS,short,4607.2,4615.5,4593.7,4615.5,4593.7,6596
2026-04-29 09:40:00,MSS,long,4597.3,4592.4,4605.3,4592.4,4605.3,6603
2026-04-29 10:00:00,BOS,long,4599.6,4593.8,4609.0,4593.8,4609.0,6607
2026-04-29 10:35:00,MSS,short,4614.0,4616.9,4609.2,4616.9,4609.2,6614
2026-04-29 10:50:00,BOS,short,4611.5,4614.8,4606.2,4614.8,4606.2,6618
2026-04-29 11:10:00,MSS,long,4609.6,4605.4,4616.4,4605.4,4616.4,6620
2026-04-29 12:50:00,BOS,long,4613.4,4610.4,4618.3,4610.4,4618.3,6638
2026-04-29 13:10:00,MSS,short,4618.4,4621.3,4613.8,4621.3,4613.8,6645
2026-04-29 13:30:00,BOS,short,4616.3,4621.3,4608.2,4621.3,4608.2,6645
2026-04-29 13:55:00,BOS,short,4612.0,4616.9,4604.2,4616.9,4604.2,6655
2026-04-29 14:10:00,BOS,short,4608.2,4612.5,4601.3,4612.5,4601.3,6657
2026-04-29 15:00:00,MSS,long,4598.1,4594.9,4603.3,4594.9,4603.3,6667
2026-04-29 15:05:00,MSS,short,4599.4,4603.3,4593.2,4603.3,4593.2,6669
2026-04-29 15:55:00,BOS,short,4588.1,4592.8,4580.6,4592.8,4580.6,6675
2026-04-29 16:10:00,BOS,short,4583.3,4586.8,4577.6,4586.8,4577.6,6681
2026-04-29 16:30:00,BOS,short,4581.2,4584.9,4575.1,4584.9,4575.1,6686
2026-04-29 16:50:00,MSS,long,4577.4,4570.5,4588.5,4570.5,4588.5,6688
2026-04-29 17:15:00,BOS,long,4588.0,4584.5,4593.6,4584.5,4593.6,6695
2026-04-29 17:25:00,MSS,short,4588.3,4594.1,4578.8,4594.1,4578.8,6697
2026-04-29 17:40:00,BOS,short,4578.6,4582.8,4571.9,4582.8,4571.9,6700
2026-04-29 18:15:00,MSS,long,4572.7,4564.1,4586.5,4564.1,4586.5,6704
2026-04-29 19:50:00,MSS,short,4580.3,4585.1,4572.5,4585.1,4572.5,6724
2026-04-29 20:25:00,BOS,short,4578.4,4582.2,4572.2,4582.2,4572.2,6732
2026-04-29 20:50:00,BOS,short,4567.0,4573.0,4557.3,4573.0,4557.3,6738
2026-04-29 21:20:00,BOS,short,4557.8,4564.5,4547.0,4564.5,4547.0,6744
2026-04-29 22:15:00,MSS,long,4536.7,4530.0,4547.5,4530.0,4547.5,6754
2026-04-29 22:30:00,BOS,long,4547.6,4543.2,4554.7,4543.2,4554.7,6758
2026-04-29 23:35:00,BOS,long,4557.7,4552.7,4565.8,4552.7,4565.8,6771
2026-04-30 00:00:00,BOS,long,4563.5,4554.8,4577.5,4554.8,4577.5,6775
2026-04-30 00:30:00,MSS,short,4572.1,4577.6,4563.1,4577.6,4563.1,6782
2026-04-30 01:20:00,MSS,long,4564.4,4561.8,4568.5,4561.8,4568.5,6792
2026-04-30 01:25:00,MSS,short,4565.1,4568.5,4559.7,4568.5,4559.7,6793
2026-04-30 02:00:00,BOS,short,4555.7,4561.8,4545.9,4561.8,4545.9,6799
2026-04-30 02:30:00,BOS,short,4546.6,4554.0,4534.5,4554.0,4534.5,6804
2026-04-30 03:10:00,MSS,long,4553.5,4547.3,4563.4,4547.3,4563.4,6814
2026-04-30 04:05:00,BOS,long,4560.7,4556.5,4567.5,4556.5,4567.5,6825
2026-04-30 04:45:00,MSS,short,4558.6,4560.5,4555.5,4560.5,4555.5,6832
2026-04-30 06:00:00,BOS,short,4555.4,4558.1,4551.0,4558.1,4551.0,6836
2026-04-30 06:10:00,MSS,long,4554.7,4551.0,4560.6,4551.0,4560.6,6837
2026-04-30 07:00:00,BOS,long,4563.3,4561.5,4566.1,4561.5,4566.1,6848
2026-04-30 07:35:00,BOS,long,4563.9,4562.1,4566.9,4562.1,4566.9,6850
2026-04-30 08:40:00,BOS,long,4576.2,4574.3,4579.2,4574.3,4579.2,6868
2026-04-30 09:25:00,BOS,long,4583.3,4577.5,4592.8,4577.5,4592.8,6877
2026-04-30 09:50:00,BOS,long,4588.8,4585.4,4594.4,4585.4,4594.4,6882
2026-04-30 10:25:00,MSS,short,4589.0,4592.6,4583.1,4592.6,4583.1,6888
2026-04-30 11:35:00,BOS,short,4574.8,4578.5,4568.9,4578.5,4568.9,6902
2026-04-30 11:50:00,BOS,short,4571.1,4573.4,4567.3,4573.4,4567.3,6905
2026-04-30 12:20:00,BOS,short,4565.3,4568.3,4560.5,4568.3,4560.5,6912
2026-04-30 13:05:00,MSS,long,4557.6,4553.0,4565.0,4553.0,4565.0,6920
2026-04-30 14:20:00,BOS,long,4575.6,4571.2,4582.7,4571.2,4582.7,6933
2026-04-30 14:50:00,BOS,long,4588.5,4583.7,4596.3,4583.7,4596.3,6941
2026-04-30 15:40:00,BOS,long,4603.6,4599.7,4609.9,4599.7,4609.9,6952
2026-04-30 17:05:00,BOS,long,4629.0,4627.1,4632.2,4627.1,4632.2,6969
2026-04-30 17:25:00,BOS,long,4631.9,4627.5,4639.0,4627.5,4639.0,6973
2026-04-30 18:20:00,BOS,long,4640.2,4635.4,4648.0,4635.4,4648.0,6982
2026-04-30 19:00:00,BOS,long,4649.1,4645.3,4655.3,4645.3,4655.3,6992
2026-04-30 19:30:00,MSS,short,4650.3,4656.0,4641.2,4656.0,4641.2,6997
2026-04-30 20:00:00,MSS,long,4644.3,4641.0,4649.7,4641.0,4649.7,7003
2026-04-30 20:30:00,MSS,short,4644.5,4650.5,4634.9,4650.5,4634.9,7009
2026-04-30 20:55:00,MSS,long,4643.2,4637.3,4652.7,4637.3,4652.7,7014
2026-04-30 21:25:00,MSS,short,4654.0,4659.1,4645.7,4659.1,4645.7,7020
2026-04-30 22:35:00,BOS,short,4632.7,4638.9,4622.8,4638.9,4622.8,7033
2026-04-30 23:00:00,BOS,short,4633.3,4636.5,4628.1,4636.5,4628.1,7039
2026-04-30 23:05:00,MSS,long,4631.4,4628.1,4636.7,4628.1,4636.7,7041
2026-04-30 23:35:00,MSS,short,4634.1,4638.0,4627.8,4638.0,4627.8,7047
2026-05-01 00:15:00,BOS,short,4625.4,4630.1,4617.8,4630.1,4617.8,7054
2026-05-01 00:55:00,BOS,short,4626.2,4630.8,4618.7,4630.8,4618.7,7063
2026-05-01 02:00:00,MSS,long,4631.7,4628.0,4637.7,4628.0,4637.7,7075
2026-05-01 03:00:00,BOS,long,4634.6,4631.6,4639.5,4631.6,4639.5,7085
2026-05-01 03:25:00,MSS,short,4636.5,4640.8,4629.5,4640.8,4629.5,7090
2026-05-01 04:50:00,MSS,long,4631.3,4629.5,4634.2,4629.5,4634.2,7109
2026-05-01 06:30:00,MSS,short,4642.6,4644.0,4640.4,4644.0,4640.4,7118
2026-05-01 06:40:00,MSS,long,4641.4,4639.2,4645.0,4639.2,4645.0,7120
2026-05-01 07:30:00,BOS,long,4643.1,4641.1,4646.4,4641.1,4646.4,7127
2026-05-01 07:55:00,MSS,short,4643.6,4646.8,4638.3,4646.8,4638.3,7132
2026-05-01 08:10:00,BOS,short,4639.5,4643.6,4632.8,4643.6,4632.8,7138
2026-05-01 09:00:00,BOS,short,4634.4,4637.9,4628.7,4637.9,4628.7,7148
2026-05-01 10:00:00,MSS,long,4633.1,4630.5,4637.4,4630.5,4637.4,7160
2026-05-01 10:35:00,MSS,short,4641.6,4643.1,4639.3,4643.1,4639.3,7167
2026-05-01 12:00:00,BOS,short,4638.0,4639.8,4635.0,4639.8,4635.0,7183
2026-05-01 13:00:00,BOS,short,4621.5,4623.2,4618.7,4623.2,4618.7,7196
2026-05-01 13:05:00,MSS,long,4621.3,4618.7,4625.5,4618.7,4625.5,7197
2026-05-01 13:35:00,MSS,short,4624.9,4627.7,4620.5,4627.7,4620.5,7202
2026-05-01 15:30:00,BOS,short,4604.2,4609.9,4595.1,4609.9,4595.1,7224
2026-05-01 16:10:00,BOS,short,4590.3,4594.1,4584.2,4594.1,4584.2,7234
2026-05-01 17:00:00,BOS,short,4581.0,4584.4,4575.4,4584.4,4575.4,7242
2026-05-01 17:35:00,MSS,long,4580.6,4578.3,4584.3,4578.3,4584.3,7251
2026-05-01 17:50:00,MSS,short,4579.1,4584.3,4570.7,4584.3,4570.7,7252
2026-05-01 18:55:00,BOS,short,4580.7,4583.2,4576.6,4583.2,4576.6,7266
2026-05-01 19:15:00,MSS,long,4576.9,4573.3,4582.7,4573.3,4582.7,7271
2026-05-01 19:50:00,BOS,long,4586.0,4583.9,4589.3,4583.9,4589.3,7278
2026-05-01 20:10:00,BOS,long,4592.1,4586.1,4601.9,4586.1,4601.9,7281
2026-05-01 21:30:00,BOS,long,4603.0,4597.1,4612.6,4597.1,4612.6,7298
2026-05-01 21:50:00,BOS,long,4618.2,4609.5,4632.3,4609.5,4632.3,7302
2026-05-01 23:00:00,MSS,short,4642.9,4647.1,4636.2,4647.1,4636.2,7316
2026-05-01 23:10:00,MSS,long,4637.0,4630.4,4647.7,4630.4,4647.7,7318
2026-05-01 23:40:00,BOS,long,4650.0,4646.4,4655.8,4646.4,4655.8,7324
2026-05-02 00:05:00,MSS,short,4655.9,4659.4,4650.2,4659.4,4650.2,7326
2026-05-02 00:15:00,MSS,long,4653.9,4649.1,4661.6,4649.1,4661.6,7331
2026-05-02 00:30:00,MSS,short,4655.6,4661.6,4646.0,4661.6,4646.0,7332
2026-05-02 01:20:00,BOS,short,4649.6,4651.9,4646.0,4651.9,4646.0,7344
2026-05-02 01:45:00,BOS,short,4647.0,4651.9,4639.1,4651.9,4639.1,7344
2026-05-02 02:00:00,BOS,short,4642.6,4647.1,4635.4,4647.1,4635.4,7351
2026-05-02 03:00:00,BOS,short,4635.5,4637.9,4631.5,4637.9,4631.5,7363
2026-05-02 03:10:00,MSS,long,4634.2,4631.5,4638.5,4631.5,4638.5,7365
2026-05-02 03:25:00,MSS,short,4638.1,4639.4,4635.9,4639.4,4635.9,7368
2026-05-02 03:50:00,BOS,short,4632.5,4639.6,4621.0,4639.6,4621.0,7370
2026-05-02 04:25:00,MSS,long,4624.2,4621.8,4628.2,4621.8,4628.2,7381
2026-05-04 06:00:00,BOS,long,4633.8,4621.9,4653.0,4621.9,4653.0,7384
2026-05-04 08:00:00,MSS,short,4623.7,4628.6,4615.8,4628.6,4615.8,7412
2026-05-04 08:20:00,BOS,short,4622.6,4628.4,4613.2,4628.4,4613.2,7414
2026-05-04 08:55:00,MSS,long,4619.5,4616.0,4625.2,4616.0,4625.2,7422
2026-05-04 09:00:00,MSS,short,4619.8,4625.2,4611.0,4625.2,4611.0,7424
2026-05-04 09:25:00,BOS,short,4611.8,4615.8,4605.2,4615.8,4605.2,7428
2026-05-04 09:50:00,MSS,long,4609.0,4603.6,4617.8,4603.6,4617.8,7431
2026-05-04 11:35:00,MSS,short,4618.6,4622.6,4612.1,4622.6,4612.1,7455
2026-05-04 11:50:00,MSS,long,4615.6,4609.4,4625.7,4609.4,4625.7,7457
2026-05-04 12:55:00,MSS,short,4619.3,4621.6,4615.7,4621.6,4615.7,7471
2026-05-04 13:15:00,MSS,long,4617.1,4612.7,4624.3,4612.7,4624.3,7475
2026-05-04 13:25:00,MSS,short,4617.3,4624.3,4606.1,4624.3,4606.1,7476
2026-05-04 14:00:00,BOS,short,4608.9,4613.1,4602.2,4613.1,4602.2,7484
2026-05-04 14:35:00,BOS,short,4602.5,4607.0,4595.3,4607.0,4595.3,7491
2026-05-04 15:50:00,BOS,short,4598.3,4602.1,4592.1,4602.1,4592.1,7506
2026-05-04 16:35:00,MSS,long,4586.8,4584.6,4590.3,4584.6,4590.3,7515
2026-05-04 16:55:00,MSS,short,4589.2,4590.8,4586.7,4590.8,4586.7,7519
2026-05-04 17:00:00,MSS,long,4588.7,4586.7,4592.0,4586.7,4592.0,7520
2026-05-04 17:10:00,BOS,long,4590.0,4586.7,4595.3,4586.7,4595.3,7520
2026-05-04 17:50:00,MSS,short,4593.0,4595.6,4588.7,4595.6,4588.7,7528
2026-05-04 19:30:00,BOS,short,4575.8,4581.0,4567.5,4581.0,4567.5,7548
2026-05-04 20:15:00,MSS,long,4572.2,4563.6,4586.2,4563.6,4586.2,7554
2026-05-04 20:50:00,BOS,long,4580.9,4577.0,4587.1,4577.0,4587.1,7566
2026-05-04 21:00:00,MSS,short,4579.8,4587.1,4568.0,4587.1,4568.0,7567
2026-05-04 22:05:00,BOS,short,4572.4,4577.4,4564.4,4577.4,4564.4,7580
2026-05-04 22:15:00,MSS,long,4572.3,4564.4,4585.2,4564.4,4585.2,7582
2026-05-04 22:55:00,MSS,short,4585.6,4594.7,4570.8,4594.7,4570.8,7589
2026-05-05 00:05:00,BOS,short,4538.6,4553.8,4513.9,4553.8,4513.9,7600
2026-05-05 01:15:00,MSS,long,4526.6,4517.3,4541.7,4517.3,4541.7,7615
2026-05-05 02:05:00,MSS,short,4532.9,4535.6,4528.5,4535.6,4528.5,7629
2026-05-05 02:55:00,MSS,long,4522.8,4520.4,4526.6,4520.4,4526.6,7637
2026-05-05 03:05:00,BOS,long,4525.6,4520.8,4533.3,4520.8,4533.3,7641
2026-05-05 04:40:00,BOS,long,4524.3,4521.6,4528.7,4521.6,4528.7,7657
2026-05-05 06:40:00,MSS,short,4530.3,4531.7,4528.1,4531.7,4528.1,7671
2026-05-05 07:40:00,BOS,short,4529.7,4531.2,4527.4,4531.2,4527.4,7682
2026-05-05 08:00:00,MSS,long,4528.7,4525.8,4533.5,4525.8,4533.5,7687
2026-05-05 08:25:00,MSS,short,4532.1,4538.0,4522.6,4538.0,4522.6,7691
2026-05-05 08:50:00,MSS,long,4529.2,4522.6,4539.8,4522.6,4539.8,7694
2026-05-05 09:00:00,BOS,long,4530.8,4522.6,4544.1,4522.6,4544.1,7694
2026-05-05 09:55:00,BOS,long,4546.1,4543.3,4550.7,4543.3,4550.7,7707
2026-05-05 10:15:00,MSS,short,4547.6,4549.6,4544.4,4549.6,4544.4,7715
2026-05-05 10:25:00,MSS,long,4546.8,4544.0,4551.2,4544.0,4551.2,7717
2026-05-05 11:20:00,MSS,short,4549.9,4551.8,4546.7,4551.8,4546.7,7728
2026-05-05 13:05:00,MSS,long,4545.6,4539.9,4554.7,4539.9,4554.7,7749
2026-05-05 13:30:00,BOS,long,4549.3,4544.8,4556.6,4544.8,4556.6,7752
2026-05-05 14:15:00,MSS,short,4556.5,4561.5,4548.3,4561.5,4548.3,7761
2026-05-05 15:00:00,MSS,long,4559.5,4556.8,4563.8,4556.8,4563.8,7772
2026-05-05 15:15:00,BOS,long,4562.2,4560.3,4565.4,4560.3,4565.4,7775
2026-05-05 15:25:00,MSS,short,4562.6,4565.5,4558.0,4565.5,4558.0,7777
2026-05-05 15:45:00,BOS,short,4563.4,4568.3,4555.4,4568.3,4555.4,7780
2026-05-05 16:20:00,MSS,long,4559.0,4556.2,4563.6,4556.2,4563.6,7787
2026-05-05 16:50:00,BOS,long,4561.6,4557.7,4568.0,4557.7,4568.0,7794
2026-05-05 17:25:00,MSS,short,4567.4,4570.5,4562.4,4570.5,4562.4,7798
2026-05-05 18:05:00,BOS,short,4565.3,4567.2,4562.2,4567.2,4562.2,7809
2026-05-05 18:25:00,BOS,short,4562.0,4565.3,4556.7,4565.3,4556.7,7812
2026-05-05 18:40:00,BOS,short,4560.6,4564.5,4554.3,4564.5,4554.3,7815
2026-05-05 19:05:00,MSS,long,4554.1,4550.1,4560.6,4550.1,4560.6,7821
2026-05-05 19:40:00,BOS,long,4559.7,4550.1,4575.2,4550.1,4575.2,7821
2026-05-05 20:00:00,MSS,short,4569.7,4573.0,4564.3,4573.0,4564.3,7832
2026-05-05 20:10:00,MSS,long,4569.3,4564.3,4577.3,4564.3,4577.3,7833
2026-05-05 21:05:00,BOS,long,4579.5,4572.1,4591.4,4572.1,4591.4,7843
2026-05-05 21:35:00,MSS,short,4588.8,4592.4,4583.0,4592.4,4583.0,7851
2026-05-05 22:05:00,MSS,long,4589.6,4586.2,4595.1,4586.2,4595.1,7857
2026-05-05 22:10:00,MSS,short,4589.6,4595.1,4580.7,4595.1,4580.7,7858
2026-05-05 23:00:00,MSS,long,4589.6,4586.3,4594.9,4586.3,4594.9,7867
2026-05-05 23:40:00,MSS,short,4588.7,4592.1,4583.2,4592.1,4583.2,7875
2026-05-06 01:05:00,BOS,short,4570.1,4573.8,4564.0,4573.8,4564.0,7892
2026-05-06 01:45:00,MSS,long,4568.6,4565.9,4572.9,4565.9,4572.9,7899
2026-05-06 02:10:00,BOS,long,4571.2,4568.4,4575.6,4568.4,4575.6,7903
2026-05-06 03:00:00,MSS,short,4573.4,4576.2,4568.8,4576.2,4568.8,7914
2026-05-06 03:45:00,MSS,long,4567.5,4566.2,4569.7,4566.2,4569.7,7924
2026-05-06 03:50:00,MSS,short,4567.8,4569.7,4564.6,4569.7,4564.6,7926
2026-05-06 04:25:00,MSS,long,4567.9,4566.0,4571.0,4566.0,4571.0,7933
2026-05-06 06:00:00,MSS,short,4565.3,4568.4,4560.2,4568.4,4560.2,7940
2026-05-06 06:50:00,MSS,long,4561.1,4556.3,4568.8,4556.3,4568.8,7950
2026-05-06 08:00:00,BOS,long,4604.0,4601.0,4608.9,4601.0,4608.9,7964
2026-05-06 08:20:00,BOS,long,4604.3,4598.3,4613.9,4598.3,4613.9,7968
2026-05-06 08:50:00,BOS,long,4619.8,4618.0,4622.6,4618.0,4622.6,7973
2026-05-06 09:20:00,BOS,long,4625.9,4620.3,4635.0,4620.3,4635.0,7979
2026-05-06 09:45:00,BOS,long,4634.3,4631.1,4639.5,4631.1,4639.5,7984
2026-05-06 10:45:00,BOS,long,4643.4,4640.2,4648.6,4640.2,4648.6,7997
2026-05-06 11:05:00,BOS,long,4651.0,4648.2,4655.5,4648.2,4655.5,8001
2026-05-06 11:35:00,BOS,long,4656.0,4652.2,4662.2,4652.2,4662.2,8007
2026-05-06 12:05:00,BOS,long,4654.7,4652.7,4658.0,4652.7,4658.0,8012
2026-05-06 12:25:00,BOS,long,4659.1,4655.9,4664.2,4655.9,4664.2,8017
2026-05-06 13:30:00,MSS,short,4661.9,4666.3,4654.9,4666.3,4654.9,8030
2026-05-06 13:55:00,MSS,long,4662.5,4654.9,4674.8,4654.9,4674.8,8031
2026-05-06 14:25:00,BOS,long,4671.8,4668.3,4677.5,4668.3,4677.5,8041
2026-05-06 15:10:00,MSS,short,4676.9,4681.5,4669.4,4681.5,4669.4,8049
2026-05-06 15:40:00,MSS,long,4676.3,4673.2,4681.3,4673.2,4681.3,8056
2026-05-06 16:30:00,MSS,short,4689.7,4691.4,4686.9,4691.4,4686.9,8066
2026-05-06 16:50:00,MSS,long,4694.9,4682.8,4714.5,4682.8,4714.5,8068
2026-05-06 17:30:00,BOS,long,4707.3,4702.4,4715.1,4702.4,4715.1,8077
2026-05-06 18:30:00,BOS,long,4713.6,4707.1,4724.1,4707.1,4724.1,8088
2026-05-06 18:50:00,BOS,long,4724.8,4718.8,4734.6,4718.8,4734.6,8094
2026-05-06 19:20:00,MSS,short,4728.1,4732.9,4720.3,4732.9,4720.3,8098
2026-05-06 19:25:00,BOS,short,4726.7,4732.9,4716.8,4732.9,4716.8,8098
2026-05-06 19:30:00,MSS,long,4720.7,4716.8,4727.0,4716.8,4727.0,8102
2026-05-06 19:40:00,MSS,short,4719.6,4727.0,4707.7,4727.0,4707.7,8103
2026-05-06 21:05:00,BOS,short,4694.3,4703.5,4679.3,4703.5,4679.3,8121
2026-05-06 21:30:00,MSS,long,4697.5,4689.9,4709.9,4689.9,4709.9,8125
2026-05-06 21:45:00,BOS,long,4707.4,4704.1,4712.8,4704.1,4712.8,8129
2026-05-06 22:10:00,BOS,long,4714.7,4708.4,4725.0,4708.4,4725.0,8134
2026-05-06 22:50:00,MSS,short,4720.7,4726.1,4712.0,4726.1,4712.0,8141
2026-05-06 23:05:00,BOS,short,4714.8,4718.7,4708.5,4718.7,4708.5,8144
2026-05-06 23:35:00,BOS,short,4710.1,4715.0,4702.3,4715.0,4702.3,8149
2026-05-06 23:55:00,BOS,short,4703.7,4706.6,4699.1,4706.6,4699.1,8154
2026-05-07 00:05:00,BOS,short,4701.3,4706.6,4692.7,4706.6,4692.7,8154
2026-05-07 01:35:00,BOS,short,4693.4,4695.5,4689.9,4695.5,4689.9,8174
2026-05-07 01:55:00,MSS,long,4692.8,4691.0,4695.7,4691.0,4695.7,8179
2026-05-07 02:05:00,BOS,long,4693.1,4691.0,4696.4,4691.0,4696.4,8179
2026-05-07 02:40:00,MSS,short,4699.1,4701.1,4695.9,4701.1,4695.9,8188
2026-05-07 03:00:00,MSS,long,4698.9,4695.7,4704.0,4695.7,4704.0,8191
2026-05-07 03:55:00,MSS,short,4706.5,4709.1,4702.2,4709.1,4702.2,8203
2026-05-07 04:10:00,MSS,long,4705.3,4702.2,4710.4,4702.2,4710.4,8204
2026-05-07 04:30:00,MSS,short,4706.7,4710.4,4700.8,4710.4,4700.8,8207
2026-05-07 06:05:00,MSS,long,4699.0,4695.6,4704.4,4695.6,4704.4,8214
2026-05-07 07:20:00,MSS,short,4704.9,4707.0,4701.6,4707.0,4701.6,8232
2026-05-07 07:55:00,MSS,long,4702.6,4699.1,4708.3,4699.1,4708.3,8234
2026-05-07 08:40:00,MSS,short,4704.3,4710.5,4694.2,4710.5,4694.2,8245
2026-05-07 09:00:00,MSS,long,4697.6,4694.2,4703.0,4694.2,4703.0,8252
2026-05-07 09:45:00,BOS,long,4718.0,4711.1,4729.2,4711.1,4729.2,8259
2026-05-07 10:05:00,MSS,short,4725.3,4727.6,4721.7,4727.6,4721.7,8265
2026-05-07 10:25:00,BOS,short,4721.0,4727.6,4710.2,4727.6,4710.2,8265
2026-05-07 11:25:00,BOS,short,4715.6,4717.4,4712.8,4717.4,4712.8,8281
2026-05-07 11:55:00,BOS,short,4711.3,4713.7,4707.4,4713.7,4707.4,8287
2026-05-07 12:10:00,BOS,short,4707.8,4709.5,4705.0,4709.5,4705.0,8290
2026-05-07 12:30:00,BOS,short,4705.0,4707.0,4701.8,4707.0,4701.8,8293
2026-05-07 13:00:00,MSS,long,4705.4,4702.5,4710.0,4702.5,4710.0,8299
2026-05-07 13:30:00,BOS,long,4707.5,4703.0,4714.7,4703.0,4714.7,8305
2026-05-07 13:55:00,MSS,short,4712.9,4715.3,4709.0,4715.3,4709.0,8311
2026-05-07 14:05:00,MSS,long,4712.0,4709.0,4716.8,4709.0,4716.8,8312
2026-05-07 14:20:00,BOS,long,4718.3,4715.6,4722.6,4715.6,4722.6,8316
2026-05-07 15:00:00,MSS,short,4752.2,4759.2,4740.8,4759.2,4740.8,8321
2026-05-07 16:00:00,MSS,long,4752.3,4746.6,4761.6,4746.6,4761.6,8334
2026-05-07 16:15:00,MSS,short,4756.7,4763.6,4745.5,4763.6,4745.5,8338
2026-05-07 16:40:00,BOS,short,4749.3,4752.4,4744.4,4752.4,4744.4,8342
2026-05-07 16:55:00,BOS,short,4744.8,4747.1,4741.1,4747.1,4741.1,8347
2026-05-07 17:20:00,MSS,long,4743.9,4741.3,4748.2,4741.3,4748.2,8352
2026-05-07 17:55:00,MSS,short,4744.0,4749.3,4735.3,4749.3,4735.3,8357
2026-05-07 18:35:00,MSS,long,4741.4,4737.3,4748.0,4737.3,4748.0,8367
2026-05-07 19:55:00,BOS,long,4746.8,4743.1,4752.8,4743.1,4752.8,8383
2026-05-07 20:30:00,BOS,long,4748.4,4741.9,4759.0,4741.9,4759.0,8390
2026-05-07 21:00:00,MSS,short,4756.9,4762.7,4747.5,4762.7,4747.5,8394
2026-05-07 21:30:00,MSS,long,4751.3,4740.7,4768.4,4740.7,4768.4,8399
2026-05-07 22:10:00,BOS,long,4757.0,4752.5,4764.3,4752.5,4764.3,8409
2026-05-07 22:20:00,BOS,long,4757.6,4751.0,4768.2,4751.0,4768.2,8412
2026-05-07 22:50:00,BOS,long,4763.4,4757.7,4772.5,4757.7,4772.5,8415
2026-05-07 23:10:00,MSS,short,4771.2,4775.3,4764.6,4775.3,4764.6,8421
2026-05-07 23:20:00,BOS,short,4765.5,4771.6,4755.7,4771.6,4755.7,8423
2026-05-08 00:50:00,MSS,long,4723.0,4720.3,4727.4,4720.3,4727.4,8441
2026-05-08 01:15:00,MSS,short,4724.1,4729.5,4715.4,4729.5,4715.4,8446
2026-05-08 01:25:00,BOS,short,4715.3,4726.7,4696.9,4726.7,4696.9,8449
2026-05-08 01:55:00,MSS,long,4713.0,4707.5,4721.8,4707.5,4721.8,8455
2026-05-08 02:25:00,BOS,long,4718.6,4715.9,4722.9,4715.9,4722.9,8461
2026-05-08 02:45:00,MSS,short,4719.0,4725.8,4707.9,4725.8,4707.9,8464
2026-05-08 03:55:00,BOS,short,4717.4,4720.4,4712.5,4720.4,4712.5,8479
2026-05-08 04:00:00,MSS,long,4718.9,4712.5,4729.2,4712.5,4729.2,8480
2026-05-08 04:35:00,MSS,short,4719.0,4725.9,4707.8,4725.9,4707.8,8487
2026-05-08 06:45:00,BOS,short,4697.0,4700.4,4691.4,4700.4,4691.4,8501
2026-05-08 07:10:00,MSS,long,4697.2,4693.2,4703.6,4693.2,4703.6,8505
2026-05-08 07:35:00,BOS,long,4705.4,4703.7,4708.2,4703.7,4708.2,8511
2026-05-08 08:05:00,BOS,long,4713.0,4710.0,4717.8,4710.0,4717.8,8517
2026-05-08 08:15:00,MSS,short,4712.6,4718.7,4702.7,4718.7,4702.7,8519
2026-05-08 09:00:00,MSS,long,4712.6,4705.5,4724.1,4705.5,4724.1,8528
2026-05-08 09:35:00,MSS,short,4722.1,4727.5,4713.4,4727.5,4713.4,8533
2026-05-08 09:45:00,MSS,long,4719.3,4713.4,4728.9,4713.4,4728.9,8536
2026-05-08 10:00:00,BOS,long,4724.0,4713.4,4741.1,4713.4,4741.1,8536
2026-05-08 11:05:00,BOS,long,4722.4,4719.2,4727.5,4719.2,4727.5,8553
2026-05-08 11:30:00,BOS,long,4730.6,4725.4,4739.1,4725.4,4739.1,8557
2026-05-08 12:10:00,MSS,short,4728.8,4732.1,4723.5,4732.1,4723.5,8565
2026-05-08 12:40:00,BOS,short,4723.1,4727.0,4716.9,4727.0,4716.9,8570
2026-05-08 13:25:00,MSS,long,4722.8,4719.1,4728.8,4719.1,4728.8,8580
2026-05-08 14:25:00,BOS,long,4735.3,4730.1,4743.6,4730.1,4743.6,8592
2026-05-08 14:45:00,MSS,short,4736.5,4740.9,4729.4,4740.9,4729.4,8597
2026-05-08 15:45:00,MSS,long,4718.1,4715.7,4722.0,4715.7,4722.0,8609
2026-05-08 16:15:00,BOS,long,4719.0,4715.6,4724.6,4715.6,4724.6,8614
2026-05-08 17:30:00,MSS,short,4727.4,4732.4,4719.2,4732.4,4719.2,8629
2026-05-08 18:35:00,MSS,long,4732.9,4729.9,4737.7,4729.9,4737.7,8643
2026-05-08 18:45:00,MSS,short,4734.3,4737.7,4728.7,4737.7,4728.7,8644
2026-05-08 19:40:00,BOS,short,4733.9,4735.9,4730.6,4735.9,4730.6,8656
2026-05-08 20:05:00,BOS,short,4725.4,4729.9,4718.0,4729.9,4718.0,8660
2026-05-08 20:30:00,MSS,long,4720.5,4712.1,4734.2,4712.1,4734.2,8664
2026-05-08 21:30:00,BOS,long,4736.7,4725.8,4754.4,4725.8,4754.4,8675
2026-05-08 22:05:00,MSS,short,4750.6,4760.1,4735.2,4760.1,4735.2,8685
2026-05-08 22:25:00,BOS,short,4736.2,4743.7,4724.1,4743.7,4724.1,8688
2026-05-08 23:10:00,BOS,short,4725.1,4730.8,4715.8,4730.8,4715.8,8698
2026-05-09 00:10:00,MSS,long,4716.9,4713.7,4722.0,4713.7,4722.0,8708
2026-05-09 01:15:00,BOS,long,4725.2,4722.6,4729.5,4722.6,4729.5,8723
2026-05-09 01:50:00,BOS,long,4729.8,4728.8,4731.4,4728.8,4731.4,8730
2026-05-09 02:40:00,MSS,short,4736.6,4738.5,4733.5,4738.5,4733.5,8736
2026-05-09 03:30:00,BOS,short,4733.6,4734.9,4731.4,4734.9,4731.4,8750
2026-05-09 04:10:00,BOS,short,4732.7,4736.4,4726.7,4736.4,4726.7,8753
2026-05-11 07:00:00,MSS,long,4699.1,4695.1,4705.6,4695.1,4705.6,8777
2026-05-11 07:35:00,BOS,long,4704.4,4702.7,4707.2,4702.7,4707.2,8786
2026-05-11 07:55:00,MSS,short,4703.8,4707.3,4698.2,4707.3,4698.2,8791
2026-05-11 09:20:00,MSS,long,4699.6,4690.4,4714.4,4690.4,4714.4,8807
2026-05-11 09:50:00,MSS,short,4700.7,4704.9,4693.9,4704.9,4693.9,8814
2026-05-11 10:35:00,MSS,long,4697.9,4691.1,4709.0,4691.1,4709.0,8821
2026-05-11 10:50:00,MSS,short,4700.6,4709.0,4687.1,4709.0,4687.1,8824
2026-05-11 11:45:00,BOS,short,4693.2,4695.8,4688.9,4695.8,4688.9,8837
2026-05-11 12:15:00,BOS,short,4690.3,4695.8,4681.3,4695.8,4681.3,8837
2026-05-11 13:25:00,BOS,short,4681.1,4682.9,4678.3,4682.9,4678.3,8857
2026-05-11 13:30:00,MSS,long,4681.6,4678.3,4687.0,4678.3,4687.0,8858
2026-05-11 13:40:00,MSS,short,4681.2,4688.4,4669.6,4688.4,4669.6,8860
2026-05-11 14:35:00,MSS,long,4675.5,4671.3,4682.4,4671.3,4682.4,8870
2026-05-11 14:50:00,BOS,long,4677.9,4671.3,4688.7,4671.3,4688.7,8870
2026-05-11 15:45:00,MSS,short,4681.8,4686.0,4675.0,4686.0,4675.0,8885
2026-05-11 16:10:00,MSS,long,4676.6,4673.0,4682.3,4673.0,4682.3,8889
2026-05-11 16:50:00,MSS,short,4678.3,4680.2,4675.3,4680.2,4675.3,8898
2026-05-11 17:15:00,BOS,short,4676.4,4678.5,4673.0,4678.5,4673.0,8902
2026-05-11 18:20:00,MSS,long,4670.8,4668.8,4674.0,4668.8,4674.0,8916
2026-05-11 19:00:00,BOS,long,4675.3,4671.9,4680.9,4671.9,4680.9,8924
2026-05-11 19:25:00,BOS,long,4677.8,4676.0,4680.6,4676.0,4680.6,8929
2026-05-11 19:35:00,BOS,long,4679.2,4676.0,4684.5,4676.0,4684.5,8929
2026-05-11 20:05:00,MSS,short,4681.8,4684.5,4677.4,4684.5,4677.4,8937
2026-05-11 20:20:00,MSS,long,4686.7,4675.7,4704.5,4675.7,4704.5,8939
2026-05-11 20:55:00,BOS,long,4700.9,4695.1,4710.3,4695.1,4710.3,8946
2026-05-11 22:00:00,MSS,short,4748.1,4754.6,4737.6,4754.6,4737.6,8960
2026-05-11 23:15:00,MSS,long,4737.1,4732.5,4744.5,4732.5,4744.5,8973
2026-05-12 00:25:00,MSS,short,4738.8,4743.3,4731.6,4743.3,4731.6,8985
2026-05-12 00:35:00,BOS,short,4732.4,4735.8,4727.0,4735.8,4727.0,8991
2026-05-12 01:00:00,MSS,long,4725.0,4722.6,4728.9,4722.6,4728.9,8996
2026-05-12 01:20:00,BOS,long,4727.4,4725.3,4730.7,4725.3,4730.7,8999
2026-05-12 02:05:00,BOS,long,4733.1,4731.0,4736.5,4731.0,4736.5,9007
2026-05-12 02:55:00,MSS,short,4735.7,4736.9,4733.8,4736.9,4733.8,9019
2026-05-12 03:20:00,BOS,short,4735.8,4737.6,4732.8,4737.6,4732.8,9022
2026-05-12 03:45:00,MSS,long,4735.3,4731.6,4741.2,4731.6,4741.2,9027
2026-05-12 04:30:00,BOS,long,4745.2,4743.1,4748.7,4743.1,4748.7,9037
2026-05-12 06:00:00,BOS,long,4746.5,4742.6,4752.9,4742.6,4752.9,9043
2026-05-12 06:40:00,BOS,long,4751.1,4748.5,4755.2,4748.5,4755.2,9051
2026-05-12 07:30:00,BOS,long,4763.1,4760.0,4768.0,4760.0,4768.0,9062
2026-05-12 08:15:00,BOS,long,4773.9,4768.0,4783.5,4768.0,4783.5,9069
2026-05-12 08:40:00,MSS,short,4777.2,4783.5,4767.1,4783.5,4767.1,9072
2026-05-12 08:50:00,BOS,short,4768.1,4772.3,4761.3,4772.3,4761.3,9078
2026-05-12 10:10:00,MSS,long,4738.1,4734.7,4743.5,4734.7,4743.5,9094
2026-05-12 10:40:00,BOS,long,4735.2,4731.4,4741.3,4731.4,4741.3,9099
2026-05-12 11:15:00,MSS,short,4738.7,4741.3,4734.5,4741.3,4734.5,9107
2026-05-12 11:45:00,BOS,short,4733.5,4736.9,4728.1,4736.9,4728.1,9112
2026-05-12 12:15:00,MSS,long,4733.6,4730.0,4739.4,4730.0,4739.4,9119
2026-05-12 12:45:00,MSS,short,4732.5,4735.7,4727.3,4735.7,4727.3,9124
2026-05-12 13:05:00,BOS,short,4724.2,4727.8,4718.3,4727.8,4718.3,9129
2026-05-12 14:00:00,BOS,short,4722.5,4728.9,4712.2,4728.9,4712.2,9140
2026-05-12 14:45:00,BOS,short,4709.4,4713.0,4703.6,4713.0,4703.6,9148
2026-05-12 16:00:00,MSS,long,4709.1,4705.7,4714.7,4705.7,4714.7,9162
2026-05-12 17:10:00,MSS,short,4711.1,4714.4,4705.7,4714.4,4705.7,9174
2026-05-12 17:30:00,MSS,long,4708.4,4705.2,4713.5,4705.2,4713.5,9182
2026-05-12 17:40:00,MSS,short,4709.3,4713.5,4702.5,4713.5,4702.5,9183
2026-05-12 18:05:00,MSS,long,4707.9,4702.5,4716.6,4702.5,4716.6,9185
2026-05-12 18:35:00,MSS,short,4707.4,4717.2,4691.6,4717.2,4691.6,9191
2026-05-12 19:15:00,MSS,long,4699.0,4694.8,4705.9,4694.8,4705.9,9202
2026-05-12 20:20:00,MSS,short,4711.8,4716.3,4704.6,4716.3,4704.6,9216
2026-05-12 20:30:00,BOS,short,4709.0,4716.3,4697.1,4716.3,4697.1,9216
2026-05-12 20:50:00,MSS,long,4705.7,4697.1,4719.7,4697.1,4719.7,9219
2026-05-12 21:15:00,MSS,short,4707.1,4719.7,4686.8,4719.7,4686.8,9223
2026-05-12 21:35:00,MSS,long,4697.6,4692.4,4706.0,4692.4,4706.0,9231
2026-05-12 21:55:00,MSS,short,4699.9,4709.5,4684.3,4709.5,4684.3,9233
2026-05-12 23:00:00,BOS,short,4687.5,4695.6,4674.4,4695.6,4674.4,9244
2026-05-13 00:00:00,MSS,long,4658.1,4645.3,4678.9,4645.3,4678.9,9254
2026-05-13 01:00:00,BOS,long,4678.0,4673.7,4684.9,4673.7,4684.9,9270
2026-05-13 01:15:00,BOS,long,4684.4,4682.0,4688.2,4682.0,4688.2,9275
2026-05-13 02:25:00,BOS,long,4687.8,4683.3,4695.0,4683.3,4695.0,9286
2026-05-13 03:50:00,BOS,long,4717.0,4714.3,4721.3,4714.3,4721.3,9305
2026-05-13 06:00:00,BOS,long,4724.0,4720.6,4729.4,4720.6,4729.4,9320
2026-05-13 06:50:00,BOS,long,4726.0,4723.2,4730.4,4723.2,4730.4,9329
2026-05-13 07:45:00,MSS,short,4727.0,4729.5,4722.9,4729.5,4722.9,9340
2026-05-13 08:00:00,MSS,long,4726.9,4722.9,4733.4,4722.9,4733.4,9342
2026-05-13 08:55:00,MSS,short,4728.5,4733.2,4720.8,4733.2,4720.8,9353
2026-05-13 09:15:00,BOS,short,4720.0,4724.5,4712.8,4724.5,4712.8,9359
2026-05-13 10:30:00,BOS,short,4709.4,4712.6,4704.2,4712.6,4704.2,9373
2026-05-13 10:50:00,BOS,short,4706.8,4712.6,4697.3,4712.6,4697.3,9373
2026-05-13 11:15:00,MSS,long,4699.1,4697.0,4702.6,4697.0,4702.6,9382
2026-05-13 12:40:00,MSS,short,4709.1,4711.5,4705.3,4711.5,4705.3,9399
2026-05-13 13:00:00,MSS,long,4709.8,4706.6,4714.9,4706.6,4714.9,9404
2026-05-13 13:25:00,MSS,short,4711.7,4715.4,4705.8,4715.4,4705.8,9406
2026-05-13 13:40:00,BOS,short,4711.0,4715.4,4704.0,4715.4,4704.0,9406
2026-05-13 13:55:00,MSS,long,4707.4,4703.8,4713.1,4703.8,4713.1,9415
2026-05-13 14:50:00,MSS,short,4717.4,4721.8,4710.3,4721.8,4710.3,9425
2026-05-13 15:05:00,BOS,short,4710.1,4713.6,4704.5,4713.6,4704.5,9429
2026-05-13 15:25:00,MSS,long,4709.1,4704.5,4716.6,4704.5,4716.6,9430
2026-05-13 16:50:00,BOS,long,4704.4,4702.0,4708.2,4702.0,4708.2,9450
2026-05-13 17:10:00,MSS,short,4706.6,4710.2,4700.7,4710.2,4700.7,9452
2026-05-13 18:05:00,MSS,long,4702.9,4693.3,4718.3,4693.3,4718.3,9459
2026-05-13 18:25:00,MSS,short,4710.7,4713.5,4706.1,4713.5,4706.1,9469
2026-05-13 19:10:00,MSS,long,4701.9,4698.8,4706.9,4698.8,4706.9,9478
2026-05-13 19:55:00,MSS,short,4710.5,4713.9,4705.1,4713.9,4705.1,9486
2026-05-13 20:10:00,BOS,short,4706.2,4709.5,4700.9,4709.5,4700.9,9490
2026-05-13 21:00:00,MSS,long,4690.4,4685.7,4697.9,4685.7,4697.9,9500
2026-05-13 21:30:00,MSS,short,4697.0,4701.9,4689.1,4701.9,4689.1,9505
2026-05-13 22:25:00,MSS,long,4684.8,4680.0,4692.6,4680.0,4692.6,9516
2026-05-13 23:25:00,BOS,long,4694.7,4691.9,4699.3,4691.9,4699.3,9529
2026-05-13 23:30:00,BOS,long,4696.3,4691.9,4703.5,4691.9,4703.5,9529
2026-05-14 00:05:00,BOS,long,4705.1,4702.2,4709.7,4702.2,4709.7,9535
2026-05-14 00:20:00,BOS,long,4710.5,4706.1,4717.6,4706.1,4717.6,9540
2026-05-14 00:50:00,MSS,short,4712.2,4717.9,4703.0,4717.9,4703.0,9542
2026-05-14 01:30:00,BOS,short,4705.0,4709.2,4698.2,4709.2,4698.2,9553
2026-05-14 01:50:00,BOS,short,4700.1,4702.5,4696.1,4702.5,4696.1,9558
2026-05-14 02:40:00,BOS,short,4698.0,4700.9,4693.4,4700.9,4693.4,9567
2026-05-14 03:10:00,MSS,long,4693.3,4690.9,4697.1,4690.9,4697.1,9574
2026-05-14 03:30:00,MSS,short,4696.2,4698.7,4692.2,4698.7,4692.2,9576
2026-05-14 04:10:00,MSS,long,4694.5,4691.7,4699.1,4691.7,4699.1,9583
2026-05-14 06:00:00,BOS,long,4697.7,4695.6,4701.0,4695.6,4701.0,9595
2026-05-14 06:35:00,BOS,long,4703.3,4701.6,4706.1,4701.6,4706.1,9603
2026-05-14 07:05:00,BOS,long,4705.1,4703.1,4708.3,4703.1,4708.3,9606
2026-05-14 07:30:00,MSS,short,4705.8,4709.0,4700.7,4709.0,4700.7,9611
2026-05-14 07:45:00,BOS,short,4702.8,4704.6,4699.8,4704.6,4699.8,9617
2026-05-14 08:00:00,BOS,short,4700.9,4703.8,4696.2,4703.8,4696.2,9620
2026-05-14 08:10:00,MSS,long,4702.0,4699.8,4705.6,4699.8,4705.6,9618
2026-05-14 08:30:00,MSS,short,4709.1,4712.5,4703.6,4712.5,4703.6,9624
2026-05-14 08:45:00,MSS,long,4704.3,4699.7,4711.7,4699.7,4711.7,9629
2026-05-14 08:55:00,BOS,long,4709.2,4706.3,4713.9,4706.3,4713.9,9631
2026-05-14 09:00:00,MSS,short,4709.0,4713.9,4701.1,4713.9,4701.1,9632
2026-05-14 10:30:00,MSS,long,4697.6,4693.1,4704.8,4693.1,4704.8,9647
2026-05-14 10:45:00,MSS,short,4699.1,4706.6,4686.9,4706.6,4686.9,9652
2026-05-14 11:20:00,MSS,long,4690.3,4687.7,4694.4,4687.7,4694.4,9659
2026-05-14 11:35:00,MSS,short,4694.0,4699.5,4685.1,4699.5,4685.1,9662
2026-05-14 12:25:00,MSS,long,4688.5,4673.0,4713.7,4673.0,4713.7,9669
2026-05-14 13:15:00,MSS,short,4708.6,4711.3,4704.2,4711.3,4704.2,9682
2026-05-14 13:55:00,BOS,short,4704.8,4710.4,4695.8,4710.4,4695.8,9690
2026-05-14 14:40:00,MSS,long,4698.0,4692.7,4706.5,4692.7,4706.5,9695
2026-05-14 15:25:00,BOS,long,4705.6,4700.7,4713.4,4700.7,4713.4,9707
2026-05-14 15:55:00,MSS,short,4715.0,4725.8,4697.5,4725.8,4697.5,9712
2026-05-14 16:25:00,MSS,long,4707.2,4704.4,4711.7,4704.4,4711.7,9721
2026-05-14 16:40:00,MSS,short,4709.4,4713.7,4702.4,4713.7,4702.4,9724
2026-05-14 16:55:00,BOS,short,4708.3,4713.7,4699.5,4713.7,4699.5,9724
2026-05-14 17:40:00,MSS,long,4698.1,4694.6,4703.8,4694.6,4703.8,9736
2026-05-14 18:10:00,MSS,short,4705.3,4707.2,4702.3,4707.2,4702.3,9742
2026-05-14 18:45:00,BOS,short,4702.3,4704.8,4698.3,4704.8,4698.3,9746
2026-05-14 19:20:00,BOS,short,4703.2,4705.4,4699.6,4705.4,4699.6,9753
2026-05-14 19:50:00,MSS,long,4701.7,4695.7,4711.3,4695.7,4711.3,9758
2026-05-14 20:20:00,BOS,long,4704.9,4698.7,4715.0,4698.7,4715.0,9765
2026-05-14 20:40:00,MSS,short,4712.1,4716.9,4704.4,4716.9,4704.4,9772
2026-05-14 21:15:00,BOS,short,4706.4,4711.7,4697.8,4711.7,4697.8,9779
2026-05-14 21:25:00,BOS,short,4704.9,4711.7,4694.0,4711.7,4694.0,9779
2026-05-14 22:15:00,MSS,long,4690.3,4683.3,4701.5,4683.3,4701.5,9789
2026-05-14 22:55:00,MSS,short,4692.4,4696.8,4685.4,4696.8,4685.4,9799
2026-05-14 23:40:00,BOS,short,4692.1,4695.3,4686.9,4695.3,4686.9,9808
2026-05-15 00:00:00,BOS,short,4689.6,4692.9,4684.3,4692.9,4684.3,9812
2026-05-15 00:30:00,BOS,short,4684.6,4687.6,4679.7,4687.6,4679.7,9816
2026-05-15 01:00:00,MSS,long,4681.1,4676.2,4689.1,4676.2,4689.1,9820
2026-05-15 01:25:00,MSS,short,4687.3,4689.9,4683.0,4689.9,4683.0,9829
2026-05-15 02:00:00,BOS,short,4682.9,4688.1,4674.6,4688.1,4674.6,9834
2026-05-15 02:40:00,BOS,short,4679.3,4682.5,4674.2,4682.5,4674.2,9841
2026-05-15 02:55:00,MSS,long,4674.4,4672.3,4677.9,4672.3,4677.9,9846
2026-05-15 03:25:00,MSS,short,4672.2,4674.8,4667.9,4674.8,4667.9,9853
2026-05-15 04:00:00,BOS,short,4660.4,4664.3,4654.2,4664.3,4654.2,9859
2026-05-15 06:05:00,MSS,long,4654.8,4650.1,4662.3,4650.1,4662.3,9873
2026-05-15 06:50:00,BOS,long,4663.5,4661.2,4667.1,4661.2,4667.1,9878
2026-05-15 07:10:00,MSS,short,4665.9,4667.8,4662.9,4667.8,4662.9,9885
2026-05-15 07:25:00,MSS,long,4663.2,4659.6,4669.0,4659.6,4669.0,9889
2026-05-15 07:30:00,MSS,short,4663.4,4669.0,4654.3,4669.0,4654.3,9890
2026-05-15 08:25:00,BOS,short,4651.0,4662.7,4632.2,4662.7,4632.2,9900
2026-05-15 08:55:00,MSS,long,4627.1,4621.8,4635.8,4621.8,4635.8,9907
2026-05-15 09:05:00,MSS,short,4628.0,4636.7,4613.8,4636.7,4613.8,9909
2026-05-15 10:40:00,MSS,long,4616.7,4613.5,4622.0,4613.5,4622.0,9927
2026-05-15 11:25:00,MSS,short,4622.2,4626.2,4615.8,4626.2,4615.8,9934
2026-05-15 12:05:00,MSS,long,4618.7,4614.4,4625.6,4614.4,4625.6,9944
2026-05-15 12:40:00,MSS,short,4614.9,4619.0,4608.3,4619.0,4608.3,9951
2026-05-15 13:15:00,BOS,short,4604.8,4616.8,4585.5,4616.8,4585.5,9955
2026-05-15 13:30:00,BOS,short,4585.6,4594.4,4571.4,4594.4,4571.4,9962
2026-05-15 13:45:00,BOS,short,4574.4,4579.8,4565.7,4579.8,4565.7,9965
2026-05-15 13:55:00,BOS,short,4570.9,4577.2,4560.6,4577.2,4560.6,9967
2026-05-15 14:15:00,MSS,long,4568.4,4560.0,4582.1,4560.0,4582.1,9969
2026-05-15 14:40:00,MSS,short,4579.7,4584.9,4571.2,4584.9,4571.2,9975
2026-05-15 15:10:00,MSS,long,4577.9,4569.8,4591.0,4569.8,4591.0,9981
2026-05-15 16:00:00,MSS,short,4575.4,4584.0,4561.6,4584.0,4561.6,9990
2026-05-15 16:40:00,MSS,long,4558.7,4553.2,4567.5,4553.2,4567.5,9999
2026-05-15 17:10:00,MSS,short,4561.1,4568.2,4549.5,4568.2,4549.5,10006
2026-05-15 17:45:00,BOS,short,4552.8,4559.8,4541.5,4559.8,4541.5,10011
2026-05-15 18:05:00,MSS,long,4546.4,4535.7,4563.7,4535.7,4563.7,10015
2026-05-15 18:50:00,BOS,long,4562.5,4553.6,4576.8,4553.6,4576.8,10025
2026-05-15 19:30:00,MSS,short,4569.4,4573.5,4562.8,4573.5,4562.8,10032
2026-05-15 20:00:00,BOS,short,4558.3,4563.4,4550.0,4563.4,4550.0,10039
2026-05-15 20:10:00,BOS,short,4554.4,4557.5,4549.3,4557.5,4549.3,10042
2026-05-15 20:20:00,MSS,long,4554.4,4549.1,4562.9,4549.1,4562.9,10044
2026-05-15 21:35:00,MSS,short,4549.8,4561.8,4530.3,4561.8,4530.3,10058
2026-05-15 22:10:00,MSS,long,4538.8,4529.1,4554.6,4529.1,4554.6,10065
2026-05-15 22:45:00,MSS,short,4561.0,4565.0,4554.5,4565.0,4554.5,10072
2026-05-15 22:55:00,MSS,long,4558.0,4550.1,4570.9,4550.1,4570.9,10075
2026-05-15 23:15:00,MSS,short,4558.9,4564.3,4550.1,4564.3,4550.1,10079
2026-05-15 23:35:00,BOS,short,4551.2,4554.6,4545.6,4554.6,4545.6,10083
2026-05-15 23:50:00,BOS,short,4549.1,4554.6,4540.3,4554.6,4540.3,10083
2026-05-16 00:05:00,BOS,short,4541.5,4546.5,4533.3,4546.5,4533.3,10089
2026-05-16 00:30:00,MSS,long,4539.1,4533.2,4548.6,4533.2,4548.6,10091
2026-05-16 01:00:00,BOS,long,4549.7,4545.6,4556.4,4545.6,4556.4,10100
2026-05-16 01:20:00,BOS,long,4562.1,4558.4,4568.0,4558.4,4568.0,10104
2026-05-16 02:10:00,BOS,long,4562.6,4560.2,4566.6,4560.2,4566.6,10114
2026-05-16 02:15:00,MSS,short,4562.9,4566.6,4556.9,4566.6,4556.9,10115
2026-05-16 03:05:00,BOS,short,4562.5,4566.9,4555.4,4566.9,4555.4,10123
2026-05-16 03:35:00,MSS,long,4555.1,4552.5,4559.4,4552.5,4559.4,10130
2026-05-16 03:55:00,MSS,short,4555.4,4559.4,4548.9,4559.4,4548.9,10132
2026-05-16 04:30:00,MSS,long,4541.2,4537.0,4548.0,4537.0,4548.0,10141
2026-05-18 08:00:00,MSS,short,4540.6,4545.0,4533.6,4545.0,4533.6,10148
2026-05-18 08:20:00,BOS,short,4536.3,4546.5,4519.7,4546.5,4519.7,10149
2026-05-18 09:20:00,MSS,long,4501.5,4495.5,4511.3,4495.5,4511.3,10164
2026-05-18 09:40:00,BOS,long,4503.3,4495.5,4515.8,4495.5,4515.8,10164
2026-05-18 10:10:00,BOS,long,4531.3,4524.6,4542.1,4524.6,4542.1,10173
2026-05-18 11:25:00,BOS,long,4534.1,4529.5,4541.6,4529.5,4541.6,10187
2026-05-18 11:40:00,BOS,long,4537.1,4528.1,4551.7,4528.1,4551.7,10192
2026-05-18 13:00:00,MSS,short,4544.5,4549.4,4536.5,4549.4,4536.5,10207
2026-05-18 13:15:00,MSS,long,4542.8,4536.5,4553.0,4536.5,4553.0,10209
2026-05-18 13:55:00,MSS,short,4547.5,4556.3,4533.2,4556.3,4533.2,10215
2026-05-18 14:20:00,MSS,long,4540.3,4535.8,4547.7,4535.8,4547.7,10223
2026-05-18 15:25:00,BOS,long,4546.9,4541.8,4555.2,4541.8,4555.2,10237
2026-05-18 16:20:00,BOS,long,4549.0,4546.1,4553.7,4546.1,4553.7,10247
2026-05-18 16:30:00,BOS,long,4550.3,4546.1,4557.0,4546.1,4557.0,10247
2026-05-18 17:00:00,MSS,short,4554.9,4561.0,4545.0,4561.0,4545.0,10255
2026-05-18 18:05:00,BOS,short,4545.9,4549.0,4540.8,4549.0,4540.8,10269
2026-05-18 18:30:00,BOS,short,4542.3,4546.2,4536.0,4546.2,4536.0,10272
2026-05-18 18:40:00,MSS,long,4540.0,4535.4,4547.5,4535.4,4547.5,10276
2026-05-18 19:30:00,BOS,long,4540.9,4535.6,4549.4,4535.6,4549.4,10285
2026-05-18 20:30:00,BOS,long,4555.5,4548.7,4566.6,4548.7,4566.6,10297
2026-05-18 21:30:00,BOS,long,4572.6,4565.4,4584.3,4565.4,4584.3,10307
2026-05-18 21:50:00,BOS,long,4575.2,4566.9,4588.7,4566.9,4588.7,10314
2026-05-18 22:30:00,MSS,short,4564.9,4574.5,4549.4,4574.5,4549.4,10319
2026-05-18 23:05:00,BOS,short,4547.2,4553.0,4537.8,4553.0,4537.8,10327
2026-05-19 00:10:00,MSS,long,4547.8,4544.4,4553.3,4544.4,4553.3,10341
2026-05-19 00:25:00,MSS,short,4548.4,4555.1,4537.6,4555.1,4537.6,10345
2026-05-19 00:50:00,MSS,long,4545.7,4537.6,4558.7,4537.6,4558.7,10346
2026-05-19 01:00:00,BOS,long,4546.8,4537.6,4561.7,4537.6,4561.7,10346
2026-05-19 02:00:00,MSS,short,4552.5,4555.4,4547.7,4555.4,4547.7,10361
2026-05-19 02:15:00,BOS,short,4549.4,4552.1,4545.1,4552.1,4545.1,10366
2026-05-19 02:55:00,BOS,short,4543.9,4547.5,4538.0,4547.5,4538.0,10374
2026-05-19 03:00:00,MSS,long,4550.0,4538.0,4569.5,4538.0,4569.5,10376
2026-05-19 04:15:00,BOS,long,4565.4,4561.8,4571.2,4561.8,4571.2,10388
2026-05-19 04:55:00,BOS,long,4569.0,4567.5,4571.3,4567.5,4571.3,10399
2026-05-19 06:35:00,BOS,long,4576.8,4574.9,4580.0,4574.9,4580.0,10406
2026-05-19 07:00:00,BOS,long,4580.1,4576.7,4585.7,4576.7,4585.7,10412
2026-05-19 07:55:00,MSS,short,4588.2,4591.9,4582.3,4591.9,4582.3,10420
2026-05-19 08:25:00,BOS,short,4582.5,4589.3,4571.6,4589.3,4571.6,10429
2026-05-19 08:50:00,BOS,short,4575.6,4579.8,4568.9,4579.8,4568.9,10431
2026-05-19 09:20:00,BOS,short,4566.3,4571.9,4557.3,4571.9,4557.3,10440
2026-05-19 09:30:00,MSS,long,4560.4,4557.3,4565.3,4557.3,4565.3,10441
2026-05-19 10:10:00,MSS,short,4567.7,4575.8,4554.7,4575.8,4554.7,10445
2026-05-19 10:50:00,BOS,short,4558.2,4562.6,4551.2,4562.6,4551.2,10457
2026-05-19 11:35:00,MSS,long,4553.1,4550.0,4558.2,4550.0,4558.2,10467
2026-05-19 12:00:00,MSS,short,4549.6,4552.8,4544.4,4552.8,4544.4,10471
2026-05-19 12:10:00,BOS,short,4546.2,4548.8,4541.9,4548.8,4541.9,10474
2026-05-19 13:00:00,MSS,long,4543.7,4540.9,4548.2,4540.9,4548.2,10479
2026-05-19 13:20:00,MSS,short,4543.4,4549.8,4533.0,4549.8,4533.0,10487
2026-05-19 14:15:00,MSS,long,4542.9,4536.5,4553.3,4536.5,4553.3,10497
2026-05-19 14:45:00,MSS,short,4552.4,4556.1,4546.3,4556.1,4546.3,10505
2026-05-19 15:05:00,MSS,long,4551.9,4547.5,4558.9,4547.5,4558.9,10509
2026-05-19 15:40:00,MSS,short,4549.8,4553.0,4544.6,4553.0,4544.6,10515
2026-05-19 15:45:00,MSS,long,4549.6,4544.6,4557.8,4544.6,4557.8,10517
2026-05-19 16:20:00,MSS,short,4547.9,4551.5,4542.2,4551.5,4542.2,10524
2026-05-19 18:40:00,BOS,short,4539.6,4546.6,4528.4,4546.6,4528.4,10552
2026-05-19 18:55:00,MSS,long,4535.9,4528.4,4548.1,4528.4,4548.1,10553
2026-05-19 19:50:00,MSS,short,4543.4,4547.1,4537.5,4547.1,4537.5,10565
2026-05-19 21:00:00,BOS,short,4537.6,4545.3,4525.2,4545.3,4525.2,10580
2026-05-19 21:20:00,BOS,short,4520.4,4529.5,4505.6,4529.5,4505.6,10583
2026-05-19 22:00:00,MSS,long,4489.0,4472.5,4515.6,4472.5,4515.6,10589
2026-05-19 22:10:00,MSS,short,4508.5,4517.1,4494.5,4517.1,4494.5,10594
2026-05-19 23:15:00,MSS,long,4499.0,4492.9,4508.9,4492.9,4508.9,10606
2026-05-19 23:55:00,BOS,long,4507.1,4503.7,4512.7,4503.7,4512.7,10614
2026-05-20 00:05:00,MSS,short,4508.7,4513.7,4500.6,4513.7,4500.6,10617
2026-05-20 01:10:00,MSS,long,4511.0,4508.7,4514.6,4508.7,4514.6,10630
2026-05-20 01:20:00,MSS,short,4511.5,4514.7,4506.4,4514.7,4506.4,10632
2026-05-20 01:45:00,BOS,short,4508.8,4512.0,4503.7,4512.0,4503.7,10634
2026-05-20 02:05:00,MSS,long,4504.4,4502.5,4507.4,4502.5,4507.4,10639
2026-05-20 02:20:00,MSS,short,4504.1,4507.4,4498.7,4507.4,4498.7,10642
2026-05-20 03:20:00,BOS,short,4496.4,4500.7,4489.5,4500.7,4489.5,10655
2026-05-20 03:50:00,BOS,short,4490.1,4492.1,4486.9,4492.1,4486.9,10662
2026-05-20 04:35:00,BOS,short,4489.7,4491.7,4486.4,4491.7,4486.4,10669
2026-05-20 04:55:00,BOS,short,4486.7,4487.8,4484.8,4487.8,4484.8,10675
2026-05-20 06:15:00,BOS,short,4486.0,4489.2,4480.8,4489.2,4480.8,10677
2026-05-20 06:30:00,MSS,long,4483.5,4481.3,4487.1,4481.3,4487.1,10682
2026-05-20 07:10:00,BOS,long,4485.5,4482.9,4489.8,4482.9,4489.8,10689
2026-05-20 07:15:00,BOS,long,4486.4,4482.9,4492.0,4482.9,4492.0,10689
2026-05-20 08:20:00,BOS,long,4487.1,4482.5,4494.6,4482.5,4494.6,10702
2026-05-20 09:00:00,MSS,short,4505.2,4513.0,4492.5,4513.0,4492.5,10710
2026-05-20 09:20:00,BOS,short,4496.7,4503.4,4485.8,4503.4,4485.8,10715
2026-05-20 10:30:00,BOS,short,4481.2,4489.3,4468.0,4489.3,4468.0,10729
2026-05-20 10:40:00,BOS,short,4479.1,4489.3,4462.6,4489.3,4462.6,10729
2026-05-20 11:05:00,BOS,short,4463.9,4469.4,4454.9,4469.4,4454.9,10737
2026-05-20 12:00:00,MSS,long,4464.6,4459.8,4472.3,4459.8,4472.3,10746
2026-05-20 12:30:00,MSS,short,4469.2,4472.6,4463.8,4472.6,4463.8,10752
2026-05-20 13:00:00,MSS,long,4464.4,4458.5,4473.9,4458.5,4473.9,10758
2026-05-20 13:30:00,BOS,long,4474.2,4469.5,4481.8,4469.5,4481.8,10766
2026-05-20 13:45:00,MSS,short,4475.5,4481.8,4465.4,4481.8,4465.4,10767
2026-05-20 14:30:00,BOS,short,4476.2,4480.9,4468.7,4480.9,4468.7,10776
2026-05-20 15:05:00,MSS,long,4478.7,4473.9,4486.4,4473.9,4486.4,10784
2026-05-20 16:20:00,BOS,long,4481.9,4477.6,4488.9,4477.6,4488.9,10795
2026-05-20 17:25:00,MSS,short,4481.9,4486.1,4475.2,4486.1,4475.2,10813
2026-05-20 17:50:00,MSS,long,4487.8,4484.3,4493.4,4484.3,4493.4,10818
2026-05-20 19:15:00,MSS,short,4497.1,4499.0,4494.1,4499.0,4494.1,10835
2026-05-20 19:25:00,MSS,long,4497.4,4493.5,4503.7,4493.5,4503.7,10837
2026-05-20 20:30:00,BOS,long,4499.8,4495.2,4507.2,4495.2,4507.2,10849
2026-05-20 21:25:00,MSS,short,4502.6,4509.3,4491.7,4509.3,4491.7,10859
2026-05-20 22:00:00,BOS,short,4490.5,4495.0,4483.2,4495.0,4483.2,10866
2026-05-20 22:15:00,MSS,long,4483.6,4469.3,4506.8,4469.3,4506.8,10871
2026-05-20 23:15:00,BOS,long,4538.3,4526.5,4557.5,4526.5,4557.5,10883
2026-05-21 00:20:00,MSS,short,4534.3,4538.5,4527.5,4538.5,4527.5,10894
2026-05-21 01:05:00,MSS,long,4531.7,4527.0,4539.2,4527.0,4539.2,10898
2026-05-21 01:25:00,MSS,short,4538.1,4540.5,4534.2,4540.5,4534.2,10909
2026-05-21 02:30:00,MSS,long,4538.3,4535.1,4543.5,4535.1,4543.5,10922
2026-05-21 03:15:00,BOS,long,4546.4,4544.7,4549.2,4544.7,4549.2,10930
2026-05-21 03:35:00,BOS,long,4549.1,4546.2,4553.7,4546.2,4553.7,10933
2026-05-21 04:30:00,MSS,short,4550.6,4553.2,4546.4,4553.2,4546.4,10943
2026-05-21 06:05:00,BOS,short,4545.6,4549.2,4539.7,4549.2,4539.7,10953
2026-05-21 07:20:00,BOS,short,4540.0,4541.6,4537.3,4541.6,4537.3,10968
2026-05-21 07:35:00,MSS,long,4539.8,4535.5,4546.8,4535.5,4546.8,10970
2026-05-21 08:15:00,BOS,long,4546.1,4540.7,4554.9,4540.7,4554.9,10977
2026-05-21 09:05:00,BOS,long,4545.8,4541.4,4552.9,4541.4,4552.9,10989
2026-05-21 09:20:00,BOS,long,4552.2,4541.4,4569.8,4541.4,4569.8,10989
2026-05-21 09:50:00,MSS,short,4568.0,4572.5,4560.7,4572.5,4560.7,10997
2026-05-21 11:35:00,BOS,short,4538.6,4542.0,4533.1,4542.0,4533.1,11017
2026-05-21 11:50:00,BOS,short,4534.2,4537.9,4528.1,4537.9,4528.1,11021
2026-05-21 12:20:00,MSS,long,4532.1,4528.1,4538.5,4528.1,4538.5,11023
2026-05-21 12:55:00,BOS,long,4538.1,4536.6,4540.5,4536.6,4540.5,11034
2026-05-21 13:05:00,MSS,short,4538.0,4541.7,4532.0,4541.7,4532.0,11037
2026-05-21 13:25:00,BOS,short,4534.4,4541.7,4522.5,4541.7,4522.5,11037
2026-05-21 13:50:00,MSS,long,4523.6,4519.1,4531.0,4519.1,4531.0,11046
2026-05-21 14:40:00,MSS,short,4534.6,4541.2,4523.8,4541.2,4523.8,11053
2026-05-21 15:25:00,BOS,short,4520.5,4525.0,4513.3,4525.0,4513.3,11065
2026-05-21 16:05:00,MSS,long,4523.5,4519.2,4530.5,4519.2,4530.5,11073
2026-05-21 16:35:00,MSS,short,4534.1,4538.1,4527.7,4538.1,4527.7,11078
2026-05-21 17:10:00,MSS,long,4536.3,4532.9,4541.7,4532.9,4541.7,11086
2026-05-21 17:30:00,MSS,short,4540.3,4543.9,4534.5,4543.9,4534.5,11089
2026-05-21 18:00:00,MSS,long,4532.2,4530.7,4534.7,4530.7,4534.7,11096
2026-05-21 18:25:00,MSS,short,4527.2,4537.3,4510.8,4537.3,4510.8,11098
2026-05-21 19:30:00,BOS,short,4518.1,4522.4,4511.1,4522.4,4511.1,11113
2026-05-21 20:05:00,MSS,long,4514.7,4511.8,4519.5,4511.8,4519.5,11120
2026-05-21 20:15:00,MSS,short,4516.5,4520.3,4510.3,4520.3,4510.3,11123
2026-05-21 21:15:00,BOS,short,4507.3,4513.8,4496.9,4513.8,4496.9,11134
2026-05-21 21:50:00,MSS,long,4501.4,4488.5,4522.2,4488.5,4522.2,11140
2026-05-22 00:00:00,BOS,long,4514.3,4510.5,4520.4,4510.5,4520.4,11168
2026-05-22 01:10:00,BOS,long,4521.9,4515.0,4533.1,4515.0,4533.1,11182
2026-05-22 02:35:00,MSS,short,4549.2,4552.3,4544.1,4552.3,4544.1,11197
2026-05-22 02:45:00,BOS,short,4543.7,4548.6,4535.9,4548.6,4535.9,11201
2026-05-22 03:10:00,MSS,long,4534.3,4531.1,4539.6,4531.1,4539.6,11206
2026-05-22 03:50:00,MSS,short,4541.0,4544.5,4535.4,4544.5,4535.4,11213
2026-05-22 04:55:00,MSS,long,4542.3,4540.8,4544.8,4540.8,4544.8,11227
2026-05-22 06:00:00,BOS,long,4543.6,4540.8,4548.1,4540.8,4548.1,11227
2026-05-22 06:40:00,BOS,long,4542.5,4540.5,4545.7,4540.5,4545.7,11236
2026-05-22 07:15:00,MSS,short,4543.9,4545.2,4541.8,4545.2,4541.8,11243
2026-05-22 08:10:00,BOS,short,4535.3,4537.3,4532.1,4537.3,4532.1,11251
2026-05-22 08:35:00,MSS,long,4535.2,4530.8,4542.2,4530.8,4542.2,11256
2026-05-22 08:50:00,MSS,short,4536.9,4542.2,4528.2,4542.2,4528.2,11260
2026-05-22 09:05:00,BOS,short,4532.5,4537.6,4524.2,4537.6,4524.2,11265
2026-05-22 10:30:00,BOS,short,4526.3,4530.5,4519.6,4530.5,4519.6,11279
2026-05-22 11:40:00,MSS,long,4523.2,4519.9,4528.5,4519.9,4528.5,11294
2026-05-22 12:25:00,BOS,long,4530.4,4528.3,4533.9,4528.3,4533.9,11305
2026-05-22 12:35:00,MSS,short,4531.3,4533.9,4527.1,4533.9,4527.1,11306
2026-05-22 13:00:00,BOS,short,4528.7,4531.2,4524.6,4531.2,4524.6,11311
2026-05-22 13:35:00,MSS,long,4529.4,4525.9,4535.0,4525.9,4535.0,11319
2026-05-22 13:55:00,MSS,short,4525.0,4535.4,4508.3,4535.4,4508.3,11321
2026-05-22 14:25:00,MSS,long,4520.9,4517.1,4527.0,4517.1,4527.0,11328
2026-05-22 15:35:00,MSS,short,4524.2,4528.2,4517.7,4528.2,4517.7,11341
2026-05-22 16:15:00,MSS,long,4521.5,4516.5,4529.6,4516.5,4529.6,11345
2026-05-22 17:10:00,MSS,short,4522.8,4526.2,4517.3,4526.2,4517.3,11362
2026-05-22 17:35:00,MSS,long,4519.0,4515.2,4525.1,4515.2,4525.1,11367
2026-05-22 18:25:00,MSS,short,4533.2,4538.1,4525.4,4538.1,4525.4,11374
2026-05-22 19:00:00,MSS,long,4514.8,4513.1,4517.5,4513.1,4517.5,11384
2026-05-22 19:20:00,MSS,short,4516.2,4518.3,4512.9,4518.3,4512.9,11386
2026-05-22 19:30:00,MSS,long,4514.5,4512.2,4518.3,4512.2,4518.3,11390
2026-05-22 20:10:00,BOS,long,4523.7,4519.0,4531.4,4519.0,4531.4,11397
2026-05-22 20:35:00,MSS,short,4529.1,4537.4,4515.7,4537.4,4515.7,11400
2026-05-22 21:35:00,BOS,short,4524.8,4528.4,4518.9,4528.4,4518.9,11415
2026-05-22 23:05:00,MSS,long,4505.3,4501.0,4512.3,4501.0,4512.3,11432
2026-05-23 00:20:00,BOS,long,4519.3,4517.8,4521.8,4517.8,4521.8,11448
2026-05-23 00:40:00,MSS,short,4522.4,4528.8,4512.1,4528.8,4512.1,11451
2026-05-23 01:25:00,MSS,long,4519.5,4514.5,4527.6,4514.5,4527.6,11461
2026-05-23 02:00:00,MSS,short,4521.0,4525.9,4513.2,4525.9,4513.2,11465
2026-05-23 02:35:00,MSS,long,4518.6,4515.7,4523.3,4515.7,4523.3,11475
2026-05-23 02:45:00,MSS,short,4519.9,4523.3,4514.5,4523.3,4514.5,11476
2026-05-23 03:00:00,BOS,short,4515.5,4518.1,4511.2,4518.1,4511.2,11479
2026-05-23 03:35:00,MSS,long,4508.1,4505.9,4511.6,4505.9,4511.6,11487
2026-05-23 04:20:00,BOS,long,4508.4,4506.2,4511.9,4506.2,4511.9,11493
2026-05-23 04:30:00,MSS,short,4510.2,4511.9,4507.4,4511.9,4507.4,11497
2026-05-25 08:00:00,MSS,long,4531.4,4505.4,4573.5,4505.4,4573.5,11502
2026-05-25 08:45:00,BOS,long,4575.8,4572.2,4581.6,4572.2,4581.6,11513
2026-05-25 08:55:00,MSS,short,4576.0,4581.6,4566.9,4581.6,4566.9,11514
2026-05-25 09:05:00,BOS,short,4571.8,4578.1,4561.5,4578.1,4561.5,11517
2026-05-25 10:05:00,MSS,long,4564.6,4561.7,4569.3,4561.7,4569.3,11528
2026-05-25 10:40:00,BOS,long,4563.8,4559.6,4570.7,4559.6,4570.7,11532
2026-05-25 11:40:00,MSS,short,4562.5,4565.1,4558.4,4565.1,4558.4,11548
2026-05-25 12:25:00,MSS,long,4562.9,4560.5,4566.7,4560.5,4566.7,11555
2026-05-25 13:00:00,BOS,long,4563.0,4560.4,4567.3,4560.4,4567.3,11560
2026-05-25 13:20:00,MSS,short,4563.4,4567.3,4557.1,4567.3,4557.1,11565
2026-05-25 14:20:00,MSS,long,4553.8,4551.3,4557.8,4551.3,4557.8,11578
2026-05-25 14:45:00,BOS,long,4556.7,4554.5,4560.3,4554.5,4560.3,11583
2026-05-25 15:45:00,BOS,long,4557.2,4553.2,4563.6,4553.2,4563.6,11593
2026-05-25 16:20:00,MSS,short,4562.8,4566.7,4556.6,4566.7,4556.6,11599
2026-05-25 17:25:00,MSS,long,4558.1,4556.5,4560.6,4556.5,4560.6,11614
2026-05-25 19:15:00,BOS,long,4572.5,4569.4,4577.5,4569.4,4577.5,11638
2026-05-25 19:35:00,BOS,long,4573.9,4571.2,4578.2,4571.2,4578.2,11642
2026-05-25 20:00:00,MSS,short,4574.0,4579.3,4565.3,4579.3,4565.3,11646
2026-05-25 21:40:00,MSS,long,4564.3,4562.5,4567.3,4562.5,4567.3,11666
2026-05-25 22:00:00,BOS,long,4564.5,4561.7,4569.1,4561.7,4569.1,11670
2026-05-25 22:20:00,BOS,long,4569.9,4568.6,4572.0,4568.6,4572.0,11675
2026-05-25 22:50:00,MSS,short,4569.1,4570.2,4567.2,4570.2,4567.2,11680
2026-05-25 23:10:00,MSS,long,4570.2,4566.9,4575.5,4566.9,4575.5,11686
2026-05-26 00:35:00,BOS,long,4571.2,4569.9,4573.2,4569.9,4573.2,11703
2026-05-26 00:55:00,BOS,long,4572.2,4569.9,4576.0,4569.9,4576.0,11703
2026-05-26 01:30:00,MSS,short,4577.4,4580.6,4572.3,4580.6,4572.3,11711
2026-05-26 02:25:00,MSS,long,4571.2,4569.8,4573.5,4569.8,4573.5,11725
2026-05-26 06:05:00,BOS,long,4571.5,4569.6,4574.7,4569.6,4574.7,11726
2026-05-26 06:30:00,MSS,short,4575.6,4577.3,4572.8,4577.3,4572.8,11732
2026-05-26 06:50:00,MSS,long,4574.0,4571.2,4578.4,4571.2,4578.4,11734
2026-05-26 07:10:00,BOS,long,4578.1,4575.7,4582.0,4575.7,4582.0,11739
2026-05-26 07:25:00,MSS,short,4577.8,4583.2,4569.1,4583.2,4569.1,11742
2026-05-26 08:00:00,BOS,short,4559.4,4564.9,4550.4,4564.9,4550.4,11750
2026-05-26 08:15:00,BOS,short,4549.7,4554.4,4542.2,4554.4,4542.2,11753
2026-05-26 08:50:00,BOS,short,4547.7,4552.6,4539.9,4552.6,4539.9,11760
2026-05-26 09:30:00,BOS,short,4545.3,4550.1,4537.6,4550.1,4537.6,11765
2026-05-26 10:05:00,MSS,long,4539.9,4539.9,4539.9,4539.9,4539.9,11761
2026-05-26 10:30:00,MSS,short,4538.1,4540.1,4534.8,4540.1,4534.8,11780
2026-05-26 10:45:00,BOS,short,4536.5,4539.5,4531.6,4539.5,4531.6,11782
2026-05-26 11:20:00,MSS,long,4535.9,4530.7,4544.4,4530.7,4544.4,11785
2026-05-26 12:00:00,MSS,short,4543.0,4544.3,4541.0,4544.3,4541.0,11797
2026-05-26 13:05:00,MSS,long,4526.2,4523.3,4530.9,4523.3,4530.9,11811
2026-05-26 13:30:00,BOS,long,4531.2,4529.2,4534.5,4529.2,4534.5,11816
2026-05-26 13:45:00,MSS,short,4532.1,4535.5,4526.6,4535.5,4526.6,11818
2026-05-26 14:20:00,MSS,long,4531.7,4529.5,4535.2,4529.5,4535.2,11825
2026-05-26 15:05:00,MSS,short,4531.8,4534.3,4527.8,4534.3,4527.8,11835
2026-05-26 15:45:00,MSS,long,4526.3,4521.7,4533.8,4521.7,4533.8,11842
2026-05-26 17:10:00,MSS,short,4523.1,4525.4,4519.3,4525.4,4519.3,11860
2026-05-26 17:35:00,BOS,short,4522.7,4526.7,4516.2,4526.7,4516.2,11864
2026-05-26 18:10:00,MSS,long,4524.4,4519.4,4532.6,4519.4,4532.6,11872
2026-05-26 19:10:00,MSS,short,4535.2,4537.0,4532.2,4537.0,4532.2,11884
2026-05-26 20:35:00,BOS,short,4510.5,4516.2,4501.3,4516.2,4501.3,11898
2026-05-26 20:45:00,MSS,long,4508.3,4500.3,4521.3,4500.3,4521.3,11901
2026-05-26 21:50:00,MSS,short,4524.9,4532.2,4513.0,4532.2,4513.0,11915
2026-05-26 22:10:00,BOS,short,4516.4,4521.3,4508.4,4521.3,4508.4,11920
2026-05-26 22:35:00,MSS,long,4515.0,4508.4,4525.6,4508.4,4525.6,11921
2026-05-26 23:20:00,MSS,short,4517.8,4525.6,4505.2,4525.6,4505.2,11926
2026-05-26 23:50:00,MSS,long,4505.7,4502.3,4511.2,4502.3,4511.2,11938
2026-05-27 00:10:00,MSS,short,4506.5,4511.2,4498.8,4511.2,4498.8,11941
2026-05-27 01:25:00,BOS,short,4504.5,4506.9,4500.5,4506.9,4500.5,11959
2026-05-27 01:55:00,BOS,short,4495.9,4501.2,4487.2,4501.2,4487.2,11965
2026-05-27 03:00:00,MSS,long,4488.0,4480.1,4500.8,4480.1,4500.8,11968
2026-05-27 06:05:00,MSS,short,4506.6,4508.5,4503.4,4508.5,4503.4,12002
2026-05-27 06:30:00,BOS,short,4507.0,4510.9,4500.8,4510.9,4500.8,12007
2026-05-27 06:50:00,MSS,long,4503.0,4500.0,4507.8,4500.0,4507.8,12012
2026-05-27 07:30:00,BOS,long,4509.3,4504.6,4516.8,4504.6,4516.8,12019
2026-05-27 08:20:00,MSS,short,4521.9,4525.8,4515.6,4525.8,4515.6,12027
2026-05-27 08:55:00,BOS,short,4518.9,4522.0,4514.0,4522.0,4514.0,12036
2026-05-27 09:10:00,MSS,long,4515.2,4512.0,4520.5,4512.0,4520.5,12040
2026-05-27 09:30:00,MSS,short,4517.7,4520.7,4512.9,4520.7,4512.9,12043
2026-05-27 10:35:00,BOS,short,4503.0,4505.3,4499.3,4505.3,4499.3,12056
2026-05-27 11:00:00,MSS,long,4502.0,4497.3,4509.7,4497.3,4509.7,12060
2026-05-27 11:55:00,MSS,short,4501.2,4504.7,4495.5,4504.7,4495.5,12072
2026-05-27 12:25:00,BOS,short,4500.7,4502.2,4498.3,4502.2,4498.3,12079
2026-05-27 12:40:00,MSS,long,4500.8,4496.8,4507.2,4496.8,4507.2,12081
2026-05-27 13:10:00,MSS,short,4504.3,4502.2,4507.7,4502.2,4507.7,12079
2026-05-27 13:30:00,BOS,short,4501.6,4507.4,4492.3,4507.4,4492.3,12092
2026-05-27 14:15:00,BOS,short,4494.7,4500.5,4485.4,4500.5,4485.4,12097
2026-05-27 15:10:00,BOS,short,4484.7,4487.9,4479.4,4487.9,4479.4,12111
2026-05-27 15:45:00,BOS,short,4483.6,4487.9,4476.7,4487.9,4476.7,12117
2026-05-27 16:15:00,MSS,long,4485.0,4482.3,4489.4,4482.3,4489.4,12125
2026-05-27 16:40:00,BOS,long,4488.7,4484.7,4495.2,4484.7,4495.2,12129
2026-05-27 17:50:00,BOS,long,4488.6,4486.8,4491.6,4486.8,4491.6,12143
2026-05-27 18:00:00,MSS,short,4488.8,4492.0,4483.6,4492.0,4483.6,12146
2026-05-27 19:25:00,BOS,short,4444.7,4449.8,4436.5,4449.8,4436.5,12162
2026-05-27 19:55:00,BOS,short,4434.4,4442.0,4422.1,4442.0,4422.1,12168
2026-05-27 20:15:00,MSS,long,4436.0,4426.2,4451.8,4426.2,4451.8,12173
2026-05-27 21:05:00,MSS,short,4443.0,4463.8,4409.3,4463.8,4409.3,12175
2026-05-27 21:25:00,BOS,short,4411.3,4419.2,4398.4,4419.2,4398.4,12186
2026-05-27 21:30:00,MSS,long,4407.5,4398.4,4422.2,4398.4,4422.2,12188
2026-05-27 22:45:00,MSS,short,4447.4,4454.0,4436.6,4454.0,4436.6,12199
2026-05-28 00:20:00,MSS,long,4436.4,4432.5,4442.8,4432.5,4442.8,12220
2026-05-28 01:00:00,MSS,short,4449.1,4451.4,4445.5,4451.4,4445.5,12229
2026-05-28 01:05:00,BOS,short,4447.3,4451.4,4440.6,4451.4,4440.6,12229
2026-05-28 01:25:00,MSS,long,4443.5,4439.7,4449.7,4439.7,4449.7,12233
2026-05-28 02:00:00,MSS,short,4450.8,4452.9,4447.3,4452.9,4447.3,12242
2026-05-28 02:20:00,MSS,long,4450.2,4446.0,4457.0,4446.0,4457.0,12244
2026-05-28 03:15:00,MSS,short,4451.4,4453.5,4447.9,4453.5,4447.9,12254
2026-05-28 03:35:00,MSS,long,4450.2,4448.1,4453.6,4448.1,4453.6,12261
2026-05-28 04:10:00,BOS,long,4450.1,4447.7,4453.9,4447.7,4453.9,12266
2026-05-28 06:05:00,BOS,long,4453.4,4449.9,4459.0,4449.9,4459.0,12275
2026-05-28 06:30:00,MSS,short,4456.6,4459.4,4452.2,4459.4,4452.2,12283
2026-05-28 07:05:00,BOS,short,4452.9,4455.0,4449.4,4455.0,4449.4,12291
2026-05-28 07:20:00,BOS,short,4450.2,4451.8,4447.5,4451.8,4447.5,12294
2026-05-28 07:45:00,BOS,short,4448.4,4450.8,4444.5,4450.8,4444.5,12298
2026-05-28 08:25:00,BOS,short,4447.9,4450.8,4443.3,4450.8,4443.3,12298
2026-05-28 08:45:00,MSS,long,4449.6,4447.8,4452.4,4447.8,4452.4,12311
2026-05-28 08:55:00,BOS,long,4452.1,4450.2,4455.3,4450.2,4455.3,12313
2026-05-28 09:00:00,MSS,short,4451.0,4455.3,4444.0,4455.3,4444.0,12314
2026-05-28 10:00:00,BOS,short,4435.4,4455.3,4403.3,4455.3,4403.3,12314
2026-05-28 10:45:00,BOS,short,4401.4,4406.6,4393.1,4406.6,4393.1,12333
2026-05-28 11:15:00,BOS,short,4388.8,4394.5,4379.6,4394.5,4379.6,12340
2026-05-28 12:05:00,MSS,long,4370.7,4366.1,4378.1,4366.1,4378.1,12350
2026-05-28 12:25:00,MSS,short,4373.1,4378.1,4364.9,4378.1,4364.9,12352
2026-05-28 12:55:00,MSS,long,4368.3,4366.7,4371.0,4366.7,4371.0,12361
2026-05-28 13:10:00,BOS,long,4367.7,4365.1,4372.0,4365.1,4372.0,12364
2026-05-28 15:00:00,BOS,long,4379.0,4374.5,4386.2,4374.5,4386.2,12383
2026-05-28 15:15:00,BOS,long,4387.3,4385.6,4390.0,4385.6,4390.0,12388
2026-05-28 15:40:00,MSS,short,4389.8,4393.7,4383.6,4393.7,4383.6,12390
2026-05-28 15:50:00,BOS,short,4385.6,4387.0,4383.3,4387.0,4383.3,12395
2026-05-28 16:05:00,MSS,long,4384.4,4381.4,4389.2,4381.4,4389.2,12397
2026-05-28 16:55:00,MSS,short,4386.0,4387.6,4383.3,4387.6,4383.3,12407
2026-05-28 17:00:00,MSS,long,4385.1,4383.3,4388.1,4383.3,4388.1,12408
2026-05-28 18:05:00,BOS,long,4393.9,4390.7,4399.1,4390.7,4399.1,12421
2026-05-28 18:35:00,MSS,short,4398.2,4400.0,4395.3,4400.0,4395.3,12426
2026-05-28 18:40:00,BOS,short,4394.4,4400.0,4385.4,4400.0,4385.4,12426
2026-05-28 19:15:00,MSS,long,4385.6,4384.0,4388.3,4384.0,4388.3,12434
2026-05-28 19:25:00,MSS,short,4386.1,4388.3,4382.6,4388.3,4382.6,12435
2026-05-28 19:50:00,BOS,short,4384.8,4388.0,4379.5,4388.0,4379.5,12440
2026-05-28 20:00:00,MSS,long,4383.1,4379.5,4389.0,4379.5,4389.0,12442
2026-05-28 20:15:00,MSS,short,4389.1,4391.0,4386.0,4391.0,4386.0,12445
2026-05-28 20:35:00,MSS,long,4386.3,4377.8,4400.0,4377.8,4400.0,12448
2026-05-28 21:30:00,MSS,short,4425.9,4431.6,4416.6,4431.6,4416.6,12460
2026-05-28 22:05:00,MSS,long,4426.5,4418.1,4440.0,4418.1,4440.0,12468
2026-05-28 22:40:00,BOS,long,4459.0,4452.8,4469.0,4452.8,4469.0,12475
2026-05-28 23:35:00,BOS,long,4472.8,4466.9,4482.3,4466.9,4482.3,12484
2026-05-29 00:15:00,BOS,long,4484.7,4478.7,4494.4,4478.7,4494.4,12494
2026-05-29 00:40:00,BOS,long,4497.7,4495.1,4501.9,4495.1,4501.9,12498
2026-05-29 00:50:00,BOS,long,4500.6,4496.7,4506.8,4496.7,4506.8,12500
2026-05-29 01:10:00,MSS,short,4507.9,4511.5,4502.1,4511.5,4502.1,12504
2026-05-29 01:45:00,MSS,long,4503.7,4501.9,4506.5,4501.9,4506.5,12510
2026-05-29 02:25:00,MSS,short,4506.6,4507.6,4504.9,4507.6,4504.9,12516
2026-05-29 02:35:00,BOS,short,4504.4,4507.6,4499.2,4507.6,4499.2,12516
2026-05-29 03:45:00,BOS,short,4498.6,4499.6,4497.1,4499.6,4497.1,12525
2026-05-29 04:40:00,BOS,short,4495.1,4496.2,4493.3,4496.2,4493.3,12531
2026-05-29 04:55:00,BOS,short,4495.0,4496.2,4493.0,4496.2,4493.0,12531
2026-05-29 08:15:00,MSS,long,4494.4,4493.0,4496.7,4493.0,4496.7,12534
2026-05-29 16:50:00,BOS,long,4508.8,4506.3,4512.9,4506.3,4512.9,12540
2026-05-29 21:45:00,BOS,long,4524.1,4518.0,4534.0,4518.0,4534.0,12543
2026-06-01 12:45:00,MSS,short,4561.5,4592.5,4511.3,4592.5,4511.3,12550
2026-06-01 14:20:00,BOS,short,4513.9,4520.9,4502.5,4520.9,4502.5,12563
2026-06-01 16:00:00,BOS,short,4501.5,4503.9,4497.6,4503.9,4497.6,12568
2026-06-01 19:20:00,MSS,long,4502.6,4497.6,4510.8,4497.6,4510.8,12569
2026-06-01 21:05:00,MSS,short,4505.6,4510.8,4497.1,4510.8,4497.1,12570
