signal_time,entry_time,exit_time,kind,direction,entry,sl,final_sl,tp,break_even_moved,break_even_time,exit_price,exit_reason,points,dollars,bars_held
2025-08-28 08:20:00,2025-08-28 08:31:00,2025-08-28 08:50:00,BOS,long,3423.3,3422.0,3423.3,3425.4,True,2025-08-28 08:41:00,3423.0,BE,-0.3,-6.99,16
2025-08-28 09:35:00,2025-08-28 10:02:00,2025-08-28 10:09:00,BOS,short,3417.1,3418.4,3417.1,3414.9,True,2025-08-28 10:03:00,3414.9,TP,2.2,17.63,7
2025-08-28 13:20:00,2025-08-28 13:29:00,2025-08-28 13:37:00,BOS,short,3416.8,3417.4,3416.8,3415.8,True,2025-08-28 13:33:00,3416.9,BE,-0.1,-5.11,6
2025-08-28 13:40:00,2025-08-28 13:51:00,2025-08-28 13:55:00,BOS,short,3416.2,3416.9,3416.2,3415.0,True,2025-08-28 13:52:00,3416.3,BE,-0.1,-5.26,2
2025-08-28 15:00:00,2025-08-28 15:14:00,2025-08-28 15:15:00,MSS,short,3422.8,3423.8,3423.8,3421.3,False,,3423.8,SL,-1.0,-13.55,1
2025-08-28 15:30:00,2025-08-28 16:04:00,2025-08-28 16:06:00,BOS,short,3422.7,3424.0,3424.0,3420.6,False,,3424.0,SL,-1.3,-16.99,2
2025-08-28 18:00:00,2025-08-28 18:45:00,2025-08-28 18:54:00,MSS,short,3426.0,3427.3,3426.0,3423.9,True,2025-08-28 18:51:00,3426.0,BE,0.0,-4.0,7
2025-08-28 20:05:00,2025-08-28 20:30:00,2025-08-28 20:30:00,BOS,long,3435.0,3433.3,3433.3,3437.7,False,,3433.3,SL,-1.7,-20.81,0
2025-08-28 21:05:00,2025-08-28 21:14:00,2025-08-28 21:16:00,BOS,short,3427.7,3430.0,3430.0,3424.0,False,,3430.0,SL,-2.3,-26.92,2
2025-08-29 02:15:00,2025-08-29 02:49:00,2025-08-29 02:52:00,BOS,long,3447.7,3446.9,3447.7,3449.0,True,2025-08-29 02:49:00,3449.0,TP,1.3,8.98,2
2025-08-29 02:50:00,2025-08-29 03:30:00,2025-08-29 03:32:00,MSS,long,3448.7,3447.7,3447.7,3450.2,False,,3447.7,SL,-1.0,-13.55,2
2025-08-29 03:30:00,2025-08-29 03:46:00,2025-08-29 03:52:00,MSS,short,3449.0,3450.1,3449.0,3447.3,True,2025-08-29 03:50:00,3449.0,BE,0.0,-4.0,6
2025-08-29 06:55:00,2025-08-29 07:17:00,2025-08-29 07:29:00,MSS,long,3446.9,3446.6,3446.9,3447.4,True,2025-08-29 07:17:00,3446.6,BE,-0.3,-7.06,5
2025-08-29 07:50:00,2025-08-29 08:32:00,2025-08-29 08:32:00,MSS,long,3447.0,3446.7,3446.7,3447.4,False,,3446.7,SL,-0.3,-6.67,0
2025-08-29 09:30:00,2025-08-29 09:35:00,2025-08-29 09:37:00,MSS,long,3442.3,3441.6,3442.3,3443.5,True,2025-08-29 09:35:00,3442.1,BE,-0.2,-6.26,2
2025-08-29 13:00:00,2025-08-29 13:07:00,2025-08-29 13:11:00,BOS,short,3441.2,3441.8,3441.2,3440.2,True,2025-08-29 13:07:00,3440.2,TP,1.0,5.89,3
2025-08-29 14:30:00,2025-08-29 15:01:00,2025-08-29 15:02:00,MSS,short,3442.3,3443.1,3443.1,3441.1,False,,3443.1,SL,-0.8,-11.64,1
2025-08-29 15:00:00,2025-08-29 15:14:00,2025-08-29 15:18:00,MSS,long,3440.1,3438.1,3438.1,3443.3,False,,3438.1,SL,-2.0,-23.86,4
2025-08-29 16:10:00,2025-08-29 16:22:00,2025-08-29 16:36:00,BOS,long,3441.9,3440.9,3441.9,3443.5,True,2025-08-29 16:31:00,3443.5,TP,1.6,12.07,9
2025-08-29 16:50:00,2025-08-29 17:00:00,2025-08-29 17:01:00,MSS,short,3442.4,3443.2,3442.4,3441.2,True,2025-08-29 17:01:00,3441.2,TP,1.2,8.36,1
2025-08-29 18:00:00,2025-08-29 18:12:00,2025-08-29 18:13:00,BOS,short,3439.3,3440.1,3439.3,3438.1,True,2025-08-29 18:12:00,3438.1,TP,1.2,8.36,1
2025-08-29 19:15:00,2025-08-29 19:25:00,2025-08-29 19:29:00,MSS,long,3435.3,3434.7,3435.3,3436.3,True,2025-08-29 19:25:00,3436.8,TP,1.5,10.89,3
2025-08-29 19:25:00,2025-08-29 20:17:00,2025-08-29 20:18:00,BOS,long,3435.6,3434.9,3435.6,3436.8,True,2025-08-29 20:17:00,3436.8,TP,1.2,7.74,1
2025-08-29 22:30:00,2025-08-29 22:45:00,2025-08-29 23:00:00,BOS,long,3469.9,3466.3,3469.9,3475.7,True,2025-08-29 22:48:00,3475.7,TP,5.8,54.09,15
2025-08-30 00:10:00,2025-08-30 00:32:00,2025-08-30 00:34:00,MSS,short,3485.0,3487.0,3485.0,3481.7,True,2025-08-30 00:33:00,3485.0,BE,0.0,-4.0,2
2025-08-30 02:25:00,2025-08-30 02:36:00,2025-08-30 02:38:00,BOS,short,3483.7,3484.2,3483.7,3482.8,True,2025-08-30 02:37:00,3482.6,TP,1.1,6.65,2
2025-08-30 02:50:00,2025-08-30 03:17:00,2025-08-30 03:17:00,BOS,short,3482.4,3483.3,3483.3,3480.9,False,,3483.3,SL,-0.9,-13.17,0
2025-09-01 08:25:00,2025-09-01 08:53:00,2025-09-01 09:00:00,MSS,long,3482.2,3481.0,3482.2,3484.1,True,2025-09-01 08:58:00,3482.1,BE,-0.1,-4.84,6
2025-09-01 10:55:00,2025-09-01 11:03:00,2025-09-01 11:05:00,BOS,long,3517.1,3514.2,3514.2,3521.7,False,,3514.2,SL,-2.9,-32.65,2
2025-09-01 12:20:00,2025-09-01 12:28:00,2025-09-01 12:40:00,MSS,long,3514.6,3512.5,3514.6,3518.0,True,2025-09-01 12:34:00,3518.0,TP,3.4,29.99,11
2025-09-01 13:30:00,2025-09-01 13:39:00,2025-09-01 13:40:00,BOS,long,3518.6,3516.8,3516.8,3521.5,False,,3516.8,SL,-1.8,-21.95,1
2025-09-01 13:40:00,2025-09-01 13:47:00,2025-09-01 14:00:00,MSS,short,3520.6,3523.7,3520.6,3515.5,True,2025-09-01 13:59:00,3520.6,BE,0.0,-4.0,13
2025-09-01 14:30:00,2025-09-01 14:57:00,2025-09-01 14:58:00,BOS,long,3520.9,3518.6,3518.6,3524.5,False,,3518.6,SL,-2.3,-26.54,1
2025-09-01 17:50:00,2025-09-01 18:07:00,2025-09-01 18:09:00,BOS,short,3510.8,3512.3,3512.3,3508.4,False,,3512.3,SL,-1.5,-18.9,2
2025-09-01 20:00:00,2025-09-01 20:05:00,2025-09-01 20:05:00,MSS,long,3513.0,3512.5,3512.5,3513.8,False,,3512.5,SL,-0.5,-8.97,0
2025-09-01 20:40:00,2025-09-01 20:51:00,2025-09-01 20:54:00,MSS,short,3511.8,3513.1,3513.1,3509.8,False,,3513.1,SL,-1.3,-16.61,3
2025-09-01 21:55:00,2025-09-01 22:12:00,2025-09-01 22:14:00,MSS,short,3517.5,3519.0,3519.0,3515.2,False,,3519.2,SL,-1.7,-20.52,2
2025-09-01 22:40:00,2025-09-01 22:52:00,2025-09-01 23:02:00,BOS,short,3516.7,3518.3,3516.7,3514.2,True,2025-09-01 22:59:00,3517.0,BE,-0.3,-6.66,10
2025-09-01 23:45:00,2025-09-02 00:22:00,2025-09-02 00:26:00,BOS,short,3515.9,3517.0,3515.9,3514.2,True,2025-09-02 00:26:00,3515.9,BE,0.0,-4.0,4
2025-09-02 00:45:00,2025-09-02 01:12:00,2025-09-02 01:18:00,BOS,long,3516.9,3516.3,3516.9,3518.0,True,2025-09-02 01:15:00,3516.9,BE,0.0,-4.0,2
2025-09-02 01:55:00,2025-09-02 02:00:00,2025-09-02 02:01:00,BOS,long,3518.0,3517.7,3518.0,3518.5,True,2025-09-02 02:00:00,3517.6,BE,-0.4,-8.06,1
2025-09-02 02:00:00,2025-09-02 02:05:00,2025-09-02 02:10:00,MSS,short,3518.0,3518.5,3518.0,3517.1,True,2025-09-02 02:05:00,3518.1,BE,-0.1,-5.35,3
2025-09-02 07:20:00,2025-09-02 07:28:00,2025-09-02 07:48:00,MSS,long,3519.7,3517.4,3519.7,3523.5,True,2025-09-02 07:31:00,3523.5,TP,3.8,33.7,15
2025-09-02 08:25:00,2025-09-02 08:42:00,2025-09-02 08:46:00,BOS,long,3523.7,3521.6,3523.7,3527.0,True,2025-09-02 08:45:00,3523.4,BE,-0.3,-6.63,4
2025-09-02 09:00:00,2025-09-02 09:10:00,2025-09-02 09:13:00,MSS,short,3524.6,3528.1,3528.1,3519.0,False,,3528.1,SL,-3.5,-38.76,3
2025-09-02 09:30:00,2025-09-02 09:49:00,2025-09-02 09:50:00,BOS,long,3536.2,3534.2,3534.2,3539.4,False,,3534.2,SL,-2.0,-23.86,1
2025-09-02 11:15:00,2025-09-02 11:53:00,2025-09-02 12:12:00,MSS,short,3535.9,3539.5,3535.9,3530.0,True,2025-09-02 12:04:00,3536.0,BE,-0.1,-5.29,18
2025-09-02 12:35:00,2025-09-02 13:24:00,2025-09-02 13:27:00,BOS,long,3534.3,3532.7,3532.7,3536.9,False,,3532.7,SL,-1.6,-20.04,3
2025-09-02 15:30:00,2025-09-02 15:47:00,2025-09-02 15:50:00,BOS,short,3521.5,3523.8,3521.5,3517.9,True,2025-09-02 15:48:00,3517.9,TP,3.6,32.46,3
2025-09-02 16:30:00,2025-09-02 16:55:00,2025-09-02 16:56:00,BOS,long,3516.0,3514.7,3514.7,3518.1,False,,3514.7,SL,-1.3,-16.99,1
2025-09-02 17:25:00,2025-09-02 17:35:00,2025-09-02 17:36:00,BOS,long,3518.9,3517.3,3518.9,3521.4,True,2025-09-02 17:35:00,3518.9,BE,0.0,-4.0,1
2025-09-02 18:00:00,2025-09-02 18:08:00,2025-09-02 18:08:00,BOS,short,3519.1,3520.5,3520.5,3516.9,False,,3520.5,SL,-1.4,-17.75,0
2025-09-02 18:55:00,2025-09-02 19:19:00,2025-09-02 19:31:00,BOS,long,3521.0,3517.9,3517.9,3526.1,False,,3517.9,SL,-3.1,-35.32,12
2025-09-02 19:55:00,2025-09-02 20:17:00,2025-09-02 20:19:00,BOS,long,3522.1,3517.4,3517.4,3529.8,False,,3517.4,SL,-4.7,-51.37,2
2025-09-02 20:35:00,2025-09-02 20:52:00,2025-09-02 21:02:00,MSS,short,3519.9,3525.5,3519.9,3510.9,True,2025-09-02 21:01:00,3519.9,BE,0.0,-4.0,10
2025-09-03 00:05:00,2025-09-03 00:20:00,2025-09-03 00:23:00,BOS,long,3555.4,3553.3,3555.4,3558.8,True,2025-09-03 00:21:00,3558.8,TP,3.4,29.99,3
2025-09-03 00:50:00,2025-09-03 01:01:00,2025-09-03 01:03:00,BOS,long,3561.7,3560.0,3560.0,3564.5,False,,3560.0,SL,-1.7,-21.19,2
2025-09-03 02:25:00,2025-09-03 02:45:00,2025-09-03 02:49:00,BOS,long,3564.1,3562.8,3564.1,3566.3,True,2025-09-03 02:45:00,3563.9,BE,-0.2,-6.37,4
2025-09-03 03:35:00,2025-09-03 03:52:00,2025-09-03 03:53:00,BOS,long,3569.7,3568.6,3568.6,3571.5,False,,3568.6,SL,-1.1,-15.08,1
2025-09-03 03:50:00,2025-09-03 03:57:00,2025-09-03 04:02:00,MSS,short,3569.5,3571.7,3569.5,3565.9,True,2025-09-03 03:58:00,3569.5,BE,-0.0,-4.16,5
2025-09-03 07:50:00,2025-09-03 07:59:00,2025-09-03 08:15:00,MSS,long,3566.2,3564.3,3566.2,3569.4,True,2025-09-03 08:01:00,3569.4,TP,3.2,27.52,14
2025-09-03 08:55:00,2025-09-03 09:01:00,2025-09-03 09:04:00,MSS,short,3578.4,3581.5,3578.4,3573.3,True,2025-09-03 09:02:00,3578.4,BE,0.0,-4.0,3
2025-09-03 09:15:00,2025-09-03 09:30:00,2025-09-03 09:55:00,BOS,short,3575.4,3580.2,3575.4,3567.7,True,2025-09-03 09:40:00,3575.4,BE,0.0,-4.0,24
2025-09-03 10:00:00,2025-09-03 10:31:00,2025-09-03 10:32:00,MSS,long,3573.4,3571.0,3573.4,3577.2,True,2025-09-03 10:31:00,3573.0,BE,-0.4,-7.68,1
2025-09-03 13:15:00,2025-09-03 13:26:00,2025-09-03 13:31:00,BOS,short,3571.9,3573.3,3571.9,3569.6,True,2025-09-03 13:30:00,3569.4,TP,2.5,20.87,3
2025-09-03 13:30:00,2025-09-03 13:39:00,2025-09-03 13:45:00,BOS,short,3570.7,3572.2,3570.7,3568.4,True,2025-09-03 13:40:00,3568.4,TP,2.3,19.48,6
2025-09-03 13:45:00,2025-09-03 14:15:00,2025-09-03 14:18:00,BOS,short,3569.7,3571.0,3569.7,3567.6,True,2025-09-03 14:17:00,3567.6,TP,2.1,17.01,3
2025-09-03 16:25:00,2025-09-03 16:34:00,2025-09-03 17:02:00,BOS,long,3575.4,3573.2,3575.4,3579.0,True,2025-09-03 16:38:00,3579.1,TP,3.7,32.84,26
2025-09-03 17:05:00,2025-09-03 17:29:00,2025-09-03 17:31:00,BOS,long,3577.4,3575.6,3575.6,3580.3,False,,3575.6,SL,-1.8,-21.95,2
2025-09-03 20:00:00,2025-09-03 20:06:00,2025-09-03 20:10:00,BOS,long,3586.0,3584.0,3586.0,3589.3,True,2025-09-03 20:09:00,3586.0,BE,0.0,-4.0,4
2025-09-03 20:15:00,2025-09-03 20:27:00,2025-09-03 20:34:00,MSS,short,3585.3,3589.3,3585.3,3578.8,True,2025-09-03 20:30:00,3585.3,BE,0.0,-4.0,7
2025-09-03 21:35:00,2025-09-03 22:00:00,2025-09-03 22:04:00,MSS,short,3593.3,3598.2,3593.3,3585.3,True,2025-09-03 22:03:00,3593.3,BE,0.0,-4.0,4
2025-09-03 22:20:00,2025-09-03 22:52:00,2025-09-03 23:03:00,MSS,long,3592.1,3586.7,3592.1,3600.8,True,2025-09-03 22:59:00,3592.1,BE,0.0,-4.0,11
2025-09-03 23:30:00,2025-09-03 23:43:00,2025-09-04 00:01:00,MSS,long,3598.7,3596.4,3598.7,3602.4,True,2025-09-03 23:49:00,3598.3,BE,-0.4,-7.92,18
2025-09-04 00:55:00,2025-09-04 01:09:00,2025-09-04 01:11:00,BOS,long,3604.6,3603.5,3603.5,3606.5,False,,3603.5,SL,-1.1,-15.46,2
2025-09-04 07:10:00,2025-09-04 07:18:00,2025-09-04 07:20:00,BOS,short,3584.8,3586.8,3584.8,3581.5,True,2025-09-04 07:19:00,3584.8,BE,0.0,-4.0,2
2025-09-04 07:55:00,2025-09-04 08:01:00,2025-09-04 08:02:00,MSS,long,3582.6,3581.4,3581.4,3584.6,False,,3581.2,SL,-1.4,-18.22,1
2025-09-04 08:05:00,2025-09-04 08:11:00,2025-09-04 08:22:00,MSS,short,3581.2,3584.9,3581.2,3575.3,True,2025-09-04 08:13:00,3581.3,BE,-0.1,-4.67,10
2025-09-04 08:50:00,2025-09-04 09:19:00,2025-09-04 09:20:00,BOS,long,3585.2,3583.1,3585.2,3588.7,True,2025-09-04 09:20:00,3585.2,BE,0.0,-4.0,1
2025-09-04 11:10:00,2025-09-04 11:20:00,2025-09-04 11:39:00,BOS,short,3554.9,3561.2,3561.2,3544.8,False,,3561.2,SL,-6.3,-66.65,19
2025-09-04 12:05:00,2025-09-04 12:21:00,2025-09-04 12:37:00,BOS,long,3558.7,3556.1,3558.7,3562.9,True,2025-09-04 12:33:00,3558.7,BE,0.0,-4.0,13
2025-09-04 12:50:00,2025-09-04 13:01:00,2025-09-04 13:03:00,BOS,long,3559.0,3558.0,3559.0,3560.6,True,2025-09-04 13:02:00,3559.0,BE,0.0,-4.0,2
2025-09-04 13:50:00,2025-09-04 14:09:00,2025-09-04 14:13:00,MSS,short,3558.2,3561.6,3561.6,3552.8,False,,3561.6,SL,-3.4,-37.62,4
2025-09-04 15:00:00,2025-09-04 15:20:00,2025-09-04 15:29:00,MSS,short,3566.9,3569.5,3566.9,3562.7,True,2025-09-04 15:21:00,3567.4,BE,-0.5,-8.98,9
2025-09-04 16:00:00,2025-09-04 16:25:00,2025-09-04 16:34:00,BOS,long,3570.7,3568.1,3570.7,3574.9,True,2025-09-04 16:30:00,3570.7,BE,0.0,-4.0,9
2025-09-04 16:45:00,2025-09-04 17:02:00,2025-09-04 17:03:00,MSS,short,3571.1,3573.0,3573.0,3568.1,False,,3573.0,SL,-1.9,-22.72,1
2025-09-04 17:50:00,2025-09-04 18:03:00,2025-09-04 18:06:00,BOS,short,3568.7,3570.7,3570.7,3565.5,False,,3570.7,SL,-2.0,-23.86,2
2025-09-04 18:05:00,2025-09-04 18:26:00,2025-09-04 18:50:00,MSS,long,3569.0,3565.0,3569.0,3575.5,True,2025-09-04 18:29:00,3568.7,BE,-0.3,-7.11,21
2025-09-04 19:00:00,2025-09-04 19:32:00,2025-09-04 19:33:00,MSS,short,3570.0,3571.6,3570.0,3567.4,True,2025-09-04 19:32:00,3570.5,BE,-0.5,-9.04,1
2025-09-04 20:55:00,2025-09-04 21:01:00,2025-09-04 21:03:00,BOS,long,3575.7,3573.3,3573.3,3579.7,False,,3573.3,SL,-2.4,-28.45,2
2025-09-04 21:00:00,2025-09-04 21:13:00,2025-09-04 21:17:00,MSS,short,3576.4,3579.7,3579.7,3571.0,False,,3579.7,SL,-3.3,-37.23,4
2025-09-04 21:35:00,2025-09-04 21:40:00,2025-09-04 21:42:00,BOS,long,3583.5,3580.7,3580.7,3588.0,False,,3580.7,SL,-2.8,-31.89,2
2025-09-04 23:05:00,2025-09-04 23:27:00,2025-09-04 23:35:00,BOS,long,3573.7,3569.9,3573.7,3579.9,True,2025-09-04 23:32:00,3573.7,BE,0.0,-4.0,8
2025-09-05 00:45:00,2025-09-05 01:05:00,2025-09-05 01:26:00,MSS,short,3581.8,3584.4,3581.8,3577.7,True,2025-09-05 01:12:00,3577.6,TP,4.2,38.41,19
2025-09-05 02:35:00,2025-09-05 02:55:00,2025-09-05 02:56:00,MSS,long,3573.6,3572.4,3573.6,3575.6,True,2025-09-05 02:55:00,3572.7,BE,-0.9,-13.22,1
2025-09-05 09:00:00,2025-09-05 09:11:00,2025-09-05 09:29:00,BOS,long,3580.5,3579.0,3580.5,3583.0,True,2025-09-05 09:17:00,3583.0,TP,2.5,20.72,17
2025-09-05 09:45:00,2025-09-05 10:06:00,2025-09-05 10:27:00,MSS,short,3583.1,3584.7,3583.1,3580.4,True,2025-09-05 10:10:00,3580.4,TP,2.7,22.57,19
2025-09-05 10:30:00,2025-09-05 10:51:00,2025-09-05 11:09:00,BOS,short,3581.3,3584.6,3581.3,3576.0,True,2025-09-05 10:53:00,3581.5,BE,-0.2,-5.85,18
2025-09-05 12:35:00,2025-09-05 12:44:00,2025-09-05 12:48:00,BOS,long,3588.1,3587.2,3588.1,3589.5,True,2025-09-05 12:46:00,3587.8,BE,-0.3,-6.79,3
2025-09-05 13:20:00,2025-09-05 13:32:00,2025-09-05 13:36:00,MSS,short,3587.5,3588.6,3588.6,3585.7,False,,3588.6,SL,-1.1,-15.08,2
2025-09-05 13:35:00,2025-09-05 13:44:00,2025-09-05 13:52:00,MSS,long,3587.3,3585.7,3587.3,3590.0,True,2025-09-05 13:49:00,3587.3,BE,0.0,-4.0,8
2025-09-05 16:45:00,2025-09-05 17:02:00,2025-09-05 17:03:00,BOS,short,3576.6,3577.2,3577.2,3575.6,False,,3577.4,SL,-0.8,-12.11,1
2025-09-05 18:25:00,2025-09-05 18:31:00,2025-09-05 18:31:00,BOS,long,3579.1,3578.5,3578.5,3580.0,False,,3578.5,SL,-0.6,-9.73,0
2025-09-05 18:35:00,2025-09-05 18:49:00,2025-09-05 18:53:00,MSS,short,3578.9,3580.0,3578.9,3577.1,True,2025-09-05 18:52:00,3579.0,BE,-0.1,-5.08,3
2025-09-05 19:00:00,2025-09-05 19:20:00,2025-09-05 19:28:00,MSS,long,3578.4,3576.8,3576.8,3581.1,False,,3576.8,SL,-1.6,-20.43,6
2025-09-05 19:25:00,2025-09-05 19:59:00,2025-09-05 20:02:00,MSS,short,3580.1,3582.5,3580.1,3576.2,True,2025-09-05 20:00:00,3576.2,TP,3.9,34.93,3
2025-09-05 22:00:00,2025-09-05 22:08:00,2025-09-05 22:09:00,BOS,long,3619.8,3617.2,3619.8,3624.0,True,2025-09-05 22:08:00,3619.8,BE,0.0,-4.0,1
2025-09-06 00:05:00,2025-09-06 00:40:00,2025-09-06 00:48:00,BOS,long,3619.6,3617.0,3619.6,3623.7,True,2025-09-06 00:41:00,3623.7,TP,4.1,37.41,8
2025-09-06 01:00:00,2025-09-06 01:23:00,2025-09-06 01:28:00,MSS,short,3623.0,3625.2,3623.0,3619.4,True,2025-09-06 01:27:00,3623.0,BE,0.0,-4.0,5
2025-09-06 02:30:00,2025-09-06 02:40:00,2025-09-06 02:44:00,BOS,short,3619.0,3620.2,3619.0,3617.0,True,2025-09-06 02:41:00,3619.0,BE,0.0,-4.0,4
2025-09-06 03:35:00,2025-09-06 03:48:00,2025-09-06 04:00:00,BOS,short,3618.3,3619.5,3618.3,3616.4,True,2025-09-06 03:56:00,3618.4,BE,-0.1,-4.84,12
2025-09-08 07:35:00,2025-09-08 08:00:00,2025-09-08 08:00:00,MSS,long,3600.5,3599.6,3599.6,3601.9,False,,3599.6,SL,-0.9,-12.79,0
2025-09-08 08:20:00,2025-09-08 08:31:00,2025-09-08 08:35:00,MSS,long,3599.7,3598.2,3599.7,3602.0,True,2025-09-08 08:32:00,3599.0,BE,-0.7,-10.52,3
2025-09-08 09:00:00,2025-09-08 09:06:00,2025-09-08 09:09:00,BOS,long,3602.9,3599.0,3599.0,3609.2,False,,3599.0,SL,-3.9,-42.96,3
2025-09-08 09:55:00,2025-09-08 10:11:00,2025-09-08 10:13:00,MSS,long,3600.7,3598.8,3600.7,3603.9,True,2025-09-08 10:13:00,3600.7,BE,0.0,-4.0,2
2025-09-08 10:30:00,2025-09-08 11:11:00,2025-09-08 11:30:00,BOS,long,3601.6,3599.0,3599.0,3605.9,False,,3599.0,SL,-2.6,-30.36,16
2025-09-08 13:00:00,2025-09-08 13:30:00,2025-09-08 13:32:00,MSS,long,3595.0,3594.1,3595.0,3596.4,True,2025-09-08 13:32:00,3596.4,TP,1.4,10.21,2
2025-09-08 14:10:00,2025-09-08 14:16:00,2025-09-08 14:19:00,BOS,long,3603.4,3601.8,3603.4,3605.9,True,2025-09-08 14:18:00,3603.4,BE,0.0,-4.0,3
2025-09-08 16:15:00,2025-09-08 17:02:00,2025-09-08 17:08:00,BOS,long,3620.9,3619.0,3620.9,3623.9,True,2025-09-08 17:02:00,3623.9,TP,3.0,26.28,5
2025-09-08 18:00:00,2025-09-08 18:53:00,2025-09-08 18:53:00,BOS,long,3625.8,3625.1,3625.1,3627.0,False,,3625.1,SL,-0.7,-11.26,0
2025-09-08 18:50:00,2025-09-08 18:58:00,2025-09-08 19:32:00,MSS,short,3628.3,3630.7,3628.3,3624.3,True,2025-09-08 19:00:00,3628.8,BE,-0.5,-9.45,29
2025-09-08 19:55:00,2025-09-08 20:10:00,2025-09-08 20:14:00,MSS,long,3626.4,3623.8,3626.4,3630.6,True,2025-09-08 20:11:00,3626.4,BE,0.0,-4.0,4
2025-09-08 21:10:00,2025-09-08 21:17:00,2025-09-08 21:31:00,BOS,long,3636.9,3633.5,3633.5,3642.4,False,,3633.5,SL,-3.4,-38.0,14
2025-09-08 22:05:00,2025-09-08 22:18:00,2025-09-08 22:28:00,BOS,long,3642.5,3638.8,3642.5,3648.5,True,2025-09-08 22:28:00,3642.5,BE,0.0,-4.0,10
2025-09-09 00:00:00,2025-09-09 00:07:00,2025-09-09 00:13:00,BOS,short,3650.4,3652.2,3650.4,3647.6,True,2025-09-09 00:09:00,3650.4,BE,0.0,-4.0,6
2025-09-09 00:35:00,2025-09-09 00:47:00,2025-09-09 01:05:00,BOS,short,3651.2,3653.2,3651.2,3648.0,True,2025-09-09 01:03:00,3648.0,TP,3.2,28.14,16
2025-09-09 01:55:00,2025-09-09 02:09:00,2025-09-09 02:38:00,BOS,short,3646.5,3647.8,3646.5,3644.5,True,2025-09-09 02:15:00,3646.5,BE,0.0,-4.0,24
2025-09-09 02:45:00,2025-09-09 03:15:00,2025-09-09 03:16:00,MSS,long,3646.1,3645.2,3645.2,3647.5,False,,3645.0,SL,-1.1,-14.79,1
2025-09-09 07:15:00,2025-09-09 07:32:00,2025-09-09 07:50:00,BOS,short,3643.5,3645.3,3643.5,3640.7,True,2025-09-09 07:36:00,3643.6,BE,-0.1,-4.57,12
2025-09-09 08:50:00,2025-09-09 08:59:00,2025-09-09 09:02:00,BOS,long,3650.8,3649.8,3650.8,3652.5,True,2025-09-09 09:01:00,3652.5,TP,1.7,12.69,3
2025-09-09 09:00:00,2025-09-09 09:06:00,2025-09-09 09:07:00,BOS,long,3651.8,3650.4,3650.4,3654.0,False,,3650.4,SL,-1.4,-17.75,1
2025-09-09 09:05:00,2025-09-09 09:16:00,2025-09-09 09:19:00,MSS,short,3651.7,3654.0,3654.0,3648.0,False,,3654.0,SL,-2.3,-26.92,3
2025-09-09 10:05:00,2025-09-09 10:51:00,2025-09-09 11:09:00,BOS,long,3659.1,3655.5,3659.1,3664.9,True,2025-09-09 11:01:00,3659.0,BE,-0.1,-4.91,17
2025-09-09 13:15:00,2025-09-09 13:21:00,2025-09-09 13:23:00,MSS,short,3665.5,3666.9,3666.9,3663.3,False,,3666.9,SL,-1.4,-17.75,2
2025-09-09 13:35:00,2025-09-09 13:58:00,2025-09-09 14:00:00,MSS,long,3665.4,3663.3,3665.4,3668.8,True,2025-09-09 13:58:00,3665.4,BE,0.0,-4.0,2
2025-09-09 15:20:00,2025-09-09 15:44:00,2025-09-09 15:47:00,BOS,long,3656.3,3654.3,3654.3,3659.5,False,,3654.3,SL,-2.0,-23.86,3
2025-09-09 18:30:00,2025-09-09 19:00:00,2025-09-09 19:01:00,MSS,short,3663.1,3663.9,3663.1,3661.8,True,2025-09-09 19:01:00,3663.1,BE,0.0,-4.0,1
2025-09-09 19:20:00,2025-09-09 19:41:00,2025-09-09 19:43:00,BOS,short,3663.2,3663.7,3663.2,3662.3,True,2025-09-09 19:41:00,3663.3,BE,-0.1,-5.35,2
2025-09-09 19:45:00,2025-09-09 20:06:00,2025-09-09 20:08:00,BOS,short,3662.2,3663.7,3663.7,3659.9,False,,3663.9,SL,-1.7,-20.52,2
2025-09-09 20:05:00,2025-09-09 20:21:00,2025-09-09 20:38:00,MSS,long,3659.9,3656.8,3656.8,3664.9,False,,3656.8,SL,-3.1,-34.94,17
2025-09-09 20:35:00,2025-09-09 21:04:00,2025-09-09 21:07:00,MSS,short,3661.7,3665.5,3661.7,3655.6,True,2025-09-09 21:06:00,3661.7,BE,0.0,-4.0,3
2025-09-09 22:30:00,2025-09-09 22:46:00,2025-09-09 23:07:00,BOS,short,3659.6,3665.1,3659.6,3650.6,True,2025-09-09 22:47:00,3650.6,TP,9.0,85.61,21
2025-09-10 00:05:00,2025-09-10 00:20:00,2025-09-10 00:22:00,BOS,long,3654.2,3651.8,3654.2,3658.2,True,2025-09-10 00:21:00,3654.2,BE,0.0,-4.0,2
2025-09-10 02:10:00,2025-09-10 02:26:00,2025-09-10 02:30:00,MSS,long,3653.2,3652.3,3653.2,3654.7,True,2025-09-10 02:26:00,3654.7,TP,1.5,10.83,4
2025-09-10 07:10:00,2025-09-10 07:36:00,2025-09-10 07:41:00,BOS,long,3644.1,3642.2,3644.1,3647.3,True,2025-09-10 07:40:00,3644.1,BE,-0.0,-4.48,5
2025-09-10 08:45:00,2025-09-10 09:03:00,2025-09-10 09:05:00,BOS,short,3636.4,3639.2,3636.4,3631.8,True,2025-09-10 09:03:00,3631.8,TP,4.6,41.73,2
2025-09-10 09:25:00,2025-09-10 09:31:00,2025-09-10 09:33:00,BOS,short,3634.4,3638.3,3634.4,3628.2,True,2025-09-10 09:31:00,3634.4,BE,0.0,-4.0,2
2025-09-10 10:30:00,2025-09-10 10:41:00,2025-09-10 10:43:00,MSS,short,3642.4,3644.0,3644.0,3639.7,False,,3644.0,SL,-1.6,-20.43,2
2025-09-10 12:50:00,2025-09-10 13:19:00,2025-09-10 13:21:00,BOS,long,3649.8,3648.7,3649.8,3651.6,True,2025-09-10 13:19:00,3651.6,TP,1.8,13.92,2
2025-09-10 14:05:00,2025-09-10 14:42:00,2025-09-10 14:44:00,BOS,long,3650.9,3649.5,3650.9,3653.2,True,2025-09-10 14:43:00,3653.2,TP,2.3,18.87,2
2025-09-10 15:00:00,2025-09-10 15:32:00,2025-09-10 15:34:00,BOS,long,3653.4,3652.2,3653.4,3655.4,True,2025-09-10 15:34:00,3653.4,BE,0.0,-4.0,2
2025-09-10 17:20:00,2025-09-10 17:29:00,2025-09-10 17:31:00,BOS,long,3655.1,3654.7,3655.1,3655.8,True,2025-09-10 17:29:00,3656.3,TP,1.2,7.8,1
2025-09-10 18:20:00,2025-09-10 19:03:00,2025-09-10 19:03:00,BOS,long,3663.6,3662.2,3662.2,3665.8,False,,3662.2,SL,-1.4,-17.75,0
2025-09-10 19:00:00,2025-09-10 19:13:00,2025-09-10 19:41:00,MSS,short,3664.9,3667.8,3664.9,3660.1,True,2025-09-10 19:32:00,3660.1,TP,4.8,43.59,24
2025-09-10 20:10:00,2025-09-10 20:17:00,2025-09-10 20:22:00,BOS,short,3659.7,3660.8,3659.7,3657.8,True,2025-09-10 20:20:00,3660.5,BE,-0.8,-12.46,5
2025-09-10 20:30:00,2025-09-10 20:35:00,2025-09-10 20:37:00,MSS,long,3661.8,3657.5,3657.5,3668.8,False,,3657.5,SL,-4.3,-47.17,2
2025-09-10 22:10:00,2025-09-10 22:41:00,2025-09-10 22:42:00,BOS,long,3661.6,3659.5,3661.6,3664.9,True,2025-09-10 22:42:00,3661.6,BE,0.0,-4.0,1
2025-09-10 23:20:00,2025-09-10 23:30:00,2025-09-10 23:33:00,BOS,short,3655.4,3659.1,3655.4,3649.4,True,2025-09-10 23:32:00,3655.4,BE,0.0,-4.0,3
2025-09-11 00:25:00,2025-09-11 00:52:00,2025-09-11 01:01:00,BOS,short,3653.6,3655.2,3653.6,3651.0,True,2025-09-11 01:00:00,3653.6,BE,-0.0,-4.04,9
2025-09-11 02:00:00,2025-09-11 02:38:00,2025-09-11 02:40:00,BOS,long,3657.1,3656.1,3656.1,3658.7,False,,3656.1,SL,-1.0,-13.93,2
2025-09-11 03:30:00,2025-09-11 03:48:00,2025-09-11 03:54:00,BOS,short,3650.4,3652.2,3652.2,3647.4,False,,3652.3,SL,-1.9,-23.34,6
2025-09-11 08:00:00,2025-09-11 08:34:00,2025-09-11 08:34:00,BOS,long,3655.0,3654.2,3654.2,3656.2,False,,3654.2,SL,-0.8,-11.64,0
2025-09-11 08:30:00,2025-09-11 09:00:00,2025-09-11 09:01:00,MSS,short,3655.4,3656.2,3655.4,3654.0,True,2025-09-11 09:00:00,3652.8,TP,2.6,21.6,1
2025-09-11 11:40:00,2025-09-11 11:51:00,2025-09-11 12:01:00,BOS,short,3641.7,3643.0,3641.7,3639.6,True,2025-09-11 11:53:00,3641.7,BE,0.0,-4.0,8
2025-09-11 13:35:00,2025-09-11 13:45:00,2025-09-11 13:51:00,MSS,long,3636.4,3633.3,3636.4,3641.4,True,2025-09-11 13:49:00,3636.4,BE,0.0,-4.0,6
2025-09-11 13:50:00,2025-09-11 14:06:00,2025-09-11 14:10:00,MSS,short,3638.8,3641.4,3641.4,3634.6,False,,3641.4,SL,-2.6,-29.98,4
2025-09-11 14:40:00,2025-09-11 14:56:00,2025-09-11 15:02:00,BOS,long,3642.1,3640.0,3640.0,3645.5,False,,3640.0,SL,-2.1,-25.01,4
2025-09-11 16:00:00,2025-09-11 16:11:00,2025-09-11 16:33:00,MSS,long,3637.7,3635.8,3637.7,3640.8,True,2025-09-11 16:14:00,3637.3,BE,-0.4,-8.1,15
2025-09-11 18:15:00,2025-09-11 18:26:00,2025-09-11 18:29:00,MSS,long,3630.1,3628.9,3630.1,3632.1,True,2025-09-11 18:27:00,3630.1,BE,0.0,-4.0,3
2025-09-11 19:35:00,2025-09-11 20:13:00,2025-09-11 20:13:00,BOS,short,3628.5,3629.7,3629.7,3626.6,False,,3629.7,SL,-1.2,-15.84,0
2025-09-11 20:20:00,2025-09-11 20:30:00,2025-09-11 20:30:00,MSS,long,3630.6,3627.1,3627.1,3636.2,False,,3627.1,SL,-3.5,-38.76,0
2025-09-11 20:30:00,2025-09-11 20:47:00,2025-09-11 20:51:00,BOS,long,3636.0,3627.1,3636.0,3650.5,True,2025-09-11 20:48:00,3636.0,BE,0.0,-4.0,4
2025-09-11 21:15:00,2025-09-11 21:52:00,2025-09-11 22:07:00,MSS,short,3641.2,3646.7,3641.2,3632.2,True,2025-09-11 21:59:00,3641.2,BE,0.0,-4.0,15
2025-09-11 22:05:00,2025-09-11 22:47:00,2025-09-11 22:55:00,MSS,long,3638.2,3634.7,3638.2,3643.8,True,2025-09-11 22:49:00,3638.0,BE,-0.2,-5.76,8
2025-09-12 01:00:00,2025-09-12 01:24:00,2025-09-12 01:53:00,BOS,short,3644.9,3646.8,3644.9,3641.8,True,2025-09-12 01:43:00,3645.5,BE,-0.6,-10.1,23
2025-09-12 03:15:00,2025-09-12 03:30:00,2025-09-12 03:34:00,BOS,long,3645.1,3644.4,3645.1,3646.2,True,2025-09-12 03:31:00,3646.6,TP,1.5,11.12,2
2025-09-12 10:05:00,2025-09-12 10:47:00,2025-09-12 10:51:00,BOS,long,3656.8,3655.0,3656.8,3659.6,True,2025-09-12 10:48:00,3659.6,TP,2.8,24.43,4
2025-09-12 11:55:00,2025-09-12 12:07:00,2025-09-12 12:08:00,BOS,long,3662.2,3661.4,3662.2,3663.6,True,2025-09-12 12:08:00,3663.6,TP,1.4,9.6,1
2025-09-12 13:15:00,2025-09-12 13:28:00,2025-09-12 13:29:00,BOS,long,3664.7,3663.7,3663.7,3666.4,False,,3663.7,SL,-1.0,-14.31,1
2025-09-12 13:25:00,2025-09-12 13:33:00,2025-09-12 13:37:00,MSS,short,3665.4,3666.5,3665.4,3663.5,True,2025-09-12 13:33:00,3663.5,TP,1.9,14.54,4
2025-09-12 15:05:00,2025-09-12 15:23:00,2025-09-12 15:26:00,MSS,long,3660.3,3659.0,3660.3,3662.3,True,2025-09-12 15:24:00,3660.3,BE,0.0,-4.0,3
2025-09-12 16:00:00,2025-09-12 16:10:00,2025-09-12 16:10:00,MSS,long,3657.9,3656.9,3656.9,3659.4,False,,3656.9,SL,-1.0,-13.55,0
2025-09-12 16:45:00,2025-09-12 17:04:00,2025-09-12 17:04:00,BOS,short,3653.7,3655.1,3655.1,3651.4,False,,3655.1,SL,-1.4,-18.13,0
2025-09-12 22:20:00,2025-09-12 22:35:00,2025-09-12 22:36:00,BOS,long,3660.3,3658.4,3658.4,3663.4,False,,3658.4,SL,-1.9,-23.1,1
2025-09-15 07:30:00,2025-09-15 08:00:00,2025-09-15 08:03:00,BOS,short,3646.6,3647.9,3646.6,3644.4,True,2025-09-15 08:01:00,3644.4,TP,2.2,17.63,2
2025-09-15 08:10:00,2025-09-15 08:30:00,2025-09-15 08:39:00,MSS,long,3644.9,3642.1,3642.1,3649.5,False,,3642.1,SL,-2.8,-32.27,9
2025-09-15 10:55:00,2025-09-15 11:05:00,2025-09-15 11:13:00,MSS,short,3650.5,3652.5,3650.5,3647.3,True,2025-09-15 11:06:00,3650.7,BE,-0.2,-5.86,7
2025-09-15 12:55:00,2025-09-15 13:07:00,2025-09-15 13:10:00,MSS,long,3652.6,3652.0,3652.0,3653.7,False,,3652.0,SL,-0.6,-10.49,2
2025-09-15 13:10:00,2025-09-15 13:20:00,2025-09-15 13:21:00,MSS,short,3652.6,3653.8,3653.8,3650.7,False,,3653.9,SL,-1.3,-16.84,1
2025-09-15 15:50:00,2025-09-15 16:13:00,2025-09-15 16:26:00,BOS,long,3649.9,3648.7,3649.9,3651.9,True,2025-09-15 16:22:00,3649.8,BE,-0.1,-5.22,8
2025-09-15 16:45:00,2025-09-15 16:53:00,2025-09-15 16:53:00,BOS,short,3649.2,3649.8,3649.8,3648.3,False,,3649.8,SL,-0.6,-9.73,0
2025-09-15 17:15:00,2025-09-15 18:13:00,2025-09-15 18:17:00,MSS,short,3652.1,3653.5,3653.5,3649.9,False,,3653.5,SL,-1.4,-17.75,4
2025-09-15 18:15:00,2025-09-15 18:53:00,2025-09-15 20:15:00,MSS,long,3647.7,3643.7,3647.7,3654.1,True,2025-09-15 19:09:00,3647.7,BE,0.0,-4.0,71
2025-09-16 00:25:00,2025-09-16 00:37:00,2025-09-16 00:38:00,BOS,long,3691.3,3689.4,3689.4,3694.3,False,,3689.4,SL,-1.9,-22.72,1
2025-09-16 00:35:00,2025-09-16 01:32:00,2025-09-16 01:51:00,MSS,short,3692.0,3695.2,3692.0,3686.7,True,2025-09-16 01:41:00,3692.0,BE,0.0,-4.0,17
2025-09-16 02:35:00,2025-09-16 03:12:00,2025-09-16 03:16:00,BOS,short,3688.9,3690.6,3688.9,3686.2,True,2025-09-16 03:16:00,3688.9,BE,0.0,-4.0,4
2025-09-16 08:55:00,2025-09-16 09:02:00,2025-09-16 09:03:00,BOS,long,3693.6,3692.0,3693.6,3696.2,True,2025-09-16 09:03:00,3693.6,BE,0.0,-4.0,1
2025-09-16 09:30:00,2025-09-16 09:36:00,2025-09-16 09:43:00,MSS,long,3688.0,3686.1,3688.0,3691.1,True,2025-09-16 09:39:00,3688.0,BE,0.0,-4.0,7
2025-09-16 11:35:00,2025-09-16 11:40:00,2025-09-16 11:47:00,BOS,long,3689.0,3688.0,3689.0,3690.5,True,2025-09-16 11:44:00,3688.6,BE,-0.4,-7.55,4
2025-09-16 12:35:00,2025-09-16 12:44:00,2025-09-16 12:51:00,MSS,short,3689.6,3690.7,3690.7,3687.7,False,,3690.7,SL,-1.1,-15.46,5
2025-09-16 14:55:00,2025-09-16 15:11:00,2025-09-16 15:27:00,BOS,long,3698.4,3696.3,3698.4,3701.8,True,2025-09-16 15:12:00,3698.4,BE,0.0,-4.0,15
2025-09-16 15:55:00,2025-09-16 16:09:00,2025-09-16 16:10:00,BOS,short,3696.9,3698.2,3698.2,3694.8,False,,3698.5,SL,-1.6,-19.99,1
2025-09-16 17:20:00,2025-09-16 17:29:00,2025-09-16 17:30:00,BOS,long,3703.5,3702.3,3702.3,3705.4,False,,3702.3,SL,-1.2,-15.84,1
2025-09-16 17:50:00,2025-09-16 18:13:00,2025-09-16 18:37:00,BOS,long,3704.1,3702.3,3704.1,3707.0,True,2025-09-16 18:15:00,3704.0,BE,-0.1,-4.95,14
2025-09-16 19:15:00,2025-09-16 19:26:00,2025-09-16 19:28:00,BOS,short,3700.8,3701.9,3700.8,3698.9,True,2025-09-16 19:27:00,3700.8,BE,0.0,-4.0,2
2025-09-16 19:35:00,2025-09-16 20:15:00,2025-09-16 20:19:00,MSS,long,3700.6,3698.9,3700.6,3703.4,True,2025-09-16 20:16:00,3703.4,TP,2.8,23.81,3
2025-09-16 22:10:00,2025-09-16 22:27:00,2025-09-16 22:28:00,BOS,long,3703.6,3701.5,3701.5,3707.0,False,,3701.5,SL,-2.1,-25.01,1
2025-09-18 00:25:00,2025-09-18 00:55:00,2025-09-18 01:01:00,MSS,long,3691.3,3689.0,3689.0,3694.9,False,,3689.0,SL,-2.3,-26.54,5
2025-09-18 01:45:00,2025-09-18 02:00:00,2025-09-18 02:00:00,BOS,long,3690.6,3689.6,3689.6,3692.1,False,,3689.6,SL,-1.0,-13.55,0
2025-09-18 02:00:00,2025-09-18 02:06:00,2025-09-18 02:08:00,BOS,long,3696.0,3691.1,3696.0,3703.9,True,2025-09-18 02:06:00,3703.9,TP,7.9,75.1,2
2025-09-18 08:50:00,2025-09-18 09:05:00,2025-09-18 09:06:00,MSS,long,3664.9,3662.5,3662.5,3668.9,False,,3662.5,SL,-2.4,-28.45,1
2025-09-18 09:15:00,2025-09-18 10:07:00,2025-09-18 10:11:00,MSS,short,3667.8,3673.6,3667.8,3658.3,True,2025-09-18 10:09:00,3667.8,BE,0.0,-4.0,4
2025-09-18 12:30:00,2025-09-18 12:43:00,2025-09-18 12:49:00,BOS,short,3663.0,3664.3,3663.0,3660.9,True,2025-09-18 12:43:00,3660.9,TP,2.1,17.01,4
2025-09-18 12:55:00,2025-09-18 13:18:00,2025-09-18 13:26:00,BOS,short,3661.4,3663.1,3663.1,3658.6,False,,3663.1,SL,-1.7,-21.19,7
2025-09-18 16:05:00,2025-09-18 16:35:00,2025-09-18 16:37:00,MSS,short,3661.9,3663.5,3663.5,3659.2,False,,3664.0,SL,-2.1,-25.43,2
2025-09-18 19:15:00,2025-09-18 19:25:00,2025-09-18 19:31:00,MSS,long,3671.9,3670.0,3670.0,3675.1,False,,3670.0,SL,-1.9,-23.48,6
2025-09-18 20:20:00,2025-09-18 20:30:00,2025-09-18 20:31:00,BOS,long,3672.2,3669.9,3672.2,3676.0,True,2025-09-18 20:30:00,3672.2,BE,0.0,-4.0,1
2025-09-18 22:15:00,2025-09-18 22:38:00,2025-09-18 22:47:00,MSS,short,3645.3,3648.7,3648.7,3639.8,False,,3648.7,SL,-3.4,-38.0,9
2025-09-18 22:45:00,2025-09-18 22:57:00,2025-09-18 23:01:00,MSS,long,3643.3,3639.0,3643.3,3650.3,True,2025-09-18 23:01:00,3643.3,BE,0.0,-4.0,4
2025-09-19 00:50:00,2025-09-19 01:02:00,2025-09-19 01:08:00,BOS,long,3648.4,3646.9,3648.4,3650.8,True,2025-09-19 01:05:00,3648.4,BE,0.0,-4.0,6
2025-09-19 01:15:00,2025-09-19 01:28:00,2025-09-19 01:41:00,MSS,short,3648.9,3649.9,3648.9,3647.4,True,2025-09-19 01:28:00,3647.4,TP,1.5,11.45,9
2025-09-19 07:50:00,2025-09-19 08:17:00,2025-09-19 08:18:00,MSS,long,3641.7,3640.9,3641.7,3642.9,True,2025-09-19 08:17:00,3640.6,BE,-1.1,-14.64,1
2025-09-19 08:30:00,2025-09-19 08:54:00,2025-09-19 09:03:00,BOS,short,3643.0,3645.2,3645.2,3639.5,False,,3645.4,SL,-2.4,-27.77,9
2025-09-19 10:40:00,2025-09-19 10:52:00,2025-09-19 10:56:00,BOS,long,3648.2,3646.8,3648.2,3650.5,True,2025-09-19 10:53:00,3650.5,TP,2.3,18.87,4
2025-09-19 12:35:00,2025-09-19 12:44:00,2025-09-19 12:45:00,MSS,short,3662.1,3663.0,3662.1,3660.7,True,2025-09-19 12:44:00,3662.2,BE,-0.1,-4.79,1
2025-09-19 14:30:00,2025-09-19 15:00:00,2025-09-19 15:06:00,BOS,short,3652.1,3654.1,3652.1,3648.8,True,2025-09-19 15:01:00,3648.3,TP,3.8,33.75,5
2025-09-19 15:45:00,2025-09-19 16:07:00,2025-09-19 16:13:00,BOS,long,3655.2,3654.1,3655.2,3656.9,True,2025-09-19 16:08:00,3654.7,BE,-0.5,-8.7,5
2025-09-19 16:30:00,2025-09-19 16:40:00,2025-09-19 16:48:00,MSS,long,3656.0,3654.7,3656.0,3658.2,True,2025-09-19 16:41:00,3659.1,TP,3.1,26.63,6
2025-09-19 17:45:00,2025-09-19 18:02:00,2025-09-19 18:14:00,MSS,short,3660.0,3661.1,3661.1,3658.3,False,,3661.1,SL,-1.1,-14.7,6
2025-09-19 20:45:00,2025-09-19 20:52:00,2025-09-19 20:54:00,BOS,short,3650.5,3651.6,3651.6,3648.7,False,,3651.6,SL,-1.1,-15.08,2
2025-09-19 20:50:00,2025-09-19 21:01:00,2025-09-19 21:01:00,MSS,long,3649.9,3648.7,3648.7,3651.8,False,,3648.7,SL,-1.2,-15.84,0
2025-09-19 21:50:00,2025-09-19 22:17:00,2025-09-19 22:18:00,BOS,long,3659.5,3656.9,3659.5,3663.8,True,2025-09-19 22:18:00,3659.5,BE,0.0,-4.0,1
2025-09-19 22:15:00,2025-09-19 22:23:00,2025-09-19 22:25:00,MSS,short,3663.0,3665.5,3665.5,3659.0,False,,3665.5,SL,-2.5,-28.83,2
2025-09-19 23:10:00,2025-09-19 23:30:00,2025-09-20 00:04:00,BOS,long,3672.2,3669.6,3672.2,3676.3,True,2025-09-19 23:32:00,3676.3,TP,4.1,37.41,32
2025-09-20 02:55:00,2025-09-20 03:06:00,2025-09-20 03:12:00,BOS,long,3686.9,3685.9,3686.9,3688.4,True,2025-09-20 03:06:00,3688.4,TP,1.5,11.45,5
2025-09-20 03:30:00,2025-09-20 03:45:00,2025-09-20 03:49:00,MSS,short,3687.0,3688.0,3688.0,3685.4,False,,3688.0,SL,-1.0,-13.93,2
2025-09-22 07:10:00,2025-09-22 07:19:00,2025-09-22 07:21:00,MSS,short,3693.7,3694.7,3694.7,3692.0,False,,3694.7,SL,-1.0,-14.31,2
2025-09-22 07:20:00,2025-09-22 07:32:00,2025-09-22 07:37:00,MSS,long,3693.4,3691.9,3693.4,3695.9,True,2025-09-22 07:33:00,3693.4,BE,-0.0,-4.28,4
2025-09-22 07:55:00,2025-09-22 08:04:00,2025-09-22 08:06:00,MSS,short,3693.1,3694.2,3693.1,3691.2,True,2025-09-22 08:06:00,3691.2,TP,1.9,14.54,1
2025-09-22 08:55:00,2025-09-22 09:01:00,2025-09-22 09:01:00,BOS,long,3694.8,3693.9,3693.9,3696.2,False,,3693.9,SL,-0.9,-12.79,0
2025-09-22 09:10:00,2025-09-22 09:27:00,2025-09-22 09:39:00,BOS,long,3695.8,3692.5,3695.8,3701.2,True,2025-09-22 09:33:00,3695.8,BE,0.0,-4.0,11
2025-09-22 13:30:00,2025-09-22 13:53:00,2025-09-22 13:58:00,BOS,long,3702.6,3701.6,3702.6,3704.3,True,2025-09-22 13:54:00,3702.3,BE,-0.3,-7.31,5
2025-09-22 17:15:00,2025-09-22 17:31:00,2025-09-22 17:35:00,MSS,long,3725.8,3723.9,3725.8,3728.9,True,2025-09-22 17:32:00,3725.8,BE,0.0,-4.0,4
2025-09-22 18:20:00,2025-09-22 18:41:00,2025-09-22 18:46:00,BOS,long,3727.6,3725.3,3727.6,3731.4,True,2025-09-22 18:41:00,3731.4,TP,3.8,33.7,4
2025-09-22 21:30:00,2025-09-22 21:40:00,2025-09-22 21:43:00,MSS,short,3725.8,3729.2,3725.8,3720.2,True,2025-09-22 21:41:00,3720.0,TP,5.8,53.62,3
2025-09-22 21:45:00,2025-09-22 21:54:00,2025-09-22 22:05:00,BOS,short,3723.3,3727.2,3723.3,3717.1,True,2025-09-22 22:03:00,3723.3,BE,0.0,-4.0,11
2025-09-22 22:05:00,2025-09-22 22:15:00,2025-09-22 22:19:00,MSS,long,3724.0,3721.7,3724.0,3727.7,True,2025-09-22 22:16:00,3723.0,BE,-1.0,-13.92,4
2025-09-23 02:20:00,2025-09-23 02:32:00,2025-09-23 02:34:00,BOS,long,3750.8,3750.0,3750.0,3752.2,False,,3750.0,SL,-0.8,-12.4,2
2025-09-23 03:20:00,2025-09-23 03:38:00,2025-09-23 03:42:00,MSS,short,3751.3,3752.2,3751.3,3749.9,True,2025-09-23 03:39:00,3749.8,TP,1.5,11.21,4
2025-09-23 08:25:00,2025-09-23 08:37:00,2025-09-23 08:39:00,BOS,long,3751.5,3750.3,3751.5,3753.4,True,2025-09-23 08:37:00,3753.5,TP,2.0,16.16,2
2025-09-23 08:50:00,2025-09-23 09:03:00,2025-09-23 09:05:00,MSS,short,3753.3,3755.2,3755.2,3750.3,False,,3755.2,SL,-1.9,-22.72,2
2025-09-23 09:05:00,2025-09-23 09:27:00,2025-09-23 09:40:00,MSS,long,3753.9,3749.7,3753.9,3760.7,True,2025-09-23 09:31:00,3760.7,TP,6.8,63.98,13
2025-09-23 12:50:00,2025-09-23 13:09:00,2025-09-23 13:18:00,MSS,short,3749.7,3751.1,3751.1,3747.5,False,,3751.2,SL,-1.5,-18.75,3
2025-09-23 14:20:00,2025-09-23 14:33:00,2025-09-23 14:35:00,BOS,long,3758.7,3757.6,3758.7,3760.6,True,2025-09-23 14:34:00,3758.3,BE,-0.4,-8.46,2
2025-09-23 15:00:00,2025-09-23 15:26:00,2025-09-23 15:32:00,MSS,short,3757.7,3760.0,3760.0,3754.1,False,,3760.0,SL,-2.3,-26.54,5
2025-09-23 18:15:00,2025-09-23 18:26:00,2025-09-23 18:29:00,BOS,long,3787.7,3785.9,3785.9,3790.5,False,,3785.9,SL,-1.8,-21.57,3
2025-09-23 19:10:00,2025-09-23 19:17:00,2025-09-23 19:22:00,BOS,short,3785.2,3786.8,3785.2,3782.7,True,2025-09-23 19:21:00,3785.2,BE,0.0,-4.0,5
2025-09-23 19:20:00,2025-09-23 19:38:00,2025-09-23 19:43:00,MSS,long,3785.1,3782.7,3785.1,3788.9,True,2025-09-23 19:38:00,3784.9,BE,-0.2,-5.68,4
2025-09-23 20:10:00,2025-09-23 20:21:00,2025-09-23 20:27:00,MSS,short,3783.9,3786.5,3783.9,3779.8,True,2025-09-23 20:25:00,3779.6,TP,4.3,39.41,6
2025-09-23 21:15:00,2025-09-23 21:28:00,2025-09-23 21:30:00,MSS,short,3787.6,3789.6,3787.6,3784.3,True,2025-09-23 21:29:00,3784.3,TP,3.3,28.75,2
2025-09-23 21:35:00,2025-09-23 21:43:00,2025-09-23 21:46:00,MSS,long,3784.9,3782.3,3784.9,3789.0,True,2025-09-23 21:44:00,3784.9,BE,0.0,-4.0,3
2025-09-23 23:45:00,2025-09-23 23:57:00,2025-09-25 00:00:00,MSS,short,3779.0,3780.9,3779.0,3776.0,True,2025-09-25 00:00:00,3740.9,TP,38.1,377.28,3
2025-09-25 02:45:00,2025-09-25 03:47:00,2025-09-25 04:02:00,BOS,short,3729.1,3731.5,3731.5,3725.3,False,,3731.5,SL,-2.4,-27.68,14
2025-09-25 07:45:00,2025-09-25 08:00:00,2025-09-25 08:05:00,BOS,long,3740.8,3738.9,3740.8,3743.8,True,2025-09-25 08:02:00,3744.8,TP,4.0,36.28,4
2025-09-25 08:30:00,2025-09-25 09:00:00,2025-09-25 09:00:00,MSS,short,3747.8,3748.9,3748.9,3745.9,False,,3748.9,SL,-1.1,-15.46,0
2025-09-25 11:05:00,2025-09-25 11:42:00,2025-09-25 11:54:00,MSS,short,3736.3,3738.2,3736.3,3733.2,True,2025-09-25 11:47:00,3733.2,TP,3.1,26.9,8
2025-09-25 15:25:00,2025-09-25 15:30:00,2025-09-25 15:30:00,BOS,long,3741.8,3741.0,3741.0,3743.2,False,,3741.0,SL,-0.8,-12.4,0
2025-09-25 16:10:00,2025-09-25 16:45:00,2025-09-25 17:04:00,BOS,long,3751.4,3747.8,3751.4,3757.2,True,2025-09-25 16:51:00,3751.3,BE,-0.1,-4.91,16
2025-09-25 18:15:00,2025-09-25 18:32:00,2025-09-25 18:37:00,MSS,short,3754.6,3755.2,3754.6,3753.5,True,2025-09-25 18:32:00,3755.3,BE,-0.7,-11.49,2
2025-09-25 18:45:00,2025-09-25 19:00:00,2025-09-25 19:01:00,MSS,long,3755.2,3754.1,3754.1,3757.1,False,,3753.8,SL,-1.4,-18.46,1
2025-09-25 19:55:00,2025-09-25 20:02:00,2025-09-25 20:05:00,MSS,long,3750.2,3749.0,3750.2,3752.1,True,2025-09-25 20:04:00,3749.5,BE,-0.7,-10.84,3
2025-09-25 20:20:00,2025-09-25 20:30:00,2025-09-25 20:30:00,BOS,long,3750.3,3747.6,3747.6,3754.6,False,,3747.6,SL,-2.7,-30.74,0
2025-09-25 21:15:00,2025-09-25 21:34:00,2025-09-25 21:36:00,MSS,long,3735.4,3732.4,3735.4,3740.2,True,2025-09-25 21:35:00,3734.3,BE,-1.1,-14.8,2
2025-09-25 22:20:00,2025-09-25 22:37:00,2025-09-25 22:41:00,MSS,long,3727.5,3723.0,3723.0,3734.7,False,,3722.8,SL,-4.7,-50.69,4
2025-09-26 01:55:00,2025-09-26 02:19:00,2025-09-26 02:22:00,BOS,long,3739.3,3737.0,3739.3,3743.1,True,2025-09-26 02:20:00,3743.1,TP,3.8,33.7,3
2025-09-26 02:50:00,2025-09-26 03:07:00,2025-09-26 03:11:00,BOS,long,3753.9,3752.1,3753.9,3756.9,True,2025-09-26 03:08:00,3753.9,BE,0.0,-4.0,3
2025-09-26 08:25:00,2025-09-26 08:37:00,2025-09-26 08:49:00,MSS,short,3742.5,3745.0,3742.5,3738.5,True,2025-09-26 08:39:00,3742.5,BE,0.0,-4.0,4
2025-09-26 09:00:00,2025-09-26 09:14:00,2025-09-26 09:20:00,BOS,long,3742.2,3738.5,3738.5,3748.2,False,,3738.0,SL,-4.2,-46.05,6
2025-09-26 10:35:00,2025-09-26 10:41:00,2025-09-26 10:58:00,MSS,long,3737.0,3735.0,3737.0,3740.3,True,2025-09-26 10:55:00,3736.2,BE,-0.8,-12.25,8
2025-09-26 12:25:00,2025-09-26 12:48:00,2025-09-26 12:57:00,MSS,short,3743.7,3744.8,3744.8,3742.0,False,,3744.9,SL,-1.2,-15.7,5
2025-09-26 13:50:00,2025-09-26 14:08:00,2025-09-26 14:13:00,MSS,short,3745.2,3747.3,3747.3,3741.9,False,,3747.3,SL,-2.1,-24.63,4
2025-09-26 15:00:00,2025-09-26 15:12:00,2025-09-26 15:17:00,BOS,short,3742.1,3744.3,3742.1,3738.5,True,2025-09-26 15:13:00,3743.3,BE,-1.2,-16.16,4
2025-09-26 20:30:00,2025-09-26 20:38:00,2025-09-26 20:41:00,BOS,long,3750.4,3747.5,3747.5,3755.0,False,,3747.5,SL,-2.9,-32.65,3
2025-09-26 21:00:00,2025-09-26 21:33:00,2025-09-26 21:34:00,BOS,long,3750.1,3748.6,3750.1,3752.5,True,2025-09-26 21:34:00,3752.5,TP,2.4,20.1,1
2025-09-26 23:00:00,2025-09-26 23:08:00,2025-09-26 23:15:00,BOS,long,3772.0,3769.7,3772.0,3775.8,True,2025-09-26 23:13:00,3771.4,BE,-0.6,-10.3,7
2025-09-26 23:25:00,2025-09-26 23:44:00,2025-09-26 23:48:00,BOS,long,3773.1,3771.1,3773.1,3776.4,True,2025-09-26 23:46:00,3776.5,TP,3.4,29.75,2
2025-09-26 23:50:00,2025-09-27 00:08:00,2025-09-27 00:14:00,BOS,long,3774.9,3773.1,3773.1,3777.8,False,,3773.1,SL,-1.8,-21.95,3
2025-09-27 00:55:00,2025-09-27 01:01:00,2025-09-27 01:02:00,BOS,short,3773.1,3774.4,3773.1,3771.1,True,2025-09-27 01:01:00,3773.1,BE,0.0,-4.0,1
2025-09-29 07:45:00,2025-09-29 07:53:00,2025-09-29 08:01:00,MSS,long,3764.4,3762.3,3762.3,3767.7,False,,3761.0,SL,-3.4,-37.63,3
2025-09-29 09:20:00,2025-09-29 09:48:00,2025-09-29 10:01:00,MSS,short,3771.5,3776.0,3776.0,3764.1,False,,3776.0,SL,-4.5,-49.46,6
2025-09-29 11:20:00,2025-09-29 11:49:00,2025-09-29 12:02:00,BOS,short,3792.5,3795.0,3792.5,3788.5,True,2025-09-29 11:49:00,3788.5,TP,4.0,36.17,4
2025-09-29 12:50:00,2025-09-29 13:07:00,2025-09-29 13:18:00,BOS,long,3800.8,3799.0,3800.8,3803.7,True,2025-09-29 13:16:00,3800.7,BE,-0.1,-4.95,7
2025-09-29 14:10:00,2025-09-29 14:21:00,2025-09-29 14:28:00,BOS,long,3809.3,3807.6,3809.3,3812.0,True,2025-09-29 14:26:00,3808.5,BE,-0.8,-11.81,3
2025-09-29 14:25:00,2025-09-29 14:39:00,2025-09-29 14:43:00,MSS,short,3810.9,3812.6,3812.6,3808.2,False,,3814.2,SL,-3.3,-36.81,1
2025-09-29 14:40:00,2025-09-29 14:48:00,2025-09-29 14:57:00,MSS,long,3809.9,3807.3,3809.9,3814.2,True,2025-09-29 14:53:00,3809.6,BE,-0.3,-7.36,6
2025-09-29 16:40:00,2025-09-29 17:38:00,2025-09-29 17:48:00,MSS,long,3806.8,3803.9,3803.9,3811.4,False,,3803.5,SL,-3.3,-36.65,4
2025-09-29 20:50:00,2025-09-29 21:02:00,2025-09-29 21:03:00,BOS,short,3812.3,3814.4,3812.3,3808.8,True,2025-09-29 21:02:00,3807.8,TP,4.5,40.61,1
2025-09-29 23:10:00,2025-09-29 23:26:00,2025-09-29 23:34:00,MSS,short,3823.8,3827.3,3823.8,3818.1,True,2025-09-29 23:31:00,3818.1,TP,5.7,52.86,8
2025-09-30 02:45:00,2025-09-30 03:44:00,2025-09-30 04:30:00,MSS,short,3821.9,3823.4,3821.9,3819.6,True,2025-09-30 03:44:00,3822.2,BE,-0.3,-6.52,5
2025-10-30 08:35:00,2025-10-30 09:01:00,2025-10-30 09:02:00,MSS,short,3970.2,3977.0,3970.2,3959.3,True,2025-10-30 09:02:00,3970.2,BE,0.0,-4.0,1
2025-10-30 10:45:00,2025-10-30 11:31:00,2025-10-30 11:37:00,BOS,short,3948.7,3953.9,3948.7,3940.2,True,2025-10-30 11:33:00,3948.7,BE,0.0,-4.0,6
2025-10-30 13:10:00,2025-10-30 13:50:00,2025-10-30 13:56:00,MSS,short,3984.9,3991.5,3984.9,3974.2,True,2025-10-30 13:51:00,3974.2,TP,10.7,102.91,6
2025-10-30 19:15:00,2025-10-30 20:03:00,2025-10-30 20:05:00,BOS,short,3992.5,3998.6,3992.5,3982.6,True,2025-10-30 20:03:00,3992.5,BE,0.0,-4.0,2
2025-10-30 20:25:00,2025-10-30 20:43:00,2025-10-30 20:48:00,MSS,short,3991.7,3997.7,3991.7,3982.1,True,2025-10-30 20:44:00,3982.1,TP,9.6,92.41,5
2025-10-30 20:55:00,2025-10-30 21:04:00,2025-10-30 21:10:00,BOS,short,3984.9,3992.8,3984.9,3972.1,True,2025-10-30 21:08:00,3984.9,BE,0.0,-4.0,6
2025-10-30 23:10:00,2025-10-30 23:25:00,2025-10-30 23:43:00,BOS,long,4008.0,4001.5,4008.0,4018.5,True,2025-10-30 23:26:00,4018.5,TP,10.5,101.06,18
2025-10-31 01:10:00,2025-10-31 01:17:00,2025-10-31 01:22:00,BOS,short,4013.8,4017.3,4013.8,4008.1,True,2025-10-31 01:19:00,4013.8,BE,0.0,-4.0,5
2025-10-31 08:55:00,2025-10-31 09:05:00,2025-10-31 09:06:00,BOS,short,4040.3,4043.2,4040.3,4035.5,True,2025-10-31 09:05:00,4040.3,BE,0.0,-4.0,1
2025-10-31 09:05:00,2025-10-31 09:43:00,2025-10-31 09:54:00,MSS,long,4038.0,4031.4,4031.4,4048.7,False,,4031.4,SL,-6.6,-70.09,11
2025-10-31 11:35:00,2025-10-31 11:43:00,2025-10-31 11:44:00,MSS,long,4010.6,4007.3,4010.6,4016.0,True,2025-10-31 11:44:00,4010.6,BE,0.0,-4.0,1
2025-10-31 12:05:00,2025-10-31 12:17:00,2025-10-31 12:24:00,MSS,short,4008.1,4011.8,4008.1,4002.0,True,2025-10-31 12:20:00,4008.1,BE,0.0,-4.0,7
2025-10-31 13:05:00,2025-10-31 13:32:00,2025-10-31 13:44:00,MSS,short,4017.8,4023.5,4017.8,4008.5,True,2025-10-31 13:33:00,4017.8,BE,0.0,-4.0,12
2025-10-31 15:00:00,2025-10-31 15:09:00,2025-10-31 15:16:00,BOS,long,4021.5,4017.0,4021.5,4028.9,True,2025-10-31 15:13:00,4028.9,TP,7.4,69.54,7
2025-10-31 15:15:00,2025-10-31 15:44:00,2025-10-31 15:55:00,BOS,long,4024.2,4019.2,4024.2,4032.2,True,2025-10-31 15:45:00,4032.2,TP,8.0,76.34,11
2025-10-31 16:05:00,2025-10-31 16:47:00,2025-10-31 16:51:00,BOS,long,4028.9,4022.9,4028.9,4038.6,True,2025-10-31 16:47:00,4028.9,BE,0.0,-4.0,4
2025-10-31 17:30:00,2025-10-31 17:47:00,2025-10-31 17:48:00,MSS,long,4013.4,4010.0,4013.4,4019.0,True,2025-10-31 17:48:00,4013.4,BE,0.0,-4.0,1
2025-10-31 17:55:00,2025-10-31 18:56:00,2025-10-31 19:18:00,BOS,long,4015.2,4011.4,4015.2,4021.3,True,2025-10-31 18:57:00,4015.2,BE,0.0,-4.0,22
2025-10-31 20:35:00,2025-10-31 21:00:00,2025-10-31 21:04:00,BOS,long,4033.0,4028.5,4033.0,4040.2,True,2025-10-31 21:00:00,4040.2,TP,7.2,68.31,4
2025-10-31 21:30:00,2025-10-31 22:03:00,2025-10-31 22:04:00,MSS,short,4039.0,4044.0,4039.0,4031.0,True,2025-10-31 22:03:00,4039.0,BE,0.0,-4.0,1
2025-10-31 22:00:00,2025-10-31 22:29:00,2025-10-31 22:37:00,MSS,long,4028.8,4021.9,4028.8,4039.9,True,2025-10-31 22:32:00,4028.8,BE,0.0,-4.0,8
2025-11-01 01:00:00,2025-11-01 01:11:00,2025-11-01 01:19:00,MSS,long,3994.6,3989.4,3994.6,4003.0,True,2025-11-01 01:16:00,3994.6,BE,0.0,-4.0,8
2025-11-01 02:10:00,2025-11-01 02:54:00,2025-11-01 03:00:00,BOS,long,4011.2,4006.3,4011.2,4019.0,True,2025-11-01 02:57:00,4011.2,BE,0.0,-4.0,6
2025-11-01 03:15:00,2025-11-01 03:29:00,2025-11-01 03:31:00,BOS,short,4012.5,4018.2,4012.5,4003.4,True,2025-11-01 03:31:00,4012.5,BE,0.0,-4.0,2
2025-11-03 07:00:00,2025-11-03 07:17:00,2025-11-03 07:43:00,MSS,short,4008.7,4019.0,4008.7,3992.1,True,2025-11-03 07:18:00,3992.1,TP,16.6,162.24,26
2025-11-03 08:10:00,2025-11-03 09:06:00,2025-11-03 09:08:00,BOS,short,3989.7,3998.3,3989.7,3975.8,True,2025-11-03 09:08:00,3989.7,BE,0.0,-4.0,2
2025-11-03 11:00:00,2025-11-03 11:08:00,2025-11-03 11:38:00,BOS,long,4013.7,4008.4,4013.7,4022.4,True,2025-11-03 11:09:00,4022.4,TP,8.7,82.52,30
2025-11-03 11:35:00,2025-11-03 12:04:00,2025-11-03 12:09:00,BOS,long,4018.6,4015.5,4018.6,4023.7,True,2025-11-03 12:07:00,4023.7,TP,5.1,46.68,5
2025-11-03 13:00:00,2025-11-03 13:08:00,2025-11-03 13:11:00,BOS,short,4014.2,4018.5,4018.5,4007.2,False,,4018.5,SL,-4.3,-47.17,3
2025-11-03 14:15:00,2025-11-03 14:32:00,2025-11-03 14:52:00,BOS,long,4023.9,4020.7,4023.9,4029.1,True,2025-11-03 14:32:00,4029.1,TP,5.2,47.91,20
2025-11-03 15:00:00,2025-11-03 15:08:00,2025-11-03 15:11:00,BOS,long,4028.6,4025.2,4028.6,4034.1,True,2025-11-03 15:09:00,4028.6,BE,0.0,-4.0,3
2025-11-03 15:10:00,2025-11-03 15:26:00,2025-11-03 15:28:00,MSS,short,4030.5,4034.1,4030.5,4024.6,True,2025-11-03 15:27:00,4030.5,BE,0.0,-4.0,2
2025-11-03 15:50:00,2025-11-03 15:55:00,2025-11-03 16:00:00,BOS,long,4033.2,4031.0,4033.2,4036.8,True,2025-11-03 15:55:00,4036.8,TP,3.6,31.84,5
2025-11-03 16:00:00,2025-11-03 16:06:00,2025-11-03 16:08:00,BOS,long,4034.8,4032.7,4034.8,4038.3,True,2025-11-03 16:07:00,4034.8,BE,0.0,-4.0,2
2025-11-03 16:55:00,2025-11-03 17:24:00,2025-11-03 17:25:00,MSS,long,4026.4,4023.4,4023.4,4031.3,False,,4023.4,SL,-3.0,-34.18,1
2025-11-03 20:00:00,2025-11-03 20:10:00,2025-11-03 20:11:00,MSS,short,4019.2,4020.8,4019.2,4016.5,True,2025-11-03 20:10:00,4019.2,BE,0.0,-4.0,1
2025-11-03 22:05:00,2025-11-03 22:19:00,2025-11-03 22:21:00,MSS,short,4029.5,4033.0,4029.5,4023.8,True,2025-11-03 22:19:00,4029.5,BE,0.0,-4.0,2
2025-11-03 22:25:00,2025-11-03 22:46:00,2025-11-03 22:48:00,BOS,short,4028.1,4032.6,4032.6,4020.8,False,,4032.6,SL,-4.5,-49.08,2
2025-11-03 22:50:00,2025-11-03 23:27:00,2025-11-03 23:35:00,MSS,long,4022.4,4012.4,4022.4,4038.5,True,2025-11-03 23:34:00,4022.4,BE,0.0,-4.0,8
2025-11-04 01:05:00,2025-11-04 01:12:00,2025-11-04 01:13:00,MSS,short,4019.7,4022.5,4022.5,4015.3,False,,4022.5,SL,-2.8,-31.5,1
2025-11-04 02:10:00,2025-11-04 02:32:00,2025-11-04 02:34:00,BOS,short,4017.4,4019.9,4019.9,4013.4,False,,4019.9,SL,-2.5,-28.83,2
2025-11-04 02:30:00,2025-11-04 02:50:00,2025-11-04 03:01:00,MSS,long,4015.4,4011.5,4015.4,4021.6,True,2025-11-04 02:50:00,4015.4,BE,0.0,-4.0,11
2025-11-04 03:00:00,2025-11-04 03:13:00,2025-11-04 03:20:00,MSS,short,4015.1,4019.5,4015.1,4007.9,True,2025-11-04 03:18:00,4015.1,BE,0.0,-4.0,7
2025-11-04 03:45:00,2025-11-04 07:00:00,2025-11-04 07:00:00,MSS,long,4013.2,4011.9,4013.2,4015.3,True,2025-11-04 07:00:00,4015.3,TP,2.1,17.01,0
2025-11-04 07:00:00,2025-11-04 07:06:00,2025-11-04 07:06:00,MSS,long,4014.3,4012.1,4012.1,4017.9,False,,4012.1,SL,-2.2,-26.16,0
2025-11-04 08:00:00,2025-11-04 08:09:00,2025-11-04 08:16:00,BOS,short,4007.0,4010.4,4007.0,4001.6,True,2025-11-04 08:14:00,4007.0,BE,0.0,-4.0,7
2025-11-04 08:35:00,2025-11-04 09:17:00,2025-11-04 09:26:00,BOS,short,4003.8,4010.4,4003.8,3993.2,True,2025-11-04 09:19:00,3993.2,TP,10.6,102.3,9
2025-11-04 09:50:00,2025-11-04 09:59:00,2025-11-04 10:00:00,MSS,long,3996.2,3994.1,3994.1,3999.7,False,,3994.1,SL,-2.1,-25.39,1
2025-11-04 10:00:00,2025-11-04 10:30:00,2025-11-04 10:56:00,MSS,short,3993.9,3999.7,3993.9,3984.4,True,2025-11-04 10:32:00,3993.9,BE,0.0,-4.0,26
2025-11-04 11:20:00,2025-11-04 12:45:00,2025-11-04 12:47:00,BOS,long,3996.8,3994.2,3994.2,4001.0,False,,3994.2,SL,-2.6,-29.98,2
2025-11-04 12:45:00,2025-11-04 12:52:00,2025-11-04 12:54:00,MSS,short,3999.1,4002.9,3999.1,3992.9,True,2025-11-04 12:52:00,3999.1,BE,0.0,-4.0,2
2025-11-04 13:25:00,2025-11-04 13:30:00,2025-11-04 13:31:00,BOS,short,3994.5,3996.1,3994.5,3991.9,True,2025-11-04 13:30:00,3994.5,BE,0.0,-4.0,1
2025-11-04 14:00:00,2025-11-04 14:31:00,2025-11-04 14:39:00,BOS,short,3985.5,3990.4,3985.5,3977.7,True,2025-11-04 14:37:00,3985.5,BE,0.0,-4.0,8
2025-11-04 16:00:00,2025-11-04 16:05:00,2025-11-04 16:08:00,BOS,long,4005.0,4002.7,4005.0,4008.6,True,2025-11-04 16:06:00,4008.6,TP,3.6,32.46,3
2025-11-04 16:10:00,2025-11-04 16:22:00,2025-11-04 16:25:00,MSS,short,4006.8,4010.0,4006.8,4001.6,True,2025-11-04 16:24:00,4006.8,BE,0.0,-4.0,3
2025-11-04 16:25:00,2025-11-04 17:08:00,2025-11-04 17:46:00,MSS,long,4005.0,4000.7,4005.0,4012.0,True,2025-11-04 17:33:00,4005.0,BE,0.0,-4.0,38
2025-11-04 17:55:00,2025-11-04 18:16:00,2025-11-04 18:40:00,MSS,short,4006.4,4010.3,4006.4,4000.1,True,2025-11-04 18:18:00,4006.4,BE,0.0,-4.0,24
2025-11-04 19:45:00,2025-11-04 19:57:00,2025-11-04 20:00:00,MSS,long,4004.6,4002.6,4004.6,4007.9,True,2025-11-04 19:58:00,4004.6,BE,0.0,-4.0,3
2025-11-04 20:15:00,2025-11-04 20:22:00,2025-11-04 20:24:00,BOS,long,4005.7,4004.2,4004.2,4008.0,False,,4004.2,SL,-1.5,-18.52,2
2025-11-04 20:20:00,2025-11-04 21:11:00,2025-11-04 21:14:00,MSS,short,4006.2,4008.0,4006.2,4003.2,True,2025-11-04 21:11:00,4003.2,TP,3.0,25.66,3
2025-11-04 21:10:00,2025-11-04 21:22:00,2025-11-04 21:25:00,MSS,long,3998.0,3992.8,3998.0,4006.4,True,2025-11-04 21:23:00,3998.0,BE,0.0,-4.0,3
2025-11-04 22:00:00,2025-11-04 22:12:00,2025-11-04 22:25:00,BOS,short,3984.5,3988.9,3984.5,3977.4,True,2025-11-04 22:19:00,3977.4,TP,7.1,67.07,13
2025-11-04 22:25:00,2025-11-04 23:39:00,2025-11-04 23:43:00,BOS,short,3977.1,3987.5,3977.1,3960.3,True,2025-11-04 23:42:00,3977.1,BE,0.0,-4.0,4
2025-11-05 00:45:00,2025-11-05 01:02:00,2025-11-05 01:04:00,MSS,short,3980.9,3984.3,3980.9,3975.4,True,2025-11-05 01:03:00,3980.9,BE,0.0,-4.0,2
2025-11-05 07:00:00,2025-11-05 07:07:00,2025-11-05 07:08:00,MSS,long,3943.2,3940.7,3943.2,3947.3,True,2025-11-05 07:07:00,3947.3,TP,4.1,36.79,1
2025-11-05 07:45:00,2025-11-05 07:51:00,2025-11-05 07:57:00,MSS,short,3943.6,3946.8,3943.6,3938.3,True,2025-11-05 07:54:00,3943.6,BE,0.0,-4.0,6
2025-11-05 08:00:00,2025-11-05 08:12:00,2025-11-05 08:15:00,MSS,long,3942.8,3938.3,3942.8,3950.0,True,2025-11-05 08:12:00,3950.0,TP,7.2,68.31,3
2025-11-05 08:40:00,2025-11-05 08:47:00,2025-11-05 08:50:00,MSS,short,3943.0,3947.7,3943.0,3935.4,True,2025-11-05 08:50:00,3943.0,BE,0.0,-4.0,3
2025-11-05 09:25:00,2025-11-05 09:45:00,2025-11-05 09:47:00,BOS,long,3950.7,3946.7,3946.7,3957.3,False,,3946.7,SL,-4.0,-44.49,2
2025-11-05 09:45:00,2025-11-05 10:08:00,2025-11-05 10:23:00,MSS,short,3953.0,3958.2,3953.0,3944.6,True,2025-11-05 10:08:00,3944.6,TP,8.4,80.05,15
2025-11-05 13:15:00,2025-11-05 13:40:00,2025-11-05 13:41:00,BOS,long,3978.5,3975.1,3978.5,3984.0,True,2025-11-05 13:40:00,3978.5,BE,0.0,-4.0,1
2025-11-05 14:00:00,2025-11-05 14:06:00,2025-11-05 14:07:00,MSS,long,3972.9,3970.7,3972.9,3976.5,True,2025-11-05 14:06:00,3976.5,TP,3.6,31.84,1
2025-11-05 15:05:00,2025-11-05 15:16:00,2025-11-05 15:35:00,BOS,short,3977.2,3980.8,3977.2,3971.5,True,2025-11-05 15:17:00,3977.2,BE,0.0,-4.0,19
2025-11-05 18:45:00,2025-11-05 18:50:00,2025-11-05 18:52:00,BOS,long,3975.7,3973.3,3975.7,3979.6,True,2025-11-05 18:51:00,3975.7,BE,0.0,-4.0,2
2025-11-05 18:50:00,2025-11-05 19:03:00,2025-11-05 19:12:00,MSS,short,3976.2,3979.6,3976.2,3970.7,True,2025-11-05 19:06:00,3970.7,TP,5.5,51.0,9
2025-11-05 19:20:00,2025-11-05 19:46:00,2025-11-05 20:05:00,BOS,short,3973.9,3978.1,3973.9,3967.2,True,2025-11-05 20:02:00,3973.9,BE,0.0,-4.0,19
2025-11-05 21:05:00,2025-11-05 21:16:00,2025-11-05 21:18:00,BOS,long,3976.6,3972.5,3976.6,3983.3,True,2025-11-05 21:17:00,3976.6,BE,0.0,-4.0,2
2025-11-05 21:50:00,2025-11-05 22:03:00,2025-11-05 22:06:00,BOS,long,3983.9,3980.5,3983.9,3989.3,True,2025-11-05 22:04:00,3983.9,BE,0.0,-4.0,3
2025-11-05 22:20:00,2025-11-05 22:43:00,2025-11-05 22:46:00,BOS,long,3986.7,3983.2,3986.7,3992.4,True,2025-11-05 22:45:00,3986.7,BE,0.0,-4.0,3
2025-11-06 00:05:00,2025-11-06 00:13:00,2025-11-06 00:14:00,BOS,long,3988.7,3986.7,3988.7,3992.0,True,2025-11-06 00:13:00,3988.7,BE,0.0,-4.0,1
2025-11-06 02:10:00,2025-11-06 02:31:00,2025-11-06 02:37:00,MSS,long,3990.3,3988.5,3990.3,3993.3,True,2025-11-06 02:32:00,3990.3,BE,0.0,-4.0,6
2025-11-06 07:30:00,2025-11-06 08:00:00,2025-11-06 08:02:00,MSS,long,3980.0,3978.0,3980.0,3983.2,True,2025-11-06 08:00:00,3980.0,BE,0.0,-4.0,2
2025-11-06 08:55:00,2025-11-06 09:04:00,2025-11-06 09:06:00,BOS,long,3981.2,3979.0,3979.0,3984.7,False,,3979.0,SL,-2.2,-25.77,2
2025-11-06 09:05:00,2025-11-06 09:21:00,2025-11-06 09:35:00,MSS,short,3981.1,3986.1,3981.1,3973.1,True,2025-11-06 09:29:00,3981.1,BE,0.0,-4.0,14
2025-11-06 10:30:00,2025-11-06 11:08:00,2025-11-06 11:12:00,BOS,long,3987.9,3984.7,3987.9,3993.1,True,2025-11-06 11:09:00,3993.1,TP,5.2,47.91,4
2025-11-06 13:00:00,2025-11-06 13:08:00,2025-11-06 13:24:00,BOS,long,3995.3,3993.3,3995.3,3998.5,True,2025-11-06 13:10:00,3998.5,TP,3.2,28.14,16
2025-11-06 13:25:00,2025-11-06 13:32:00,2025-11-06 13:34:00,BOS,long,3996.4,3994.4,3996.4,3999.7,True,2025-11-06 13:33:00,3996.4,BE,0.0,-4.0,2
2025-11-06 14:40:00,2025-11-06 14:50:00,2025-11-06 14:51:00,MSS,short,3995.1,3996.5,3996.5,3992.8,False,,3996.5,SL,-1.4,-18.13,1
2025-11-06 16:25:00,2025-11-06 17:55:00,2025-11-06 18:03:00,BOS,long,4018.1,4013.6,4018.1,4025.5,True,2025-11-06 17:55:00,4018.1,BE,0.0,-4.0,8
2025-11-06 19:00:00,2025-11-06 19:25:00,2025-11-06 19:27:00,MSS,long,4016.5,4014.3,4016.5,4020.0,True,2025-11-06 19:26:00,4020.0,TP,3.5,31.23,2
2025-11-06 20:50:00,2025-11-06 21:06:00,2025-11-06 21:13:00,BOS,short,4019.4,4023.9,4019.4,4012.1,True,2025-11-06 21:12:00,4019.4,BE,0.0,-4.0,7
2025-11-07 01:10:00,2025-11-07 01:46:00,2025-11-07 01:47:00,BOS,short,3991.0,3993.9,3991.0,3986.4,True,2025-11-07 01:47:00,3991.0,BE,0.0,-4.0,1
2025-11-07 03:10:00,2025-11-07 03:36:00,2025-11-07 03:41:00,BOS,long,3997.9,3994.3,3997.9,4003.7,True,2025-11-07 03:36:00,3997.9,BE,0.0,-4.0,5
2025-11-07 08:05:00,2025-11-07 08:15:00,2025-11-07 08:16:00,MSS,short,3995.4,3996.9,3995.4,3992.9,True,2025-11-07 08:16:00,3995.4,BE,0.0,-4.0,1
2025-11-07 08:50:00,2025-11-07 09:01:00,2025-11-07 09:01:00,MSS,short,3997.8,3999.1,3999.1,3995.7,False,,3999.1,SL,-1.3,-16.99,0
2025-11-07 09:40:00,2025-11-07 10:14:00,2025-11-07 10:22:00,BOS,long,4005.3,4002.1,4002.1,4010.6,False,,4002.1,SL,-3.2,-36.47,8
2025-11-07 10:30:00,2025-11-07 10:36:00,2025-11-07 10:38:00,BOS,short,4002.8,4005.2,4005.2,3998.8,False,,4005.2,SL,-2.4,-28.45,2
2025-11-07 10:35:00,2025-11-07 10:43:00,2025-11-07 11:00:00,MSS,long,4001.7,3998.8,4001.7,4006.5,True,2025-11-07 10:51:00,4001.7,BE,0.0,-4.0,17
2025-11-07 11:05:00,2025-11-07 11:38:00,2025-11-07 11:41:00,MSS,short,4001.6,4004.8,4001.6,3996.3,True,2025-11-07 11:38:00,4001.6,BE,0.0,-4.0,3
2025-11-07 11:40:00,2025-11-07 11:51:00,2025-11-07 11:54:00,MSS,long,3999.8,3998.0,3998.0,4002.6,False,,3998.0,SL,-1.8,-21.57,3
2025-11-07 11:50:00,2025-11-07 12:18:00,2025-11-07 12:20:00,MSS,short,4000.5,4002.6,4002.6,3997.2,False,,4002.6,SL,-2.1,-24.63,2
2025-11-07 12:30:00,2025-11-07 12:40:00,2025-11-07 12:46:00,MSS,short,4003.7,4005.2,4003.7,4001.2,True,2025-11-07 12:43:00,4003.7,BE,0.0,-4.0,6
2025-11-07 12:50:00,2025-11-07 13:15:00,2025-11-07 13:16:00,MSS,long,4003.5,4002.1,4003.5,4005.8,True,2025-11-07 13:16:00,4003.5,BE,0.0,-4.0,1
2025-11-07 13:20:00,2025-11-07 13:30:00,2025-11-07 13:31:00,MSS,short,4003.6,4006.3,4003.6,3999.3,True,2025-11-07 13:31:00,4003.6,BE,0.0,-4.0,1
2025-11-07 13:50:00,2025-11-07 13:55:00,2025-11-07 14:01:00,BOS,short,4003.4,4005.2,4003.4,4000.4,True,2025-11-07 13:58:00,4000.4,TP,3.0,25.66,6
2025-11-07 15:25:00,2025-11-07 15:57:00,2025-11-07 16:00:00,MSS,short,4014.6,4017.2,4014.6,4010.5,True,2025-11-07 16:00:00,4014.6,BE,0.0,-4.0,3
2025-11-07 16:10:00,2025-11-07 16:20:00,2025-11-07 16:24:00,BOS,long,4014.7,4012.4,4012.4,4018.3,False,,4012.4,SL,-2.3,-26.54,4
2025-11-07 17:15:00,2025-11-07 17:23:00,2025-11-07 17:29:00,BOS,long,4018.5,4016.1,4018.5,4022.4,True,2025-11-07 17:24:00,4018.5,BE,0.0,-4.0,6
2025-11-07 18:20:00,2025-11-07 18:31:00,2025-11-07 18:32:00,MSS,long,4012.8,4010.3,4012.8,4016.9,True,2025-11-07 18:31:00,4012.8,BE,0.0,-4.0,1
2025-11-07 19:00:00,2025-11-07 19:09:00,2025-11-07 19:12:00,BOS,long,4014.3,4010.9,4014.3,4019.9,True,2025-11-07 19:10:00,4014.3,BE,0.0,-4.0,3
2025-11-07 19:25:00,2025-11-07 19:54:00,2025-11-07 19:57:00,MSS,short,4011.8,4015.6,4011.8,4005.7,True,2025-11-07 19:55:00,4011.8,BE,0.0,-4.0,3
2025-11-07 20:05:00,2025-11-07 20:29:00,2025-11-07 20:49:00,MSS,long,4007.2,4001.2,4001.2,4016.9,False,,4001.2,SL,-6.0,-63.97,20
2025-11-07 20:45:00,2025-11-07 20:57:00,2025-11-07 20:59:00,MSS,short,4003.8,4006.5,4003.8,3999.4,True,2025-11-07 20:58:00,4003.8,BE,0.0,-4.0,2
2025-11-07 21:00:00,2025-11-07 21:30:00,2025-11-07 21:32:00,MSS,long,4001.6,3998.7,4001.6,4006.3,True,2025-11-07 21:31:00,4001.6,BE,0.0,-4.0,2
2025-11-07 22:10:00,2025-11-07 22:30:00,2025-11-07 22:31:00,BOS,long,4005.8,4002.3,4002.3,4011.5,False,,4002.3,SL,-3.5,-39.14,1
2025-11-07 23:00:00,2025-11-07 23:13:00,2025-11-07 23:14:00,MSS,long,3998.1,3993.1,3998.1,4006.1,True,2025-11-07 23:14:00,3998.1,BE,0.0,-4.0,1
2025-11-07 23:15:00,2025-11-07 23:34:00,2025-11-07 23:36:00,MSS,short,4002.2,4006.7,4002.2,3995.0,True,2025-11-07 23:34:00,4002.2,BE,0.0,-4.0,2
2025-11-07 23:40:00,2025-11-07 23:50:00,2025-11-07 23:52:00,BOS,short,3999.6,4003.5,3999.6,3993.2,True,2025-11-07 23:50:00,3999.6,BE,0.0,-4.0,2
2025-11-08 00:20:00,2025-11-08 01:06:00,2025-11-08 01:07:00,BOS,long,4007.3,4003.5,4003.5,4013.4,False,,4003.5,SL,-3.8,-41.82,1
2025-11-10 08:35:00,2025-11-10 08:44:00,2025-11-10 08:45:00,MSS,short,4023.1,4025.5,4025.5,4019.3,False,,4025.5,SL,-2.4,-27.68,1
2025-11-10 10:05:00,2025-11-10 10:14:00,2025-11-10 10:16:00,BOS,short,4052.8,4056.0,4052.8,4047.7,True,2025-11-10 10:15:00,4052.8,BE,0.0,-4.0,2
2025-11-10 11:25:00,2025-11-10 11:50:00,2025-11-10 11:54:00,MSS,long,4055.9,4053.0,4055.9,4060.6,True,2025-11-10 11:51:00,4055.9,BE,0.0,-4.0,4
2025-11-10 12:10:00,2025-11-10 12:46:00,2025-11-10 13:10:00,BOS,long,4059.6,4055.7,4059.6,4065.9,True,2025-11-10 12:48:00,4059.6,BE,0.0,-4.0,24
2025-11-10 15:10:00,2025-11-10 15:19:00,2025-11-10 15:20:00,BOS,long,4083.9,4081.6,4083.9,4087.6,True,2025-11-10 15:19:00,4083.9,BE,0.0,-4.0,1
2025-11-10 16:05:00,2025-11-10 16:13:00,2025-11-10 16:16:00,BOS,long,4085.6,4081.7,4085.6,4091.9,True,2025-11-10 16:13:00,4085.6,BE,0.0,-4.0,3
2025-11-10 16:35:00,2025-11-10 16:44:00,2025-11-10 17:04:00,BOS,long,4087.1,4083.0,4087.1,4093.7,True,2025-11-10 16:45:00,4087.1,BE,0.0,-4.0,20
2025-11-10 17:00:00,2025-11-10 17:30:00,2025-11-10 17:33:00,MSS,short,4088.9,4091.2,4088.9,4085.3,True,2025-11-10 17:30:00,4088.9,BE,0.0,-4.0,3
2025-11-10 17:35:00,2025-11-10 17:59:00,2025-11-10 18:46:00,MSS,long,4085.4,4079.5,4085.4,4094.9,True,2025-11-10 18:01:00,4085.4,BE,0.0,-4.0,47
2025-11-10 18:45:00,2025-11-10 18:59:00,2025-11-10 19:02:00,BOS,short,4089.2,4092.3,4089.2,4084.1,True,2025-11-10 19:01:00,4089.2,BE,0.0,-4.0,3
2025-11-10 20:50:00,2025-11-10 21:39:00,2025-11-10 21:42:00,BOS,long,4104.3,4101.5,4104.3,4108.7,True,2025-11-10 21:39:00,4104.3,BE,0.0,-4.0,3
2025-11-10 22:30:00,2025-11-10 22:45:00,2025-11-10 22:54:00,BOS,short,4091.7,4097.0,4091.7,4083.2,True,2025-11-10 22:48:00,4091.7,BE,0.0,-4.0,9
2025-11-10 23:45:00,2025-11-10 23:53:00,2025-11-11 00:03:00,BOS,short,4091.7,4096.0,4091.7,4084.7,True,2025-11-11 00:00:00,4091.7,BE,0.0,-4.0,10
2025-11-11 00:00:00,2025-11-11 00:05:00,2025-11-11 00:06:00,MSS,long,4092.0,4089.9,4092.0,4095.4,True,2025-11-11 00:05:00,4092.0,BE,0.0,-4.0,1
2025-11-11 02:45:00,2025-11-11 03:11:00,2025-11-11 03:20:00,MSS,short,4120.0,4123.9,4120.0,4113.7,True,2025-11-11 03:17:00,4120.0,BE,0.0,-4.0,9
2025-11-11 07:05:00,2025-11-11 07:19:00,2025-11-11 07:22:00,BOS,long,4123.9,4121.6,4123.9,4127.7,True,2025-11-11 07:20:00,4127.7,TP,3.8,33.7,3
2025-11-11 07:45:00,2025-11-11 07:51:00,2025-11-11 07:51:00,BOS,long,4126.9,4125.1,4125.1,4129.7,False,,4125.1,SL,-1.8,-21.57,0
2025-11-11 09:25:00,2025-11-11 09:46:00,2025-11-11 09:54:00,BOS,long,4137.7,4133.7,4137.7,4144.2,True,2025-11-11 09:46:00,4137.7,BE,0.0,-4.0,8
2025-11-11 10:20:00,2025-11-11 10:25:00,2025-11-11 10:27:00,BOS,long,4140.4,4138.3,4140.4,4143.9,True,2025-11-11 10:26:00,4140.4,BE,0.0,-4.0,2
2025-11-11 10:30:00,2025-11-11 10:41:00,2025-11-11 10:43:00,MSS,short,4140.6,4143.9,4143.9,4135.2,False,,4143.9,SL,-3.3,-37.23,2
2025-11-11 12:00:00,2025-11-11 12:06:00,2025-11-11 12:08:00,BOS,long,4151.9,4150.0,4150.0,4154.9,False,,4150.0,SL,-1.9,-22.72,2
2025-11-11 12:35:00,2025-11-11 12:41:00,2025-11-11 12:43:00,MSS,long,4149.2,4147.9,4147.9,4151.3,False,,4147.9,SL,-1.3,-16.99,2
2025-11-11 12:40:00,2025-11-11 12:47:00,2025-11-11 12:50:00,MSS,short,4149.9,4151.3,4149.9,4147.7,True,2025-11-11 12:49:00,4149.9,BE,0.0,-4.0,3
2025-11-11 14:20:00,2025-11-11 14:34:00,2025-11-11 14:38:00,MSS,long,4137.3,4133.2,4137.3,4143.9,True,2025-11-11 14:36:00,4137.3,BE,0.0,-4.0,4
2025-11-11 15:00:00,2025-11-11 15:12:00,2025-11-11 15:17:00,MSS,short,4136.4,4139.0,4136.4,4132.3,True,2025-11-11 15:14:00,4136.4,BE,0.0,-4.0,5
2025-11-11 16:00:00,2025-11-11 16:35:00,2025-11-11 16:49:00,MSS,long,4135.0,4131.0,4135.0,4141.5,True,2025-11-11 16:36:00,4141.5,TP,6.5,60.89,14
2025-11-11 17:55:00,2025-11-11 19:42:00,2025-11-11 19:46:00,MSS,short,4150.7,4152.5,4150.7,4147.8,True,2025-11-11 19:42:00,4150.7,BE,0.0,-4.0,4
2025-11-11 20:10:00,2025-11-11 20:37:00,2025-11-11 20:39:00,BOS,short,4148.2,4151.0,4148.2,4143.6,True,2025-11-11 20:37:00,4148.2,BE,0.0,-4.0,2
2025-11-11 20:50:00,2025-11-11 21:07:00,2025-11-11 21:09:00,BOS,short,4145.0,4148.4,4145.0,4139.5,True,2025-11-11 21:07:00,4145.0,BE,0.0,-4.0,2
2025-11-11 21:30:00,2025-11-11 22:01:00,2025-11-11 22:03:00,BOS,long,4147.4,4144.6,4147.4,4151.9,True,2025-11-11 22:01:00,4147.4,BE,0.0,-4.0,2
2025-11-11 22:45:00,2025-11-11 22:58:00,2025-11-11 23:08:00,BOS,short,4134.3,4139.6,4134.3,4125.8,True,2025-11-11 22:59:00,4125.8,TP,8.5,81.28,10
2025-11-12 01:30:00,2025-11-12 01:52:00,2025-11-12 01:57:00,BOS,short,4120.6,4123.5,4120.6,4116.0,True,2025-11-12 01:56:00,4120.6,BE,0.0,-4.0,5
2025-11-12 02:10:00,2025-11-12 02:17:00,2025-11-12 02:23:00,BOS,short,4118.9,4122.0,4118.9,4114.0,True,2025-11-12 02:22:00,4118.9,BE,0.0,-4.0,6
2025-11-12 07:35:00,2025-11-12 08:47:00,2025-11-12 08:49:00,BOS,long,4144.9,4142.6,4144.9,4148.7,True,2025-11-12 08:48:00,4144.9,BE,0.0,-4.0,2
2025-11-12 09:30:00,2025-11-12 09:44:00,2025-11-12 09:48:00,BOS,short,4139.2,4143.3,4139.2,4132.6,True,2025-11-12 09:46:00,4139.2,BE,0.0,-4.0,4
2025-11-12 13:30:00,2025-11-12 13:35:00,2025-11-12 13:51:00,BOS,short,4111.4,4115.7,4111.4,4104.4,True,2025-11-12 13:42:00,4111.4,BE,0.0,-4.0,16
2025-11-12 14:35:00,2025-11-12 14:47:00,2025-11-12 14:50:00,BOS,long,4119.8,4117.0,4119.8,4124.2,True,2025-11-12 14:48:00,4119.8,BE,0.0,-4.0,3
2025-11-12 15:30:00,2025-11-12 16:19:00,2025-11-12 16:21:00,MSS,short,4127.5,4129.8,4129.8,4123.9,False,,4129.8,SL,-2.3,-26.54,2
2025-11-12 17:10:00,2025-11-12 17:16:00,2025-11-12 17:21:00,MSS,short,4136.8,4139.4,4136.8,4132.7,True,2025-11-12 17:17:00,4132.7,TP,4.1,37.41,5
2025-11-12 18:25:00,2025-11-12 18:39:00,2025-11-12 18:57:00,BOS,short,4131.1,4134.5,4134.5,4125.7,False,,4134.5,SL,-3.4,-37.62,18
2025-11-12 19:10:00,2025-11-12 19:20:00,2025-11-12 19:22:00,MSS,long,4132.9,4130.3,4130.3,4137.1,False,,4130.3,SL,-2.6,-29.98,2
2025-11-12 20:10:00,2025-11-12 21:09:00,2025-11-12 21:10:00,BOS,long,4131.9,4129.0,4129.0,4136.5,False,,4129.0,SL,-2.9,-32.65,1
2025-11-12 21:30:00,2025-11-12 21:52:00,2025-11-12 21:57:00,MSS,long,4132.0,4128.1,4132.0,4138.2,True,2025-11-12 21:56:00,4132.0,BE,0.0,-4.0,5
2025-11-12 22:00:00,2025-11-12 22:33:00,2025-11-12 22:37:00,MSS,long,4133.9,4130.1,4133.9,4140.1,True,2025-11-12 22:35:00,4140.1,TP,6.2,57.8,4
2025-11-12 23:45:00,2025-11-12 23:52:00,2025-11-12 23:54:00,BOS,long,4184.7,4181.2,4181.2,4190.4,False,,4181.2,SL,-3.5,-39.14,2
2025-11-13 01:35:00,2025-11-13 02:02:00,2025-11-13 02:04:00,BOS,long,4203.5,4198.4,4198.4,4211.7,False,,4198.4,SL,-5.1,-54.81,2
2025-11-13 02:00:00,2025-11-13 02:11:00,2025-11-13 02:24:00,MSS,short,4205.4,4210.6,4210.6,4196.9,False,,4210.6,SL,-5.2,-56.33,13
2025-11-13 07:05:00,2025-11-13 07:13:00,2025-11-13 07:20:00,MSS,long,4203.8,4199.9,4199.9,4210.0,False,,4199.9,SL,-3.9,-42.58,7
2025-11-13 08:00:00,2025-11-13 08:21:00,2025-11-13 08:22:00,BOS,short,4195.4,4197.8,4195.4,4191.6,True,2025-11-13 08:22:00,4195.4,BE,0.0,-4.0,1
2025-11-13 08:50:00,2025-11-13 09:01:00,2025-11-13 09:03:00,BOS,long,4205.6,4201.5,4205.6,4212.3,True,2025-11-13 09:03:00,4205.6,BE,0.0,-4.0,2
2025-11-13 09:55:00,2025-11-13 10:24:00,2025-11-13 10:26:00,MSS,long,4191.3,4186.6,4191.3,4198.9,True,2025-11-13 10:25:00,4191.3,BE,0.0,-4.0,2
2025-11-13 13:05:00,2025-11-13 13:30:00,2025-11-13 13:40:00,BOS,long,4213.7,4209.9,4213.7,4219.9,True,2025-11-13 13:30:00,4219.9,TP,6.2,57.8,10
2025-11-13 17:00:00,2025-11-13 17:07:00,2025-11-13 17:09:00,MSS,short,4238.9,4243.0,4238.9,4232.3,True,2025-11-13 17:07:00,4238.9,BE,0.0,-4.0,2
2025-11-13 17:15:00,2025-11-13 17:26:00,2025-11-13 17:27:00,MSS,long,4236.8,4232.3,4236.8,4244.0,True,2025-11-13 17:27:00,4236.8,BE,0.0,-4.0,1
2025-11-13 17:25:00,2025-11-13 18:09:00,2025-11-13 18:21:00,MSS,short,4239.9,4245.0,4245.0,4231.6,False,,4245.0,SL,-5.1,-55.19,12
2025-11-13 18:55:00,2025-11-13 19:07:00,2025-11-13 19:20:00,BOS,short,4234.9,4240.1,4234.9,4226.6,True,2025-11-13 19:08:00,4226.6,TP,8.3,79.43,13
2025-11-13 20:05:00,2025-11-13 20:27:00,2025-11-13 20:28:00,BOS,long,4236.5,4234.2,4236.5,4240.2,True,2025-11-13 20:27:00,4236.5,BE,0.0,-4.0,1
2025-11-13 20:50:00,2025-11-13 21:03:00,2025-11-13 21:03:00,BOS,long,4238.7,4235.1,4235.1,4244.4,False,,4235.1,SL,-3.6,-39.53,0
2025-11-13 21:30:00,2025-11-13 21:55:00,2025-11-13 21:59:00,BOS,short,4236.8,4242.5,4236.8,4227.5,True,2025-11-13 21:57:00,4236.8,BE,0.0,-4.0,4
2025-11-13 23:05:00,2025-11-13 23:26:00,2025-11-13 23:32:00,MSS,long,4199.5,4193.2,4199.5,4209.6,True,2025-11-13 23:31:00,4199.5,BE,0.0,-4.0,6
2025-11-14 00:35:00,2025-11-14 00:52:00,2025-11-14 00:56:00,MSS,short,4209.1,4213.0,4209.1,4202.9,True,2025-11-14 00:53:00,4209.1,BE,0.0,-4.0,4
2025-11-14 01:10:00,2025-11-14 01:27:00,2025-11-14 01:49:00,BOS,short,4207.3,4212.9,4207.3,4198.2,True,2025-11-14 01:42:00,4207.3,BE,0.0,-4.0,22
2025-11-14 07:45:00,2025-11-14 08:07:00,2025-11-14 08:12:00,BOS,long,4183.1,4179.8,4183.1,4188.5,True,2025-11-14 08:08:00,4188.5,TP,5.4,49.77,5
2025-11-14 08:15:00,2025-11-14 08:51:00,2025-11-14 08:53:00,BOS,long,4185.7,4181.7,4181.7,4192.2,False,,4181.7,SL,-4.0,-44.11,2
2025-11-14 08:50:00,2025-11-14 09:03:00,2025-11-14 09:12:00,MSS,short,4188.0,4192.5,4188.0,4180.8,True,2025-11-14 09:11:00,4188.0,BE,0.0,-4.0,9
2025-11-14 09:20:00,2025-11-14 09:46:00,2025-11-14 09:54:00,BOS,short,4186.7,4192.3,4192.3,4177.6,False,,4192.3,SL,-5.6,-60.15,8
2025-11-14 11:20:00,2025-11-14 11:45:00,2025-11-14 11:51:00,BOS,long,4209.6,4207.0,4207.0,4213.9,False,,4207.0,SL,-2.6,-30.36,6
2025-11-14 12:10:00,2025-11-14 12:34:00,2025-11-14 12:39:00,BOS,short,4206.3,4209.4,4206.3,4201.2,True,2025-11-14 12:37:00,4206.3,BE,0.0,-4.0,5
2025-11-14 12:50:00,2025-11-14 12:56:00,2025-11-14 12:58:00,BOS,short,4205.7,4207.4,4205.7,4202.9,True,2025-11-14 12:58:00,4205.7,BE,0.0,-4.0,2
2025-11-14 12:55:00,2025-11-14 13:00:00,2025-11-14 13:01:00,MSS,long,4204.4,4202.9,4202.9,4206.9,False,,4202.9,SL,-1.5,-19.28,1
2025-11-14 15:20:00,2025-11-14 15:43:00,2025-11-14 15:47:00,BOS,short,4173.9,4179.9,4179.9,4164.1,False,,4179.9,SL,-6.0,-64.36,4
2025-11-14 18:30:00,2025-11-14 18:39:00,2025-11-14 18:55:00,BOS,short,4170.0,4174.4,4174.4,4162.8,False,,4174.4,SL,-4.4,-48.31,16
2025-11-14 22:20:00,2025-11-14 22:30:00,2025-11-14 22:32:00,MSS,long,4051.7,4045.6,4051.7,4061.6,True,2025-11-14 22:30:00,4051.7,BE,0.0,-4.0,2
2025-11-14 22:30:00,2025-11-14 22:35:00,2025-11-14 22:37:00,MSS,short,4050.3,4061.6,4061.6,4032.1,False,,4061.6,SL,-11.3,-116.69,2
2025-11-15 00:35:00,2025-11-15 01:07:00,2025-11-15 01:08:00,BOS,long,4102.6,4098.7,4098.7,4108.9,False,,4098.7,SL,-3.9,-42.96,1
2025-11-15 02:00:00,2025-11-15 02:32:00,2025-11-15 02:42:00,MSS,short,4099.2,4106.3,4099.2,4087.8,True,2025-11-15 02:41:00,4099.2,BE,0.0,-4.0,10
2025-11-17 07:00:00,2025-11-17 07:05:00,2025-11-17 07:06:00,BOS,short,4077.5,4087.1,4087.1,4061.9,False,,4087.1,SL,-9.6,-100.26,1
2025-11-17 08:55:00,2025-11-17 09:00:00,2025-11-17 09:02:00,BOS,short,4089.0,4093.0,4089.0,4082.5,True,2025-11-17 09:01:00,4089.0,BE,0.0,-4.0,2
2025-11-17 09:10:00,2025-11-17 09:16:00,2025-11-17 09:19:00,MSS,long,4088.5,4082.5,4088.5,4098.2,True,2025-11-17 09:18:00,4088.5,BE,0.0,-4.0,3
2025-11-17 09:30:00,2025-11-17 09:57:00,2025-11-17 10:03:00,BOS,long,4092.4,4086.7,4086.7,4101.5,False,,4086.7,SL,-5.7,-60.54,6
2025-11-17 11:50:00,2025-11-17 12:46:00,2025-11-17 12:58:00,MSS,long,4080.1,4076.4,4080.1,4086.0,True,2025-11-17 12:50:00,4080.1,BE,0.0,-4.0,12
2025-11-17 14:00:00,2025-11-17 14:11:00,2025-11-17 14:19:00,MSS,long,4058.9,4054.6,4058.9,4065.9,True,2025-11-17 14:17:00,4065.9,TP,7.0,65.83,8
2025-11-17 16:35:00,2025-11-17 17:11:00,2025-11-17 17:14:00,MSS,short,4082.3,4085.4,4082.3,4077.2,True,2025-11-17 17:12:00,4082.3,BE,0.0,-4.0,3
2025-11-17 17:10:00,2025-11-17 18:50:00,2025-11-17 18:53:00,MSS,long,4077.4,4073.4,4073.4,4083.8,False,,4073.4,SL,-4.0,-43.73,3
2025-11-17 18:50:00,2025-11-17 19:36:00,2025-11-17 19:42:00,MSS,short,4080.8,4087.7,4080.8,4069.6,True,2025-11-17 19:38:00,4080.8,BE,0.0,-4.0,6
2025-11-17 19:50:00,2025-11-17 19:57:00,2025-11-17 20:03:00,MSS,long,4081.5,4078.0,4078.0,4087.1,False,,4078.0,SL,-3.5,-38.76,6
2025-11-17 20:45:00,2025-11-17 20:50:00,2025-11-17 20:50:00,MSS,short,4081.8,4082.3,4081.8,4080.9,True,2025-11-17 20:50:00,4080.9,TP,0.9,4.65,0
2025-11-17 21:00:00,2025-11-17 21:24:00,2025-11-17 21:28:00,MSS,long,4081.5,4076.2,4076.2,4090.0,False,,4076.2,SL,-5.3,-56.72,4
2025-11-17 21:35:00,2025-11-17 22:34:00,2025-11-17 22:36:00,BOS,short,4076.0,4080.9,4080.9,4068.2,False,,4080.9,SL,-4.9,-52.51,2
2025-11-17 23:05:00,2025-11-17 23:24:00,2025-11-17 23:28:00,MSS,short,4074.6,4082.0,4074.6,4062.5,True,2025-11-17 23:25:00,4074.6,BE,0.0,-4.0,4
2025-11-18 01:15:00,2025-11-18 01:41:00,2025-11-18 01:45:00,BOS,long,4075.1,4072.5,4075.1,4079.2,True,2025-11-18 01:41:00,4075.1,BE,0.0,-4.0,4
2025-11-18 03:30:00,2025-11-18 07:01:00,2025-11-18 07:06:00,BOS,short,4055.2,4066.7,4055.2,4036.5,True,2025-11-18 07:02:00,4055.2,BE,0.0,-4.0,5
2025-11-18 08:35:00,2025-11-18 08:52:00,2025-11-18 08:53:00,MSS,long,4032.2,4028.1,4032.2,4038.8,True,2025-11-18 08:52:00,4032.2,BE,0.0,-4.0,1
2025-11-18 08:55:00,2025-11-18 09:08:00,2025-11-18 09:12:00,BOS,long,4035.0,4031.3,4035.0,4041.1,True,2025-11-18 09:09:00,4041.1,TP,6.1,56.56,4
2025-11-18 10:30:00,2025-11-18 10:43:00,2025-11-18 10:47:00,MSS,long,4029.9,4026.5,4026.5,4035.5,False,,4026.5,SL,-3.4,-38.38,4
2025-11-18 11:30:00,2025-11-18 11:58:00,2025-11-18 12:00:00,MSS,long,4011.6,4008.2,4011.6,4017.0,True,2025-11-18 11:59:00,4011.6,BE,0.0,-4.0,2
2025-11-18 13:35:00,2025-11-18 13:57:00,2025-11-18 13:58:00,BOS,long,4017.5,4014.5,4017.5,4022.3,True,2025-11-18 13:57:00,4017.5,BE,0.0,-4.0,1
2025-11-18 15:00:00,2025-11-18 15:40:00,2025-11-18 15:45:00,BOS,short,4010.9,4015.1,4010.9,4004.0,True,2025-11-18 15:45:00,4010.9,BE,0.0,-4.0,5
2025-11-18 18:45:00,2025-11-18 18:58:00,2025-11-18 19:07:00,BOS,long,4041.9,4036.8,4041.9,4050.2,True,2025-11-18 18:59:00,4041.9,BE,0.0,-4.0,9
2025-11-18 20:20:00,2025-11-18 21:03:00,2025-11-18 21:04:00,BOS,short,4040.9,4044.5,4044.5,4035.2,False,,4044.5,SL,-3.6,-39.53,1
2025-11-18 22:00:00,2025-11-18 22:10:00,2025-11-18 22:15:00,BOS,long,4069.2,4065.2,4069.2,4075.6,True,2025-11-18 22:10:00,4075.6,TP,6.4,60.27,5
2025-11-18 22:15:00,2025-11-18 22:27:00,2025-11-18 22:30:00,BOS,long,4073.2,4068.6,4073.2,4080.7,True,2025-11-18 22:28:00,4073.2,BE,0.0,-4.0,3
2025-11-18 23:25:00,2025-11-18 23:40:00,2025-11-18 23:42:00,MSS,long,4058.6,4053.1,4058.6,4067.4,True,2025-11-18 23:41:00,4058.6,BE,0.0,-4.0,2
2025-11-19 00:00:00,2025-11-19 00:18:00,2025-11-19 00:25:00,MSS,short,4060.3,4072.9,4060.3,4040.0,True,2025-11-19 00:21:00,4060.3,BE,0.0,-4.0,7
2025-11-19 00:55:00,2025-11-19 01:17:00,2025-11-19 01:22:00,MSS,long,4062.3,4057.7,4062.3,4069.8,True,2025-11-19 01:20:00,4062.3,BE,0.0,-4.0,5
2025-11-19 02:00:00,2025-11-19 02:05:00,2025-11-19 02:07:00,MSS,short,4072.5,4074.2,4072.5,4069.7,True,2025-11-19 02:06:00,4072.5,BE,0.0,-4.0,2
2025-11-19 03:10:00,2025-11-19 03:32:00,2025-11-19 03:37:00,MSS,long,4074.0,4069.8,4074.0,4080.8,True,2025-11-19 03:32:00,4080.8,TP,6.8,63.98,5
2025-11-19 07:05:00,2025-11-19 07:30:00,2025-11-19 07:31:00,MSS,long,4068.3,4065.4,4068.3,4073.1,True,2025-11-19 07:30:00,4068.3,BE,0.0,-4.0,1
2025-11-19 07:55:00,2025-11-19 08:08:00,2025-11-19 08:15:00,BOS,long,4071.2,4067.2,4071.2,4077.7,True,2025-11-19 08:09:00,4071.2,BE,0.0,-4.0,7
2025-11-19 08:20:00,2025-11-19 08:46:00,2025-11-19 08:48:00,BOS,long,4073.2,4070.3,4073.2,4078.0,True,2025-11-19 08:47:00,4073.2,BE,0.0,-4.0,2
2025-11-19 09:50:00,2025-11-19 10:29:00,2025-11-19 10:30:00,BOS,short,4065.8,4070.7,4065.8,4057.9,True,2025-11-19 10:29:00,4065.8,BE,0.0,-4.0,1
2025-11-19 11:55:00,2025-11-19 12:26:00,2025-11-19 12:33:00,BOS,short,4072.4,4076.4,4076.4,4065.8,False,,4076.4,SL,-4.0,-44.49,7
2025-11-19 15:05:00,2025-11-19 15:35:00,2025-11-19 15:41:00,MSS,short,4091.9,4096.2,4096.2,4084.9,False,,4096.2,SL,-4.3,-47.17,6
2025-11-19 19:15:00,2025-11-19 19:42:00,2025-11-19 19:43:00,BOS,long,4111.5,4107.1,4111.5,4118.6,True,2025-11-19 19:42:00,4111.5,BE,0.0,-4.0,1
2025-11-19 20:35:00,2025-11-19 20:53:00,2025-11-19 20:54:00,BOS,long,4115.6,4112.9,4112.9,4119.9,False,,4112.9,SL,-2.7,-30.74,1
2025-11-19 21:00:00,2025-11-19 21:45:00,2025-11-19 21:51:00,MSS,short,4116.5,4120.7,4116.5,4109.6,True,2025-11-19 21:47:00,4109.6,TP,6.9,64.6,6
2025-11-19 22:10:00,2025-11-19 22:21:00,2025-11-19 22:29:00,MSS,long,4111.7,4106.7,4106.7,4119.7,False,,4106.7,SL,-5.0,-53.66,8
2025-11-19 22:55:00,2025-11-19 23:29:00,2025-11-19 23:31:00,MSS,long,4117.7,4109.7,4117.7,4130.6,True,2025-11-19 23:31:00,4117.7,BE,0.0,-4.0,2
2025-11-20 00:15:00,2025-11-20 00:22:00,2025-11-20 00:25:00,BOS,short,4090.4,4095.6,4090.4,4082.1,True,2025-11-20 00:23:00,4082.1,TP,8.3,79.43,3
2025-11-20 02:00:00,2025-11-20 02:28:00,2025-11-20 02:30:00,BOS,long,4079.6,4076.7,4079.6,4084.4,True,2025-11-20 02:28:00,4079.6,BE,0.0,-4.0,2
2025-11-20 02:50:00,2025-11-20 03:00:00,2025-11-20 03:02:00,BOS,long,4082.5,4076.3,4082.5,4092.4,True,2025-11-20 03:01:00,4082.5,BE,0.0,-4.0,2
2025-11-20 03:25:00,2025-11-20 07:01:00,2025-11-20 07:04:00,MSS,short,4083.5,4092.4,4083.5,4069.1,True,2025-11-20 07:03:00,4083.5,BE,0.0,-4.0,3
2025-11-20 08:35:00,2025-11-20 09:01:00,2025-11-20 09:03:00,MSS,short,4105.3,4108.3,4105.3,4100.5,True,2025-11-20 09:03:00,4105.3,BE,0.0,-4.0,2
2025-11-20 11:30:00,2025-11-20 12:10:00,2025-11-20 12:15:00,MSS,short,4074.1,4077.7,4077.7,4068.4,False,,4077.7,SL,-3.6,-39.53,5
2025-11-20 12:30:00,2025-11-20 12:49:00,2025-11-20 12:51:00,BOS,short,4076.8,4078.5,4076.8,4074.1,True,2025-11-20 12:50:00,4076.8,BE,0.0,-4.0,2
2025-11-20 12:50:00,2025-11-20 12:58:00,2025-11-20 12:59:00,MSS,long,4074.2,4071.7,4074.2,4078.3,True,2025-11-20 12:58:00,4074.2,BE,0.0,-4.0,1
2025-11-20 13:55:00,2025-11-20 14:07:00,2025-11-20 14:08:00,BOS,short,4070.2,4073.6,4070.2,4064.6,True,2025-11-20 14:07:00,4070.2,BE,0.0,-4.0,1
2025-11-20 14:05:00,2025-11-20 14:18:00,2025-11-20 14:25:00,MSS,long,4068.5,4063.5,4063.5,4076.7,False,,4063.5,SL,-5.0,-54.42,7
2025-11-20 14:25:00,2025-11-20 14:41:00,2025-11-20 15:06:00,MSS,short,4069.4,4076.7,4069.4,4057.6,True,2025-11-20 14:43:00,4069.4,BE,0.0,-4.0,25
2025-11-20 15:05:00,2025-11-20 15:17:00,2025-11-20 15:22:00,MSS,long,4066.4,4061.6,4061.6,4074.2,False,,4061.6,SL,-4.8,-52.13,5
2025-11-20 16:00:00,2025-11-20 16:56:00,2025-11-20 16:57:00,BOS,short,4059.2,4066.7,4066.7,4047.0,False,,4066.7,SL,-7.5,-79.25,1
2025-11-20 16:55:00,2025-11-20 17:31:00,2025-11-20 19:00:00,MSS,long,4056.4,4048.8,4056.4,4068.6,True,2025-11-20 17:33:00,4056.4,BE,0.0,-4.0,89
2025-11-20 19:15:00,2025-11-20 19:29:00,2025-11-20 19:31:00,BOS,short,4055.1,4057.9,4055.1,4050.6,True,2025-11-20 19:30:00,4055.1,BE,0.0,-4.0,2
2025-11-20 20:55:00,2025-11-20 21:30:00,2025-11-20 21:30:00,BOS,long,4075.2,4071.2,4071.2,4081.7,False,,4071.2,SL,-4.0,-44.11,0
2025-11-20 21:30:00,2025-11-20 21:35:00,2025-11-20 21:36:00,MSS,short,4081.5,4091.0,4081.5,4066.1,True,2025-11-20 21:36:00,4081.5,BE,0.0,-4.0,1
2025-11-20 21:35:00,2025-11-20 21:46:00,2025-11-20 21:54:00,MSS,long,4077.7,4066.1,4077.7,4096.4,True,2025-11-20 21:47:00,4077.7,BE,0.0,-4.0,8
2025-11-20 22:40:00,2025-11-20 23:34:00,2025-11-20 23:48:00,BOS,long,4079.9,4073.2,4079.9,4090.8,True,2025-11-20 23:39:00,4079.9,BE,0.0,-4.0,14
2025-11-20 23:55:00,2025-11-21 00:08:00,2025-11-21 00:10:00,BOS,short,4080.9,4088.5,4080.9,4068.7,True,2025-11-21 00:10:00,4080.9,BE,0.0,-4.0,2
2025-11-21 00:40:00,2025-11-21 00:45:00,2025-11-21 00:47:00,BOS,short,4062.8,4067.1,4062.8,4055.9,True,2025-11-21 00:46:00,4062.8,BE,0.0,-4.0,2
2025-11-21 00:50:00,2025-11-21 01:53:00,2025-11-21 01:54:00,BOS,short,4061.3,4066.0,4061.3,4053.8,True,2025-11-21 01:53:00,4061.3,BE,0.0,-4.0,1
2025-11-21 07:00:00,2025-11-21 07:05:00,2025-11-21 07:07:00,BOS,short,4076.6,4079.7,4076.6,4071.7,True,2025-11-21 07:06:00,4076.6,BE,0.0,-4.0,2
2025-11-21 07:10:00,2025-11-21 07:26:00,2025-11-21 07:41:00,MSS,long,4076.9,4071.7,4076.9,4085.3,True,2025-11-21 07:26:00,4085.3,TP,8.4,80.05,15
2025-11-21 07:40:00,2025-11-21 07:47:00,2025-11-21 07:50:00,BOS,long,4081.1,4076.5,4081.1,4088.6,True,2025-11-21 07:47:00,4081.1,BE,0.0,-4.0,3
2025-11-21 08:20:00,2025-11-21 08:43:00,2025-11-21 08:49:00,MSS,short,4077.4,4081.2,4077.4,4071.3,True,2025-11-21 08:48:00,4077.4,BE,0.0,-4.0,6
2025-11-21 09:25:00,2025-11-21 09:45:00,2025-11-21 09:52:00,BOS,short,4065.9,4068.8,4068.8,4061.3,False,,4068.8,SL,-2.9,-32.65,7
2025-11-21 10:15:00,2025-11-21 10:26:00,2025-11-21 10:28:00,MSS,short,4071.3,4075.0,4071.3,4065.3,True,2025-11-21 10:27:00,4071.3,BE,0.0,-4.0,2
2025-11-21 10:30:00,2025-11-21 10:45:00,2025-11-21 10:47:00,MSS,long,4070.6,4065.3,4065.3,4079.1,False,,4065.3,SL,-5.3,-56.72,2
2025-11-21 11:15:00,2025-11-21 11:40:00,2025-11-21 11:47:00,BOS,short,4053.2,4056.0,4053.2,4048.8,True,2025-11-21 11:45:00,4053.2,BE,0.0,-4.0,7
2025-11-21 12:05:00,2025-11-21 12:14:00,2025-11-21 12:18:00,MSS,long,4054.0,4051.0,4054.0,4058.8,True,2025-11-21 12:17:00,4054.0,BE,0.0,-4.0,4
2025-11-21 12:30:00,2025-11-21 13:06:00,2025-11-21 13:13:00,MSS,short,4054.9,4058.3,4054.9,4049.5,True,2025-11-21 13:08:00,4054.9,BE,0.0,-4.0,7
2025-11-21 13:35:00,2025-11-21 13:56:00,2025-11-21 13:57:00,BOS,short,4052.7,4055.9,4052.7,4047.4,True,2025-11-21 13:57:00,4047.4,TP,5.3,48.53,1
2025-11-21 13:55:00,2025-11-21 14:18:00,2025-11-21 14:28:00,MSS,long,4044.9,4037.3,4037.3,4057.3,False,,4037.3,SL,-7.6,-80.4,10
2025-11-21 14:55:00,2025-11-21 15:30:00,2025-11-21 15:35:00,BOS,short,4035.2,4038.2,4035.2,4030.3,True,2025-11-21 15:33:00,4035.2,BE,0.0,-4.0,5
2025-11-21 16:50:00,2025-11-21 17:01:00,2025-11-21 17:02:00,BOS,short,4040.8,4044.2,4044.2,4035.4,False,,4044.2,SL,-3.4,-37.62,1
2025-11-21 19:45:00,2025-11-21 20:06:00,2025-11-21 20:13:00,BOS,short,4038.8,4044.1,4038.8,4030.3,True,2025-11-21 20:13:00,4038.8,BE,0.0,-4.0,7
2025-11-21 22:50:00,2025-11-21 23:08:00,2025-11-21 23:12:00,MSS,long,4065.6,4060.2,4065.6,4074.3,True,2025-11-21 23:08:00,4074.3,TP,8.7,83.14,4
2025-11-21 23:30:00,2025-11-22 00:02:00,2025-11-22 00:05:00,MSS,short,4071.2,4075.6,4071.2,4064.1,True,2025-11-22 00:02:00,4064.1,TP,7.1,67.07,3
2025-11-22 02:25:00,2025-11-22 02:47:00,2025-11-22 02:48:00,MSS,short,4081.8,4084.1,4084.1,4078.1,False,,4084.1,SL,-2.3,-26.92,1
2025-11-24 08:40:00,2025-11-24 09:02:00,2025-11-24 09:03:00,MSS,long,4060.3,4058.5,4060.3,4063.1,True,2025-11-24 09:03:00,4060.3,BE,0.0,-4.0,1
2025-11-24 10:30:00,2025-11-24 10:45:00,2025-11-24 10:46:00,MSS,long,4043.5,4041.3,4041.3,4047.0,False,,4041.3,SL,-2.2,-25.77,1
2025-11-24 10:45:00,2025-11-24 11:05:00,2025-11-24 11:08:00,MSS,short,4045.6,4048.8,4045.6,4040.5,True,2025-11-24 11:06:00,4045.6,BE,0.0,-4.0,3
2025-11-24 12:10:00,2025-11-24 12:20:00,2025-11-24 12:32:00,BOS,long,4050.4,4045.3,4045.3,4058.6,False,,4045.3,SL,-5.1,-54.81,12
2025-11-24 13:40:00,2025-11-24 13:46:00,2025-11-24 13:49:00,MSS,long,4041.7,4039.0,4039.0,4046.0,False,,4039.0,SL,-2.7,-30.74,3
2025-11-24 13:45:00,2025-11-24 13:57:00,2025-11-24 14:01:00,MSS,short,4042.8,4046.0,4042.8,4037.7,True,2025-11-24 14:00:00,4042.8,BE,0.0,-4.0,4
2025-11-24 17:35:00,2025-11-24 17:43:00,2025-11-24 17:46:00,BOS,long,4066.2,4063.9,4066.2,4069.8,True,2025-11-24 17:44:00,4066.2,BE,0.0,-4.0,3
2025-11-24 18:00:00,2025-11-24 18:20:00,2025-11-24 18:22:00,BOS,long,4067.0,4062.6,4067.0,4074.0,True,2025-11-24 18:21:00,4067.0,BE,0.0,-4.0,2
2025-11-24 18:20:00,2025-11-24 20:04:00,2025-11-24 20:05:00,MSS,short,4070.2,4073.5,4070.2,4064.9,True,2025-11-24 20:05:00,4070.2,BE,0.0,-4.0,1
2025-11-24 21:40:00,2025-11-24 22:03:00,2025-11-24 22:12:00,MSS,short,4079.5,4084.0,4079.5,4072.2,True,2025-11-24 22:03:00,4079.5,BE,0.0,-4.0,9
2025-11-25 01:05:00,2025-11-25 01:49:00,2025-11-25 01:50:00,MSS,short,4096.8,4098.9,4098.9,4093.3,False,,4098.9,SL,-2.1,-25.39,1
2025-11-25 02:50:00,2025-11-25 03:14:00,2025-11-25 03:25:00,BOS,long,4115.5,4109.0,4115.5,4126.1,True,2025-11-25 03:17:00,4115.5,BE,0.0,-4.0,11
2025-11-25 07:10:00,2025-11-25 07:15:00,2025-11-25 07:41:00,MSS,short,4131.8,4136.9,4131.8,4123.6,True,2025-11-25 07:16:00,4131.8,BE,0.0,-4.0,26
2025-11-25 08:55:00,2025-11-25 09:05:00,2025-11-25 09:07:00,BOS,short,4130.7,4134.6,4130.7,4124.5,True,2025-11-25 09:06:00,4130.7,BE,0.0,-4.0,2
2025-11-25 10:15:00,2025-11-25 11:23:00,2025-11-25 12:04:00,BOS,long,4136.9,4133.2,4136.9,4143.0,True,2025-11-25 11:24:00,4136.9,BE,0.0,-4.0,41
2025-11-25 12:00:00,2025-11-25 12:05:00,2025-11-25 12:07:00,MSS,short,4140.3,4142.7,4142.7,4136.5,False,,4142.7,SL,-2.4,-27.68,2
2025-11-25 12:15:00,2025-11-25 12:51:00,2025-11-25 13:02:00,MSS,long,4139.6,4136.5,4139.6,4144.7,True,2025-11-25 13:01:00,4139.5,BE,-0.1,-5.32,11
2025-11-25 14:05:00,2025-11-25 14:12:00,2025-11-25 14:13:00,BOS,long,4145.9,4143.6,4145.9,4149.6,True,2025-11-25 14:12:00,4145.9,BE,0.0,-4.0,1
2025-11-25 15:00:00,2025-11-25 15:12:00,2025-11-25 15:14:00,MSS,long,4138.5,4136.1,4138.5,4142.4,True,2025-11-25 15:13:00,4138.5,BE,0.0,-4.0,2
2025-11-25 16:15:00,2025-11-25 16:22:00,2025-11-25 16:27:00,MSS,long,4131.6,4128.8,4131.6,4136.2,True,2025-11-25 16:22:00,4131.4,BE,-0.2,-6.27,5
2025-11-25 16:50:00,2025-11-25 17:04:00,2025-11-25 17:15:00,BOS,short,4118.6,4126.4,4126.4,4106.1,False,,4126.4,SL,-7.8,-81.55,11
2025-11-25 18:00:00,2025-11-25 18:30:00,2025-11-25 18:31:00,MSS,long,4126.3,4122.6,4126.3,4132.2,True,2025-11-25 18:30:00,4126.3,BE,0.0,-4.0,1
2025-11-25 20:15:00,2025-11-25 20:22:00,2025-11-25 20:25:00,BOS,long,4133.4,4132.0,4132.0,4135.7,False,,4132.0,SL,-1.4,-18.13,3
2025-11-25 20:25:00,2025-11-25 20:40:00,2025-11-25 20:41:00,MSS,short,4133.2,4135.7,4133.2,4129.2,True,2025-11-25 20:41:00,4133.2,BE,0.0,-4.0,1
2025-11-25 20:40:00,2025-11-25 20:52:00,2025-11-25 20:59:00,BOS,short,4125.2,4132.8,4125.2,4113.0,True,2025-11-25 20:52:00,4125.2,BE,0.0,-4.0,7
2025-11-25 23:05:00,2025-11-25 23:52:00,2025-11-25 23:55:00,MSS,long,4118.8,4113.8,4118.8,4126.9,True,2025-11-25 23:53:00,4118.8,BE,0.0,-4.0,3
2025-11-26 00:45:00,2025-11-26 01:00:00,2025-11-26 01:00:00,MSS,short,4134.7,4137.3,4137.3,4130.5,False,,4137.3,SL,-2.6,-29.98,0
2025-11-26 01:30:00,2025-11-26 01:42:00,2025-11-26 01:46:00,BOS,long,4147.3,4141.8,4147.3,4156.2,True,2025-11-26 01:44:00,4147.3,BE,0.0,-4.0,4
2025-11-26 07:00:00,2025-11-26 07:30:00,2025-11-26 07:34:00,MSS,long,4128.5,4126.1,4128.5,4132.3,True,2025-11-26 07:34:00,4128.5,BE,0.0,-4.0,4
2025-11-26 08:45:00,2025-11-26 08:55:00,2025-11-26 08:57:00,MSS,short,4136.3,4138.1,4138.1,4133.4,False,,4138.7,SL,-2.4,-27.95,2
2025-11-26 10:05:00,2025-11-26 10:12:00,2025-11-26 10:17:00,BOS,long,4147.2,4144.8,4147.2,4151.0,True,2025-11-26 10:12:00,4151.1,TP,3.9,35.32,5
2025-11-26 11:30:00,2025-11-26 11:37:00,2025-11-26 11:37:00,MSS,short,4162.4,4163.4,4163.4,4160.9,False,,4163.4,SL,-1.0,-13.55,0
2025-11-26 11:35:00,2025-11-26 11:55:00,2025-11-26 12:00:00,MSS,long,4162.3,4160.9,4162.3,4164.5,True,2025-11-26 11:55:00,4164.5,TP,2.2,18.25,5
2025-11-26 16:05:00,2025-11-26 16:34:00,2025-11-26 16:41:00,BOS,long,4157.8,4154.4,4157.8,4163.2,True,2025-11-26 16:35:00,4156.9,BE,-0.9,-12.62,7
2025-11-26 18:45:00,2025-11-26 18:53:00,2025-11-26 18:58:00,BOS,short,4155.9,4157.8,4155.9,4152.9,True,2025-11-26 18:58:00,4155.9,BE,0.0,-4.0,4
2025-11-26 21:25:00,2025-11-26 21:30:00,2025-11-26 21:36:00,MSS,long,4158.2,4155.0,4155.0,4163.3,False,,4153.1,SL,-5.1,-54.71,5
2025-11-26 22:05:00,2025-11-26 22:32:00,2025-11-26 22:43:00,BOS,short,4147.5,4154.0,4147.5,4137.0,True,2025-11-26 22:42:00,4147.5,BE,0.0,-4.0,11
2025-11-26 23:55:00,2025-11-27 00:01:00,2025-11-27 00:07:00,BOS,long,4158.4,4155.5,4158.4,4163.2,True,2025-11-27 00:01:00,4158.4,BE,0.0,-4.0,6
2025-11-27 01:20:00,2025-11-27 01:50:00,2025-11-27 02:05:00,BOS,long,4164.2,4162.3,4164.2,4167.3,True,2025-11-27 02:03:00,4167.3,TP,3.1,26.9,3
2025-12-01 22:35:00,2025-12-01 22:55:00,2025-12-01 23:19:00,BOS,short,4237.5,4246.1,4237.5,4223.7,True,2025-12-01 23:10:00,4220.6,TP,16.9,165.43,3
2025-12-30 09:00:00,2025-12-30 09:07:00,2025-12-30 09:10:00,BOS,short,4350.5,4356.0,4350.5,4341.7,True,2025-12-30 09:08:00,4350.5,BE,0.0,-4.0,3
2025-12-30 09:15:00,2025-12-30 09:32:00,2025-12-30 09:41:00,MSS,long,4346.4,4339.0,4346.4,4358.4,True,2025-12-30 09:33:00,4358.4,TP,12.0,115.89,9
2025-12-30 11:20:00,2025-12-30 11:52:00,2025-12-30 12:05:00,BOS,long,4374.2,4370.5,4374.2,4380.3,True,2025-12-30 12:01:00,4374.2,BE,0.0,-4.0,13
2025-12-30 12:35:00,2025-12-30 12:51:00,2025-12-30 13:00:00,BOS,long,4378.6,4376.1,4378.6,4382.7,True,2025-12-30 13:00:00,4378.6,BE,0.0,-4.0,9
2025-12-30 13:05:00,2025-12-30 13:12:00,2025-12-30 13:14:00,MSS,short,4377.1,4379.4,4379.4,4373.3,False,,4379.4,SL,-2.3,-27.3,2
2025-12-30 14:35:00,2025-12-30 14:48:00,2025-12-30 15:07:00,BOS,short,4381.0,4384.6,4381.0,4375.1,True,2025-12-30 14:51:00,4375.1,TP,5.9,54.71,19
2025-12-30 15:35:00,2025-12-30 16:02:00,2025-12-30 16:03:00,BOS,long,4384.1,4380.8,4380.8,4389.4,False,,4380.8,SL,-3.3,-36.85,1
2025-12-30 17:50:00,2025-12-30 18:04:00,2025-12-30 18:09:00,BOS,long,4384.9,4382.8,4384.9,4388.3,True,2025-12-30 18:05:00,4388.3,TP,3.4,29.99,5
2025-12-30 19:05:00,2025-12-30 19:48:00,2025-12-30 19:51:00,BOS,long,4398.5,4394.4,4398.5,4405.2,True,2025-12-30 19:50:00,4398.5,BE,0.0,-4.0,3
2025-12-30 20:35:00,2025-12-30 21:19:00,2025-12-30 21:19:00,BOS,long,4410.7,4407.5,4407.5,4415.9,False,,4407.5,SL,-3.2,-36.09,0
2025-12-30 21:30:00,2025-12-30 22:00:00,2025-12-30 22:28:00,BOS,short,4405.4,4413.7,4405.4,4391.9,True,2025-12-30 22:02:00,4405.4,BE,0.0,-4.0,28
2025-12-30 22:25:00,2025-12-30 22:32:00,2025-12-30 22:33:00,MSS,long,4400.3,4396.2,4396.2,4407.0,False,,4396.2,SL,-4.1,-45.26,1
2025-12-31 00:05:00,2025-12-31 00:18:00,2025-12-31 00:28:00,BOS,short,4381.7,4387.5,4387.5,4372.2,False,,4387.5,SL,-5.8,-62.45,10
2025-12-31 00:55:00,2025-12-31 01:21:00,2025-12-31 01:38:00,MSS,long,4385.1,4378.3,4385.1,4396.1,True,2025-12-31 01:23:00,4385.1,BE,0.0,-4.0,17
2025-12-31 07:25:00,2025-12-31 07:37:00,2025-12-31 07:40:00,BOS,short,4353.5,4359.5,4353.5,4343.9,True,2025-12-31 07:39:00,4353.5,BE,0.0,-4.0,3
2025-12-31 08:25:00,2025-12-31 08:37:00,2025-12-31 08:39:00,BOS,short,4351.2,4355.2,4355.2,4344.7,False,,4355.2,SL,-4.0,-44.11,2
2025-12-31 10:10:00,2025-12-31 10:40:00,2025-12-31 10:48:00,MSS,short,4379.7,4383.4,4379.7,4373.7,True,2025-12-31 10:45:00,4373.7,TP,6.0,55.95,8
2025-12-31 11:20:00,2025-12-31 11:32:00,2025-12-31 11:42:00,BOS,short,4364.4,4371.7,4364.4,4352.5,True,2025-12-31 11:38:00,4364.4,BE,0.0,-4.0,10
2025-12-31 15:45:00,2025-12-31 16:00:00,2025-12-31 16:01:00,MSS,short,4343.6,4346.3,4343.6,4339.3,True,2025-12-31 16:00:00,4343.6,BE,0.0,-4.0,1
2025-12-31 19:45:00,2025-12-31 19:55:00,2025-12-31 19:59:00,MSS,long,4323.7,4320.6,4323.7,4328.7,True,2025-12-31 19:56:00,4323.6,BE,-0.1,-4.94,4
2025-12-31 20:20:00,2025-12-31 20:30:00,2025-12-31 20:35:00,MSS,short,4320.4,4323.6,4323.6,4315.1,False,,4323.6,SL,-3.2,-36.47,5
2025-12-31 21:05:00,2025-12-31 21:16:00,2025-12-31 21:20:00,MSS,short,4325.9,4329.5,4329.5,4320.2,False,,4329.5,SL,-3.6,-39.53,4
2025-12-31 22:30:00,2025-12-31 22:39:00,2025-12-31 22:46:00,BOS,long,4352.3,4346.1,4352.3,4362.2,True,2025-12-31 22:43:00,4362.2,TP,9.9,95.5,7
2025-12-31 23:25:00,2025-12-31 23:40:00,2025-12-31 23:44:00,MSS,long,4345.2,4340.5,4345.2,4352.7,True,2025-12-31 23:42:00,4345.2,BE,0.0,-4.0,4
2026-01-01 00:40:00,2026-01-01 01:00:00,2026-01-01 01:05:00,BOS,short,4339.5,4343.7,4339.5,4332.6,True,2026-01-01 01:04:00,4339.5,BE,0.0,-4.0,5
2026-01-01 01:30:00,2026-01-01 01:56:00,2026-01-01 01:57:00,MSS,long,4334.6,4331.5,4334.6,4339.5,True,2026-01-01 01:56:00,4334.6,BE,0.0,-4.0,1
2026-01-01 01:55:00,2026-01-01 02:00:00,2026-01-01 02:01:00,MSS,short,4338.0,4340.7,4340.7,4333.7,False,,4340.7,SL,-2.7,-30.74,1
2026-01-01 02:15:00,2026-01-01 02:24:00,2026-01-01 02:26:00,MSS,long,4338.4,4333.7,4338.4,4345.9,True,2026-01-01 02:24:00,4338.4,BE,0.0,-4.0,2
2026-01-01 02:30:00,2026-01-01 02:38:00,2026-01-01 02:40:00,MSS,short,4338.7,4342.9,4338.7,4331.9,True,2026-01-01 02:39:00,4338.7,BE,0.0,-4.0,2
2026-01-02 08:20:00,2026-01-02 08:32:00,2026-01-02 08:35:00,MSS,short,4362.2,4366.3,4362.2,4355.5,True,2026-01-02 08:33:00,4362.2,BE,0.0,-4.0,3
2026-01-02 08:45:00,2026-01-02 09:04:00,2026-01-02 09:06:00,MSS,long,4362.5,4359.7,4362.5,4366.9,True,2026-01-02 09:05:00,4362.5,BE,0.0,-4.0,2
2026-01-02 09:05:00,2026-01-02 09:49:00,2026-01-02 10:03:00,MSS,short,4365.2,4369.4,4365.2,4358.3,True,2026-01-02 09:54:00,4365.2,BE,0.0,-4.0,14
2026-01-02 12:00:00,2026-01-02 12:13:00,2026-01-02 12:15:00,BOS,long,4386.7,4384.1,4386.7,4390.9,True,2026-01-02 12:14:00,4386.7,BE,0.0,-4.0,2
2026-01-02 13:50:00,2026-01-02 13:59:00,2026-01-02 14:00:00,BOS,long,4392.3,4390.7,4392.3,4394.8,True,2026-01-02 13:59:00,4392.3,BE,0.0,-4.0,1
2026-01-02 14:00:00,2026-01-02 14:29:00,2026-01-02 14:33:00,MSS,short,4392.9,4394.8,4392.9,4389.9,True,2026-01-02 14:30:00,4389.9,TP,3.0,26.28,4
2026-01-02 15:05:00,2026-01-02 15:11:00,2026-01-02 15:11:00,MSS,short,4387.2,4388.6,4388.6,4385.0,False,,4388.6,SL,-1.4,-17.75,0
2026-01-02 15:10:00,2026-01-02 15:16:00,2026-01-02 15:17:00,MSS,long,4387.0,4385.0,4387.0,4390.3,True,2026-01-02 15:16:00,4387.0,BE,0.0,-4.0,1
2026-01-02 16:05:00,2026-01-02 16:18:00,2026-01-02 16:20:00,BOS,long,4394.6,4392.6,4394.6,4397.9,True,2026-01-02 16:18:00,4394.6,BE,0.0,-4.0,2
2026-01-02 16:30:00,2026-01-02 17:21:00,2026-01-02 17:29:00,BOS,long,4396.5,4393.6,4396.5,4401.3,True,2026-01-02 17:23:00,4401.3,TP,4.8,43.59,8
2026-01-02 17:55:00,2026-01-02 18:01:00,2026-01-02 18:02:00,BOS,short,4399.9,4401.7,4399.9,4397.1,True,2026-01-02 18:02:00,4399.9,BE,0.0,-4.0,1
2026-01-02 19:50:00,2026-01-02 20:06:00,2026-01-02 20:07:00,MSS,short,4406.3,4408.2,4408.2,4403.1,False,,4408.2,SL,-1.9,-23.48,1
2026-01-02 20:05:00,2026-01-02 20:31:00,2026-01-02 20:35:00,MSS,long,4405.2,4402.9,4405.2,4409.0,True,2026-01-02 20:32:00,4405.2,BE,0.0,-4.0,4
2026-01-02 20:40:00,2026-01-02 20:58:00,2026-01-02 21:11:00,MSS,short,4405.5,4410.6,4410.6,4397.3,False,,4410.6,SL,-5.1,-54.81,13
2026-01-02 21:10:00,2026-01-02 21:20:00,2026-01-02 21:24:00,MSS,long,4403.5,4397.3,4397.3,4413.4,False,,4397.3,SL,-6.2,-65.5,4
2026-01-03 03:35:00,2026-01-03 03:45:00,2026-01-03 03:48:00,MSS,long,4330.1,4326.4,4330.1,4336.0,True,2026-01-03 03:46:00,4330.1,BE,0.0,-4.0,3
2026-01-05 08:55:00,2026-01-05 10:08:00,2026-01-05 10:17:00,BOS,long,4398.9,4394.6,4398.9,4405.8,True,2026-01-05 10:09:00,4405.8,TP,6.9,65.22,9
2026-01-05 11:00:00,2026-01-05 11:31:00,2026-01-05 11:57:00,MSS,long,4412.9,4407.4,4412.9,4421.9,True,2026-01-05 11:36:00,4412.9,BE,0.0,-4.0,26
2026-01-05 11:55:00,2026-01-05 12:24:00,2026-01-05 12:36:00,MSS,short,4415.3,4419.7,4415.3,4408.3,True,2026-01-05 12:25:00,4415.3,BE,0.0,-4.0,12
2026-01-05 13:25:00,2026-01-05 13:32:00,2026-01-05 13:33:00,BOS,long,4418.3,4416.0,4418.3,4422.0,True,2026-01-05 13:32:00,4418.3,BE,0.0,-4.0,1
2026-01-05 13:40:00,2026-01-05 13:51:00,2026-01-05 13:57:00,MSS,short,4418.7,4423.6,4418.7,4410.9,True,2026-01-05 13:56:00,4418.7,BE,0.0,-4.0,6
2026-01-05 15:40:00,2026-01-05 15:47:00,2026-01-05 15:49:00,BOS,long,4430.7,4428.1,4430.7,4434.8,True,2026-01-05 15:48:00,4430.7,BE,0.0,-4.0,2
2026-01-05 16:45:00,2026-01-05 17:08:00,2026-01-05 17:12:00,BOS,long,4437.1,4433.5,4437.1,4443.0,True,2026-01-05 17:08:00,4437.1,BE,0.0,-4.0,4
2026-01-05 17:40:00,2026-01-05 18:02:00,2026-01-05 18:06:00,BOS,long,4444.6,4441.7,4441.7,4449.3,False,,4441.7,SL,-2.9,-33.03,4
2026-01-05 20:20:00,2026-01-05 21:05:00,2026-01-05 21:06:00,BOS,short,4429.6,4432.5,4429.6,4424.9,True,2026-01-05 21:05:00,4429.6,BE,0.0,-4.0,1
2026-01-05 21:20:00,2026-01-05 21:35:00,2026-01-05 21:39:00,BOS,short,4420.5,4424.8,4420.5,4413.6,True,2026-01-05 21:38:00,4420.5,BE,0.0,-4.0,4
2026-01-06 00:45:00,2026-01-06 00:59:00,2026-01-06 01:00:00,BOS,long,4455.4,4450.9,4450.9,4462.6,False,,4450.9,SL,-4.5,-48.69,1
2026-01-06 01:00:00,2026-01-06 01:23:00,2026-01-06 01:37:00,MSS,short,4457.6,4465.9,4457.6,4444.2,True,2026-01-06 01:32:00,4457.7,BE,-0.1,-4.89,14
2026-01-06 01:40:00,2026-01-06 01:48:00,2026-01-06 01:52:00,BOS,short,4455.0,4459.2,4455.0,4448.2,True,2026-01-06 01:50:00,4455.0,BE,0.0,-4.0,4
2026-01-06 02:10:00,2026-01-06 02:19:00,2026-01-06 02:20:00,MSS,long,4454.8,4452.3,4454.8,4458.8,True,2026-01-06 02:19:00,4454.8,BE,0.0,-4.0,1
2026-01-06 02:25:00,2026-01-06 02:39:00,2026-01-06 02:41:00,MSS,short,4456.0,4459.4,4456.0,4450.5,True,2026-01-06 02:40:00,4456.0,BE,0.0,-4.0,2
2026-01-06 02:50:00,2026-01-06 03:06:00,2026-01-06 03:06:00,MSS,long,4455.5,4453.7,4453.7,4458.4,False,,4453.7,SL,-1.8,-21.95,0
2026-01-06 03:05:00,2026-01-06 03:32:00,2026-01-06 04:12:00,MSS,short,4455.1,4460.7,4455.1,4446.0,True,2026-01-06 03:46:00,4455.1,BE,0.0,-4.0,40
2026-01-06 08:30:00,2026-01-06 09:00:00,2026-01-06 09:01:00,BOS,short,4450.6,4453.0,4450.6,4446.7,True,2026-01-06 09:00:00,4446.7,TP,3.9,34.93,1
2026-01-06 09:00:00,2026-01-06 09:05:00,2026-01-06 09:06:00,BOS,short,4444.7,4449.1,4444.7,4437.5,True,2026-01-06 09:06:00,4444.7,BE,0.0,-4.0,1
2026-01-06 09:10:00,2026-01-06 09:32:00,2026-01-06 09:41:00,MSS,long,4443.4,4437.5,4443.4,4452.9,True,2026-01-06 09:34:00,4452.9,TP,9.5,91.17,9
2026-01-06 11:55:00,2026-01-06 12:00:00,2026-01-06 12:02:00,BOS,long,4476.5,4475.0,4476.5,4478.9,True,2026-01-06 12:01:00,4476.5,BE,0.0,-4.0,2
2026-01-06 12:40:00,2026-01-06 12:48:00,2026-01-06 12:51:00,MSS,short,4474.9,4477.0,4477.0,4471.5,False,,4477.0,SL,-2.1,-25.01,3
2026-01-06 13:30:00,2026-01-06 13:37:00,2026-01-06 13:39:00,BOS,long,4480.9,4478.2,4478.2,4485.2,False,,4478.2,SL,-2.7,-30.74,2
2026-01-06 15:05:00,2026-01-06 15:21:00,2026-01-06 15:35:00,BOS,long,4474.8,4471.2,4474.8,4480.6,True,2026-01-06 15:31:00,4474.8,BE,0.0,-4.0,14
2026-01-06 15:50:00,2026-01-06 16:18:00,2026-01-06 16:22:00,MSS,short,4474.3,4477.1,4477.1,4469.8,False,,4477.1,SL,-2.8,-31.89,4
2026-01-06 18:35:00,2026-01-06 18:42:00,2026-01-06 19:00:00,MSS,long,4461.2,4458.3,4461.2,4466.0,True,2026-01-06 18:55:00,4461.2,BE,0.0,-4.0,18
2026-01-06 20:15:00,2026-01-06 20:21:00,2026-01-06 20:22:00,MSS,short,4473.9,4475.4,4475.4,4471.6,False,,4475.4,SL,-1.5,-18.52,1
2026-01-06 20:20:00,2026-01-06 20:31:00,2026-01-06 20:34:00,MSS,long,4473.4,4471.6,4471.6,4476.4,False,,4471.6,SL,-1.8,-22.34,3
2026-01-06 20:35:00,2026-01-06 20:57:00,2026-01-06 20:59:00,MSS,short,4474.5,4477.1,4474.5,4470.3,True,2026-01-06 20:58:00,4474.5,BE,0.0,-4.0,2
2026-01-06 20:55:00,2026-01-06 21:02:00,2026-01-06 21:04:00,MSS,long,4472.1,4470.0,4472.1,4475.4,True,2026-01-06 21:03:00,4475.4,TP,3.3,29.37,2
2026-01-06 21:15:00,2026-01-06 21:20:00,2026-01-06 21:21:00,BOS,long,4474.4,4470.1,4474.4,4481.4,True,2026-01-06 21:21:00,4474.4,BE,0.0,-4.0,1
2026-01-06 22:50:00,2026-01-06 23:11:00,2026-01-06 23:12:00,BOS,long,4491.3,4486.7,4491.3,4498.7,True,2026-01-06 23:12:00,4491.3,BE,0.0,-4.0,1
2026-01-06 23:30:00,2026-01-06 23:42:00,2026-01-06 23:46:00,BOS,short,4486.6,4492.8,4486.6,4476.6,True,2026-01-06 23:42:00,4486.6,BE,0.0,-4.0,4
2026-01-07 01:40:00,2026-01-07 01:50:00,2026-01-07 01:54:00,MSS,short,4496.5,4499.7,4499.7,4491.4,False,,4499.7,SL,-3.2,-35.71,4
2026-01-07 01:50:00,2026-01-07 02:28:00,2026-01-07 02:31:00,MSS,long,4495.0,4491.4,4495.0,4500.7,True,2026-01-07 02:29:00,4495.0,BE,0.0,-4.0,3
2026-01-07 07:00:00,2026-01-07 07:11:00,2026-01-07 07:12:00,MSS,long,4506.8,4504.8,4506.8,4510.1,True,2026-01-07 07:12:00,4506.8,BE,0.0,-4.0,1
2026-01-07 07:20:00,2026-01-07 07:39:00,2026-01-07 07:49:00,BOS,long,4507.8,4505.4,4505.4,4511.6,False,,4505.4,SL,-2.4,-27.68,10
2026-01-07 08:35:00,2026-01-07 08:42:00,2026-01-07 08:47:00,BOS,short,4502.6,4505.1,4502.6,4498.5,True,2026-01-07 08:43:00,4502.6,BE,0.0,-4.0,5
2026-01-07 11:15:00,2026-01-07 11:52:00,2026-01-07 11:57:00,BOS,long,4486.0,4482.6,4486.0,4491.4,True,2026-01-07 11:53:00,4486.0,BE,0.0,-4.0,5
2026-01-07 12:35:00,2026-01-07 12:41:00,2026-01-07 13:05:00,BOS,short,4478.5,4481.7,4478.5,4473.2,True,2026-01-07 12:42:00,4473.2,TP,5.3,48.53,24
2026-01-07 13:05:00,2026-01-07 13:31:00,2026-01-07 13:31:00,MSS,long,4475.0,4473.4,4473.4,4477.5,False,,4473.4,SL,-1.6,-19.66,0
2026-01-07 16:05:00,2026-01-07 16:12:00,2026-01-07 16:14:00,BOS,long,4472.2,4470.2,4472.2,4475.4,True,2026-01-07 16:12:00,4475.4,TP,3.2,28.14,2
2026-01-07 16:35:00,2026-01-07 16:44:00,2026-01-07 16:57:00,BOS,long,4476.8,4473.3,4476.8,4482.4,True,2026-01-07 16:46:00,4476.8,BE,0.0,-4.0,13
2026-01-07 17:50:00,2026-01-07 18:00:00,2026-01-07 18:02:00,MSS,long,4471.9,4469.7,4471.9,4475.4,True,2026-01-07 18:02:00,4471.9,BE,0.0,-4.0,2
2026-01-07 18:25:00,2026-01-07 18:34:00,2026-01-07 18:41:00,MSS,short,4473.3,4476.5,4476.5,4468.2,False,,4476.5,SL,-3.2,-35.71,7
2026-01-07 20:15:00,2026-01-07 20:28:00,2026-01-07 20:37:00,BOS,short,4458.5,4464.3,4464.3,4449.2,False,,4464.3,SL,-5.8,-61.68,9
2026-01-07 21:05:00,2026-01-07 21:23:00,2026-01-07 21:39:00,MSS,short,4451.1,4459.4,4451.1,4437.8,True,2026-01-07 21:37:00,4451.1,BE,0.0,-4.0,16
2026-01-07 21:55:00,2026-01-07 22:21:00,2026-01-07 22:25:00,MSS,long,4453.3,4447.4,4453.3,4462.9,True,2026-01-07 22:23:00,4453.3,BE,0.0,-4.0,4
2026-01-07 23:10:00,2026-01-07 23:27:00,2026-01-07 23:31:00,BOS,short,4447.5,4454.8,4454.8,4435.8,False,,4454.8,SL,-7.3,-76.58,4
2026-01-08 02:30:00,2026-01-08 02:50:00,2026-01-08 02:56:00,MSS,long,4460.8,4457.1,4460.8,4466.8,True,2026-01-08 02:52:00,4460.8,BE,0.0,-4.0,6
2026-01-08 07:55:00,2026-01-08 08:21:00,2026-01-08 08:24:00,BOS,long,4470.0,4468.3,4468.3,4472.8,False,,4468.3,SL,-1.7,-21.19,3
2026-01-08 08:45:00,2026-01-08 09:02:00,2026-01-08 09:05:00,BOS,short,4463.2,4467.8,4463.2,4455.7,True,2026-01-08 09:03:00,4463.2,BE,0.0,-4.0,3
2026-01-08 10:30:00,2026-01-08 10:40:00,2026-01-08 10:46:00,BOS,short,4449.3,4452.5,4452.5,4444.0,False,,4452.5,SL,-3.2,-36.47,6
2026-01-08 13:40:00,2026-01-08 13:56:00,2026-01-08 14:00:00,BOS,short,4432.5,4438.0,4432.5,4423.7,True,2026-01-08 14:00:00,4432.5,BE,0.0,-4.0,4
2026-01-08 15:05:00,2026-01-08 15:15:00,2026-01-08 15:18:00,BOS,long,4442.9,4439.9,4442.9,4447.7,True,2026-01-08 15:17:00,4442.9,BE,0.0,-4.0,3
2026-01-08 16:00:00,2026-01-08 16:09:00,2026-01-08 16:16:00,BOS,short,4438.6,4442.0,4438.6,4433.2,True,2026-01-08 16:12:00,4438.6,BE,0.0,-4.0,7
2026-01-08 16:30:00,2026-01-08 16:56:00,2026-01-08 17:00:00,BOS,short,4437.5,4441.4,4441.4,4431.1,False,,4441.4,SL,-3.9,-43.35,4
2026-01-08 17:10:00,2026-01-08 17:32:00,2026-01-08 17:33:00,BOS,short,4441.3,4443.3,4441.3,4438.0,True,2026-01-08 17:33:00,4441.3,BE,0.0,-4.0,1
2026-01-08 18:15:00,2026-01-08 18:33:00,2026-01-08 18:38:00,BOS,short,4437.8,4441.4,4441.4,4431.9,False,,4441.4,SL,-3.6,-40.29,5
2026-01-08 21:00:00,2026-01-08 21:20:00,2026-01-08 21:22:00,MSS,short,4436.0,4439.1,4439.1,4430.9,False,,4439.1,SL,-3.1,-35.32,2
2026-01-08 22:20:00,2026-01-08 22:31:00,2026-01-08 22:32:00,MSS,long,4431.5,4427.6,4431.5,4437.8,True,2026-01-08 22:32:00,4437.8,TP,6.3,59.04,1
2026-01-08 22:45:00,2026-01-08 23:00:00,2026-01-08 23:03:00,BOS,long,4438.7,4433.7,4438.7,4446.8,True,2026-01-08 23:02:00,4438.7,BE,0.0,-4.0,3
2026-01-08 23:50:00,2026-01-08 23:57:00,2026-01-08 23:58:00,MSS,short,4461.9,4464.9,4464.9,4457.1,False,,4464.9,SL,-3.0,-33.8,1
2026-01-09 00:10:00,2026-01-09 00:20:00,2026-01-09 00:26:00,BOS,short,4463.3,4467.5,4463.3,4456.4,True,2026-01-09 00:22:00,4463.3,BE,0.0,-4.0,6
2026-01-09 02:35:00,2026-01-09 02:46:00,2026-01-09 02:47:00,BOS,short,4462.3,4465.6,4462.3,4457.0,True,2026-01-09 02:46:00,4462.3,BE,0.0,-4.0,1
2026-01-09 07:45:00,2026-01-09 07:51:00,2026-01-09 07:52:00,MSS,short,4485.0,4486.8,4485.0,4482.2,True,2026-01-09 07:52:00,4485.0,BE,0.0,-4.0,1
2026-01-09 08:50:00,2026-01-09 09:00:00,2026-01-09 09:01:00,BOS,short,4474.7,4478.1,4474.7,4469.3,True,2026-01-09 09:00:00,4474.7,BE,0.0,-4.0,1
2026-01-09 09:05:00,2026-01-09 09:15:00,2026-01-09 09:42:00,BOS,short,4470.2,4475.4,4470.2,4461.8,True,2026-01-09 09:16:00,4470.2,BE,0.0,-4.0,27
2026-01-09 10:50:00,2026-01-09 10:58:00,2026-01-09 11:05:00,MSS,short,4479.9,4483.3,4479.9,4474.3,True,2026-01-09 10:59:00,4474.3,TP,5.6,51.62,7
2026-01-09 12:10:00,2026-01-09 12:42:00,2026-01-09 12:46:00,BOS,short,4473.6,4475.2,4473.6,4471.1,True,2026-01-09 12:42:00,4471.1,TP,2.5,21.34,4
2026-01-09 13:20:00,2026-01-09 13:27:00,2026-01-09 13:30:00,BOS,short,4472.4,4475.8,4475.8,4466.8,False,,4475.8,SL,-3.4,-38.38,3
2026-01-09 15:35:00,2026-01-09 15:51:00,2026-01-09 15:52:00,MSS,long,4479.1,4477.6,4479.1,4481.4,True,2026-01-09 15:51:00,4481.4,TP,2.3,19.48,1
2026-01-09 16:05:00,2026-01-09 16:34:00,2026-01-09 16:40:00,BOS,long,4479.1,4475.1,4475.1,4485.6,False,,4475.1,SL,-4.0,-44.11,6
2026-01-09 17:50:00,2026-01-09 18:06:00,2026-01-09 18:09:00,MSS,short,4481.6,4483.1,4481.6,4479.2,True,2026-01-09 18:07:00,4481.6,BE,0.0,-4.0,3
2026-01-09 18:25:00,2026-01-09 18:33:00,2026-01-09 18:45:00,BOS,short,4480.7,4482.8,4480.7,4477.3,True,2026-01-09 18:34:00,4477.3,TP,3.4,29.99,12
2026-01-09 18:55:00,2026-01-09 19:32:00,2026-01-09 19:42:00,MSS,long,4478.0,4475.8,4478.0,4481.6,True,2026-01-09 19:32:00,4478.0,BE,0.0,-4.0,10
2026-01-09 19:45:00,2026-01-09 20:24:00,2026-01-09 20:25:00,BOS,long,4479.2,4477.9,4479.2,4481.3,True,2026-01-09 20:24:00,4479.2,BE,0.0,-4.0,1
2026-01-09 21:00:00,2026-01-09 21:14:00,2026-01-09 21:15:00,MSS,long,4474.8,4472.1,4474.8,4479.2,True,2026-01-09 21:14:00,4474.8,BE,0.0,-4.0,1
2026-01-09 22:10:00,2026-01-09 22:17:00,2026-01-09 22:31:00,BOS,long,4496.0,4489.7,4496.0,4506.1,True,2026-01-09 22:20:00,4496.0,BE,0.0,-4.0,14
2026-01-10 02:30:00,2026-01-10 03:06:00,2026-01-10 03:08:00,MSS,long,4503.3,4498.6,4503.3,4510.9,True,2026-01-10 03:07:00,4503.3,BE,0.0,-4.0,2
2026-01-12 07:40:00,2026-01-12 08:00:00,2026-01-12 08:04:00,BOS,long,4547.6,4543.2,4547.6,4554.8,True,2026-01-12 08:01:00,4554.8,TP,7.2,67.69,4
2026-01-12 09:40:00,2026-01-12 09:54:00,2026-01-12 09:59:00,MSS,short,4591.1,4596.1,4591.1,4583.0,True,2026-01-12 09:54:00,4583.0,TP,8.1,76.96,5
2026-01-12 11:25:00,2026-01-12 11:31:00,2026-01-12 11:32:00,BOS,long,4590.3,4588.4,4588.4,4593.3,False,,4588.4,SL,-1.9,-22.72,1
2026-01-12 12:30:00,2026-01-12 12:49:00,2026-01-12 13:07:00,BOS,short,4580.7,4584.1,4580.7,4575.2,True,2026-01-12 12:52:00,4580.7,BE,0.0,-4.0,18
2026-01-12 13:30:00,2026-01-12 14:16:00,2026-01-12 14:52:00,BOS,long,4581.9,4577.0,4581.9,4589.7,True,2026-01-12 14:18:00,4589.7,TP,7.8,74.49,36
2026-01-12 14:50:00,2026-01-12 15:01:00,2026-01-12 15:08:00,BOS,long,4586.1,4583.1,4586.1,4591.0,True,2026-01-12 15:02:00,4591.0,TP,4.9,44.82,7
2026-01-12 18:05:00,2026-01-12 18:14:00,2026-01-12 18:18:00,BOS,short,4601.1,4603.7,4601.1,4596.9,True,2026-01-12 18:17:00,4601.1,BE,0.0,-4.0,4
2026-01-12 18:30:00,2026-01-12 18:39:00,2026-01-12 18:41:00,BOS,short,4601.6,4604.3,4604.3,4597.2,False,,4604.3,SL,-2.7,-31.12,2
2026-01-12 20:05:00,2026-01-12 20:10:00,2026-01-12 20:14:00,BOS,short,4593.5,4596.9,4593.5,4588.1,True,2026-01-12 20:12:00,4593.5,BE,0.0,-4.0,4
2026-01-12 21:25:00,2026-01-12 21:33:00,2026-01-12 21:34:00,MSS,short,4619.0,4621.9,4619.0,4614.4,True,2026-01-12 21:33:00,4619.0,BE,0.0,-4.0,1
2026-01-12 21:45:00,2026-01-12 22:02:00,2026-01-12 22:03:00,MSS,long,4620.0,4616.6,4616.6,4625.5,False,,4616.6,SL,-3.4,-38.0,1
2026-01-12 22:25:00,2026-01-12 22:31:00,2026-01-12 22:32:00,BOS,short,4604.4,4610.1,4610.1,4595.1,False,,4610.1,SL,-5.7,-61.3,1
2026-01-13 00:10:00,2026-01-13 00:26:00,2026-01-13 00:36:00,BOS,long,4632.1,4627.2,4627.2,4640.0,False,,4627.2,SL,-4.9,-52.9,10
2026-01-13 01:05:00,2026-01-13 01:10:00,2026-01-13 01:17:00,BOS,short,4626.3,4628.3,4626.3,4623.1,True,2026-01-13 01:10:00,4626.3,BE,0.0,-4.0,7
2026-01-13 03:25:00,2026-01-13 03:42:00,2026-01-13 03:45:00,BOS,long,4624.3,4622.4,4624.3,4627.3,True,2026-01-13 03:42:00,4624.3,BE,0.0,-4.0,3
2026-01-13 07:30:00,2026-01-13 07:35:00,2026-01-13 07:35:00,MSS,long,4598.9,4598.8,4598.9,4599.1,True,2026-01-13 07:35:00,4599.1,TP,0.2,-2.15,0
2026-01-13 09:00:00,2026-01-13 09:06:00,2026-01-13 09:08:00,BOS,short,4596.8,4601.0,4596.8,4590.0,True,2026-01-13 09:07:00,4596.8,BE,0.0,-4.0,2
2026-01-13 09:30:00,2026-01-13 10:06:00,2026-01-13 10:32:00,BOS,short,4596.7,4604.6,4596.7,4584.0,True,2026-01-13 10:12:00,4596.7,BE,0.0,-4.0,26
2026-01-13 11:40:00,2026-01-13 12:01:00,2026-01-13 12:05:00,MSS,short,4605.5,4607.4,4605.5,4602.4,True,2026-01-13 12:02:00,4605.5,BE,0.0,-4.0,4
2026-01-13 12:15:00,2026-01-13 12:35:00,2026-01-13 12:39:00,MSS,long,4604.0,4601.4,4604.0,4608.3,True,2026-01-13 12:37:00,4604.0,BE,0.0,-4.0,4
2026-01-13 13:05:00,2026-01-13 13:15:00,2026-01-13 13:21:00,MSS,short,4604.9,4607.7,4604.9,4600.4,True,2026-01-13 13:17:00,4604.9,BE,0.0,-4.0,6
2026-01-13 13:25:00,2026-01-13 13:31:00,2026-01-13 13:31:00,MSS,long,4604.3,4600.4,4600.4,4610.5,False,,4600.4,SL,-3.9,-42.58,0
2026-01-13 13:30:00,2026-01-13 13:45:00,2026-01-13 14:23:00,MSS,short,4604.2,4610.5,4604.2,4593.9,True,2026-01-13 13:46:00,4593.9,TP,10.3,98.59,38
2026-01-13 15:05:00,2026-01-13 15:16:00,2026-01-13 15:17:00,MSS,long,4590.2,4587.8,4590.2,4594.2,True,2026-01-13 15:17:00,4590.2,BE,0.0,-4.0,1
2026-01-13 15:50:00,2026-01-13 16:03:00,2026-01-13 16:05:00,MSS,short,4591.6,4595.2,4595.2,4585.7,False,,4595.2,SL,-3.6,-40.29,2
2026-01-13 17:00:00,2026-01-13 17:08:00,2026-01-13 17:25:00,MSS,short,4602.6,4605.4,4602.6,4598.2,True,2026-01-13 17:18:00,4598.2,TP,4.4,40.5,17
2026-01-13 17:40:00,2026-01-13 17:45:00,2026-01-13 17:47:00,MSS,long,4598.3,4596.7,4598.3,4601.0,True,2026-01-13 17:45:00,4598.3,BE,0.0,-4.0,2
2026-01-13 18:40:00,2026-01-13 19:15:00,2026-01-13 19:17:00,MSS,long,4593.1,4590.4,4593.1,4597.4,True,2026-01-13 19:16:00,4593.1,BE,0.0,-4.0,2
2026-01-13 19:15:00,2026-01-13 19:20:00,2026-01-13 19:25:00,MSS,short,4595.1,4597.8,4595.1,4590.8,True,2026-01-13 19:20:00,4595.1,BE,0.0,-4.0,5
2026-01-13 19:40:00,2026-01-13 19:54:00,2026-01-13 19:56:00,MSS,long,4595.8,4593.9,4595.8,4598.8,True,2026-01-13 19:55:00,4595.8,BE,0.0,-4.0,2
2026-01-13 20:05:00,2026-01-13 20:47:00,2026-01-13 20:48:00,MSS,short,4596.1,4597.8,4597.8,4593.3,False,,4597.8,SL,-1.7,-21.19,1
2026-01-13 22:20:00,2026-01-13 22:32:00,2026-01-13 22:38:00,BOS,long,4621.8,4615.4,4621.8,4632.1,True,2026-01-13 22:33:00,4621.8,BE,0.0,-4.0,6
2026-01-13 22:40:00,2026-01-13 23:03:00,2026-01-13 23:16:00,BOS,long,4625.4,4619.4,4625.4,4635.0,True,2026-01-13 23:04:00,4625.4,BE,0.0,-4.0,13
2026-01-13 23:15:00,2026-01-13 23:46:00,2026-01-13 23:52:00,MSS,short,4625.6,4634.0,4625.6,4612.1,True,2026-01-13 23:51:00,4625.6,BE,0.0,-4.0,6
2026-01-14 00:05:00,2026-01-14 01:00:00,2026-01-14 01:02:00,BOS,short,4624.1,4629.4,4624.1,4615.4,True,2026-01-14 01:01:00,4624.1,BE,0.0,-4.0,2
2026-01-14 02:35:00,2026-01-14 03:02:00,2026-01-14 03:16:00,MSS,long,4596.4,4589.3,4596.4,4607.8,True,2026-01-14 03:07:00,4596.4,BE,0.0,-4.0,14
2026-01-14 03:30:00,2026-01-14 07:00:00,2026-01-14 07:01:00,BOS,long,4597.2,4592.4,4597.2,4604.9,True,2026-01-14 07:00:00,4597.2,BE,0.0,-4.0,1
2026-01-14 08:25:00,2026-01-14 08:45:00,2026-01-14 08:48:00,BOS,long,4613.1,4610.2,4613.1,4617.8,True,2026-01-14 08:46:00,4613.1,BE,0.0,-4.0,3
2026-01-14 08:45:00,2026-01-14 08:59:00,2026-01-14 08:59:00,MSS,short,4616.0,4618.3,4618.3,4612.3,False,,4618.3,SL,-2.3,-26.92,0
2026-01-14 09:50:00,2026-01-14 10:09:00,2026-01-14 10:20:00,BOS,long,4623.6,4621.2,4623.6,4627.6,True,2026-01-14 10:10:00,4627.6,TP,4.0,35.55,11
2026-01-14 11:25:00,2026-01-14 11:32:00,2026-01-14 11:35:00,MSS,short,4626.9,4630.2,4630.2,4621.6,False,,4630.2,SL,-3.3,-36.85,3
2026-01-14 13:00:00,2026-01-14 13:19:00,2026-01-14 13:21:00,BOS,long,4639.7,4635.3,4639.7,4646.8,True,2026-01-14 13:20:00,4639.7,BE,0.0,-4.0,2
2026-01-14 13:30:00,2026-01-14 13:51:00,2026-01-14 13:54:00,BOS,long,4641.8,4638.3,4641.8,4647.5,True,2026-01-14 13:51:00,4641.8,BE,0.0,-4.0,3
2026-01-14 14:30:00,2026-01-14 14:43:00,2026-01-14 14:45:00,BOS,short,4639.0,4642.4,4639.0,4633.4,True,2026-01-14 14:44:00,4639.0,BE,0.0,-4.0,2
2026-01-14 14:55:00,2026-01-14 15:00:00,2026-01-14 15:06:00,MSS,long,4640.4,4637.7,4640.4,4644.8,True,2026-01-14 15:01:00,4640.4,BE,0.0,-4.0,6
2026-01-14 18:15:00,2026-01-14 19:01:00,2026-01-14 19:02:00,MSS,long,4638.5,4635.7,4638.5,4643.0,True,2026-01-14 19:01:00,4638.5,BE,0.0,-4.0,1
2026-01-14 19:25:00,2026-01-14 20:00:00,2026-01-14 20:02:00,MSS,short,4642.2,4645.3,4642.2,4637.2,True,2026-01-14 20:00:00,4642.2,BE,0.0,-4.0,2
2026-01-14 20:55:00,2026-01-14 21:00:00,2026-01-14 21:02:00,BOS,long,4644.7,4641.5,4644.7,4650.0,True,2026-01-14 21:01:00,4644.7,BE,0.0,-4.0,2
2026-01-14 21:40:00,2026-01-14 22:31:00,2026-01-14 22:35:00,MSS,long,4636.7,4631.6,4636.7,4645.0,True,2026-01-14 22:33:00,4636.7,BE,0.0,-4.0,4
2026-01-14 23:00:00,2026-01-14 23:11:00,2026-01-14 23:14:00,BOS,short,4619.7,4626.3,4619.7,4609.0,True,2026-01-14 23:14:00,4619.7,BE,0.0,-4.0,3
2026-01-15 00:20:00,2026-01-15 00:33:00,2026-01-15 00:37:00,BOS,long,4624.9,4621.5,4624.9,4630.3,True,2026-01-15 00:34:00,4624.9,BE,0.0,-4.0,4
2026-01-15 01:40:00,2026-01-15 01:46:00,2026-01-15 01:50:00,BOS,short,4614.7,4619.1,4619.1,4607.7,False,,4619.1,SL,-4.4,-47.55,4
2026-01-15 07:20:00,2026-01-15 07:48:00,2026-01-15 07:55:00,BOS,short,4618.8,4623.0,4618.8,4611.9,True,2026-01-15 07:49:00,4618.8,BE,0.0,-4.0,7
2026-01-15 08:40:00,2026-01-15 08:57:00,2026-01-15 09:00:00,MSS,short,4620.9,4622.8,4620.9,4617.7,True,2026-01-15 08:58:00,4617.7,TP,3.2,27.52,3
2026-01-15 09:00:00,2026-01-15 09:07:00,2026-01-15 09:08:00,BOS,short,4618.0,4622.2,4618.0,4611.2,True,2026-01-15 09:08:00,4618.0,BE,0.0,-4.0,1
2026-01-15 12:00:00,2026-01-15 12:14:00,2026-01-15 12:22:00,BOS,short,4597.5,4601.5,4597.5,4591.1,True,2026-01-15 12:19:00,4597.5,BE,0.0,-4.0,8
2026-01-15 12:20:00,2026-01-15 12:43:00,2026-01-15 13:00:00,MSS,long,4594.6,4590.6,4594.6,4601.2,True,2026-01-15 12:46:00,4594.6,BE,0.0,-4.0,17
2026-01-15 13:10:00,2026-01-15 13:29:00,2026-01-15 13:31:00,BOS,short,4596.0,4599.1,4596.0,4591.1,True,2026-01-15 13:30:00,4596.0,BE,0.0,-4.0,2
2026-01-15 15:15:00,2026-01-15 15:20:00,2026-01-15 15:35:00,BOS,long,4613.2,4610.2,4613.2,4618.0,True,2026-01-15 15:21:00,4613.2,BE,0.0,-4.0,15
2026-01-15 15:35:00,2026-01-15 17:38:00,2026-01-15 17:41:00,MSS,short,4612.9,4615.9,4612.9,4608.1,True,2026-01-15 17:41:00,4612.9,BE,0.0,-4.0,3
2026-01-15 18:20:00,2026-01-15 18:26:00,2026-01-15 18:30:00,BOS,long,4615.9,4613.4,4615.9,4620.0,True,2026-01-15 18:28:00,4615.9,BE,0.0,-4.0,4
2026-01-15 19:45:00,2026-01-15 19:52:00,2026-01-15 20:00:00,MSS,short,4624.3,4627.2,4624.3,4619.5,True,2026-01-15 19:52:00,4624.3,BE,0.0,-4.0,8
2026-01-15 20:10:00,2026-01-15 20:25:00,2026-01-15 20:42:00,BOS,short,4622.5,4624.9,4622.5,4618.5,True,2026-01-15 20:27:00,4622.5,BE,0.0,-4.0,17
2026-01-15 22:50:00,2026-01-15 23:06:00,2026-01-15 23:13:00,BOS,long,4609.3,4603.8,4609.3,4618.3,True,2026-01-15 23:07:00,4618.3,TP,9.0,85.61,7
2026-01-15 23:40:00,2026-01-15 23:47:00,2026-01-15 23:54:00,MSS,short,4619.1,4622.3,4619.1,4613.8,True,2026-01-15 23:52:00,4619.1,BE,0.0,-4.0,7
2026-01-16 00:10:00,2026-01-16 00:25:00,2026-01-16 00:27:00,MSS,long,4618.8,4613.0,4618.8,4628.1,True,2026-01-16 00:27:00,4618.8,BE,0.0,-4.0,2
2026-01-16 02:00:00,2026-01-16 02:30:00,2026-01-16 02:30:00,BOS,long,4621.1,4618.5,4618.5,4625.3,False,,4618.5,SL,-2.6,-29.98,0
2026-01-16 02:30:00,2026-01-16 02:36:00,2026-01-16 02:39:00,MSS,short,4623.0,4626.2,4623.0,4617.8,True,2026-01-16 02:38:00,4623.0,BE,0.0,-4.0,3
2026-01-16 03:35:00,2026-01-16 07:00:00,2026-01-16 07:01:00,BOS,short,4623.1,4625.4,4623.1,4619.4,True,2026-01-16 07:01:00,4623.1,BE,0.0,-4.0,1
2026-01-16 07:00:00,2026-01-16 07:14:00,2026-01-16 07:15:00,BOS,long,4620.3,4617.7,4617.7,4624.4,False,,4617.7,SL,-2.6,-29.59,1
2026-01-16 08:05:00,2026-01-16 08:17:00,2026-01-16 08:22:00,BOS,short,4612.1,4615.0,4615.0,4607.4,False,,4615.0,SL,-2.9,-33.03,5
2026-01-16 09:25:00,2026-01-16 09:34:00,2026-01-16 09:38:00,BOS,long,4606.4,4603.4,4606.4,4611.2,True,2026-01-16 09:35:00,4611.2,TP,4.8,44.2,4
2026-01-16 10:10:00,2026-01-16 10:16:00,2026-01-16 10:20:00,MSS,short,4605.1,4607.7,4605.1,4600.8,True,2026-01-16 10:18:00,4605.1,BE,0.0,-4.0,4
2026-01-16 12:55:00,2026-01-16 13:02:00,2026-01-16 13:03:00,BOS,long,4603.5,4602.2,4603.5,4605.7,True,2026-01-16 13:02:00,4603.5,BE,0.0,-4.0,1
2026-01-16 13:10:00,2026-01-16 13:23:00,2026-01-16 13:30:00,MSS,short,4603.0,4605.7,4605.7,4598.6,False,,4605.7,SL,-2.7,-31.12,7
2026-01-16 13:40:00,2026-01-16 14:43:00,2026-01-16 14:44:00,MSS,long,4603.8,4599.7,4599.7,4610.5,False,,4599.7,SL,-4.1,-45.26,1
2026-01-16 14:40:00,2026-01-16 15:06:00,2026-01-16 15:10:00,MSS,short,4607.3,4612.2,4612.2,4599.5,False,,4612.2,SL,-4.9,-52.51,4
2026-01-16 15:40:00,2026-01-16 15:48:00,2026-01-16 15:53:00,MSS,short,4612.0,4616.0,4612.0,4605.5,True,2026-01-16 15:52:00,4612.0,BE,0.0,-4.0,5
2026-01-16 16:40:00,2026-01-16 16:55:00,2026-01-16 17:02:00,BOS,short,4611.3,4614.7,4611.3,4605.9,True,2026-01-16 16:55:00,4605.9,TP,5.4,50.38,7
2026-01-16 17:20:00,2026-01-16 18:05:00,2026-01-16 18:10:00,BOS,short,4609.4,4612.4,4609.4,4604.5,True,2026-01-16 18:06:00,4609.4,BE,0.0,-4.0,5
2026-01-16 18:15:00,2026-01-16 18:54:00,2026-01-16 18:59:00,MSS,long,4607.4,4603.7,4603.7,4613.5,False,,4603.7,SL,-3.7,-41.44,5
2026-01-16 20:50:00,2026-01-16 20:56:00,2026-01-16 21:00:00,BOS,short,4606.5,4609.7,4606.5,4601.4,True,2026-01-16 20:59:00,4606.5,BE,0.0,-4.0,4
2026-01-16 22:10:00,2026-01-16 22:24:00,2026-01-16 22:28:00,BOS,long,4606.0,4602.0,4606.0,4612.5,True,2026-01-16 22:26:00,4606.0,BE,0.0,-4.0,4
2026-01-16 22:25:00,2026-01-16 22:34:00,2026-01-16 22:36:00,MSS,short,4609.0,4613.2,4613.2,4602.1,False,,4613.2,SL,-4.2,-46.4,2
2026-01-16 23:00:00,2026-01-16 23:19:00,2026-01-16 23:19:00,BOS,long,4614.2,4610.8,4610.8,4619.6,False,,4610.8,SL,-3.4,-37.62,0
2026-01-17 02:00:00,2026-01-17 02:06:00,2026-01-17 02:09:00,MSS,long,4588.4,4585.0,4588.4,4593.8,True,2026-01-17 02:07:00,4588.4,BE,0.0,-4.0,3
2026-01-19 08:15:00,2026-01-19 08:22:00,2026-01-19 08:38:00,MSS,short,4678.8,4685.7,4685.7,4667.6,False,,4685.7,SL,-6.9,-73.14,16
2026-01-19 09:00:00,2026-01-19 09:07:00,2026-01-19 09:08:00,BOS,short,4681.7,4685.7,4681.7,4675.3,True,2026-01-19 09:07:00,4681.7,BE,0.0,-4.0,1
2026-01-19 10:00:00,2026-01-19 10:06:00,2026-01-19 10:16:00,BOS,short,4669.1,4674.8,4669.1,4659.9,True,2026-01-19 10:12:00,4669.1,BE,0.0,-4.0,10
2026-01-19 11:10:00,2026-01-19 11:47:00,2026-01-19 12:13:00,MSS,long,4667.0,4661.5,4667.0,4675.9,True,2026-01-19 12:11:00,4667.0,BE,0.0,-4.0,26
2026-01-19 12:10:00,2026-01-19 12:36:00,2026-01-19 12:40:00,MSS,long,4666.6,4665.0,4666.6,4669.3,True,2026-01-19 12:37:00,4666.6,BE,0.0,-4.0,4
2026-01-19 13:35:00,2026-01-19 13:57:00,2026-01-19 14:06:00,MSS,short,4677.5,4680.3,4677.5,4672.9,True,2026-01-19 13:58:00,4672.9,TP,4.6,41.73,9
2026-01-19 14:20:00,2026-01-19 14:29:00,2026-01-19 14:32:00,MSS,long,4675.8,4674.1,4675.8,4678.6,True,2026-01-19 14:30:00,4678.6,TP,2.8,23.81,3
2026-01-19 14:30:00,2026-01-19 14:42:00,2026-01-19 14:44:00,BOS,long,4677.4,4675.3,4677.4,4680.9,True,2026-01-19 14:42:00,4677.4,BE,0.0,-4.0,2
2026-01-19 14:55:00,2026-01-19 15:00:00,2026-01-19 15:03:00,BOS,long,4679.9,4677.1,4679.9,4684.5,True,2026-01-19 15:01:00,4679.9,BE,0.0,-4.0,3
2026-01-19 16:05:00,2026-01-19 16:49:00,2026-01-19 16:50:00,MSS,long,4671.0,4666.7,4671.0,4678.0,True,2026-01-19 16:50:00,4671.0,BE,0.0,-4.0,1
2026-01-19 17:10:00,2026-01-19 17:31:00,2026-01-19 18:30:00,MSS,long,4670.2,4666.4,4670.2,4676.3,True,2026-01-19 17:32:00,4670.2,BE,0.0,-4.0,59
2026-01-19 18:40:00,2026-01-19 18:47:00,2026-01-19 19:07:00,BOS,short,4669.9,4672.2,4669.9,4666.1,True,2026-01-19 18:59:00,4669.9,BE,0.0,-4.0,20
2026-01-19 19:25:00,2026-01-19 19:37:00,2026-01-19 19:39:00,MSS,long,4668.6,4666.5,4668.6,4672.0,True,2026-01-19 19:38:00,4668.6,BE,0.0,-4.0,2
2026-01-19 20:30:00,2026-01-19 21:55:00,2026-01-19 22:03:00,BOS,long,4669.8,4664.7,4669.8,4678.1,True,2026-01-19 22:00:00,4669.8,BE,0.0,-4.0,8
2026-01-19 22:05:00,2026-01-19 22:30:00,2026-01-19 23:03:00,MSS,short,4674.4,4678.9,4674.4,4667.2,True,2026-01-19 22:34:00,4674.4,BE,0.0,-4.0,33
2026-01-20 00:35:00,2026-01-20 00:48:00,2026-01-20 00:50:00,BOS,long,4676.9,4675.7,4676.9,4678.8,True,2026-01-20 00:48:00,4676.9,BE,0.0,-4.0,2
2026-01-20 02:20:00,2026-01-20 02:34:00,2026-01-20 02:40:00,BOS,long,4681.7,4679.0,4681.7,4686.1,True,2026-01-20 02:38:00,4681.7,BE,0.0,-4.0,6
2026-01-20 03:00:00,2026-01-20 07:01:00,2026-01-20 07:02:00,MSS,short,4681.5,4682.7,4681.5,4679.5,True,2026-01-20 07:02:00,4679.5,TP,2.0,15.78,1
2026-01-20 08:00:00,2026-01-20 08:05:00,2026-01-20 08:06:00,BOS,short,4671.4,4672.4,4671.4,4669.9,True,2026-01-20 08:05:00,4671.4,BE,0.0,-4.0,1
2026-01-20 08:10:00,2026-01-20 08:19:00,2026-01-20 08:24:00,MSS,long,4671.5,4669.9,4669.9,4674.2,False,,4669.9,SL,-1.6,-20.43,5
2026-01-20 08:25:00,2026-01-20 08:33:00,2026-01-20 08:35:00,MSS,short,4670.9,4674.2,4670.9,4665.6,True,2026-01-20 08:35:00,4670.9,BE,0.0,-4.0,2
2026-01-20 08:55:00,2026-01-20 09:00:00,2026-01-20 09:00:00,BOS,short,4668.9,4670.5,4670.5,4666.4,False,,4670.5,SL,-1.6,-19.66,0
2026-01-20 09:35:00,2026-01-20 09:56:00,2026-01-20 09:57:00,BOS,long,4675.0,4671.3,4671.3,4681.0,False,,4671.3,SL,-3.7,-41.05,1
2026-01-20 14:30:00,2026-01-20 14:49:00,2026-01-20 15:00:00,MSS,short,4719.8,4723.4,4719.8,4714.1,True,2026-01-20 14:57:00,4719.8,BE,0.0,-4.0,11
2026-01-20 15:50:00,2026-01-20 16:04:00,2026-01-20 16:07:00,MSS,short,4726.0,4728.4,4726.0,4722.0,True,2026-01-20 16:05:00,4726.0,BE,0.0,-4.0,3
2026-01-20 16:20:00,2026-01-20 16:30:00,2026-01-20 16:33:00,MSS,short,4729.0,4731.4,4729.0,4725.2,True,2026-01-20 16:30:00,4725.2,TP,3.8,34.32,3
2026-01-20 17:10:00,2026-01-20 17:23:00,2026-01-20 17:24:00,MSS,short,4734.8,4737.7,4734.8,4730.2,True,2026-01-20 17:23:00,4734.8,BE,0.0,-4.0,1
2026-01-20 18:25:00,2026-01-20 19:39:00,2026-01-20 19:41:00,MSS,short,4736.8,4739.1,4736.8,4733.1,True,2026-01-20 19:40:00,4736.8,BE,0.0,-4.0,2
2026-01-20 20:25:00,2026-01-20 20:40:00,2026-01-20 20:41:00,MSS,short,4734.7,4736.3,4734.7,4732.1,True,2026-01-20 20:41:00,4734.7,BE,0.0,-4.0,1
2026-01-20 21:20:00,2026-01-20 21:34:00,2026-01-20 21:34:00,BOS,short,4727.8,4731.9,4731.9,4721.2,False,,4731.9,SL,-4.1,-44.87,0
2026-01-20 22:25:00,2026-01-20 22:30:00,2026-01-20 22:31:00,BOS,long,4744.6,4737.4,4744.6,4756.2,True,2026-01-20 22:31:00,4744.6,BE,0.0,-4.0,1
2026-01-20 22:30:00,2026-01-20 23:00:00,2026-01-20 23:16:00,MSS,short,4748.4,4756.2,4748.4,4735.7,True,2026-01-20 23:15:00,4748.4,BE,0.0,-4.0,16
2026-01-21 00:00:00,2026-01-21 00:07:00,2026-01-21 00:10:00,BOS,short,4740.6,4743.9,4740.6,4735.3,True,2026-01-21 00:08:00,4740.6,BE,0.0,-4.0,3
2026-01-21 01:55:00,2026-01-21 02:53:00,2026-01-21 03:16:00,BOS,long,4760.3,4756.3,4760.3,4766.9,True,2026-01-21 02:55:00,4766.9,TP,6.6,61.51,23
2026-01-21 03:15:00,2026-01-21 03:30:00,2026-01-21 03:32:00,MSS,long,4763.1,4757.5,4763.1,4772.1,True,2026-01-21 03:32:00,4763.1,BE,0.0,-4.0,2
2026-01-21 07:00:00,2026-01-21 07:05:00,2026-01-21 07:10:00,MSS,short,4766.9,4769.2,4766.9,4763.1,True,2026-01-21 07:06:00,4763.1,TP,3.8,33.7,5
2026-01-21 08:50:00,2026-01-21 09:00:00,2026-01-21 09:01:00,BOS,long,4788.8,4786.9,4788.8,4792.0,True,2026-01-21 09:00:00,4788.8,BE,0.0,-4.0,1
2026-01-21 09:50:00,2026-01-21 10:12:00,2026-01-21 11:03:00,BOS,long,4829.3,4818.1,4829.3,4847.4,True,2026-01-21 10:32:00,4847.4,TP,18.1,177.07,51
2026-01-21 11:00:00,2026-01-21 11:14:00,2026-01-21 11:15:00,BOS,long,4837.7,4830.3,4830.3,4849.6,False,,4830.3,SL,-7.4,-77.73,1
2026-01-21 13:00:00,2026-01-21 13:10:00,2026-01-21 13:14:00,MSS,short,4869.3,4873.8,4869.3,4862.0,True,2026-01-21 13:12:00,4869.3,BE,0.0,-4.0,4
2026-01-21 13:15:00,2026-01-21 13:26:00,2026-01-21 13:30:00,MSS,long,4867.3,4861.5,4867.3,4876.6,True,2026-01-21 13:28:00,4867.3,BE,0.0,-4.0,4
2026-01-21 13:30:00,2026-01-21 13:40:00,2026-01-21 13:42:00,BOS,long,4871.7,4866.4,4871.7,4880.3,True,2026-01-21 13:41:00,4871.7,BE,0.0,-4.0,2
2026-01-21 14:20:00,2026-01-21 14:38:00,2026-01-21 14:40:00,BOS,long,4873.1,4866.8,4866.8,4883.2,False,,4866.8,SL,-6.3,-66.65,2
2026-01-21 16:15:00,2026-01-21 16:33:00,2026-01-21 16:42:00,BOS,long,4862.2,4858.1,4862.2,4868.8,True,2026-01-21 16:33:00,4862.2,BE,0.0,-4.0,9
2026-01-21 16:55:00,2026-01-21 17:11:00,2026-01-21 17:21:00,MSS,short,4864.8,4871.7,4864.8,4853.6,True,2026-01-21 17:12:00,4864.8,BE,0.0,-4.0,10
2026-01-21 17:20:00,2026-01-21 17:48:00,2026-01-21 17:52:00,MSS,long,4864.5,4860.3,4864.5,4871.2,True,2026-01-21 17:48:00,4864.5,BE,0.0,-4.0,4
2026-01-21 18:40:00,2026-01-21 18:59:00,2026-01-21 19:01:00,MSS,long,4864.4,4862.0,4864.4,4868.2,True,2026-01-21 19:00:00,4864.4,BE,0.0,-4.0,2
2026-01-21 19:15:00,2026-01-21 19:32:00,2026-01-21 19:38:00,BOS,long,4866.7,4863.2,4866.7,4872.4,True,2026-01-21 19:38:00,4866.7,BE,0.0,-4.0,6
2026-01-21 19:45:00,2026-01-21 19:59:00,2026-01-21 20:04:00,MSS,short,4867.6,4874.0,4867.6,4857.3,True,2026-01-21 20:03:00,4867.6,BE,0.0,-4.0,5
2026-01-21 21:05:00,2026-01-21 21:23:00,2026-01-21 21:30:00,MSS,long,4865.4,4861.0,4865.4,4872.5,True,2026-01-21 21:25:00,4872.5,TP,7.1,67.07,7
2026-01-21 21:55:00,2026-01-21 22:01:00,2026-01-21 22:02:00,BOS,long,4876.8,4872.7,4876.8,4883.4,True,2026-01-21 22:02:00,4876.8,BE,0.0,-4.0,1
2026-01-21 22:00:00,2026-01-21 22:10:00,2026-01-21 22:10:00,MSS,short,4872.2,4883.4,4872.2,4854.0,True,2026-01-21 22:10:00,4854.0,TP,18.2,177.69,0
2026-01-21 22:35:00,2026-01-21 22:46:00,2026-01-21 22:48:00,MSS,long,4860.7,4852.2,4860.7,4874.4,True,2026-01-21 22:48:00,4860.7,BE,0.0,-4.0,2
2026-01-21 23:00:00,2026-01-21 23:16:00,2026-01-21 23:18:00,BOS,long,4856.1,4848.6,4848.6,4868.3,False,,4848.6,SL,-7.5,-79.25,2
2026-01-21 23:15:00,2026-01-21 23:54:00,2026-01-22 00:06:00,MSS,short,4854.4,4871.1,4854.4,4827.5,True,2026-01-21 23:59:00,4854.4,BE,0.0,-4.0,12
2026-01-22 00:15:00,2026-01-22 00:35:00,2026-01-22 00:38:00,MSS,short,4849.8,4858.2,4849.8,4836.1,True,2026-01-22 00:35:00,4849.8,BE,0.0,-4.0,3
2026-01-22 01:30:00,2026-01-22 01:40:00,2026-01-22 01:50:00,BOS,short,4819.5,4828.8,4819.5,4804.5,True,2026-01-22 01:41:00,4819.5,BE,0.0,-4.0,10
2026-01-22 03:20:00,2026-01-22 03:27:00,2026-01-22 03:27:00,BOS,long,4852.2,4849.3,4849.3,4856.9,False,,4849.3,SL,-2.9,-33.03,0
2026-01-22 07:55:00,2026-01-22 08:09:00,2026-01-22 08:41:00,BOS,short,4791.7,4799.5,4791.7,4779.1,True,2026-01-22 08:16:00,4791.7,BE,0.0,-4.0,32
2026-01-22 08:55:00,2026-01-22 09:00:00,2026-01-22 09:01:00,MSS,long,4788.6,4781.6,4781.6,4799.8,False,,4781.6,SL,-7.0,-73.52,1
2026-01-22 09:00:00,2026-01-22 09:10:00,2026-01-22 09:14:00,MSS,short,4789.4,4799.8,4789.4,4772.6,True,2026-01-22 09:11:00,4789.4,BE,0.0,-4.0,4
2026-01-22 09:15:00,2026-01-22 10:32:00,2026-01-22 10:49:00,MSS,long,4783.7,4772.6,4783.7,4801.7,True,2026-01-22 10:46:00,4783.7,BE,0.0,-4.0,17
2026-01-22 12:05:00,2026-01-22 12:34:00,2026-01-22 12:45:00,BOS,long,4795.1,4791.1,4795.1,4801.5,True,2026-01-22 12:35:00,4795.1,BE,0.0,-4.0,11
2026-01-22 13:00:00,2026-01-22 13:19:00,2026-01-22 13:20:00,BOS,long,4797.4,4794.7,4797.4,4801.8,True,2026-01-22 13:19:00,4797.4,BE,0.0,-4.0,1
2026-01-22 14:50:00,2026-01-22 14:57:00,2026-01-22 15:00:00,MSS,short,4826.0,4828.7,4828.7,4821.7,False,,4828.7,SL,-2.7,-30.74,3
2026-01-22 19:10:00,2026-01-22 19:23:00,2026-01-22 19:33:00,MSS,short,4831.7,4834.0,4831.7,4827.9,True,2026-01-22 19:23:00,4831.7,BE,0.0,-4.0,10
2026-01-22 19:40:00,2026-01-22 20:00:00,2026-01-22 20:01:00,MSS,long,4829.5,4827.1,4829.5,4833.5,True,2026-01-22 20:01:00,4829.5,BE,0.0,-4.0,1
2026-01-22 20:55:00,2026-01-22 21:15:00,2026-01-22 21:16:00,MSS,short,4829.4,4834.8,4829.4,4820.7,True,2026-01-22 21:15:00,4829.4,BE,0.0,-4.0,1
2026-01-22 21:20:00,2026-01-22 21:30:00,2026-01-22 21:42:00,MSS,long,4824.7,4817.5,4817.5,4836.3,False,,4817.5,SL,-7.2,-75.82,12
2026-01-22 21:40:00,2026-01-22 22:05:00,2026-01-22 22:15:00,MSS,short,4827.4,4837.5,4827.4,4811.0,True,2026-01-22 22:06:00,4827.4,BE,0.0,-4.0,10
2026-01-22 22:25:00,2026-01-22 23:00:00,2026-01-22 23:01:00,MSS,long,4825.7,4821.7,4825.7,4832.3,True,2026-01-22 23:00:00,4832.3,TP,6.6,61.51,1
2026-01-23 00:35:00,2026-01-23 00:55:00,2026-01-23 01:00:00,BOS,long,4880.5,4876.0,4880.5,4887.7,True,2026-01-23 00:59:00,4880.5,BE,0.0,-4.0,5
2026-01-23 03:00:00,2026-01-23 03:27:00,2026-01-23 03:27:00,BOS,long,4917.7,4913.9,4913.9,4923.9,False,,4913.9,SL,-3.8,-42.2,0
2026-01-23 07:00:00,2026-01-23 07:16:00,2026-01-23 07:19:00,BOS,long,4944.7,4938.1,4944.7,4955.3,True,2026-01-23 07:17:00,4944.7,BE,0.0,-4.0,3
2026-01-23 07:30:00,2026-01-23 07:47:00,2026-01-23 08:02:00,MSS,short,4951.9,4963.8,4963.8,4932.7,False,,4963.8,SL,-11.9,-122.8,15
2026-01-23 08:50:00,2026-01-23 09:01:00,2026-01-23 09:02:00,MSS,long,4954.0,4949.3,4954.0,4961.7,True,2026-01-23 09:02:00,4954.0,BE,0.0,-4.0,1
2026-01-23 09:00:00,2026-01-23 09:34:00,2026-01-23 09:39:00,MSS,short,4957.0,4968.5,4957.0,4938.5,True,2026-01-23 09:37:00,4957.0,BE,0.0,-4.0,5
2026-01-23 10:30:00,2026-01-23 11:17:00,2026-01-23 11:18:00,MSS,long,4952.6,4948.4,4948.4,4959.4,False,,4948.4,SL,-4.2,-46.02,1
2026-01-23 11:15:00,2026-01-23 11:35:00,2026-01-23 11:48:00,MSS,short,4953.4,4960.9,4953.4,4941.2,True,2026-01-23 11:42:00,4953.4,BE,0.0,-4.0,13
2026-01-23 13:40:00,2026-01-23 14:04:00,2026-01-23 14:04:00,BOS,long,4959.7,4957.6,4957.6,4963.0,False,,4957.6,SL,-2.1,-24.63,0
2026-01-23 17:15:00,2026-01-23 17:22:00,2026-01-23 17:23:00,BOS,short,4916.0,4921.4,4916.0,4907.3,True,2026-01-23 17:23:00,4916.0,BE,0.0,-4.0,1
2026-01-23 18:15:00,2026-01-23 19:04:00,2026-01-23 19:14:00,BOS,long,4920.4,4916.3,4920.4,4927.1,True,2026-01-23 19:12:00,4920.4,BE,0.0,-4.0,10
2026-01-23 20:50:00,2026-01-23 21:00:00,2026-01-23 21:03:00,BOS,long,4936.8,4932.8,4936.8,4943.4,True,2026-01-23 21:02:00,4943.4,TP,6.6,61.51,3
2026-01-23 21:00:00,2026-01-23 21:10:00,2026-01-23 21:12:00,BOS,long,4941.4,4938.7,4938.7,4945.7,False,,4938.7,SL,-2.7,-30.74,2
2026-01-23 21:20:00,2026-01-23 21:33:00,2026-01-23 21:35:00,MSS,short,4939.5,4948.8,4939.5,4924.5,True,2026-01-23 21:34:00,4939.5,BE,0.0,-4.0,2
2026-01-23 22:05:00,2026-01-23 22:30:00,2026-01-23 22:30:00,BOS,long,4939.6,4935.8,4935.8,4945.7,False,,4935.8,SL,-3.8,-41.82,0
2026-01-23 22:45:00,2026-01-23 23:00:00,2026-01-23 23:01:00,BOS,long,4942.1,4933.3,4942.1,4956.3,True,2026-01-23 23:00:00,4942.1,BE,0.0,-4.0,1
2026-01-24 01:50:00,2026-01-24 02:12:00,2026-01-24 02:20:00,MSS,short,4982.4,4989.0,4982.4,4971.6,True,2026-01-24 02:19:00,4982.4,BE,0.0,-4.0,8
2026-01-24 02:30:00,2026-01-24 03:31:00,2026-01-24 03:45:00,BOS,short,4980.8,4985.4,4980.8,4973.4,True,2026-01-24 03:33:00,4980.8,BE,0.0,-4.0,14
2026-01-26 08:15:00,2026-01-26 08:26:00,2026-01-26 08:28:00,MSS,short,5038.7,5043.1,5038.7,5031.7,True,2026-01-26 08:27:00,5038.7,BE,0.0,-4.0,2
2026-01-26 08:30:00,2026-01-26 09:01:00,2026-01-26 09:01:00,MSS,long,5036.5,5029.4,5029.4,5048.0,False,,5029.4,SL,-7.1,-75.05,0
2026-01-26 10:20:00,2026-01-26 11:01:00,2026-01-26 11:47:00,BOS,long,5073.1,5064.4,5073.1,5087.1,True,2026-01-26 11:02:00,5073.1,BE,0.0,-4.0,46
2026-01-26 13:15:00,2026-01-26 13:26:00,2026-01-26 13:30:00,BOS,short,5062.7,5070.8,5062.7,5049.6,True,2026-01-26 13:30:00,5062.7,BE,0.0,-4.0,4
2026-01-26 14:35:00,2026-01-26 15:01:00,2026-01-26 15:07:00,BOS,long,5070.8,5063.2,5070.8,5083.0,True,2026-01-26 15:01:00,5083.0,TP,12.2,118.36,6
2026-01-26 16:00:00,2026-01-26 16:06:00,2026-01-26 16:10:00,BOS,long,5088.7,5085.3,5088.7,5094.2,True,2026-01-26 16:09:00,5088.6,BE,-0.1,-5.0,4
2026-01-26 17:15:00,2026-01-26 17:21:00,2026-01-26 17:23:00,MSS,long,5087.7,5084.9,5087.7,5092.2,True,2026-01-26 17:21:00,5087.7,BE,0.0,-4.0,2
2026-01-26 17:25:00,2026-01-26 17:40:00,2026-01-26 17:41:00,BOS,long,5089.2,5085.7,5085.7,5094.8,False,,5085.7,SL,-3.5,-38.76,1
2026-01-26 17:45:00,2026-01-26 18:33:00,2026-01-26 18:38:00,MSS,short,5091.1,5097.2,5091.1,5081.2,True,2026-01-26 18:37:00,5091.1,BE,0.0,-4.0,5
2026-01-26 19:10:00,2026-01-26 19:39:00,2026-01-26 19:50:00,MSS,short,5089.4,5091.9,5089.4,5085.3,True,2026-01-26 19:44:00,5089.4,BE,0.0,-4.0,11
2026-01-26 20:00:00,2026-01-26 20:06:00,2026-01-26 20:08:00,MSS,long,5089.3,5087.8,5089.3,5091.8,True,2026-01-26 20:06:00,5089.3,BE,0.0,-4.0,2
2026-01-26 20:20:00,2026-01-26 20:27:00,2026-01-26 20:31:00,BOS,long,5088.2,5083.8,5083.8,5095.2,False,,5083.8,SL,-4.4,-47.55,4
2026-01-26 20:55:00,2026-01-26 21:12:00,2026-01-26 21:15:00,BOS,short,5080.0,5083.5,5080.0,5074.4,True,2026-01-26 21:12:00,5080.0,BE,0.0,-4.0,3
2026-01-26 21:30:00,2026-01-26 21:48:00,2026-01-26 21:51:00,BOS,short,5069.9,5081.0,5069.9,5051.9,True,2026-01-26 21:51:00,5069.9,BE,0.0,-4.0,3
2026-01-26 22:50:00,2026-01-26 23:20:00,2026-01-26 23:33:00,BOS,long,5082.5,5076.2,5082.5,5092.8,True,2026-01-26 23:21:00,5082.5,BE,0.0,-4.0,13
2026-01-26 23:30:00,2026-01-26 23:53:00,2026-01-26 23:55:00,MSS,short,5087.5,5095.4,5087.5,5074.6,True,2026-01-26 23:54:00,5087.5,BE,0.0,-4.0,2
2026-01-27 00:20:00,2026-01-27 01:42:00,2026-01-27 01:48:00,MSS,short,5096.4,5101.9,5101.9,5087.5,False,,5101.9,SL,-5.5,-59.01,6
2026-01-27 07:35:00,2026-01-27 07:59:00,2026-01-27 08:00:00,BOS,long,5038.7,5033.6,5033.6,5047.0,False,,5033.6,SL,-5.1,-55.19,1
2026-01-27 08:25:00,2026-01-27 09:08:00,2026-01-27 09:09:00,MSS,short,5045.1,5048.9,5045.1,5039.0,True,2026-01-27 09:08:00,5045.1,BE,0.0,-4.0,1
2026-01-27 09:30:00,2026-01-27 10:15:00,2026-01-27 10:25:00,MSS,short,5065.1,5071.6,5065.1,5054.6,True,2026-01-27 10:17:00,5065.1,BE,0.0,-4.0,10
2026-01-27 10:35:00,2026-01-27 10:54:00,2026-01-27 11:04:00,MSS,long,5061.4,5055.5,5061.4,5070.9,True,2026-01-27 10:55:00,5061.4,BE,0.0,-4.0,10
2026-01-27 12:10:00,2026-01-27 12:18:00,2026-01-27 12:26:00,MSS,short,5070.3,5074.4,5070.3,5063.6,True,2026-01-27 12:19:00,5070.3,BE,0.0,-4.0,8
2026-01-27 13:00:00,2026-01-27 13:26:00,2026-01-27 13:30:00,BOS,short,5061.6,5065.6,5061.6,5055.2,True,2026-01-27 13:27:00,5055.2,TP,6.4,60.27,4
2026-01-27 14:20:00,2026-01-27 14:30:00,2026-01-27 14:41:00,BOS,long,5075.8,5071.3,5075.8,5083.2,True,2026-01-27 14:31:00,5083.2,TP,7.4,69.54,11
2026-01-27 14:45:00,2026-01-27 14:55:00,2026-01-27 15:00:00,BOS,long,5079.9,5074.3,5079.9,5089.0,True,2026-01-27 14:57:00,5079.9,BE,0.0,-4.0,5
2026-01-27 15:30:00,2026-01-27 15:58:00,2026-01-27 16:08:00,BOS,long,5083.2,5077.0,5077.0,5093.3,False,,5077.0,SL,-6.2,-66.27,10
2026-01-27 16:25:00,2026-01-27 16:45:00,2026-01-27 16:48:00,MSS,short,5079.1,5084.0,5079.1,5071.2,True,2026-01-27 16:48:00,5079.1,BE,0.0,-4.0,3
2026-01-27 19:10:00,2026-01-27 19:24:00,2026-01-27 19:31:00,MSS,long,5081.4,5078.2,5081.4,5086.7,True,2026-01-27 19:25:00,5081.4,BE,0.0,-4.0,7
2026-01-27 19:45:00,2026-01-27 20:30:00,2026-01-27 20:33:00,MSS,short,5079.3,5084.7,5084.7,5070.6,False,,5084.7,SL,-5.4,-57.86,3
2026-01-27 20:30:00,2026-01-27 21:10:00,2026-01-27 21:12:00,MSS,long,5075.4,5069.6,5075.4,5084.7,True,2026-01-27 21:11:00,5084.7,TP,9.3,89.32,2
2026-01-27 21:40:00,2026-01-27 21:53:00,2026-01-27 22:02:00,MSS,short,5076.1,5082.5,5076.1,5065.8,True,2026-01-27 21:59:00,5065.8,TP,10.3,99.21,9
2026-01-27 22:15:00,2026-01-27 22:22:00,2026-01-27 22:25:00,BOS,short,5058.1,5068.0,5058.1,5042.0,True,2026-01-27 22:24:00,5058.1,BE,0.0,-4.0,3
2026-01-27 22:40:00,2026-01-27 22:48:00,2026-01-27 22:51:00,MSS,long,5063.4,5054.4,5054.4,5077.9,False,,5054.4,SL,-9.0,-93.77,3
2026-01-27 22:55:00,2026-01-27 23:11:00,2026-01-27 23:16:00,MSS,short,5065.8,5077.9,5065.8,5046.1,True,2026-01-27 23:11:00,5065.8,BE,0.0,-4.0,5
2026-01-28 00:10:00,2026-01-28 00:43:00,2026-01-28 00:49:00,BOS,long,5086.2,5080.4,5086.2,5095.7,True,2026-01-28 00:49:00,5086.2,BE,0.0,-4.0,6
2026-01-28 02:45:00,2026-01-28 02:59:00,2026-01-28 03:00:00,MSS,long,5086.7,5084.1,5084.1,5090.8,False,,5084.1,SL,-2.6,-29.59,1
2026-01-28 07:45:00,2026-01-28 08:01:00,2026-01-28 08:01:00,MSS,long,5164.1,5161.0,5161.0,5169.1,False,,5161.0,SL,-3.1,-34.94,0
2026-01-28 08:00:00,2026-01-28 08:39:00,2026-01-28 08:45:00,MSS,short,5167.6,5174.6,5167.6,5156.4,True,2026-01-28 08:39:00,5167.6,BE,0.0,-4.0,6
2026-01-28 10:50:00,2026-01-28 11:40:00,2026-01-28 11:45:00,BOS,long,5219.5,5213.9,5219.5,5228.6,True,2026-01-28 11:41:00,5228.6,TP,9.1,86.85,5
2026-01-28 13:40:00,2026-01-28 14:05:00,2026-01-28 14:08:00,BOS,long,5250.0,5244.3,5250.0,5259.2,True,2026-01-28 14:07:00,5250.0,BE,0.0,-4.0,3
2026-01-28 16:30:00,2026-01-28 16:38:00,2026-01-28 16:39:00,BOS,long,5292.5,5283.8,5292.5,5306.7,True,2026-01-28 16:38:00,5292.5,BE,0.0,-4.0,1
2026-01-28 17:40:00,2026-01-28 17:47:00,2026-01-28 18:09:00,BOS,short,5269.4,5276.3,5276.3,5258.3,False,,5276.3,SL,-6.9,-72.76,22
2026-01-28 18:05:00,2026-01-28 18:35:00,2026-01-28 18:36:00,MSS,long,5265.9,5258.3,5265.9,5278.3,True,2026-01-28 18:36:00,5265.9,BE,0.0,-4.0,1
2026-01-28 19:45:00,2026-01-28 20:03:00,2026-01-28 20:04:00,MSS,long,5251.4,5246.1,5251.4,5260.0,True,2026-01-28 20:03:00,5251.4,BE,0.0,-4.0,1
2026-01-28 20:50:00,2026-01-28 21:12:00,2026-01-28 21:15:00,BOS,long,5263.2,5259.0,5263.2,5269.9,True,2026-01-28 21:13:00,5269.9,TP,6.7,63.36,3
2026-01-28 22:00:00,2026-01-28 22:12:00,2026-01-28 22:16:00,BOS,short,5258.6,5263.0,5258.6,5251.4,True,2026-01-28 22:12:00,5258.6,BE,0.0,-4.0,4
2026-01-28 22:55:00,2026-01-28 23:07:00,2026-01-28 23:07:00,BOS,long,5271.2,5263.8,5263.8,5283.2,False,,5263.8,SL,-7.4,-78.11,0
2026-01-28 23:05:00,2026-01-28 23:23:00,2026-01-28 23:30:00,MSS,short,5268.0,5292.3,5268.0,5228.7,True,2026-01-28 23:25:00,5268.0,BE,0.0,-4.0,7
2026-01-29 00:30:00,2026-01-29 00:38:00,2026-01-29 00:43:00,BOS,short,5283.1,5288.8,5283.1,5273.8,True,2026-01-29 00:40:00,5283.1,BE,0.0,-4.0,5
2026-01-29 00:45:00,2026-01-29 01:39:00,2026-01-29 01:46:00,MSS,long,5282.4,5273.8,5282.4,5296.4,True,2026-01-29 01:40:00,5282.4,BE,0.0,-4.0,7
2026-01-29 02:05:00,2026-01-29 02:12:00,2026-01-29 02:17:00,MSS,long,5294.6,5289.4,5294.6,5302.9,True,2026-01-29 02:13:00,5302.9,TP,8.3,79.43,5
2026-01-29 07:30:00,2026-01-29 07:54:00,2026-01-29 07:56:00,BOS,long,5475.3,5463.9,5475.3,5493.8,True,2026-01-29 07:55:00,5493.8,TP,18.5,180.78,2
2026-01-29 08:30:00,2026-01-29 09:00:00,2026-01-29 09:01:00,BOS,long,5476.6,5455.4,5476.6,5511.0,True,2026-01-29 09:00:00,5476.6,BE,0.0,-4.0,1
2026-01-29 11:00:00,2026-01-29 11:13:00,2026-01-29 11:25:00,MSS,short,5522.3,5534.8,5522.3,5502.2,True,2026-01-29 11:22:00,5522.9,BE,-0.6,-9.53,9
2026-01-29 13:20:00,2026-01-29 13:30:00,2026-01-29 13:49:00,MSS,short,5535.3,5551.0,5551.0,5509.8,False,,5553.0,SL,-17.7,-181.38,16
2026-01-29 14:20:00,2026-01-29 14:35:00,2026-01-29 14:37:00,BOS,long,5575.6,5569.0,5575.6,5586.2,True,2026-01-29 14:35:00,5573.7,BE,-1.9,-22.7,1
2026-01-29 15:25:00,2026-01-29 15:34:00,2026-01-29 16:04:00,BOS,short,5544.3,5553.1,5544.3,5530.1,True,2026-01-29 15:38:00,5529.2,TP,15.1,147.14,15
2026-01-29 18:30:00,2026-01-29 18:39:00,2026-01-29 18:56:00,BOS,short,5501.4,5507.0,5501.4,5492.3,True,2026-01-29 18:46:00,5490.9,TP,10.5,100.85,11
2026-01-29 20:10:00,2026-01-29 20:44:00,2026-01-29 20:52:00,BOS,long,5520.5,5513.7,5520.5,5531.5,True,2026-01-29 20:48:00,5531.8,TP,11.3,109.0,5
2026-01-29 21:40:00,2026-01-29 21:51:00,2026-01-29 21:57:00,MSS,long,5505.4,5495.0,5505.4,5522.3,True,2026-01-29 21:54:00,5502.7,BE,-2.7,-31.29,5
2026-01-29 22:25:00,2026-01-29 22:33:00,2026-01-29 22:35:00,BOS,long,5524.3,5512.8,5512.8,5542.9,False,,5509.6,SL,-14.7,-150.98,2
2026-02-12 21:45:00,2026-02-12 23:39:00,2026-02-12 23:59:00,BOS,long,5067.1,5061.9,5061.9,5075.6,False,,5059.8,SL,-7.3,-77.33,3
2026-02-26 09:00:00,2026-02-26 09:06:00,2026-02-26 09:08:00,BOS,long,5203.1,5196.3,5203.1,5214.0,True,2026-02-26 09:07:00,5203.1,BE,0.0,-4.0,2
2026-02-26 09:25:00,2026-02-26 09:35:00,2026-02-26 09:37:00,MSS,short,5204.8,5211.1,5204.8,5194.7,True,2026-02-26 09:37:00,5204.8,BE,0.0,-4.0,2
2026-02-26 13:10:00,2026-02-26 13:46:00,2026-02-26 13:47:00,BOS,long,5209.6,5205.7,5209.6,5215.9,True,2026-02-26 13:47:00,5209.6,BE,0.0,-4.0,1
2026-02-26 13:45:00,2026-02-26 14:01:00,2026-02-26 14:06:00,MSS,short,5215.2,5219.8,5215.2,5207.7,True,2026-02-26 14:02:00,5215.2,BE,0.0,-4.0,5
2026-02-26 15:05:00,2026-02-26 15:17:00,2026-02-26 15:40:00,BOS,short,5206.2,5211.5,5206.2,5197.6,True,2026-02-26 15:18:00,5206.2,BE,0.0,-4.0,23
2026-02-26 15:45:00,2026-02-26 15:55:00,2026-02-26 15:56:00,BOS,short,5203.3,5206.5,5203.3,5198.1,True,2026-02-26 15:55:00,5203.3,BE,0.0,-4.0,1
2026-02-26 16:10:00,2026-02-26 16:26:00,2026-02-26 16:27:00,MSS,long,5200.3,5195.8,5195.8,5207.7,False,,5195.8,SL,-4.5,-49.46,1
2026-02-26 16:25:00,2026-02-26 17:49:00,2026-02-26 18:31:00,MSS,short,5201.3,5207.7,5201.3,5191.0,True,2026-02-26 18:18:00,5191.0,TP,10.3,99.21,42
2026-02-26 18:45:00,2026-02-26 19:05:00,2026-02-26 19:18:00,BOS,short,5191.4,5194.7,5191.4,5186.1,True,2026-02-26 19:15:00,5191.4,BE,0.0,-4.0,13
2026-02-26 19:50:00,2026-02-26 20:11:00,2026-02-26 20:16:00,BOS,short,5185.9,5191.6,5185.9,5176.6,True,2026-02-26 20:12:00,5185.9,BE,0.0,-4.0,5
2026-02-26 22:20:00,2026-02-26 22:30:00,2026-02-26 22:30:00,MSS,long,5179.9,5175.9,5175.9,5186.5,False,,5175.9,SL,-4.0,-44.49,0
2026-02-26 23:25:00,2026-02-26 23:34:00,2026-02-26 23:42:00,MSS,short,5171.8,5188.2,5188.2,5145.2,False,,5188.2,SL,-16.4,-168.26,8
2026-02-27 01:45:00,2026-02-27 01:51:00,2026-02-27 01:56:00,BOS,short,5189.7,5194.9,5189.7,5181.4,True,2026-02-27 01:51:00,5181.4,TP,8.3,79.43,5
2026-02-27 02:10:00,2026-02-27 02:34:00,2026-02-27 02:35:00,MSS,long,5184.3,5180.4,5180.4,5190.6,False,,5180.4,SL,-3.9,-42.96,1
2026-02-27 03:45:00,2026-02-27 03:59:00,2026-02-27 04:05:00,BOS,long,5204.5,5200.3,5204.5,5211.4,True,2026-02-27 04:00:00,5211.4,TP,6.9,64.6,6
2026-02-27 07:00:00,2026-02-27 07:06:00,2026-02-27 07:10:00,BOS,short,5202.3,5208.6,5202.3,5192.1,True,2026-02-27 07:07:00,5202.3,BE,0.0,-4.0,4
2026-02-27 08:00:00,2026-02-27 08:10:00,2026-02-27 08:14:00,BOS,short,5202.0,5206.2,5202.0,5195.3,True,2026-02-27 08:14:00,5202.0,BE,0.0,-4.0,4
2026-02-27 08:15:00,2026-02-27 08:33:00,2026-02-27 08:36:00,MSS,long,5199.8,5195.3,5195.3,5207.0,False,,5195.3,SL,-4.5,-48.69,3
2026-02-27 11:25:00,2026-02-27 11:38:00,2026-02-27 11:47:00,BOS,long,5200.5,5197.7,5200.5,5204.9,True,2026-02-27 11:38:00,5204.9,TP,4.4,40.5,9
2026-02-27 11:45:00,2026-02-27 11:58:00,2026-02-27 12:09:00,BOS,long,5202.8,5200.0,5202.8,5207.4,True,2026-02-27 12:06:00,5202.8,BE,0.0,-4.0,11
2026-02-27 12:20:00,2026-02-27 12:34:00,2026-02-27 12:36:00,BOS,long,5202.2,5200.7,5202.2,5204.5,True,2026-02-27 12:34:00,5204.5,TP,2.3,19.48,2
2026-02-27 12:50:00,2026-02-27 13:12:00,2026-02-27 13:24:00,MSS,short,5202.9,5205.2,5205.2,5199.2,False,,5205.2,SL,-2.3,-26.92,12
2026-02-27 13:55:00,2026-02-27 14:03:00,2026-02-27 14:04:00,BOS,long,5211.5,5207.8,5211.5,5217.4,True,2026-02-27 14:04:00,5211.5,BE,0.0,-4.0,1
2026-02-27 15:55:00,2026-02-27 16:00:00,2026-02-27 16:07:00,BOS,short,5196.9,5199.6,5196.9,5192.6,True,2026-02-27 16:07:00,5196.9,BE,0.0,-4.0,7
2026-02-27 16:45:00,2026-02-27 17:01:00,2026-02-27 17:03:00,BOS,short,5197.7,5199.2,5197.7,5195.4,True,2026-02-27 17:02:00,5195.4,TP,2.3,19.48,2
2026-02-27 17:45:00,2026-02-27 18:18:00,2026-02-27 18:19:00,BOS,short,5194.7,5198.3,5194.7,5188.9,True,2026-02-27 18:19:00,5194.7,BE,0.0,-4.0,1
2026-02-27 18:15:00,2026-02-27 18:29:00,2026-02-27 18:34:00,MSS,long,5188.7,5184.0,5188.7,5196.3,True,2026-02-27 18:30:00,5188.7,BE,0.0,-4.0,5
2026-02-27 19:10:00,2026-02-27 19:22:00,2026-02-27 19:26:00,MSS,short,5192.3,5194.2,5194.2,5189.2,False,,5194.2,SL,-1.9,-23.1,4
2026-02-27 22:20:00,2026-02-27 22:31:00,2026-02-27 22:34:00,BOS,long,5242.1,5234.7,5242.1,5254.1,True,2026-02-27 22:32:00,5242.1,BE,0.0,-4.0,3
2026-02-27 23:05:00,2026-02-27 23:18:00,2026-02-27 23:22:00,BOS,long,5243.7,5236.8,5236.8,5254.9,False,,5236.8,SL,-6.9,-73.14,4
2026-02-28 00:10:00,2026-02-28 00:22:00,2026-02-28 00:24:00,BOS,long,5255.7,5244.0,5244.0,5274.5,False,,5244.0,SL,-11.7,-120.51,2
2026-02-28 00:50:00,2026-02-28 01:12:00,2026-02-28 01:13:00,MSS,short,5253.5,5256.9,5253.5,5248.1,True,2026-02-28 01:12:00,5248.1,TP,5.4,50.38,1
2026-02-28 01:40:00,2026-02-28 02:24:00,2026-02-28 02:25:00,MSS,long,5243.9,5237.4,5243.9,5254.4,True,2026-02-28 02:24:00,5243.9,BE,0.0,-4.0,1
2026-03-02 09:55:00,2026-03-02 10:12:00,2026-03-02 10:15:00,BOS,short,5345.1,5351.8,5345.1,5334.3,True,2026-03-02 10:13:00,5345.1,BE,0.0,-4.0,3
2026-03-02 11:15:00,2026-03-02 11:31:00,2026-03-02 11:31:00,BOS,long,5366.2,5362.6,5366.2,5372.1,True,2026-03-02 11:31:00,5372.1,TP,5.9,54.71,0
2026-03-02 11:35:00,2026-03-02 12:05:00,2026-03-02 12:07:00,BOS,long,5370.7,5366.2,5370.7,5377.9,True,2026-03-02 12:05:00,5370.7,BE,0.0,-4.0,2
2026-03-02 16:25:00,2026-03-02 16:40:00,2026-03-02 16:43:00,BOS,long,5422.1,5416.4,5416.4,5431.3,False,,5416.4,SL,-5.7,-60.92,3
2026-03-02 16:40:00,2026-03-02 16:49:00,2026-03-02 16:55:00,MSS,short,5424.2,5432.0,5424.2,5411.5,True,2026-03-02 16:50:00,5411.5,TP,12.7,122.69,6
2026-03-02 16:55:00,2026-03-02 17:32:00,2026-03-02 17:47:00,BOS,short,5418.2,5425.9,5418.2,5405.8,True,2026-03-02 17:32:00,5405.8,TP,12.4,120.22,15
2026-03-02 18:35:00,2026-03-02 18:53:00,2026-03-02 18:54:00,MSS,long,5403.9,5398.1,5398.1,5413.4,False,,5398.1,SL,-5.8,-62.45,1
2026-03-02 19:45:00,2026-03-02 20:05:00,2026-03-02 20:17:00,MSS,short,5404.2,5414.8,5404.2,5387.0,True,2026-03-02 20:16:00,5404.2,BE,0.0,-4.0,12
2026-03-02 21:00:00,2026-03-02 21:11:00,2026-03-02 21:12:00,MSS,long,5407.3,5400.7,5400.7,5418.0,False,,5400.7,SL,-6.6,-70.09,1
2026-03-02 21:10:00,2026-03-02 21:20:00,2026-03-02 21:22:00,MSS,short,5414.2,5425.5,5414.2,5396.0,True,2026-03-02 21:21:00,5414.2,BE,0.0,-4.0,2
2026-03-03 00:25:00,2026-03-03 00:35:00,2026-03-03 00:51:00,MSS,long,5307.5,5294.5,5307.5,5328.5,True,2026-03-03 00:38:00,5307.5,BE,0.0,-4.0,16
2026-03-03 01:30:00,2026-03-03 01:49:00,2026-03-03 01:51:00,BOS,long,5317.1,5306.2,5317.1,5334.7,True,2026-03-03 01:51:00,5317.1,BE,0.0,-4.0,2
2026-03-03 02:05:00,2026-03-03 02:17:00,2026-03-03 02:37:00,MSS,short,5316.6,5324.2,5316.6,5304.2,True,2026-03-03 02:23:00,5304.2,TP,12.4,119.6,20
2026-03-03 07:00:00,2026-03-03 07:23:00,2026-03-03 07:32:00,MSS,long,5344.8,5335.4,5344.8,5360.0,True,2026-03-03 07:23:00,5344.8,BE,0.0,-4.0,9
2026-03-03 09:00:00,2026-03-03 09:46:00,2026-03-03 09:47:00,BOS,long,5367.5,5360.4,5367.5,5378.9,True,2026-03-03 09:47:00,5367.5,BE,0.0,-4.0,1
2026-03-03 09:55:00,2026-03-03 10:31:00,2026-03-03 10:46:00,MSS,short,5378.0,5394.5,5378.0,5351.4,True,2026-03-03 10:33:00,5378.0,BE,0.0,-4.0,15
2026-03-03 11:00:00,2026-03-03 11:52:00,2026-03-03 12:03:00,MSS,long,5377.1,5371.9,5377.1,5385.5,True,2026-03-03 11:58:00,5377.1,BE,0.0,-4.0,11
2026-03-03 12:20:00,2026-03-03 12:49:00,2026-03-03 12:51:00,MSS,long,5377.6,5372.7,5377.6,5385.6,True,2026-03-03 12:51:00,5377.6,BE,0.0,-4.0,2
2026-03-03 14:10:00,2026-03-03 14:20:00,2026-03-03 14:40:00,BOS,short,5319.7,5337.0,5319.7,5291.8,True,2026-03-03 14:37:00,5319.8,BE,-0.1,-4.66,20
2026-03-03 16:55:00,2026-03-03 17:01:00,2026-03-03 17:04:00,BOS,short,5316.0,5324.2,5316.0,5302.7,True,2026-03-03 17:02:00,5302.7,TP,13.3,128.87,3
2026-03-03 17:00:00,2026-03-03 17:11:00,2026-03-03 17:23:00,BOS,short,5315.8,5324.2,5315.8,5302.2,True,2026-03-03 17:11:00,5302.2,TP,13.6,131.96,12
2026-03-03 17:25:00,2026-03-03 17:52:00,2026-03-03 19:07:00,BOS,short,5285.4,5315.9,5285.4,5236.0,True,2026-03-03 18:37:00,5236.0,TP,49.4,489.78,75
2026-03-03 20:55:00,2026-03-03 21:00:00,2026-03-03 21:01:00,BOS,long,5217.8,5206.0,5206.0,5236.8,False,,5206.0,SL,-11.8,-121.66,1
2026-03-04 01:30:00,2026-03-04 02:02:00,2026-03-04 02:06:00,BOS,short,5105.8,5121.0,5105.8,5081.1,True,2026-03-04 02:02:00,5105.8,BE,0.0,-4.0,4
2026-03-04 03:00:00,2026-03-04 03:05:00,2026-03-04 03:07:00,BOS,long,5149.3,5141.8,5149.3,5161.4,True,2026-03-04 03:05:00,5149.3,BE,0.0,-4.0,2
2026-03-04 08:00:00,2026-03-04 08:12:00,2026-03-04 08:18:00,MSS,short,5127.7,5136.0,5127.7,5114.4,True,2026-03-04 08:13:00,5127.7,BE,0.0,-4.0,6
2026-03-04 08:40:00,2026-03-04 08:55:00,2026-03-04 08:59:00,MSS,long,5136.7,5130.6,5136.7,5146.6,True,2026-03-04 08:55:00,5146.6,TP,9.9,94.88,4
2026-03-04 10:05:00,2026-03-04 10:31:00,2026-03-04 10:35:00,BOS,long,5183.9,5177.4,5177.4,5194.3,False,,5177.4,SL,-6.5,-68.56,4
2026-03-04 11:45:00,2026-03-04 12:41:00,2026-03-04 12:42:00,BOS,long,5167.8,5162.3,5162.3,5176.8,False,,5162.3,SL,-5.5,-59.39,1
2026-03-04 12:40:00,2026-03-04 12:46:00,2026-03-04 13:05:00,MSS,short,5172.8,5180.5,5172.8,5160.4,True,2026-03-04 12:46:00,5160.4,TP,12.4,120.22,19
2026-03-04 15:45:00,2026-03-04 15:57:00,2026-03-04 15:59:00,BOS,long,5178.4,5173.7,5178.4,5186.0,True,2026-03-04 15:57:00,5178.4,BE,0.0,-4.0,2
2026-03-04 16:00:00,2026-03-04 16:35:00,2026-03-04 16:44:00,MSS,short,5178.6,5186.0,5186.0,5166.5,False,,5186.0,SL,-7.4,-78.49,9
2026-03-04 16:45:00,2026-03-04 17:00:00,2026-03-04 17:06:00,MSS,long,5171.1,5157.7,5171.1,5192.9,True,2026-03-04 17:01:00,5171.1,BE,0.0,-4.0,6
2026-03-04 18:00:00,2026-03-04 18:37:00,2026-03-04 18:39:00,BOS,long,5191.1,5187.0,5191.1,5197.8,True,2026-03-04 18:37:00,5197.8,TP,6.7,62.74,2
2026-03-04 19:10:00,2026-03-04 19:18:00,2026-03-04 19:20:00,BOS,long,5202.8,5199.3,5202.8,5208.5,True,2026-03-04 19:19:00,5202.8,BE,0.0,-4.0,2
2026-03-04 19:30:00,2026-03-04 19:40:00,2026-03-04 19:41:00,BOS,long,5205.2,5202.0,5205.2,5210.3,True,2026-03-04 19:41:00,5205.2,BE,0.0,-4.0,1
2026-03-04 20:00:00,2026-03-04 20:15:00,2026-03-04 20:16:00,BOS,long,5206.5,5199.3,5199.3,5218.2,False,,5199.3,SL,-7.2,-76.2,1
2026-03-04 21:00:00,2026-03-04 21:59:00,2026-03-04 22:12:00,MSS,long,5179.4,5170.9,5179.4,5193.1,True,2026-03-04 22:00:00,5179.4,BE,0.0,-4.0,13
2026-03-04 22:30:00,2026-03-04 22:39:00,2026-03-04 22:40:00,MSS,long,5179.1,5169.2,5179.1,5195.0,True,2026-03-04 22:39:00,5179.1,BE,0.0,-4.0,1
2026-03-04 23:10:00,2026-03-04 23:22:00,2026-03-04 23:25:00,BOS,short,5160.6,5173.3,5160.6,5140.1,True,2026-03-04 23:24:00,5160.6,BE,0.0,-4.0,3
2026-03-05 00:20:00,2026-03-05 00:34:00,2026-03-05 00:38:00,BOS,short,5163.6,5172.9,5163.6,5148.6,True,2026-03-05 00:37:00,5163.6,BE,0.0,-4.0,4
2026-03-05 01:20:00,2026-03-05 01:25:00,2026-03-05 01:28:00,BOS,short,5150.3,5161.9,5150.3,5131.5,True,2026-03-05 01:27:00,5150.3,BE,0.0,-4.0,3
2026-03-05 03:25:00,2026-03-05 03:41:00,2026-03-05 03:45:00,MSS,short,5142.8,5147.7,5142.8,5135.0,True,2026-03-05 03:41:00,5142.8,BE,0.0,-4.0,4
2026-03-05 09:05:00,2026-03-05 09:25:00,2026-03-05 09:30:00,BOS,long,5183.5,5177.7,5183.5,5193.0,True,2026-03-05 09:25:00,5183.5,BE,0.0,-4.0,5
2026-03-05 10:15:00,2026-03-05 10:39:00,2026-03-05 10:41:00,BOS,long,5185.9,5182.0,5185.9,5192.2,True,2026-03-05 10:39:00,5192.2,TP,6.3,59.04,2
2026-03-05 10:55:00,2026-03-05 11:30:00,2026-03-05 11:57:00,BOS,long,5190.4,5183.3,5190.4,5202.0,True,2026-03-05 11:30:00,5190.4,BE,0.0,-4.0,27
2026-03-05 11:55:00,2026-03-05 12:15:00,2026-03-05 12:27:00,MSS,short,5195.1,5200.0,5195.1,5187.1,True,2026-03-05 12:15:00,5187.1,TP,8.0,75.72,12
2026-03-05 14:05:00,2026-03-05 14:40:00,2026-03-05 14:46:00,BOS,short,5164.1,5178.4,5164.1,5141.0,True,2026-03-05 14:42:00,5164.1,BE,0.0,-4.0,6
2026-03-05 16:00:00,2026-03-05 16:37:00,2026-03-05 16:38:00,MSS,short,5170.9,5175.4,5170.9,5163.6,True,2026-03-05 16:38:00,5170.9,BE,0.0,-4.0,1
2026-03-05 17:05:00,2026-03-05 17:26:00,2026-03-05 17:39:00,BOS,long,5179.3,5171.5,5171.5,5191.9,False,,5171.5,SL,-7.8,-81.93,13
2026-03-05 19:35:00,2026-03-05 19:48:00,2026-03-05 19:49:00,MSS,short,5174.0,5178.2,5174.0,5167.3,True,2026-03-05 19:49:00,5174.0,BE,0.0,-4.0,1
2026-03-05 20:00:00,2026-03-05 20:27:00,2026-03-05 20:29:00,MSS,long,5173.8,5171.0,5173.8,5178.2,True,2026-03-05 20:28:00,5173.8,BE,0.0,-4.0,2
2026-03-05 20:25:00,2026-03-05 20:35:00,2026-03-05 20:38:00,MSS,short,5178.3,5181.7,5178.3,5172.7,True,2026-03-05 20:35:00,5178.3,BE,0.0,-4.0,3
2026-03-05 22:15:00,2026-03-05 22:29:00,2026-03-05 22:34:00,BOS,short,5128.4,5139.1,5128.4,5111.1,True,2026-03-05 22:30:00,5128.4,BE,0.0,-4.0,5
2026-03-05 22:30:00,2026-03-05 22:37:00,2026-03-05 22:39:00,MSS,long,5119.2,5111.1,5111.1,5132.4,False,,5111.1,SL,-8.1,-85.37,2
2026-03-05 22:35:00,2026-03-05 22:58:00,2026-03-05 23:01:00,MSS,short,5119.5,5132.4,5119.5,5098.6,True,2026-03-05 22:59:00,5119.5,BE,0.0,-4.0,3
2026-03-05 23:50:00,2026-03-06 00:06:00,2026-03-06 00:09:00,MSS,long,5094.1,5086.0,5086.0,5107.2,False,,5086.0,SL,-8.1,-84.98,3
2026-03-06 00:20:00,2026-03-06 00:48:00,2026-03-06 00:54:00,BOS,short,5085.8,5094.3,5085.8,5072.0,True,2026-03-06 00:51:00,5085.8,BE,0.0,-4.0,6
2026-03-06 01:00:00,2026-03-06 01:28:00,2026-03-06 01:29:00,MSS,long,5085.1,5078.7,5085.1,5095.5,True,2026-03-06 01:29:00,5085.1,BE,0.0,-4.0,1
2026-03-06 02:35:00,2026-03-06 02:52:00,2026-03-06 02:55:00,BOS,long,5077.9,5069.8,5077.9,5091.0,True,2026-03-06 02:54:00,5077.9,BE,0.0,-4.0,3
2026-03-06 03:30:00,2026-03-06 08:00:00,2026-03-06 08:00:00,MSS,short,5081.0,5090.4,5081.0,5065.8,True,2026-03-06 08:00:00,5081.0,BE,0.0,-4.0,0
2026-03-06 08:50:00,2026-03-06 09:00:00,2026-03-06 09:00:00,BOS,long,5089.4,5083.8,5083.8,5098.4,False,,5083.8,SL,-5.6,-59.77,0
2026-03-06 09:00:00,2026-03-06 09:06:00,2026-03-06 09:12:00,MSS,short,5089.1,5098.4,5089.1,5074.1,True,2026-03-06 09:07:00,5089.1,BE,0.0,-4.0,6
2026-03-06 12:25:00,2026-03-06 12:33:00,2026-03-06 12:42:00,MSS,short,5141.8,5145.4,5141.8,5136.1,True,2026-03-06 12:33:00,5141.8,BE,0.0,-4.0,9
2026-03-06 13:25:00,2026-03-06 13:30:00,2026-03-06 13:30:00,MSS,long,5134.4,5131.5,5131.5,5139.2,False,,5131.5,SL,-2.9,-33.41,0
2026-03-06 14:20:00,2026-03-06 14:52:00,2026-03-06 14:57:00,MSS,long,5125.2,5121.3,5125.2,5131.4,True,2026-03-06 14:53:00,5125.2,BE,0.0,-4.0,5
2026-03-06 14:55:00,2026-03-06 15:56:00,2026-03-06 15:57:00,MSS,short,5128.2,5131.3,5128.2,5123.3,True,2026-03-06 15:57:00,5128.2,BE,0.0,-4.0,1
2026-03-06 15:55:00,2026-03-06 16:12:00,2026-03-06 16:18:00,MSS,long,5121.5,5116.5,5121.5,5129.5,True,2026-03-06 16:13:00,5121.5,BE,0.0,-4.0,6
2026-03-06 16:20:00,2026-03-06 16:47:00,2026-03-06 17:00:00,MSS,short,5121.9,5126.4,5121.9,5114.7,True,2026-03-06 16:48:00,5114.7,TP,7.2,68.31,13
2026-03-06 17:35:00,2026-03-06 17:43:00,2026-03-06 17:53:00,BOS,short,5105.1,5112.5,5105.1,5093.0,True,2026-03-06 17:46:00,5093.0,TP,12.1,116.51,10
2026-03-06 19:20:00,2026-03-06 19:43:00,2026-03-06 19:54:00,MSS,long,5096.1,5089.2,5089.2,5107.2,False,,5089.2,SL,-6.9,-72.76,11
2026-03-06 19:50:00,2026-03-06 20:18:00,2026-03-06 20:34:00,MSS,short,5100.5,5109.4,5100.5,5086.2,True,2026-03-06 20:23:00,5100.5,BE,0.0,-4.0,16
2026-03-06 20:55:00,2026-03-06 21:30:00,2026-03-06 21:30:00,BOS,short,5099.8,5105.9,5105.9,5090.0,False,,5105.9,SL,-6.1,-64.74,0
2026-03-06 21:30:00,2026-03-06 21:56:00,2026-03-06 22:04:00,MSS,long,5097.1,5073.2,5097.1,5135.7,True,2026-03-06 22:01:00,5097.1,BE,0.0,-4.0,8
2026-03-06 23:20:00,2026-03-06 23:46:00,2026-03-06 23:48:00,BOS,long,5159.0,5146.8,5159.0,5178.8,True,2026-03-06 23:47:00,5159.0,BE,0.0,-4.0,2
2026-03-07 00:35:00,2026-03-07 00:43:00,2026-03-07 00:46:00,MSS,short,5149.9,5156.2,5156.2,5139.6,False,,5156.2,SL,-6.3,-67.41,3
2026-03-07 01:30:00,2026-03-07 01:41:00,2026-03-07 01:43:00,BOS,long,5152.0,5146.5,5146.5,5160.9,False,,5146.5,SL,-5.5,-59.01,2
2026-03-07 03:10:00,2026-03-07 03:37:00,2026-03-07 03:45:00,BOS,long,5171.2,5165.6,5165.6,5180.3,False,,5165.6,SL,-5.6,-60.15,8
2026-03-09 08:45:00,2026-03-09 08:59:00,2026-03-09 09:00:00,BOS,short,5057.1,5067.6,5057.1,5040.1,True,2026-03-09 09:00:00,5040.1,TP,17.0,165.95,1
2026-03-09 10:00:00,2026-03-09 10:06:00,2026-03-09 10:10:00,MSS,short,5078.4,5089.0,5089.0,5061.3,False,,5089.0,SL,-10.6,-109.81,4
2026-03-09 12:05:00,2026-03-09 12:14:00,2026-03-09 12:17:00,BOS,long,5097.2,5093.2,5097.2,5103.7,True,2026-03-09 12:16:00,5097.2,BE,0.0,-4.0,3
2026-03-09 13:00:00,2026-03-09 13:19:00,2026-03-09 13:22:00,BOS,long,5095.5,5091.3,5095.5,5102.3,True,2026-03-09 13:20:00,5102.3,TP,6.8,63.98,3
2026-03-09 15:20:00,2026-03-09 15:45:00,2026-03-09 15:47:00,MSS,long,5106.5,5102.5,5106.5,5113.0,True,2026-03-09 15:46:00,5106.5,BE,0.0,-4.0,2
2026-03-09 16:00:00,2026-03-09 16:07:00,2026-03-09 16:08:00,BOS,long,5107.7,5101.0,5107.7,5118.5,True,2026-03-09 16:08:00,5107.7,BE,0.0,-4.0,1
2026-03-09 16:25:00,2026-03-09 16:49:00,2026-03-09 16:51:00,MSS,short,5108.2,5114.4,5108.2,5098.1,True,2026-03-09 16:50:00,5108.2,BE,0.0,-4.0,2
2026-03-09 17:05:00,2026-03-09 17:45:00,2026-03-09 17:49:00,BOS,long,5107.7,5100.3,5107.7,5119.6,True,2026-03-09 17:46:00,5107.7,BE,0.0,-4.0,4
2026-03-09 21:20:00,2026-03-09 21:26:00,2026-03-09 21:28:00,BOS,short,5101.0,5106.4,5101.0,5092.3,True,2026-03-09 21:26:00,5101.0,BE,0.0,-4.0,2
2026-03-09 21:30:00,2026-03-09 21:40:00,2026-03-09 21:41:00,MSS,long,5102.0,5092.3,5092.3,5117.7,False,,5092.3,SL,-9.7,-101.03,1
2026-03-10 00:00:00,2026-03-10 00:16:00,2026-03-10 00:30:00,BOS,long,5106.7,5101.3,5106.7,5115.5,True,2026-03-10 00:25:00,5115.5,TP,8.8,83.76,14
2026-03-10 01:50:00,2026-03-10 02:05:00,2026-03-10 02:08:00,MSS,long,5101.7,5097.7,5101.7,5108.3,True,2026-03-10 02:05:00,5101.7,BE,0.0,-4.0,3
2026-03-10 07:15:00,2026-03-10 07:23:00,2026-03-10 07:27:00,BOS,long,5154.7,5147.7,5154.7,5166.0,True,2026-03-10 07:23:00,5154.7,BE,0.0,-4.0,4
2026-03-10 08:20:00,2026-03-10 08:37:00,2026-03-10 08:38:00,BOS,short,5146.8,5151.5,5146.8,5139.2,True,2026-03-10 08:37:00,5146.8,BE,0.0,-4.0,1
2026-03-10 13:30:00,2026-03-10 13:40:00,2026-03-10 13:41:00,MSS,short,5179.0,5180.8,5180.8,5176.1,False,,5180.8,SL,-1.8,-21.95,1
2026-03-10 13:45:00,2026-03-10 15:02:00,2026-03-10 15:03:00,MSS,long,5179.9,5178.0,5179.9,5183.0,True,2026-03-10 15:03:00,5183.0,TP,3.1,26.9,1
2026-03-10 15:15:00,2026-03-10 15:40:00,2026-03-10 15:45:00,MSS,short,5183.9,5188.1,5188.1,5177.0,False,,5188.1,SL,-4.2,-46.4,5
2026-03-10 16:30:00,2026-03-10 17:00:00,2026-03-10 17:02:00,BOS,long,5190.2,5185.0,5190.2,5198.6,True,2026-03-10 17:01:00,5190.2,BE,0.0,-4.0,2
2026-03-10 18:30:00,2026-03-10 18:51:00,2026-03-10 18:55:00,BOS,short,5185.1,5191.4,5185.1,5174.9,True,2026-03-10 18:54:00,5185.1,BE,0.0,-4.0,4
2026-03-10 20:00:00,2026-03-10 20:20:00,2026-03-10 20:21:00,BOS,short,5184.0,5188.8,5184.0,5176.2,True,2026-03-10 20:21:00,5184.0,BE,0.0,-4.0,1
2026-03-10 21:45:00,2026-03-10 21:50:00,2026-03-10 21:54:00,MSS,short,5218.1,5226.2,5218.1,5205.0,True,2026-03-10 21:51:00,5218.1,BE,0.0,-4.0,4
2026-03-10 22:05:00,2026-03-10 22:16:00,2026-03-10 23:02:00,BOS,short,5214.0,5224.7,5224.7,5196.8,False,,5224.7,SL,-10.7,-110.58,46
2026-03-10 23:30:00,2026-03-10 23:51:00,2026-03-10 23:52:00,BOS,long,5238.1,5232.9,5238.1,5246.5,True,2026-03-10 23:52:00,5238.1,BE,0.0,-4.0,1
2026-03-10 23:50:00,2026-03-11 00:26:00,2026-03-11 00:43:00,MSS,short,5244.0,5248.7,5244.0,5236.5,True,2026-03-11 00:28:00,5236.5,TP,7.5,71.4,17
2026-03-11 00:40:00,2026-03-11 00:47:00,2026-03-11 00:50:00,BOS,short,5241.1,5244.0,5241.1,5236.5,True,2026-03-11 00:48:00,5236.5,TP,4.6,42.35,3
2026-03-11 03:15:00,2026-03-11 03:30:00,2026-03-11 03:31:00,MSS,long,5206.0,5201.5,5201.5,5213.3,False,,5201.5,SL,-4.5,-49.08,1
2026-03-11 03:30:00,2026-03-11 03:55:00,2026-03-11 04:05:00,MSS,short,5206.4,5216.4,5206.4,5190.1,True,2026-03-11 04:00:00,5206.4,BE,0.0,-4.0,10
2026-03-11 07:40:00,2026-03-11 07:55:00,2026-03-11 07:56:00,BOS,short,5201.6,5203.9,5201.6,5198.0,True,2026-03-11 07:56:00,5201.6,BE,0.0,-4.0,1
2026-03-11 07:55:00,2026-03-11 08:03:00,2026-03-11 08:05:00,MSS,long,5198.9,5195.3,5195.3,5204.8,False,,5195.3,SL,-3.6,-40.29,2
2026-03-11 08:45:00,2026-03-11 09:25:00,2026-03-11 09:28:00,BOS,long,5218.7,5214.8,5218.7,5224.9,True,2026-03-11 09:25:00,5224.9,TP,6.2,58.42,3
2026-03-11 10:40:00,2026-03-11 11:29:00,2026-03-11 11:35:00,MSS,long,5212.8,5209.5,5212.8,5218.1,True,2026-03-11 11:30:00,5218.1,TP,5.3,49.15,6
2026-03-11 11:45:00,2026-03-11 12:17:00,2026-03-11 12:22:00,MSS,short,5215.2,5218.1,5215.2,5210.4,True,2026-03-11 12:18:00,5215.2,BE,0.0,-4.0,5
2026-03-11 15:30:00,2026-03-11 15:50:00,2026-03-11 15:54:00,MSS,short,5203.1,5206.5,5203.1,5197.6,True,2026-03-11 15:54:00,5203.1,BE,0.0,-4.0,4
2026-03-11 16:10:00,2026-03-11 16:18:00,2026-03-11 16:21:00,MSS,long,5200.1,5196.0,5196.0,5206.7,False,,5196.0,SL,-4.1,-44.87,3
2026-03-11 16:20:00,2026-03-11 17:33:00,2026-03-11 17:46:00,MSS,short,5202.0,5206.7,5202.0,5194.4,True,2026-03-11 17:44:00,5202.0,BE,0.0,-4.0,13
2026-03-11 17:55:00,2026-03-11 18:09:00,2026-03-11 18:30:00,MSS,short,5200.9,5204.9,5200.9,5194.4,True,2026-03-11 18:24:00,5194.4,TP,6.5,60.89,21
2026-03-11 19:00:00,2026-03-11 19:06:00,2026-03-11 19:09:00,MSS,long,5195.9,5192.7,5195.9,5201.2,True,2026-03-11 19:07:00,5195.9,BE,0.0,-4.0,3
2026-03-11 19:15:00,2026-03-11 19:37:00,2026-03-11 19:41:00,MSS,short,5196.6,5201.3,5196.6,5189.0,True,2026-03-11 19:38:00,5196.6,BE,0.0,-4.0,4
2026-03-11 19:55:00,2026-03-11 20:02:00,2026-03-11 20:09:00,BOS,short,5191.6,5196.9,5196.9,5183.0,False,,5196.9,SL,-5.3,-57.1,7
2026-03-11 20:10:00,2026-03-11 20:34:00,2026-03-11 20:36:00,MSS,long,5190.0,5183.0,5183.0,5201.3,False,,5183.0,SL,-7.0,-73.91,2
2026-03-11 20:55:00,2026-03-11 21:04:00,2026-03-11 21:20:00,BOS,short,5183.5,5189.9,5189.9,5173.2,False,,5189.9,SL,-6.4,-67.79,16
2026-03-11 21:45:00,2026-03-11 21:57:00,2026-03-11 22:01:00,BOS,short,5181.1,5191.1,5191.1,5165.0,False,,5191.1,SL,-10.0,-103.7,4
2026-03-11 22:25:00,2026-03-11 22:32:00,2026-03-11 22:34:00,BOS,long,5197.2,5193.4,5193.4,5203.4,False,,5193.4,SL,-3.8,-42.2,2
2026-03-12 01:05:00,2026-03-12 01:18:00,2026-03-12 01:19:00,BOS,long,5181.9,5177.7,5177.7,5188.6,False,,5177.7,SL,-4.2,-45.64,1
2026-03-12 03:50:00,2026-03-12 03:55:00,2026-03-12 03:56:00,BOS,long,5186.7,5184.5,5186.7,5190.2,True,2026-03-12 03:55:00,5190.2,TP,3.5,31.23,1
2026-03-12 06:55:00,2026-03-12 07:13:00,2026-03-12 08:00:00,BOS,short,5159.6,5174.5,5159.6,5135.6,True,2026-03-12 07:35:00,5135.6,TP,24.0,236.4,47
2026-03-12 09:00:00,2026-03-12 09:05:00,2026-03-12 09:06:00,BOS,long,5163.0,5157.2,5157.2,5172.3,False,,5157.2,SL,-5.8,-61.68,1
2026-03-12 12:15:00,2026-03-12 12:20:00,2026-03-12 12:20:00,MSS,long,5157.9,5156.9,5156.9,5159.4,False,,5156.9,SL,-1.0,-13.55,0
2026-03-12 12:20:00,2026-03-12 12:28:00,2026-03-12 12:34:00,MSS,short,5157.8,5159.4,5157.8,5155.1,True,2026-03-12 12:29:00,5155.1,TP,2.7,22.57,6
2026-03-12 13:05:00,2026-03-12 13:20:00,2026-03-12 13:24:00,MSS,long,5148.1,5145.3,5148.1,5152.7,True,2026-03-12 13:21:00,5148.1,BE,0.0,-4.0,4
2026-03-12 14:15:00,2026-03-12 14:23:00,2026-03-12 14:24:00,MSS,short,5159.0,5161.0,5161.0,5155.8,False,,5161.0,SL,-2.0,-23.86,1
2026-03-12 17:55:00,2026-03-12 18:15:00,2026-03-12 18:22:00,BOS,long,5191.9,5189.1,5189.1,5196.3,False,,5189.1,SL,-2.8,-31.5,7
2026-03-12 19:15:00,2026-03-12 19:38:00,2026-03-12 19:44:00,BOS,short,5186.0,5189.6,5186.0,5180.3,True,2026-03-12 19:39:00,5186.0,BE,0.0,-4.0,6
2026-03-12 19:40:00,2026-03-12 19:50:00,2026-03-12 19:53:00,MSS,long,5183.5,5181.4,5183.5,5186.8,True,2026-03-12 19:51:00,5183.5,BE,0.0,-4.0,3
2026-03-12 20:00:00,2026-03-12 20:48:00,2026-03-12 20:49:00,MSS,short,5184.5,5187.2,5187.2,5180.1,False,,5187.2,SL,-2.7,-31.12,1
2026-03-12 20:45:00,2026-03-12 21:19:00,2026-03-12 21:22:00,MSS,long,5179.7,5174.5,5174.5,5188.1,False,,5174.5,SL,-5.2,-55.95,3
2026-03-12 22:00:00,2026-03-12 22:19:00,2026-03-12 22:21:00,MSS,long,5159.0,5152.0,5159.0,5170.2,True,2026-03-12 22:19:00,5159.0,BE,0.0,-4.0,2
2026-03-13 00:05:00,2026-03-13 00:15:00,2026-03-13 00:16:00,BOS,short,5136.0,5141.0,5136.0,5127.9,True,2026-03-13 00:16:00,5136.0,BE,0.0,-4.0,1
2026-03-13 03:00:00,2026-03-13 03:05:00,2026-03-13 03:08:00,BOS,short,5097.5,5105.3,5097.5,5084.8,True,2026-03-13 03:07:00,5097.5,BE,0.0,-4.0,3
2026-03-13 06:55:00,2026-03-13 07:02:00,2026-03-13 07:05:00,BOS,long,5092.8,5088.8,5092.8,5099.4,True,2026-03-13 07:03:00,5099.4,TP,6.6,61.51,3
2026-03-13 07:20:00,2026-03-13 07:29:00,2026-03-13 07:30:00,BOS,long,5096.6,5093.1,5096.6,5102.3,True,2026-03-13 07:30:00,5096.6,BE,0.0,-4.0,1
2026-03-13 09:40:00,2026-03-13 09:57:00,2026-03-13 09:58:00,MSS,short,5121.0,5125.2,5125.2,5114.1,False,,5125.2,SL,-4.2,-46.4,1
2026-03-13 11:45:00,2026-03-13 12:20:00,2026-03-13 12:24:00,MSS,long,5113.2,5109.0,5109.0,5119.9,False,,5109.0,SL,-4.2,-45.64,4
2026-03-13 13:10:00,2026-03-13 13:29:00,2026-03-13 13:30:00,MSS,long,5108.2,5105.6,5108.2,5112.3,True,2026-03-13 13:29:00,5108.2,BE,0.0,-4.0,1
2026-03-13 13:40:00,2026-03-13 14:03:00,2026-03-13 14:05:00,MSS,short,5110.1,5114.8,5110.1,5102.5,True,2026-03-13 14:04:00,5110.1,BE,0.0,-4.0,2
2026-03-13 15:15:00,2026-03-13 15:30:00,2026-03-13 15:32:00,BOS,short,5091.0,5098.4,5091.0,5079.1,True,2026-03-13 15:30:00,5091.0,BE,0.0,-4.0,2
2026-03-13 18:10:00,2026-03-13 18:29:00,2026-03-13 18:30:00,BOS,long,5093.5,5090.5,5093.5,5098.3,True,2026-03-13 18:30:00,5093.5,BE,0.0,-4.0,1
2026-03-13 18:30:00,2026-03-13 18:47:00,2026-03-13 18:50:00,MSS,short,5095.2,5101.5,5101.5,5085.0,False,,5101.5,SL,-6.3,-67.03,3
2026-03-13 20:45:00,2026-03-13 21:03:00,2026-03-13 21:09:00,BOS,long,5119.6,5114.2,5119.6,5128.4,True,2026-03-13 21:03:00,5119.6,BE,0.0,-4.0,6
2026-03-13 21:25:00,2026-03-13 21:44:00,2026-03-13 21:45:00,MSS,short,5118.0,5121.2,5121.2,5112.7,False,,5121.2,SL,-3.2,-36.47,1
2026-03-14 01:10:00,2026-03-14 01:47:00,2026-03-14 01:49:00,MSS,long,5052.9,5047.7,5052.9,5061.2,True,2026-03-14 01:48:00,5052.9,BE,0.0,-4.0,2
2026-03-14 02:10:00,2026-03-14 02:32:00,2026-03-14 02:33:00,BOS,short,5051.9,5056.2,5051.9,5045.0,True,2026-03-14 02:33:00,5051.9,BE,0.0,-4.0,1
2026-03-17 00:25:00,2026-03-17 00:50:00,2026-03-17 01:10:00,BOS,short,4996.0,5004.2,5004.2,4982.7,False,,5004.2,SL,-8.2,-86.13,20
2026-03-17 02:25:00,2026-03-17 07:00:00,2026-03-17 07:22:00,BOS,long,5007.5,5003.3,5007.5,5014.2,True,2026-03-17 07:01:00,5014.2,TP,6.7,63.36,22
2026-03-17 07:20:00,2026-03-17 08:09:00,2026-03-17 08:12:00,MSS,long,5008.8,5005.5,5008.8,5014.2,True,2026-03-17 08:10:00,5008.8,BE,0.0,-4.0,3
2026-03-17 10:40:00,2026-03-17 10:49:00,2026-03-17 10:50:00,BOS,long,5028.7,5025.8,5025.8,5033.5,False,,5025.8,SL,-2.9,-33.41,1
2026-03-17 16:15:00,2026-03-17 16:24:00,2026-03-17 16:27:00,BOS,long,5025.5,5022.6,5025.5,5030.1,True,2026-03-17 16:25:00,5025.5,BE,0.0,-4.0,3
2026-03-17 17:55:00,2026-03-17 18:01:00,2026-03-17 18:02:00,BOS,short,5017.9,5020.2,5020.2,5014.1,False,,5020.2,SL,-2.3,-27.3,1
2026-03-17 19:55:00,2026-03-17 20:08:00,2026-03-17 20:15:00,MSS,short,5012.2,5015.9,5015.9,5006.1,False,,5015.9,SL,-3.7,-41.44,7
2026-03-17 21:30:00,2026-03-17 21:51:00,2026-03-17 21:53:00,BOS,long,5021.8,5015.3,5015.3,5032.4,False,,5015.3,SL,-6.5,-69.32,2
2026-03-17 22:20:00,2026-03-17 22:47:00,2026-03-17 22:54:00,MSS,short,5021.4,5026.3,5021.4,5013.5,True,2026-03-17 22:52:00,5013.5,TP,7.9,75.1,7
2026-03-18 00:45:00,2026-03-18 00:56:00,2026-03-18 00:58:00,MSS,short,5007.6,5010.4,5007.6,5003.0,True,2026-03-18 00:57:00,5007.6,BE,0.0,-4.0,2
2026-03-18 01:00:00,2026-03-18 01:40:00,2026-03-18 01:43:00,MSS,long,5005.5,5001.8,5005.5,5011.6,True,2026-03-18 01:42:00,5005.5,BE,0.0,-4.0,3
2026-03-18 01:40:00,2026-03-18 01:56:00,2026-03-18 02:00:00,MSS,short,5007.5,5011.0,5007.5,5001.9,True,2026-03-18 01:58:00,5007.5,BE,0.0,-4.0,4
2026-03-18 02:25:00,2026-03-18 02:47:00,2026-03-18 02:52:00,MSS,short,5011.5,5013.6,5011.5,5008.2,True,2026-03-18 02:47:00,5011.5,BE,0.0,-4.0,5
2026-03-18 07:30:00,2026-03-18 07:40:00,2026-03-18 08:03:00,MSS,long,5004.7,5002.6,5004.7,5008.1,True,2026-03-18 07:40:00,5008.1,TP,3.4,29.99,23
2026-03-18 08:00:00,2026-03-18 08:27:00,2026-03-18 08:29:00,BOS,long,5007.3,5004.7,5007.3,5011.6,True,2026-03-18 08:27:00,5007.3,BE,0.0,-4.0,2
2026-03-18 09:00:00,2026-03-18 09:35:00,2026-03-18 09:36:00,BOS,long,5009.6,5007.2,5009.6,5013.5,True,2026-03-18 09:36:00,5009.6,BE,0.0,-4.0,1
2026-03-18 10:15:00,2026-03-18 10:53:00,2026-03-18 10:54:00,BOS,long,5002.7,4999.7,4999.7,5007.5,False,,4999.7,SL,-3.0,-33.8,1
2026-03-18 12:55:00,2026-03-18 13:04:00,2026-03-18 13:05:00,MSS,long,4987.8,4986.1,4987.8,4990.5,True,2026-03-18 13:05:00,4990.5,TP,2.7,23.19,1
2026-03-18 13:20:00,2026-03-18 13:32:00,2026-03-18 13:34:00,BOS,long,4991.7,4988.8,4991.7,4996.3,True,2026-03-18 13:33:00,4996.3,TP,4.6,42.35,2
2026-03-18 14:30:00,2026-03-18 14:53:00,2026-03-18 14:57:00,BOS,long,5013.2,5010.5,5013.2,5017.5,True,2026-03-18 14:53:00,5013.0,BE,-0.2,-5.74,4
2026-03-18 16:20:00,2026-03-18 16:33:00,2026-03-18 16:45:00,BOS,short,4995.0,4999.7,4995.0,4987.5,True,2026-03-18 16:36:00,4987.5,TP,7.5,71.4,12
2026-03-18 17:45:00,2026-03-18 17:50:00,2026-03-18 17:54:00,MSS,short,4998.3,4999.9,4998.3,4995.7,True,2026-03-18 17:52:00,4998.3,BE,0.0,-4.0,4
2026-03-18 18:25:00,2026-03-18 18:30:00,2026-03-18 18:33:00,BOS,short,4991.8,4995.8,4991.8,4985.2,True,2026-03-18 18:30:00,4985.2,TP,6.6,61.51,3
2026-03-18 22:05:00,2026-03-18 22:18:00,2026-03-18 22:26:00,BOS,long,4877.1,4863.8,4863.8,4898.7,False,,4863.8,SL,-13.3,-137.32,8
2026-03-19 01:20:00,2026-03-19 01:30:00,2026-03-19 01:35:00,BOS,long,4893.2,4888.0,4893.2,4901.7,True,2026-03-19 01:33:00,4901.7,TP,8.5,80.67,5
2026-03-19 01:35:00,2026-03-19 01:42:00,2026-03-19 01:48:00,BOS,long,4896.4,4891.7,4896.4,4904.0,True,2026-03-19 01:43:00,4896.4,BE,0.0,-4.0,6
2026-03-19 02:30:00,2026-03-19 02:36:00,2026-03-19 02:46:00,MSS,short,4887.6,4894.4,4887.6,4876.6,True,2026-03-19 02:37:00,4876.6,TP,11.0,106.0,10
2026-03-19 03:15:00,2026-03-19 03:21:00,2026-03-19 03:23:00,MSS,long,4859.1,4853.0,4853.0,4868.9,False,,4853.0,SL,-6.1,-64.74,2
2026-03-19 03:20:00,2026-03-19 03:34:00,2026-03-19 03:47:00,MSS,short,4860.9,4868.9,4860.9,4848.0,True,2026-03-19 03:40:00,4848.0,TP,12.9,125.16,13
2026-03-19 07:25:00,2026-03-19 07:45:00,2026-03-19 07:50:00,BOS,long,4835.3,4830.3,4835.3,4843.3,True,2026-03-19 07:46:00,4835.3,BE,0.0,-4.0,5
2026-03-19 08:00:00,2026-03-19 08:11:00,2026-03-19 08:27:00,BOS,long,4838.6,4832.2,4838.6,4849.0,True,2026-03-19 08:11:00,4838.6,BE,0.0,-4.0,16
2026-03-19 09:55:00,2026-03-19 10:36:00,2026-03-19 10:42:00,MSS,short,4861.7,4868.5,4861.7,4850.7,True,2026-03-19 10:37:00,4861.7,BE,0.0,-4.0,6
2026-03-19 10:40:00,2026-03-19 10:48:00,2026-03-19 10:50:00,MSS,long,4858.1,4854.9,4858.1,4863.3,True,2026-03-19 10:48:00,4858.1,BE,0.0,-4.0,2
2026-03-19 11:05:00,2026-03-19 11:25:00,2026-03-19 11:30:00,BOS,long,4858.7,4854.7,4858.7,4865.2,True,2026-03-19 11:26:00,4858.7,BE,0.0,-4.0,5
2026-03-19 12:45:00,2026-03-19 12:54:00,2026-03-19 12:56:00,BOS,short,4851.3,4854.2,4851.3,4846.5,True,2026-03-19 12:55:00,4851.3,BE,0.0,-4.0,2
2026-03-19 13:00:00,2026-03-19 13:11:00,2026-03-19 13:15:00,MSS,long,4849.6,4846.5,4849.6,4854.7,True,2026-03-19 13:13:00,4854.7,TP,5.1,46.68,4
2026-03-19 13:55:00,2026-03-19 14:01:00,2026-03-19 14:01:00,BOS,short,4836.7,4841.8,4841.8,4828.4,False,,4841.8,SL,-5.1,-55.19,0
2026-03-19 16:40:00,2026-03-19 16:48:00,2026-03-19 16:53:00,BOS,short,4719.1,4738.5,4719.1,4687.8,True,2026-03-19 16:49:00,4719.1,BE,0.0,-4.0,5
2026-03-19 20:40:00,2026-03-19 21:54:00,2026-03-19 21:58:00,BOS,short,4598.2,4620.8,4620.8,4561.6,False,,4620.8,SL,-22.6,-230.14,4
2026-03-19 22:50:00,2026-03-19 22:56:00,2026-03-19 22:59:00,BOS,long,4614.4,4604.5,4604.5,4630.4,False,,4604.5,SL,-9.9,-102.94,3
2026-03-19 22:55:00,2026-03-19 23:05:00,2026-03-19 23:05:00,MSS,short,4618.8,4630.4,4630.4,4600.0,False,,4630.4,SL,-11.6,-120.13,0
2026-03-19 23:15:00,2026-03-20 00:08:00,2026-03-20 00:11:00,BOS,short,4628.1,4641.8,4628.1,4605.9,True,2026-03-20 00:08:00,4605.9,TP,22.2,217.86,3
2026-03-20 01:05:00,2026-03-20 01:18:00,2026-03-20 01:19:00,BOS,short,4590.2,4597.4,4597.4,4578.6,False,,4597.4,SL,-7.2,-75.82,1
2026-03-20 01:50:00,2026-03-20 02:02:00,2026-03-20 02:11:00,BOS,long,4614.6,4602.8,4614.6,4633.6,True,2026-03-20 02:10:00,4614.6,BE,0.0,-4.0,9
2026-03-20 02:30:00,2026-03-20 02:44:00,2026-03-20 02:45:00,MSS,short,4612.6,4617.9,4612.6,4604.1,True,2026-03-20 02:45:00,4612.6,BE,0.0,-4.0,1
2026-03-20 07:30:00,2026-03-20 07:48:00,2026-03-20 07:51:00,BOS,short,4645.7,4649.3,4645.7,4640.0,True,2026-03-20 07:50:00,4645.7,BE,0.0,-4.0,3
2026-03-20 08:00:00,2026-03-20 08:23:00,2026-03-20 08:25:00,MSS,long,4648.0,4643.5,4648.0,4655.4,True,2026-03-20 08:24:00,4648.0,BE,0.0,-4.0,2
2026-03-20 09:00:00,2026-03-20 09:12:00,2026-03-20 09:14:00,BOS,long,4656.7,4648.0,4656.7,4670.7,True,2026-03-20 09:13:00,4656.7,BE,0.0,-4.0,2
2026-03-20 12:05:00,2026-03-20 12:27:00,2026-03-20 12:30:00,BOS,short,4724.6,4728.7,4724.6,4718.0,True,2026-03-20 12:28:00,4724.6,BE,0.0,-4.0,3
2026-03-20 13:00:00,2026-03-20 13:14:00,2026-03-20 13:16:00,MSS,short,4718.4,4723.0,4723.0,4711.0,False,,4723.0,SL,-4.6,-49.84,2
2026-03-20 13:30:00,2026-03-20 13:40:00,2026-03-20 13:47:00,BOS,short,4715.9,4724.2,4715.9,4702.5,True,2026-03-20 13:41:00,4702.5,TP,13.4,130.11,7
2026-03-20 14:35:00,2026-03-20 15:22:00,2026-03-20 15:23:00,BOS,short,4686.0,4697.0,4686.0,4668.3,True,2026-03-20 15:23:00,4686.0,BE,0.0,-4.0,1
2026-03-20 18:00:00,2026-03-20 18:06:00,2026-03-20 18:10:00,BOS,short,4668.4,4678.4,4668.4,4652.3,True,2026-03-20 18:07:00,4652.3,TP,16.1,157.3,4
2026-03-20 18:35:00,2026-03-20 18:43:00,2026-03-20 18:45:00,MSS,long,4657.6,4649.7,4657.6,4670.4,True,2026-03-20 18:44:00,4657.6,BE,0.0,-4.0,2
2026-03-20 21:30:00,2026-03-20 21:36:00,2026-03-20 21:42:00,BOS,short,4659.8,4670.8,4659.8,4642.0,True,2026-03-20 21:37:00,4659.8,BE,0.0,-4.0,6
2026-03-20 22:45:00,2026-03-20 23:02:00,2026-03-20 23:05:00,BOS,short,4577.4,4586.0,4577.4,4563.6,True,2026-03-20 23:02:00,4577.4,BE,0.0,-4.0,3
2026-03-21 01:00:00,2026-03-21 01:05:00,2026-03-21 01:07:00,BOS,long,4578.2,4568.3,4578.2,4594.3,True,2026-03-21 01:06:00,4594.3,TP,16.1,156.68,2
2026-03-21 03:40:00,2026-03-21 03:56:00,2026-03-21 03:58:00,MSS,long,4503.3,4493.9,4503.3,4518.6,True,2026-03-21 03:57:00,4503.3,BE,0.0,-4.0,2
2026-03-23 07:35:00,2026-03-23 07:43:00,2026-03-23 07:48:00,MSS,short,4489.9,4500.3,4489.9,4473.0,True,2026-03-23 07:46:00,4473.0,TP,16.9,164.71,5
2026-03-23 11:35:00,2026-03-23 11:51:00,2026-03-23 12:00:00,BOS,short,4359.3,4367.1,4359.3,4346.6,True,2026-03-23 11:52:00,4359.3,BE,0.0,-4.0,9
2026-03-23 12:35:00,2026-03-23 12:48:00,2026-03-23 12:49:00,MSS,long,4371.1,4362.5,4371.1,4385.0,True,2026-03-23 12:49:00,4371.1,BE,0.0,-4.0,1
2026-03-23 12:50:00,2026-03-23 13:00:00,2026-03-23 13:19:00,MSS,short,4372.8,4385.0,4372.8,4353.0,True,2026-03-23 13:18:00,4372.8,BE,0.0,-4.0,19
2026-03-23 15:05:00,2026-03-23 15:38:00,2026-03-23 15:41:00,BOS,short,4196.3,4235.3,4196.3,4133.1,True,2026-03-23 15:39:00,4196.3,BE,0.0,-4.0,3
2026-03-23 16:30:00,2026-03-23 16:50:00,2026-03-23 16:54:00,BOS,long,4232.6,4212.2,4232.6,4265.5,True,2026-03-23 16:51:00,4232.6,BE,0.0,-4.0,4
2026-03-23 17:15:00,2026-03-23 17:39:00,2026-03-23 18:03:00,BOS,long,4247.7,4219.7,4247.7,4293.1,True,2026-03-23 17:59:00,4247.7,BE,0.0,-4.0,24
2026-03-23 20:00:00,2026-03-23 20:19:00,2026-03-23 20:32:00,MSS,short,4393.7,4419.8,4393.7,4351.6,True,2026-03-23 20:30:00,4393.7,BE,0.0,-4.0,13
2026-03-23 21:15:00,2026-03-23 21:41:00,2026-03-23 21:42:00,MSS,short,4448.2,4462.5,4448.2,4425.1,True,2026-03-23 21:42:00,4448.2,BE,0.0,-4.0,1
2026-03-23 22:15:00,2026-03-23 22:45:00,2026-03-23 22:50:00,BOS,long,4471.8,4455.3,4471.8,4498.6,True,2026-03-23 22:46:00,4471.8,BE,0.0,-4.0,5
2026-03-24 01:30:00,2026-03-24 01:49:00,2026-03-24 02:07:00,BOS,long,4407.1,4390.6,4407.1,4433.7,True,2026-03-24 01:50:00,4407.1,BE,0.0,-4.0,18
2026-03-24 02:05:00,2026-03-24 02:10:00,2026-03-24 02:19:00,MSS,short,4420.9,4432.0,4420.9,4403.0,True,2026-03-24 02:16:00,4420.9,BE,0.0,-4.0,9
2026-03-24 02:30:00,2026-03-24 03:11:00,2026-03-24 03:13:00,MSS,long,4425.0,4411.3,4411.3,4447.2,False,,4411.3,SL,-13.7,-141.14,2
2026-03-24 03:40:00,2026-03-24 03:57:00,2026-03-24 03:58:00,MSS,long,4403.5,4393.9,4403.5,4419.1,True,2026-03-24 03:57:00,4403.5,BE,0.0,-4.0,1
2026-03-24 07:35:00,2026-03-24 07:48:00,2026-03-24 07:50:00,MSS,short,4442.4,4450.7,4442.4,4429.1,True,2026-03-24 07:49:00,4442.4,BE,0.0,-4.0,2
2026-03-24 09:40:00,2026-03-24 10:29:00,2026-03-24 10:30:00,BOS,short,4351.9,4370.3,4351.9,4322.2,True,2026-03-24 10:30:00,4351.9,BE,0.0,-4.0,1
2026-03-24 12:15:00,2026-03-24 12:41:00,2026-03-24 12:47:00,BOS,short,4347.3,4357.8,4347.3,4330.2,True,2026-03-24 12:43:00,4347.3,BE,0.0,-4.0,6
2026-03-24 13:05:00,2026-03-24 13:12:00,2026-03-24 13:35:00,BOS,short,4338.6,4350.2,4338.6,4319.9,True,2026-03-24 13:28:00,4338.6,BE,0.0,-4.0,23
2026-03-24 14:40:00,2026-03-24 14:54:00,2026-03-24 14:56:00,MSS,short,4390.8,4399.6,4399.6,4376.5,False,,4399.6,SL,-8.8,-92.24,2
2026-03-24 16:20:00,2026-03-24 16:53:00,2026-03-24 16:54:00,MSS,short,4413.0,4423.5,4413.0,4395.9,True,2026-03-24 16:53:00,4413.0,BE,0.0,-4.0,1
2026-03-24 17:55:00,2026-03-24 18:02:00,2026-03-24 18:05:00,BOS,long,4420.7,4413.5,4420.7,4432.4,True,2026-03-24 18:04:00,4420.7,BE,0.0,-4.0,3
2026-03-24 18:55:00,2026-03-24 19:01:00,2026-03-24 19:01:00,BOS,long,4428.5,4419.6,4419.6,4442.9,False,,4419.6,SL,-8.9,-93.01,0
2026-03-24 19:00:00,2026-03-24 19:07:00,2026-03-24 19:12:00,MSS,short,4416.5,4442.9,4416.5,4373.7,True,2026-03-24 19:11:00,4416.5,BE,0.0,-4.0,5
2026-03-24 19:30:00,2026-03-24 19:51:00,2026-03-24 19:52:00,MSS,long,4416.1,4408.4,4408.4,4428.6,False,,4408.4,SL,-7.7,-81.16,1
2026-03-24 19:50:00,2026-03-24 20:00:00,2026-03-24 20:10:00,MSS,short,4414.0,4428.4,4414.0,4390.6,True,2026-03-24 20:01:00,4414.0,BE,0.0,-4.0,10
2026-03-24 21:25:00,2026-03-24 21:53:00,2026-03-24 21:56:00,BOS,short,4373.9,4385.0,4373.9,4356.0,True,2026-03-24 21:54:00,4373.9,BE,0.0,-4.0,3
2026-03-24 22:50:00,2026-03-24 22:55:00,2026-03-24 22:58:00,BOS,long,4415.3,4403.3,4415.3,4434.7,True,2026-03-24 22:55:00,4415.3,BE,0.0,-4.0,3
2026-03-24 23:35:00,2026-03-24 23:55:00,2026-03-24 23:56:00,BOS,long,4417.5,4410.5,4410.5,4428.7,False,,4410.5,SL,-7.0,-73.52,1
2026-03-25 00:00:00,2026-03-25 00:18:00,2026-03-25 00:43:00,MSS,short,4421.7,4431.7,4421.7,4405.4,True,2026-03-25 00:31:00,4421.7,BE,0.0,-4.0,25
2026-03-25 01:30:00,2026-03-25 02:19:00,2026-03-25 02:25:00,BOS,short,4397.4,4406.9,4406.9,4382.1,False,,4406.9,SL,-9.5,-98.74,6
2026-03-25 02:55:00,2026-03-25 03:01:00,2026-03-25 03:09:00,MSS,short,4396.2,4403.6,4403.6,4384.3,False,,4403.6,SL,-7.4,-77.73,8
2026-03-25 09:45:00,2026-03-25 10:00:00,2026-03-25 10:05:00,BOS,long,4587.6,4582.4,4587.6,4595.9,True,2026-03-25 10:01:00,4587.6,BE,0.0,-4.0,5
2026-03-25 10:05:00,2026-03-25 10:37:00,2026-03-25 10:42:00,MSS,short,4592.0,4600.3,4592.0,4578.7,True,2026-03-25 10:39:00,4592.0,BE,0.0,-4.0,5
2026-03-25 11:40:00,2026-03-25 12:05:00,2026-03-25 12:07:00,BOS,short,4573.2,4576.4,4573.2,4568.0,True,2026-03-25 12:05:00,4568.0,TP,5.2,47.91,2
2026-03-25 14:05:00,2026-03-25 14:33:00,2026-03-25 15:14:00,BOS,short,4555.5,4566.2,4555.5,4538.3,True,2026-03-25 14:34:00,4555.5,BE,0.0,-4.0,41
2026-03-25 15:10:00,2026-03-25 15:35:00,2026-03-25 15:37:00,MSS,long,4547.8,4541.7,4541.7,4557.6,False,,4541.7,SL,-6.1,-64.74,2
2026-03-25 15:35:00,2026-03-25 16:08:00,2026-03-25 16:10:00,MSS,short,4554.2,4562.1,4554.2,4541.4,True,2026-03-25 16:09:00,4554.2,BE,0.0,-4.0,2
2026-03-25 17:40:00,2026-03-25 18:01:00,2026-03-25 18:05:00,MSS,short,4558.3,4565.0,4558.3,4547.5,True,2026-03-25 18:04:00,4558.3,BE,0.0,-4.0,4
2026-03-25 19:20:00,2026-03-25 20:16:00,2026-03-25 20:20:00,BOS,long,4568.5,4560.5,4560.5,4581.4,False,,4560.5,SL,-8.0,-83.84,4
2026-03-25 21:00:00,2026-03-25 21:50:00,2026-03-25 21:58:00,MSS,long,4547.9,4534.4,4547.9,4569.8,True,2026-03-25 21:57:00,4547.9,BE,0.0,-4.0,8
2026-03-25 22:25:00,2026-03-25 23:09:00,2026-03-25 23:11:00,BOS,long,4550.9,4544.4,4550.9,4561.4,True,2026-03-25 23:10:00,4550.9,BE,0.0,-4.0,2
2026-03-25 23:15:00,2026-03-25 23:23:00,2026-03-26 00:25:00,MSS,short,4556.7,4577.8,4556.7,4522.5,True,2026-03-26 00:15:00,4556.7,BE,0.0,-4.0,62
2026-03-26 01:05:00,2026-03-26 01:13:00,2026-03-26 01:17:00,BOS,short,4552.2,4557.5,4552.2,4543.7,True,2026-03-26 01:14:00,4543.7,TP,8.5,81.28,4
2026-03-26 01:30:00,2026-03-26 01:53:00,2026-03-26 01:59:00,MSS,long,4548.6,4540.5,4548.6,4561.6,True,2026-03-26 01:58:00,4548.6,BE,0.0,-4.0,6
2026-03-26 03:40:00,2026-03-26 03:49:00,2026-03-26 03:57:00,MSS,long,4511.7,4503.6,4511.7,4524.9,True,2026-03-26 03:50:00,4524.9,TP,13.2,127.63,8
2026-03-26 07:35:00,2026-03-26 08:00:00,2026-03-26 08:02:00,BOS,short,4499.9,4508.3,4508.3,4486.3,False,,4508.3,SL,-8.4,-88.04,2
2026-03-26 08:45:00,2026-03-26 08:54:00,2026-03-26 09:00:00,BOS,long,4526.5,4521.5,4526.5,4534.7,True,2026-03-26 08:55:00,4534.7,TP,8.2,77.58,6
2026-03-26 09:45:00,2026-03-26 09:52:00,2026-03-26 09:55:00,MSS,short,4527.8,4533.0,4527.8,4519.4,True,2026-03-26 09:54:00,4527.8,BE,0.0,-4.0,3
2026-03-26 12:10:00,2026-03-26 13:06:00,2026-03-26 13:09:00,BOS,long,4510.7,4507.6,4510.7,4515.7,True,2026-03-26 13:08:00,4510.7,BE,0.0,-4.0,3
2026-03-26 18:35:00,2026-03-26 18:50:00,2026-03-26 18:54:00,MSS,short,4438.1,4445.4,4438.1,4426.3,True,2026-03-26 18:53:00,4438.1,BE,0.0,-4.0,4
2026-03-26 20:35:00,2026-03-26 20:44:00,2026-03-26 20:48:00,BOS,long,4434.4,4429.4,4434.4,4442.4,True,2026-03-26 20:45:00,4434.4,BE,0.0,-4.0,4
2026-03-26 20:55:00,2026-03-26 21:04:00,2026-03-26 21:07:00,MSS,short,4436.0,4442.6,4436.0,4425.4,True,2026-03-26 21:06:00,4436.0,BE,0.0,-4.0,3
2026-03-26 21:20:00,2026-03-26 21:31:00,2026-03-26 21:33:00,MSS,long,4439.2,4431.7,4439.2,4451.3,True,2026-03-26 21:32:00,4439.2,BE,0.0,-4.0,2
2026-03-26 21:35:00,2026-03-26 21:44:00,2026-03-26 21:45:00,MSS,short,4443.5,4451.3,4451.3,4430.9,False,,4451.3,SL,-7.8,-81.93,1
2026-03-26 22:30:00,2026-03-26 22:42:00,2026-03-26 22:43:00,MSS,long,4457.6,4448.0,4457.6,4473.1,True,2026-03-26 22:43:00,4457.6,BE,0.0,-4.0,1
2026-03-26 22:50:00,2026-03-26 23:00:00,2026-03-26 23:30:00,MSS,short,4464.9,4477.0,4464.9,4445.3,True,2026-03-26 23:01:00,4445.3,TP,19.6,191.91,30
2026-03-27 01:05:00,2026-03-27 01:11:00,2026-03-27 01:16:00,MSS,long,4387.5,4380.7,4387.5,4398.5,True,2026-03-27 01:11:00,4387.5,BE,0.0,-4.0,5
2026-03-27 01:25:00,2026-03-27 01:38:00,2026-03-27 01:47:00,MSS,short,4385.3,4393.1,4385.3,4372.6,True,2026-03-27 01:40:00,4385.3,BE,0.0,-4.0,9
2026-03-27 02:20:00,2026-03-27 02:34:00,2026-03-27 02:40:00,BOS,short,4378.6,4387.7,4387.7,4364.0,False,,4387.7,SL,-9.1,-94.53,6
2026-03-27 03:25:00,2026-03-27 03:36:00,2026-03-27 03:45:00,BOS,short,4383.2,4388.6,4383.2,4374.4,True,2026-03-27 03:39:00,4374.4,TP,8.8,83.76,9
2026-03-27 07:00:00,2026-03-27 08:00:00,2026-03-27 08:01:00,MSS,short,4402.9,4407.3,4402.9,4395.8,True,2026-03-27 08:01:00,4402.9,BE,0.0,-4.0,1
2026-03-27 08:00:00,2026-03-27 08:16:00,2026-03-27 08:19:00,MSS,long,4396.3,4390.3,4390.3,4406.0,False,,4390.3,SL,-6.0,-63.97,3
2026-03-27 08:20:00,2026-03-27 09:24:00,2026-03-27 09:31:00,MSS,short,4395.0,4406.0,4406.0,4377.1,False,,4406.0,SL,-11.0,-114.4,7
2026-03-27 11:00:00,2026-03-27 11:29:00,2026-03-27 11:37:00,MSS,short,4429.4,4435.4,4429.4,4419.6,True,2026-03-27 11:31:00,4430.0,BE,-0.6,-10.36,8
2026-03-27 15:25:00,2026-03-27 15:36:00,2026-03-27 15:41:00,BOS,short,4448.9,4451.6,4448.9,4444.5,True,2026-03-27 15:37:00,4444.5,TP,4.4,39.88,5
2026-03-27 15:40:00,2026-03-27 15:47:00,2026-03-27 15:49:00,BOS,short,4446.6,4450.3,4446.6,4440.7,True,2026-03-27 15:48:00,4446.6,BE,0.0,-4.0,2
2026-03-27 15:50:00,2026-03-27 16:01:00,2026-03-27 16:06:00,BOS,short,4443.5,4447.4,4443.5,4437.3,True,2026-03-27 16:02:00,4443.5,BE,0.0,-4.0,5
2026-03-27 16:55:00,2026-03-27 17:19:00,2026-03-27 17:26:00,BOS,short,4429.1,4435.1,4429.1,4419.3,True,2026-03-27 17:20:00,4429.1,BE,0.0,-4.0,7
2026-03-27 18:00:00,2026-03-27 18:06:00,2026-03-27 18:10:00,BOS,short,4425.7,4428.3,4425.7,4421.6,True,2026-03-27 18:09:00,4421.6,TP,4.1,37.41,4
2026-03-27 19:00:00,2026-03-27 19:15:00,2026-03-27 19:19:00,BOS,short,4410.0,4413.9,4410.0,4403.6,True,2026-03-27 19:17:00,4403.6,TP,6.4,59.65,4
2026-03-27 19:50:00,2026-03-27 19:57:00,2026-03-27 20:06:00,BOS,long,4413.0,4408.4,4413.0,4420.4,True,2026-03-27 19:59:00,4413.0,BE,0.0,-4.0,9
2026-03-27 21:00:00,2026-03-27 21:19:00,2026-03-27 21:23:00,MSS,short,4434.1,4439.3,4434.1,4425.6,True,2026-03-27 21:21:00,4425.6,TP,8.5,80.67,4
2026-03-27 21:25:00,2026-03-27 21:45:00,2026-03-27 21:48:00,BOS,short,4427.5,4436.4,4436.4,4413.0,False,,4436.4,SL,-8.9,-93.39,3
2026-03-27 22:15:00,2026-03-27 22:26:00,2026-03-27 22:27:00,BOS,long,4450.1,4440.4,4450.1,4465.9,True,2026-03-27 22:27:00,4450.1,BE,0.0,-4.0,1
2026-03-27 23:55:00,2026-03-28 00:04:00,2026-03-28 00:08:00,MSS,short,4527.9,4533.8,4527.9,4518.4,True,2026-03-28 00:05:00,4527.9,BE,0.0,-4.0,4
2026-03-28 03:00:00,2026-03-28 03:19:00,2026-03-28 03:26:00,MSS,short,4518.1,4526.2,4518.1,4505.0,True,2026-03-28 03:25:00,4518.1,BE,0.0,-4.0,7
2026-03-28 03:35:00,2026-03-28 03:55:00,2026-03-28 04:05:00,MSS,short,4517.4,4523.2,4517.4,4508.0,True,2026-03-28 03:56:00,4508.0,TP,9.4,89.94,10
2026-03-30 07:05:00,2026-03-30 07:19:00,2026-03-30 07:32:00,BOS,short,4477.4,4487.3,4477.4,4461.4,True,2026-03-30 07:19:00,4461.4,TP,16.0,156.06,12
2026-03-30 08:20:00,2026-03-30 08:54:00,2026-03-30 09:21:00,MSS,long,4431.2,4414.0,4431.2,4459.0,True,2026-03-30 09:00:00,4460.6,TP,29.4,290.1,24
2026-03-30 09:25:00,2026-03-30 09:34:00,2026-03-30 09:34:00,MSS,short,4456.4,4462.4,4462.4,4446.6,False,,4462.4,SL,-6.0,-64.36,0
2026-03-30 10:20:00,2026-03-30 10:25:00,2026-03-30 10:30:00,MSS,short,4468.2,4471.0,4471.0,4463.6,False,,4471.3,SL,-3.1,-35.27,2
2026-03-30 21:20:00,2026-03-30 21:31:00,2026-03-30 21:34:00,MSS,short,4569.5,4575.0,4569.5,4560.5,True,2026-03-30 21:32:00,4560.5,TP,9.0,85.61,3
2026-03-31 00:25:00,2026-03-31 00:40:00,2026-03-31 00:42:00,BOS,short,4541.5,4545.1,4545.1,4535.6,False,,4545.9,SL,-4.4,-48.29,1
2026-03-31 00:40:00,2026-03-31 01:01:00,2026-03-31 01:16:00,MSS,long,4537.0,4531.3,4531.3,4546.2,False,,4520.3,SL,-16.7,-170.92,1
2026-04-07 19:30:00,2026-04-07 22:02:00,2026-04-07 22:06:00,MSS,long,4628.8,4616.5,4616.5,4648.8,False,,4616.5,SL,-12.3,-127.39,1
2026-04-29 08:50:00,2026-04-29 08:57:00,2026-04-29 09:00:00,BOS,short,4615.2,4618.7,4615.2,4609.5,True,2026-04-29 08:59:00,4609.5,TP,5.7,52.86,3
2026-04-29 09:40:00,2026-04-29 09:48:00,2026-04-29 10:01:00,MSS,long,4597.3,4592.4,4597.3,4605.3,True,2026-04-29 10:00:00,4605.3,TP,8.0,75.72,13
2026-04-29 10:35:00,2026-04-29 10:48:00,2026-04-29 10:50:00,MSS,short,4614.0,4616.9,4614.0,4609.2,True,2026-04-29 10:49:00,4614.0,BE,0.0,-4.0,2
2026-04-29 10:50:00,2026-04-29 11:05:00,2026-04-29 11:06:00,BOS,short,4611.5,4614.8,4611.5,4606.2,True,2026-04-29 11:06:00,4611.5,BE,0.0,-4.0,1
2026-04-29 11:10:00,2026-04-29 11:33:00,2026-04-29 11:37:00,MSS,long,4609.6,4605.4,4609.6,4616.4,True,2026-04-29 11:35:00,4609.6,BE,0.0,-4.0,4
2026-04-29 13:30:00,2026-04-29 13:51:00,2026-04-29 13:56:00,BOS,short,4616.3,4621.3,4616.3,4608.2,True,2026-04-29 13:52:00,4608.2,TP,8.1,76.96,5
2026-04-29 13:55:00,2026-04-29 14:01:00,2026-04-29 14:05:00,BOS,short,4612.0,4616.9,4612.0,4604.2,True,2026-04-29 14:02:00,4612.0,BE,0.0,-4.0,4
2026-04-29 15:00:00,2026-04-29 15:06:00,2026-04-29 15:07:00,MSS,long,4598.1,4594.9,4598.1,4603.3,True,2026-04-29 15:07:00,4598.1,BE,0.0,-4.0,1
2026-04-29 16:30:00,2026-04-29 16:44:00,2026-04-29 16:46:00,BOS,short,4581.2,4584.9,4584.9,4575.1,False,,4584.9,SL,-3.7,-41.44,2
2026-04-29 17:15:00,2026-04-29 17:22:00,2026-04-29 17:25:00,BOS,long,4588.0,4584.5,4584.5,4593.6,False,,4584.5,SL,-3.5,-38.76,3
2026-04-29 17:40:00,2026-04-29 18:09:00,2026-04-29 18:12:00,BOS,short,4578.6,4582.8,4578.6,4571.9,True,2026-04-29 18:11:00,4578.6,BE,0.0,-4.0,3
2026-04-29 18:15:00,2026-04-29 19:53:00,2026-04-29 20:26:00,MSS,long,4572.7,4564.1,4572.7,4586.5,True,2026-04-29 19:58:00,4572.7,BE,0.0,-4.0,33
2026-04-29 22:30:00,2026-04-29 22:46:00,2026-04-29 22:49:00,BOS,long,4547.6,4543.2,4547.6,4554.7,True,2026-04-29 22:49:00,4547.6,BE,0.0,-4.0,3
2026-04-29 23:35:00,2026-04-29 23:53:00,2026-04-29 23:55:00,BOS,long,4557.7,4552.7,4557.7,4565.8,True,2026-04-29 23:54:00,4557.7,BE,0.0,-4.0,2
2026-04-30 00:00:00,2026-04-30 00:34:00,2026-04-30 00:36:00,BOS,long,4563.5,4554.8,4563.5,4577.5,True,2026-04-30 00:36:00,4563.5,BE,0.0,-4.0,2
2026-04-30 01:20:00,2026-04-30 01:25:00,2026-04-30 01:28:00,MSS,long,4564.4,4561.8,4564.4,4568.5,True,2026-04-30 01:26:00,4564.4,BE,0.0,-4.0,3
2026-04-30 01:25:00,2026-04-30 02:01:00,2026-04-30 02:02:00,MSS,short,4565.1,4568.5,4565.1,4559.7,True,2026-04-30 02:01:00,4559.7,TP,5.4,50.38,1
2026-04-30 02:00:00,2026-04-30 02:05:00,2026-04-30 02:09:00,BOS,short,4555.7,4561.8,4555.7,4545.9,True,2026-04-30 02:06:00,4545.9,TP,9.8,94.26,4
2026-04-30 02:30:00,2026-04-30 02:36:00,2026-04-30 02:36:00,BOS,short,4546.6,4554.0,4554.0,4534.5,False,,4554.0,SL,-7.4,-78.49,0
2026-04-30 03:10:00,2026-04-30 03:33:00,2026-04-30 03:41:00,MSS,long,4553.5,4547.3,4553.5,4563.4,True,2026-04-30 03:38:00,4553.5,BE,0.0,-4.0,8
2026-04-30 07:00:00,2026-04-30 07:05:00,2026-04-30 07:07:00,BOS,long,4563.3,4561.5,4563.3,4566.1,True,2026-04-30 07:06:00,4563.3,BE,0.0,-4.0,2
2026-04-30 08:40:00,2026-04-30 09:10:00,2026-04-30 09:12:00,BOS,long,4576.2,4574.3,4576.2,4579.2,True,2026-04-30 09:11:00,4579.2,TP,3.0,26.28,2
2026-04-30 09:25:00,2026-04-30 09:36:00,2026-04-30 09:54:00,BOS,long,4583.3,4577.5,4583.3,4592.8,True,2026-04-30 09:37:00,4592.8,TP,9.5,90.55,18
2026-04-30 09:50:00,2026-04-30 10:04:00,2026-04-30 10:08:00,BOS,long,4588.8,4585.4,4588.8,4594.4,True,2026-04-30 10:06:00,4588.8,BE,0.0,-4.0,4
2026-04-30 17:05:00,2026-04-30 17:10:00,2026-04-30 17:11:00,BOS,long,4629.0,4627.1,4629.0,4632.2,True,2026-04-30 17:11:00,4629.0,BE,0.0,-4.0,1
2026-04-30 17:25:00,2026-04-30 17:41:00,2026-04-30 18:00:00,BOS,long,4631.9,4627.5,4631.9,4639.0,True,2026-04-30 17:47:00,4639.0,TP,7.1,67.07,19
2026-04-30 19:00:00,2026-04-30 19:14:00,2026-04-30 19:16:00,BOS,long,4649.1,4645.3,4649.1,4655.3,True,2026-04-30 19:16:00,4649.1,BE,0.0,-4.0,2
2026-04-30 20:00:00,2026-04-30 20:08:00,2026-04-30 20:15:00,MSS,long,4644.3,4641.0,4644.3,4649.7,True,2026-04-30 20:10:00,4649.7,TP,5.4,49.77,7
2026-04-30 20:30:00,2026-04-30 20:37:00,2026-04-30 20:52:00,MSS,short,4644.5,4650.5,4644.5,4634.9,True,2026-04-30 20:40:00,4644.5,BE,0.0,-4.0,15
2026-04-30 22:35:00,2026-04-30 22:43:00,2026-04-30 22:45:00,BOS,short,4632.7,4638.9,4632.7,4622.8,True,2026-04-30 22:44:00,4632.7,BE,0.0,-4.0,2
2026-04-30 23:00:00,2026-04-30 23:07:00,2026-04-30 23:09:00,BOS,short,4633.3,4636.5,4636.5,4628.1,False,,4636.5,SL,-3.2,-36.09,2
2026-04-30 23:05:00,2026-04-30 23:13:00,2026-04-30 23:16:00,MSS,long,4631.4,4628.1,4631.4,4636.7,True,2026-04-30 23:14:00,4631.4,BE,0.0,-4.0,3
2026-05-01 00:15:00,2026-05-01 00:34:00,2026-05-01 00:49:00,BOS,short,4625.4,4630.1,4625.4,4617.8,True,2026-05-01 00:35:00,4625.4,BE,0.0,-4.0,15
2026-05-01 00:55:00,2026-05-01 01:01:00,2026-05-01 01:05:00,BOS,short,4626.2,4630.8,4630.8,4618.7,False,,4630.8,SL,-4.6,-50.22,4
2026-05-01 02:00:00,2026-05-01 02:42:00,2026-05-01 02:54:00,MSS,long,4631.7,4628.0,4631.7,4637.7,True,2026-05-01 02:43:00,4637.7,TP,6.0,55.95,12
2026-05-01 07:30:00,2026-05-01 07:45:00,2026-05-01 07:52:00,BOS,long,4643.1,4641.1,4643.1,4646.4,True,2026-05-01 07:46:00,4643.1,BE,0.0,-4.0,7
2026-05-01 07:55:00,2026-05-01 08:06:00,2026-05-01 08:08:00,MSS,short,4643.6,4646.8,4643.6,4638.3,True,2026-05-01 08:06:00,4638.3,TP,5.3,48.53,2
2026-05-01 08:10:00,2026-05-01 08:18:00,2026-05-01 08:20:00,BOS,short,4639.5,4643.6,4639.5,4632.8,True,2026-05-01 08:19:00,4639.5,BE,0.0,-4.0,2
2026-05-01 09:00:00,2026-05-01 10:02:00,2026-05-01 10:09:00,BOS,short,4634.4,4637.9,4637.9,4628.7,False,,4637.9,SL,-3.5,-39.14,7
2026-05-01 10:40:00,2026-05-01 11:31:00,2026-05-01 11:33:00,MSS,short,4640.2,4643.1,4640.2,4635.4,True,2026-05-01 11:32:00,4640.3,BE,-0.1,-5.41,2
2026-05-01 12:00:00,2026-05-01 12:06:00,2026-05-01 12:07:00,BOS,short,4638.0,4639.8,4638.0,4635.0,True,2026-05-01 12:06:00,4635.0,TP,3.0,25.66,1
2026-05-01 13:05:00,2026-05-01 13:38:00,2026-05-01 13:40:00,MSS,long,4621.3,4618.7,4621.3,4625.5,True,2026-05-01 13:40:00,4621.3,BE,0.0,-4.0,2
2026-05-01 17:50:00,2026-05-01 18:19:00,2026-05-01 18:30:00,BOS,short,4579.1,4584.3,4584.3,4570.7,False,,4584.3,SL,-5.2,-55.95,11
2026-05-01 19:50:00,2026-05-01 20:12:00,2026-05-01 20:12:00,BOS,long,4586.0,4583.9,4586.0,4589.3,True,2026-05-01 20:12:00,4589.3,TP,3.3,29.37,0
2026-05-01 23:00:00,2026-05-01 23:12:00,2026-05-01 23:14:00,MSS,short,4642.9,4647.1,4647.1,4636.2,False,,4647.1,SL,-4.2,-45.64,2
2026-05-01 23:40:00,2026-05-01 23:50:00,2026-05-01 23:50:00,BOS,long,4650.0,4646.4,4646.4,4655.8,False,,4646.4,SL,-3.6,-39.91,0
2026-05-02 00:05:00,2026-05-02 00:15:00,2026-05-02 00:16:00,MSS,short,4655.9,4659.4,4659.4,4650.2,False,,4659.4,SL,-3.5,-39.14,1
2026-05-02 00:15:00,2026-05-02 00:23:00,2026-05-02 00:25:00,MSS,long,4653.9,4649.1,4653.9,4661.6,True,2026-05-02 00:24:00,4653.9,BE,0.0,-4.0,2
2026-05-02 03:00:00,2026-05-02 03:10:00,2026-05-02 03:12:00,BOS,short,4635.5,4637.9,4637.9,4631.5,False,,4637.9,SL,-2.4,-28.45,2
2026-05-04 08:00:00,2026-05-04 08:07:00,2026-05-04 08:14:00,MSS,short,4623.7,4628.6,4623.7,4615.8,True,2026-05-04 08:12:00,4623.7,BE,0.0,-4.0,7
2026-05-04 08:20:00,2026-05-04 08:55:00,2026-05-04 09:04:00,BOS,short,4622.6,4628.4,4622.6,4613.2,True,2026-05-04 09:01:00,4613.2,TP,9.4,89.94,9
2026-05-04 09:25:00,2026-05-04 09:40:00,2026-05-04 09:42:00,BOS,short,4611.8,4615.8,4611.8,4605.2,True,2026-05-04 09:41:00,4611.8,BE,0.0,-4.0,2
2026-05-04 09:50:00,2026-05-04 10:23:00,2026-05-04 10:24:00,MSS,long,4609.0,4603.6,4609.0,4617.8,True,2026-05-04 10:24:00,4609.0,BE,0.0,-4.0,1
2026-05-04 11:35:00,2026-05-04 11:45:00,2026-05-04 11:46:00,MSS,short,4618.6,4622.6,4622.6,4612.1,False,,4622.6,SL,-4.0,-44.11,1
2026-05-04 12:55:00,2026-05-04 13:19:00,2026-05-04 13:19:00,MSS,short,4619.3,4621.6,4621.6,4615.7,False,,4621.6,SL,-2.3,-26.54,0
2026-05-04 13:15:00,2026-05-04 13:24:00,2026-05-04 13:25:00,MSS,long,4617.1,4612.7,4612.7,4624.3,False,,4612.7,SL,-4.4,-48.31,1
2026-05-04 14:00:00,2026-05-04 14:09:00,2026-05-04 14:12:00,BOS,short,4608.9,4613.1,4608.9,4602.2,True,2026-05-04 14:10:00,4608.9,BE,0.0,-4.0,3
2026-05-04 16:35:00,2026-05-04 16:59:00,2026-05-04 17:02:00,MSS,long,4586.8,4584.6,4586.8,4590.3,True,2026-05-04 16:59:00,4590.3,TP,3.5,31.23,3
2026-05-04 17:10:00,2026-05-04 17:51:00,2026-05-04 17:57:00,BOS,long,4590.0,4586.7,4586.7,4595.3,False,,4586.7,SL,-3.3,-36.85,6
2026-05-04 19:30:00,2026-05-04 20:13:00,2026-05-04 20:15:00,BOS,short,4575.8,4581.0,4575.8,4567.5,True,2026-05-04 20:15:00,4575.8,BE,0.0,-4.0,2
2026-05-04 20:15:00,2026-05-04 20:36:00,2026-05-04 20:53:00,MSS,long,4572.2,4563.6,4572.2,4586.2,True,2026-05-04 20:37:00,4586.2,TP,14.0,135.67,17
2026-05-04 21:00:00,2026-05-04 21:06:00,2026-05-04 21:10:00,MSS,short,4579.8,4587.1,4587.1,4568.0,False,,4587.1,SL,-7.3,-76.96,4
2026-05-04 22:05:00,2026-05-04 22:12:00,2026-05-04 22:15:00,BOS,short,4572.4,4577.4,4572.4,4564.4,True,2026-05-04 22:14:00,4572.4,BE,0.0,-4.0,3
2026-05-04 22:15:00,2026-05-04 22:59:00,2026-05-04 23:03:00,MSS,long,4572.3,4564.4,4572.3,4585.2,True,2026-05-04 23:00:00,4572.3,BE,0.0,-4.0,4
2026-05-05 00:05:00,2026-05-05 01:17:00,2026-05-05 08:54:00,BOS,short,4538.6,4553.8,4538.6,4513.9,True,2026-05-05 01:25:00,4538.6,BE,0.0,-4.0,397
2026-05-05 09:55:00,2026-05-05 10:18:00,2026-05-05 10:22:00,BOS,long,4546.1,4543.3,4546.1,4550.7,True,2026-05-05 10:21:00,4546.1,BE,0.0,-4.0,4
2026-05-05 10:25:00,2026-05-05 11:00:00,2026-05-05 11:06:00,MSS,long,4546.8,4544.0,4546.8,4551.2,True,2026-05-05 11:01:00,4551.2,TP,4.4,40.5,6
2026-05-05 11:20:00,2026-05-05 13:07:00,2026-05-05 13:08:00,MSS,short,4549.9,4551.8,4551.8,4546.7,False,,4551.8,SL,-1.9,-23.48,1
2026-05-05 13:05:00,2026-05-05 13:18:00,2026-05-05 13:34:00,MSS,long,4545.6,4539.9,4545.6,4554.7,True,2026-05-05 13:21:00,4554.7,TP,9.1,87.46,16
2026-05-05 13:30:00,2026-05-05 14:18:00,2026-05-05 14:24:00,BOS,long,4549.3,4544.8,4544.8,4556.6,False,,4544.8,SL,-4.5,-49.08,6
2026-05-05 15:00:00,2026-05-05 15:27:00,2026-05-05 15:33:00,MSS,long,4559.5,4556.8,4559.5,4563.8,True,2026-05-05 15:31:00,4559.5,BE,0.0,-4.0,6
2026-05-05 15:45:00,2026-05-05 16:22:00,2026-05-05 16:25:00,BOS,short,4563.4,4568.3,4563.4,4555.4,True,2026-05-05 16:23:00,4563.4,BE,0.0,-4.0,3
2026-05-05 17:25:00,2026-05-05 17:30:00,2026-05-05 17:48:00,MSS,short,4567.4,4570.5,4567.4,4562.4,True,2026-05-05 17:31:00,4567.4,BE,0.0,-4.0,18
2026-05-05 18:05:00,2026-05-05 18:17:00,2026-05-05 18:19:00,BOS,short,4565.3,4567.2,4565.3,4562.2,True,2026-05-05 18:17:00,4562.2,TP,3.1,26.9,2
2026-05-05 18:25:00,2026-05-05 18:34:00,2026-05-05 18:43:00,BOS,short,4562.0,4565.3,4562.0,4556.7,True,2026-05-05 18:39:00,4556.7,TP,5.3,49.15,9
2026-05-05 20:00:00,2026-05-05 20:06:00,2026-05-05 20:06:00,MSS,short,4569.7,4573.0,4573.0,4564.3,False,,4573.0,SL,-3.3,-37.23,0
2026-05-05 21:35:00,2026-05-05 21:50:00,2026-05-05 21:51:00,MSS,short,4588.8,4592.4,4588.8,4583.0,True,2026-05-05 21:51:00,4588.8,BE,0.0,-4.0,1
2026-05-05 22:10:00,2026-05-05 22:24:00,2026-05-05 22:25:00,BOS,short,4589.6,4595.1,4595.1,4580.7,False,,4595.1,SL,-5.5,-59.01,1
2026-05-05 23:00:00,2026-05-05 23:17:00,2026-05-05 23:19:00,MSS,long,4589.6,4586.3,4589.6,4594.9,True,2026-05-05 23:19:00,4589.6,BE,0.0,-4.0,2
2026-05-06 01:05:00,2026-05-06 01:18:00,2026-05-06 01:27:00,BOS,short,4570.1,4573.8,4570.1,4564.0,True,2026-05-06 01:26:00,4570.1,BE,0.0,-4.0,9
2026-05-06 02:10:00,2026-05-06 02:31:00,2026-05-06 02:32:00,MSS,long,4571.2,4568.4,4571.2,4575.6,True,2026-05-06 02:31:00,4571.2,BE,0.0,-4.0,1
2026-05-06 03:45:00,2026-05-06 03:50:00,2026-05-06 03:51:00,MSS,long,4567.5,4566.2,4566.2,4569.7,False,,4566.2,SL,-1.3,-17.37,1
2026-05-06 08:55:00,2026-05-06 09:07:00,2026-05-06 09:24:00,BOS,long,4623.0,4618.0,4623.0,4631.1,True,2026-05-06 09:16:00,4631.1,TP,8.1,76.96,17
2026-05-06 09:45:00,2026-05-06 09:54:00,2026-05-06 10:02:00,BOS,long,4634.3,4631.1,4634.3,4639.5,True,2026-05-06 09:54:00,4639.5,TP,5.2,47.91,8
2026-05-06 11:35:00,2026-05-06 11:42:00,2026-05-06 11:46:00,BOS,long,4656.0,4652.2,4656.0,4662.2,True,2026-05-06 11:44:00,4656.0,BE,0.0,-4.0,4
2026-05-06 12:25:00,2026-05-06 12:38:00,2026-05-06 12:41:00,BOS,long,4659.1,4655.9,4659.1,4664.2,True,2026-05-06 12:39:00,4659.1,BE,0.0,-4.0,3
2026-05-06 13:30:00,2026-05-06 13:44:00,2026-05-06 13:46:00,MSS,short,4661.9,4666.3,4661.9,4654.9,True,2026-05-06 13:45:00,4661.9,BE,0.0,-4.0,2
2026-05-06 15:10:00,2026-05-06 15:26:00,2026-05-06 15:27:00,MSS,short,4676.9,4681.5,4676.9,4669.4,True,2026-05-06 15:27:00,4676.9,BE,0.0,-4.0,1
2026-05-06 16:30:00,2026-05-06 16:43:00,2026-05-06 16:46:00,MSS,short,4689.7,4691.4,4689.7,4686.9,True,2026-05-06 16:43:00,4689.7,BE,0.0,-4.0,3
2026-05-06 18:50:00,2026-05-06 19:02:00,2026-05-06 19:12:00,BOS,long,4724.8,4718.8,4724.8,4734.6,True,2026-05-06 19:05:00,4724.8,BE,0.0,-4.0,10
2026-05-06 19:25:00,2026-05-06 19:34:00,2026-05-06 19:41:00,MSS,short,4726.7,4732.9,4726.7,4716.8,True,2026-05-06 19:34:00,4716.8,TP,9.9,95.5,7
2026-05-06 21:05:00,2026-05-06 21:14:00,2026-05-06 21:21:00,BOS,short,4694.3,4703.5,4694.3,4679.3,True,2026-05-06 21:20:00,4694.3,BE,0.0,-4.0,7
2026-05-06 21:45:00,2026-05-06 21:50:00,2026-05-06 21:53:00,BOS,long,4707.4,4704.1,4707.4,4712.8,True,2026-05-06 21:51:00,4712.8,TP,5.4,49.77,3
2026-05-06 22:10:00,2026-05-06 22:50:00,2026-05-06 22:57:00,BOS,long,4714.7,4708.4,4714.7,4725.0,True,2026-05-06 22:56:00,4714.7,BE,0.0,-4.0,7
2026-05-06 23:05:00,2026-05-06 23:21:00,2026-05-06 23:25:00,BOS,short,4714.8,4718.7,4714.8,4708.5,True,2026-05-06 23:21:00,4708.5,TP,6.3,59.04,4
2026-05-07 00:05:00,2026-05-07 00:30:00,2026-05-07 00:39:00,BOS,short,4701.3,4706.6,4701.3,4692.7,True,2026-05-07 00:33:00,4701.3,BE,0.0,-4.0,9
2026-05-07 01:35:00,2026-05-07 01:55:00,2026-05-07 01:57:00,BOS,short,4693.4,4695.5,4695.5,4689.9,False,,4695.5,SL,-2.1,-25.39,2
2026-05-07 02:40:00,2026-05-07 03:02:00,2026-05-07 03:03:00,MSS,short,4699.1,4701.1,4701.1,4695.9,False,,4701.1,SL,-2.0,-23.86,1
2026-05-07 07:20:00,2026-05-07 07:45:00,2026-05-07 07:45:00,MSS,short,4704.9,4707.0,4707.0,4701.6,False,,4707.0,SL,-2.1,-24.63,0
2026-05-07 10:30:00,2026-05-07 10:42:00,2026-05-07 10:45:00,BOS,short,4713.5,4716.7,4713.5,4708.2,True,2026-05-07 10:44:00,4713.5,BE,0.0,-4.0,3
2026-05-07 12:30:00,2026-05-07 12:40:00,2026-05-07 12:40:00,BOS,short,4705.0,4707.0,4707.0,4701.8,False,,4707.0,SL,-2.0,-23.86,0
2026-05-07 13:00:00,2026-05-07 13:18:00,2026-05-07 13:31:00,MSS,long,4705.4,4702.5,4705.4,4710.0,True,2026-05-07 13:30:00,4710.0,TP,4.6,42.35,13
2026-05-07 13:55:00,2026-05-07 14:00:00,2026-05-07 14:01:00,MSS,short,4712.9,4715.3,4712.9,4709.0,True,2026-05-07 14:01:00,4712.9,BE,0.0,-4.0,1
2026-05-07 15:00:00,2026-05-07 15:07:00,2026-05-07 15:11:00,MSS,short,4752.2,4759.2,4759.2,4740.8,False,,4759.2,SL,-7.0,-74.29,4
2026-05-07 16:00:00,2026-05-07 16:14:00,2026-05-07 16:18:00,MSS,long,4752.3,4746.6,4746.6,4761.6,False,,4746.6,SL,-5.7,-61.3,4
2026-05-07 16:55:00,2026-05-07 17:10:00,2026-05-07 17:12:00,BOS,short,4744.8,4747.1,4744.8,4741.1,True,2026-05-07 17:11:00,4744.8,BE,0.0,-4.0,2
2026-05-07 17:55:00,2026-05-07 18:12:00,2026-05-07 18:18:00,BOS,short,4744.0,4749.3,4744.0,4735.3,True,2026-05-07 18:18:00,4744.0,BE,0.0,-4.0,6
2026-05-07 18:35:00,2026-05-07 19:12:00,2026-05-07 19:16:00,MSS,long,4741.4,4737.3,4737.3,4748.0,False,,4737.3,SL,-4.1,-44.87,4
2026-05-07 19:55:00,2026-05-07 20:22:00,2026-05-07 20:25:00,BOS,long,4746.8,4743.1,4743.1,4752.8,False,,4743.1,SL,-3.7,-41.05,3
2026-05-07 20:30:00,2026-05-07 21:04:00,2026-05-07 21:08:00,BOS,long,4748.4,4741.9,4748.4,4759.0,True,2026-05-07 21:06:00,4748.4,BE,0.0,-4.0,4
2026-05-07 21:30:00,2026-05-07 21:47:00,2026-05-07 21:51:00,MSS,long,4751.3,4740.7,4751.3,4768.4,True,2026-05-07 21:50:00,4751.3,BE,0.0,-4.0,4
2026-05-07 22:10:00,2026-05-07 22:15:00,2026-05-07 22:16:00,BOS,long,4757.0,4752.5,4752.5,4764.3,False,,4752.5,SL,-4.5,-49.08,1
2026-05-08 00:50:00,2026-05-08 00:57:00,2026-05-08 01:02:00,MSS,long,4723.0,4720.3,4723.0,4727.4,True,2026-05-08 00:58:00,4723.0,BE,0.0,-4.0,5
2026-05-08 01:15:00,2026-05-08 01:23:00,2026-05-08 01:25:00,MSS,short,4724.1,4729.5,4729.5,4715.4,False,,4729.5,SL,-5.4,-57.86,2
2026-05-08 01:25:00,2026-05-08 01:40:00,2026-05-08 01:55:00,BOS,short,4715.3,4726.7,4715.3,4696.9,True,2026-05-08 01:43:00,4715.3,BE,0.0,-4.0,15
2026-05-08 02:25:00,2026-05-08 02:38:00,2026-05-08 02:39:00,BOS,long,4718.6,4715.9,4718.6,4722.9,True,2026-05-08 02:38:00,4722.9,TP,4.3,39.26,1
2026-05-08 02:45:00,2026-05-08 02:57:00,2026-05-08 02:58:00,MSS,short,4719.0,4725.8,4719.0,4707.9,True,2026-05-08 02:57:00,4719.0,BE,0.0,-4.0,1
2026-05-08 08:05:00,2026-05-08 08:13:00,2026-05-08 08:15:00,BOS,long,4713.0,4710.0,4710.0,4717.8,False,,4710.0,SL,-3.0,-33.8,2
2026-05-08 08:15:00,2026-05-08 08:23:00,2026-05-08 08:34:00,MSS,short,4712.6,4718.7,4712.6,4702.7,True,2026-05-08 08:27:00,4712.6,BE,0.0,-4.0,11
2026-05-08 09:35:00,2026-05-08 09:45:00,2026-05-08 09:48:00,MSS,short,4722.1,4727.5,4727.5,4713.4,False,,4727.5,SL,-5.4,-57.86,3
2026-05-08 10:00:00,2026-05-08 10:35:00,2026-05-08 12:13:00,BOS,long,4724.0,4713.4,4724.0,4741.1,True,2026-05-08 11:08:00,4724.0,BE,0.0,-4.0,98
2026-05-08 12:40:00,2026-05-08 12:53:00,2026-05-08 13:07:00,BOS,short,4723.1,4727.0,4723.1,4716.9,True,2026-05-08 12:59:00,4723.1,BE,0.0,-4.0,14
2026-05-08 13:25:00,2026-05-08 14:00:00,2026-05-08 14:01:00,MSS,long,4722.8,4719.1,4722.8,4728.8,True,2026-05-08 14:00:00,4728.8,TP,6.0,55.95,1
2026-05-08 14:25:00,2026-05-08 14:34:00,2026-05-08 14:39:00,BOS,long,4735.3,4730.1,4735.3,4743.6,True,2026-05-08 14:36:00,4735.3,BE,0.0,-4.0,5
2026-05-08 15:45:00,2026-05-08 15:52:00,2026-05-08 15:55:00,MSS,long,4718.1,4715.7,4718.1,4722.0,True,2026-05-08 15:53:00,4718.1,BE,0.0,-4.0,3
2026-05-08 17:30:00,2026-05-08 18:14:00,2026-05-08 18:23:00,MSS,short,4727.4,4732.4,4732.4,4719.2,False,,4732.4,SL,-5.0,-54.42,9
2026-05-08 18:35:00,2026-05-08 18:45:00,2026-05-08 18:49:00,MSS,long,4732.9,4729.9,4729.9,4737.7,False,,4729.9,SL,-3.0,-33.8,4
2026-05-08 18:45:00,2026-05-08 19:04:00,2026-05-08 19:09:00,MSS,short,4734.3,4737.7,4734.3,4728.7,True,2026-05-08 19:08:00,4734.3,BE,0.0,-4.0,5
2026-05-08 20:05:00,2026-05-08 20:33:00,2026-05-08 20:33:00,BOS,short,4725.4,4729.9,4729.9,4718.0,False,,4729.9,SL,-4.5,-49.46,0
2026-05-08 21:30:00,2026-05-08 22:09:00,2026-05-08 22:19:00,BOS,long,4736.7,4725.8,4736.7,4754.4,True,2026-05-08 22:13:00,4736.7,BE,0.0,-4.0,10
2026-05-08 23:10:00,2026-05-09 00:23:00,2026-05-09 00:47:00,BOS,short,4725.1,4730.8,4725.1,4715.8,True,2026-05-09 00:43:00,4725.1,BE,0.0,-4.0,24
2026-05-09 01:50:00,2026-05-09 01:57:00,2026-05-09 01:59:00,BOS,long,4729.8,4728.8,4729.8,4731.4,True,2026-05-09 01:58:00,4729.8,BE,0.0,-4.0,2
2026-05-09 03:30:00,2026-05-09 03:40:00,2026-05-09 03:40:00,BOS,short,4733.6,4734.9,4734.9,4731.4,False,,4734.9,SL,-1.3,-17.37,0
2026-05-11 07:00:00,2026-05-11 07:11:00,2026-05-11 07:12:00,MSS,long,4699.1,4695.1,4699.1,4705.6,True,2026-05-11 07:11:00,4699.1,BE,0.0,-4.0,1
2026-05-11 07:55:00,2026-05-11 09:05:00,2026-05-11 09:05:00,MSS,short,4703.8,4707.3,4707.3,4698.2,False,,4707.3,SL,-3.5,-38.76,0
2026-05-11 09:20:00,2026-05-11 09:40:00,2026-05-11 09:50:00,MSS,long,4699.6,4690.4,4699.6,4714.4,True,2026-05-11 09:41:00,4699.6,BE,0.0,-4.0,10
2026-05-11 09:50:00,2026-05-11 10:01:00,2026-05-11 10:02:00,MSS,short,4700.7,4704.9,4700.7,4693.9,True,2026-05-11 10:02:00,4700.7,BE,0.0,-4.0,1
2026-05-11 10:35:00,2026-05-11 10:44:00,2026-05-11 10:48:00,MSS,long,4697.9,4691.1,4697.9,4709.0,True,2026-05-11 10:45:00,4697.9,BE,0.0,-4.0,4
2026-05-11 13:30:00,2026-05-11 13:38:00,2026-05-11 13:42:00,MSS,long,4681.6,4678.3,4678.3,4687.0,False,,4678.3,SL,-3.3,-37.23,4
2026-05-11 13:40:00,2026-05-11 14:38:00,2026-05-11 14:43:00,MSS,short,4681.2,4688.4,4681.2,4669.6,True,2026-05-11 14:41:00,4681.2,BE,0.0,-4.0,5
2026-05-11 14:50:00,2026-05-11 15:47:00,2026-05-11 16:41:00,BOS,long,4677.9,4671.3,4677.9,4688.7,True,2026-05-11 16:11:00,4677.9,BE,0.0,-4.0,54
2026-05-11 16:50:00,2026-05-11 17:03:00,2026-05-11 17:06:00,MSS,short,4678.3,4680.2,4678.3,4675.3,True,2026-05-11 17:03:00,4678.3,BE,0.0,-4.0,3
2026-05-11 18:20:00,2026-05-11 18:38:00,2026-05-11 18:39:00,MSS,long,4670.8,4668.8,4668.8,4674.0,False,,4668.8,SL,-2.0,-23.86,1
2026-05-11 19:00:00,2026-05-11 19:12:00,2026-05-11 19:31:00,BOS,long,4675.3,4671.9,4675.3,4680.9,True,2026-05-11 19:13:00,4680.9,TP,5.6,51.62,19
2026-05-11 19:35:00,2026-05-11 19:53:00,2026-05-11 19:56:00,BOS,long,4679.2,4676.0,4679.2,4684.5,True,2026-05-11 19:53:00,4679.2,BE,0.0,-4.0,3
2026-05-11 20:05:00,2026-05-11 20:19:00,2026-05-11 20:20:00,MSS,short,4681.8,4684.5,4681.8,4677.4,True,2026-05-11 20:19:00,4681.8,BE,0.0,-4.0,1
2026-05-11 23:15:00,2026-05-11 23:41:00,2026-05-11 23:44:00,MSS,long,4737.1,4732.5,4737.1,4744.5,True,2026-05-11 23:41:00,4737.1,BE,0.0,-4.0,3
2026-05-12 01:20:00,2026-05-12 01:29:00,2026-05-12 01:31:00,BOS,long,4727.4,4725.3,4727.4,4730.7,True,2026-05-12 01:30:00,4730.7,TP,3.3,29.37,2
2026-05-12 02:05:00,2026-05-12 02:11:00,2026-05-12 02:14:00,BOS,long,4733.1,4731.0,4733.1,4736.5,True,2026-05-12 02:13:00,4732.9,BE,-0.2,-6.01,3
2026-05-12 02:55:00,2026-05-12 03:01:00,2026-05-12 03:03:00,MSS,short,4735.7,4736.9,4735.7,4733.8,True,2026-05-12 03:01:00,4733.8,TP,1.9,15.16,2
2026-05-12 03:20:00,2026-05-12 03:36:00,2026-05-12 03:40:00,BOS,short,4735.8,4737.6,4737.6,4732.8,False,,4737.6,SL,-1.8,-22.34,4
2026-05-12 07:30:00,2026-05-12 07:37:00,2026-05-12 07:37:00,BOS,long,4763.1,4760.0,4763.1,4768.0,True,2026-05-12 07:37:00,4768.0,TP,4.9,45.44,0
2026-05-12 08:15:00,2026-05-12 08:22:00,2026-05-12 08:23:00,BOS,long,4773.9,4768.0,4768.0,4783.5,False,,4768.0,SL,-5.9,-63.21,1
2026-05-12 10:10:00,2026-05-12 10:15:00,2026-05-12 10:17:00,MSS,long,4738.1,4734.7,4738.1,4743.5,True,2026-05-12 10:16:00,4738.1,BE,0.0,-4.0,2
2026-05-12 10:40:00,2026-05-12 11:19:00,2026-05-12 11:21:00,BOS,long,4735.2,4731.4,4735.2,4741.3,True,2026-05-12 11:21:00,4735.2,BE,0.0,-4.0,2
2026-05-12 11:45:00,2026-05-12 12:15:00,2026-05-12 12:16:00,BOS,short,4733.5,4736.9,4736.9,4728.1,False,,4736.9,SL,-3.4,-37.62,1
2026-05-12 12:15:00,2026-05-12 12:23:00,2026-05-12 12:25:00,MSS,long,4733.6,4730.0,4733.6,4739.4,True,2026-05-12 12:25:00,4733.6,BE,0.0,-4.0,2
2026-05-12 14:45:00,2026-05-12 15:42:00,2026-05-12 15:51:00,BOS,short,4709.4,4713.0,4709.4,4703.6,True,2026-05-12 15:43:00,4709.4,BE,0.0,-4.0,9
2026-05-12 16:00:00,2026-05-12 16:10:00,2026-05-12 16:15:00,MSS,long,4709.1,4705.7,4705.7,4714.7,False,,4705.7,SL,-3.4,-38.38,5
2026-05-12 17:10:00,2026-05-12 17:30:00,2026-05-12 17:32:00,MSS,short,4711.1,4714.4,4711.1,4705.7,True,2026-05-12 17:31:00,4711.1,BE,0.0,-4.0,2
2026-05-12 17:30:00,2026-05-12 17:36:00,2026-05-12 17:41:00,MSS,long,4708.4,4705.2,4708.4,4713.5,True,2026-05-12 17:39:00,4708.4,BE,0.0,-4.0,5
2026-05-12 17:40:00,2026-05-12 17:49:00,2026-05-12 18:00:00,MSS,short,4709.3,4713.5,4709.3,4702.5,True,2026-05-12 17:51:00,4709.3,BE,0.0,-4.0,11
2026-05-12 18:05:00,2026-05-12 18:16:00,2026-05-12 18:27:00,MSS,long,4707.9,4702.5,4707.9,4716.6,True,2026-05-12 18:17:00,4707.9,BE,0.0,-4.0,11
2026-05-12 18:35:00,2026-05-12 19:29:00,2026-05-12 19:57:00,MSS,short,4707.4,4717.2,4717.2,4691.6,False,,4717.2,SL,-9.8,-101.79,28
2026-05-12 20:30:00,2026-05-12 20:39:00,2026-05-12 20:43:00,BOS,short,4709.0,4716.3,4716.3,4697.1,False,,4716.3,SL,-7.3,-77.34,4
2026-05-12 21:35:00,2026-05-12 21:48:00,2026-05-12 21:51:00,MSS,long,4697.6,4692.4,4697.6,4706.0,True,2026-05-12 21:49:00,4697.6,BE,0.0,-4.0,3
2026-05-12 21:55:00,2026-05-12 22:03:00,2026-05-12 22:05:00,MSS,short,4699.9,4709.5,4699.9,4684.3,True,2026-05-12 22:03:00,4699.9,BE,0.0,-4.0,2
2026-05-13 01:15:00,2026-05-13 01:33:00,2026-05-13 01:35:00,BOS,long,4684.4,4682.0,4684.4,4688.2,True,2026-05-13 01:34:00,4684.4,BE,0.0,-4.0,2
2026-05-13 07:45:00,2026-05-13 07:53:00,2026-05-13 08:00:00,MSS,short,4727.0,4729.5,4727.0,4722.9,True,2026-05-13 07:54:00,4727.0,BE,0.0,-4.0,7
2026-05-13 08:00:00,2026-05-13 08:33:00,2026-05-13 08:36:00,MSS,long,4726.9,4722.9,4726.9,4733.4,True,2026-05-13 08:33:00,4726.9,BE,0.0,-4.0,3
2026-05-13 13:00:00,2026-05-13 13:18:00,2026-05-13 13:24:00,BOS,long,4709.8,4706.6,4709.8,4714.9,True,2026-05-13 13:21:00,4709.8,BE,0.0,-4.0,6
2026-05-13 13:25:00,2026-05-13 13:59:00,2026-05-13 14:04:00,MSS,short,4711.7,4715.4,4715.4,4705.8,False,,4715.4,SL,-3.7,-40.67,5
2026-05-13 15:05:00,2026-05-13 15:13:00,2026-05-13 15:15:00,BOS,short,4710.1,4713.6,4713.6,4704.5,False,,4713.6,SL,-3.5,-38.76,2
2026-05-13 16:50:00,2026-05-13 17:11:00,2026-05-13 17:14:00,MSS,long,4704.4,4702.0,4702.0,4708.2,False,,4702.0,SL,-2.4,-27.68,3
2026-05-13 17:10:00,2026-05-13 17:55:00,2026-05-13 18:08:00,MSS,short,4706.6,4710.2,4710.2,4700.7,False,,4710.2,SL,-3.6,-40.29,13
2026-05-13 21:00:00,2026-05-13 21:34:00,2026-05-13 21:36:00,MSS,long,4690.4,4685.7,4685.7,4697.9,False,,4685.7,SL,-4.7,-50.6,2
2026-05-13 22:25:00,2026-05-13 22:45:00,2026-05-13 23:02:00,MSS,long,4684.8,4680.0,4684.8,4692.6,True,2026-05-13 22:45:00,4692.6,TP,7.8,73.87,17
2026-05-13 23:25:00,2026-05-13 23:30:00,2026-05-13 23:33:00,BOS,long,4694.7,4691.9,4694.7,4699.3,True,2026-05-13 23:30:00,4699.3,TP,4.6,41.73,3
2026-05-14 00:20:00,2026-05-14 00:34:00,2026-05-14 00:38:00,BOS,long,4710.5,4706.1,4710.5,4717.6,True,2026-05-14 00:34:00,4710.5,BE,0.0,-4.0,4
2026-05-14 01:50:00,2026-05-14 02:13:00,2026-05-14 02:14:00,BOS,short,4700.1,4702.5,4700.1,4696.1,True,2026-05-14 02:14:00,4700.1,BE,0.0,-4.0,1
2026-05-14 03:10:00,2026-05-14 03:33:00,2026-05-14 03:47:00,MSS,long,4693.3,4690.9,4693.3,4697.1,True,2026-05-14 03:36:00,4697.1,TP,3.8,34.32,14
2026-05-14 07:45:00,2026-05-14 07:55:00,2026-05-14 07:57:00,BOS,short,4702.8,4704.6,4702.8,4699.8,True,2026-05-14 07:55:00,4702.8,BE,0.0,-4.0,2
2026-05-14 08:00:00,2026-05-14 08:05:00,2026-05-14 08:06:00,BOS,short,4700.9,4703.8,4700.9,4696.2,True,2026-05-14 08:06:00,4700.9,BE,0.0,-4.0,1
2026-05-14 08:30:00,2026-05-14 08:46:00,2026-05-14 08:47:00,MSS,short,4709.1,4712.5,4709.1,4703.6,True,2026-05-14 08:47:00,4709.1,BE,0.0,-4.0,1
2026-05-14 08:55:00,2026-05-14 09:01:00,2026-05-14 09:02:00,BOS,long,4709.2,4706.3,4709.2,4713.9,True,2026-05-14 09:02:00,4709.2,BE,0.0,-4.0,1
2026-05-14 10:30:00,2026-05-14 10:41:00,2026-05-14 10:43:00,MSS,long,4697.6,4693.1,4697.6,4704.8,True,2026-05-14 10:42:00,4697.6,BE,0.0,-4.0,2
2026-05-14 11:20:00,2026-05-14 11:34:00,2026-05-14 11:37:00,MSS,long,4690.3,4687.7,4690.3,4694.4,True,2026-05-14 11:35:00,4690.3,BE,0.0,-4.0,3
2026-05-14 11:35:00,2026-05-14 12:22:00,2026-05-14 12:25:00,MSS,short,4694.0,4699.5,4699.5,4685.1,False,,4699.5,SL,-5.5,-59.01,3
2026-05-14 13:15:00,2026-05-14 13:45:00,2026-05-14 13:48:00,MSS,short,4708.6,4711.3,4708.6,4704.2,True,2026-05-14 13:46:00,4708.6,BE,0.0,-4.0,3
2026-05-14 13:55:00,2026-05-14 14:44:00,2026-05-14 14:51:00,BOS,short,4704.8,4710.4,4704.8,4695.8,True,2026-05-14 14:49:00,4704.8,BE,0.0,-4.0,7
2026-05-14 15:25:00,2026-05-14 15:50:00,2026-05-14 15:54:00,BOS,long,4705.6,4700.7,4705.6,4713.4,True,2026-05-14 15:52:00,4705.6,BE,0.0,-4.0,4
2026-05-14 16:25:00,2026-05-14 16:41:00,2026-05-14 16:42:00,MSS,long,4707.2,4704.4,4707.2,4711.7,True,2026-05-14 16:42:00,4707.2,BE,0.0,-4.0,1
2026-05-14 18:10:00,2026-05-14 19:00:00,2026-05-14 19:00:00,MSS,short,4705.3,4707.2,4705.3,4702.3,True,2026-05-14 19:00:00,4702.3,TP,3.0,26.28,0
2026-05-14 19:25:00,2026-05-14 19:39:00,2026-05-14 19:48:00,BOS,short,4701.8,4705.6,4705.6,4695.7,False,,4705.6,SL,-3.8,-41.82,9
2026-05-14 19:50:00,2026-05-14 19:59:00,2026-05-14 20:05:00,MSS,long,4701.7,4695.7,4701.7,4711.3,True,2026-05-14 20:01:00,4701.7,BE,0.0,-4.0,6
2026-05-14 20:20:00,2026-05-14 20:44:00,2026-05-14 21:02:00,BOS,long,4704.9,4698.7,4704.9,4715.0,True,2026-05-14 20:47:00,4704.9,BE,0.0,-4.0,18
2026-05-14 22:15:00,2026-05-14 22:54:00,2026-05-14 22:59:00,MSS,long,4690.3,4683.3,4690.3,4701.5,True,2026-05-14 22:55:00,4690.3,BE,0.0,-4.0,5
2026-05-14 22:55:00,2026-05-14 23:14:00,2026-05-14 23:15:00,MSS,short,4692.4,4696.8,4692.4,4685.4,True,2026-05-14 23:14:00,4692.4,BE,0.0,-4.0,1
2026-05-14 23:40:00,2026-05-14 23:56:00,2026-05-15 00:03:00,BOS,short,4692.1,4695.3,4692.1,4686.9,True,2026-05-15 00:00:00,4686.9,TP,5.2,47.91,7
2026-05-15 00:30:00,2026-05-15 00:53:00,2026-05-15 00:59:00,BOS,short,4684.6,4687.6,4684.6,4679.7,True,2026-05-15 00:54:00,4684.6,BE,0.0,-4.0,6
2026-05-15 01:25:00,2026-05-15 01:42:00,2026-05-15 01:46:00,MSS,short,4687.3,4689.9,4687.3,4683.0,True,2026-05-15 01:45:00,4687.3,BE,0.0,-4.0,4
2026-05-15 02:55:00,2026-05-15 03:03:00,2026-05-15 03:06:00,MSS,long,4674.4,4672.3,4672.3,4677.9,False,,4672.3,SL,-2.1,-25.39,3
2026-05-15 07:10:00,2026-05-15 07:26:00,2026-05-15 07:28:00,MSS,short,4665.9,4667.8,4667.8,4662.9,False,,4667.8,SL,-1.9,-22.72,2
2026-05-15 07:25:00,2026-05-15 07:31:00,2026-05-15 07:31:00,MSS,long,4663.2,4659.6,4659.6,4669.0,False,,4659.6,SL,-3.6,-39.91,0
2026-05-15 08:55:00,2026-05-15 09:00:00,2026-05-15 09:01:00,MSS,long,4627.1,4621.8,4627.1,4635.8,True,2026-05-15 09:00:00,4627.1,BE,0.0,-4.0,1
2026-05-15 09:05:00,2026-05-15 09:20:00,2026-05-15 09:29:00,MSS,short,4628.0,4636.7,4628.0,4613.8,True,2026-05-15 09:21:00,4613.8,TP,14.2,137.52,9
2026-05-15 10:40:00,2026-05-15 10:46:00,2026-05-15 10:51:00,MSS,long,4616.7,4613.5,4616.7,4622.0,True,2026-05-15 10:47:00,4616.7,BE,0.0,-4.0,5
2026-05-15 11:30:00,2026-05-15 11:42:00,2026-05-15 11:50:00,MSS,short,4620.4,4626.2,4620.4,4611.1,True,2026-05-15 11:44:00,4620.4,BE,0.0,-4.0,8
2026-05-15 12:05:00,2026-05-15 12:19:00,2026-05-15 12:21:00,MSS,long,4618.7,4614.4,4614.4,4625.6,False,,4614.4,SL,-4.3,-46.78,2
2026-05-15 12:40:00,2026-05-15 12:50:00,2026-05-15 13:01:00,MSS,short,4614.9,4619.0,4614.9,4608.3,True,2026-05-15 12:51:00,4608.3,TP,6.6,62.13,11
2026-05-15 13:45:00,2026-05-15 13:50:00,2026-05-15 13:52:00,BOS,short,4574.4,4579.8,4574.4,4565.7,True,2026-05-15 13:52:00,4574.4,BE,0.0,-4.0,2
2026-05-15 13:55:00,2026-05-15 14:06:00,2026-05-15 14:08:00,BOS,short,4570.9,4577.2,4570.9,4560.6,True,2026-05-15 14:08:00,4570.9,BE,0.0,-4.0,2
2026-05-15 14:40:00,2026-05-15 15:09:00,2026-05-15 15:10:00,MSS,short,4579.7,4584.9,4584.9,4571.2,False,,4584.9,SL,-5.2,-56.33,1
2026-05-15 15:10:00,2026-05-15 15:50:00,2026-05-15 16:01:00,MSS,long,4577.9,4569.8,4569.8,4591.0,False,,4569.8,SL,-8.1,-84.98,11
2026-05-15 16:40:00,2026-05-15 16:55:00,2026-05-15 16:58:00,MSS,long,4558.7,4553.2,4558.7,4567.5,True,2026-05-15 16:56:00,4558.7,BE,0.0,-4.0,3
2026-05-15 17:45:00,2026-05-15 18:02:00,2026-05-15 18:04:00,BOS,short,4552.8,4559.8,4552.8,4541.5,True,2026-05-15 18:03:00,4552.8,BE,0.0,-4.0,2
2026-05-15 18:50:00,2026-05-15 19:36:00,2026-05-15 20:01:00,BOS,long,4562.5,4553.6,4553.6,4576.8,False,,4553.6,SL,-8.9,-92.62,25
2026-05-15 20:10:00,2026-05-15 20:15:00,2026-05-15 20:16:00,BOS,short,4554.4,4557.5,4554.4,4549.3,True,2026-05-15 20:16:00,4554.4,BE,0.0,-4.0,1
2026-05-15 20:20:00,2026-05-15 20:30:00,2026-05-15 20:34:00,MSS,long,4554.4,4549.1,4554.4,4562.9,True,2026-05-15 20:33:00,4554.4,BE,0.0,-4.0,4
2026-05-15 21:35:00,2026-05-15 22:12:00,2026-05-15 22:15:00,MSS,short,4549.8,4561.8,4549.8,4530.3,True,2026-05-15 22:15:00,4549.8,BE,0.0,-4.0,3
2026-05-15 22:55:00,2026-05-15 23:02:00,2026-05-15 23:12:00,BOS,long,4558.0,4550.1,4558.0,4570.9,True,2026-05-15 23:05:00,4558.0,BE,0.0,-4.0,10
2026-05-16 00:05:00,2026-05-16 00:22:00,2026-05-16 00:25:00,BOS,short,4541.5,4546.5,4546.5,4533.3,False,,4546.5,SL,-5.0,-54.42,3
2026-05-16 01:20:00,2026-05-16 01:29:00,2026-05-16 01:40:00,BOS,long,4562.1,4558.4,4562.1,4568.0,True,2026-05-16 01:30:00,4568.0,TP,5.9,55.33,11
2026-05-16 02:10:00,2026-05-16 02:17:00,2026-05-16 02:18:00,BOS,long,4562.6,4560.2,4560.2,4566.6,False,,4560.2,SL,-2.4,-28.45,1
2026-05-16 02:15:00,2026-05-16 02:23:00,2026-05-16 02:30:00,MSS,short,4562.9,4566.6,4562.9,4556.9,True,2026-05-16 02:26:00,4562.9,BE,0.0,-4.0,7
2026-05-16 03:35:00,2026-05-16 03:50:00,2026-05-16 03:52:00,MSS,long,4555.1,4552.5,4555.1,4559.4,True,2026-05-16 03:51:00,4555.1,BE,0.0,-4.0,2
2026-05-18 09:20:00,2026-05-18 09:25:00,2026-05-18 09:26:00,MSS,long,4501.5,4495.5,4501.5,4511.3,True,2026-05-18 09:25:00,4511.3,TP,9.8,93.64,1
2026-05-18 11:40:00,2026-05-18 12:28:00,2026-05-18 13:03:00,BOS,long,4537.1,4528.1,4537.1,4551.7,True,2026-05-18 12:30:00,4537.1,BE,0.0,-4.0,35
2026-05-18 13:15:00,2026-05-18 13:40:00,2026-05-18 13:41:00,BOS,long,4542.8,4536.5,4542.8,4553.0,True,2026-05-18 13:40:00,4542.8,BE,0.0,-4.0,1
2026-05-18 13:55:00,2026-05-18 14:24:00,2026-05-18 14:32:00,MSS,short,4547.5,4556.3,4547.5,4533.2,True,2026-05-18 14:26:00,4547.5,BE,0.0,-4.0,8
2026-05-18 15:25:00,2026-05-18 15:50:00,2026-05-18 15:55:00,BOS,long,4546.9,4541.8,4546.9,4555.2,True,2026-05-18 15:54:00,4546.9,BE,0.0,-4.0,5
2026-05-18 16:30:00,2026-05-18 17:03:00,2026-05-18 17:03:00,BOS,long,4550.3,4546.1,4546.1,4557.0,False,,4546.1,SL,-4.2,-45.64,0
2026-05-18 18:05:00,2026-05-18 18:19:00,2026-05-18 18:32:00,BOS,short,4545.9,4549.0,4545.9,4540.8,True,2026-05-18 18:20:00,4540.8,TP,5.1,46.68,13
2026-05-18 18:30:00,2026-05-18 18:37:00,2026-05-18 18:40:00,BOS,short,4542.3,4546.2,4542.3,4536.0,True,2026-05-18 18:37:00,4542.3,BE,0.0,-4.0,3
2026-05-18 18:40:00,2026-05-18 18:53:00,2026-05-18 19:09:00,MSS,long,4540.0,4535.4,4540.0,4547.5,True,2026-05-18 18:54:00,4540.0,BE,0.0,-4.0,16
2026-05-18 21:30:00,2026-05-18 21:42:00,2026-05-18 21:44:00,BOS,long,4572.6,4565.4,4572.6,4584.3,True,2026-05-18 21:43:00,4572.6,BE,0.0,-4.0,2
2026-05-18 21:50:00,2026-05-18 22:01:00,2026-05-18 22:05:00,BOS,long,4575.2,4566.9,4566.9,4588.7,False,,4566.9,SL,-8.3,-87.28,4
2026-05-19 00:10:00,2026-05-19 00:25:00,2026-05-19 00:26:00,MSS,long,4547.8,4544.4,4544.4,4553.3,False,,4544.4,SL,-3.4,-38.0,1
2026-05-19 00:25:00,2026-05-19 00:37:00,2026-05-19 00:45:00,MSS,short,4548.4,4555.1,4548.4,4537.6,True,2026-05-19 00:42:00,4548.4,BE,0.0,-4.0,8
2026-05-19 01:00:00,2026-05-19 02:16:00,2026-05-19 03:03:00,BOS,long,4546.8,4537.6,4546.8,4561.7,True,2026-05-19 03:01:00,4561.7,TP,14.9,144.94,47
2026-05-19 07:00:00,2026-05-19 08:05:00,2026-05-19 08:06:00,BOS,long,4580.1,4576.7,4580.1,4585.7,True,2026-05-19 08:05:00,4585.7,TP,5.6,51.62,1
2026-05-19 09:30:00,2026-05-19 10:05:00,2026-05-19 10:07:00,MSS,long,4560.4,4557.3,4560.4,4565.3,True,2026-05-19 10:06:00,4560.4,BE,0.0,-4.0,2
2026-05-19 10:55:00,2026-05-19 11:39:00,2026-05-19 11:45:00,BOS,short,4557.2,4562.6,4557.2,4548.5,True,2026-05-19 11:40:00,4548.5,TP,8.7,83.14,6
2026-05-19 12:10:00,2026-05-19 12:20:00,2026-05-19 12:26:00,MSS,short,4546.2,4548.8,4546.2,4541.9,True,2026-05-19 12:21:00,4541.9,TP,4.3,38.64,6
2026-05-19 13:00:00,2026-05-19 13:08:00,2026-05-19 13:09:00,MSS,long,4543.7,4540.9,4543.7,4548.2,True,2026-05-19 13:08:00,4548.2,TP,4.5,41.11,1
2026-05-19 13:20:00,2026-05-19 13:29:00,2026-05-19 13:31:00,MSS,short,4543.4,4549.8,4543.4,4533.0,True,2026-05-19 13:30:00,4543.4,BE,0.0,-4.0,2
2026-05-19 14:45:00,2026-05-19 14:55:00,2026-05-19 15:05:00,MSS,short,4552.4,4556.1,4552.4,4546.3,True,2026-05-19 14:56:00,4552.4,BE,0.0,-4.0,10
2026-05-19 15:05:00,2026-05-19 15:11:00,2026-05-19 15:13:00,MSS,long,4551.9,4547.5,4551.9,4558.9,True,2026-05-19 15:12:00,4551.9,BE,0.0,-4.0,2
2026-05-19 15:40:00,2026-05-19 15:46:00,2026-05-19 15:46:00,MSS,short,4549.8,4553.0,4553.0,4544.6,False,,4553.0,SL,-3.2,-36.09,0
2026-05-19 15:45:00,2026-05-19 16:08:00,2026-05-19 16:11:00,MSS,long,4549.6,4544.6,4549.6,4557.8,True,2026-05-19 16:11:00,4549.6,BE,0.0,-4.0,3
2026-05-19 16:20:00,2026-05-19 16:35:00,2026-05-19 16:45:00,MSS,short,4547.9,4551.5,4547.9,4542.2,True,2026-05-19 16:37:00,4547.9,BE,0.0,-4.0,10
2026-05-19 18:40:00,2026-05-19 18:55:00,2026-05-19 18:58:00,BOS,short,4539.6,4546.6,4546.6,4528.4,False,,4546.6,SL,-7.0,-73.52,3
2026-05-19 19:50:00,2026-05-19 20:08:00,2026-05-19 20:10:00,MSS,short,4543.4,4547.1,4547.1,4537.5,False,,4547.1,SL,-3.7,-40.67,2
2026-05-19 22:10:00,2026-05-19 23:18:00,2026-05-19 23:31:00,MSS,short,4508.5,4517.1,4508.5,4494.5,True,2026-05-19 23:19:00,4508.5,BE,0.0,-4.0,13
2026-05-19 23:55:00,2026-05-20 00:05:00,2026-05-20 00:07:00,BOS,long,4507.1,4503.7,4503.7,4512.7,False,,4503.7,SL,-3.4,-38.38,2
2026-05-20 00:05:00,2026-05-20 00:24:00,2026-05-20 00:26:00,MSS,short,4508.7,4513.7,4513.7,4500.6,False,,4513.7,SL,-5.0,-54.04,2
2026-05-20 01:10:00,2026-05-20 01:20:00,2026-05-20 01:24:00,MSS,long,4511.0,4508.7,4508.7,4514.6,False,,4508.7,SL,-2.3,-26.54,4
2026-05-20 01:20:00,2026-05-20 01:29:00,2026-05-20 01:31:00,MSS,short,4511.5,4514.7,4511.5,4506.4,True,2026-05-20 01:29:00,4511.5,BE,0.0,-4.0,2
2026-05-20 02:05:00,2026-05-20 02:14:00,2026-05-20 02:16:00,MSS,long,4504.4,4502.5,4504.4,4507.4,True,2026-05-20 02:15:00,4504.4,BE,0.0,-4.0,2
2026-05-20 02:20:00,2026-05-20 02:42:00,2026-05-20 02:53:00,MSS,short,4504.1,4507.4,4504.1,4498.7,True,2026-05-20 02:42:00,4498.7,TP,5.4,49.77,11
2026-05-20 07:15:00,2026-05-20 08:00:00,2026-05-20 08:02:00,BOS,long,4486.4,4482.9,4486.4,4492.0,True,2026-05-20 08:01:00,4492.0,TP,5.6,52.24,2
2026-05-20 11:05:00,2026-05-20 11:16:00,2026-05-20 11:22:00,BOS,short,4463.9,4469.4,4463.9,4454.9,True,2026-05-20 11:21:00,4463.9,BE,0.0,-4.0,6
2026-05-20 12:00:00,2026-05-20 12:27:00,2026-05-20 12:32:00,MSS,long,4464.6,4459.8,4464.6,4472.3,True,2026-05-20 12:27:00,4464.6,BE,0.0,-4.0,5
2026-05-20 12:45:00,2026-05-20 12:51:00,2026-05-20 13:00:00,MSS,short,4465.1,4469.2,4465.1,4458.5,True,2026-05-20 12:52:00,4465.1,BE,0.0,-4.0,9
2026-05-20 13:30:00,2026-05-20 13:44:00,2026-05-20 13:47:00,BOS,long,4474.2,4469.5,4469.5,4481.8,False,,4469.5,SL,-4.7,-50.99,3
2026-05-20 13:45:00,2026-05-20 13:56:00,2026-05-20 14:00:00,MSS,short,4475.5,4481.8,4475.5,4465.4,True,2026-05-20 13:59:00,4475.5,BE,0.0,-4.0,4
2026-05-20 14:30:00,2026-05-20 14:49:00,2026-05-20 14:51:00,BOS,short,4476.2,4480.9,4480.9,4468.7,False,,4480.9,SL,-4.7,-50.6,2
2026-05-20 15:05:00,2026-05-20 15:23:00,2026-05-20 15:30:00,MSS,long,4478.7,4473.9,4478.7,4486.4,True,2026-05-20 15:24:00,4486.4,TP,7.7,73.25,7
2026-05-20 16:25:00,2026-05-20 16:35:00,2026-05-20 16:40:00,BOS,long,4484.0,4480.8,4484.0,4489.2,True,2026-05-20 16:38:00,4484.0,BE,0.0,-4.0,5
2026-05-20 17:25:00,2026-05-20 17:32:00,2026-05-20 17:39:00,MSS,short,4481.9,4486.1,4486.1,4475.2,False,,4486.1,SL,-4.2,-45.64,7
2026-05-20 17:50:00,2026-05-20 17:59:00,2026-05-20 18:07:00,MSS,long,4487.8,4484.3,4487.8,4493.4,True,2026-05-20 18:01:00,4493.4,TP,5.6,52.24,8
2026-05-20 19:15:00,2026-05-20 19:23:00,2026-05-20 19:24:00,MSS,short,4497.1,4499.0,4497.1,4494.1,True,2026-05-20 19:24:00,4497.1,BE,0.0,-4.0,1
2026-05-20 19:25:00,2026-05-20 19:42:00,2026-05-20 19:48:00,MSS,long,4497.4,4493.5,4497.4,4503.7,True,2026-05-20 19:47:00,4497.4,BE,0.0,-4.0,6
2026-05-20 20:30:00,2026-05-20 20:56:00,2026-05-20 21:01:00,BOS,long,4499.8,4495.2,4499.8,4507.2,True,2026-05-20 21:00:00,4499.8,BE,0.0,-4.0,5
2026-05-20 22:00:00,2026-05-20 22:16:00,2026-05-20 22:16:00,BOS,short,4490.5,4495.0,4495.0,4483.2,False,,4495.0,SL,-4.5,-49.08,0
2026-05-20 23:15:00,2026-05-20 23:25:00,2026-05-20 23:43:00,BOS,long,4538.3,4526.5,4538.3,4557.5,True,2026-05-20 23:39:00,4538.3,BE,0.0,-4.0,18
2026-05-21 00:20:00,2026-05-21 00:42:00,2026-05-21 00:43:00,MSS,short,4534.3,4538.5,4534.3,4527.5,True,2026-05-21 00:43:00,4534.3,BE,0.0,-4.0,1
2026-05-21 01:25:00,2026-05-21 01:30:00,2026-05-21 01:32:00,MSS,short,4538.1,4540.5,4538.1,4534.2,True,2026-05-21 01:31:00,4534.2,TP,3.9,34.93,2
2026-05-21 03:15:00,2026-05-21 03:23:00,2026-05-21 03:30:00,BOS,long,4546.4,4544.7,4546.4,4549.2,True,2026-05-21 03:23:00,4549.2,TP,2.8,23.81,7
2026-05-21 03:35:00,2026-05-21 03:44:00,2026-05-21 03:46:00,BOS,long,4549.1,4546.2,4549.1,4553.7,True,2026-05-21 03:45:00,4549.1,BE,0.0,-4.0,2
2026-05-21 07:20:00,2026-05-21 07:30:00,2026-05-21 07:31:00,BOS,short,4540.0,4541.6,4540.0,4537.3,True,2026-05-21 07:30:00,4540.0,BE,0.0,-4.0,1
2026-05-21 08:15:00,2026-05-21 08:20:00,2026-05-21 08:24:00,BOS,long,4546.1,4540.7,4540.7,4554.9,False,,4540.7,SL,-5.4,-58.24,4
2026-05-21 11:50:00,2026-05-21 12:02:00,2026-05-21 12:05:00,BOS,short,4534.2,4537.9,4534.2,4528.1,True,2026-05-21 12:03:00,4534.2,BE,0.0,-4.0,3
2026-05-21 12:20:00,2026-05-21 13:09:00,2026-05-21 13:10:00,MSS,long,4532.1,4528.1,4532.1,4538.5,True,2026-05-21 13:09:00,4532.1,BE,0.0,-4.0,1
2026-05-21 15:25:00,2026-05-21 15:50:00,2026-05-21 16:04:00,BOS,short,4520.5,4525.0,4525.0,4513.3,False,,4525.0,SL,-4.5,-48.69,14
2026-05-21 17:10:00,2026-05-21 17:33:00,2026-05-21 17:36:00,BOS,long,4536.3,4532.9,4536.3,4541.7,True,2026-05-21 17:35:00,4536.3,BE,0.0,-4.0,3
2026-05-21 18:00:00,2026-05-21 18:07:00,2026-05-21 18:08:00,MSS,long,4532.2,4530.7,4532.2,4534.7,True,2026-05-21 18:08:00,4532.2,BE,0.0,-4.0,1
2026-05-21 19:30:00,2026-05-21 19:51:00,2026-05-21 20:06:00,BOS,short,4518.1,4522.4,4518.1,4511.1,True,2026-05-21 19:54:00,4518.1,BE,0.0,-4.0,15
2026-05-21 20:05:00,2026-05-21 20:13:00,2026-05-21 20:15:00,MSS,long,4514.7,4511.8,4514.7,4519.5,True,2026-05-21 20:14:00,4514.7,BE,0.0,-4.0,2
2026-05-21 20:15:00,2026-05-21 20:33:00,2026-05-21 20:34:00,MSS,short,4516.5,4520.3,4516.5,4510.3,True,2026-05-21 20:33:00,4516.5,BE,0.0,-4.0,1
2026-05-21 21:15:00,2026-05-21 21:51:00,2026-05-21 21:52:00,BOS,short,4507.3,4513.8,4513.8,4496.9,False,,4513.8,SL,-6.5,-68.56,1
2026-05-21 21:50:00,2026-05-21 22:16:00,2026-05-21 22:20:00,MSS,long,4501.4,4488.5,4501.4,4522.2,True,2026-05-21 22:17:00,4501.4,BE,0.0,-4.0,4
2026-05-22 03:50:00,2026-05-22 03:56:00,2026-05-22 03:56:00,MSS,short,4541.0,4544.5,4544.5,4535.4,False,,4544.5,SL,-3.5,-38.76,0
2026-05-22 08:35:00,2026-05-22 08:47:00,2026-05-22 08:50:00,MSS,long,4535.2,4530.8,4535.2,4542.2,True,2026-05-22 08:48:00,4535.2,BE,0.0,-4.0,3
2026-05-22 08:50:00,2026-05-22 09:01:00,2026-05-22 09:05:00,MSS,short,4536.9,4542.2,4536.9,4528.2,True,2026-05-22 09:01:00,4528.2,TP,8.7,82.52,4
2026-05-22 09:05:00,2026-05-22 09:15:00,2026-05-22 09:18:00,BOS,short,4532.5,4537.6,4532.5,4524.2,True,2026-05-22 09:16:00,4532.5,BE,0.0,-4.0,3
2026-05-22 10:30:00,2026-05-22 10:49:00,2026-05-22 11:32:00,BOS,short,4526.3,4530.5,4526.3,4519.6,True,2026-05-22 10:52:00,4526.3,BE,0.0,-4.0,43
2026-05-22 12:25:00,2026-05-22 12:35:00,2026-05-22 12:37:00,BOS,long,4530.4,4528.3,4528.3,4533.9,False,,4528.3,SL,-2.1,-25.39,2
2026-05-22 13:00:00,2026-05-22 13:06:00,2026-05-22 13:17:00,BOS,short,4528.7,4531.2,4528.7,4524.6,True,2026-05-22 13:07:00,4524.6,TP,4.1,36.79,11
2026-05-22 13:35:00,2026-05-22 13:55:00,2026-05-22 13:55:00,MSS,long,4529.4,4525.9,4525.9,4535.0,False,,4525.9,SL,-3.5,-38.76,0
2026-05-22 13:55:00,2026-05-22 14:13:00,2026-05-22 14:23:00,MSS,short,4525.0,4535.4,4525.0,4508.3,True,2026-05-22 14:15:00,4525.0,BE,0.0,-4.0,10
2026-05-22 15:35:00,2026-05-22 16:01:00,2026-05-22 16:10:00,BOS,short,4524.2,4528.2,4528.2,4517.7,False,,4528.2,SL,-4.0,-44.11,9
2026-05-22 17:10:00,2026-05-22 17:38:00,2026-05-22 17:41:00,BOS,short,4522.8,4526.2,4526.2,4517.3,False,,4526.2,SL,-3.4,-38.0,3
2026-05-22 19:00:00,2026-05-22 19:10:00,2026-05-22 19:17:00,MSS,long,4514.8,4513.1,4514.8,4517.5,True,2026-05-22 19:10:00,4514.8,BE,0.0,-4.0,7
2026-05-22 20:10:00,2026-05-22 20:27:00,2026-05-22 20:32:00,BOS,long,4523.7,4519.0,4519.0,4531.4,False,,4519.0,SL,-4.7,-51.37,5
2026-05-23 00:20:00,2026-05-23 00:41:00,2026-05-23 00:42:00,BOS,long,4519.3,4517.8,4519.3,4521.8,True,2026-05-23 00:41:00,4519.3,BE,0.0,-4.0,1
2026-05-23 00:40:00,2026-05-23 01:10:00,2026-05-23 01:28:00,MSS,short,4522.4,4528.8,4522.4,4512.1,True,2026-05-23 01:16:00,4522.4,BE,0.0,-4.0,18
2026-05-23 01:25:00,2026-05-23 02:00:00,2026-05-23 02:04:00,MSS,long,4519.5,4514.5,4514.5,4527.6,False,,4514.5,SL,-5.0,-54.04,4
2026-05-23 02:00:00,2026-05-23 02:39:00,2026-05-23 03:02:00,MSS,short,4521.0,4525.9,4521.0,4513.2,True,2026-05-23 02:40:00,4513.2,TP,7.8,74.49,23
2026-05-23 03:35:00,2026-05-23 03:53:00,2026-05-23 04:00:00,MSS,long,4508.1,4505.9,4508.1,4511.6,True,2026-05-23 03:53:00,4508.1,BE,0.0,-4.0,7
2026-05-25 08:45:00,2026-05-25 08:52:00,2026-05-25 08:55:00,BOS,long,4575.8,4572.2,4572.2,4581.6,False,,4572.2,SL,-3.6,-39.91,3
2026-05-25 08:55:00,2026-05-25 09:00:00,2026-05-25 09:07:00,MSS,short,4576.0,4581.6,4576.0,4566.9,True,2026-05-25 09:00:00,4566.9,TP,9.1,86.85,7
2026-05-25 09:05:00,2026-05-25 09:23:00,2026-05-25 09:27:00,BOS,short,4571.8,4578.1,4571.8,4561.5,True,2026-05-25 09:26:00,4571.8,BE,0.0,-4.0,4
2026-05-25 10:05:00,2026-05-25 10:13:00,2026-05-25 10:16:00,MSS,long,4564.6,4561.7,4561.7,4569.3,False,,4561.7,SL,-2.9,-33.03,3
2026-05-25 10:40:00,2026-05-25 10:48:00,2026-05-25 10:54:00,BOS,long,4563.8,4559.6,4563.8,4570.7,True,2026-05-25 10:50:00,4563.8,BE,0.0,-4.0,6
2026-05-25 11:40:00,2026-05-25 12:02:00,2026-05-25 12:05:00,MSS,short,4562.5,4565.1,4562.5,4558.4,True,2026-05-25 12:05:00,4562.5,BE,0.0,-4.0,3
2026-05-25 12:25:00,2026-05-25 12:33:00,2026-05-25 12:38:00,MSS,long,4562.9,4560.5,4560.5,4566.7,False,,4560.5,SL,-2.4,-27.68,5
2026-05-25 13:00:00,2026-05-25 13:20:00,2026-05-25 13:21:00,BOS,long,4563.0,4560.4,4560.4,4567.3,False,,4560.4,SL,-2.6,-30.36,1
2026-05-25 14:45:00,2026-05-25 15:18:00,2026-05-25 15:18:00,BOS,long,4556.7,4554.5,4554.5,4560.3,False,,4554.5,SL,-2.2,-26.16,0
2026-05-25 15:45:00,2026-05-25 16:24:00,2026-05-25 16:36:00,BOS,long,4557.2,4553.2,4557.2,4563.6,True,2026-05-25 16:30:00,4557.2,BE,0.0,-4.0,12
2026-05-25 19:15:00,2026-05-25 19:25:00,2026-05-25 19:38:00,BOS,long,4572.5,4569.4,4572.5,4577.5,True,2026-05-25 19:29:00,4577.5,TP,5.0,46.06,13
2026-05-25 19:35:00,2026-05-25 19:49:00,2026-05-25 19:59:00,BOS,long,4573.9,4571.2,4571.2,4578.2,False,,4571.2,SL,-2.7,-30.74,10
2026-05-25 22:20:00,2026-05-25 22:28:00,2026-05-25 22:30:00,BOS,long,4569.9,4568.6,4568.6,4572.0,False,,4568.6,SL,-1.3,-16.99,2
2026-05-25 22:50:00,2026-05-25 23:00:00,2026-05-25 23:00:00,MSS,short,4569.1,4570.2,4570.2,4567.2,False,,4570.2,SL,-1.1,-15.46,0
2026-05-25 23:10:00,2026-05-25 23:16:00,2026-05-25 23:25:00,MSS,long,4570.2,4566.9,4570.2,4575.5,True,2026-05-25 23:19:00,4575.5,TP,5.3,49.15,9
2026-05-26 01:00:00,2026-05-26 01:23:00,2026-05-26 01:26:00,BOS,long,4575.1,4572.7,4572.7,4578.9,False,,4572.7,SL,-2.4,-27.68,3
2026-05-26 07:10:00,2026-05-26 07:21:00,2026-05-26 07:24:00,BOS,long,4578.1,4575.7,4575.7,4582.0,False,,4575.7,SL,-2.4,-28.07,3
2026-05-26 08:15:00,2026-05-26 08:27:00,2026-05-26 08:43:00,BOS,short,4549.7,4554.4,4549.7,4542.2,True,2026-05-26 08:38:00,4549.7,BE,0.0,-4.0,16
2026-05-26 08:50:00,2026-05-26 08:56:00,2026-05-26 08:59:00,BOS,short,4547.7,4552.6,4547.7,4539.9,True,2026-05-26 08:58:00,4547.7,BE,0.0,-4.0,3
2026-05-26 10:05:00,2026-05-26 10:10:00,2026-05-26 10:11:00,MSS,long,4539.9,4539.9,4539.9,4539.9,True,2026-05-26 10:10:00,4539.6,BE,-0.3,-7.0,1
2026-05-26 10:30:00,2026-05-26 10:36:00,2026-05-26 10:42:00,MSS,short,4538.1,4540.1,4538.1,4534.8,True,2026-05-26 10:41:00,4538.1,BE,0.0,-4.0,6
2026-05-26 10:45:00,2026-05-26 11:01:00,2026-05-26 11:07:00,BOS,short,4536.5,4539.5,4536.5,4531.6,True,2026-05-26 11:02:00,4536.5,BE,0.0,-4.0,6
2026-05-26 13:30:00,2026-05-26 13:40:00,2026-05-26 13:41:00,BOS,long,4531.2,4529.2,4529.2,4534.5,False,,4529.2,SL,-2.0,-24.25,1
2026-05-26 13:45:00,2026-05-26 14:05:00,2026-05-26 14:07:00,MSS,short,4532.1,4535.5,4532.1,4526.6,True,2026-05-26 14:05:00,4532.1,BE,0.0,-4.0,2
2026-05-26 14:20:00,2026-05-26 14:28:00,2026-05-26 14:28:00,MSS,long,4531.7,4529.5,4529.5,4535.2,False,,4529.5,SL,-2.2,-25.77,0
2026-05-26 15:05:00,2026-05-26 15:48:00,2026-05-26 15:50:00,MSS,short,4531.8,4534.3,4534.3,4527.8,False,,4534.3,SL,-2.5,-28.83,2
2026-05-26 17:10:00,2026-05-26 17:17:00,2026-05-26 17:19:00,MSS,short,4523.1,4525.4,4525.4,4519.3,False,,4525.4,SL,-2.3,-27.3,2
2026-05-26 17:35:00,2026-05-26 17:59:00,2026-05-26 18:01:00,BOS,short,4522.7,4526.7,4522.7,4516.2,True,2026-05-26 18:01:00,4522.7,BE,0.0,-4.0,2
2026-05-26 22:10:00,2026-05-26 22:22:00,2026-05-26 22:32:00,BOS,short,4516.4,4521.3,4521.3,4508.4,False,,4521.3,SL,-4.9,-53.28,10
2026-05-26 22:35:00,2026-05-26 22:55:00,2026-05-26 23:03:00,MSS,long,4515.0,4508.4,4508.4,4525.6,False,,4508.4,SL,-6.6,-69.7,8
2026-05-26 23:50:00,2026-05-27 00:03:00,2026-05-27 00:06:00,BOS,long,4505.7,4502.3,4505.7,4511.2,True,2026-05-27 00:04:00,4505.7,BE,0.0,-4.0,3
2026-05-27 00:10:00,2026-05-27 00:19:00,2026-05-27 00:24:00,MSS,short,4506.5,4511.2,4506.5,4498.8,True,2026-05-27 00:20:00,4506.5,BE,0.0,-4.0,5
2026-05-27 01:55:00,2026-05-27 02:31:00,2026-05-27 03:16:00,BOS,short,4495.9,4501.2,4501.2,4487.2,False,,4501.2,SL,-5.3,-57.48,45
2026-05-27 08:20:00,2026-05-27 08:46:00,2026-05-27 08:54:00,MSS,short,4521.9,4525.8,4521.9,4515.6,True,2026-05-27 08:48:00,4515.6,TP,6.3,59.04,8
2026-05-27 08:55:00,2026-05-27 09:10:00,2026-05-27 09:12:00,BOS,short,4518.9,4522.0,4518.9,4514.0,True,2026-05-27 09:11:00,4518.9,BE,0.0,-4.0,2
2026-05-27 09:10:00,2026-05-27 09:19:00,2026-05-27 09:23:00,MSS,long,4515.2,4512.0,4515.2,4520.5,True,2026-05-27 09:20:00,4520.5,TP,5.3,48.53,4
2026-05-27 10:35:00,2026-05-27 10:52:00,2026-05-27 10:57:00,BOS,short,4503.0,4505.3,4505.3,4499.3,False,,4505.3,SL,-2.3,-26.92,5
2026-05-27 11:00:00,2026-05-27 11:36:00,2026-05-27 11:51:00,MSS,long,4502.0,4497.3,4502.0,4509.7,True,2026-05-27 11:41:00,4502.0,BE,0.0,-4.0,15
2026-05-27 11:55:00,2026-05-27 12:08:00,2026-05-27 12:11:00,MSS,short,4501.2,4504.7,4501.2,4495.5,True,2026-05-27 12:09:00,4501.2,BE,0.0,-4.0,3
2026-05-27 12:25:00,2026-05-27 12:34:00,2026-05-27 12:39:00,BOS,short,4500.7,4502.2,4500.7,4498.3,True,2026-05-27 12:34:00,4500.7,BE,0.0,-4.0,5
2026-05-27 15:10:00,2026-05-27 15:23:00,2026-05-27 15:24:00,BOS,short,4484.7,4487.9,4487.9,4479.4,False,,4487.9,SL,-3.2,-36.47,1
2026-05-27 15:45:00,2026-05-27 16:01:00,2026-05-27 16:18:00,BOS,short,4483.6,4487.9,4487.9,4476.7,False,,4487.9,SL,-4.3,-46.78,17
2026-05-27 16:15:00,2026-05-27 16:32:00,2026-05-27 16:36:00,MSS,long,4485.0,4482.3,4485.0,4489.4,True,2026-05-27 16:33:00,4489.4,TP,4.4,39.88,4
2026-05-27 16:40:00,2026-05-27 17:06:00,2026-05-27 17:13:00,BOS,long,4488.7,4484.7,4488.7,4495.2,True,2026-05-27 17:12:00,4488.6,BE,-0.1,-5.11,7
2026-05-27 17:50:00,2026-05-27 18:00:00,2026-05-27 18:00:00,BOS,long,4488.6,4486.8,4486.8,4491.6,False,,4486.8,SL,-1.8,-22.34,0
2026-05-27 19:55:00,2026-05-27 20:03:00,2026-05-27 20:07:00,BOS,short,4434.4,4442.0,4434.4,4422.1,True,2026-05-27 20:03:00,4434.4,BE,0.0,-4.0,4
2026-05-27 20:15:00,2026-05-27 20:58:00,2026-05-27 21:05:00,MSS,long,4436.0,4426.2,4426.2,4451.8,False,,4426.2,SL,-9.8,-101.79,7
2026-05-27 21:25:00,2026-05-27 21:31:00,2026-05-27 21:33:00,BOS,short,4411.3,4419.2,4419.2,4398.4,False,,4419.2,SL,-7.9,-83.46,2
2026-05-28 01:00:00,2026-05-28 01:05:00,2026-05-28 01:07:00,MSS,short,4449.1,4451.4,4449.1,4445.5,True,2026-05-28 01:06:00,4445.5,TP,3.6,32.46,2
2026-05-28 01:05:00,2026-05-28 01:29:00,2026-05-28 01:31:00,BOS,short,4447.3,4451.4,4451.4,4440.6,False,,4451.4,SL,-4.1,-45.26,2
2026-05-28 02:00:00,2026-05-28 02:17:00,2026-05-28 02:20:00,MSS,short,4450.8,4452.9,4452.9,4447.3,False,,4452.9,SL,-2.1,-25.39,3
2026-05-28 02:20:00,2026-05-28 02:37:00,2026-05-28 03:04:00,MSS,long,4450.2,4446.0,4450.2,4457.0,True,2026-05-28 02:40:00,4450.2,BE,0.0,-4.0,27
2026-05-28 03:15:00,2026-05-28 03:23:00,2026-05-28 03:32:00,MSS,short,4451.4,4453.5,4451.4,4447.9,True,2026-05-28 03:25:00,4451.4,BE,0.0,-4.0,9
2026-05-28 03:35:00,2026-05-28 03:51:00,2026-05-28 03:58:00,MSS,long,4450.2,4448.1,4448.1,4453.6,False,,4448.1,SL,-2.1,-25.01,7
2026-05-28 07:20:00,2026-05-28 07:39:00,2026-05-28 07:45:00,BOS,short,4450.2,4451.8,4450.2,4447.5,True,2026-05-28 07:41:00,4447.5,TP,2.7,22.57,5
2026-05-28 07:45:00,2026-05-28 08:02:00,2026-05-28 08:14:00,BOS,short,4448.4,4450.8,4448.4,4444.5,True,2026-05-28 08:03:00,4444.5,TP,3.9,34.93,7
2026-05-28 12:55:00,2026-05-28 13:06:00,2026-05-28 13:09:00,BOS,long,4368.3,4366.7,4368.3,4371.0,True,2026-05-28 13:06:00,4368.3,BE,0.0,-4.0,2
2026-05-28 15:15:00,2026-05-28 15:38:00,2026-05-28 15:40:00,BOS,long,4387.3,4385.6,4385.6,4390.0,False,,4385.6,SL,-1.7,-20.81,2
2026-05-28 17:00:00,2026-05-28 17:11:00,2026-05-28 17:21:00,MSS,long,4385.1,4383.3,4385.1,4388.1,True,2026-05-28 17:14:00,4389.8,TP,4.7,42.66,3
2026-05-28 19:15:00,2026-05-28 19:25:00,2026-05-28 19:29:00,MSS,long,4385.6,4384.0,4384.0,4388.3,False,,4382.6,SL,-3.0,-34.43,1
2026-05-28 19:25:00,2026-05-28 19:37:00,2026-05-28 19:40:00,MSS,short,4386.1,4388.3,4386.1,4382.6,True,2026-05-28 19:39:00,4388.0,BE,-1.9,-22.77,3
2026-05-28 20:15:00,2026-05-28 20:30:00,2026-05-28 20:31:00,MSS,short,4389.1,4391.0,4391.0,4386.0,False,,4391.3,SL,-2.2,-26.1,1
2026-05-28 21:30:00,2026-05-28 21:46:00,2026-05-28 21:47:00,MSS,short,4425.9,4431.6,4425.9,4416.6,True,2026-05-28 21:47:00,4425.9,BE,0.0,-4.0,1
