time,kind,direction,entry,sl,tp,wave_start,wave_end,wave_start_bar
2025-10-07 21:30:00,MSS,long,3966.3,3961.1,3974.7,3961.1,3974.7,6
2025-10-08 10:35:00,BOS,long,3991.7,3985.3,4002.1,3985.3,4002.1,11
2025-10-08 21:15:00,BOS,long,4035.9,4033.0,4040.5,4033.0,4040.5,18
2025-10-09 00:10:00,BOS,long,4042.1,4038.5,4048.0,4038.5,4048.0,20
2025-10-09 03:30:00,MSS,short,4043.7,4048.0,4036.7,4048.0,4036.7,21
2025-10-10 00:35:00,BOS,short,4010.5,4029.4,3980.0,4029.4,3980.0,25
2025-10-10 17:40:00,MSS,long,3972.6,3962.8,3988.5,3962.8,3988.5,32
2025-10-10 22:05:00,MSS,short,3978.7,3982.4,3972.7,3982.4,3972.7,35
2025-10-14 03:05:00,MSS,long,4017.5,3972.7,4090.0,3972.7,4090.0,36
2025-10-14 11:15:00,BOS,long,4127.8,4114.8,4148.9,4114.8,4148.9,39
2025-10-14 14:10:00,MSS,short,4142.8,4168.1,4102.0,4168.1,4102.0,44
2025-10-15 14:50:00,MSS,long,4136.3,4102.0,4191.9,4102.0,4191.9,46
2025-10-17 21:35:00,MSS,short,4287.9,4299.0,4270.0,4299.0,4270.0,57
2025-10-18 00:30:00,BOS,short,4227.4,4244.3,4200.0,4244.3,4200.0,60
2025-10-21 01:15:00,MSS,long,4263.8,4216.4,4340.6,4216.4,4340.6,66
2025-10-21 21:05:00,MSS,short,4285.0,4340.6,4195.0,4340.6,4195.0,67
2025-10-22 11:25:00,BOS,short,4113.7,4117.0,4108.3,4117.0,4108.3,78
2025-10-22 13:50:00,MSS,long,4117.0,4108.3,4131.2,4108.3,4131.2,79
2025-10-22 16:10:00,MSS,short,4115.3,4135.7,4082.2,4135.7,4082.2,82
2025-10-22 16:30:00,MSS,long,4101.6,4097.7,4107.9,4097.7,4107.9,86
2025-10-22 16:40:00,MSS,short,4100.2,4107.9,4087.7,4107.9,4087.7,87
2025-10-22 22:50:00,BOS,short,4046.4,4069.6,4008.8,4069.6,4008.8,90
2025-10-24 15:50:00,MSS,long,4032.6,4008.8,4071.0,4008.8,4071.0,91
2025-10-27 07:20:00,BOS,long,4070.2,4066.0,4077.0,4066.0,4077.0,94
2025-10-27 16:55:00,MSS,short,4057.6,4079.8,4021.8,4079.8,4021.8,96
2025-10-28 14:15:00,BOS,short,3983.6,4003.0,3952.3,4003.0,3952.3,102
2025-10-30 08:00:00,MSS,long,3925.6,3895.0,3975.0,3895.0,3975.0,105
2025-10-30 08:35:00,MSS,short,3970.2,3977.0,3959.3,3977.0,3959.3,111
2025-10-30 10:00:00,BOS,short,3962.7,3970.8,3949.6,3970.8,3949.6,128
2025-10-30 10:45:00,BOS,short,3948.7,3953.9,3940.2,3953.9,3940.2,138
2025-10-30 11:55:00,MSS,long,3944.5,3941.1,3949.9,3941.1,3949.9,153
2025-10-30 12:10:00,BOS,long,3950.2,3946.7,3955.8,3946.7,3955.8,156
2025-10-30 13:10:00,MSS,short,3984.9,3991.5,3974.2,3991.5,3974.2,167
2025-10-30 14:55:00,MSS,long,3977.0,3969.1,3989.8,3969.1,3989.8,186
2025-10-30 15:15:00,MSS,short,3985.0,3988.2,3979.7,3988.2,3979.7,193
2025-10-30 16:15:00,MSS,long,3973.4,3966.8,3984.2,3966.8,3984.2,202
2025-10-30 17:45:00,MSS,short,4014.7,4019.6,4006.8,4019.6,4006.8,222
2025-10-30 18:20:00,BOS,short,4005.9,4013.3,3993.9,4013.3,3993.9,227
2025-10-30 19:15:00,BOS,short,3992.5,3998.6,3982.6,3998.6,3982.6,238
2025-10-30 20:00:00,MSS,long,3986.5,3982.0,3993.8,3982.0,3993.8,249
2025-10-30 20:25:00,MSS,short,3991.7,3997.7,3982.1,3997.7,3982.1,254
2025-10-30 20:55:00,BOS,short,3984.9,3992.8,3972.1,3992.8,3972.1,259
2025-10-30 21:35:00,BOS,short,3985.4,3991.2,3976.0,3991.2,3976.0,269
2025-10-30 21:50:00,MSS,long,3984.8,3974.0,4002.4,3974.0,4002.4,271
2025-10-30 23:10:00,BOS,long,4008.0,4001.5,4018.5,4001.5,4018.5,288
2025-10-30 23:40:00,BOS,long,4011.9,4007.4,4019.3,4007.4,4019.3,292
2025-10-30 23:55:00,MSS,short,4019.2,4022.2,4014.3,4022.2,4014.3,296
2025-10-31 01:10:00,BOS,short,4013.8,4017.3,4008.1,4017.3,4008.1,311
2025-10-31 01:30:00,MSS,long,4012.7,4007.8,4020.7,4007.8,4020.7,314
2025-10-31 02:20:00,BOS,long,4018.2,4015.8,4022.0,4015.8,4022.0,326
2025-10-31 03:00:00,BOS,long,4025.2,4019.7,4034.0,4019.7,4034.0,331
2025-10-31 04:00:00,BOS,long,4035.6,4032.1,4041.3,4032.1,4041.3,346
2025-10-31 04:20:00,MSS,short,4037.4,4041.3,4031.1,4041.3,4031.1,347
2025-10-31 06:30:00,MSS,long,4034.1,4029.9,4040.9,4029.9,4040.9,363
2025-10-31 06:45:00,BOS,long,4037.8,4034.9,4042.4,4034.9,4042.4,367
2025-10-31 07:30:00,BOS,long,4037.7,4031.4,4047.8,4031.4,4047.8,373
2025-10-31 08:25:00,MSS,short,4043.6,4047.2,4037.8,4047.2,4037.8,385
2025-10-31 08:55:00,BOS,short,4040.3,4043.2,4035.5,4043.2,4035.5,393
2025-10-31 09:05:00,MSS,long,4038.0,4031.4,4048.7,4031.4,4048.7,395
2025-10-31 09:35:00,MSS,short,4045.5,4049.3,4039.3,4049.3,4039.3,399
2025-10-31 10:10:00,BOS,short,4039.1,4049.3,4022.5,4049.3,4022.5,399
2025-10-31 10:35:00,BOS,short,4026.0,4032.8,4015.0,4032.8,4015.0,410
2025-10-31 11:00:00,BOS,short,4025.0,4029.5,4017.6,4029.5,4017.6,417
2025-10-31 11:10:00,BOS,short,4017.8,4026.6,4003.5,4026.6,4003.5,419
2025-10-31 11:35:00,MSS,long,4010.6,4007.3,4016.0,4007.3,4016.0,424
2025-10-31 12:05:00,MSS,short,4008.1,4011.8,4002.0,4011.8,4002.0,429
2025-10-31 12:25:00,MSS,long,4006.5,4001.8,4014.2,4001.8,4014.2,433
2025-10-31 13:05:00,MSS,short,4017.8,4023.5,4008.5,4023.5,4008.5,441
2025-10-31 13:40:00,MSS,long,4013.1,4009.8,4018.5,4009.8,4018.5,450
2025-10-31 15:00:00,BOS,long,4021.5,4017.0,4028.9,4017.0,4028.9,465
2025-10-31 15:15:00,BOS,long,4024.2,4019.2,4032.2,4019.2,4032.2,469
2025-10-31 16:05:00,BOS,long,4028.9,4022.9,4038.6,4022.9,4038.6,475
2025-10-31 16:50:00,MSS,short,4030.3,4037.9,4018.0,4037.9,4018.0,487
2025-10-31 17:30:00,MSS,long,4013.4,4010.0,4019.0,4010.0,4019.0,495
2025-10-31 17:55:00,BOS,long,4015.2,4011.4,4021.3,4011.4,4021.3,500
2025-10-31 19:40:00,BOS,long,4016.1,4013.5,4020.3,4013.5,4020.3,522
2025-10-31 20:35:00,BOS,long,4033.0,4028.5,4040.2,4028.5,4040.2,533
2025-10-31 21:30:00,MSS,short,4039.0,4044.0,4031.0,4044.0,4031.0,544
2025-10-31 22:00:00,MSS,long,4028.8,4021.9,4039.9,4021.9,4039.9,549
2025-10-31 22:25:00,MSS,short,4034.4,4038.9,4027.0,4038.9,4027.0,555
2025-10-31 23:55:00,BOS,short,4030.5,4034.9,4023.5,4034.9,4023.5,573
2025-11-01 01:00:00,MSS,long,3994.6,3989.4,4003.0,3989.4,4003.0,586
2025-11-01 01:35:00,BOS,long,3995.0,3991.4,4000.9,3991.4,4000.9,593
2025-11-01 02:10:00,BOS,long,4011.2,4006.3,4019.0,4006.3,4019.0,599
2025-11-01 02:50:00,MSS,short,4015.4,4018.1,4011.0,4018.1,4011.0,608
2025-11-01 03:15:00,BOS,short,4012.5,4018.2,4003.4,4018.2,4003.4,612
2025-11-01 04:25:00,MSS,long,4010.3,4007.5,4014.7,4007.5,4014.7,625
2025-11-03 07:00:00,MSS,short,4008.7,4019.0,3992.1,4019.0,3992.1,630
2025-11-03 07:35:00,BOS,short,4001.4,4006.0,3994.0,4006.0,3994.0,640
2025-11-03 08:10:00,BOS,short,3989.7,3998.3,3975.8,3998.3,3975.8,647
2025-11-03 09:05:00,MSS,long,3982.7,3974.7,3995.7,3974.7,3995.7,659
2025-11-03 11:00:00,BOS,long,4013.7,4008.4,4022.4,4008.4,4022.4,681
2025-11-03 11:35:00,BOS,long,4018.6,4015.5,4023.7,4015.5,4023.7,689
2025-11-03 12:15:00,MSS,short,4021.1,4024.6,4015.5,4024.6,4015.5,696
2025-11-03 13:00:00,BOS,short,4014.2,4018.5,4007.2,4018.5,4007.2,703
2025-11-03 13:25:00,MSS,long,4018.1,4014.9,4023.2,4014.9,4023.2,710
2025-11-03 14:15:00,BOS,long,4023.9,4020.7,4029.1,4020.7,4029.1,720
2025-11-03 15:00:00,BOS,long,4028.6,4025.2,4034.1,4025.2,4034.1,730
2025-11-03 15:10:00,MSS,short,4030.5,4034.1,4024.6,4034.1,4024.6,731
2025-11-03 15:35:00,MSS,long,4028.8,4025.7,4033.7,4025.7,4033.7,737
2025-11-03 15:50:00,BOS,long,4033.2,4031.0,4036.8,4031.0,4036.8,740
2025-11-03 16:00:00,BOS,long,4034.8,4032.7,4038.3,4032.7,4038.3,742
2025-11-03 16:10:00,MSS,short,4036.0,4038.9,4031.3,4038.9,4031.3,744
2025-11-03 16:55:00,MSS,long,4026.4,4023.4,4031.3,4023.4,4031.3,751
2025-11-03 17:25:00,MSS,short,4028.9,4036.9,4015.9,4036.9,4015.9,756
2025-11-03 19:05:00,MSS,long,4008.4,4006.0,4012.3,4006.0,4012.3,779
2025-11-03 20:00:00,MSS,short,4019.2,4020.8,4016.5,4020.8,4016.5,789
2025-11-03 20:30:00,MSS,long,4016.9,4013.2,4023.0,4013.2,4023.0,795
2025-11-03 21:15:00,BOS,long,4026.7,4023.6,4031.8,4023.6,4031.8,804
2025-11-03 22:05:00,MSS,short,4029.5,4033.0,4023.8,4033.0,4023.8,815
2025-11-03 22:25:00,BOS,short,4028.1,4032.6,4020.8,4032.6,4020.8,819
2025-11-03 22:50:00,MSS,long,4022.4,4012.4,4038.5,4012.4,4038.5,821
2025-11-04 00:10:00,MSS,short,4026.7,4035.3,4012.7,4035.3,4012.7,836
2025-11-04 00:45:00,MSS,long,4012.6,4007.5,4020.8,4007.5,4020.8,845
2025-11-04 01:05:00,MSS,short,4019.7,4022.5,4015.3,4022.5,4015.3,851
2025-11-04 02:10:00,BOS,short,4017.4,4019.9,4013.4,4019.9,4013.4,860
2025-11-04 02:30:00,MSS,long,4015.4,4011.5,4021.6,4011.5,4021.6,867
2025-11-04 03:00:00,MSS,short,4015.1,4019.5,4007.9,4019.5,4007.9,874
2025-11-04 03:40:00,BOS,short,4015.5,4017.8,4011.9,4017.8,4011.9,878
2025-11-04 03:45:00,MSS,long,4013.2,4011.9,4015.3,4011.9,4015.3,883
2025-11-04 05:05:00,MSS,short,4021.8,4024.5,4017.5,4024.5,4017.5,897
2025-11-04 07:00:00,MSS,long,4014.3,4012.1,4017.9,4012.1,4017.9,910
2025-11-04 07:05:00,MSS,short,4012.7,4017.9,4004.2,4017.9,4004.2,911
2025-11-04 08:00:00,BOS,short,4007.0,4010.4,4001.6,4010.4,4001.6,922
2025-11-04 08:35:00,BOS,short,4003.8,4010.4,3993.2,4010.4,3993.2,926
2025-11-04 09:30:00,BOS,short,3998.4,4004.4,3988.6,4004.4,3988.6,938
2025-11-04 09:50:00,MSS,long,3996.2,3994.1,3999.7,3994.1,3999.7,944
2025-11-04 10:00:00,MSS,short,3993.9,3999.7,3984.4,3999.7,3984.4,945
2025-11-04 10:55:00,MSS,long,3989.3,3984.7,3996.7,3984.7,3996.7,957
2025-11-04 11:20:00,BOS,long,3996.8,3994.2,4001.0,3994.2,4001.0,962
2025-11-04 12:45:00,MSS,short,3999.1,4002.9,3992.9,4002.9,3992.9,977
2025-11-04 13:25:00,BOS,short,3994.5,3996.1,3991.9,3996.1,3991.9,985
2025-11-04 14:00:00,BOS,short,3985.5,3990.4,3977.7,3990.4,3977.7,993
2025-11-04 14:30:00,MSS,long,3980.9,3976.9,3987.5,3976.9,3987.5,999
2025-11-04 14:50:00,BOS,long,3989.0,3986.1,3993.7,3986.1,3993.7,1004
2025-11-04 15:15:00,BOS,long,3995.0,3990.7,4001.9,3990.7,4001.9,1007
2025-11-04 16:00:00,BOS,long,4005.0,4002.7,4008.6,4002.7,4008.6,1018
2025-11-04 16:10:00,MSS,short,4006.8,4010.0,4001.6,4010.0,4001.6,1020
2025-11-04 16:25:00,MSS,long,4005.0,4000.7,4012.0,4000.7,4012.0,1022
2025-11-04 17:05:00,MSS,short,4007.7,4010.9,4002.4,4010.9,4002.4,1028
2025-11-04 17:30:00,MSS,long,4004.8,4001.6,4010.0,4001.6,4010.0,1033
2025-11-04 17:55:00,MSS,short,4006.4,4010.3,4000.1,4010.3,4000.1,1038
2025-11-04 19:45:00,MSS,long,4004.6,4002.6,4007.9,4002.6,4007.9,1063
2025-11-04 20:15:00,BOS,long,4005.7,4004.2,4008.0,4004.2,4008.0,1069
2025-11-04 20:20:00,MSS,short,4006.2,4008.0,4003.2,4008.0,4003.2,1070
2025-11-04 21:10:00,MSS,long,3998.0,3992.8,4006.4,3992.8,4006.4,1078
2025-11-04 21:30:00,MSS,short,3999.8,4006.7,3988.7,4006.7,3988.7,1082
2025-11-04 22:00:00,BOS,short,3984.5,3988.9,3977.4,3988.9,3977.4,1090
2025-11-04 22:25:00,BOS,short,3977.1,3987.5,3960.3,3987.5,3960.3,1094
2025-11-04 23:35:00,MSS,long,3960.8,3950.5,3977.4,3950.5,3977.4,1107
2025-11-05 00:15:00,BOS,long,3972.3,3966.2,3982.2,3966.2,3982.2,1114
2025-11-05 00:45:00,MSS,short,3980.9,3984.3,3975.4,3984.3,3975.4,1122
2025-11-05 01:05:00,BOS,short,3978.2,3982.0,3972.1,3982.0,3972.1,1127
2025-11-05 01:50:00,BOS,short,3970.7,3974.6,3964.4,3974.6,3964.4,1136
2025-11-05 02:05:00,BOS,short,3964.9,3967.2,3961.2,3967.2,3961.2,1139
2025-11-05 03:15:00,MSS,long,3947.6,3943.9,3953.5,3943.9,3953.5,1151
2025-11-05 03:40:00,MSS,short,3950.3,3953.4,3945.3,3953.4,3945.3,1156
2025-11-05 04:00:00,BOS,short,3946.3,3949.5,3941.1,3949.5,3941.1,1162
2025-11-05 04:25:00,MSS,long,3944.0,3941.4,3948.2,3941.4,3948.2,1167
2025-11-05 05:00:00,MSS,short,3947.5,3949.9,3943.7,3949.9,3943.7,1174
2025-11-05 05:35:00,BOS,short,3942.8,3944.9,3939.5,3944.9,3939.5,1181
2025-11-05 07:00:00,MSS,long,3943.2,3940.7,3947.3,3940.7,3947.3,1186
2025-11-05 07:45:00,MSS,short,3943.6,3946.8,3938.3,3946.8,3938.3,1195
2025-11-05 08:00:00,MSS,long,3942.8,3938.3,3950.0,3938.3,3950.0,1196
2025-11-05 08:40:00,MSS,short,3943.0,3947.7,3935.4,3947.7,3935.4,1205
2025-11-05 08:55:00,MSS,long,3940.4,3935.4,3948.4,3935.4,3948.4,1207
2025-11-05 09:25:00,BOS,long,3950.7,3946.7,3957.3,3946.7,3957.3,1214
2025-11-05 09:45:00,MSS,short,3953.0,3958.2,3944.6,3958.2,3944.6,1219
2025-11-05 10:45:00,MSS,long,3949.3,3944.0,3957.8,3944.0,3957.8,1227
2025-11-05 11:00:00,BOS,long,3950.8,3944.0,3961.7,3944.0,3961.7,1227
2025-11-05 11:15:00,BOS,long,3958.9,3955.8,3964.0,3955.8,3964.0,1235
2025-11-05 11:30:00,BOS,long,3962.9,3961.2,3965.6,3961.2,3965.6,1240
2025-11-05 12:30:00,BOS,long,3971.5,3968.1,3977.0,3968.1,3977.0,1250
2025-11-05 13:15:00,BOS,long,3978.5,3975.1,3984.0,3975.1,3984.0,1260
2025-11-05 13:45:00,MSS,short,3981.2,3987.4,3971.2,3987.4,3971.2,1264
2025-11-05 14:00:00,MSS,long,3972.9,3970.7,3976.5,3970.7,3976.5,1270
2025-11-05 14:55:00,MSS,short,3978.1,3980.8,3973.8,3980.8,3973.8,1281
2025-11-05 15:05:00,BOS,short,3977.2,3980.8,3971.5,3980.8,3971.5,1281
2025-11-05 15:35:00,MSS,long,3974.7,3971.8,3979.5,3971.8,3979.5,1287
2025-11-05 17:05:00,MSS,short,3991.6,3993.7,3988.1,3993.7,3988.1,1306
2025-11-05 17:50:00,MSS,long,3976.8,3973.6,3982.1,3973.6,3982.1,1313
2025-11-05 18:00:00,MSS,short,3978.5,3983.1,3971.0,3983.1,3971.0,1318
2025-11-05 18:20:00,MSS,long,3972.3,3969.6,3976.7,3969.6,3976.7,1322
2025-11-05 18:45:00,BOS,long,3975.7,3973.3,3979.6,3973.3,3979.6,1325
2025-11-05 18:50:00,MSS,short,3976.2,3979.6,3970.7,3979.6,3970.7,1328
2025-11-05 19:20:00,BOS,short,3973.9,3978.1,3967.2,3978.1,3967.2,1331
2025-11-05 20:55:00,MSS,long,3975.1,3972.5,3979.3,3972.5,3979.3,1351
2025-11-05 21:05:00,BOS,long,3976.6,3972.5,3983.3,3972.5,3983.3,1351
2025-11-05 21:20:00,BOS,long,3978.7,3974.1,3986.1,3974.1,3986.1,1358
2025-11-05 21:50:00,BOS,long,3983.9,3980.5,3989.3,3980.5,3989.3,1362
2025-11-05 22:15:00,BOS,long,3986.3,3983.2,3991.4,3983.2,3991.4,1368
2025-11-05 22:20:00,BOS,long,3986.7,3983.2,3992.4,3983.2,3992.4,1368
2025-11-05 22:40:00,MSS,short,3991.7,3995.6,3985.5,3995.6,3985.5,1374
2025-11-05 23:25:00,MSS,long,3981.0,3975.5,3989.8,3975.5,3989.8,1383
2025-11-06 00:05:00,BOS,long,3988.7,3986.7,3992.0,3986.7,3992.0,1391
2025-11-06 00:15:00,MSS,short,3989.0,3992.0,3984.1,3992.0,3984.1,1392
2025-11-06 00:45:00,MSS,long,3991.8,3986.9,3999.6,3986.9,3999.6,1398
2025-11-06 01:05:00,MSS,short,3996.9,3999.8,3992.2,3999.8,3992.2,1403
2025-11-06 02:10:00,MSS,long,3990.3,3988.5,3993.3,3988.5,3993.3,1415
2025-11-06 03:40:00,BOS,long,3992.4,3988.6,3998.6,3988.6,3998.6,1430
2025-11-06 04:05:00,BOS,long,3998.1,3996.6,4000.4,3996.6,4000.4,1439
2025-11-06 04:25:00,MSS,short,3998.6,4000.4,3995.7,4000.4,3995.7,1440
2025-11-06 04:40:00,BOS,short,3996.8,3998.5,3994.1,3998.5,3994.1,1446
2025-11-06 05:25:00,BOS,short,3993.6,3994.7,3991.8,3994.7,3991.8,1454
2025-11-06 07:00:00,BOS,short,3987.3,3993.5,3977.4,3993.5,3977.4,1460
2025-11-06 07:30:00,MSS,long,3980.0,3978.0,3983.2,3978.0,3983.2,1468
2025-11-06 08:55:00,BOS,long,3981.2,3979.0,3984.7,3979.0,3984.7,1485
2025-11-06 09:05:00,MSS,short,3981.1,3986.1,3973.1,3986.1,3973.1,1487
2025-11-06 09:50:00,MSS,long,3981.2,3978.9,3984.8,3978.9,3984.8,1495
2025-11-06 10:00:00,BOS,long,3982.4,3978.9,3988.0,3978.9,3988.0,1495
2025-11-06 10:30:00,BOS,long,3987.9,3984.7,3993.1,3984.7,3993.1,1504
2025-11-06 11:10:00,BOS,long,3989.8,3987.5,3993.5,3987.5,3993.5,1512
2025-11-06 13:00:00,BOS,long,3995.3,3993.3,3998.5,3993.3,3998.5,1532
2025-11-06 13:25:00,BOS,long,3996.4,3994.4,3999.7,3994.4,3999.7,1536
2025-11-06 14:40:00,MSS,short,3995.1,3996.5,3992.8,3996.5,3992.8,1554
2025-11-06 14:50:00,MSS,long,3993.6,3990.8,3998.0,3990.8,3998.0,1556
2025-11-06 16:15:00,BOS,long,4017.2,4013.6,4023.0,4013.6,4023.0,1570
2025-11-06 18:00:00,MSS,short,4020.4,4022.7,4016.6,4022.7,4016.6,1592
2025-11-06 18:30:00,BOS,short,4016.6,4018.5,4013.6,4018.5,4013.6,1598
2025-11-06 19:00:00,MSS,long,4016.5,4014.3,4020.0,4014.3,4020.0,1604
2025-11-06 19:30:00,BOS,long,4018.5,4016.1,4022.5,4016.1,4022.5,1612
2025-11-06 20:05:00,MSS,short,4026.0,4028.5,4022.0,4028.5,4022.0,1617
2025-11-06 20:30:00,BOS,short,4022.4,4023.9,4020.1,4023.9,4020.1,1622
2025-11-06 20:50:00,BOS,short,4019.4,4023.9,4012.1,4023.9,4012.1,1622
2025-11-06 21:55:00,BOS,short,4023.5,4025.2,4020.7,4025.2,4020.7,1640
2025-11-06 22:55:00,BOS,short,4006.5,4009.8,4001.1,4009.8,4001.1,1652
2025-11-07 01:10:00,BOS,short,3991.0,3993.9,3986.4,3993.9,3986.4,1680
2025-11-07 01:50:00,MSS,long,3982.1,3973.2,3996.5,3973.2,3996.5,1684
2025-11-07 02:35:00,BOS,long,3992.6,3989.6,3997.5,3989.6,3997.5,1696
2025-11-07 03:10:00,BOS,long,3997.9,3994.3,4003.7,3994.3,4003.7,1702
2025-11-07 03:45:00,MSS,short,3999.1,4003.7,3991.7,4003.7,3991.7,1705
2025-11-07 04:30:00,MSS,long,3991.3,3989.5,3994.3,3989.5,3994.3,1720
2025-11-07 04:45:00,MSS,short,3992.5,3994.6,3989.1,3994.6,3989.1,1722
2025-11-07 05:45:00,BOS,short,3988.1,3989.8,3985.3,3989.8,3985.3,1732
2025-11-07 07:15:00,MSS,long,3985.4,3981.5,3991.7,3981.5,3991.7,1739
2025-11-07 07:35:00,BOS,long,3991.2,3989.1,3994.5,3989.1,3994.5,1745
2025-11-07 08:05:00,MSS,short,3995.4,3996.9,3992.9,3996.9,3992.9,1751
2025-11-07 08:15:00,MSS,long,3994.2,3991.6,3998.3,3991.6,3998.3,1753
2025-11-07 08:50:00,MSS,short,3997.8,3999.1,3995.7,3999.1,3995.7,1760
2025-11-07 09:00:00,MSS,long,3997.3,3995.2,4000.8,3995.2,4000.8,1762
2025-11-07 09:40:00,BOS,long,4005.3,4002.1,4010.6,4002.1,4010.6,1770
2025-11-07 10:10:00,MSS,short,4008.9,4011.2,4005.2,4011.2,4005.2,1775
2025-11-07 10:30:00,BOS,short,4002.8,4005.2,3998.8,4005.2,3998.8,1780
2025-11-07 10:35:00,MSS,long,4001.7,3998.8,4006.5,3998.8,4006.5,1781
2025-11-07 11:05:00,MSS,short,4001.6,4004.8,3996.3,4004.8,3996.3,1785
2025-11-07 11:40:00,MSS,long,3999.8,3998.0,4002.6,3998.0,4002.6,1794
2025-11-07 11:50:00,MSS,short,4000.5,4002.6,3997.2,4002.6,3997.2,1795
2025-11-07 12:15:00,MSS,long,3996.4,3992.8,4002.1,3992.8,4002.1,1799
2025-11-07 12:30:00,MSS,short,4003.7,4005.2,4001.2,4005.2,4001.2,1803
2025-11-07 12:50:00,MSS,long,4003.5,4002.1,4005.8,4002.1,4005.8,1808
2025-11-07 13:20:00,MSS,short,4003.6,4006.3,3999.3,4006.3,3999.3,1811
2025-11-07 13:50:00,BOS,short,4003.4,4005.2,4000.4,4005.2,4000.4,1819
2025-11-07 14:20:00,MSS,long,4002.7,3999.6,4007.7,3999.6,4007.7,1823
2025-11-07 15:25:00,MSS,short,4014.6,4017.2,4010.5,4017.2,4010.5,1839
2025-11-07 15:55:00,MSS,long,4012.3,4010.2,4015.7,4010.2,4015.7,1844
2025-11-07 16:10:00,BOS,long,4014.7,4012.4,4018.3,4012.4,4018.3,1847
2025-11-07 16:55:00,BOS,long,4014.9,4012.5,4018.9,4012.5,4018.9,1856
2025-11-07 17:15:00,BOS,long,4018.5,4016.1,4022.4,4016.1,4022.4,1860
2025-11-07 17:30:00,MSS,short,4018.4,4022.4,4011.8,4022.4,4011.8,1862
2025-11-07 18:20:00,MSS,long,4012.8,4010.3,4016.9,4010.3,4016.9,1874
2025-11-07 19:00:00,BOS,long,4014.3,4010.9,4019.9,4010.9,4019.9,1879
2025-11-07 19:25:00,MSS,short,4011.8,4015.6,4005.7,4015.6,4005.7,1887
2025-11-07 20:05:00,MSS,long,4007.2,4001.2,4016.9,4001.2,4016.9,1891
2025-11-07 20:45:00,MSS,short,4003.8,4006.5,3999.4,4006.5,3999.4,1903
2025-11-07 21:00:00,MSS,long,4001.6,3998.7,4006.3,3998.7,4006.3,1905
2025-11-07 21:35:00,MSS,short,4006.3,4009.4,4001.2,4009.4,4001.2,1911
2025-11-07 22:10:00,MSS,long,4005.8,4002.3,4011.5,4002.3,4011.5,1920
2025-11-07 22:30:00,MSS,short,4008.0,4015.0,3996.6,4015.0,3996.6,1923
2025-11-07 23:00:00,MSS,long,3998.1,3993.1,4006.1,3993.1,4006.1,1929
2025-11-07 23:15:00,MSS,short,4002.2,4006.7,3995.0,4006.7,3995.0,1932
2025-11-07 23:40:00,BOS,short,3999.6,4003.5,3993.2,4003.5,3993.2,1938
2025-11-08 00:05:00,MSS,long,4000.5,3997.1,4006.0,3997.1,4006.0,1943
2025-11-08 00:20:00,BOS,long,4007.3,4003.5,4013.4,4003.5,4013.4,1946
2025-11-08 01:15:00,MSS,short,4021.9,4035.8,3999.3,4035.8,3999.3,1950
2025-11-08 01:50:00,MSS,long,4005.6,4003.7,4008.8,4003.7,4008.8,1964
2025-11-08 03:10:00,BOS,long,4012.8,4011.2,4015.5,4011.2,4015.5,1977
2025-11-08 03:50:00,BOS,long,4011.4,4008.8,4015.5,4008.8,4015.5,1988
2025-11-08 04:15:00,MSS,short,4010.9,4015.5,4003.5,4015.5,4003.5,1989
2025-11-08 05:00:00,MSS,long,4009.2,4006.8,4013.1,4006.8,4013.1,2001
2025-11-08 05:30:00,MSS,short,4009.7,4010.6,4008.2,4010.6,4008.2,2008
2025-11-10 07:00:00,MSS,long,4010.9,4006.3,4018.4,4006.3,4018.4,2012
2025-11-10 07:55:00,BOS,long,4016.0,4013.4,4020.3,4013.4,4020.3,2025
2025-11-10 08:35:00,MSS,short,4023.1,4025.5,4019.3,4025.5,4019.3,2033
2025-11-10 08:45:00,MSS,long,4024.2,4019.3,4032.0,4019.3,4032.0,2034
2025-11-10 09:50:00,MSS,short,4057.0,4061.2,4050.2,4061.2,4050.2,2048
2025-11-10 10:05:00,BOS,short,4052.8,4056.0,4047.7,4056.0,4047.7,2051
2025-11-10 11:20:00,MSS,long,4055.1,4053.0,4058.5,4053.0,4058.5,2065
2025-11-10 12:05:00,BOS,long,4059.0,4055.7,4064.4,4055.7,4064.4,2073
2025-11-10 13:20:00,BOS,long,4060.7,4058.6,4064.2,4058.6,4064.2,2089
2025-11-10 14:20:00,BOS,long,4077.0,4074.8,4080.5,4074.8,4080.5,2100
2025-11-10 15:10:00,BOS,long,4083.9,4081.6,4087.6,4081.6,4087.6,2112
2025-11-10 16:05:00,BOS,long,4085.6,4081.7,4091.9,4081.7,4091.9,2122
2025-11-10 16:35:00,BOS,long,4087.1,4083.0,4093.7,4083.0,4093.7,2126
2025-11-10 17:00:00,MSS,short,4088.9,4091.2,4085.3,4091.2,4085.3,2133
2025-11-10 17:35:00,MSS,long,4085.4,4079.5,4094.9,4079.5,4094.9,2138
2025-11-10 18:25:00,MSS,short,4089.1,4091.2,4085.8,4091.2,4085.8,2150
2025-11-10 18:45:00,BOS,short,4089.2,4092.3,4084.1,4092.3,4084.1,2155
2025-11-10 19:35:00,MSS,long,4086.9,4084.0,4091.6,4084.0,4091.6,2161
2025-11-10 20:50:00,BOS,long,4104.3,4101.5,4108.7,4101.5,4108.7,2180
2025-11-10 21:35:00,MSS,short,4110.0,4113.6,4104.1,4113.6,4104.1,2187
2025-11-10 22:30:00,BOS,short,4091.7,4097.0,4083.2,4097.0,4083.2,2200
2025-11-10 23:00:00,MSS,long,4090.5,4085.4,4098.7,4085.4,4098.7,2205
2025-11-10 23:30:00,MSS,short,4098.3,4102.2,4092.1,4102.2,4092.1,2211
2025-11-10 23:45:00,BOS,short,4091.7,4096.0,4084.7,4096.0,4084.7,2215
2025-11-11 00:00:00,MSS,long,4092.0,4089.9,4095.4,4089.9,4095.4,2214
2025-11-11 01:00:00,BOS,long,4099.8,4096.5,4105.2,4096.5,4105.2,2228
2025-11-11 01:40:00,MSS,short,4104.7,4106.4,4102.0,4106.4,4102.0,2238
2025-11-11 01:45:00,MSS,long,4103.9,4102.0,4106.9,4102.0,4106.9,2239
2025-11-11 02:25:00,BOS,long,4109.9,4102.0,4122.8,4102.0,4122.8,2239
2025-11-11 02:45:00,MSS,short,4120.0,4123.9,4113.7,4123.9,4113.7,2249
2025-11-11 04:10:00,BOS,short,4120.9,4122.4,4118.6,4122.4,4118.6,2267
2025-11-11 04:40:00,MSS,long,4117.6,4115.5,4120.9,4115.5,4120.9,2273
2025-11-11 05:15:00,BOS,long,4119.2,4118.3,4120.6,4118.3,4120.6,2281
2025-11-11 05:40:00,BOS,long,4119.9,4118.9,4121.5,4118.9,4121.5,2285
2025-11-11 07:05:00,BOS,long,4123.9,4121.6,4127.7,4121.6,4127.7,2291
2025-11-11 07:45:00,BOS,long,4126.9,4125.1,4129.7,4125.1,4129.7,2298
2025-11-11 08:00:00,MSS,short,4127.3,4129.7,4123.5,4129.7,4123.5,2300
2025-11-11 08:25:00,MSS,long,4128.9,4126.3,4133.2,4126.3,4133.2,2307
2025-11-11 09:25:00,BOS,long,4137.7,4133.7,4144.2,4133.7,4144.2,2316
2025-11-11 10:20:00,BOS,long,4140.4,4138.3,4143.9,4138.3,4143.9,2330
2025-11-11 10:30:00,MSS,short,4140.6,4143.9,4135.2,4143.9,4135.2,2331
2025-11-11 10:40:00,MSS,long,4138.9,4135.2,4144.8,4135.2,4144.8,2333
2025-11-11 11:05:00,BOS,long,4142.7,4140.0,4147.0,4140.0,4147.0,2338
2025-11-11 11:30:00,BOS,long,4145.2,4140.0,4153.6,4140.0,4153.6,2338
2025-11-11 12:00:00,BOS,long,4151.9,4150.0,4154.9,4150.0,4154.9,2350
2025-11-11 12:10:00,MSS,short,4152.3,4154.9,4148.2,4154.9,4148.2,2351
2025-11-11 12:30:00,MSS,long,4149.0,4147.9,4150.9,4147.9,4150.9,2356
2025-11-11 12:40:00,MSS,short,4149.9,4151.3,4147.7,4151.3,4147.7,2358
2025-11-11 13:00:00,BOS,short,4149.6,4152.4,4145.1,4152.4,4145.1,2361
2025-11-11 13:30:00,BOS,short,4144.4,4148.7,4137.5,4148.7,4137.5,2366
2025-11-11 14:20:00,MSS,long,4137.3,4133.2,4143.9,4133.2,4143.9,2376
2025-11-11 15:00:00,MSS,short,4136.4,4139.0,4132.3,4139.0,4132.3,2385
2025-11-11 16:00:00,MSS,long,4135.0,4131.0,4141.5,4131.0,4141.5,2397
2025-11-11 16:50:00,BOS,long,4138.1,4134.7,4143.6,4134.7,4143.6,2406
2025-11-11 17:00:00,BOS,long,4139.8,4134.7,4148.1,4134.7,4148.1,2406
2025-11-11 17:30:00,BOS,long,4149.1,4147.3,4151.9,4147.3,4151.9,2415
2025-11-11 17:55:00,MSS,short,4150.7,4152.5,4147.8,4152.5,4147.8,2420
2025-11-11 20:10:00,BOS,short,4148.2,4151.0,4143.6,4151.0,4143.6,2446
2025-11-11 20:40:00,MSS,long,4145.6,4144.1,4147.9,4144.1,4147.9,2453
2025-11-11 20:50:00,MSS,short,4145.0,4148.4,4139.5,4148.4,4139.5,2454
2025-11-11 21:15:00,MSS,long,4142.5,4139.3,4147.8,4139.3,4147.8,2458
2025-11-11 21:30:00,BOS,long,4147.4,4144.6,4151.9,4144.6,4151.9,2462
2025-11-11 22:15:00,MSS,short,4148.5,4152.5,4142.0,4152.5,4142.0,2469
2025-11-11 22:45:00,BOS,short,4134.3,4139.6,4125.8,4139.6,4125.8,2479
2025-11-12 01:30:00,BOS,short,4120.6,4123.5,4116.0,4123.5,4116.0,2511
2025-11-12 02:00:00,MSS,long,4119.4,4117.8,4122.0,4117.8,4122.0,2516
2025-11-12 02:10:00,MSS,short,4118.9,4122.0,4114.0,4122.0,4114.0,2519
2025-11-12 02:50:00,MSS,long,4115.2,4112.3,4120.0,4112.3,4120.0,2526
2025-11-12 03:05:00,BOS,long,4119.3,4117.8,4121.8,4117.8,4121.8,2531
2025-11-12 03:40:00,BOS,long,4124.4,4122.2,4128.0,4122.2,4128.0,2536
2025-11-12 04:10:00,BOS,long,4129.1,4126.7,4133.0,4126.7,4133.0,2542
2025-11-12 04:35:00,BOS,long,4132.1,4129.6,4136.2,4129.6,4136.2,2548
2025-11-12 05:35:00,MSS,short,4135.8,4137.7,4132.6,4137.7,4132.6,2558
2025-11-12 07:00:00,MSS,long,4134.1,4131.6,4138.2,4131.6,4138.2,2564
2025-11-12 07:35:00,BOS,long,4144.9,4142.6,4148.7,4142.6,4148.7,2573
2025-11-12 08:20:00,MSS,short,4148.9,4150.6,4146.1,4150.6,4146.1,2582
2025-11-12 08:45:00,BOS,short,4147.9,4150.3,4144.1,4150.3,4144.1,2586
2025-11-12 09:30:00,BOS,short,4139.2,4143.3,4132.6,4143.3,4132.6,2592
2025-11-12 09:40:00,MSS,long,4134.8,4131.7,4139.9,4131.7,4139.9,2598
2025-11-12 10:25:00,MSS,short,4139.5,4141.2,4136.7,4141.2,4136.7,2607
2025-11-12 11:50:00,BOS,short,4124.2,4127.3,4119.1,4127.3,4119.1,2624
2025-11-12 13:30:00,BOS,short,4111.4,4115.7,4104.4,4115.7,4104.4,2643
2025-11-12 14:20:00,MSS,long,4112.8,4109.4,4118.3,4109.4,4118.3,2653
2025-11-12 14:35:00,BOS,long,4119.8,4117.0,4124.2,4117.0,4124.2,2657
2025-11-12 15:05:00,BOS,long,4123.3,4120.5,4127.8,4120.5,4127.8,2663
2025-11-12 15:30:00,MSS,short,4127.5,4129.8,4123.9,4129.8,4123.9,2668
2025-11-12 16:15:00,MSS,long,4121.3,4117.3,4127.9,4117.3,4127.9,2676
2025-11-12 17:10:00,MSS,short,4136.8,4139.4,4132.7,4139.4,4132.7,2687
2025-11-12 18:25:00,BOS,short,4131.1,4134.5,4125.7,4134.5,4125.7,2702
2025-11-12 19:05:00,MSS,long,4132.2,4130.3,4135.2,4130.3,4135.2,2709
2025-11-12 19:25:00,MSS,short,4134.3,4137.1,4129.7,4137.1,4129.7,2713
2025-11-12 20:10:00,MSS,long,4131.9,4129.0,4136.5,4129.0,4136.5,2722
2025-11-12 21:05:00,MSS,short,4140.5,4146.2,4131.4,4146.2,4131.4,2729
2025-11-12 21:30:00,MSS,long,4132.0,4128.1,4138.2,4128.1,4138.2,2737
2025-11-12 21:50:00,MSS,short,4135.0,4137.8,4130.4,4137.8,4130.4,2744
2025-11-12 22:00:00,MSS,long,4133.9,4130.1,4140.1,4130.1,4140.1,2746
2025-11-12 22:30:00,MSS,short,4139.1,4144.3,4130.7,4144.3,4130.7,2749
2025-11-12 23:00:00,MSS,long,4141.8,4137.6,4148.6,4137.6,4148.6,2756
2025-11-12 23:30:00,BOS,long,4173.7,4165.9,4186.3,4165.9,4186.3,2763
2025-11-12 23:45:00,BOS,long,4184.7,4181.2,4190.4,4181.2,4190.4,2767
2025-11-13 00:00:00,BOS,long,4186.3,4181.1,4194.7,4181.1,4194.7,2769
2025-11-13 00:30:00,BOS,long,4193.6,4187.9,4202.8,4187.9,4202.8,2775
2025-11-13 00:55:00,BOS,long,4197.9,4193.7,4204.6,4193.7,4204.6,2780
2025-11-13 01:35:00,BOS,long,4203.5,4198.4,4211.7,4198.4,4211.7,2786
2025-11-13 02:00:00,MSS,short,4205.4,4210.6,4196.9,4210.6,4196.9,2794
2025-11-13 02:20:00,MSS,long,4202.5,4196.9,4211.6,4196.9,4211.6,2795
2025-11-13 03:05:00,MSS,short,4214.5,4216.9,4210.5,4216.9,4210.5,2806
2025-11-13 05:25:00,MSS,long,4199.2,4196.3,4204.0,4196.3,4204.0,2834
2025-11-13 05:55:00,MSS,short,4203.4,4205.5,4199.9,4205.5,4199.9,2840
2025-11-13 07:05:00,MSS,long,4203.8,4199.9,4210.0,4199.9,4210.0,2842
2025-11-13 07:20:00,MSS,short,4205.5,4210.0,4198.3,4210.0,4198.3,2844
2025-11-13 07:30:00,BOS,short,4200.7,4202.5,4197.7,4202.5,4197.7,2848
2025-11-13 08:00:00,BOS,short,4195.4,4197.8,4191.6,4197.8,4191.6,2854
2025-11-13 08:30:00,MSS,long,4194.5,4189.0,4203.4,4189.0,4203.4,2857
2025-11-13 08:50:00,BOS,long,4205.6,4201.5,4212.3,4201.5,4212.3,2864
2025-11-13 09:05:00,MSS,short,4207.0,4212.9,4197.5,4212.9,4197.5,2867
2025-11-13 09:55:00,MSS,long,4191.3,4186.6,4198.9,4186.6,4198.9,2876
2025-11-13 11:00:00,BOS,long,4193.8,4189.6,4200.5,4189.6,4200.5,2889
2025-11-13 11:40:00,BOS,long,4204.3,4200.1,4211.1,4200.1,4211.1,2896
2025-11-13 13:05:00,BOS,long,4213.7,4209.9,4219.9,4209.9,4219.9,2913
2025-11-13 14:00:00,MSS,short,4216.3,4220.9,4208.8,4220.9,4208.8,2923
2025-11-13 14:50:00,MSS,long,4211.8,4209.1,4216.2,4209.1,4216.2,2936
2025-11-13 15:20:00,BOS,long,4214.9,4212.4,4219.0,4212.4,4219.0,2940
2025-11-13 15:50:00,BOS,long,4219.7,4217.9,4222.6,4217.9,4222.6,2948
2025-11-13 17:00:00,MSS,short,4238.9,4243.0,4232.3,4243.0,4232.3,2961
2025-11-13 17:15:00,MSS,long,4236.8,4232.3,4244.0,4232.3,4244.0,2963
2025-11-13 17:25:00,MSS,short,4239.9,4245.0,4231.6,4245.0,4231.6,2967
2025-11-13 18:05:00,MSS,long,4238.0,4236.3,4240.7,4236.3,4240.7,2974
2025-11-13 18:30:00,MSS,short,4242.0,4245.4,4236.6,4245.4,4236.6,2979
2025-11-13 18:55:00,BOS,short,4234.9,4240.1,4226.6,4240.1,4226.6,2984
2025-11-13 19:40:00,MSS,long,4229.0,4224.0,4237.0,4224.0,4237.0,2991
2025-11-13 20:05:00,BOS,long,4236.5,4234.2,4240.2,4234.2,4240.2,2999
2025-11-13 20:45:00,BOS,long,4238.5,4235.1,4244.1,4235.1,4244.1,3004
2025-11-13 21:00:00,MSS,short,4243.5,4250.0,4232.9,4250.0,4232.9,3010
2025-11-13 21:30:00,BOS,short,4236.8,4242.5,4227.5,4242.5,4227.5,3016
2025-11-13 22:05:00,BOS,short,4230.1,4237.5,4218.0,4237.5,4218.0,3022
2025-11-13 22:40:00,BOS,short,4210.6,4224.2,4188.6,4224.2,4188.6,3030
2025-11-13 23:05:00,MSS,long,4199.5,4193.2,4209.6,4193.2,4209.6,3035
2025-11-13 23:55:00,BOS,long,4198.2,4192.3,4207.8,4192.3,4207.8,3044
2025-11-14 00:35:00,MSS,short,4209.1,4213.0,4202.9,4213.0,4202.9,3053
2025-11-14 01:10:00,BOS,short,4207.3,4212.9,4198.2,4212.9,4198.2,3059
2025-11-14 02:20:00,BOS,short,4205.5,4207.9,4201.7,4207.9,4201.7,3073
2025-11-14 03:15:00,MSS,long,4154.6,4149.4,4163.1,4149.4,4163.1,3083
2025-11-14 04:25:00,BOS,long,4168.7,4164.8,4174.9,4164.8,4174.9,3099
2025-11-14 05:00:00,BOS,long,4167.1,4164.5,4171.4,4164.5,4171.4,3105
2025-11-14 07:00:00,BOS,long,4176.6,4174.2,4180.4,4174.2,4180.4,3118
2025-11-14 07:45:00,BOS,long,4183.1,4179.8,4188.5,4179.8,4188.5,3125
2025-11-14 08:15:00,BOS,long,4185.7,4181.7,4192.2,4181.7,4192.2,3132
2025-11-14 08:50:00,MSS,short,4188.0,4192.5,4180.8,4192.5,4180.8,3138
2025-11-14 09:20:00,BOS,short,4186.7,4192.3,4177.6,4192.3,4177.6,3143
2025-11-14 09:50:00,MSS,long,4183.3,4176.1,4194.9,4176.1,4194.9,3149
2025-11-14 11:20:00,BOS,long,4209.6,4207.0,4213.9,4207.0,4213.9,3170
2025-11-14 11:50:00,MSS,short,4211.0,4215.1,4204.3,4215.1,4204.3,3173
2025-11-14 12:10:00,BOS,short,4206.3,4209.4,4201.2,4209.4,4201.2,3179
2025-11-14 12:50:00,BOS,short,4205.7,4207.4,4202.9,4207.4,4202.9,3186
2025-11-14 12:55:00,MSS,long,4204.4,4202.9,4206.9,4202.9,4206.9,3189
2025-11-14 13:00:00,MSS,short,4204.4,4206.9,4200.4,4206.9,4200.4,3190
2025-11-14 14:15:00,BOS,short,4192.1,4196.3,4185.3,4196.3,4185.3,3204
2025-11-14 14:45:00,BOS,short,4181.8,4186.5,4174.1,4186.5,4174.1,3210
2025-11-14 15:20:00,BOS,short,4173.9,4179.9,4164.1,4179.9,4164.1,3216
2025-11-14 15:45:00,MSS,long,4170.0,4162.3,4182.5,4162.3,4182.5,3220
2025-11-14 16:35:00,BOS,long,4183.6,4179.3,4190.5,4179.3,4190.5,3233
2025-11-14 16:50:00,MSS,short,4185.2,4190.5,4176.5,4190.5,4176.5,3234
2025-11-14 17:30:00,BOS,short,4178.1,4183.6,4169.1,4183.6,4169.1,3241
2025-11-14 18:30:00,BOS,short,4170.0,4174.4,4162.8,4174.4,4162.8,3255
2025-11-14 19:10:00,BOS,short,4166.4,4174.4,4153.5,4174.4,4153.5,3262
2025-11-14 19:50:00,BOS,short,4152.3,4161.0,4138.3,4161.0,4138.3,3271
2025-11-14 20:10:00,BOS,short,4136.8,4143.4,4126.2,4143.4,4126.2,3276
2025-11-14 21:00:00,BOS,short,4117.2,4121.7,4109.9,4121.7,4109.9,3285
2025-11-14 22:20:00,MSS,long,4051.7,4045.6,4061.6,4045.6,4061.6,3301
2025-11-14 22:30:00,MSS,short,4050.3,4061.6,4032.1,4061.6,4032.1,3303
2025-11-14 22:35:00,MSS,long,4046.2,4032.1,4069.0,4032.1,4069.0,3305
2025-11-14 22:50:00,BOS,long,4050.6,4032.1,4080.5,4032.1,4080.5,3305
2025-11-14 23:45:00,BOS,long,4081.9,4074.4,4094.1,4074.4,4094.1,3319
2025-11-15 00:15:00,BOS,long,4089.1,4082.7,4099.5,4082.7,4099.5,3324
2025-11-15 00:35:00,BOS,long,4102.6,4098.7,4108.9,4098.7,4108.9,3329
2025-11-15 01:15:00,MSS,short,4108.5,4112.8,4101.5,4112.8,4101.5,3335
2025-11-15 02:00:00,BOS,short,4099.2,4106.3,4087.8,4106.3,4087.8,3345
2025-11-15 02:30:00,MSS,long,4089.9,4082.4,4102.1,4082.4,4102.1,3351
2025-11-15 03:05:00,MSS,short,4099.9,4105.1,4091.4,4105.1,4091.4,3357
2025-11-15 04:00:00,BOS,short,4092.9,4097.6,4085.3,4097.6,4085.3,3369
2025-11-15 04:35:00,MSS,long,4083.8,4077.3,4094.2,4077.3,4094.2,3376
2025-11-15 05:35:00,MSS,short,4084.0,4087.0,4079.1,4087.0,4079.1,3388
2025-11-17 07:00:00,BOS,short,4077.5,4087.1,4061.9,4087.1,4061.9,3394
2025-11-17 07:05:00,MSS,long,4078.4,4061.9,4105.0,4061.9,4105.0,3395
2025-11-17 07:45:00,MSS,short,4103.7,4107.6,4097.5,4107.6,4097.5,3403
2025-11-17 08:05:00,BOS,short,4096.9,4102.4,4087.9,4102.4,4087.9,3406
2025-11-17 08:55:00,BOS,short,4089.0,4093.0,4082.5,4093.0,4082.5,3417
2025-11-17 09:10:00,MSS,long,4088.5,4082.5,4098.2,4082.5,4098.2,3418
2025-11-17 09:30:00,BOS,long,4092.4,4086.7,4101.5,4086.7,4101.5,3422
2025-11-17 10:50:00,MSS,short,4090.3,4095.2,4082.3,4095.2,4082.3,3437
2025-11-17 11:50:00,MSS,long,4080.1,4076.4,4086.0,4076.4,4086.0,3447
2025-11-17 12:45:00,MSS,short,4082.9,4086.1,4077.7,4086.1,4077.7,3463
2025-11-17 14:00:00,MSS,long,4058.9,4054.6,4065.9,4054.6,4065.9,3478
2025-11-17 14:35:00,BOS,long,4063.8,4058.4,4072.5,4058.4,4072.5,3484
2025-11-17 15:10:00,BOS,long,4069.0,4065.6,4074.5,4065.6,4074.5,3491
2025-11-17 16:35:00,MSS,short,4082.3,4085.4,4077.2,4085.4,4077.2,3509
2025-11-17 17:10:00,MSS,long,4077.4,4073.4,4083.8,4073.4,4083.8,3515
2025-11-17 18:50:00,MSS,short,4080.8,4087.7,4069.6,4087.7,4069.6,3534
2025-11-17 19:50:00,MSS,long,4081.5,4078.0,4087.1,4078.0,4087.1,3548
2025-11-17 20:30:00,BOS,long,4080.1,4075.7,4087.2,4075.7,4087.2,3555
2025-11-17 20:45:00,MSS,short,4081.8,4082.3,4080.9,4082.3,4080.9,3554
2025-11-17 21:00:00,MSS,long,4081.5,4076.2,4090.0,4076.2,4090.0,3561
2025-11-17 21:20:00,MSS,short,4084.3,4087.5,4079.1,4087.5,4079.1,3566
2025-11-17 21:35:00,BOS,short,4076.0,4080.9,4068.2,4080.9,4068.2,3569
2025-11-17 22:30:00,MSS,long,4069.3,4065.0,4076.3,4065.0,4076.3,3580
2025-11-17 23:05:00,MSS,short,4074.6,4082.0,4062.5,4082.0,4062.5,3585
2025-11-18 00:00:00,BOS,short,4070.6,4079.0,4057.0,4079.0,4057.0,3594
2025-11-18 00:20:00,MSS,long,4059.0,4053.2,4068.3,4053.2,4068.3,3600
2025-11-18 01:00:00,BOS,long,4069.7,4065.7,4076.1,4065.7,4076.1,3610
2025-11-18 01:15:00,BOS,long,4075.1,4072.5,4079.2,4072.5,4079.2,3613
2025-11-18 02:35:00,MSS,short,4073.7,4076.7,4068.9,4076.7,4068.9,3627
2025-11-18 02:50:00,BOS,short,4070.4,4073.5,4065.4,4073.5,4065.4,3632
2025-11-18 03:30:00,BOS,short,4055.2,4066.7,4036.5,4066.7,4036.5,3638
2025-11-18 04:25:00,MSS,long,4020.4,4015.6,4028.1,4015.6,4028.1,3650
2025-11-18 04:45:00,BOS,long,4028.6,4025.2,4034.1,4025.2,4034.1,3654
2025-11-18 05:50:00,BOS,long,4043.2,4041.8,4045.4,4041.8,4045.4,3666
2025-11-18 07:00:00,BOS,long,4047.9,4042.9,4056.1,4042.9,4056.1,3669
2025-11-18 07:30:00,MSS,short,4048.1,4051.0,4043.3,4051.0,4043.3,3676
2025-11-18 08:35:00,MSS,long,4032.2,4028.1,4038.8,4028.1,4038.8,3689
2025-11-18 08:55:00,BOS,long,4035.0,4031.3,4041.1,4031.3,4041.1,3693
2025-11-18 09:40:00,MSS,short,4038.4,4044.3,4028.8,4044.3,4028.8,3699
2025-11-18 10:30:00,MSS,long,4029.9,4026.5,4035.5,4026.5,4035.5,3712
2025-11-18 10:45:00,MSS,short,4031.7,4035.9,4024.8,4035.9,4024.8,3714
2025-11-18 11:15:00,BOS,short,4026.0,4035.9,4010.1,4035.9,4010.1,3714
2025-11-18 11:30:00,MSS,long,4011.6,4008.2,4017.0,4008.2,4017.0,3723
2025-11-18 12:15:00,MSS,short,4018.0,4026.0,4005.1,4026.0,4005.1,3727
2025-11-18 13:15:00,MSS,long,4010.6,4007.5,4015.6,4007.5,4015.6,3744
2025-11-18 13:35:00,BOS,long,4017.5,4014.5,4022.3,4014.5,4022.3,3748
2025-11-18 14:00:00,MSS,short,4020.4,4024.6,4013.6,4024.6,4013.6,3753
2025-11-18 15:00:00,BOS,short,4010.9,4015.1,4004.0,4015.1,4004.0,3764
2025-11-18 15:40:00,MSS,long,4004.1,3997.4,4015.0,3997.4,4015.0,3774
2025-11-18 17:10:00,MSS,short,4036.7,4041.1,4029.7,4041.1,4029.7,3789
2025-11-18 17:50:00,MSS,long,4034.7,4029.5,4043.0,4029.5,4043.0,3798
2025-11-18 18:45:00,BOS,long,4041.9,4036.8,4050.2,4036.8,4050.2,3809
2025-11-18 19:40:00,MSS,short,4047.2,4049.8,4042.9,4049.8,4042.9,3821
2025-11-18 20:20:00,BOS,short,4040.9,4044.5,4035.2,4044.5,4035.2,3829
2025-11-18 21:00:00,MSS,long,4035.1,4028.2,4046.3,4028.2,4046.3,3838
2025-11-18 22:00:00,BOS,long,4069.2,4065.2,4075.6,4065.2,4075.6,3850
2025-11-18 22:15:00,BOS,long,4073.2,4068.6,4080.7,4068.6,4080.7,3853
2025-11-18 22:50:00,MSS,short,4074.4,4082.5,4061.3,4082.5,4061.3,3859
2025-11-18 23:25:00,MSS,long,4058.6,4053.1,4067.4,4053.1,4067.4,3865
2025-11-18 23:50:00,MSS,short,4063.7,4072.9,4048.7,4072.9,4048.7,3869
2025-11-19 00:55:00,MSS,long,4062.3,4057.7,4069.8,4057.7,4069.8,3882
2025-11-19 01:35:00,BOS,long,4064.7,4059.2,4073.6,4059.2,4073.6,3892
2025-11-19 02:00:00,MSS,short,4072.5,4074.2,4069.7,4074.2,4069.7,3898
2025-11-19 02:50:00,MSS,long,4071.7,4069.8,4074.9,4069.8,4074.9,3908
2025-11-19 03:45:00,BOS,long,4077.0,4073.9,4082.1,4073.9,4082.1,3917
2025-11-19 04:05:00,MSS,short,4080.8,4083.7,4076.0,4083.7,4076.0,3922
2025-11-19 04:40:00,BOS,short,4072.2,4074.4,4068.6,4074.4,4068.6,3929
2025-11-19 05:15:00,BOS,short,4070.2,4072.6,4066.4,4072.6,4066.4,3935
2025-11-19 07:05:00,MSS,long,4068.3,4065.4,4073.1,4065.4,4073.1,3947
2025-11-19 07:50:00,BOS,long,4069.9,4067.2,4074.3,4067.2,4074.3,3953
2025-11-19 08:20:00,BOS,long,4073.2,4070.3,4078.0,4070.3,4078.0,3962
2025-11-19 08:55:00,MSS,short,4073.8,4078.0,4067.1,4078.0,4067.1,3963
2025-11-19 09:50:00,BOS,short,4065.8,4070.7,4057.9,4070.7,4057.9,3977
2025-11-19 10:25:00,MSS,long,4061.6,4058.8,4066.2,4058.8,4066.2,3985
2025-11-19 11:05:00,MSS,short,4078.3,4081.4,4073.3,4081.4,4073.3,3992
2025-11-19 11:55:00,BOS,short,4072.4,4076.4,4065.8,4076.4,4065.8,4005
2025-11-19 12:25:00,MSS,long,4071.1,4068.0,4076.0,4068.0,4076.0,4010
2025-11-19 13:05:00,BOS,long,4076.0,4074.0,4079.3,4074.0,4079.3,4019
2025-11-19 15:05:00,MSS,short,4091.9,4096.2,4084.9,4096.2,4084.9,4041
2025-11-19 16:00:00,BOS,short,4092.3,4097.9,4083.3,4097.9,4083.3,4052
2025-11-19 17:05:00,MSS,long,4084.0,4081.2,4088.5,4081.2,4088.5,4067
2025-11-19 17:25:00,BOS,long,4088.3,4086.0,4091.9,4086.0,4091.9,4070
2025-11-19 19:15:00,BOS,long,4111.5,4107.1,4118.6,4107.1,4118.6,4091
2025-11-19 19:45:00,BOS,long,4112.8,4110.6,4116.4,4110.6,4116.4,4099
2025-11-19 20:35:00,BOS,long,4115.6,4112.9,4119.9,4112.9,4119.9,4107
2025-11-19 20:55:00,MSS,short,4118.2,4120.7,4114.1,4120.7,4114.1,4111
2025-11-19 22:10:00,MSS,long,4111.7,4106.7,4119.7,4106.7,4119.7,4125
2025-11-19 22:20:00,MSS,short,4115.9,4119.9,4109.5,4119.9,4109.5,4130
2025-11-19 22:55:00,MSS,long,4117.7,4109.7,4130.6,4109.7,4130.6,4137
2025-11-19 23:25:00,MSS,short,4127.6,4134.3,4116.8,4134.3,4116.8,4142
2025-11-19 23:35:00,BOS,short,4125.7,4134.3,4111.7,4134.3,4111.7,4142
2025-11-20 00:15:00,BOS,short,4090.4,4095.6,4082.1,4095.6,4082.1,4153
2025-11-20 01:40:00,MSS,long,4069.6,4063.6,4079.4,4063.6,4079.4,4170
2025-11-20 02:00:00,BOS,long,4079.6,4076.7,4084.4,4076.7,4084.4,4174
2025-11-20 02:50:00,BOS,long,4082.5,4076.3,4092.4,4076.3,4092.4,4181
2025-11-20 03:20:00,MSS,short,4085.0,4092.4,4073.1,4092.4,4073.1,4185
2025-11-20 04:15:00,MSS,long,4076.7,4073.5,4082.0,4073.5,4082.0,4201
2025-11-20 04:45:00,MSS,short,4078.1,4081.4,4072.8,4081.4,4072.8,4206
2025-11-20 05:10:00,BOS,short,4076.4,4079.4,4071.6,4079.4,4071.6,4209
2025-11-20 05:30:00,MSS,long,4072.5,4065.4,4084.1,4065.4,4084.1,4214
2025-11-20 05:50:00,MSS,short,4080.7,4082.5,4077.7,4082.5,4077.7,4220
2025-11-20 07:00:00,MSS,long,4080.6,4076.4,4087.3,4076.4,4087.3,4222
2025-11-20 07:35:00,BOS,long,4090.2,4085.8,4097.4,4085.8,4097.4,4229
2025-11-20 08:35:00,MSS,short,4105.3,4108.3,4100.5,4108.3,4100.5,4241
2025-11-20 09:10:00,BOS,short,4103.0,4107.9,4095.0,4107.9,4095.0,4248
2025-11-20 09:35:00,BOS,short,4095.8,4099.0,4090.5,4099.0,4090.5,4252
2025-11-20 09:55:00,BOS,short,4091.6,4098.3,4080.8,4098.3,4080.8,4256
2025-11-20 10:40:00,MSS,long,4055.2,4051.8,4060.7,4051.8,4060.7,4266
2025-11-20 11:30:00,MSS,short,4074.1,4077.7,4068.4,4077.7,4068.4,4276
2025-11-20 12:30:00,BOS,short,4076.8,4078.5,4074.1,4078.5,4074.1,4286
2025-11-20 12:50:00,MSS,long,4074.2,4071.7,4078.3,4071.7,4078.3,4291
2025-11-20 13:00:00,MSS,short,4075.0,4079.2,4068.2,4079.2,4068.2,4294
2025-11-20 13:55:00,BOS,short,4070.2,4073.6,4064.6,4073.6,4064.6,4299
2025-11-20 14:05:00,MSS,long,4068.5,4063.5,4076.7,4063.5,4076.7,4307
2025-11-20 14:25:00,MSS,short,4069.4,4076.7,4057.6,4076.7,4057.6,4308
2025-11-20 15:05:00,MSS,long,4066.4,4061.6,4074.2,4061.6,4074.2,4317
2025-11-20 15:20:00,MSS,short,4069.0,4075.3,4058.8,4075.3,4058.8,4321
2025-11-20 15:40:00,BOS,short,4063.0,4066.7,4056.9,4066.7,4056.9,4325
2025-11-20 16:00:00,BOS,short,4059.2,4066.7,4047.0,4066.7,4047.0,4325
2025-11-20 16:50:00,MSS,long,4052.1,4048.8,4057.5,4048.8,4057.5,4339
2025-11-20 18:30:00,BOS,long,4060.4,4056.9,4066.0,4056.9,4066.0,4359
2025-11-20 19:00:00,MSS,short,4061.0,4066.0,4052.9,4066.0,4052.9,4361
2025-11-20 19:15:00,BOS,short,4055.1,4057.9,4050.6,4057.9,4050.6,4369
2025-11-20 19:35:00,MSS,long,4053.8,4049.7,4060.4,4049.7,4060.4,4371
2025-11-20 20:05:00,BOS,long,4060.2,4055.1,4068.4,4055.1,4068.4,4377
2025-11-20 20:50:00,BOS,long,4074.7,4071.2,4080.4,4071.2,4080.4,4384
2025-11-20 20:55:00,BOS,long,4075.2,4071.2,4081.7,4071.2,4081.7,4384
2025-11-20 21:30:00,MSS,short,4081.5,4091.0,4066.1,4091.0,4066.1,4396
2025-11-20 21:35:00,MSS,long,4077.7,4066.1,4096.4,4066.1,4096.4,4397
2025-11-20 22:40:00,BOS,long,4079.9,4073.2,4090.8,4073.2,4090.8,4409
2025-11-20 23:30:00,MSS,short,4090.3,4098.4,4077.1,4098.4,4077.1,4420
2025-11-20 23:55:00,BOS,short,4080.9,4088.5,4068.7,4088.5,4068.7,4424
2025-11-21 00:25:00,BOS,short,4074.3,4082.4,4061.3,4082.4,4061.3,4428
2025-11-21 00:40:00,BOS,short,4062.8,4067.1,4055.9,4067.1,4055.9,4434
2025-11-21 00:50:00,BOS,short,4061.3,4066.0,4053.8,4066.0,4053.8,4436
2025-11-21 01:50:00,MSS,long,4053.7,4048.4,4062.3,4048.4,4062.3,4446
2025-11-21 03:10:00,BOS,long,4060.9,4055.9,4069.1,4055.9,4069.1,4460
2025-11-21 04:05:00,MSS,short,4082.7,4085.5,4078.1,4085.5,4078.1,4474
2025-11-21 07:00:00,BOS,short,4076.6,4079.7,4071.7,4079.7,4071.7,4497
2025-11-21 07:10:00,MSS,long,4076.9,4071.7,4085.3,4071.7,4085.3,4499
2025-11-21 07:40:00,BOS,long,4081.1,4076.5,4088.6,4076.5,4088.6,4504
2025-11-21 08:20:00,MSS,short,4077.4,4081.2,4071.3,4081.2,4071.3,4513
2025-11-21 09:00:00,BOS,short,4073.6,4079.7,4063.8,4079.7,4063.8,4519
2025-11-21 09:25:00,BOS,short,4065.9,4068.8,4061.3,4068.8,4061.3,4527
2025-11-21 09:45:00,MSS,long,4063.4,4060.2,4068.6,4060.2,4068.6,4531
2025-11-21 10:15:00,MSS,short,4071.3,4075.0,4065.3,4075.0,4065.3,4537
2025-11-21 10:30:00,MSS,long,4070.6,4065.3,4079.1,4065.3,4079.1,4538
2025-11-21 10:50:00,MSS,short,4071.3,4079.1,4058.8,4079.1,4058.8,4541
2025-11-21 11:15:00,BOS,short,4053.2,4056.0,4048.8,4056.0,4048.8,4549
2025-11-21 12:05:00,MSS,long,4054.0,4051.0,4058.8,4051.0,4058.8,4559
2025-11-21 12:30:00,MSS,short,4054.9,4058.3,4049.5,4058.3,4049.5,4564
2025-11-21 13:35:00,BOS,short,4052.7,4055.9,4047.4,4055.9,4047.4,4577
2025-11-21 13:55:00,MSS,long,4044.9,4037.3,4057.3,4037.3,4057.3,4581
2025-11-21 14:25:00,MSS,short,4049.3,4063.4,4026.5,4063.4,4026.5,4583
2025-11-21 14:55:00,BOS,short,4035.2,4038.2,4030.3,4038.2,4030.3,4591
2025-11-21 16:10:00,MSS,long,4025.1,4019.0,4035.0,4019.0,4035.0,4607
2025-11-21 16:50:00,MSS,short,4040.8,4044.2,4035.4,4044.2,4035.4,4616
2025-11-21 17:00:00,MSS,long,4039.1,4035.4,4045.0,4035.4,4045.0,4617
2025-11-21 17:10:00,BOS,long,4043.7,4035.4,4057.0,4035.4,4057.0,4617
2025-11-21 17:35:00,MSS,short,4054.1,4057.0,4049.5,4057.0,4049.5,4625
2025-11-21 19:05:00,MSS,long,4037.0,4032.6,4044.1,4032.6,4044.1,4642
2025-11-21 19:45:00,MSS,short,4038.8,4044.1,4030.3,4044.1,4030.3,4644
2025-11-21 20:20:00,MSS,long,4035.7,4028.0,4048.1,4028.0,4048.1,4653
2025-11-21 20:30:00,BOS,long,4041.0,4028.0,4062.0,4028.0,4062.0,4653
2025-11-21 21:25:00,BOS,long,4061.7,4057.8,4067.9,4057.8,4067.9,4670
2025-11-21 21:40:00,BOS,long,4066.8,4064.2,4071.0,4064.2,4071.0,4674
2025-11-21 22:15:00,MSS,short,4077.7,4083.0,4069.0,4083.0,4069.0,4679
2025-11-21 22:50:00,MSS,long,4065.6,4060.2,4074.3,4060.2,4074.3,4688
2025-11-21 23:30:00,MSS,short,4071.2,4075.6,4064.1,4075.6,4064.1,4696
2025-11-22 00:30:00,MSS,long,4066.8,4061.7,4075.0,4061.7,4075.0,4704
2025-11-22 02:25:00,MSS,short,4081.8,4084.1,4078.1,4084.1,4078.1,4731
2025-11-22 02:45:00,MSS,long,4080.2,4075.7,4087.6,4075.7,4087.6,4735
2025-11-22 04:10:00,MSS,short,4085.2,4088.8,4079.5,4088.8,4079.5,4749
2025-11-22 04:55:00,MSS,long,4058.6,4053.5,4066.9,4053.5,4066.9,4761
2025-11-22 05:05:00,MSS,short,4061.4,4066.9,4052.5,4066.9,4052.5,4762
2025-11-24 07:05:00,MSS,long,4065.2,4060.6,4072.7,4060.6,4072.7,4773
2025-11-24 08:05:00,MSS,short,4067.2,4073.4,4057.2,4073.4,4057.2,4785
2025-11-24 08:40:00,MSS,long,4060.3,4058.5,4063.1,4058.5,4063.1,4794
2025-11-24 09:05:00,MSS,short,4063.7,4070.7,4052.3,4070.7,4052.3,4799
2025-11-24 09:50:00,BOS,short,4050.9,4054.1,4045.8,4054.1,4045.8,4806
2025-11-24 10:30:00,MSS,long,4043.5,4041.3,4047.0,4041.3,4047.0,4813
2025-11-24 10:45:00,MSS,short,4045.6,4048.8,4040.5,4048.8,4040.5,4818
2025-11-24 11:30:00,MSS,long,4044.6,4040.9,4050.5,4040.9,4050.5,4828
2025-11-24 12:10:00,BOS,long,4050.4,4045.3,4058.6,4045.3,4058.6,4834
2025-11-24 12:35:00,MSS,short,4052.4,4058.6,4042.4,4058.6,4042.4,4837
2025-11-24 13:40:00,MSS,long,4041.7,4039.0,4046.0,4039.0,4046.0,4853
2025-11-24 13:45:00,MSS,short,4042.8,4046.0,4037.7,4046.0,4037.7,4855
2025-11-24 14:00:00,MSS,long,4041.8,4037.7,4048.4,4037.7,4048.4,4856
2025-11-24 14:30:00,BOS,long,4048.0,4044.6,4053.5,4044.6,4053.5,4862
2025-11-24 15:25:00,MSS,short,4051.1,4052.9,4048.2,4052.9,4048.2,4874
2025-11-24 15:30:00,MSS,long,4051.3,4048.2,4056.3,4048.2,4056.3,4876
2025-11-24 17:05:00,BOS,long,4062.6,4059.2,4068.1,4059.2,4068.1,4894
2025-11-24 17:35:00,BOS,long,4066.2,4063.9,4069.8,4063.9,4069.8,4900
2025-11-24 18:00:00,BOS,long,4067.0,4062.6,4074.0,4062.6,4074.0,4905
2025-11-24 18:20:00,MSS,short,4070.2,4073.5,4064.9,4073.5,4064.9,4910
2025-11-24 18:55:00,BOS,short,4065.5,4068.3,4060.9,4068.3,4060.9,4915
2025-11-24 20:00:00,MSS,long,4067.2,4065.3,4070.3,4065.3,4070.3,4929
2025-11-24 20:30:00,BOS,long,4066.2,4062.5,4072.2,4062.5,4072.2,4933
2025-11-24 20:40:00,BOS,long,4068.5,4062.5,4078.1,4062.5,4078.1,4933
2025-11-24 21:40:00,MSS,short,4079.5,4084.0,4072.2,4084.0,4072.2,4949
2025-11-24 22:25:00,BOS,short,4077.4,4081.0,4071.7,4081.0,4071.7,4957
2025-11-24 22:35:00,BOS,short,4076.2,4081.0,4068.5,4081.0,4068.5,4957
2025-11-24 22:50:00,MSS,long,4072.3,4065.9,4082.6,4065.9,4082.6,4963
2025-11-25 00:10:00,BOS,long,4090.1,4087.4,4094.5,4087.4,4094.5,4978
2025-11-25 00:30:00,BOS,long,4090.6,4087.4,4095.9,4087.4,4095.9,4978
2025-11-25 01:05:00,MSS,short,4096.8,4098.9,4093.3,4098.9,4093.3,4991
2025-11-25 02:35:00,MSS,long,4096.2,4086.4,4112.1,4086.4,4112.1,5004
2025-11-25 02:50:00,BOS,long,4115.5,4109.0,4126.1,4109.0,4126.1,5012
2025-11-25 03:10:00,MSS,short,4120.3,4123.4,4115.2,4123.4,4115.2,5015
2025-11-25 04:10:00,MSS,long,4118.8,4116.8,4122.1,4116.8,4122.1,5026
2025-11-25 04:30:00,BOS,long,4124.1,4120.3,4130.3,4120.3,4130.3,5032
2025-11-25 05:35:00,BOS,long,4130.1,4129.0,4132.0,4129.0,4132.0,5045
2025-11-25 07:10:00,MSS,short,4131.8,4136.9,4123.6,4136.9,4123.6,5051
2025-11-25 07:40:00,MSS,long,4129.7,4126.8,4134.4,4126.8,4134.4,5057
2025-11-25 08:30:00,MSS,short,4135.0,4137.8,4130.6,4137.8,4130.6,5067
2025-11-25 08:55:00,BOS,short,4130.7,4134.6,4124.5,4134.6,4124.5,5071
2025-11-25 09:35:00,MSS,long,4126.4,4120.3,4136.3,4120.3,4136.3,5078
2025-11-25 10:00:00,BOS,long,4133.0,4129.8,4138.1,4129.8,4138.1,5086
2025-11-25 10:15:00,BOS,long,4136.9,4133.2,4143.0,4133.2,4143.0,5089
2025-11-25 12:00:00,MSS,short,4140.3,4142.7,4136.5,4142.7,4136.5,5106
2025-11-25 12:15:00,MSS,long,4139.6,4136.5,4144.7,4136.5,4144.7,5111
2025-11-25 12:45:00,MSS,short,4143.6,4145.7,4140.1,4145.7,4140.1,5118
2025-11-25 13:50:00,MSS,long,4143.0,4140.2,4147.5,4140.2,4147.5,5131
2025-11-25 14:05:00,BOS,long,4145.9,4143.6,4149.6,4143.6,4149.6,5135
2025-11-25 14:20:00,MSS,short,4146.0,4149.6,4140.1,4149.6,4140.1,5136
2025-11-25 14:40:00,BOS,short,4139.1,4141.0,4136.1,4141.0,4136.1,5141
2025-11-25 15:00:00,MSS,long,4138.5,4136.1,4142.4,4136.1,4142.4,5142
2025-11-25 15:25:00,MSS,short,4137.0,4140.8,4130.8,4140.8,4130.8,5151
2025-11-25 16:15:00,MSS,long,4131.6,4128.8,4136.2,4128.8,4136.2,5161
2025-11-25 16:30:00,MSS,short,4131.2,4135.1,4124.8,4135.1,4124.8,5164
2025-11-25 16:50:00,BOS,short,4118.6,4126.4,4106.1,4126.4,4106.1,5167
2025-11-25 18:00:00,MSS,long,4126.3,4122.6,4132.2,4122.6,4132.2,5181
2025-11-25 20:00:00,BOS,long,4129.6,4127.3,4133.3,4127.3,4133.3,5206
2025-11-25 20:15:00,BOS,long,4133.4,4132.0,4135.7,4132.0,4135.7,5209
2025-11-25 20:25:00,MSS,short,4133.2,4135.7,4129.2,4135.7,4129.2,5210
2025-11-25 20:40:00,BOS,short,4125.2,4132.8,4113.0,4132.8,4113.0,5214
2025-11-25 21:05:00,MSS,long,4120.9,4112.1,4135.2,4112.1,4135.2,5216
2025-11-25 21:45:00,BOS,long,4138.4,4134.2,4145.2,4134.2,4145.2,5224
2025-11-25 22:05:00,MSS,short,4142.8,4147.1,4135.8,4147.1,4135.8,5229
2025-11-25 22:25:00,BOS,short,4137.4,4142.3,4129.5,4142.3,4129.5,5233
2025-11-25 23:05:00,MSS,long,4118.8,4113.8,4126.9,4113.8,4126.9,5243
2025-11-25 23:50:00,MSS,short,4125.1,4129.3,4118.3,4129.3,4118.3,5252
2025-11-26 00:10:00,MSS,long,4121.0,4117.0,4127.6,4117.0,4127.6,5254
2025-11-26 00:45:00,MSS,short,4134.7,4137.3,4130.5,4137.3,4130.5,5263
2025-11-26 01:00:00,MSS,long,4137.2,4130.5,4148.0,4130.5,4148.0,5264
2025-11-26 01:30:00,BOS,long,4147.3,4141.8,4156.2,4141.8,4156.2,5270
2025-11-26 01:50:00,MSS,short,4150.1,4156.2,4140.3,4156.2,4140.3,5273
2025-11-26 02:35:00,BOS,short,4139.2,4143.4,4132.3,4143.4,4132.3,5285
2025-11-26 03:20:00,BOS,short,4133.2,4137.7,4126.0,4137.7,4126.0,5293
2025-11-26 03:55:00,MSS,long,4128.6,4126.3,4132.2,4126.3,4132.2,5299
2025-11-26 04:25:00,MSS,short,4133.6,4135.9,4130.0,4135.9,4130.0,5306
2025-11-26 05:00:00,BOS,short,4130.6,4134.4,4124.4,4134.4,4124.4,5311
2025-11-26 07:00:00,MSS,long,4128.5,4126.1,4132.3,4126.1,4132.3,5325
2025-11-26 08:00:00,BOS,long,4129.8,4128.0,4132.8,4128.0,4132.8,5336
2025-11-26 08:20:00,BOS,long,4132.0,4128.0,4138.4,4128.0,4138.4,5336
2025-11-26 08:45:00,MSS,short,4136.3,4138.1,4133.4,4138.1,4133.4,5347
2025-11-26 08:55:00,MSS,long,4135.4,4131.8,4141.3,4131.8,4141.3,5349
2025-11-26 09:20:00,BOS,long,4139.9,4137.0,4144.6,4137.0,4144.6,5353
2025-11-26 09:35:00,BOS,long,4142.8,4140.6,4146.3,4140.6,4146.3,5357
2025-11-26 10:05:00,BOS,long,4147.2,4144.8,4151.0,4144.8,4151.0,5363
2025-11-26 10:15:00,BOS,long,4149.4,4146.6,4153.9,4146.6,4153.9,5365
2025-11-26 11:10:00,BOS,long,4161.2,4157.9,4166.5,4157.9,4166.5,5375
2025-11-26 11:30:00,MSS,short,4162.4,4163.4,4160.9,4163.4,4160.9,5380
2025-11-26 11:35:00,MSS,long,4162.3,4160.9,4164.5,4160.9,4164.5,5381
2025-11-26 12:00:00,MSS,short,4162.0,4163.4,4159.8,4163.4,4159.8,5386
2025-11-26 12:50:00,MSS,long,4158.0,4156.1,4161.0,4156.1,4161.0,5396
2025-11-26 13:05:00,BOS,long,4160.5,4158.5,4163.8,4158.5,4163.8,5398
2025-11-26 13:30:00,MSS,short,4162.6,4165.2,4158.4,4165.2,4158.4,5404
2025-11-26 14:05:00,BOS,short,4159.9,4162.3,4156.1,4162.3,4156.1,5409
2025-11-26 14:30:00,BOS,short,4153.8,4156.4,4149.6,4156.4,4149.6,5415
2025-11-26 15:20:00,BOS,short,4149.7,4151.3,4147.0,4151.3,4147.0,5426
2025-11-26 15:30:00,MSS,long,4148.9,4147.0,4152.1,4147.0,4152.1,5427
2025-11-26 15:45:00,BOS,long,4152.6,4151.0,4155.2,4151.0,4155.2,5431
2025-11-26 16:05:00,BOS,long,4157.8,4154.4,4163.2,4154.4,4163.2,5434
2025-11-26 16:45:00,MSS,short,4160.5,4165.2,4152.9,4165.2,4152.9,5440
2025-11-26 17:30:00,MSS,long,4157.7,4156.3,4160.0,4156.3,4160.0,5452
2025-11-26 18:15:00,MSS,short,4159.8,4161.2,4157.5,4161.2,4157.5,5460
2025-11-26 18:30:00,BOS,short,4158.0,4161.0,4153.2,4161.0,4153.2,5463
2025-11-26 18:45:00,BOS,short,4155.9,4157.8,4152.9,4157.8,4152.9,5465
2025-11-26 19:15:00,MSS,long,4156.6,4154.6,4159.8,4154.6,4159.8,5471
2025-11-26 19:25:00,BOS,long,4157.5,4154.6,4162.3,4154.6,4162.3,5471
2025-11-26 20:25:00,MSS,short,4166.2,4171.4,4157.7,4171.4,4157.7,5482
2025-11-26 21:25:00,MSS,long,4158.2,4155.0,4163.3,4155.0,4163.3,5497
2025-11-26 21:40:00,MSS,short,4158.2,4163.3,4150.0,4163.3,4150.0,5499
2025-11-26 22:05:00,BOS,short,4147.5,4154.0,4137.0,4154.0,4137.0,5506
2025-11-26 22:30:00,MSS,long,4143.4,4139.0,4150.4,4139.0,4150.4,5511
2025-11-26 23:00:00,MSS,short,4142.9,4148.8,4133.3,4148.8,4133.3,5516
2025-11-26 23:10:00,MSS,long,4139.3,4133.3,4148.9,4133.3,4148.9,5518
2025-11-26 23:40:00,BOS,long,4143.8,4133.3,4160.7,4133.3,4160.7,5518
2025-11-26 23:55:00,BOS,long,4158.4,4155.5,4163.2,4155.5,4163.2,5528
2025-11-27 00:40:00,BOS,long,4160.8,4158.1,4165.1,4158.1,4165.1,5536
2025-11-27 01:20:00,BOS,long,4164.2,4162.3,4167.3,4162.3,4167.3,5544
2025-11-27 02:10:00,BOS,long,4167.0,4165.4,4169.5,4165.4,4169.5,5552
2025-11-27 02:30:00,MSS,short,4165.2,4169.5,4158.3,4169.5,4158.3,5553
2025-11-27 03:20:00,MSS,long,4163.5,4162.0,4166.0,4162.0,4166.0,5563
2025-11-27 03:40:00,MSS,short,4162.5,4164.1,4160.0,4164.1,4160.0,5566
2025-11-27 04:05:00,MSS,long,4160.9,4160.0,4162.3,4160.0,4162.3,5570
2025-11-27 04:45:00,MSS,short,4162.7,4163.5,4161.4,4163.5,4161.4,5575
2025-11-27 04:55:00,BOS,short,4162.4,4163.5,4160.6,4163.5,4160.6,5575
2025-11-27 05:35:00,MSS,long,4160.2,4158.8,4162.5,4158.8,4162.5,5582
2025-11-27 07:40:00,MSS,short,4160.7,4161.6,4159.3,4161.6,4159.3,5586
2025-11-27 07:45:00,MSS,long,4160.3,4159.3,4162.0,4159.3,4162.0,5587
2025-11-27 08:50:00,MSS,short,4160.7,4162.0,4158.5,4162.0,4158.5,5588
2025-11-27 09:55:00,MSS,long,4148.9,4146.8,4152.3,4146.8,4152.3,5599
2025-11-27 10:05:00,BOS,long,4152.6,4151.5,4154.3,4151.5,4154.3,5601
2025-11-27 10:25:00,MSS,short,4151.9,4154.3,4148.1,4154.3,4148.1,5602
2025-11-27 10:45:00,BOS,short,4150.7,4153.1,4146.7,4153.1,4146.7,5605
2025-11-27 12:05:00,BOS,short,4144.2,4146.1,4141.1,4146.1,4141.1,5609
2025-11-27 12:30:00,MSS,long,4143.2,4141.1,4146.7,4141.1,4146.7,5612
2025-11-27 13:40:00,MSS,short,4148.5,4149.5,4146.8,4149.5,4146.8,5620
2025-11-27 14:10:00,MSS,long,4146.3,4143.3,4151.1,4143.3,4151.1,5624
2025-11-27 14:25:00,BOS,long,4146.8,4143.3,4152.5,4143.3,4152.5,5624
2025-11-27 15:15:00,BOS,long,4156.0,4153.7,4159.7,4153.7,4159.7,5632
2025-11-27 16:15:00,BOS,long,4158.0,4156.6,4160.2,4156.6,4160.2,5636
2025-11-27 17:00:00,MSS,short,4159.7,4162.6,4155.0,4162.6,4155.0,5643
2025-11-27 18:40:00,BOS,short,4151.4,4152.0,4150.5,4152.0,4150.5,5651
2025-11-27 19:05:00,MSS,long,4151.7,4150.5,4153.7,4150.5,4153.7,5652
2025-11-27 20:55:00,MSS,short,4155.2,4155.9,4154.0,4155.9,4154.0,5657
2025-11-27 21:55:00,BOS,short,4152.9,4153.7,4151.7,4153.7,4151.7,5661
2025-11-27 22:35:00,MSS,long,4153.6,4151.7,4156.7,4151.7,4156.7,5664
2025-11-27 22:50:00,MSS,short,4154.6,4156.7,4151.2,4156.7,4151.2,5666
2025-11-28 00:25:00,BOS,short,4153.2,4156.0,4148.8,4156.0,4148.8,5669
2025-11-28 02:00:00,MSS,long,4153.7,4152.4,4155.8,4152.4,4155.8,5673
2025-11-28 07:00:00,BOS,long,4154.8,4153.3,4157.3,4153.3,4157.3,5675
2025-11-28 22:25:00,BOS,long,4190.4,4185.0,4199.2,4185.0,4199.2,5687
2025-11-28 22:40:00,BOS,long,4198.0,4196.2,4200.8,4196.2,4200.8,5691
2025-11-28 22:55:00,MSS,short,4198.6,4200.8,4195.1,4200.8,4195.1,5692
2025-11-28 23:10:00,BOS,short,4194.4,4198.0,4188.7,4198.0,4188.7,5694
2025-11-28 23:50:00,MSS,long,4192.4,4188.7,4198.3,4188.7,4198.3,5695
2025-11-29 01:40:00,BOS,long,4207.2,4205.3,4210.4,4205.3,4210.4,5700
2025-12-01 07:00:00,BOS,long,4223.7,4219.3,4230.7,4219.3,4230.7,5709
2025-12-01 07:05:00,MSS,short,4221.6,4230.7,4207.0,4230.7,4207.0,5711
2025-12-01 09:55:00,MSS,long,4235.7,4225.0,4253.0,4225.0,4253.0,5715
2025-12-01 10:25:00,MSS,short,4245.5,4248.0,4241.4,4248.0,4241.4,5719
2025-12-01 13:25:00,BOS,short,4229.2,4237.9,4215.0,4237.9,4215.0,5726
2025-12-01 14:45:00,MSS,long,4223.8,4215.0,4238.1,4215.0,4238.1,5727
2025-12-01 15:25:00,BOS,long,4238.6,4237.6,4240.1,4237.6,4240.1,5730
2025-12-01 18:55:00,BOS,long,4246.2,4240.9,4254.7,4240.9,4254.7,5736
2025-12-01 19:40:00,BOS,long,4255.0,4254.2,4256.4,4254.2,4256.4,5739
2025-12-01 20:00:00,MSS,short,4254.1,4256.4,4250.5,4256.4,4250.5,5740
2025-12-01 20:10:00,BOS,short,4249.9,4251.1,4248.0,4251.1,4248.0,5742
2025-12-01 20:15:00,MSS,long,4249.6,4248.0,4252.2,4248.0,4252.2,5743
2025-12-01 22:00:00,MSS,short,4254.6,4262.0,4242.7,4262.0,4242.7,5745
2025-12-01 22:35:00,BOS,short,4237.5,4246.1,4223.7,4246.1,4223.7,5750
2025-12-01 23:20:00,BOS,short,4229.9,4237.9,4217.0,4237.9,4217.0,5754
2025-12-02 01:55:00,MSS,long,4226.9,4225.0,4230.0,4225.0,4230.0,5764
2025-12-02 03:55:00,BOS,long,4229.7,4225.0,4237.2,4225.0,4237.2,5764
2025-12-02 07:10:00,MSS,short,4235.3,4237.0,4232.5,4237.0,4232.5,5769
2025-12-02 13:45:00,MSS,long,4215.5,4212.0,4221.2,4212.0,4221.2,5779
2025-12-02 14:20:00,MSS,short,4216.0,4221.2,4207.5,4221.2,4207.5,5781
2025-12-02 17:20:00,BOS,short,4204.1,4208.2,4197.5,4208.2,4197.5,5785
2025-12-02 18:20:00,BOS,short,4187.1,4189.0,4183.9,4189.0,4183.9,5791
2025-12-02 19:00:00,BOS,short,4184.6,4185.6,4183.1,4185.6,4183.1,5793
2025-12-02 19:15:00,MSS,long,4184.5,4183.1,4186.7,4183.1,4186.7,5794
2025-12-02 23:30:00,MSS,short,4205.4,4220.4,4181.1,4220.4,4181.1,5801
2025-12-03 04:30:00,MSS,long,4186.9,4177.7,4201.8,4177.7,4201.8,5807
2025-12-03 07:20:00,BOS,long,4199.1,4194.9,4206.0,4194.9,4206.0,5810
2025-12-03 17:05:00,MSS,short,4203.0,4204.8,4200.0,4204.8,4200.0,5820
2025-12-03 21:20:00,MSS,long,4204.1,4194.5,4219.6,4194.5,4219.6,5823
2025-12-04 05:30:00,MSS,short,4206.6,4207.8,4204.7,4207.8,4204.7,5827
2025-12-04 22:05:00,MSS,long,4194.2,4190.0,4201.0,4190.0,4201.0,5841
2025-12-04 23:05:00,MSS,short,4201.5,4206.2,4193.8,4206.2,4193.8,5848
2025-12-05 00:40:00,MSS,long,4199.3,4193.8,4208.2,4193.8,4208.2,5849
2025-12-05 12:05:00,BOS,long,4204.1,4199.8,4211.0,4199.8,4211.0,5851
2025-12-05 22:55:00,BOS,long,4230.9,4221.8,4245.7,4221.8,4245.7,5858
2025-12-05 23:40:00,BOS,long,4247.4,4241.5,4257.0,4241.5,4257.0,5860
2025-12-06 00:05:00,MSS,short,4250.1,4257.0,4239.0,4257.0,4239.0,5861
2025-12-08 10:30:00,BOS,short,4204.5,4209.1,4197.0,4209.1,4197.0,5870
2025-12-08 16:00:00,MSS,long,4201.3,4197.0,4208.3,4197.0,4208.3,5871
2025-12-08 23:05:00,MSS,short,4197.5,4208.3,4180.0,4208.3,4180.0,5873
2025-12-09 02:50:00,MSS,long,4184.2,4180.0,4191.1,4180.0,4191.1,5879
2025-12-09 14:00:00,MSS,short,4187.8,4194.0,4177.9,4194.0,4177.9,5882
2025-12-09 17:05:00,MSS,long,4187.9,4177.9,4204.0,4177.9,4204.0,5884
2025-12-09 22:20:00,MSS,short,4201.1,4205.2,4194.4,4205.2,4194.4,5892
2025-12-09 23:55:00,MSS,long,4202.1,4194.4,4214.5,4194.4,4214.5,5893
2025-12-10 09:35:00,BOS,long,4208.6,4204.0,4216.1,4204.0,4216.1,5896
2025-12-10 17:50:00,MSS,short,4207.8,4216.9,4193.2,4216.9,4193.2,5900
2025-12-11 02:35:00,BOS,short,4196.5,4198.7,4193.0,4198.7,4193.0,5903
2025-12-11 05:05:00,MSS,long,4206.9,4193.0,4229.3,4193.0,4229.3,5905
2025-12-11 23:50:00,BOS,long,4227.3,4204.7,4263.9,4204.7,4263.9,5910
2025-12-12 15:10:00,BOS,long,4286.1,4281.9,4292.8,4281.9,4292.8,5916
2025-12-12 23:25:00,MSS,short,4329.2,4347.4,4299.8,4347.4,4299.8,5925
2025-12-15 21:00:00,MSS,long,4304.0,4275.5,4350.0,4275.5,4350.0,5928
2025-12-16 15:10:00,MSS,short,4301.2,4312.5,4283.0,4312.5,4283.0,5935
2025-12-17 20:30:00,MSS,long,4310.8,4304.0,4321.7,4304.0,4321.7,5939
2025-12-18 09:25:00,MSS,short,4343.1,4350.0,4332.0,4350.0,4332.0,5944
2025-12-18 22:40:00,BOS,short,4338.7,4349.7,4321.0,4349.7,4321.0,5947
2025-12-19 11:00:00,BOS,short,4331.8,4339.7,4319.1,4339.7,4319.1,5950
2025-12-22 10:00:00,MSS,long,4346.9,4319.1,4391.9,4319.1,4391.9,5951
2025-12-22 11:45:00,BOS,long,4392.7,4388.2,4400.0,4388.2,4400.0,5953
2025-12-22 22:55:00,BOS,long,4425.0,4420.0,4433.0,4420.0,4433.0,5958
2025-12-26 22:20:00,BOS,long,4489.1,4457.9,4539.5,4457.9,4539.5,5971
2025-12-26 23:30:00,BOS,long,4544.9,4538.7,4555.0,4538.7,4555.0,5974
2025-12-29 07:30:00,MSS,short,4546.0,4547.0,4544.4,4547.0,4544.4,5978
2025-12-30 08:35:00,BOS,short,4363.1,4366.5,4357.6,4366.5,4357.6,5985
2025-12-30 09:00:00,BOS,short,4350.5,4356.0,4341.7,4356.0,4341.7,5991
2025-12-30 09:15:00,MSS,long,4346.4,4339.0,4358.4,4339.0,4358.4,5993
2025-12-30 09:40:00,BOS,long,4353.2,4346.3,4364.3,4346.3,4364.3,5998
2025-12-30 10:45:00,BOS,long,4367.1,4362.6,4374.5,4362.6,4374.5,6011
2025-12-30 11:20:00,BOS,long,4374.2,4370.5,4380.3,4370.5,4380.3,6017
2025-12-30 11:50:00,MSS,short,4376.5,4379.3,4371.9,4379.3,4371.9,6025
2025-12-30 12:20:00,MSS,long,4373.9,4371.7,4377.5,4371.7,4377.5,6029
2025-12-30 12:35:00,BOS,long,4378.6,4376.1,4382.7,4376.1,4382.7,6034
2025-12-30 13:05:00,MSS,short,4377.1,4379.4,4373.3,4379.4,4373.3,6040
2025-12-30 13:20:00,MSS,long,4379.0,4373.3,4388.3,4373.3,4388.3,6041
2025-12-30 14:15:00,MSS,short,4387.9,4391.0,4382.9,4391.0,4382.9,6054
2025-12-30 14:35:00,BOS,short,4381.0,4384.6,4375.1,4384.6,4375.1,6058
2025-12-30 15:10:00,MSS,long,4378.1,4374.5,4383.9,4374.5,4383.9,6065
2025-12-30 15:35:00,BOS,long,4384.1,4380.8,4389.4,4380.8,4389.4,6068
2025-12-30 16:00:00,MSS,short,4390.9,4398.5,4378.7,4398.5,4378.7,6074
2025-12-30 16:20:00,BOS,short,4384.8,4390.0,4376.3,4390.0,4376.3,6078
2025-12-30 16:50:00,MSS,long,4372.9,4369.2,4378.8,4369.2,4378.8,6085
2025-12-30 17:50:00,BOS,long,4384.9,4382.8,4388.3,4382.8,4388.3,6096
2025-12-30 18:10:00,BOS,long,4386.4,4383.4,4391.3,4383.4,4391.3,6101
2025-12-30 19:05:00,BOS,long,4398.5,4394.4,4405.2,4394.4,4405.2,6109
2025-12-30 19:45:00,MSS,short,4402.5,4405.3,4398.0,4405.3,4398.0,6117
2025-12-30 20:10:00,MSS,long,4402.8,4396.6,4412.8,4396.6,4412.8,6122
2025-12-30 20:35:00,BOS,long,4410.7,4407.5,4415.9,4407.5,4415.9,6129
2025-12-30 21:15:00,MSS,short,4415.2,4420.5,4406.6,4420.5,4406.6,6136
2025-12-30 21:30:00,BOS,short,4405.4,4413.7,4391.9,4413.7,4391.9,6141
2025-12-30 22:25:00,MSS,long,4400.3,4396.2,4407.0,4396.2,4407.0,6151
2025-12-30 22:35:00,MSS,short,4400.7,4407.8,4389.3,4407.8,4389.3,6154
2025-12-31 00:05:00,BOS,short,4381.7,4387.5,4372.2,4387.5,4372.2,6171
2025-12-31 00:55:00,MSS,long,4385.1,4378.3,4396.1,4378.3,4396.1,6179
2025-12-31 01:45:00,MSS,short,4387.7,4392.6,4379.7,4392.6,4379.7,6189
2025-12-31 03:30:00,BOS,short,4380.3,4382.9,4376.1,4382.9,4376.1,6213
2025-12-31 03:45:00,BOS,short,4374.8,4382.9,4361.7,4382.9,4361.7,6213
2025-12-31 04:30:00,MSS,long,4359.5,4353.0,4369.9,4353.0,4369.9,6221
2025-12-31 05:40:00,BOS,long,4362.6,4361.3,4364.8,4361.3,4364.8,6238
2025-12-31 05:50:00,MSS,short,4359.6,4364.8,4351.1,4364.8,4351.1,6240
2025-12-31 07:25:00,BOS,short,4353.5,4359.5,4343.9,4359.5,4343.9,6244
2025-12-31 08:25:00,BOS,short,4351.2,4355.2,4344.7,4355.2,4344.7,6260
2025-12-31 09:00:00,MSS,long,4353.8,4348.6,4362.3,4348.6,4362.3,6266
2025-12-31 09:20:00,BOS,long,4364.0,4360.8,4369.3,4360.8,4369.3,6271
2025-12-31 09:30:00,BOS,long,4368.9,4364.8,4375.5,4364.8,4375.5,6273
2025-12-31 10:10:00,MSS,short,4379.7,4383.4,4373.7,4383.4,4373.7,6281
2025-12-31 10:45:00,BOS,short,4376.2,4382.9,4365.4,4382.9,4365.4,6288
2025-12-31 11:20:00,BOS,short,4364.4,4371.7,4352.5,4371.7,4352.5,6294
2025-12-31 12:50:00,BOS,short,4357.1,4360.7,4351.4,4360.7,4351.4,6309
2025-12-31 13:40:00,BOS,short,4343.2,4354.4,4325.2,4354.4,4325.2,6321
2025-12-31 14:15:00,MSS,long,4296.8,4284.5,4316.8,4284.5,4316.8,6328
2025-12-31 14:25:00,BOS,long,4309.6,4303.2,4320.0,4303.2,4320.0,6331
2025-12-31 14:45:00,BOS,long,4324.2,4320.5,4330.3,4320.5,4330.3,6336
2025-12-31 15:10:00,BOS,long,4338.9,4335.9,4343.7,4335.9,4343.7,6341
2025-12-31 15:45:00,MSS,short,4343.6,4346.3,4339.3,4346.3,4339.3,6347
2025-12-31 16:05:00,BOS,short,4340.2,4344.6,4333.2,4344.6,4333.2,6352
2025-12-31 16:40:00,BOS,short,4335.6,4339.6,4329.0,4339.6,4329.0,6356
2025-12-31 17:20:00,MSS,long,4326.8,4322.8,4333.4,4322.8,4333.4,6367
2025-12-31 18:25:00,MSS,short,4338.9,4343.3,4331.9,4343.3,4331.9,6379
2025-12-31 19:45:00,MSS,long,4323.7,4320.6,4328.7,4320.6,4328.7,6396
2025-12-31 20:20:00,MSS,short,4320.4,4323.6,4315.1,4323.6,4315.1,6402
2025-12-31 20:35:00,MSS,long,4319.6,4314.6,4327.7,4314.6,4327.7,6405
2025-12-31 21:05:00,MSS,short,4325.9,4329.5,4320.2,4329.5,4320.2,6412
2025-12-31 21:20:00,MSS,long,4327.3,4320.2,4338.7,4320.2,4338.7,6413
2025-12-31 22:30:00,BOS,long,4352.3,4346.1,4362.2,4346.1,4362.2,6429
2025-12-31 23:05:00,MSS,short,4359.5,4367.8,4346.2,4367.8,4346.2,6435
2025-12-31 23:25:00,MSS,long,4345.2,4340.5,4352.7,4340.5,4352.7,6440
2026-01-01 00:10:00,MSS,short,4346.4,4353.3,4335.3,4353.3,4335.3,6448
2026-01-01 00:40:00,BOS,short,4339.5,4343.7,4332.6,4343.7,4332.6,6453
2026-01-01 01:30:00,MSS,long,4334.6,4331.5,4339.5,4331.5,4339.5,6464
2026-01-01 01:55:00,MSS,short,4338.0,4340.7,4333.7,4340.7,4333.7,6469
2026-01-01 02:10:00,MSS,long,4336.6,4333.7,4341.3,4333.7,4341.3,6471
2026-01-01 02:30:00,MSS,short,4338.7,4342.9,4331.9,4342.9,4331.9,6477
2026-01-01 03:30:00,BOS,short,4330.1,4333.7,4324.4,4333.7,4324.4,6488
2026-01-01 04:00:00,BOS,short,4323.2,4327.1,4316.8,4327.1,4316.8,6493
2026-01-01 04:10:00,MSS,long,4321.3,4316.8,4328.5,4316.8,4328.5,6496
2026-01-01 04:30:00,BOS,long,4330.1,4325.7,4337.3,4325.7,4337.3,6500
2026-01-01 04:50:00,MSS,short,4330.9,4337.8,4319.8,4337.8,4319.8,6504
2026-01-01 05:15:00,BOS,short,4325.7,4327.9,4322.1,4327.9,4322.1,6510
2026-01-01 05:35:00,MSS,long,4324.2,4320.6,4330.0,4320.6,4330.0,6512
2026-01-01 05:50:00,BOS,long,4329.2,4327.9,4331.4,4327.9,4331.4,6517
2026-01-02 07:20:00,BOS,long,4346.3,4341.6,4353.9,4341.6,4353.9,6523
2026-01-02 07:40:00,BOS,long,4348.3,4341.6,4359.1,4341.6,4359.1,6523
2026-01-02 07:50:00,BOS,long,4355.2,4351.6,4360.9,4351.6,4360.9,6528
2026-01-02 08:20:00,MSS,short,4362.2,4366.3,4355.5,4366.3,4355.5,6534
2026-01-02 08:45:00,MSS,long,4362.5,4359.7,4366.9,4359.7,4366.9,6540
2026-01-02 09:05:00,MSS,short,4365.2,4369.4,4358.3,4369.4,4358.3,6543
2026-01-02 09:45:00,MSS,long,4361.5,4358.9,4365.6,4358.9,4365.6,6552
2026-01-02 10:10:00,MSS,short,4363.1,4365.7,4358.9,4365.7,4358.9,6556
2026-01-02 10:35:00,MSS,long,4361.3,4358.2,4366.3,4358.2,4366.3,6561
2026-01-02 12:00:00,BOS,long,4386.7,4384.1,4390.9,4384.1,4390.9,6579
2026-01-02 13:05:00,BOS,long,4386.4,4383.5,4391.2,4383.5,4391.2,6592
2026-01-02 13:50:00,BOS,long,4392.3,4390.7,4394.8,4390.7,4394.8,6600
2026-01-02 14:00:00,MSS,short,4392.9,4394.8,4389.9,4394.8,4389.9,6602
2026-01-02 14:20:00,MSS,long,4388.8,4386.4,4392.6,4386.4,4392.6,6607
2026-01-02 15:05:00,MSS,short,4387.2,4388.6,4385.0,4388.6,4385.0,6616
2026-01-02 15:10:00,MSS,long,4387.0,4385.0,4390.3,4385.0,4390.3,6617
2026-01-02 15:20:00,MSS,short,4387.9,4390.3,4384.1,4390.3,4384.1,6618
2026-01-02 15:30:00,MSS,long,4387.2,4384.1,4392.3,4384.1,4392.3,6620
2026-01-02 15:55:00,BOS,long,4390.5,4387.3,4395.6,4387.3,4395.6,6625
2026-01-02 16:05:00,BOS,long,4394.6,4392.6,4397.9,4392.6,4397.9,6628
2026-01-02 16:30:00,BOS,long,4396.5,4393.6,4401.3,4393.6,4401.3,6632
2026-01-02 17:20:00,MSS,short,4400.6,4404.0,4395.1,4404.0,4395.1,6643
2026-01-02 17:55:00,BOS,short,4399.9,4401.7,4397.1,4401.7,4397.1,6649
2026-01-02 18:35:00,MSS,long,4400.9,4397.1,4407.0,4397.1,4407.0,6658
2026-01-02 19:35:00,MSS,short,4408.9,4412.0,4403.9,4412.0,4403.9,6669
2026-01-02 19:50:00,BOS,short,4406.3,4408.2,4403.1,4408.2,4403.1,6672
2026-01-02 20:05:00,MSS,long,4405.2,4402.9,4409.0,4402.9,4409.0,6675
2026-01-02 20:40:00,MSS,short,4405.5,4410.6,4397.3,4410.6,4397.3,6680
2026-01-02 21:10:00,MSS,long,4403.5,4397.3,4413.4,4397.3,4413.4,6684
2026-01-02 21:20:00,MSS,short,4405.9,4415.0,4391.1,4415.0,4391.1,6691
2026-01-02 22:30:00,BOS,short,4378.4,4385.9,4366.3,4385.9,4366.3,6704
2026-01-02 23:00:00,BOS,short,4366.7,4375.2,4353.0,4375.2,4353.0,6709
2026-01-03 00:00:00,BOS,short,4349.5,4358.4,4335.1,4358.4,4335.1,6721
2026-01-03 00:40:00,MSS,long,4330.7,4325.6,4339.0,4325.6,4339.0,6730
2026-01-03 01:55:00,MSS,short,4336.4,4338.7,4332.6,4338.7,4332.6,6745
2026-01-03 03:35:00,MSS,long,4330.1,4326.4,4336.0,4326.4,4336.0,6764
2026-01-03 04:15:00,BOS,long,4329.3,4327.3,4332.5,4327.3,4332.5,6772
2026-01-03 04:55:00,BOS,long,4337.8,4335.6,4341.4,4335.6,4341.4,6781
2026-01-03 05:50:00,BOS,long,4339.2,4337.0,4342.7,4337.0,4342.7,6792
2026-01-05 07:50:00,BOS,long,4371.5,4363.2,4384.9,4363.2,4384.9,6802
2026-01-05 08:10:00,BOS,long,4382.8,4378.8,4389.3,4378.8,4389.3,6809
2026-01-05 08:55:00,BOS,long,4398.9,4394.6,4405.8,4394.6,4405.8,6817
2026-01-05 10:05:00,MSS,short,4407.8,4414.4,4397.1,4414.4,4397.1,6832
2026-01-05 11:00:00,MSS,long,4412.9,4407.4,4421.9,4407.4,4421.9,6841
2026-01-05 11:55:00,MSS,short,4415.3,4419.7,4408.3,4419.7,4408.3,6852
2026-01-05 12:20:00,MSS,long,4410.7,4407.6,4415.6,4407.6,4415.6,6858
2026-01-05 13:10:00,BOS,long,4414.5,4412.0,4418.6,4412.0,4418.6,6867
2026-01-05 13:25:00,BOS,long,4418.3,4416.0,4422.0,4416.0,4422.0,6872
2026-01-05 13:40:00,MSS,short,4418.7,4423.6,4410.9,4423.6,4410.9,6874
2026-01-05 14:10:00,MSS,long,4417.3,4410.1,4428.9,4410.1,4428.9,6877
2026-01-05 15:40:00,BOS,long,4430.7,4428.1,4434.8,4428.1,4434.8,6897
2026-01-05 16:10:00,BOS,long,4431.5,4429.0,4435.5,4429.0,4435.5,6904
2026-01-05 16:45:00,BOS,long,4437.1,4433.5,4443.0,4433.5,4443.0,6910
2026-01-05 17:20:00,BOS,long,4439.9,4436.7,4445.0,4436.7,4445.0,6917
2026-01-05 17:40:00,BOS,long,4444.6,4441.7,4449.3,4441.7,4449.3,6923
2026-01-05 19:00:00,MSS,short,4448.4,4451.6,4443.1,4451.6,4443.1,6938
2026-01-05 19:15:00,BOS,short,4442.8,4445.4,4438.7,4445.4,4438.7,6942
2026-01-05 20:20:00,BOS,short,4429.6,4432.5,4424.9,4432.5,4424.9,6954
2026-01-05 21:20:00,BOS,short,4420.5,4424.8,4413.6,4424.8,4413.6,6967
2026-01-05 21:45:00,MSS,long,4414.4,4406.7,4426.9,4406.7,4426.9,6970
2026-01-05 21:55:00,BOS,long,4415.3,4406.7,4429.3,4406.7,4429.3,6970
2026-01-05 22:40:00,BOS,long,4433.3,4428.6,4441.0,4428.6,4441.0,6983
2026-01-06 00:45:00,BOS,long,4455.4,4450.9,4462.6,4450.9,4462.6,7006
2026-01-06 01:00:00,MSS,short,4457.6,4465.9,4444.2,4465.9,4444.2,7010
2026-01-06 01:40:00,BOS,short,4455.0,4459.2,4448.2,4459.2,4448.2,7019
2026-01-06 02:10:00,MSS,long,4454.8,4452.3,4458.8,4452.3,4458.8,7024
2026-01-06 02:25:00,MSS,short,4456.0,4459.4,4450.5,4459.4,4450.5,7027
2026-01-06 02:50:00,MSS,long,4455.5,4453.7,4458.4,4453.7,4458.4,7033
2026-01-06 03:05:00,MSS,short,4455.1,4460.7,4446.0,4460.7,4446.0,7036
2026-01-06 04:40:00,BOS,short,4454.2,4457.9,4448.3,4457.9,4448.3,7052
2026-01-06 05:45:00,MSS,long,4457.6,4456.3,4459.8,4456.3,4459.8,7068
2026-01-06 07:30:00,MSS,short,4462.6,4471.3,4448.6,4471.3,4448.6,7074
2026-01-06 08:30:00,BOS,short,4450.6,4453.0,4446.7,4453.0,4446.7,7087
2026-01-06 09:00:00,BOS,short,4444.7,4449.1,4437.5,4449.1,4437.5,7095
2026-01-06 09:10:00,MSS,long,4443.4,4437.5,4452.9,4437.5,4452.9,7096
2026-01-06 09:50:00,BOS,long,4452.1,4448.2,4458.4,4448.2,4458.4,7105
2026-01-06 11:05:00,BOS,long,4464.1,4461.3,4468.7,4461.3,4468.7,7119
2026-01-06 11:55:00,BOS,long,4476.5,4475.0,4478.9,4475.0,4478.9,7130
2026-01-06 12:40:00,MSS,short,4474.9,4477.0,4471.5,4477.0,4471.5,7138
2026-01-06 12:50:00,MSS,long,4474.0,4471.5,4478.0,4471.5,4478.0,7140
2026-01-06 13:30:00,BOS,long,4480.9,4478.2,4485.2,4478.2,4485.2,7149
2026-01-06 13:35:00,MSS,short,4480.8,4485.2,4473.8,4485.2,4473.8,7150
2026-01-06 14:25:00,MSS,long,4467.9,4465.6,4471.7,4465.6,4471.7,7159
2026-01-06 15:05:00,BOS,long,4474.8,4471.2,4480.6,4471.2,4480.6,7165
2026-01-06 15:50:00,MSS,short,4474.3,4477.1,4469.8,4477.1,4469.8,7174
2026-01-06 16:15:00,MSS,long,4472.5,4470.3,4476.0,4470.3,4476.0,7182
2026-01-06 17:00:00,MSS,short,4477.7,4480.2,4473.6,4480.2,4473.6,7191
2026-01-06 18:35:00,MSS,long,4461.2,4458.3,4466.0,4458.3,4466.0,7210
2026-01-06 19:20:00,BOS,long,4460.5,4458.5,4463.8,4458.5,4463.8,7219
2026-01-06 19:50:00,BOS,long,4470.4,4468.3,4473.7,4468.3,4473.7,7224
2026-01-06 20:15:00,MSS,short,4473.9,4475.4,4471.6,4475.4,4471.6,7228
2026-01-06 20:20:00,MSS,long,4473.4,4471.6,4476.4,4471.6,4476.4,7231
2026-01-06 20:35:00,MSS,short,4474.5,4477.1,4470.3,4477.1,4470.3,7234
2026-01-06 20:55:00,MSS,long,4472.1,4470.0,4475.4,4470.0,4475.4,7238
2026-01-06 21:10:00,BOS,long,4473.4,4470.1,4478.8,4470.1,4478.8,7240
2026-01-06 21:25:00,MSS,short,4476.1,4481.4,4467.5,4481.4,4467.5,7243
2026-01-06 21:50:00,MSS,long,4470.1,4466.9,4475.3,4466.9,4475.3,7249
2026-01-06 22:10:00,BOS,long,4471.3,4464.0,4483.0,4464.0,4483.0,7250
2026-01-06 22:30:00,BOS,long,4480.3,4474.6,4489.6,4474.6,4489.6,7256
2026-01-06 22:50:00,BOS,long,4491.3,4486.7,4498.7,4486.7,4498.7,7260
2026-01-06 23:15:00,MSS,short,4495.3,4501.8,4484.7,4501.8,4484.7,7264
2026-01-06 23:30:00,BOS,short,4486.6,4492.8,4476.6,4492.8,4476.6,7269
2026-01-07 00:25:00,MSS,long,4487.2,4481.7,4496.1,4481.7,4496.1,7277
2026-01-07 01:40:00,MSS,short,4496.5,4499.7,4491.4,4499.7,4491.4,7295
2026-01-07 01:50:00,MSS,long,4495.0,4491.4,4500.7,4491.4,4500.7,7296
2026-01-07 02:30:00,MSS,short,4499.8,4504.5,4492.3,4504.5,4492.3,7303
2026-01-07 04:10:00,MSS,long,4492.8,4489.8,4497.6,4489.8,4497.6,7322
2026-01-07 04:40:00,BOS,long,4496.6,4494.1,4500.6,4494.1,4500.6,7330
2026-01-07 04:55:00,BOS,long,4502.0,4498.7,4507.3,4498.7,4507.3,7334
2026-01-07 05:30:00,BOS,long,4503.8,4502.3,4506.3,4502.3,4506.3,7338
2026-01-07 05:45:00,BOS,long,4504.5,4502.3,4508.1,4502.3,4508.1,7338
2026-01-07 05:50:00,MSS,short,4507.0,4508.1,4505.1,4508.1,4505.1,7345
2026-01-07 07:00:00,MSS,long,4506.8,4504.8,4510.1,4504.8,4510.1,7347
2026-01-07 07:20:00,BOS,long,4507.8,4505.4,4511.6,4505.4,4511.6,7350
2026-01-07 07:45:00,MSS,short,4509.0,4512.2,4503.9,4512.2,4503.9,7353
2026-01-07 08:35:00,BOS,short,4502.6,4505.1,4498.5,4505.1,4498.5,7366
2026-01-07 09:05:00,BOS,short,4497.8,4507.1,4482.8,4507.1,4482.8,7372
2026-01-07 09:30:00,BOS,short,4485.1,4490.3,4476.7,4490.3,4476.7,7377
2026-01-07 10:05:00,MSS,long,4474.7,4470.2,4482.1,4470.2,4482.1,7384
2026-01-07 10:35:00,BOS,long,4483.1,4479.2,4489.3,4479.2,4489.3,7389
2026-01-07 11:15:00,BOS,long,4486.0,4482.6,4491.4,4482.6,4491.4,7398
2026-01-07 11:55:00,MSS,short,4487.9,4490.1,4484.4,4490.1,4484.4,7403
2026-01-07 12:25:00,BOS,short,4484.9,4490.1,4476.4,4490.1,4476.4,7403
2026-01-07 12:35:00,BOS,short,4478.5,4481.7,4473.2,4481.7,4473.2,7413
2026-01-07 13:05:00,MSS,long,4475.0,4473.4,4477.5,4473.4,4477.5,7420
2026-01-07 13:30:00,MSS,short,4473.7,4480.5,4462.8,4480.5,4462.8,7425
2026-01-07 14:30:00,BOS,short,4465.7,4470.1,4458.6,4470.1,4458.6,7436
2026-01-07 15:15:00,MSS,long,4455.8,4452.0,4461.9,4452.0,4461.9,7444
2026-01-07 16:05:00,BOS,long,4472.2,4470.2,4475.4,4470.2,4475.4,7456
2026-01-07 16:35:00,BOS,long,4476.8,4473.3,4482.4,4473.3,4482.4,7461
2026-01-07 17:00:00,MSS,short,4477.9,4480.5,4473.7,4480.5,4473.7,7466
2026-01-07 17:50:00,MSS,long,4471.9,4469.7,4475.4,4469.7,4475.4,7477
2026-01-07 18:25:00,MSS,short,4473.3,4476.5,4468.2,4476.5,4468.2,7483
2026-01-07 19:30:00,BOS,short,4470.4,4474.1,4464.5,4474.1,4464.5,7495
2026-01-07 19:55:00,BOS,short,4461.2,4464.3,4456.1,4464.3,4456.1,7502
2026-01-07 20:15:00,BOS,short,4458.5,4464.3,4449.2,4464.3,4449.2,7502
2026-01-07 20:25:00,MSS,long,4452.8,4448.5,4459.8,4448.5,4459.8,7508
2026-01-07 21:05:00,MSS,short,4451.1,4459.4,4437.8,4459.4,4437.8,7516
2026-01-07 21:50:00,MSS,long,4452.9,4447.4,4461.9,4447.4,4461.9,7523
2026-01-07 22:20:00,MSS,short,4459.1,4463.3,4452.2,4463.3,4452.2,7531
2026-01-07 23:10:00,BOS,short,4447.5,4454.8,4435.8,4454.8,4435.8,7541
2026-01-07 23:30:00,MSS,long,4443.4,4433.0,4460.2,4433.0,4460.2,7543
2026-01-08 00:20:00,BOS,long,4461.2,4454.7,4471.7,4454.7,4471.7,7555
2026-01-08 01:05:00,MSS,short,4475.3,4478.3,4470.5,4478.3,4470.5,7561
2026-01-08 01:40:00,BOS,short,4469.9,4472.1,4466.3,4472.1,4466.3,7570
2026-01-08 02:30:00,MSS,long,4460.8,4457.1,4466.8,4457.1,4466.8,7579
2026-01-08 03:15:00,MSS,short,4461.3,4465.3,4454.8,4465.3,4454.8,7589
2026-01-08 03:50:00,MSS,long,4463.8,4461.6,4467.4,4461.6,4467.4,7597
2026-01-08 04:15:00,BOS,long,4467.5,4465.0,4471.5,4465.0,4471.5,7602
2026-01-08 04:55:00,MSS,short,4466.3,4469.8,4460.7,4469.8,4460.7,7610
2026-01-08 05:50:00,MSS,long,4464.2,4463.0,4466.2,4463.0,4466.2,7621
2026-01-08 07:55:00,BOS,long,4470.0,4468.3,4472.8,4468.3,4472.8,7633
2026-01-08 08:20:00,MSS,short,4472.2,4475.3,4467.1,4475.3,4467.1,7639
2026-01-08 08:40:00,BOS,short,4464.3,4467.8,4458.7,4467.8,4458.7,7642
2026-01-08 09:05:00,MSS,long,4458.8,4452.6,4468.8,4452.6,4468.8,7648
2026-01-08 09:30:00,MSS,short,4465.3,4469.1,4459.2,4469.1,4459.2,7652
2026-01-08 10:30:00,BOS,short,4449.3,4452.5,4444.0,4452.5,4444.0,7665
2026-01-08 11:05:00,MSS,long,4446.0,4441.9,4452.6,4441.9,4452.6,7667
2026-01-08 12:35:00,MSS,short,4446.6,4448.9,4442.9,4448.9,4442.9,7686
2026-01-08 13:05:00,BOS,short,4439.4,4441.7,4435.6,4441.7,4435.6,7694
2026-01-08 13:40:00,BOS,short,4432.5,4438.0,4423.7,4438.0,4423.7,7700
2026-01-08 14:20:00,MSS,long,4429.0,4426.1,4433.8,4426.1,4433.8,7711
2026-01-08 15:05:00,BOS,long,4442.9,4439.9,4447.7,4439.9,4447.7,7720
2026-01-08 15:40:00,MSS,short,4443.1,4445.5,4439.1,4445.5,4439.1,7725
2026-01-08 16:00:00,BOS,short,4438.6,4442.0,4433.2,4442.0,4433.2,7731
2026-01-08 16:30:00,BOS,short,4437.5,4441.4,4431.1,4441.4,4431.1,7734
2026-01-08 17:10:00,BOS,short,4441.3,4443.3,4438.0,4443.3,4438.0,7744
2026-01-08 18:05:00,BOS,short,4439.2,4441.4,4435.7,4441.4,4435.7,7755
2026-01-08 18:15:00,BOS,short,4437.8,4441.4,4431.9,4441.4,4431.9,7755
2026-01-08 18:30:00,MSS,long,4433.9,4430.3,4439.7,4430.3,4439.7,7760
2026-01-08 19:05:00,MSS,short,4440.3,4442.1,4437.4,4442.1,4437.4,7767
2026-01-08 19:50:00,BOS,short,4434.6,4436.7,4431.2,4436.7,4431.2,7776
2026-01-08 20:25:00,MSS,long,4420.9,4415.2,4430.0,4415.2,4430.0,7783
2026-01-08 21:00:00,MSS,short,4436.0,4439.1,4430.9,4439.1,4430.9,7788
2026-01-08 21:20:00,MSS,long,4431.2,4425.0,4441.2,4425.0,4441.2,7794
2026-01-08 21:50:00,MSS,short,4439.9,4444.4,4432.6,4444.4,4432.6,7800
2026-01-08 22:20:00,MSS,long,4431.5,4427.6,4437.8,4427.6,4437.8,7807
2026-01-08 22:30:00,BOS,long,4433.1,4427.6,4442.0,4427.6,4442.0,7807
2026-01-08 22:45:00,BOS,long,4438.7,4433.7,4446.8,4433.7,4446.8,7812
2026-01-08 23:05:00,BOS,long,4443.0,4436.4,4453.7,4436.4,4453.7,7816
2026-01-08 23:50:00,MSS,short,4461.9,4464.9,4457.1,4464.9,4457.1,7825
2026-01-09 00:10:00,BOS,short,4463.3,4467.5,4456.4,4467.5,4456.4,7828
2026-01-09 00:30:00,MSS,long,4462.0,4456.2,4471.5,4456.2,4471.5,7831
2026-01-09 01:55:00,BOS,long,4470.5,4468.6,4473.6,4468.6,4473.6,7849
2026-01-09 02:00:00,MSS,short,4470.9,4473.6,4466.6,4473.6,4466.6,7851
2026-01-09 02:35:00,BOS,short,4462.3,4465.6,4457.0,4465.6,4457.0,7857
2026-01-09 03:05:00,BOS,short,4461.0,4464.4,4455.5,4464.4,4455.5,7861
2026-01-09 03:30:00,MSS,long,4457.6,4456.0,4460.1,4456.0,4460.1,7869
2026-01-09 04:00:00,BOS,long,4461.8,4458.4,4467.2,4458.4,4467.2,7874
2026-01-09 05:00:00,BOS,long,4485.1,4482.9,4488.6,4482.9,4488.6,7887
2026-01-09 07:45:00,MSS,short,4485.0,4486.8,4482.2,4486.8,4482.2,7908
2026-01-09 08:10:00,BOS,short,4484.7,4486.8,4481.3,4486.8,4481.3,7912
2026-01-09 08:50:00,BOS,short,4474.7,4478.1,4469.3,4478.1,4469.3,7918
2026-01-09 09:05:00,BOS,short,4470.2,4475.4,4461.8,4475.4,4461.8,7924
2026-01-09 09:40:00,MSS,long,4466.0,4461.9,4472.7,4461.9,4472.7,7928
2026-01-09 09:50:00,BOS,long,4467.7,4461.9,4477.2,4461.9,4477.2,7928
2026-01-09 10:35:00,MSS,short,4482.1,4485.0,4477.5,4485.0,4477.5,7942
2026-01-09 10:50:00,BOS,short,4479.9,4483.3,4474.3,4483.3,4474.3,7944
2026-01-09 12:10:00,BOS,short,4473.6,4475.2,4471.1,4475.2,4471.1,7960
2026-01-09 12:50:00,MSS,long,4471.5,4470.0,4473.9,4470.0,4473.9,7967
2026-01-09 13:20:00,MSS,short,4472.4,4475.8,4466.8,4475.8,4466.8,7971
2026-01-09 13:30:00,MSS,long,4471.8,4466.8,4479.8,4466.8,4479.8,7976
2026-01-09 14:25:00,BOS,long,4477.5,4474.4,4482.5,4474.4,4482.5,7986
2026-01-09 15:10:00,MSS,short,4482.7,4484.5,4479.7,4484.5,4479.7,7996
2026-01-09 15:35:00,MSS,long,4479.1,4477.6,4481.4,4477.6,4481.4,8001
2026-01-09 15:55:00,MSS,short,4480.8,4482.4,4478.1,4482.4,4478.1,8006
2026-01-09 16:05:00,MSS,long,4479.1,4475.1,4485.6,4475.1,4485.6,8008
2026-01-09 16:30:00,MSS,short,4482.3,4484.3,4479.0,4484.3,4479.0,8012
2026-01-09 17:15:00,MSS,long,4477.4,4472.6,4485.2,4472.6,4485.2,8018
2026-01-09 17:50:00,MSS,short,4481.6,4483.1,4479.2,4483.1,4479.2,8029
2026-01-09 18:25:00,BOS,short,4480.7,4482.8,4477.3,4482.8,4477.3,8034
2026-01-09 18:55:00,MSS,long,4478.0,4475.8,4481.6,4475.8,4481.6,8041
2026-01-09 19:45:00,BOS,long,4479.2,4477.9,4481.3,4477.9,4481.3,8052
2026-01-09 20:25:00,MSS,short,4484.3,4489.6,4475.6,4489.6,4475.6,8057
2026-01-09 21:00:00,MSS,long,4474.8,4472.1,4479.2,4472.1,4479.2,8067
2026-01-09 21:30:00,BOS,long,4480.8,4470.2,4498.0,4470.2,4498.0,8072
2026-01-09 22:10:00,BOS,long,4496.0,4489.7,4506.1,4489.7,4506.1,8081
2026-01-09 23:05:00,BOS,long,4496.4,4488.0,4510.0,4488.0,4510.0,8090
2026-01-10 01:05:00,BOS,long,4514.7,4511.3,4520.3,4511.3,4520.3,8112
2026-01-10 01:40:00,MSS,short,4516.5,4520.0,4510.9,4520.0,4510.9,8122
2026-01-10 02:30:00,MSS,long,4503.3,4498.6,4510.9,4498.6,4510.9,8132
2026-01-10 03:45:00,BOS,long,4507.3,4505.4,4510.3,4505.4,4510.3,8148
2026-01-10 04:10:00,BOS,long,4510.3,4506.6,4516.3,4506.6,4516.3,8152
2026-01-12 07:00:00,BOS,long,4522.7,4517.0,4532.0,4517.0,4532.0,8174
2026-01-12 07:40:00,BOS,long,4547.6,4543.2,4554.8,4543.2,4554.8,8183
2026-01-12 09:40:00,MSS,short,4591.1,4596.1,4583.0,4596.1,4583.0,8206
2026-01-12 10:30:00,MSS,long,4578.5,4576.0,4582.5,4576.0,4582.5,8215
2026-01-12 11:25:00,BOS,long,4590.3,4588.4,4593.3,4588.4,4593.3,8228
2026-01-12 11:30:00,MSS,short,4591.2,4593.3,4587.9,4593.3,4587.9,8229
2026-01-12 12:30:00,BOS,short,4580.7,4584.1,4575.2,4584.1,4575.2,8240
2026-01-12 13:15:00,MSS,long,4579.8,4577.0,4584.3,4577.0,4584.3,8248
2026-01-12 13:30:00,BOS,long,4581.9,4577.0,4589.7,4577.0,4589.7,8248
2026-01-12 14:50:00,BOS,long,4586.1,4583.1,4591.0,4583.1,4591.0,8268
2026-01-12 15:05:00,BOS,long,4588.5,4585.2,4593.8,4585.2,4593.8,8272
2026-01-12 16:45:00,BOS,long,4595.7,4589.7,4605.3,4589.7,4605.3,8287
2026-01-12 17:45:00,MSS,short,4605.1,4607.3,4601.5,4607.3,4601.5,8304
2026-01-12 18:05:00,BOS,short,4601.1,4603.7,4596.9,4603.7,4596.9,8308
2026-01-12 18:30:00,BOS,short,4601.6,4604.3,4597.2,4604.3,4597.2,8313
2026-01-12 18:55:00,MSS,long,4600.5,4597.2,4605.8,4597.2,4605.8,8314
2026-01-12 19:15:00,MSS,short,4603.3,4605.8,4599.2,4605.8,4599.2,8319
2026-01-12 20:05:00,BOS,short,4593.5,4596.9,4588.1,4596.9,4588.1,8332
2026-01-12 20:40:00,MSS,long,4591.4,4588.1,4596.8,4588.1,4596.8,8336
2026-01-12 21:25:00,MSS,short,4619.0,4621.9,4614.4,4621.9,4614.4,8348
2026-01-12 21:45:00,MSS,long,4620.0,4616.6,4625.5,4616.6,4625.5,8352
2026-01-12 22:00:00,MSS,short,4622.3,4630.8,4608.6,4630.8,4608.6,8355
2026-01-12 22:25:00,BOS,short,4604.4,4610.1,4595.1,4610.1,4595.1,8360
2026-01-12 22:35:00,MSS,long,4604.6,4595.1,4620.0,4595.1,4620.0,8361
2026-01-12 23:25:00,BOS,long,4624.4,4619.6,4632.2,4619.6,4632.2,8372
2026-01-13 00:10:00,BOS,long,4632.1,4627.2,4640.0,4627.2,4640.0,8380
2026-01-13 00:25:00,MSS,short,4636.3,4640.5,4629.6,4640.5,4629.6,8383
2026-01-13 00:35:00,BOS,short,4634.0,4640.5,4623.4,4640.5,4623.4,8383
2026-01-13 01:05:00,BOS,short,4626.3,4628.3,4623.1,4628.3,4623.1,8392
2026-01-13 01:50:00,MSS,long,4624.1,4620.0,4630.7,4620.0,4630.7,8399
2026-01-13 02:10:00,MSS,short,4625.8,4630.7,4618.0,4630.7,4618.0,8402
2026-01-13 03:05:00,MSS,long,4616.7,4613.4,4622.0,4613.4,4622.0,8414
2026-01-13 03:25:00,BOS,long,4624.3,4622.4,4627.3,4622.4,4627.3,8420
2026-01-13 03:55:00,MSS,short,4625.0,4628.9,4618.7,4628.9,4618.7,8422
2026-01-13 04:40:00,BOS,short,4609.8,4614.5,4602.3,4614.5,4602.3,8434
2026-01-13 05:40:00,BOS,short,4602.8,4604.9,4599.3,4604.9,4599.3,8446
2026-01-13 05:55:00,MSS,long,4602.5,4598.8,4608.5,4598.8,4608.5,8449
2026-01-13 07:10:00,MSS,short,4605.1,4616.8,4586.3,4616.8,4586.3,8452
2026-01-13 07:30:00,MSS,long,4598.9,4598.8,4599.1,4598.8,4599.1,8449
2026-01-13 08:25:00,MSS,short,4601.4,4604.5,4596.5,4604.5,4596.5,8467
2026-01-13 09:00:00,BOS,short,4596.8,4601.0,4590.0,4601.0,4590.0,8475
2026-01-13 09:30:00,BOS,short,4596.7,4604.6,4584.0,4604.6,4584.0,8478
2026-01-13 10:05:00,MSS,long,4590.5,4585.0,4599.4,4585.0,4599.4,8488
2026-01-13 10:25:00,MSS,short,4596.5,4599.4,4591.8,4599.4,4591.8,8489
2026-01-13 10:35:00,MSS,long,4593.9,4591.8,4597.2,4591.8,4597.2,8493
2026-01-13 11:40:00,MSS,short,4605.5,4607.4,4602.4,4607.4,4602.4,8507
2026-01-13 12:15:00,MSS,long,4604.0,4601.4,4608.3,4601.4,4608.3,8510
2026-01-13 13:05:00,MSS,short,4604.9,4607.7,4600.4,4607.7,4600.4,8524
2026-01-13 13:25:00,MSS,long,4604.3,4600.4,4610.5,4600.4,4610.5,8525
2026-01-13 13:30:00,MSS,short,4604.2,4610.5,4593.9,4610.5,4593.9,8529
2026-01-13 14:05:00,BOS,short,4601.6,4604.8,4596.3,4604.8,4596.3,8533
2026-01-13 14:20:00,BOS,short,4598.1,4601.0,4593.5,4601.0,4593.5,8537
2026-01-13 15:05:00,MSS,long,4590.2,4587.8,4594.2,4587.8,4594.2,8547
2026-01-13 15:50:00,MSS,short,4591.6,4595.2,4585.7,4595.2,4585.7,8554
2026-01-13 16:05:00,MSS,long,4589.8,4585.6,4596.7,4585.6,4596.7,8559
2026-01-13 16:30:00,BOS,long,4596.9,4593.5,4602.3,4593.5,4602.3,8563
2026-01-13 17:00:00,MSS,short,4602.6,4605.4,4598.2,4605.4,4598.2,8567
2026-01-13 17:25:00,BOS,short,4601.1,4603.9,4596.7,4603.9,4596.7,8575
2026-01-13 17:40:00,MSS,long,4598.3,4596.7,4601.0,4596.7,4601.0,8577
2026-01-13 17:50:00,MSS,short,4598.6,4601.0,4594.6,4601.0,4594.6,8580
2026-01-13 18:40:00,MSS,long,4593.1,4590.4,4597.4,4590.4,4597.4,8590
2026-01-13 19:15:00,MSS,short,4595.1,4597.8,4590.8,4597.8,4590.8,8596
2026-01-13 19:40:00,MSS,long,4595.8,4593.9,4598.8,4593.9,4598.8,8603
2026-01-13 20:05:00,MSS,short,4596.1,4597.8,4593.3,4597.8,4593.3,8608
2026-01-13 20:45:00,MSS,long,4590.9,4586.1,4598.6,4586.1,4598.6,8613
2026-01-13 21:05:00,BOS,long,4602.0,4598.8,4607.2,4598.8,4607.2,8620
2026-01-13 22:20:00,BOS,long,4621.8,4615.4,4632.1,4615.4,4632.1,8631
2026-01-13 22:40:00,BOS,long,4625.4,4619.4,4635.0,4619.4,4635.0,8638
2026-01-13 23:15:00,MSS,short,4625.6,4634.0,4612.1,4634.0,4612.1,8646
2026-01-13 23:55:00,MSS,long,4624.5,4621.5,4629.3,4621.5,4629.3,8654
2026-01-14 00:05:00,MSS,short,4624.1,4629.4,4615.4,4629.4,4615.4,8656
2026-01-14 01:45:00,BOS,short,4616.7,4620.8,4610.1,4620.8,4610.1,8675
2026-01-14 02:35:00,MSS,long,4596.4,4589.3,4607.8,4589.3,4607.8,8684
2026-01-14 03:30:00,BOS,long,4597.2,4592.4,4604.9,4592.4,4604.9,8692
2026-01-14 04:25:00,MSS,short,4600.2,4603.2,4595.4,4603.2,4595.4,8708
2026-01-14 07:00:00,MSS,long,4596.1,4593.7,4599.9,4593.7,4599.9,8727
2026-01-14 08:00:00,BOS,long,4604.2,4600.2,4610.8,4600.2,4610.8,8736
2026-01-14 08:25:00,BOS,long,4613.1,4610.2,4617.8,4610.2,4617.8,8744
2026-01-14 08:45:00,MSS,short,4616.0,4618.3,4612.3,4618.3,4612.3,8748
2026-01-14 09:00:00,MSS,long,4616.5,4612.3,4623.2,4612.3,4623.2,8749
2026-01-14 09:50:00,BOS,long,4623.6,4621.2,4627.6,4621.2,4627.6,8761
2026-01-14 10:35:00,BOS,long,4625.0,4621.9,4630.1,4621.9,4630.1,8765
2026-01-14 11:00:00,BOS,long,4628.0,4625.8,4631.5,4625.8,4631.5,8770
2026-01-14 11:25:00,MSS,short,4626.9,4630.2,4621.6,4630.2,4621.6,8779
2026-01-14 11:35:00,MSS,long,4626.1,4621.6,4633.5,4621.6,4633.5,8781
2026-01-14 12:25:00,MSS,short,4636.2,4638.4,4632.6,4638.4,4632.6,8791
2026-01-14 13:00:00,MSS,long,4639.7,4635.3,4646.8,4635.3,4646.8,8799
2026-01-14 13:30:00,BOS,long,4641.8,4638.3,4647.5,4638.3,4647.5,8804
2026-01-14 13:50:00,MSS,short,4644.4,4646.9,4640.4,4646.9,4640.4,8809
2026-01-14 14:30:00,BOS,short,4639.0,4642.4,4633.4,4642.4,4633.4,8817
2026-01-14 14:55:00,MSS,long,4640.4,4637.7,4644.8,4637.7,4644.8,8822
2026-01-14 15:55:00,MSS,short,4643.2,4645.5,4639.5,4645.5,4639.5,8832
2026-01-14 16:00:00,BOS,short,4642.6,4645.5,4637.8,4645.5,4637.8,8832
2026-01-14 16:30:00,MSS,long,4631.6,4628.4,4636.8,4628.4,4636.8,8841
2026-01-14 17:35:00,MSS,short,4643.1,4646.8,4637.1,4646.8,4637.1,8851
2026-01-14 18:15:00,MSS,long,4638.5,4635.7,4643.0,4635.7,4643.0,8862
2026-01-14 19:25:00,MSS,short,4642.2,4645.3,4637.2,4645.3,4637.2,8875
2026-01-14 20:00:00,MSS,long,4638.5,4634.0,4645.7,4634.0,4645.7,8882
2026-01-14 20:55:00,BOS,long,4644.7,4641.5,4650.0,4641.5,4650.0,8893
2026-01-14 21:05:00,MSS,short,4645.1,4650.0,4637.3,4650.0,4637.3,8895
2026-01-14 21:40:00,MSS,long,4636.7,4631.6,4645.0,4631.6,4645.0,8902
2026-01-14 22:35:00,MSS,short,4637.5,4645.8,4624.2,4645.8,4624.2,8912
2026-01-14 23:00:00,BOS,short,4619.7,4626.3,4609.0,4626.3,4609.0,8919
2026-01-14 23:15:00,MSS,long,4615.2,4605.8,4630.5,4605.8,4630.5,8921
2026-01-15 00:20:00,BOS,long,4624.9,4621.5,4630.3,4621.5,4630.3,8934
2026-01-15 00:45:00,MSS,short,4626.5,4631.7,4618.0,4631.7,4618.0,8937
2026-01-15 01:20:00,BOS,short,4620.2,4624.2,4613.6,4624.2,4613.6,8946
2026-01-15 01:40:00,BOS,short,4614.7,4619.1,4607.7,4619.1,4607.7,8950
2026-01-15 01:50:00,MSS,long,4612.6,4607.7,4620.5,4607.7,4620.5,8952
2026-01-15 02:10:00,BOS,long,4616.5,4607.7,4630.7,4607.7,4630.7,8952
2026-01-15 03:40:00,BOS,long,4644.0,4641.6,4647.8,4641.6,4647.8,8973
2026-01-15 04:00:00,MSS,short,4643.3,4648.9,4634.2,4648.9,4634.2,8978
2026-01-15 05:10:00,BOS,short,4636.7,4640.2,4631.0,4640.2,4631.0,8990
2026-01-15 05:30:00,BOS,short,4631.0,4633.7,4626.6,4633.7,4626.6,8996
2026-01-15 05:50:00,MSS,long,4627.9,4624.0,4634.3,4624.0,4634.3,9000
2026-01-15 07:05:00,MSS,short,4630.7,4639.3,4616.7,4639.3,4616.7,9004
2026-01-15 07:20:00,BOS,short,4618.8,4623.0,4611.9,4623.0,4611.9,9007
2026-01-15 07:55:00,MSS,long,4612.2,4607.0,4620.6,4607.0,4620.6,9012
2026-01-15 08:40:00,MSS,short,4620.9,4622.8,4617.7,4622.8,4617.7,9022
2026-01-15 09:00:00,BOS,short,4618.0,4622.2,4611.2,4622.2,4611.2,9027
2026-01-15 09:15:00,BOS,short,4616.4,4622.2,4607.1,4622.2,4607.1,9029
2026-01-15 10:05:00,MSS,long,4606.7,4601.5,4615.1,4601.5,4615.1,9040
2026-01-15 10:35:00,MSS,short,4615.0,4619.0,4608.4,4619.0,4608.4,9046
2026-01-15 11:10:00,BOS,short,4603.2,4609.0,4593.7,4609.0,4593.7,9051
2026-01-15 12:00:00,BOS,short,4597.5,4601.5,4591.1,4601.5,4591.1,9059
2026-01-15 12:20:00,MSS,long,4594.6,4590.6,4601.2,4590.6,4601.2,9065
2026-01-15 12:40:00,MSS,short,4597.1,4599.8,4592.7,4599.8,4592.7,9071
2026-01-15 13:10:00,BOS,short,4596.0,4599.1,4591.1,4599.1,4591.1,9074
2026-01-15 13:25:00,MSS,long,4589.4,4584.8,4596.8,4584.8,4596.8,9079
2026-01-15 13:50:00,BOS,long,4591.6,4584.9,4602.4,4584.9,4602.4,9083
2026-01-15 14:45:00,BOS,long,4607.8,4604.3,4613.5,4604.3,4613.5,9094
2026-01-15 15:15:00,BOS,long,4613.2,4610.2,4618.0,4610.2,4618.0,9101
2026-01-15 15:35:00,MSS,short,4612.9,4615.9,4608.1,4615.9,4608.1,9106
2026-01-15 17:30:00,MSS,long,4607.0,4604.8,4610.5,4604.8,4610.5,9125
2026-01-15 18:20:00,BOS,long,4615.9,4613.4,4620.0,4613.4,4620.0,9136
2026-01-15 18:35:00,BOS,long,4617.5,4614.4,4622.4,4614.4,4622.4,9142
2026-01-15 19:45:00,MSS,short,4624.3,4627.2,4619.5,4627.2,4619.5,9155
2026-01-15 20:10:00,BOS,short,4622.5,4624.9,4618.5,4624.9,4618.5,9160
2026-01-15 20:45:00,BOS,short,4620.7,4622.8,4617.3,4622.8,4617.3,9168
2026-01-15 21:00:00,BOS,short,4619.4,4622.8,4613.9,4622.8,4613.9,9168
2026-01-15 21:30:00,BOS,short,4607.7,4613.9,4597.7,4613.9,4597.7,9177
2026-01-15 22:05:00,MSS,long,4591.6,4586.3,4600.3,4586.3,4600.3,9184
2026-01-15 22:30:00,BOS,long,4597.5,4586.3,4615.7,4586.3,4615.7,9184
2026-01-15 22:50:00,BOS,long,4609.3,4603.8,4618.3,4603.8,4618.3,9193
2026-01-15 23:15:00,BOS,long,4613.5,4608.1,4622.3,4608.1,4622.3,9197
2026-01-15 23:40:00,MSS,short,4619.1,4622.3,4613.8,4622.3,4613.8,9202
2026-01-16 00:10:00,MSS,long,4618.8,4613.0,4628.1,4613.0,4628.1,9209
2026-01-16 00:35:00,MSS,short,4622.7,4630.0,4611.0,4630.0,4611.0,9211
2026-01-16 01:15:00,MSS,long,4610.3,4605.8,4617.5,4605.8,4617.5,9218
2026-01-16 01:30:00,BOS,long,4616.8,4615.1,4619.5,4615.1,4619.5,9225
2026-01-16 02:00:00,BOS,long,4621.1,4618.5,4625.3,4618.5,4625.3,9230
2026-01-16 02:30:00,MSS,short,4623.0,4626.2,4617.8,4626.2,4617.8,9236
2026-01-16 03:35:00,BOS,short,4623.1,4625.4,4619.4,4625.4,4619.4,9249
2026-01-16 04:00:00,BOS,short,4619.2,4620.8,4616.5,4620.8,4616.5,9255
2026-01-16 04:15:00,BOS,short,4614.6,4620.8,4604.5,4620.8,4604.5,9255
2026-01-16 05:05:00,MSS,long,4610.6,4607.2,4616.2,4607.2,4616.2,9267
2026-01-16 05:40:00,BOS,long,4618.5,4617.6,4620.0,4617.6,4620.0,9275
2026-01-16 07:00:00,BOS,long,4620.3,4617.7,4624.4,4617.7,4624.4,9278
2026-01-16 07:20:00,MSS,short,4621.7,4625.3,4615.9,4625.3,4615.9,9281
2026-01-16 08:05:00,BOS,short,4612.1,4615.0,4607.4,4615.0,4607.4,9291
2026-01-16 08:35:00,BOS,short,4611.6,4615.3,4605.7,4615.3,4605.7,9296
2026-01-16 09:05:00,MSS,long,4601.9,4597.9,4608.5,4597.9,4608.5,9304
2026-01-16 09:25:00,BOS,long,4606.4,4603.4,4611.2,4603.4,4611.2,9307
2026-01-16 09:55:00,MSS,short,4609.0,4612.5,4603.3,4612.5,4603.3,9312
2026-01-16 10:10:00,BOS,short,4605.1,4607.7,4600.8,4607.7,4600.8,9316
2026-01-16 10:30:00,BOS,short,4603.6,4607.6,4597.2,4607.6,4597.2,9320
2026-01-16 12:00:00,MSS,long,4599.7,4598.3,4601.9,4598.3,4601.9,9337
2026-01-16 12:55:00,BOS,long,4603.5,4602.2,4605.7,4602.2,4605.7,9350
2026-01-16 13:10:00,MSS,short,4603.0,4605.7,4598.6,4605.7,4598.6,9351
2026-01-16 13:35:00,MSS,long,4602.7,4599.7,4607.6,4599.7,4607.6,9358
2026-01-16 14:40:00,MSS,short,4607.3,4612.2,4599.5,4612.2,4599.5,9370
2026-01-16 15:10:00,MSS,long,4604.4,4597.1,4616.1,4597.1,4616.1,9373
2026-01-16 15:40:00,MSS,short,4612.0,4616.0,4605.5,4616.0,4605.5,9383
2026-01-16 16:40:00,BOS,short,4611.3,4614.7,4605.9,4614.7,4605.9,9393
2026-01-16 17:20:00,BOS,short,4609.4,4612.4,4604.5,4612.4,4604.5,9401
2026-01-16 18:15:00,MSS,long,4607.4,4603.7,4613.5,4603.7,4613.5,9410
2026-01-16 18:50:00,MSS,short,4610.3,4612.6,4606.6,4612.6,4606.6,9421
2026-01-16 19:15:00,MSS,long,4606.4,4602.2,4613.2,4602.2,4613.2,9424
2026-01-16 20:20:00,MSS,short,4614.1,4617.3,4609.0,4617.3,4609.0,9439
2026-01-16 20:50:00,BOS,short,4606.5,4609.7,4601.4,4609.7,4601.4,9444
2026-01-16 21:05:00,BOS,short,4606.6,4610.0,4601.0,4610.0,4601.0,9448
2026-01-16 21:45:00,MSS,long,4598.9,4594.4,4606.2,4594.4,4606.2,9456
2026-01-16 22:00:00,BOS,long,4599.4,4594.4,4607.6,4594.4,4607.6,9456
2026-01-16 22:10:00,BOS,long,4606.0,4602.0,4612.5,4602.0,4612.5,9460
2026-01-16 22:25:00,MSS,short,4609.0,4613.2,4602.1,4613.2,4602.1,9463
2026-01-16 22:45:00,MSS,long,4606.9,4599.7,4618.6,4599.7,4618.6,9466
2026-01-16 23:00:00,BOS,long,4614.2,4610.8,4619.6,4610.8,4619.6,9471
2026-01-16 23:15:00,MSS,short,4617.3,4624.7,4605.2,4624.7,4605.2,9473
2026-01-17 00:45:00,BOS,short,4598.8,4604.0,4590.3,4604.0,4590.3,9492
2026-01-17 01:25:00,BOS,short,4591.5,4597.9,4581.1,4597.9,4581.1,9497
2026-01-17 02:00:00,MSS,long,4588.4,4585.0,4593.8,4585.0,4593.8,9507
2026-01-17 03:40:00,BOS,long,4590.0,4586.0,4596.6,4586.0,4596.6,9523
2026-01-17 04:25:00,MSS,short,4597.2,4600.3,4592.1,4600.3,4592.1,9533
2026-01-17 04:50:00,MSS,long,4590.8,4588.8,4594.0,4588.8,4594.0,9541
2026-01-17 04:55:00,MSS,short,4591.1,4594.0,4586.5,4594.0,4586.5,9542
2026-01-17 05:15:00,MSS,long,4592.8,4587.1,4602.1,4587.1,4602.1,9545
2026-01-19 08:15:00,MSS,short,4678.8,4685.7,4667.6,4685.7,4667.6,9567
2026-01-19 09:00:00,BOS,short,4681.7,4685.7,4675.3,4685.7,4675.3,9579
2026-01-19 10:00:00,BOS,short,4669.1,4674.8,4659.9,4674.8,4659.9,9590
2026-01-19 11:00:00,MSS,long,4666.2,4661.5,4673.8,4661.5,4673.8,9601
2026-01-19 11:45:00,MSS,short,4670.3,4672.8,4666.2,4672.8,4666.2,9612
2026-01-19 12:10:00,MSS,long,4666.6,4665.0,4669.3,4665.0,4669.3,9616
2026-01-19 13:00:00,BOS,long,4671.8,4669.3,4675.8,4669.3,4675.8,9627
2026-01-19 13:20:00,BOS,long,4672.7,4669.3,4678.2,4669.3,4678.2,9627
2026-01-19 13:35:00,MSS,short,4677.5,4680.3,4672.9,4680.3,4672.9,9634
2026-01-19 14:20:00,MSS,long,4675.8,4674.1,4678.6,4674.1,4678.6,9643
2026-01-19 14:30:00,BOS,long,4677.4,4675.3,4680.9,4675.3,4680.9,9645
2026-01-19 14:55:00,BOS,long,4679.9,4677.1,4684.5,4677.1,4684.5,9648
2026-01-19 15:10:00,MSS,short,4679.8,4683.8,4673.3,4683.8,4673.3,9653
2026-01-19 16:05:00,MSS,long,4671.0,4666.7,4678.0,4666.7,4678.0,9663
2026-01-19 16:45:00,MSS,short,4673.0,4674.5,4670.7,4674.5,4670.7,9672
2026-01-19 17:10:00,MSS,long,4670.2,4666.4,4676.3,4666.4,4676.3,9675
2026-01-19 18:10:00,BOS,long,4672.9,4671.4,4675.2,4671.4,4675.2,9688
2026-01-19 18:25:00,MSS,short,4673.9,4676.0,4670.5,4676.0,4670.5,9691
2026-01-19 18:40:00,BOS,short,4669.9,4672.2,4666.1,4672.2,4666.1,9695
2026-01-19 19:25:00,MSS,long,4668.6,4666.5,4672.0,4666.5,4672.0,9703
2026-01-19 20:15:00,BOS,long,4669.4,4664.7,4676.9,4664.7,4676.9,9711
2026-01-19 20:30:00,BOS,long,4669.8,4664.7,4678.1,4664.7,4678.1,9711
2026-01-19 21:40:00,MSS,short,4676.0,4678.9,4671.2,4678.9,4671.2,9730
2026-01-19 22:35:00,BOS,short,4673.1,4675.7,4668.9,4675.7,4668.9,9742
2026-01-19 23:05:00,MSS,long,4672.0,4669.6,4675.9,4669.6,4675.9,9748
2026-01-19 23:35:00,BOS,long,4671.6,4669.5,4675.0,4669.5,4675.0,9752
2026-01-20 00:35:00,BOS,long,4676.9,4675.7,4678.8,4675.7,4678.8,9766
2026-01-20 01:10:00,MSS,short,4677.7,4679.0,4675.6,4679.0,4675.6,9771
2026-01-20 01:40:00,MSS,long,4677.2,4674.4,4681.7,4674.4,4681.7,9777
2026-01-20 02:20:00,BOS,long,4681.7,4679.0,4686.1,4679.0,4686.1,9785
2026-01-20 03:00:00,MSS,short,4681.5,4682.7,4679.5,4682.7,4679.5,9795
2026-01-20 07:25:00,BOS,short,4675.2,4678.1,4670.6,4678.1,4670.6,9805
2026-01-20 08:00:00,BOS,short,4671.4,4672.4,4669.9,4672.4,4669.9,9813
2026-01-20 08:10:00,MSS,long,4671.5,4669.9,4674.2,4669.9,4674.2,9814
2026-01-20 08:25:00,MSS,short,4670.9,4674.2,4665.6,4674.2,4665.6,9816
2026-01-20 08:55:00,BOS,short,4668.9,4670.5,4666.4,4670.5,4666.4,9823
2026-01-20 09:00:00,MSS,long,4669.7,4666.4,4675.1,4666.4,4675.1,9825
2026-01-20 09:35:00,BOS,long,4675.0,4671.3,4681.0,4671.3,4681.0,9830
2026-01-20 10:10:00,MSS,short,4676.8,4681.0,4670.0,4681.0,4670.0,9833
2026-01-20 11:05:00,BOS,short,4673.0,4674.5,4670.5,4674.5,4670.5,9849
2026-01-20 11:10:00,MSS,long,4672.7,4670.5,4676.2,4670.5,4676.2,9851
2026-01-20 12:55:00,BOS,long,4697.8,4694.6,4703.0,4694.6,4703.0,9871
2026-01-20 13:10:00,BOS,long,4703.3,4700.5,4707.7,4700.5,4707.7,9875
2026-01-20 13:30:00,BOS,long,4705.1,4701.2,4711.3,4701.2,4711.3,9878
2026-01-20 14:30:00,MSS,short,4719.8,4723.4,4714.1,4723.4,4714.1,9887
2026-01-20 15:10:00,MSS,long,4719.8,4717.4,4723.8,4717.4,4723.8,9898
2026-01-20 15:50:00,MSS,short,4726.0,4728.4,4722.0,4728.4,4722.0,9907
2026-01-20 16:05:00,MSS,long,4724.2,4720.2,4730.7,4720.2,4730.7,9909
2026-01-20 16:20:00,MSS,short,4729.0,4731.4,4725.2,4731.4,4725.2,9912
2026-01-20 16:45:00,MSS,long,4725.2,4721.5,4731.2,4721.5,4731.2,9917
2026-01-20 17:10:00,MSS,short,4734.8,4737.7,4730.2,4737.7,4730.2,9923
2026-01-20 17:25:00,MSS,long,4732.1,4727.2,4740.0,4727.2,4740.0,9926
2026-01-20 18:25:00,MSS,short,4736.8,4739.1,4733.1,4739.1,4733.1,9937
2026-01-20 19:35:00,MSS,long,4733.6,4731.3,4737.2,4731.3,4737.2,9952
2026-01-20 20:25:00,MSS,short,4734.7,4736.3,4732.1,4736.3,4732.1,9962
2026-01-20 21:05:00,BOS,short,4732.4,4735.4,4727.5,4735.4,4727.5,9969
2026-01-20 21:20:00,BOS,short,4727.8,4731.9,4721.2,4731.9,4721.2,9972
2026-01-20 21:40:00,MSS,long,4726.0,4719.8,4736.1,4719.8,4736.1,9976
2026-01-20 22:25:00,BOS,long,4744.6,4737.4,4756.2,4737.4,4756.2,9983
2026-01-20 22:30:00,MSS,short,4748.4,4756.2,4735.7,4756.2,4735.7,9987
2026-01-20 23:00:00,MSS,long,4743.5,4738.0,4752.5,4738.0,4752.5,9992
2026-01-20 23:20:00,MSS,short,4745.6,4753.7,4732.6,4753.7,4732.6,9995
2026-01-21 00:00:00,BOS,short,4740.6,4743.9,4735.3,4743.9,4735.3,10004
2026-01-21 00:10:00,MSS,long,4738.7,4733.0,4747.9,4733.0,4747.9,10007
2026-01-21 00:35:00,BOS,long,4743.5,4739.6,4749.8,4739.6,4749.8,10011
2026-01-21 01:40:00,BOS,long,4758.8,4756.2,4763.0,4756.2,4763.0,10023
2026-01-21 01:55:00,BOS,long,4760.3,4756.3,4766.9,4756.3,4766.9,10027
2026-01-21 02:50:00,MSS,short,4762.1,4764.9,4757.5,4764.9,4757.5,10039
2026-01-21 03:15:00,MSS,long,4763.1,4757.5,4772.1,4757.5,4772.1,10040
2026-01-21 04:15:00,MSS,short,4762.7,4766.6,4756.5,4766.6,4756.5,10056
2026-01-21 04:55:00,MSS,long,4757.2,4753.7,4762.9,4753.7,4762.9,10062
2026-01-21 05:10:00,BOS,long,4758.3,4753.7,4765.8,4753.7,4765.8,10062
2026-01-21 05:30:00,MSS,short,4764.8,4766.2,4762.5,4766.2,4762.5,10070
2026-01-21 05:45:00,MSS,long,4765.0,4762.3,4769.3,4762.3,4769.3,10073
2026-01-21 07:00:00,MSS,short,4766.9,4769.2,4763.1,4769.2,4763.1,10077
2026-01-21 07:40:00,MSS,long,4768.0,4761.8,4778.0,4761.8,4778.0,10083
2026-01-21 08:25:00,BOS,long,4781.3,4779.0,4784.9,4779.0,4784.9,10094
2026-01-21 08:50:00,BOS,long,4788.8,4786.9,4792.0,4786.9,4792.0,10099
2026-01-21 09:00:00,BOS,long,4791.8,4786.9,4799.8,4786.9,4799.8,10099
2026-01-21 09:50:00,BOS,long,4829.3,4818.1,4847.4,4818.1,4847.4,10108
2026-01-21 11:00:00,BOS,long,4837.7,4830.3,4849.6,4830.3,4849.6,10124
2026-01-21 12:15:00,BOS,long,4845.3,4840.1,4853.6,4840.1,4853.6,10140
2026-01-21 13:00:00,MSS,short,4869.3,4873.8,4862.0,4873.8,4862.0,10149
2026-01-21 13:15:00,MSS,long,4867.3,4861.5,4876.6,4861.5,4876.6,10151
2026-01-21 13:30:00,BOS,long,4871.7,4866.4,4880.3,4866.4,4880.3,10155
2026-01-21 14:20:00,BOS,long,4873.1,4866.8,4883.2,4866.8,4883.2,10163
2026-01-21 14:35:00,MSS,short,4882.9,4890.9,4870.0,4890.9,4870.0,10167
2026-01-21 14:55:00,BOS,short,4860.9,4869.0,4847.8,4869.0,4847.8,10172
2026-01-21 15:50:00,MSS,long,4847.8,4840.7,4859.4,4840.7,4859.4,10181
2026-01-21 16:00:00,BOS,long,4848.8,4840.7,4862.0,4840.7,4862.0,10181
2026-01-21 16:15:00,BOS,long,4862.2,4858.1,4868.8,4858.1,4868.8,10188
2026-01-21 16:55:00,MSS,short,4864.8,4871.7,4853.6,4871.7,4853.6,10191
2026-01-21 17:20:00,MSS,long,4864.5,4860.3,4871.2,4860.3,4871.2,10201
2026-01-21 17:45:00,MSS,short,4873.5,4879.3,4864.1,4879.3,4864.1,10204
2026-01-21 18:40:00,MSS,long,4864.4,4862.0,4868.2,4862.0,4868.2,10216
2026-01-21 19:15:00,BOS,long,4866.7,4863.2,4872.4,4863.2,4872.4,10222
2026-01-21 19:45:00,MSS,short,4867.6,4874.0,4857.3,4874.0,4857.3,10226
2026-01-21 21:05:00,MSS,long,4865.4,4861.0,4872.5,4861.0,4872.5,10246
2026-01-21 21:35:00,BOS,long,4870.8,4864.2,4881.5,4864.2,4881.5,10250
2026-01-21 21:55:00,BOS,long,4876.8,4872.7,4883.4,4872.7,4883.4,10256
2026-01-21 22:00:00,MSS,short,4872.2,4883.4,4854.0,4883.4,4854.0,10257
2026-01-21 22:35:00,MSS,long,4860.7,4852.2,4874.4,4852.2,4874.4,10264
2026-01-21 23:00:00,BOS,long,4856.1,4848.6,4868.3,4848.6,4868.3,10268
2026-01-21 23:15:00,MSS,short,4854.4,4871.1,4827.5,4871.1,4827.5,10271
2026-01-21 23:50:00,MSS,long,4842.4,4834.9,4854.6,4834.9,4854.6,10278
2026-01-22 00:15:00,MSS,short,4849.8,4858.2,4836.1,4858.2,4836.1,10283
2026-01-22 01:10:00,BOS,short,4831.4,4840.0,4817.5,4840.0,4817.5,10293
2026-01-22 01:30:00,BOS,short,4819.5,4828.8,4804.5,4828.8,4804.5,10298
2026-01-22 01:55:00,MSS,long,4814.4,4804.5,4830.3,4804.5,4830.3,10300
2026-01-22 02:25:00,BOS,long,4829.2,4822.6,4839.8,4822.6,4839.8,10310
2026-01-22 02:45:00,BOS,long,4838.0,4833.3,4845.6,4833.3,4845.6,10314
2026-01-22 03:20:00,BOS,long,4852.2,4849.3,4856.9,4849.3,4856.9,10321
2026-01-22 03:25:00,MSS,short,4837.8,4856.9,4806.9,4856.9,4806.9,10322
2026-01-22 04:15:00,MSS,long,4783.8,4774.5,4798.9,4774.5,4798.9,10331
2026-01-22 05:15:00,BOS,long,4823.2,4816.0,4834.8,4816.0,4834.8,10343
2026-01-22 05:50:00,MSS,short,4838.4,4842.9,4831.2,4842.9,4831.2,10351
2026-01-22 07:00:00,BOS,short,4833.0,4842.9,4816.9,4842.9,4816.9,10351
2026-01-22 07:55:00,BOS,short,4791.7,4799.5,4779.1,4799.5,4779.1,10364
2026-01-22 08:55:00,MSS,long,4788.6,4781.6,4799.8,4781.6,4799.8,10372
2026-01-22 09:00:00,MSS,short,4789.4,4799.8,4772.6,4799.8,4772.6,10377
2026-01-22 09:15:00,MSS,long,4783.7,4772.6,4801.7,4772.6,4801.7,10378
2026-01-22 10:30:00,MSS,short,4790.4,4796.8,4780.0,4796.8,4780.0,10394
2026-01-22 11:20:00,MSS,long,4788.2,4785.1,4793.3,4785.1,4793.3,10403
2026-01-22 11:55:00,BOS,long,4793.7,4791.1,4798.0,4791.1,4798.0,10410
2026-01-22 13:00:00,BOS,long,4797.4,4794.7,4801.8,4794.7,4801.8,10423
2026-01-22 13:45:00,BOS,long,4800.8,4795.8,4808.8,4795.8,4808.8,10431
2026-01-22 14:20:00,BOS,long,4821.0,4816.6,4828.0,4816.6,4828.0,10440
2026-01-22 14:50:00,MSS,short,4826.0,4828.7,4821.7,4828.7,4821.7,10445
2026-01-22 15:00:00,MSS,long,4825.9,4821.7,4832.6,4821.7,4832.6,10448
2026-01-22 15:40:00,MSS,short,4837.2,4839.3,4833.7,4839.3,4833.7,10456
2026-01-22 16:05:00,BOS,short,4834.2,4837.1,4829.4,4837.1,4829.4,10461
2026-01-22 16:55:00,MSS,long,4827.2,4823.3,4833.4,4823.3,4833.4,10469
2026-01-22 17:00:00,BOS,long,4828.5,4823.3,4836.9,4823.3,4836.9,10469
2026-01-22 17:20:00,MSS,short,4835.9,4839.6,4830.0,4839.6,4830.0,10476
2026-01-22 17:30:00,BOS,short,4831.0,4839.6,4817.1,4839.6,4817.1,10476
2026-01-22 18:30:00,MSS,long,4824.9,4822.1,4829.4,4822.1,4829.4,10490
2026-01-22 18:50:00,BOS,long,4830.2,4828.1,4833.7,4828.1,4833.7,10494
2026-01-22 19:10:00,MSS,short,4831.7,4834.0,4827.9,4834.0,4827.9,10499
2026-01-22 19:40:00,MSS,long,4829.5,4827.1,4833.5,4827.1,4833.5,10505
2026-01-22 20:05:00,MSS,short,4833.6,4838.5,4825.6,4838.5,4825.6,10509
2026-01-22 20:55:00,BOS,short,4829.4,4834.8,4820.7,4834.8,4820.7,10516
2026-01-22 21:20:00,MSS,long,4824.7,4817.5,4836.3,4817.5,4836.3,10522
2026-01-22 21:40:00,MSS,short,4827.4,4837.5,4811.0,4837.5,4811.0,10527
2026-01-22 22:20:00,MSS,long,4824.8,4821.7,4829.8,4821.7,4829.8,10535
2026-01-22 23:25:00,BOS,long,4837.6,4824.4,4859.0,4824.4,4859.0,10546
2026-01-22 23:50:00,BOS,long,4867.3,4861.5,4876.8,4861.5,4876.8,10554
2026-01-23 00:15:00,BOS,long,4874.7,4870.2,4882.0,4870.2,4882.0,10559
2026-01-23 00:35:00,BOS,long,4880.5,4876.0,4887.7,4876.0,4887.7,10564
2026-01-23 01:20:00,BOS,long,4881.0,4871.9,4895.8,4871.9,4895.8,10571
2026-01-23 01:40:00,BOS,long,4883.7,4871.9,4902.9,4871.9,4902.9,10571
2026-01-23 02:00:00,BOS,long,4902.2,4894.4,4914.7,4894.4,4914.7,10578
2026-01-23 02:35:00,BOS,long,4913.5,4909.8,4919.4,4909.8,4919.4,10587
2026-01-23 02:50:00,BOS,long,4916.7,4913.9,4921.3,4913.9,4921.3,10591
2026-01-23 03:45:00,MSS,short,4920.4,4927.4,4909.1,4927.4,4909.1,10596
2026-01-23 04:10:00,MSS,long,4917.1,4909.1,4930.1,4909.1,4930.1,10603
2026-01-23 04:55:00,MSS,short,4924.4,4928.5,4917.7,4928.5,4917.7,10615
2026-01-23 05:25:00,MSS,long,4926.0,4924.1,4929.1,4924.1,4929.1,10622
2026-01-23 07:00:00,BOS,long,4944.7,4938.1,4955.3,4938.1,4955.3,10629
2026-01-23 07:30:00,MSS,short,4951.9,4963.8,4932.7,4963.8,4932.7,10632
2026-01-23 08:50:00,MSS,long,4954.0,4949.3,4961.7,4949.3,4961.7,10650
2026-01-23 09:00:00,MSS,short,4957.0,4968.5,4938.5,4968.5,4938.5,10653
2026-01-23 10:10:00,BOS,short,4959.7,4966.1,4949.4,4966.1,4949.4,10664
2026-01-23 10:30:00,MSS,long,4952.6,4948.4,4959.4,4948.4,4959.4,10671
2026-01-23 11:15:00,MSS,short,4953.4,4960.9,4941.2,4960.9,4941.2,10680
2026-01-23 12:30:00,MSS,long,4952.5,4950.9,4955.1,4950.9,4955.1,10694
2026-01-23 12:45:00,BOS,long,4954.4,4950.9,4960.0,4950.9,4960.0,10694
2026-01-23 13:20:00,BOS,long,4958.4,4956.5,4961.4,4956.5,4961.4,10704
2026-01-23 13:40:00,BOS,long,4959.7,4957.6,4963.0,4957.6,4963.0,10709
2026-01-23 14:05:00,MSS,short,4964.1,4969.0,4956.1,4969.0,4956.1,10712
2026-01-23 15:10:00,MSS,long,4954.5,4952.6,4957.5,4952.6,4957.5,10726
2026-01-23 15:40:00,MSS,short,4955.1,4959.8,4947.4,4959.8,4947.4,10732
2026-01-23 16:15:00,BOS,short,4944.8,4948.6,4938.7,4948.6,4938.7,10739
2026-01-23 17:15:00,BOS,short,4916.0,4921.4,4907.3,4921.4,4907.3,10750
2026-01-23 17:40:00,MSS,long,4908.3,4901.2,4919.8,4901.2,4919.8,10755
2026-01-23 18:15:00,BOS,long,4920.4,4916.3,4927.1,4916.3,4927.1,10763
2026-01-23 18:55:00,BOS,long,4928.0,4925.7,4931.8,4925.7,4931.8,10771
2026-01-23 19:00:00,MSS,short,4926.7,4932.0,4918.2,4932.0,4918.2,10772
2026-01-23 19:30:00,MSS,long,4917.7,4912.7,4925.7,4912.7,4925.7,10777
2026-01-23 19:45:00,BOS,long,4918.1,4912.7,4926.8,4912.7,4926.8,10777
2026-01-23 20:00:00,BOS,long,4925.7,4921.8,4931.9,4921.8,4931.9,10785
2026-01-23 20:30:00,BOS,long,4926.0,4918.9,4937.6,4918.9,4937.6,10786
2026-01-23 20:45:00,BOS,long,4935.7,4932.8,4940.4,4932.8,4940.4,10794
2026-01-23 21:00:00,BOS,long,4941.4,4938.7,4945.7,4938.7,4945.7,10797
2026-01-23 21:20:00,MSS,short,4939.5,4948.8,4924.5,4948.8,4924.5,10799
2026-01-23 21:50:00,MSS,long,4933.5,4928.1,4942.2,4928.1,4942.2,10805
2026-01-23 22:05:00,BOS,long,4939.6,4935.8,4945.7,4935.8,4945.7,10810
2026-01-23 22:40:00,BOS,long,4939.9,4933.3,4950.6,4933.3,4950.6,10816
2026-01-23 23:40:00,BOS,long,4950.1,4942.9,4961.7,4942.9,4961.7,10826
2026-01-24 00:00:00,BOS,long,4957.8,4951.8,4967.6,4951.8,4967.6,10832
2026-01-24 00:15:00,BOS,long,4963.3,4951.8,4982.0,4951.8,4982.0,10832
2026-01-24 01:05:00,BOS,long,4981.1,4978.2,4985.8,4978.2,4985.8,10846
2026-01-24 01:50:00,MSS,short,4982.4,4989.0,4971.6,4989.0,4971.6,10854
2026-01-24 02:30:00,BOS,short,4980.8,4985.4,4973.4,4985.4,4973.4,10863
2026-01-24 03:45:00,MSS,long,4979.3,4975.6,4985.3,4975.6,4985.3,10877
2026-01-24 05:50:00,BOS,long,4983.2,4980.9,4987.0,4980.9,4987.0,10901
2026-01-26 07:00:00,BOS,long,4999.9,4981.7,5029.3,4981.7,5029.3,10905
2026-01-26 07:45:00,BOS,long,5020.4,5011.1,5035.5,5011.1,5035.5,10911
2026-01-26 08:15:00,MSS,short,5038.7,5043.1,5031.7,5043.1,5031.7,10919
2026-01-26 08:30:00,MSS,long,5036.5,5029.4,5048.0,5029.4,5048.0,10922
2026-01-26 09:10:00,BOS,long,5038.9,5027.3,5057.7,5027.3,5057.7,10930
2026-01-26 10:20:00,BOS,long,5073.1,5064.4,5087.1,5064.4,5087.1,10944
2026-01-26 11:45:00,MSS,short,5077.3,5082.0,5069.8,5082.0,5069.8,10961
2026-01-26 12:35:00,BOS,short,5071.1,5076.0,5063.1,5076.0,5063.1,10967
2026-01-26 13:15:00,BOS,short,5062.7,5070.8,5049.6,5070.8,5049.6,10978
2026-01-26 13:45:00,MSS,long,5057.8,5050.4,5069.7,5050.4,5069.7,10986
2026-01-26 14:35:00,BOS,long,5070.8,5063.2,5083.0,5063.2,5083.0,10993
2026-01-26 16:00:00,BOS,long,5088.7,5085.3,5094.2,5085.3,5094.2,11013
2026-01-26 16:40:00,MSS,short,5093.3,5096.7,5087.7,5096.7,5087.7,11021
2026-01-26 17:15:00,MSS,long,5087.7,5084.9,5092.2,5084.9,5092.2,11028
2026-01-26 17:25:00,BOS,long,5089.2,5085.7,5094.8,5085.7,5094.8,11030
2026-01-26 17:45:00,MSS,short,5091.1,5097.2,5081.2,5097.2,5081.2,11032
2026-01-26 18:30:00,MSS,long,5086.7,5083.8,5091.3,5083.8,5091.3,11043
2026-01-26 19:10:00,MSS,short,5089.4,5091.9,5085.3,5091.9,5085.3,11049
2026-01-26 20:00:00,MSS,long,5089.3,5087.8,5091.8,5087.8,5091.8,11061
2026-01-26 20:20:00,BOS,long,5088.2,5083.8,5095.2,5083.8,5095.2,11065
2026-01-26 20:35:00,MSS,short,5090.4,5095.2,5082.7,5095.2,5082.7,11066
2026-01-26 20:55:00,BOS,short,5080.0,5083.5,5074.4,5083.5,5074.4,11072
2026-01-26 21:30:00,BOS,short,5069.9,5081.0,5051.9,5081.0,5051.9,11077
2026-01-26 22:20:00,MSS,long,5066.8,5060.9,5076.4,5060.9,5076.4,11089
2026-01-26 22:50:00,BOS,long,5082.5,5076.2,5092.8,5076.2,5092.8,11094
2026-01-26 23:30:00,MSS,short,5087.5,5095.4,5074.6,5095.4,5074.6,11100
2026-01-27 00:00:00,MSS,long,5082.4,5071.1,5100.7,5071.1,5100.7,11106
2026-01-27 00:20:00,MSS,short,5096.4,5101.9,5087.5,5101.9,5087.5,11113
2026-01-27 01:40:00,MSS,long,5085.2,5076.7,5098.9,5076.7,5098.9,11127
2026-01-27 02:05:00,MSS,short,5093.9,5100.4,5083.5,5100.4,5083.5,11134
2026-01-27 02:30:00,BOS,short,5079.3,5086.9,5067.0,5086.9,5067.0,11138
2026-01-27 03:00:00,BOS,short,5060.5,5078.8,5031.0,5078.8,5031.0,11144
2026-01-27 04:10:00,MSS,long,5020.5,5002.6,5049.4,5002.6,5049.4,11155
2026-01-27 05:10:00,MSS,short,5045.6,5056.3,5028.2,5056.3,5028.2,11169
2026-01-27 07:00:00,MSS,long,5011.3,5000.3,5029.0,5000.3,5029.0,11181
2026-01-27 07:35:00,BOS,long,5038.7,5033.6,5047.0,5033.6,5047.0,11188
2026-01-27 08:25:00,MSS,short,5045.1,5048.9,5039.0,5048.9,5039.0,11197
2026-01-27 09:05:00,MSS,long,5026.0,5013.3,5046.6,5013.3,5046.6,11206
2026-01-27 09:30:00,MSS,short,5065.1,5071.6,5054.6,5071.6,5054.6,11209
2026-01-27 10:35:00,MSS,long,5061.4,5055.5,5070.9,5055.5,5070.9,11222
2026-01-27 11:35:00,BOS,long,5062.5,5058.1,5069.7,5058.1,5069.7,11235
2026-01-27 12:10:00,MSS,short,5070.3,5074.4,5063.6,5074.4,5063.6,11241
2026-01-27 12:35:00,BOS,short,5067.4,5070.7,5062.0,5070.7,5062.0,11247
2026-01-27 13:00:00,BOS,short,5061.6,5065.6,5055.2,5065.6,5055.2,11253
2026-01-27 13:30:00,MSS,long,5057.9,5051.9,5067.7,5051.9,5067.7,11256
2026-01-27 13:40:00,BOS,long,5060.1,5054.2,5069.6,5054.2,5069.6,11260
2026-01-27 14:20:00,BOS,long,5075.8,5071.3,5083.2,5071.3,5083.2,11268
2026-01-27 14:45:00,BOS,long,5079.9,5074.3,5089.0,5074.3,5089.0,11272
2026-01-27 15:30:00,BOS,long,5083.2,5077.0,5093.3,5077.0,5093.3,11283
2026-01-27 16:25:00,MSS,short,5079.1,5084.0,5071.2,5084.0,5071.2,11293
2026-01-27 17:15:00,MSS,long,5077.3,5073.9,5082.9,5073.9,5082.9,11302
2026-01-27 17:50:00,BOS,long,5084.9,5079.1,5094.2,5079.1,5094.2,11311
2026-01-27 18:20:00,MSS,short,5091.2,5095.0,5085.0,5095.0,5085.0,11317
2026-01-27 19:10:00,MSS,long,5081.4,5078.2,5086.7,5078.2,5086.7,11323
2026-01-27 19:45:00,MSS,short,5079.3,5084.7,5070.6,5084.7,5070.6,11333
2026-01-27 20:30:00,MSS,long,5075.4,5069.6,5084.7,5069.6,5084.7,11342
2026-01-27 21:40:00,MSS,short,5076.1,5082.5,5065.8,5082.5,5065.8,11356
2026-01-27 22:00:00,BOS,short,5072.9,5078.6,5063.8,5078.6,5063.8,11360
2026-01-27 22:15:00,BOS,short,5058.1,5068.0,5042.0,5068.0,5042.0,11364
2026-01-27 22:35:00,MSS,long,5061.3,5054.4,5072.5,5054.4,5072.5,11368
2026-01-27 22:55:00,MSS,short,5065.8,5077.9,5046.1,5077.9,5046.1,11370
2026-01-27 23:15:00,MSS,long,5055.7,5046.4,5070.7,5046.4,5070.7,11376
2026-01-27 23:30:00,BOS,long,5068.7,5063.8,5076.5,5063.8,5076.5,11379
2026-01-27 23:55:00,BOS,long,5073.2,5063.8,5088.3,5063.8,5088.3,11379
2026-01-28 00:10:00,BOS,long,5086.2,5080.4,5095.7,5080.4,5095.7,11387
2026-01-28 00:40:00,MSS,short,5093.6,5100.4,5082.7,5100.4,5082.7,11390
2026-01-28 02:30:00,MSS,long,5081.7,5076.5,5090.0,5076.5,5090.0,11415
2026-01-28 02:45:00,BOS,long,5086.7,5084.1,5090.8,5084.1,5090.8,11418
2026-01-28 03:05:00,MSS,short,5087.9,5093.7,5078.5,5093.7,5078.5,11421
2026-01-28 03:40:00,MSS,long,5087.3,5084.5,5091.7,5084.5,5091.7,11427
2026-01-28 03:50:00,BOS,long,5087.7,5084.5,5092.8,5084.5,5092.8,11427
2026-01-28 04:45:00,BOS,long,5147.1,5133.6,5169.0,5133.6,5169.0,11442
2026-01-28 05:45:00,BOS,long,5177.0,5168.5,5190.8,5168.5,5190.8,11451
2026-01-28 07:10:00,MSS,short,5180.4,5190.8,5163.5,5190.8,5163.5,11455
2026-01-28 07:45:00,MSS,long,5164.1,5161.0,5169.1,5161.0,5169.1,11465
2026-01-28 08:00:00,MSS,short,5167.6,5174.6,5156.4,5174.6,5156.4,11469
2026-01-28 09:00:00,MSS,long,5167.7,5157.5,5184.3,5157.5,5184.3,11474
2026-01-28 09:40:00,BOS,long,5190.5,5177.4,5211.7,5177.4,5211.7,11486
2026-01-28 10:45:00,BOS,long,5217.7,5213.9,5223.9,5213.9,5223.9,11502
2026-01-28 12:50:00,BOS,long,5233.1,5229.4,5239.0,5229.4,5239.0,11527
2026-01-28 13:05:00,BOS,long,5240.9,5236.8,5247.5,5236.8,5247.5,11530
2026-01-28 13:40:00,BOS,long,5250.0,5244.3,5259.2,5244.3,5259.2,11536
2026-01-28 14:50:00,BOS,long,5255.5,5250.2,5264.1,5250.2,5264.1,11551
2026-01-28 15:45:00,BOS,long,5272.5,5265.7,5283.4,5265.7,5283.4,11561
2026-01-28 16:30:00,BOS,long,5292.5,5283.8,5306.7,5283.8,5306.7,11569
2026-01-28 16:45:00,MSS,short,5294.8,5306.7,5275.6,5306.7,5275.6,11572
2026-01-28 17:10:00,BOS,short,5286.7,5293.0,5276.4,5293.0,5276.4,11578
2026-01-28 17:40:00,BOS,short,5269.4,5276.3,5258.3,5276.3,5258.3,11584
2026-01-28 18:05:00,MSS,long,5265.9,5258.3,5278.3,5258.3,5278.3,11586
2026-01-28 19:00:00,MSS,short,5260.9,5275.7,5237.0,5275.7,5237.0,11600
2026-01-28 19:45:00,MSS,long,5251.4,5246.1,5260.0,5246.1,5260.0,11609
2026-01-28 20:20:00,BOS,long,5252.1,5245.3,5263.0,5245.3,5263.0,11615
2026-01-28 20:35:00,BOS,long,5257.4,5253.2,5264.3,5253.2,5264.3,11619
2026-01-28 20:50:00,BOS,long,5263.2,5259.0,5269.9,5259.0,5269.9,11623
2026-01-28 21:35:00,MSS,short,5271.5,5280.4,5257.1,5280.4,5257.1,11632
2026-01-28 22:00:00,BOS,short,5258.6,5263.0,5251.4,5263.0,5251.4,11637
2026-01-28 22:35:00,MSS,long,5256.0,5243.7,5275.8,5243.7,5275.8,11644
2026-01-28 22:55:00,BOS,long,5271.2,5263.8,5283.2,5263.8,5283.2,11648
2026-01-28 23:05:00,MSS,short,5268.0,5292.3,5228.7,5292.3,5228.7,11650
2026-01-29 00:10:00,MSS,long,5270.8,5262.3,5284.5,5262.3,5284.5,11660
2026-01-29 00:30:00,MSS,short,5283.1,5288.8,5273.8,5288.8,5273.8,11665
2026-01-29 00:45:00,MSS,long,5282.4,5273.8,5296.4,5273.8,5296.4,11668
2026-01-29 01:35:00,MSS,short,5292.9,5301.3,5279.4,5301.3,5279.4,11679
2026-01-29 02:05:00,MSS,long,5294.6,5289.4,5302.9,5289.4,5302.9,11686
2026-01-29 02:30:00,MSS,short,5304.6,5324.0,5273.1,5324.0,5273.1,11690
2026-01-29 03:10:00,MSS,long,5275.5,5263.7,5294.7,5263.7,5294.7,11698
2026-01-29 03:40:00,BOS,long,5289.3,5277.3,5308.6,5277.3,5308.6,11704
2026-01-29 04:25:00,BOS,long,5330.4,5317.0,5352.1,5317.0,5352.1,11713
2026-01-29 05:45:00,BOS,long,5385.9,5378.4,5398.0,5378.4,5398.0,11730
2026-01-29 07:30:00,BOS,long,5475.3,5463.9,5493.8,5463.9,5493.8,11738
2026-01-29 08:00:00,MSS,short,5489.2,5518.3,5442.0,5518.3,5442.0,11745
2026-01-29 08:30:00,MSS,long,5476.6,5455.4,5511.0,5455.4,5511.0,11750
2026-01-29 09:00:00,MSS,short,5492.8,5513.1,5460.0,5513.1,5460.0,11756
2026-01-29 09:40:00,MSS,long,5476.6,5436.4,5541.6,5436.4,5541.6,11760
2026-01-29 10:00:00,MSS,short,5525.0,5540.8,5499.4,5540.8,5499.4,11768
2026-01-29 10:30:00,MSS,long,5513.8,5503.1,5531.0,5503.1,5531.0,11774
2026-01-29 11:00:00,MSS,short,5522.3,5534.8,5502.2,5534.8,5502.2,11780
2026-01-29 11:45:00,MSS,long,5520.0,5513.0,5531.4,5513.0,5531.4,11790
2026-01-29 12:10:00,MSS,short,5535.9,5541.6,5526.6,5541.6,5526.6,11795
2026-01-29 12:30:00,MSS,long,5537.6,5526.6,5555.4,5526.6,5555.4,11796
2026-01-29 13:20:00,MSS,short,5535.3,5551.0,5509.8,5551.0,5509.8,11809
2026-01-29 13:55:00,MSS,long,5542.3,5535.0,5554.1,5535.0,5554.1,11814
2026-01-29 14:20:00,BOS,long,5575.6,5569.0,5586.2,5569.0,5586.2,11821
2026-01-29 14:45:00,MSS,short,5568.2,5578.5,5551.6,5578.5,5551.6,11825
2026-01-29 15:25:00,BOS,short,5544.3,5553.1,5530.1,5553.1,5530.1,11834
2026-01-29 16:00:00,BOS,short,5536.9,5541.6,5529.2,5541.6,5529.2,11841
2026-01-29 16:30:00,BOS,short,5524.3,5533.4,5509.5,5533.4,5509.5,11845
2026-01-29 16:35:00,BOS,short,5522.2,5533.4,5504.0,5533.4,5504.0,11845
2026-01-29 17:30:00,MSS,long,5502.9,5495.4,5515.0,5495.4,5515.0,11857
2026-01-29 18:00:00,MSS,short,5515.0,5522.9,5502.1,5522.9,5502.1,11862
2026-01-29 18:30:00,BOS,short,5501.4,5507.0,5492.3,5507.0,5492.3,11871
2026-01-29 18:55:00,BOS,short,5492.2,5501.8,5476.7,5501.8,5476.7,11873
2026-01-29 19:20:00,MSS,long,5479.3,5463.7,5504.6,5463.7,5504.6,11878
2026-01-29 19:45:00,BOS,long,5508.7,5501.1,5520.9,5501.1,5520.9,11886
2026-01-29 20:10:00,BOS,long,5520.5,5513.7,5531.5,5513.7,5531.5,11890
2026-01-29 20:40:00,MSS,short,5527.5,5533.3,5518.0,5533.3,5518.0,11897
2026-01-29 20:50:00,MSS,long,5524.0,5518.0,5533.7,5518.0,5533.7,11898
2026-01-29 21:00:00,MSS,short,5528.8,5533.7,5520.9,5533.7,5520.9,11900
2026-01-29 21:40:00,MSS,long,5505.4,5495.0,5522.3,5495.0,5522.3,11909
2026-01-29 22:05:00,BOS,long,5510.2,5497.9,5530.0,5497.9,5530.0,11913
2026-01-29 22:25:00,BOS,long,5524.3,5512.8,5542.9,5512.8,5542.9,11918
2026-01-29 22:50:00,MSS,short,5512.1,5527.0,5487.9,5527.0,5487.9,11922
2026-01-30 00:00:00,MSS,long,5191.5,5172.6,5222.1,5172.6,5222.1,11937
2026-01-30 00:10:00,BOS,long,5206.6,5168.6,5268.0,5168.6,5268.0,11938
2026-01-30 01:15:00,BOS,long,5280.2,5249.0,5330.8,5249.0,5330.8,11948
2026-01-30 02:25:00,MSS,short,5333.3,5349.8,5306.5,5349.8,5306.5,11963
2026-01-30 03:00:00,BOS,short,5339.4,5352.8,5317.6,5352.8,5317.6,11971
2026-01-30 03:15:00,BOS,short,5314.5,5318.0,5308.8,5318.0,5308.8,11973
2026-01-30 03:25:00,BOS,short,5312.8,5318.0,5304.5,5318.0,5304.5,11973
2026-01-30 03:45:00,MSS,long,5295.6,5282.0,5317.7,5282.0,5317.7,11977
2026-01-30 04:00:00,MSS,short,5293.8,5305.4,5275.1,5305.4,5275.1,11981
2026-01-30 04:35:00,MSS,long,5304.6,5283.1,5339.3,5283.1,5339.3,11985
2026-01-30 05:20:00,BOS,long,5387.6,5381.9,5396.7,5381.9,5396.7,11994
2026-01-30 05:50:00,MSS,short,5395.2,5408.7,5373.3,5408.7,5373.3,11996
2026-01-30 07:00:00,MSS,long,5384.9,5370.0,5409.0,5370.0,5409.0,12001
2026-01-30 08:05:00,BOS,long,5431.2,5424.8,5441.5,5424.8,5441.5,12013
2026-01-30 08:25:00,MSS,short,5432.6,5441.5,5418.1,5441.5,5418.1,12015
2026-01-30 08:45:00,BOS,short,5408.2,5422.0,5386.0,5422.0,5386.0,12018
2026-01-30 09:00:00,BOS,short,5406.3,5422.0,5381.0,5422.0,5381.0,12018
2026-01-30 10:15:00,BOS,short,5287.2,5353.4,5180.0,5353.4,5180.0,12023
2026-01-30 16:30:00,BOS,short,5127.9,5162.9,5071.3,5162.9,5071.3,12030
2026-01-30 17:05:00,BOS,short,5083.2,5100.0,5056.1,5100.0,5056.1,12037
2026-01-30 19:40:00,MSS,long,5032.5,4976.3,5123.3,4976.3,5123.3,12041
2026-01-30 23:00:00,MSS,short,5045.4,5084.9,4981.5,5084.9,4981.5,12051
2026-01-31 01:20:00,BOS,short,5003.3,5056.6,4917.0,5056.6,4917.0,12054
2026-01-31 01:35:00,BOS,short,4913.7,4924.3,4896.6,4924.3,4896.6,12057
2026-01-31 03:45:00,MSS,long,4879.1,4854.2,4919.3,4854.2,4919.3,12064
2026-02-02 07:00:00,MSS,short,4854.2,4919.3,4748.8,4919.3,4748.8,12067
2026-02-02 07:15:00,BOS,short,4771.4,4801.3,4722.9,4801.3,4722.9,12070
2026-02-02 09:00:00,MSS,long,4737.7,4722.9,4761.7,4722.9,4761.7,12071
2026-02-02 12:00:00,MSS,short,4699.9,4761.7,4600.0,4761.7,4600.0,12073
2026-02-02 20:30:00,MSS,long,4721.3,4687.0,4776.8,4687.0,4776.8,12079
2026-02-03 00:25:00,MSS,short,4731.4,4776.8,4658.0,4776.8,4658.0,12081
2026-02-03 09:10:00,MSS,long,4720.3,4658.0,4821.0,4658.0,4821.0,12083
2026-02-04 01:30:00,BOS,long,4924.6,4910.9,4946.8,4910.9,4946.8,12089
2026-02-04 02:25:00,MSS,short,4930.9,4946.8,4905.3,4946.8,4905.3,12091
2026-02-04 03:25:00,MSS,long,4903.2,4891.0,4922.9,4891.0,4922.9,12095
2026-02-04 03:50:00,MSS,short,4926.4,4936.2,4910.6,4936.2,4910.6,12100
2026-02-04 10:10:00,MSS,long,4962.8,4910.6,5047.2,4910.6,5047.2,12101
2026-02-04 16:45:00,BOS,long,5043.4,5028.7,5067.2,5028.7,5067.2,12104
2026-02-04 23:00:00,MSS,short,5025.1,5051.2,4982.9,5051.2,4982.9,12108
2026-02-05 10:30:00,BOS,short,4970.7,5007.6,4910.9,5007.6,4910.9,12113
2026-02-06 03:40:00,BOS,short,4845.8,4851.1,4837.1,4851.1,4837.1,12117
2026-02-06 22:50:00,MSS,long,4877.9,4842.1,4935.9,4842.1,4935.9,12123
2026-02-07 01:25:00,BOS,long,4940.1,4933.8,4950.2,4933.8,4950.2,12125
2026-02-10 18:25:00,BOS,long,5024.4,5011.9,5044.7,5011.9,5044.7,12132
2026-02-11 02:40:00,MSS,short,5030.8,5044.7,5008.3,5044.7,5008.3,12133
2026-02-11 10:45:00,MSS,long,5023.5,5008.3,5048.0,5008.3,5048.0,12137
2026-02-12 11:20:00,MSS,short,5073.4,5082.0,5059.6,5082.0,5059.6,12149
2026-02-12 18:10:00,MSS,long,5057.5,5052.8,5065.1,5052.8,5065.1,12158
2026-02-12 21:45:00,BOS,long,5067.1,5061.9,5075.6,5061.9,5075.6,12160
2026-02-12 23:55:00,MSS,short,5064.9,5068.1,5059.8,5068.1,5059.8,12164
2026-02-13 00:05:00,BOS,short,5059.7,5065.3,5050.7,5065.3,5050.7,12166
2026-02-13 09:10:00,MSS,long,4948.4,4941.1,4960.1,4941.1,4960.1,12171
2026-02-14 02:35:00,BOS,long,4990.9,4966.8,5030.0,4966.8,5030.0,12174
2026-02-14 03:25:00,BOS,long,5033.4,5028.4,5041.5,5028.4,5041.5,12176
2026-02-17 03:05:00,MSS,short,5020.5,5037.3,4993.2,5037.3,4993.2,12179
2026-02-18 01:55:00,MSS,long,4857.8,4854.7,4862.7,4854.7,4862.7,12183
2026-02-18 23:30:00,BOS,long,4917.1,4864.6,5002.0,4864.6,5002.0,12187
2026-02-19 00:45:00,BOS,long,5002.0,4996.2,5011.5,4996.2,5011.5,12190
2026-02-19 01:30:00,MSS,short,4998.5,4999.9,4996.2,4999.9,4996.2,12195
2026-02-19 01:35:00,BOS,short,4998.2,4999.9,4995.5,4999.9,4995.5,12195
2026-02-19 01:55:00,MSS,long,4993.4,4991.5,4996.6,4991.5,4996.6,12198
2026-02-19 02:25:00,MSS,short,4992.4,4996.6,4985.5,4996.6,4985.5,12199
2026-02-19 21:45:00,MSS,long,4985.3,4977.4,4998.0,4977.4,4998.0,12202
2026-02-19 23:50:00,BOS,long,5001.9,4998.6,5007.2,4998.6,5007.2,12206
2026-02-20 00:25:00,MSS,short,5006.0,5012.0,4996.3,5012.0,4996.3,12208
2026-02-20 01:35:00,BOS,short,4999.6,5005.6,4990.0,5005.6,4990.0,12212
2026-02-20 01:55:00,BOS,short,4989.2,4993.1,4983.0,4993.1,4983.0,12214
2026-02-20 02:25:00,BOS,short,4981.8,4984.9,4976.9,4984.9,4976.9,12216
2026-02-20 08:40:00,MSS,long,4982.4,4976.9,4991.2,4976.9,4991.2,12217
2026-02-24 02:40:00,BOS,long,5076.5,4997.7,5204.1,4997.7,5204.1,12225
2026-02-26 08:50:00,BOS,long,5200.3,5196.3,5206.7,5196.3,5206.7,12240
2026-02-26 09:25:00,MSS,short,5204.8,5211.1,5194.7,5211.1,5194.7,12248
2026-02-26 10:10:00,BOS,short,5206.1,5211.3,5197.8,5211.3,5197.8,12256
2026-02-26 10:40:00,BOS,short,5195.7,5199.8,5189.1,5199.8,5189.1,12263
2026-02-26 10:50:00,MSS,long,5193.4,5189.1,5200.3,5189.1,5200.3,12264
2026-02-26 11:00:00,BOS,long,5194.6,5189.1,5203.4,5189.1,5203.4,12264
2026-02-26 12:00:00,BOS,long,5204.2,5199.7,5211.4,5199.7,5211.4,12277
2026-02-26 13:05:00,BOS,long,5208.1,5206.4,5210.8,5206.4,5210.8,12290
2026-02-26 13:45:00,MSS,short,5215.2,5219.8,5207.7,5219.8,5207.7,12299
2026-02-26 15:05:00,BOS,short,5206.2,5211.5,5197.6,5211.5,5197.6,12316
2026-02-26 15:45:00,BOS,short,5203.3,5206.5,5198.1,5206.5,5198.1,12324
2026-02-26 16:10:00,MSS,long,5200.3,5195.8,5207.7,5195.8,5207.7,12329
2026-02-26 16:25:00,MSS,short,5201.3,5207.7,5191.0,5207.7,5191.0,12330
2026-02-26 17:35:00,MSS,long,5194.2,5190.8,5199.8,5190.8,5199.8,12344
2026-02-26 18:00:00,BOS,long,5199.9,5196.2,5205.8,5196.2,5205.8,12348
2026-02-26 18:15:00,MSS,short,5203.2,5206.4,5198.1,5206.4,5198.1,12353
2026-02-26 18:25:00,BOS,short,5201.1,5205.0,5194.7,5205.0,5194.7,12355
2026-02-26 18:45:00,BOS,short,5191.4,5194.7,5186.1,5194.7,5186.1,12360
2026-02-26 19:50:00,BOS,short,5185.9,5191.6,5176.6,5191.6,5176.6,12371
2026-02-26 20:15:00,MSS,long,5179.5,5173.1,5189.9,5173.1,5189.9,12376
2026-02-26 21:00:00,MSS,short,5197.2,5200.9,5191.3,5200.9,5191.3,12387
2026-02-26 21:40:00,BOS,short,5188.6,5193.6,5180.4,5193.6,5180.4,12395
2026-02-26 22:20:00,MSS,long,5179.9,5175.9,5186.5,5175.9,5186.5,12401
2026-02-26 23:20:00,MSS,short,5180.4,5188.2,5167.7,5188.2,5167.7,12414
2026-02-26 23:40:00,MSS,long,5163.4,5145.2,5192.8,5145.2,5192.8,12417
2026-02-27 01:25:00,MSS,short,5195.6,5198.9,5190.3,5198.9,5190.3,12440
2026-02-27 01:45:00,BOS,short,5189.7,5194.9,5181.4,5194.9,5181.4,12443
2026-02-27 02:10:00,MSS,long,5184.3,5180.4,5190.6,5180.4,5190.6,12449
2026-02-27 02:45:00,BOS,long,5186.1,5176.4,5201.7,5176.4,5201.7,12455
2026-02-27 03:05:00,BOS,long,5198.8,5195.2,5204.5,5195.2,5204.5,12459
2026-02-27 03:45:00,BOS,long,5204.5,5200.3,5211.4,5200.3,5211.4,12466
2026-02-27 04:05:00,BOS,long,5207.4,5203.5,5213.7,5203.5,5213.7,12471
2026-02-27 04:40:00,BOS,long,5211.1,5207.7,5216.5,5207.7,5216.5,12478
2026-02-27 05:25:00,MSS,short,5212.0,5218.0,5202.2,5218.0,5202.2,12484
2026-02-27 05:50:00,BOS,short,5205.5,5208.6,5200.4,5208.6,5200.4,12492
2026-02-27 07:00:00,BOS,short,5202.3,5208.6,5192.1,5208.6,5192.1,12492
2026-02-27 08:00:00,BOS,short,5202.0,5206.2,5195.3,5206.2,5195.3,12504
2026-02-27 08:15:00,MSS,long,5199.8,5195.3,5207.0,5195.3,5207.0,12508
2026-02-27 08:35:00,MSS,short,5202.3,5211.5,5187.3,5211.5,5187.3,12512
2026-02-27 09:15:00,MSS,long,5187.6,5182.7,5195.4,5182.7,5195.4,12521
2026-02-27 09:30:00,BOS,long,5194.1,5191.0,5199.0,5191.0,5199.0,12525
2026-02-27 10:25:00,MSS,short,5210.1,5215.9,5200.8,5215.9,5200.8,12533
2026-02-27 10:55:00,MSS,long,5194.5,5190.3,5201.2,5190.3,5201.2,12542
2026-02-27 11:25:00,BOS,long,5200.5,5197.7,5204.9,5197.7,5204.9,12545
2026-02-27 11:45:00,BOS,long,5202.8,5200.0,5207.4,5200.0,5207.4,12551
2026-02-27 12:20:00,BOS,long,5202.2,5200.7,5204.5,5200.7,5204.5,12559
2026-02-27 12:50:00,MSS,short,5202.9,5205.2,5199.2,5205.2,5199.2,12563
2026-02-27 13:20:00,MSS,long,5200.7,5197.2,5206.4,5197.2,5206.4,12567
2026-02-27 13:55:00,BOS,long,5211.5,5207.8,5217.4,5207.8,5217.4,12577
2026-02-27 14:50:00,MSS,short,5209.9,5213.3,5204.3,5213.3,5204.3,12588
2026-02-27 15:10:00,BOS,short,5203.4,5206.6,5198.2,5206.6,5198.2,12593
2026-02-27 15:55:00,BOS,short,5196.9,5199.6,5192.6,5199.6,5192.6,12600
2026-02-27 16:45:00,BOS,short,5197.7,5199.2,5195.4,5199.2,5195.4,12611
2026-02-27 17:45:00,BOS,short,5194.7,5198.3,5188.9,5198.3,5188.9,12624
2026-02-27 18:15:00,MSS,long,5188.7,5184.0,5196.3,5184.0,5196.3,12630
2026-02-27 19:10:00,MSS,short,5192.3,5194.2,5189.2,5194.2,5189.2,12640
2026-02-27 19:30:00,MSS,long,5191.5,5188.4,5196.6,5188.4,5196.6,12643
2026-02-27 19:45:00,BOS,long,5194.6,5192.6,5197.8,5192.6,5197.8,12648
2026-02-27 21:00:00,BOS,long,5204.6,5199.5,5212.9,5199.5,5212.9,12661
2026-02-27 21:55:00,BOS,long,5234.0,5228.2,5243.4,5228.2,5243.4,12674
2026-02-27 22:20:00,BOS,long,5242.1,5234.7,5254.1,5234.7,5254.1,12677
2026-02-27 23:05:00,BOS,long,5243.7,5236.8,5254.9,5236.8,5254.9,12688
2026-02-27 23:45:00,BOS,long,5248.2,5244.0,5255.0,5244.0,5255.0,12695
2026-02-28 00:50:00,MSS,short,5253.5,5256.9,5248.1,5256.9,5248.1,12708
2026-02-28 01:40:00,MSS,long,5243.9,5237.4,5254.4,5237.4,5254.4,12718
2026-02-28 02:20:00,MSS,short,5251.4,5256.4,5243.3,5256.4,5243.3,12724
2026-02-28 02:40:00,MSS,long,5246.8,5240.0,5257.9,5240.0,5257.9,12729
2026-02-28 04:05:00,BOS,long,5267.9,5266.3,5270.5,5266.3,5270.5,12747
2026-02-28 05:35:00,BOS,long,5282.8,5278.9,5289.0,5278.9,5289.0,12766
2026-03-02 07:00:00,BOS,long,5335.9,5294.5,5403.0,5294.5,5403.0,12771
2026-03-02 08:05:00,MSS,short,5394.2,5405.0,5376.8,5405.0,5376.8,12782
2026-03-02 08:50:00,BOS,short,5375.9,5388.7,5355.2,5388.7,5355.2,12790
2026-03-02 09:55:00,BOS,short,5345.1,5351.8,5334.3,5351.8,5334.3,12804
2026-03-02 10:35:00,MSS,long,5339.5,5329.0,5356.6,5329.0,5356.6,12809
2026-03-02 11:15:00,BOS,long,5366.2,5362.6,5372.1,5362.6,5372.1,12822
2026-03-02 11:35:00,BOS,long,5370.7,5366.2,5377.9,5366.2,5377.9,12826
2026-03-02 12:35:00,MSS,short,5371.2,5379.4,5358.0,5379.4,5358.0,12836
2026-03-02 13:30:00,MSS,long,5360.3,5353.6,5371.1,5353.6,5371.1,12847
2026-03-02 14:05:00,BOS,long,5381.7,5374.4,5393.6,5374.4,5393.6,12855
2026-03-02 14:25:00,BOS,long,5383.0,5374.4,5397.0,5374.4,5397.0,12855
2026-03-02 14:45:00,BOS,long,5393.0,5388.1,5401.0,5388.1,5401.0,12864
2026-03-02 16:25:00,BOS,long,5422.1,5416.4,5431.3,5416.4,5431.3,12884
2026-03-02 16:40:00,MSS,short,5424.2,5432.0,5411.5,5432.0,5411.5,12886
2026-03-02 16:55:00,BOS,short,5418.2,5425.9,5405.8,5425.9,5405.8,12889
2026-03-02 18:35:00,MSS,long,5403.9,5398.1,5413.4,5398.1,5413.4,12909
2026-03-02 19:45:00,MSS,short,5404.2,5414.8,5387.0,5414.8,5387.0,12923
2026-03-02 21:00:00,MSS,long,5407.3,5400.7,5418.0,5400.7,5418.0,12939
2026-03-02 21:10:00,MSS,short,5414.2,5425.5,5396.0,5425.5,5396.0,12941
2026-03-02 21:40:00,BOS,short,5422.8,5432.2,5407.5,5432.2,5407.5,12946
2026-03-02 22:00:00,BOS,short,5405.6,5414.0,5392.0,5414.0,5392.0,12950
2026-03-02 23:55:00,BOS,short,5347.9,5363.9,5322.0,5363.9,5322.0,12971
2026-03-03 00:25:00,MSS,long,5307.5,5294.5,5328.5,5294.5,5328.5,12979
2026-03-03 01:30:00,BOS,long,5317.1,5306.2,5334.7,5306.2,5334.7,12991
2026-03-03 02:05:00,MSS,short,5316.6,5324.2,5304.2,5324.2,5304.2,12999
2026-03-03 02:45:00,MSS,long,5312.7,5304.0,5326.7,5304.0,5326.7,13007
2026-03-03 04:00:00,BOS,long,5340.8,5336.6,5347.6,5336.6,5347.6,13022
2026-03-03 04:55:00,MSS,short,5352.2,5356.6,5345.1,5356.6,5345.1,13034
2026-03-03 05:25:00,BOS,short,5351.2,5354.6,5345.8,5354.6,5345.8,13039
2026-03-03 07:00:00,MSS,long,5344.8,5335.4,5360.0,5335.4,5360.0,13047
2026-03-03 07:35:00,MSS,short,5351.5,5356.0,5344.2,5356.0,5344.2,13051
2026-03-03 07:55:00,MSS,long,5350.1,5343.6,5360.6,5343.6,5360.6,13057
2026-03-03 08:10:00,BOS,long,5355.6,5350.4,5364.0,5350.4,5364.0,13060
2026-03-03 09:00:00,BOS,long,5367.5,5360.4,5378.9,5360.4,5378.9,13070
2026-03-03 09:55:00,MSS,short,5378.0,5394.5,5351.4,5394.5,5351.4,13077
2026-03-03 11:00:00,MSS,long,5377.1,5371.9,5385.5,5371.9,5385.5,13094
2026-03-03 11:50:00,MSS,short,5379.4,5383.8,5372.3,5383.8,5372.3,13104
2026-03-03 12:20:00,MSS,long,5377.6,5372.7,5385.6,5372.7,5385.6,13110
2026-03-03 13:30:00,MSS,short,5368.7,5376.1,5356.7,5376.1,5356.7,13125
2026-03-03 14:10:00,BOS,short,5319.7,5337.0,5291.8,5337.0,5291.8,13132
2026-03-03 15:30:00,MSS,long,5326.2,5321.7,5333.5,5321.7,5333.5,13146
2026-03-03 16:20:00,MSS,short,5340.4,5349.0,5326.6,5349.0,5326.6,13157
2026-03-03 16:55:00,BOS,short,5316.0,5324.2,5302.7,5324.2,5302.7,13166
2026-03-03 17:00:00,BOS,short,5315.8,5324.2,5302.2,5324.2,5302.2,13166
2026-03-03 17:25:00,BOS,short,5285.4,5315.9,5236.0,5315.9,5236.0,13170
2026-03-03 17:50:00,MSS,long,5278.9,5270.9,5291.8,5270.9,5291.8,13176
2026-03-03 18:00:00,BOS,long,5281.9,5270.9,5299.8,5270.9,5299.8,13176
2026-03-03 18:35:00,MSS,short,5280.0,5293.1,5258.9,5293.1,5258.9,13185
2026-03-03 19:05:00,BOS,short,5234.2,5275.0,5168.3,5275.0,5168.3,13192
2026-03-03 19:45:00,MSS,long,5130.7,5112.6,5160.0,5112.6,5160.0,13200
2026-03-03 20:05:00,BOS,long,5163.9,5148.0,5189.5,5148.0,5189.5,13204
2026-03-03 20:55:00,BOS,long,5217.8,5206.0,5236.8,5206.0,5236.8,13214
2026-03-03 21:00:00,MSS,short,5217.0,5236.8,5185.0,5236.8,5185.0,13215
2026-03-03 21:50:00,BOS,short,5177.0,5197.7,5143.5,5197.7,5143.5,13222
2026-03-03 22:20:00,BOS,short,5165.4,5186.0,5132.0,5186.0,5132.0,13229
2026-03-03 22:30:00,BOS,short,5144.4,5158.0,5122.5,5158.0,5122.5,13233
2026-03-03 23:45:00,MSS,long,5036.7,5005.0,5088.0,5005.0,5088.0,13243
2026-03-04 00:35:00,BOS,long,5128.5,5117.8,5145.7,5117.8,5145.7,13258
2026-03-04 01:00:00,MSS,short,5125.2,5145.7,5092.0,5145.7,5092.0,13259
2026-03-04 01:30:00,BOS,short,5105.8,5121.0,5081.1,5121.0,5081.1,13267
2026-03-04 02:00:00,MSS,long,5088.6,5077.6,5106.3,5077.6,5106.3,13275
2026-03-04 02:25:00,BOS,long,5113.2,5103.9,5128.3,5103.9,5128.3,13280
2026-03-04 03:00:00,BOS,long,5149.3,5141.8,5161.4,5141.8,5161.4,13287
2026-03-04 03:05:00,MSS,short,5152.4,5161.4,5137.9,5161.4,5137.9,13288
2026-03-04 04:20:00,MSS,long,5130.1,5123.3,5141.1,5123.3,5141.1,13303
2026-03-04 04:35:00,MSS,short,5132.2,5141.1,5117.8,5141.1,5117.8,13304
2026-03-04 07:00:00,MSS,long,5105.4,5093.9,5124.1,5093.9,5124.1,13322
2026-03-04 08:00:00,MSS,short,5127.7,5136.0,5114.4,5136.0,5114.4,13335
2026-03-04 08:40:00,MSS,long,5136.7,5130.6,5146.6,5130.6,5146.6,13343
2026-03-04 09:00:00,BOS,long,5148.2,5135.9,5168.0,5135.9,5168.0,13347
2026-03-04 09:45:00,BOS,long,5162.8,5150.3,5183.0,5150.3,5183.0,13354
2026-03-04 10:05:00,BOS,long,5183.9,5177.4,5194.3,5177.4,5194.3,13360
2026-03-04 10:55:00,MSS,short,5179.5,5190.0,5162.5,5190.0,5162.5,13369
2026-03-04 11:15:00,MSS,long,5158.2,5150.0,5171.4,5150.0,5171.4,13373
2026-03-04 11:45:00,BOS,long,5167.8,5162.3,5176.8,5162.3,5176.8,13379
2026-03-04 12:40:00,MSS,short,5172.8,5180.5,5160.4,5180.5,5160.4,13389
2026-03-04 13:00:00,BOS,short,5168.7,5173.4,5161.0,5173.4,5161.0,13393
2026-03-04 13:10:00,MSS,long,5165.9,5160.3,5175.0,5160.3,5175.0,13397
2026-03-04 14:00:00,MSS,short,5166.9,5177.3,5150.2,5177.3,5150.2,13406
2026-03-04 14:30:00,MSS,long,5146.3,5136.0,5163.0,5136.0,5163.0,13412
2026-03-04 14:55:00,BOS,long,5161.3,5155.3,5170.9,5155.3,5170.9,13416
2026-03-04 15:45:00,BOS,long,5178.4,5173.7,5186.0,5173.7,5186.0,13428
2026-03-04 16:00:00,MSS,short,5178.6,5186.0,5166.5,5186.0,5166.5,13429
2026-03-04 16:45:00,MSS,long,5171.1,5157.7,5192.9,5157.7,5192.9,13433
2026-03-04 17:15:00,BOS,long,5176.4,5170.2,5186.5,5170.2,5186.5,13445
2026-03-04 17:35:00,BOS,long,5186.0,5179.8,5196.0,5179.8,5196.0,13450
2026-03-04 18:00:00,BOS,long,5191.1,5187.0,5197.8,5187.0,5197.8,13455
2026-03-04 19:05:00,BOS,long,5197.2,5193.0,5203.9,5193.0,5203.9,13465
2026-03-04 19:30:00,BOS,long,5205.2,5202.0,5210.3,5202.0,5210.3,13471
2026-03-04 20:00:00,BOS,long,5206.5,5199.3,5218.2,5199.3,5218.2,13478
2026-03-04 20:15:00,MSS,short,5207.4,5218.2,5189.8,5218.2,5189.8,13480
2026-03-04 21:00:00,MSS,long,5179.4,5170.9,5193.1,5170.9,5193.1,13491
2026-03-04 21:55:00,MSS,short,5193.6,5203.4,5177.7,5203.4,5177.7,13501
2026-03-04 22:30:00,MSS,long,5179.1,5169.2,5195.0,5169.2,5195.0,13509
2026-03-04 22:45:00,MSS,short,5178.2,5195.0,5151.0,5195.0,5151.0,13510
2026-03-04 23:10:00,BOS,short,5160.6,5173.3,5140.1,5173.3,5140.1,13516
2026-03-05 00:20:00,BOS,short,5163.6,5172.9,5148.6,5172.9,5148.6,13528
2026-03-05 01:20:00,BOS,short,5150.3,5161.9,5131.5,5161.9,5131.5,13543
2026-03-05 02:05:00,BOS,short,5152.7,5160.0,5141.0,5160.0,5141.0,13551
2026-03-05 02:45:00,MSS,long,5128.2,5118.7,5143.7,5118.7,5143.7,13560
2026-03-05 03:15:00,MSS,short,5142.5,5145.8,5137.2,5145.8,5137.2,13563
2026-03-05 03:55:00,MSS,long,5139.9,5133.3,5150.6,5133.3,5150.6,13570
2026-03-05 04:35:00,BOS,long,5142.3,5134.7,5154.5,5134.7,5154.5,13579
2026-03-05 05:30:00,MSS,short,5149.2,5153.9,5141.7,5153.9,5141.7,13592
2026-03-05 05:50:00,MSS,long,5146.6,5141.7,5154.5,5141.7,5154.5,13594
2026-03-05 07:45:00,BOS,long,5165.0,5159.4,5174.0,5159.4,5174.0,13607
2026-03-05 08:05:00,BOS,long,5174.2,5170.6,5180.0,5170.6,5180.0,13612
2026-03-05 09:05:00,BOS,long,5183.5,5177.7,5193.0,5177.7,5193.0,13623
2026-03-05 10:15:00,BOS,long,5185.9,5182.0,5192.2,5182.0,5192.2,13638
2026-03-05 10:55:00,BOS,long,5190.4,5183.3,5202.0,5183.3,5202.0,13645
2026-03-05 11:55:00,MSS,short,5195.1,5200.0,5187.1,5200.0,5187.1,13657
2026-03-05 12:40:00,BOS,short,5190.6,5195.6,5182.6,5195.6,5182.6,13663
2026-03-05 13:30:00,BOS,short,5179.4,5183.6,5172.6,5183.6,5172.6,13677
2026-03-05 14:05:00,BOS,short,5164.1,5178.4,5141.0,5178.4,5141.0,13681
2026-03-05 14:45:00,MSS,long,5144.0,5129.4,5167.7,5129.4,5167.7,13686
2026-03-05 16:00:00,MSS,short,5170.9,5175.4,5163.6,5175.4,5163.6,13705
2026-03-05 16:45:00,MSS,long,5158.6,5146.3,5178.5,5146.3,5178.5,13712
2026-03-05 17:05:00,BOS,long,5179.3,5171.5,5191.9,5171.5,5191.9,13720
2026-03-05 17:35:00,MSS,short,5181.0,5192.3,5162.8,5192.3,5162.8,13722
2026-03-05 18:45:00,MSS,long,5162.9,5157.0,5172.4,5157.0,5172.4,13739
2026-03-05 19:35:00,MSS,short,5174.0,5178.2,5167.3,5178.2,5167.3,13747
2026-03-05 20:00:00,MSS,long,5173.8,5171.0,5178.2,5171.0,5178.2,13755
2026-03-05 20:25:00,MSS,short,5178.3,5181.7,5172.7,5181.7,5172.7,13760
2026-03-05 21:00:00,BOS,short,5171.2,5176.9,5162.1,5176.9,5162.1,13766
2026-03-05 21:15:00,BOS,short,5161.3,5176.9,5136.0,5176.9,5136.0,13766
2026-03-05 22:15:00,BOS,short,5128.4,5139.1,5111.1,5139.1,5111.1,13781
2026-03-05 22:30:00,MSS,long,5119.2,5111.1,5132.4,5111.1,5132.4,13783
2026-03-05 22:35:00,MSS,short,5119.5,5132.4,5098.6,5132.4,5098.6,13786
2026-03-05 23:50:00,MSS,long,5094.1,5086.0,5107.2,5086.0,5107.2,13800
2026-03-06 00:05:00,MSS,short,5102.8,5113.9,5084.8,5113.9,5084.8,13804
2026-03-06 00:20:00,BOS,short,5085.8,5094.3,5072.0,5094.3,5072.0,13807
2026-03-06 01:00:00,MSS,long,5085.1,5078.7,5095.5,5078.7,5095.5,13814
2026-03-06 01:25:00,MSS,short,5092.9,5098.4,5083.9,5098.4,5083.9,13818
2026-03-06 02:10:00,MSS,long,5066.9,5057.1,5082.7,5057.1,5082.7,13828
2026-03-06 02:35:00,BOS,long,5077.9,5069.8,5091.0,5069.8,5091.0,13833
2026-03-06 03:25:00,MSS,short,5083.2,5090.4,5071.5,5090.4,5071.5,13841
2026-03-06 04:10:00,MSS,long,5077.9,5070.8,5089.4,5070.8,5089.4,13853
2026-03-06 05:50:00,BOS,long,5086.7,5081.9,5094.5,5081.9,5094.5,13871
2026-03-06 08:00:00,MSS,short,5098.5,5111.6,5077.4,5111.6,5077.4,13884
2026-03-06 08:50:00,MSS,long,5089.4,5083.8,5098.4,5083.8,5098.4,13896
2026-03-06 09:00:00,MSS,short,5089.1,5098.4,5074.1,5098.4,5074.1,13898
2026-03-06 09:30:00,MSS,long,5091.3,5081.0,5107.9,5081.0,5107.9,13902
2026-03-06 10:40:00,MSS,short,5137.9,5143.2,5129.4,5143.2,5129.4,13914
2026-03-06 11:00:00,MSS,long,5133.5,5130.3,5138.7,5130.3,5138.7,13922
2026-03-06 12:10:00,BOS,long,5141.1,5138.5,5145.4,5138.5,5145.4,13935
2026-03-06 12:25:00,MSS,short,5141.8,5145.4,5136.1,5145.4,5136.1,13938
2026-03-06 12:55:00,BOS,short,5140.9,5144.6,5134.8,5144.6,5134.8,13946
2026-03-06 13:25:00,MSS,long,5134.4,5131.5,5139.2,5131.5,5139.2,13952
2026-03-06 13:35:00,MSS,short,5134.5,5139.2,5127.0,5139.2,5127.0,13953
2026-03-06 14:20:00,MSS,long,5125.2,5121.3,5131.4,5121.3,5131.4,13962
2026-03-06 14:55:00,MSS,short,5128.2,5131.3,5123.3,5131.3,5123.3,13970
2026-03-06 15:55:00,MSS,long,5121.5,5116.5,5129.5,5116.5,5129.5,13978
2026-03-06 16:20:00,MSS,short,5121.9,5126.4,5114.7,5126.4,5114.7,13987
2026-03-06 17:10:00,BOS,short,5113.6,5120.2,5102.9,5120.2,5102.9,13995
2026-03-06 17:35:00,BOS,short,5105.1,5112.5,5093.0,5112.5,5093.0,14002
2026-03-06 19:20:00,MSS,long,5096.1,5089.2,5107.2,5089.2,5107.2,14022
2026-03-06 19:50:00,MSS,short,5100.5,5109.4,5086.2,5109.4,5086.2,14026
2026-03-06 20:55:00,BOS,short,5099.8,5105.9,5090.0,5105.9,5090.0,14040
2026-03-06 21:30:00,MSS,long,5097.1,5073.2,5135.7,5073.2,5135.7,14045
2026-03-06 22:55:00,BOS,long,5111.0,5091.9,5141.8,5091.9,5141.8,14064
2026-03-06 23:20:00,BOS,long,5159.0,5146.8,5178.8,5146.8,5178.8,14070
2026-03-07 00:35:00,MSS,short,5149.9,5156.2,5139.6,5156.2,5139.6,14086
2026-03-07 01:15:00,MSS,long,5144.0,5138.3,5153.2,5138.3,5153.2,14093
2026-03-07 01:30:00,BOS,long,5152.0,5146.5,5160.9,5146.5,5160.9,14097
2026-03-07 02:00:00,BOS,long,5147.0,5142.1,5155.0,5142.1,5155.0,14103
2026-03-07 03:10:00,BOS,long,5171.2,5165.6,5180.3,5165.6,5180.3,14114
2026-03-07 04:00:00,MSS,short,5169.2,5172.6,5163.7,5172.6,5163.7,14126
2026-03-07 04:30:00,BOS,short,5165.2,5169.0,5159.0,5169.0,5159.0,14133
2026-03-07 05:00:00,MSS,long,5163.0,5158.8,5169.9,5158.8,5169.9,14139
2026-03-07 05:30:00,BOS,long,5176.0,5173.6,5179.9,5173.6,5179.9,14145
2026-03-09 06:00:00,MSS,short,5177.6,5184.4,5166.7,5184.4,5166.7,14151
2026-03-09 06:40:00,BOS,short,5152.6,5175.4,5115.6,5175.4,5115.6,14158
2026-03-09 07:10:00,BOS,short,5127.0,5146.0,5096.2,5146.0,5096.2,14164
2026-03-09 07:35:00,BOS,short,5094.9,5114.0,5064.0,5114.0,5064.0,14170
2026-03-09 08:10:00,BOS,short,5068.7,5089.5,5035.1,5089.5,5035.1,14176
2026-03-09 08:45:00,BOS,short,5057.1,5067.6,5040.1,5067.6,5040.1,14183
2026-03-09 09:05:00,MSS,long,5038.4,5020.8,5066.8,5020.8,5066.8,14188
2026-03-09 09:55:00,MSS,short,5084.0,5089.0,5075.9,5089.0,5075.9,14197
2026-03-09 10:10:00,MSS,long,5077.2,5061.3,5102.9,5061.3,5102.9,14200
2026-03-09 12:05:00,BOS,long,5097.2,5093.2,5103.7,5093.2,5103.7,14224
2026-03-09 12:50:00,MSS,short,5097.7,5101.5,5091.6,5101.5,5091.6,14229
2026-03-09 13:00:00,MSS,long,5095.5,5091.3,5102.3,5091.3,5102.3,14233
2026-03-09 13:30:00,BOS,long,5102.4,5094.4,5115.4,5094.4,5115.4,14239
2026-03-09 14:35:00,MSS,short,5131.2,5137.0,5121.7,5137.0,5121.7,14254
2026-03-09 15:20:00,MSS,long,5106.5,5102.5,5113.0,5102.5,5113.0,14263
2026-03-09 16:00:00,BOS,long,5107.7,5101.0,5118.5,5101.0,5118.5,14269
2026-03-09 16:20:00,MSS,short,5112.4,5118.5,5102.5,5118.5,5102.5,14272
2026-03-09 16:45:00,MSS,long,5101.1,5096.6,5108.5,5096.6,5108.5,14280
2026-03-09 17:05:00,BOS,long,5107.7,5100.3,5119.6,5100.3,5119.6,14283
2026-03-09 18:25:00,MSS,short,5114.6,5119.6,5106.5,5119.6,5106.5,14298
2026-03-09 18:55:00,BOS,short,5102.5,5107.7,5094.1,5107.7,5094.1,14304
2026-03-09 20:00:00,MSS,long,5097.3,5091.6,5106.4,5091.6,5106.4,14318
2026-03-09 20:20:00,BOS,long,5106.5,5101.5,5114.5,5101.5,5114.5,14322
2026-03-09 20:40:00,MSS,short,5117.1,5120.4,5111.8,5120.4,5111.8,14326
2026-03-09 21:05:00,BOS,short,5102.9,5107.6,5095.3,5107.6,5095.3,14332
2026-03-09 21:30:00,MSS,long,5102.0,5092.3,5117.7,5092.3,5117.7,14336
2026-03-09 21:40:00,MSS,short,5105.3,5119.7,5082.1,5119.7,5082.1,14339
2026-03-09 22:30:00,MSS,long,5079.7,5067.4,5099.6,5067.4,5099.6,14346
2026-03-10 00:00:00,BOS,long,5106.7,5101.3,5115.5,5101.3,5115.5,14364
2026-03-10 00:15:00,MSS,short,5112.7,5118.2,5103.9,5118.2,5103.9,14370
2026-03-10 01:05:00,BOS,short,5112.8,5115.6,5108.4,5115.6,5108.4,14380
2026-03-10 01:50:00,MSS,long,5101.7,5097.7,5108.3,5097.7,5108.3,14388
2026-03-10 02:15:00,BOS,long,5105.9,5101.3,5113.4,5101.3,5113.4,14394
2026-03-10 02:30:00,BOS,long,5108.3,5101.3,5119.6,5101.3,5119.6,14394
2026-03-10 03:15:00,BOS,long,5134.3,5128.0,5144.4,5128.0,5144.4,14405
2026-03-10 03:55:00,BOS,long,5144.5,5138.7,5154.0,5138.7,5154.0,14413
2026-03-10 06:00:00,MSS,short,5141.8,5150.2,5128.1,5150.2,5128.1,14425
2026-03-10 06:45:00,MSS,long,5136.2,5126.0,5152.7,5126.0,5152.7,14432
2026-03-10 07:15:00,BOS,long,5154.7,5147.7,5166.0,5147.7,5166.0,14441
2026-03-10 07:40:00,MSS,short,5153.5,5158.8,5145.0,5158.8,5145.0,14447
2026-03-10 08:20:00,BOS,short,5146.8,5151.5,5139.2,5151.5,5139.2,14454
2026-03-10 09:00:00,MSS,long,5144.8,5137.9,5156.0,5137.9,5156.0,14463
2026-03-10 09:20:00,BOS,long,5157.4,5148.3,5172.1,5148.3,5172.1,14466
2026-03-10 09:45:00,BOS,long,5169.1,5162.4,5180.0,5162.4,5180.0,14470
2026-03-10 10:50:00,MSS,short,5189.1,5194.4,5180.6,5194.4,5180.6,14485
2026-03-10 12:10:00,MSS,long,5166.8,5162.6,5173.7,5162.6,5173.7,14501
2026-03-10 13:00:00,BOS,long,5173.6,5170.0,5179.5,5170.0,5179.5,14509
2026-03-10 13:10:00,BOS,long,5174.7,5170.0,5182.3,5170.0,5182.3,14509
2026-03-10 13:30:00,MSS,short,5179.0,5180.8,5176.1,5180.8,5176.1,14517
2026-03-10 13:45:00,MSS,long,5179.9,5178.0,5183.0,5178.0,5183.0,14517
2026-03-10 15:15:00,MSS,short,5183.9,5188.1,5177.0,5188.1,5177.0,14537
2026-03-10 15:45:00,MSS,long,5175.6,5167.4,5188.9,5167.4,5188.9,14540
2026-03-10 16:30:00,BOS,long,5190.2,5185.0,5198.6,5185.0,5198.6,14552
2026-03-10 17:55:00,MSS,short,5195.8,5198.3,5191.7,5198.3,5191.7,14569
2026-03-10 18:30:00,BOS,short,5185.1,5191.4,5174.9,5191.4,5174.9,14576
2026-03-10 19:05:00,MSS,long,5178.8,5165.7,5200.0,5165.7,5200.0,14579
2026-03-10 19:40:00,MSS,short,5190.2,5194.6,5183.0,5194.6,5183.0,14591
2026-03-10 20:00:00,BOS,short,5184.0,5188.8,5176.2,5188.8,5176.2,14594
2026-03-10 20:25:00,MSS,long,5178.3,5171.2,5189.9,5171.2,5189.9,14597
2026-03-10 21:00:00,BOS,long,5198.5,5189.9,5212.4,5189.9,5212.4,14606
2026-03-10 21:45:00,MSS,short,5218.1,5226.2,5205.0,5226.2,5205.0,14616
2026-03-10 22:05:00,BOS,short,5214.0,5224.7,5196.8,5224.7,5196.8,14619
2026-03-10 23:00:00,MSS,long,5217.0,5211.6,5225.7,5211.6,5225.7,14627
2026-03-10 23:30:00,BOS,long,5238.1,5232.9,5246.5,5232.9,5246.5,14637
2026-03-10 23:50:00,MSS,short,5244.0,5248.7,5236.5,5248.7,5236.5,14641
2026-03-11 00:40:00,BOS,short,5241.1,5244.0,5236.5,5244.0,5236.5,14651
2026-03-11 02:00:00,BOS,short,5236.2,5242.2,5226.5,5242.2,5226.5,14666
2026-03-11 03:15:00,MSS,long,5206.0,5201.5,5213.3,5201.5,5213.3,14682
2026-03-11 03:30:00,MSS,short,5206.4,5216.4,5190.1,5216.4,5190.1,14684
2026-03-11 04:55:00,BOS,short,5204.0,5207.8,5197.8,5207.8,5197.8,14701
2026-03-11 06:05:00,BOS,short,5202.3,5207.8,5193.4,5207.8,5193.4,14701
2026-03-11 07:40:00,BOS,short,5201.6,5203.9,5198.0,5203.9,5198.0,14723
2026-03-11 07:55:00,MSS,long,5198.9,5195.3,5204.8,5195.3,5204.8,14725
2026-03-11 08:15:00,BOS,long,5200.5,5193.7,5211.4,5193.7,5211.4,14729
2026-03-11 08:45:00,BOS,long,5218.7,5214.8,5224.9,5214.8,5224.9,14736
2026-03-11 09:50:00,MSS,short,5222.5,5225.7,5217.4,5225.7,5217.4,14749
2026-03-11 10:40:00,MSS,long,5212.8,5209.5,5218.1,5209.5,5218.1,14758
2026-03-11 11:45:00,MSS,short,5215.2,5218.1,5210.4,5218.1,5210.4,14771
2026-03-11 12:50:00,BOS,short,5214.0,5216.7,5209.7,5216.7,5209.7,14784
2026-03-11 13:25:00,BOS,short,5213.5,5216.7,5208.2,5216.7,5208.2,14789
2026-03-11 14:05:00,MSS,long,5207.1,5204.1,5211.9,5204.1,5211.9,14800
2026-03-11 14:30:00,MSS,short,5212.8,5215.0,5209.2,5215.0,5209.2,14805
2026-03-11 15:00:00,MSS,long,5210.2,5210.7,5209.4,5210.7,5209.4,14804
2026-03-11 15:30:00,MSS,short,5203.1,5206.5,5197.6,5206.5,5197.6,14817
2026-03-11 16:10:00,MSS,long,5200.1,5196.0,5206.7,5196.0,5206.7,14824
2026-03-11 16:20:00,MSS,short,5202.0,5206.7,5194.4,5206.7,5194.4,14826
2026-03-11 17:30:00,MSS,long,5193.2,5187.1,5203.1,5187.1,5203.1,14837
2026-03-11 17:55:00,MSS,short,5200.9,5204.9,5194.4,5204.9,5194.4,14844
2026-03-11 18:05:00,MSS,long,5197.0,5194.1,5201.7,5194.1,5201.7,14848
2026-03-11 18:20:00,MSS,short,5201.3,5203.0,5198.5,5203.0,5198.5,14850
2026-03-11 19:00:00,MSS,long,5195.9,5192.7,5201.2,5192.7,5201.2,14859
2026-03-11 19:15:00,MSS,short,5196.6,5201.3,5189.0,5201.3,5189.0,14861
2026-03-11 19:55:00,BOS,short,5191.6,5196.9,5183.0,5196.9,5183.0,14870
2026-03-11 20:10:00,MSS,long,5190.0,5183.0,5201.3,5183.0,5201.3,14871
2026-03-11 20:30:00,MSS,short,5197.0,5203.3,5186.7,5203.3,5186.7,14875
2026-03-11 20:55:00,BOS,short,5183.5,5189.9,5173.2,5189.9,5173.2,14880
2026-03-11 21:45:00,BOS,short,5181.1,5191.1,5165.0,5191.1,5165.0,14888
2026-03-11 22:00:00,MSS,long,5170.7,5156.0,5194.6,5156.0,5194.6,14894
2026-03-11 22:25:00,BOS,long,5197.2,5193.4,5203.4,5193.4,5203.4,14900
2026-03-11 23:10:00,MSS,short,5192.2,5201.0,5177.9,5201.0,5177.9,14906
2026-03-12 00:35:00,MSS,long,5176.0,5171.5,5183.2,5171.5,5183.2,14925
2026-03-12 01:05:00,BOS,long,5181.9,5177.7,5188.6,5177.7,5188.6,14930
2026-03-12 01:30:00,MSS,short,5178.3,5181.6,5173.0,5181.6,5173.0,14937
2026-03-12 01:55:00,MSS,long,5167.3,5161.1,5177.3,5161.1,5177.3,14940
2026-03-12 03:40:00,BOS,long,5180.9,5176.6,5187.9,5176.6,5187.9,14956
2026-03-12 03:50:00,BOS,long,5186.7,5184.5,5190.2,5184.5,5190.2,14965
2026-03-12 04:15:00,MSS,short,5188.3,5191.5,5183.1,5191.5,5183.1,14968
2026-03-12 06:05:00,BOS,short,5183.3,5189.8,5172.8,5189.8,5172.8,14980
2026-03-12 06:55:00,BOS,short,5159.6,5174.5,5135.6,5174.5,5135.6,14990
2026-03-12 07:45:00,BOS,short,5153.1,5159.2,5143.2,5159.2,5143.2,15000
2026-03-12 08:20:00,MSS,long,5139.5,5130.1,5154.8,5130.1,5154.8,15005
2026-03-12 09:00:00,BOS,long,5163.0,5157.2,5172.3,5157.2,5172.3,15015
2026-03-12 09:35:00,BOS,long,5163.3,5159.1,5170.0,5159.1,5170.0,15022
2026-03-12 10:05:00,BOS,long,5173.3,5169.7,5179.2,5169.7,5179.2,15027
2026-03-12 10:20:00,MSS,short,5177.7,5180.1,5173.7,5180.1,5173.7,15030
2026-03-12 11:35:00,BOS,short,5157.1,5159.7,5152.8,5159.7,5152.8,15044
2026-03-12 12:15:00,MSS,long,5157.9,5156.9,5159.4,5156.9,5159.4,15054
2026-03-12 12:20:00,MSS,short,5157.8,5159.4,5155.1,5159.4,5155.1,15055
2026-03-12 13:05:00,MSS,long,5148.1,5145.3,5152.7,5145.3,5152.7,15063
2026-03-12 13:40:00,BOS,long,5148.8,5142.0,5159.9,5142.0,5159.9,15069
2026-03-12 14:15:00,MSS,short,5159.0,5161.0,5155.8,5161.0,5155.8,15078
2026-03-12 14:25:00,MSS,long,5156.4,5152.5,5162.8,5152.5,5162.8,15080
2026-03-12 15:40:00,BOS,long,5178.7,5174.2,5185.9,5174.2,5185.9,15095
2026-03-12 16:55:00,MSS,short,5186.6,5188.2,5183.9,5188.2,5183.9,15107
2026-03-12 17:10:00,BOS,short,5184.9,5187.0,5181.5,5187.0,5181.5,15111
2026-03-12 17:30:00,MSS,long,5184.4,5180.0,5191.4,5180.0,5191.4,15116
2026-03-12 17:55:00,BOS,long,5191.9,5189.1,5196.3,5189.1,5196.3,15122
2026-03-12 18:25:00,MSS,short,5193.4,5197.9,5186.1,5197.9,5186.1,15125
2026-03-12 19:15:00,BOS,short,5186.0,5189.6,5180.3,5189.6,5180.3,15136
2026-03-12 19:40:00,MSS,long,5183.5,5181.4,5186.8,5181.4,5186.8,15143
2026-03-12 20:00:00,MSS,short,5184.5,5187.2,5180.1,5187.2,5180.1,15147
2026-03-12 20:45:00,MSS,long,5179.7,5174.5,5188.1,5174.5,5188.1,15156
2026-03-12 21:15:00,MSS,short,5187.3,5192.6,5178.6,5192.6,5178.6,15160
2026-03-12 21:50:00,BOS,short,5177.7,5192.6,5153.6,5192.6,5153.6,15160
2026-03-12 22:00:00,MSS,long,5159.0,5152.0,5170.2,5152.0,5170.2,15171
2026-03-12 22:15:00,MSS,short,5163.6,5166.7,5158.6,5166.7,5158.6,15170
2026-03-12 23:00:00,BOS,short,5145.4,5150.8,5136.6,5150.8,5136.6,15183
2026-03-13 00:05:00,BOS,short,5136.0,5141.0,5127.9,5141.0,5127.9,15196
2026-03-13 00:55:00,BOS,short,5138.0,5144.0,5128.4,5144.0,5128.4,15204
2026-03-13 01:15:00,BOS,short,5130.4,5136.7,5120.1,5136.7,5120.1,15209
2026-03-13 01:30:00,BOS,short,5125.4,5130.0,5118.0,5130.0,5118.0,15212
2026-03-13 02:20:00,BOS,short,5113.4,5117.3,5107.0,5117.3,5107.0,15223
2026-03-13 03:00:00,BOS,short,5097.5,5105.3,5084.8,5105.3,5084.8,15230
2026-03-13 03:55:00,BOS,short,5097.2,5102.7,5088.4,5102.7,5088.4,15242
2026-03-13 06:00:00,MSS,long,5069.8,5058.1,5088.7,5058.1,5088.7,15250
2026-03-13 06:55:00,BOS,long,5092.8,5088.8,5099.4,5088.8,5099.4,15263
2026-03-13 07:20:00,BOS,long,5096.6,5093.1,5102.3,5093.1,5102.3,15270
2026-03-13 08:05:00,BOS,long,5103.1,5100.3,5107.5,5100.3,5107.5,15280
2026-03-13 08:30:00,BOS,long,5109.7,5107.3,5113.7,5107.3,5113.7,15285
2026-03-13 09:40:00,MSS,short,5121.0,5125.2,5114.1,5125.2,5114.1,15298
2026-03-13 09:55:00,MSS,long,5117.8,5111.5,5128.1,5111.5,5128.1,15301
2026-03-13 10:20:00,MSS,short,5127.2,5132.4,5118.7,5132.4,5118.7,15304
2026-03-13 10:55:00,BOS,short,5122.2,5127.4,5113.8,5127.4,5113.8,15308
2026-03-13 11:35:00,BOS,short,5114.4,5117.7,5109.0,5117.7,5109.0,15320
2026-03-13 11:45:00,MSS,long,5113.2,5109.0,5119.9,5109.0,5119.9,15323
2026-03-13 12:20:00,MSS,short,5115.7,5121.4,5106.6,5121.4,5106.6,15328
2026-03-13 13:10:00,MSS,long,5108.2,5105.6,5112.3,5105.6,5112.3,15341
2026-03-13 13:40:00,MSS,short,5110.1,5114.8,5102.5,5114.8,5102.5,15346
2026-03-13 14:00:00,MSS,long,5104.3,5100.4,5110.5,5100.4,5110.5,15351
2026-03-13 14:20:00,MSS,short,5106.3,5111.3,5098.2,5111.3,5098.2,15353
2026-03-13 15:15:00,BOS,short,5091.0,5098.4,5079.1,5098.4,5079.1,15366
2026-03-13 16:00:00,BOS,short,5088.0,5097.6,5072.5,5097.6,5072.5,15372
2026-03-13 16:35:00,MSS,long,5074.1,5066.0,5087.3,5066.0,5087.3,15380
2026-03-13 16:55:00,BOS,long,5085.5,5080.6,5093.5,5080.6,5093.5,15385
2026-03-13 18:10:00,BOS,long,5093.5,5090.5,5098.3,5090.5,5098.3,15400
2026-03-13 18:30:00,MSS,short,5095.2,5101.5,5085.0,5101.5,5085.0,15403
2026-03-13 18:45:00,MSS,long,5090.5,5085.0,5099.4,5085.0,5099.4,15406
2026-03-13 19:55:00,BOS,long,5103.1,5097.0,5113.0,5097.0,5113.0,15421
2026-03-13 20:45:00,BOS,long,5119.6,5114.2,5128.4,5114.2,5128.4,15432
2026-03-13 21:25:00,MSS,short,5118.0,5121.2,5112.7,5121.2,5112.7,15440
2026-03-13 22:10:00,BOS,short,5107.1,5114.4,5095.2,5114.4,5095.2,15449
2026-03-13 23:40:00,BOS,short,5062.6,5072.8,5046.2,5072.8,5046.2,15466
2026-03-14 01:10:00,MSS,long,5052.9,5047.7,5061.2,5047.7,5061.2,15484
2026-03-14 01:45:00,MSS,short,5061.5,5068.5,5050.3,5068.5,5050.3,15491
2026-03-14 02:10:00,BOS,short,5051.9,5056.2,5045.0,5056.2,5045.0,15497
2026-03-14 03:10:00,BOS,short,5048.3,5054.5,5038.4,5054.5,5038.4,15508
2026-03-14 04:40:00,MSS,long,5022.1,5017.2,5030.1,5017.2,5030.1,15526
2026-03-16 06:00:00,MSS,short,5016.3,5026.3,5000.0,5026.3,5000.0,15531
2026-03-16 06:05:00,MSS,long,5013.4,5000.0,5035.2,5000.0,5035.2,15532
2026-03-16 06:45:00,BOS,long,5016.6,5011.4,5025.0,5011.4,5025.0,15540
2026-03-16 07:00:00,MSS,short,5021.9,5030.0,5008.9,5030.0,5008.9,15543
2026-03-16 07:55:00,MSS,long,4985.8,4975.5,5002.4,4975.5,5002.4,15553
2026-03-16 08:30:00,BOS,long,5025.0,5018.4,5035.6,5018.4,5035.6,15561
2026-03-16 09:00:00,MSS,short,5026.5,5033.5,5015.1,5033.5,5015.1,15567
2026-03-16 09:55:00,MSS,long,5011.9,5006.7,5020.3,5006.7,5020.3,15578
2026-03-16 10:30:00,MSS,short,5017.3,5022.3,5009.3,5022.3,5009.3,15584
2026-03-16 11:10:00,BOS,short,5005.9,5008.9,5001.1,5008.9,5001.1,15593
2026-03-16 11:25:00,MSS,long,5006.5,5001.1,5015.3,5001.1,5015.3,15594
2026-03-16 12:35:00,MSS,short,5026.0,5028.4,5022.0,5028.4,5022.0,15610
2026-03-16 13:15:00,BOS,short,5016.9,5020.2,5011.5,5020.2,5011.5,15616
2026-03-16 13:40:00,MSS,long,5012.3,5006.6,5021.6,5006.6,5021.6,15623
2026-03-16 13:50:00,BOS,long,5013.2,5006.6,5023.9,5006.6,5023.9,15623
2026-03-16 14:05:00,BOS,long,5020.4,5016.9,5026.0,5016.9,5026.0,15628
2026-03-16 14:45:00,MSS,short,5029.5,5040.0,5012.5,5040.0,5012.5,15631
2026-03-16 15:20:00,BOS,short,5014.5,5020.0,5005.7,5020.0,5005.7,15641
2026-03-16 15:35:00,BOS,short,5005.2,5011.7,4994.6,5011.7,4994.6,15646
2026-03-16 16:10:00,BOS,short,4999.1,5003.3,4992.2,5003.3,4992.2,15652
2026-03-16 16:20:00,MSS,long,4997.7,4991.5,5007.6,4991.5,5007.6,15655
2026-03-16 16:40:00,MSS,short,5000.4,5007.9,4988.2,5007.9,4988.2,15657
2026-03-16 17:25:00,MSS,long,4987.6,4983.5,4994.2,4983.5,4994.2,15665
2026-03-16 17:40:00,MSS,short,4991.6,4995.6,4985.0,4995.6,4985.0,15670
2026-03-16 18:25:00,MSS,long,4981.9,4973.5,4995.5,4973.5,4995.5,15676
2026-03-16 18:45:00,BOS,long,4990.5,4984.9,4999.6,4984.9,4999.6,15684
2026-03-16 19:10:00,BOS,long,5005.1,5000.6,5012.3,5000.6,5012.3,15689
2026-03-16 19:45:00,MSS,short,5021.5,5025.2,5015.5,5025.2,5015.5,15696
2026-03-16 20:25:00,MSS,long,5009.8,4997.0,5030.4,4997.0,5030.4,15699
2026-03-16 20:45:00,MSS,short,5027.2,5030.6,5021.8,5030.6,5021.8,15708
2026-03-16 21:10:00,MSS,long,5022.4,5018.5,5028.8,5018.5,5028.8,15712
2026-03-16 21:30:00,BOS,long,5028.5,5024.0,5035.8,5024.0,5035.8,15717
2026-03-16 22:20:00,MSS,short,5037.2,5044.5,5025.3,5044.5,5025.3,15725
2026-03-16 23:15:00,MSS,long,5000.6,4994.8,5009.9,4994.8,5009.9,15738
2026-03-17 00:25:00,MSS,short,4996.0,5004.2,4982.7,5004.2,4982.7,15750
2026-03-17 00:50:00,MSS,long,4992.1,4988.2,4998.3,4988.2,4998.3,15757
2026-03-17 01:00:00,BOS,long,4997.6,4994.2,5003.0,4994.2,5003.0,15759
2026-03-17 01:25:00,MSS,short,5005.9,5009.5,5000.1,5009.5,5000.1,15762
2026-03-17 02:00:00,MSS,long,4994.0,4989.3,5001.7,4989.3,5001.7,15770
2026-03-17 02:05:00,BOS,long,4995.6,4989.3,5005.9,4989.3,5005.9,15770
2026-03-17 02:25:00,BOS,long,5007.5,5003.3,5014.2,5003.3,5014.2,15776
2026-03-17 04:05:00,BOS,long,5019.0,5014.1,5026.9,5014.1,5026.9,15796
2026-03-17 04:25:00,MSS,short,5025.0,5028.0,5020.1,5028.0,5020.1,15798
2026-03-17 06:10:00,BOS,short,5016.3,5022.8,5005.7,5022.8,5005.7,15809
2026-03-17 07:20:00,MSS,long,5008.8,5005.5,5014.2,5005.5,5014.2,15819
2026-03-17 08:05:00,MSS,short,5015.5,5020.9,5006.8,5020.9,5006.8,15831
2026-03-17 08:45:00,BOS,short,5008.7,5011.6,5004.0,5011.6,5004.0,15839
2026-03-17 09:05:00,MSS,long,5004.4,4998.4,5014.0,4998.4,5014.0,15844
2026-03-17 09:35:00,BOS,long,5016.0,5011.0,5024.0,5011.0,5024.0,15849
2026-03-17 10:40:00,BOS,long,5028.7,5025.8,5033.5,5025.8,5033.5,15863
2026-03-17 11:15:00,BOS,long,5027.0,5024.4,5031.3,5024.4,5031.3,15868
2026-03-17 12:25:00,BOS,long,5033.1,5030.5,5037.3,5030.5,5037.3,15883
2026-03-17 13:40:00,MSS,short,5041.2,5044.5,5035.9,5044.5,5035.9,15898
2026-03-17 15:30:00,MSS,long,5019.1,5013.1,5028.8,5013.1,5028.8,15920
2026-03-17 16:15:00,BOS,long,5025.5,5022.6,5030.1,5022.6,5030.1,15929
2026-03-17 17:10:00,MSS,short,5025.6,5030.4,5017.8,5030.4,5017.8,15940
2026-03-17 17:55:00,BOS,short,5017.9,5020.2,5014.1,5020.2,5014.1,15949
2026-03-17 18:00:00,BOS,short,5017.0,5020.2,5011.8,5020.2,5011.8,15949
2026-03-17 19:10:00,MSS,long,5004.4,5000.7,5010.3,5000.7,5010.3,15964
2026-03-17 19:55:00,MSS,short,5012.2,5015.9,5006.1,5015.9,5006.1,15973
2026-03-17 20:15:00,MSS,long,5008.9,5003.2,5018.0,5003.2,5018.0,15976
2026-03-17 21:30:00,BOS,long,5021.8,5015.3,5032.4,5015.3,5032.4,15993
2026-03-17 22:20:00,MSS,short,5021.4,5026.3,5013.5,5026.3,5013.5,16001
2026-03-17 23:25:00,BOS,short,5011.4,5019.7,4998.0,5019.7,4998.0,16015
2026-03-18 00:15:00,MSS,long,5000.1,4995.6,5007.3,4995.6,5007.3,16025
2026-03-18 00:45:00,MSS,short,5007.6,5010.4,5003.0,5010.4,5003.0,16030
2026-03-18 01:00:00,MSS,long,5005.5,5001.8,5011.6,5001.8,5011.6,16034
2026-03-18 01:40:00,MSS,short,5007.5,5011.0,5001.9,5011.0,5001.9,16043
2026-03-18 02:00:00,MSS,long,5004.6,5000.8,5010.8,5000.8,5010.8,16045
2026-03-18 02:25:00,MSS,short,5011.5,5013.6,5008.2,5013.6,5008.2,16052
2026-03-18 03:15:00,BOS,short,5007.4,5009.5,5003.9,5009.5,5003.9,16061
2026-03-18 04:00:00,MSS,long,5005.1,5002.8,5008.7,5002.8,5008.7,16071
2026-03-18 04:50:00,MSS,short,5008.6,5010.2,5006.1,5010.2,5006.1,16081
2026-03-18 04:55:00,MSS,long,5008.7,5006.1,5012.8,5006.1,5012.8,16082
2026-03-18 06:00:00,MSS,short,5009.6,5012.8,5004.3,5012.8,5004.3,16083
2026-03-18 06:40:00,BOS,short,5003.8,5006.9,4998.7,5006.9,4998.7,16089
2026-03-18 07:30:00,MSS,long,5004.7,5002.6,5008.1,5002.6,5008.1,16101
2026-03-18 08:00:00,BOS,long,5007.3,5004.7,5011.6,5004.7,5011.6,16104
2026-03-18 09:00:00,BOS,long,5009.6,5007.2,5013.5,5007.2,5013.5,16119
2026-03-18 10:15:00,BOS,long,5002.7,4999.7,5007.5,4999.7,5007.5,16133
2026-03-18 10:50:00,MSS,short,5003.8,5007.5,4997.8,5007.5,4997.8,16141
2026-03-18 11:45:00,BOS,short,4999.1,5000.8,4996.3,5000.8,4996.3,16151
2026-03-18 12:30:00,BOS,short,4993.5,4996.6,4988.6,4996.6,4988.6,16160
2026-03-18 12:55:00,MSS,long,4987.8,4986.1,4990.5,4986.1,4990.5,16166
2026-03-18 13:20:00,BOS,long,4991.7,4988.8,4996.3,4988.8,4996.3,16171
2026-03-18 14:05:00,BOS,long,5000.9,4997.5,5006.5,4997.5,5006.5,16179
2026-03-18 14:30:00,BOS,long,5013.2,5010.5,5017.5,5010.5,5017.5,16184
2026-03-18 14:55:00,MSS,short,5016.4,5018.7,5012.6,5018.7,5012.6,16189
2026-03-18 15:15:00,BOS,short,5016.0,5019.2,5010.8,5019.2,5010.8,16193
2026-03-18 15:40:00,BOS,short,5010.6,5014.0,5005.0,5014.0,5005.0,16198
2026-03-18 16:20:00,BOS,short,4995.0,4999.7,4987.5,4999.7,4987.5,16207
2026-03-18 17:20:00,MSS,long,4992.3,4988.6,4998.4,4988.6,4998.4,16219
2026-03-18 17:45:00,MSS,short,4998.3,4999.9,4995.7,4999.9,4995.7,16223
2026-03-18 18:00:00,BOS,short,4997.4,4999.8,4993.4,4999.8,4993.4,16226
2026-03-18 18:25:00,BOS,short,4991.8,4995.8,4985.2,4995.8,4985.2,16232
2026-03-18 19:25:00,BOS,short,4966.9,4977.5,4949.7,4977.5,4949.7,16244
2026-03-18 20:05:00,BOS,short,4953.8,4977.5,4915.5,4977.5,4915.5,16244
2026-03-18 20:45:00,BOS,short,4886.9,4893.7,4875.9,4893.7,4875.9,16260
2026-03-18 21:00:00,BOS,short,4879.8,4894.9,4855.5,4894.9,4855.5,16262
2026-03-18 21:35:00,MSS,long,4860.6,4852.9,4873.0,4852.9,4873.0,16270
2026-03-18 22:05:00,BOS,long,4877.1,4863.8,4898.7,4863.8,4898.7,16274
2026-03-18 22:35:00,MSS,short,4883.7,4898.7,4859.5,4898.7,4859.5,16277
2026-03-19 00:05:00,MSS,long,4868.4,4864.5,4874.7,4864.5,4874.7,16300
2026-03-19 00:50:00,BOS,long,4883.3,4877.1,4893.3,4877.1,4893.3,16307
2026-03-19 01:20:00,BOS,long,4893.2,4888.0,4901.7,4888.0,4901.7,16314
2026-03-19 01:35:00,BOS,long,4896.4,4891.7,4904.0,4891.7,4904.0,16318
2026-03-19 02:05:00,MSS,short,4897.0,4904.4,4884.9,4904.4,4884.9,16324
2026-03-19 02:30:00,BOS,short,4887.6,4894.4,4876.6,4894.4,4876.6,16326
2026-03-19 03:15:00,MSS,long,4859.1,4853.0,4868.9,4853.0,4868.9,16338
2026-03-19 03:20:00,MSS,short,4860.9,4868.9,4848.0,4868.9,4848.0,16339
2026-03-19 03:55:00,BOS,short,4856.2,4863.9,4843.7,4863.9,4843.7,16343
2026-03-19 04:10:00,BOS,short,4842.8,4852.4,4827.3,4852.4,4827.3,16348
2026-03-19 04:25:00,BOS,short,4824.0,4831.7,4811.6,4831.7,4811.6,16352
2026-03-19 06:40:00,MSS,long,4818.5,4810.4,4831.5,4810.4,4831.5,16366
2026-03-19 07:25:00,BOS,long,4835.3,4830.3,4843.3,4830.3,4843.3,16375
2026-03-19 08:00:00,BOS,long,4838.6,4832.2,4849.0,4832.2,4849.0,16381
2026-03-19 09:10:00,MSS,short,4847.6,4854.9,4835.9,4854.9,4835.9,16396
2026-03-19 09:35:00,MSS,long,4845.7,4834.6,4863.6,4834.6,4863.6,16400
2026-03-19 09:55:00,MSS,short,4861.7,4868.5,4850.7,4868.5,4850.7,16404
2026-03-19 10:40:00,MSS,long,4858.1,4854.9,4863.3,4854.9,4863.3,16414
2026-03-19 11:05:00,BOS,long,4858.7,4854.7,4865.2,4854.7,4865.2,16418
2026-03-19 11:55:00,MSS,short,4856.1,4858.6,4852.1,4858.6,4852.1,16428
2026-03-19 12:45:00,BOS,short,4851.3,4854.2,4846.5,4854.2,4846.5,16439
2026-03-19 13:00:00,MSS,long,4849.6,4846.5,4854.7,4846.5,4854.7,16441
2026-03-19 13:30:00,MSS,short,4849.7,4855.6,4840.2,4855.6,4840.2,16448
2026-03-19 13:55:00,BOS,short,4836.7,4841.8,4828.4,4841.8,4828.4,16454
2026-03-19 14:15:00,BOS,short,4836.2,4844.1,4823.3,4844.1,4823.3,16456
2026-03-19 15:40:00,BOS,short,4759.5,4773.7,4736.6,4773.7,4736.6,16475
2026-03-19 16:40:00,BOS,short,4719.1,4738.5,4687.8,4738.5,4687.8,16484
2026-03-19 17:10:00,BOS,short,4710.7,4723.4,4690.1,4723.4,4690.1,16492
2026-03-19 17:55:00,BOS,short,4711.4,4719.6,4698.2,4719.6,4698.2,16502
2026-03-19 18:15:00,BOS,short,4710.4,4722.4,4690.9,4722.4,4690.9,16505
2026-03-19 19:40:00,BOS,short,4684.6,4699.5,4660.4,4699.5,4660.4,16522
2026-03-19 20:20:00,BOS,short,4622.1,4633.3,4604.0,4633.3,4604.0,16531
2026-03-19 20:40:00,BOS,short,4598.2,4620.8,4561.6,4620.8,4561.6,16535
2026-03-19 21:30:00,MSS,long,4567.1,4555.6,4585.7,4555.6,4585.7,16545
2026-03-19 21:50:00,BOS,long,4563.7,4540.5,4601.2,4540.5,4601.2,16549
2026-03-19 22:15:00,MSS,short,4634.8,4652.1,4606.8,4652.1,4606.8,16554
2026-03-19 22:25:00,BOS,short,4627.1,4652.1,4586.6,4652.1,4586.6,16554
2026-03-19 22:35:00,MSS,long,4598.5,4583.1,4623.3,4583.1,4623.3,16558
2026-03-19 22:50:00,BOS,long,4614.4,4604.5,4630.4,4604.5,4630.4,16561
2026-03-19 22:55:00,MSS,short,4618.8,4630.4,4600.0,4630.4,4600.0,16562
2026-03-19 23:15:00,BOS,short,4628.1,4641.8,4605.9,4641.8,4605.9,16565
2026-03-20 01:05:00,BOS,short,4590.2,4597.4,4578.6,4597.4,4578.6,16588
2026-03-20 01:15:00,MSS,long,4586.3,4576.8,4601.7,4576.8,4601.7,16590
2026-03-20 01:50:00,BOS,long,4614.6,4602.8,4633.6,4602.8,4633.6,16595
2026-03-20 02:30:00,MSS,short,4612.6,4617.9,4604.1,4617.9,4604.1,16605
2026-03-20 02:55:00,MSS,long,4614.8,4607.7,4626.2,4607.7,4626.2,16610
2026-03-20 04:00:00,BOS,long,4643.9,4635.1,4658.1,4635.1,4658.1,16622
2026-03-20 04:20:00,BOS,long,4657.5,4653.3,4664.4,4653.3,4664.4,16627
2026-03-20 04:55:00,MSS,short,4659.5,4664.7,4651.0,4664.7,4651.0,16634
2026-03-20 06:05:00,MSS,long,4657.9,4651.0,4669.0,4651.0,4669.0,16635
2026-03-20 06:40:00,MSS,short,4667.5,4679.7,4647.8,4679.7,4647.8,16639
2026-03-20 06:55:00,BOS,short,4663.7,4679.7,4637.7,4679.7,4637.7,16639
2026-03-20 07:30:00,BOS,short,4645.7,4649.3,4640.0,4649.3,4640.0,16652
2026-03-20 08:00:00,MSS,long,4648.0,4643.5,4655.4,4643.5,4655.4,16659
2026-03-20 09:00:00,BOS,long,4656.7,4648.0,4670.7,4648.0,4670.7,16671
2026-03-20 09:40:00,BOS,long,4666.0,4650.2,4691.5,4650.2,4691.5,16675
2026-03-20 10:00:00,MSS,short,4691.0,4701.6,4673.8,4701.6,4673.8,16681
2026-03-20 10:05:00,MSS,long,4678.8,4673.8,4686.9,4673.8,4686.9,16684
2026-03-20 10:45:00,BOS,long,4688.1,4680.0,4701.1,4680.0,4701.1,16691
2026-03-20 11:00:00,BOS,long,4690.7,4680.0,4708.0,4680.0,4708.0,16691
2026-03-20 11:45:00,MSS,short,4731.4,4735.6,4724.7,4735.6,4724.7,16704
2026-03-20 12:05:00,BOS,short,4724.6,4728.7,4718.0,4728.7,4718.0,16707
2026-03-20 12:25:00,MSS,long,4720.8,4718.4,4724.7,4718.4,4724.7,16712
2026-03-20 12:45:00,MSS,short,4722.6,4727.0,4715.4,4727.0,4715.4,16715
2026-03-20 13:00:00,BOS,short,4718.4,4723.0,4711.0,4723.0,4711.0,16718
2026-03-20 13:30:00,BOS,short,4715.9,4724.2,4702.5,4724.2,4702.5,16724
2026-03-20 13:45:00,BOS,short,4710.7,4718.3,4698.4,4718.3,4698.4,16728
2026-03-20 14:35:00,BOS,short,4686.0,4697.0,4668.3,4697.0,4668.3,16735
2026-03-20 15:45:00,MSS,long,4679.7,4666.4,4701.3,4666.4,4701.3,16743
2026-03-20 16:45:00,MSS,short,4704.5,4711.3,4693.4,4711.3,4693.4,16764
2026-03-20 17:30:00,BOS,short,4688.6,4694.7,4678.8,4694.7,4678.8,16773
2026-03-20 17:50:00,BOS,short,4682.7,4694.7,4663.4,4694.7,4663.4,16773
2026-03-20 18:00:00,BOS,short,4668.4,4678.4,4652.3,4678.4,4652.3,16778
2026-03-20 18:35:00,MSS,long,4657.6,4649.7,4670.4,4649.7,4670.4,16786
2026-03-20 18:55:00,MSS,short,4658.4,4670.4,4639.1,4670.4,4639.1,16787
2026-03-20 20:00:00,MSS,long,4668.5,4658.7,4684.3,4658.7,4684.3,16802
2026-03-20 20:30:00,MSS,short,4684.6,4693.4,4670.4,4693.4,4670.4,16808
2026-03-20 21:10:00,BOS,short,4671.6,4682.4,4654.2,4682.4,4654.2,16814
2026-03-20 21:30:00,BOS,short,4659.8,4670.8,4642.0,4670.8,4642.0,16820
2026-03-20 21:50:00,BOS,short,4648.5,4666.0,4620.2,4666.0,4620.2,16824
2026-03-20 22:10:00,BOS,short,4609.1,4623.4,4585.9,4623.4,4585.9,16829
2026-03-20 22:45:00,BOS,short,4577.4,4586.0,4563.6,4586.0,4563.6,16835
2026-03-21 00:10:00,MSS,long,4563.0,4545.8,4590.7,4545.8,4590.7,16849
2026-03-21 01:00:00,BOS,long,4578.2,4568.3,4594.3,4568.3,4594.3,16861
2026-03-21 01:15:00,MSS,short,4587.0,4594.3,4575.2,4594.3,4575.2,16864
2026-03-21 02:20:00,BOS,short,4564.7,4581.1,4538.2,4581.1,4538.2,16876
2026-03-21 03:40:00,MSS,long,4503.3,4493.9,4518.6,4493.9,4518.6,16895
2026-03-21 04:15:00,BOS,long,4503.2,4495.5,4515.6,4495.5,4515.6,16901
2026-03-21 04:30:00,MSS,short,4511.2,4517.0,4501.7,4517.0,4501.7,16904
2026-03-21 04:55:00,BOS,short,4500.0,4506.6,4489.4,4506.6,4489.4,16910
2026-03-23 06:05:00,MSS,long,4466.2,4435.4,4516.0,4435.4,4516.0,16912
2026-03-23 07:30:00,MSS,short,4492.7,4500.3,4480.4,4500.3,4480.4,16927
2026-03-23 07:45:00,BOS,short,4479.8,4491.8,4460.5,4491.8,4460.5,16932
2026-03-23 08:00:00,BOS,short,4458.2,4471.7,4436.3,4471.7,4436.3,16935
2026-03-23 08:30:00,BOS,short,4429.4,4447.5,4400.0,4447.5,4400.0,16941
2026-03-23 09:00:00,MSS,long,4345.5,4321.5,4384.4,4321.5,4384.4,16946
2026-03-23 09:35:00,BOS,long,4432.9,4421.7,4450.9,4421.7,4450.9,16953
2026-03-23 09:45:00,MSS,short,4438.7,4455.2,4412.1,4455.2,4412.1,16954
2026-03-23 10:30:00,BOS,short,4404.0,4417.5,4382.2,4417.5,4382.2,16965
2026-03-23 11:35:00,BOS,short,4359.3,4367.1,4346.6,4367.1,4346.6,16978
2026-03-23 12:05:00,MSS,long,4351.3,4337.2,4374.1,4337.2,4374.1,16980
2026-03-23 12:35:00,BOS,long,4371.1,4362.5,4385.0,4362.5,4385.0,16990
2026-03-23 12:50:00,MSS,short,4372.8,4385.0,4353.0,4385.0,4353.0,16991
2026-03-23 13:30:00,BOS,short,4361.2,4383.6,4324.9,4383.6,4324.9,16996
2026-03-23 14:25:00,BOS,short,4289.1,4316.9,4244.1,4316.9,4244.1,17011
2026-03-23 14:40:00,BOS,short,4267.2,4316.9,4186.7,4316.9,4186.7,17011
2026-03-23 15:05:00,BOS,short,4196.3,4235.3,4133.1,4235.3,4133.1,17018
2026-03-23 16:05:00,MSS,long,4209.3,4187.8,4244.2,4187.8,4244.2,17031
2026-03-23 16:30:00,BOS,long,4232.6,4212.2,4265.5,4212.2,4265.5,17036
2026-03-23 17:15:00,BOS,long,4247.7,4219.7,4293.1,4219.7,4293.1,17043
2026-03-23 19:00:00,BOS,long,4268.9,4251.5,4297.0,4251.5,4297.0,17067
2026-03-23 19:55:00,MSS,short,4398.2,4419.8,4363.2,4419.8,4363.2,17077
2026-03-23 20:30:00,MSS,long,4397.6,4388.0,4413.0,4388.0,4413.0,17085
2026-03-23 21:15:00,MSS,short,4448.2,4462.5,4425.1,4462.5,4425.1,17094
2026-03-23 21:50:00,MSS,long,4440.0,4421.4,4470.0,4421.4,4470.0,17101
2026-03-23 22:15:00,BOS,long,4471.8,4455.3,4498.6,4455.3,4498.6,17106
2026-03-23 23:15:00,MSS,short,4466.0,4488.9,4428.9,4488.9,4428.9,17117
2026-03-24 01:05:00,MSS,long,4385.7,4373.8,4404.9,4373.8,4404.9,17139
2026-03-24 01:30:00,BOS,long,4407.1,4390.6,4433.7,4390.6,4433.7,17144
2026-03-24 02:05:00,MSS,short,4420.9,4432.0,4403.0,4432.0,4403.0,17151
2026-03-24 02:30:00,MSS,long,4425.0,4411.3,4447.2,4411.3,4447.2,17155
2026-03-24 03:10:00,MSS,short,4444.8,4469.8,4404.4,4469.8,4404.4,17161
2026-03-24 03:40:00,MSS,long,4403.5,4393.9,4419.1,4393.9,4419.1,17168
2026-03-24 03:55:00,MSS,short,4418.3,4430.0,4399.3,4430.0,4399.3,17173
2026-03-24 04:40:00,MSS,long,4404.5,4398.5,4414.2,4398.5,4414.2,17183
2026-03-24 06:00:00,MSS,short,4403.7,4416.5,4383.0,4416.5,4383.0,17186
2026-03-24 06:50:00,MSS,long,4390.3,4363.5,4433.7,4363.5,4433.7,17189
2026-03-24 07:35:00,MSS,short,4442.4,4450.7,4429.1,4450.7,4429.1,17205
2026-03-24 08:00:00,BOS,short,4440.9,4448.4,4428.7,4448.4,4428.7,17210
2026-03-24 09:40:00,BOS,short,4351.9,4370.3,4322.2,4370.3,4322.2,17231
2026-03-24 10:25:00,MSS,long,4324.6,4306.0,4354.6,4306.0,4354.6,17238
2026-03-24 11:30:00,MSS,short,4360.8,4369.6,4346.5,4369.6,4346.5,17252
2026-03-24 12:15:00,BOS,short,4347.3,4357.8,4330.2,4357.8,4330.2,17261
2026-03-24 12:50:00,MSS,long,4335.5,4326.8,4349.5,4326.8,4349.5,17264
2026-03-24 13:05:00,MSS,short,4338.6,4350.2,4319.9,4350.2,4319.9,17269
2026-03-24 13:40:00,MSS,long,4342.3,4321.9,4375.4,4321.9,4375.4,17278
2026-03-24 14:05:00,BOS,long,4356.2,4345.2,4374.0,4345.2,4374.0,17284
2026-03-24 14:20:00,BOS,long,4374.6,4362.1,4394.7,4362.1,4394.7,17287
2026-03-24 14:40:00,MSS,short,4390.8,4399.6,4376.5,4399.6,4376.5,17289
2026-03-24 14:55:00,MSS,long,4387.5,4375.5,4406.9,4375.5,4406.9,17293
2026-03-24 16:20:00,MSS,short,4413.0,4423.5,4395.9,4423.5,4395.9,17310
2026-03-24 17:35:00,MSS,long,4410.9,4405.8,4419.2,4405.8,4419.2,17326
2026-03-24 17:55:00,BOS,long,4420.7,4413.5,4432.4,4413.5,4432.4,17330
2026-03-24 18:50:00,BOS,long,4424.9,4419.6,4433.6,4419.6,4433.6,17341
2026-03-24 19:00:00,MSS,short,4416.5,4442.9,4373.7,4442.9,4373.7,17343
2026-03-24 19:30:00,MSS,long,4416.1,4408.4,4428.6,4408.4,4428.6,17349
2026-03-24 19:50:00,MSS,short,4414.0,4428.4,4390.6,4428.4,4390.6,17353
2026-03-24 20:30:00,BOS,short,4407.4,4428.1,4374.0,4428.1,4374.0,17359
2026-03-24 21:25:00,BOS,short,4373.9,4385.0,4356.0,4385.0,4356.0,17371
2026-03-24 21:55:00,MSS,long,4363.5,4350.5,4384.5,4350.5,4384.5,17377
2026-03-24 22:15:00,BOS,long,4369.7,4350.5,4400.7,4350.5,4400.7,17377
2026-03-24 22:30:00,BOS,long,4397.1,4384.5,4417.6,4384.5,4417.6,17382
2026-03-24 22:50:00,BOS,long,4415.3,4403.3,4434.7,4403.3,4434.7,17389
2026-03-24 23:05:00,MSS,short,4413.9,4421.6,4401.5,4421.6,4401.5,17389
2026-03-24 23:35:00,MSS,long,4417.5,4410.5,4428.7,4410.5,4428.7,17398
2026-03-25 00:00:00,MSS,short,4421.7,4431.7,4405.4,4431.7,4405.4,17401
2026-03-25 01:00:00,BOS,short,4421.3,4428.8,4409.2,4428.8,4409.2,17413
2026-03-25 01:30:00,BOS,short,4397.4,4406.9,4382.1,4406.9,4382.1,17421
2026-03-25 01:55:00,MSS,long,4380.5,4371.4,4395.1,4371.4,4395.1,17425
2026-03-25 02:55:00,MSS,short,4396.2,4403.6,4384.3,4403.6,4384.3,17438
2026-03-25 03:05:00,MSS,long,4392.6,4384.3,4406.0,4384.3,4406.0,17439
2026-03-25 03:15:00,BOS,long,4393.7,4384.3,4409.0,4384.3,4409.0,17439
2026-03-25 03:35:00,MSS,short,4406.3,4412.0,4397.1,4412.0,4397.1,17445
2026-03-25 04:15:00,MSS,long,4402.8,4397.7,4411.0,4397.7,4411.0,17453
2026-03-25 04:50:00,BOS,long,4461.8,4448.4,4483.4,4448.4,4483.4,17460
2026-03-25 06:25:00,MSS,short,4481.1,4487.9,4470.2,4487.9,4470.2,17468
2026-03-25 07:15:00,MSS,long,4475.2,4458.2,4502.7,4458.2,4502.7,17470
2026-03-25 07:35:00,BOS,long,4493.3,4458.2,4550.0,4458.2,4550.0,17470
2026-03-25 08:30:00,BOS,long,4549.8,4541.2,4563.6,4541.2,4563.6,17491
2026-03-25 09:05:00,BOS,long,4562.2,4553.3,4576.7,4553.3,4576.7,17500
2026-03-25 09:30:00,BOS,long,4574.5,4568.1,4584.9,4568.1,4584.9,17503
2026-03-25 09:45:00,BOS,long,4587.6,4582.4,4595.9,4582.4,4595.9,17508
2026-03-25 10:05:00,MSS,short,4592.0,4600.3,4578.7,4600.3,4578.7,17510
2026-03-25 10:40:00,MSS,long,4585.9,4579.9,4595.6,4579.9,4595.6,17518
2026-03-25 11:00:00,MSS,short,4590.1,4601.6,4571.4,4601.6,4571.4,17521
2026-03-25 11:40:00,BOS,short,4573.2,4576.4,4568.0,4576.4,4568.0,17531
2026-03-25 13:15:00,BOS,short,4568.3,4572.0,4562.2,4572.0,4562.2,17549
2026-03-25 14:05:00,BOS,short,4555.5,4566.2,4538.3,4566.2,4538.3,17557
2026-03-25 15:10:00,MSS,long,4547.8,4541.7,4557.6,4541.7,4557.6,17571
2026-03-25 15:35:00,MSS,short,4554.2,4562.1,4541.4,4562.1,4541.4,17577
2026-03-25 16:15:00,MSS,long,4546.6,4535.6,4564.3,4535.6,4564.3,17584
2026-03-25 17:40:00,MSS,short,4558.3,4565.0,4547.5,4565.0,4547.5,17600
2026-03-25 18:30:00,BOS,short,4559.8,4565.0,4551.3,4565.0,4551.3,17600
2026-03-25 18:40:00,BOS,short,4554.5,4557.3,4550.0,4557.3,4550.0,17611
2026-03-25 18:50:00,MSS,long,4554.0,4549.5,4561.3,4549.5,4561.3,17615
2026-03-25 19:00:00,BOS,long,4555.3,4549.5,4564.8,4549.5,4564.8,17615
2026-03-25 19:20:00,BOS,long,4568.5,4560.5,4581.4,4560.5,4581.4,17622
2026-03-25 20:15:00,MSS,short,4574.5,4582.8,4561.2,4582.8,4561.2,17633
2026-03-25 21:00:00,MSS,long,4547.9,4534.4,4569.8,4534.4,4569.8,17641
2026-03-25 21:50:00,MSS,short,4562.2,4576.3,4539.3,4576.3,4539.3,17650
2026-03-25 22:15:00,MSS,long,4542.5,4531.2,4560.9,4531.2,4560.9,17656
2026-03-25 22:25:00,BOS,long,4550.9,4544.4,4561.4,4544.4,4561.4,17660
2026-03-25 23:15:00,MSS,short,4556.7,4577.8,4522.5,4577.8,4522.5,17666
2026-03-26 00:15:00,BOS,short,4556.7,4564.4,4544.3,4564.4,4544.3,17679
2026-03-26 01:05:00,BOS,short,4552.2,4557.5,4543.7,4557.5,4543.7,17690
2026-03-26 01:30:00,MSS,long,4548.6,4540.5,4561.6,4540.5,4561.6,17695
2026-03-26 01:50:00,MSS,short,4555.2,4562.0,4544.2,4562.0,4544.2,17699
2026-03-26 02:45:00,BOS,short,4549.8,4555.6,4540.5,4555.6,4540.5,17710
2026-03-26 03:40:00,MSS,long,4511.7,4503.6,4524.9,4503.6,4524.9,17723
2026-03-26 04:30:00,MSS,short,4526.0,4531.8,4516.7,4531.8,4516.7,17731
2026-03-26 06:00:00,MSS,long,4507.9,4499.2,4521.9,4499.2,4521.9,17738
2026-03-26 06:30:00,BOS,long,4507.6,4501.7,4517.1,4501.7,4517.1,17743
2026-03-26 07:00:00,MSS,short,4519.7,4531.7,4500.2,4531.7,4500.2,17748
2026-03-26 07:35:00,BOS,short,4499.9,4508.3,4486.3,4508.3,4486.3,17758
2026-03-26 08:05:00,MSS,long,4497.3,4484.5,4518.0,4484.5,4518.0,17760
2026-03-26 08:10:00,BOS,long,4500.0,4484.5,4525.0,4484.5,4525.0,17760
2026-03-26 08:45:00,BOS,long,4526.5,4521.5,4534.7,4521.5,4534.7,17771
2026-03-26 09:45:00,MSS,short,4527.8,4533.0,4519.4,4533.0,4519.4,17784
2026-03-26 10:35:00,BOS,short,4519.7,4526.9,4508.0,4526.9,4508.0,17794
2026-03-26 11:30:00,MSS,long,4502.3,4495.7,4513.0,4495.7,4513.0,17804
2026-03-26 12:10:00,BOS,long,4510.7,4507.6,4515.7,4507.6,4515.7,17813
2026-03-26 12:25:00,BOS,long,4514.9,4512.5,4518.8,4512.5,4518.8,17816
2026-03-26 13:05:00,MSS,short,4514.8,4518.9,4508.1,4518.9,4508.1,17824
2026-03-26 13:20:00,BOS,short,4511.0,4518.9,4498.1,4518.9,4498.1,17824
2026-03-26 13:45:00,BOS,short,4481.7,4492.7,4463.9,4492.7,4463.9,17831
2026-03-26 14:25:00,MSS,long,4422.0,4411.8,4438.4,4411.8,4438.4,17839
2026-03-26 16:10:00,MSS,short,4448.2,4455.7,4436.1,4455.7,4436.1,17860
2026-03-26 18:15:00,MSS,long,4421.9,4414.5,4433.8,4414.5,4433.8,17884
2026-03-26 18:35:00,MSS,short,4438.1,4445.4,4426.3,4445.4,4426.3,17889
2026-03-26 19:00:00,MSS,long,4429.7,4419.9,4445.6,4419.9,4445.6,17892
2026-03-26 19:45:00,MSS,short,4438.8,4449.0,4422.3,4449.0,4422.3,17904
2026-03-26 20:05:00,MSS,long,4422.4,4413.2,4437.2,4413.2,4437.2,17908
2026-03-26 20:35:00,BOS,long,4434.4,4429.4,4442.4,4429.4,4442.4,17914
2026-03-26 20:55:00,MSS,short,4436.0,4442.6,4425.4,4442.6,4425.4,17916
2026-03-26 21:20:00,MSS,long,4439.2,4431.7,4451.3,4431.7,4451.3,17923
2026-03-26 21:35:00,MSS,short,4443.5,4451.3,4430.9,4451.3,4430.9,17924
2026-03-26 22:30:00,MSS,long,4457.6,4448.0,4473.1,4448.0,4473.1,17937
2026-03-26 22:50:00,MSS,short,4464.9,4477.0,4445.3,4477.0,4445.3,17940
2026-03-26 23:30:00,BOS,short,4447.5,4455.5,4434.6,4455.5,4434.6,17948
2026-03-27 00:20:00,BOS,short,4418.8,4439.4,4385.4,4439.4,4385.4,17958
2026-03-27 01:05:00,MSS,long,4387.5,4380.7,4398.5,4380.7,4398.5,17968
2026-03-27 01:25:00,MSS,short,4385.3,4393.1,4372.6,4393.1,4372.6,17972
2026-03-27 02:20:00,BOS,short,4378.6,4387.7,4364.0,4387.7,4364.0,17981
2026-03-27 02:40:00,MSS,long,4374.8,4364.0,4392.3,4364.0,4392.3,17984
2026-03-27 03:00:00,MSS,short,4391.2,4394.6,4385.8,4394.6,4385.8,17989
2026-03-27 03:25:00,BOS,short,4383.2,4388.6,4374.4,4388.6,4374.4,17996
2026-03-27 03:50:00,BOS,short,4375.3,4384.8,4360.0,4384.8,4360.0,17999
2026-03-27 04:10:00,MSS,long,4372.4,4348.4,4411.3,4348.4,4411.3,18005
2026-03-27 04:35:00,BOS,long,4374.6,4348.4,4416.9,4348.4,4416.9,18005
2026-03-27 06:35:00,BOS,long,4394.9,4389.0,4404.5,4389.0,4404.5,18021
2026-03-27 07:00:00,MSS,short,4402.9,4407.3,4395.8,4407.3,4395.8,18027
2026-03-27 08:00:00,MSS,long,4396.3,4390.3,4406.0,4390.3,4406.0,18037
2026-03-27 08:20:00,MSS,short,4395.0,4406.0,4377.1,4406.0,4377.1,18040
2026-03-27 09:20:00,MSS,long,4389.9,4385.5,4397.0,4385.5,4397.0,18055
2026-03-27 10:00:00,BOS,long,4414.7,4405.9,4429.0,4405.9,4429.0,18062
2026-03-27 11:00:00,MSS,short,4429.4,4435.4,4419.6,4435.4,4419.6,18073
2026-03-27 11:25:00,MSS,long,4421.3,4415.1,4431.3,4415.1,4431.3,18077
2026-03-27 12:30:00,BOS,long,4429.5,4426.1,4435.0,4426.1,4435.0,18091
2026-03-27 13:30:00,BOS,long,4442.3,4434.8,4454.5,4434.8,4454.5,18105
2026-03-27 14:35:00,BOS,long,4458.0,4455.1,4462.8,4455.1,4462.8,18118
2026-03-27 14:45:00,MSS,short,4459.4,4462.8,4453.8,4462.8,4453.8,18119
2026-03-27 15:00:00,BOS,short,4452.8,4458.5,4443.7,4458.5,4443.7,18123
2026-03-27 15:25:00,BOS,short,4448.9,4451.6,4444.5,4451.6,4444.5,18128
2026-03-27 15:40:00,BOS,short,4446.6,4450.3,4440.7,4450.3,4440.7,18131
2026-03-27 15:50:00,BOS,short,4443.5,4447.4,4437.3,4447.4,4437.3,18133
2026-03-27 16:55:00,BOS,short,4429.1,4435.1,4419.3,4435.1,4419.3,18144
2026-03-27 18:00:00,BOS,short,4425.7,4428.3,4421.6,4428.3,4421.6,18158
2026-03-27 18:35:00,BOS,short,4422.6,4426.9,4415.7,4426.9,4415.7,18165
2026-03-27 19:00:00,BOS,short,4410.0,4413.9,4403.6,4413.9,4403.6,18170
2026-03-27 19:25:00,MSS,long,4403.7,4399.0,4411.3,4399.0,4411.3,18173
2026-03-27 19:40:00,BOS,long,4411.5,4408.4,4416.5,4408.4,4416.5,18179
2026-03-27 19:50:00,BOS,long,4413.0,4408.4,4420.4,4408.4,4420.4,18179
2026-03-27 20:05:00,MSS,short,4415.8,4420.8,4407.6,4420.8,4407.6,18183
2026-03-27 20:15:00,MSS,long,4415.7,4407.6,4428.8,4407.6,4428.8,18185
2026-03-27 20:35:00,BOS,long,4418.8,4411.5,4430.6,4411.5,4430.6,18188
2026-03-27 21:00:00,MSS,short,4434.1,4439.3,4425.6,4439.3,4425.6,18194
2026-03-27 21:25:00,BOS,short,4427.5,4436.4,4413.0,4436.4,4413.0,18200
2026-03-27 22:00:00,MSS,long,4430.4,4416.0,4453.8,4416.0,4453.8,18207
2026-03-27 22:15:00,BOS,long,4450.1,4440.4,4465.9,4440.4,4465.9,18210
2026-03-27 22:45:00,BOS,long,4457.0,4447.3,4472.6,4447.3,4472.6,18214
2026-03-27 23:20:00,BOS,long,4512.8,4488.2,4552.5,4488.2,4552.5,18223
2026-03-27 23:55:00,MSS,short,4527.9,4533.8,4518.4,4533.8,4518.4,18229
2026-03-28 00:30:00,BOS,short,4523.3,4531.3,4510.3,4531.3,4510.3,18236
2026-03-28 01:15:00,BOS,short,4511.6,4521.0,4496.5,4521.0,4496.5,18245
2026-03-28 02:15:00,MSS,long,4493.2,4484.1,4507.8,4484.1,4507.8,18255
2026-03-28 03:00:00,MSS,short,4518.1,4526.2,4505.0,4526.2,4505.0,18263
2026-03-28 03:15:00,MSS,long,4509.7,4503.9,4519.1,4503.9,4519.1,18269
2026-03-28 03:35:00,MSS,short,4517.4,4523.2,4508.0,4523.2,4508.0,18274
2026-03-28 04:45:00,BOS,short,4502.6,4508.4,4493.1,4508.4,4493.1,18288
2026-03-30 07:05:00,BOS,short,4477.4,4487.3,4461.4,4487.3,4461.4,18304
2026-03-30 07:30:00,BOS,short,4466.5,4476.7,4450.0,4476.7,4450.0,18309
2026-03-30 08:00:00,BOS,short,4440.5,4448.2,4428.0,4448.2,4428.0,18314
2026-03-30 08:20:00,MSS,long,4431.2,4414.0,4459.0,4414.0,4459.0,18318
2026-03-30 08:50:00,MSS,short,4448.0,4460.0,4428.5,4460.0,4428.5,18321
2026-03-30 09:00:00,MSS,long,4434.7,4428.2,4445.1,4428.2,4445.1,18327
2026-03-30 09:25:00,MSS,short,4456.4,4462.4,4446.6,4462.4,4446.6,18332
2026-03-30 09:30:00,MSS,long,4453.6,4446.6,4465.0,4446.6,4465.0,18333
2026-03-30 10:20:00,MSS,short,4468.2,4471.0,4463.6,4471.0,4463.6,18343
2026-03-30 10:30:00,BOS,short,4464.3,4468.7,4457.2,4468.7,4457.2,18345
2026-03-30 10:40:00,MSS,long,4470.9,4457.2,4493.1,4457.2,4493.1,18346
2026-03-30 11:55:00,MSS,short,4502.2,4505.0,4497.8,4505.0,4497.8,18361
2026-03-30 12:40:00,BOS,short,4489.8,4492.4,4485.5,4492.4,4485.5,18368
2026-03-30 12:55:00,MSS,long,4488.6,4484.4,4495.3,4484.4,4495.3,18370
2026-03-30 13:45:00,BOS,long,4507.7,4502.0,4516.9,4502.0,4516.9,18380
2026-03-30 14:15:00,BOS,long,4521.8,4515.9,4531.4,4515.9,4531.4,18387
2026-03-30 14:30:00,BOS,long,4527.4,4524.5,4532.0,4524.5,4532.0,18392
2026-03-30 15:00:00,MSS,short,4536.8,4546.0,4522.0,4546.0,4522.0,18396
2026-03-30 15:20:00,BOS,short,4524.8,4526.4,4522.3,4526.4,4522.3,18401
2026-03-30 15:50:00,MSS,long,4517.6,4515.2,4521.6,4515.2,4521.6,18408
2026-03-30 16:00:00,BOS,long,4518.9,4515.2,4525.0,4515.2,4525.0,18408
2026-03-30 16:30:00,BOS,long,4530.5,4528.4,4534.0,4528.4,4534.0,18415
2026-03-30 16:50:00,BOS,long,4532.2,4529.8,4536.0,4529.8,4536.0,18417
2026-03-30 17:10:00,MSS,short,4533.0,4536.2,4527.8,4536.2,4527.8,18420
2026-03-30 17:30:00,BOS,short,4527.4,4531.3,4521.2,4531.3,4521.2,18424
2026-03-30 17:40:00,MSS,long,4525.5,4521.2,4532.5,4521.2,4532.5,18426
2026-03-30 18:10:00,MSS,short,4530.3,4531.4,4528.4,4531.4,4528.4,18431
2026-03-30 18:25:00,BOS,short,4530.1,4531.3,4528.1,4531.3,4528.1,18433
2026-03-30 18:45:00,BOS,short,4529.3,4530.3,4527.6,4530.3,4527.6,18436
2026-03-30 18:55:00,BOS,short,4530.0,4532.6,4525.8,4532.6,4525.8,18439
2026-03-30 19:00:00,BOS,short,4529.7,4532.6,4524.9,4532.6,4524.9,18439
2026-03-30 19:10:00,MSS,long,4529.2,4524.9,4536.2,4524.9,4536.2,18441
2026-03-30 19:40:00,BOS,long,4547.6,4538.7,4562.0,4538.7,4562.0,18448
2026-03-30 20:15:00,BOS,long,4558.2,4554.0,4565.0,4554.0,4565.0,18455
2026-03-30 21:20:00,MSS,short,4569.5,4575.0,4560.5,4575.0,4560.5,18465
2026-03-30 21:30:00,BOS,short,4562.6,4567.0,4555.4,4567.0,4555.4,18468
2026-03-30 22:45:00,MSS,long,4526.1,4518.2,4539.0,4518.2,4539.0,18482
2026-03-30 23:35:00,BOS,long,4535.1,4527.6,4547.3,4527.6,4547.3,18491
2026-03-31 00:00:00,MSS,short,4548.9,4555.5,4538.1,4555.5,4538.1,18496
2026-03-31 00:25:00,BOS,short,4541.5,4545.1,4535.6,4545.1,4535.6,18499
2026-03-31 00:40:00,MSS,long,4537.0,4531.3,4546.2,4531.3,4546.2,18503
2026-03-31 01:15:00,MSS,short,4535.8,4546.2,4519.1,4546.2,4519.1,18505
2026-03-31 03:00:00,BOS,short,4509.0,4517.4,4495.4,4517.4,4495.4,18518
2026-03-31 03:30:00,MSS,long,4498.9,4492.6,4509.2,4492.6,4509.2,18521
2026-03-31 04:00:00,BOS,long,4510.5,4507.8,4514.8,4507.8,4514.8,18523
2026-03-31 04:05:00,MSS,short,4511.9,4514.8,4507.1,4514.8,4507.1,18524
2026-03-31 08:20:00,BOS,short,4502.4,4510.1,4490.0,4510.1,4490.0,18531
2026-03-31 09:40:00,MSS,long,4531.0,4490.0,4597.2,4490.0,4597.2,18533
2026-03-31 22:00:00,BOS,long,4574.1,4550.1,4613.0,4550.1,4613.0,18536
2026-04-01 00:40:00,BOS,long,4625.4,4616.1,4640.4,4616.1,4640.4,18543
2026-04-01 02:10:00,BOS,long,4657.4,4653.5,4663.8,4653.5,4663.8,18549
2026-04-01 08:40:00,BOS,long,4681.5,4667.6,4704.0,4667.6,4704.0,18554
2026-04-01 20:30:00,BOS,long,4709.7,4690.3,4741.1,4690.3,4741.1,18558
2026-04-02 08:15:00,BOS,long,4762.6,4744.4,4792.1,4744.4,4792.1,18564
2026-04-02 14:00:00,MSS,short,4715.2,4792.1,4590.7,4792.1,4590.7,18565
2026-04-02 20:35:00,MSS,long,4614.5,4611.4,4619.6,4611.4,4619.6,18569
2026-04-07 10:05:00,MSS,short,4622.6,4626.3,4616.5,4626.3,4616.5,18576
2026-04-07 19:30:00,MSS,long,4628.8,4616.5,4648.8,4616.5,4648.8,18577
2026-04-07 22:05:00,MSS,short,4632.5,4648.8,4606.0,4648.8,4606.0,18578
2026-04-07 23:55:00,MSS,long,4642.3,4635.0,4654.2,4635.0,4654.2,18585
2026-04-08 02:40:00,BOS,long,4662.9,4654.2,4677.0,4654.2,4677.0,18589
2026-04-13 10:55:00,MSS,short,4751.5,4771.5,4719.2,4771.5,4719.2,18608
2026-04-13 23:00:00,BOS,short,4712.7,4717.2,4705.4,4717.2,4705.4,18612
2026-04-13 23:20:00,BOS,short,4705.5,4707.6,4702.1,4707.6,4702.1,18616
2026-04-13 23:35:00,MSS,long,4705.7,4702.1,4711.4,4702.1,4711.4,18617
2026-04-14 09:45:00,BOS,long,4764.4,4762.8,4767.1,4762.8,4767.1,18622
2026-04-16 11:30:00,BOS,long,4815.5,4810.2,4824.0,4810.2,4824.0,18631
2026-04-17 04:50:00,MSS,short,4809.9,4824.0,4787.0,4824.0,4787.0,18632
2026-04-22 01:00:00,BOS,short,4756.0,4784.3,4710.2,4784.3,4710.2,18638
2026-04-23 11:00:00,BOS,short,4735.6,4761.7,4693.3,4761.7,4693.3,18641
2026-04-24 11:55:00,BOS,short,4704.4,4726.9,4668.0,4726.9,4668.0,18645
2026-04-24 22:05:00,MSS,long,4689.8,4665.9,4728.5,4665.9,4728.5,18647
2026-04-29 08:00:00,MSS,short,4651.1,4677.3,4608.8,4677.3,4608.8,18653
2026-04-29 08:50:00,BOS,short,4615.2,4618.7,4609.5,4618.7,4609.5,18662
2026-04-29 09:00:00,BOS,short,4607.2,4615.5,4593.7,4615.5,4593.7,18665
2026-04-29 09:40:00,MSS,long,4597.3,4592.4,4605.3,4592.4,4605.3,18672
2026-04-29 10:00:00,BOS,long,4599.6,4593.8,4609.0,4593.8,4609.0,18676
2026-04-29 10:35:00,MSS,short,4614.0,4616.9,4609.2,4616.9,4609.2,18683
2026-04-29 10:50:00,BOS,short,4611.5,4614.8,4606.2,4614.8,4606.2,18687
2026-04-29 11:10:00,MSS,long,4609.6,4605.4,4616.4,4605.4,4616.4,18689
2026-04-29 12:50:00,BOS,long,4613.4,4610.4,4618.3,4610.4,4618.3,18707
2026-04-29 13:10:00,MSS,short,4618.4,4621.3,4613.8,4621.3,4613.8,18714
2026-04-29 13:30:00,BOS,short,4616.3,4621.3,4608.2,4621.3,4608.2,18714
2026-04-29 13:55:00,BOS,short,4612.0,4616.9,4604.2,4616.9,4604.2,18724
2026-04-29 14:10:00,BOS,short,4608.2,4612.5,4601.3,4612.5,4601.3,18726
2026-04-29 15:00:00,MSS,long,4598.1,4594.9,4603.3,4594.9,4603.3,18736
2026-04-29 15:05:00,MSS,short,4599.4,4603.3,4593.2,4603.3,4593.2,18738
2026-04-29 15:55:00,BOS,short,4588.1,4592.8,4580.6,4592.8,4580.6,18744
2026-04-29 16:10:00,BOS,short,4583.3,4586.8,4577.6,4586.8,4577.6,18750
2026-04-29 16:30:00,BOS,short,4581.2,4584.9,4575.1,4584.9,4575.1,18755
2026-04-29 16:50:00,MSS,long,4577.4,4570.5,4588.5,4570.5,4588.5,18757
2026-04-29 17:15:00,BOS,long,4588.0,4584.5,4593.6,4584.5,4593.6,18764
2026-04-29 17:25:00,MSS,short,4588.3,4594.1,4578.8,4594.1,4578.8,18766
2026-04-29 17:40:00,BOS,short,4578.6,4582.8,4571.9,4582.8,4571.9,18769
2026-04-29 18:15:00,MSS,long,4572.7,4564.1,4586.5,4564.1,4586.5,18773
2026-04-29 19:50:00,MSS,short,4580.3,4585.1,4572.5,4585.1,4572.5,18793
2026-04-29 20:25:00,BOS,short,4578.4,4582.2,4572.2,4582.2,4572.2,18801
2026-04-29 20:50:00,BOS,short,4567.0,4573.0,4557.3,4573.0,4557.3,18807
2026-04-29 21:20:00,BOS,short,4557.8,4564.5,4547.0,4564.5,4547.0,18813
2026-04-29 22:15:00,MSS,long,4536.7,4530.0,4547.5,4530.0,4547.5,18823
2026-04-29 22:30:00,BOS,long,4547.6,4543.2,4554.7,4543.2,4554.7,18827
2026-04-29 23:35:00,BOS,long,4557.7,4552.7,4565.8,4552.7,4565.8,18840
2026-04-30 00:00:00,BOS,long,4563.5,4554.8,4577.5,4554.8,4577.5,18844
2026-04-30 00:30:00,MSS,short,4572.1,4577.6,4563.1,4577.6,4563.1,18851
2026-04-30 01:20:00,MSS,long,4564.4,4561.8,4568.5,4561.8,4568.5,18861
2026-04-30 01:25:00,MSS,short,4565.1,4568.5,4559.7,4568.5,4559.7,18862
2026-04-30 02:00:00,BOS,short,4555.7,4561.8,4545.9,4561.8,4545.9,18868
2026-04-30 02:30:00,BOS,short,4546.6,4554.0,4534.5,4554.0,4534.5,18873
2026-04-30 03:10:00,MSS,long,4553.5,4547.3,4563.4,4547.3,4563.4,18883
2026-04-30 04:05:00,BOS,long,4560.7,4556.5,4567.5,4556.5,4567.5,18894
2026-04-30 04:45:00,MSS,short,4558.6,4560.5,4555.5,4560.5,4555.5,18901
2026-04-30 06:00:00,BOS,short,4555.4,4558.1,4551.0,4558.1,4551.0,18905
2026-04-30 06:10:00,MSS,long,4554.7,4551.0,4560.6,4551.0,4560.6,18906
2026-04-30 07:00:00,BOS,long,4563.3,4561.5,4566.1,4561.5,4566.1,18917
2026-04-30 07:35:00,BOS,long,4563.9,4562.1,4566.9,4562.1,4566.9,18919
2026-04-30 08:40:00,BOS,long,4576.2,4574.3,4579.2,4574.3,4579.2,18937
2026-04-30 09:25:00,BOS,long,4583.3,4577.5,4592.8,4577.5,4592.8,18946
2026-04-30 09:50:00,BOS,long,4588.8,4585.4,4594.4,4585.4,4594.4,18951
2026-04-30 10:25:00,MSS,short,4589.0,4592.6,4583.1,4592.6,4583.1,18957
2026-04-30 11:35:00,BOS,short,4574.8,4578.5,4568.9,4578.5,4568.9,18971
2026-04-30 11:50:00,BOS,short,4571.1,4573.4,4567.3,4573.4,4567.3,18974
2026-04-30 12:20:00,BOS,short,4565.3,4568.3,4560.5,4568.3,4560.5,18981
2026-04-30 13:05:00,MSS,long,4557.6,4553.0,4565.0,4553.0,4565.0,18989
2026-04-30 14:20:00,BOS,long,4575.6,4571.2,4582.7,4571.2,4582.7,19002
2026-04-30 14:50:00,BOS,long,4588.5,4583.7,4596.3,4583.7,4596.3,19010
2026-04-30 15:40:00,BOS,long,4603.6,4599.7,4609.9,4599.7,4609.9,19021
2026-04-30 17:05:00,BOS,long,4629.0,4627.1,4632.2,4627.1,4632.2,19038
2026-04-30 17:25:00,BOS,long,4631.9,4627.5,4639.0,4627.5,4639.0,19042
2026-04-30 18:20:00,BOS,long,4640.2,4635.4,4648.0,4635.4,4648.0,19051
2026-04-30 19:00:00,BOS,long,4649.1,4645.3,4655.3,4645.3,4655.3,19061
2026-04-30 19:30:00,MSS,short,4650.3,4656.0,4641.2,4656.0,4641.2,19066
2026-04-30 20:00:00,MSS,long,4644.3,4641.0,4649.7,4641.0,4649.7,19072
2026-04-30 20:30:00,MSS,short,4644.5,4650.5,4634.9,4650.5,4634.9,19078
2026-04-30 20:55:00,MSS,long,4643.2,4637.3,4652.7,4637.3,4652.7,19083
2026-04-30 21:25:00,MSS,short,4654.0,4659.1,4645.7,4659.1,4645.7,19089
2026-04-30 22:35:00,BOS,short,4632.7,4638.9,4622.8,4638.9,4622.8,19102
2026-04-30 23:00:00,BOS,short,4633.3,4636.5,4628.1,4636.5,4628.1,19108
2026-04-30 23:05:00,MSS,long,4631.4,4628.1,4636.7,4628.1,4636.7,19110
2026-04-30 23:35:00,MSS,short,4634.1,4638.0,4627.8,4638.0,4627.8,19116
2026-05-01 00:15:00,BOS,short,4625.4,4630.1,4617.8,4630.1,4617.8,19123
2026-05-01 00:55:00,BOS,short,4626.2,4630.8,4618.7,4630.8,4618.7,19132
2026-05-01 02:00:00,MSS,long,4631.7,4628.0,4637.7,4628.0,4637.7,19144
2026-05-01 03:00:00,BOS,long,4634.6,4631.6,4639.5,4631.6,4639.5,19154
2026-05-01 03:25:00,MSS,short,4636.5,4640.8,4629.5,4640.8,4629.5,19159
2026-05-01 04:50:00,MSS,long,4631.3,4629.5,4634.2,4629.5,4634.2,19178
2026-05-01 06:30:00,MSS,short,4642.6,4644.0,4640.4,4644.0,4640.4,19187
2026-05-01 06:40:00,MSS,long,4641.4,4639.2,4645.0,4639.2,4645.0,19189
2026-05-01 07:30:00,BOS,long,4643.1,4641.1,4646.4,4641.1,4646.4,19196
2026-05-01 07:55:00,MSS,short,4643.6,4646.8,4638.3,4646.8,4638.3,19201
2026-05-01 08:10:00,BOS,short,4639.5,4643.6,4632.8,4643.6,4632.8,19207
2026-05-01 09:00:00,BOS,short,4634.4,4637.9,4628.7,4637.9,4628.7,19217
2026-05-01 10:00:00,MSS,long,4633.1,4630.5,4637.4,4630.5,4637.4,19229
2026-05-01 10:35:00,MSS,short,4641.6,4643.1,4639.3,4643.1,4639.3,19236
2026-05-01 12:00:00,BOS,short,4638.0,4639.8,4635.0,4639.8,4635.0,19252
2026-05-01 13:00:00,BOS,short,4621.5,4623.2,4618.7,4623.2,4618.7,19265
2026-05-01 13:05:00,MSS,long,4621.3,4618.7,4625.5,4618.7,4625.5,19266
2026-05-01 13:35:00,MSS,short,4624.9,4627.7,4620.5,4627.7,4620.5,19271
2026-05-01 15:30:00,BOS,short,4604.2,4609.9,4595.1,4609.9,4595.1,19293
2026-05-01 16:10:00,BOS,short,4590.3,4594.1,4584.2,4594.1,4584.2,19303
2026-05-01 17:00:00,BOS,short,4581.0,4584.4,4575.4,4584.4,4575.4,19311
2026-05-01 17:35:00,MSS,long,4580.6,4578.3,4584.3,4578.3,4584.3,19320
2026-05-01 17:50:00,MSS,short,4579.1,4584.3,4570.7,4584.3,4570.7,19321
2026-05-01 18:55:00,BOS,short,4580.7,4583.2,4576.6,4583.2,4576.6,19335
2026-05-01 19:15:00,MSS,long,4576.9,4573.3,4582.7,4573.3,4582.7,19340
2026-05-01 19:50:00,BOS,long,4586.0,4583.9,4589.3,4583.9,4589.3,19347
2026-05-01 20:10:00,BOS,long,4592.1,4586.1,4601.9,4586.1,4601.9,19350
2026-05-01 21:30:00,BOS,long,4603.0,4597.1,4612.6,4597.1,4612.6,19367
2026-05-01 21:50:00,BOS,long,4618.2,4609.5,4632.3,4609.5,4632.3,19371
2026-05-01 23:00:00,MSS,short,4642.9,4647.1,4636.2,4647.1,4636.2,19385
2026-05-01 23:10:00,MSS,long,4637.0,4630.4,4647.7,4630.4,4647.7,19387
2026-05-01 23:40:00,BOS,long,4650.0,4646.4,4655.8,4646.4,4655.8,19393
2026-05-02 00:05:00,MSS,short,4655.9,4659.4,4650.2,4659.4,4650.2,19395
2026-05-02 00:15:00,MSS,long,4653.9,4649.1,4661.6,4649.1,4661.6,19400
2026-05-02 00:30:00,MSS,short,4655.6,4661.6,4646.0,4661.6,4646.0,19401
2026-05-02 01:20:00,BOS,short,4649.6,4651.9,4646.0,4651.9,4646.0,19413
2026-05-02 01:45:00,BOS,short,4647.0,4651.9,4639.1,4651.9,4639.1,19413
2026-05-02 02:00:00,BOS,short,4642.6,4647.1,4635.4,4647.1,4635.4,19420
2026-05-02 03:00:00,BOS,short,4635.5,4637.9,4631.5,4637.9,4631.5,19432
2026-05-02 03:10:00,MSS,long,4634.2,4631.5,4638.5,4631.5,4638.5,19434
2026-05-02 03:25:00,MSS,short,4638.1,4639.4,4635.9,4639.4,4635.9,19437
2026-05-02 03:50:00,BOS,short,4632.5,4639.6,4621.0,4639.6,4621.0,19439
2026-05-02 04:25:00,MSS,long,4624.2,4621.8,4628.2,4621.8,4628.2,19450
2026-05-04 06:00:00,BOS,long,4633.8,4621.9,4653.0,4621.9,4653.0,19453
2026-05-04 08:00:00,MSS,short,4623.7,4628.6,4615.8,4628.6,4615.8,19481
2026-05-04 08:20:00,BOS,short,4622.6,4628.4,4613.2,4628.4,4613.2,19483
2026-05-04 08:55:00,MSS,long,4619.5,4616.0,4625.2,4616.0,4625.2,19491
2026-05-04 09:00:00,MSS,short,4619.8,4625.2,4611.0,4625.2,4611.0,19493
2026-05-04 09:25:00,BOS,short,4611.8,4615.8,4605.2,4615.8,4605.2,19497
2026-05-04 09:50:00,MSS,long,4609.0,4603.6,4617.8,4603.6,4617.8,19500
2026-05-04 11:35:00,MSS,short,4618.6,4622.6,4612.1,4622.6,4612.1,19524
2026-05-04 11:50:00,MSS,long,4615.6,4609.4,4625.7,4609.4,4625.7,19526
2026-05-04 12:55:00,MSS,short,4619.3,4621.6,4615.7,4621.6,4615.7,19540
2026-05-04 13:15:00,MSS,long,4617.1,4612.7,4624.3,4612.7,4624.3,19544
2026-05-04 13:25:00,MSS,short,4617.3,4624.3,4606.1,4624.3,4606.1,19545
2026-05-04 14:00:00,BOS,short,4608.9,4613.1,4602.2,4613.1,4602.2,19553
2026-05-04 14:35:00,BOS,short,4602.5,4607.0,4595.3,4607.0,4595.3,19560
2026-05-04 15:50:00,BOS,short,4598.3,4602.1,4592.1,4602.1,4592.1,19575
2026-05-04 16:35:00,MSS,long,4586.8,4584.6,4590.3,4584.6,4590.3,19584
2026-05-04 16:55:00,MSS,short,4589.2,4590.8,4586.7,4590.8,4586.7,19588
2026-05-04 17:00:00,MSS,long,4588.7,4586.7,4592.0,4586.7,4592.0,19589
2026-05-04 17:10:00,BOS,long,4590.0,4586.7,4595.3,4586.7,4595.3,19589
2026-05-04 17:50:00,MSS,short,4593.0,4595.6,4588.7,4595.6,4588.7,19597
2026-05-04 19:30:00,BOS,short,4575.8,4581.0,4567.5,4581.0,4567.5,19617
2026-05-04 20:15:00,MSS,long,4572.2,4563.6,4586.2,4563.6,4586.2,19623
2026-05-04 20:50:00,BOS,long,4580.9,4577.0,4587.1,4577.0,4587.1,19635
2026-05-04 21:00:00,MSS,short,4579.8,4587.1,4568.0,4587.1,4568.0,19636
2026-05-04 22:05:00,BOS,short,4572.4,4577.4,4564.4,4577.4,4564.4,19649
2026-05-04 22:15:00,MSS,long,4572.3,4564.4,4585.2,4564.4,4585.2,19651
2026-05-04 22:55:00,MSS,short,4585.6,4594.7,4570.8,4594.7,4570.8,19658
2026-05-05 00:05:00,BOS,short,4538.6,4553.8,4513.9,4553.8,4513.9,19669
2026-05-05 01:15:00,MSS,long,4526.6,4517.3,4541.7,4517.3,4541.7,19684
2026-05-05 02:05:00,MSS,short,4532.9,4535.6,4528.5,4535.6,4528.5,19698
2026-05-05 02:55:00,MSS,long,4522.8,4520.4,4526.6,4520.4,4526.6,19706
2026-05-05 03:05:00,BOS,long,4525.6,4520.8,4533.3,4520.8,4533.3,19710
2026-05-05 04:40:00,BOS,long,4524.3,4521.6,4528.7,4521.6,4528.7,19726
2026-05-05 06:40:00,MSS,short,4530.3,4531.7,4528.1,4531.7,4528.1,19740
2026-05-05 07:40:00,BOS,short,4529.7,4531.2,4527.4,4531.2,4527.4,19751
2026-05-05 08:00:00,MSS,long,4528.7,4525.8,4533.5,4525.8,4533.5,19756
2026-05-05 08:25:00,MSS,short,4532.1,4538.0,4522.6,4538.0,4522.6,19760
2026-05-05 08:50:00,MSS,long,4529.2,4522.6,4539.8,4522.6,4539.8,19763
2026-05-05 09:00:00,BOS,long,4530.8,4522.6,4544.1,4522.6,4544.1,19763
2026-05-05 09:55:00,BOS,long,4546.1,4543.3,4550.7,4543.3,4550.7,19776
2026-05-05 10:15:00,MSS,short,4547.6,4549.6,4544.4,4549.6,4544.4,19784
2026-05-05 10:25:00,MSS,long,4546.8,4544.0,4551.2,4544.0,4551.2,19786
2026-05-05 11:20:00,MSS,short,4549.9,4551.8,4546.7,4551.8,4546.7,19797
2026-05-05 13:05:00,MSS,long,4545.6,4539.9,4554.7,4539.9,4554.7,19818
2026-05-05 13:30:00,BOS,long,4549.3,4544.8,4556.6,4544.8,4556.6,19821
2026-05-05 14:15:00,MSS,short,4556.5,4561.5,4548.3,4561.5,4548.3,19830
2026-05-05 15:00:00,MSS,long,4559.5,4556.8,4563.8,4556.8,4563.8,19841
2026-05-05 15:15:00,BOS,long,4562.2,4560.3,4565.4,4560.3,4565.4,19844
2026-05-05 15:25:00,MSS,short,4562.6,4565.5,4558.0,4565.5,4558.0,19846
2026-05-05 15:45:00,BOS,short,4563.4,4568.3,4555.4,4568.3,4555.4,19849
2026-05-05 16:20:00,MSS,long,4559.0,4556.2,4563.6,4556.2,4563.6,19856
2026-05-05 16:50:00,BOS,long,4561.6,4557.7,4568.0,4557.7,4568.0,19863
2026-05-05 17:25:00,MSS,short,4567.4,4570.5,4562.4,4570.5,4562.4,19867
2026-05-05 18:05:00,BOS,short,4565.3,4567.2,4562.2,4567.2,4562.2,19878
2026-05-05 18:25:00,BOS,short,4562.0,4565.3,4556.7,4565.3,4556.7,19881
2026-05-05 18:40:00,BOS,short,4560.6,4564.5,4554.3,4564.5,4554.3,19884
2026-05-05 19:05:00,MSS,long,4554.1,4550.1,4560.6,4550.1,4560.6,19890
2026-05-05 19:40:00,BOS,long,4559.7,4550.1,4575.2,4550.1,4575.2,19890
2026-05-05 20:00:00,MSS,short,4569.7,4573.0,4564.3,4573.0,4564.3,19901
2026-05-05 20:10:00,MSS,long,4569.3,4564.3,4577.3,4564.3,4577.3,19902
2026-05-05 21:05:00,BOS,long,4579.5,4572.1,4591.4,4572.1,4591.4,19912
2026-05-05 21:35:00,MSS,short,4588.8,4592.4,4583.0,4592.4,4583.0,19920
2026-05-05 22:05:00,MSS,long,4589.6,4586.2,4595.1,4586.2,4595.1,19926
2026-05-05 22:10:00,MSS,short,4589.6,4595.1,4580.7,4595.1,4580.7,19927
2026-05-05 23:00:00,MSS,long,4589.6,4586.3,4594.9,4586.3,4594.9,19936
2026-05-05 23:40:00,MSS,short,4588.7,4592.1,4583.2,4592.1,4583.2,19944
2026-05-06 01:05:00,BOS,short,4570.1,4573.8,4564.0,4573.8,4564.0,19961
2026-05-06 01:45:00,MSS,long,4568.6,4565.9,4572.9,4565.9,4572.9,19968
2026-05-06 02:10:00,BOS,long,4571.2,4568.4,4575.6,4568.4,4575.6,19972
2026-05-06 03:00:00,MSS,short,4573.4,4576.2,4568.8,4576.2,4568.8,19983
2026-05-06 03:45:00,MSS,long,4567.5,4566.2,4569.7,4566.2,4569.7,19993
2026-05-06 03:50:00,MSS,short,4567.8,4569.7,4564.6,4569.7,4564.6,19995
2026-05-06 04:25:00,MSS,long,4567.9,4566.0,4571.0,4566.0,4571.0,20002
2026-05-06 06:00:00,MSS,short,4565.3,4568.4,4560.2,4568.4,4560.2,20009
2026-05-06 06:50:00,MSS,long,4561.1,4556.3,4568.8,4556.3,4568.8,20019
2026-05-06 08:00:00,BOS,long,4604.0,4601.0,4608.9,4601.0,4608.9,20033
2026-05-06 08:20:00,BOS,long,4604.3,4598.3,4613.9,4598.3,4613.9,20037
2026-05-06 08:50:00,BOS,long,4619.8,4618.0,4622.6,4618.0,4622.6,20042
2026-05-06 09:20:00,BOS,long,4625.9,4620.3,4635.0,4620.3,4635.0,20048
2026-05-06 09:45:00,BOS,long,4634.3,4631.1,4639.5,4631.1,4639.5,20053
2026-05-06 10:45:00,BOS,long,4643.4,4640.2,4648.6,4640.2,4648.6,20066
2026-05-06 11:05:00,BOS,long,4651.0,4648.2,4655.5,4648.2,4655.5,20070
2026-05-06 11:35:00,BOS,long,4656.0,4652.2,4662.2,4652.2,4662.2,20076
2026-05-06 12:05:00,BOS,long,4654.7,4652.7,4658.0,4652.7,4658.0,20081
2026-05-06 12:25:00,BOS,long,4659.1,4655.9,4664.2,4655.9,4664.2,20086
2026-05-06 13:30:00,MSS,short,4661.9,4666.3,4654.9,4666.3,4654.9,20099
2026-05-06 13:55:00,MSS,long,4662.5,4654.9,4674.8,4654.9,4674.8,20100
2026-05-06 14:25:00,BOS,long,4671.8,4668.3,4677.5,4668.3,4677.5,20110
2026-05-06 15:10:00,MSS,short,4676.9,4681.5,4669.4,4681.5,4669.4,20118
2026-05-06 15:40:00,MSS,long,4676.3,4673.2,4681.3,4673.2,4681.3,20125
2026-05-06 16:30:00,MSS,short,4689.7,4691.4,4686.9,4691.4,4686.9,20135
2026-05-06 16:50:00,MSS,long,4694.9,4682.8,4714.5,4682.8,4714.5,20137
2026-05-06 17:30:00,BOS,long,4707.3,4702.4,4715.1,4702.4,4715.1,20146
2026-05-06 18:30:00,BOS,long,4713.6,4707.1,4724.1,4707.1,4724.1,20157
2026-05-06 18:50:00,BOS,long,4724.8,4718.8,4734.6,4718.8,4734.6,20163
2026-05-06 19:20:00,MSS,short,4728.1,4732.9,4720.3,4732.9,4720.3,20167
2026-05-06 19:25:00,BOS,short,4726.7,4732.9,4716.8,4732.9,4716.8,20167
2026-05-06 19:30:00,MSS,long,4720.7,4716.8,4727.0,4716.8,4727.0,20171
2026-05-06 19:40:00,MSS,short,4719.6,4727.0,4707.7,4727.0,4707.7,20172
2026-05-06 21:05:00,BOS,short,4694.3,4703.5,4679.3,4703.5,4679.3,20190
2026-05-06 21:30:00,MSS,long,4697.5,4689.9,4709.9,4689.9,4709.9,20194
2026-05-06 21:45:00,BOS,long,4707.4,4704.1,4712.8,4704.1,4712.8,20198
2026-05-06 22:10:00,BOS,long,4714.7,4708.4,4725.0,4708.4,4725.0,20203
2026-05-06 22:50:00,MSS,short,4720.7,4726.1,4712.0,4726.1,4712.0,20210
2026-05-06 23:05:00,BOS,short,4714.8,4718.7,4708.5,4718.7,4708.5,20213
2026-05-06 23:35:00,BOS,short,4710.1,4715.0,4702.3,4715.0,4702.3,20218
2026-05-06 23:55:00,BOS,short,4703.7,4706.6,4699.1,4706.6,4699.1,20223
2026-05-07 00:05:00,BOS,short,4701.3,4706.6,4692.7,4706.6,4692.7,20223
2026-05-07 01:35:00,BOS,short,4693.4,4695.5,4689.9,4695.5,4689.9,20243
2026-05-07 01:55:00,MSS,long,4692.8,4691.0,4695.7,4691.0,4695.7,20248
2026-05-07 02:05:00,BOS,long,4693.1,4691.0,4696.4,4691.0,4696.4,20248
2026-05-07 02:40:00,MSS,short,4699.1,4701.1,4695.9,4701.1,4695.9,20257
2026-05-07 03:00:00,MSS,long,4698.9,4695.7,4704.0,4695.7,4704.0,20260
2026-05-07 03:55:00,MSS,short,4706.5,4709.1,4702.2,4709.1,4702.2,20272
2026-05-07 04:10:00,MSS,long,4705.3,4702.2,4710.4,4702.2,4710.4,20273
2026-05-07 04:30:00,MSS,short,4706.7,4710.4,4700.8,4710.4,4700.8,20276
2026-05-07 06:05:00,MSS,long,4699.0,4695.6,4704.4,4695.6,4704.4,20283
2026-05-07 07:20:00,MSS,short,4704.9,4707.0,4701.6,4707.0,4701.6,20301
2026-05-07 07:55:00,MSS,long,4702.6,4699.1,4708.3,4699.1,4708.3,20303
2026-05-07 08:40:00,MSS,short,4704.3,4710.5,4694.2,4710.5,4694.2,20314
2026-05-07 09:00:00,MSS,long,4697.6,4694.2,4703.0,4694.2,4703.0,20321
2026-05-07 09:45:00,BOS,long,4718.0,4711.1,4729.2,4711.1,4729.2,20328
2026-05-07 10:05:00,MSS,short,4725.3,4727.6,4721.7,4727.6,4721.7,20334
2026-05-07 10:25:00,BOS,short,4721.0,4727.6,4710.2,4727.6,4710.2,20334
2026-05-07 11:25:00,BOS,short,4715.6,4717.4,4712.8,4717.4,4712.8,20350
2026-05-07 11:55:00,BOS,short,4711.3,4713.7,4707.4,4713.7,4707.4,20356
2026-05-07 12:10:00,BOS,short,4707.8,4709.5,4705.0,4709.5,4705.0,20359
2026-05-07 12:30:00,BOS,short,4705.0,4707.0,4701.8,4707.0,4701.8,20362
2026-05-07 13:00:00,MSS,long,4705.4,4702.5,4710.0,4702.5,4710.0,20368
2026-05-07 13:30:00,BOS,long,4707.5,4703.0,4714.7,4703.0,4714.7,20374
2026-05-07 13:55:00,MSS,short,4712.9,4715.3,4709.0,4715.3,4709.0,20380
2026-05-07 14:05:00,MSS,long,4712.0,4709.0,4716.8,4709.0,4716.8,20381
2026-05-07 14:20:00,BOS,long,4718.3,4715.6,4722.6,4715.6,4722.6,20385
2026-05-07 15:00:00,MSS,short,4752.2,4759.2,4740.8,4759.2,4740.8,20390
2026-05-07 16:00:00,MSS,long,4752.3,4746.6,4761.6,4746.6,4761.6,20403
2026-05-07 16:15:00,MSS,short,4756.7,4763.6,4745.5,4763.6,4745.5,20407
2026-05-07 16:40:00,BOS,short,4749.3,4752.4,4744.4,4752.4,4744.4,20411
2026-05-07 16:55:00,BOS,short,4744.8,4747.1,4741.1,4747.1,4741.1,20416
2026-05-07 17:20:00,MSS,long,4743.9,4741.3,4748.2,4741.3,4748.2,20421
2026-05-07 17:55:00,MSS,short,4744.0,4749.3,4735.3,4749.3,4735.3,20426
2026-05-07 18:35:00,MSS,long,4741.4,4737.3,4748.0,4737.3,4748.0,20436
2026-05-07 19:55:00,BOS,long,4746.8,4743.1,4752.8,4743.1,4752.8,20452
2026-05-07 20:30:00,BOS,long,4748.4,4741.9,4759.0,4741.9,4759.0,20459
2026-05-07 21:00:00,MSS,short,4756.9,4762.7,4747.5,4762.7,4747.5,20463
2026-05-07 21:30:00,MSS,long,4751.3,4740.7,4768.4,4740.7,4768.4,20468
2026-05-07 22:10:00,BOS,long,4757.0,4752.5,4764.3,4752.5,4764.3,20478
2026-05-07 22:20:00,BOS,long,4757.6,4751.0,4768.2,4751.0,4768.2,20481
2026-05-07 22:50:00,BOS,long,4763.4,4757.7,4772.5,4757.7,4772.5,20484
2026-05-07 23:10:00,MSS,short,4771.2,4775.3,4764.6,4775.3,4764.6,20490
2026-05-07 23:20:00,BOS,short,4765.5,4771.6,4755.7,4771.6,4755.7,20492
2026-05-08 00:50:00,MSS,long,4723.0,4720.3,4727.4,4720.3,4727.4,20510
2026-05-08 01:15:00,MSS,short,4724.1,4729.5,4715.4,4729.5,4715.4,20515
2026-05-08 01:25:00,BOS,short,4715.3,4726.7,4696.9,4726.7,4696.9,20518
2026-05-08 01:55:00,MSS,long,4713.0,4707.5,4721.8,4707.5,4721.8,20524
2026-05-08 02:25:00,BOS,long,4718.6,4715.9,4722.9,4715.9,4722.9,20530
2026-05-08 02:45:00,MSS,short,4719.0,4725.8,4707.9,4725.8,4707.9,20533
2026-05-08 03:55:00,BOS,short,4717.4,4720.4,4712.5,4720.4,4712.5,20548
2026-05-08 04:00:00,MSS,long,4718.9,4712.5,4729.2,4712.5,4729.2,20549
2026-05-08 04:35:00,MSS,short,4719.0,4725.9,4707.8,4725.9,4707.8,20556
2026-05-08 06:45:00,BOS,short,4697.0,4700.4,4691.4,4700.4,4691.4,20570
2026-05-08 07:10:00,MSS,long,4697.2,4693.2,4703.6,4693.2,4703.6,20574
2026-05-08 07:35:00,BOS,long,4705.4,4703.7,4708.2,4703.7,4708.2,20580
2026-05-08 08:05:00,BOS,long,4713.0,4710.0,4717.8,4710.0,4717.8,20586
2026-05-08 08:15:00,MSS,short,4712.6,4718.7,4702.7,4718.7,4702.7,20588
2026-05-08 09:00:00,MSS,long,4712.6,4705.5,4724.1,4705.5,4724.1,20597
2026-05-08 09:35:00,MSS,short,4722.1,4727.5,4713.4,4727.5,4713.4,20602
2026-05-08 09:45:00,MSS,long,4719.3,4713.4,4728.9,4713.4,4728.9,20605
2026-05-08 10:00:00,BOS,long,4724.0,4713.4,4741.1,4713.4,4741.1,20605
2026-05-08 11:05:00,BOS,long,4722.4,4719.2,4727.5,4719.2,4727.5,20622
2026-05-08 11:30:00,BOS,long,4730.6,4725.4,4739.1,4725.4,4739.1,20626
2026-05-08 12:10:00,MSS,short,4728.8,4732.1,4723.5,4732.1,4723.5,20634
2026-05-08 12:40:00,BOS,short,4723.1,4727.0,4716.9,4727.0,4716.9,20639
2026-05-08 13:25:00,MSS,long,4722.8,4719.1,4728.8,4719.1,4728.8,20649
2026-05-08 14:25:00,BOS,long,4735.3,4730.1,4743.6,4730.1,4743.6,20661
2026-05-08 14:45:00,MSS,short,4736.5,4740.9,4729.4,4740.9,4729.4,20666
2026-05-08 15:45:00,MSS,long,4718.1,4715.7,4722.0,4715.7,4722.0,20678
2026-05-08 16:15:00,BOS,long,4719.0,4715.6,4724.6,4715.6,4724.6,20683
2026-05-08 17:30:00,MSS,short,4727.4,4732.4,4719.2,4732.4,4719.2,20698
2026-05-08 18:35:00,MSS,long,4732.9,4729.9,4737.7,4729.9,4737.7,20712
2026-05-08 18:45:00,MSS,short,4734.3,4737.7,4728.7,4737.7,4728.7,20713
2026-05-08 19:40:00,BOS,short,4733.9,4735.9,4730.6,4735.9,4730.6,20725
2026-05-08 20:05:00,BOS,short,4725.4,4729.9,4718.0,4729.9,4718.0,20729
2026-05-08 20:30:00,MSS,long,4720.5,4712.1,4734.2,4712.1,4734.2,20733
2026-05-08 21:30:00,BOS,long,4736.7,4725.8,4754.4,4725.8,4754.4,20744
2026-05-08 22:05:00,MSS,short,4750.6,4760.1,4735.2,4760.1,4735.2,20754
2026-05-08 22:25:00,BOS,short,4736.2,4743.7,4724.1,4743.7,4724.1,20757
2026-05-08 23:10:00,BOS,short,4725.1,4730.8,4715.8,4730.8,4715.8,20767
2026-05-09 00:10:00,MSS,long,4716.9,4713.7,4722.0,4713.7,4722.0,20777
2026-05-09 01:15:00,BOS,long,4725.2,4722.6,4729.5,4722.6,4729.5,20792
2026-05-09 01:50:00,BOS,long,4729.8,4728.8,4731.4,4728.8,4731.4,20799
2026-05-09 02:40:00,MSS,short,4736.6,4738.5,4733.5,4738.5,4733.5,20805
2026-05-09 03:30:00,BOS,short,4733.6,4734.9,4731.4,4734.9,4731.4,20819
2026-05-09 04:10:00,BOS,short,4732.7,4736.4,4726.7,4736.4,4726.7,20822
2026-05-11 07:00:00,MSS,long,4699.1,4695.1,4705.6,4695.1,4705.6,20846
2026-05-11 07:35:00,BOS,long,4704.4,4702.7,4707.2,4702.7,4707.2,20855
2026-05-11 07:55:00,MSS,short,4703.8,4707.3,4698.2,4707.3,4698.2,20860
2026-05-11 09:20:00,MSS,long,4699.6,4690.4,4714.4,4690.4,4714.4,20876
2026-05-11 09:50:00,MSS,short,4700.7,4704.9,4693.9,4704.9,4693.9,20883
2026-05-11 10:35:00,MSS,long,4697.9,4691.1,4709.0,4691.1,4709.0,20890
2026-05-11 10:50:00,MSS,short,4700.6,4709.0,4687.1,4709.0,4687.1,20893
2026-05-11 11:45:00,BOS,short,4693.2,4695.8,4688.9,4695.8,4688.9,20906
2026-05-11 12:15:00,BOS,short,4690.3,4695.8,4681.3,4695.8,4681.3,20906
2026-05-11 13:25:00,BOS,short,4681.1,4682.9,4678.3,4682.9,4678.3,20926
2026-05-11 13:30:00,MSS,long,4681.6,4678.3,4687.0,4678.3,4687.0,20927
2026-05-11 13:40:00,MSS,short,4681.2,4688.4,4669.6,4688.4,4669.6,20929
2026-05-11 14:35:00,MSS,long,4675.5,4671.3,4682.4,4671.3,4682.4,20939
2026-05-11 14:50:00,BOS,long,4677.9,4671.3,4688.7,4671.3,4688.7,20939
2026-05-11 15:45:00,MSS,short,4681.8,4686.0,4675.0,4686.0,4675.0,20954
2026-05-11 16:10:00,MSS,long,4676.6,4673.0,4682.3,4673.0,4682.3,20958
2026-05-11 16:50:00,MSS,short,4678.3,4680.2,4675.3,4680.2,4675.3,20967
2026-05-11 17:15:00,BOS,short,4676.4,4678.5,4673.0,4678.5,4673.0,20971
2026-05-11 18:20:00,MSS,long,4670.8,4668.8,4674.0,4668.8,4674.0,20985
2026-05-11 19:00:00,BOS,long,4675.3,4671.9,4680.9,4671.9,4680.9,20993
2026-05-11 19:25:00,BOS,long,4677.8,4676.0,4680.6,4676.0,4680.6,20998
2026-05-11 19:35:00,BOS,long,4679.2,4676.0,4684.5,4676.0,4684.5,20998
2026-05-11 20:05:00,MSS,short,4681.8,4684.5,4677.4,4684.5,4677.4,21006
2026-05-11 20:20:00,MSS,long,4686.7,4675.7,4704.5,4675.7,4704.5,21008
2026-05-11 20:55:00,BOS,long,4700.9,4695.1,4710.3,4695.1,4710.3,21015
2026-05-11 22:00:00,MSS,short,4748.1,4754.6,4737.6,4754.6,4737.6,21029
2026-05-11 23:15:00,MSS,long,4737.1,4732.5,4744.5,4732.5,4744.5,21042
2026-05-12 00:25:00,MSS,short,4738.8,4743.3,4731.6,4743.3,4731.6,21054
2026-05-12 00:35:00,BOS,short,4732.4,4735.8,4727.0,4735.8,4727.0,21060
2026-05-12 01:00:00,MSS,long,4725.0,4722.6,4728.9,4722.6,4728.9,21065
2026-05-12 01:20:00,BOS,long,4727.4,4725.3,4730.7,4725.3,4730.7,21068
2026-05-12 02:05:00,BOS,long,4733.1,4731.0,4736.5,4731.0,4736.5,21076
2026-05-12 02:55:00,MSS,short,4735.7,4736.9,4733.8,4736.9,4733.8,21088
2026-05-12 03:20:00,BOS,short,4735.8,4737.6,4732.8,4737.6,4732.8,21091
2026-05-12 03:45:00,MSS,long,4735.3,4731.6,4741.2,4731.6,4741.2,21096
2026-05-12 04:30:00,BOS,long,4745.2,4743.1,4748.7,4743.1,4748.7,21106
2026-05-12 06:00:00,BOS,long,4746.5,4742.6,4752.9,4742.6,4752.9,21112
2026-05-12 06:40:00,BOS,long,4751.1,4748.5,4755.2,4748.5,4755.2,21120
2026-05-12 07:30:00,BOS,long,4763.1,4760.0,4768.0,4760.0,4768.0,21131
2026-05-12 08:15:00,BOS,long,4773.9,4768.0,4783.5,4768.0,4783.5,21138
2026-05-12 08:40:00,MSS,short,4777.2,4783.5,4767.1,4783.5,4767.1,21141
2026-05-12 08:50:00,BOS,short,4768.1,4772.3,4761.3,4772.3,4761.3,21147
2026-05-12 10:10:00,MSS,long,4738.1,4734.7,4743.5,4734.7,4743.5,21163
2026-05-12 10:40:00,BOS,long,4735.2,4731.4,4741.3,4731.4,4741.3,21168
2026-05-12 11:15:00,MSS,short,4738.7,4741.3,4734.5,4741.3,4734.5,21176
2026-05-12 11:45:00,BOS,short,4733.5,4736.9,4728.1,4736.9,4728.1,21181
2026-05-12 12:15:00,MSS,long,4733.6,4730.0,4739.4,4730.0,4739.4,21188
2026-05-12 12:45:00,MSS,short,4732.5,4735.7,4727.3,4735.7,4727.3,21193
2026-05-12 13:05:00,BOS,short,4724.2,4727.8,4718.3,4727.8,4718.3,21198
2026-05-12 14:00:00,BOS,short,4722.5,4728.9,4712.2,4728.9,4712.2,21209
2026-05-12 14:45:00,BOS,short,4709.4,4713.0,4703.6,4713.0,4703.6,21217
2026-05-12 16:00:00,MSS,long,4709.1,4705.7,4714.7,4705.7,4714.7,21231
2026-05-12 17:10:00,MSS,short,4711.1,4714.4,4705.7,4714.4,4705.7,21243
2026-05-12 17:30:00,MSS,long,4708.4,4705.2,4713.5,4705.2,4713.5,21251
2026-05-12 17:40:00,MSS,short,4709.3,4713.5,4702.5,4713.5,4702.5,21252
2026-05-12 18:05:00,MSS,long,4707.9,4702.5,4716.6,4702.5,4716.6,21254
2026-05-12 18:35:00,MSS,short,4707.4,4717.2,4691.6,4717.2,4691.6,21260
2026-05-12 19:15:00,MSS,long,4699.0,4694.8,4705.9,4694.8,4705.9,21271
2026-05-12 20:20:00,MSS,short,4711.8,4716.3,4704.6,4716.3,4704.6,21285
2026-05-12 20:30:00,BOS,short,4709.0,4716.3,4697.1,4716.3,4697.1,21285
2026-05-12 20:50:00,MSS,long,4705.7,4697.1,4719.7,4697.1,4719.7,21288
2026-05-12 21:15:00,MSS,short,4707.1,4719.7,4686.8,4719.7,4686.8,21292
2026-05-12 21:35:00,MSS,long,4697.6,4692.4,4706.0,4692.4,4706.0,21300
2026-05-12 21:55:00,MSS,short,4699.9,4709.5,4684.3,4709.5,4684.3,21302
2026-05-12 23:00:00,BOS,short,4687.5,4695.6,4674.4,4695.6,4674.4,21313
2026-05-13 00:00:00,MSS,long,4658.1,4645.3,4678.9,4645.3,4678.9,21323
2026-05-13 01:00:00,BOS,long,4678.0,4673.7,4684.9,4673.7,4684.9,21339
2026-05-13 01:15:00,BOS,long,4684.4,4682.0,4688.2,4682.0,4688.2,21344
2026-05-13 02:25:00,BOS,long,4687.8,4683.3,4695.0,4683.3,4695.0,21355
2026-05-13 03:50:00,BOS,long,4717.0,4714.3,4721.3,4714.3,4721.3,21374
2026-05-13 06:00:00,BOS,long,4724.0,4720.6,4729.4,4720.6,4729.4,21389
2026-05-13 06:50:00,BOS,long,4726.0,4723.2,4730.4,4723.2,4730.4,21398
2026-05-13 07:45:00,MSS,short,4727.0,4729.5,4722.9,4729.5,4722.9,21409
2026-05-13 08:00:00,MSS,long,4726.9,4722.9,4733.4,4722.9,4733.4,21411
2026-05-13 08:55:00,MSS,short,4728.5,4733.2,4720.8,4733.2,4720.8,21422
2026-05-13 09:15:00,BOS,short,4720.0,4724.5,4712.8,4724.5,4712.8,21428
2026-05-13 10:30:00,BOS,short,4709.4,4712.6,4704.2,4712.6,4704.2,21442
2026-05-13 10:50:00,BOS,short,4706.8,4712.6,4697.3,4712.6,4697.3,21442
2026-05-13 11:15:00,MSS,long,4699.1,4697.0,4702.6,4697.0,4702.6,21451
2026-05-13 12:40:00,MSS,short,4709.1,4711.5,4705.3,4711.5,4705.3,21468
2026-05-13 13:00:00,MSS,long,4709.8,4706.6,4714.9,4706.6,4714.9,21473
2026-05-13 13:25:00,MSS,short,4711.7,4715.4,4705.8,4715.4,4705.8,21475
2026-05-13 13:40:00,BOS,short,4711.0,4715.4,4704.0,4715.4,4704.0,21475
2026-05-13 13:55:00,MSS,long,4707.4,4703.8,4713.1,4703.8,4713.1,21484
2026-05-13 14:50:00,MSS,short,4717.4,4721.8,4710.3,4721.8,4710.3,21494
2026-05-13 15:05:00,BOS,short,4710.1,4713.6,4704.5,4713.6,4704.5,21498
2026-05-13 15:25:00,MSS,long,4709.1,4704.5,4716.6,4704.5,4716.6,21499
2026-05-13 16:50:00,BOS,long,4704.4,4702.0,4708.2,4702.0,4708.2,21519
2026-05-13 17:10:00,MSS,short,4706.6,4710.2,4700.7,4710.2,4700.7,21521
2026-05-13 18:05:00,MSS,long,4702.9,4693.3,4718.3,4693.3,4718.3,21528
2026-05-13 18:25:00,MSS,short,4710.7,4713.5,4706.1,4713.5,4706.1,21538
2026-05-13 19:10:00,MSS,long,4701.9,4698.8,4706.9,4698.8,4706.9,21547
2026-05-13 19:55:00,MSS,short,4710.5,4713.9,4705.1,4713.9,4705.1,21555
2026-05-13 20:10:00,BOS,short,4706.2,4709.5,4700.9,4709.5,4700.9,21559
2026-05-13 21:00:00,MSS,long,4690.4,4685.7,4697.9,4685.7,4697.9,21569
2026-05-13 21:30:00,MSS,short,4697.0,4701.9,4689.1,4701.9,4689.1,21574
2026-05-13 22:25:00,MSS,long,4684.8,4680.0,4692.6,4680.0,4692.6,21585
2026-05-13 23:25:00,BOS,long,4694.7,4691.9,4699.3,4691.9,4699.3,21598
2026-05-13 23:30:00,BOS,long,4696.3,4691.9,4703.5,4691.9,4703.5,21598
2026-05-14 00:05:00,BOS,long,4705.1,4702.2,4709.7,4702.2,4709.7,21604
2026-05-14 00:20:00,BOS,long,4710.5,4706.1,4717.6,4706.1,4717.6,21609
2026-05-14 00:50:00,MSS,short,4712.2,4717.9,4703.0,4717.9,4703.0,21611
2026-05-14 01:30:00,BOS,short,4705.0,4709.2,4698.2,4709.2,4698.2,21622
2026-05-14 01:50:00,BOS,short,4700.1,4702.5,4696.1,4702.5,4696.1,21627
2026-05-14 02:40:00,BOS,short,4698.0,4700.9,4693.4,4700.9,4693.4,21636
2026-05-14 03:10:00,MSS,long,4693.3,4690.9,4697.1,4690.9,4697.1,21643
2026-05-14 03:30:00,MSS,short,4696.2,4698.7,4692.2,4698.7,4692.2,21645
2026-05-14 04:10:00,MSS,long,4694.5,4691.7,4699.1,4691.7,4699.1,21652
2026-05-14 06:00:00,BOS,long,4697.7,4695.6,4701.0,4695.6,4701.0,21664
2026-05-14 06:35:00,BOS,long,4703.3,4701.6,4706.1,4701.6,4706.1,21672
2026-05-14 07:05:00,BOS,long,4705.1,4703.1,4708.3,4703.1,4708.3,21675
2026-05-14 07:30:00,MSS,short,4705.8,4709.0,4700.7,4709.0,4700.7,21680
2026-05-14 07:45:00,BOS,short,4702.8,4704.6,4699.8,4704.6,4699.8,21686
2026-05-14 08:00:00,BOS,short,4700.9,4703.8,4696.2,4703.8,4696.2,21689
2026-05-14 08:10:00,MSS,long,4702.0,4699.8,4705.6,4699.8,4705.6,21687
2026-05-14 08:30:00,MSS,short,4709.1,4712.5,4703.6,4712.5,4703.6,21693
2026-05-14 08:45:00,MSS,long,4704.3,4699.7,4711.7,4699.7,4711.7,21698
2026-05-14 08:55:00,BOS,long,4709.2,4706.3,4713.9,4706.3,4713.9,21700
2026-05-14 09:00:00,MSS,short,4709.0,4713.9,4701.1,4713.9,4701.1,21701
2026-05-14 10:30:00,MSS,long,4697.6,4693.1,4704.8,4693.1,4704.8,21716
2026-05-14 10:45:00,MSS,short,4699.1,4706.6,4686.9,4706.6,4686.9,21721
2026-05-14 11:20:00,MSS,long,4690.3,4687.7,4694.4,4687.7,4694.4,21728
2026-05-14 11:35:00,MSS,short,4694.0,4699.5,4685.1,4699.5,4685.1,21731
2026-05-14 12:25:00,MSS,long,4688.5,4673.0,4713.7,4673.0,4713.7,21738
2026-05-14 13:15:00,MSS,short,4708.6,4711.3,4704.2,4711.3,4704.2,21751
2026-05-14 13:55:00,BOS,short,4704.8,4710.4,4695.8,4710.4,4695.8,21759
2026-05-14 14:40:00,MSS,long,4698.0,4692.7,4706.5,4692.7,4706.5,21764
2026-05-14 15:25:00,BOS,long,4705.6,4700.7,4713.4,4700.7,4713.4,21776
2026-05-14 15:55:00,MSS,short,4715.0,4725.8,4697.5,4725.8,4697.5,21781
2026-05-14 16:25:00,MSS,long,4707.2,4704.4,4711.7,4704.4,4711.7,21790
2026-05-14 16:40:00,MSS,short,4709.4,4713.7,4702.4,4713.7,4702.4,21793
2026-05-14 16:55:00,BOS,short,4708.3,4713.7,4699.5,4713.7,4699.5,21793
2026-05-14 17:40:00,MSS,long,4698.1,4694.6,4703.8,4694.6,4703.8,21805
2026-05-14 18:10:00,MSS,short,4705.3,4707.2,4702.3,4707.2,4702.3,21811
2026-05-14 18:45:00,BOS,short,4702.3,4704.8,4698.3,4704.8,4698.3,21815
2026-05-14 19:20:00,BOS,short,4703.2,4705.4,4699.6,4705.4,4699.6,21822
2026-05-14 19:50:00,MSS,long,4701.7,4695.7,4711.3,4695.7,4711.3,21827
2026-05-14 20:20:00,BOS,long,4704.9,4698.7,4715.0,4698.7,4715.0,21834
2026-05-14 20:40:00,MSS,short,4712.1,4716.9,4704.4,4716.9,4704.4,21841
2026-05-14 21:15:00,BOS,short,4706.4,4711.7,4697.8,4711.7,4697.8,21848
2026-05-14 21:25:00,BOS,short,4704.9,4711.7,4694.0,4711.7,4694.0,21848
2026-05-14 22:15:00,MSS,long,4690.3,4683.3,4701.5,4683.3,4701.5,21858
2026-05-14 22:55:00,MSS,short,4692.4,4696.8,4685.4,4696.8,4685.4,21868
2026-05-14 23:40:00,BOS,short,4692.1,4695.3,4686.9,4695.3,4686.9,21877
2026-05-15 00:00:00,BOS,short,4689.6,4692.9,4684.3,4692.9,4684.3,21881
2026-05-15 00:30:00,BOS,short,4684.6,4687.6,4679.7,4687.6,4679.7,21885
2026-05-15 01:00:00,MSS,long,4681.1,4676.2,4689.1,4676.2,4689.1,21889
2026-05-15 01:25:00,MSS,short,4687.3,4689.9,4683.0,4689.9,4683.0,21898
2026-05-15 02:00:00,BOS,short,4682.9,4688.1,4674.6,4688.1,4674.6,21903
2026-05-15 02:40:00,BOS,short,4679.3,4682.5,4674.2,4682.5,4674.2,21910
2026-05-15 02:55:00,MSS,long,4674.4,4672.3,4677.9,4672.3,4677.9,21915
2026-05-15 03:25:00,MSS,short,4672.2,4674.8,4667.9,4674.8,4667.9,21922
2026-05-15 04:00:00,BOS,short,4660.4,4664.3,4654.2,4664.3,4654.2,21928
2026-05-15 06:05:00,MSS,long,4654.8,4650.1,4662.3,4650.1,4662.3,21942
2026-05-15 06:50:00,BOS,long,4663.5,4661.2,4667.1,4661.2,4667.1,21947
2026-05-15 07:10:00,MSS,short,4665.9,4667.8,4662.9,4667.8,4662.9,21954
2026-05-15 07:25:00,MSS,long,4663.2,4659.6,4669.0,4659.6,4669.0,21958
2026-05-15 07:30:00,MSS,short,4663.4,4669.0,4654.3,4669.0,4654.3,21959
2026-05-15 08:25:00,BOS,short,4651.0,4662.7,4632.2,4662.7,4632.2,21969
2026-05-15 08:55:00,MSS,long,4627.1,4621.8,4635.8,4621.8,4635.8,21976
2026-05-15 09:05:00,MSS,short,4628.0,4636.7,4613.8,4636.7,4613.8,21978
2026-05-15 10:40:00,MSS,long,4616.7,4613.5,4622.0,4613.5,4622.0,21996
2026-05-15 11:25:00,MSS,short,4622.2,4626.2,4615.8,4626.2,4615.8,22003
2026-05-15 12:05:00,MSS,long,4618.7,4614.4,4625.6,4614.4,4625.6,22013
2026-05-15 12:40:00,MSS,short,4614.9,4619.0,4608.3,4619.0,4608.3,22020
2026-05-15 13:15:00,BOS,short,4604.8,4616.8,4585.5,4616.8,4585.5,22024
2026-05-15 13:30:00,BOS,short,4585.6,4594.4,4571.4,4594.4,4571.4,22031
2026-05-15 13:45:00,BOS,short,4574.4,4579.8,4565.7,4579.8,4565.7,22034
2026-05-15 13:55:00,BOS,short,4570.9,4577.2,4560.6,4577.2,4560.6,22036
2026-05-15 14:15:00,MSS,long,4568.4,4560.0,4582.1,4560.0,4582.1,22038
2026-05-15 14:40:00,MSS,short,4579.7,4584.9,4571.2,4584.9,4571.2,22044
2026-05-15 15:10:00,MSS,long,4577.9,4569.8,4591.0,4569.8,4591.0,22050
2026-05-15 16:00:00,MSS,short,4575.4,4584.0,4561.6,4584.0,4561.6,22059
2026-05-15 16:40:00,MSS,long,4558.7,4553.2,4567.5,4553.2,4567.5,22068
2026-05-15 17:10:00,MSS,short,4561.1,4568.2,4549.5,4568.2,4549.5,22075
2026-05-15 17:45:00,BOS,short,4552.8,4559.8,4541.5,4559.8,4541.5,22080
2026-05-15 18:05:00,MSS,long,4546.4,4535.7,4563.7,4535.7,4563.7,22084
2026-05-15 18:50:00,BOS,long,4562.5,4553.6,4576.8,4553.6,4576.8,22094
2026-05-15 19:30:00,MSS,short,4569.4,4573.5,4562.8,4573.5,4562.8,22101
2026-05-15 20:00:00,BOS,short,4558.3,4563.4,4550.0,4563.4,4550.0,22108
2026-05-15 20:10:00,BOS,short,4554.4,4557.5,4549.3,4557.5,4549.3,22111
2026-05-15 20:20:00,MSS,long,4554.4,4549.1,4562.9,4549.1,4562.9,22113
2026-05-15 21:35:00,MSS,short,4549.8,4561.8,4530.3,4561.8,4530.3,22127
2026-05-15 22:10:00,MSS,long,4538.8,4529.1,4554.6,4529.1,4554.6,22134
2026-05-15 22:45:00,MSS,short,4561.0,4565.0,4554.5,4565.0,4554.5,22141
2026-05-15 22:55:00,MSS,long,4558.0,4550.1,4570.9,4550.1,4570.9,22144
2026-05-15 23:15:00,MSS,short,4558.9,4564.3,4550.1,4564.3,4550.1,22148
2026-05-15 23:35:00,BOS,short,4551.2,4554.6,4545.6,4554.6,4545.6,22152
2026-05-15 23:50:00,BOS,short,4549.1,4554.6,4540.3,4554.6,4540.3,22152
2026-05-16 00:05:00,BOS,short,4541.5,4546.5,4533.3,4546.5,4533.3,22158
2026-05-16 00:30:00,MSS,long,4539.1,4533.2,4548.6,4533.2,4548.6,22160
2026-05-16 01:00:00,BOS,long,4549.7,4545.6,4556.4,4545.6,4556.4,22169
2026-05-16 01:20:00,BOS,long,4562.1,4558.4,4568.0,4558.4,4568.0,22173
2026-05-16 02:10:00,BOS,long,4562.6,4560.2,4566.6,4560.2,4566.6,22183
2026-05-16 02:15:00,MSS,short,4562.9,4566.6,4556.9,4566.6,4556.9,22184
2026-05-16 03:05:00,BOS,short,4562.5,4566.9,4555.4,4566.9,4555.4,22192
2026-05-16 03:35:00,MSS,long,4555.1,4552.5,4559.4,4552.5,4559.4,22199
2026-05-16 03:55:00,MSS,short,4555.4,4559.4,4548.9,4559.4,4548.9,22201
2026-05-16 04:30:00,MSS,long,4541.2,4537.0,4548.0,4537.0,4548.0,22210
2026-05-18 08:00:00,MSS,short,4540.6,4545.0,4533.6,4545.0,4533.6,22217
2026-05-18 08:20:00,BOS,short,4536.3,4546.5,4519.7,4546.5,4519.7,22218
2026-05-18 09:20:00,MSS,long,4501.5,4495.5,4511.3,4495.5,4511.3,22233
2026-05-18 09:40:00,BOS,long,4503.3,4495.5,4515.8,4495.5,4515.8,22233
2026-05-18 10:10:00,BOS,long,4531.3,4524.6,4542.1,4524.6,4542.1,22242
2026-05-18 11:25:00,BOS,long,4534.1,4529.5,4541.6,4529.5,4541.6,22256
2026-05-18 11:40:00,BOS,long,4537.1,4528.1,4551.7,4528.1,4551.7,22261
2026-05-18 13:00:00,MSS,short,4544.5,4549.4,4536.5,4549.4,4536.5,22276
2026-05-18 13:15:00,MSS,long,4542.8,4536.5,4553.0,4536.5,4553.0,22278
2026-05-18 13:55:00,MSS,short,4547.5,4556.3,4533.2,4556.3,4533.2,22284
2026-05-18 14:20:00,MSS,long,4540.3,4535.8,4547.7,4535.8,4547.7,22292
2026-05-18 15:25:00,BOS,long,4546.9,4541.8,4555.2,4541.8,4555.2,22306
2026-05-18 16:20:00,BOS,long,4549.0,4546.1,4553.7,4546.1,4553.7,22316
2026-05-18 16:30:00,BOS,long,4550.3,4546.1,4557.0,4546.1,4557.0,22316
2026-05-18 17:00:00,MSS,short,4554.9,4561.0,4545.0,4561.0,4545.0,22324
2026-05-18 18:05:00,BOS,short,4545.9,4549.0,4540.8,4549.0,4540.8,22338
2026-05-18 18:30:00,BOS,short,4542.3,4546.2,4536.0,4546.2,4536.0,22341
2026-05-18 18:40:00,MSS,long,4540.0,4535.4,4547.5,4535.4,4547.5,22345
2026-05-18 19:30:00,BOS,long,4540.9,4535.6,4549.4,4535.6,4549.4,22354
2026-05-18 20:30:00,BOS,long,4555.5,4548.7,4566.6,4548.7,4566.6,22366
2026-05-18 21:30:00,BOS,long,4572.6,4565.4,4584.3,4565.4,4584.3,22376
2026-05-18 21:50:00,BOS,long,4575.2,4566.9,4588.7,4566.9,4588.7,22383
2026-05-18 22:30:00,MSS,short,4564.9,4574.5,4549.4,4574.5,4549.4,22388
2026-05-18 23:05:00,BOS,short,4547.2,4553.0,4537.8,4553.0,4537.8,22396
2026-05-19 00:10:00,MSS,long,4547.8,4544.4,4553.3,4544.4,4553.3,22410
2026-05-19 00:25:00,MSS,short,4548.4,4555.1,4537.6,4555.1,4537.6,22414
2026-05-19 00:50:00,MSS,long,4545.7,4537.6,4558.7,4537.6,4558.7,22415
2026-05-19 01:00:00,BOS,long,4546.8,4537.6,4561.7,4537.6,4561.7,22415
2026-05-19 02:00:00,MSS,short,4552.5,4555.4,4547.7,4555.4,4547.7,22430
2026-05-19 02:15:00,BOS,short,4549.4,4552.1,4545.1,4552.1,4545.1,22435
2026-05-19 02:55:00,BOS,short,4543.9,4547.5,4538.0,4547.5,4538.0,22443
2026-05-19 03:00:00,MSS,long,4550.0,4538.0,4569.5,4538.0,4569.5,22445
2026-05-19 04:15:00,BOS,long,4565.4,4561.8,4571.2,4561.8,4571.2,22457
2026-05-19 04:55:00,BOS,long,4569.0,4567.5,4571.3,4567.5,4571.3,22468
2026-05-19 06:35:00,BOS,long,4576.8,4574.9,4580.0,4574.9,4580.0,22475
2026-05-19 07:00:00,BOS,long,4580.1,4576.7,4585.7,4576.7,4585.7,22481
2026-05-19 07:55:00,MSS,short,4588.2,4591.9,4582.3,4591.9,4582.3,22489
2026-05-19 08:25:00,BOS,short,4582.5,4589.3,4571.6,4589.3,4571.6,22498
2026-05-19 08:50:00,BOS,short,4575.6,4579.8,4568.9,4579.8,4568.9,22500
2026-05-19 09:20:00,BOS,short,4566.3,4571.9,4557.3,4571.9,4557.3,22509
2026-05-19 09:30:00,MSS,long,4560.4,4557.3,4565.3,4557.3,4565.3,22510
2026-05-19 10:10:00,MSS,short,4567.7,4575.8,4554.7,4575.8,4554.7,22514
2026-05-19 10:50:00,BOS,short,4558.2,4562.6,4551.2,4562.6,4551.2,22526
2026-05-19 11:35:00,MSS,long,4553.1,4550.0,4558.2,4550.0,4558.2,22536
2026-05-19 12:00:00,MSS,short,4549.6,4552.8,4544.4,4552.8,4544.4,22540
2026-05-19 12:10:00,BOS,short,4546.2,4548.8,4541.9,4548.8,4541.9,22543
2026-05-19 13:00:00,MSS,long,4543.7,4540.9,4548.2,4540.9,4548.2,22548
2026-05-19 13:20:00,MSS,short,4543.4,4549.8,4533.0,4549.8,4533.0,22556
2026-05-19 14:15:00,MSS,long,4542.9,4536.5,4553.3,4536.5,4553.3,22566
2026-05-19 14:45:00,MSS,short,4552.4,4556.1,4546.3,4556.1,4546.3,22574
2026-05-19 15:05:00,MSS,long,4551.9,4547.5,4558.9,4547.5,4558.9,22578
2026-05-19 15:40:00,MSS,short,4549.8,4553.0,4544.6,4553.0,4544.6,22584
2026-05-19 15:45:00,MSS,long,4549.6,4544.6,4557.8,4544.6,4557.8,22586
2026-05-19 16:20:00,MSS,short,4547.9,4551.5,4542.2,4551.5,4542.2,22593
2026-05-19 18:40:00,BOS,short,4539.6,4546.6,4528.4,4546.6,4528.4,22621
2026-05-19 18:55:00,MSS,long,4535.9,4528.4,4548.1,4528.4,4548.1,22622
2026-05-19 19:50:00,MSS,short,4543.4,4547.1,4537.5,4547.1,4537.5,22634
2026-05-19 21:00:00,BOS,short,4537.6,4545.3,4525.2,4545.3,4525.2,22649
2026-05-19 21:20:00,BOS,short,4520.4,4529.5,4505.6,4529.5,4505.6,22652
2026-05-19 22:00:00,MSS,long,4489.0,4472.5,4515.6,4472.5,4515.6,22658
2026-05-19 22:10:00,MSS,short,4508.5,4517.1,4494.5,4517.1,4494.5,22663
2026-05-19 23:15:00,MSS,long,4499.0,4492.9,4508.9,4492.9,4508.9,22675
2026-05-19 23:55:00,BOS,long,4507.1,4503.7,4512.7,4503.7,4512.7,22683
2026-05-20 00:05:00,MSS,short,4508.7,4513.7,4500.6,4513.7,4500.6,22686
2026-05-20 01:10:00,MSS,long,4511.0,4508.7,4514.6,4508.7,4514.6,22699
2026-05-20 01:20:00,MSS,short,4511.5,4514.7,4506.4,4514.7,4506.4,22701
2026-05-20 01:45:00,BOS,short,4508.8,4512.0,4503.7,4512.0,4503.7,22703
2026-05-20 02:05:00,MSS,long,4504.4,4502.5,4507.4,4502.5,4507.4,22708
2026-05-20 02:20:00,MSS,short,4504.1,4507.4,4498.7,4507.4,4498.7,22711
2026-05-20 03:20:00,BOS,short,4496.4,4500.7,4489.5,4500.7,4489.5,22724
2026-05-20 03:50:00,BOS,short,4490.1,4492.1,4486.9,4492.1,4486.9,22731
2026-05-20 04:35:00,BOS,short,4489.7,4491.7,4486.4,4491.7,4486.4,22738
2026-05-20 04:55:00,BOS,short,4486.7,4487.8,4484.8,4487.8,4484.8,22744
2026-05-20 06:15:00,BOS,short,4486.0,4489.2,4480.8,4489.2,4480.8,22746
2026-05-20 06:30:00,MSS,long,4483.5,4481.3,4487.1,4481.3,4487.1,22751
2026-05-20 07:10:00,BOS,long,4485.5,4482.9,4489.8,4482.9,4489.8,22758
2026-05-20 07:15:00,BOS,long,4486.4,4482.9,4492.0,4482.9,4492.0,22758
2026-05-20 08:20:00,BOS,long,4487.1,4482.5,4494.6,4482.5,4494.6,22771
2026-05-20 09:00:00,MSS,short,4505.2,4513.0,4492.5,4513.0,4492.5,22779
2026-05-20 09:20:00,BOS,short,4496.7,4503.4,4485.8,4503.4,4485.8,22784
2026-05-20 10:30:00,BOS,short,4481.2,4489.3,4468.0,4489.3,4468.0,22798
2026-05-20 10:40:00,BOS,short,4479.1,4489.3,4462.6,4489.3,4462.6,22798
2026-05-20 11:05:00,BOS,short,4463.9,4469.4,4454.9,4469.4,4454.9,22806
2026-05-20 12:00:00,MSS,long,4464.6,4459.8,4472.3,4459.8,4472.3,22815
2026-05-20 12:30:00,MSS,short,4469.2,4472.6,4463.8,4472.6,4463.8,22821
2026-05-20 13:00:00,MSS,long,4464.4,4458.5,4473.9,4458.5,4473.9,22827
2026-05-20 13:30:00,BOS,long,4474.2,4469.5,4481.8,4469.5,4481.8,22835
2026-05-20 13:45:00,MSS,short,4475.5,4481.8,4465.4,4481.8,4465.4,22836
2026-05-20 14:30:00,BOS,short,4476.2,4480.9,4468.7,4480.9,4468.7,22845
2026-05-20 15:05:00,MSS,long,4478.7,4473.9,4486.4,4473.9,4486.4,22853
2026-05-20 16:20:00,BOS,long,4481.9,4477.6,4488.9,4477.6,4488.9,22864
2026-05-20 17:25:00,MSS,short,4481.9,4486.1,4475.2,4486.1,4475.2,22882
2026-05-20 17:50:00,MSS,long,4487.8,4484.3,4493.4,4484.3,4493.4,22887
2026-05-20 19:15:00,MSS,short,4497.1,4499.0,4494.1,4499.0,4494.1,22904
2026-05-20 19:25:00,MSS,long,4497.4,4493.5,4503.7,4493.5,4503.7,22906
2026-05-20 20:30:00,BOS,long,4499.8,4495.2,4507.2,4495.2,4507.2,22918
2026-05-20 21:25:00,MSS,short,4502.6,4509.3,4491.7,4509.3,4491.7,22928
2026-05-20 22:00:00,BOS,short,4490.5,4495.0,4483.2,4495.0,4483.2,22935
2026-05-20 22:15:00,MSS,long,4483.6,4469.3,4506.8,4469.3,4506.8,22940
2026-05-20 23:15:00,BOS,long,4538.3,4526.5,4557.5,4526.5,4557.5,22952
2026-05-21 00:20:00,MSS,short,4534.3,4538.5,4527.5,4538.5,4527.5,22963
2026-05-21 01:05:00,MSS,long,4531.7,4527.0,4539.2,4527.0,4539.2,22967
2026-05-21 01:25:00,MSS,short,4538.1,4540.5,4534.2,4540.5,4534.2,22978
2026-05-21 02:30:00,MSS,long,4538.3,4535.1,4543.5,4535.1,4543.5,22991
2026-05-21 03:15:00,BOS,long,4546.4,4544.7,4549.2,4544.7,4549.2,22999
2026-05-21 03:35:00,BOS,long,4549.1,4546.2,4553.7,4546.2,4553.7,23002
2026-05-21 04:30:00,MSS,short,4550.6,4553.2,4546.4,4553.2,4546.4,23012
2026-05-21 06:05:00,BOS,short,4545.6,4549.2,4539.7,4549.2,4539.7,23022
2026-05-21 07:20:00,BOS,short,4540.0,4541.6,4537.3,4541.6,4537.3,23037
2026-05-21 07:35:00,MSS,long,4539.8,4535.5,4546.8,4535.5,4546.8,23039
2026-05-21 08:15:00,BOS,long,4546.1,4540.7,4554.9,4540.7,4554.9,23046
2026-05-21 09:05:00,BOS,long,4545.8,4541.4,4552.9,4541.4,4552.9,23058
2026-05-21 09:20:00,BOS,long,4552.2,4541.4,4569.8,4541.4,4569.8,23058
2026-05-21 09:50:00,MSS,short,4568.0,4572.5,4560.7,4572.5,4560.7,23066
2026-05-21 11:35:00,BOS,short,4538.6,4542.0,4533.1,4542.0,4533.1,23086
2026-05-21 11:50:00,BOS,short,4534.2,4537.9,4528.1,4537.9,4528.1,23090
2026-05-21 12:20:00,MSS,long,4532.1,4528.1,4538.5,4528.1,4538.5,23092
2026-05-21 12:55:00,BOS,long,4538.1,4536.6,4540.5,4536.6,4540.5,23103
2026-05-21 13:05:00,MSS,short,4538.0,4541.7,4532.0,4541.7,4532.0,23106
2026-05-21 13:25:00,BOS,short,4534.4,4541.7,4522.5,4541.7,4522.5,23106
2026-05-21 13:50:00,MSS,long,4523.6,4519.1,4531.0,4519.1,4531.0,23115
2026-05-21 14:40:00,MSS,short,4534.6,4541.2,4523.8,4541.2,4523.8,23122
2026-05-21 15:25:00,BOS,short,4520.5,4525.0,4513.3,4525.0,4513.3,23134
2026-05-21 16:05:00,MSS,long,4523.5,4519.2,4530.5,4519.2,4530.5,23142
2026-05-21 16:35:00,MSS,short,4534.1,4538.1,4527.7,4538.1,4527.7,23147
2026-05-21 17:10:00,MSS,long,4536.3,4532.9,4541.7,4532.9,4541.7,23155
2026-05-21 17:30:00,MSS,short,4540.3,4543.9,4534.5,4543.9,4534.5,23158
2026-05-21 18:00:00,MSS,long,4532.2,4530.7,4534.7,4530.7,4534.7,23165
2026-05-21 18:25:00,MSS,short,4527.2,4537.3,4510.8,4537.3,4510.8,23167
2026-05-21 19:30:00,BOS,short,4518.1,4522.4,4511.1,4522.4,4511.1,23182
2026-05-21 20:05:00,MSS,long,4514.7,4511.8,4519.5,4511.8,4519.5,23189
2026-05-21 20:15:00,MSS,short,4516.5,4520.3,4510.3,4520.3,4510.3,23192
2026-05-21 21:15:00,BOS,short,4507.3,4513.8,4496.9,4513.8,4496.9,23203
2026-05-21 21:50:00,MSS,long,4501.4,4488.5,4522.2,4488.5,4522.2,23209
2026-05-22 00:00:00,BOS,long,4514.3,4510.5,4520.4,4510.5,4520.4,23237
2026-05-22 01:10:00,BOS,long,4521.9,4515.0,4533.1,4515.0,4533.1,23251
2026-05-22 02:35:00,MSS,short,4549.2,4552.3,4544.1,4552.3,4544.1,23266
2026-05-22 02:45:00,BOS,short,4543.7,4548.6,4535.9,4548.6,4535.9,23270
2026-05-22 03:10:00,MSS,long,4534.3,4531.1,4539.6,4531.1,4539.6,23275
2026-05-22 03:50:00,MSS,short,4541.0,4544.5,4535.4,4544.5,4535.4,23282
2026-05-22 04:55:00,MSS,long,4542.3,4540.8,4544.8,4540.8,4544.8,23296
2026-05-22 06:00:00,BOS,long,4543.6,4540.8,4548.1,4540.8,4548.1,23296
2026-05-22 06:40:00,BOS,long,4542.5,4540.5,4545.7,4540.5,4545.7,23305
2026-05-22 07:15:00,MSS,short,4543.9,4545.2,4541.8,4545.2,4541.8,23312
2026-05-22 08:10:00,BOS,short,4535.3,4537.3,4532.1,4537.3,4532.1,23320
2026-05-22 08:35:00,MSS,long,4535.2,4530.8,4542.2,4530.8,4542.2,23325
2026-05-22 08:50:00,MSS,short,4536.9,4542.2,4528.2,4542.2,4528.2,23329
2026-05-22 09:05:00,BOS,short,4532.5,4537.6,4524.2,4537.6,4524.2,23334
2026-05-22 10:30:00,BOS,short,4526.3,4530.5,4519.6,4530.5,4519.6,23348
2026-05-22 11:40:00,MSS,long,4523.2,4519.9,4528.5,4519.9,4528.5,23363
2026-05-22 12:25:00,BOS,long,4530.4,4528.3,4533.9,4528.3,4533.9,23374
2026-05-22 12:35:00,MSS,short,4531.3,4533.9,4527.1,4533.9,4527.1,23375
2026-05-22 13:00:00,BOS,short,4528.7,4531.2,4524.6,4531.2,4524.6,23380
2026-05-22 13:35:00,MSS,long,4529.4,4525.9,4535.0,4525.9,4535.0,23388
2026-05-22 13:55:00,MSS,short,4525.0,4535.4,4508.3,4535.4,4508.3,23390
2026-05-22 14:25:00,MSS,long,4520.9,4517.1,4527.0,4517.1,4527.0,23397
2026-05-22 15:35:00,MSS,short,4524.2,4528.2,4517.7,4528.2,4517.7,23410
2026-05-22 16:15:00,MSS,long,4521.5,4516.5,4529.6,4516.5,4529.6,23414
2026-05-22 17:10:00,MSS,short,4522.8,4526.2,4517.3,4526.2,4517.3,23431
2026-05-22 17:35:00,MSS,long,4519.0,4515.2,4525.1,4515.2,4525.1,23436
2026-05-22 18:25:00,MSS,short,4533.2,4538.1,4525.4,4538.1,4525.4,23443
2026-05-22 19:00:00,MSS,long,4514.8,4513.1,4517.5,4513.1,4517.5,23453
2026-05-22 19:20:00,MSS,short,4516.2,4518.3,4512.9,4518.3,4512.9,23455
2026-05-22 19:30:00,MSS,long,4514.5,4512.2,4518.3,4512.2,4518.3,23459
2026-05-22 20:10:00,BOS,long,4523.7,4519.0,4531.4,4519.0,4531.4,23466
2026-05-22 20:35:00,MSS,short,4529.1,4537.4,4515.7,4537.4,4515.7,23469
2026-05-22 21:35:00,BOS,short,4524.8,4528.4,4518.9,4528.4,4518.9,23484
2026-05-22 23:05:00,MSS,long,4505.3,4501.0,4512.3,4501.0,4512.3,23501
2026-05-23 00:20:00,BOS,long,4519.3,4517.8,4521.8,4517.8,4521.8,23517
2026-05-23 00:40:00,MSS,short,4522.4,4528.8,4512.1,4528.8,4512.1,23520
2026-05-23 01:25:00,MSS,long,4519.5,4514.5,4527.6,4514.5,4527.6,23530
2026-05-23 02:00:00,MSS,short,4521.0,4525.9,4513.2,4525.9,4513.2,23534
2026-05-23 02:35:00,MSS,long,4518.6,4515.7,4523.3,4515.7,4523.3,23544
2026-05-23 02:45:00,MSS,short,4519.9,4523.3,4514.5,4523.3,4514.5,23545
2026-05-23 03:00:00,BOS,short,4515.5,4518.1,4511.2,4518.1,4511.2,23548
2026-05-23 03:35:00,MSS,long,4508.1,4505.9,4511.6,4505.9,4511.6,23556
2026-05-23 04:20:00,BOS,long,4508.4,4506.2,4511.9,4506.2,4511.9,23562
2026-05-23 04:30:00,MSS,short,4510.2,4511.9,4507.4,4511.9,4507.4,23566
2026-05-25 08:00:00,MSS,long,4531.4,4505.4,4573.5,4505.4,4573.5,23571
2026-05-25 08:45:00,BOS,long,4575.8,4572.2,4581.6,4572.2,4581.6,23582
2026-05-25 08:55:00,MSS,short,4576.0,4581.6,4566.9,4581.6,4566.9,23583
2026-05-25 09:05:00,BOS,short,4571.8,4578.1,4561.5,4578.1,4561.5,23586
2026-05-25 10:05:00,MSS,long,4564.6,4561.7,4569.3,4561.7,4569.3,23597
2026-05-25 10:40:00,BOS,long,4563.8,4559.6,4570.7,4559.6,4570.7,23601
2026-05-25 11:40:00,MSS,short,4562.5,4565.1,4558.4,4565.1,4558.4,23617
2026-05-25 12:25:00,MSS,long,4562.9,4560.5,4566.7,4560.5,4566.7,23624
2026-05-25 13:00:00,BOS,long,4563.0,4560.4,4567.3,4560.4,4567.3,23629
2026-05-25 13:20:00,MSS,short,4563.4,4567.3,4557.1,4567.3,4557.1,23634
2026-05-25 14:20:00,MSS,long,4553.8,4551.3,4557.8,4551.3,4557.8,23647
2026-05-25 14:45:00,BOS,long,4556.7,4554.5,4560.3,4554.5,4560.3,23652
2026-05-25 15:45:00,BOS,long,4557.2,4553.2,4563.6,4553.2,4563.6,23662
2026-05-25 16:20:00,MSS,short,4562.8,4566.7,4556.6,4566.7,4556.6,23668
2026-05-25 17:25:00,MSS,long,4558.1,4556.5,4560.6,4556.5,4560.6,23683
2026-05-25 19:15:00,BOS,long,4572.5,4569.4,4577.5,4569.4,4577.5,23707
2026-05-25 19:35:00,BOS,long,4573.9,4571.2,4578.2,4571.2,4578.2,23711
2026-05-25 20:00:00,MSS,short,4574.0,4579.3,4565.3,4579.3,4565.3,23715
2026-05-25 21:40:00,MSS,long,4564.3,4562.5,4567.3,4562.5,4567.3,23735
2026-05-25 22:00:00,BOS,long,4564.5,4561.7,4569.1,4561.7,4569.1,23739
2026-05-25 22:20:00,BOS,long,4569.9,4568.6,4572.0,4568.6,4572.0,23744
2026-05-25 22:50:00,MSS,short,4569.1,4570.2,4567.2,4570.2,4567.2,23749
2026-05-25 23:10:00,MSS,long,4570.2,4566.9,4575.5,4566.9,4575.5,23755
2026-05-26 00:35:00,BOS,long,4571.2,4569.9,4573.2,4569.9,4573.2,23772
2026-05-26 00:55:00,BOS,long,4572.2,4569.9,4576.0,4569.9,4576.0,23772
2026-05-26 01:30:00,MSS,short,4577.4,4580.6,4572.3,4580.6,4572.3,23780
2026-05-26 02:25:00,MSS,long,4571.2,4569.8,4573.5,4569.8,4573.5,23794
2026-05-26 06:05:00,BOS,long,4571.5,4569.6,4574.7,4569.6,4574.7,23795
2026-05-26 06:30:00,MSS,short,4575.6,4577.3,4572.8,4577.3,4572.8,23801
2026-05-26 06:50:00,MSS,long,4574.0,4571.2,4578.4,4571.2,4578.4,23803
2026-05-26 07:10:00,BOS,long,4578.1,4575.7,4582.0,4575.7,4582.0,23808
2026-05-26 07:25:00,MSS,short,4577.8,4583.2,4569.1,4583.2,4569.1,23811
2026-05-26 08:00:00,BOS,short,4559.4,4564.9,4550.4,4564.9,4550.4,23819
2026-05-26 08:15:00,BOS,short,4549.7,4554.4,4542.2,4554.4,4542.2,23822
2026-05-26 08:50:00,BOS,short,4547.7,4552.6,4539.9,4552.6,4539.9,23829
2026-05-26 09:30:00,BOS,short,4545.3,4550.1,4537.6,4550.1,4537.6,23834
2026-05-26 10:05:00,MSS,long,4539.9,4539.9,4539.9,4539.9,4539.9,23830
2026-05-26 10:30:00,MSS,short,4538.1,4540.1,4534.8,4540.1,4534.8,23849
2026-05-26 10:45:00,BOS,short,4536.5,4539.5,4531.6,4539.5,4531.6,23851
2026-05-26 11:20:00,MSS,long,4535.9,4530.7,4544.4,4530.7,4544.4,23854
2026-05-26 12:00:00,MSS,short,4543.0,4544.3,4541.0,4544.3,4541.0,23866
2026-05-26 13:05:00,MSS,long,4526.2,4523.3,4530.9,4523.3,4530.9,23880
2026-05-26 13:30:00,BOS,long,4531.2,4529.2,4534.5,4529.2,4534.5,23885
2026-05-26 13:45:00,MSS,short,4532.1,4535.5,4526.6,4535.5,4526.6,23887
2026-05-26 14:20:00,MSS,long,4531.7,4529.5,4535.2,4529.5,4535.2,23894
2026-05-26 15:05:00,MSS,short,4531.8,4534.3,4527.8,4534.3,4527.8,23904
2026-05-26 15:45:00,MSS,long,4526.3,4521.7,4533.8,4521.7,4533.8,23911
2026-05-26 17:10:00,MSS,short,4523.1,4525.4,4519.3,4525.4,4519.3,23929
2026-05-26 17:35:00,BOS,short,4522.7,4526.7,4516.2,4526.7,4516.2,23933
2026-05-26 18:10:00,MSS,long,4524.4,4519.4,4532.6,4519.4,4532.6,23941
2026-05-26 19:10:00,MSS,short,4535.2,4537.0,4532.2,4537.0,4532.2,23953
2026-05-26 20:35:00,BOS,short,4510.5,4516.2,4501.3,4516.2,4501.3,23967
2026-05-26 20:45:00,MSS,long,4508.3,4500.3,4521.3,4500.3,4521.3,23970
2026-05-26 21:50:00,MSS,short,4524.9,4532.2,4513.0,4532.2,4513.0,23984
2026-05-26 22:10:00,BOS,short,4516.4,4521.3,4508.4,4521.3,4508.4,23989
2026-05-26 22:35:00,MSS,long,4515.0,4508.4,4525.6,4508.4,4525.6,23990
2026-05-26 23:20:00,MSS,short,4517.8,4525.6,4505.2,4525.6,4505.2,23995
2026-05-26 23:50:00,MSS,long,4505.7,4502.3,4511.2,4502.3,4511.2,24007
2026-05-27 00:10:00,MSS,short,4506.5,4511.2,4498.8,4511.2,4498.8,24010
2026-05-27 01:25:00,BOS,short,4504.5,4506.9,4500.5,4506.9,4500.5,24028
2026-05-27 01:55:00,BOS,short,4495.9,4501.2,4487.2,4501.2,4487.2,24034
2026-05-27 03:00:00,MSS,long,4488.0,4480.1,4500.8,4480.1,4500.8,24037
2026-05-27 06:05:00,MSS,short,4506.6,4508.5,4503.4,4508.5,4503.4,24071
2026-05-27 06:30:00,BOS,short,4507.0,4510.9,4500.8,4510.9,4500.8,24076
2026-05-27 06:50:00,MSS,long,4503.0,4500.0,4507.8,4500.0,4507.8,24081
2026-05-27 07:30:00,BOS,long,4509.3,4504.6,4516.8,4504.6,4516.8,24088
2026-05-27 08:20:00,MSS,short,4521.9,4525.8,4515.6,4525.8,4515.6,24096
2026-05-27 08:55:00,BOS,short,4518.9,4522.0,4514.0,4522.0,4514.0,24105
2026-05-27 09:10:00,MSS,long,4515.2,4512.0,4520.5,4512.0,4520.5,24109
2026-05-27 09:30:00,MSS,short,4517.7,4520.7,4512.9,4520.7,4512.9,24112
2026-05-27 10:35:00,BOS,short,4503.0,4505.3,4499.3,4505.3,4499.3,24125
2026-05-27 11:00:00,MSS,long,4502.0,4497.3,4509.7,4497.3,4509.7,24129
2026-05-27 11:55:00,MSS,short,4501.2,4504.7,4495.5,4504.7,4495.5,24141
2026-05-27 12:25:00,BOS,short,4500.7,4502.2,4498.3,4502.2,4498.3,24148
2026-05-27 12:40:00,MSS,long,4500.8,4496.8,4507.2,4496.8,4507.2,24150
2026-05-27 13:10:00,MSS,short,4504.3,4502.2,4507.7,4502.2,4507.7,24148
2026-05-27 13:30:00,BOS,short,4501.6,4507.4,4492.3,4507.4,4492.3,24161
2026-05-27 14:15:00,BOS,short,4494.7,4500.5,4485.4,4500.5,4485.4,24166
2026-05-27 15:10:00,BOS,short,4484.7,4487.9,4479.4,4487.9,4479.4,24180
2026-05-27 15:45:00,BOS,short,4483.6,4487.9,4476.7,4487.9,4476.7,24186
2026-05-27 16:15:00,MSS,long,4485.0,4482.3,4489.4,4482.3,4489.4,24194
2026-05-27 16:40:00,BOS,long,4488.7,4484.7,4495.2,4484.7,4495.2,24198
2026-05-27 17:50:00,BOS,long,4488.6,4486.8,4491.6,4486.8,4491.6,24212
2026-05-27 18:00:00,MSS,short,4488.8,4492.0,4483.6,4492.0,4483.6,24215
2026-05-27 19:25:00,BOS,short,4444.7,4449.8,4436.5,4449.8,4436.5,24231
2026-05-27 19:55:00,BOS,short,4434.4,4442.0,4422.1,4442.0,4422.1,24237
2026-05-27 20:15:00,MSS,long,4436.0,4426.2,4451.8,4426.2,4451.8,24242
2026-05-27 21:05:00,MSS,short,4443.0,4463.8,4409.3,4463.8,4409.3,24244
2026-05-27 21:25:00,BOS,short,4411.3,4419.2,4398.4,4419.2,4398.4,24255
2026-05-27 21:30:00,MSS,long,4407.5,4398.4,4422.2,4398.4,4422.2,24257
2026-05-27 22:45:00,MSS,short,4447.4,4454.0,4436.6,4454.0,4436.6,24268
2026-05-28 00:20:00,MSS,long,4436.4,4432.5,4442.8,4432.5,4442.8,24289
2026-05-28 01:00:00,MSS,short,4449.1,4451.4,4445.5,4451.4,4445.5,24298
2026-05-28 01:05:00,BOS,short,4447.3,4451.4,4440.6,4451.4,4440.6,24298
2026-05-28 01:25:00,MSS,long,4443.5,4439.7,4449.7,4439.7,4449.7,24302
2026-05-28 02:00:00,MSS,short,4450.8,4452.9,4447.3,4452.9,4447.3,24311
2026-05-28 02:20:00,MSS,long,4450.2,4446.0,4457.0,4446.0,4457.0,24313
2026-05-28 03:15:00,MSS,short,4451.4,4453.5,4447.9,4453.5,4447.9,24323
2026-05-28 03:35:00,MSS,long,4450.2,4448.1,4453.6,4448.1,4453.6,24330
2026-05-28 04:10:00,BOS,long,4450.1,4447.7,4453.9,4447.7,4453.9,24335
2026-05-28 06:05:00,BOS,long,4453.4,4449.9,4459.0,4449.9,4459.0,24344
2026-05-28 06:30:00,MSS,short,4456.6,4459.4,4452.2,4459.4,4452.2,24352
2026-05-28 07:05:00,BOS,short,4452.9,4455.0,4449.4,4455.0,4449.4,24360
2026-05-28 07:20:00,BOS,short,4450.2,4451.8,4447.5,4451.8,4447.5,24363
2026-05-28 07:45:00,BOS,short,4448.4,4450.8,4444.5,4450.8,4444.5,24367
2026-05-28 08:25:00,BOS,short,4447.9,4450.8,4443.3,4450.8,4443.3,24367
2026-05-28 08:45:00,MSS,long,4449.6,4447.8,4452.4,4447.8,4452.4,24380
2026-05-28 08:55:00,BOS,long,4452.1,4450.2,4455.3,4450.2,4455.3,24382
2026-05-28 09:00:00,MSS,short,4451.0,4455.3,4444.0,4455.3,4444.0,24383
2026-05-28 10:00:00,BOS,short,4435.4,4455.3,4403.3,4455.3,4403.3,24383
2026-05-28 10:45:00,BOS,short,4401.4,4406.6,4393.1,4406.6,4393.1,24402
2026-05-28 11:15:00,BOS,short,4388.8,4394.5,4379.6,4394.5,4379.6,24409
2026-05-28 12:05:00,MSS,long,4370.7,4366.1,4378.1,4366.1,4378.1,24419
2026-05-28 12:25:00,MSS,short,4373.1,4378.1,4364.9,4378.1,4364.9,24421
2026-05-28 12:55:00,MSS,long,4368.3,4366.7,4371.0,4366.7,4371.0,24430
2026-05-28 13:10:00,BOS,long,4367.7,4365.1,4372.0,4365.1,4372.0,24433
2026-05-28 15:00:00,BOS,long,4379.0,4374.5,4386.2,4374.5,4386.2,24452
2026-05-28 15:15:00,BOS,long,4387.3,4385.6,4390.0,4385.6,4390.0,24457
2026-05-28 15:40:00,MSS,short,4389.8,4393.7,4383.6,4393.7,4383.6,24459
2026-05-28 15:50:00,BOS,short,4385.6,4387.0,4383.3,4387.0,4383.3,24464
2026-05-28 16:05:00,MSS,long,4384.4,4381.4,4389.2,4381.4,4389.2,24466
2026-05-28 16:55:00,MSS,short,4386.0,4387.6,4383.3,4387.6,4383.3,24476
2026-05-28 17:00:00,MSS,long,4385.1,4383.3,4388.1,4383.3,4388.1,24477
2026-05-28 18:05:00,BOS,long,4393.9,4390.7,4399.1,4390.7,4399.1,24490
2026-05-28 18:35:00,MSS,short,4398.2,4400.0,4395.3,4400.0,4395.3,24495
2026-05-28 18:40:00,BOS,short,4394.4,4400.0,4385.4,4400.0,4385.4,24495
2026-05-28 19:15:00,MSS,long,4385.6,4384.0,4388.3,4384.0,4388.3,24503
2026-05-28 19:25:00,MSS,short,4386.1,4388.3,4382.6,4388.3,4382.6,24504
2026-05-28 19:50:00,BOS,short,4384.8,4388.0,4379.5,4388.0,4379.5,24509
2026-05-28 20:00:00,MSS,long,4383.1,4379.5,4389.0,4379.5,4389.0,24511
2026-05-28 20:15:00,MSS,short,4389.1,4391.0,4386.0,4391.0,4386.0,24514
2026-05-28 20:35:00,MSS,long,4386.3,4377.8,4400.0,4377.8,4400.0,24517
2026-05-28 21:30:00,MSS,short,4425.9,4431.6,4416.6,4431.6,4416.6,24529
2026-05-28 22:05:00,MSS,long,4426.5,4418.1,4440.0,4418.1,4440.0,24537
2026-05-28 22:40:00,BOS,long,4459.0,4452.8,4469.0,4452.8,4469.0,24544
2026-05-28 23:35:00,BOS,long,4472.8,4466.9,4482.3,4466.9,4482.3,24553
2026-05-29 00:15:00,BOS,long,4484.7,4478.7,4494.4,4478.7,4494.4,24563
2026-05-29 00:40:00,BOS,long,4497.7,4495.1,4501.9,4495.1,4501.9,24567
2026-05-29 00:50:00,BOS,long,4500.6,4496.7,4506.8,4496.7,4506.8,24569
2026-05-29 01:10:00,MSS,short,4507.9,4511.5,4502.1,4511.5,4502.1,24573
2026-05-29 01:45:00,MSS,long,4503.7,4501.9,4506.5,4501.9,4506.5,24579
2026-05-29 02:25:00,MSS,short,4506.6,4507.6,4504.9,4507.6,4504.9,24585
2026-05-29 02:35:00,BOS,short,4504.4,4507.6,4499.2,4507.6,4499.2,24585
2026-05-29 03:45:00,BOS,short,4498.6,4499.6,4497.1,4499.6,4497.1,24594
2026-05-29 04:40:00,BOS,short,4495.1,4496.2,4493.3,4496.2,4493.3,24600
2026-05-29 04:55:00,BOS,short,4495.0,4496.2,4493.0,4496.2,4493.0,24600
2026-05-29 08:15:00,MSS,long,4494.4,4493.0,4496.7,4493.0,4496.7,24603
2026-05-29 16:50:00,BOS,long,4508.8,4506.3,4512.9,4506.3,4512.9,24609
2026-05-29 21:45:00,BOS,long,4524.1,4518.0,4534.0,4518.0,4534.0,24612
2026-06-01 12:45:00,MSS,short,4561.5,4592.5,4511.3,4592.5,4511.3,24619
2026-06-01 14:20:00,BOS,short,4513.9,4520.9,4502.5,4520.9,4502.5,24632
2026-06-01 16:00:00,BOS,short,4501.5,4503.9,4497.6,4503.9,4497.6,24637
2026-06-01 19:20:00,MSS,long,4502.6,4497.6,4510.8,4497.6,4510.8,24638
2026-06-01 21:05:00,MSS,short,4505.6,4510.8,4497.1,4510.8,4497.1,24639
