signal_time,entry_time,exit_time,kind,direction,entry,sl,final_sl,tp,break_even_moved,break_even_time,exit_price,exit_reason,points,dollars,bars_held
2025-11-04 03:05:00,2025-11-04 03:32:00,2025-11-04 03:53:00,EXTEND,short,4014.3,4016.9,4016.9,4003.6,False,,4016.9,SL,-2.6,-30.0,21
2025-11-04 03:50:00,2025-11-04 07:01:00,2025-11-04 07:06:00,EXTEND,long,4016.8,4012.5,4012.5,4021.4,False,,4012.5,SL,-4.3,-47.0,5
2025-11-04 07:10:00,2025-11-04 07:40:00,2025-11-04 07:44:00,EXTEND,short,4006.6,4009.1,4009.1,3982.5,False,,4009.1,SL,-2.5,-29.0,4
2025-11-04 08:05:00,2025-11-04 08:14:00,2025-11-04 08:17:00,EXTEND,short,4005.2,4009.0,4009.0,3998.5,False,,4009.0,SL,-3.8,-42.0,3
2025-11-04 08:40:00,2025-11-04 09:09:00,2025-11-04 09:16:00,EXTEND,short,3996.7,4002.0,4002.0,3981.3,False,,4002.0,SL,-5.3,-57.0,7
2025-11-04 10:00:00,2025-11-04 10:33:00,2025-11-04 10:56:00,MSS,short,3987.6,3994.4,3994.4,3980.3,False,,3994.4,SL,-6.8,-72.0,23
2025-11-04 11:35:00,2025-11-04 12:19:00,2025-11-04 12:45:00,EXTEND,long,3999.9,3997.0,3997.0,4013.1,False,,3997.0,SL,-2.9,-33.0,26
2025-11-04 12:45:00,2025-11-04 12:58:00,2025-11-04 13:30:00,MSS,short,3995.3,4001.2,4001.2,3990.2,False,,3990.2,TP,5.1,47.0,32
2025-11-04 13:45:00,2025-11-04 13:51:00,2025-11-04 14:07:00,EXTEND,short,3986.0,3990.4,3990.4,3976.9,False,,3976.9,TP,9.1,86.77,16
2025-11-04 14:05:00,2025-11-04 14:21:00,2025-11-04 14:29:00,EXTEND,short,3980.9,3984.6,3984.6,3971.0,False,,3984.6,SL,-3.7,-41.0,8
2025-11-04 16:00:00,2025-11-04 16:08:00,2025-11-04 16:10:00,BOS,long,4009.3,4004.5,4004.5,4010.2,False,,4004.5,SL,-4.8,-52.0,2
2025-11-04 16:25:00,2025-11-04 16:44:00,2025-11-04 16:52:00,MSS,long,4009.8,4007.6,4007.6,4015.1,False,,4007.6,SL,-2.2,-26.0,8
2025-11-04 17:30:00,2025-11-04 17:35:00,2025-11-04 17:53:00,MSS,long,4008.0,4002.2,4002.2,4012.3,False,,4002.2,SL,-5.8,-62.0,18
2025-11-04 18:00:00,2025-11-04 18:50:00,2025-11-04 19:48:00,EXTEND,short,4002.2,4006.8,4006.8,3991.5,False,,4006.8,SL,-4.6,-50.0,58
2025-11-04 19:50:00,2025-11-04 20:14:00,2025-11-04 20:22:00,EXTEND,long,4007.0,4005.0,4005.0,4012.9,False,,4005.0,SL,-2.0,-24.0,8
2025-11-04 21:15:00,2025-11-04 21:31:00,2025-11-04 21:34:00,EXTEND,long,3997.2,3993.0,3993.0,4010.5,False,,3993.0,SL,-4.2,-46.0,3
2025-11-04 22:05:00,2025-11-04 22:27:00,2025-11-04 22:29:00,EXTEND,short,3977.1,3980.5,3980.5,3969.1,False,,3969.1,TP,8.0,76.12,2
2025-11-04 22:40:00,2025-11-04 23:04:00,2025-11-04 23:35:00,EXTEND,short,3958.1,3969.5,3969.5,3923.2,False,,3969.5,SL,-11.4,-118.0,31
2025-11-05 00:50:00,2025-11-05 01:06:00,2025-11-05 01:19:00,EXTEND,short,3976.1,3982.0,3982.0,3971.0,False,,3971.0,TP,5.1,47.35,13
2025-11-05 07:05:00,2025-11-05 07:18:00,2025-11-05 07:27:00,EXTEND,long,3947.1,3943.4,3943.4,3951.6,False,,3943.4,SL,-3.7,-41.0,9
2025-11-05 08:00:00,2025-11-05 08:05:00,2025-11-05 08:37:00,MSS,long,3948.5,3940.8,3940.8,3953.2,False,,3940.8,SL,-7.7,-81.0,32
2025-11-05 08:55:00,2025-11-05 09:00:00,2025-11-05 09:04:00,MSS,long,3950.3,3943.0,3943.0,3951.9,False,,3951.9,TP,1.6,12.1,4
2025-11-05 09:50:00,2025-11-05 09:55:00,2025-11-05 09:57:00,EXTEND,short,3944.3,3948.0,3948.0,3940.3,False,,3948.0,SL,-3.7,-41.0,2
2025-11-05 09:55:00,2025-11-05 10:17:00,2025-11-05 10:33:00,EXTEND,short,3947.0,3951.0,3951.0,3938.3,False,,3951.0,SL,-4.0,-44.0,16
2025-11-05 13:45:00,2025-11-05 13:56:00,2025-11-05 14:00:00,MSS,short,3971.2,3974.4,3974.4,3966.8,False,,3974.4,SL,-3.2,-36.0,4
2025-11-05 14:00:00,2025-11-05 14:07:00,2025-11-05 14:21:00,MSS,long,3976.4,3972.3,3972.3,3978.1,False,,3978.1,TP,1.7,12.66,14
2025-11-05 14:20:00,2025-11-05 14:34:00,2025-11-05 14:41:00,EXTEND,long,3980.4,3973.9,3973.9,3982.0,False,,3982.0,TP,1.6,12.03,7
2025-11-05 14:55:00,2025-11-05 15:01:00,2025-11-05 15:08:00,MSS,short,3973.2,3976.0,3976.0,3971.9,False,,3971.9,TP,1.3,8.9,7
2025-11-05 15:05:00,2025-11-05 15:20:00,2025-11-05 15:36:00,BOS,short,3973.8,3978.3,3978.3,3969.0,False,,3978.3,SL,-4.5,-49.0,16
2025-11-05 18:20:00,2025-11-05 18:37:00,2025-11-05 18:39:00,MSS,long,3975.7,3973.8,3973.8,3978.6,False,,3973.8,SL,-1.9,-23.0,2
2025-11-05 18:50:00,2025-11-05 18:55:00,2025-11-05 19:21:00,MSS,short,3971.0,3979.6,3979.6,3968.3,False,,3968.3,TP,2.7,23.03,26
2025-11-05 19:25:00,2025-11-05 19:53:00,2025-11-05 20:18:00,EXTEND,short,3973.5,3977.3,3977.3,3963.4,False,,3977.3,SL,-3.8,-42.0,25
2025-11-05 21:10:00,2025-11-05 21:20:00,2025-11-05 21:25:00,EXTEND,long,3980.3,3975.9,3975.9,3987.5,False,,3987.5,TP,7.2,67.86,5
2025-11-05 21:55:00,2025-11-05 22:04:00,2025-11-05 22:05:00,EXTEND,long,3987.2,3984.5,3984.5,3991.9,False,,3984.5,SL,-2.7,-31.0,1
2025-11-05 22:40:00,2025-11-05 22:47:00,2025-11-05 22:48:00,MSS,short,3983.6,3988.6,3988.6,3982.8,False,,3982.8,TP,0.8,4.27,1
2025-11-05 23:00:00,2025-11-05 23:21:00,2025-11-05 23:25:00,EXTEND,short,3976.9,3982.1,3982.1,3967.3,False,,3982.1,SL,-5.2,-56.0,4
2025-11-06 00:05:00,2025-11-06 00:29:00,2025-11-06 00:30:00,BOS,long,3990.7,3987.5,3987.5,3993.4,False,,3993.4,TP,2.7,23.31,1
2025-11-06 00:30:00,2025-11-06 00:45:00,2025-11-06 00:46:00,EXTEND,long,3994.0,3991.9,3991.9,3995.7,False,,3995.7,TP,1.7,13.17,1
2025-11-06 02:20:00,2025-11-06 02:46:00,2025-11-06 03:42:00,EXTEND,long,3991.4,3988.2,3988.2,3998.0,False,,3998.0,TP,6.6,62.25,56
2025-11-06 07:50:00,2025-11-06 08:09:00,2025-11-06 08:40:00,EXTEND,long,3982.0,3979.8,3979.8,3989.7,False,,3979.8,SL,-2.2,-26.0,31
2025-11-06 09:05:00,2025-11-06 09:28:00,2025-11-06 09:53:00,MSS,short,3980.6,3984.0,3984.0,3969.6,False,,3984.0,SL,-3.4,-38.0,25
2025-11-06 10:40:00,2025-11-06 10:52:00,2025-11-06 11:03:00,EXTEND,long,3992.0,3989.7,3989.7,3996.5,False,,3989.7,SL,-2.3,-27.0,11
2025-11-06 13:05:00,2025-11-06 13:22:00,2025-11-06 13:32:00,EXTEND,long,3997.3,3996.3,3996.3,4000.3,False,,3996.3,SL,-1.0,-14.0,10
2025-11-06 13:45:00,2025-11-06 14:03:00,2025-11-06 14:31:00,EXTEND,long,3997.6,3993.8,3993.8,4001.5,False,,3993.8,SL,-3.8,-42.0,28
2025-11-06 18:00:00,2025-11-06 18:05:00,2025-11-06 18:25:00,MSS,short,4017.8,4020.5,4020.5,4015.0,False,,4015.0,TP,2.8,24.47,20
2025-11-06 19:00:00,2025-11-06 19:26:00,2025-11-06 19:32:00,MSS,long,4018.5,4016.1,4016.1,4021.5,False,,4021.5,TP,3.0,26.39,6
2025-11-06 20:50:00,2025-11-06 21:30:00,2025-11-06 22:20:00,BOS,short,4021.3,4025.5,4025.5,4008.9,False,,4008.9,TP,12.4,119.86,50
2025-11-07 01:50:00,2025-11-07 02:14:00,2025-11-07 02:29:00,MSS,long,3992.3,3990.1,3990.1,4002.8,False,,3990.1,SL,-2.2,-26.0,15
2025-11-07 03:45:00,2025-11-07 03:50:00,2025-11-07 04:56:00,MSS,short,3993.6,3998.9,3998.9,3988.5,False,,3988.5,TP,5.1,47.4,66
2025-11-07 07:15:00,2025-11-07 07:20:00,2025-11-07 07:39:00,MSS,long,3991.6,3987.9,3987.9,3994.5,False,,3994.5,TP,2.9,24.54,19
2025-11-07 08:15:00,2025-11-07 08:20:00,2025-11-07 08:30:00,MSS,long,3999.6,3994.5,3994.5,4000.1,False,,4000.1,TP,0.5,1.09,10
2025-11-07 09:00:00,2025-11-07 09:05:00,2025-11-07 09:06:00,MSS,long,4002.5,3994.7,3994.7,4002.3,False,,4002.3,TP,-0.2,-5.88,1
2025-11-07 10:10:00,2025-11-07 10:15:00,2025-11-07 10:16:00,MSS,short,4005.0,4009.8,4009.8,4003.6,False,,4003.6,TP,1.4,10.2,1
2025-11-07 10:35:00,2025-11-07 10:51:00,2025-11-07 11:04:00,MSS,long,4003.3,4000.1,4000.1,4008.6,False,,4000.1,SL,-3.2,-36.0,13
2025-11-07 11:50:00,2025-11-07 11:55:00,2025-11-07 12:02:00,MSS,short,3998.4,3999.1,3999.1,3995.7,False,,3995.7,TP,2.7,22.58,7
2025-11-07 12:15:00,2025-11-07 12:20:00,2025-11-07 12:22:00,MSS,long,4003.6,3997.4,3997.4,4004.6,False,,4004.6,TP,1.0,6.11,2
2025-11-07 12:50:00,2025-11-07 12:55:00,2025-11-07 13:06:00,MSS,long,4005.4,4004.2,4004.2,4006.8,False,,4004.2,SL,-1.2,-16.0,11
2025-11-07 13:25:00,2025-11-07 13:46:00,2025-11-07 14:18:00,EXTEND,short,4001.8,4005.2,4005.2,3996.8,False,,4005.2,SL,-3.4,-38.0,32
2025-11-07 15:55:00,2025-11-07 16:00:00,2025-11-07 16:04:00,MSS,long,4015.4,4014.1,4014.1,4017.2,False,,4014.1,SL,-1.3,-17.0,4
2025-11-07 16:10:00,2025-11-07 16:33:00,2025-11-07 17:15:00,BOS,long,4014.9,4011.1,4011.1,4019.9,False,,4019.9,TP,5.0,45.93,42
2025-11-07 17:30:00,2025-11-07 17:35:00,2025-11-07 19:04:00,MSS,short,4013.4,4019.5,4019.5,4008.9,False,,4019.5,SL,-6.1,-65.0,89
2025-11-07 19:00:00,2025-11-07 19:18:00,2025-11-07 19:27:00,BOS,long,4012.4,4007.1,4007.1,4022.3,False,,4007.1,SL,-5.3,-57.0,9
2025-11-07 20:05:00,2025-11-07 20:40:00,2025-11-07 20:44:00,MSS,long,4005.6,4003.9,4003.9,4021.1,False,,4003.9,SL,-1.7,-21.0,4
2025-11-07 21:00:00,2025-11-07 21:05:00,2025-11-07 21:08:00,MSS,long,4004.6,3999.2,3999.2,4008.4,False,,4008.4,TP,3.8,33.52,3
2025-11-07 21:05:00,2025-11-07 21:20:00,2025-11-07 21:24:00,EXTEND,long,4007.2,4005.4,4005.4,4011.0,False,,4005.4,SL,-1.8,-22.0,4
2025-11-07 21:20:00,2025-11-07 21:50:00,2025-11-07 22:17:00,EXTEND,long,4005.9,4000.3,4000.3,4012.3,False,,4012.3,TP,6.4,59.89,27
2025-11-07 22:30:00,2025-11-07 22:37:00,2025-11-07 23:01:00,MSS,short,3994.5,4003.8,4003.8,3991.6,False,,4003.8,SL,-9.3,-97.0,24
2025-11-07 23:15:00,2025-11-07 23:38:00,2025-11-07 23:46:00,MSS,short,3997.4,4003.5,4003.5,3991.8,False,,3991.8,TP,5.6,51.59,8
2025-11-08 00:05:00,2025-11-08 00:10:00,2025-11-08 00:22:00,MSS,long,4005.6,4001.9,4001.9,4008.4,False,,4008.4,TP,2.8,24.03,12
2025-11-08 00:35:00,2025-11-08 01:26:00,2025-11-10 09:20:00,EXTEND,long,4004.9,3999.9,3999.9,4044.5,False,,4044.5,TP,39.6,392.21,414
2025-11-10 10:10:00,2025-11-10 10:49:00,2025-11-10 10:55:00,EXTEND,short,4052.6,4054.4,4054.4,4043.7,False,,4054.4,SL,-1.8,-22.0,6
2025-11-10 11:40:00,2025-11-10 11:57:00,2025-11-10 12:09:00,EXTEND,long,4058.2,4055.8,4055.8,4064.0,False,,4064.0,TP,5.8,54.49,12
2025-11-10 12:10:00,2025-11-10 13:18:00,2025-11-10 13:30:00,BOS,long,4062.3,4058.6,4058.6,4068.7,False,,4068.7,TP,6.4,59.54,12
2025-11-10 14:35:00,2025-11-10 14:57:00,2025-11-10 15:21:00,EXTEND,long,4084.0,4080.9,4080.9,4090.7,False,,4080.9,SL,-3.1,-35.0,24
2025-11-10 16:05:00,2025-11-10 16:21:00,2025-11-10 17:13:00,BOS,long,4087.3,4083.3,4083.3,4094.7,False,,4083.3,SL,-4.0,-44.0,52
2025-11-10 17:35:00,2025-11-10 17:40:00,2025-11-10 17:56:00,MSS,long,4094.1,4086.5,4086.5,4099.1,False,,4086.5,SL,-7.6,-80.0,16
2025-11-10 18:30:00,2025-11-10 18:44:00,2025-11-10 19:11:00,EXTEND,short,4086.3,4092.3,4092.3,4084.1,False,,4084.1,TP,2.2,18.12,27
2025-11-10 19:35:00,2025-11-10 19:40:00,2025-11-10 19:59:00,MSS,long,4091.1,4088.3,4088.3,4093.7,False,,4093.7,TP,2.6,21.52,19
2025-11-10 21:35:00,2025-11-10 21:40:00,2025-11-10 21:51:00,MSS,short,4105.4,4110.4,4110.4,4101.5,False,,4101.5,TP,3.9,34.65,11
2025-11-10 23:00:00,2025-11-10 23:07:00,2025-11-10 23:13:00,MSS,long,4099.4,4095.8,4095.8,4102.3,False,,4095.8,SL,-3.6,-40.0,6
2025-11-11 00:00:00,2025-11-11 00:05:00,2025-11-11 00:08:00,MSS,long,4093.3,4089.1,4089.1,4096.9,False,,4096.9,TP,3.6,31.85,3
2025-11-11 02:50:00,2025-11-11 03:44:00,2025-11-11 04:00:00,EXTEND,short,4118.0,4121.7,4121.7,4110.2,False,,4121.7,SL,-3.7,-41.0,16
2025-11-11 07:10:00,2025-11-11 07:41:00,2025-11-11 07:51:00,EXTEND,long,4126.9,4125.1,4125.1,4129.7,False,,4125.1,SL,-1.8,-22.0,10
2025-11-11 09:30:00,2025-11-11 10:07:00,2025-11-11 10:30:00,EXTEND,long,4140.0,4136.7,4136.7,4151.1,False,,4136.7,SL,-3.3,-37.0,23
2025-11-11 10:40:00,2025-11-11 10:45:00,2025-11-11 10:49:00,MSS,long,4145.0,4142.5,4142.5,4147.4,False,,4142.5,SL,-2.5,-29.0,4
2025-11-11 12:40:00,2025-11-11 12:55:00,2025-11-11 13:04:00,MSS,short,4148.5,4152.4,4152.4,4146.7,False,,4146.7,TP,1.8,13.72,9
2025-11-11 13:05:00,2025-11-11 13:21:00,2025-11-11 13:34:00,EXTEND,short,4144.9,4148.7,4148.7,4138.7,False,,4138.7,TP,6.2,58.16,13
2025-11-11 13:35:00,2025-11-11 13:58:00,2025-11-11 14:20:00,EXTEND,short,4137.8,4142.1,4142.1,4126.6,False,,4142.1,SL,-4.3,-47.0,22
2025-11-11 14:25:00,2025-11-11 14:52:00,2025-11-11 15:03:00,EXTEND,long,4138.1,4133.5,4133.5,4146.9,False,,4133.5,SL,-4.6,-50.0,11
2025-11-11 15:05:00,2025-11-11 15:37:00,2025-11-11 15:44:00,EXTEND,short,4133.9,4136.9,4136.9,4129.9,False,,4136.9,SL,-3.0,-34.0,7
2025-11-11 16:00:00,2025-11-11 16:05:00,2025-11-11 16:15:00,MSS,long,4142.2,4135.2,4135.2,4144.3,False,,4144.3,TP,2.1,17.35,10
2025-11-11 16:15:00,2025-11-11 16:40:00,2025-11-11 17:05:00,EXTEND,long,4139.2,4135.2,4135.2,4148.5,False,,4148.5,TP,9.3,89.26,25
2025-11-11 18:05:00,2025-11-11 18:30:00,2025-11-11 18:57:00,EXTEND,short,4146.6,4149.9,4149.9,4141.1,False,,4149.9,SL,-3.3,-37.0,27
2025-11-11 20:20:00,2025-11-11 20:42:00,2025-11-11 20:44:00,EXTEND,short,4146.3,4147.9,4147.9,4140.6,False,,4147.9,SL,-1.6,-20.0,2
2025-11-11 21:15:00,2025-11-11 21:22:00,2025-11-11 21:24:00,MSS,long,4148.7,4145.7,4145.7,4150.1,False,,4150.1,TP,1.4,9.95,2
2025-11-11 21:35:00,2025-11-11 21:49:00,2025-11-11 22:01:00,EXTEND,long,4151.7,4147.7,4147.7,4155.8,False,,4147.7,SL,-4.0,-44.0,12
2025-11-11 22:45:00,2025-11-11 23:06:00,2025-11-11 23:19:00,BOS,short,4126.9,4131.5,4131.5,4122.1,False,,4122.1,TP,4.8,44.26,13
2025-11-12 01:30:00,2025-11-12 02:11:00,2025-11-12 02:18:00,BOS,short,4117.3,4120.7,4120.7,4114.0,False,,4120.7,SL,-3.4,-38.0,7
2025-11-12 02:50:00,2025-11-12 02:55:00,2025-11-12 03:11:00,MSS,long,4120.4,4114.7,4114.7,4122.1,False,,4122.1,TP,1.7,12.79,16
2025-11-12 07:50:00,2025-11-12 08:03:00,2025-11-12 08:27:00,EXTEND,long,4150.4,4145.1,4145.1,4153.3,False,,4145.1,SL,-5.3,-57.0,24
2025-11-12 09:40:00,2025-11-12 09:45:00,2025-11-12 10:36:00,MSS,long,4139.0,4133.1,4133.1,4142.1,False,,4133.1,SL,-5.9,-63.0,51
2025-11-12 13:30:00,2025-11-12 13:49:00,2025-11-12 13:51:00,BOS,short,4108.5,4111.3,4111.3,4101.3,False,,4111.3,SL,-2.8,-32.0,2
2025-11-12 14:35:00,2025-11-12 14:53:00,2025-11-12 15:05:00,BOS,long,4121.9,4118.5,4118.5,4126.1,False,,4126.1,TP,4.2,38.44,12
2025-11-12 15:30:00,2025-11-12 15:35:00,2025-11-12 15:37:00,MSS,short,4123.2,4127.1,4127.1,4122.3,False,,4122.3,TP,0.9,4.93,2
2025-11-12 16:15:00,2025-11-12 16:20:00,2025-11-12 16:22:00,MSS,long,4129.4,4122.6,4122.6,4130.8,False,,4130.8,TP,1.4,9.62,2
2025-11-12 17:20:00,2025-11-12 17:26:00,2025-11-12 17:27:00,EXTEND,short,4130.3,4134.8,4134.8,4130.3,False,,4130.3,TP,0.0,-3.56,1
2025-11-12 17:50:00,2025-11-12 18:25:00,2025-11-12 18:57:00,EXTEND,short,4126.9,4134.5,4134.5,4122.8,False,,4134.5,SL,-7.6,-80.0,32
2025-11-12 19:10:00,2025-11-12 19:35:00,2025-11-12 19:39:00,MSS,long,4133.6,4132.0,4132.0,4138.9,False,,4132.0,SL,-1.6,-20.0,4
2025-11-12 21:05:00,2025-11-12 21:10:00,2025-11-12 21:33:00,MSS,short,4131.7,4136.8,4136.8,4127.4,False,,4136.8,SL,-5.1,-55.0,23
2025-11-12 21:50:00,2025-11-12 21:55:00,2025-11-12 22:03:00,MSS,short,4131.9,4137.8,4137.8,4128.4,False,,4137.8,SL,-5.9,-63.0,8
2025-11-12 22:30:00,2025-11-12 22:47:00,2025-11-12 22:50:00,MSS,short,4138.2,4142.9,4142.9,4127.0,False,,4142.9,SL,-4.7,-51.0,3
2025-11-12 23:50:00,2025-11-13 00:01:00,2025-11-13 00:07:00,EXTEND,long,4189.4,4184.8,4184.8,4195.4,False,,4195.4,TP,6.0,56.24,6
2025-11-13 01:00:00,2025-11-13 01:24:00,2025-11-13 02:04:00,EXTEND,long,4203.8,4198.6,4198.6,4213.1,False,,4198.6,SL,-5.2,-56.0,40
2025-11-13 02:20:00,2025-11-13 02:25:00,2025-11-13 02:26:00,MSS,long,4213.3,4206.1,4206.1,4215.6,False,,4215.6,TP,2.3,18.69,1
2025-11-13 07:20:00,2025-11-13 07:31:00,2025-11-13 07:38:00,MSS,short,4198.2,4202.5,4202.5,4195.1,False,,4195.1,TP,3.1,26.59,7
2025-11-13 08:30:00,2025-11-13 08:35:00,2025-11-13 08:38:00,MSS,long,4204.2,4200.7,4200.7,4207.3,False,,4207.3,TP,3.1,26.88,3
2025-11-13 09:05:00,2025-11-13 09:10:00,2025-11-13 09:15:00,MSS,short,4199.9,4204.6,4204.6,4193.3,False,,4193.3,TP,6.6,61.58,5
2025-11-13 10:05:00,2025-11-13 10:38:00,2025-11-13 11:08:00,EXTEND,long,4193.2,4188.1,4188.1,4204.8,False,,4204.8,TP,11.6,111.61,30
2025-11-13 12:05:00,2025-11-13 12:45:00,2025-11-13 14:16:00,EXTEND,long,4213.7,4207.8,4207.8,4230.5,False,,4207.8,SL,-5.9,-63.0,91
2025-11-13 15:30:00,2025-11-13 15:54:00,2025-11-13 16:00:00,EXTEND,long,4222.3,4216.1,4216.1,4226.1,False,,4226.1,TP,3.8,34.16,6
2025-11-13 17:00:00,2025-11-13 17:11:00,2025-11-13 17:17:00,MSS,short,4236.1,4239.3,4239.3,4229.4,False,,4239.3,SL,-3.2,-36.0,6
2025-11-13 17:25:00,2025-11-13 17:30:00,2025-11-13 17:32:00,MSS,short,4233.1,4238.4,4238.4,4228.0,False,,4238.4,SL,-5.3,-57.0,2
2025-11-13 17:30:00,2025-11-13 18:07:00,2025-11-13 18:09:00,EXTEND,short,4237.1,4239.0,4239.0,4225.7,False,,4239.0,SL,-1.9,-23.0,2
2025-11-13 18:30:00,2025-11-13 18:37:00,2025-11-13 18:38:00,MSS,short,4234.4,4238.9,4238.9,4234.2,False,,4234.2,TP,0.2,-2.24,1
2025-11-13 19:00:00,2025-11-13 19:11:00,2025-11-13 19:44:00,EXTEND,short,4231.8,4234.8,4234.8,4222.8,False,,4234.8,SL,-3.0,-34.0,33
2025-11-13 20:20:00,2025-11-13 20:33:00,2025-11-13 20:54:00,EXTEND,long,4239.2,4236.6,4236.6,4244.4,False,,4244.4,TP,5.2,47.6,21
2025-11-13 21:00:00,2025-11-13 21:05:00,2025-11-13 21:33:00,MSS,short,4233.3,4250.0,4250.0,4228.3,False,,4228.3,TP,5.0,46.17,28
2025-11-13 21:35:00,2025-11-13 22:00:00,2025-11-13 22:08:00,EXTEND,short,4233.6,4237.5,4237.5,4219.5,False,,4219.5,TP,14.1,136.87,8
2025-11-13 23:05:00,2025-11-13 23:40:00,2025-11-14 00:10:00,MSS,long,4203.3,4190.2,4190.2,4214.0,False,,4214.0,TP,10.7,103.28,30
2025-11-14 00:40:00,2025-11-14 01:01:00,2025-11-14 02:27:00,EXTEND,short,4208.2,4212.9,4212.9,4196.4,False,,4196.4,TP,11.8,114.37,86
2025-11-14 07:50:00,2025-11-14 08:11:00,2025-11-14 08:20:00,EXTEND,long,4187.7,4181.7,4181.7,4192.4,False,,4192.4,TP,4.7,42.73,9
2025-11-14 08:50:00,2025-11-14 09:12:00,2025-11-14 09:23:00,MSS,short,4185.0,4192.1,4192.1,4177.6,False,,4177.6,TP,7.4,69.59,11
2025-11-14 09:50:00,2025-11-14 09:55:00,2025-11-14 10:21:00,MSS,long,4195.6,4187.3,4187.3,4200.0,False,,4200.0,TP,4.4,39.76,26
2025-11-14 11:50:00,2025-11-14 12:05:00,2025-11-14 12:13:00,MSS,short,4206.3,4208.2,4208.2,4201.4,False,,4201.4,TP,4.9,45.16,8
2025-11-14 12:25:00,2025-11-14 12:45:00,2025-11-14 12:57:00,EXTEND,short,4204.0,4206.2,4206.2,4196.8,False,,4206.2,SL,-2.2,-26.0,12
2025-11-14 13:00:00,2025-11-14 13:05:00,2025-11-14 13:09:00,MSS,short,4201.8,4206.7,4206.7,4198.6,False,,4198.6,TP,3.2,27.55,4
2025-11-14 13:15:00,2025-11-14 13:47:00,2025-11-14 14:26:00,EXTEND,short,4194.9,4198.0,4198.0,4181.0,False,,4181.0,TP,13.9,135.08,39
2025-11-14 15:45:00,2025-11-14 15:50:00,2025-11-14 16:36:00,MSS,long,4182.9,4170.2,4170.2,4188.0,False,,4188.0,TP,5.1,46.54,46
2025-11-14 17:00:00,2025-11-14 17:17:00,2025-11-14 18:06:00,EXTEND,short,4176.9,4180.3,4180.3,4165.1,False,,4165.1,TP,11.8,114.0,49
2025-11-14 18:30:00,2025-11-14 18:58:00,2025-11-14 19:11:00,BOS,short,4171.4,4173.9,4173.9,4159.7,False,,4159.7,TP,11.7,113.32,13
2025-11-14 22:35:00,2025-11-14 22:41:00,2025-11-14 22:53:00,MSS,long,4070.6,4062.4,4062.4,4079.0,False,,4079.0,TP,8.4,79.63,12
2025-11-14 23:50:00,2025-11-15 00:17:00,2025-11-15 00:23:00,EXTEND,long,4091.4,4083.9,4083.9,4104.6,False,,4104.6,TP,13.2,128.26,6
2025-11-15 00:40:00,2025-11-15 01:03:00,2025-11-15 01:07:00,EXTEND,long,4109.6,4103.1,4103.1,4117.2,False,,4103.1,SL,-6.5,-69.0,4
2025-11-15 02:30:00,2025-11-15 02:35:00,2025-11-15 03:07:00,MSS,long,4101.3,4092.6,4092.6,4107.4,False,,4092.6,SL,-8.7,-91.0,32
2025-11-17 07:05:00,2025-11-17 07:20:00,2025-11-17 07:52:00,MSS,long,4101.3,4095.5,4095.5,4116.6,False,,4095.5,SL,-5.8,-62.0,32
2025-11-17 09:10:00,2025-11-17 09:28:00,2025-11-17 09:35:00,MSS,long,4097.9,4092.7,4092.7,4102.4,False,,4102.4,TP,4.5,41.39,7
2025-11-17 09:35:00,2025-11-17 10:13:00,2025-11-17 10:24:00,EXTEND,long,4091.5,4087.3,4087.3,4108.0,False,,4087.3,SL,-4.2,-46.0,11
2025-11-17 11:00:00,2025-11-17 11:23:00,2025-11-17 12:04:00,EXTEND,short,4078.3,4086.9,4086.9,4064.0,False,,4086.9,SL,-8.6,-90.0,41
2025-11-17 13:00:00,2025-11-17 13:06:00,2025-11-17 13:14:00,EXTEND,short,4075.6,4079.3,4079.3,4074.0,False,,4074.0,TP,1.6,11.65,8
2025-11-17 14:05:00,2025-11-17 14:17:00,2025-11-17 14:33:00,EXTEND,long,4062.2,4056.7,4056.7,4071.5,False,,4071.5,TP,9.3,88.91,16
2025-11-17 16:35:00,2025-11-17 16:43:00,2025-11-17 16:48:00,MSS,short,4076.9,4079.7,4079.7,4075.0,False,,4075.0,TP,1.9,15.14,5
2025-11-17 16:45:00,2025-11-17 17:01:00,2025-11-17 17:11:00,EXTEND,short,4076.5,4081.0,4081.0,4069.7,False,,4081.0,SL,-4.5,-49.0,10
2025-11-17 18:50:00,2025-11-17 19:00:00,2025-11-17 19:03:00,MSS,short,4067.0,4075.0,4075.0,4064.7,False,,4064.7,TP,2.3,18.87,3
2025-11-17 19:00:00,2025-11-17 19:46:00,2025-11-17 19:52:00,EXTEND,short,4080.5,4083.3,4083.3,4055.3,False,,4083.3,SL,-2.8,-32.0,6
2025-11-17 19:55:00,2025-11-17 20:19:00,2025-11-17 20:22:00,EXTEND,long,4081.4,4076.1,4076.1,4090.1,False,,4076.1,SL,-5.3,-57.0,3
2025-11-17 20:45:00,2025-11-17 20:51:00,2025-11-17 20:52:00,MSS,short,4077.6,4083.3,4083.3,4080.5,False,,4077.6,TP,0.0,-4.0,1
2025-11-17 20:50:00,2025-11-17 20:59:00,2025-11-17 21:00:00,EXTEND,short,4078.4,4080.8,4080.8,4074.6,False,,4080.8,SL,-2.4,-28.0,1
2025-11-17 21:05:00,2025-11-17 21:19:00,2025-11-17 21:23:00,EXTEND,long,4087.4,4083.8,4083.8,4098.4,False,,4083.8,SL,-3.6,-40.0,4
2025-11-17 21:50:00,2025-11-17 22:15:00,2025-11-17 22:16:00,EXTEND,short,4072.4,4071.2,4071.2,4054.4,False,,4072.6,SL,-0.2,-6.0,1
2025-11-17 22:35:00,2025-11-17 22:52:00,2025-11-17 22:55:00,EXTEND,long,4080.2,4075.6,4075.6,4088.7,False,,4075.6,SL,-4.6,-50.0,3
2025-11-17 23:15:00,2025-11-17 23:49:00,2025-11-18 00:05:00,EXTEND,short,4071.1,4074.7,4074.7,4055.8,False,,4055.8,TP,15.3,148.62,16
2025-11-18 01:30:00,2025-11-18 02:00:00,2025-11-18 02:01:00,EXTEND,long,4075.1,4072.9,4072.9,4085.1,False,,4072.9,SL,-2.2,-26.0,1
2025-11-18 07:35:00,2025-11-18 07:40:00,2025-11-18 07:41:00,EXTEND,short,4041.9,4047.4,4047.4,4040.8,False,,4040.8,TP,1.1,6.6,1
2025-11-18 07:45:00,2025-11-18 07:56:00,2025-11-18 09:00:00,EXTEND,short,4035.3,4042.7,4042.7,4021.8,False,,4042.7,SL,-7.4,-78.0,64
2025-11-18 09:00:00,2025-11-18 09:21:00,2025-11-18 09:24:00,EXTEND,long,4043.2,4037.8,4037.8,4048.3,False,,4037.8,SL,-5.4,-58.0,3
2025-11-18 10:30:00,2025-11-18 10:35:00,2025-11-18 10:43:00,MSS,long,4033.9,4029.1,4029.1,4037.9,False,,4029.1,SL,-4.8,-52.0,8
2025-11-18 12:15:00,2025-11-18 12:20:00,2025-11-18 12:26:00,MSS,short,4004.7,4011.2,4011.2,3999.5,False,,4011.2,SL,-6.5,-69.0,6
2025-11-18 14:10:00,2025-11-18 14:15:00,2025-11-18 14:21:00,MSS,short,4013.4,4016.5,4016.5,4008.2,False,,4008.2,TP,5.2,47.83,6
2025-11-18 15:10:00,2025-11-18 15:29:00,2025-11-18 15:32:00,EXTEND,short,4001.6,4005.6,4005.6,3997.3,False,,4005.6,SL,-4.0,-44.0,3
2025-11-18 15:40:00,2025-11-18 15:46:00,2025-11-18 16:05:00,MSS,long,4014.2,4009.5,4009.5,4019.8,False,,4019.8,TP,5.6,51.52,19
2025-11-18 18:45:00,2025-11-18 19:00:00,2025-11-18 19:47:00,BOS,long,4046.3,4041.1,4041.1,4053.8,False,,4041.1,SL,-5.2,-56.0,47
2025-11-18 19:55:00,2025-11-18 20:12:00,2025-11-18 20:25:00,EXTEND,short,4039.5,4044.5,4044.5,4032.7,False,,4032.7,TP,6.8,64.45,13
2025-11-18 20:25:00,2025-11-18 20:44:00,2025-11-18 21:02:00,EXTEND,short,4033.2,4039.7,4039.7,4027.7,False,,4039.7,SL,-6.5,-69.0,18
2025-11-18 22:05:00,2025-11-18 22:13:00,2025-11-18 22:16:00,EXTEND,long,4074.7,4068.6,4068.6,4078.5,False,,4078.5,TP,3.8,34.35,3
2025-11-18 22:15:00,2025-11-18 22:32:00,2025-11-18 22:46:00,BOS,long,4077.9,4069.2,4069.2,4084.0,False,,4069.2,SL,-8.7,-91.0,14
2025-11-19 00:00:00,2025-11-19 00:35:00,2025-11-19 00:55:00,MSS,short,4059.1,4067.4,4067.4,4031.1,False,,4067.4,SL,-8.3,-87.0,20
2025-11-19 01:00:00,2025-11-19 01:26:00,2025-11-19 01:28:00,EXTEND,long,4065.5,4061.1,4061.1,4074.7,False,,4061.1,SL,-4.4,-48.0,2
2025-11-19 02:00:00,2025-11-19 02:08:00,2025-11-19 02:09:00,MSS,short,4069.3,4073.8,4073.8,4068.5,False,,4068.5,TP,0.8,4.15,1
2025-11-19 02:20:00,2025-11-19 02:25:00,2025-11-19 02:35:00,EXTEND,short,4064.0,4068.8,4068.8,4063.3,False,,4068.8,SL,-4.8,-52.0,10
2025-11-19 03:20:00,2025-11-19 03:37:00,2025-11-19 04:14:00,EXTEND,long,4081.1,4074.1,4074.1,4084.9,False,,4074.1,SL,-7.0,-74.0,37
2025-11-19 07:15:00,2025-11-19 07:42:00,2025-11-19 07:57:00,EXTEND,long,4070.0,4067.5,4067.5,4075.3,False,,4075.3,TP,5.3,49.06,15
2025-11-19 07:55:00,2025-11-19 08:21:00,2025-11-19 08:50:00,BOS,long,4074.4,4070.3,4070.3,4080.5,False,,4070.3,SL,-4.1,-45.0,29
2025-11-19 10:25:00,2025-11-19 10:30:00,2025-11-19 10:32:00,MSS,long,4066.1,4061.5,4061.5,4068.2,False,,4068.2,TP,2.1,16.98,2
2025-11-19 12:30:00,2025-11-19 12:50:00,2025-11-19 13:11:00,EXTEND,long,4075.3,4073.4,4073.4,4079.6,False,,4079.6,TP,4.3,38.57,21
2025-11-19 15:05:00,2025-11-19 15:53:00,2025-11-19 16:10:00,MSS,short,4093.5,4096.4,4096.4,4081.8,False,,4081.8,TP,11.7,112.51,17
2025-11-19 19:15:00,2025-11-19 19:46:00,2025-11-19 21:01:00,BOS,long,4114.7,4110.6,4110.6,4121.7,False,,4110.6,SL,-4.1,-45.0,75
2025-11-19 21:15:00,2025-11-19 21:34:00,2025-11-19 21:45:00,EXTEND,short,4107.9,4116.0,4116.0,4095.7,False,,4116.0,SL,-8.1,-85.0,11
2025-11-19 22:20:00,2025-11-19 22:25:00,2025-11-19 22:30:00,MSS,short,4109.2,4111.8,4111.8,4106.7,False,,4106.7,TP,2.5,21.08,5
2025-11-19 22:55:00,2025-11-19 23:00:00,2025-11-19 23:06:00,MSS,long,4130.3,4123.1,4123.1,4136.2,False,,4123.1,SL,-7.2,-76.0,6
2025-11-19 23:25:00,2025-11-19 23:30:00,2025-11-19 23:39:00,MSS,short,4119.9,4134.3,4134.3,4112.1,False,,4112.1,TP,7.8,74.25,9
2025-11-20 00:15:00,2025-11-20 00:26:00,2025-11-20 00:27:00,BOS,short,4074.2,4092.4,4092.4,4078.5,False,,4074.4,TP,-0.2,-6.0,1
2025-11-20 02:15:00,2025-11-20 02:48:00,2025-11-20 02:52:00,EXTEND,long,4082.2,4077.9,4077.9,4090.5,False,,4090.5,TP,8.3,79.43,4
2025-11-20 03:25:00,2025-11-20 03:46:00,2025-11-20 03:47:00,MSS,short,4070.9,4073.6,4073.6,4062.8,False,,4073.6,SL,-2.7,-31.0,1
2025-11-20 08:40:00,2025-11-20 08:50:00,2025-11-20 09:00:00,EXTEND,short,4100.9,4104.0,4104.0,4097.6,False,,4104.0,SL,-3.1,-35.0,10
2025-11-20 11:40:00,2025-11-20 12:02:00,2025-11-20 12:09:00,EXTEND,short,4067.2,4072.6,4072.6,4057.4,False,,4072.6,SL,-5.4,-58.0,7
2025-11-20 12:50:00,2025-11-20 12:55:00,2025-11-20 12:57:00,MSS,long,4078.8,4075.8,4075.8,4080.1,False,,4075.8,SL,-3.0,-34.0,2
2025-11-20 14:25:00,2025-11-20 14:34:00,2025-11-20 14:37:00,MSS,short,4060.7,4065.8,4065.8,4052.4,False,,4065.8,SL,-5.1,-55.0,3
2025-11-20 15:20:00,2025-11-20 15:25:00,2025-11-20 15:45:00,MSS,short,4059.6,4075.3,4075.3,4054.3,False,,4054.3,TP,5.3,48.55,20
2025-11-20 15:45:00,2025-11-20 16:02:00,2025-11-20 16:04:00,EXTEND,short,4055.3,4062.2,4062.2,4048.8,False,,4048.8,TP,6.5,61.07,2
2025-11-20 16:55:00,2025-11-20 17:02:00,2025-11-20 17:19:00,MSS,long,4069.8,4062.1,4062.1,4073.9,False,,4062.1,SL,-7.7,-81.0,17
2025-11-20 19:05:00,2025-11-20 19:15:00,2025-11-20 19:37:00,EXTEND,short,4052.4,4057.9,4057.9,4048.7,False,,4057.9,SL,-5.5,-59.0,22
2025-11-20 19:40:00,2025-11-20 20:01:00,2025-11-20 20:11:00,EXTEND,long,4060.7,4059.0,4059.0,4071.5,False,,4071.5,TP,10.8,104.44,10
2025-11-20 21:35:00,2025-11-20 21:40:00,2025-11-20 21:56:00,MSS,long,4090.4,4072.4,4072.4,4104.6,False,,4072.4,SL,-18.0,-184.0,16
2025-11-20 22:50:00,2025-11-20 23:15:00,2025-11-20 23:20:00,EXTEND,long,4094.2,4087.3,4087.3,4116.0,False,,4087.3,SL,-6.9,-73.0,5
2025-11-21 00:00:00,2025-11-21 00:12:00,2025-11-21 00:26:00,EXTEND,short,4075.5,4081.6,4081.6,4061.7,False,,4061.7,TP,13.8,133.97,14
2025-11-21 00:40:00,2025-11-21 00:53:00,2025-11-21 00:55:00,BOS,short,4059.2,4065.7,4065.7,4052.9,False,,4052.9,TP,6.3,59.24,2
2025-11-21 01:05:00,2025-11-21 01:32:00,2025-11-21 01:48:00,EXTEND,short,4054.3,4059.3,4059.3,4036.4,False,,4059.3,SL,-5.0,-54.0,16
2025-11-21 02:05:00,2025-11-21 02:34:00,2025-11-21 02:45:00,EXTEND,long,4063.1,4056.6,4056.6,4078.0,False,,4056.6,SL,-6.5,-69.0,11
2025-11-21 07:15:00,2025-11-21 07:40:00,2025-11-21 07:50:00,EXTEND,long,4084.5,4080.3,4080.3,4089.7,False,,4080.3,SL,-4.2,-46.0,10
2025-11-21 08:25:00,2025-11-21 08:52:00,2025-11-21 09:00:00,EXTEND,short,4073.8,4078.7,4078.7,4067.6,False,,4067.6,TP,6.2,57.89,8
2025-11-21 09:45:00,2025-11-21 09:50:00,2025-11-21 09:53:00,MSS,long,4067.3,4060.2,4060.2,4070.9,False,,4070.9,TP,3.6,31.68,3
2025-11-21 10:15:00,2025-11-21 10:20:00,2025-11-21 10:30:00,MSS,short,4067.1,4074.4,4074.4,4062.7,False,,4074.4,SL,-7.3,-77.0,10
2025-11-21 10:50:00,2025-11-21 10:55:00,2025-11-21 11:00:00,MSS,short,4059.5,4067.8,4067.8,4053.3,False,,4053.3,TP,6.2,57.81,5
2025-11-21 11:20:00,2025-11-21 11:56:00,2025-11-21 12:07:00,EXTEND,short,4054.2,4057.9,4057.9,4046.0,False,,4057.9,SL,-3.7,-41.0,11
2025-11-21 12:10:00,2025-11-21 12:25:00,2025-11-21 12:32:00,EXTEND,long,4056.6,4052.7,4052.7,4063.2,False,,4052.7,SL,-3.9,-43.0,7
2025-11-21 12:40:00,2025-11-21 13:28:00,2025-11-21 13:32:00,EXTEND,short,4051.5,4054.7,4054.7,4041.9,False,,4054.7,SL,-3.2,-36.0,4
2025-11-21 13:55:00,2025-11-21 14:00:00,2025-11-21 14:28:00,MSS,long,4058.8,4037.3,4037.3,4062.7,False,,4037.3,SL,-21.5,-219.0,28
2025-11-21 15:00:00,2025-11-21 15:38:00,2025-11-21 16:09:00,EXTEND,short,4032.0,4036.6,4036.6,4016.4,False,,4036.6,SL,-4.6,-50.0,31
2025-11-21 17:00:00,2025-11-21 17:05:00,2025-11-21 17:09:00,MSS,long,4044.9,4035.9,4035.9,4047.6,False,,4047.6,TP,2.7,22.92,4
2025-11-21 20:20:00,2025-11-21 20:30:00,2025-11-21 20:31:00,MSS,long,4053.5,4043.7,4043.7,4053.5,False,,4053.7,TP,0.2,-2.0,1
2025-11-21 22:00:00,2025-11-21 22:14:00,2025-11-21 22:19:00,EXTEND,long,4075.4,4070.5,4070.5,4088.1,False,,4070.5,SL,-4.9,-53.0,5
2025-11-21 23:00:00,2025-11-21 23:12:00,2025-11-21 23:34:00,EXTEND,long,4074.5,4065.3,4065.3,4080.4,False,,4065.3,SL,-9.2,-96.0,22
2025-11-22 00:30:00,2025-11-22 00:39:00,2025-11-22 00:42:00,MSS,long,4075.5,4069.4,4069.4,4078.6,False,,4078.6,TP,3.1,26.91,3
2025-11-22 02:30:00,2025-11-22 02:41:00,2025-11-22 02:47:00,EXTEND,short,4077.5,4081.2,4081.2,4073.2,False,,4081.2,SL,-3.7,-41.0,6
2025-11-24 09:05:00,2025-11-24 09:10:00,2025-11-24 09:51:00,MSS,short,4054.7,4060.7,4060.7,4047.3,False,,4047.3,TP,7.4,69.68,41
2025-11-24 10:45:00,2025-11-24 10:50:00,2025-11-24 10:53:00,MSS,short,4041.1,4042.5,4042.5,4038.3,False,,4038.3,TP,2.8,24.41,3
2025-11-24 10:55:00,2025-11-24 11:14:00,2025-11-24 11:30:00,EXTEND,short,4043.5,4047.5,4047.5,4034.2,False,,4047.5,SL,-4.0,-44.0,16
2025-11-24 11:35:00,2025-11-24 12:03:00,2025-11-24 12:24:00,EXTEND,long,4048.7,4046.4,4046.4,4058.8,False,,4046.4,SL,-2.3,-27.0,21
2025-11-24 14:00:00,2025-11-24 14:05:00,2025-11-24 14:25:00,MSS,long,4049.8,4041.7,4041.7,4051.3,False,,4051.3,TP,1.5,10.89,20
2025-11-24 17:10:00,2025-11-24 17:38:00,2025-11-24 17:47:00,EXTEND,long,4068.4,4064.6,4064.6,4075.1,False,,4064.6,SL,-3.8,-42.0,9
2025-11-24 18:20:00,2025-11-24 18:25:00,2025-11-24 18:52:00,MSS,short,4065.2,4069.2,4069.2,4062.6,False,,4062.6,TP,2.6,22.22,27
2025-11-24 19:00:00,2025-11-24 19:49:00,2025-11-24 20:03:00,EXTEND,short,4065.9,4068.6,4068.6,4056.5,False,,4068.6,SL,-2.7,-31.0,14
2025-11-24 20:05:00,2025-11-24 20:28:00,2025-11-24 20:35:00,EXTEND,long,4067.3,4065.0,4065.0,4072.5,False,,4072.5,TP,5.2,48.39,7
2025-11-24 21:50:00,2025-11-24 22:23:00,2025-11-24 22:31:00,EXTEND,short,4071.3,4075.5,4075.5,4067.0,False,,4075.5,SL,-4.2,-46.0,8
2025-11-24 22:55:00,2025-11-24 23:05:00,2025-11-24 23:12:00,EXTEND,long,4087.2,4080.9,4080.9,4089.8,False,,4089.8,TP,2.6,21.76,7
2025-11-25 01:15:00,2025-11-25 01:57:00,2025-11-25 02:37:00,EXTEND,short,4093.0,4099.7,4099.7,4084.3,False,,4099.7,SL,-6.7,-71.0,40
2025-11-25 03:10:00,2025-11-25 03:15:00,2025-11-25 03:39:00,MSS,short,4115.7,4120.1,4120.1,4113.0,False,,4113.0,TP,2.7,23.14,24
2025-11-25 03:35:00,2025-11-25 03:53:00,2025-11-25 03:55:00,EXTEND,short,4117.7,4119.6,4119.6,4110.1,False,,4119.6,SL,-1.9,-23.0,2
2025-11-25 07:40:00,2025-11-25 07:45:00,2025-11-25 07:46:00,MSS,long,4136.1,4128.4,4128.4,4136.5,False,,4136.5,TP,0.4,-0.48,1
2025-11-25 08:30:00,2025-11-25 08:35:00,2025-11-25 08:41:00,MSS,short,4129.9,4134.0,4134.0,4128.7,False,,4134.0,SL,-4.1,-45.0,6
2025-11-25 09:00:00,2025-11-25 09:13:00,2025-11-25 09:30:00,EXTEND,short,4124.1,4126.7,4126.7,4117.8,False,,4126.7,SL,-2.6,-30.0,17
2025-11-25 10:05:00,2025-11-25 10:18:00,2025-11-25 10:19:00,EXTEND,long,4139.8,4133.1,4133.1,4142.1,False,,4142.1,TP,2.3,19.19,1
2025-11-25 10:45:00,2025-11-25 11:26:00,2025-11-25 14:35:00,EXTEND,long,4141.7,4136.2,4136.2,4157.3,False,,4136.2,SL,-5.5,-59.0,189
2025-11-25 15:25:00,2025-11-25 15:30:00,2025-11-25 15:37:00,MSS,short,4133.2,4138.5,4138.5,4128.1,False,,4128.1,TP,5.1,47.0,7
2025-11-25 16:30:00,2025-11-25 16:35:00,2025-11-25 16:36:00,MSS,short,4122.0,4132.6,4132.6,4122.0,False,,4122.0,TP,0.0,-4.0,1
2025-11-25 16:50:00,2025-11-25 17:27:00,2025-11-25 17:41:00,BOS,short,4121.5,4126.7,4126.7,4100.6,False,,4126.7,SL,-5.2,-56.0,14
2025-11-25 18:15:00,2025-11-25 18:40:00,2025-11-25 18:54:00,EXTEND,long,4129.0,4126.4,4126.4,4139.7,False,,4126.4,SL,-2.6,-30.0,14
2025-11-25 20:25:00,2025-11-25 20:30:00,2025-11-25 20:32:00,MSS,short,4129.7,4131.3,4131.3,4127.4,False,,4131.3,SL,-1.6,-20.0,2
2025-11-25 21:05:00,2025-11-25 21:10:00,2025-11-25 21:20:00,MSS,long,4134.3,4131.6,4131.6,4141.4,False,,4141.4,TP,7.1,67.37,10
2025-11-25 23:50:00,2025-11-25 23:55:00,2025-11-26 00:16:00,MSS,short,4118.6,4129.3,4129.3,4115.3,False,,4129.3,SL,-10.7,-111.0,21
2025-11-26 01:00:00,2025-11-26 01:10:00,2025-11-26 01:33:00,MSS,long,4148.6,4141.6,4141.6,4152.7,False,,4152.7,TP,4.1,37.25,23
2025-11-26 01:50:00,2025-11-26 02:10:00,2025-11-26 02:38:00,MSS,short,4142.1,4147.2,4147.2,4136.0,False,,4136.0,TP,6.1,56.93,28
2025-11-26 02:55:00,2025-11-26 03:24:00,2025-11-26 04:00:00,EXTEND,short,4126.7,4133.7,4133.7,4124.1,False,,4133.7,SL,-7.0,-74.0,36
2025-11-26 07:15:00,2025-11-26 07:36:00,2025-11-26 08:11:00,EXTEND,long,4131.4,4127.7,4127.7,4136.0,False,,4136.0,TP,4.6,42.06,29
2025-11-26 08:55:00,2025-11-26 09:08:00,2025-11-26 09:13:00,MSS,long,4142.1,4137.7,4137.7,4143.9,False,,4137.7,SL,-4.4,-48.0,5
2025-11-26 10:05:00,2025-11-26 10:16:00,2025-11-26 10:18:00,BOS,long,4150.0,4147.5,4147.5,4152.7,False,,4152.7,TP,2.7,22.74,2
2025-11-26 11:35:00,2025-11-26 11:40:00,2025-11-26 11:46:00,MSS,long,4163.4,4160.9,4160.9,4165.5,False,,4165.5,TP,2.1,16.72,6
2025-11-26 12:00:00,2025-11-26 12:07:00,2025-11-26 12:15:00,MSS,short,4158.5,4161.2,4161.2,4158.8,False,,4158.8,TP,-0.3,-7.28,5
2025-11-26 14:35:00,2025-11-26 15:11:00,2025-11-26 15:38:00,EXTEND,short,4147.8,4152.2,4152.2,4140.7,False,,4153.7,SL,-5.9,-63.0,21
2025-11-26 16:25:00,2025-11-26 16:51:00,2025-11-26 19:32:00,EXTEND,long,4154.3,4152.6,4152.6,4168.1,False,,4168.1,TP,13.8,134.16,102
2025-11-26 20:25:00,2025-11-26 20:40:00,2025-11-26 20:41:00,MSS,short,4156.0,4160.3,4160.3,4154.0,False,,4154.0,TP,2.0,15.99,1
2025-11-26 21:40:00,2025-11-26 21:47:00,2025-11-26 21:55:00,MSS,short,4149.4,4152.9,4152.9,4146.4,False,,4146.4,TP,3.0,25.91,8
2025-11-26 22:35:00,2025-11-26 22:49:00,2025-11-26 22:52:00,EXTEND,long,4148.7,4145.3,4145.3,4154.9,False,,4145.3,SL,-3.4,-38.0,3
2025-11-26 23:55:00,2025-11-27 00:04:00,2025-11-27 00:06:00,BOS,long,4161.1,4158.9,4158.9,4165.3,False,,4158.9,SL,-2.2,-26.0,2
2025-11-27 01:20:00,2025-11-27 02:05:00,2025-11-27 02:12:00,BOS,long,4167.4,4163.8,4163.8,4168.7,False,,4168.7,TP,1.3,8.5,7
2025-12-30 09:15:00,2025-12-30 09:35:00,2025-12-30 09:44:00,MSS,long,4352.3,4346.3,4346.3,4363.6,False,,4363.6,TP,11.3,109.38,9
2025-12-30 11:50:00,2025-12-30 11:55:00,2025-12-30 12:25:00,MSS,short,4374.5,4379.3,4379.3,4369.9,False,,4379.3,SL,-4.8,-52.0,30
2025-12-30 13:20:00,2025-12-30 13:25:00,2025-12-30 13:33:00,MSS,long,4389.5,4376.8,4376.8,4392.4,False,,4392.4,TP,2.9,24.5,8
2025-12-30 14:40:00,2025-12-30 15:06:00,2025-12-30 15:13:00,EXTEND,short,4376.2,4380.0,4380.0,4372.4,False,,4380.0,SL,-3.8,-42.0,7
2025-12-30 16:00:00,2025-12-30 16:19:00,2025-12-30 16:28:00,MSS,short,4383.3,4388.0,4388.0,4373.4,False,,4373.4,TP,9.9,95.46,9
2025-12-30 17:55:00,2025-12-30 18:13:00,2025-12-30 18:15:00,EXTEND,long,4390.0,4386.1,4386.1,4391.3,False,,4391.4,TP,1.4,10.0,2
2025-12-30 19:10:00,2025-12-30 19:57:00,2025-12-30 20:13:00,EXTEND,long,4400.3,4398.3,4398.3,4409.1,False,,4409.1,TP,8.8,84.32,16
2025-12-30 20:40:00,2025-12-30 20:59:00,2025-12-30 21:12:00,EXTEND,long,4417.0,4413.9,4413.9,4421.9,False,,4413.9,SL,-3.1,-35.0,13
2025-12-30 21:40:00,2025-12-30 22:04:00,2025-12-30 22:28:00,EXTEND,short,4399.1,4406.0,4406.0,4384.9,False,,4406.0,SL,-6.9,-73.0,24
2025-12-30 22:35:00,2025-12-30 22:40:00,2025-12-30 22:41:00,MSS,short,4385.5,4398.6,4398.6,4384.3,False,,4384.3,TP,1.2,7.95,1
2025-12-30 22:45:00,2025-12-30 23:22:00,2025-12-31 00:58:00,EXTEND,short,4386.6,4394.2,4394.2,4360.7,False,,4394.2,SL,-7.6,-80.0,96
2025-12-31 01:00:00,2025-12-31 01:25:00,2025-12-31 01:41:00,EXTEND,long,4390.8,4383.9,4383.9,4403.1,False,,4383.9,SL,-6.9,-73.0,16
2025-12-31 07:35:00,2025-12-31 07:45:00,2025-12-31 08:00:00,EXTEND,short,4349.9,4352.4,4352.4,4333.5,False,,4352.4,SL,-2.5,-29.0,15
2025-12-31 08:25:00,2025-12-31 09:00:00,2025-12-31 09:02:00,BOS,short,4351.5,4356.3,4356.3,4341.9,False,,4356.3,SL,-4.8,-52.0,2
2025-12-31 10:30:00,2025-12-31 10:48:00,2025-12-31 10:49:00,EXTEND,short,4369.6,4382.9,4382.9,4365.6,False,,4365.6,TP,4.0,35.8,1
2025-12-31 11:20:00,2025-12-31 11:48:00,2025-12-31 12:56:00,BOS,short,4360.4,4364.4,4364.4,4347.3,False,,4347.3,TP,13.1,126.84,68
2025-12-31 13:05:00,2025-12-31 13:33:00,2025-12-31 13:40:00,EXTEND,short,4347.2,4354.4,4354.4,4335.8,False,,4335.8,TP,11.4,109.92,7
2025-12-31 15:45:00,2025-12-31 15:54:00,2025-12-31 15:59:00,MSS,short,4338.7,4343.4,4343.4,4337.4,False,,4343.4,SL,-4.7,-51.0,5
2025-12-31 16:55:00,2025-12-31 17:17:00,2025-12-31 17:21:00,EXTEND,short,4325.0,4330.1,4330.1,4309.1,False,,4330.1,SL,-5.1,-55.0,4
2025-12-31 18:25:00,2025-12-31 18:30:00,2025-12-31 18:31:00,MSS,short,4321.7,4334.8,4334.8,4328.8,False,,4321.8,TP,-0.1,-5.0,1
2025-12-31 19:50:00,2025-12-31 20:11:00,2025-12-31 20:17:00,EXTEND,long,4323.5,4320.0,4320.0,4332.0,False,,4320.0,SL,-3.5,-39.0,6
2025-12-31 20:35:00,2025-12-31 20:40:00,2025-12-31 21:21:00,MSS,long,4325.3,4320.1,4320.1,4331.2,False,,4331.2,TP,5.9,55.37,41
2025-12-31 22:45:00,2025-12-31 22:55:00,2025-12-31 23:00:00,EXTEND,long,4365.4,4358.8,4358.8,4369.5,False,,4358.8,SL,-6.6,-70.0,5
2025-12-31 23:30:00,2025-12-31 23:51:00,2026-01-01 00:04:00,EXTEND,long,4347.2,4342.2,4342.2,4360.1,False,,4342.2,SL,-5.0,-54.0,13
2026-01-01 00:45:00,2026-01-01 01:20:00,2026-01-01 01:32:00,EXTEND,short,4334.1,4338.6,4338.6,4327.2,False,,4338.6,SL,-4.5,-49.0,12
2026-01-01 01:55:00,2026-01-01 02:12:00,2026-01-01 02:13:00,MSS,short,4336.9,4338.6,4338.6,4331.8,False,,4338.6,SL,-1.7,-21.0,1
2026-01-01 02:15:00,2026-01-01 02:28:00,2026-01-01 02:31:00,MSS,long,4342.6,4337.5,4337.5,4349.2,False,,4337.5,SL,-5.1,-55.0,3
2026-01-01 02:30:00,2026-01-01 02:46:00,2026-01-01 03:31:00,MSS,short,4331.0,4339.8,4339.8,4328.9,False,,4328.9,TP,2.1,16.7,45
2026-01-02 08:20:00,2026-01-02 08:25:00,2026-01-02 08:29:00,MSS,short,4355.2,4360.6,4360.6,4352.6,False,,4360.6,SL,-5.4,-58.0,4
2026-01-02 08:45:00,2026-01-02 08:56:00,2026-01-02 08:57:00,MSS,long,4368.1,4364.3,4364.3,4368.8,False,,4368.8,TP,0.7,3.44,1
2026-01-02 09:15:00,2026-01-02 09:25:00,2026-01-02 09:29:00,EXTEND,short,4358.6,4362.5,4362.5,4354.8,False,,4362.5,SL,-3.9,-43.0,4
2026-01-02 09:50:00,2026-01-02 10:03:00,2026-01-02 10:05:00,EXTEND,long,4364.8,4361.9,4361.9,4370.1,False,,4361.9,SL,-2.9,-33.0,2
2026-01-02 12:00:00,2026-01-02 12:26:00,2026-01-02 13:11:00,BOS,long,4387.9,4383.2,4383.2,4392.7,False,,4392.7,TP,4.8,44.36,45
2026-01-02 14:00:00,2026-01-02 14:05:00,2026-01-02 14:06:00,MSS,short,4389.1,4394.1,4394.1,4388.6,False,,4388.6,TP,0.5,1.23,1
2026-01-02 15:05:00,2026-01-02 15:10:00,2026-01-02 15:11:00,MSS,short,4385.1,4388.0,4388.0,4384.0,False,,4388.0,SL,-2.9,-33.0,1
2026-01-02 15:10:00,2026-01-02 15:32:00,2026-01-02 15:34:00,MSS,long,4389.1,4384.6,4384.6,4391.7,False,,4391.7,TP,2.6,22.31,2
2026-01-02 15:35:00,2026-01-02 15:53:00,2026-01-02 15:58:00,EXTEND,long,4393.4,4388.5,4388.5,4395.1,False,,4395.1,TP,1.7,13.49,5
2026-01-02 16:10:00,2026-01-02 16:30:00,2026-01-02 16:32:00,EXTEND,long,4398.3,4396.6,4396.6,4400.2,False,,4396.6,SL,-1.7,-21.0,2
2026-01-02 16:45:00,2026-01-02 17:09:00,2026-01-02 17:13:00,EXTEND,long,4403.2,4399.8,4399.8,4413.7,False,,4399.8,SL,-3.4,-38.0,4
2026-01-02 17:20:00,2026-01-02 17:38:00,2026-01-02 17:42:00,MSS,short,4399.8,4401.3,4401.3,4392.7,False,,4401.3,SL,-1.5,-19.0,4
2026-01-02 18:00:00,2026-01-02 18:27:00,2026-01-02 18:36:00,EXTEND,short,4398.2,4402.1,4402.1,4395.2,False,,4402.1,SL,-3.9,-43.0,9
2026-01-02 20:05:00,2026-01-02 20:10:00,2026-01-02 20:40:00,MSS,long,4409.6,4403.3,4403.3,4410.6,False,,4403.3,SL,-6.3,-67.0,30
2026-01-02 21:10:00,2026-01-02 21:15:00,2026-01-02 21:20:00,MSS,long,4413.1,4408.9,4408.9,4417.7,False,,4408.9,SL,-4.2,-46.0,5
2026-01-03 01:55:00,2026-01-03 02:00:00,2026-01-03 02:01:00,MSS,short,4332.2,4335.9,4335.9,4331.0,False,,4331.0,TP,1.2,8.47,1
2026-01-03 02:15:00,2026-01-03 02:30:00,2026-01-03 03:17:00,EXTEND,short,4326.1,4332.9,4332.9,4316.1,False,,4332.9,SL,-6.8,-72.0,47
2026-01-05 09:05:00,2026-01-05 09:25:00,2026-01-05 09:29:00,EXTEND,long,4413.6,4405.4,4405.4,4440.7,False,,4405.4,SL,-8.2,-86.0,4
2026-01-05 10:05:00,2026-01-05 10:44:00,2026-01-05 10:48:00,MSS,short,4408.8,4414.1,4414.1,4392.4,False,,4414.1,SL,-5.3,-57.0,4
2026-01-05 11:05:00,2026-01-05 11:36:00,2026-01-05 11:58:00,EXTEND,long,4415.0,4412.2,4412.2,4427.8,False,,4412.2,SL,-2.8,-32.0,22
2026-01-05 12:20:00,2026-01-05 12:31:00,2026-01-05 12:39:00,MSS,long,4414.8,4413.3,4413.3,4417.8,False,,4413.3,SL,-1.5,-19.0,8
2026-01-05 13:30:00,2026-01-05 13:38:00,2026-01-05 13:42:00,EXTEND,long,4420.5,4417.3,4417.3,4425.7,False,,4417.3,SL,-3.2,-36.0,4
2026-01-05 14:15:00,2026-01-05 14:22:00,2026-01-05 14:25:00,EXTEND,long,4429.3,4424.1,4424.1,4434.1,False,,4434.1,TP,4.8,44.03,3
2026-01-05 15:40:00,2026-01-05 16:00:00,2026-01-05 16:01:00,BOS,long,4433.0,4431.1,4431.1,4436.6,False,,4431.1,SL,-1.9,-23.0,1
2026-01-05 16:50:00,2026-01-05 17:19:00,2026-01-05 17:43:00,EXTEND,long,4442.4,4436.7,4436.7,4447.0,False,,4447.0,TP,4.6,41.62,24
2026-01-05 17:40:00,2026-01-05 18:23:00,2026-01-05 18:54:00,BOS,long,4444.3,4442.1,4442.1,4451.4,False,,4451.4,TP,7.1,66.52,31
2026-01-05 19:00:00,2026-01-05 19:05:00,2026-01-05 19:16:00,MSS,short,4442.5,4448.8,4448.8,4440.8,False,,4440.8,TP,1.7,12.95,11
2026-01-05 19:25:00,2026-01-05 19:54:00,2026-01-05 21:22:00,EXTEND,short,4432.5,4437.6,4437.6,4415.7,False,,4415.7,TP,16.8,164.18,88
2026-01-05 21:55:00,2026-01-05 22:00:00,2026-01-05 22:05:00,MSS,long,4430.8,4423.0,4423.0,4435.4,False,,4435.4,TP,4.6,42.02,5
2026-01-06 01:00:00,2026-01-06 01:05:00,2026-01-06 07:04:00,MSS,short,4448.5,4465.9,4465.9,4438.3,False,,4465.9,SL,-17.4,-178.0,299
2026-01-06 07:30:00,2026-01-06 07:35:00,2026-01-06 08:40:00,MSS,short,4453.7,4461.0,4461.0,4442.5,False,,4442.5,TP,11.2,108.29,65
2026-01-06 08:40:00,2026-01-06 09:02:00,2026-01-06 09:03:00,EXTEND,short,4441.6,4451.2,4451.2,4437.6,False,,4437.6,TP,4.0,35.67,1
2026-01-06 09:10:00,2026-01-06 09:15:00,2026-01-06 09:22:00,MSS,long,4454.0,4448.8,4448.8,4457.1,False,,4448.8,SL,-5.2,-56.0,7
2026-01-06 11:55:00,2026-01-06 12:12:00,2026-01-06 12:15:00,BOS,long,4478.6,4475.4,4475.4,4480.0,False,,4475.4,SL,-3.2,-36.0,3
2026-01-06 12:50:00,2026-01-06 12:55:00,2026-01-06 13:04:00,MSS,long,4478.3,4476.2,4476.2,4479.8,False,,4479.8,TP,1.5,10.55,9
2026-01-06 13:35:00,2026-01-06 13:40:00,2026-01-06 13:47:00,MSS,short,4473.9,4482.5,4482.5,4470.7,False,,4470.7,TP,3.2,27.78,7
2026-01-06 15:05:00,2026-01-06 15:27:00,2026-01-06 15:52:00,BOS,long,4474.2,4471.4,4471.4,4483.1,False,,4471.4,SL,-2.8,-32.0,25
2026-01-06 15:55:00,2026-01-06 16:11:00,2026-01-06 16:16:00,EXTEND,short,4470.9,4473.6,4473.6,4464.0,False,,4473.6,SL,-2.7,-31.0,5
2026-01-06 16:25:00,2026-01-06 16:57:00,2026-01-06 17:01:00,EXTEND,long,4478.3,4476.8,4476.8,4490.5,False,,4476.8,SL,-1.5,-19.0,4
2026-01-06 18:35:00,2026-01-06 18:48:00,2026-01-06 19:16:00,MSS,long,4461.7,4459.2,4459.2,4468.1,False,,4459.2,SL,-2.5,-29.0,28
2026-01-06 20:35:00,2026-01-06 20:41:00,2026-01-06 20:48:00,MSS,short,4469.5,4473.2,4473.2,4468.5,False,,4473.2,SL,-3.7,-41.0,7
2026-01-06 21:00:00,2026-01-06 21:10:00,2026-01-06 21:11:00,EXTEND,long,4476.3,4471.3,4471.3,4478.3,False,,4478.3,TP,2.0,15.55,1
2026-01-06 21:15:00,2026-01-06 21:40:00,2026-01-06 21:48:00,BOS,long,4471.8,4468.4,4468.4,4484.5,False,,4468.4,SL,-3.4,-38.0,8
2026-01-06 23:15:00,2026-01-06 23:20:00,2026-01-06 23:33:00,MSS,short,4486.3,4494.0,4494.0,4480.1,False,,4480.1,TP,6.2,58.17,13
2026-01-06 23:35:00,2026-01-06 23:55:00,2026-01-06 23:57:00,EXTEND,short,4484.0,4488.3,4488.3,4467.7,False,,4488.3,SL,-4.3,-47.0,2
2026-01-07 01:50:00,2026-01-07 01:55:00,2026-01-07 02:16:00,MSS,long,4500.5,4493.8,4493.8,4503.2,False,,4503.2,TP,2.7,23.11,21
2026-01-07 02:15:00,2026-01-07 02:40:00,2026-01-07 03:06:00,EXTEND,long,4497.3,4494.8,4494.8,4508.0,False,,4494.8,SL,-2.5,-29.0,26
2026-01-07 07:20:00,2026-01-07 07:26:00,2026-01-07 07:28:00,BOS,long,4511.8,4509.6,4509.6,4513.3,False,,4509.6,SL,-2.2,-26.0,2
2026-01-07 07:45:00,2026-01-07 07:50:00,2026-01-07 08:01:00,MSS,short,4504.5,4507.8,4507.8,4501.7,False,,4501.7,TP,2.8,24.41,11
2026-01-07 08:35:00,2026-01-07 08:52:00,2026-01-07 08:53:00,BOS,short,4496.0,4502.7,4502.7,4496.7,False,,4496.2,TP,-0.2,-6.0,1
2026-01-07 08:50:00,2026-01-07 09:03:00,2026-01-07 09:05:00,EXTEND,short,4493.2,4507.1,4507.1,4490.1,False,,4490.1,TP,3.1,26.86,2
2026-01-07 12:00:00,2026-01-07 12:05:00,2026-01-07 12:06:00,MSS,short,4482.7,4485.8,4485.8,4481.3,False,,4481.3,TP,1.4,9.63,1
2026-01-07 13:05:00,2026-01-07 13:15:00,2026-01-07 13:16:00,MSS,long,4477.8,4475.4,4475.4,4478.6,False,,4478.6,TP,0.8,4.07,1
2026-01-07 13:30:00,2026-01-07 13:35:00,2026-01-07 13:45:00,MSS,short,4465.2,4480.5,4480.5,4458.0,False,,4458.0,TP,7.2,67.79,10
2026-01-07 16:10:00,2026-01-07 16:17:00,2026-01-07 16:21:00,EXTEND,long,4476.7,4474.2,4474.2,4477.7,False,,4477.7,TP,1.0,5.93,4
2026-01-07 16:20:00,2026-01-07 16:31:00,2026-01-07 16:37:00,EXTEND,long,4476.3,4473.8,4473.8,4480.6,False,,4480.6,TP,4.3,39.14,6
2026-01-07 17:00:00,2026-01-07 17:05:00,2026-01-07 17:07:00,MSS,short,4473.8,4475.9,4475.9,4471.9,False,,4471.9,TP,1.9,15.36,2
2026-01-07 17:05:00,2026-01-07 17:21:00,2026-01-07 18:46:00,EXTEND,short,4472.9,4477.6,4477.6,4466.3,False,,4477.6,SL,-4.7,-51.0,85
2026-01-07 20:25:00,2026-01-07 20:30:00,2026-01-07 20:32:00,MSS,long,4461.5,4452.9,4452.9,4462.9,False,,4462.9,TP,1.4,9.51,2
2026-01-07 21:05:00,2026-01-07 21:10:00,2026-01-07 21:43:00,MSS,short,4442.7,4459.4,4459.4,4432.0,False,,4459.4,SL,-16.7,-171.0,33
2026-01-07 22:30:00,2026-01-07 22:36:00,2026-01-07 22:37:00,EXTEND,short,4452.4,4462.4,4462.4,4446.7,False,,4446.7,TP,5.7,53.37,1
2026-01-07 22:35:00,2026-01-07 22:58:00,2026-01-07 23:12:00,EXTEND,short,4455.2,4462.8,4462.8,4440.7,False,,4440.7,TP,14.5,141.06,14
2026-01-07 23:30:00,2026-01-07 23:35:00,2026-01-07 23:38:00,MSS,long,4457.8,4457.0,4457.0,4467.5,False,,4457.0,SL,-0.8,-12.0,3
2026-01-08 01:50:00,2026-01-08 01:55:00,2026-01-08 02:03:00,MSS,short,4461.1,4465.7,4465.7,4458.6,False,,4458.6,TP,2.5,20.62,8
2026-01-08 02:30:00,2026-01-08 02:37:00,2026-01-08 02:46:00,MSS,long,4467.4,4464.1,4464.1,4469.4,False,,4464.1,SL,-3.3,-37.0,9
2026-01-08 08:20:00,2026-01-08 08:25:00,2026-01-08 08:26:00,MSS,short,4464.7,4474.2,4474.2,4464.9,False,,4464.9,TP,-0.2,-5.86,1
2026-01-08 09:05:00,2026-01-08 09:10:00,2026-01-08 09:15:00,MSS,long,4468.4,4463.8,4463.8,4473.2,False,,4463.8,SL,-4.6,-50.0,5
2026-01-08 10:35:00,2026-01-08 10:48:00,2026-01-08 11:11:00,EXTEND,short,4447.6,4452.8,4452.8,4439.0,False,,4452.8,SL,-5.2,-56.0,23
2026-01-08 13:15:00,2026-01-08 13:28:00,2026-01-08 13:30:00,EXTEND,short,4431.8,4437.8,4437.8,4427.6,False,,4427.6,TP,4.2,37.97,2
2026-01-08 13:40:00,2026-01-08 14:05:00,2026-01-08 14:31:00,BOS,short,4425.0,4437.4,4437.4,4419.8,False,,4437.4,SL,-12.4,-128.0,26
2026-01-08 15:10:00,2026-01-08 15:29:00,2026-01-08 15:40:00,EXTEND,long,4445.1,4439.4,4439.4,4450.2,False,,4439.4,SL,-5.7,-61.0,11
2026-01-08 16:00:00,2026-01-08 16:14:00,2026-01-08 16:35:00,BOS,short,4433.4,4441.4,4441.4,4430.8,False,,4430.8,TP,2.6,21.76,21
2026-01-08 16:40:00,2026-01-08 17:13:00,2026-01-08 18:42:00,EXTEND,short,4438.7,4442.8,4442.8,4423.7,False,,4442.8,SL,-4.1,-45.0,89
2026-01-08 20:25:00,2026-01-08 20:30:00,2026-01-08 20:33:00,MSS,long,4428.8,4420.7,4420.7,4434.0,False,,4434.0,TP,5.2,47.96,3
2026-01-08 21:20:00,2026-01-08 21:25:00,2026-01-08 22:47:00,MSS,long,4443.0,4425.7,4425.7,4445.6,False,,4445.6,TP,2.6,21.74,82
2026-01-08 22:50:00,2026-01-08 23:05:00,2026-01-08 23:09:00,EXTEND,long,4448.6,4436.4,4436.4,4452.1,False,,4452.1,TP,3.5,31.15,4
2026-01-08 23:55:00,2026-01-09 00:06:00,2026-01-09 00:32:00,EXTEND,short,4461.2,4467.5,4467.5,4454.5,False,,4467.5,SL,-6.3,-67.0,26
2026-01-09 02:35:00,2026-01-09 02:54:00,2026-01-09 03:15:00,BOS,short,4460.9,4464.4,4464.4,4454.7,False,,4454.7,TP,6.2,58.22,21
2026-01-09 07:00:00,2026-01-09 07:25:00,2026-01-09 07:36:00,EXTEND,long,4486.6,4484.8,4484.8,4496.6,False,,4484.8,SL,-1.8,-22.0,11
2026-01-09 07:45:00,2026-01-09 08:12:00,2026-01-09 08:16:00,MSS,short,4483.7,4485.9,4485.9,4481.0,False,,4481.0,TP,2.7,23.42,4
2026-01-09 08:50:00,2026-01-09 09:04:00,2026-01-09 09:05:00,BOS,short,4469.4,4472.8,4472.8,4466.9,False,,4466.9,TP,2.5,20.76,1
2026-01-09 09:40:00,2026-01-09 09:45:00,2026-01-09 09:52:00,MSS,long,4473.0,4464.7,4464.7,4475.6,False,,4475.6,TP,2.6,22.16,7
2026-01-09 11:05:00,2026-01-09 11:11:00,2026-01-09 11:23:00,EXTEND,short,4471.8,4476.1,4476.1,4470.3,False,,4470.3,TP,1.5,10.54,12
2026-01-09 12:15:00,2026-01-09 12:37:00,2026-01-09 12:42:00,EXTEND,short,4470.8,4473.3,4473.3,4468.0,False,,4473.3,SL,-2.5,-29.0,5
2026-01-09 13:15:00,2026-01-09 13:24:00,2026-01-09 13:28:00,EXTEND,short,4467.5,4472.8,4472.8,4466.6,False,,4472.8,SL,-5.3,-57.0,4
2026-01-09 15:20:00,2026-01-09 15:25:00,2026-01-09 15:53:00,MSS,short,4478.3,4482.1,4482.1,4477.0,False,,4482.1,SL,-3.8,-42.0,28
2026-01-09 15:50:00,2026-01-09 16:05:00,2026-01-09 16:06:00,EXTEND,long,4482.8,4475.1,4475.1,4483.7,False,,4483.7,TP,0.9,4.96,1
2026-01-09 16:30:00,2026-01-09 16:35:00,2026-01-09 16:37:00,MSS,short,4478.5,4481.9,4481.9,4477.6,False,,4477.6,TP,0.9,5.31,2
2026-01-09 17:15:00,2026-01-09 17:20:00,2026-01-09 17:33:00,MSS,long,4484.6,4481.6,4481.6,4488.6,False,,4481.6,SL,-3.0,-34.0,13
2026-01-09 18:05:00,2026-01-09 18:24:00,2026-01-09 18:30:00,EXTEND,short,4479.9,4482.4,4482.4,4476.9,False,,4476.9,TP,3.0,26.23,6
2026-01-09 18:55:00,2026-01-09 19:00:00,2026-01-09 19:01:00,MSS,long,4483.3,4479.2,4479.2,4483.2,False,,4483.3,TP,0.0,-4.0,1
2026-01-09 19:00:00,2026-01-09 19:18:00,2026-01-09 19:25:00,EXTEND,long,4481.0,4480.1,4480.1,4485.7,False,,4480.1,SL,-0.9,-13.0,7
2026-01-09 20:25:00,2026-01-09 20:30:00,2026-01-09 20:33:00,MSS,short,4476.1,4480.8,4480.8,4471.8,False,,4471.8,TP,4.3,38.8,3
2026-01-09 21:05:00,2026-01-09 21:21:00,2026-01-09 21:30:00,EXTEND,long,4478.3,4470.2,4470.2,4485.3,False,,4470.2,SL,-8.1,-85.0,9
2026-01-09 22:10:00,2026-01-09 22:20:00,2026-01-09 22:32:00,BOS,long,4502.6,4493.0,4493.0,4510.5,False,,4493.0,SL,-9.6,-100.0,12
2026-01-09 22:35:00,2026-01-09 22:52:00,2026-01-09 23:21:00,EXTEND,long,4496.9,4488.0,4488.0,4512.8,False,,4512.8,TP,15.9,155.14,29
2026-01-10 02:30:00,2026-01-10 02:35:00,2026-01-10 02:40:00,MSS,long,4511.3,4499.1,4499.1,4514.2,False,,4514.2,TP,2.9,25.21,5
2026-01-10 02:40:00,2026-01-10 03:15:00,2026-01-10 04:59:00,EXTEND,long,4508.3,4502.3,4502.3,4518.5,False,,4518.5,TP,10.2,98.39,104
2026-01-12 07:40:00,2026-01-12 08:04:00,2026-01-12 08:06:00,BOS,long,4554.9,4546.2,4546.2,4557.9,False,,4557.9,TP,3.0,26.32,2
2026-01-12 09:40:00,2026-01-12 09:56:00,2026-01-12 10:03:00,MSS,short,4584.7,4591.1,4591.1,4579.5,False,,4579.5,TP,5.2,48.37,7
2026-01-12 11:30:00,2026-01-12 11:35:00,2026-01-12 11:43:00,MSS,short,4588.7,4593.6,4593.6,4586.4,False,,4586.4,TP,2.3,18.58,8
2026-01-12 12:35:00,2026-01-12 12:52:00,2026-01-12 13:08:00,EXTEND,short,4579.3,4581.8,4581.8,4572.0,False,,4581.8,SL,-2.5,-29.0,16
2026-01-12 13:45:00,2026-01-12 14:21:00,2026-01-12 16:47:00,EXTEND,long,4585.6,4580.8,4580.8,4600.6,False,,4600.6,TP,15.0,146.22,146
2026-01-12 17:55:00,2026-01-12 18:08:00,2026-01-12 18:26:00,EXTEND,short,4597.6,4603.7,4603.7,4595.2,False,,4603.7,SL,-6.1,-65.0,18
2026-01-12 18:30:00,2026-01-12 19:14:00,2026-01-12 19:17:00,BOS,short,4601.2,4603.1,4603.1,4595.3,False,,4603.1,SL,-1.9,-23.0,3
2026-01-12 19:25:00,2026-01-12 19:45:00,2026-01-12 20:08:00,EXTEND,short,4600.2,4601.6,4601.6,4590.4,False,,4590.4,TP,9.8,93.67,23
2026-01-12 20:05:00,2026-01-12 20:16:00,2026-01-12 20:33:00,BOS,short,4590.2,4594.2,4594.2,4585.7,False,,4594.2,SL,-4.0,-44.0,17
2026-01-12 21:25:00,2026-01-12 21:41:00,2026-01-12 21:47:00,MSS,short,4617.3,4623.9,4623.9,4612.4,False,,4623.9,SL,-6.6,-70.0,6
2026-01-12 22:00:00,2026-01-12 22:05:00,2026-01-12 22:10:00,MSS,short,4613.0,4628.0,4628.0,4602.6,False,,4602.6,TP,10.4,99.94,5
2026-01-12 22:35:00,2026-01-12 22:40:00,2026-01-12 23:09:00,MSS,long,4615.6,4601.7,4601.7,4626.7,False,,4626.7,TP,11.1,107.23,29
2026-01-13 00:30:00,2026-01-13 00:36:00,2026-01-13 00:37:00,EXTEND,short,4626.7,4633.3,4633.3,4626.5,False,,4626.5,TP,0.2,-2.3,1
2026-01-13 01:05:00,2026-01-13 01:20:00,2026-01-13 01:21:00,BOS,short,4623.8,4628.1,4628.1,4621.7,False,,4621.7,TP,2.1,17.04,1
2026-01-13 01:20:00,2026-01-13 01:34:00,2026-01-13 01:46:00,EXTEND,short,4622.8,4626.7,4626.7,4619.4,False,,4626.7,SL,-3.9,-43.0,12
2026-01-13 03:30:00,2026-01-13 07:00:00,2026-01-13 07:06:00,EXTEND,long,4616.6,4601.8,4601.8,4630.7,False,,4601.8,SL,-14.8,-152.0,6
2026-01-13 07:35:00,2026-01-13 07:51:00,2026-01-13 07:52:00,EXTEND,long,4602.7,4596.3,4596.3,4599.3,False,,4603.0,TP,0.3,-1.0,1
2026-01-13 07:50:00,2026-01-13 07:56:00,2026-01-13 07:57:00,EXTEND,long,4604.0,4599.1,4599.1,4605.0,False,,4605.0,TP,1.0,6.23,1
2026-01-13 08:25:00,2026-01-13 08:30:00,2026-01-13 08:37:00,MSS,short,4597.8,4600.2,4600.2,4594.3,False,,4594.3,TP,3.5,30.6,7
2026-01-13 08:35:00,2026-01-13 08:59:00,2026-01-13 09:04:00,EXTEND,short,4595.8,4599.6,4599.6,4590.3,False,,4590.3,TP,5.5,51.24,5
2026-01-13 09:00:00,2026-01-13 09:16:00,2026-01-13 09:31:00,BOS,short,4600.0,4604.4,4604.4,4587.0,False,,4587.0,TP,13.0,125.7,15
2026-01-13 10:05:00,2026-01-13 10:22:00,2026-01-13 10:29:00,MSS,long,4595.2,4592.5,4592.5,4603.3,False,,4592.5,SL,-2.7,-31.0,7
2026-01-13 10:45:00,2026-01-13 10:50:00,2026-01-13 11:10:00,MSS,long,4603.2,4599.8,4599.8,4606.1,False,,4606.1,TP,2.9,24.75,20
2026-01-13 12:15:00,2026-01-13 12:20:00,2026-01-13 12:26:00,MSS,long,4608.2,4606.3,4606.3,4610.2,False,,4606.3,SL,-1.9,-23.0,6
2026-01-13 13:25:00,2026-01-13 13:30:00,2026-01-13 13:31:00,MSS,long,4604.8,4603.5,4603.5,4613.2,False,,4603.5,SL,-1.3,-17.0,1
2026-01-13 13:30:00,2026-01-13 13:48:00,2026-01-13 14:33:00,MSS,short,4601.2,4604.8,4604.8,4589.4,False,,4589.4,TP,11.8,113.82,45
2026-01-13 15:05:00,2026-01-13 15:10:00,2026-01-13 15:20:00,MSS,long,4593.3,4587.9,4587.9,4595.9,False,,4587.9,SL,-5.4,-58.0,10
2026-01-13 15:30:00,2026-01-13 15:51:00,2026-01-13 15:52:00,EXTEND,long,4588.4,4586.5,4586.5,4597.2,False,,4586.5,SL,-1.9,-23.0,1
2026-01-13 16:05:00,2026-01-13 16:10:00,2026-01-13 16:11:00,MSS,long,4598.1,4594.2,4594.2,4599.7,False,,4599.7,TP,1.6,11.97,1
2026-01-13 17:00:00,2026-01-13 17:18:00,2026-01-13 17:42:00,MSS,short,4600.5,4603.9,4603.9,4596.3,False,,4596.3,TP,4.2,38.44,24
2026-01-13 17:50:00,2026-01-13 17:55:00,2026-01-13 18:04:00,MSS,short,4595.0,4597.4,4597.4,4592.9,False,,4592.9,TP,2.1,17.28,9
2026-01-13 18:40:00,2026-01-13 18:45:00,2026-01-13 19:45:00,MSS,long,4595.7,4590.7,4590.7,4599.3,False,,4599.3,TP,3.6,31.9,60
2026-01-13 20:05:00,2026-01-13 20:11:00,2026-01-13 20:12:00,MSS,short,4592.5,4594.9,4594.9,4592.1,False,,4592.1,TP,0.4,0.15,1
2026-01-13 20:45:00,2026-01-13 20:50:00,2026-01-13 20:52:00,MSS,long,4598.7,4593.9,4593.9,4602.0,False,,4602.0,TP,3.3,28.75,2
2026-01-13 22:20:00,2026-01-13 22:42:00,2026-01-13 22:45:00,BOS,long,4629.7,4621.5,4621.5,4636.6,False,,4636.6,TP,6.9,65.09,3
2026-01-13 23:15:00,2026-01-13 23:20:00,2026-01-14 00:27:00,MSS,short,4610.1,4634.0,4634.0,4606.2,False,,4606.2,TP,3.9,35.13,67
2026-01-14 00:25:00,2026-01-14 01:11:00,2026-01-14 02:03:00,EXTEND,short,4618.3,4623.6,4623.6,4594.1,False,,4594.1,TP,24.2,238.06,52
2026-01-14 02:45:00,2026-01-14 03:14:00,2026-01-14 03:16:00,EXTEND,long,4603.9,4598.8,4598.8,4616.1,False,,4598.8,SL,-5.1,-55.0,2
2026-01-14 03:40:00,2026-01-14 07:01:00,2026-01-14 08:05:00,EXTEND,long,4598.6,4593.7,4593.7,4610.8,False,,4610.8,TP,12.2,118.15,64
2026-01-14 09:00:00,2026-01-14 09:11:00,2026-01-14 09:20:00,MSS,long,4622.8,4617.4,4617.4,4626.1,False,,4626.1,TP,3.3,29.43,9
2026-01-14 10:00:00,2026-01-14 10:21:00,2026-01-14 10:45:00,EXTEND,long,4628.0,4625.6,4625.6,4630.7,False,,4625.6,SL,-2.4,-28.0,24
2026-01-14 11:35:00,2026-01-14 11:51:00,2026-01-14 11:57:00,MSS,long,4634.3,4631.9,4631.9,4636.7,False,,4636.7,TP,2.4,20.13,6
2026-01-14 13:00:00,2026-01-14 13:28:00,2026-01-14 13:30:00,BOS,long,4642.5,4639.7,4639.7,4649.9,False,,4639.7,SL,-2.8,-32.0,2
2026-01-14 13:50:00,2026-01-14 13:55:00,2026-01-14 13:56:00,MSS,short,4636.6,4645.6,4645.6,4638.6,False,,4636.8,TP,-0.2,-6.0,1
2026-01-14 13:55:00,2026-01-14 14:21:00,2026-01-14 14:24:00,EXTEND,short,4638.1,4641.3,4641.3,4618.5,False,,4641.3,SL,-3.2,-36.0,3
2026-01-14 14:55:00,2026-01-14 15:00:00,2026-01-14 15:27:00,MSS,long,4640.3,4637.7,4637.7,4646.7,False,,4646.7,TP,6.4,60.17,27
2026-01-14 15:55:00,2026-01-14 16:00:00,2026-01-14 16:01:00,MSS,short,4638.8,4641.1,4641.1,4637.9,False,,4641.1,SL,-2.3,-27.0,1
2026-01-14 18:15:00,2026-01-14 18:20:00,2026-01-14 18:28:00,MSS,long,4642.1,4637.5,4637.5,4645.0,False,,4645.0,TP,2.9,24.71,8
2026-01-14 18:40:00,2026-01-14 19:04:00,2026-01-14 19:29:00,EXTEND,long,4643.3,4638.1,4638.1,4649.2,False,,4638.1,SL,-5.2,-56.0,25
2026-01-14 20:00:00,2026-01-14 20:05:00,2026-01-14 20:15:00,MSS,long,4644.8,4642.4,4642.4,4648.9,False,,4642.4,SL,-2.4,-28.0,10
2026-01-14 21:05:00,2026-01-14 21:10:00,2026-01-14 21:24:00,MSS,short,4638.8,4642.8,4642.8,4633.9,False,,4642.8,SL,-4.0,-44.0,14
2026-01-14 22:00:00,2026-01-14 22:20:00,2026-01-14 22:30:00,EXTEND,long,4644.6,4639.2,4639.2,4650.8,False,,4639.2,SL,-5.4,-58.0,10
2026-01-14 23:15:00,2026-01-14 23:20:00,2026-01-14 23:34:00,MSS,long,4629.5,4617.2,4617.2,4637.2,False,,4617.2,SL,-12.3,-127.0,14
2026-01-15 00:45:00,2026-01-15 00:51:00,2026-01-15 01:01:00,MSS,short,4619.4,4625.6,4625.6,4614.3,False,,4625.6,SL,-6.2,-66.0,10
2026-01-15 01:50:00,2026-01-15 01:55:00,2026-01-15 02:03:00,MSS,long,4620.7,4615.5,4615.5,4624.0,False,,4624.0,TP,3.3,28.56,8
2026-01-15 07:10:00,2026-01-15 07:17:00,2026-01-15 07:26:00,EXTEND,short,4618.0,4623.0,4623.0,4610.2,False,,4610.2,TP,7.8,73.83,9
2026-01-15 08:00:00,2026-01-15 08:09:00,2026-01-15 08:41:00,EXTEND,long,4621.8,4618.4,4618.4,4625.5,False,,4618.4,SL,-3.4,-38.0,32
2026-01-15 08:50:00,2026-01-15 09:02:00,2026-01-15 09:03:00,EXTEND,short,4614.4,4620.8,4620.8,4612.3,False,,4612.3,TP,2.1,17.41,1
2026-01-15 09:05:00,2026-01-15 09:18:00,2026-01-15 09:19:00,EXTEND,short,4609.4,4614.9,4614.9,4608.1,False,,4608.1,TP,1.3,8.97,1
2026-01-15 09:30:00,2026-01-15 09:55:00,2026-01-15 10:06:00,EXTEND,short,4607.1,4611.3,4611.3,4578.0,False,,4611.3,SL,-4.2,-46.0,11
2026-01-15 11:30:00,2026-01-15 11:46:00,2026-01-15 12:24:00,EXTEND,short,4593.6,4601.2,4601.2,4577.5,False,,4601.2,SL,-7.6,-80.0,38
2026-01-15 12:40:00,2026-01-15 13:00:00,2026-01-15 13:15:00,MSS,short,4594.4,4599.0,4599.0,4590.8,False,,4590.8,TP,3.6,32.17,15
2026-01-15 13:25:00,2026-01-15 13:30:00,2026-01-15 13:33:00,MSS,long,4594.2,4589.8,4589.8,4600.0,False,,4589.8,SL,-4.4,-48.0,3
2026-01-15 13:30:00,2026-01-15 13:44:00,2026-01-15 13:52:00,EXTEND,long,4593.3,4585.0,4585.0,4601.2,False,,4601.2,TP,7.9,74.83,8
2026-01-15 15:35:00,2026-01-15 15:40:00,2026-01-15 15:48:00,MSS,short,4608.6,4615.9,4615.9,4606.0,False,,4606.0,TP,2.6,22.06,8
2026-01-15 16:00:00,2026-01-15 16:21:00,2026-01-15 16:43:00,EXTEND,short,4607.6,4610.8,4610.8,4598.5,False,,4610.8,SL,-3.2,-36.0,22
2026-01-15 18:20:00,2026-01-15 18:35:00,2026-01-15 18:37:00,BOS,long,4619.8,4614.4,4614.4,4621.8,False,,4621.8,TP,2.0,15.82,2
2026-01-15 19:45:00,2026-01-15 20:08:00,2026-01-15 20:49:00,MSS,short,4621.3,4623.6,4623.6,4617.4,False,,4617.4,TP,3.9,34.79,41
2026-01-15 21:05:00,2026-01-15 21:18:00,2026-01-15 21:19:00,EXTEND,short,4611.0,4618.1,4618.1,4611.1,False,,4611.0,TP,0.0,-4.0,1
2026-01-15 23:00:00,2026-01-15 23:11:00,2026-01-16 00:11:00,EXTEND,long,4615.0,4608.1,4608.1,4623.4,False,,4623.4,TP,8.4,79.58,60
2026-01-16 00:35:00,2026-01-16 00:40:00,2026-01-16 00:54:00,MSS,short,4610.1,4615.9,4615.9,4605.9,False,,4605.9,TP,4.2,38.3,14
2026-01-16 02:30:00,2026-01-16 02:43:00,2026-01-16 02:48:00,MSS,short,4619.6,4623.1,4623.1,4615.5,False,,4623.1,SL,-3.5,-39.0,5
2026-01-16 07:00:00,2026-01-16 07:05:00,2026-01-16 07:14:00,BOS,long,4625.1,4619.6,4619.6,4626.2,False,,4619.6,SL,-5.5,-59.0,9
2026-01-16 08:05:00,2026-01-16 08:31:00,2026-01-16 08:44:00,BOS,short,4609.9,4612.4,4612.4,4605.3,False,,4605.3,TP,4.6,41.52,13
2026-01-16 09:40:00,2026-01-16 10:01:00,2026-01-16 10:12:00,EXTEND,long,4606.0,4603.0,4603.0,4615.0,False,,4603.0,SL,-3.0,-34.0,11
2026-01-16 10:15:00,2026-01-16 10:28:00,2026-01-16 10:34:00,EXTEND,short,4603.1,4607.1,4607.1,4597.9,False,,4597.9,TP,5.2,47.79,6
2026-01-16 10:35:00,2026-01-16 11:20:00,2026-01-16 12:19:00,EXTEND,short,4601.1,4603.3,4603.3,4591.0,False,,4603.3,SL,-2.2,-26.0,59
2026-01-16 12:20:00,2026-01-16 12:37:00,2026-01-16 13:12:00,EXTEND,long,4602.8,4600.9,4600.9,4606.6,False,,4600.9,SL,-1.9,-23.0,35
2026-01-16 13:10:00,2026-01-16 13:31:00,2026-01-16 13:39:00,MSS,short,4602.3,4607.2,4607.2,4596.7,False,,4607.2,SL,-4.9,-53.0,8
2026-01-16 13:55:00,2026-01-16 14:23:00,2026-01-16 14:31:00,EXTEND,long,4612.3,4607.1,4607.1,4625.7,False,,4607.1,SL,-5.2,-56.0,8
2026-01-16 15:10:00,2026-01-16 15:35:00,2026-01-16 15:42:00,MSS,long,4613.8,4608.1,4608.1,4621.2,False,,4608.1,SL,-5.7,-61.0,7
2026-01-16 15:40:00,2026-01-16 16:00:00,2026-01-16 16:01:00,MSS,short,4610.9,4613.3,4613.3,4602.7,False,,4613.3,SL,-2.4,-28.0,1
2026-01-16 16:45:00,2026-01-16 17:15:00,2026-01-16 17:33:00,EXTEND,short,4606.9,4609.5,4609.5,4602.8,False,,4602.8,TP,4.1,37.38,18
2026-01-16 18:15:00,2026-01-16 18:23:00,2026-01-16 18:30:00,MSS,long,4613.9,4611.2,4611.2,4616.1,False,,4611.2,SL,-2.7,-31.0,7
2026-01-16 19:15:00,2026-01-16 19:20:00,2026-01-16 19:33:00,MSS,long,4613.3,4609.4,4609.4,4616.2,False,,4616.2,TP,2.9,24.7,13
2026-01-16 20:20:00,2026-01-16 20:25:00,2026-01-16 20:34:00,MSS,short,4610.0,4617.3,4617.3,4606.8,False,,4606.8,TP,3.2,28.41,9
2026-01-16 21:05:00,2026-01-16 21:11:00,2026-01-16 21:16:00,BOS,short,4600.3,4607.8,4607.8,4598.6,False,,4598.6,TP,1.7,13.3,5
2026-01-16 21:45:00,2026-01-16 21:50:00,2026-01-16 22:05:00,MSS,long,4605.9,4600.5,4600.5,4609.4,False,,4609.4,TP,3.5,30.86,15
2026-01-16 22:25:00,2026-01-16 22:30:00,2026-01-16 22:34:00,MSS,short,4602.0,4609.3,4609.3,4599.1,False,,4609.3,SL,-7.3,-77.0,4
2026-01-16 23:00:00,2026-01-16 23:05:00,2026-01-16 23:06:00,BOS,long,4621.9,4616.4,4616.4,4622.0,False,,4622.0,TP,0.1,-3.24,1
2026-01-16 23:15:00,2026-01-16 23:20:00,2026-01-16 23:23:00,MSS,short,4614.7,4622.2,4622.2,4599.9,False,,4599.9,TP,14.8,143.65,3
2026-01-16 23:30:00,2026-01-17 00:49:00,2026-01-19 07:00:00,EXTEND,short,4591.9,4604.0,4604.0,4516.2,False,,4627.0,SL,-35.1,-355.0,311
2026-01-19 08:15:00,2026-01-19 08:47:00,2026-01-19 10:00:00,MSS,short,4682.1,4688.5,4688.5,4662.7,False,,4662.7,TP,19.4,189.87,73
2026-01-19 10:00:00,2026-01-19 10:14:00,2026-01-19 10:16:00,BOS,short,4666.1,4669.1,4669.1,4655.9,False,,4669.1,SL,-3.0,-34.0,2
2026-01-19 11:45:00,2026-01-19 11:50:00,2026-01-19 12:25:00,MSS,short,4666.5,4670.4,4670.4,4664.4,False,,4670.4,SL,-3.9,-43.0,35
2026-01-19 12:25:00,2026-01-19 12:47:00,2026-01-19 13:01:00,EXTEND,long,4669.0,4666.2,4666.2,4673.6,False,,4673.6,TP,4.6,42.36,14
2026-01-19 13:35:00,2026-01-19 13:40:00,2026-01-19 13:43:00,MSS,short,4673.2,4680.3,4680.3,4670.9,False,,4670.9,TP,2.3,18.98,3
2026-01-19 13:40:00,2026-01-19 14:06:00,2026-01-19 14:14:00,EXTEND,short,4673.1,4676.3,4676.3,4667.0,False,,4676.3,SL,-3.2,-36.0,8
2026-01-19 14:20:00,2026-01-19 14:31:00,2026-01-19 14:32:00,MSS,long,4678.4,4675.3,4675.3,4679.8,False,,4679.8,TP,1.4,10.15,1
2026-01-19 14:35:00,2026-01-19 14:46:00,2026-01-19 14:56:00,EXTEND,long,4679.7,4677.3,4677.3,4684.1,False,,4684.1,TP,4.4,39.63,10
2026-01-19 15:10:00,2026-01-19 15:16:00,2026-01-19 15:17:00,MSS,short,4672.0,4675.7,4675.7,4670.5,False,,4670.5,TP,1.5,11.35,1
2026-01-19 16:10:00,2026-01-19 16:21:00,2026-01-19 16:35:00,EXTEND,long,4675.0,4672.1,4672.1,4682.2,False,,4672.1,SL,-2.9,-33.0,14
2026-01-19 17:10:00,2026-01-19 17:17:00,2026-01-19 17:23:00,MSS,long,4676.6,4675.1,4675.1,4679.0,False,,4675.1,SL,-1.5,-19.0,6
2026-01-19 18:25:00,2026-01-19 18:30:00,2026-01-19 18:31:00,MSS,short,4669.6,4673.4,4673.4,4669.0,False,,4669.0,TP,0.6,1.85,1
2026-01-19 18:40:00,2026-01-19 18:57:00,2026-01-19 19:29:00,BOS,short,4670.1,4671.9,4671.9,4664.5,False,,4671.9,SL,-1.8,-22.0,32
2026-01-19 19:30:00,2026-01-19 19:44:00,2026-01-19 20:16:00,EXTEND,long,4669.7,4664.6,4664.6,4674.1,False,,4674.1,TP,4.4,40.2,32
2026-01-19 21:00:00,2026-01-19 22:00:00,2026-01-19 22:03:00,EXTEND,long,4671.7,4669.6,4669.6,4682.7,False,,4669.6,SL,-2.1,-25.0,3
2026-01-19 22:10:00,2026-01-19 22:36:00,2026-01-19 23:08:00,EXTEND,short,4670.5,4675.7,4675.7,4663.2,False,,4675.7,SL,-5.2,-56.0,32
2026-01-20 00:40:00,2026-01-20 00:56:00,2026-01-20 00:58:00,EXTEND,long,4678.9,4677.6,4677.6,4679.8,False,,4677.6,SL,-1.3,-17.0,2
2026-01-20 00:55:00,2026-01-20 01:04:00,2026-01-20 01:09:00,EXTEND,long,4678.3,4676.7,4676.7,4679.9,False,,4676.7,SL,-1.6,-20.0,5
2026-01-20 02:20:00,2026-01-20 02:43:00,2026-01-20 02:53:00,BOS,long,4684.1,4681.2,4681.2,4688.0,False,,4681.2,SL,-2.9,-33.0,10
2026-01-20 07:00:00,2026-01-20 07:22:00,2026-01-20 08:26:00,EXTEND,short,4674.9,4678.1,4678.1,4668.5,False,,4668.5,TP,6.4,60.24,64
2026-01-20 08:25:00,2026-01-20 08:38:00,2026-01-20 09:02:00,MSS,short,4668.5,4672.5,4672.5,4663.3,False,,4672.5,SL,-4.0,-44.0,24
2026-01-20 09:05:00,2026-01-20 09:25:00,2026-01-20 09:57:00,EXTEND,long,4676.2,4671.3,4671.3,4682.9,False,,4671.3,SL,-4.9,-53.0,32
2026-01-20 14:40:00,2026-01-20 14:59:00,2026-01-20 15:01:00,EXTEND,short,4718.5,4721.4,4721.4,4707.9,False,,4721.4,SL,-2.9,-33.0,2
2026-01-20 16:05:00,2026-01-20 16:10:00,2026-01-20 16:53:00,MSS,long,4729.7,4720.2,4720.2,4733.5,False,,4733.5,TP,3.8,34.35,43
2026-01-20 17:25:00,2026-01-20 17:30:00,2026-01-20 18:29:00,MSS,long,4740.9,4733.2,4733.2,4743.5,False,,4733.2,SL,-7.7,-81.0,59
2026-01-20 19:35:00,2026-01-20 19:40:00,2026-01-20 19:49:00,MSS,long,4735.8,4731.3,4731.3,4738.8,False,,4738.8,TP,3.0,25.93,9
2026-01-20 19:50:00,2026-01-20 20:07:00,2026-01-20 20:21:00,EXTEND,long,4738.3,4734.1,4734.1,4743.5,False,,4734.1,SL,-4.2,-46.0,14
2026-01-20 20:30:00,2026-01-20 21:00:00,2026-01-20 21:04:00,EXTEND,short,4730.4,4735.4,4735.4,4727.7,False,,4727.7,TP,2.7,23.36,4
2026-01-20 21:40:00,2026-01-20 21:45:00,2026-01-20 21:57:00,MSS,long,4733.8,4725.0,4725.0,4740.5,False,,4740.5,TP,6.7,63.01,12
2026-01-20 22:30:00,2026-01-20 22:35:00,2026-01-20 23:25:00,MSS,short,4735.5,4756.7,4756.7,4730.2,False,,4730.2,TP,5.3,49.35,50
2026-01-20 23:25:00,2026-01-21 00:04:00,2026-01-21 00:10:00,EXTEND,short,4735.8,4744.0,4744.0,4719.4,False,,4744.0,SL,-8.2,-86.0,6
2026-01-21 03:15:00,2026-01-21 03:20:00,2026-01-21 03:25:00,MSS,long,4770.9,4766.0,4766.0,4776.0,False,,4766.0,SL,-4.9,-53.0,5
2026-01-21 07:00:00,2026-01-21 07:10:00,2026-01-21 07:15:00,MSS,short,4762.6,4769.1,4769.1,4761.5,False,,4761.5,TP,1.1,7.47,5
2026-01-21 07:40:00,2026-01-21 07:45:00,2026-01-21 07:46:00,MSS,long,4777.4,4765.2,4765.2,4782.4,False,,4782.4,TP,5.0,45.74,1
2026-01-21 08:55:00,2026-01-21 09:02:00,2026-01-21 09:04:00,EXTEND,long,4794.4,4788.5,4788.5,4794.5,False,,4794.5,TP,0.1,-2.8,2
2026-01-21 09:50:00,2026-01-21 10:28:00,2026-01-21 12:23:00,BOS,long,4826.2,4820.5,4820.5,4855.3,False,,4855.3,TP,29.1,287.11,115
2026-01-21 13:15:00,2026-01-21 13:20:00,2026-01-21 13:30:00,MSS,long,4874.8,4866.3,4866.3,4880.7,False,,4866.3,SL,-8.5,-89.0,10
2026-01-21 13:35:00,2026-01-21 14:15:00,2026-01-21 14:20:00,EXTEND,long,4875.5,4872.6,4872.6,4884.8,False,,4872.6,SL,-2.9,-33.0,5
2026-01-21 14:35:00,2026-01-21 14:40:00,2026-01-21 14:42:00,MSS,short,4869.6,4890.1,4890.1,4864.4,False,,4864.4,TP,5.2,48.43,2
2026-01-21 15:50:00,2026-01-21 15:55:00,2026-01-21 16:05:00,MSS,long,4858.7,4851.2,4851.2,4864.4,False,,4864.4,TP,5.7,53.49,10
2026-01-21 16:25:00,2026-01-21 16:39:00,2026-01-21 16:41:00,EXTEND,long,4867.1,4863.4,4863.4,4875.4,False,,4863.4,SL,-3.7,-41.0,2
2026-01-21 17:20:00,2026-01-21 17:25:00,2026-01-21 17:26:00,MSS,long,4870.4,4860.3,4860.3,4874.1,False,,4874.1,TP,3.7,33.43,1
2026-01-21 17:45:00,2026-01-21 17:52:00,2026-01-21 18:03:00,MSS,short,4864.0,4867.9,4867.9,4860.0,False,,4867.9,SL,-3.9,-43.0,11
2026-01-21 18:50:00,2026-01-21 19:12:00,2026-01-21 19:19:00,EXTEND,long,4867.3,4865.6,4865.6,4871.1,False,,4871.1,TP,3.8,34.44,7
2026-01-21 19:45:00,2026-01-21 20:10:00,2026-01-21 20:29:00,MSS,short,4865.5,4867.2,4867.2,4852.8,False,,4867.2,SL,-1.7,-21.0,19
2026-01-21 21:30:00,2026-01-21 21:36:00,2026-01-21 21:37:00,EXTEND,long,4876.3,4870.8,4870.8,4879.2,False,,4879.2,TP,2.9,24.61,1
2026-01-21 22:00:00,2026-01-21 22:05:00,2026-01-21 22:12:00,MSS,short,4861.5,4878.4,4878.4,4846.1,False,,4846.1,TP,15.4,150.38,7
2026-01-21 22:10:00,2026-01-21 22:32:00,2026-01-21 22:39:00,EXTEND,short,4858.3,4871.3,4871.3,4829.4,False,,4871.3,SL,-13.0,-134.0,7
2026-01-21 22:40:00,2026-01-21 23:02:00,2026-01-21 23:17:00,EXTEND,long,4862.1,4849.3,4849.3,4880.9,False,,4849.3,SL,-12.8,-132.0,15
2026-01-21 23:50:00,2026-01-21 23:56:00,2026-01-21 23:58:00,MSS,long,4855.0,4851.2,4851.2,4859.9,False,,4851.2,SL,-3.8,-42.0,2
2026-01-22 00:15:00,2026-01-22 00:20:00,2026-01-22 00:52:00,MSS,short,4836.7,4855.4,4855.4,4830.1,False,,4830.1,TP,6.6,61.67,32
2026-01-22 01:30:00,2026-01-22 01:41:00,2026-01-22 01:51:00,BOS,short,4812.0,4820.8,4820.8,4797.9,False,,4820.8,SL,-8.8,-92.0,10
2026-01-22 03:25:00,2026-01-22 03:30:00,2026-01-22 03:35:00,MSS,short,4804.5,4857.3,4857.3,4793.4,False,,4793.4,TP,11.1,107.0,5
2026-01-22 07:00:00,2026-01-22 07:05:00,2026-01-22 07:08:00,BOS,short,4818.5,4837.5,4837.5,4809.9,False,,4809.9,TP,8.6,82.2,3
2026-01-22 07:55:00,2026-01-22 08:23:00,2026-01-22 08:41:00,BOS,short,4785.1,4790.8,4790.8,4773.6,False,,4790.8,SL,-5.7,-61.0,18
2026-01-22 09:00:00,2026-01-22 09:12:00,2026-01-22 09:14:00,MSS,short,4782.1,4789.5,4789.5,4765.3,False,,4789.5,SL,-7.4,-78.0,2
2026-01-22 10:30:00,2026-01-22 10:39:00,2026-01-22 10:46:00,MSS,short,4778.9,4787.0,4787.0,4775.5,False,,4787.0,SL,-8.1,-85.0,7
2026-01-22 12:05:00,2026-01-22 12:36:00,2026-01-22 12:46:00,BOS,long,4799.3,4794.7,4794.7,4804.3,False,,4794.7,SL,-4.6,-50.0,10
2026-01-22 13:05:00,2026-01-22 13:40:00,2026-01-22 13:45:00,EXTEND,long,4802.9,4796.0,4796.0,4804.6,False,,4804.6,TP,1.7,13.06,5
2026-01-22 15:00:00,2026-01-22 15:05:00,2026-01-22 15:07:00,MSS,long,4832.2,4826.2,4826.2,4835.5,False,,4835.5,TP,3.3,29.43,2
2026-01-22 15:55:00,2026-01-22 16:09:00,2026-01-22 16:10:00,EXTEND,short,4829.9,4836.5,4836.5,4829.3,False,,4829.3,TP,0.6,2.33,1
2026-01-22 16:55:00,2026-01-22 17:02:00,2026-01-22 17:03:00,MSS,long,4835.3,4830.8,4830.8,4836.1,False,,4836.1,TP,0.8,4.27,1
2026-01-22 19:15:00,2026-01-22 19:35:00,2026-01-22 19:41:00,EXTEND,short,4827.6,4832.0,4832.0,4824.1,False,,4832.0,SL,-4.4,-48.0,6
2026-01-22 19:55:00,2026-01-22 20:11:00,2026-01-22 20:57:00,EXTEND,long,4829.3,4825.6,4825.6,4841.6,False,,4825.6,SL,-3.7,-41.0,46
2026-01-22 21:40:00,2026-01-22 22:06:00,2026-01-22 22:15:00,MSS,short,4823.2,4827.6,4827.6,4803.8,False,,4827.6,SL,-4.4,-48.0,9
2026-01-22 22:30:00,2026-01-22 23:13:00,2026-01-22 23:28:00,EXTEND,long,4841.4,4831.9,4831.9,4857.0,False,,4857.0,TP,15.6,152.06,15
2026-01-23 00:50:00,2026-01-23 01:02:00,2026-01-23 01:08:00,EXTEND,long,4883.3,4876.4,4876.4,4891.2,False,,4876.4,SL,-6.9,-73.0,6
2026-01-23 07:00:00,2026-01-23 07:05:00,2026-01-23 07:08:00,BOS,long,4954.7,4938.1,4938.1,4959.9,False,,4959.9,TP,5.2,48.44,3
2026-01-23 07:30:00,2026-01-23 08:10:00,2026-01-23 08:55:00,MSS,short,4954.8,4965.5,4965.5,4924.3,False,,4965.5,SL,-10.7,-111.0,45
2026-01-23 09:00:00,2026-01-23 09:05:00,2026-01-23 16:22:00,MSS,short,4942.2,4970.0,4970.0,4930.4,False,,4930.4,TP,11.8,114.0,437
2026-01-23 17:15:00,2026-01-23 17:28:00,2026-01-23 17:29:00,BOS,short,4904.4,4913.8,4913.8,4903.5,False,,4903.5,TP,0.9,5.07,1
2026-01-23 17:40:00,2026-01-23 17:49:00,2026-01-23 18:16:00,MSS,long,4920.5,4915.9,4915.9,4924.8,False,,4924.8,TP,4.3,39.22,27
2026-01-23 19:00:00,2026-01-23 19:05:00,2026-01-23 19:15:00,MSS,short,4918.2,4931.8,4931.8,4914.5,False,,4914.5,TP,3.7,33.26,10
2026-01-23 19:30:00,2026-01-23 19:35:00,2026-01-23 20:00:00,MSS,long,4924.9,4920.5,4920.5,4929.2,False,,4920.5,SL,-4.4,-48.0,25
2026-01-23 20:50:00,2026-01-23 21:03:00,2026-01-23 21:06:00,BOS,long,4943.1,4934.3,4934.3,4946.3,False,,4946.3,TP,3.2,27.62,3
2026-01-23 21:20:00,2026-01-23 21:36:00,2026-01-23 21:50:00,MSS,short,4929.7,4940.1,4940.1,4917.9,False,,4940.1,SL,-10.4,-108.0,14
2026-01-23 22:10:00,2026-01-23 22:33:00,2026-01-23 22:46:00,EXTEND,long,4944.5,4933.3,4933.3,4952.2,False,,4952.2,TP,7.7,72.83,13
2026-01-23 22:50:00,2026-01-23 23:09:00,2026-01-23 23:15:00,EXTEND,long,4956.6,4949.0,4949.0,4963.7,False,,4949.0,SL,-7.6,-80.0,6
2026-01-24 01:55:00,2026-01-24 02:19:00,2026-01-24 02:21:00,EXTEND,short,4980.8,4984.0,4984.0,4956.0,False,,4984.0,SL,-3.2,-36.0,2
2026-01-24 03:45:00,2026-01-24 03:52:00,2026-01-24 03:53:00,MSS,long,4986.1,4983.4,4983.4,4987.9,False,,4987.9,TP,1.8,14.19,1
2026-01-26 08:30:00,2026-01-26 08:35:00,2026-01-26 09:01:00,MSS,long,5045.6,5037.0,5037.0,5053.0,False,,5037.0,SL,-8.6,-90.0,26
2026-01-26 10:30:00,2026-01-26 11:06:00,2026-01-26 11:20:00,EXTEND,long,5082.7,5074.7,5074.7,5098.8,False,,5074.7,SL,-8.0,-84.0,14
2026-01-26 13:15:00,2026-01-26 13:31:00,2026-01-26 13:35:00,BOS,short,5053.5,5065.0,5065.0,5043.9,False,,5065.0,SL,-11.5,-119.0,4
2026-01-26 14:50:00,2026-01-26 15:06:00,2026-01-26 21:02:00,EXTEND,long,5081.8,5070.0,5070.0,5120.0,False,,5070.0,SL,-11.8,-122.0,356
2026-01-26 21:00:00,2026-01-26 21:19:00,2026-01-26 21:30:00,EXTEND,short,5074.2,5081.0,5081.0,5057.6,False,,5057.6,TP,16.6,162.08,11
2026-01-26 21:30:00,2026-01-26 22:00:00,2026-01-26 22:11:00,BOS,short,5060.0,5068.4,5068.4,5044.0,False,,5068.4,SL,-8.4,-88.0,11
2026-01-26 23:00:00,2026-01-26 23:12:00,2026-01-26 23:17:00,EXTEND,long,5092.9,5086.7,5086.7,5099.8,False,,5086.7,SL,-6.2,-66.0,5
2026-01-27 00:00:00,2026-01-27 00:05:00,2026-01-27 00:27:00,MSS,long,5100.5,5087.1,5087.1,5108.7,False,,5087.1,SL,-13.4,-138.0,22
2026-01-27 00:35:00,2026-01-27 01:10:00,2026-01-27 01:13:00,EXTEND,short,5085.9,5091.1,5091.1,5051.1,False,,5091.1,SL,-5.2,-56.0,3
2026-01-27 02:05:00,2026-01-27 02:10:00,2026-01-27 02:11:00,MSS,short,5081.1,5099.7,5099.7,5078.9,False,,5078.9,TP,2.2,17.63,1
2026-01-27 02:40:00,2026-01-27 02:56:00,2026-01-27 03:02:00,EXTEND,short,5069.2,5078.8,5078.8,5044.4,False,,5044.4,TP,24.8,244.45,6
2026-01-27 07:45:00,2026-01-27 08:05:00,2026-01-27 08:41:00,EXTEND,long,5047.4,5032.4,5032.4,5062.2,False,,5032.4,SL,-15.0,-154.0,36
2026-01-27 09:05:00,2026-01-27 09:10:00,2026-01-27 09:11:00,MSS,long,5045.2,5032.9,5032.9,5055.6,False,,5055.6,TP,10.4,99.91,1
2026-01-27 10:35:00,2026-01-27 10:41:00,2026-01-27 10:54:00,MSS,long,5072.0,5065.4,5065.4,5075.1,False,,5065.4,SL,-6.6,-70.0,13
2026-01-27 12:10:00,2026-01-27 12:25:00,2026-01-27 12:26:00,MSS,short,5067.7,5070.0,5070.0,5060.7,False,,5070.0,SL,-2.3,-27.0,1
2026-01-27 12:40:00,2026-01-27 13:04:00,2026-01-27 13:11:00,EXTEND,short,5056.6,5063.8,5063.8,5052.3,False,,5052.3,TP,4.3,39.15,7
2026-01-27 13:30:00,2026-01-27 13:35:00,2026-01-27 13:45:00,MSS,long,5066.5,5062.8,5062.8,5072.0,False,,5072.0,TP,5.5,50.66,10
2026-01-27 14:20:00,2026-01-27 14:36:00,2026-01-27 14:37:00,BOS,long,5080.0,5077.1,5077.1,5086.4,False,,5077.1,SL,-2.9,-33.0,1
2026-01-27 14:50:00,2026-01-27 15:06:00,2026-01-27 15:17:00,EXTEND,long,5084.5,5079.5,5079.5,5093.7,False,,5079.5,SL,-5.0,-54.0,11
2026-01-27 15:40:00,2026-01-27 16:14:00,2026-01-27 16:27:00,EXTEND,long,5082.6,5076.8,5076.8,5102.5,False,,5076.8,SL,-5.8,-62.0,13
2026-01-27 16:30:00,2026-01-27 16:51:00,2026-01-27 17:15:00,EXTEND,short,5076.2,5080.4,5080.4,5064.3,False,,5080.4,SL,-4.2,-46.0,24
2026-01-27 17:35:00,2026-01-27 17:52:00,2026-01-27 17:59:00,EXTEND,long,5092.0,5079.1,5079.1,5095.4,False,,5095.4,TP,3.4,29.63,7
2026-01-27 18:20:00,2026-01-27 18:25:00,2026-01-27 18:30:00,MSS,short,5085.2,5095.0,5095.0,5082.3,False,,5082.3,TP,2.9,25.0,5
2026-01-27 19:45:00,2026-01-27 19:50:00,2026-01-27 19:51:00,MSS,short,5069.4,5083.4,5083.4,5066.8,False,,5066.8,TP,2.6,22.07,1
2026-01-27 19:50:00,2026-01-27 20:18:00,2026-01-27 20:30:00,EXTEND,short,5073.4,5078.1,5078.1,5056.4,False,,5078.1,SL,-4.7,-51.0,12
2026-01-27 21:00:00,2026-01-27 21:13:00,2026-01-27 21:29:00,EXTEND,long,5087.3,5074.8,5074.8,5094.1,False,,5074.8,SL,-12.5,-129.0,16
2026-01-27 21:40:00,2026-01-27 22:00:00,2026-01-27 22:05:00,MSS,short,5068.4,5078.6,5078.6,5061.3,False,,5061.3,TP,7.1,67.09,5
2026-01-27 22:55:00,2026-01-27 23:00:00,2026-01-27 23:03:00,MSS,short,5047.3,5059.0,5059.0,5037.5,False,,5059.0,SL,-11.7,-121.0,3
2026-01-27 23:00:00,2026-01-27 23:12:00,2026-01-27 23:16:00,EXTEND,short,5054.7,5066.6,5066.6,5032.9,False,,5066.6,SL,-11.9,-123.0,4
2026-01-28 00:20:00,2026-01-28 00:41:00,2026-01-28 00:43:00,EXTEND,long,5094.1,5087.0,5087.0,5105.8,False,,5087.0,SL,-7.1,-75.0,2
2026-01-28 01:15:00,2026-01-28 01:35:00,2026-01-28 02:31:00,EXTEND,short,5083.1,5087.2,5087.2,5070.2,False,,5087.2,SL,-4.1,-45.0,56
2026-01-28 02:55:00,2026-01-28 03:13:00,2026-01-28 03:55:00,EXTEND,long,5086.2,5080.2,5080.2,5096.3,False,,5096.3,TP,10.1,96.92,42
2026-01-28 08:05:00,2026-01-28 08:16:00,2026-01-28 08:35:00,EXTEND,short,5159.3,5164.1,5164.1,5148.6,False,,5164.1,SL,-4.8,-52.0,19
2026-01-28 09:05:00,2026-01-28 09:29:00,2026-01-28 09:44:00,EXTEND,long,5190.1,5178.6,5178.6,5209.7,False,,5209.7,TP,19.6,191.97,15
2026-01-28 11:10:00,2026-01-28 11:44:00,2026-01-28 13:10:00,EXTEND,long,5227.8,5218.7,5218.7,5249.6,False,,5249.6,TP,21.8,213.87,86
2026-01-28 13:40:00,2026-01-28 14:19:00,2026-01-28 14:22:00,BOS,long,5257.6,5253.8,5253.8,5263.2,False,,5253.8,SL,-3.8,-42.0,3
2026-01-28 16:45:00,2026-01-28 17:12:00,2026-01-28 17:19:00,MSS,short,5280.4,5291.3,5291.3,5267.2,False,,5267.2,TP,13.2,127.97,7
2026-01-28 18:05:00,2026-01-28 18:10:00,2026-01-28 18:30:00,MSS,long,5278.8,5268.0,5268.0,5283.7,False,,5268.0,SL,-10.8,-112.0,20
2026-01-28 19:45:00,2026-01-28 19:50:00,2026-01-28 20:03:00,MSS,long,5258.7,5253.2,5253.2,5263.8,False,,5253.2,SL,-5.5,-59.0,13
2026-01-28 21:00:00,2026-01-28 21:21:00,2026-01-28 21:35:00,EXTEND,long,5274.2,5267.4,5267.4,5289.5,False,,5267.4,SL,-6.8,-72.0,14
2026-01-28 22:05:00,2026-01-28 22:27:00,2026-01-28 22:35:00,EXTEND,short,5257.5,5263.8,5263.8,5236.6,False,,5263.8,SL,-6.3,-67.0,8
2026-01-28 23:05:00,2026-01-28 23:17:00,2026-01-28 23:23:00,MSS,short,5243.0,5263.4,5263.4,5211.5,False,,5263.4,SL,-20.4,-208.0,6
2026-01-29 00:45:00,2026-01-29 00:50:00,2026-01-29 01:01:00,MSS,long,5289.9,5280.0,5280.0,5302.5,False,,5302.5,TP,12.6,122.02,11
2026-01-29 01:00:00,2026-01-29 01:22:00,2026-01-29 01:39:00,EXTEND,long,5297.0,5285.1,5285.1,5313.4,False,,5285.1,SL,-11.9,-123.0,17
2026-01-29 01:35:00,2026-01-29 01:59:00,2026-01-29 02:07:00,MSS,short,5294.6,5301.4,5301.4,5273.5,False,,5301.4,SL,-6.8,-72.0,8
2026-01-29 02:10:00,2026-01-29 02:16:00,2026-01-29 02:18:00,EXTEND,long,5301.6,5296.5,5296.5,5306.8,False,,5306.8,TP,5.2,47.99,2
2026-01-29 02:30:00,2026-01-29 02:38:00,2026-01-29 03:00:00,MSS,short,5272.0,5284.8,5284.8,5259.4,False,,5284.8,SL,-12.8,-132.0,22
2026-01-29 07:35:00,2026-01-29 07:56:00,2026-01-29 08:01:00,EXTEND,long,5507.8,5474.0,5474.0,5620.2,False,,5474.0,SL,-33.8,-342.0,5
2026-01-29 09:00:00,2026-01-29 09:05:00,2026-01-29 09:09:00,MSS,short,5469.4,5516.1,5516.1,5445.7,False,,5445.7,TP,23.7,233.37,4
2026-01-29 09:10:00,2026-01-29 09:38:00,2026-01-29 09:40:00,EXTEND,short,5508.7,5517.1,5517.1,5415.7,False,,5517.1,SL,-8.4,-88.0,2
2026-01-29 10:35:00,2026-01-29 11:02:00,2026-01-29 11:03:00,EXTEND,long,5537.1,5524.8,5524.8,5549.7,False,,5524.8,SL,-12.3,-127.0,1
2026-01-29 11:00:00,2026-01-29 11:22:00,2026-01-29 11:48:00,MSS,short,5516.9,5531.1,5531.1,5493.4,False,,5531.1,SL,-14.2,-146.0,22
2026-01-29 14:00:00,2026-01-29 14:08:00,2026-01-29 14:22:00,MSS,long,5579.9,5561.6,5561.6,5585.8,False,,5585.8,TP,5.9,55.0,10
2026-01-29 14:45:00,2026-01-29 14:58:00,2026-01-29 15:04:00,MSS,short,5546.8,5565.8,5565.8,5544.3,False,,5565.8,SL,-19.0,-194.0,3
2026-01-29 15:25:00,2026-01-29 15:38:00,2026-01-29 16:05:00,BOS,short,5539.2,5548.1,5548.1,5523.9,False,,5523.0,TP,16.2,158.0,12
2026-01-29 16:45:00,2026-01-29 17:31:00,2026-01-29 17:32:00,EXTEND,short,5505.7,5509.5,5509.5,5450.3,False,,5509.7,SL,-4.0,-44.0,1
2026-01-29 18:00:00,2026-01-29 18:06:00,2026-01-29 18:11:00,MSS,short,5496.8,5504.8,5504.8,5496.5,False,,5508.3,SL,-11.5,-119.0,3
2026-01-29 18:30:00,2026-01-29 18:49:00,2026-01-29 18:50:00,BOS,short,5498.1,5498.7,5498.7,5488.3,False,,5499.2,SL,-1.1,-15.0,1
2026-01-29 19:20:00,2026-01-29 19:30:00,2026-01-29 19:40:00,MSS,long,5505.7,5502.8,5502.8,5515.6,False,,5502.3,SL,-3.4,-38.0,10
2026-01-29 20:40:00,2026-01-29 20:45:00,2026-01-29 20:48:00,MSS,short,5520.5,5525.0,5525.0,5513.9,False,,5527.3,SL,-6.8,-72.0,1
2026-01-29 21:40:00,2026-01-29 21:54:00,2026-01-29 21:57:00,MSS,long,5515.7,5504.8,5504.8,5529.7,False,,5502.7,SL,-13.0,-134.0,3
2026-01-29 22:25:00,2026-01-29 22:58:00,2026-01-29 23:00:00,BOS,long,5505.8,5486.2,5486.2,5551.0,False,,5481.4,SL,-24.4,-248.0,2
2026-02-12 23:55:00,2026-02-13 00:00:00,2026-02-13 00:09:00,MSS,short,5058.7,5068.1,5068.1,5057.6,False,,5050.8,TP,7.9,75.0,2
2026-02-26 09:00:00,2026-02-26 09:15:00,2026-02-26 09:27:00,BOS,long,5207.8,5197.8,5197.8,5218.8,False,,5197.8,SL,-10.0,-104.0,12
2026-02-26 09:30:00,2026-02-26 09:39:00,2026-02-26 09:41:00,EXTEND,short,5200.7,5205.6,5205.6,5189.6,False,,5205.6,SL,-4.9,-53.0,2
2026-02-26 13:45:00,2026-02-26 14:02:00,2026-02-26 14:06:00,MSS,short,5211.9,5215.6,5215.6,5204.4,False,,5215.6,SL,-3.7,-41.0,4
2026-02-26 15:05:00,2026-02-26 15:23:00,2026-02-26 15:40:00,BOS,short,5201.8,5206.1,5206.1,5193.8,False,,5206.1,SL,-4.3,-47.0,17
2026-02-26 16:10:00,2026-02-26 16:15:00,2026-02-26 16:27:00,MSS,long,5206.1,5195.8,5195.8,5210.9,False,,5195.8,SL,-10.3,-107.0,12
2026-02-26 16:45:00,2026-02-26 17:03:00,2026-02-26 17:11:00,EXTEND,short,5191.5,5197.0,5197.0,5176.5,False,,5197.0,SL,-5.5,-59.0,8
2026-02-26 18:15:00,2026-02-26 18:22:00,2026-02-26 18:25:00,MSS,short,5197.9,5200.9,5200.9,5195.9,False,,5200.9,SL,-3.0,-34.0,3
2026-02-26 18:55:00,2026-02-26 19:15:00,2026-02-26 19:54:00,EXTEND,short,5188.9,5194.0,5194.0,5177.3,False,,5177.3,TP,11.6,111.99,39
2026-02-26 20:15:00,2026-02-26 20:20:00,2026-02-26 20:26:00,MSS,long,5186.9,5181.8,5181.8,5194.4,False,,5194.4,TP,7.5,71.36,6
2026-02-26 21:10:00,2026-02-26 21:29:00,2026-02-26 22:00:00,EXTEND,short,5190.0,5194.2,5194.2,5180.1,False,,5180.1,TP,9.9,95.28,31
2026-02-26 22:25:00,2026-02-26 22:36:00,2026-02-26 22:46:00,EXTEND,long,5189.1,5155.1,5155.1,5192.2,False,,5192.2,TP,3.1,26.56,10
2026-02-26 22:45:00,2026-02-26 23:10:00,2026-02-26 23:13:00,EXTEND,long,5186.9,5179.7,5179.7,5197.0,False,,5179.7,SL,-7.2,-76.0,3
2026-02-26 23:40:00,2026-02-26 23:45:00,2026-02-26 23:51:00,MSS,long,5195.5,5145.2,5145.2,5205.7,False,,5205.7,TP,10.2,97.52,6
2026-02-27 01:45:00,2026-02-27 01:52:00,2026-02-27 02:16:00,BOS,short,5187.7,5192.4,5192.4,5177.8,False,,5192.4,SL,-4.7,-51.0,24
2026-02-27 02:30:00,2026-02-27 02:43:00,2026-02-27 02:51:00,EXTEND,long,5196.9,5182.1,5182.1,5202.5,False,,5202.5,TP,5.6,51.98,8
2026-02-27 03:45:00,2026-02-27 07:00:00,2026-02-27 07:01:00,BOS,long,5206.8,5200.0,5200.0,5214.4,False,,5200.0,SL,-6.8,-72.0,1
2026-02-27 07:00:00,2026-02-27 07:19:00,2026-02-27 07:20:00,BOS,short,5200.1,5202.8,5202.8,5187.6,False,,5202.8,SL,-2.7,-31.0,1
2026-02-27 08:15:00,2026-02-27 08:20:00,2026-02-27 08:21:00,MSS,long,5208.0,5199.4,5199.4,5210.2,False,,5210.2,TP,2.2,17.59,1
2026-02-27 08:35:00,2026-02-27 08:40:00,2026-02-27 09:38:00,MSS,short,5190.6,5206.5,5206.5,5180.8,False,,5206.5,SL,-15.9,-163.0,58
2026-02-27 11:30:00,2026-02-27 11:47:00,2026-02-27 11:58:00,EXTEND,long,5205.3,5202.9,5202.9,5208.0,False,,5202.9,SL,-2.4,-28.0,11
2026-02-27 12:25:00,2026-02-27 12:36:00,2026-02-27 12:49:00,EXTEND,long,5204.6,5201.9,5201.9,5206.8,False,,5201.9,SL,-2.7,-31.0,13
2026-02-27 13:20:00,2026-02-27 13:25:00,2026-02-27 13:26:00,MSS,long,5207.1,5202.6,5202.6,5208.9,False,,5208.9,TP,1.8,13.84,1
2026-02-27 13:55:00,2026-02-27 14:11:00,2026-02-27 14:20:00,BOS,long,5214.5,5211.1,5211.1,5220.0,False,,5211.1,SL,-3.4,-38.0,9
2026-02-27 15:15:00,2026-02-27 15:29:00,2026-02-27 17:48:00,EXTEND,short,5195.8,5200.5,5200.5,5191.0,False,,5191.0,TP,4.8,44.21,139
2026-02-27 18:15:00,2026-02-27 18:20:00,2026-02-27 19:55:00,MSS,long,5195.1,5184.0,5184.0,5199.6,False,,5199.6,TP,4.5,41.21,95
2026-02-27 22:00:00,2026-02-27 22:11:00,2026-02-27 22:21:00,EXTEND,long,5243.4,5234.7,5234.7,5253.3,False,,5253.3,TP,9.9,95.46,10
2026-02-27 22:20:00,2026-02-27 22:44:00,2026-02-27 23:52:00,BOS,long,5242.9,5230.7,5230.7,5259.3,False,,5259.3,TP,16.4,160.38,68
2026-02-28 00:50:00,2026-02-28 00:55:00,2026-02-28 01:01:00,MSS,short,5248.7,5256.7,5256.7,5245.7,False,,5245.7,TP,3.0,25.76,6
2026-02-28 01:00:00,2026-02-28 01:13:00,2026-02-28 01:30:00,EXTEND,short,5247.3,5253.6,5253.6,5240.1,False,,5240.1,TP,7.2,67.64,17
2026-02-28 01:45:00,2026-02-28 02:02:00,2026-02-28 02:19:00,EXTEND,long,5254.4,5249.8,5249.8,5259.1,False,,5249.8,SL,-4.6,-50.0,17
2026-02-28 02:40:00,2026-02-28 02:45:00,2026-02-28 02:54:00,MSS,long,5259.2,5246.0,5246.0,5262.7,False,,5262.7,TP,3.5,31.33,9
2026-03-02 10:35:00,2026-03-02 10:40:00,2026-03-02 10:44:00,MSS,long,5355.0,5341.3,5341.3,5364.1,False,,5364.1,TP,9.1,86.52,4
2026-03-02 11:20:00,2026-03-02 11:32:00,2026-03-02 11:38:00,EXTEND,long,5372.2,5366.2,5366.2,5375.0,False,,5375.0,TP,2.8,24.46,6
2026-03-02 12:00:00,2026-03-02 12:19:00,2026-03-02 12:36:00,EXTEND,long,5377.9,5368.4,5368.4,5383.9,False,,5368.4,SL,-9.5,-99.0,17
2026-03-02 13:30:00,2026-03-02 13:38:00,2026-03-02 13:43:00,MSS,long,5371.7,5366.1,5366.1,5375.8,False,,5375.8,TP,4.1,37.25,5
2026-03-02 16:40:00,2026-03-02 16:55:00,2026-03-02 16:59:00,MSS,short,5411.0,5418.0,5418.0,5406.0,False,,5406.0,TP,5.0,46.35,4
2026-03-02 17:20:00,2026-03-02 17:38:00,2026-03-02 18:06:00,EXTEND,short,5409.3,5414.5,5414.5,5393.6,False,,5393.6,TP,15.7,152.58,28
2026-03-02 18:40:00,2026-03-02 19:14:00,2026-03-02 19:45:00,EXTEND,long,5403.0,5398.2,5398.2,5421.5,False,,5398.2,SL,-4.8,-52.0,31
2026-03-02 19:45:00,2026-03-02 20:16:00,2026-03-02 20:41:00,MSS,short,5401.0,5412.7,5412.7,5379.5,False,,5412.7,SL,-11.7,-121.0,25
2026-03-02 21:10:00,2026-03-02 21:44:00,2026-03-02 22:09:00,MSS,short,5409.2,5423.4,5423.4,5388.0,False,,5388.0,TP,21.2,207.65,25
2026-03-03 00:25:00,2026-03-03 01:04:00,2026-03-03 03:04:00,MSS,long,5313.7,5300.7,5300.7,5337.7,False,,5337.7,TP,24.0,235.8,120
2026-03-03 07:05:00,2026-03-03 07:46:00,2026-03-03 08:17:00,EXTEND,long,5348.5,5343.6,5343.6,5368.7,False,,5368.7,TP,20.2,197.74,31
2026-03-03 08:30:00,2026-03-03 09:00:00,2026-03-03 09:07:00,EXTEND,long,5372.8,5360.4,5360.4,5384.1,False,,5384.1,TP,11.3,108.55,7
2026-03-03 09:55:00,2026-03-03 10:00:00,2026-03-03 10:04:00,MSS,short,5347.5,5363.3,5363.3,5339.8,False,,5363.3,SL,-15.8,-162.0,4
2026-03-03 10:00:00,2026-03-03 10:40:00,2026-03-03 10:46:00,EXTEND,short,5370.6,5377.9,5377.9,5333.3,False,,5377.9,SL,-7.3,-77.0,6
2026-03-03 11:50:00,2026-03-03 12:11:00,2026-03-03 12:15:00,MSS,short,5373.3,5378.6,5378.6,5369.2,False,,5378.6,SL,-5.3,-57.0,4
2026-03-03 12:25:00,2026-03-03 13:10:00,2026-03-03 13:15:00,EXTEND,long,5380.7,5373.3,5373.3,5393.7,False,,5373.3,SL,-7.4,-78.0,5
2026-03-03 14:10:00,2026-03-03 14:36:00,2026-03-03 15:18:00,BOS,short,5319.1,5331.6,5331.6,5279.6,False,,5331.6,SL,-12.5,-129.0,42
2026-03-03 16:20:00,2026-03-03 16:25:00,2026-03-03 16:32:00,MSS,short,5329.8,5342.0,5342.0,5320.6,False,,5320.6,TP,9.2,88.48,7
2026-03-03 16:55:00,2026-03-03 17:04:00,2026-03-03 17:05:00,BOS,short,5302.2,5317.4,5317.4,5296.9,False,,5296.9,TP,5.3,49.05,1
2026-03-03 17:05:00,2026-03-03 17:23:00,2026-03-03 17:25:00,EXTEND,short,5300.0,5312.4,5312.4,5288.3,False,,5288.3,TP,11.7,113.41,2
2026-03-03 17:50:00,2026-03-03 17:55:00,2026-03-03 18:03:00,MSS,long,5284.7,5275.0,5275.0,5297.4,False,,5297.4,TP,12.7,123.43,8
2026-03-03 18:00:00,2026-03-03 18:20:00,2026-03-03 18:37:00,BOS,long,5286.7,5276.8,5276.8,5307.6,False,,5276.8,SL,-9.9,-103.0,17
2026-03-03 21:00:00,2026-03-03 21:05:00,2026-03-03 21:07:00,MSS,short,5180.8,5212.7,5212.7,5171.0,False,,5171.0,TP,9.8,93.86,2
2026-03-04 02:00:00,2026-03-04 02:05:00,2026-03-04 02:11:00,MSS,long,5102.2,5079.7,5079.7,5114.0,False,,5114.0,TP,11.8,114.49,6
2026-03-04 03:05:00,2026-03-04 03:10:00,2026-03-04 03:11:00,MSS,short,5130.9,5153.2,5153.2,5131.6,False,,5131.4,TP,-0.5,-9.0,1
2026-03-04 08:40:00,2026-03-04 08:48:00,2026-03-04 08:53:00,MSS,long,5147.9,5140.2,5140.2,5150.9,False,,5140.2,SL,-7.7,-81.0,5
2026-03-04 08:50:00,2026-03-04 09:00:00,2026-03-04 09:01:00,EXTEND,long,5157.1,5135.9,5135.9,5154.3,False,,5157.8,TP,0.7,3.0,1
2026-03-04 10:10:00,2026-03-04 10:44:00,2026-03-04 10:48:00,EXTEND,long,5189.0,5180.3,5180.3,5206.7,False,,5180.3,SL,-8.7,-91.0,4
2026-03-04 12:40:00,2026-03-04 13:04:00,2026-03-04 13:08:00,MSS,short,5162.5,5169.3,5169.3,5155.0,False,,5169.3,SL,-6.8,-72.0,4
2026-03-04 13:05:00,2026-03-04 13:54:00,2026-03-04 14:01:00,EXTEND,short,5167.3,5175.0,5175.0,5156.8,False,,5156.8,TP,10.5,101.37,7
2026-03-04 14:05:00,2026-03-04 14:22:00,2026-03-04 14:34:00,EXTEND,short,5146.3,5160.1,5160.1,5115.3,False,,5160.1,SL,-13.8,-142.0,12
2026-03-04 16:00:00,2026-03-04 16:05:00,2026-03-04 16:09:00,MSS,short,5167.7,5182.0,5182.0,5161.2,False,,5161.2,TP,6.5,60.65,4
2026-03-04 16:45:00,2026-03-04 16:50:00,2026-03-04 16:54:00,MSS,long,5190.7,5186.6,5186.6,5202.4,False,,5186.6,SL,-4.1,-45.0,4
2026-03-04 18:15:00,2026-03-04 18:49:00,2026-03-04 20:19:00,EXTEND,long,5199.0,5193.0,5193.0,5222.1,False,,5193.0,SL,-6.0,-64.0,90
2026-03-04 22:00:00,2026-03-04 22:10:00,2026-03-04 22:25:00,EXTEND,short,5182.1,5188.9,5188.9,5170.1,False,,5170.1,TP,12.0,115.74,15
2026-03-04 22:30:00,2026-03-04 22:46:00,2026-03-04 22:47:00,MSS,long,5185.3,5176.0,5176.0,5202.0,False,,5176.0,SL,-9.3,-97.0,1
2026-03-04 23:10:00,2026-03-04 23:38:00,2026-03-05 02:11:00,BOS,short,5167.1,5177.4,5177.4,5131.1,False,,5131.1,TP,36.0,355.64,153
2026-03-05 07:00:00,2026-03-05 07:25:00,2026-03-05 07:35:00,EXTEND,long,5167.2,5162.0,5162.0,5173.7,False,,5162.0,SL,-5.2,-56.0,10
2026-03-05 08:20:00,2026-03-05 09:00:00,2026-03-05 09:10:00,EXTEND,long,5186.6,5177.7,5177.7,5196.8,False,,5196.8,TP,10.2,97.62,10
2026-03-05 09:10:00,2026-03-05 09:51:00,2026-03-05 09:55:00,EXTEND,long,5187.5,5182.8,5182.8,5203.4,False,,5182.8,SL,-4.7,-51.0,4
2026-03-05 10:20:00,2026-03-05 10:51:00,2026-03-05 10:58:00,EXTEND,long,5193.4,5185.6,5185.6,5201.6,False,,5201.6,TP,8.2,77.58,7
2026-03-05 11:05:00,2026-03-05 11:32:00,2026-03-05 11:57:00,EXTEND,long,5196.6,5190.0,5190.0,5210.2,False,,5190.0,SL,-6.6,-70.0,25
2026-03-05 12:00:00,2026-03-05 12:16:00,2026-03-05 12:47:00,EXTEND,short,5190.5,5195.6,5195.6,5181.5,False,,5181.5,TP,9.0,86.42,31
2026-03-05 14:45:00,2026-03-05 14:50:00,2026-03-05 15:00:00,MSS,long,5166.7,5155.6,5155.6,5178.0,False,,5178.0,TP,11.3,109.41,10
2026-03-05 16:45:00,2026-03-05 16:55:00,2026-03-05 16:58:00,MSS,long,5179.0,5172.9,5172.9,5187.2,False,,5172.9,SL,-6.1,-65.0,3
2026-03-05 17:35:00,2026-03-05 17:40:00,2026-03-05 20:05:00,MSS,short,5171.0,5179.2,5179.2,5154.8,False,,5179.2,SL,-8.2,-86.0,145
2026-03-05 20:10:00,2026-03-05 20:26:00,2026-03-05 20:27:00,EXTEND,long,5177.4,5174.1,5174.1,5185.7,False,,5174.1,SL,-3.3,-37.0,1
2026-03-05 20:30:00,2026-03-05 20:42:00,2026-03-05 21:00:00,EXTEND,short,5174.7,5177.9,5177.9,5168.9,False,,5168.9,TP,5.8,54.27,18
2026-03-05 21:10:00,2026-03-05 21:16:00,2026-03-05 21:17:00,EXTEND,short,5152.8,5170.5,5170.5,5151.0,False,,5151.0,TP,1.8,14.08,1
2026-03-05 21:20:00,2026-03-05 21:47:00,2026-03-06 02:03:00,EXTEND,short,5128.7,5146.7,5146.7,5060.9,False,,5060.9,TP,67.8,673.51,256
2026-03-06 02:10:00,2026-03-06 02:15:00,2026-03-06 02:20:00,MSS,long,5080.1,5077.2,5077.2,5089.6,False,,5077.2,SL,-2.9,-33.0,5
2026-03-06 02:40:00,2026-03-06 03:01:00,2026-03-06 03:16:00,EXTEND,long,5082.6,5075.7,5075.7,5101.3,False,,5075.7,SL,-6.9,-73.0,15
2026-03-06 07:00:00,2026-03-06 07:18:00,2026-03-06 08:00:00,EXTEND,long,5103.2,5092.4,5092.4,5126.5,False,,5092.4,SL,-10.8,-112.0,42
2026-03-06 09:00:00,2026-03-06 09:05:00,2026-03-06 09:20:00,MSS,short,5087.2,5095.5,5095.5,5067.5,False,,5095.5,SL,-8.3,-87.0,15
2026-03-06 11:20:00,2026-03-06 12:02:00,2026-03-06 12:25:00,EXTEND,long,5142.2,5138.5,5138.5,5155.1,False,,5138.5,SL,-3.7,-41.0,23
2026-03-06 12:25:00,2026-03-06 12:55:00,2026-03-06 13:00:00,MSS,short,5141.5,5144.6,5144.6,5133.6,False,,5133.6,TP,7.9,75.11,5
2026-03-06 13:25:00,2026-03-06 13:35:00,2026-03-06 13:38:00,MSS,long,5135.9,5130.1,5130.1,5141.3,False,,5130.1,SL,-5.8,-62.0,3
2026-03-06 14:20:00,2026-03-06 14:25:00,2026-03-06 14:29:00,MSS,long,5130.5,5127.1,5127.1,5134.1,False,,5127.1,SL,-3.4,-38.0,4
2026-03-06 14:25:00,2026-03-06 14:43:00,2026-03-06 14:52:00,EXTEND,long,5131.4,5125.2,5125.2,5134.8,False,,5125.2,SL,-6.2,-66.0,9
2026-03-06 15:05:00,2026-03-06 15:32:00,2026-03-06 15:56:00,EXTEND,short,5119.7,5128.1,5128.1,5109.3,False,,5128.1,SL,-8.4,-88.0,24
2026-03-06 16:20:00,2026-03-06 16:27:00,2026-03-06 16:28:00,MSS,short,5111.4,5120.0,5120.0,5111.5,False,,5111.4,TP,0.0,-4.0,1
2026-03-06 16:30:00,2026-03-06 17:01:00,2026-03-06 17:36:00,EXTEND,short,5112.7,5119.0,5119.0,5098.5,False,,5098.5,TP,14.2,138.4,35
2026-03-06 17:35:00,2026-03-06 17:50:00,2026-03-06 18:01:00,BOS,short,5098.2,5106.0,5106.0,5087.7,False,,5087.7,TP,10.5,100.65,11
2026-03-06 18:05:00,2026-03-06 18:43:00,2026-03-06 18:48:00,EXTEND,short,5093.0,5097.8,5097.8,5076.4,False,,5097.8,SL,-4.8,-52.0,5
2026-03-06 19:50:00,2026-03-06 19:55:00,2026-03-06 19:56:00,MSS,short,5083.7,5095.4,5095.4,5079.9,False,,5076.5,TP,7.2,68.0,1
2026-03-06 19:55:00,2026-03-06 20:28:00,2026-03-06 20:34:00,EXTEND,short,5096.8,5100.4,5100.4,5060.0,False,,5100.4,SL,-3.6,-40.0,6
2026-03-06 21:30:00,2026-03-06 21:35:00,2026-03-06 21:43:00,MSS,long,5138.4,5125.0,5125.0,5152.6,False,,5125.0,SL,-13.4,-138.0,8
2026-03-06 23:25:00,2026-03-06 23:57:00,2026-03-07 00:11:00,EXTEND,long,5156.4,5148.3,5148.3,5191.4,False,,5148.3,SL,-8.1,-85.0,14
2026-03-07 00:40:00,2026-03-07 00:54:00,2026-03-07 01:31:00,EXTEND,short,5150.0,5157.7,5157.7,5129.4,False,,5157.7,SL,-7.7,-81.0,37
2026-03-07 01:35:00,2026-03-07 01:50:00,2026-03-07 01:53:00,EXTEND,long,5149.0,5143.6,5143.6,5166.1,False,,5143.6,SL,-5.4,-58.0,3
2026-03-09 08:45:00,2026-03-09 09:00:00,2026-03-09 09:01:00,BOS,short,5025.7,5057.7,5057.7,5032.7,False,,5025.3,TP,0.4,-0.0,1
2026-03-09 09:05:00,2026-03-09 09:11:00,2026-03-09 09:14:00,MSS,long,5068.0,5054.2,5054.2,5079.2,False,,5079.2,TP,11.2,108.2,3
2026-03-09 10:10:00,2026-03-09 10:30:00,2026-03-09 13:33:00,MSS,long,5093.0,5081.1,5081.1,5114.1,False,,5114.1,TP,21.1,207.32,183
2026-03-09 15:30:00,2026-03-09 15:41:00,2026-03-09 15:45:00,EXTEND,long,5114.3,5108.3,5108.3,5118.6,False,,5108.3,SL,-6.0,-64.0,4
2026-03-09 16:00:00,2026-03-09 16:17:00,2026-03-09 16:28:00,BOS,long,5112.5,5102.3,5102.3,5123.2,False,,5102.3,SL,-10.2,-106.0,11
2026-03-09 16:45:00,2026-03-09 16:50:00,2026-03-09 17:02:00,MSS,long,5105.1,5095.0,5095.0,5111.7,False,,5111.7,TP,6.6,62.13,12
2026-03-09 17:30:00,2026-03-09 17:50:00,2026-03-09 18:29:00,EXTEND,long,5115.0,5106.9,5106.9,5151.7,False,,5106.9,SL,-8.1,-85.0,39
2026-03-09 21:30:00,2026-03-09 21:35:00,2026-03-09 21:40:00,MSS,long,5117.2,5099.5,5099.5,5124.6,False,,5099.5,SL,-17.7,-181.0,5
2026-03-09 22:45:00,2026-03-09 23:13:00,2026-03-10 03:01:00,EXTEND,long,5098.8,5087.6,5087.6,5140.2,False,,5140.2,TP,41.4,409.71,228
2026-03-10 03:20:00,2026-03-10 03:43:00,2026-03-10 06:03:00,EXTEND,long,5147.6,5136.2,5136.2,5161.5,False,,5136.2,SL,-11.4,-118.0,80
2026-03-10 07:15:00,2026-03-10 07:37:00,2026-03-10 07:44:00,BOS,long,5155.6,5151.4,5151.4,5170.9,False,,5151.4,SL,-4.2,-46.0,7
2026-03-10 08:30:00,2026-03-10 08:49:00,2026-03-10 09:01:00,EXTEND,short,5141.0,5149.2,5149.2,5130.0,False,,5149.2,SL,-8.2,-86.0,12
2026-03-10 13:45:00,2026-03-10 13:50:00,2026-03-10 13:51:00,MSS,long,5183.8,5178.9,5178.9,5184.4,False,,5184.4,TP,0.6,1.5,1
2026-03-10 14:10:00,2026-03-10 14:30:00,2026-03-10 15:02:00,EXTEND,long,5186.4,5180.7,5180.7,5193.2,False,,5180.7,SL,-5.7,-61.0,32
2026-03-10 15:50:00,2026-03-10 15:59:00,2026-03-10 16:04:00,EXTEND,long,5190.2,5187.0,5187.0,5195.1,False,,5187.0,SL,-3.2,-36.0,5
2026-03-10 16:45:00,2026-03-10 17:07:00,2026-03-10 17:09:00,EXTEND,long,5196.3,5193.9,5193.9,5209.0,False,,5193.9,SL,-2.4,-28.0,2
2026-03-10 18:05:00,2026-03-10 18:17:00,2026-03-10 18:24:00,EXTEND,short,5185.0,5191.0,5191.0,5180.4,False,,5191.0,SL,-6.0,-64.0,7
2026-03-10 19:05:00,2026-03-10 19:10:00,2026-03-10 19:15:00,MSS,long,5199.9,5193.6,5193.6,5209.3,False,,5193.6,SL,-6.3,-67.0,5
2026-03-10 20:25:00,2026-03-10 20:30:00,2026-03-10 20:44:00,MSS,long,5189.8,5185.3,5185.3,5194.9,False,,5194.9,TP,5.1,47.49,14
2026-03-10 21:45:00,2026-03-10 22:02:00,2026-03-10 22:07:00,MSS,short,5211.6,5224.7,5224.7,5199.3,False,,5199.3,TP,12.3,119.24,5
2026-03-10 22:10:00,2026-03-10 22:35:00,2026-03-10 22:38:00,EXTEND,short,5215.9,5222.7,5222.7,5185.3,False,,5222.7,SL,-6.8,-72.0,3
2026-03-11 00:00:00,2026-03-11 00:12:00,2026-03-11 00:18:00,EXTEND,short,5232.4,5238.3,5238.3,5228.8,False,,5238.3,SL,-5.9,-63.0,6
2026-03-11 00:40:00,2026-03-11 00:50:00,2026-03-11 01:08:00,BOS,short,5235.3,5241.3,5241.3,5234.5,False,,5241.3,SL,-6.0,-64.0,18
2026-03-11 01:15:00,2026-03-11 01:33:00,2026-03-11 02:02:00,EXTEND,short,5240.9,5242.9,5242.9,5229.5,False,,5229.5,TP,11.4,109.78,29
2026-03-11 02:15:00,2026-03-11 02:39:00,2026-03-11 08:23:00,EXTEND,short,5199.3,5216.9,5216.9,5149.4,False,,5216.9,SL,-17.6,-180.0,284
2026-03-11 09:00:00,2026-03-11 09:20:00,2026-03-11 09:24:00,EXTEND,long,5227.8,5221.4,5221.4,5235.1,False,,5221.4,SL,-6.4,-68.0,4
2026-03-11 09:20:00,2026-03-11 09:34:00,2026-03-11 09:37:00,EXTEND,long,5227.0,5222.0,5222.0,5235.6,False,,5222.0,SL,-5.0,-54.0,3
2026-03-11 10:40:00,2026-03-11 10:46:00,2026-03-11 10:47:00,MSS,long,5219.0,5215.8,5215.8,5220.4,False,,5220.4,TP,1.4,10.22,1
2026-03-11 11:45:00,2026-03-11 11:50:00,2026-03-11 11:53:00,MSS,short,5211.0,5216.7,5216.7,5208.3,False,,5208.3,TP,2.7,22.79,3
2026-03-11 11:50:00,2026-03-11 12:47:00,2026-03-11 13:08:00,EXTEND,short,5211.4,5216.6,5216.6,5204.6,False,,5216.6,SL,-5.2,-56.0,21
2026-03-11 13:30:00,2026-03-11 13:43:00,2026-03-11 14:12:00,EXTEND,short,5206.8,5212.9,5212.9,5193.0,False,,5212.9,SL,-6.1,-65.0,29
2026-03-11 14:35:00,2026-03-11 14:40:00,2026-03-11 14:41:00,EXTEND,short,5207.4,5210.7,5210.7,5206.2,False,,5206.2,TP,1.2,7.63,1
2026-03-11 15:05:00,2026-03-11 15:24:00,2026-03-11 15:28:00,EXTEND,long,5205.9,5203.4,5203.4,5209.6,False,,5203.4,SL,-2.5,-29.0,4
2026-03-11 15:40:00,2026-03-11 15:57:00,2026-03-11 16:00:00,EXTEND,short,5201.8,5204.1,5204.1,5188.3,False,,5204.1,SL,-2.3,-27.0,3
2026-03-11 16:20:00,2026-03-11 16:25:00,2026-03-11 16:26:00,MSS,short,5194.4,5200.0,5200.0,5191.1,False,,5191.1,TP,3.3,29.21,1
2026-03-11 17:30:00,2026-03-11 17:35:00,2026-03-11 17:57:00,MSS,long,5202.5,5194.7,5194.7,5207.4,False,,5194.7,SL,-7.8,-82.0,22
2026-03-11 18:05:00,2026-03-11 18:10:00,2026-03-11 18:30:00,MSS,long,5200.9,5194.3,5194.3,5203.8,False,,5194.3,SL,-6.6,-70.0,20
2026-03-11 19:00:00,2026-03-11 19:05:00,2026-03-11 19:12:00,MSS,long,5199.2,5193.8,5193.8,5203.5,False,,5193.8,SL,-5.4,-58.0,7
2026-03-11 19:25:00,2026-03-11 19:55:00,2026-03-11 19:58:00,EXTEND,short,5187.4,5192.7,5192.7,5183.4,False,,5183.4,TP,4.0,36.07,3
2026-03-11 20:10:00,2026-03-11 20:15:00,2026-03-11 20:30:00,MSS,long,5201.3,5192.5,5192.5,5206.2,False,,5206.2,TP,4.9,45.41,15
2026-03-11 21:00:00,2026-03-11 21:30:00,2026-03-11 21:51:00,EXTEND,short,5183.2,5189.4,5189.4,5163.4,False,,5163.4,TP,19.8,194.43,21
2026-03-11 22:00:00,2026-03-11 22:05:00,2026-03-11 22:42:00,MSS,long,5195.4,5185.4,5185.4,5205.0,False,,5185.4,SL,-10.0,-104.0,37
2026-03-12 01:30:00,2026-03-12 01:36:00,2026-03-12 01:37:00,MSS,short,5166.8,5175.9,5175.9,5170.7,False,,5166.8,TP,0.0,-4.0,1
2026-03-12 01:55:00,2026-03-12 02:00:00,2026-03-12 02:07:00,MSS,long,5178.4,5171.6,5171.6,5181.7,False,,5181.7,TP,3.3,28.74,7
2026-03-12 03:50:00,2026-03-12 03:57:00,2026-03-12 04:02:00,BOS,long,5190.6,5186.6,5186.6,5191.7,False,,5186.6,SL,-4.0,-44.0,5
2026-03-12 06:55:00,2026-03-12 07:31:00,2026-03-12 08:28:00,BOS,short,5160.6,5162.6,5162.6,5125.1,False,,5162.6,SL,-2.0,-24.0,57
2026-03-12 09:00:00,2026-03-12 09:22:00,2026-03-12 09:29:00,BOS,long,5165.1,5160.2,5160.2,5176.4,False,,5160.2,SL,-4.9,-53.0,7
2026-03-12 12:25:00,2026-03-12 12:34:00,2026-03-12 12:35:00,EXTEND,short,5153.4,5158.3,5158.3,5153.8,False,,5153.2,TP,0.2,-2.0,1
2026-03-12 13:10:00,2026-03-12 13:32:00,2026-03-12 13:37:00,EXTEND,long,5151.7,5145.8,5145.8,5156.3,False,,5156.3,TP,4.6,42.49,5
2026-03-12 14:25:00,2026-03-12 14:31:00,2026-03-12 14:32:00,MSS,long,5165.2,5160.7,5160.7,5165.6,False,,5165.6,TP,0.4,-0.19,1
2026-03-12 16:00:00,2026-03-12 17:09:00,2026-03-12 17:21:00,EXTEND,long,5185.7,5181.2,5181.2,5201.5,False,,5181.2,SL,-4.5,-49.0,12
2026-03-12 18:25:00,2026-03-12 18:30:00,2026-03-12 18:38:00,MSS,short,5186.3,5192.3,5192.3,5182.9,False,,5182.9,TP,3.4,29.86,8
2026-03-12 19:20:00,2026-03-12 19:29:00,2026-03-12 19:30:00,EXTEND,short,5182.4,5185.7,5185.7,5175.6,False,,5185.7,SL,-3.3,-37.0,1
2026-03-12 19:45:00,2026-03-12 19:57:00,2026-03-12 20:02:00,EXTEND,long,5186.0,5182.0,5182.0,5189.0,False,,5182.0,SL,-4.0,-44.0,5
2026-03-12 20:20:00,2026-03-12 20:39:00,2026-03-12 20:45:00,EXTEND,short,5176.4,5181.6,5181.6,5164.2,False,,5181.6,SL,-5.2,-56.0,6
2026-03-12 21:15:00,2026-03-12 21:20:00,2026-03-12 21:22:00,MSS,short,5176.9,5182.9,5182.9,5174.8,False,,5174.8,TP,2.1,16.8,2
2026-03-12 22:20:00,2026-03-12 22:30:00,2026-03-12 22:33:00,EXTEND,short,5158.0,5162.1,5162.1,5153.1,False,,5153.1,TP,4.9,44.89,3
2026-03-12 22:45:00,2026-03-12 23:00:00,2026-03-12 23:03:00,EXTEND,short,5144.1,5150.0,5150.0,5138.0,False,,5138.0,TP,6.1,57.02,3
2026-03-12 23:10:00,2026-03-12 23:30:00,2026-03-12 23:43:00,EXTEND,short,5131.7,5138.7,5138.7,5105.6,False,,5138.7,SL,-7.0,-74.0,13
2026-03-13 00:10:00,2026-03-13 00:29:00,2026-03-13 00:42:00,EXTEND,short,5137.8,5141.1,5141.1,5123.1,False,,5141.1,SL,-3.3,-37.0,13
2026-03-13 03:00:00,2026-03-13 03:14:00,2026-03-13 03:23:00,BOS,short,5091.0,5096.0,5096.0,5079.3,False,,5096.0,SL,-5.0,-54.0,9
2026-03-13 07:00:00,2026-03-13 07:23:00,2026-03-13 07:25:00,EXTEND,long,5099.9,5096.3,5096.3,5102.6,False,,5102.6,TP,2.7,23.43,2
2026-03-13 07:25:00,2026-03-13 07:46:00,2026-03-13 08:00:00,EXTEND,long,5100.0,5097.8,5097.8,5105.4,False,,5105.4,TP,5.4,50.19,14
2026-03-13 09:40:00,2026-03-13 09:45:00,2026-03-13 09:56:00,MSS,short,5114.3,5120.4,5120.4,5111.1,False,,5120.4,SL,-6.1,-65.0,11
2026-03-13 10:20:00,2026-03-13 10:31:00,2026-03-13 10:59:00,MSS,short,5122.8,5126.6,5126.6,5115.0,False,,5115.0,TP,7.8,73.99,28
2026-03-13 12:20:00,2026-03-13 12:25:00,2026-03-13 13:44:00,MSS,short,5110.6,5115.3,5115.3,5102.6,False,,5102.6,TP,8.0,75.96,79
2026-03-13 14:00:00,2026-03-13 14:05:00,2026-03-13 14:16:00,MSS,long,5111.0,5104.8,5104.8,5113.2,False,,5104.8,SL,-6.2,-66.0,11
2026-03-13 15:20:00,2026-03-13 15:47:00,2026-03-13 16:21:00,EXTEND,short,5091.9,5096.9,5096.9,5069.4,False,,5069.4,TP,22.5,220.56,34
2026-03-13 16:35:00,2026-03-13 16:40:00,2026-03-13 16:42:00,MSS,long,5087.4,5084.3,5084.3,5093.1,False,,5084.3,SL,-3.1,-35.0,2
2026-03-13 17:05:00,2026-03-13 17:51:00,2026-03-13 18:33:00,EXTEND,long,5097.7,5088.0,5088.0,5107.7,False,,5088.0,SL,-9.7,-101.0,42
2026-03-13 18:45:00,2026-03-13 18:50:00,2026-03-13 18:53:00,MSS,long,5101.2,5089.4,5089.4,5103.3,False,,5103.3,TP,2.1,16.88,3
2026-03-13 18:50:00,2026-03-13 19:17:00,2026-03-13 19:57:00,EXTEND,long,5098.0,5093.8,5093.8,5108.5,False,,5108.5,TP,10.5,100.95,40
2026-03-13 21:25:00,2026-03-13 21:30:00,2026-03-13 21:31:00,MSS,short,5112.5,5116.0,5116.0,5110.4,False,,5110.4,TP,2.1,16.95,1
2026-03-13 21:35:00,2026-03-13 21:55:00,2026-03-13 22:14:00,EXTEND,short,5110.9,5116.7,5116.7,5097.3,False,,5097.3,TP,13.6,131.76,19
2026-03-14 00:05:00,2026-03-14 00:44:00,2026-03-14 00:51:00,EXTEND,short,5049.0,5054.1,5054.1,5009.8,False,,5054.1,SL,-5.1,-55.0,7
2026-03-14 01:45:00,2026-03-14 01:50:00,2026-03-14 02:05:00,MSS,short,5050.7,5055.0,5055.0,5045.4,False,,5055.0,SL,-4.3,-47.0,15
2026-03-14 02:25:00,2026-03-14 02:39:00,2026-03-14 02:43:00,EXTEND,short,5046.9,5050.3,5050.3,5035.9,False,,5050.3,SL,-3.4,-38.0,4
2026-03-17 00:50:00,2026-03-17 01:00:00,2026-03-17 01:02:00,MSS,long,5000.5,4994.2,4994.2,5001.0,False,,5001.0,TP,0.5,1.27,2
2026-03-17 03:10:00,2026-03-17 07:23:00,2026-03-17 08:03:00,EXTEND,long,5012.6,5010.2,5010.2,5032.8,False,,5010.2,SL,-2.4,-28.0,40
2026-03-17 09:05:00,2026-03-17 09:10:00,2026-03-17 09:16:00,MSS,long,5012.9,4998.4,4998.4,5018.2,False,,5018.2,TP,5.3,49.12,6
2026-03-17 10:45:00,2026-03-17 11:15:00,2026-03-17 11:27:00,EXTEND,long,5029.0,5026.0,5026.0,5035.7,False,,5035.7,TP,6.7,63.06,12
2026-03-17 12:40:00,2026-03-17 13:14:00,2026-03-17 13:41:00,EXTEND,long,5045.2,5036.8,5036.8,5051.8,False,,5036.8,SL,-8.4,-88.0,27
2026-03-17 16:20:00,2026-03-17 16:42:00,2026-03-17 16:45:00,EXTEND,long,5027.8,5023.7,5023.7,5036.4,False,,5023.7,SL,-4.1,-45.0,3
2026-03-17 18:00:00,2026-03-17 18:06:00,2026-03-17 18:07:00,BOS,short,5008.9,5021.0,5021.0,5009.5,False,,5009.1,TP,-0.2,-6.0,1
2026-03-17 19:55:00,2026-03-17 20:00:00,2026-03-17 20:01:00,MSS,short,5006.7,5011.4,5011.4,5003.5,False,,5003.5,TP,3.2,28.46,1
2026-03-17 20:15:00,2026-03-17 20:20:00,2026-03-17 20:21:00,MSS,long,5020.2,5012.1,5012.1,5022.0,False,,5022.0,TP,1.8,13.96,1
2026-03-17 21:40:00,2026-03-17 22:08:00,2026-03-17 22:21:00,EXTEND,long,5023.9,5016.1,5016.1,5042.6,False,,5016.1,SL,-7.8,-82.0,13
2026-03-17 22:30:00,2026-03-17 22:53:00,2026-03-17 23:28:00,EXTEND,short,5015.6,5024.3,5024.3,5002.0,False,,5002.0,TP,13.6,131.57,35
2026-03-17 23:40:00,2026-03-18 00:02:00,2026-03-18 00:18:00,EXTEND,short,4997.9,5003.6,5003.6,4965.9,False,,5003.6,SL,-5.7,-61.0,16
2026-03-18 01:00:00,2026-03-18 01:19:00,2026-03-18 01:29:00,MSS,long,5009.4,5007.2,5007.2,5014.2,False,,5007.2,SL,-2.2,-26.0,10
2026-03-18 02:00:00,2026-03-18 02:05:00,2026-03-18 02:23:00,MSS,long,5011.3,5005.3,5005.3,5013.5,False,,5013.5,TP,2.2,18.0,18
2026-03-18 02:30:00,2026-03-18 02:55:00,2026-03-18 03:34:00,EXTEND,short,5008.8,5012.1,5012.1,5001.0,False,,5001.0,TP,7.8,73.73,39
2026-03-18 07:30:00,2026-03-18 07:42:00,2026-03-18 08:04:00,MSS,long,5006.9,5004.7,5004.7,5009.6,False,,5009.6,TP,2.7,22.85,22
2026-03-18 08:10:00,2026-03-18 08:49:00,2026-03-18 09:00:00,EXTEND,long,5009.8,5005.6,5005.6,5021.3,False,,5005.6,SL,-4.2,-46.0,11
2026-03-18 09:20:00,2026-03-18 10:00:00,2026-03-18 10:05:00,EXTEND,long,5004.2,5000.8,5000.8,5025.1,False,,5000.8,SL,-3.4,-38.0,5
2026-03-18 10:50:00,2026-03-18 10:55:00,2026-03-18 10:57:00,MSS,short,4997.6,5006.5,5006.5,4995.2,False,,4995.2,TP,2.4,20.19,2
2026-03-18 11:00:00,2026-03-18 11:43:00,2026-03-18 13:37:00,EXTEND,short,4997.3,5000.6,5000.6,4983.6,False,,5000.6,SL,-3.3,-37.0,114
2026-03-18 14:35:00,2026-03-18 15:02:00,2026-03-18 15:17:00,EXTEND,long,5016.1,5012.6,5012.6,5023.3,False,,5012.6,SL,-3.5,-39.0,15
2026-03-18 16:20:00,2026-03-18 16:36:00,2026-03-18 16:45:00,BOS,short,4993.3,4996.0,4996.0,4984.2,False,,4984.2,TP,9.1,86.94,9
2026-03-18 16:45:00,2026-03-18 17:12:00,2026-03-18 17:20:00,EXTEND,short,4992.2,4994.0,4994.0,4976.2,False,,4994.0,SL,-1.8,-22.0,8
2026-03-18 17:45:00,2026-03-18 17:57:00,2026-03-18 18:02:00,MSS,short,4995.4,4998.5,4998.5,4994.6,False,,4994.6,TP,0.8,4.34,5
2026-03-18 18:25:00,2026-03-18 18:34:00,2026-03-18 18:35:00,BOS,short,4984.4,4992.0,4992.0,4982.3,False,,4982.3,TP,2.1,16.62,1
2026-03-18 18:35:00,2026-03-18 18:50:00,2026-03-18 19:08:00,EXTEND,short,4976.7,4984.2,4984.2,4954.4,False,,4954.4,TP,22.3,219.02,18
2026-03-18 21:35:00,2026-03-18 21:40:00,2026-03-18 21:41:00,MSS,long,4876.1,4856.6,4856.6,4878.4,False,,4878.4,TP,2.3,19.27,1
2026-03-18 21:40:00,2026-03-18 21:59:00,2026-03-18 22:09:00,EXTEND,long,4880.4,4870.2,4870.2,4898.5,False,,4898.5,TP,18.1,176.93,10
2026-03-18 22:05:00,2026-03-18 22:33:00,2026-03-19 02:59:00,BOS,long,4868.3,4859.0,4859.0,4908.1,False,,4859.0,SL,-9.3,-97.0,266
2026-03-19 03:20:00,2026-03-19 03:25:00,2026-03-19 03:51:00,MSS,short,4851.2,4867.7,4867.7,4842.4,False,,4842.4,TP,8.8,84.43,26
2026-03-19 07:40:00,2026-03-19 07:58:00,2026-03-19 08:06:00,EXTEND,long,4840.5,4835.5,4835.5,4849.1,False,,4849.1,TP,8.6,81.96,8
2026-03-19 08:05:00,2026-03-19 08:23:00,2026-03-19 08:27:00,EXTEND,long,4844.5,4840.4,4840.4,4855.3,False,,4840.4,SL,-4.1,-45.0,4
2026-03-19 09:00:00,2026-03-19 09:27:00,2026-03-19 09:38:00,EXTEND,long,4841.8,4835.4,4835.4,4861.0,False,,4861.0,TP,19.2,188.29,11
2026-03-19 10:05:00,2026-03-19 10:30:00,2026-03-19 10:35:00,EXTEND,short,4856.8,4859.1,4859.1,4835.2,False,,4859.1,SL,-2.3,-27.0,5
2026-03-19 10:55:00,2026-03-19 11:09:00,2026-03-19 11:10:00,EXTEND,long,4864.8,4856.5,4856.5,4865.8,False,,4865.8,TP,1.0,6.22,1
2026-03-19 11:15:00,2026-03-19 11:40:00,2026-03-19 11:53:00,EXTEND,long,4858.2,4853.7,4853.7,4870.4,False,,4853.7,SL,-4.5,-49.0,13
2026-03-19 12:05:00,2026-03-19 12:29:00,2026-03-19 13:05:00,EXTEND,short,4851.6,4855.3,4855.3,4845.9,False,,4855.3,SL,-3.7,-41.0,36
2026-03-19 13:30:00,2026-03-19 13:37:00,2026-03-19 13:39:00,MSS,short,4840.0,4844.4,4844.4,4836.0,False,,4836.0,TP,4.0,35.58,2
2026-03-19 13:55:00,2026-03-19 14:06:00,2026-03-19 14:19:00,BOS,short,4835.1,4841.4,4841.4,4824.8,False,,4824.8,TP,10.3,99.18,13
2026-03-19 16:40:00,2026-03-19 16:54:00,2026-03-19 17:01:00,BOS,short,4708.7,4721.1,4721.1,4674.1,False,,4721.1,SL,-12.4,-128.0,7
2026-03-19 18:55:00,2026-03-19 19:08:00,2026-03-19 19:11:00,EXTEND,short,4689.1,4695.0,4695.0,4654.8,False,,4695.0,SL,-5.9,-63.0,3
2026-03-19 20:45:00,2026-03-19 21:00:00,2026-03-19 21:02:00,EXTEND,short,4554.4,4588.6,4588.6,4509.8,False,,4509.8,TP,44.6,441.98,2
2026-03-19 21:00:00,2026-03-19 21:40:00,2026-03-19 21:53:00,EXTEND,short,4552.4,4585.7,4585.7,4473.0,False,,4585.7,SL,-33.3,-337.0,13
2026-03-19 22:55:00,2026-03-19 23:00:00,2026-03-19 23:05:00,MSS,short,4604.4,4630.4,4630.4,4591.8,False,,4630.4,SL,-26.0,-264.0,5
2026-03-19 23:45:00,2026-03-20 00:10:00,2026-03-20 01:52:00,EXTEND,short,4607.2,4628.6,4628.6,4547.1,False,,4628.6,SL,-21.4,-218.0,102
2026-03-20 01:50:00,2026-03-20 02:10:00,2026-03-20 02:35:00,BOS,long,4616.8,4603.4,4603.4,4641.9,False,,4603.4,SL,-13.4,-138.0,25
2026-03-20 02:35:00,2026-03-20 02:50:00,2026-03-20 02:58:00,EXTEND,short,4608.6,4617.5,4617.5,4593.0,False,,4617.5,SL,-8.9,-93.0,8
2026-03-20 07:40:00,2026-03-20 07:58:00,2026-03-20 08:01:00,EXTEND,short,4644.3,4649.0,4649.0,4632.0,False,,4649.0,SL,-4.7,-51.0,3
2026-03-20 08:15:00,2026-03-20 08:38:00,2026-03-20 09:00:00,EXTEND,long,4652.8,4647.5,4647.5,4672.8,False,,4647.5,SL,-5.3,-57.0,22
2026-03-20 09:05:00,2026-03-20 09:28:00,2026-03-20 09:44:00,EXTEND,long,4661.6,4650.9,4650.9,4690.7,False,,4690.7,TP,29.1,286.72,16
2026-03-20 10:15:00,2026-03-20 10:32:00,2026-03-20 10:38:00,EXTEND,long,4688.2,4680.4,4680.4,4696.7,False,,4680.4,SL,-7.8,-82.0,6
2026-03-20 12:25:00,2026-03-20 12:30:00,2026-03-20 12:36:00,MSS,long,4724.9,4720.7,4720.7,4726.4,False,,4726.4,TP,1.5,11.01,6
2026-03-20 12:35:00,2026-03-20 12:53:00,2026-03-20 13:01:00,EXTEND,long,4722.5,4717.8,4717.8,4729.3,False,,4717.8,SL,-4.7,-51.0,8
2026-03-20 13:05:00,2026-03-20 13:30:00,2026-03-20 13:31:00,EXTEND,short,4713.1,4723.2,4723.2,4707.4,False,,4707.4,TP,5.7,53.21,1
2026-03-20 13:35:00,2026-03-20 13:47:00,2026-03-20 13:54:00,EXTEND,short,4702.4,4711.8,4711.8,4696.3,False,,4696.3,TP,6.1,57.4,7
2026-03-20 15:55:00,2026-03-20 16:07:00,2026-03-20 16:16:00,MSS,long,4709.2,4704.9,4704.9,4720.4,False,,4720.4,TP,11.2,107.75,9
2026-03-20 16:55:00,2026-03-20 17:31:00,2026-03-20 17:40:00,EXTEND,short,4688.0,4694.7,4694.7,4678.0,False,,4678.0,TP,10.0,95.74,9
2026-03-20 18:00:00,2026-03-20 18:10:00,2026-03-20 18:39:00,BOS,short,4651.1,4669.5,4669.5,4645.3,False,,4669.5,SL,-18.4,-188.0,29
2026-03-20 18:35:00,2026-03-20 19:02:00,2026-03-20 19:42:00,MSS,long,4654.6,4638.3,4638.3,4676.0,False,,4676.0,TP,21.4,209.89,40
2026-03-20 19:40:00,2026-03-20 19:56:00,2026-03-20 20:01:00,EXTEND,long,4669.2,4662.9,4662.9,4683.4,False,,4683.4,TP,14.2,137.55,5
2026-03-20 20:30:00,2026-03-20 20:39:00,2026-03-20 20:40:00,MSS,short,4666.4,4679.2,4679.2,4664.2,False,,4664.2,TP,2.2,18.1,1
2026-03-20 20:40:00,2026-03-20 21:00:00,2026-03-20 21:11:00,EXTEND,short,4673.0,4681.7,4681.7,4654.7,False,,4654.7,TP,18.3,179.35,11
2026-03-20 21:35:00,2026-03-20 21:50:00,2026-03-20 21:52:00,EXTEND,short,4644.9,4657.7,4657.7,4627.6,False,,4627.6,TP,17.3,168.8,2
2026-03-20 22:55:00,2026-03-20 23:08:00,2026-03-20 23:12:00,EXTEND,short,4563.7,4577.8,4577.8,4537.7,False,,4577.8,SL,-14.1,-145.0,4
2026-03-20 23:25:00,2026-03-20 23:40:00,2026-03-21 00:03:00,EXTEND,short,4561.0,4569.3,4569.3,4529.5,False,,4569.3,SL,-8.3,-87.0,23
2026-03-21 00:20:00,2026-03-21 00:53:00,2026-03-21 01:24:00,EXTEND,long,4581.5,4573.4,4573.4,4634.7,False,,4573.4,SL,-8.1,-85.0,31
2026-03-23 07:35:00,2026-03-23 07:48:00,2026-03-23 07:49:00,MSS,short,4461.5,4494.5,4494.5,4465.6,False,,4462.0,TP,-0.5,-9.0,1
2026-03-23 08:15:00,2026-03-23 08:32:00,2026-03-23 08:35:00,EXTEND,short,4424.4,4438.8,4438.8,4388.8,False,,4388.8,TP,35.6,352.31,3
2026-03-23 11:40:00,2026-03-23 12:30:00,2026-03-23 12:36:00,EXTEND,short,4367.1,4375.0,4375.0,4329.1,False,,4375.0,SL,-7.9,-83.0,6
2026-03-23 12:50:00,2026-03-23 12:55:00,2026-03-23 13:01:00,MSS,short,4356.9,4375.2,4375.2,4344.4,False,,4375.2,SL,-18.3,-187.0,6
2026-03-23 15:20:00,2026-03-23 15:49:00,2026-03-23 16:06:00,EXTEND,short,4215.6,4234.0,4234.0,4063.5,False,,4234.0,SL,-18.4,-188.0,17
2026-03-23 16:15:00,2026-03-23 16:30:00,2026-03-23 17:15:00,EXTEND,long,4240.3,4213.9,4213.9,4277.3,False,,4277.3,TP,37.0,366.35,45
2026-03-23 17:30:00,2026-03-23 17:58:00,2026-03-23 19:05:00,EXTEND,long,4252.2,4235.0,4235.0,4334.5,False,,4334.5,TP,82.3,819.08,67
2026-03-23 20:05:00,2026-03-23 20:30:00,2026-03-23 20:33:00,EXTEND,short,4385.2,4403.0,4403.0,4316.5,False,,4403.0,SL,-17.8,-182.0,3
2026-03-23 21:15:00,2026-03-23 21:20:00,2026-03-23 21:25:00,MSS,short,4436.3,4456.8,4456.8,4415.0,False,,4415.0,TP,21.3,208.98,5
2026-03-23 21:50:00,2026-03-23 22:01:00,2026-03-23 22:15:00,MSS,long,4474.7,4440.9,4440.9,4483.1,False,,4483.1,TP,8.4,80.22,14
2026-03-23 22:25:00,2026-03-23 22:56:00,2026-03-23 22:59:00,EXTEND,long,4478.9,4463.2,4463.2,4532.4,False,,4463.2,SL,-15.7,-161.0,3
2026-03-24 01:35:00,2026-03-24 01:54:00,2026-03-24 02:07:00,EXTEND,long,4427.0,4406.7,4406.7,4455.0,False,,4406.7,SL,-20.3,-207.0,13
2026-03-24 02:05:00,2026-03-24 02:22:00,2026-03-24 02:25:00,MSS,short,4412.8,4419.5,4419.5,4395.2,False,,4419.5,SL,-6.7,-71.0,3
2026-03-24 03:10:00,2026-03-24 03:15:00,2026-03-24 03:46:00,MSS,short,4406.5,4427.9,4427.9,4386.7,False,,4427.9,SL,-21.4,-218.0,31
2026-03-24 03:45:00,2026-03-24 07:07:00,2026-03-24 07:14:00,EXTEND,long,4439.3,4426.8,4426.8,4439.7,False,,4439.7,TP,0.4,0.47,7
2026-03-24 07:40:00,2026-03-24 07:55:00,2026-03-24 08:15:00,EXTEND,short,4439.1,4448.4,4448.4,4416.5,False,,4416.5,TP,22.6,221.63,20
2026-03-24 10:25:00,2026-03-24 10:30:00,2026-03-24 10:33:00,MSS,long,4353.8,4335.1,4335.1,4367.7,False,,4367.7,TP,13.9,135.22,3
2026-03-24 11:45:00,2026-03-24 12:08:00,2026-03-24 13:05:00,EXTEND,short,4348.5,4357.8,4357.8,4326.2,False,,4326.2,TP,22.3,219.34,57
2026-03-24 13:05:00,2026-03-24 13:27:00,2026-03-24 13:35:00,BOS,short,4338.7,4343.6,4343.6,4311.7,False,,4343.6,SL,-4.9,-53.0,8
2026-03-24 14:55:00,2026-03-24 15:00:00,2026-03-24 15:02:00,MSS,long,4413.4,4381.0,4381.0,4415.4,False,,4415.4,TP,2.0,15.78,2
2026-03-24 16:20:00,2026-03-24 16:25:00,2026-03-24 16:31:00,MSS,short,4394.6,4403.8,4403.8,4388.4,False,,4403.8,SL,-9.2,-96.0,6
2026-03-24 17:55:00,2026-03-24 18:09:00,2026-03-24 18:30:00,BOS,long,4429.2,4421.4,4421.4,4437.5,False,,4421.4,SL,-7.8,-82.0,21
2026-03-24 19:00:00,2026-03-24 19:05:00,2026-03-24 19:07:00,MSS,short,4401.5,4416.1,4416.1,4355.0,False,,4416.1,SL,-14.6,-150.0,2
2026-03-24 19:50:00,2026-03-24 20:21:00,2026-03-24 20:33:00,MSS,short,4414.5,4428.1,4428.1,4380.4,False,,4380.4,TP,34.1,337.06,12
2026-03-24 21:55:00,2026-03-24 22:00:00,2026-03-24 22:03:00,MSS,long,4387.1,4372.1,4372.1,4393.7,False,,4393.7,TP,6.6,61.8,3
2026-03-24 22:50:00,2026-03-24 23:14:00,2026-03-24 23:20:00,BOS,long,4412.6,4405.8,4405.8,4443.2,False,,4405.8,SL,-6.8,-72.0,6
2026-03-25 00:00:00,2026-03-25 00:05:00,2026-03-25 00:07:00,MSS,short,4407.1,4412.7,4412.7,4398.3,False,,4412.7,SL,-5.6,-60.0,2
2026-03-25 00:05:00,2026-03-25 00:30:00,2026-03-25 00:44:00,EXTEND,short,4419.4,4425.1,4425.1,4395.0,False,,4425.1,SL,-5.7,-61.0,14
2026-03-25 01:45:00,2026-03-25 02:09:00,2026-03-25 02:11:00,EXTEND,short,4386.0,4392.7,4392.7,4361.8,False,,4392.7,SL,-6.7,-71.0,2
2026-03-25 03:05:00,2026-03-25 03:10:00,2026-03-25 03:27:00,MSS,long,4405.4,4397.4,4397.4,4411.9,False,,4411.9,TP,6.5,60.59,17
2026-03-25 08:45:00,2026-03-25 09:05:00,2026-03-25 09:31:00,EXTEND,long,4572.2,4553.3,4553.3,4581.5,False,,4581.5,TP,9.3,88.59,26
2026-03-25 10:05:00,2026-03-25 10:10:00,2026-03-25 10:26:00,MSS,short,4580.9,4591.3,4591.3,4572.9,False,,4591.3,SL,-10.4,-108.0,16
2026-03-25 11:45:00,2026-03-25 12:01:00,2026-03-25 12:05:00,EXTEND,short,4565.1,4573.0,4573.0,4563.1,False,,4573.0,SL,-7.9,-83.0,4
2026-03-25 13:30:00,2026-03-25 13:49:00,2026-03-25 14:09:00,EXTEND,short,4558.8,4565.7,4565.7,4541.5,False,,4541.5,TP,17.3,168.8,20
2026-03-25 14:10:00,2026-03-25 14:37:00,2026-03-25 15:14:00,EXTEND,short,4549.6,4556.3,4556.3,4522.9,False,,4556.3,SL,-6.7,-71.0,37
2026-03-25 15:45:00,2026-03-25 15:57:00,2026-03-25 16:02:00,EXTEND,short,4538.4,4546.0,4546.0,4533.1,False,,4546.0,SL,-7.6,-80.0,5
2026-03-25 16:15:00,2026-03-25 16:20:00,2026-03-25 16:36:00,MSS,long,4566.3,4558.8,4558.8,4572.0,False,,4558.8,SL,-7.5,-79.0,16
2026-03-25 17:45:00,2026-03-25 18:10:00,2026-03-25 18:39:00,EXTEND,short,4554.1,4557.8,4557.8,4515.3,False,,4557.8,SL,-3.7,-41.0,29
2026-03-25 20:15:00,2026-03-25 20:23:00,2026-03-25 20:24:00,MSS,short,4558.2,4567.0,4567.0,4555.4,False,,4555.4,TP,2.8,24.32,1
2026-03-25 21:00:00,2026-03-25 21:05:00,2026-03-25 21:52:00,MSS,long,4562.8,4539.8,4539.8,4579.4,False,,4539.8,SL,-23.0,-234.0,47
2026-03-25 22:15:00,2026-03-25 22:20:00,2026-03-25 22:24:00,MSS,long,4558.2,4548.1,4548.1,4568.9,False,,4548.1,SL,-10.1,-105.0,4
2026-03-25 23:15:00,2026-03-25 23:38:00,2026-03-25 23:57:00,MSS,short,4558.3,4563.8,4563.8,4507.6,False,,4563.8,SL,-5.5,-59.0,19
2026-03-26 00:20:00,2026-03-26 00:47:00,2026-03-26 01:34:00,EXTEND,short,4550.1,4559.5,4559.5,4537.6,False,,4559.5,SL,-9.4,-98.0,47
2026-03-26 01:50:00,2026-03-26 01:55:00,2026-03-26 02:00:00,MSS,short,4546.2,4556.7,4556.7,4539.4,False,,4556.7,SL,-10.5,-109.0,5
2026-03-26 02:00:00,2026-03-26 02:13:00,2026-03-26 02:21:00,EXTEND,short,4546.0,4551.0,4551.0,4537.5,False,,4551.0,SL,-5.0,-54.0,8
2026-03-26 03:40:00,2026-03-26 03:56:00,2026-03-26 03:59:00,MSS,long,4522.0,4514.7,4514.7,4530.7,False,,4530.7,TP,8.7,82.51,3
2026-03-26 08:10:00,2026-03-26 08:15:00,2026-03-26 08:50:00,MSS,long,4525.7,4504.9,4504.9,4535.9,False,,4535.9,TP,10.2,98.35,35
2026-03-26 08:50:00,2026-03-26 09:02:00,2026-03-26 09:03:00,EXTEND,long,4539.5,4528.2,4528.2,4540.6,False,,4540.6,TP,1.1,6.5,1
2026-03-26 09:00:00,2026-03-26 09:30:00,2026-03-26 09:34:00,EXTEND,long,4532.9,4525.4,4525.4,4547.0,False,,4525.4,SL,-7.5,-79.0,4
2026-03-26 09:50:00,2026-03-26 10:00:00,2026-03-26 10:35:00,EXTEND,short,4528.9,4532.7,4532.7,4514.5,False,,4514.5,TP,14.4,140.42,35
2026-03-26 13:05:00,2026-03-26 13:10:00,2026-03-26 13:12:00,MSS,short,4506.5,4512.0,4512.0,4505.2,False,,4505.2,TP,1.3,9.16,2
2026-03-26 18:35:00,2026-03-26 18:40:00,2026-03-26 18:44:00,MSS,short,4432.6,4441.4,4441.4,4421.1,False,,4421.1,TP,11.5,110.57,4
2026-03-26 18:40:00,2026-03-26 19:43:00,2026-03-26 21:23:00,EXTEND,short,4441.0,4449.0,4449.0,4413.0,False,,4449.0,SL,-8.0,-84.0,100
2026-03-26 21:20:00,2026-03-26 21:37:00,2026-03-26 21:40:00,MSS,long,4441.3,4430.9,4430.9,4456.6,False,,4430.9,SL,-10.4,-108.0,3
2026-03-26 21:40:00,2026-03-26 22:11:00,2026-03-26 22:15:00,EXTEND,short,4435.6,4446.5,4446.5,4419.0,False,,4446.5,SL,-10.9,-113.0,4
2026-03-26 22:50:00,2026-03-26 22:55:00,2026-03-26 23:00:00,MSS,short,4453.9,4465.3,4465.3,4436.7,False,,4465.3,SL,-11.4,-118.0,5
2026-03-27 01:05:00,2026-03-27 01:19:00,2026-03-27 01:23:00,MSS,long,4391.4,4381.7,4381.7,4403.3,False,,4381.7,SL,-9.7,-101.0,4
2026-03-27 01:25:00,2026-03-27 01:41:00,2026-03-27 02:20:00,MSS,short,4379.0,4388.8,4388.8,4367.1,False,,4367.1,TP,11.9,115.35,39
2026-03-27 02:40:00,2026-03-27 02:47:00,2026-03-27 03:04:00,MSS,long,4393.5,4387.1,4387.1,4399.9,False,,4387.1,SL,-6.4,-68.0,17
2026-03-27 03:10:00,2026-03-27 03:25:00,2026-03-27 03:32:00,EXTEND,short,4380.4,4388.6,4388.6,4373.9,False,,4373.9,TP,6.5,61.01,7
2026-03-27 03:30:00,2026-03-27 03:47:00,2026-03-27 03:51:00,EXTEND,short,4373.5,4376.9,4376.9,4366.6,False,,4366.6,TP,6.9,64.71,4
2026-03-27 08:20:00,2026-03-27 08:35:00,2026-03-27 09:10:00,MSS,short,4383.4,4390.0,4390.0,4369.3,False,,4390.0,SL,-6.6,-70.0,35
2026-03-27 11:05:00,2026-03-27 11:26:00,2026-03-27 11:29:00,EXTEND,short,4423.9,4427.4,4427.4,4409.6,False,,4427.4,SL,-3.5,-39.0,3
2026-03-27 13:40:00,2026-03-27 14:09:00,2026-03-27 15:02:00,EXTEND,long,4455.6,4445.8,4445.8,4478.5,False,,4445.8,SL,-9.8,-102.0,53
2026-03-27 15:05:00,2026-03-27 15:18:00,2026-03-27 16:17:00,EXTEND,short,4446.0,4452.2,4452.2,4436.7,False,,4436.7,TP,9.3,89.44,59
2026-03-27 17:10:00,2026-03-27 17:35:00,2026-03-27 18:42:00,EXTEND,short,4426.8,4433.3,4433.3,4411.2,False,,4411.2,TP,15.6,151.76,67
2026-03-27 19:40:00,2026-03-27 19:45:00,2026-03-27 19:46:00,MSS,long,4417.7,4410.0,4410.0,4418.7,False,,4418.7,TP,1.0,5.87,1
2026-03-27 19:55:00,2026-03-27 20:13:00,2026-03-27 20:16:00,EXTEND,long,4421.0,4407.6,4407.6,4424.1,False,,4424.1,TP,3.1,27.48,3
2026-03-27 20:15:00,2026-03-27 20:37:00,2026-03-27 20:50:00,EXTEND,long,4427.5,4419.4,4419.4,4434.3,False,,4434.4,TP,6.9,65.0,13
2026-03-27 21:10:00,2026-03-27 21:22:00,2026-03-27 21:28:00,EXTEND,short,4428.0,4436.4,4436.4,4413.0,False,,4413.0,TP,15.0,145.89,6
2026-03-27 21:30:00,2026-03-27 21:55:00,2026-03-27 21:59:00,EXTEND,short,4417.7,4426.0,4426.0,4400.6,False,,4426.0,SL,-8.3,-87.0,4
2026-03-27 22:15:00,2026-03-27 22:31:00,2026-03-27 22:50:00,BOS,long,4454.7,4447.3,4447.3,4472.8,False,,4472.8,TP,18.1,176.85,19
2026-03-28 00:00:00,2026-03-28 00:11:00,2026-03-28 00:18:00,EXTEND,short,4522.0,4530.0,4530.0,4510.1,False,,4530.0,SL,-8.0,-84.0,7
2026-03-28 00:40:00,2026-03-28 01:13:00,2026-03-28 01:18:00,EXTEND,short,4509.7,4513.4,4513.4,4496.9,False,,4496.9,TP,12.8,124.17,5
2026-03-28 02:15:00,2026-03-28 02:20:00,2026-03-28 02:24:00,MSS,long,4508.0,4501.9,4501.9,4514.2,False,,4501.9,SL,-6.1,-65.0,4
2026-03-28 03:15:00,2026-03-28 03:20:00,2026-03-28 03:40:00,MSS,long,4517.3,4506.4,4506.4,4523.2,False,,4506.4,SL,-10.9,-113.0,20
2026-03-30 07:05:00,2026-03-30 07:28:00,2026-03-30 07:32:00,BOS,short,4471.9,4476.7,4476.7,4454.4,False,,4454.4,TP,17.5,170.93,4
2026-03-30 08:20:00,2026-03-30 08:25:00,2026-03-30 09:35:00,MSS,long,4452.1,4424.2,4424.2,4471.1,False,,4471.1,TP,19.0,186.5,57
2026-03-30 10:20:00,2026-03-30 10:33:00,2026-03-30 10:41:00,MSS,short,4457.5,4471.3,4471.3,4461.6,False,,4471.3,SL,-13.8,-142.0,3
2026-03-30 15:00:00,2026-03-30 15:05:00,2026-03-30 15:34:00,MSS,short,4520.1,4546.0,4546.0,4515.5,False,,4512.4,TP,7.7,73.0,18
2026-03-30 15:50:00,2026-03-30 15:57:00,2026-03-30 16:02:00,MSS,long,4522.7,4519.1,4519.1,4523.3,False,,4523.6,TP,0.9,5.0,2
2026-03-30 19:50:00,2026-03-30 20:11:00,2026-03-30 21:42:00,EXTEND,long,4557.8,4545.9,4545.9,4588.4,False,,4545.9,SL,-11.9,-123.0,74
2026-03-31 00:00:00,2026-03-31 00:05:00,2026-03-31 00:11:00,MSS,short,4539.4,4542.8,4542.8,4533.4,False,,4543.7,SL,-4.3,-47.0,6
2026-03-31 01:15:00,2026-03-31 01:31:00,2026-03-31 01:57:00,MSS,short,4518.8,4524.2,4524.2,4511.8,False,,4511.8,TP,7.0,66.17,7
2026-04-07 23:55:00,2026-04-08 01:08:00,2026-04-08 01:09:00,MSS,long,4667.4,4635.0,4635.0,4659.4,False,,4667.4,TP,0.0,-4.0,1
2026-04-29 08:50:00,2026-04-29 09:00:00,2026-04-29 09:01:00,BOS,short,4608.1,4615.5,4615.5,4607.0,False,,4607.0,TP,1.1,6.84,1
2026-04-29 09:40:00,2026-04-29 09:59:00,2026-04-29 10:01:00,MSS,long,4598.1,4594.1,4594.1,4608.8,False,,4608.8,TP,10.7,102.83,2
2026-04-29 10:40:00,2026-04-29 10:52:00,2026-04-29 10:53:00,EXTEND,short,4609.0,4614.8,4614.8,4606.6,False,,4606.6,TP,2.4,19.87,1
2026-04-29 11:10:00,2026-04-29 11:15:00,2026-04-29 11:28:00,MSS,long,4615.2,4611.8,4611.8,4619.4,False,,4611.8,SL,-3.4,-38.0,13
2026-04-29 13:35:00,2026-04-29 13:53:00,2026-04-29 14:00:00,EXTEND,short,4611.9,4616.9,4616.9,4603.9,False,,4603.9,TP,8.0,75.99,7
2026-04-29 14:00:00,2026-04-29 14:06:00,2026-04-29 14:16:00,EXTEND,short,4608.4,4616.9,4616.9,4600.3,False,,4600.3,TP,8.1,77.37,10
2026-04-29 15:05:00,2026-04-29 15:10:00,2026-04-29 15:19:00,MSS,short,4593.9,4603.3,4603.3,4590.5,False,,4590.5,TP,3.4,30.27,9
2026-04-29 16:50:00,2026-04-29 16:55:00,2026-04-29 17:00:00,MSS,long,4588.6,4585.3,4585.3,4593.4,False,,4585.3,SL,-3.3,-37.0,5
2026-04-29 17:25:00,2026-04-29 17:30:00,2026-04-29 17:41:00,MSS,short,4578.8,4594.1,4594.1,4574.7,False,,4574.7,TP,4.1,37.31,11
2026-04-29 18:15:00,2026-04-29 18:30:00,2026-04-29 18:37:00,MSS,long,4588.6,4583.9,4583.9,4592.5,False,,4583.9,SL,-4.7,-51.0,7
2026-04-29 19:55:00,2026-04-29 20:10:00,2026-04-29 20:16:00,EXTEND,short,4574.5,4581.4,4581.4,4568.2,False,,4581.4,SL,-6.9,-73.0,6
2026-04-29 20:55:00,2026-04-29 21:19:00,2026-04-29 21:20:00,EXTEND,short,4556.4,4564.5,4564.5,4547.6,False,,4547.6,TP,8.8,84.0,1
2026-04-29 22:35:00,2026-04-29 22:54:00,2026-04-29 23:06:00,EXTEND,long,4551.9,4544.7,4544.7,4559.5,False,,4559.5,TP,7.6,71.56,12
2026-04-29 23:05:00,2026-04-29 23:16:00,2026-04-29 23:37:00,EXTEND,long,4553.1,4548.6,4548.6,4564.5,False,,4564.5,TP,11.4,110.36,21
2026-04-29 23:45:00,2026-04-30 00:00:00,2026-04-30 00:03:00,EXTEND,long,4564.4,4557.6,4557.6,4576.8,False,,4576.8,TP,12.4,120.3,3
2026-04-30 00:30:00,2026-04-30 00:35:00,2026-04-30 00:53:00,MSS,short,4565.4,4577.6,4577.6,4559.2,False,,4559.2,TP,6.2,58.15,18
2026-04-30 01:25:00,2026-04-30 01:30:00,2026-04-30 01:35:00,MSS,short,4560.1,4568.5,4568.5,4557.3,False,,4557.3,TP,2.8,23.76,5
2026-04-30 02:05:00,2026-04-30 02:10:00,2026-04-30 02:14:00,EXTEND,short,4545.7,4567.5,4567.5,4541.5,False,,4541.5,TP,4.2,38.2,4
2026-04-30 02:15:00,2026-04-30 02:26:00,2026-04-30 02:36:00,EXTEND,short,4546.2,4551.2,4551.2,4532.6,False,,4551.2,SL,-5.0,-54.0,10
2026-04-30 03:10:00,2026-04-30 03:15:00,2026-04-30 03:34:00,MSS,long,4563.5,4551.8,4551.8,4567.7,False,,4551.8,SL,-11.7,-121.0,19
2026-04-30 07:00:00,2026-04-30 07:13:00,2026-04-30 07:16:00,BOS,long,4564.6,4563.1,4563.1,4567.3,False,,4567.3,TP,2.7,23.42,3
2026-04-30 07:15:00,2026-04-30 07:27:00,2026-04-30 07:45:00,EXTEND,long,4564.6,4562.8,4562.8,4569.0,False,,4569.0,TP,4.4,39.93,18
2026-04-30 08:00:00,2026-04-30 08:18:00,2026-04-30 09:27:00,EXTEND,long,4576.3,4568.2,4568.2,4586.9,False,,4586.9,TP,10.6,102.0,69
2026-04-30 09:30:00,2026-04-30 09:53:00,2026-04-30 10:24:00,EXTEND,long,4591.7,4585.4,4585.4,4597.7,False,,4585.4,SL,-6.3,-67.0,31
2026-04-30 13:15:00,2026-04-30 13:22:00,2026-04-30 13:24:00,EXTEND,long,4566.1,4563.3,4563.3,4569.0,False,,4569.0,TP,2.9,25.02,2
2026-04-30 17:15:00,2026-04-30 17:27:00,2026-04-30 17:28:00,EXTEND,long,4633.3,4629.7,4629.7,4634.1,False,,4634.1,TP,0.8,3.85,1
2026-04-30 17:30:00,2026-04-30 17:47:00,2026-04-30 18:27:00,EXTEND,long,4633.1,4630.0,4630.0,4648.6,False,,4648.6,TP,15.5,150.82,40
2026-04-30 19:05:00,2026-04-30 19:22:00,2026-04-30 19:27:00,EXTEND,long,4652.8,4645.6,4645.6,4661.8,False,,4645.6,SL,-7.2,-76.0,5
2026-04-30 20:30:00,2026-04-30 20:44:00,2026-04-30 20:46:00,MSS,short,4638.4,4643.6,4643.6,4630.7,False,,4643.6,SL,-5.2,-56.0,2
2026-04-30 22:35:00,2026-04-30 23:02:00,2026-04-30 23:09:00,BOS,short,4630.3,4635.5,4635.5,4618.5,False,,4635.5,SL,-5.2,-56.0,7
2026-04-30 23:10:00,2026-04-30 23:24:00,2026-04-30 23:39:00,EXTEND,long,4633.3,4628.0,4628.0,4639.3,False,,4628.0,SL,-5.3,-57.0,15
2026-05-01 00:15:00,2026-05-01 00:40:00,2026-05-01 00:49:00,BOS,short,4622.3,4625.3,4625.3,4614.5,False,,4625.3,SL,-3.0,-34.0,9
2026-05-01 00:55:00,2026-05-01 01:17:00,2026-05-01 01:20:00,BOS,short,4626.8,4632.1,4632.1,4615.4,False,,4632.1,SL,-5.3,-57.0,3
2026-05-01 02:15:00,2026-05-01 02:47:00,2026-05-01 03:20:00,EXTEND,long,4635.1,4633.1,4633.1,4641.5,False,,4633.1,SL,-2.0,-24.0,33
2026-05-01 07:55:00,2026-05-01 08:00:00,2026-05-01 08:11:00,MSS,short,4637.3,4645.2,4645.2,4636.0,False,,4636.0,TP,1.3,8.95,11
2026-05-01 08:10:00,2026-05-01 08:23:00,2026-05-01 09:00:00,BOS,short,4636.7,4640.9,4640.9,4629.9,False,,4629.9,TP,6.8,64.16,37
2026-05-01 10:00:00,2026-05-01 10:09:00,2026-05-01 10:10:00,MSS,long,4638.2,4635.0,4635.0,4639.3,False,,4639.3,TP,1.1,6.63,1
2026-05-01 10:40:00,2026-05-01 10:45:00,2026-05-01 10:46:00,MSS,short,4633.8,4640.3,4640.3,4633.3,False,,4633.3,TP,0.5,0.79,1
2026-05-01 10:55:00,2026-05-01 11:40:00,2026-05-01 12:33:00,EXTEND,short,4640.0,4643.7,4643.7,4623.9,False,,4623.9,TP,16.1,156.77,53
2026-05-01 13:35:00,2026-05-01 13:40:00,2026-05-01 13:45:00,MSS,short,4621.8,4626.8,4626.8,4618.6,False,,4618.6,TP,3.2,28.44,5
2026-05-01 17:55:00,2026-05-01 18:35:00,2026-05-01 19:25:00,EXTEND,short,4580.8,4587.2,4587.2,4566.5,False,,4587.2,SL,-6.4,-68.0,50
2026-05-01 20:05:00,2026-05-01 20:13:00,2026-05-01 20:14:00,EXTEND,long,4592.7,4585.8,4585.8,4593.3,False,,4593.3,TP,0.6,1.98,1
2026-05-01 20:25:00,2026-05-01 21:32:00,2026-05-01 21:54:00,EXTEND,long,4606.5,4597.1,4597.1,4628.1,False,,4628.1,TP,21.6,212.37,22
2026-05-01 23:10:00,2026-05-01 23:15:00,2026-05-01 23:31:00,MSS,long,4649.5,4635.1,4635.1,4652.4,False,,4652.4,TP,2.9,24.71,16
2026-05-02 00:05:00,2026-05-02 00:10:00,2026-05-02 00:12:00,MSS,short,4650.0,4653.4,4653.4,4647.7,False,,4653.4,SL,-3.4,-38.0,2
2026-05-02 00:30:00,2026-05-02 00:35:00,2026-05-02 00:41:00,MSS,short,4646.3,4652.7,4652.7,4641.8,False,,4652.7,SL,-6.4,-68.0,6
2026-05-02 01:40:00,2026-05-02 02:01:00,2026-05-02 02:05:00,EXTEND,short,4639.2,4642.7,4642.7,4635.0,False,,4635.0,TP,4.2,37.91,4
2026-05-02 03:10:00,2026-05-02 03:15:00,2026-05-02 03:30:00,MSS,long,4638.8,4633.7,4633.7,4640.4,False,,4633.7,SL,-5.1,-55.0,15
2026-05-04 08:00:00,2026-05-04 08:17:00,2026-05-04 09:04:00,MSS,short,4621.0,4626.5,4626.5,4612.3,False,,4612.3,TP,8.7,82.56,47
2026-05-04 09:50:00,2026-05-04 09:55:00,2026-05-04 09:58:00,MSS,long,4617.7,4615.6,4615.6,4621.6,False,,4621.6,TP,3.9,35.34,3
2026-05-04 10:00:00,2026-05-04 10:33:00,2026-05-04 14:05:00,EXTEND,long,4606.2,4601.6,4601.6,4637.0,False,,4601.6,SL,-4.6,-50.0,212
2026-05-04 14:05:00,2026-05-04 14:15:00,2026-05-04 14:45:00,EXTEND,short,4604.6,4610.0,4610.0,4595.1,False,,4595.1,TP,9.5,91.34,30
2026-05-04 17:00:00,2026-05-04 17:05:00,2026-05-04 17:14:00,MSS,long,4591.5,4586.7,4586.7,4593.4,False,,4593.4,TP,1.9,15.31,9
2026-05-04 17:50:00,2026-05-04 17:56:00,2026-05-04 17:57:00,MSS,short,4588.6,4590.8,4590.8,4586.8,False,,4586.8,TP,1.8,13.63,1
2026-05-04 18:20:00,2026-05-04 19:05:00,2026-05-04 20:16:00,EXTEND,short,4572.3,4581.5,4581.5,4519.7,False,,4581.5,SL,-9.2,-96.0,71
2026-05-04 20:20:00,2026-05-04 20:38:00,2026-05-04 21:00:00,EXTEND,long,4579.3,4571.7,4571.7,4597.6,False,,4571.7,SL,-7.6,-80.0,22
2026-05-04 21:00:00,2026-05-04 21:21:00,2026-05-04 21:32:00,MSS,short,4573.3,4577.9,4577.9,4562.8,False,,4577.9,SL,-4.6,-50.0,11
2026-05-04 21:30:00,2026-05-04 21:37:00,2026-05-04 21:42:00,EXTEND,short,4575.8,4581.6,4581.6,4560.6,False,,4581.6,SL,-5.8,-62.0,5
2026-05-04 22:15:00,2026-05-04 22:20:00,2026-05-04 22:22:00,MSS,long,4586.7,4576.3,4576.3,4590.8,False,,4590.8,TP,4.1,37.16,2
2026-05-04 22:55:00,2026-05-04 23:00:00,2026-05-04 23:13:00,MSS,short,4574.6,4583.8,4583.8,4564.3,False,,4564.3,TP,10.3,98.53,13
2026-05-05 00:10:00,2026-05-05 00:27:00,2026-05-05 01:05:00,EXTEND,short,4524.3,4534.4,4534.4,4498.4,False,,4534.4,SL,-10.1,-105.0,38
2026-05-05 03:00:00,2026-05-05 03:07:00,2026-05-05 03:08:00,EXTEND,long,4527.7,4520.8,4520.8,4528.9,False,,4528.9,TP,1.2,8.09,1
2026-05-05 03:35:00,2026-05-05 07:01:00,2026-05-05 08:26:00,EXTEND,long,4527.6,4524.9,4524.9,4541.1,False,,4524.9,SL,-2.7,-31.0,85
2026-05-05 10:15:00,2026-05-05 10:20:00,2026-05-05 10:26:00,MSS,short,4546.1,4548.7,4548.7,4543.0,False,,4548.7,SL,-2.6,-30.0,6
2026-05-05 10:45:00,2026-05-05 11:05:00,2026-05-05 11:28:00,EXTEND,long,4550.7,4546.6,4546.6,4559.4,False,,4546.6,SL,-4.1,-45.0,23
2026-05-05 13:05:00,2026-05-05 13:10:00,2026-05-05 13:35:00,MSS,long,4551.6,4539.9,4539.9,4558.7,False,,4558.7,TP,7.1,66.96,25
2026-05-05 14:15:00,2026-05-05 14:20:00,2026-05-05 14:24:00,MSS,short,4548.2,4555.3,4555.3,4544.7,False,,4544.7,TP,3.5,30.64,4
2026-05-05 14:20:00,2026-05-05 14:57:00,2026-05-05 15:00:00,EXTEND,short,4557.7,4560.8,4560.8,4538.3,False,,4560.8,SL,-3.1,-35.0,3
2026-05-05 15:25:00,2026-05-05 15:43:00,2026-05-05 15:47:00,MSS,short,4562.0,4565.9,4565.9,4556.0,False,,4556.0,TP,6.0,56.25,4
2026-05-05 15:55:00,2026-05-05 16:38:00,2026-05-05 16:50:00,EXTEND,short,4558.2,4562.7,4562.7,4549.0,False,,4562.7,SL,-4.5,-49.0,12
2026-05-05 17:30:00,2026-05-05 17:48:00,2026-05-05 18:00:00,EXTEND,short,4564.4,4567.1,4567.1,4558.6,False,,4567.1,SL,-2.7,-31.0,12
2026-05-05 18:10:00,2026-05-05 18:25:00,2026-05-05 18:26:00,EXTEND,short,4560.8,4564.0,4564.0,4559.1,False,,4559.1,TP,1.7,13.28,1
2026-05-05 18:25:00,2026-05-05 18:43:00,2026-05-05 18:44:00,BOS,short,4555.4,4564.2,4564.2,4554.4,False,,4554.4,TP,1.0,6.22,1
2026-05-05 19:05:00,2026-05-05 19:10:00,2026-05-05 19:12:00,MSS,long,4561.5,4550.1,4550.1,4563.4,False,,4563.4,TP,1.9,15.35,2
2026-05-05 20:10:00,2026-05-05 20:15:00,2026-05-05 20:24:00,MSS,long,4575.0,4564.3,4564.3,4580.8,False,,4580.8,TP,5.8,54.1,9
2026-05-05 20:30:00,2026-05-05 21:00:00,2026-05-05 21:09:00,EXTEND,long,4577.4,4572.1,4572.1,4591.0,False,,4591.0,TP,13.6,131.7,9
2026-05-05 21:40:00,2026-05-05 22:02:00,2026-05-05 22:08:00,EXTEND,short,4587.7,4594.9,4594.9,4579.2,False,,4594.9,SL,-7.2,-76.0,6
2026-05-05 22:15:00,2026-05-05 22:30:00,2026-05-06 00:25:00,EXTEND,short,4591.6,4597.7,4597.7,4571.2,False,,4571.2,TP,20.4,199.76,115
2026-05-06 01:10:00,2026-05-06 01:24:00,2026-05-06 01:34:00,EXTEND,short,4569.6,4571.9,4571.9,4561.0,False,,4571.9,SL,-2.3,-27.0,10
2026-05-06 02:15:00,2026-05-06 02:43:00,2026-05-06 03:09:00,EXTEND,long,4571.4,4568.0,4568.0,4578.2,False,,4568.0,SL,-3.4,-38.0,26
2026-05-06 06:55:00,2026-05-06 07:04:00,2026-05-06 07:12:00,EXTEND,long,4584.8,4579.1,4579.1,4596.3,False,,4596.3,TP,11.5,111.05,8
2026-05-06 09:00:00,2026-05-06 09:16:00,2026-05-06 09:47:00,EXTEND,long,4624.8,4620.7,4620.7,4638.1,False,,4638.1,TP,13.3,128.66,31
2026-05-06 09:45:00,2026-05-06 10:00:00,2026-05-06 10:08:00,BOS,long,4638.6,4635.3,4635.3,4641.8,False,,4641.8,TP,3.2,27.68,8
2026-05-06 10:15:00,2026-05-06 10:45:00,2026-05-06 10:57:00,EXTEND,long,4646.0,4640.2,4640.2,4650.8,False,,4650.8,TP,4.8,43.85,12
2026-05-06 11:20:00,2026-05-06 11:37:00,2026-05-06 13:04:00,EXTEND,long,4657.9,4652.2,4652.2,4664.3,False,,4664.3,TP,6.4,60.29,87
2026-05-06 13:55:00,2026-05-06 14:00:00,2026-05-06 14:59:00,MSS,long,4675.4,4660.1,4660.1,4680.2,False,,4680.2,TP,4.8,43.73,59
2026-05-06 15:40:00,2026-05-06 15:45:00,2026-05-06 15:46:00,MSS,long,4683.9,4675.0,4675.0,4683.5,False,,4683.8,TP,-0.1,-5.0,1
2026-05-06 16:50:00,2026-05-06 16:55:00,2026-05-06 18:30:00,MSS,long,4709.4,4690.7,4690.7,4723.1,False,,4723.1,TP,13.7,132.59,95
2026-05-06 19:25:00,2026-05-06 19:30:00,2026-05-06 19:34:00,MSS,short,4716.2,4724.5,4724.5,4712.5,False,,4724.5,SL,-8.3,-87.0,4
2026-05-06 19:40:00,2026-05-06 19:45:00,2026-05-06 19:59:00,MSS,short,4711.6,4726.5,4726.5,4702.5,False,,4702.5,TP,9.1,87.11,14
2026-05-06 21:30:00,2026-05-06 21:35:00,2026-05-06 21:53:00,MSS,long,4706.9,4690.8,4690.8,4715.3,False,,4715.3,TP,8.4,80.0,18
2026-05-06 22:00:00,2026-05-06 22:13:00,2026-05-06 22:15:00,EXTEND,long,4722.2,4708.4,4708.4,4726.5,False,,4726.5,TP,4.3,38.52,2
2026-05-06 22:15:00,2026-05-06 22:42:00,2026-05-06 22:49:00,EXTEND,long,4723.5,4716.3,4716.3,4734.3,False,,4716.3,SL,-7.2,-76.0,7
2026-05-06 23:10:00,2026-05-06 23:25:00,2026-05-06 23:43:00,EXTEND,short,4708.8,4715.0,4715.0,4701.0,False,,4701.0,TP,7.8,73.53,18
2026-05-07 00:05:00,2026-05-07 00:51:00,2026-05-07 03:04:00,BOS,short,4696.8,4703.3,4703.3,4688.9,False,,4703.3,SL,-6.5,-69.0,133
2026-05-07 07:20:00,2026-05-07 07:27:00,2026-05-07 07:28:00,MSS,short,4700.8,4703.1,4703.1,4700.1,False,,4700.1,TP,0.7,2.58,1
2026-05-07 07:25:00,2026-05-07 08:02:00,2026-05-07 08:14:00,EXTEND,short,4705.1,4710.1,4710.1,4697.0,False,,4710.1,SL,-5.0,-54.0,12
2026-05-07 10:30:00,2026-05-07 11:00:00,2026-05-07 12:00:00,BOS,short,4714.1,4719.1,4719.1,4705.9,False,,4705.9,TP,8.2,77.95,60
2026-05-07 13:00:00,2026-05-07 13:05:00,2026-05-07 13:19:00,MSS,long,4707.8,4704.7,4704.7,4712.0,False,,4704.7,SL,-3.1,-35.0,14
2026-05-07 14:05:00,2026-05-07 14:10:00,2026-05-07 14:16:00,MSS,long,4716.7,4713.4,4713.4,4718.9,False,,4718.9,TP,2.2,18.06,6
2026-05-07 15:00:00,2026-05-07 15:19:00,2026-05-07 16:01:00,MSS,short,4753.3,4759.5,4759.5,4735.8,False,,4759.5,SL,-6.2,-66.0,42
2026-05-07 16:15:00,2026-05-07 16:20:00,2026-05-07 16:28:00,MSS,short,4747.7,4751.6,4751.6,4740.6,False,,4751.6,SL,-3.9,-43.0,8
2026-05-07 17:00:00,2026-05-07 17:30:00,2026-05-07 17:43:00,EXTEND,short,4743.5,4748.7,4748.7,4727.8,False,,4748.7,SL,-5.2,-56.0,13
2026-05-07 17:55:00,2026-05-07 18:19:00,2026-05-07 18:38:00,BOS,short,4740.5,4745.5,4745.5,4731.5,False,,4745.5,SL,-5.0,-54.0,19
2026-05-07 18:40:00,2026-05-07 19:23:00,2026-05-07 19:57:00,EXTEND,long,4741.5,4738.1,4738.1,4752.5,False,,4752.5,TP,11.0,106.4,34
2026-05-07 20:15:00,2026-05-07 20:34:00,2026-05-07 20:41:00,EXTEND,long,4757.0,4746.5,4746.5,4760.5,False,,4760.5,TP,3.5,30.99,7
2026-05-07 21:05:00,2026-05-07 21:11:00,2026-05-07 21:13:00,EXTEND,short,4745.3,4751.5,4751.5,4741.7,False,,4741.7,TP,3.6,31.55,2
2026-05-07 21:30:00,2026-05-07 21:58:00,2026-05-07 22:02:00,MSS,long,4758.4,4753.6,4753.6,4775.9,False,,4753.6,SL,-4.8,-52.0,4
2026-05-07 22:10:00,2026-05-07 22:20:00,2026-05-07 22:21:00,BOS,long,4764.8,4758.4,4758.4,4767.5,False,,4767.5,TP,2.7,22.86,1
2026-05-07 22:25:00,2026-05-07 22:39:00,2026-05-07 23:00:00,EXTEND,long,4764.1,4759.6,4759.6,4774.9,False,,4774.9,TP,10.8,103.76,21
2026-05-08 00:55:00,2026-05-08 01:07:00,2026-05-08 01:11:00,EXTEND,long,4728.3,4724.5,4724.5,4730.1,False,,4724.5,SL,-3.8,-42.0,4
2026-05-08 01:20:00,2026-05-08 01:26:00,2026-05-08 01:27:00,EXTEND,short,4707.1,4729.5,4729.5,4711.3,False,,4707.2,TP,-0.1,-5.0,1
2026-05-08 01:25:00,2026-05-08 01:44:00,2026-05-08 01:55:00,BOS,short,4709.4,4715.8,4715.8,4688.9,False,,4715.8,SL,-6.4,-68.0,11
2026-05-08 02:45:00,2026-05-08 02:50:00,2026-05-08 02:57:00,MSS,short,4706.8,4718.7,4718.7,4703.1,False,,4718.7,SL,-11.9,-123.0,7
2026-05-08 08:15:00,2026-05-08 08:20:00,2026-05-08 08:22:00,MSS,short,4705.2,4710.2,4710.2,4698.4,False,,4710.2,SL,-5.0,-54.0,2
2026-05-08 09:45:00,2026-05-08 09:50:00,2026-05-08 09:56:00,MSS,long,4728.4,4715.1,4715.1,4733.1,False,,4733.1,TP,4.7,42.85,6
2026-05-08 10:00:00,2026-05-08 10:49:00,2026-05-08 15:22:00,BOS,long,4724.2,4716.7,4716.7,4748.6,False,,4716.7,SL,-7.5,-79.0,273
2026-05-08 15:50:00,2026-05-08 16:09:00,2026-05-08 16:20:00,EXTEND,long,4720.1,4715.6,4715.6,4725.0,False,,4725.0,TP,4.9,44.71,11
2026-05-08 17:30:00,2026-05-08 17:45:00,2026-05-08 18:01:00,MSS,short,4721.6,4723.5,4723.5,4715.6,False,,4723.5,SL,-1.9,-23.0,16
2026-05-08 18:45:00,2026-05-08 18:50:00,2026-05-08 18:55:00,MSS,short,4728.3,4737.1,4737.1,4726.3,False,,4726.3,TP,2.0,16.3,5
2026-05-08 18:55:00,2026-05-08 19:10:00,2026-05-08 20:06:00,EXTEND,short,4730.9,4737.0,4737.0,4720.9,False,,4720.9,TP,10.0,95.64,56
2026-05-08 20:30:00,2026-05-08 20:35:00,2026-05-08 20:44:00,MSS,long,4732.5,4710.2,4710.2,4740.2,False,,4740.2,TP,7.7,72.67,9
2026-05-08 22:05:00,2026-05-08 22:10:00,2026-05-08 22:29:00,MSS,short,4733.5,4754.0,4754.0,4728.5,False,,4728.5,TP,5.0,46.23,19
2026-05-08 23:30:00,2026-05-08 23:41:00,2026-05-09 00:22:00,EXTEND,short,4719.7,4724.5,4724.5,4709.0,False,,4724.5,SL,-4.8,-52.0,41
2026-05-09 01:55:00,2026-05-09 02:00:00,2026-05-09 02:01:00,EXTEND,long,4732.6,4729.1,4729.1,4733.2,False,,4733.2,TP,0.6,2.45,1
2026-05-09 02:50:00,2026-05-09 02:55:00,2026-05-09 03:01:00,EXTEND,short,4730.4,4733.5,4733.5,4729.2,False,,4733.5,SL,-3.1,-35.0,6
2026-05-09 03:35:00,2026-05-09 03:46:00,2026-05-09 04:10:00,EXTEND,short,4734.0,4735.6,4735.6,4729.9,False,,4729.9,TP,4.1,36.53,24
2026-05-11 07:00:00,2026-05-11 07:19:00,2026-05-11 07:59:00,MSS,long,4703.6,4700.7,4700.7,4708.4,False,,4700.7,SL,-2.9,-33.0,40
2026-05-11 08:20:00,2026-05-11 08:52:00,2026-05-11 09:04:00,EXTEND,short,4684.3,4700.7,4700.7,4678.2,False,,4700.7,SL,-16.4,-168.0,12
2026-05-11 09:50:00,2026-05-11 09:55:00,2026-05-11 09:56:00,MSS,short,4691.2,4699.0,4699.0,4690.9,False,,4690.9,TP,0.3,-1.3,1
2026-05-11 10:50:00,2026-05-11 10:55:00,2026-05-11 12:20:00,MSS,short,4685.5,4702.4,4702.4,4681.2,False,,4681.2,TP,4.3,39.13,85
2026-05-11 13:40:00,2026-05-11 13:45:00,2026-05-11 13:51:00,MSS,short,4668.9,4688.4,4688.4,4664.5,False,,4664.5,TP,4.4,39.76,6
2026-05-11 14:40:00,2026-05-11 14:48:00,2026-05-11 14:50:00,EXTEND,long,4684.7,4681.4,4681.4,4687.4,False,,4681.4,SL,-3.3,-37.0,2
2026-05-11 15:45:00,2026-05-11 15:50:00,2026-05-11 16:11:00,MSS,short,4675.7,4681.6,4681.6,4672.0,False,,4681.6,SL,-5.9,-63.0,21
2026-05-11 16:55:00,2026-05-11 17:00:00,2026-05-11 17:03:00,EXTEND,short,4675.0,4677.6,4677.6,4673.7,False,,4677.6,SL,-2.6,-30.0,3
2026-05-11 17:00:00,2026-05-11 17:08:00,2026-05-11 17:23:00,EXTEND,short,4676.2,4678.5,4678.5,4671.8,False,,4671.8,TP,4.4,39.82,15
2026-05-11 17:30:00,2026-05-11 17:51:00,2026-05-11 18:21:00,EXTEND,short,4667.7,4671.8,4671.8,4653.5,False,,4671.8,SL,-4.1,-45.0,30
2026-05-11 18:25:00,2026-05-11 18:32:00,2026-05-11 18:38:00,EXTEND,long,4674.5,4670.8,4670.8,4675.9,False,,4670.8,SL,-3.7,-41.0,6
2026-05-11 19:00:00,2026-05-11 19:28:00,2026-05-11 19:38:00,BOS,long,4679.4,4676.0,4676.0,4683.3,False,,4683.3,TP,3.9,35.3,10
2026-05-11 19:40:00,2026-05-11 19:58:00,2026-05-11 20:05:00,EXTEND,long,4682.2,4678.8,4678.8,4688.8,False,,4678.8,SL,-3.4,-38.0,7
2026-05-11 20:20:00,2026-05-11 20:31:00,2026-05-11 20:49:00,MSS,long,4704.6,4696.1,4696.1,4712.3,False,,4696.1,SL,-8.5,-89.0,18
2026-05-11 22:30:00,2026-05-11 22:56:00,2026-05-11 23:06:00,EXTEND,short,4735.3,4739.9,4739.9,4716.5,False,,4739.9,SL,-4.6,-50.0,10
2026-05-11 23:20:00,2026-05-11 23:51:00,2026-05-12 00:12:00,EXTEND,long,4739.9,4737.7,4737.7,4752.4,False,,4737.7,SL,-2.2,-26.0,21
2026-05-12 01:00:00,2026-05-12 01:06:00,2026-05-12 01:12:00,MSS,long,4729.0,4726.2,4726.2,4730.6,False,,4726.2,SL,-2.8,-32.0,6
2026-05-12 01:25:00,2026-05-12 01:32:00,2026-05-12 01:33:00,EXTEND,long,4732.9,4727.0,4727.0,4733.2,False,,4733.2,TP,0.3,-1.26,1
2026-05-12 02:05:00,2026-05-12 02:26:00,2026-05-12 02:36:00,BOS,long,4734.4,4730.9,4730.9,4738.0,False,,4738.0,TP,3.6,31.85,10
2026-05-12 03:00:00,2026-05-12 03:24:00,2026-05-12 03:30:00,EXTEND,short,4732.9,4734.6,4734.6,4732.1,False,,4732.1,TP,0.8,4.26,6
2026-05-12 03:45:00,2026-05-12 03:50:00,2026-05-12 03:54:00,MSS,long,4741.1,4736.3,4736.3,4743.8,False,,4743.8,TP,2.7,22.92,4
2026-05-12 07:30:00,2026-05-12 07:38:00,2026-05-12 07:48:00,BOS,long,4767.6,4763.6,4763.6,4770.2,False,,4770.2,TP,2.6,21.6,10
2026-05-12 08:50:00,2026-05-12 08:55:00,2026-05-12 08:59:00,MSS,short,4763.2,4770.4,4770.4,4758.3,False,,4758.3,TP,4.9,44.7,4
2026-05-12 10:10:00,2026-05-12 10:43:00,2026-05-12 11:20:00,MSS,long,4737.6,4734.2,4734.2,4745.9,False,,4734.2,SL,-3.4,-38.0,37
2026-05-12 12:15:00,2026-05-12 12:20:00,2026-05-12 12:47:00,MSS,long,4736.0,4730.0,4730.0,4741.9,False,,4730.0,SL,-6.0,-64.0,27
2026-05-12 13:10:00,2026-05-12 13:36:00,2026-05-12 14:00:00,EXTEND,short,4722.2,4731.0,4731.0,4712.5,False,,4712.5,TP,9.7,93.41,24
2026-05-12 15:05:00,2026-05-12 15:24:00,2026-05-12 15:34:00,EXTEND,short,4705.0,4707.4,4707.4,4687.9,False,,4707.4,SL,-2.4,-28.0,10
2026-05-12 16:00:00,2026-05-12 16:21:00,2026-05-12 17:44:00,MSS,long,4711.5,4704.9,4704.9,4717.1,False,,4704.9,SL,-6.6,-70.0,83
2026-05-12 18:10:00,2026-05-12 18:21:00,2026-05-12 18:26:00,EXTEND,long,4711.6,4708.0,4708.0,4721.2,False,,4708.0,SL,-3.6,-40.0,5
2026-05-12 19:25:00,2026-05-12 19:30:00,2026-05-12 19:39:00,MSS,long,4708.8,4700.6,4700.6,4711.6,False,,4711.6,TP,2.8,23.64,9
2026-05-12 20:30:00,2026-05-12 20:55:00,2026-05-12 21:15:00,BOS,short,4715.5,4719.2,4719.2,4691.9,False,,4691.9,TP,23.6,231.84,20
2026-05-12 21:55:00,2026-05-12 22:00:00,2026-05-12 22:13:00,MSS,short,4686.2,4701.7,4701.7,4677.5,False,,4701.7,SL,-15.5,-159.0,13
2026-05-13 00:00:00,2026-05-13 00:13:00,2026-05-13 00:23:00,MSS,long,4679.9,4675.4,4675.4,4688.0,False,,4675.4,SL,-4.5,-49.0,10
2026-05-13 01:25:00,2026-05-13 01:44:00,2026-05-13 02:07:00,EXTEND,long,4686.7,4684.3,4684.3,4691.7,False,,4684.3,SL,-2.4,-28.0,23
2026-05-13 07:05:00,2026-05-13 07:24:00,2026-05-13 07:35:00,EXTEND,long,4730.3,4724.9,4724.9,4734.2,False,,4724.9,SL,-5.4,-58.0,11
2026-05-13 07:45:00,2026-05-13 07:55:00,2026-05-13 08:04:00,MSS,short,4723.7,4731.3,4731.3,4721.1,False,,4731.3,SL,-7.6,-80.0,9
2026-05-13 08:05:00,2026-05-13 08:39:00,2026-05-13 08:49:00,EXTEND,long,4730.3,4724.8,4724.8,4738.8,False,,4724.8,SL,-5.5,-59.0,10
2026-05-13 09:35:00,2026-05-13 09:56:00,2026-05-13 10:04:00,EXTEND,short,4712.5,4716.0,4716.0,4705.8,False,,4716.0,SL,-3.5,-39.0,8
2026-05-13 11:35:00,2026-05-13 12:05:00,2026-05-13 12:07:00,EXTEND,long,4706.8,4704.1,4704.1,4719.6,False,,4704.1,SL,-2.7,-31.0,2
2026-05-13 13:25:00,2026-05-13 13:30:00,2026-05-13 13:32:00,MSS,short,4705.1,4708.2,4708.2,4703.2,False,,4703.2,TP,1.9,14.92,2
2026-05-13 13:30:00,2026-05-13 13:44:00,2026-05-13 13:58:00,EXTEND,short,4704.4,4710.2,4710.2,4697.5,False,,4710.2,SL,-5.8,-62.0,14
2026-05-13 14:50:00,2026-05-13 14:55:00,2026-05-13 14:57:00,MSS,short,4710.4,4717.1,4717.1,4707.2,False,,4707.2,TP,3.2,28.05,2
2026-05-13 15:05:00,2026-05-13 15:22:00,2026-05-13 15:28:00,BOS,short,4712.4,4716.2,4716.2,4702.0,False,,4716.2,SL,-3.8,-42.0,6
2026-05-13 17:10:00,2026-05-13 17:15:00,2026-05-13 17:17:00,MSS,short,4701.1,4707.6,4707.6,4698.1,False,,4698.1,TP,3.0,25.65,2
2026-05-13 18:05:00,2026-05-13 18:21:00,2026-05-13 18:27:00,MSS,long,4712.0,4707.5,4707.5,4725.1,False,,4707.5,SL,-4.5,-49.0,6
2026-05-13 20:00:00,2026-05-13 20:14:00,2026-05-13 20:15:00,EXTEND,short,4701.5,4706.4,4706.4,4699.0,False,,4699.0,TP,2.5,20.59,1
2026-05-13 21:30:00,2026-05-13 21:35:00,2026-05-13 21:36:00,MSS,short,4686.9,4698.1,4698.1,4685.6,False,,4685.6,TP,1.3,8.56,1
2026-05-13 22:25:00,2026-05-13 22:31:00,2026-05-13 22:32:00,MSS,long,4695.8,4689.9,4689.9,4696.0,False,,4696.0,TP,0.2,-1.98,1
2026-05-13 22:35:00,2026-05-13 23:02:00,2026-05-13 23:34:00,EXTEND,long,4692.7,4685.9,4685.9,4703.4,False,,4703.4,TP,10.7,102.68,32
2026-05-14 00:55:00,2026-05-14 01:04:00,2026-05-14 01:06:00,EXTEND,short,4704.6,4707.3,4707.3,4698.8,False,,4707.3,SL,-2.7,-31.0,2
2026-05-14 02:00:00,2026-05-14 02:17:00,2026-05-14 02:46:00,EXTEND,short,4698.2,4702.1,4702.1,4689.7,False,,4689.7,TP,8.5,81.27,29
2026-05-14 02:45:00,2026-05-14 03:04:00,2026-05-14 03:08:00,EXTEND,short,4691.9,4693.9,4693.9,4681.2,False,,4693.9,SL,-2.0,-24.0,4
2026-05-14 03:30:00,2026-05-14 03:35:00,2026-05-14 03:39:00,MSS,short,4693.3,4696.5,4696.5,4690.4,False,,4696.5,SL,-3.2,-36.0,4
2026-05-14 03:50:00,2026-05-14 07:04:00,2026-05-14 07:08:00,EXTEND,short,4705.8,4707.9,4707.9,4689.8,False,,4707.9,SL,-2.1,-25.0,4
2026-05-14 07:30:00,2026-05-14 07:45:00,2026-05-14 08:00:00,MSS,short,4701.0,4704.6,4704.6,4698.5,False,,4704.6,SL,-3.6,-40.0,15
2026-05-14 08:30:00,2026-05-14 08:35:00,2026-05-14 08:37:00,MSS,short,4703.1,4710.2,4710.2,4701.2,False,,4701.2,TP,1.9,15.03,2
2026-05-14 08:45:00,2026-05-14 08:58:00,2026-05-14 09:03:00,MSS,long,4710.9,4706.3,4706.3,4714.9,False,,4706.3,SL,-4.6,-50.0,5
2026-05-14 10:30:00,2026-05-14 10:35:00,2026-05-14 10:41:00,MSS,long,4706.2,4697.6,4697.6,4708.0,False,,4697.6,SL,-8.6,-90.0,6
2026-05-14 11:35:00,2026-05-14 11:40:00,2026-05-14 11:48:00,MSS,short,4686.2,4692.6,4692.6,4681.2,False,,4681.2,TP,5.0,45.88,8
2026-05-14 12:25:00,2026-05-14 12:32:00,2026-05-14 13:02:00,MSS,long,4714.8,4707.5,4707.5,4724.7,False,,4707.5,SL,-7.3,-77.0,30
2026-05-14 13:30:00,2026-05-14 13:44:00,2026-05-14 13:45:00,EXTEND,short,4704.1,4707.9,4707.9,4696.9,False,,4707.9,SL,-3.8,-42.0,1
2026-05-14 14:40:00,2026-05-14 14:45:00,2026-05-14 15:27:00,MSS,long,4709.0,4698.1,4698.1,4710.2,False,,4710.2,TP,1.2,8.26,42
2026-05-14 15:55:00,2026-05-14 16:23:00,2026-05-14 16:25:00,MSS,short,4705.0,4708.5,4708.5,4689.9,False,,4708.5,SL,-3.5,-39.0,2
2026-05-14 16:40:00,2026-05-14 16:45:00,2026-05-14 17:00:00,MSS,short,4702.8,4713.2,4713.2,4699.3,False,,4699.3,TP,3.5,30.51,15
2026-05-14 18:20:00,2026-05-14 18:32:00,2026-05-14 18:52:00,EXTEND,short,4702.1,4704.6,4704.6,4698.1,False,,4698.1,TP,4.0,36.44,20
2026-05-14 18:50:00,2026-05-14 19:15:00,2026-05-14 19:47:00,EXTEND,short,4702.4,4704.3,4704.3,4695.0,False,,4704.3,SL,-1.9,-23.0,32
2026-05-14 19:55:00,2026-05-14 20:07:00,2026-05-14 20:35:00,EXTEND,long,4705.0,4700.1,4700.1,4715.8,False,,4715.8,TP,10.8,103.66,28
2026-05-14 20:40:00,2026-05-14 20:45:00,2026-05-14 21:00:00,MSS,short,4704.8,4714.2,4714.2,4701.0,False,,4714.2,SL,-9.4,-98.0,15
2026-05-14 21:00:00,2026-05-14 21:15:00,2026-05-14 21:19:00,EXTEND,short,4708.9,4711.7,4711.7,4698.5,False,,4698.5,TP,10.4,100.15,4
2026-05-14 21:40:00,2026-05-14 21:59:00,2026-05-14 22:01:00,EXTEND,short,4685.4,4692.5,4692.5,4660.4,False,,4692.5,SL,-7.1,-75.0,2
2026-05-14 22:20:00,2026-05-14 22:41:00,2026-05-14 22:43:00,EXTEND,long,4697.7,4693.8,4693.8,4713.7,False,,4693.8,SL,-3.9,-43.0,2
2026-05-14 23:00:00,2026-05-14 23:22:00,2026-05-14 23:27:00,EXTEND,short,4690.4,4695.0,4695.0,4679.0,False,,4695.0,SL,-4.6,-50.0,5
2026-05-14 23:45:00,2026-05-15 00:02:00,2026-05-15 00:04:00,EXTEND,short,4687.8,4693.4,4693.4,4684.5,False,,4684.5,TP,3.3,28.95,2
2026-05-15 01:00:00,2026-05-15 01:05:00,2026-05-15 02:01:00,MSS,long,4688.7,4681.3,4681.3,4692.6,False,,4681.3,SL,-7.4,-78.0,56
2026-05-15 02:55:00,2026-05-15 03:20:00,2026-05-15 03:29:00,MSS,long,4674.2,4670.0,4670.0,4679.4,False,,4670.0,SL,-4.2,-46.0,9
2026-05-15 07:10:00,2026-05-15 07:15:00,2026-05-15 07:16:00,MSS,short,4661.0,4667.3,4667.3,4661.6,False,,4661.3,TP,-0.3,-7.0,1
2026-05-15 07:25:00,2026-05-15 07:30:00,2026-05-15 07:31:00,MSS,long,4668.4,4666.0,4666.0,4671.5,False,,4666.0,SL,-2.4,-28.0,1
2026-05-15 08:00:00,2026-05-15 08:22:00,2026-05-15 08:25:00,EXTEND,short,4651.3,4659.4,4659.4,4640.4,False,,4640.4,TP,10.9,104.75,3
2026-05-15 09:05:00,2026-05-15 09:10:00,2026-05-15 09:16:00,MSS,short,4614.9,4622.8,4622.8,4607.6,False,,4622.8,SL,-7.9,-83.0,6
2026-05-15 09:30:00,2026-05-15 09:51:00,2026-05-15 13:02:00,EXTEND,short,4614.9,4628.7,4628.7,4604.9,False,,4604.9,TP,9.9,95.5,191
2026-05-15 13:45:00,2026-05-15 13:56:00,2026-05-15 13:59:00,BOS,short,4571.5,4577.2,4577.2,4561.9,False,,4561.9,TP,9.6,92.07,3
2026-05-15 14:20:00,2026-05-15 14:30:00,2026-05-15 14:36:00,EXTEND,long,4583.6,4576.3,4576.3,4588.4,False,,4576.3,SL,-7.3,-77.0,6
2026-05-15 15:10:00,2026-05-15 15:15:00,2026-05-15 15:53:00,MSS,long,4589.8,4573.6,4573.6,4596.7,False,,4573.6,SL,-16.2,-166.0,38
2026-05-15 16:45:00,2026-05-15 17:04:00,2026-05-15 17:10:00,EXTEND,long,4562.6,4554.4,4554.4,4572.5,False,,4554.4,SL,-8.2,-86.0,6
2026-05-15 17:15:00,2026-05-15 17:36:00,2026-05-15 17:50:00,EXTEND,short,4552.4,4559.8,4559.8,4536.6,False,,4536.6,TP,15.8,154.23,14
2026-05-15 18:05:00,2026-05-15 18:10:00,2026-05-15 18:51:00,MSS,long,4561.6,4549.2,4549.2,4571.3,False,,4571.3,TP,9.7,92.6,41
2026-05-15 19:35:00,2026-05-15 19:40:00,2026-05-15 20:00:00,MSS,short,4557.3,4564.7,4564.7,4553.8,False,,4553.8,TP,3.5,30.85,20
2026-05-15 20:20:00,2026-05-15 20:46:00,2026-05-15 21:00:00,MSS,long,4553.7,4547.3,4547.3,4566.6,False,,4547.3,SL,-6.4,-68.0,14
2026-05-15 22:10:00,2026-05-15 22:17:00,2026-05-15 22:19:00,MSS,long,4557.1,4544.8,4544.8,4561.5,False,,4561.5,TP,4.4,39.85,2
2026-05-15 23:15:00,2026-05-15 23:24:00,2026-05-15 23:39:00,MSS,short,4549.6,4556.2,4556.2,4546.3,False,,4546.3,TP,3.3,29.34,15
2026-05-16 00:30:00,2026-05-16 00:36:00,2026-05-16 01:01:00,MSS,long,4548.4,4544.1,4544.1,4552.8,False,,4552.8,TP,4.4,39.58,25
2026-05-16 01:25:00,2026-05-16 01:35:00,2026-05-16 01:54:00,EXTEND,long,4566.6,4562.7,4562.7,4571.5,False,,4562.7,SL,-3.9,-43.0,19
2026-05-16 02:15:00,2026-05-16 02:31:00,2026-05-16 02:46:00,MSS,short,4557.0,4563.1,4563.1,4554.3,False,,4563.1,SL,-6.1,-65.0,15
2026-05-18 09:25:00,2026-05-18 09:32:00,2026-05-18 09:37:00,EXTEND,long,4512.3,4504.5,4504.5,4518.0,False,,4504.5,SL,-7.8,-82.0,5
2026-05-18 12:05:00,2026-05-18 12:51:00,2026-05-18 12:55:00,EXTEND,long,4545.4,4541.1,4541.1,4561.0,False,,4541.1,SL,-4.3,-47.0,4
2026-05-18 13:55:00,2026-05-18 14:00:00,2026-05-18 14:04:00,MSS,short,4536.5,4542.7,4542.7,4527.0,False,,4542.7,SL,-6.2,-66.0,4
2026-05-18 14:20:00,2026-05-18 14:25:00,2026-05-18 14:55:00,MSS,long,4549.6,4537.7,4537.7,4550.9,False,,4550.9,TP,1.3,9.13,30
2026-05-18 15:00:00,2026-05-18 15:25:00,2026-05-18 15:30:00,EXTEND,long,4548.9,4542.2,4542.2,4558.0,False,,4558.0,TP,9.1,87.25,5
2026-05-18 15:30:00,2026-05-18 15:56:00,2026-05-18 18:05:00,EXTEND,long,4550.5,4543.5,4543.5,4570.5,False,,4543.5,SL,-7.0,-74.0,129
2026-05-18 18:10:00,2026-05-18 18:22:00,2026-05-18 18:34:00,EXTEND,short,4541.8,4546.2,4546.2,4536.7,False,,4536.7,TP,5.1,47.19,12
2026-05-18 18:40:00,2026-05-18 18:45:00,2026-05-18 18:47:00,MSS,long,4547.4,4535.4,4535.4,4550.8,False,,4550.8,TP,3.4,29.67,2
2026-05-18 18:45:00,2026-05-18 19:30:00,2026-05-18 19:39:00,EXTEND,long,4542.0,4537.9,4537.9,4555.8,False,,4555.8,TP,13.8,134.47,9
2026-05-18 19:40:00,2026-05-18 20:33:00,2026-05-18 21:33:00,EXTEND,long,4558.8,4553.3,4553.3,4581.7,False,,4581.7,TP,22.9,225.01,60
2026-05-18 21:30:00,2026-05-18 21:50:00,2026-05-18 22:03:00,BOS,long,4580.7,4572.6,4572.6,4589.4,False,,4572.6,SL,-8.1,-85.0,13
2026-05-19 00:25:00,2026-05-19 00:30:00,2026-05-19 00:47:00,MSS,short,4540.8,4551.1,4551.1,4532.9,False,,4551.1,SL,-10.3,-107.0,17
2026-05-19 02:15:00,2026-05-19 02:20:00,2026-05-19 02:25:00,MSS,short,4545.0,4547.4,4547.4,4543.2,False,,4543.2,TP,1.8,13.9,5
2026-05-19 02:25:00,2026-05-19 02:33:00,2026-05-19 03:01:00,EXTEND,short,4544.8,4548.2,4548.2,4537.6,False,,4548.2,SL,-3.4,-38.0,28
2026-05-19 07:20:00,2026-05-19 08:00:00,2026-05-19 08:04:00,EXTEND,long,4591.0,4582.3,4582.3,4597.5,False,,4582.3,SL,-8.7,-91.0,4
2026-05-19 09:00:00,2026-05-19 09:16:00,2026-05-19 09:39:00,EXTEND,short,4566.3,4571.9,4571.9,4555.4,False,,4571.9,SL,-5.6,-60.0,23
2026-05-19 10:15:00,2026-05-19 10:33:00,2026-05-19 10:42:00,EXTEND,short,4558.9,4562.2,4562.2,4548.7,False,,4562.2,SL,-3.3,-37.0,9
2026-05-19 11:35:00,2026-05-19 11:52:00,2026-05-19 11:56:00,MSS,long,4552.1,4549.5,4549.5,4560.4,False,,4549.5,SL,-2.6,-30.0,4
2026-05-19 12:15:00,2026-05-19 12:26:00,2026-05-19 12:53:00,EXTEND,short,4542.1,4546.0,4546.0,4539.7,False,,4546.0,SL,-3.9,-43.0,27
2026-05-19 13:00:00,2026-05-19 13:09:00,2026-05-19 13:21:00,MSS,long,4548.2,4543.0,4543.0,4550.2,False,,4543.0,SL,-5.2,-56.0,12
2026-05-19 13:20:00,2026-05-19 13:44:00,2026-05-19 13:55:00,MSS,short,4541.1,4545.8,4545.8,4528.5,False,,4545.8,SL,-4.7,-51.0,11
2026-05-19 15:05:00,2026-05-19 15:18:00,2026-05-19 15:20:00,MSS,long,4552.8,4549.6,4549.6,4562.0,False,,4549.6,SL,-3.2,-36.0,2
2026-05-19 15:45:00,2026-05-19 15:54:00,2026-05-19 15:56:00,MSS,long,4555.7,4552.1,4552.1,4561.4,False,,4561.4,TP,5.7,52.64,2
2026-05-19 16:20:00,2026-05-19 16:25:00,2026-05-19 16:28:00,MSS,short,4543.3,4551.5,4551.5,4539.7,False,,4539.7,TP,3.6,32.11,3
2026-05-19 16:25:00,2026-05-19 16:52:00,2026-05-19 18:42:00,EXTEND,short,4544.5,4550.5,4550.5,4536.1,False,,4536.1,TP,8.4,79.67,110
2026-05-19 18:55:00,2026-05-19 19:00:00,2026-05-19 19:56:00,MSS,long,4548.1,4535.7,4535.7,4553.4,False,,4535.7,SL,-12.4,-128.0,56
2026-05-19 20:00:00,2026-05-19 20:16:00,2026-05-19 20:23:00,EXTEND,short,4541.4,4547.2,4547.2,4526.1,False,,4547.2,SL,-5.8,-62.0,7
2026-05-19 21:30:00,2026-05-19 22:02:00,2026-05-19 22:04:00,EXTEND,short,4500.5,4511.8,4511.8,4450.4,False,,4511.8,SL,-11.3,-117.0,2
2026-05-19 23:15:00,2026-05-19 23:30:00,2026-05-20 00:00:00,MSS,long,4505.3,4501.1,4501.1,4513.2,False,,4513.2,TP,7.9,75.2,30
2026-05-20 00:05:00,2026-05-20 00:10:00,2026-05-20 00:26:00,MSS,short,4502.3,4513.7,4513.7,4497.1,False,,4513.7,SL,-11.4,-118.0,16
2026-05-20 01:20:00,2026-05-20 01:25:00,2026-05-20 01:29:00,MSS,short,4507.8,4511.2,4511.2,4504.2,False,,4511.2,SL,-3.4,-38.0,4
2026-05-20 02:20:00,2026-05-20 02:30:00,2026-05-20 02:41:00,MSS,short,4497.5,4503.7,4503.7,4496.4,False,,4503.7,SL,-6.2,-66.0,11
2026-05-20 07:40:00,2026-05-20 08:10:00,2026-05-20 08:29:00,EXTEND,long,4492.2,4482.5,4482.5,4503.9,False,,4503.9,TP,11.7,112.55,19
2026-05-20 09:00:00,2026-05-20 09:05:00,2026-05-20 09:10:00,MSS,short,4493.8,4498.4,4498.4,4487.0,False,,4498.4,SL,-4.6,-50.0,5
2026-05-20 09:35:00,2026-05-20 10:07:00,2026-05-20 16:30:00,EXTEND,short,4481.9,4489.5,4489.5,4445.6,False,,4489.5,SL,-7.6,-80.0,383
2026-05-20 16:30:00,2026-05-20 16:51:00,2026-05-20 17:12:00,EXTEND,long,4487.8,4482.7,4482.7,4495.2,False,,4482.7,SL,-5.1,-55.0,21
2026-05-20 17:30:00,2026-05-20 17:47:00,2026-05-20 17:51:00,EXTEND,short,4484.3,4487.4,4487.4,4472.0,False,,4487.4,SL,-3.1,-35.0,4
2026-05-20 18:05:00,2026-05-20 18:21:00,2026-05-20 18:35:00,EXTEND,long,4494.8,4490.7,4490.7,4497.8,False,,4497.8,TP,3.0,25.62,14
2026-05-20 19:25:00,2026-05-20 19:47:00,2026-05-20 19:48:00,MSS,long,4498.8,4496.3,4496.3,4506.5,False,,4496.3,SL,-2.5,-29.0,1
2026-05-20 20:45:00,2026-05-20 21:13:00,2026-05-20 21:20:00,EXTEND,long,4505.0,4500.2,4500.2,4511.8,False,,4500.2,SL,-4.8,-52.0,7
2026-05-20 22:15:00,2026-05-20 22:20:00,2026-05-20 22:30:00,MSS,long,4503.0,4469.3,4469.3,4516.9,False,,4516.9,TP,13.9,135.25,10
2026-05-21 00:20:00,2026-05-21 00:28:00,2026-05-21 00:31:00,MSS,short,4527.9,4530.9,4530.9,4524.5,False,,4530.9,SL,-3.0,-34.0,3
2026-05-21 01:25:00,2026-05-21 01:33:00,2026-05-21 01:36:00,MSS,short,4533.9,4538.5,4538.5,4532.5,False,,4538.5,SL,-4.6,-50.0,3
2026-05-21 02:30:00,2026-05-21 02:35:00,2026-05-21 02:36:00,MSS,long,4545.2,4539.9,4539.9,4545.8,False,,4545.8,TP,0.6,1.68,1
2026-05-21 03:20:00,2026-05-21 03:30:00,2026-05-21 03:36:00,EXTEND,long,4549.6,4546.8,4546.8,4550.5,False,,4550.5,TP,0.9,5.42,6
2026-05-21 03:35:00,2026-05-21 03:51:00,2026-05-21 03:59:00,BOS,long,4551.0,4548.1,4548.1,4555.7,False,,4548.1,SL,-2.9,-33.0,8
2026-05-21 07:35:00,2026-05-21 07:46:00,2026-05-21 08:01:00,MSS,long,4546.9,4543.0,4543.0,4549.9,False,,4549.9,TP,3.0,25.51,15
2026-05-21 08:15:00,2026-05-21 08:28:00,2026-05-21 09:10:00,BOS,long,4545.8,4538.8,4538.8,4558.7,False,,4558.7,TP,12.9,125.34,42
2026-05-21 12:20:00,2026-05-21 12:25:00,2026-05-21 12:30:00,MSS,long,4539.3,4536.1,4536.1,4541.3,False,,4541.3,TP,2.0,16.08,5
2026-05-21 13:05:00,2026-05-21 13:10:00,2026-05-21 13:18:00,MSS,short,4532.7,4539.8,4539.8,4529.4,False,,4529.4,TP,3.3,29.19,8
2026-05-21 14:45:00,2026-05-21 14:50:00,2026-05-21 15:25:00,EXTEND,short,4522.6,4527.2,4527.2,4517.8,False,,4517.8,TP,4.8,43.68,35
2026-05-21 15:25:00,2026-05-21 15:59:00,2026-05-21 16:04:00,BOS,short,4520.7,4523.9,4523.9,4510.1,False,,4523.9,SL,-3.2,-36.0,5
2026-05-21 17:30:00,2026-05-21 17:39:00,2026-05-21 17:44:00,MSS,short,4533.9,4538.0,4538.0,4532.0,False,,4532.0,TP,1.9,15.38,5
2026-05-21 18:00:00,2026-05-21 18:09:00,2026-05-21 18:10:00,MSS,long,4536.1,4531.8,4531.8,4535.8,False,,4536.1,TP,0.0,-4.0,1
2026-05-21 19:35:00,2026-05-21 19:55:00,2026-05-21 20:06:00,EXTEND,short,4512.2,4518.7,4518.7,4505.4,False,,4518.7,SL,-6.5,-69.0,11
2026-05-21 20:15:00,2026-05-21 20:20:00,2026-05-21 20:21:00,MSS,short,4509.7,4514.4,4514.4,4507.6,False,,4507.6,TP,2.1,17.0,1
2026-05-21 20:25:00,2026-05-21 20:50:00,2026-05-21 21:15:00,EXTEND,short,4510.8,4519.5,4519.5,4498.5,False,,4498.5,TP,12.3,119.44,25
2026-05-21 21:50:00,2026-05-21 21:55:00,2026-05-21 22:16:00,MSS,long,4516.7,4500.2,4500.2,4531.3,False,,4500.2,SL,-16.5,-169.0,21
2026-05-22 01:00:00,2026-05-22 01:10:00,2026-05-22 01:11:00,EXTEND,long,4529.6,4517.4,4517.4,4529.2,False,,4530.2,TP,0.6,2.0,1
2026-05-22 03:50:00,2026-05-22 03:55:00,2026-05-22 03:56:00,MSS,short,4538.9,4544.2,4544.2,4532.9,False,,4544.2,SL,-5.3,-57.0,1
2026-05-22 07:15:00,2026-05-22 07:20:00,2026-05-22 07:21:00,MSS,short,4542.2,4545.3,4545.3,4540.9,False,,4540.9,TP,1.3,9.18,1
2026-05-22 07:35:00,2026-05-22 07:43:00,2026-05-22 07:54:00,EXTEND,short,4535.1,4538.7,4538.7,4532.8,False,,4532.8,TP,2.3,19.46,11
2026-05-22 08:50:00,2026-05-22 08:55:00,2026-05-22 09:01:00,MSS,short,4531.0,4536.8,4536.8,4524.4,False,,4536.8,SL,-5.8,-62.0,6
2026-05-22 09:05:00,2026-05-22 09:24:00,2026-05-22 10:33:00,BOS,short,4528.9,4534.7,4534.7,4520.6,False,,4520.6,TP,8.3,79.18,69
2026-05-22 10:30:00,2026-05-22 10:56:00,2026-05-22 11:44:00,BOS,short,4521.4,4528.0,4528.0,4516.7,False,,4528.0,SL,-6.6,-70.0,48
2026-05-22 12:35:00,2026-05-22 12:40:00,2026-05-22 12:44:00,MSS,short,4526.8,4529.6,4529.6,4525.3,False,,4529.6,SL,-2.8,-32.0,4
2026-05-22 12:40:00,2026-05-22 12:57:00,2026-05-22 13:00:00,EXTEND,short,4528.6,4530.4,4530.4,4524.5,False,,4530.4,SL,-1.8,-22.0,3
2026-05-22 13:00:00,2026-05-22 13:15:00,2026-05-22 13:18:00,BOS,short,4525.4,4527.4,4527.4,4522.8,False,,4527.4,SL,-2.0,-24.0,3
2026-05-22 13:35:00,2026-05-22 13:40:00,2026-05-22 13:55:00,MSS,long,4534.7,4529.0,4529.0,4537.5,False,,4529.0,SL,-5.7,-61.0,15
2026-05-22 13:55:00,2026-05-22 14:17:00,2026-05-22 14:23:00,MSS,short,4520.1,4524.2,4524.2,4501.0,False,,4524.2,SL,-4.1,-45.0,6
2026-05-22 15:40:00,2026-05-22 16:27:00,2026-05-22 17:50:00,EXTEND,short,4526.1,4529.6,4529.6,4513.3,False,,4529.6,SL,-3.5,-39.0,83
2026-05-22 19:05:00,2026-05-22 19:26:00,2026-05-22 19:30:00,EXTEND,long,4515.8,4512.2,4512.2,4519.7,False,,4512.2,SL,-3.6,-40.0,4
2026-05-22 20:15:00,2026-05-22 20:51:00,2026-05-22 21:40:00,EXTEND,long,4522.3,4518.2,4518.2,4542.4,False,,4518.2,SL,-4.1,-45.0,49
2026-05-23 00:40:00,2026-05-23 01:18:00,2026-05-23 01:27:00,MSS,short,4520.0,4521.5,4521.5,4507.6,False,,4521.5,SL,-1.5,-19.0,9
2026-05-23 02:00:00,2026-05-23 02:11:00,2026-05-23 02:18:00,MSS,short,4515.3,4518.1,4518.1,4509.8,False,,4518.1,SL,-2.8,-32.0,7
2026-05-23 02:45:00,2026-05-23 03:02:00,2026-05-23 03:03:00,MSS,short,4512.5,4518.0,4518.0,4512.1,False,,4512.1,TP,0.4,-0.24,1
2026-05-23 03:40:00,2026-05-23 03:56:00,2026-05-23 04:00:00,EXTEND,long,4510.1,4508.3,4508.3,4514.7,False,,4508.3,SL,-1.8,-22.0,4
2026-05-25 08:55:00,2026-05-25 09:07:00,2026-05-25 09:08:00,MSS,short,4565.1,4575.9,4575.9,4562.9,False,,4562.9,TP,2.2,17.69,1
2026-05-25 09:05:00,2026-05-25 09:41:00,2026-05-25 13:25:00,BOS,short,4569.5,4572.3,4572.3,4557.0,False,,4557.0,TP,12.5,120.82,224
2026-05-25 15:00:00,2026-05-25 15:24:00,2026-05-25 17:52:00,EXTEND,long,4557.1,4554.2,4554.2,4568.9,False,,4568.9,TP,11.8,113.51,148
2026-05-25 19:15:00,2026-05-25 19:37:00,2026-05-25 19:49:00,BOS,long,4576.9,4574.3,4574.3,4579.7,False,,4574.3,SL,-2.6,-30.0,12
2026-05-25 20:20:00,2026-05-25 21:00:00,2026-05-25 21:07:00,EXTEND,short,4566.3,4570.5,4570.5,4547.6,False,,4570.5,SL,-4.2,-46.0,7
2026-05-25 22:50:00,2026-05-25 22:55:00,2026-05-25 23:00:00,MSS,short,4568.0,4569.8,4569.8,4566.4,False,,4569.8,SL,-1.8,-22.0,5
2026-05-25 23:10:00,2026-05-25 23:24:00,2026-05-25 23:31:00,MSS,long,4574.8,4572.7,4572.7,4577.8,False,,4572.7,SL,-2.1,-25.0,7
2026-05-26 01:30:00,2026-05-26 01:35:00,2026-05-26 01:40:00,MSS,short,4572.3,4573.2,4573.2,4570.1,False,,4570.1,TP,2.2,18.41,5
2026-05-26 07:25:00,2026-05-26 07:30:00,2026-05-26 07:33:00,MSS,short,4569.2,4583.2,4583.2,4565.3,False,,4565.3,TP,3.9,35.07,3
2026-05-26 08:15:00,2026-05-26 08:37:00,2026-05-26 09:33:00,BOS,short,4549.2,4554.1,4554.1,4538.9,False,,4538.9,TP,10.3,98.94,56
2026-05-26 10:30:00,2026-05-26 10:42:00,2026-05-26 10:45:00,MSS,short,4537.2,4539.5,4539.5,4533.4,False,,4533.4,TP,3.8,34.31,3
2026-05-26 11:20:00,2026-05-26 11:31:00,2026-05-26 11:42:00,MSS,long,4543.7,4542.3,4542.3,4548.1,False,,4542.3,SL,-1.4,-18.0,11
2026-05-26 13:45:00,2026-05-26 13:51:00,2026-05-26 13:52:00,MSS,short,4526.0,4530.2,4530.2,4524.2,False,,4524.2,TP,1.8,14.03,1
2026-05-26 13:50:00,2026-05-26 14:10:00,2026-05-26 14:13:00,EXTEND,short,4530.0,4533.0,4533.0,4520.8,False,,4533.0,SL,-3.0,-34.0,3
2026-05-26 14:25:00,2026-05-26 14:44:00,2026-05-26 14:45:00,EXTEND,long,4534.5,4532.8,4532.8,4538.8,False,,4532.8,SL,-1.7,-21.0,1
2026-05-26 15:15:00,2026-05-26 15:33:00,2026-05-26 15:46:00,EXTEND,short,4525.1,4529.4,4529.4,4519.2,False,,4529.4,SL,-4.3,-47.0,13
2026-05-26 15:55:00,2026-05-26 16:42:00,2026-05-26 16:49:00,EXTEND,long,4526.0,4522.1,4522.1,4544.4,False,,4522.1,SL,-3.9,-43.0,7
2026-05-26 17:15:00,2026-05-26 17:31:00,2026-05-26 17:39:00,EXTEND,short,4519.8,4526.7,4526.7,4516.3,False,,4516.3,TP,3.5,31.44,8
2026-05-26 18:15:00,2026-05-26 18:27:00,2026-05-26 18:34:00,EXTEND,long,4533.7,4531.3,4531.3,4536.9,False,,4536.9,TP,3.2,28.26,7
2026-05-26 22:35:00,2026-05-26 23:39:00,2026-05-27 00:09:00,MSS,long,4508.0,4502.3,4502.3,4530.2,False,,4502.3,SL,-5.7,-61.0,30
2026-05-27 00:10:00,2026-05-27 00:42:00,2026-05-27 01:41:00,MSS,short,4507.1,4510.4,4510.4,4495.5,False,,4495.5,TP,11.6,112.48,59
2026-05-27 02:05:00,2026-05-27 03:00:00,2026-05-27 03:03:00,EXTEND,short,4497.3,4499.0,4499.0,4474.4,False,,4499.0,SL,-1.7,-21.0,3
2026-05-27 07:00:00,2026-05-27 07:25:00,2026-05-27 07:41:00,EXTEND,long,4506.3,4504.8,4504.8,4517.8,False,,4517.8,TP,11.5,110.8,16
2026-05-27 08:25:00,2026-05-27 08:59:00,2026-05-27 09:10:00,EXTEND,short,4514.8,4518.8,4518.8,4510.6,False,,4518.8,SL,-4.0,-44.0,11
2026-05-27 09:35:00,2026-05-27 09:40:00,2026-05-27 09:46:00,MSS,short,4510.8,4515.9,4515.9,4507.6,False,,4507.6,TP,3.2,27.81,6
2026-05-27 11:00:00,2026-05-27 11:13:00,2026-05-27 11:17:00,MSS,long,4509.3,4507.4,4507.4,4513.0,False,,4507.4,SL,-1.9,-23.0,4
2026-05-27 11:15:00,2026-05-27 11:47:00,2026-05-27 11:51:00,EXTEND,long,4504.7,4502.3,4502.3,4515.0,False,,4502.3,SL,-2.4,-28.0,4
2026-05-27 12:00:00,2026-05-27 12:29:00,2026-05-27 12:34:00,EXTEND,short,4498.3,4500.9,4500.9,4491.9,False,,4500.9,SL,-2.6,-30.0,5
2026-05-27 12:40:00,2026-05-27 12:45:00,2026-05-27 12:46:00,MSS,long,4508.6,4498.7,4498.7,4510.0,False,,4510.0,TP,1.4,10.08,1
2026-05-27 13:15:00,2026-05-27 13:20:00,2026-05-27 13:32:00,MSS,short,4503.8,4509.3,4509.3,4501.1,False,,4501.1,TP,2.7,22.57,12
2026-05-27 15:15:00,2026-05-27 15:27:00,2026-05-27 15:30:00,EXTEND,short,4484.9,4486.5,4486.5,4476.9,False,,4486.5,SL,-1.6,-20.0,3
2026-05-27 15:50:00,2026-05-27 16:10:00,2026-05-27 16:17:00,EXTEND,short,4483.1,4486.0,4486.0,4470.5,False,,4486.0,SL,-2.9,-33.0,7
2026-05-27 16:20:00,2026-05-27 16:36:00,2026-05-27 16:40:00,EXTEND,long,4488.7,4484.7,4484.7,4493.5,False,,4493.5,TP,4.8,43.76,4
2026-05-27 16:50:00,2026-05-27 17:15:00,2026-05-27 17:25:00,EXTEND,long,4491.3,4488.6,4488.6,4500.1,False,,4488.6,SL,-2.7,-31.0,10
2026-05-27 18:00:00,2026-05-27 18:11:00,2026-05-27 18:16:00,MSS,short,4484.7,4486.3,4486.3,4481.3,False,,4481.3,TP,3.4,29.68,5
2026-05-27 19:55:00,2026-05-27 20:08:00,2026-05-27 20:18:00,BOS,short,4430.0,4435.0,4435.0,4416.7,False,,4435.0,SL,-5.0,-54.0,10
2026-05-27 20:20:00,2026-05-27 20:54:00,2026-05-27 20:58:00,EXTEND,long,4444.2,4438.8,4438.8,4474.0,False,,4438.8,SL,-5.4,-58.0,4
2026-05-27 21:30:00,2026-05-27 21:35:00,2026-05-27 21:36:00,MSS,long,4422.8,4415.7,4415.7,4428.6,False,,4415.7,SL,-7.1,-75.0,1
2026-05-28 01:00:00,2026-05-28 01:08:00,2026-05-28 01:09:00,MSS,short,4443.3,4450.0,4450.0,4443.9,False,,4443.4,TP,-0.1,-5.0,1
2026-05-28 01:25:00,2026-05-28 01:30:00,2026-05-28 01:35:00,MSS,long,4448.7,4444.0,4444.0,4452.4,False,,4452.4,TP,3.7,33.0,5
2026-05-28 02:20:00,2026-05-28 02:25:00,2026-05-28 06:00:00,MSS,long,4453.2,4447.1,4447.1,4460.0,False,,4447.1,SL,-6.1,-65.0,153
2026-05-28 07:25:00,2026-05-28 07:45:00,2026-05-28 07:46:00,EXTEND,short,4445.3,4450.8,4450.8,4445.1,False,,4445.0,TP,0.3,-1.0,1
2026-05-28 07:50:00,2026-05-28 08:23:00,2026-05-28 08:45:00,EXTEND,short,4447.1,4450.2,4450.2,4439.2,False,,4450.9,SL,-3.8,-42.0,17
2026-05-28 12:55:00,2026-05-28 13:07:00,2026-05-28 13:25:00,BOS,long,4370.1,4365.1,4365.1,4372.2,False,,4374.4,TP,4.3,39.0,7
2026-05-28 17:00:00,2026-05-28 17:19:00,2026-05-28 17:21:00,MSS,long,4387.4,4384.6,4384.6,4389.4,False,,4389.8,TP,2.4,20.0,1
2026-05-28 19:25:00,2026-05-28 19:30:00,2026-05-28 19:33:00,MSS,short,4382.3,4385.7,4385.7,4381.1,False,,4380.1,TP,2.2,18.0,2
2026-05-28 19:30:00,2026-05-28 19:44:00,2026-05-28 20:01:00,EXTEND,short,4383.5,4388.0,4388.0,4377.9,False,,4388.0,SL,-4.5,-49.0,15
2026-05-28 21:35:00,2026-05-28 22:02:00,2026-05-28 22:08:00,EXTEND,short,4423.2,4429.9,4429.9,4412.4,False,,4429.9,SL,-6.7,-71.0,6
2026-05-28 22:45:00,2026-05-28 23:02:00,2026-05-29 00:16:00,EXTEND,long,4473.2,4461.8,4461.8,4484.2,False,,4484.2,TP,11.0,105.69,69
2026-05-29 01:10:00,2026-05-29 01:20:00,2026-05-29 02:01:00,MSS,short,4500.7,4507.4,4507.4,4499.6,False,,4507.6,SL,-6.9,-73.0,13
