signal_time,entry_time,exit_time,kind,direction,entry,sl,final_sl,tp,break_even_moved,break_even_time,exit_price,exit_reason,points,dollars,bars_held
2025-07-07 08:30:00,2025-07-07 08:46:00,2025-07-07 08:58:00,BOS,short,3333.8,3335.2,3335.2,3330.0,False,,3335.2,SL,-1.4,-18.0,12
2025-07-07 08:55:00,2025-07-07 09:03:00,2025-07-07 09:05:00,MSS,long,3333.7,3330.0,3330.0,3335.6,False,,3330.0,SL,-3.7,-41.0,2
2025-07-07 10:05:00,2025-07-07 10:19:00,2025-07-07 10:20:00,BOS,short,3323.0,3326.8,3326.8,3322.2,False,,3322.2,TP,0.8,4.0,1
2025-07-07 11:05:00,2025-07-07 12:03:00,2025-07-07 12:26:00,MSS,long,3319.9,3315.9,3315.9,3321.5,False,,3315.9,SL,-4.0,-44.0,23
2025-07-07 13:05:00,2025-07-07 13:34:00,2025-07-07 13:35:00,MSS,long,3319.3,3315.6,3315.6,3320.2,False,,3320.2,TP,0.9,5.0,1
2025-07-07 15:00:00,2025-07-07 15:15:00,2025-07-07 15:28:00,MSS,short,3319.4,3321.3,3321.3,3316.1,False,,3321.3,SL,-1.9,-23.0,13
2025-07-07 17:25:00,2025-07-07 17:52:00,2025-07-07 18:07:00,MSS,short,3318.7,3321.3,3321.3,3317.0,False,,3317.0,TP,1.7,13.0,15
2025-07-07 19:05:00,2025-07-07 19:22:00,2025-07-07 20:38:00,MSS,long,3312.9,3308.7,3308.7,3316.9,False,,3316.9,TP,4.0,36.0,76
2025-07-07 22:40:00,2025-07-07 23:09:00,2025-07-07 23:22:00,BOS,long,3327.9,3323.6,3323.6,3329.5,False,,3329.5,TP,1.6,12.0,13
2025-07-08 01:30:00,2025-07-08 02:09:00,2025-07-08 02:50:00,BOS,long,3340.0,3335.2,3335.2,3345.2,False,,3345.2,TP,5.2,48.0,41
2025-07-08 03:30:00,2025-07-08 07:03:00,2025-07-08 07:04:00,BOS,long,3349.0,3346.2,3346.2,3349.4,False,,3346.2,SL,-2.8,-32.0,1
2025-07-08 08:45:00,2025-07-08 09:09:00,2025-07-08 09:10:00,MSS,long,3341.6,3340.9,3340.9,3344.8,False,,3340.9,SL,-0.7,-11.0,1
2025-07-08 09:35:00,2025-07-08 09:56:00,2025-07-08 10:46:00,MSS,long,3343.9,3342.2,3342.2,3347.1,False,,3347.1,TP,3.2,28.0,50
2025-07-08 10:45:00,2025-07-08 11:00:00,2025-07-08 11:02:00,BOS,long,3345.4,3343.7,3343.7,3348.0,False,,3343.7,SL,-1.7,-21.0,2
2025-07-08 11:15:00,2025-07-08 11:57:00,2025-07-08 12:00:00,BOS,short,3342.1,3343.8,3343.8,3341.0,False,,3341.0,TP,1.1,7.0,3
2025-07-08 12:25:00,2025-07-08 12:36:00,2025-07-08 12:46:00,BOS,short,3340.1,3342.9,3342.9,3338.9,False,,3338.9,TP,1.2,8.0,10
2025-07-08 12:45:00,2025-07-08 13:09:00,2025-07-08 13:11:00,BOS,short,3341.0,3341.5,3341.5,3337.3,False,,3341.5,SL,-0.5,-9.0,2
2025-07-08 13:40:00,2025-07-08 13:55:00,2025-07-08 13:57:00,MSS,short,3344.5,3346.4,3346.4,3344.0,False,,3344.0,TP,0.5,1.0,2
2025-07-08 14:05:00,2025-07-08 14:25:00,2025-07-08 14:26:00,BOS,short,3342.9,3346.1,3346.1,3342.6,False,,3342.6,TP,0.3,-1.0,1
2025-07-08 17:20:00,2025-07-08 17:32:00,2025-07-08 17:33:00,MSS,long,3335.5,3333.1,3333.1,3335.7,False,,3335.7,TP,0.2,-2.0,1
2025-07-08 19:15:00,2025-07-08 19:29:00,2025-07-08 19:31:00,BOS,long,3334.3,3333.2,3333.2,3336.9,False,,3333.2,SL,-1.1,-15.0,2
2025-07-08 21:05:00,2025-07-08 21:34:00,2025-07-08 21:36:00,MSS,short,3333.2,3338.3,3338.3,3331.8,False,,3331.8,TP,1.4,10.0,2
2025-07-08 23:05:00,2025-07-08 23:19:00,2025-07-08 23:49:00,BOS,short,3302.5,3307.7,3307.7,3299.8,False,,3307.7,SL,-5.2,-56.0,30
2025-07-09 00:20:00,2025-07-09 00:39:00,2025-07-09 00:55:00,BOS,long,3306.0,3305.0,3305.0,3310.1,False,,3305.0,SL,-1.0,-14.0,16
2025-07-09 01:20:00,2025-07-09 01:47:00,2025-07-09 02:21:00,BOS,long,3315.2,3312.1,3312.1,3317.3,False,,3312.1,SL,-3.1,-35.0,34
2025-07-09 02:25:00,2025-07-09 02:54:00,2025-07-09 04:50:00,MSS,short,3314.5,3315.2,3315.2,3308.7,False,,3308.7,TP,5.8,54.0,116
2025-07-09 07:10:00,2025-07-09 07:40:00,2025-07-09 07:41:00,MSS,long,3308.6,3308.5,3308.5,3312.0,False,,3308.5,SL,-0.1,-5.0,1
2025-07-09 08:55:00,2025-07-09 09:14:00,2025-07-09 09:15:00,BOS,long,3311.8,3313.0,3313.0,3315.8,False,,3311.7,SL,-0.1,-5.0,1
2025-07-09 13:05:00,2025-07-09 13:22:00,2025-07-09 13:27:00,MSS,long,3303.3,3300.4,3300.4,3306.1,False,,3300.4,SL,-2.9,-33.0,5
2025-07-09 14:20:00,2025-07-09 14:43:00,2025-07-09 14:50:00,BOS,short,3298.3,3299.6,3299.6,3294.5,False,,3299.6,SL,-1.3,-17.0,7
2025-07-09 15:50:00,2025-07-09 15:59:00,2025-07-09 16:17:00,MSS,long,3300.1,3296.4,3296.4,3304.5,False,,3296.4,SL,-3.7,-41.0,18
2025-07-09 16:45:00,2025-07-09 17:01:00,2025-07-09 17:16:00,MSS,long,3294.1,3290.0,3290.0,3297.4,False,,3297.4,TP,3.3,29.0,15
2025-07-09 18:00:00,2025-07-09 18:13:00,2025-07-09 18:33:00,BOS,long,3297.6,3295.3,3295.3,3300.0,False,,3300.0,TP,2.4,20.0,20
2025-07-09 21:35:00,2025-07-09 21:46:00,2025-07-09 21:50:00,MSS,short,3302.5,3307.7,3307.7,3300.8,False,,3307.7,SL,-5.2,-56.0,4
2025-07-09 23:35:00,2025-07-09 23:45:00,2025-07-09 23:50:00,BOS,short,3317.4,3318.9,3318.9,3314.4,False,,3318.9,SL,-1.5,-19.0,5
2025-07-10 00:35:00,2025-07-10 00:45:00,2025-07-10 00:46:00,BOS,long,3320.7,3318.8,3318.8,3321.5,False,,3321.5,TP,0.8,4.0,1
2025-07-10 01:10:00,2025-07-10 01:26:00,2025-07-10 01:43:00,MSS,long,3321.2,3318.3,3318.3,3323.5,False,,3318.3,SL,-2.9,-33.0,17
2025-07-10 01:55:00,2025-07-10 02:09:00,2025-07-10 02:15:00,BOS,short,3319.4,3320.0,3320.0,3316.7,False,,3320.0,SL,-0.6,-10.0,6
2025-07-10 02:35:00,2025-07-10 02:59:00,2025-07-10 03:01:00,MSS,short,3320.0,3321.3,3321.3,3319.0,False,,3321.3,SL,-1.3,-17.0,2
2025-07-10 07:00:00,2025-07-10 07:09:00,2025-07-10 08:32:00,MSS,short,3325.7,3328.2,3328.2,3323.6,False,,3328.2,SL,-2.5,-29.0,83
2025-07-10 17:25:00,2025-07-10 18:55:00,2025-07-10 18:56:00,MSS,short,3335.3,3338.4,3338.4,3334.7,False,,3334.7,TP,0.6,2.0,1
2025-07-10 20:20:00,2025-07-10 20:32:00,2025-07-10 20:35:00,MSS,long,3328.6,3326.8,3326.8,3331.2,False,,3331.2,TP,2.6,22.0,3
2025-07-10 22:45:00,2025-07-10 22:57:00,2025-07-10 23:18:00,MSS,long,3324.0,3323.2,3323.2,3328.0,False,,3328.0,TP,4.0,36.0,21
2025-07-11 02:00:00,2025-07-11 02:16:00,2025-07-11 02:49:00,MSS,long,3326.9,3325.0,3325.0,3328.3,False,,3328.3,TP,1.4,10.0,33
2025-07-11 07:25:00,2025-07-11 07:54:00,2025-07-11 07:55:00,BOS,long,3335.0,3333.3,3333.3,3335.3,False,,3335.3,TP,0.3,-1.0,1
2025-07-11 11:30:00,2025-07-11 11:50:00,2025-07-11 11:55:00,MSS,short,3345.9,3346.8,3346.8,3344.2,False,,3344.2,TP,1.7,13.0,5
2025-07-11 13:20:00,2025-07-11 13:47:00,2025-07-11 14:15:00,MSS,long,3346.5,3340.7,3340.7,3352.0,False,,3352.0,TP,5.5,51.0,28
2025-07-11 20:10:00,2025-07-11 20:22:00,2025-07-11 20:30:00,MSS,short,3359.3,3361.9,3361.9,3356.2,False,,3361.9,SL,-2.6,-30.0,8
2025-07-11 21:20:00,2025-07-11 21:35:00,2025-07-11 21:39:00,MSS,short,3367.9,3370.7,3370.7,3362.2,False,,3370.7,SL,-2.8,-32.0,4
2025-07-11 21:35:00,2025-07-11 21:46:00,2025-07-11 22:31:00,MSS,long,3366.9,3361.7,3361.7,3371.5,False,,3371.5,TP,4.6,42.0,45
2025-07-12 02:15:00,2025-07-12 02:31:00,2025-07-12 02:32:00,BOS,long,3371.1,3368.5,3368.5,3372.3,False,,3372.3,TP,1.2,8.0,1
2025-07-14 08:00:00,2025-07-14 08:18:00,2025-07-14 08:26:00,BOS,short,3381.8,3384.6,3384.6,3379.5,False,,3384.6,SL,-2.8,-32.0,8
2025-07-14 09:45:00,2025-07-14 09:55:00,2025-07-14 10:01:00,BOS,short,3374.5,3376.4,3376.4,3372.2,False,,3372.2,TP,2.3,19.0,6
2025-07-14 10:05:00,2025-07-14 10:31:00,2025-07-14 10:35:00,BOS,short,3373.8,3375.9,3375.9,3370.9,False,,3370.9,TP,2.9,25.0,4
2025-07-14 11:50:00,2025-07-14 11:59:00,2025-07-14 12:01:00,BOS,short,3372.6,3373.2,3373.2,3370.8,False,,3373.2,SL,-0.6,-10.0,2
2025-07-14 12:35:00,2025-07-14 13:15:00,2025-07-14 13:26:00,MSS,long,3373.4,3369.1,3369.1,3376.5,False,,3369.1,SL,-4.3,-47.0,11
2025-07-14 15:25:00,2025-07-14 15:39:00,2025-07-14 16:26:00,BOS,long,3382.5,3378.5,3378.5,3385.9,False,,3378.5,SL,-4.0,-44.0,47
2025-07-14 19:05:00,2025-07-14 19:22:00,2025-07-14 19:23:00,MSS,short,3382.0,3383.8,3383.8,3380.9,False,,3380.9,TP,1.1,7.0,1
2025-07-15 00:00:00,2025-07-15 00:21:00,2025-07-15 01:21:00,BOS,short,3354.4,3357.5,3357.5,3350.8,False,,3357.5,SL,-3.1,-35.0,60
2025-07-15 02:05:00,2025-07-15 02:23:00,2025-07-15 03:31:00,MSS,short,3358.6,3360.2,3360.2,3356.9,False,,3356.9,TP,1.7,13.0,68
2025-07-15 06:55:00,2025-07-15 07:16:00,2025-07-15 07:40:00,MSS,long,3353.4,3351.8,3351.8,3354.5,False,,3354.5,TP,1.1,7.0,24
2025-07-15 12:35:00,2025-07-15 12:52:00,2025-07-15 12:56:00,MSS,short,3369.6,3370.3,3370.3,3369.0,False,,3369.0,TP,0.6,2.0,4
2025-07-15 13:55:00,2025-07-15 14:15:00,2025-07-15 14:17:00,MSS,short,3371.2,3374.6,3374.6,3370.9,False,,3370.9,TP,0.3,-1.0,2
2025-07-15 14:20:00,2025-07-15 14:40:00,2025-07-15 14:55:00,BOS,short,3370.1,3373.2,3373.2,3367.5,False,,3367.5,TP,2.6,22.0,15
2025-07-15 15:40:00,2025-07-15 16:11:00,2025-07-15 16:12:00,BOS,long,3374.2,3370.0,3370.0,3372.5,False,,3374.0,TP,-0.2,-6.0,1
2025-07-15 16:15:00,2025-07-15 16:44:00,2025-07-15 17:19:00,MSS,short,3370.8,3374.3,3374.3,3367.7,False,,3367.7,TP,3.1,27.0,35
2025-07-15 17:15:00,2025-07-15 17:28:00,2025-07-15 18:03:00,BOS,short,3370.4,3373.6,3373.6,3367.5,False,,3373.6,SL,-3.2,-36.0,35
2025-07-15 20:00:00,2025-07-15 20:31:00,2025-07-15 20:32:00,BOS,short,3359.2,3367.5,3367.5,3361.6,False,,3359.4,TP,-0.2,-6.0,1
2025-07-15 22:30:00,2025-07-15 22:55:00,2025-07-15 23:19:00,BOS,long,3354.8,3351.2,3351.2,3359.3,False,,3351.2,SL,-3.6,-40.0,24
2025-07-16 01:10:00,2025-07-16 01:30:00,2025-07-16 01:37:00,BOS,long,3337.3,3334.7,3334.7,3338.6,False,,3334.7,SL,-2.6,-30.0,7
2025-07-16 01:35:00,2025-07-16 02:48:00,2025-07-16 03:07:00,MSS,short,3337.4,3338.6,3338.6,3334.4,False,,3334.4,TP,3.0,26.0,19
2025-07-16 03:25:00,2025-07-16 03:34:00,2025-07-16 03:37:00,BOS,short,3334.0,3335.1,3335.1,3333.0,False,,3335.1,SL,-1.1,-15.0,3
2025-07-16 10:05:00,2025-07-16 10:38:00,2025-07-16 10:50:00,BOS,short,3336.0,3338.7,3338.7,3333.8,False,,3333.8,TP,2.2,18.0,12
2025-07-16 10:50:00,2025-07-16 11:07:00,2025-07-16 11:20:00,BOS,short,3334.8,3337.3,3337.3,3331.4,False,,3337.3,SL,-2.5,-29.0,13
2025-07-16 13:35:00,2025-07-16 13:56:00,2025-07-16 14:04:00,MSS,short,3344.4,3346.2,3346.2,3343.0,False,,3346.2,SL,-1.8,-22.0,8
2025-07-16 18:55:00,2025-07-16 19:18:00,2025-07-16 19:22:00,BOS,short,3342.4,3346.0,3346.0,3340.9,False,,3340.9,TP,1.5,11.0,4
2025-07-16 19:40:00,2025-07-16 19:47:00,2025-07-16 19:48:00,MSS,long,3346.3,3342.4,3342.4,3345.8,False,,3346.5,TP,0.2,-2.0,1
2025-07-16 20:45:00,2025-07-16 20:56:00,2025-07-16 21:18:00,BOS,short,3340.0,3344.7,3344.7,3337.7,False,,3344.7,SL,-4.7,-51.0,22
2025-07-16 22:30:00,2025-07-16 22:40:00,2025-07-16 22:54:00,MSS,short,3330.4,3336.4,3336.4,3326.0,False,,3336.4,SL,-6.0,-64.0,14
2025-07-16 23:30:00,2025-07-16 23:44:00,2025-07-16 23:45:00,BOS,long,3368.5,3370.5,3370.5,3385.7,False,,3368.4,SL,-0.1,-5.0,1
2025-07-16 23:55:00,2025-07-17 00:15:00,2025-07-17 11:16:00,BOS,short,3358.0,3374.4,3374.4,3342.9,False,,3342.9,TP,15.1,147.0,601
2025-07-17 12:35:00,2025-07-17 13:15:00,2025-07-17 13:37:00,BOS,long,3346.8,3344.4,3344.4,3350.1,False,,3344.4,SL,-2.4,-28.0,22
2025-07-17 17:20:00,2025-07-17 17:37:00,2025-07-17 17:49:00,MSS,long,3335.0,3332.6,3332.6,3337.9,False,,3332.6,SL,-2.4,-28.0,12
2025-07-17 17:45:00,2025-07-17 18:45:00,2025-07-17 18:56:00,MSS,short,3335.2,3337.9,3337.9,3332.0,False,,3332.0,TP,3.2,28.0,11
2025-07-17 20:20:00,2025-07-17 20:34:00,2025-07-17 20:35:00,MSS,long,3322.1,3327.6,3327.6,3333.5,False,,3322.0,SL,-0.1,-5.0,1
2025-07-18 00:20:00,2025-07-18 00:42:00,2025-07-18 00:44:00,BOS,long,3343.3,3340.6,3340.6,3344.3,False,,3344.3,TP,1.0,6.0,2
2025-07-18 01:35:00,2025-07-18 03:09:00,2025-07-18 03:47:00,MSS,short,3344.6,3346.6,3346.6,3342.1,False,,3346.6,SL,-2.0,-24.0,38
2025-07-18 07:50:00,2025-07-18 09:03:00,2025-07-18 09:04:00,MSS,short,3345.4,3348.7,3348.7,3344.8,False,,3344.8,TP,0.6,2.0,1
2025-07-18 10:05:00,2025-07-18 10:56:00,2025-07-18 11:20:00,MSS,long,3344.3,3342.1,3342.1,3346.8,False,,3342.1,SL,-2.2,-26.0,24
2025-07-18 12:25:00,2025-07-18 12:54:00,2025-07-18 12:59:00,BOS,short,3341.4,3342.7,3342.7,3340.2,False,,3342.7,SL,-1.3,-17.0,5
2025-07-18 12:55:00,2025-07-18 13:35:00,2025-07-18 13:40:00,MSS,long,3341.5,3339.6,3339.6,3342.7,False,,3342.7,TP,1.2,8.0,5
2025-07-18 15:55:00,2025-07-18 16:04:00,2025-07-18 16:05:00,BOS,long,3356.0,3353.5,3353.5,3356.2,False,,3356.2,TP,0.2,-2.0,1
2025-07-18 16:05:00,2025-07-18 16:34:00,2025-07-18 16:35:00,MSS,short,3354.0,3356.2,3356.2,3353.8,False,,3353.8,TP,0.2,-2.0,1
2025-07-18 17:30:00,2025-07-18 17:58:00,2025-07-18 18:03:00,BOS,long,3358.4,3356.2,3356.2,3359.3,False,,3356.2,SL,-2.2,-26.0,5
2025-07-18 18:35:00,2025-07-18 18:59:00,2025-07-18 19:04:00,MSS,long,3357.3,3355.2,3355.2,3358.7,False,,3358.7,TP,1.4,10.0,5
2025-07-18 21:30:00,2025-07-18 22:07:00,2025-07-18 22:15:00,MSS,short,3364.0,3366.4,3366.4,3359.4,False,,3359.4,TP,4.6,42.0,8
2025-07-18 23:40:00,2025-07-19 00:01:00,2025-07-19 00:05:00,MSS,long,3361.4,3358.5,3358.5,3362.0,False,,3362.0,TP,0.6,2.0,4
2025-07-19 00:10:00,2025-07-19 00:22:00,2025-07-19 00:33:00,MSS,short,3359.3,3362.1,3362.1,3356.4,False,,3362.1,SL,-2.8,-32.0,11
2025-07-19 00:30:00,2025-07-19 00:53:00,2025-07-19 02:13:00,MSS,long,3359.4,3356.4,3356.4,3363.0,False,,3356.4,SL,-3.0,-34.0,80
2025-07-19 02:10:00,2025-07-19 02:33:00,2025-07-19 03:30:00,MSS,short,3357.9,3359.8,3359.8,3356.1,False,,3356.1,TP,1.8,14.0,57
2025-07-21 06:55:00,2025-07-21 07:08:00,2025-07-21 07:09:00,MSS,long,3353.2,3353.0,3353.0,3354.6,False,,3353.0,SL,-0.2,-6.0,1
2025-07-21 09:05:00,2025-07-21 10:11:00,2025-07-21 11:37:00,BOS,long,3361.6,3358.0,3358.0,3364.0,False,,3358.0,SL,-3.6,-40.0,86
2025-07-21 12:05:00,2025-07-21 12:16:00,2025-07-21 12:19:00,MSS,long,3357.7,3357.1,3357.1,3358.6,False,,3358.6,TP,0.9,5.0,3
2025-07-21 14:00:00,2025-07-21 14:11:00,2025-07-21 14:14:00,MSS,short,3374.0,3375.8,3375.8,3373.0,False,,3373.0,TP,1.0,6.0,3
2025-07-21 14:25:00,2025-07-21 15:02:00,2025-07-21 15:03:00,MSS,long,3376.7,3372.4,3372.4,3377.6,False,,3377.6,TP,0.9,5.0,1
2025-07-21 16:20:00,2025-07-21 16:47:00,2025-07-21 16:49:00,MSS,long,3372.9,3371.1,3371.1,3373.2,False,,3373.2,TP,0.3,-1.0,2
2025-07-21 18:00:00,2025-07-21 18:39:00,2025-07-21 19:10:00,MSS,long,3371.4,3370.2,3370.2,3375.6,False,,3375.6,TP,4.2,38.0,31
2025-07-21 21:15:00,2025-07-21 21:24:00,2025-07-21 21:26:00,BOS,long,3397.1,3395.0,3395.0,3398.4,False,,3395.0,SL,-2.1,-25.0,2
2025-07-21 23:20:00,2025-07-21 23:45:00,2025-07-22 00:15:00,BOS,long,3412.0,3409.4,3409.4,3415.5,False,,3409.4,SL,-2.6,-30.0,30
2025-07-22 01:25:00,2025-07-22 01:37:00,2025-07-22 02:00:00,BOS,short,3407.0,3408.4,3408.4,3406.0,False,,3408.4,SL,-1.4,-18.0,23
2025-07-22 03:45:00,2025-07-22 07:39:00,2025-07-22 07:40:00,MSS,short,3409.9,3412.4,3412.4,3409.6,False,,3409.6,TP,0.3,-1.0,1
2025-07-22 09:40:00,2025-07-22 10:15:00,2025-07-22 10:52:00,BOS,short,3402.7,3405.7,3405.7,3400.4,False,,3405.7,SL,-3.0,-34.0,37
2025-07-22 11:10:00,2025-07-22 11:18:00,2025-07-22 11:20:00,BOS,short,3404.1,3406.4,3406.4,3403.2,False,,3403.2,TP,0.9,5.0,2
2025-07-22 11:20:00,2025-07-22 11:28:00,2025-07-22 11:43:00,BOS,short,3402.9,3405.3,3405.3,3401.7,False,,3405.3,SL,-2.4,-28.0,15
2025-07-22 11:40:00,2025-07-22 12:17:00,2025-07-22 12:19:00,MSS,long,3403.0,3402.5,3402.5,3405.5,False,,3402.5,SL,-0.5,-9.0,2
2025-07-22 12:35:00,2025-07-22 12:46:00,2025-07-22 12:48:00,MSS,short,3401.7,3403.6,3403.6,3401.5,False,,3401.5,TP,0.2,-2.0,2
2025-07-22 12:55:00,2025-07-22 13:11:00,2025-07-22 13:16:00,MSS,long,3402.7,3401.0,3401.0,3405.0,False,,3401.0,SL,-1.7,-21.0,5
2025-07-22 14:20:00,2025-07-22 14:37:00,2025-07-22 14:38:00,BOS,short,3398.1,3401.3,3401.3,3398.1,False,,3398.1,TP,0.0,-4.0,1
2025-07-22 15:20:00,2025-07-22 15:38:00,2025-07-22 15:39:00,BOS,short,3397.7,3398.8,3398.8,3396.3,False,,3398.8,SL,-1.1,-15.0,1
2025-07-22 15:55:00,2025-07-22 17:19:00,2025-07-22 17:26:00,MSS,long,3398.9,3396.5,3396.5,3399.5,False,,3396.5,SL,-2.4,-28.0,7
2025-07-22 18:20:00,2025-07-22 18:33:00,2025-07-22 18:44:00,MSS,long,3397.8,3396.3,3396.3,3398.2,False,,3398.2,TP,0.4,-0.0,11
2025-07-22 19:10:00,2025-07-22 19:26:00,2025-07-22 19:32:00,BOS,long,3397.1,3396.1,3396.1,3398.5,False,,3396.1,SL,-1.0,-14.0,6
2025-07-22 21:55:00,2025-07-22 22:18:00,2025-07-22 22:23:00,MSS,short,3428.8,3433.2,3433.2,3421.8,False,,3433.2,SL,-4.4,-48.0,5
2025-07-22 23:00:00,2025-07-22 23:19:00,2025-07-23 00:27:00,BOS,long,3440.2,3435.0,3435.0,3445.3,False,,3445.3,TP,5.1,47.0,68
2025-07-23 00:25:00,2025-07-23 00:38:00,2025-07-23 00:48:00,MSS,short,3443.7,3445.2,3445.2,3440.8,False,,3445.2,SL,-1.5,-19.0,10
2025-07-23 01:10:00,2025-07-23 01:26:00,2025-07-23 07:47:00,MSS,short,3444.1,3447.5,3447.5,3439.9,False,,3439.9,TP,4.2,38.0,321
2025-07-23 08:00:00,2025-07-23 09:02:00,2025-07-23 09:05:00,MSS,long,3442.6,3437.8,3437.8,3444.1,False,,3437.8,SL,-4.8,-52.0,3
2025-07-23 11:25:00,2025-07-23 11:36:00,2025-07-23 11:46:00,BOS,long,3440.5,3437.6,3437.6,3442.2,False,,3442.2,TP,1.7,13.0,10
2025-07-23 13:10:00,2025-07-23 13:27:00,2025-07-23 13:39:00,BOS,short,3435.2,3436.9,3436.9,3433.7,False,,3433.7,TP,1.5,11.0,12
2025-07-23 13:40:00,2025-07-23 14:05:00,2025-07-23 14:07:00,BOS,short,3435.3,3436.5,3436.5,3431.6,False,,3436.5,SL,-1.2,-16.0,2
2025-07-23 14:35:00,2025-07-23 14:48:00,2025-07-23 15:02:00,MSS,short,3437.2,3438.8,3438.8,3433.3,False,,3438.8,SL,-1.6,-20.0,14
2025-07-23 15:45:00,2025-07-23 16:22:00,2025-07-23 17:17:00,MSS,short,3438.8,3443.2,3443.2,3434.6,False,,3443.2,SL,-4.4,-48.0,55
2025-07-23 21:20:00,2025-07-23 21:55:00,2025-07-23 22:05:00,BOS,short,3421.9,3427.3,3427.3,3418.2,False,,3427.3,SL,-5.4,-58.0,10
2025-07-23 23:00:00,2025-07-23 23:11:00,2025-07-23 23:12:00,MSS,short,3423.6,3424.4,3424.4,3419.7,False,,3424.4,SL,-0.8,-12.0,1
2025-07-23 23:10:00,2025-07-23 23:24:00,2025-07-23 23:44:00,MSS,long,3423.5,3419.7,3419.7,3425.3,False,,3419.7,SL,-3.8,-42.0,20
2025-07-24 02:15:00,2025-07-24 02:31:00,2025-07-24 02:35:00,BOS,long,3403.9,3400.6,3400.6,3404.5,False,,3404.5,TP,0.6,2.0,4
2025-07-24 07:20:00,2025-07-24 07:47:00,2025-07-24 07:51:00,MSS,long,3397.7,3394.7,3394.7,3398.8,False,,3398.8,TP,1.1,7.0,4
2025-07-24 08:05:00,2025-07-24 08:14:00,2025-07-24 08:29:00,MSS,short,3397.1,3399.1,3399.1,3395.3,False,,3395.3,TP,1.8,14.0,15
2025-07-24 09:05:00,2025-07-24 09:21:00,2025-07-24 10:11:00,MSS,short,3395.7,3400.3,3400.3,3389.5,False,,3389.5,TP,6.2,58.0,50
2025-07-24 11:00:00,2025-07-24 11:50:00,2025-07-24 13:12:00,BOS,short,3389.8,3391.7,3391.7,3384.0,False,,3384.0,TP,5.8,54.0,82
2025-07-24 14:25:00,2025-07-24 14:35:00,2025-07-24 15:49:00,BOS,short,3380.2,3384.5,3384.5,3377.8,False,,3377.8,TP,2.4,20.0,74
2025-07-24 16:10:00,2025-07-24 17:06:00,2025-07-24 17:17:00,MSS,long,3373.0,3370.4,3370.4,3375.2,False,,3370.4,SL,-2.6,-30.0,11
2025-07-24 18:45:00,2025-07-24 19:01:00,2025-07-24 19:25:00,MSS,long,3369.9,3367.4,3367.4,3372.6,False,,3367.4,SL,-2.5,-29.0,24
2025-07-24 23:10:00,2025-07-24 23:31:00,2025-07-24 23:35:00,MSS,short,3378.2,3378.4,3378.4,3374.1,False,,3378.4,SL,-0.2,-6.0,4
2025-07-25 01:00:00,2025-07-25 01:18:00,2025-07-25 01:29:00,BOS,short,3371.7,3374.4,3374.4,3369.0,False,,3374.4,SL,-2.7,-31.0,11
2025-07-25 01:25:00,2025-07-25 01:55:00,2025-07-25 02:06:00,MSS,long,3372.0,3370.3,3370.3,3374.7,False,,3370.3,SL,-1.7,-21.0,11
2025-07-25 02:05:00,2025-07-25 02:23:00,2025-07-25 02:30:00,MSS,short,3371.8,3372.9,3372.9,3370.0,False,,3372.9,SL,-1.1,-15.0,7
2025-07-25 03:20:00,2025-07-25 03:38:00,2025-07-25 03:55:00,BOS,long,3375.5,3374.4,3374.4,3376.4,False,,3374.4,SL,-1.1,-15.0,17
2025-07-25 06:55:00,2025-07-25 07:31:00,2025-07-25 07:33:00,MSS,long,3370.4,3368.3,3368.3,3371.0,False,,3371.0,TP,0.6,2.0,2
2025-07-25 09:40:00,2025-07-25 10:04:00,2025-07-25 10:10:00,MSS,long,3370.5,3368.7,3368.7,3370.8,False,,3368.7,SL,-1.8,-22.0,6
2025-07-25 11:35:00,2025-07-25 11:53:00,2025-07-25 11:59:00,BOS,short,3362.7,3364.0,3364.0,3361.3,False,,3361.3,TP,1.4,10.0,6
2025-07-25 11:55:00,2025-07-25 12:02:00,2025-07-25 12:04:00,BOS,short,3362.1,3363.6,3363.6,3359.9,False,,3363.6,SL,-1.5,-19.0,2
2025-07-25 12:35:00,2025-07-25 12:57:00,2025-07-25 13:11:00,MSS,short,3363.0,3364.7,3364.7,3362.0,False,,3362.0,TP,1.0,6.0,14
2025-07-25 14:40:00,2025-07-25 14:49:00,2025-07-25 14:57:00,MSS,long,3359.5,3356.6,3356.6,3360.9,False,,3360.9,TP,1.4,10.0,8
2025-07-25 17:05:00,2025-07-25 17:23:00,2025-07-25 17:24:00,BOS,short,3349.5,3348.3,3348.3,3346.0,False,,3349.5,SL,0.0,-4.0,1
2025-07-25 17:55:00,2025-07-25 18:06:00,2025-07-25 18:07:00,MSS,short,3348.2,3351.3,3351.3,3347.6,False,,3347.6,TP,0.6,2.0,1
2025-07-25 18:25:00,2025-07-25 18:40:00,2025-07-25 18:47:00,BOS,short,3346.1,3348.6,3348.6,3344.4,False,,3344.4,TP,1.7,13.0,7
2025-07-25 19:00:00,2025-07-25 19:08:00,2025-07-25 19:26:00,MSS,long,3344.9,3342.2,3342.2,3346.5,False,,3342.2,SL,-2.7,-31.0,18
2025-07-25 19:25:00,2025-07-25 20:02:00,2025-07-25 20:16:00,BOS,short,3341.3,3344.6,3344.6,3340.5,False,,3344.6,SL,-3.3,-37.0,14
2025-07-25 20:15:00,2025-07-25 20:23:00,2025-07-25 20:33:00,MSS,long,3343.0,3340.8,3340.8,3345.9,False,,3340.8,SL,-2.2,-26.0,10
2025-07-25 20:30:00,2025-07-25 21:10:00,2025-07-25 21:11:00,MSS,short,3339.7,3345.9,3345.9,3338.9,False,,3338.9,TP,0.8,4.0,1
2025-07-25 21:30:00,2025-07-25 21:45:00,2025-07-25 22:17:00,MSS,long,3343.4,3337.4,3337.4,3347.7,False,,3337.4,SL,-6.0,-64.0,32
2025-07-26 00:15:00,2025-07-26 00:39:00,2025-07-26 01:06:00,MSS,long,3328.1,3326.8,3326.8,3332.0,False,,3332.0,TP,3.9,35.0,27
2025-07-26 03:10:00,2025-07-26 03:49:00,2025-07-26 03:50:00,BOS,long,3339.7,3339.3,3339.3,3341.0,False,,3339.3,SL,-0.4,-8.0,1
2025-07-28 08:40:00,2025-07-28 09:00:00,2025-07-28 09:03:00,BOS,short,3332.8,3334.6,3334.6,3328.7,False,,3334.6,SL,-1.8,-22.0,3
2025-07-28 10:25:00,2025-07-28 10:44:00,2025-07-28 10:55:00,MSS,long,3333.0,3330.0,3330.0,3335.6,False,,3335.6,TP,2.6,22.0,11
2025-07-28 12:55:00,2025-07-28 13:33:00,2025-07-28 13:34:00,MSS,short,3340.2,3342.0,3342.0,3339.5,False,,3339.5,TP,0.7,3.0,1
2025-07-28 13:30:00,2025-07-28 13:42:00,2025-07-28 13:47:00,MSS,long,3339.4,3337.8,3337.8,3341.1,False,,3341.1,TP,1.7,13.0,5
2025-07-28 16:35:00,2025-07-28 17:02:00,2025-07-28 17:10:00,BOS,short,3335.5,3337.8,3337.8,3334.5,False,,3337.8,SL,-2.3,-27.0,8
2025-07-28 18:35:00,2025-07-28 18:53:00,2025-07-28 20:12:00,MSS,short,3336.4,3338.6,3338.6,3333.6,False,,3333.6,TP,2.8,24.0,79
2025-07-28 22:25:00,2025-07-28 22:41:00,2025-07-28 22:57:00,MSS,long,3311.7,3305.9,3305.9,3314.2,False,,3305.9,SL,-5.8,-62.0,16
2025-07-29 00:30:00,2025-07-29 00:50:00,2025-07-29 00:54:00,MSS,long,3311.8,3310.6,3310.6,3313.4,False,,3310.6,SL,-1.2,-16.0,4
2025-07-29 01:00:00,2025-07-29 01:27:00,2025-07-29 01:29:00,MSS,short,3311.8,3313.9,3313.9,3309.1,False,,3309.1,TP,2.7,23.0,2
2025-07-29 07:45:00,2025-07-29 07:56:00,2025-07-29 08:03:00,MSS,long,3310.9,3308.9,3308.9,3312.4,False,,3312.4,TP,1.5,11.0,7
2025-07-29 08:45:00,2025-07-29 09:08:00,2025-07-29 09:10:00,MSS,long,3308.7,3305.9,3305.9,3309.6,False,,3309.6,TP,0.9,5.0,2
2025-07-29 10:10:00,2025-07-29 10:18:00,2025-07-29 10:29:00,MSS,short,3316.8,3318.3,3318.3,3315.8,False,,3318.3,SL,-1.5,-19.0,11
2025-07-29 13:50:00,2025-07-29 14:04:00,2025-07-29 14:06:00,BOS,long,3315.8,3313.9,3313.9,3317.7,False,,3313.9,SL,-1.9,-23.0,2
2025-07-29 14:25:00,2025-07-29 14:32:00,2025-07-29 14:34:00,BOS,long,3318.8,3316.6,3316.6,3319.0,False,,3316.6,SL,-2.2,-26.0,2
2025-07-29 14:30:00,2025-07-29 14:53:00,2025-07-29 14:54:00,MSS,short,3318.4,3319.0,3319.0,3316.1,False,,3319.0,SL,-0.6,-10.0,1
2025-07-29 18:35:00,2025-07-29 18:43:00,2025-07-29 18:48:00,MSS,long,3323.9,3322.6,3322.6,3324.7,False,,3322.6,SL,-1.3,-17.0,5
2025-07-29 18:45:00,2025-07-29 18:53:00,2025-07-29 18:56:00,MSS,short,3322.7,3324.7,3324.7,3321.7,False,,3321.5,TP,1.2,8.0,3
2025-07-29 20:20:00,2025-07-29 20:34:00,2025-07-29 20:41:00,BOS,long,3318.3,3316.6,3316.6,3321.1,False,,3316.6,SL,-1.7,-21.0,7
2025-07-29 21:30:00,2025-07-29 21:45:00,2025-07-29 22:04:00,MSS,short,3315.7,3322.6,3322.6,3312.0,False,,3312.0,TP,3.7,33.0,19
2025-07-29 22:00:00,2025-07-29 22:08:00,2025-07-29 22:15:00,BOS,short,3312.5,3317.1,3317.1,3311.1,False,,3317.1,SL,-4.6,-50.0,7
2025-07-29 23:00:00,2025-07-29 23:18:00,2025-07-29 23:24:00,BOS,long,3329.0,3324.5,3324.5,3329.1,False,,3324.5,SL,-4.5,-49.0,6
2025-07-30 00:35:00,2025-07-30 00:43:00,2025-07-30 00:53:00,MSS,long,3320.2,3318.3,3318.3,3321.4,False,,3321.4,TP,1.2,8.0,10
2025-07-30 08:30:00,2025-07-30 08:39:00,2025-07-30 08:40:00,BOS,long,3326.6,3326.9,3326.9,3328.2,False,,3326.6,SL,0.0,-4.0,1
2025-07-30 09:00:00,2025-07-30 09:20:00,2025-07-30 09:33:00,MSS,short,3329.9,3330.6,3330.6,3325.7,False,,3325.4,TP,4.5,41.0,9
2025-07-30 09:30:00,2025-07-30 10:29:00,2025-07-30 10:42:00,BOS,short,3328.4,3330.7,3330.7,3325.0,False,,3325.0,TP,3.4,30.0,12
2025-07-30 13:15:00,2025-07-30 13:30:00,2025-07-30 13:46:00,MSS,long,3324.3,3322.6,3322.6,3326.3,False,,3322.3,SL,-2.0,-24.0,6
2025-07-30 14:10:00,2025-07-30 14:54:00,2025-07-30 14:55:00,BOS,short,3323.8,3322.8,3322.8,3320.6,False,,3324.0,SL,-0.2,-6.0,1
2025-07-30 15:20:00,2025-07-30 16:04:00,2025-07-30 16:09:00,MSS,short,3327.1,3328.6,3328.6,3324.2,False,,3328.6,SL,-1.5,-19.0,3
2025-07-30 18:00:00,2025-07-30 18:11:00,2025-07-30 18:12:00,MSS,short,3325.4,3332.0,3332.0,3326.4,False,,3325.3,TP,0.1,-3.0,1
2025-07-30 19:20:00,2025-07-30 19:47:00,2025-07-30 19:58:00,MSS,long,3323.0,3322.2,3322.2,3328.0,False,,3328.6,TP,5.6,52.0,9
2025-07-31 01:20:00,2025-07-31 02:09:00,2025-07-31 02:12:00,BOS,long,3297.2,3295.1,3295.1,3296.4,False,,3298.7,TP,1.5,11.0,1
2025-08-28 08:20:00,2025-08-28 08:34:00,2025-08-28 08:50:00,BOS,long,3423.6,3422.0,3422.0,3425.4,False,,3422.0,SL,-1.6,-20.0,13
2025-08-28 09:35:00,2025-08-28 10:03:00,2025-08-28 10:09:00,BOS,short,3416.3,3418.4,3418.4,3414.9,False,,3414.9,TP,1.4,10.0,6
2025-08-28 13:20:00,2025-08-28 13:31:00,2025-08-28 13:40:00,BOS,short,3416.8,3417.4,3417.4,3415.8,False,,3415.8,TP,1.0,6.0,6
2025-08-28 15:00:00,2025-08-28 15:17:00,2025-08-28 15:25:00,MSS,short,3423.5,3423.8,3423.8,3421.3,False,,3421.2,TP,2.3,19.0,7
2025-08-28 16:00:00,2025-08-28 16:14:00,2025-08-28 16:33:00,MSS,long,3420.9,3420.0,3420.0,3423.3,False,,3423.3,TP,2.4,20.0,15
2025-08-28 18:00:00,2025-08-28 18:49:00,2025-08-28 19:20:00,MSS,short,3425.7,3427.3,3427.3,3423.9,False,,3427.3,SL,-1.6,-20.0,22
2025-08-29 02:50:00,2025-08-29 03:34:00,2025-08-29 03:38:00,MSS,long,3448.2,3447.7,3447.7,3450.2,False,,3447.7,SL,-0.5,-9.0,3
2025-08-29 06:55:00,2025-08-29 07:21:00,2025-08-29 07:29:00,MSS,long,3447.1,3446.6,3446.6,3447.4,False,,3446.6,SL,-0.5,-9.0,3
2025-08-29 09:30:00,2025-08-29 09:40:00,2025-08-29 09:43:00,MSS,long,3442.2,3441.6,3441.6,3443.5,False,,3443.5,TP,1.3,9.0,3
2025-08-29 13:00:00,2025-08-29 13:09:00,2025-08-29 13:11:00,BOS,short,3440.3,3441.8,3441.8,3440.2,False,,3440.2,TP,0.1,-3.0,2
2025-08-29 14:30:00,2025-08-29 15:03:00,2025-08-29 15:07:00,MSS,short,3442.3,3443.1,3443.1,3441.1,False,,3441.1,TP,1.2,8.0,4
2025-08-29 16:10:00,2025-08-29 16:28:00,2025-08-29 16:36:00,BOS,long,3441.8,3440.9,3440.9,3443.5,False,,3443.5,TP,1.7,13.0,6
2025-08-29 16:50:00,2025-08-29 17:01:00,2025-08-29 17:07:00,MSS,short,3441.9,3443.2,3443.2,3441.2,False,,3441.2,TP,0.7,3.0,4
2025-08-29 18:00:00,2025-08-29 18:13:00,2025-08-29 18:14:00,BOS,short,3438.0,3440.1,3440.1,3438.1,False,,3437.5,TP,0.5,1.0,1
2025-08-29 19:15:00,2025-08-29 19:27:00,2025-08-29 19:29:00,MSS,long,3435.8,3434.7,3434.7,3436.3,False,,3436.8,TP,1.0,6.0,2
2025-08-29 19:25:00,2025-08-29 20:18:00,2025-08-29 20:19:00,BOS,long,3437.5,3434.9,3434.9,3436.8,False,,3438.0,TP,0.5,1.0,1
2025-08-29 22:30:00,2025-08-29 22:47:00,2025-08-29 23:00:00,BOS,long,3470.6,3466.3,3466.3,3475.7,False,,3475.7,TP,5.1,47.0,13
2025-08-30 00:10:00,2025-08-30 00:36:00,2025-08-30 00:51:00,MSS,short,3485.0,3487.0,3487.0,3481.7,False,,3487.0,SL,-2.0,-24.0,15
2025-08-30 02:25:00,2025-08-30 02:38:00,2025-08-30 02:40:00,BOS,short,3482.7,3484.2,3484.2,3482.8,False,,3482.8,TP,-0.1,-5.0,2
2025-08-30 02:50:00,2025-08-30 03:19:00,2025-08-30 03:21:00,BOS,short,3482.7,3483.3,3483.3,3480.9,False,,3483.3,SL,-0.6,-10.0,2
2025-09-01 08:25:00,2025-09-01 08:56:00,2025-09-01 09:04:00,MSS,long,3482.1,3481.0,3481.0,3484.1,False,,3481.0,SL,-1.1,-15.0,8
2025-09-01 10:55:00,2025-09-01 11:07:00,2025-09-01 11:09:00,BOS,long,3517.0,3514.2,3514.2,3521.7,False,,3514.2,SL,-2.8,-32.0,2
2025-09-01 12:20:00,2025-09-01 12:33:00,2025-09-01 12:40:00,MSS,long,3514.5,3512.5,3512.5,3518.0,False,,3518.0,TP,3.5,31.0,6
2025-09-01 13:40:00,2025-09-01 13:51:00,2025-09-01 14:23:00,MSS,short,3519.8,3523.7,3523.7,3515.5,False,,3523.7,SL,-3.9,-43.0,31
2025-09-01 20:00:00,2025-09-01 20:09:00,2025-09-01 20:10:00,MSS,long,3511.7,3512.5,3512.5,3513.8,False,,3512.0,SL,0.3,-1.0,1
2025-09-01 21:55:00,2025-09-01 22:15:00,2025-09-01 22:19:00,MSS,short,3517.8,3519.0,3519.0,3515.2,False,,3519.0,SL,-1.2,-16.0,4
2025-09-01 22:40:00,2025-09-01 22:56:00,2025-09-01 23:49:00,BOS,short,3517.1,3518.3,3518.3,3514.2,False,,3514.2,TP,2.9,25.0,42
2025-09-02 00:45:00,2025-09-02 01:15:00,2025-09-02 01:31:00,BOS,long,3517.3,3516.3,3516.3,3518.0,False,,3518.0,TP,0.7,3.0,11
2025-09-02 01:55:00,2025-09-02 02:03:00,2025-09-02 02:04:00,BOS,long,3517.7,3517.7,3517.7,3518.5,False,,3517.5,SL,-0.2,-6.0,1
2025-09-02 02:00:00,2025-09-02 02:06:00,2025-09-02 02:12:00,MSS,short,3517.4,3518.5,3518.5,3517.1,False,,3517.0,TP,0.4,0.0,4
2025-09-02 07:20:00,2025-09-02 07:30:00,2025-09-02 07:48:00,MSS,long,3520.4,3517.4,3517.4,3523.5,False,,3523.5,TP,3.1,27.0,14
2025-09-02 08:25:00,2025-09-02 08:44:00,2025-09-02 09:00:00,BOS,long,3523.8,3521.6,3521.6,3527.0,False,,3521.6,SL,-2.2,-26.0,15
2025-09-02 09:30:00,2025-09-02 09:51:00,2025-09-02 09:53:00,BOS,long,3537.4,3534.2,3534.2,3539.4,False,,3534.2,SL,-3.2,-36.0,2
2025-09-02 11:15:00,2025-09-02 11:54:00,2025-09-02 14:17:00,MSS,short,3535.4,3539.5,3539.5,3530.0,False,,3530.0,TP,5.4,50.0,123
2025-09-02 15:30:00,2025-09-02 15:48:00,2025-09-02 15:50:00,BOS,short,3520.1,3523.8,3523.8,3517.9,False,,3517.9,TP,2.2,18.0,2
2025-09-02 16:30:00,2025-09-02 16:58:00,2025-09-02 17:02:00,BOS,long,3515.6,3514.7,3514.7,3518.1,False,,3518.2,TP,2.6,22.0,4
2025-09-02 17:25:00,2025-09-02 17:41:00,2025-09-02 17:46:00,BOS,long,3519.7,3517.3,3517.3,3521.4,False,,3517.2,SL,-2.5,-29.0,4
2025-09-02 18:55:00,2025-09-02 19:22:00,2025-09-02 19:31:00,BOS,long,3521.1,3517.9,3517.9,3526.1,False,,3517.9,SL,-3.2,-36.0,9
2025-09-02 19:55:00,2025-09-02 20:20:00,2025-09-02 20:26:00,BOS,long,3520.5,3517.4,3517.4,3529.8,False,,3517.4,SL,-3.1,-35.0,6
2025-09-02 20:35:00,2025-09-02 20:58:00,2025-09-02 21:45:00,MSS,short,3521.0,3525.5,3525.5,3510.9,False,,3525.5,SL,-4.5,-49.0,46
2025-09-03 00:05:00,2025-09-03 00:23:00,2025-09-03 00:24:00,BOS,long,3559.5,3553.3,3553.3,3558.8,False,,3559.6,TP,0.1,-3.0,1
2025-09-03 00:50:00,2025-09-03 01:04:00,2025-09-03 01:21:00,BOS,long,3560.3,3560.0,3560.0,3564.5,False,,3560.0,SL,-0.3,-7.0,17
2025-09-03 02:25:00,2025-09-03 02:47:00,2025-09-03 02:50:00,BOS,long,3564.4,3562.8,3562.8,3566.3,False,,3562.8,SL,-1.6,-20.0,3
2025-09-03 03:50:00,2025-09-03 03:59:00,2025-09-03 04:11:00,MSS,short,3568.0,3571.7,3571.7,3565.9,False,,3571.7,SL,-3.7,-41.0,11
2025-09-03 07:50:00,2025-09-03 08:01:00,2025-09-03 08:15:00,MSS,long,3566.9,3564.3,3564.3,3569.4,False,,3569.4,TP,2.5,21.0,12
2025-09-03 08:55:00,2025-09-03 09:02:00,2025-09-03 09:07:00,MSS,short,3576.3,3581.5,3581.5,3573.3,False,,3573.3,TP,3.0,26.0,5
2025-09-03 09:15:00,2025-09-03 09:32:00,2025-09-03 10:07:00,BOS,short,3575.6,3580.2,3580.2,3567.7,False,,3580.2,SL,-4.6,-50.0,31
2025-09-03 13:15:00,2025-09-03 13:30:00,2025-09-03 13:31:00,BOS,short,3569.9,3573.3,3573.3,3569.6,False,,3569.4,TP,0.5,1.0,1
2025-09-03 13:30:00,2025-09-03 13:40:00,2025-09-03 13:45:00,BOS,short,3570.0,3572.2,3572.2,3568.4,False,,3568.4,TP,1.6,12.0,5
2025-09-03 13:45:00,2025-09-03 14:17:00,2025-09-03 14:18:00,BOS,short,3568.6,3571.0,3571.0,3567.6,False,,3567.6,TP,1.0,6.0,1
2025-09-03 16:25:00,2025-09-03 16:36:00,2025-09-03 17:02:00,BOS,long,3575.7,3573.2,3573.2,3579.0,False,,3579.1,TP,3.4,30.0,24
2025-09-03 20:00:00,2025-09-03 20:08:00,2025-09-03 20:13:00,BOS,long,3586.0,3584.0,3584.0,3589.3,False,,3584.0,SL,-2.0,-24.0,5
2025-09-03 20:15:00,2025-09-03 20:29:00,2025-09-03 21:01:00,MSS,short,3584.7,3589.3,3589.3,3578.8,False,,3589.3,SL,-4.6,-50.0,32
2025-09-03 21:35:00,2025-09-03 22:02:00,2025-09-03 22:23:00,MSS,short,3592.3,3598.2,3598.2,3585.3,False,,3598.2,SL,-5.9,-63.0,21
2025-09-03 22:50:00,2025-09-03 23:02:00,2025-09-03 23:13:00,MSS,short,3592.3,3599.5,3599.5,3588.6,False,,3599.5,SL,-7.2,-76.0,11
2025-09-03 23:30:00,2025-09-03 23:45:00,2025-09-04 00:27:00,MSS,long,3599.1,3596.4,3596.4,3602.4,False,,3602.4,TP,3.3,29.0,40
2025-09-04 00:55:00,2025-09-04 01:11:00,2025-09-04 01:18:00,BOS,long,3605.2,3603.5,3603.5,3606.5,False,,3606.5,TP,1.3,9.0,7
2025-09-04 07:10:00,2025-09-04 07:19:00,2025-09-04 07:27:00,BOS,short,3584.1,3586.8,3586.8,3581.5,False,,3581.5,TP,2.6,22.0,8
2025-09-04 07:55:00,2025-09-04 08:09:00,2025-09-04 08:10:00,MSS,long,3577.8,3581.4,3581.4,3584.6,False,,3578.2,SL,0.4,-0.0,1
2025-09-04 11:10:00,2025-09-04 11:31:00,2025-09-04 11:39:00,BOS,short,3557.2,3561.2,3561.2,3544.8,False,,3561.2,SL,-4.0,-44.0,8
2025-09-04 12:05:00,2025-09-04 12:26:00,2025-09-04 13:50:00,BOS,long,3558.9,3556.1,3556.1,3562.9,False,,3556.1,SL,-2.8,-32.0,74
2025-09-04 13:50:00,2025-09-04 14:16:00,2025-09-04 14:17:00,MSS,short,3561.6,3561.6,3561.6,3552.8,False,,3561.9,SL,-0.3,-7.0,1
2025-09-04 15:00:00,2025-09-04 15:21:00,2025-09-04 15:36:00,MSS,short,3565.2,3569.5,3569.5,3562.7,False,,3569.6,SL,-4.4,-48.0,15
2025-09-04 16:00:00,2025-09-04 16:28:00,2025-09-04 16:46:00,BOS,long,3571.1,3568.1,3568.1,3574.9,False,,3568.1,SL,-3.0,-34.0,17
2025-09-04 16:45:00,2025-09-04 17:05:00,2025-09-04 17:14:00,MSS,short,3570.7,3573.0,3573.0,3568.1,False,,3573.0,SL,-2.3,-27.0,8
2025-09-04 18:05:00,2025-09-04 18:29:00,2025-09-04 19:43:00,MSS,long,3570.2,3565.0,3565.0,3575.5,False,,3575.5,TP,5.3,49.0,66
2025-09-04 21:00:00,2025-09-04 21:19:00,2025-09-04 21:20:00,MSS,short,3579.6,3579.7,3579.7,3571.0,False,,3580.0,SL,-0.4,-8.0,1
2025-09-04 23:05:00,2025-09-04 23:29:00,2025-09-04 23:42:00,BOS,long,3573.4,3569.9,3569.9,3579.9,False,,3579.9,TP,6.5,61.0,13
2025-09-05 00:45:00,2025-09-05 01:10:00,2025-09-05 01:26:00,MSS,short,3582.4,3584.4,3584.4,3577.7,False,,3577.6,TP,4.8,44.0,15
2025-09-05 02:35:00,2025-09-05 02:57:00,2025-09-05 03:11:00,MSS,long,3572.8,3572.4,3572.4,3575.6,False,,3575.6,TP,2.8,24.0,9
2025-09-05 09:00:00,2025-09-05 09:13:00,2025-09-05 09:29:00,BOS,long,3580.8,3579.0,3579.0,3583.0,False,,3583.0,TP,2.2,18.0,15
2025-09-05 09:45:00,2025-09-05 10:09:00,2025-09-05 10:27:00,MSS,short,3583.0,3584.7,3584.7,3580.4,False,,3580.4,TP,2.6,22.0,16
2025-09-05 10:30:00,2025-09-05 10:53:00,2025-09-05 11:31:00,BOS,short,3580.3,3584.6,3584.6,3576.0,False,,3584.6,SL,-4.3,-47.0,36
2025-09-05 12:35:00,2025-09-05 12:46:00,2025-09-05 12:48:00,BOS,long,3588.5,3587.2,3587.2,3589.5,False,,3587.2,SL,-1.3,-17.0,1
2025-09-05 13:20:00,2025-09-05 13:37:00,2025-09-05 13:39:00,MSS,short,3588.4,3588.6,3588.6,3585.7,False,,3588.9,SL,-0.5,-9.0,1
2025-09-05 13:35:00,2025-09-05 13:46:00,2025-09-05 14:06:00,MSS,long,3587.6,3585.7,3585.7,3590.0,False,,3585.7,SL,-1.9,-23.0,20
2025-09-05 16:45:00,2025-09-05 17:04:00,2025-09-05 17:06:00,BOS,short,3576.2,3577.2,3577.2,3575.6,False,,3577.2,SL,-1.0,-14.0,2
2025-09-05 18:25:00,2025-09-05 18:33:00,2025-09-05 18:39:00,BOS,long,3579.2,3578.5,3578.5,3580.0,False,,3577.8,SL,-1.4,-18.0,2
2025-09-05 18:35:00,2025-09-05 18:52:00,2025-09-05 19:01:00,MSS,short,3578.4,3580.0,3580.0,3577.1,False,,3580.3,SL,-1.9,-23.0,6
2025-09-05 19:00:00,2025-09-05 19:25:00,2025-09-05 19:28:00,MSS,long,3577.9,3576.8,3576.8,3581.1,False,,3576.8,SL,-1.1,-15.0,2
2025-09-05 19:55:00,2025-09-05 20:04:00,2025-09-05 20:08:00,MSS,long,3577.6,3575.1,3575.1,3580.2,False,,3580.2,TP,2.6,22.0,4
2025-09-05 22:00:00,2025-09-05 22:13:00,2025-09-05 22:18:00,BOS,long,3619.7,3617.2,3617.2,3624.0,False,,3617.2,SL,-2.5,-29.0,5
2025-09-06 00:05:00,2025-09-06 00:41:00,2025-09-06 00:48:00,BOS,long,3621.8,3617.0,3617.0,3623.7,False,,3623.7,TP,1.9,15.0,7
2025-09-06 01:00:00,2025-09-06 01:26:00,2025-09-06 01:30:00,MSS,short,3622.8,3625.2,3625.2,3619.4,False,,3625.2,SL,-2.4,-28.0,4
2025-09-06 02:30:00,2025-09-06 02:41:00,2025-09-06 02:46:00,BOS,short,3618.5,3620.2,3620.2,3617.0,False,,3620.2,SL,-1.7,-21.0,5
2025-09-06 03:35:00,2025-09-06 03:52:00,2025-09-06 04:00:00,BOS,short,3618.4,3619.5,3619.5,3616.4,False,,3616.4,TP,2.0,16.0,8
2025-09-08 08:20:00,2025-09-08 08:36:00,2025-09-08 08:53:00,MSS,long,3599.6,3598.2,3598.2,3602.0,False,,3602.0,TP,2.4,20.0,13
2025-09-08 09:55:00,2025-09-08 10:18:00,2025-09-08 10:24:00,MSS,long,3600.9,3598.8,3598.8,3603.9,False,,3603.9,TP,3.0,26.0,6
2025-09-08 10:30:00,2025-09-08 11:18:00,2025-09-08 11:30:00,BOS,long,3601.3,3599.0,3599.0,3605.9,False,,3599.0,SL,-2.3,-27.0,9
2025-09-08 13:00:00,2025-09-08 13:32:00,2025-09-08 13:35:00,MSS,long,3596.3,3594.1,3594.1,3596.4,False,,3596.5,TP,0.2,-2.0,2
2025-09-08 14:10:00,2025-09-08 14:18:00,2025-09-08 14:29:00,BOS,long,3603.9,3601.8,3601.8,3605.9,False,,3605.9,TP,2.0,16.0,11
2025-09-08 16:15:00,2025-09-08 17:03:00,2025-09-08 17:08:00,BOS,long,3621.8,3619.0,3619.0,3623.9,False,,3623.9,TP,2.1,17.0,4
2025-09-08 18:50:00,2025-09-08 19:00:00,2025-09-08 19:41:00,MSS,short,3627.5,3630.7,3630.7,3624.3,False,,3624.3,TP,3.2,28.0,34
2025-09-08 19:55:00,2025-09-08 20:11:00,2025-09-08 20:31:00,MSS,long,3627.4,3623.8,3623.8,3630.6,False,,3630.6,TP,3.2,28.0,20
2025-09-08 21:10:00,2025-09-08 21:23:00,2025-09-08 21:31:00,BOS,long,3636.9,3633.5,3633.5,3642.4,False,,3633.5,SL,-3.4,-38.0,8
2025-09-08 22:05:00,2025-09-08 22:24:00,2025-09-08 22:45:00,BOS,long,3641.4,3638.8,3638.8,3648.5,False,,3648.5,TP,7.1,67.0,21
2025-09-09 00:00:00,2025-09-09 00:11:00,2025-09-09 00:22:00,BOS,short,3649.2,3652.2,3652.2,3647.6,False,,3652.2,SL,-3.0,-34.0,11
2025-09-09 00:35:00,2025-09-09 00:54:00,2025-09-09 01:05:00,BOS,short,3651.8,3653.2,3653.2,3648.0,False,,3648.0,TP,3.8,34.0,11
2025-09-09 01:55:00,2025-09-09 02:14:00,2025-09-09 02:50:00,BOS,short,3646.2,3647.8,3647.8,3644.5,False,,3647.8,SL,-1.6,-20.0,29
2025-09-09 07:15:00,2025-09-09 07:36:00,2025-09-09 07:51:00,BOS,short,3643.0,3645.3,3645.3,3640.7,False,,3645.3,SL,-2.3,-27.0,11
2025-09-09 08:50:00,2025-09-09 09:01:00,2025-09-09 09:02:00,BOS,long,3651.6,3649.8,3649.8,3652.5,False,,3652.5,TP,0.9,5.0,1
2025-09-09 13:15:00,2025-09-09 13:24:00,2025-09-09 13:31:00,MSS,short,3666.4,3666.9,3666.9,3663.3,False,,3666.9,SL,-0.5,-9.0,7
2025-09-09 15:20:00,2025-09-09 15:50:00,2025-09-09 15:52:00,BOS,long,3655.5,3654.3,3654.3,3659.5,False,,3654.3,SL,-1.2,-16.0,2
2025-09-09 18:30:00,2025-09-09 19:05:00,2025-09-09 19:20:00,MSS,short,3662.9,3663.9,3663.9,3661.8,False,,3663.9,SL,-1.0,-14.0,9
2025-09-09 19:20:00,2025-09-09 19:42:00,2025-09-09 19:44:00,BOS,short,3662.7,3663.7,3663.7,3662.3,False,,3663.7,SL,-1.0,-14.0,2
2025-09-09 19:45:00,2025-09-09 20:09:00,2025-09-09 20:10:00,BOS,short,3663.8,3663.7,3663.7,3659.9,False,,3664.0,SL,-0.2,-6.0,1
2025-09-09 22:30:00,2025-09-09 22:47:00,2025-09-09 23:07:00,BOS,short,3654.4,3665.1,3665.1,3650.6,False,,3650.6,TP,3.8,34.0,20
2025-09-10 00:05:00,2025-09-10 00:23:00,2025-09-10 00:34:00,BOS,long,3655.6,3651.8,3651.8,3658.2,False,,3658.2,TP,2.6,22.0,11
2025-09-10 02:10:00,2025-09-10 02:28:00,2025-09-10 02:30:00,MSS,long,3653.7,3652.3,3652.3,3654.7,False,,3654.7,TP,1.0,6.0,2
2025-09-10 07:10:00,2025-09-10 07:38:00,2025-09-10 07:56:00,BOS,long,3644.6,3642.2,3642.2,3647.3,False,,3642.2,SL,-2.4,-28.0,16
2025-09-10 08:45:00,2025-09-10 09:04:00,2025-09-10 09:05:00,BOS,short,3633.8,3639.2,3639.2,3631.8,False,,3631.8,TP,2.0,16.0,1
2025-09-10 09:25:00,2025-09-10 09:32:00,2025-09-10 09:42:00,BOS,short,3632.9,3638.3,3638.3,3628.2,False,,3638.3,SL,-5.4,-58.0,10
2025-09-10 12:50:00,2025-09-10 13:20:00,2025-09-10 13:21:00,BOS,long,3650.7,3648.7,3648.7,3651.6,False,,3651.6,TP,0.9,5.0,1
2025-09-10 14:05:00,2025-09-10 14:43:00,2025-09-10 14:44:00,BOS,long,3651.9,3649.5,3649.5,3653.2,False,,3653.2,TP,1.3,9.0,1
2025-09-10 15:00:00,2025-09-10 15:36:00,2025-09-10 15:37:00,BOS,long,3655.1,3652.2,3652.2,3655.4,False,,3655.6,TP,0.5,1.0,1
2025-09-10 17:20:00,2025-09-10 17:31:00,2025-09-10 17:33:00,BOS,long,3656.9,3654.7,3654.7,3655.8,False,,3656.7,TP,-0.2,-6.0,1
2025-09-10 19:00:00,2025-09-10 19:20:00,2025-09-10 19:41:00,MSS,short,3665.3,3667.8,3667.8,3660.1,False,,3660.1,TP,5.2,48.0,17
2025-09-10 20:10:00,2025-09-10 20:19:00,2025-09-10 20:22:00,BOS,short,3659.8,3660.8,3660.8,3657.8,False,,3660.8,SL,-1.0,-14.0,3
2025-09-10 20:30:00,2025-09-10 20:39:00,2025-09-10 20:41:00,MSS,long,3659.6,3657.5,3657.5,3668.8,False,,3657.2,SL,-2.4,-28.0,2
2025-09-10 23:20:00,2025-09-10 23:32:00,2025-09-11 02:20:00,BOS,short,3654.9,3659.1,3659.1,3649.4,False,,3659.1,SL,-4.2,-46.0,148
2025-09-11 03:30:00,2025-09-11 03:51:00,2025-09-11 03:54:00,BOS,short,3651.5,3652.2,3652.2,3647.4,False,,3652.3,SL,-0.8,-12.0,3
2025-09-11 08:30:00,2025-09-11 09:03:00,2025-09-11 09:05:00,MSS,short,3652.0,3656.2,3656.2,3654.0,False,,3654.0,TP,-2.0,-24.0,1
2025-09-11 11:40:00,2025-09-11 11:53:00,2025-09-11 12:10:00,BOS,short,3641.6,3643.0,3643.0,3639.6,False,,3643.0,SL,-1.4,-18.0,13
2025-09-11 13:35:00,2025-09-11 13:49:00,2025-09-11 13:56:00,MSS,long,3637.5,3633.3,3633.3,3641.4,False,,3633.1,SL,-4.4,-48.0,7
2025-09-11 16:00:00,2025-09-11 16:14:00,2025-09-11 16:37:00,MSS,long,3638.7,3635.8,3635.8,3640.8,False,,3635.8,SL,-2.9,-33.0,17
2025-09-11 18:15:00,2025-09-11 18:27:00,2025-09-11 18:36:00,MSS,long,3630.7,3628.9,3628.9,3632.1,False,,3632.1,TP,1.4,10.0,9
2025-09-11 19:35:00,2025-09-11 20:16:00,2025-09-11 20:20:00,BOS,short,3627.5,3629.7,3629.7,3626.6,False,,3629.7,SL,-2.2,-26.0,4
2025-09-11 20:20:00,2025-09-11 20:31:00,2025-09-11 20:32:00,MSS,long,3646.9,3627.1,3627.1,3636.2,False,,3647.0,TP,0.1,-3.0,1
2025-09-11 20:30:00,2025-09-11 20:52:00,2025-09-11 21:37:00,BOS,long,3638.9,3627.1,3627.1,3650.5,False,,3627.1,SL,-11.8,-122.0,45
2025-09-11 22:05:00,2025-09-11 22:49:00,2025-09-11 23:14:00,MSS,long,3639.6,3634.7,3634.7,3643.8,False,,3643.8,TP,4.2,38.0,23
2025-09-12 01:00:00,2025-09-12 01:27:00,2025-09-12 02:30:00,BOS,short,3644.5,3646.8,3646.8,3641.8,False,,3641.8,TP,2.7,23.0,49
2025-09-12 03:15:00,2025-09-12 03:31:00,2025-09-12 03:34:00,BOS,long,3645.5,3644.4,3644.4,3646.2,False,,3646.6,TP,1.1,7.0,1
2025-09-12 10:05:00,2025-09-12 10:49:00,2025-09-12 10:51:00,BOS,long,3658.7,3655.0,3655.0,3659.6,False,,3659.6,TP,0.9,5.0,2
2025-09-12 11:55:00,2025-09-12 12:13:00,2025-09-12 12:20:00,BOS,long,3663.1,3661.4,3661.4,3663.6,False,,3663.6,TP,0.5,1.0,6
2025-09-12 13:25:00,2025-09-12 13:34:00,2025-09-12 13:37:00,MSS,short,3664.5,3666.5,3666.5,3663.5,False,,3663.5,TP,1.0,6.0,3
2025-09-12 15:05:00,2025-09-12 15:24:00,2025-09-12 15:31:00,MSS,long,3661.1,3659.0,3659.0,3662.3,False,,3659.0,SL,-2.1,-25.0,4
2025-09-12 16:45:00,2025-09-12 17:05:00,2025-09-12 17:06:00,BOS,short,3647.2,3655.1,3655.1,3651.4,False,,3647.9,TP,-0.7,-11.0,1
2025-09-12 22:20:00,2025-09-12 22:40:00,2025-09-12 22:41:00,BOS,long,3659.4,3658.4,3658.4,3663.4,False,,3658.3,SL,-1.1,-15.0,1
2025-09-15 07:30:00,2025-09-15 08:01:00,2025-09-15 08:03:00,BOS,short,3645.9,3647.9,3647.9,3644.4,False,,3644.4,TP,1.5,11.0,1
2025-09-15 08:10:00,2025-09-15 08:34:00,2025-09-15 08:39:00,MSS,long,3643.6,3642.1,3642.1,3649.5,False,,3642.1,SL,-1.5,-19.0,5
2025-09-15 10:55:00,2025-09-15 11:06:00,2025-09-15 11:33:00,MSS,short,3649.5,3652.5,3652.5,3647.3,False,,3652.6,SL,-3.1,-35.0,23
2025-09-15 13:10:00,2025-09-15 13:22:00,2025-09-15 13:23:00,MSS,short,3653.3,3653.8,3653.8,3650.7,False,,3653.8,SL,-0.5,-9.0,1
2025-09-15 15:50:00,2025-09-15 16:17:00,2025-09-15 16:49:00,BOS,long,3649.3,3648.7,3648.7,3651.9,False,,3648.7,SL,-0.6,-10.0,17
2025-09-15 16:45:00,2025-09-15 16:59:00,2025-09-15 17:00:00,BOS,short,3652.6,3649.8,3649.8,3648.3,False,,3652.6,SL,0.0,-4.0,1
2025-09-15 18:15:00,2025-09-15 18:55:00,2025-09-15 20:47:00,MSS,long,3647.8,3643.7,3643.7,3654.1,False,,3654.1,TP,6.3,59.0,101
2025-09-16 00:35:00,2025-09-16 01:33:00,2025-09-16 02:38:00,MSS,short,3691.4,3695.2,3695.2,3686.7,False,,3686.7,TP,4.7,43.0,59
2025-09-16 02:35:00,2025-09-16 03:15:00,2025-09-16 03:39:00,BOS,short,3688.6,3690.6,3690.6,3686.2,False,,3690.6,SL,-2.0,-24.0,19
2025-09-16 09:30:00,2025-09-16 09:39:00,2025-09-16 09:49:00,MSS,long,3688.8,3686.1,3686.1,3691.1,False,,3686.1,SL,-2.7,-31.0,10
2025-09-16 11:35:00,2025-09-16 11:44:00,2025-09-16 12:23:00,BOS,long,3689.4,3688.0,3688.0,3690.5,False,,3690.5,TP,1.1,7.0,20
2025-09-16 12:35:00,2025-09-16 12:50:00,2025-09-16 12:51:00,MSS,short,3689.6,3690.7,3690.7,3687.7,False,,3690.7,SL,-1.1,-15.0,1
2025-09-16 14:55:00,2025-09-16 15:12:00,2025-09-16 15:38:00,BOS,long,3699.7,3696.3,3696.3,3701.8,False,,3696.3,SL,-3.4,-38.0,25
2025-09-16 17:20:00,2025-09-16 17:32:00,2025-09-16 17:48:00,BOS,long,3704.4,3702.3,3702.3,3705.4,False,,3705.5,TP,1.1,7.0,13
2025-09-16 17:50:00,2025-09-16 18:16:00,2025-09-16 18:44:00,BOS,long,3705.0,3702.3,3702.3,3707.0,False,,3702.3,SL,-2.7,-31.0,19
2025-09-16 19:15:00,2025-09-16 19:27:00,2025-09-16 19:30:00,BOS,short,3700.4,3701.9,3701.9,3698.9,False,,3702.0,SL,-1.6,-20.0,3
2025-09-16 19:35:00,2025-09-16 20:18:00,2025-09-16 20:19:00,MSS,long,3703.3,3698.9,3698.9,3703.4,False,,3703.4,TP,0.1,-3.0,1
2025-09-18 01:45:00,2025-09-18 02:02:00,2025-09-18 02:03:00,BOS,long,3695.3,3689.6,3689.6,3692.1,False,,3695.5,TP,0.2,-2.0,1
2025-09-18 02:00:00,2025-09-18 02:07:00,2025-09-18 02:08:00,BOS,long,3702.1,3691.1,3691.1,3703.9,False,,3703.9,TP,1.8,14.0,1
2025-09-18 08:50:00,2025-09-18 09:09:00,2025-09-18 09:10:00,MSS,long,3664.5,3662.5,3662.5,3668.9,False,,3662.5,SL,-2.0,-24.0,1
2025-09-18 12:30:00,2025-09-18 12:44:00,2025-09-18 12:49:00,BOS,short,3661.9,3664.3,3664.3,3660.9,False,,3660.9,TP,1.0,6.0,3
2025-09-18 13:15:00,2025-09-18 13:40:00,2025-09-18 13:41:00,MSS,long,3658.7,3657.7,3657.7,3661.8,False,,3657.7,SL,-1.0,-14.0,1
2025-09-18 19:15:00,2025-09-18 19:34:00,2025-09-18 19:35:00,MSS,long,3670.0,3670.0,3670.0,3675.1,False,,3669.9,SL,-0.1,-5.0,1
2025-09-18 20:20:00,2025-09-18 20:32:00,2025-09-18 20:34:00,BOS,long,3673.9,3669.9,3669.9,3676.0,False,,3669.9,SL,-4.0,-44.0,2
2025-09-18 22:15:00,2025-09-18 22:42:00,2025-09-18 22:47:00,MSS,short,3645.5,3648.7,3648.7,3639.8,False,,3648.7,SL,-3.2,-36.0,5
2025-09-18 22:45:00,2025-09-18 23:00:00,2025-09-19 00:54:00,MSS,long,3643.7,3639.0,3639.0,3650.3,False,,3650.3,TP,6.6,62.0,95
2025-09-19 00:50:00,2025-09-19 01:05:00,2025-09-19 01:50:00,BOS,long,3649.6,3646.9,3646.9,3650.8,False,,3646.9,SL,-2.7,-31.0,32
2025-09-19 10:40:00,2025-09-19 10:53:00,2025-09-19 10:56:00,BOS,long,3649.0,3646.8,3646.8,3650.5,False,,3650.5,TP,1.5,11.0,3
2025-09-19 12:35:00,2025-09-19 12:46:00,2025-09-19 12:50:00,MSS,short,3662.1,3663.0,3663.0,3660.7,False,,3660.4,TP,1.7,13.0,3
2025-09-19 14:30:00,2025-09-19 15:03:00,2025-09-19 15:06:00,BOS,short,3649.9,3654.1,3654.1,3648.8,False,,3648.3,TP,1.6,12.0,2
2025-09-19 15:45:00,2025-09-19 16:08:00,2025-09-19 16:15:00,BOS,long,3655.8,3654.1,3654.1,3656.9,False,,3653.2,SL,-2.6,-30.0,6
2025-09-19 16:30:00,2025-09-19 16:41:00,2025-09-19 16:48:00,MSS,long,3656.6,3654.7,3654.7,3658.2,False,,3659.1,TP,2.5,21.0,5
2025-09-19 17:45:00,2025-09-19 18:07:00,2025-09-19 18:14:00,MSS,short,3659.9,3661.1,3661.1,3658.3,False,,3661.1,SL,-1.2,-16.0,4
2025-09-19 20:50:00,2025-09-19 21:05:00,2025-09-19 21:07:00,MSS,long,3649.9,3648.7,3648.7,3651.8,False,,3648.5,SL,-1.4,-18.0,2
2025-09-19 23:10:00,2025-09-19 23:32:00,2025-09-20 00:04:00,BOS,long,3673.6,3669.6,3669.6,3676.3,False,,3676.3,TP,2.7,23.0,30
2025-09-20 02:55:00,2025-09-20 03:08:00,2025-09-20 03:12:00,BOS,long,3688.1,3685.9,3685.9,3688.4,False,,3688.4,TP,0.3,-1.0,4
2025-09-22 07:20:00,2025-09-22 07:35:00,2025-09-22 07:46:00,MSS,long,3694.0,3691.9,3691.9,3695.9,False,,3691.8,SL,-2.2,-26.0,9
2025-09-22 07:55:00,2025-09-22 08:06:00,2025-09-22 08:07:00,MSS,short,3691.2,3694.2,3694.2,3691.2,False,,3691.1,TP,0.1,-3.0,1
2025-09-22 08:55:00,2025-09-22 09:07:00,2025-09-22 09:09:00,BOS,long,3695.1,3693.9,3693.9,3696.2,False,,3696.2,TP,1.1,7.0,2
2025-09-22 09:10:00,2025-09-22 09:30:00,2025-09-22 09:48:00,BOS,long,3696.2,3692.5,3692.5,3701.2,False,,3692.5,SL,-3.7,-41.0,17
2025-09-22 13:30:00,2025-09-22 13:54:00,2025-09-22 14:05:00,BOS,long,3704.0,3701.6,3701.6,3704.3,False,,3701.6,SL,-2.4,-28.0,10
2025-09-22 17:15:00,2025-09-22 17:33:00,2025-09-22 17:55:00,MSS,long,3727.3,3723.9,3723.9,3728.9,False,,3728.9,TP,1.6,12.0,21
2025-09-22 18:20:00,2025-09-22 18:42:00,2025-09-22 18:46:00,BOS,long,3731.0,3725.3,3725.3,3731.4,False,,3731.4,TP,0.4,0.0,3
2025-09-22 21:30:00,2025-09-22 21:42:00,2025-09-22 21:43:00,MSS,short,3720.7,3729.2,3729.2,3720.2,False,,3720.0,TP,0.7,3.0,1
2025-09-22 21:45:00,2025-09-22 22:00:00,2025-09-22 22:08:00,BOS,short,3723.8,3727.2,3727.2,3717.1,False,,3727.2,SL,-3.4,-38.0,8
2025-09-22 22:05:00,2025-09-22 22:21:00,2025-09-22 22:36:00,MSS,long,3724.6,3721.7,3721.7,3727.7,False,,3721.7,SL,-2.9,-33.0,14
2025-09-23 02:20:00,2025-09-23 02:35:00,2025-09-23 02:38:00,BOS,long,3750.6,3750.0,3750.0,3752.2,False,,3750.0,SL,-0.6,-10.0,2
2025-09-23 03:20:00,2025-09-23 03:41:00,2025-09-23 03:42:00,MSS,short,3750.3,3752.2,3752.2,3749.9,False,,3749.8,TP,0.5,1.0,1
2025-09-23 08:25:00,2025-09-23 08:38:00,2025-09-23 08:39:00,BOS,long,3753.3,3750.3,3750.3,3753.4,False,,3753.5,TP,0.2,-2.0,1
2025-09-23 08:50:00,2025-09-23 09:09:00,2025-09-23 09:10:00,MSS,short,3757.4,3755.2,3755.2,3750.3,False,,3757.9,SL,-0.5,-9.0,1
2025-09-23 14:20:00,2025-09-23 14:36:00,2025-09-23 14:38:00,BOS,long,3759.1,3757.6,3757.6,3760.6,False,,3757.6,SL,-1.5,-19.0,1
2025-09-23 15:00:00,2025-09-23 15:29:00,2025-09-23 15:32:00,MSS,short,3758.0,3760.0,3760.0,3754.1,False,,3760.0,SL,-2.0,-24.0,3
2025-09-23 19:10:00,2025-09-23 19:19:00,2025-09-23 19:23:00,BOS,short,3784.8,3786.8,3786.8,3782.7,False,,3787.7,SL,-2.9,-33.0,4
2025-09-23 19:20:00,2025-09-23 19:44:00,2025-09-23 19:51:00,MSS,long,3785.3,3782.7,3782.7,3788.9,False,,3782.7,SL,-2.6,-30.0,7
2025-09-23 20:10:00,2025-09-23 20:25:00,2025-09-23 20:27:00,MSS,short,3780.9,3786.5,3786.5,3779.8,False,,3779.6,TP,1.3,9.0,2
2025-09-23 21:15:00,2025-09-23 21:29:00,2025-09-23 21:30:00,MSS,short,3786.3,3789.6,3789.6,3784.3,False,,3784.3,TP,2.0,16.0,1
2025-09-23 21:35:00,2025-09-23 21:44:00,2025-09-23 21:47:00,MSS,long,3786.3,3782.3,3782.3,3789.0,False,,3782.3,SL,-4.0,-44.0,3
2025-09-25 02:45:00,2025-09-25 03:51:00,2025-09-25 04:02:00,BOS,short,3729.9,3731.5,3731.5,3725.3,False,,3731.5,SL,-1.6,-20.0,10
2025-09-25 07:45:00,2025-09-25 08:02:00,2025-09-25 08:05:00,BOS,long,3743.1,3738.9,3738.9,3743.8,False,,3744.8,TP,1.7,13.0,3
2025-09-25 08:30:00,2025-09-25 09:01:00,2025-09-25 09:03:00,MSS,short,3746.4,3748.9,3748.9,3745.9,False,,3745.4,TP,1.0,6.0,2
2025-09-25 15:25:00,2025-09-25 15:32:00,2025-09-25 15:33:00,BOS,long,3743.2,3741.0,3741.0,3743.2,False,,3743.3,TP,0.1,-3.0,1
2025-09-25 16:10:00,2025-09-25 16:49:00,2025-09-25 17:29:00,BOS,long,3750.6,3747.8,3747.8,3757.2,False,,3747.8,SL,-2.8,-32.0,28
2025-09-25 18:15:00,2025-09-25 18:40:00,2025-09-25 18:45:00,MSS,short,3754.5,3755.2,3755.2,3753.5,False,,3755.2,SL,-0.7,-11.0,3
2025-09-25 19:55:00,2025-09-25 20:08:00,2025-09-25 20:13:00,MSS,long,3750.5,3749.0,3749.0,3752.1,False,,3749.0,SL,-1.5,-19.0,5
2025-09-25 22:20:00,2025-09-25 22:42:00,2025-09-25 22:50:00,MSS,long,3724.5,3723.0,3723.0,3734.7,False,,3723.0,SL,-1.5,-19.0,8
2025-09-26 01:55:00,2025-09-26 02:20:00,2025-09-26 02:22:00,BOS,long,3741.5,3737.0,3737.0,3743.1,False,,3743.1,TP,1.6,12.0,2
2025-09-26 02:50:00,2025-09-26 03:08:00,2025-09-26 03:22:00,BOS,long,3755.2,3752.1,3752.1,3756.9,False,,3752.1,SL,-3.1,-35.0,10
2025-09-26 08:25:00,2025-09-26 08:39:00,2025-09-26 08:59:00,MSS,short,3741.4,3745.0,3745.0,3738.5,False,,3746.7,SL,-5.3,-57.0,7
2025-09-26 10:35:00,2025-09-26 10:44:00,2025-09-26 11:00:00,MSS,long,3736.1,3735.0,3735.0,3740.3,False,,3735.0,SL,-1.1,-15.0,7
2025-09-26 12:25:00,2025-09-26 12:52:00,2025-09-26 12:57:00,MSS,short,3744.2,3744.8,3744.8,3742.0,False,,3744.9,SL,-0.7,-11.0,1
2025-09-26 15:00:00,2025-09-26 15:13:00,2025-09-26 15:32:00,BOS,short,3741.4,3744.3,3744.3,3738.5,False,,3744.6,SL,-3.2,-36.0,14
2025-09-26 20:30:00,2025-09-26 20:45:00,2025-09-26 21:07:00,BOS,long,3749.6,3747.5,3747.5,3755.0,False,,3755.0,TP,5.4,50.0,19
2025-09-26 23:00:00,2025-09-26 23:10:00,2025-09-26 23:29:00,BOS,long,3771.9,3769.7,3769.7,3775.8,False,,3775.8,TP,3.9,35.0,18
2025-09-26 23:25:00,2025-09-26 23:46:00,2025-09-26 23:48:00,BOS,long,3775.1,3771.1,3771.1,3776.4,False,,3776.5,TP,1.4,10.0,1
2025-09-27 00:55:00,2025-09-27 01:04:00,2025-09-27 01:10:00,BOS,short,3772.8,3774.4,3774.4,3771.1,False,,3774.4,SL,-1.6,-20.0,2
2025-09-29 07:45:00,2025-09-29 08:03:00,2025-09-29 08:10:00,MSS,long,3761.7,3762.3,3762.3,3767.7,False,,3768.2,TP,6.5,61.0,4
2025-09-29 11:20:00,2025-09-29 11:55:00,2025-09-29 12:02:00,BOS,short,3790.0,3795.0,3795.0,3788.5,False,,3788.5,TP,1.5,11.0,3
2025-09-29 12:50:00,2025-09-29 13:12:00,2025-09-29 13:21:00,BOS,long,3799.5,3799.0,3799.0,3803.7,False,,3798.4,SL,-1.1,-15.0,5
2025-09-29 14:10:00,2025-09-29 14:26:00,2025-09-29 14:31:00,BOS,long,3811.1,3807.6,3807.6,3812.0,False,,3807.3,SL,-3.8,-42.0,3
2025-09-29 14:40:00,2025-09-29 14:53:00,2025-09-29 15:15:00,MSS,long,3810.8,3807.3,3807.3,3814.2,False,,3814.3,TP,3.5,31.0,14
2025-09-29 16:40:00,2025-09-29 17:45:00,2025-09-29 17:48:00,MSS,long,3806.0,3803.9,3803.9,3811.4,False,,3803.5,SL,-2.5,-29.0,1
2025-09-29 20:50:00,2025-09-29 21:03:00,2025-09-29 21:04:00,BOS,short,3807.0,3814.4,3814.4,3808.8,False,,3805.7,TP,1.3,9.0,1
2025-09-29 23:10:00,2025-09-29 23:27:00,2025-09-29 23:34:00,MSS,short,3823.1,3827.3,3827.3,3818.1,False,,3818.1,TP,5.0,46.0,7
2025-09-30 02:45:00,2025-09-30 07:00:00,2025-09-30 08:12:00,MSS,short,3826.2,3823.4,3823.4,3819.6,False,,3832.3,SL,-6.1,-65.0,1
2025-10-30 08:35:00,2025-10-30 09:08:00,2025-10-30 09:12:00,MSS,short,3970.6,3977.0,3977.0,3959.3,False,,3959.3,TP,11.3,109.0,4
2025-10-30 10:45:00,2025-10-30 11:40:00,2025-10-30 12:02:00,BOS,short,3947.4,3953.9,3953.9,3940.2,False,,3953.9,SL,-6.5,-69.0,22
2025-10-30 13:10:00,2025-10-30 13:52:00,2025-10-30 13:56:00,MSS,short,3981.1,3991.5,3991.5,3974.2,False,,3974.2,TP,6.9,65.0,4
2025-10-30 20:00:00,2025-10-30 20:12:00,2025-10-30 20:14:00,MSS,long,3991.5,3982.0,3982.0,3993.8,False,,3993.8,TP,2.3,19.0,2
2025-10-30 20:25:00,2025-10-30 20:47:00,2025-10-30 20:48:00,MSS,short,3984.3,3997.7,3997.7,3982.1,False,,3982.1,TP,2.2,18.0,1
2025-10-30 20:55:00,2025-10-30 21:07:00,2025-10-30 21:46:00,BOS,short,3984.7,3992.8,3992.8,3972.1,False,,3992.8,SL,-8.1,-85.0,39
2025-10-30 23:10:00,2025-10-30 23:27:00,2025-10-30 23:43:00,BOS,long,4010.9,4001.5,4001.5,4018.5,False,,4018.5,TP,7.6,72.0,16
2025-10-31 01:10:00,2025-10-31 01:19:00,2025-10-31 01:31:00,BOS,short,4012.9,4017.3,4017.3,4008.1,False,,4017.3,SL,-4.4,-48.0,12
2025-10-31 11:35:00,2025-10-31 11:47:00,2025-10-31 11:55:00,MSS,long,4009.6,4007.3,4007.3,4016.0,False,,4007.3,SL,-2.3,-27.0,8
2025-10-31 13:05:00,2025-10-31 13:33:00,2025-10-31 14:06:00,MSS,short,4013.7,4023.5,4023.5,4008.5,False,,4023.5,SL,-9.8,-102.0,33
2025-10-31 15:00:00,2025-10-31 15:13:00,2025-10-31 15:16:00,BOS,long,4024.3,4017.0,4017.0,4028.9,False,,4028.9,TP,4.6,42.0,3
2025-10-31 15:15:00,2025-10-31 15:46:00,2025-10-31 15:55:00,BOS,long,4027.4,4019.2,4019.2,4032.2,False,,4032.2,TP,4.8,44.0,9
2025-10-31 16:05:00,2025-10-31 16:48:00,2025-10-31 16:54:00,BOS,long,4032.9,4022.9,4022.9,4038.6,False,,4022.9,SL,-10.0,-104.0,6
2025-10-31 17:30:00,2025-10-31 17:54:00,2025-10-31 17:56:00,MSS,long,4014.6,4010.0,4010.0,4019.0,False,,4019.0,TP,4.4,40.0,2
2025-10-31 17:55:00,2025-10-31 18:57:00,2025-10-31 19:45:00,BOS,long,4018.0,4011.4,4011.4,4021.3,False,,4021.3,TP,3.3,29.0,48
2025-10-31 20:35:00,2025-10-31 21:08:00,2025-10-31 21:09:00,BOS,long,4041.0,4028.5,4028.5,4040.2,False,,4041.0,TP,0.0,-4.0,1
2025-10-31 22:25:00,2025-10-31 23:00:00,2025-10-31 23:01:00,MSS,short,4026.7,4038.9,4038.9,4027.0,False,,4026.5,TP,0.2,-2.0,1
2025-11-01 01:00:00,2025-11-01 01:16:00,2025-11-01 01:41:00,MSS,long,3996.8,3989.4,3989.4,4003.0,False,,4003.0,TP,6.2,58.0,25
2025-11-01 02:50:00,2025-11-01 03:12:00,2025-11-01 03:16:00,MSS,short,4015.2,4018.1,4018.1,4011.0,False,,4011.0,TP,4.2,38.0,4
2025-11-01 03:15:00,2025-11-01 03:33:00,2025-11-01 04:39:00,BOS,short,4010.0,4018.2,4018.2,4003.4,False,,4018.2,SL,-8.2,-86.0,66
2025-11-03 07:00:00,2025-11-03 07:18:00,2025-11-03 07:43:00,MSS,short,4002.3,4019.0,4019.0,3992.1,False,,3992.1,TP,10.2,98.0,25
2025-11-03 11:00:00,2025-11-03 11:09:00,2025-11-03 11:38:00,BOS,long,4016.3,4008.4,4008.4,4022.4,False,,4022.4,TP,6.1,57.0,29
2025-11-03 11:35:00,2025-11-03 12:07:00,2025-11-03 12:09:00,BOS,long,4021.9,4015.5,4015.5,4023.7,False,,4023.7,TP,1.8,14.0,2
2025-11-03 13:00:00,2025-11-03 13:14:00,2025-11-03 13:25:00,BOS,short,4017.1,4018.5,4018.5,4007.2,False,,4018.5,SL,-1.4,-18.0,11
2025-11-03 14:15:00,2025-11-03 14:39:00,2025-11-03 14:52:00,BOS,long,4026.8,4020.7,4020.7,4029.1,False,,4029.1,TP,2.3,19.0,13
2025-11-03 15:10:00,2025-11-03 15:29:00,2025-11-03 15:50:00,MSS,short,4029.0,4034.1,4034.1,4024.6,False,,4034.1,SL,-5.1,-55.0,21
2025-11-03 15:50:00,2025-11-03 16:00:00,2025-11-03 16:01:00,BOS,long,4037.1,4031.0,4031.0,4036.8,False,,4036.9,TP,-0.2,-6.0,1
2025-11-03 20:00:00,2025-11-03 20:15:00,2025-11-03 20:21:00,MSS,short,4018.3,4020.8,4020.8,4016.5,False,,4016.5,TP,1.8,14.0,6
2025-11-03 22:05:00,2025-11-03 22:23:00,2025-11-03 22:28:00,MSS,short,4029.6,4033.0,4033.0,4023.8,False,,4023.8,TP,5.8,54.0,5
2025-11-03 22:50:00,2025-11-03 23:32:00,2025-11-04 00:16:00,MSS,long,4023.6,4012.4,4012.4,4038.5,False,,4012.4,SL,-11.2,-116.0,44
2025-11-04 01:05:00,2025-11-04 01:15:00,2025-11-04 01:20:00,MSS,short,4018.6,4022.5,4022.5,4015.3,False,,4022.5,SL,-3.9,-43.0,5
2025-11-04 02:30:00,2025-11-04 02:51:00,2025-11-04 03:03:00,MSS,long,4017.4,4011.5,4011.5,4021.6,False,,4011.5,SL,-5.9,-63.0,12
2025-11-04 03:00:00,2025-11-04 03:18:00,2025-11-04 03:55:00,MSS,short,4013.7,4019.5,4019.5,4007.9,False,,4019.5,SL,-5.8,-62.0,37
2025-11-04 08:00:00,2025-11-04 08:14:00,2025-11-04 08:17:00,BOS,short,4005.2,4010.4,4010.4,4001.6,False,,4010.4,SL,-5.2,-56.0,3
2025-11-04 08:35:00,2025-11-04 09:19:00,2025-11-04 09:26:00,BOS,short,3999.9,4010.4,4010.4,3993.2,False,,3993.2,TP,6.7,63.0,7
2025-11-04 10:00:00,2025-11-04 10:32:00,2025-11-04 11:11:00,MSS,short,3990.6,3999.7,3999.7,3984.4,False,,3999.7,SL,-9.1,-95.0,39
2025-11-04 11:20:00,2025-11-04 12:49:00,2025-11-04 12:55:00,BOS,long,3995.1,3994.2,3994.2,4001.0,False,,4001.0,TP,5.9,55.0,6
2025-11-04 13:25:00,2025-11-04 13:32:00,2025-11-04 13:33:00,BOS,short,3989.7,3996.1,3996.1,3991.9,False,,3990.1,TP,-0.4,-8.0,1
2025-11-04 14:00:00,2025-11-04 14:33:00,2025-11-04 14:47:00,BOS,short,3985.0,3990.4,3990.4,3977.7,False,,3990.4,SL,-5.4,-58.0,14
2025-11-04 16:00:00,2025-11-04 16:07:00,2025-11-04 16:08:00,BOS,long,4007.5,4002.7,4002.7,4008.6,False,,4008.6,TP,1.1,7.0,1
2025-11-04 16:10:00,2025-11-04 16:24:00,2025-11-04 16:26:00,MSS,short,4005.9,4010.0,4010.0,4001.6,False,,4010.0,SL,-4.1,-45.0,2
2025-11-04 17:30:00,2025-11-04 17:53:00,2025-11-04 17:56:00,MSS,long,4005.0,4001.6,4001.6,4010.0,False,,4001.6,SL,-3.4,-38.0,3
2025-11-04 17:55:00,2025-11-04 18:18:00,2025-11-04 19:50:00,MSS,short,4004.2,4010.3,4010.3,4000.1,False,,4010.3,SL,-6.1,-65.0,92
2025-11-04 21:10:00,2025-11-04 21:23:00,2025-11-04 21:28:00,MSS,long,3999.5,3992.8,3992.8,4006.4,False,,3992.8,SL,-6.7,-71.0,5
2025-11-04 22:00:00,2025-11-04 22:18:00,2025-11-04 22:25:00,BOS,short,3984.0,3988.9,3988.9,3977.4,False,,3977.4,TP,6.6,62.0,7
2025-11-05 00:45:00,2025-11-05 01:05:00,2025-11-05 01:06:00,MSS,short,3978.2,3984.3,3984.3,3975.4,False,,3975.4,TP,2.8,24.0,1
2025-11-05 07:00:00,2025-11-05 07:08:00,2025-11-05 07:18:00,MSS,long,3945.9,3940.7,3940.7,3947.3,False,,3947.3,TP,1.4,10.0,10
2025-11-05 07:45:00,2025-11-05 07:54:00,2025-11-05 08:03:00,MSS,short,3942.8,3946.8,3946.8,3938.3,False,,3946.8,SL,-4.0,-44.0,9
2025-11-05 08:00:00,2025-11-05 08:13:00,2025-11-05 08:15:00,MSS,long,3946.3,3938.3,3938.3,3950.0,False,,3950.0,TP,3.7,33.0,2
2025-11-05 08:40:00,2025-11-05 08:49:00,2025-11-05 08:59:00,MSS,short,3942.7,3947.7,3947.7,3935.4,False,,3947.7,SL,-5.0,-54.0,10
2025-11-05 09:25:00,2025-11-05 09:49:00,2025-11-05 09:50:00,BOS,long,3949.4,3946.7,3946.7,3957.3,False,,3946.7,SL,-2.7,-31.0,1
2025-11-05 14:00:00,2025-11-05 14:07:00,2025-11-05 14:08:00,MSS,long,3976.4,3970.7,3970.7,3976.5,False,,3976.5,TP,0.1,-3.0,1
2025-11-05 15:05:00,2025-11-05 15:19:00,2025-11-05 15:49:00,BOS,short,3974.6,3980.8,3980.8,3971.5,False,,3980.8,SL,-6.2,-66.0,30
2025-11-05 18:50:00,2025-11-05 19:05:00,2025-11-05 19:12:00,MSS,short,3975.8,3979.6,3979.6,3970.7,False,,3970.7,TP,5.1,47.0,7
2025-11-05 19:20:00,2025-11-05 19:48:00,2025-11-05 20:22:00,BOS,short,3974.0,3978.1,3978.1,3967.2,False,,3978.1,SL,-4.1,-45.0,34
2025-11-05 21:05:00,2025-11-05 21:20:00,2025-11-05 21:23:00,BOS,long,3980.3,3972.5,3972.5,3983.3,False,,3983.3,TP,3.0,26.0,3
2025-11-05 21:50:00,2025-11-05 22:04:00,2025-11-05 22:11:00,BOS,long,3987.2,3980.5,3980.5,3989.3,False,,3989.3,TP,2.1,17.0,7
2025-11-06 00:05:00,2025-11-06 00:15:00,2025-11-06 00:17:00,BOS,long,3990.4,3986.7,3986.7,3992.0,False,,3986.7,SL,-3.7,-41.0,2
2025-11-06 02:10:00,2025-11-06 02:39:00,2025-11-06 02:42:00,MSS,long,3989.9,3988.5,3988.5,3993.3,False,,3988.5,SL,-1.4,-18.0,3
2025-11-06 07:30:00,2025-11-06 08:07:00,2025-11-06 08:11:00,MSS,long,3980.7,3978.0,3978.0,3983.2,False,,3983.2,TP,2.5,21.0,4
2025-11-06 09:05:00,2025-11-06 09:28:00,2025-11-06 10:03:00,MSS,short,3980.6,3986.1,3986.1,3973.1,False,,3986.1,SL,-5.5,-59.0,35
2025-11-06 10:30:00,2025-11-06 11:10:00,2025-11-06 11:12:00,BOS,long,3991.2,3984.7,3984.7,3993.1,False,,3993.1,TP,1.9,15.0,2
2025-11-06 13:00:00,2025-11-06 13:10:00,2025-11-06 13:24:00,BOS,long,3995.7,3993.3,3993.3,3998.5,False,,3998.5,TP,2.8,24.0,14
2025-11-06 13:25:00,2025-11-06 13:38:00,2025-11-06 13:41:00,BOS,long,3997.5,3994.4,3994.4,3999.7,False,,3994.4,SL,-3.1,-35.0,3
2025-11-06 19:00:00,2025-11-06 19:26:00,2025-11-06 19:27:00,MSS,long,4018.5,4014.3,4014.3,4020.0,False,,4020.0,TP,1.5,11.0,1
2025-11-06 20:50:00,2025-11-06 21:09:00,2025-11-06 21:21:00,BOS,short,4019.6,4023.9,4023.9,4012.1,False,,4023.9,SL,-4.3,-47.0,12
2025-11-07 01:10:00,2025-11-07 01:53:00,2025-11-07 01:54:00,BOS,short,3993.8,3993.9,3993.9,3986.4,False,,3994.1,SL,-0.3,-7.0,1
2025-11-07 03:10:00,2025-11-07 03:38:00,2025-11-07 03:47:00,BOS,long,3999.3,3994.3,3994.3,4003.7,False,,3994.3,SL,-5.0,-54.0,9
2025-11-07 10:35:00,2025-11-07 10:51:00,2025-11-07 11:04:00,MSS,long,4003.3,3998.8,3998.8,4006.5,False,,3998.8,SL,-4.5,-49.0,13
2025-11-07 11:05:00,2025-11-07 11:39:00,2025-11-07 12:01:00,MSS,short,3999.7,4004.8,4004.8,3996.3,False,,3996.3,TP,3.4,30.0,22
2025-11-07 12:30:00,2025-11-07 12:43:00,2025-11-07 12:50:00,MSS,short,4002.8,4005.2,4005.2,4001.2,False,,4005.2,SL,-2.4,-28.0,7
2025-11-07 12:50:00,2025-11-07 13:19:00,2025-11-07 13:22:00,MSS,long,4004.4,4002.1,4002.1,4005.8,False,,4002.1,SL,-2.3,-27.0,3
2025-11-07 13:20:00,2025-11-07 13:44:00,2025-11-07 14:23:00,MSS,short,4003.8,4006.3,4006.3,3999.3,False,,4006.3,SL,-2.5,-29.0,39
2025-11-07 16:10:00,2025-11-07 16:32:00,2025-11-07 16:59:00,BOS,long,4013.7,4012.4,4012.4,4018.3,False,,4018.3,TP,4.6,42.0,27
2025-11-07 17:15:00,2025-11-07 17:24:00,2025-11-07 17:33:00,BOS,long,4019.6,4016.1,4016.1,4022.4,False,,4016.1,SL,-3.5,-39.0,9
2025-11-07 18:20:00,2025-11-07 18:35:00,2025-11-07 18:56:00,MSS,long,4013.4,4010.3,4010.3,4016.9,False,,4016.9,TP,3.5,31.0,21
2025-11-07 19:00:00,2025-11-07 19:10:00,2025-11-07 19:14:00,BOS,long,4015.8,4010.9,4010.9,4019.9,False,,4010.9,SL,-4.9,-53.0,4
2025-11-07 19:25:00,2025-11-07 19:55:00,2025-11-07 20:04:00,MSS,short,4009.6,4015.6,4015.6,4005.7,False,,4015.6,SL,-6.0,-64.0,9
2025-11-07 20:05:00,2025-11-07 20:34:00,2025-11-07 20:49:00,MSS,long,4005.9,4001.2,4001.2,4016.9,False,,4001.2,SL,-4.7,-51.0,15
2025-11-07 20:45:00,2025-11-07 21:00:00,2025-11-07 21:01:00,MSS,short,4002.2,4006.5,4006.5,3999.4,False,,3999.4,TP,2.8,24.0,1
2025-11-07 21:00:00,2025-11-07 21:35:00,2025-11-07 21:51:00,MSS,long,4003.8,3998.7,3998.7,4006.3,False,,4006.3,TP,2.5,21.0,16
2025-11-07 22:10:00,2025-11-07 22:33:00,2025-11-07 22:34:00,BOS,long,4003.7,4002.3,4002.3,4011.5,False,,4002.3,SL,-1.4,-18.0,1
2025-11-07 23:15:00,2025-11-07 23:37:00,2025-11-07 23:40:00,MSS,short,4000.8,4006.7,4006.7,3995.0,False,,3995.0,TP,5.8,54.0,3
2025-11-07 23:40:00,2025-11-07 23:53:00,2025-11-08 00:05:00,BOS,short,3997.8,4003.5,4003.5,3993.2,False,,4003.5,SL,-5.7,-61.0,12
2025-11-08 00:20:00,2025-11-08 01:08:00,2025-11-08 01:17:00,BOS,long,4007.4,4003.5,4003.5,4013.4,False,,4003.5,SL,-3.9,-43.0,9
2025-11-10 10:05:00,2025-11-10 10:19:00,2025-11-10 10:30:00,BOS,short,4053.6,4056.0,4056.0,4047.7,False,,4047.7,TP,5.9,55.0,11
2025-11-10 11:25:00,2025-11-10 11:52:00,2025-11-10 12:01:00,MSS,long,4057.0,4053.0,4053.0,4060.6,False,,4060.6,TP,3.6,32.0,9
2025-11-10 12:10:00,2025-11-10 12:48:00,2025-11-10 13:30:00,BOS,long,4061.5,4055.7,4055.7,4065.9,False,,4065.9,TP,4.4,40.0,42
2025-11-10 15:10:00,2025-11-10 15:27:00,2025-11-10 16:06:00,BOS,long,4084.4,4081.6,4081.6,4087.6,False,,4087.6,TP,3.2,28.0,39
2025-11-10 16:05:00,2025-11-10 16:17:00,2025-11-10 16:35:00,BOS,long,4086.5,4081.7,4081.7,4091.9,False,,4091.9,TP,5.4,50.0,18
2025-11-10 16:35:00,2025-11-10 16:46:00,2025-11-10 17:13:00,BOS,long,4089.0,4083.0,4083.0,4093.7,False,,4083.0,SL,-6.0,-64.0,27
2025-11-10 17:35:00,2025-11-10 18:01:00,2025-11-10 20:00:00,MSS,long,4087.8,4079.5,4079.5,4094.9,False,,4094.9,TP,7.1,67.0,119
2025-11-10 22:30:00,2025-11-10 22:48:00,2025-11-10 23:01:00,BOS,short,4088.6,4097.0,4097.0,4083.2,False,,4097.0,SL,-8.4,-88.0,13
2025-11-10 23:45:00,2025-11-10 23:55:00,2025-11-11 00:08:00,BOS,short,4091.4,4096.0,4096.0,4084.7,False,,4096.0,SL,-4.6,-50.0,13
2025-11-11 02:45:00,2025-11-11 03:15:00,2025-11-11 05:53:00,MSS,short,4120.2,4123.9,4123.9,4113.7,False,,4123.9,SL,-3.7,-41.0,158
2025-11-11 07:05:00,2025-11-11 07:21:00,2025-11-11 07:22:00,BOS,long,4127.2,4121.6,4121.6,4127.7,False,,4127.7,TP,0.5,1.0,1
2025-11-11 07:45:00,2025-11-11 07:57:00,2025-11-11 08:00:00,BOS,long,4125.8,4125.1,4125.1,4129.7,False,,4125.1,SL,-0.7,-11.0,3
2025-11-11 09:25:00,2025-11-11 09:48:00,2025-11-11 10:44:00,BOS,long,4141.5,4133.7,4133.7,4144.2,False,,4144.2,TP,2.7,23.0,56
2025-11-11 12:40:00,2025-11-11 12:53:00,2025-11-11 12:56:00,MSS,short,4150.7,4151.3,4151.3,4147.7,False,,4147.7,TP,3.0,26.0,3
2025-11-11 14:20:00,2025-11-11 14:40:00,2025-11-11 15:03:00,MSS,long,4138.4,4133.2,4133.2,4143.9,False,,4133.2,SL,-5.2,-56.0,23
2025-11-11 15:00:00,2025-11-11 15:15:00,2025-11-11 15:21:00,MSS,short,4134.9,4139.0,4139.0,4132.3,False,,4139.0,SL,-4.1,-45.0,6
2025-11-11 16:00:00,2025-11-11 16:39:00,2025-11-11 16:49:00,MSS,long,4138.3,4131.0,4131.0,4141.5,False,,4141.5,TP,3.2,28.0,10
2025-11-11 17:55:00,2025-11-11 19:43:00,2025-11-11 19:59:00,MSS,short,4148.4,4152.5,4152.5,4147.8,False,,4147.8,TP,0.6,2.0,16
2025-11-11 20:10:00,2025-11-11 20:42:00,2025-11-11 20:49:00,BOS,short,4146.3,4151.0,4151.0,4143.6,False,,4143.6,TP,2.7,23.0,7
2025-11-11 20:50:00,2025-11-11 21:15:00,2025-11-11 21:22:00,BOS,short,4145.0,4148.4,4148.4,4139.5,False,,4148.4,SL,-3.4,-38.0,7
2025-11-11 21:30:00,2025-11-11 22:02:00,2025-11-11 22:05:00,BOS,long,4149.1,4144.6,4144.6,4151.9,False,,4144.6,SL,-4.5,-49.0,3
2025-11-11 22:45:00,2025-11-11 22:59:00,2025-11-11 23:08:00,BOS,short,4131.1,4139.6,4139.6,4125.8,False,,4125.8,TP,5.3,49.0,9
2025-11-12 01:30:00,2025-11-12 01:54:00,2025-11-12 02:13:00,BOS,short,4120.2,4123.5,4123.5,4116.0,False,,4116.0,TP,4.2,38.0,19
2025-11-12 02:10:00,2025-11-12 02:19:00,2025-11-12 02:32:00,BOS,short,4118.7,4122.0,4122.0,4114.0,False,,4114.0,TP,4.7,43.0,13
2025-11-12 13:30:00,2025-11-12 13:40:00,2025-11-12 14:07:00,BOS,short,4111.5,4115.7,4115.7,4104.4,False,,4115.7,SL,-4.2,-46.0,27
2025-11-12 14:35:00,2025-11-12 14:52:00,2025-11-12 15:01:00,BOS,long,4120.7,4117.0,4117.0,4124.2,False,,4124.2,TP,3.5,31.0,9
2025-11-12 17:10:00,2025-11-12 17:18:00,2025-11-12 17:21:00,MSS,short,4134.6,4139.4,4139.4,4132.7,False,,4132.7,TP,1.9,15.0,3
2025-11-12 18:25:00,2025-11-12 18:59:00,2025-11-12 19:00:00,BOS,short,4133.4,4134.5,4134.5,4125.7,False,,4134.5,SL,-1.1,-15.0,1
2025-11-12 19:10:00,2025-11-12 19:23:00,2025-11-12 19:28:00,MSS,long,4131.1,4130.3,4130.3,4137.1,False,,4130.3,SL,-0.8,-12.0,5
2025-11-12 22:30:00,2025-11-12 22:43:00,2025-11-12 22:50:00,MSS,short,4141.5,4144.3,4144.3,4130.7,False,,4144.3,SL,-2.8,-32.0,7
2025-11-12 23:45:00,2025-11-12 23:56:00,2025-11-13 00:02:00,BOS,long,4188.3,4181.2,4181.2,4190.4,False,,4190.4,TP,2.1,17.0,6
2025-11-13 02:00:00,2025-11-13 02:17:00,2025-11-13 02:24:00,MSS,short,4205.6,4210.6,4210.6,4196.9,False,,4210.6,SL,-5.0,-54.0,7
2025-11-13 07:05:00,2025-11-13 07:15:00,2025-11-13 07:20:00,MSS,long,4203.3,4199.9,4199.9,4210.0,False,,4199.9,SL,-3.4,-38.0,5
2025-11-13 08:00:00,2025-11-13 08:25:00,2025-11-13 08:30:00,BOS,short,4196.2,4197.8,4197.8,4191.6,False,,4197.8,SL,-1.6,-20.0,5
2025-11-13 09:55:00,2025-11-13 10:35:00,2025-11-13 10:44:00,MSS,long,4190.9,4186.6,4186.6,4198.9,False,,4198.9,TP,8.0,76.0,9
2025-11-13 13:05:00,2025-11-13 13:31:00,2025-11-13 13:40:00,BOS,long,4218.6,4209.9,4209.9,4219.9,False,,4219.9,TP,1.3,9.0,9
2025-11-13 17:00:00,2025-11-13 17:10:00,2025-11-13 17:18:00,MSS,short,4237.3,4243.0,4243.0,4232.3,False,,4243.0,SL,-5.7,-61.0,8
2025-11-13 18:55:00,2025-11-13 19:08:00,2025-11-13 19:20:00,BOS,short,4232.8,4240.1,4240.1,4226.6,False,,4226.6,TP,6.2,58.0,12
2025-11-13 20:05:00,2025-11-13 20:28:00,2025-11-13 20:35:00,BOS,long,4237.7,4234.2,4234.2,4240.2,False,,4240.2,TP,2.5,21.0,7
2025-11-13 21:30:00,2025-11-13 21:57:00,2025-11-13 22:03:00,BOS,short,4235.3,4242.5,4242.5,4227.5,False,,4227.5,TP,7.8,74.0,6
2025-11-13 23:05:00,2025-11-13 23:31:00,2025-11-13 23:33:00,MSS,long,4201.0,4193.2,4193.2,4209.6,False,,4193.2,SL,-7.8,-82.0,2
2025-11-14 00:35:00,2025-11-14 00:55:00,2025-11-14 01:11:00,MSS,short,4206.2,4213.0,4213.0,4202.9,False,,4202.9,TP,3.3,29.0,16
2025-11-14 01:10:00,2025-11-14 01:29:00,2025-11-14 02:25:00,BOS,short,4206.9,4212.9,4212.9,4198.2,False,,4198.2,TP,8.7,83.0,56
2025-11-14 07:45:00,2025-11-14 08:09:00,2025-11-14 08:12:00,BOS,long,4186.2,4179.8,4179.8,4188.5,False,,4188.5,TP,2.3,19.0,3
2025-11-14 08:50:00,2025-11-14 09:05:00,2025-11-14 09:21:00,MSS,short,4188.9,4192.5,4192.5,4180.8,False,,4180.8,TP,8.1,77.0,16
2025-11-14 12:10:00,2025-11-14 12:37:00,2025-11-14 13:02:00,BOS,short,4205.4,4209.4,4209.4,4201.2,False,,4201.2,TP,4.2,38.0,25
2025-11-14 18:30:00,2025-11-14 18:43:00,2025-11-14 18:55:00,BOS,short,4170.2,4174.4,4174.4,4162.8,False,,4174.4,SL,-4.2,-46.0,12
2025-11-14 22:20:00,2025-11-14 22:34:00,2025-11-14 22:35:00,MSS,long,4041.3,4045.6,4045.6,4061.6,False,,4041.0,SL,-0.3,-7.0,1
2025-11-15 00:35:00,2025-11-15 01:09:00,2025-11-15 01:26:00,BOS,long,4106.2,4098.7,4098.7,4108.9,False,,4098.7,SL,-7.5,-79.0,17
2025-11-17 08:55:00,2025-11-17 09:05:00,2025-11-17 09:10:00,BOS,short,4088.4,4093.0,4093.0,4082.5,False,,4093.0,SL,-4.6,-50.0,5
2025-11-17 09:10:00,2025-11-17 09:18:00,2025-11-17 09:32:00,MSS,long,4091.0,4082.5,4082.5,4098.2,False,,4098.2,TP,7.2,68.0,14
2025-11-17 09:30:00,2025-11-17 10:05:00,2025-11-17 10:36:00,BOS,long,4088.9,4086.7,4086.7,4101.5,False,,4086.7,SL,-2.2,-26.0,31
2025-11-17 11:50:00,2025-11-17 12:49:00,2025-11-17 13:05:00,MSS,long,4080.8,4076.4,4076.4,4086.0,False,,4076.4,SL,-4.4,-48.0,16
2025-11-17 14:00:00,2025-11-17 14:14:00,2025-11-17 14:19:00,MSS,long,4059.6,4054.6,4054.6,4065.9,False,,4065.9,TP,6.3,59.0,5
2025-11-17 16:35:00,2025-11-17 17:12:00,2025-11-17 17:22:00,MSS,short,4079.0,4085.4,4085.4,4077.2,False,,4085.4,SL,-6.4,-68.0,10
2025-11-17 18:50:00,2025-11-17 19:38:00,2025-11-17 21:03:00,MSS,short,4078.0,4087.7,4087.7,4069.6,False,,4087.7,SL,-9.7,-101.0,85
2025-11-17 23:05:00,2025-11-17 23:25:00,2025-11-18 00:01:00,MSS,short,4071.0,4082.0,4082.0,4062.5,False,,4062.5,TP,8.5,81.0,36
2025-11-18 01:15:00,2025-11-18 01:49:00,2025-11-18 01:52:00,BOS,long,4076.0,4072.5,4072.5,4079.2,False,,4072.5,SL,-3.5,-39.0,3
2025-11-18 07:00:00,2025-11-18 07:12:00,2025-11-18 07:40:00,BOS,long,4050.6,4042.9,4042.9,4056.1,False,,4042.9,SL,-7.7,-81.0,28
2025-11-18 08:35:00,2025-11-18 08:57:00,2025-11-18 08:59:00,MSS,long,4034.7,4028.1,4028.1,4038.8,False,,4038.8,TP,4.1,37.0,2
2025-11-18 08:55:00,2025-11-18 09:09:00,2025-11-18 09:12:00,BOS,long,4038.4,4031.3,4031.3,4041.1,False,,4041.1,TP,2.7,23.0,3
2025-11-18 11:30:00,2025-11-18 12:01:00,2025-11-18 12:16:00,MSS,long,4012.5,4008.2,4008.2,4017.0,False,,4008.2,SL,-4.3,-47.0,15
2025-11-18 13:35:00,2025-11-18 14:00:00,2025-11-18 14:04:00,BOS,long,4019.6,4014.5,4014.5,4022.3,False,,4014.5,SL,-5.1,-55.0,4
2025-11-18 15:00:00,2025-11-18 15:42:00,2025-11-18 15:47:00,BOS,short,4010.3,4015.1,4015.1,4004.0,False,,4015.1,SL,-4.8,-52.0,5
2025-11-18 18:45:00,2025-11-18 18:59:00,2025-11-18 19:59:00,BOS,long,4043.9,4036.8,4036.8,4050.2,False,,4036.8,SL,-7.1,-75.0,60
2025-11-18 22:00:00,2025-11-18 22:11:00,2025-11-18 22:15:00,BOS,long,4072.5,4065.2,4065.2,4075.6,False,,4075.6,TP,3.1,27.0,4
2025-11-18 22:15:00,2025-11-18 22:28:00,2025-11-18 22:32:00,BOS,long,4075.9,4068.6,4068.6,4080.7,False,,4080.7,TP,4.8,44.0,4
2025-11-18 23:25:00,2025-11-18 23:49:00,2025-11-18 23:50:00,MSS,long,4058.9,4053.1,4053.1,4067.4,False,,4053.1,SL,-5.8,-62.0,1
2025-11-19 00:00:00,2025-11-19 00:21:00,2025-11-19 01:37:00,MSS,short,4056.0,4072.9,4072.9,4040.0,False,,4072.9,SL,-16.9,-173.0,76
2025-11-19 02:00:00,2025-11-19 02:07:00,2025-11-19 02:08:00,MSS,short,4071.2,4074.2,4074.2,4069.7,False,,4069.7,TP,1.5,11.0,1
2025-11-19 03:10:00,2025-11-19 03:35:00,2025-11-19 03:37:00,MSS,long,4078.6,4069.8,4069.8,4080.8,False,,4080.8,TP,2.2,18.0,2
2025-11-19 07:05:00,2025-11-19 07:35:00,2025-11-19 07:44:00,MSS,long,4069.0,4065.4,4065.4,4073.1,False,,4073.1,TP,4.1,37.0,9
2025-11-19 07:55:00,2025-11-19 08:09:00,2025-11-19 08:23:00,BOS,long,4074.0,4067.2,4067.2,4077.7,False,,4077.7,TP,3.7,33.0,14
2025-11-19 08:20:00,2025-11-19 08:53:00,2025-11-19 08:55:00,BOS,long,4071.1,4070.3,4070.3,4078.0,False,,4070.3,SL,-0.8,-12.0,2
2025-11-19 11:55:00,2025-11-19 12:29:00,2025-11-19 12:33:00,BOS,short,4074.1,4076.4,4076.4,4065.8,False,,4076.4,SL,-2.3,-27.0,4
2025-11-19 15:05:00,2025-11-19 15:49:00,2025-11-19 15:51:00,MSS,short,4095.2,4096.2,4096.2,4084.9,False,,4096.2,SL,-1.0,-14.0,2
2025-11-19 19:15:00,2025-11-19 19:45:00,2025-11-19 20:10:00,BOS,long,4114.0,4107.1,4107.1,4118.6,False,,4118.6,TP,4.6,42.0,25
2025-11-19 20:35:00,2025-11-19 20:55:00,2025-11-19 21:00:00,BOS,long,4116.7,4112.9,4112.9,4119.9,False,,4112.9,SL,-3.8,-42.0,5
2025-11-19 21:00:00,2025-11-19 21:47:00,2025-11-19 21:51:00,MSS,short,4114.7,4120.7,4120.7,4109.6,False,,4109.6,TP,5.1,47.0,4
2025-11-19 22:20:00,2025-11-19 22:37:00,2025-11-19 22:55:00,MSS,short,4114.2,4119.9,4119.9,4109.5,False,,4119.9,SL,-5.7,-61.0,18
2025-11-20 00:15:00,2025-11-20 00:23:00,2025-11-20 00:25:00,BOS,short,4088.2,4095.6,4095.6,4082.1,False,,4082.1,TP,6.1,57.0,2
2025-11-20 02:00:00,2025-11-20 02:29:00,2025-11-20 02:33:00,BOS,long,4082.7,4076.7,4076.7,4084.4,False,,4076.7,SL,-6.0,-64.0,4
2025-11-20 02:50:00,2025-11-20 03:09:00,2025-11-20 03:13:00,BOS,long,4084.8,4076.3,4076.3,4092.4,False,,4076.3,SL,-8.5,-89.0,4
2025-11-20 08:35:00,2025-11-20 09:07:00,2025-11-20 09:09:00,MSS,short,4104.6,4108.3,4108.3,4100.5,False,,4100.5,TP,4.1,37.0,2
2025-11-20 11:30:00,2025-11-20 12:12:00,2025-11-20 12:15:00,MSS,short,4074.4,4077.7,4077.7,4068.4,False,,4077.7,SL,-3.3,-37.0,3
2025-11-20 14:05:00,2025-11-20 14:28:00,2025-11-20 14:29:00,MSS,long,4061.6,4063.5,4063.5,4076.7,False,,4061.3,SL,-0.3,-7.0,1
2025-11-20 14:25:00,2025-11-20 14:42:00,2025-11-20 15:44:00,MSS,short,4068.0,4076.7,4076.7,4057.6,False,,4057.6,TP,10.4,100.0,62
2025-11-20 16:00:00,2025-11-20 16:59:00,2025-11-20 17:01:00,BOS,short,4062.6,4066.7,4066.7,4047.0,False,,4066.7,SL,-4.1,-45.0,2
2025-11-20 21:35:00,2025-11-20 21:47:00,2025-11-20 22:49:00,MSS,long,4081.9,4066.1,4066.1,4096.4,False,,4096.4,TP,14.5,141.0,62
2025-11-20 23:55:00,2025-11-21 00:12:00,2025-11-21 00:19:00,BOS,short,4075.5,4088.5,4088.5,4068.7,False,,4068.7,TP,6.8,64.0,7
2025-11-21 00:40:00,2025-11-21 00:49:00,2025-11-21 00:54:00,BOS,short,4060.4,4067.1,4067.1,4055.9,False,,4055.9,TP,4.5,41.0,5
2025-11-21 07:10:00,2025-11-21 07:28:00,2025-11-21 07:41:00,MSS,long,4080.9,4071.7,4071.7,4085.3,False,,4085.3,TP,4.4,40.0,13
2025-11-21 07:40:00,2025-11-21 07:54:00,2025-11-21 08:00:00,BOS,long,4078.1,4076.5,4076.5,4088.6,False,,4076.5,SL,-1.6,-20.0,6
2025-11-21 08:20:00,2025-11-21 08:51:00,2025-11-21 08:53:00,MSS,short,4076.2,4081.2,4081.2,4071.3,False,,4071.3,TP,4.9,45.0,2
2025-11-21 10:15:00,2025-11-21 10:34:00,2025-11-21 10:35:00,MSS,short,4075.9,4075.0,4075.0,4065.3,False,,4075.6,SL,0.3,-1.0,1
2025-11-21 11:15:00,2025-11-21 11:44:00,2025-11-21 11:47:00,BOS,short,4053.1,4056.0,4056.0,4048.8,False,,4056.0,SL,-2.9,-33.0,3
2025-11-21 12:05:00,2025-11-21 12:16:00,2025-11-21 12:32:00,MSS,long,4053.5,4051.0,4051.0,4058.8,False,,4051.0,SL,-2.5,-29.0,16
2025-11-21 12:30:00,2025-11-21 13:08:00,2025-11-21 13:37:00,MSS,short,4053.4,4058.3,4058.3,4049.5,False,,4049.5,TP,3.9,35.0,29
2025-11-21 13:55:00,2025-11-21 14:21:00,2025-11-21 14:28:00,MSS,long,4042.9,4037.3,4037.3,4057.3,False,,4037.3,SL,-5.6,-60.0,7
2025-11-21 14:55:00,2025-11-21 15:33:00,2025-11-21 15:39:00,BOS,short,4033.1,4038.2,4038.2,4030.3,False,,4030.3,TP,2.8,24.0,6
2025-11-21 19:45:00,2025-11-21 20:11:00,2025-11-21 20:20:00,BOS,short,4039.2,4044.1,4044.1,4030.3,False,,4044.1,SL,-4.9,-53.0,9
2025-11-21 22:50:00,2025-11-21 23:09:00,2025-11-21 23:12:00,MSS,long,4070.7,4060.2,4060.2,4074.3,False,,4074.3,TP,3.6,32.0,3
2025-11-21 23:30:00,2025-11-22 00:05:00,2025-11-22 00:06:00,MSS,short,4064.6,4075.6,4075.6,4064.1,False,,4064.1,TP,0.5,1.0,1
2025-11-24 10:45:00,2025-11-24 11:07:00,2025-11-24 11:31:00,MSS,short,4044.4,4048.8,4048.8,4040.5,False,,4048.8,SL,-4.4,-48.0,24
2025-11-24 12:10:00,2025-11-24 12:25:00,2025-11-24 12:32:00,BOS,long,4048.8,4045.3,4045.3,4058.6,False,,4045.3,SL,-3.5,-39.0,7
2025-11-24 13:45:00,2025-11-24 14:00:00,2025-11-24 14:02:00,MSS,short,4042.1,4046.0,4046.0,4037.7,False,,4046.0,SL,-3.9,-43.0,2
2025-11-24 17:35:00,2025-11-24 17:49:00,2025-11-24 17:52:00,BOS,long,4066.5,4063.9,4063.9,4069.8,False,,4063.9,SL,-2.6,-30.0,3
2025-11-24 20:00:00,2025-11-24 20:15:00,2025-11-24 20:17:00,MSS,long,4066.4,4065.3,4065.3,4070.3,False,,4065.3,SL,-1.1,-15.0,2
2025-11-24 21:40:00,2025-11-24 22:04:00,2025-11-24 22:23:00,MSS,short,4076.5,4084.0,4084.0,4072.2,False,,4072.2,TP,4.3,39.0,19
2025-11-25 01:05:00,2025-11-25 01:51:00,2025-11-25 01:57:00,MSS,short,4097.3,4098.9,4098.9,4093.3,False,,4093.3,TP,4.0,36.0,6
2025-11-25 03:10:00,2025-11-25 03:57:00,2025-11-25 04:20:00,MSS,short,4118.2,4123.4,4123.4,4115.2,False,,4123.4,SL,-5.2,-56.0,23
2025-11-25 07:10:00,2025-11-25 07:18:00,2025-11-25 07:45:00,MSS,short,4128.1,4136.9,4136.9,4123.6,False,,4136.9,SL,-8.8,-92.0,27
2025-11-25 08:55:00,2025-11-25 09:07:00,2025-11-25 09:13:00,BOS,short,4128.0,4134.6,4134.6,4124.5,False,,4124.5,TP,3.5,31.0,6
2025-11-25 10:15:00,2025-11-25 11:26:00,2025-11-25 12:15:00,BOS,long,4141.7,4133.2,4133.2,4143.0,False,,4143.0,TP,1.3,9.0,49
2025-11-25 12:50:00,2025-11-25 13:12:00,2025-11-25 13:30:00,MSS,short,4143.9,4145.7,4145.7,4138.6,False,,4138.6,TP,5.3,49.0,18
2025-11-25 14:05:00,2025-11-25 14:15:00,2025-11-25 14:20:00,BOS,long,4146.2,4143.6,4143.6,4149.6,False,,4143.6,SL,-2.6,-30.0,5
2025-11-25 15:00:00,2025-11-25 15:13:00,2025-11-25 15:29:00,MSS,long,4139.7,4136.1,4136.1,4142.4,False,,4136.1,SL,-3.6,-40.0,16
2025-11-25 16:15:00,2025-11-25 16:24:00,2025-11-25 16:32:00,MSS,long,4133.5,4128.8,4128.8,4136.2,False,,4128.8,SL,-4.7,-51.0,8
2025-11-25 16:50:00,2025-11-25 17:07:00,2025-11-25 17:15:00,BOS,short,4119.1,4126.4,4126.4,4106.1,False,,4126.4,SL,-7.3,-77.0,8
2025-11-25 18:00:00,2025-11-25 18:36:00,2025-11-25 18:48:00,MSS,long,4127.7,4122.6,4122.6,4132.2,False,,4132.2,TP,4.5,41.0,12
2025-11-25 20:15:00,2025-11-25 20:27:00,2025-11-25 20:28:00,BOS,long,4131.3,4132.0,4132.0,4135.7,False,,4130.7,SL,-0.6,-10.0,1
2025-11-25 20:25:00,2025-11-25 20:42:00,2025-11-25 20:43:00,MSS,short,4127.4,4135.7,4135.7,4129.2,False,,4127.4,TP,0.0,-4.0,1
2025-11-25 20:40:00,2025-11-25 20:53:00,2025-11-25 21:07:00,BOS,short,4120.1,4132.8,4132.8,4113.0,False,,4132.8,SL,-12.7,-131.0,14
2025-11-25 23:50:00,2025-11-26 00:08:00,2025-11-26 00:16:00,MSS,short,4124.6,4129.3,4129.3,4118.3,False,,4129.3,SL,-4.7,-51.0,8
2025-11-26 01:30:00,2025-11-26 01:44:00,2025-11-26 01:53:00,BOS,long,4149.0,4141.8,4141.8,4156.2,False,,4141.8,SL,-7.2,-76.0,9
2025-11-26 07:00:00,2025-11-26 07:33:00,2025-11-26 08:01:00,MSS,long,4128.6,4126.1,4126.1,4132.3,False,,4132.3,TP,3.7,33.0,22
2025-11-26 10:05:00,2025-11-26 10:13:00,2025-11-26 10:17:00,BOS,long,4149.5,4144.8,4144.8,4151.0,False,,4151.1,TP,1.6,12.0,4
2025-11-26 11:35:00,2025-11-26 11:57:00,2025-11-26 12:00:00,MSS,long,4163.4,4160.9,4160.9,4164.5,False,,4164.5,TP,1.1,7.0,3
2025-11-26 16:05:00,2025-11-26 16:35:00,2025-11-26 16:44:00,BOS,long,4160.1,4154.4,4154.4,4163.2,False,,4153.1,SL,-7.0,-74.0,9
2025-11-26 18:45:00,2025-11-26 18:55:00,2025-11-26 19:05:00,BOS,short,4156.5,4157.8,4157.8,4152.9,False,,4158.0,SL,-1.5,-19.0,7
2025-11-26 21:25:00,2025-11-26 21:38:00,2025-11-26 21:40:00,MSS,long,4154.0,4155.0,4155.0,4163.3,False,,4154.5,SL,0.5,1.0,2
2025-11-26 22:30:00,2025-11-26 23:03:00,2025-11-26 23:04:00,MSS,long,4140.9,4139.0,4139.0,4150.4,False,,4139.0,SL,-1.9,-23.0,1
2025-11-26 23:55:00,2025-11-27 00:02:00,2025-11-27 00:41:00,BOS,long,4160.3,4155.5,4155.5,4163.2,False,,4163.2,TP,2.9,25.0,39
2025-11-27 01:20:00,2025-11-27 02:03:00,2025-11-27 02:05:00,BOS,long,4166.7,4162.3,4162.3,4167.3,False,,4167.3,TP,0.6,2.0,1
2025-12-01 22:35:00,2025-12-01 23:09:00,2025-12-01 23:19:00,BOS,short,4236.5,4246.1,4246.1,4223.7,False,,4220.6,TP,15.9,155.0,2
2025-12-30 09:00:00,2025-12-30 09:19:00,2025-12-30 09:20:00,BOS,short,4356.1,4356.0,4356.0,4341.7,False,,4356.5,SL,-0.4,-8.0,1
2025-12-30 11:50:00,2025-12-30 12:04:00,2025-12-30 12:08:00,MSS,short,4374.9,4379.3,4379.3,4371.9,False,,4371.9,TP,3.0,26.0,4
2025-12-30 12:35:00,2025-12-30 12:56:00,2025-12-30 13:01:00,BOS,long,4378.6,4376.1,4376.1,4382.7,False,,4376.1,SL,-2.5,-29.0,5
2025-12-30 13:05:00,2025-12-30 13:18:00,2025-12-30 13:20:00,MSS,short,4377.2,4379.4,4379.4,4373.3,False,,4379.4,SL,-2.2,-26.0,2
2025-12-30 14:35:00,2025-12-30 14:51:00,2025-12-30 15:07:00,BOS,short,4379.9,4384.6,4384.6,4375.1,False,,4375.1,TP,4.8,44.0,16
2025-12-30 17:50:00,2025-12-30 18:06:00,2025-12-30 18:09:00,BOS,long,4387.6,4382.8,4382.8,4388.3,False,,4388.3,TP,0.7,3.0,3
2025-12-30 19:05:00,2025-12-30 19:49:00,2025-12-30 20:08:00,BOS,long,4399.4,4394.4,4394.4,4405.2,False,,4405.2,TP,5.8,54.0,19
2025-12-30 21:30:00,2025-12-30 22:02:00,2025-12-30 22:38:00,BOS,short,4402.4,4413.7,4413.7,4391.9,False,,4391.9,TP,10.5,101.0,36
2025-12-31 00:05:00,2025-12-31 00:30:00,2025-12-31 00:55:00,BOS,short,4381.5,4387.5,4387.5,4372.2,False,,4387.5,SL,-6.0,-64.0,25
2025-12-31 00:55:00,2025-12-31 01:23:00,2025-12-31 02:42:00,MSS,long,4387.2,4378.3,4378.3,4396.1,False,,4378.3,SL,-8.9,-93.0,79
2025-12-31 07:25:00,2025-12-31 07:41:00,2025-12-31 09:03:00,BOS,short,4352.0,4359.5,4359.5,4343.9,False,,4359.5,SL,-7.5,-79.0,82
2025-12-31 10:10:00,2025-12-31 10:45:00,2025-12-31 10:48:00,MSS,short,4379.0,4383.4,4383.4,4373.7,False,,4373.7,TP,5.3,49.0,3
2025-12-31 11:20:00,2025-12-31 11:35:00,2025-12-31 12:54:00,BOS,short,4362.6,4371.7,4371.7,4352.5,False,,4352.5,TP,10.1,97.0,79
2025-12-31 15:45:00,2025-12-31 16:02:00,2025-12-31 16:04:00,MSS,short,4340.9,4346.3,4346.3,4339.3,False,,4339.3,TP,1.6,12.0,2
2025-12-31 19:45:00,2025-12-31 20:07:00,2025-12-31 20:10:00,MSS,long,4322.1,4320.6,4320.6,4328.7,False,,4320.6,SL,-1.5,-19.0,3
2025-12-31 21:05:00,2025-12-31 21:19:00,2025-12-31 21:20:00,MSS,short,4326.6,4329.5,4329.5,4320.2,False,,4329.5,SL,-2.9,-33.0,1
2025-12-31 22:30:00,2025-12-31 22:42:00,2025-12-31 22:46:00,BOS,long,4352.9,4346.1,4346.1,4362.2,False,,4362.2,TP,9.3,89.0,4
2025-12-31 23:25:00,2025-12-31 23:42:00,2026-01-01 00:01:00,MSS,long,4347.4,4340.5,4340.5,4352.7,False,,4352.7,TP,5.3,49.0,19
2026-01-01 00:40:00,2026-01-01 01:03:00,2026-01-01 01:22:00,BOS,short,4339.4,4343.7,4343.7,4332.6,False,,4332.6,TP,6.8,64.0,19
2026-01-01 01:55:00,2026-01-01 02:03:00,2026-01-01 02:14:00,MSS,short,4338.2,4340.7,4340.7,4333.7,False,,4340.7,SL,-2.5,-29.0,11
2026-01-01 02:15:00,2026-01-01 02:27:00,2026-01-01 02:32:00,MSS,long,4340.7,4333.7,4333.7,4345.9,False,,4333.7,SL,-7.0,-74.0,5
2026-01-01 02:30:00,2026-01-01 02:42:00,2026-01-01 02:46:00,MSS,short,4336.5,4342.9,4342.9,4331.9,False,,4331.9,TP,4.6,42.0,4
2026-01-02 08:20:00,2026-01-02 08:39:00,2026-01-02 08:45:00,MSS,short,4361.5,4366.3,4366.3,4355.5,False,,4366.3,SL,-4.8,-52.0,6
2026-01-02 09:45:00,2026-01-02 10:01:00,2026-01-02 10:03:00,MSS,long,4363.0,4358.9,4358.9,4365.6,False,,4365.6,TP,2.6,22.0,2
2026-01-02 12:00:00,2026-01-02 12:26:00,2026-01-02 12:32:00,BOS,long,4387.9,4384.1,4384.1,4390.9,False,,4384.1,SL,-3.8,-42.0,6
2026-01-02 14:25:00,2026-01-02 14:41:00,2026-01-02 14:45:00,MSS,long,4389.5,4386.4,4386.4,4393.0,False,,4386.4,SL,-3.1,-35.0,4
2026-01-02 15:10:00,2026-01-02 15:26:00,2026-01-02 15:31:00,MSS,long,4386.4,4385.0,4385.0,4390.3,False,,4385.0,SL,-1.4,-18.0,5
2026-01-02 16:05:00,2026-01-02 16:23:00,2026-01-02 16:30:00,BOS,long,4395.6,4392.6,4392.6,4397.9,False,,4397.9,TP,2.3,19.0,7
2026-01-02 16:30:00,2026-01-02 17:23:00,2026-01-02 17:29:00,BOS,long,4397.8,4393.6,4393.6,4401.3,False,,4401.3,TP,3.5,31.0,6
2026-01-02 17:55:00,2026-01-02 18:03:00,2026-01-02 18:20:00,BOS,short,4399.2,4401.7,4401.7,4397.1,False,,4401.7,SL,-2.5,-29.0,17
2026-01-02 20:05:00,2026-01-02 20:32:00,2026-01-02 20:40:00,MSS,long,4406.4,4402.9,4402.9,4409.0,False,,4402.9,SL,-3.5,-39.0,8
2026-01-02 20:40:00,2026-01-02 21:00:00,2026-01-02 21:11:00,MSS,short,4405.2,4410.6,4410.6,4397.3,False,,4410.6,SL,-5.4,-58.0,11
2026-01-03 03:35:00,2026-01-03 03:47:00,2026-01-03 04:23:00,MSS,long,4331.8,4326.4,4326.4,4336.0,False,,4336.0,TP,4.2,38.0,36
2026-01-05 10:05:00,2026-01-05 10:33:00,2026-01-05 10:34:00,MSS,short,4413.6,4414.4,4414.4,4397.1,False,,4414.4,SL,-0.8,-12.0,1
2026-01-05 11:00:00,2026-01-05 11:36:00,2026-01-05 12:00:00,MSS,long,4415.0,4407.4,4407.4,4421.9,False,,4407.4,SL,-7.6,-80.0,24
2026-01-05 13:25:00,2026-01-05 13:33:00,2026-01-05 13:43:00,BOS,long,4421.0,4416.0,4416.0,4422.0,False,,4416.0,SL,-5.0,-54.0,10
2026-01-05 13:40:00,2026-01-05 13:55:00,2026-01-05 14:01:00,MSS,short,4418.2,4423.6,4423.6,4410.9,False,,4423.6,SL,-5.4,-58.0,6
2026-01-05 15:40:00,2026-01-05 15:56:00,2026-01-05 16:12:00,BOS,long,4431.8,4428.1,4428.1,4434.8,False,,4434.8,TP,3.0,26.0,16
2026-01-05 16:45:00,2026-01-05 17:12:00,2026-01-05 17:20:00,BOS,long,4439.2,4433.5,4433.5,4443.0,False,,4443.0,TP,3.8,34.0,8
2026-01-05 17:40:00,2026-01-05 18:06:00,2026-01-05 18:38:00,BOS,long,4443.5,4441.7,4441.7,4449.3,False,,4449.3,TP,5.8,54.0,32
2026-01-05 20:20:00,2026-01-05 21:08:00,2026-01-05 21:09:00,BOS,short,4424.0,4432.5,4432.5,4424.9,False,,4424.0,TP,0.0,-4.0,1
2026-01-05 21:20:00,2026-01-05 21:37:00,2026-01-05 21:40:00,BOS,short,4419.9,4424.8,4424.8,4413.6,False,,4424.8,SL,-4.9,-53.0,3
2026-01-06 01:00:00,2026-01-06 01:27:00,2026-01-06 07:04:00,MSS,short,4456.5,4465.9,4465.9,4444.2,False,,4465.9,SL,-9.4,-98.0,277
2026-01-06 08:30:00,2026-01-06 09:02:00,2026-01-06 09:03:00,BOS,short,4441.6,4453.0,4453.0,4446.7,False,,4441.5,TP,0.1,-3.0,1
2026-01-06 09:00:00,2026-01-06 09:09:00,2026-01-06 09:10:00,BOS,short,4446.5,4449.1,4449.1,4437.5,False,,4449.1,SL,-2.6,-30.0,1
2026-01-06 09:10:00,2026-01-06 09:34:00,2026-01-06 09:41:00,MSS,long,4446.3,4437.5,4437.5,4452.9,False,,4452.9,TP,6.6,62.0,7
2026-01-06 11:55:00,2026-01-06 12:03:00,2026-01-06 12:12:00,BOS,long,4477.3,4475.0,4475.0,4478.9,False,,4478.9,TP,1.6,12.0,9
2026-01-06 15:05:00,2026-01-06 15:27:00,2026-01-06 15:52:00,BOS,long,4474.2,4471.2,4471.2,4480.6,False,,4471.2,SL,-3.0,-34.0,25
2026-01-06 18:35:00,2026-01-06 18:48:00,2026-01-06 19:32:00,MSS,long,4461.7,4458.3,4458.3,4466.0,False,,4466.0,TP,4.3,39.0,44
2026-01-06 20:20:00,2026-01-06 20:37:00,2026-01-06 20:39:00,MSS,long,4472.9,4471.6,4471.6,4476.4,False,,4471.6,SL,-1.3,-17.0,2
2026-01-06 20:35:00,2026-01-06 20:58:00,2026-01-06 21:02:00,MSS,short,4473.3,4477.1,4477.1,4470.3,False,,4470.3,TP,3.0,26.0,4
2026-01-06 21:15:00,2026-01-06 21:27:00,2026-01-06 21:28:00,BOS,long,4470.6,4470.1,4470.1,4481.4,False,,4470.1,SL,-0.5,-9.0,1
2026-01-06 22:50:00,2026-01-06 23:13:00,2026-01-06 23:19:00,BOS,long,4493.5,4486.7,4486.7,4498.7,False,,4486.7,SL,-6.8,-72.0,6
2026-01-06 23:30:00,2026-01-06 23:50:00,2026-01-07 00:01:00,BOS,short,4487.0,4492.8,4492.8,4476.6,False,,4492.8,SL,-5.8,-62.0,11
2026-01-07 01:50:00,2026-01-07 02:30:00,2026-01-07 02:51:00,MSS,long,4497.6,4491.4,4491.4,4500.7,False,,4500.7,TP,3.1,27.0,21
2026-01-07 07:00:00,2026-01-07 07:14:00,2026-01-07 07:15:00,MSS,long,4508.5,4504.8,4504.8,4510.1,False,,4510.1,TP,1.6,12.0,1
2026-01-07 07:20:00,2026-01-07 07:43:00,2026-01-07 07:49:00,BOS,long,4507.7,4505.4,4505.4,4511.6,False,,4505.4,SL,-2.3,-27.0,6
2026-01-07 08:35:00,2026-01-07 08:44:00,2026-01-07 08:52:00,BOS,short,4501.3,4505.1,4505.1,4498.5,False,,4498.5,TP,2.8,24.0,8
2026-01-07 12:35:00,2026-01-07 12:43:00,2026-01-07 13:05:00,BOS,short,4475.2,4481.7,4481.7,4473.2,False,,4473.2,TP,2.0,16.0,22
2026-01-07 16:05:00,2026-01-07 16:14:00,2026-01-07 16:15:00,BOS,long,4475.4,4470.2,4470.2,4475.4,False,,4475.4,TP,0.0,-4.0,1
2026-01-07 16:35:00,2026-01-07 16:46:00,2026-01-07 17:06:00,BOS,long,4478.2,4473.3,4473.3,4482.4,False,,4473.3,SL,-4.9,-53.0,20
2026-01-07 17:50:00,2026-01-07 18:06:00,2026-01-07 18:15:00,MSS,long,4474.2,4469.7,4469.7,4475.4,False,,4475.4,TP,1.2,8.0,9
2026-01-07 18:25:00,2026-01-07 18:48:00,2026-01-07 18:49:00,MSS,short,4476.5,4476.5,4476.5,4468.2,False,,4476.5,SL,0.0,-4.0,1
2026-01-07 21:05:00,2026-01-07 21:29:00,2026-01-07 21:43:00,MSS,short,4451.6,4459.4,4459.4,4437.8,False,,4459.4,SL,-7.8,-82.0,14
2026-01-07 22:20:00,2026-01-07 22:32:00,2026-01-07 22:36:00,MSS,short,4454.5,4463.3,4463.3,4452.2,False,,4452.2,TP,2.3,19.0,4
2026-01-08 02:30:00,2026-01-08 02:52:00,2026-01-08 03:16:00,MSS,long,4462.7,4457.1,4457.1,4466.8,False,,4457.1,SL,-5.6,-60.0,24
2026-01-08 08:45:00,2026-01-08 09:04:00,2026-01-08 09:09:00,BOS,short,4460.8,4467.8,4467.8,4455.7,False,,4467.8,SL,-7.0,-74.0,5
2026-01-08 10:30:00,2026-01-08 10:47:00,2026-01-08 10:59:00,BOS,short,4450.7,4452.5,4452.5,4444.0,False,,4452.5,SL,-1.8,-22.0,12
2026-01-08 13:40:00,2026-01-08 13:59:00,2026-01-08 14:31:00,BOS,short,4433.4,4438.0,4438.0,4423.7,False,,4438.0,SL,-4.6,-50.0,32
2026-01-08 15:05:00,2026-01-08 15:20:00,2026-01-08 15:25:00,BOS,long,4443.4,4439.9,4439.9,4447.7,False,,4439.9,SL,-3.5,-39.0,5
2026-01-08 16:00:00,2026-01-08 16:11:00,2026-01-08 16:33:00,BOS,short,4438.5,4442.0,4442.0,4433.2,False,,4433.2,TP,5.3,49.0,22
2026-01-08 16:30:00,2026-01-08 17:04:00,2026-01-08 17:07:00,BOS,short,4439.1,4441.4,4441.4,4431.1,False,,4441.4,SL,-2.3,-27.0,3
2026-01-08 17:10:00,2026-01-08 17:35:00,2026-01-08 17:48:00,BOS,short,4440.6,4443.3,4443.3,4438.0,False,,4438.0,TP,2.6,22.0,13
2026-01-08 22:20:00,2026-01-08 22:32:00,2026-01-08 22:33:00,MSS,long,4440.7,4427.6,4427.6,4437.8,False,,4440.9,TP,0.2,-2.0,1
2026-01-08 22:45:00,2026-01-08 23:02:00,2026-01-08 23:05:00,BOS,long,4440.4,4433.7,4433.7,4446.8,False,,4446.8,TP,6.4,60.0,3
2026-01-08 23:50:00,2026-01-09 00:00:00,2026-01-09 00:01:00,MSS,short,4462.7,4464.9,4464.9,4457.1,False,,4464.9,SL,-2.2,-26.0,1
2026-01-09 00:10:00,2026-01-09 00:22:00,2026-01-09 00:32:00,BOS,short,4461.7,4467.5,4467.5,4456.4,False,,4467.5,SL,-5.8,-62.0,10
2026-01-09 02:35:00,2026-01-09 02:49:00,2026-01-09 03:07:00,BOS,short,4462.9,4465.6,4465.6,4457.0,False,,4457.0,TP,5.9,55.0,18
2026-01-09 07:45:00,2026-01-09 07:54:00,2026-01-09 08:00:00,MSS,short,4484.1,4486.8,4486.8,4482.2,False,,4486.8,SL,-2.7,-31.0,6
2026-01-09 08:50:00,2026-01-09 09:02:00,2026-01-09 09:04:00,BOS,short,4471.0,4478.1,4478.1,4469.3,False,,4469.3,TP,1.7,13.0,2
2026-01-09 09:05:00,2026-01-09 09:16:00,2026-01-09 09:52:00,BOS,short,4467.8,4475.4,4475.4,4461.8,False,,4475.4,SL,-7.6,-80.0,36
2026-01-09 10:50:00,2026-01-09 10:59:00,2026-01-09 11:05:00,MSS,short,4478.8,4483.3,4483.3,4474.3,False,,4474.3,TP,4.5,41.0,6
2026-01-09 12:10:00,2026-01-09 12:45:00,2026-01-09 12:46:00,BOS,short,4471.3,4475.2,4475.2,4471.1,False,,4471.1,TP,0.2,-2.0,1
2026-01-09 15:35:00,2026-01-09 15:52:00,2026-01-09 15:53:00,MSS,long,4481.8,4477.6,4477.6,4481.4,False,,4481.6,TP,-0.2,-6.0,1
2026-01-09 16:30:00,2026-01-09 17:15:00,2026-01-09 17:18:00,MSS,short,4482.2,4484.3,4484.3,4479.0,False,,4484.3,SL,-2.1,-25.0,3
2026-01-09 17:50:00,2026-01-09 18:11:00,2026-01-09 18:26:00,MSS,short,4481.9,4483.1,4483.1,4479.2,False,,4479.2,TP,2.7,23.0,15
2026-01-09 18:25:00,2026-01-09 18:35:00,2026-01-09 18:45:00,BOS,short,4478.5,4482.8,4482.8,4477.3,False,,4477.3,TP,1.2,8.0,10
2026-01-09 18:55:00,2026-01-09 19:34:00,2026-01-09 19:50:00,MSS,long,4479.6,4475.8,4475.8,4481.6,False,,4481.6,TP,2.0,16.0,16
2026-01-09 21:00:00,2026-01-09 21:20:00,2026-01-09 21:22:00,MSS,long,4476.2,4472.1,4472.1,4479.2,False,,4479.2,TP,3.0,26.0,2
2026-01-09 22:10:00,2026-01-09 22:20:00,2026-01-09 22:36:00,BOS,long,4502.6,4489.7,4489.7,4506.1,False,,4506.1,TP,3.5,31.0,16
2026-01-10 02:30:00,2026-01-10 03:11:00,2026-01-10 03:24:00,MSS,long,4506.0,4498.6,4498.6,4510.9,False,,4510.9,TP,4.9,45.0,13
2026-01-12 07:40:00,2026-01-12 08:02:00,2026-01-12 08:04:00,BOS,long,4553.2,4543.2,4543.2,4554.8,False,,4554.8,TP,1.6,12.0,2
2026-01-12 09:40:00,2026-01-12 09:55:00,2026-01-12 09:59:00,MSS,short,4586.9,4596.1,4596.1,4583.0,False,,4583.0,TP,3.9,35.0,4
2026-01-12 12:30:00,2026-01-12 12:51:00,2026-01-12 13:17:00,BOS,short,4579.8,4584.1,4584.1,4575.2,False,,4584.1,SL,-4.3,-47.0,26
2026-01-12 13:30:00,2026-01-12 14:18:00,2026-01-12 14:52:00,BOS,long,4583.5,4577.0,4577.0,4589.7,False,,4589.7,TP,6.2,58.0,34
2026-01-12 14:50:00,2026-01-12 15:03:00,2026-01-12 15:08:00,BOS,long,4587.7,4583.1,4583.1,4591.0,False,,4591.0,TP,3.3,29.0,5
2026-01-12 18:05:00,2026-01-12 18:17:00,2026-01-12 18:26:00,BOS,short,4600.3,4603.7,4603.7,4596.9,False,,4603.7,SL,-3.4,-38.0,9
2026-01-12 18:30:00,2026-01-12 18:42:00,2026-01-12 18:50:00,BOS,short,4603.4,4604.3,4604.3,4597.2,False,,4604.3,SL,-0.9,-13.0,8
2026-01-12 20:05:00,2026-01-12 20:12:00,2026-01-12 20:23:00,BOS,short,4591.9,4596.9,4596.9,4588.1,False,,4588.1,TP,3.8,34.0,11
2026-01-12 21:25:00,2026-01-12 21:41:00,2026-01-12 21:47:00,MSS,short,4617.3,4621.9,4621.9,4614.4,False,,4621.9,SL,-4.6,-50.0,6
2026-01-12 22:25:00,2026-01-12 22:35:00,2026-01-12 22:38:00,BOS,short,4602.1,4610.1,4610.1,4595.1,False,,4610.1,SL,-8.0,-84.0,3
2026-01-13 01:05:00,2026-01-13 01:18:00,2026-01-13 01:21:00,BOS,short,4625.5,4628.3,4628.3,4623.1,False,,4623.1,TP,2.4,20.0,3
2026-01-13 03:25:00,2026-01-13 03:52:00,2026-01-13 03:54:00,BOS,long,4623.4,4622.4,4622.4,4627.3,False,,4622.4,SL,-1.0,-14.0,2
2026-01-13 07:30:00,2026-01-13 07:40:00,2026-01-13 07:41:00,MSS,long,4597.9,4598.8,4598.8,4599.1,False,,4597.9,SL,0.0,-4.0,1
2026-01-13 09:00:00,2026-01-13 09:14:00,2026-01-13 09:15:00,BOS,short,4601.0,4601.0,4601.0,4590.0,False,,4601.0,SL,0.0,-4.0,1
2026-01-13 09:30:00,2026-01-13 10:09:00,2026-01-13 11:02:00,BOS,short,4596.8,4604.6,4604.6,4584.0,False,,4604.6,SL,-7.8,-82.0,53
2026-01-13 11:40:00,2026-01-13 12:04:00,2026-01-13 12:15:00,MSS,short,4604.1,4607.4,4607.4,4602.4,False,,4607.4,SL,-3.3,-37.0,11
2026-01-13 12:15:00,2026-01-13 12:37:00,2026-01-13 12:44:00,MSS,long,4604.7,4601.4,4601.4,4608.3,False,,4608.3,TP,3.6,32.0,7
2026-01-13 13:05:00,2026-01-13 13:17:00,2026-01-13 13:25:00,MSS,short,4603.8,4607.7,4607.7,4600.4,False,,4607.7,SL,-3.9,-43.0,8
2026-01-13 13:25:00,2026-01-13 13:34:00,2026-01-13 13:35:00,MSS,long,4599.3,4600.4,4600.4,4610.5,False,,4599.3,SL,0.0,-4.0,1
2026-01-13 15:05:00,2026-01-13 15:21:00,2026-01-13 15:22:00,MSS,long,4590.0,4587.8,4587.8,4594.2,False,,4587.8,SL,-2.2,-26.0,1
2026-01-13 15:50:00,2026-01-13 16:08:00,2026-01-13 16:09:00,MSS,short,4594.4,4595.2,4595.2,4585.7,False,,4595.2,SL,-0.8,-12.0,1
2026-01-13 17:00:00,2026-01-13 17:10:00,2026-01-13 17:25:00,MSS,short,4603.2,4605.4,4605.4,4598.2,False,,4598.2,TP,5.0,46.0,15
2026-01-13 19:15:00,2026-01-13 19:28:00,2026-01-13 19:43:00,MSS,short,4596.0,4597.8,4597.8,4590.8,False,,4597.8,SL,-1.8,-22.0,15
2026-01-13 19:40:00,2026-01-13 19:57:00,2026-01-13 20:06:00,MSS,long,4596.9,4593.9,4593.9,4598.8,False,,4593.9,SL,-3.0,-34.0,9
2026-01-13 22:20:00,2026-01-13 22:35:00,2026-01-13 22:43:00,BOS,long,4625.1,4615.4,4615.4,4632.1,False,,4632.1,TP,7.0,66.0,8
2026-01-13 22:40:00,2026-01-13 23:05:00,2026-01-13 23:17:00,BOS,long,4630.3,4619.4,4619.4,4635.0,False,,4619.4,SL,-10.9,-113.0,12
2026-01-13 23:15:00,2026-01-13 23:49:00,2026-01-14 00:25:00,MSS,short,4624.1,4634.0,4634.0,4612.1,False,,4612.1,TP,12.0,116.0,36
2026-01-14 02:35:00,2026-01-14 03:05:00,2026-01-14 04:32:00,MSS,long,4597.8,4589.3,4589.3,4607.8,False,,4589.3,SL,-8.5,-89.0,87
2026-01-14 09:50:00,2026-01-14 10:11:00,2026-01-14 10:20:00,BOS,long,4626.3,4621.2,4621.2,4627.6,False,,4627.6,TP,1.3,9.0,9
2026-01-14 13:00:00,2026-01-14 13:20:00,2026-01-14 13:33:00,BOS,long,4640.4,4635.3,4635.3,4646.8,False,,4646.8,TP,6.4,60.0,13
2026-01-14 14:30:00,2026-01-14 14:48:00,2026-01-14 14:57:00,BOS,short,4640.0,4642.4,4642.4,4633.4,False,,4642.4,SL,-2.4,-28.0,9
2026-01-14 14:55:00,2026-01-14 15:03:00,2026-01-14 15:23:00,MSS,long,4643.0,4637.7,4637.7,4644.8,False,,4644.8,TP,1.8,14.0,20
2026-01-14 18:15:00,2026-01-14 19:03:00,2026-01-14 19:04:00,MSS,long,4640.7,4635.7,4635.7,4643.0,False,,4643.0,TP,2.3,19.0,1
2026-01-14 21:40:00,2026-01-14 22:33:00,2026-01-14 22:38:00,MSS,long,4637.6,4631.6,4631.6,4645.0,False,,4631.6,SL,-6.0,-64.0,5
2026-01-15 01:40:00,2026-01-15 01:52:00,2026-01-15 01:54:00,BOS,short,4617.6,4619.1,4619.1,4607.7,False,,4619.1,SL,-1.5,-19.0,2
2026-01-15 07:20:00,2026-01-15 07:52:00,2026-01-15 08:17:00,BOS,short,4615.2,4623.0,4623.0,4611.9,False,,4623.0,SL,-7.8,-82.0,25
2026-01-15 08:40:00,2026-01-15 08:58:00,2026-01-15 09:00:00,MSS,short,4619.3,4622.8,4622.8,4617.7,False,,4617.7,TP,1.6,12.0,2
2026-01-15 09:00:00,2026-01-15 09:14:00,2026-01-15 09:18:00,BOS,short,4613.6,4622.2,4622.2,4611.2,False,,4611.2,TP,2.4,20.0,4
2026-01-15 12:00:00,2026-01-15 12:19:00,2026-01-15 13:14:00,BOS,short,4596.4,4601.5,4601.5,4591.1,False,,4591.1,TP,5.3,49.0,55
2026-01-15 13:25:00,2026-01-15 13:37:00,2026-01-15 13:51:00,MSS,long,4589.3,4584.8,4584.8,4596.8,False,,4596.8,TP,7.5,71.0,14
2026-01-15 15:15:00,2026-01-15 15:22:00,2026-01-15 15:38:00,BOS,long,4615.2,4610.2,4610.2,4618.0,False,,4610.2,SL,-5.0,-54.0,16
2026-01-15 18:20:00,2026-01-15 18:28:00,2026-01-15 18:36:00,BOS,long,4617.6,4613.4,4613.4,4620.0,False,,4620.0,TP,2.4,20.0,8
2026-01-15 19:45:00,2026-01-15 19:53:00,2026-01-15 20:10:00,MSS,short,4621.6,4627.2,4627.2,4619.5,False,,4619.5,TP,2.1,17.0,17
2026-01-15 20:10:00,2026-01-15 20:27:00,2026-01-15 20:48:00,BOS,short,4620.7,4624.9,4624.9,4618.5,False,,4618.5,TP,2.2,18.0,21
2026-01-15 22:50:00,2026-01-15 23:08:00,2026-01-15 23:13:00,BOS,long,4612.8,4603.8,4603.8,4618.3,False,,4618.3,TP,5.5,51.0,5
2026-01-15 23:40:00,2026-01-15 23:52:00,2026-01-16 00:05:00,MSS,short,4617.7,4622.3,4622.3,4613.8,False,,4613.8,TP,3.9,35.0,13
2026-01-16 02:00:00,2026-01-16 02:33:00,2026-01-16 03:06:00,BOS,long,4622.1,4618.5,4618.5,4625.3,False,,4625.3,TP,3.2,28.0,33
2026-01-16 07:00:00,2026-01-16 07:22:00,2026-01-16 07:24:00,BOS,long,4618.3,4617.7,4617.7,4624.4,False,,4617.7,SL,-0.6,-10.0,2
2026-01-16 08:05:00,2026-01-16 08:19:00,2026-01-16 08:22:00,BOS,short,4612.3,4615.0,4615.0,4607.4,False,,4615.0,SL,-2.7,-31.0,3
2026-01-16 09:25:00,2026-01-16 09:35:00,2026-01-16 09:38:00,BOS,long,4608.1,4603.4,4603.4,4611.2,False,,4611.2,TP,3.1,27.0,3
2026-01-16 10:10:00,2026-01-16 10:18:00,2026-01-16 10:31:00,MSS,short,4604.5,4607.7,4607.7,4600.8,False,,4600.8,TP,3.7,33.0,13
2026-01-16 13:10:00,2026-01-16 13:31:00,2026-01-16 13:38:00,MSS,short,4602.3,4605.7,4605.7,4598.6,False,,4605.7,SL,-3.4,-38.0,7
2026-01-16 15:40:00,2026-01-16 15:50:00,2026-01-16 16:46:00,MSS,short,4611.5,4616.0,4616.0,4605.5,False,,4605.5,TP,6.0,56.0,56
2026-01-16 17:20:00,2026-01-16 18:08:00,2026-01-16 18:18:00,BOS,short,4607.5,4612.4,4612.4,4604.5,False,,4612.4,SL,-4.9,-53.0,10
2026-01-16 20:50:00,2026-01-16 20:59:00,2026-01-16 21:02:00,BOS,short,4605.6,4609.7,4609.7,4601.4,False,,4609.7,SL,-4.1,-45.0,3
2026-01-16 22:10:00,2026-01-16 22:26:00,2026-01-16 22:30:00,BOS,long,4609.1,4602.0,4602.0,4612.5,False,,4602.0,SL,-7.1,-75.0,4
2026-01-17 02:00:00,2026-01-17 02:09:00,2026-01-17 02:22:00,MSS,long,4590.5,4585.0,4585.0,4593.8,False,,4593.8,TP,3.3,29.0,13
2026-01-19 08:15:00,2026-01-19 08:30:00,2026-01-19 08:38:00,MSS,short,4681.1,4685.7,4685.7,4667.6,False,,4685.7,SL,-4.6,-50.0,8
2026-01-19 09:00:00,2026-01-19 09:09:00,2026-01-19 09:11:00,BOS,short,4678.0,4685.7,4685.7,4675.3,False,,4675.3,TP,2.7,23.0,2
2026-01-19 10:00:00,2026-01-19 10:08:00,2026-01-19 11:11:00,BOS,short,4668.5,4674.8,4674.8,4659.9,False,,4674.8,SL,-6.3,-67.0,63
2026-01-19 12:10:00,2026-01-19 12:37:00,2026-01-19 12:47:00,MSS,long,4667.7,4665.0,4665.0,4669.3,False,,4669.3,TP,1.6,12.0,10
2026-01-19 13:35:00,2026-01-19 13:58:00,2026-01-19 14:06:00,MSS,short,4675.9,4680.3,4680.3,4672.9,False,,4672.9,TP,3.0,26.0,8
2026-01-19 14:20:00,2026-01-19 14:31:00,2026-01-19 14:32:00,MSS,long,4678.4,4674.1,4674.1,4678.6,False,,4678.6,TP,0.2,-2.0,1
2026-01-19 14:30:00,2026-01-19 14:45:00,2026-01-19 14:51:00,BOS,long,4679.2,4675.3,4675.3,4680.9,False,,4680.9,TP,1.7,13.0,6
2026-01-19 14:55:00,2026-01-19 15:05:00,2026-01-19 15:10:00,BOS,long,4683.4,4677.1,4677.1,4684.5,False,,4677.1,SL,-6.3,-67.0,5
2026-01-19 17:10:00,2026-01-19 17:32:00,2026-01-19 18:44:00,MSS,long,4672.1,4666.4,4666.4,4676.3,False,,4666.4,SL,-5.7,-61.0,72
2026-01-19 18:40:00,2026-01-19 18:50:00,2026-01-19 19:30:00,BOS,short,4669.8,4672.2,4672.2,4666.1,False,,4672.2,SL,-2.4,-28.0,40
2026-01-19 20:30:00,2026-01-19 21:59:00,2026-01-19 23:53:00,BOS,long,4671.0,4664.7,4664.7,4678.1,False,,4678.1,TP,7.1,67.0,114
2026-01-20 00:35:00,2026-01-20 00:52:00,2026-01-20 00:56:00,BOS,long,4677.7,4675.7,4675.7,4678.8,False,,4678.8,TP,1.1,7.0,4
2026-01-20 02:20:00,2026-01-20 02:37:00,2026-01-20 03:11:00,BOS,long,4682.0,4679.0,4679.0,4686.1,False,,4679.0,SL,-3.0,-34.0,34
2026-01-20 08:00:00,2026-01-20 08:09:00,2026-01-20 08:10:00,BOS,short,4672.4,4672.4,4672.4,4669.9,False,,4672.4,SL,0.0,-4.0,1
2026-01-20 08:25:00,2026-01-20 08:37:00,2026-01-20 09:04:00,MSS,short,4669.5,4674.2,4674.2,4665.6,False,,4674.2,SL,-4.7,-51.0,27
2026-01-20 09:35:00,2026-01-20 09:58:00,2026-01-20 10:08:00,BOS,long,4674.8,4671.3,4671.3,4681.0,False,,4671.3,SL,-3.5,-39.0,10
2026-01-20 14:30:00,2026-01-20 14:56:00,2026-01-20 15:13:00,MSS,short,4719.2,4723.4,4723.4,4714.1,False,,4723.4,SL,-4.2,-46.0,17
2026-01-20 16:20:00,2026-01-20 16:33:00,2026-01-20 16:34:00,MSS,short,4725.7,4731.4,4731.4,4725.2,False,,4725.2,TP,0.5,1.0,1
2026-01-20 20:25:00,2026-01-20 20:43:00,2026-01-20 20:44:00,MSS,short,4732.2,4736.3,4736.3,4732.1,False,,4732.0,TP,0.2,-2.0,1
2026-01-20 21:20:00,2026-01-20 21:39:00,2026-01-20 21:41:00,BOS,short,4725.9,4731.9,4731.9,4721.2,False,,4731.9,SL,-6.0,-64.0,2
2026-01-20 23:00:00,2026-01-20 23:20:00,2026-01-20 23:23:00,MSS,long,4744.6,4738.0,4738.0,4752.5,False,,4738.0,SL,-6.6,-70.0,3
2026-01-21 02:50:00,2026-01-21 03:01:00,2026-01-21 03:14:00,MSS,short,4763.4,4764.9,4764.9,4757.5,False,,4764.9,SL,-1.5,-19.0,13
2026-01-21 03:15:00,2026-01-21 03:34:00,2026-01-21 04:18:00,MSS,long,4764.7,4757.5,4757.5,4772.1,False,,4757.5,SL,-7.2,-76.0,44
2026-01-21 07:00:00,2026-01-21 07:07:00,2026-01-21 07:10:00,MSS,short,4765.3,4769.2,4769.2,4763.1,False,,4763.1,TP,2.2,18.0,3
2026-01-21 08:50:00,2026-01-21 09:01:00,2026-01-21 09:02:00,BOS,long,4792.7,4786.9,4786.9,4792.0,False,,4792.7,TP,0.0,-4.0,1
2026-01-21 09:50:00,2026-01-21 10:14:00,2026-01-21 11:03:00,BOS,long,4831.4,4818.1,4818.1,4847.4,False,,4847.4,TP,16.0,156.0,49
2026-01-21 11:00:00,2026-01-21 11:17:00,2026-01-21 11:23:00,BOS,long,4836.1,4830.3,4830.3,4849.6,False,,4830.3,SL,-5.8,-62.0,6
2026-01-21 13:00:00,2026-01-21 13:12:00,2026-01-21 13:18:00,MSS,short,4866.9,4873.8,4873.8,4862.0,False,,4873.8,SL,-6.9,-73.0,6
2026-01-21 13:15:00,2026-01-21 13:28:00,2026-01-21 13:34:00,MSS,long,4870.7,4861.5,4861.5,4876.6,False,,4876.6,TP,5.9,55.0,6
2026-01-21 13:30:00,2026-01-21 13:45:00,2026-01-21 14:22:00,BOS,long,4876.0,4866.4,4866.4,4880.3,False,,4880.3,TP,4.3,39.0,37
2026-01-21 16:15:00,2026-01-21 16:34:00,2026-01-21 16:50:00,BOS,long,4865.0,4858.1,4858.1,4868.8,False,,4858.1,SL,-6.9,-73.0,16
2026-01-21 16:55:00,2026-01-21 17:12:00,2026-01-21 17:25:00,MSS,short,4861.7,4871.7,4871.7,4853.6,False,,4871.7,SL,-10.0,-104.0,13
2026-01-21 18:40:00,2026-01-21 19:08:00,2026-01-21 19:15:00,MSS,long,4866.3,4862.0,4862.0,4868.2,False,,4868.2,TP,1.9,15.0,7
2026-01-21 19:15:00,2026-01-21 19:35:00,2026-01-21 19:44:00,BOS,long,4867.3,4863.2,4863.2,4872.4,False,,4863.2,SL,-4.1,-45.0,9
2026-01-21 19:45:00,2026-01-21 20:06:00,2026-01-21 21:11:00,MSS,short,4866.3,4874.0,4874.0,4857.3,False,,4874.0,SL,-7.7,-81.0,65
2026-01-21 22:00:00,2026-01-21 22:11:00,2026-01-21 22:12:00,MSS,short,4848.3,4883.4,4883.4,4854.0,False,,4848.6,TP,-0.3,-7.0,1
2026-01-21 22:35:00,2026-01-21 22:54:00,2026-01-21 23:00:00,MSS,long,4858.2,4852.2,4852.2,4874.4,False,,4852.2,SL,-6.0,-64.0,6
2026-01-22 00:15:00,2026-01-22 00:36:00,2026-01-22 00:45:00,MSS,short,4845.8,4858.2,4858.2,4836.1,False,,4836.1,TP,9.7,93.0,9
2026-01-22 01:30:00,2026-01-22 01:41:00,2026-01-22 01:58:00,BOS,short,4812.0,4828.8,4828.8,4804.5,False,,4828.8,SL,-16.8,-172.0,17
2026-01-22 07:55:00,2026-01-22 08:13:00,2026-01-22 08:57:00,BOS,short,4792.2,4799.5,4799.5,4779.1,False,,4799.5,SL,-7.3,-77.0,44
2026-01-22 09:00:00,2026-01-22 09:12:00,2026-01-22 09:19:00,MSS,short,4782.1,4799.8,4799.8,4772.6,False,,4799.8,SL,-17.7,-181.0,7
2026-01-22 09:15:00,2026-01-22 10:34:00,2026-01-22 13:04:00,MSS,long,4785.5,4772.6,4772.6,4801.7,False,,4801.7,TP,16.2,158.0,150
2026-01-22 13:00:00,2026-01-22 13:23:00,2026-01-22 13:40:00,BOS,long,4797.7,4794.7,4794.7,4801.8,False,,4801.8,TP,4.1,37.0,17
2026-01-22 19:10:00,2026-01-22 19:24:00,2026-01-22 19:35:00,MSS,short,4830.1,4834.0,4834.0,4827.9,False,,4827.9,TP,2.2,18.0,11
2026-01-22 19:40:00,2026-01-22 20:06:00,2026-01-22 20:09:00,MSS,long,4828.5,4827.1,4827.1,4833.5,False,,4827.1,SL,-1.4,-18.0,3
2026-01-22 20:55:00,2026-01-22 21:20:00,2026-01-22 21:22:00,MSS,short,4829.7,4834.8,4834.8,4820.7,False,,4834.8,SL,-5.1,-55.0,2
2026-01-22 21:20:00,2026-01-22 21:37:00,2026-01-22 21:42:00,MSS,long,4824.3,4817.5,4817.5,4836.3,False,,4817.5,SL,-6.8,-72.0,5
2026-01-22 21:40:00,2026-01-22 22:06:00,2026-01-22 22:32:00,MSS,short,4823.2,4837.5,4837.5,4811.0,False,,4837.5,SL,-14.3,-147.0,26
2026-01-23 00:35:00,2026-01-23 00:58:00,2026-01-23 01:08:00,BOS,long,4880.4,4876.0,4876.0,4887.7,False,,4876.0,SL,-4.4,-48.0,10
2026-01-23 03:00:00,2026-01-23 03:29:00,2026-01-23 03:45:00,BOS,long,4917.8,4913.9,4913.9,4923.9,False,,4913.9,SL,-3.9,-43.0,16
2026-01-23 07:00:00,2026-01-23 07:17:00,2026-01-23 07:30:00,BOS,long,4948.1,4938.1,4938.1,4955.3,False,,4938.1,SL,-10.0,-104.0,13
2026-01-23 07:30:00,2026-01-23 07:57:00,2026-01-23 08:02:00,MSS,short,4959.9,4963.8,4963.8,4932.7,False,,4963.8,SL,-3.9,-43.0,5
2026-01-23 09:00:00,2026-01-23 09:36:00,2026-01-23 13:50:00,MSS,short,4954.0,4968.5,4968.5,4938.5,False,,4968.5,SL,-14.5,-149.0,254
2026-01-23 17:15:00,2026-01-23 17:24:00,2026-01-23 17:28:00,BOS,short,4911.5,4921.4,4921.4,4907.3,False,,4907.3,TP,4.2,38.0,4
2026-01-23 20:50:00,2026-01-23 21:02:00,2026-01-23 21:03:00,BOS,long,4940.7,4932.8,4932.8,4943.4,False,,4943.4,TP,2.7,23.0,1
2026-01-23 21:20:00,2026-01-23 21:36:00,2026-01-23 22:36:00,MSS,short,4929.7,4948.8,4948.8,4924.5,False,,4948.8,SL,-19.1,-195.0,60
2026-01-23 22:45:00,2026-01-23 23:02:00,2026-01-23 23:09:00,BOS,long,4949.6,4933.3,4933.3,4956.3,False,,4956.3,TP,6.7,63.0,7
2026-01-24 01:50:00,2026-01-24 02:19:00,2026-01-24 02:39:00,MSS,short,4980.8,4989.0,4989.0,4971.6,False,,4971.6,TP,9.2,88.0,20
2026-01-26 08:30:00,2026-01-26 09:03:00,2026-01-26 09:09:00,MSS,long,5038.1,5029.4,5029.4,5048.0,False,,5048.0,TP,9.9,95.0,6
2026-01-26 10:20:00,2026-01-26 11:04:00,2026-01-26 12:32:00,BOS,long,5079.3,5064.4,5064.4,5087.1,False,,5064.4,SL,-14.9,-153.0,88
2026-01-26 13:15:00,2026-01-26 13:31:00,2026-01-26 13:51:00,BOS,short,5053.5,5070.8,5070.8,5049.6,False,,5070.8,SL,-17.3,-177.0,20
2026-01-26 14:35:00,2026-01-26 15:03:00,2026-01-26 15:07:00,BOS,long,5078.0,5063.2,5063.2,5083.0,False,,5083.0,TP,5.0,46.0,4
2026-01-26 16:00:00,2026-01-26 16:11:00,2026-01-26 16:14:00,BOS,long,5090.6,5085.3,5085.3,5094.2,False,,5094.2,TP,3.6,32.0,3
2026-01-26 17:15:00,2026-01-26 17:25:00,2026-01-26 17:27:00,MSS,long,5089.3,5084.9,5084.9,5092.2,False,,5092.2,TP,2.9,25.0,2
2026-01-26 17:25:00,2026-01-26 17:44:00,2026-01-26 17:49:00,BOS,long,5089.3,5085.7,5085.7,5094.8,False,,5085.7,SL,-3.6,-40.0,5
2026-01-26 19:10:00,2026-01-26 19:41:00,2026-01-26 20:01:00,MSS,short,5089.2,5091.9,5091.9,5085.3,False,,5085.3,TP,3.9,35.0,20
2026-01-26 20:00:00,2026-01-26 20:09:00,2026-01-26 20:12:00,MSS,long,5090.7,5087.8,5087.8,5091.8,False,,5087.8,SL,-2.9,-33.0,3
2026-01-26 20:20:00,2026-01-26 20:36:00,2026-01-26 20:39:00,BOS,long,5086.3,5083.8,5083.8,5095.2,False,,5083.8,SL,-2.5,-29.0,3
2026-01-26 20:55:00,2026-01-26 21:13:00,2026-01-26 21:19:00,BOS,short,5077.0,5083.5,5083.5,5074.4,False,,5074.4,TP,2.6,22.0,6
2026-01-26 21:30:00,2026-01-26 21:50:00,2026-01-26 22:32:00,BOS,short,5067.6,5081.0,5081.0,5051.9,False,,5081.0,SL,-13.4,-138.0,42
2026-01-26 22:50:00,2026-01-26 23:22:00,2026-01-26 23:34:00,BOS,long,5090.7,5076.2,5076.2,5092.8,False,,5076.2,SL,-14.5,-149.0,12
2026-01-27 07:35:00,2026-01-27 08:01:00,2026-01-27 08:05:00,BOS,long,5041.6,5033.6,5033.6,5047.0,False,,5047.0,TP,5.4,50.0,4
2026-01-27 09:30:00,2026-01-27 10:17:00,2026-01-27 10:41:00,MSS,short,5063.2,5071.6,5071.6,5054.6,False,,5071.6,SL,-8.4,-88.0,24
2026-01-27 12:10:00,2026-01-27 12:20:00,2026-01-27 12:36:00,MSS,short,5068.6,5074.4,5074.4,5063.6,False,,5063.6,TP,5.0,46.0,16
2026-01-27 13:00:00,2026-01-27 13:27:00,2026-01-27 13:30:00,BOS,short,5059.4,5065.6,5065.6,5055.2,False,,5055.2,TP,4.2,38.0,3
2026-01-27 14:20:00,2026-01-27 14:33:00,2026-01-27 14:41:00,BOS,long,5079.5,5071.3,5071.3,5083.2,False,,5083.2,TP,3.7,33.0,8
2026-01-27 14:45:00,2026-01-27 14:57:00,2026-01-27 15:09:00,BOS,long,5081.3,5074.3,5074.3,5089.0,False,,5089.0,TP,7.7,73.0,12
2026-01-27 15:30:00,2026-01-27 16:09:00,2026-01-27 16:11:00,BOS,long,5079.5,5077.0,5077.0,5093.3,False,,5077.0,SL,-2.5,-29.0,2
2026-01-27 16:25:00,2026-01-27 16:47:00,2026-01-27 17:23:00,MSS,short,5078.0,5084.0,5084.0,5071.2,False,,5084.0,SL,-6.0,-64.0,36
2026-01-27 19:10:00,2026-01-27 19:25:00,2026-01-27 19:47:00,MSS,long,5083.3,5078.2,5078.2,5086.7,False,,5078.2,SL,-5.1,-55.0,22
2026-01-27 20:30:00,2026-01-27 21:11:00,2026-01-27 21:12:00,MSS,long,5081.3,5069.6,5069.6,5084.7,False,,5084.7,TP,3.4,30.0,1
2026-01-27 21:40:00,2026-01-27 21:57:00,2026-01-27 22:02:00,MSS,short,5075.7,5082.5,5082.5,5065.8,False,,5065.8,TP,9.9,95.0,5
2026-01-27 22:15:00,2026-01-27 22:24:00,2026-01-27 22:36:00,BOS,short,5055.5,5068.0,5068.0,5042.0,False,,5068.0,SL,-12.5,-129.0,12
2026-01-27 22:55:00,2026-01-27 23:12:00,2026-01-27 23:37:00,MSS,short,5054.7,5077.9,5077.9,5046.1,False,,5077.9,SL,-23.2,-236.0,25
2026-01-28 02:45:00,2026-01-28 03:09:00,2026-01-28 03:10:00,MSS,long,5083.6,5084.1,5084.1,5090.8,False,,5083.3,SL,-0.3,-7.0,1
2026-01-28 08:00:00,2026-01-28 08:41:00,2026-01-28 08:54:00,MSS,short,5163.9,5174.6,5174.6,5156.4,False,,5174.6,SL,-10.7,-111.0,13
2026-01-28 10:50:00,2026-01-28 11:42:00,2026-01-28 11:45:00,BOS,long,5223.9,5213.9,5213.9,5228.6,False,,5228.6,TP,4.7,43.0,3
2026-01-28 13:40:00,2026-01-28 14:07:00,2026-01-28 14:51:00,BOS,long,5251.3,5244.3,5244.3,5259.2,False,,5259.2,TP,7.9,75.0,44
2026-01-28 17:40:00,2026-01-28 17:53:00,2026-01-28 18:09:00,BOS,short,5270.1,5276.3,5276.3,5258.3,False,,5276.3,SL,-6.2,-66.0,16
2026-01-28 18:05:00,2026-01-28 18:39:00,2026-01-28 19:04:00,MSS,long,5268.1,5258.3,5258.3,5278.3,False,,5258.3,SL,-9.8,-102.0,25
2026-01-28 19:45:00,2026-01-28 20:07:00,2026-01-28 20:09:00,MSS,long,5250.6,5246.1,5246.1,5260.0,False,,5246.1,SL,-4.5,-49.0,2
2026-01-28 20:50:00,2026-01-28 21:13:00,2026-01-28 21:15:00,BOS,long,5268.4,5259.0,5259.0,5269.9,False,,5269.9,TP,1.5,11.0,2
2026-01-28 22:00:00,2026-01-28 22:18:00,2026-01-28 22:22:00,BOS,short,5257.2,5263.0,5263.0,5251.4,False,,5263.0,SL,-5.8,-62.0,4
2026-01-28 23:05:00,2026-01-28 23:25:00,2026-01-29 00:46:00,MSS,short,5263.2,5292.3,5292.3,5228.7,False,,5292.3,SL,-29.1,-295.0,81
2026-01-29 01:35:00,2026-01-29 01:58:00,2026-01-29 02:07:00,MSS,short,5296.9,5301.3,5301.3,5279.4,False,,5301.3,SL,-4.4,-48.0,9
2026-01-29 02:05:00,2026-01-29 02:16:00,2026-01-29 02:17:00,MSS,long,5301.6,5289.4,5289.4,5302.9,False,,5302.9,TP,1.3,9.0,1
2026-01-29 07:30:00,2026-01-29 07:56:00,2026-01-29 07:57:00,BOS,long,5507.8,5463.9,5463.9,5493.8,False,,5510.6,TP,2.8,24.0,1
2026-01-29 11:00:00,2026-01-29 11:15:00,2026-01-29 11:54:00,MSS,short,5528.3,5534.8,5534.8,5502.2,False,,5534.8,SL,-6.5,-69.0,31
2026-01-29 13:20:00,2026-01-29 13:41:00,2026-01-29 13:49:00,MSS,short,5535.0,5551.0,5551.0,5509.8,False,,5553.0,SL,-18.0,-184.0,7
2026-01-29 14:20:00,2026-01-29 14:38:00,2026-01-29 14:47:00,BOS,long,5574.9,5569.0,5569.0,5586.2,False,,5559.2,SL,-15.7,-161.0,5
2026-01-29 15:25:00,2026-01-29 15:37:00,2026-01-29 16:04:00,BOS,short,5544.2,5553.1,5553.1,5530.1,False,,5529.2,TP,15.0,146.0,12
2026-01-29 18:30:00,2026-01-29 18:40:00,2026-01-29 18:56:00,BOS,short,5500.4,5507.0,5507.0,5492.3,False,,5490.9,TP,9.5,91.0,10
2026-01-29 21:40:00,2026-01-29 21:52:00,2026-01-29 22:08:00,MSS,long,5507.6,5495.0,5495.0,5522.3,False,,5522.3,TP,14.7,143.0,12
2026-01-29 22:25:00,2026-01-29 22:37:00,2026-01-29 22:42:00,BOS,long,5515.4,5512.8,5512.8,5542.9,False,,5507.1,SL,-8.3,-87.0,5
2026-02-12 21:45:00,2026-02-12 23:40:00,2026-02-12 23:59:00,BOS,long,5068.1,5061.9,5061.9,5075.6,False,,5059.8,SL,-8.3,-87.0,2
2026-02-26 09:00:00,2026-02-26 09:12:00,2026-02-26 09:28:00,BOS,long,5202.9,5196.3,5196.3,5214.0,False,,5196.3,SL,-6.6,-70.0,16
2026-02-26 09:25:00,2026-02-26 09:39:00,2026-02-26 10:00:00,MSS,short,5200.7,5211.1,5211.1,5194.7,False,,5211.1,SL,-10.4,-108.0,21
2026-02-26 13:10:00,2026-02-26 13:49:00,2026-02-26 14:06:00,BOS,long,5210.0,5205.7,5205.7,5215.9,False,,5215.9,TP,5.9,55.0,17
2026-02-26 15:05:00,2026-02-26 15:20:00,2026-02-26 15:50:00,BOS,short,5203.9,5211.5,5211.5,5197.6,False,,5197.6,TP,6.3,59.0,30
2026-02-26 18:45:00,2026-02-26 19:08:00,2026-02-26 19:51:00,BOS,short,5191.4,5194.7,5194.7,5186.1,False,,5186.1,TP,5.3,49.0,43
2026-02-26 19:50:00,2026-02-26 20:13:00,2026-02-26 20:23:00,BOS,short,5183.7,5191.6,5191.6,5176.6,False,,5191.6,SL,-7.9,-83.0,10
2026-02-26 22:20:00,2026-02-26 22:34:00,2026-02-26 22:35:00,MSS,long,5181.6,5175.9,5175.9,5186.5,False,,5186.5,TP,4.9,45.0,1
2026-02-27 01:45:00,2026-02-27 01:53:00,2026-02-27 01:56:00,BOS,short,5183.3,5194.9,5194.9,5181.4,False,,5181.4,TP,1.9,15.0,3
2026-02-27 02:10:00,2026-02-27 02:36:00,2026-02-27 02:39:00,MSS,long,5187.9,5180.4,5180.4,5190.6,False,,5190.6,TP,2.7,23.0,3
2026-02-27 03:45:00,2026-02-27 07:00:00,2026-02-27 07:01:00,BOS,long,5206.8,5200.3,5200.3,5211.4,False,,5200.3,SL,-6.5,-69.0,1
2026-02-27 07:00:00,2026-02-27 07:08:00,2026-02-27 08:21:00,BOS,short,5196.6,5208.6,5208.6,5192.1,False,,5208.6,SL,-12.0,-124.0,73
2026-02-27 11:25:00,2026-02-27 11:39:00,2026-02-27 11:47:00,BOS,long,5203.0,5197.7,5197.7,5204.9,False,,5204.9,TP,1.9,15.0,8
2026-02-27 11:45:00,2026-02-27 12:02:00,2026-02-27 12:20:00,BOS,long,5202.5,5200.0,5200.0,5207.4,False,,5200.0,SL,-2.5,-29.0,18
2026-02-27 12:20:00,2026-02-27 12:36:00,2026-02-27 12:37:00,BOS,long,5204.6,5200.7,5200.7,5204.5,False,,5204.7,TP,0.1,-3.0,1
2026-02-27 12:50:00,2026-02-27 13:18:00,2026-02-27 13:24:00,MSS,short,5202.6,5205.2,5205.2,5199.2,False,,5205.2,SL,-2.6,-30.0,6
2026-02-27 13:55:00,2026-02-27 14:11:00,2026-02-27 14:50:00,BOS,long,5214.5,5207.8,5207.8,5217.4,False,,5207.8,SL,-6.7,-71.0,39
2026-02-27 15:55:00,2026-02-27 16:06:00,2026-02-27 16:24:00,BOS,short,5196.6,5199.6,5199.6,5192.6,False,,5192.6,TP,4.0,36.0,18
2026-02-27 16:45:00,2026-02-27 17:03:00,2026-02-27 17:04:00,BOS,short,5194.2,5199.2,5199.2,5195.4,False,,5194.4,TP,-0.2,-6.0,1
2026-02-27 18:15:00,2026-02-27 18:32:00,2026-02-27 19:32:00,MSS,long,5192.4,5184.0,5184.0,5196.3,False,,5196.3,TP,3.9,35.0,60
2026-02-27 22:20:00,2026-02-27 22:35:00,2026-02-27 22:39:00,BOS,long,5245.8,5234.7,5234.7,5254.1,False,,5234.7,SL,-11.1,-115.0,4
2026-02-27 23:05:00,2026-02-27 23:26:00,2026-02-27 23:48:00,BOS,long,5241.5,5236.8,5236.8,5254.9,False,,5254.9,TP,13.4,130.0,22
2026-02-28 00:10:00,2026-02-28 00:25:00,2026-02-28 01:01:00,BOS,long,5253.1,5244.0,5244.0,5274.5,False,,5244.0,SL,-9.1,-95.0,36
2026-03-02 09:55:00,2026-03-02 10:13:00,2026-03-02 10:37:00,BOS,short,5340.0,5351.8,5351.8,5334.3,False,,5351.8,SL,-11.8,-122.0,24
2026-03-02 11:15:00,2026-03-02 11:37:00,2026-03-02 11:38:00,BOS,long,5374.6,5362.6,5362.6,5372.1,False,,5374.4,TP,-0.2,-6.0,1
2026-03-02 11:35:00,2026-03-02 12:10:00,2026-03-02 12:19:00,BOS,long,5371.4,5366.2,5366.2,5377.9,False,,5377.9,TP,6.5,61.0,9
2026-03-02 16:40:00,2026-03-02 16:50:00,2026-03-02 16:55:00,MSS,short,5421.0,5432.0,5432.0,5411.5,False,,5411.5,TP,9.5,91.0,5
2026-03-02 16:55:00,2026-03-02 17:34:00,2026-03-02 17:47:00,BOS,short,5412.2,5425.9,5425.9,5405.8,False,,5405.8,TP,6.4,60.0,13
2026-03-02 18:35:00,2026-03-02 18:57:00,2026-03-02 19:10:00,MSS,long,5400.7,5398.1,5398.1,5413.4,False,,5398.1,SL,-2.6,-30.0,13
2026-03-02 19:45:00,2026-03-02 20:14:00,2026-03-02 21:03:00,MSS,short,5405.8,5414.8,5414.8,5387.0,False,,5414.8,SL,-9.0,-94.0,49
2026-03-02 21:10:00,2026-03-02 21:27:00,2026-03-02 21:30:00,MSS,short,5413.1,5425.5,5425.5,5396.0,False,,5425.5,SL,-12.4,-128.0,3
2026-03-03 00:25:00,2026-03-03 00:38:00,2026-03-03 01:31:00,MSS,long,5318.2,5294.5,5294.5,5328.5,False,,5328.5,TP,10.3,99.0,53
2026-03-03 01:30:00,2026-03-03 01:53:00,2026-03-03 02:08:00,BOS,long,5319.1,5306.2,5306.2,5334.7,False,,5306.2,SL,-12.9,-133.0,15
2026-03-03 02:05:00,2026-03-03 02:22:00,2026-03-03 02:37:00,MSS,short,5316.4,5324.2,5324.2,5304.2,False,,5304.2,TP,12.2,118.0,15
2026-03-03 07:00:00,2026-03-03 07:24:00,2026-03-03 07:59:00,MSS,long,5349.7,5335.4,5335.4,5360.0,False,,5360.0,TP,10.3,99.0,35
2026-03-03 09:00:00,2026-03-03 09:50:00,2026-03-03 09:56:00,BOS,long,5367.6,5360.4,5360.4,5378.9,False,,5360.4,SL,-7.2,-76.0,6
2026-03-03 09:55:00,2026-03-03 10:32:00,2026-03-03 13:38:00,MSS,short,5374.2,5394.5,5394.5,5351.4,False,,5351.4,TP,22.8,224.0,186
2026-03-03 14:10:00,2026-03-03 14:24:00,2026-03-03 15:38:00,BOS,short,5321.5,5337.0,5337.0,5291.8,False,,5337.0,SL,-15.5,-159.0,74
2026-03-03 16:55:00,2026-03-03 17:04:00,2026-03-03 17:05:00,BOS,short,5302.2,5324.2,5324.2,5302.7,False,,5302.0,TP,0.2,-2.0,1
2026-03-03 18:00:00,2026-03-03 18:10:00,2026-03-03 18:38:00,BOS,long,5288.7,5270.9,5270.9,5299.8,False,,5270.9,SL,-17.8,-182.0,28
2026-03-04 08:00:00,2026-03-04 08:14:00,2026-03-04 08:20:00,MSS,short,5124.3,5136.0,5136.0,5114.4,False,,5136.0,SL,-11.7,-121.0,6
2026-03-04 08:40:00,2026-03-04 08:56:00,2026-03-04 08:59:00,MSS,long,5142.4,5130.6,5130.6,5146.6,False,,5146.6,TP,4.2,38.0,3
2026-03-04 10:05:00,2026-03-04 10:39:00,2026-03-04 10:48:00,BOS,long,5180.8,5177.4,5177.4,5194.3,False,,5177.4,SL,-3.4,-38.0,9
2026-03-04 11:45:00,2026-03-04 12:43:00,2026-03-04 13:03:00,BOS,long,5170.8,5162.3,5162.3,5176.8,False,,5162.3,SL,-8.5,-89.0,20
2026-03-04 13:00:00,2026-03-04 13:12:00,2026-03-04 13:16:00,BOS,short,5170.1,5173.4,5173.4,5161.0,False,,5173.5,SL,-3.4,-38.0,4
2026-03-04 15:45:00,2026-03-04 16:00:00,2026-03-04 16:03:00,BOS,long,5180.9,5173.7,5173.7,5186.0,False,,5173.7,SL,-7.2,-76.0,3
2026-03-04 16:00:00,2026-03-04 16:48:00,2026-03-04 16:49:00,MSS,short,5187.3,5186.0,5186.0,5166.5,False,,5187.0,SL,0.3,-1.0,1
2026-03-04 16:45:00,2026-03-04 17:03:00,2026-03-04 17:39:00,MSS,long,5179.7,5157.7,5157.7,5192.9,False,,5192.9,TP,13.2,128.0,36
2026-03-04 18:00:00,2026-03-04 18:39:00,2026-03-04 18:40:00,BOS,long,5199.4,5187.0,5187.0,5197.8,False,,5199.6,TP,0.2,-2.0,1
2026-03-04 19:10:00,2026-03-04 19:21:00,2026-03-04 19:24:00,BOS,long,5204.2,5199.3,5199.3,5208.5,False,,5208.5,TP,4.3,39.0,3
2026-03-04 19:30:00,2026-03-04 19:55:00,2026-03-04 19:56:00,BOS,long,5204.1,5202.0,5202.0,5210.3,False,,5202.0,SL,-2.1,-25.0,1
2026-03-04 22:30:00,2026-03-04 22:41:00,2026-03-04 22:48:00,MSS,long,5187.6,5169.2,5169.2,5195.0,False,,5169.2,SL,-18.4,-188.0,7
2026-03-04 23:10:00,2026-03-04 23:37:00,2026-03-05 01:23:00,BOS,short,5168.8,5173.3,5173.3,5140.1,False,,5140.1,TP,28.7,283.0,106
2026-03-05 01:20:00,2026-03-05 01:29:00,2026-03-05 02:11:00,BOS,short,5145.6,5161.9,5161.9,5131.5,False,,5131.5,TP,14.1,137.0,42
2026-03-05 03:25:00,2026-03-05 03:57:00,2026-03-05 03:58:00,MSS,short,5147.8,5147.7,5147.7,5135.0,False,,5147.7,SL,0.1,-3.0,1
2026-03-05 09:05:00,2026-03-05 09:26:00,2026-03-05 09:42:00,BOS,long,5188.7,5177.7,5177.7,5193.0,False,,5177.7,SL,-11.0,-114.0,16
2026-03-05 10:15:00,2026-03-05 10:40:00,2026-03-05 10:41:00,BOS,long,5191.9,5182.0,5182.0,5192.2,False,,5192.2,TP,0.3,-1.0,1
2026-03-05 10:55:00,2026-03-05 11:32:00,2026-03-05 12:44:00,BOS,long,5196.6,5183.3,5183.3,5202.0,False,,5183.3,SL,-13.3,-137.0,72
2026-03-05 14:05:00,2026-03-05 14:42:00,2026-03-05 15:02:00,BOS,short,5159.3,5178.4,5178.4,5141.0,False,,5178.4,SL,-19.1,-195.0,20
2026-03-05 16:00:00,2026-03-05 16:43:00,2026-03-05 16:45:00,MSS,short,5169.9,5175.4,5175.4,5163.6,False,,5175.4,SL,-5.5,-59.0,2
2026-03-05 17:05:00,2026-03-05 17:33:00,2026-03-05 17:39:00,BOS,long,5177.0,5171.5,5171.5,5191.9,False,,5171.5,SL,-5.5,-59.0,6
2026-03-05 19:35:00,2026-03-05 19:52:00,2026-03-05 20:03:00,MSS,short,5173.7,5178.2,5178.2,5167.3,False,,5178.2,SL,-4.5,-49.0,11
2026-03-05 20:25:00,2026-03-05 20:36:00,2026-03-05 20:48:00,MSS,short,5176.1,5181.7,5181.7,5172.7,False,,5172.7,TP,3.4,30.0,12
2026-03-05 22:15:00,2026-03-05 22:31:00,2026-03-05 22:39:00,BOS,short,5115.3,5139.1,5139.1,5111.1,False,,5111.1,TP,4.2,38.0,8
2026-03-05 22:35:00,2026-03-05 23:03:00,2026-03-05 23:06:00,MSS,short,5120.8,5132.4,5132.4,5098.6,False,,5098.6,TP,22.2,218.0,3
2026-03-06 00:20:00,2026-03-06 00:51:00,2026-03-06 01:04:00,BOS,short,5079.1,5094.3,5094.3,5072.0,False,,5094.3,SL,-15.2,-156.0,13
2026-03-06 02:35:00,2026-03-06 02:54:00,2026-03-06 03:31:00,BOS,long,5081.3,5069.8,5069.8,5091.0,False,,5069.8,SL,-11.5,-119.0,37
2026-03-06 03:30:00,2026-03-06 08:11:00,2026-03-06 08:12:00,MSS,short,5095.8,5090.4,5090.4,5065.8,False,,5096.2,SL,-0.4,-8.0,1
2026-03-06 09:00:00,2026-03-06 09:07:00,2026-03-06 09:31:00,MSS,short,5086.8,5098.4,5098.4,5074.1,False,,5098.4,SL,-11.6,-120.0,24
2026-03-06 12:25:00,2026-03-06 12:34:00,2026-03-06 12:57:00,MSS,short,5138.4,5145.4,5145.4,5136.1,False,,5136.1,TP,2.3,19.0,23
2026-03-06 13:25:00,2026-03-06 13:32:00,2026-03-06 13:34:00,MSS,long,5133.3,5131.5,5131.5,5139.2,False,,5131.5,SL,-1.8,-22.0,2
2026-03-06 14:20:00,2026-03-06 14:54:00,2026-03-06 15:03:00,MSS,long,5128.9,5121.3,5121.3,5131.4,False,,5121.3,SL,-7.6,-80.0,9
2026-03-06 15:55:00,2026-03-06 16:14:00,2026-03-06 16:22:00,MSS,long,5124.1,5116.5,5116.5,5129.5,False,,5116.5,SL,-7.6,-80.0,8
2026-03-06 16:20:00,2026-03-06 16:49:00,2026-03-06 17:00:00,MSS,short,5117.3,5126.4,5126.4,5114.7,False,,5114.7,TP,2.6,22.0,11
2026-03-06 17:35:00,2026-03-06 17:46:00,2026-03-06 17:53:00,BOS,short,5099.1,5112.5,5112.5,5093.0,False,,5093.0,TP,6.1,57.0,7
2026-03-06 19:20:00,2026-03-06 19:50:00,2026-03-06 19:54:00,MSS,long,5094.5,5089.2,5089.2,5107.2,False,,5089.2,SL,-5.3,-57.0,4
2026-03-06 19:50:00,2026-03-06 20:22:00,2026-03-06 21:00:00,MSS,short,5099.3,5109.4,5109.4,5086.2,False,,5086.2,TP,13.1,127.0,38
2026-03-06 21:30:00,2026-03-06 21:59:00,2026-03-06 22:58:00,MSS,long,5093.7,5073.2,5073.2,5135.7,False,,5135.7,TP,42.0,416.0,59
2026-03-06 23:20:00,2026-03-06 23:53:00,2026-03-07 00:11:00,BOS,long,5153.0,5146.8,5146.8,5178.8,False,,5146.8,SL,-6.2,-66.0,18
2026-03-07 00:35:00,2026-03-07 00:49:00,2026-03-07 00:52:00,MSS,short,5151.9,5156.2,5156.2,5139.6,False,,5156.2,SL,-4.3,-47.0,3
2026-03-07 01:30:00,2026-03-07 01:48:00,2026-03-07 01:49:00,BOS,long,5148.8,5146.5,5146.5,5160.9,False,,5146.5,SL,-2.3,-27.0,1
2026-03-07 03:10:00,2026-03-07 03:41:00,2026-03-07 03:45:00,BOS,long,5170.3,5165.6,5165.6,5180.3,False,,5165.6,SL,-4.7,-51.0,4
2026-03-09 08:45:00,2026-03-09 09:00:00,2026-03-09 09:01:00,BOS,short,5025.7,5067.6,5067.6,5040.1,False,,5025.3,TP,0.4,-0.0,1
2026-03-09 12:05:00,2026-03-09 12:18:00,2026-03-09 12:45:00,BOS,long,5098.7,5093.2,5093.2,5103.7,False,,5093.2,SL,-5.5,-59.0,27
2026-03-09 13:00:00,2026-03-09 13:21:00,2026-03-09 13:22:00,BOS,long,5102.0,5091.3,5091.3,5102.3,False,,5102.3,TP,0.3,-1.0,1
2026-03-09 15:20:00,2026-03-09 15:50:00,2026-03-09 15:54:00,MSS,long,5107.8,5102.5,5102.5,5113.0,False,,5102.5,SL,-5.3,-57.0,4
2026-03-09 16:00:00,2026-03-09 16:17:00,2026-03-09 16:28:00,BOS,long,5112.5,5101.0,5101.0,5118.5,False,,5101.0,SL,-11.5,-119.0,11
2026-03-09 16:45:00,2026-03-09 16:58:00,2026-03-09 17:01:00,MSS,long,5106.1,5096.6,5096.6,5108.5,False,,5108.5,TP,2.4,20.0,3
2026-03-09 17:05:00,2026-03-09 17:50:00,2026-03-09 18:11:00,BOS,long,5115.0,5100.3,5100.3,5119.6,False,,5119.6,TP,4.6,42.0,21
2026-03-10 00:15:00,2026-03-10 00:34:00,2026-03-10 00:41:00,MSS,short,5112.7,5118.2,5118.2,5103.9,False,,5118.2,SL,-5.5,-59.0,7
2026-03-10 01:50:00,2026-03-10 02:12:00,2026-03-10 02:17:00,MSS,long,5103.4,5097.7,5097.7,5108.3,False,,5108.3,TP,4.9,45.0,5
2026-03-10 07:15:00,2026-03-10 07:36:00,2026-03-10 07:44:00,BOS,long,5153.3,5147.7,5147.7,5166.0,False,,5147.7,SL,-5.6,-60.0,8
2026-03-10 08:20:00,2026-03-10 08:39:00,2026-03-10 08:58:00,BOS,short,5143.2,5151.5,5151.5,5139.2,False,,5139.2,TP,4.0,36.0,19
2026-03-10 13:30:00,2026-03-10 13:42:00,2026-03-10 13:46:00,MSS,short,5178.8,5180.8,5180.8,5176.1,False,,5176.1,TP,2.7,23.0,4
2026-03-10 13:45:00,2026-03-10 15:04:00,2026-03-10 15:05:00,MSS,long,5186.6,5178.0,5178.0,5183.0,False,,5186.6,TP,0.0,-4.0,1
2026-03-10 16:30:00,2026-03-10 17:02:00,2026-03-10 17:12:00,BOS,long,5194.0,5185.0,5185.0,5198.6,False,,5198.6,TP,4.6,42.0,10
2026-03-10 18:30:00,2026-03-10 18:54:00,2026-03-10 19:04:00,BOS,short,5182.5,5191.4,5191.4,5174.9,False,,5191.4,SL,-8.9,-93.0,10
2026-03-10 21:45:00,2026-03-10 21:52:00,2026-03-10 22:07:00,MSS,short,5213.2,5226.2,5226.2,5205.0,False,,5205.0,TP,8.2,78.0,15
2026-03-10 22:05:00,2026-03-10 22:22:00,2026-03-10 23:02:00,BOS,short,5220.2,5224.7,5224.7,5196.8,False,,5224.7,SL,-4.5,-49.0,40
2026-03-10 23:30:00,2026-03-10 23:53:00,2026-03-11 00:12:00,BOS,long,5240.1,5232.9,5232.9,5246.5,False,,5232.9,SL,-7.2,-76.0,19
2026-03-11 00:40:00,2026-03-11 00:49:00,2026-03-11 00:50:00,BOS,short,5236.8,5244.0,5244.0,5236.5,False,,5236.5,TP,0.3,-1.0,1
2026-03-11 03:30:00,2026-03-11 07:02:00,2026-03-11 08:23:00,MSS,short,5197.8,5216.4,5216.4,5190.1,False,,5216.4,SL,-18.6,-190.0,81
2026-03-11 08:45:00,2026-03-11 09:28:00,2026-03-11 09:29:00,BOS,long,5224.7,5214.8,5214.8,5224.9,False,,5224.9,TP,0.2,-2.0,1
2026-03-11 10:40:00,2026-03-11 11:31:00,2026-03-11 11:35:00,MSS,long,5215.6,5209.5,5209.5,5218.1,False,,5218.1,TP,2.5,21.0,4
2026-03-11 11:45:00,2026-03-11 12:19:00,2026-03-11 12:52:00,MSS,short,5213.9,5218.1,5218.1,5210.4,False,,5210.4,TP,3.5,31.0,33
2026-03-11 15:30:00,2026-03-11 15:53:00,2026-03-11 16:01:00,MSS,short,5203.4,5206.5,5206.5,5197.6,False,,5197.6,TP,5.8,54.0,8
2026-03-11 16:10:00,2026-03-11 16:22:00,2026-03-11 16:24:00,MSS,long,5198.0,5196.0,5196.0,5206.7,False,,5196.0,SL,-2.0,-24.0,2
2026-03-11 19:00:00,2026-03-11 19:14:00,2026-03-11 19:18:00,MSS,long,5195.3,5192.7,5192.7,5201.2,False,,5192.7,SL,-2.6,-30.0,4
2026-03-11 19:15:00,2026-03-11 19:38:00,2026-03-11 19:55:00,MSS,short,5194.0,5201.3,5201.3,5189.0,False,,5189.0,TP,5.0,46.0,17
2026-03-11 20:55:00,2026-03-11 21:08:00,2026-03-11 21:20:00,BOS,short,5185.1,5189.9,5189.9,5173.2,False,,5189.9,SL,-4.8,-52.0,12
2026-03-11 21:45:00,2026-03-11 22:03:00,2026-03-11 22:04:00,BOS,short,5186.4,5191.1,5191.1,5165.0,False,,5191.1,SL,-4.7,-51.0,1
2026-03-11 22:25:00,2026-03-11 22:44:00,2026-03-11 22:45:00,BOS,long,5190.7,5193.4,5193.4,5203.4,False,,5190.6,SL,-0.1,-5.0,1
2026-03-12 01:05:00,2026-03-12 01:23:00,2026-03-12 01:26:00,BOS,long,5181.0,5177.7,5177.7,5188.6,False,,5177.7,SL,-3.3,-37.0,3
2026-03-12 03:50:00,2026-03-12 03:56:00,2026-03-12 03:57:00,BOS,long,5189.4,5184.5,5184.5,5190.2,False,,5190.2,TP,0.8,4.0,1
2026-03-12 06:55:00,2026-03-12 07:22:00,2026-03-12 08:00:00,BOS,short,5158.1,5174.5,5174.5,5135.6,False,,5135.6,TP,22.5,221.0,38
2026-03-12 09:00:00,2026-03-12 09:18:00,2026-03-12 09:43:00,BOS,long,5163.1,5157.2,5157.2,5172.3,False,,5172.3,TP,9.2,88.0,25
2026-03-12 12:20:00,2026-03-12 12:32:00,2026-03-12 12:34:00,MSS,short,5156.2,5159.4,5159.4,5155.1,False,,5155.1,TP,1.1,7.0,2
2026-03-12 13:05:00,2026-03-12 13:22:00,2026-03-12 13:25:00,MSS,long,5149.8,5145.3,5145.3,5152.7,False,,5145.3,SL,-4.5,-49.0,3
2026-03-12 17:55:00,2026-03-12 18:22:00,2026-03-12 18:26:00,BOS,long,5191.9,5189.1,5189.1,5196.3,False,,5189.1,SL,-2.8,-32.0,4
2026-03-12 19:15:00,2026-03-12 19:41:00,2026-03-12 20:02:00,BOS,short,5184.8,5189.6,5189.6,5180.3,False,,5180.3,TP,4.5,41.0,21
2026-03-12 22:15:00,2026-03-12 22:21:00,2026-03-12 22:23:00,MSS,short,5158.9,5166.7,5166.7,5158.6,False,,5158.6,TP,0.3,-1.0,2
2026-03-13 00:05:00,2026-03-13 00:23:00,2026-03-13 00:24:00,BOS,short,5141.8,5141.0,5141.0,5127.9,False,,5141.8,SL,0.0,-4.0,1
2026-03-13 03:00:00,2026-03-13 03:07:00,2026-03-13 04:20:00,BOS,short,5093.6,5105.3,5105.3,5084.8,False,,5084.8,TP,8.8,84.0,73
2026-03-13 06:55:00,2026-03-13 07:04:00,2026-03-13 07:05:00,BOS,long,5096.4,5088.8,5088.8,5099.4,False,,5099.4,TP,3.0,26.0,1
2026-03-13 07:20:00,2026-03-13 07:31:00,2026-03-13 07:49:00,BOS,long,5099.4,5093.1,5093.1,5102.3,False,,5102.3,TP,2.9,25.0,18
2026-03-13 13:10:00,2026-03-13 13:31:00,2026-03-13 13:32:00,MSS,long,5111.4,5105.6,5105.6,5112.3,False,,5112.3,TP,0.9,5.0,1
2026-03-13 15:15:00,2026-03-13 15:39:00,2026-03-13 16:02:00,BOS,short,5092.3,5098.4,5098.4,5079.1,False,,5079.1,TP,13.2,128.0,23
2026-03-13 20:45:00,2026-03-13 21:04:00,2026-03-13 21:25:00,BOS,long,5126.6,5114.2,5114.2,5128.4,False,,5114.2,SL,-12.4,-128.0,21
2026-03-13 21:25:00,2026-03-13 21:48:00,2026-03-13 21:52:00,MSS,short,5118.8,5121.2,5121.2,5112.7,False,,5112.7,TP,6.1,57.0,4
2026-03-14 02:10:00,2026-03-14 02:34:00,2026-03-14 03:08:00,BOS,short,5049.8,5056.2,5056.2,5045.0,False,,5045.0,TP,4.8,44.0,34
2026-03-17 00:25:00,2026-03-17 00:52:00,2026-03-17 01:10:00,BOS,short,4995.7,5004.2,5004.2,4982.7,False,,5004.2,SL,-8.5,-89.0,18
2026-03-17 02:25:00,2026-03-17 07:01:00,2026-03-17 07:22:00,BOS,long,5011.2,5003.3,5003.3,5014.2,False,,5014.2,TP,3.0,26.0,21
2026-03-17 10:40:00,2026-03-17 10:53:00,2026-03-17 10:59:00,BOS,long,5030.2,5025.8,5025.8,5033.5,False,,5025.8,SL,-4.4,-48.0,6
2026-03-17 16:15:00,2026-03-17 16:32:00,2026-03-17 16:35:00,BOS,long,5025.3,5022.6,5022.6,5030.1,False,,5022.6,SL,-2.7,-31.0,3
2026-03-17 17:55:00,2026-03-17 18:03:00,2026-03-17 18:04:00,BOS,short,5014.4,5020.2,5020.2,5014.1,False,,5014.1,TP,0.3,-1.0,1
2026-03-17 21:30:00,2026-03-17 21:55:00,2026-03-17 22:03:00,BOS,long,5019.8,5015.3,5015.3,5032.4,False,,5015.3,SL,-4.5,-49.0,8
2026-03-17 22:20:00,2026-03-17 22:50:00,2026-03-17 22:54:00,MSS,short,5021.3,5026.3,5026.3,5013.5,False,,5013.5,TP,7.8,74.0,4
2026-03-18 00:45:00,2026-03-18 00:59:00,2026-03-18 01:02:00,MSS,short,5006.5,5010.4,5010.4,5003.0,False,,5010.4,SL,-3.9,-43.0,3
2026-03-18 01:40:00,2026-03-18 01:58:00,2026-03-18 02:05:00,MSS,short,5006.4,5011.0,5011.0,5001.9,False,,5011.0,SL,-4.6,-50.0,7
2026-03-18 02:25:00,2026-03-18 02:53:00,2026-03-18 02:56:00,MSS,short,5010.3,5013.6,5013.6,5008.2,False,,5008.2,TP,2.1,17.0,3
2026-03-18 07:30:00,2026-03-18 07:42:00,2026-03-18 08:03:00,MSS,long,5006.9,5002.6,5002.6,5008.1,False,,5008.1,TP,1.2,8.0,21
2026-03-18 08:00:00,2026-03-18 08:41:00,2026-03-18 08:51:00,BOS,long,5007.2,5004.7,5004.7,5011.6,False,,5011.6,TP,4.4,40.0,10
2026-03-18 09:00:00,2026-03-18 09:38:00,2026-03-18 09:41:00,BOS,long,5008.9,5007.2,5007.2,5013.5,False,,5007.2,SL,-1.7,-21.0,3
2026-03-18 12:55:00,2026-03-18 13:05:00,2026-03-18 13:06:00,MSS,long,4991.0,4986.1,4986.1,4990.5,False,,4991.1,TP,0.1,-3.0,1
2026-03-18 13:20:00,2026-03-18 13:33:00,2026-03-18 13:34:00,BOS,long,4994.0,4988.8,4988.8,4996.3,False,,4996.3,TP,2.3,19.0,1
2026-03-18 14:30:00,2026-03-18 14:59:00,2026-03-18 15:05:00,BOS,long,5013.7,5010.5,5010.5,5017.5,False,,5017.5,TP,3.8,34.0,6
2026-03-18 16:20:00,2026-03-18 16:36:00,2026-03-18 16:45:00,BOS,short,4993.3,4999.7,4999.7,4987.5,False,,4987.5,TP,5.8,54.0,9
2026-03-18 17:45:00,2026-03-18 17:52:00,2026-03-18 17:57:00,MSS,short,4998.0,4999.9,4999.9,4995.7,False,,4995.7,TP,2.3,19.0,5
2026-03-18 18:25:00,2026-03-18 18:35:00,2026-03-18 18:36:00,BOS,short,4970.7,4995.8,4995.8,4985.2,False,,4970.8,TP,-0.1,-5.0,1
2026-03-18 22:05:00,2026-03-18 22:27:00,2026-03-18 22:29:00,BOS,long,4868.2,4863.8,4863.8,4898.7,False,,4863.8,SL,-4.4,-48.0,2
2026-03-19 01:20:00,2026-03-19 01:33:00,2026-03-19 01:35:00,BOS,long,4897.4,4888.0,4888.0,4901.7,False,,4901.7,TP,4.3,39.0,2
2026-03-19 01:35:00,2026-03-19 01:44:00,2026-03-19 02:00:00,BOS,long,4899.4,4891.7,4891.7,4904.0,False,,4891.7,SL,-7.7,-81.0,16
2026-03-19 02:30:00,2026-03-19 02:38:00,2026-03-19 02:46:00,MSS,short,4882.4,4894.4,4894.4,4876.6,False,,4876.6,TP,5.8,54.0,8
2026-03-19 03:20:00,2026-03-19 03:39:00,2026-03-19 03:47:00,MSS,short,4860.3,4868.9,4868.9,4848.0,False,,4848.0,TP,12.3,119.0,8
2026-03-19 07:25:00,2026-03-19 07:47:00,2026-03-19 08:00:00,BOS,long,4838.2,4830.3,4830.3,4843.3,False,,4843.3,TP,5.1,47.0,13
2026-03-19 08:00:00,2026-03-19 08:12:00,2026-03-19 08:35:00,BOS,long,4847.6,4832.2,4832.2,4849.0,False,,4849.0,TP,1.4,10.0,23
2026-03-19 09:55:00,2026-03-19 10:38:00,2026-03-19 12:00:00,MSS,short,4858.1,4868.5,4868.5,4850.7,False,,4850.7,TP,7.4,70.0,82
2026-03-19 12:45:00,2026-03-19 13:01:00,2026-03-19 13:04:00,BOS,short,4849.7,4854.2,4854.2,4846.5,False,,4854.2,SL,-4.5,-49.0,3
2026-03-19 13:00:00,2026-03-19 13:13:00,2026-03-19 13:15:00,MSS,long,4852.0,4846.5,4846.5,4854.7,False,,4854.7,TP,2.7,23.0,2
2026-03-19 13:55:00,2026-03-19 14:06:00,2026-03-19 14:17:00,BOS,short,4835.1,4841.8,4841.8,4828.4,False,,4828.4,TP,6.7,63.0,11
2026-03-19 16:40:00,2026-03-19 16:49:00,2026-03-19 18:20:00,BOS,short,4712.7,4738.5,4738.5,4687.8,False,,4687.8,TP,24.9,245.0,91
2026-03-19 22:55:00,2026-03-19 23:07:00,2026-03-19 23:14:00,MSS,short,4624.0,4630.4,4630.4,4600.0,False,,4630.4,SL,-6.4,-68.0,7
2026-03-19 23:15:00,2026-03-20 00:09:00,2026-03-20 00:11:00,BOS,short,4618.3,4641.8,4641.8,4605.9,False,,4605.9,TP,12.4,120.0,2
2026-03-20 01:50:00,2026-03-20 02:04:00,2026-03-20 02:35:00,BOS,long,4613.4,4602.8,4602.8,4633.6,False,,4602.8,SL,-10.6,-110.0,31
2026-03-20 07:30:00,2026-03-20 07:50:00,2026-03-20 08:01:00,BOS,short,4645.2,4649.3,4649.3,4640.0,False,,4649.3,SL,-4.1,-45.0,11
2026-03-20 08:00:00,2026-03-20 08:38:00,2026-03-20 08:40:00,MSS,long,4652.8,4643.5,4643.5,4655.4,False,,4655.4,TP,2.6,22.0,2
2026-03-20 09:00:00,2026-03-20 09:21:00,2026-03-20 09:32:00,BOS,long,4654.2,4648.0,4648.0,4670.7,False,,4670.7,TP,16.5,161.0,11
2026-03-20 12:05:00,2026-03-20 12:28:00,2026-03-20 12:45:00,BOS,short,4721.8,4728.7,4728.7,4718.0,False,,4718.0,TP,3.8,34.0,17
2026-03-20 13:00:00,2026-03-20 13:17:00,2026-03-20 13:23:00,MSS,short,4719.8,4723.0,4723.0,4711.0,False,,4723.0,SL,-3.2,-36.0,6
2026-03-20 13:30:00,2026-03-20 13:41:00,2026-03-20 13:47:00,BOS,short,4712.3,4724.2,4724.2,4702.5,False,,4702.5,TP,9.8,94.0,6
2026-03-20 14:35:00,2026-03-20 15:32:00,2026-03-20 15:41:00,BOS,short,4686.8,4697.0,4697.0,4668.3,False,,4697.0,SL,-10.2,-106.0,9
2026-03-20 18:00:00,2026-03-20 18:07:00,2026-03-20 18:10:00,BOS,short,4661.9,4678.4,4678.4,4652.3,False,,4652.3,TP,9.6,92.0,3
2026-03-20 18:35:00,2026-03-20 18:53:00,2026-03-20 18:54:00,MSS,long,4653.5,4649.7,4649.7,4670.4,False,,4649.7,SL,-3.8,-42.0,1
2026-03-20 21:30:00,2026-03-20 21:38:00,2026-03-20 21:51:00,BOS,short,4652.4,4670.8,4670.8,4642.0,False,,4642.0,TP,10.4,100.0,13
2026-03-20 22:45:00,2026-03-20 23:03:00,2026-03-20 23:08:00,BOS,short,4570.9,4586.0,4586.0,4563.6,False,,4563.6,TP,7.3,69.0,5
2026-03-21 01:00:00,2026-03-21 01:07:00,2026-03-21 01:08:00,BOS,long,4597.9,4568.3,4568.3,4594.3,False,,4598.1,TP,0.2,-2.0,1
2026-03-23 07:35:00,2026-03-23 07:46:00,2026-03-23 07:48:00,MSS,short,4483.0,4500.3,4500.3,4473.0,False,,4473.0,TP,10.0,96.0,2
2026-03-23 11:35:00,2026-03-23 11:54:00,2026-03-23 12:00:00,BOS,short,4353.4,4367.1,4367.1,4346.6,False,,4367.1,SL,-13.7,-141.0,6
2026-03-23 12:50:00,2026-03-23 13:04:00,2026-03-23 13:30:00,MSS,short,4375.9,4385.0,4385.0,4353.0,False,,4353.0,TP,22.9,225.0,26
2026-03-23 15:05:00,2026-03-23 15:49:00,2026-03-23 16:06:00,BOS,short,4215.6,4235.3,4235.3,4133.1,False,,4235.3,SL,-19.7,-201.0,17
2026-03-23 16:30:00,2026-03-23 16:57:00,2026-03-23 17:10:00,BOS,long,4238.5,4212.2,4212.2,4265.5,False,,4265.5,TP,27.0,266.0,13
2026-03-23 17:15:00,2026-03-23 17:41:00,2026-03-23 19:02:00,BOS,long,4246.2,4219.7,4219.7,4293.1,False,,4293.1,TP,46.9,465.0,81
2026-03-23 20:00:00,2026-03-23 20:22:00,2026-03-23 20:41:00,MSS,short,4397.0,4419.8,4419.8,4351.6,False,,4419.8,SL,-22.8,-232.0,19
2026-03-23 21:15:00,2026-03-23 21:44:00,2026-03-23 21:45:00,MSS,short,4424.5,4462.5,4462.5,4425.1,False,,4424.2,TP,0.3,-1.0,1
2026-03-23 22:15:00,2026-03-23 22:47:00,2026-03-23 23:16:00,BOS,long,4485.8,4455.3,4455.3,4498.6,False,,4455.3,SL,-30.5,-309.0,29
2026-03-24 01:30:00,2026-03-24 01:50:00,2026-03-24 02:30:00,BOS,long,4416.0,4390.6,4390.6,4433.7,False,,4433.7,TP,17.7,173.0,40
2026-03-24 03:40:00,2026-03-24 07:06:00,2026-03-24 07:07:00,MSS,long,4432.5,4393.9,4393.9,4419.1,False,,4433.1,TP,0.6,2.0,1
2026-03-24 07:35:00,2026-03-24 07:55:00,2026-03-24 08:04:00,MSS,short,4439.1,4450.7,4450.7,4429.1,False,,4429.1,TP,10.0,96.0,9
2026-03-24 12:15:00,2026-03-24 12:42:00,2026-03-24 13:03:00,BOS,short,4345.3,4357.8,4357.8,4330.2,False,,4330.2,TP,15.1,147.0,21
2026-03-24 13:05:00,2026-03-24 13:14:00,2026-03-24 13:40:00,BOS,short,4335.9,4350.2,4350.2,4319.9,False,,4350.2,SL,-14.3,-147.0,26
2026-03-24 16:20:00,2026-03-24 17:05:00,2026-03-24 17:56:00,MSS,short,4412.2,4423.5,4423.5,4395.9,False,,4423.5,SL,-11.3,-117.0,51
2026-03-24 17:55:00,2026-03-24 18:04:00,2026-03-24 18:10:00,BOS,long,4423.5,4413.5,4413.5,4432.4,False,,4432.4,TP,8.9,85.0,6
2026-03-24 18:55:00,2026-03-24 19:03:00,2026-03-24 19:04:00,BOS,long,4415.5,4419.6,4419.6,4442.9,False,,4415.7,SL,0.2,-2.0,1
2026-03-24 19:00:00,2026-03-24 19:11:00,2026-03-24 20:37:00,MSS,short,4412.5,4442.9,4442.9,4373.7,False,,4373.7,TP,38.8,384.0,86
2026-03-24 22:50:00,2026-03-24 23:03:00,2026-03-24 23:09:00,BOS,long,4412.8,4403.3,4403.3,4434.7,False,,4403.3,SL,-9.5,-99.0,6
2026-03-25 00:00:00,2026-03-25 00:25:00,2026-03-25 01:05:00,MSS,short,4422.3,4431.7,4431.7,4405.4,False,,4405.4,TP,16.9,165.0,40
2026-03-25 02:55:00,2026-03-25 03:07:00,2026-03-25 03:09:00,MSS,short,4399.1,4403.6,4403.6,4384.3,False,,4403.6,SL,-4.5,-49.0,2
2026-03-25 09:45:00,2026-03-25 10:02:00,2026-03-25 10:09:00,BOS,long,4593.3,4582.4,4582.4,4595.9,False,,4582.4,SL,-10.9,-113.0,7
2026-03-25 10:05:00,2026-03-25 10:39:00,2026-03-25 10:46:00,MSS,short,4590.8,4600.3,4600.3,4578.7,False,,4600.3,SL,-9.5,-99.0,7
2026-03-25 11:40:00,2026-03-25 12:06:00,2026-03-25 12:07:00,BOS,short,4571.1,4576.4,4576.4,4568.0,False,,4568.0,TP,3.1,27.0,1
2026-03-25 14:05:00,2026-03-25 14:37:00,2026-03-25 15:57:00,BOS,short,4549.6,4566.2,4566.2,4538.3,False,,4538.3,TP,11.3,109.0,80
2026-03-25 17:40:00,2026-03-25 18:08:00,2026-03-25 19:05:00,MSS,short,4555.8,4565.0,4565.0,4547.5,False,,4565.0,SL,-9.2,-96.0,57
2026-03-25 21:00:00,2026-03-25 21:53:00,2026-03-25 22:00:00,MSS,long,4547.6,4534.4,4534.4,4569.8,False,,4534.4,SL,-13.2,-136.0,7
2026-03-25 22:25:00,2026-03-25 23:18:00,2026-03-25 23:19:00,BOS,long,4540.5,4544.4,4544.4,4561.4,False,,4540.1,SL,-0.4,-8.0,1
2026-03-25 23:15:00,2026-03-25 23:27:00,2026-03-26 03:08:00,MSS,short,4552.3,4577.8,4577.8,4522.5,False,,4522.5,TP,29.8,294.0,221
2026-03-26 03:40:00,2026-03-26 03:50:00,2026-03-26 03:57:00,MSS,long,4518.0,4503.6,4503.6,4524.9,False,,4524.9,TP,6.9,65.0,7
2026-03-26 07:35:00,2026-03-26 08:09:00,2026-03-26 08:10:00,BOS,short,4511.1,4508.3,4508.3,4486.3,False,,4511.5,SL,-0.4,-8.0,1
2026-03-26 08:45:00,2026-03-26 08:56:00,2026-03-26 09:00:00,BOS,long,4529.4,4521.5,4521.5,4534.7,False,,4534.7,TP,5.3,49.0,4
2026-03-26 09:45:00,2026-03-26 09:54:00,2026-03-26 10:34:00,MSS,short,4526.5,4533.0,4533.0,4519.4,False,,4519.4,TP,7.1,67.0,40
2026-03-26 18:35:00,2026-03-26 18:52:00,2026-03-26 19:01:00,MSS,short,4437.4,4445.4,4445.4,4426.3,False,,4445.4,SL,-8.0,-84.0,9
2026-03-26 20:35:00,2026-03-26 20:45:00,2026-03-26 20:55:00,BOS,long,4438.6,4429.4,4429.4,4442.4,False,,4429.4,SL,-9.2,-96.0,10
2026-03-26 20:55:00,2026-03-26 21:12:00,2026-03-26 21:13:00,MSS,short,4436.3,4442.6,4442.6,4425.4,False,,4442.6,SL,-6.3,-67.0,1
2026-03-26 21:20:00,2026-03-26 21:37:00,2026-03-26 21:39:00,MSS,long,4441.3,4431.7,4431.7,4451.3,False,,4431.7,SL,-9.6,-100.0,2
2026-03-26 21:35:00,2026-03-26 21:49:00,2026-03-26 21:50:00,MSS,short,4449.5,4451.3,4451.3,4430.9,False,,4451.3,SL,-1.8,-22.0,1
2026-03-26 22:30:00,2026-03-26 22:45:00,2026-03-26 22:54:00,MSS,long,4464.6,4448.0,4448.0,4473.1,False,,4448.0,SL,-16.6,-170.0,9
2026-03-26 22:50:00,2026-03-26 23:01:00,2026-03-26 23:30:00,MSS,short,4458.5,4477.0,4477.0,4445.3,False,,4445.3,TP,13.2,128.0,29
2026-03-27 01:05:00,2026-03-27 01:13:00,2026-03-27 01:23:00,MSS,long,4393.2,4380.7,4380.7,4398.5,False,,4380.7,SL,-12.5,-129.0,10
2026-03-27 01:25:00,2026-03-27 01:39:00,2026-03-27 02:20:00,MSS,short,4384.0,4393.1,4393.1,4372.6,False,,4372.6,TP,11.4,110.0,41
2026-03-27 02:20:00,2026-03-27 02:42:00,2026-03-27 02:43:00,BOS,short,4387.6,4387.7,4387.7,4364.0,False,,4388.1,SL,-0.5,-9.0,1
2026-03-27 03:25:00,2026-03-27 03:39:00,2026-03-27 03:45:00,BOS,short,4379.4,4388.6,4388.6,4374.4,False,,4374.4,TP,5.0,46.0,6
2026-03-27 07:00:00,2026-03-27 08:04:00,2026-03-27 08:16:00,MSS,short,4403.0,4407.3,4407.3,4395.8,False,,4395.8,TP,7.2,68.0,12
2026-03-27 15:25:00,2026-03-27 15:38:00,2026-03-27 15:41:00,BOS,short,4447.3,4451.6,4451.6,4444.5,False,,4444.5,TP,2.8,24.0,3
2026-03-27 15:40:00,2026-03-27 15:50:00,2026-03-27 15:52:00,BOS,short,4443.6,4450.3,4450.3,4440.7,False,,4440.7,TP,2.9,25.0,2
2026-03-27 15:50:00,2026-03-27 16:09:00,2026-03-27 16:17:00,BOS,short,4439.9,4447.4,4447.4,4437.3,False,,4437.3,TP,2.6,22.0,8
2026-03-27 16:55:00,2026-03-27 17:20:00,2026-03-27 18:22:00,BOS,short,4425.4,4435.1,4435.1,4419.3,False,,4419.3,TP,6.1,57.0,62
2026-03-27 19:00:00,2026-03-27 19:17:00,2026-03-27 19:19:00,BOS,short,4406.7,4413.9,4413.9,4403.6,False,,4403.6,TP,3.1,27.0,2
2026-03-27 19:50:00,2026-03-27 19:59:00,2026-03-27 20:08:00,BOS,long,4414.9,4408.4,4408.4,4420.4,False,,4408.4,SL,-6.5,-69.0,9
2026-03-27 21:00:00,2026-03-27 21:21:00,2026-03-27 21:23:00,MSS,short,4431.4,4439.3,4439.3,4425.6,False,,4425.6,TP,5.8,54.0,2
2026-03-27 21:25:00,2026-03-27 21:49:00,2026-03-27 22:02:00,BOS,short,4428.6,4436.4,4436.4,4413.0,False,,4436.4,SL,-7.8,-82.0,13
2026-03-27 22:15:00,2026-03-27 22:31:00,2026-03-27 22:46:00,BOS,long,4454.7,4440.4,4440.4,4465.9,False,,4465.9,TP,11.2,108.0,15
2026-03-27 23:55:00,2026-03-28 00:11:00,2026-03-28 00:31:00,MSS,short,4522.0,4533.8,4533.8,4518.4,False,,4518.4,TP,3.6,32.0,20
2026-03-28 03:35:00,2026-03-28 03:57:00,2026-03-28 04:05:00,MSS,short,4508.6,4523.2,4523.2,4508.0,False,,4508.0,TP,0.6,2.0,8
2026-03-30 07:05:00,2026-03-30 07:22:00,2026-03-30 07:32:00,BOS,short,4472.6,4487.3,4487.3,4461.4,False,,4461.4,TP,11.2,108.0,9
2026-03-30 10:20:00,2026-03-30 10:32:00,2026-03-30 10:33:00,MSS,short,4467.6,4471.0,4471.0,4463.6,False,,4457.2,TP,10.4,100.0,1
2026-03-30 21:20:00,2026-03-30 21:32:00,2026-03-30 21:34:00,MSS,short,4563.5,4575.0,4575.0,4560.5,False,,4560.5,TP,3.0,26.0,2
2026-03-31 00:40:00,2026-03-31 01:19:00,2026-03-31 01:31:00,MSS,long,4524.2,4531.3,4531.3,4546.2,False,,4520.0,SL,-4.2,-46.0,1
2026-04-29 08:50:00,2026-04-29 08:59:00,2026-04-29 09:00:00,BOS,short,4613.8,4618.7,4618.7,4609.5,False,,4609.5,TP,4.3,39.0,1
2026-04-29 09:40:00,2026-04-29 09:59:00,2026-04-29 10:01:00,MSS,long,4598.1,4592.4,4592.4,4605.3,False,,4605.3,TP,7.2,68.0,2
2026-04-29 10:35:00,2026-04-29 10:50:00,2026-04-29 10:52:00,MSS,short,4612.2,4616.9,4616.9,4609.2,False,,4609.2,TP,3.0,26.0,2
2026-04-29 10:50:00,2026-04-29 11:10:00,2026-04-29 11:13:00,BOS,short,4611.9,4614.8,4614.8,4606.2,False,,4614.8,SL,-2.9,-33.0,3
2026-04-29 11:10:00,2026-04-29 11:34:00,2026-04-29 12:14:00,MSS,long,4610.4,4605.4,4605.4,4616.4,False,,4616.4,TP,6.0,56.0,40
2026-04-29 13:30:00,2026-04-29 13:52:00,2026-04-29 13:56:00,BOS,short,4615.0,4621.3,4621.3,4608.2,False,,4608.2,TP,6.8,64.0,4
2026-04-29 13:55:00,2026-04-29 14:06:00,2026-04-29 14:11:00,BOS,short,4608.4,4616.9,4616.9,4604.2,False,,4604.2,TP,4.2,38.0,5
2026-04-29 16:30:00,2026-04-29 16:48:00,2026-04-29 16:49:00,BOS,short,4583.7,4584.9,4584.9,4575.1,False,,4584.9,SL,-1.2,-16.0,1
2026-04-29 17:40:00,2026-04-29 18:11:00,2026-04-29 18:15:00,BOS,short,4578.0,4582.8,4582.8,4571.9,False,,4582.8,SL,-4.8,-52.0,4
2026-04-29 19:50:00,2026-04-29 20:08:00,2026-04-29 20:26:00,MSS,short,4578.2,4585.1,4585.1,4572.5,False,,4572.5,TP,5.7,53.0,18
2026-04-29 22:30:00,2026-04-29 22:48:00,2026-04-29 23:00:00,BOS,long,4548.3,4543.2,4543.2,4554.7,False,,4554.7,TP,6.4,60.0,12
2026-04-29 23:35:00,2026-04-29 23:55:00,2026-04-30 00:01:00,BOS,long,4560.2,4552.7,4552.7,4565.8,False,,4565.8,TP,5.6,52.0,6
2026-04-30 01:25:00,2026-04-30 02:03:00,2026-04-30 02:04:00,MSS,short,4557.1,4568.5,4568.5,4559.7,False,,4557.4,TP,-0.3,-7.0,1
2026-04-30 02:00:00,2026-04-30 02:06:00,2026-04-30 02:09:00,BOS,short,4551.9,4561.8,4561.8,4545.9,False,,4545.9,TP,6.0,56.0,3
2026-04-30 02:30:00,2026-04-30 02:40:00,2026-04-30 02:44:00,BOS,short,4541.8,4554.0,4554.0,4534.5,False,,4534.5,TP,7.3,69.0,4
2026-04-30 03:10:00,2026-04-30 03:36:00,2026-04-30 03:51:00,MSS,long,4553.6,4547.3,4547.3,4563.4,False,,4563.4,TP,9.8,94.0,15
2026-04-30 07:00:00,2026-04-30 07:09:00,2026-04-30 07:15:00,BOS,long,4563.9,4561.5,4561.5,4566.1,False,,4566.1,TP,2.2,18.0,6
2026-04-30 08:40:00,2026-04-30 09:12:00,2026-04-30 09:13:00,BOS,long,4579.7,4574.3,4574.3,4579.2,False,,4579.8,TP,0.1,-3.0,1
2026-04-30 09:25:00,2026-04-30 09:38:00,2026-04-30 09:54:00,BOS,long,4588.5,4577.5,4577.5,4592.8,False,,4592.8,TP,4.3,39.0,16
2026-04-30 09:50:00,2026-04-30 10:06:00,2026-04-30 10:24:00,BOS,long,4590.7,4585.4,4585.4,4594.4,False,,4585.4,SL,-5.3,-57.0,18
2026-04-30 17:05:00,2026-04-30 17:14:00,2026-04-30 17:15:00,BOS,long,4630.8,4627.1,4627.1,4632.2,False,,4632.2,TP,1.4,10.0,1
2026-04-30 17:25:00,2026-04-30 17:47:00,2026-04-30 18:00:00,BOS,long,4633.1,4627.5,4627.5,4639.0,False,,4639.0,TP,5.9,55.0,13
2026-04-30 19:00:00,2026-04-30 19:20:00,2026-04-30 19:23:00,BOS,long,4650.8,4645.3,4645.3,4655.3,False,,4655.3,TP,4.5,41.0,3
2026-04-30 20:00:00,2026-04-30 20:10:00,2026-04-30 20:15:00,MSS,long,4645.6,4641.0,4641.0,4649.7,False,,4649.7,TP,4.1,37.0,5
2026-04-30 20:30:00,2026-04-30 20:40:00,2026-04-30 20:58:00,MSS,short,4642.7,4650.5,4650.5,4634.9,False,,4650.5,SL,-7.8,-82.0,18
2026-04-30 22:35:00,2026-04-30 22:48:00,2026-05-01 00:02:00,BOS,short,4632.2,4638.9,4638.9,4622.8,False,,4622.8,TP,9.4,90.0,74
2026-05-01 00:15:00,2026-05-01 00:35:00,2026-05-01 00:50:00,BOS,short,4623.2,4630.1,4630.1,4617.8,False,,4630.1,SL,-6.9,-73.0,15
2026-05-01 00:55:00,2026-05-01 01:06:00,2026-05-01 01:08:00,BOS,short,4628.1,4630.8,4630.8,4618.7,False,,4630.8,SL,-2.7,-31.0,2
2026-05-01 02:00:00,2026-05-01 02:43:00,2026-05-01 02:54:00,MSS,long,4633.9,4628.0,4628.0,4637.7,False,,4637.7,TP,3.8,34.0,11
2026-05-01 07:30:00,2026-05-01 07:46:00,2026-05-01 07:57:00,BOS,long,4644.9,4641.1,4641.1,4646.4,False,,4641.1,SL,-3.8,-42.0,11
2026-05-01 07:55:00,2026-05-01 08:07:00,2026-05-01 08:08:00,MSS,short,4639.5,4646.8,4646.8,4638.3,False,,4638.3,TP,1.2,8.0,1
2026-05-01 08:10:00,2026-05-01 08:22:00,2026-05-01 08:36:00,BOS,short,4638.4,4643.6,4643.6,4632.8,False,,4632.8,TP,5.6,52.0,14
2026-05-01 10:40:00,2026-05-01 11:39:00,2026-05-01 12:03:00,MSS,short,4641.7,4643.1,4643.1,4635.4,False,,4635.4,TP,6.3,59.0,24
2026-05-01 12:00:00,2026-05-01 12:07:00,2026-05-01 12:08:00,BOS,short,4633.8,4639.8,4639.8,4635.0,False,,4633.9,TP,-0.1,-5.0,1
2026-05-01 17:50:00,2026-05-01 18:28:00,2026-05-01 18:30:00,BOS,short,4582.3,4584.3,4584.3,4570.7,False,,4584.3,SL,-2.0,-24.0,2
2026-05-01 19:50:00,2026-05-01 20:13:00,2026-05-01 20:14:00,BOS,long,4592.7,4583.9,4583.9,4589.3,False,,4592.6,TP,-0.1,-5.0,1
2026-05-01 23:40:00,2026-05-01 23:52:00,2026-05-01 23:53:00,BOS,long,4655.3,4646.4,4646.4,4655.8,False,,4655.8,TP,0.5,1.0,1
2026-05-02 00:05:00,2026-05-02 00:18:00,2026-05-02 00:21:00,MSS,short,4657.8,4659.4,4659.4,4650.2,False,,4659.4,SL,-1.6,-20.0,3
2026-05-04 08:00:00,2026-05-04 08:12:00,2026-05-04 08:21:00,MSS,short,4621.6,4628.6,4628.6,4615.8,False,,4615.8,TP,5.8,54.0,9
2026-05-04 09:25:00,2026-05-04 09:41:00,2026-05-04 09:50:00,BOS,short,4610.9,4615.8,4615.8,4605.2,False,,4615.8,SL,-4.9,-53.0,9
2026-05-04 09:50:00,2026-05-04 10:33:00,2026-05-04 10:53:00,MSS,long,4606.2,4603.6,4603.6,4617.8,False,,4617.8,TP,11.6,112.0,20
2026-05-04 14:00:00,2026-05-04 14:15:00,2026-05-04 14:23:00,BOS,short,4604.6,4613.1,4613.1,4602.2,False,,4602.2,TP,2.4,20.0,8
2026-05-04 17:10:00,2026-05-04 17:53:00,2026-05-04 17:57:00,BOS,long,4590.5,4586.7,4586.7,4595.3,False,,4586.7,SL,-3.8,-42.0,4
2026-05-04 19:30:00,2026-05-04 20:14:00,2026-05-04 20:16:00,BOS,short,4574.6,4581.0,4581.0,4567.5,False,,4581.0,SL,-6.4,-68.0,2
2026-05-04 20:15:00,2026-05-04 20:37:00,2026-05-04 20:53:00,MSS,long,4576.0,4563.6,4563.6,4586.2,False,,4586.2,TP,10.2,98.0,16
2026-05-04 21:00:00,2026-05-04 21:12:00,2026-05-04 21:31:00,MSS,short,4580.1,4587.1,4587.1,4568.0,False,,4568.0,TP,12.1,117.0,19
2026-05-04 22:05:00,2026-05-04 22:14:00,2026-05-04 22:16:00,BOS,short,4570.9,4577.4,4577.4,4564.4,False,,4577.4,SL,-6.5,-69.0,2
2026-05-05 02:55:00,2026-05-05 03:05:00,2026-05-05 03:06:00,MSS,long,4525.7,4520.4,4520.4,4526.6,False,,4526.6,TP,0.9,5.0,1
2026-05-05 03:05:00,2026-05-05 03:59:00,2026-05-05 04:57:00,BOS,long,4527.7,4520.8,4520.8,4533.3,False,,4533.3,TP,5.6,52.0,58
2026-05-05 07:40:00,2026-05-05 07:50:00,2026-05-05 07:51:00,BOS,short,4529.0,4531.2,4531.2,4527.4,False,,4527.4,TP,1.6,12.0,1
2026-05-05 08:00:00,2026-05-05 08:24:00,2026-05-05 08:26:00,MSS,long,4528.6,4525.8,4525.8,4533.5,False,,4525.8,SL,-2.8,-32.0,2
2026-05-05 10:25:00,2026-05-05 11:01:00,2026-05-05 11:06:00,MSS,long,4548.9,4544.0,4544.0,4551.2,False,,4551.2,TP,2.3,19.0,5
2026-05-05 13:05:00,2026-05-05 13:24:00,2026-05-05 13:34:00,MSS,long,4548.6,4539.9,4539.9,4554.7,False,,4554.7,TP,6.1,57.0,10
2026-05-05 14:15:00,2026-05-05 14:40:00,2026-05-05 15:00:00,MSS,short,4556.4,4561.5,4561.5,4548.3,False,,4561.5,SL,-5.1,-55.0,20
2026-05-05 15:25:00,2026-05-05 15:40:00,2026-05-05 15:41:00,MSS,short,4563.9,4565.5,4565.5,4558.0,False,,4565.5,SL,-1.6,-20.0,1
2026-05-05 15:45:00,2026-05-05 16:24:00,2026-05-05 16:57:00,BOS,short,4561.6,4568.3,4568.3,4555.4,False,,4568.3,SL,-6.7,-71.0,33
2026-05-05 17:25:00,2026-05-05 17:32:00,2026-05-05 18:09:00,MSS,short,4563.1,4570.5,4570.5,4562.4,False,,4562.4,TP,0.7,3.0,37
2026-05-05 18:05:00,2026-05-05 18:18:00,2026-05-05 18:19:00,BOS,short,4562.5,4567.2,4567.2,4562.2,False,,4562.2,TP,0.3,-1.0,1
2026-05-05 18:25:00,2026-05-05 18:36:00,2026-05-05 18:43:00,BOS,short,4562.0,4565.3,4565.3,4556.7,False,,4556.7,TP,5.3,49.0,7
2026-05-05 21:35:00,2026-05-05 21:55:00,2026-05-05 22:00:00,MSS,short,4589.2,4592.4,4592.4,4583.0,False,,4592.4,SL,-3.2,-36.0,5
2026-05-05 22:10:00,2026-05-05 22:30:00,2026-05-05 22:33:00,BOS,short,4591.6,4595.1,4595.1,4580.7,False,,4595.1,SL,-3.5,-39.0,3
2026-05-05 23:00:00,2026-05-05 23:22:00,2026-05-05 23:27:00,MSS,long,4590.0,4586.3,4586.3,4594.9,False,,4586.3,SL,-3.7,-41.0,5
2026-05-06 01:05:00,2026-05-06 01:24:00,2026-05-06 02:14:00,BOS,short,4569.6,4573.8,4573.8,4564.0,False,,4573.8,SL,-4.2,-46.0,50
2026-05-06 02:10:00,2026-05-06 02:42:00,2026-05-06 02:46:00,MSS,long,4570.5,4568.4,4568.4,4575.6,False,,4575.6,TP,5.1,47.0,4
2026-05-06 03:45:00,2026-05-06 03:58:00,2026-05-06 03:59:00,MSS,long,4565.2,4566.2,4566.2,4569.7,False,,4565.3,SL,0.1,-3.0,1
2026-05-06 08:55:00,2026-05-06 09:16:00,2026-05-06 09:24:00,BOS,long,4624.8,4618.0,4618.0,4631.1,False,,4631.1,TP,6.3,59.0,8
2026-05-06 09:45:00,2026-05-06 09:56:00,2026-05-06 10:02:00,BOS,long,4636.6,4631.1,4631.1,4639.5,False,,4639.5,TP,2.9,25.0,6
2026-05-06 11:35:00,2026-05-06 11:44:00,2026-05-06 12:27:00,BOS,long,4657.6,4652.2,4652.2,4662.2,False,,4662.2,TP,4.6,42.0,43
2026-05-06 12:25:00,2026-05-06 12:40:00,2026-05-06 13:04:00,BOS,long,4660.8,4655.9,4655.9,4664.2,False,,4664.2,TP,3.4,30.0,24
2026-05-06 13:30:00,2026-05-06 13:49:00,2026-05-06 13:55:00,MSS,short,4660.5,4666.3,4666.3,4654.9,False,,4666.3,SL,-5.8,-62.0,6
2026-05-06 15:10:00,2026-05-06 15:30:00,2026-05-06 15:45:00,MSS,short,4677.4,4681.5,4681.5,4669.4,False,,4681.5,SL,-4.1,-45.0,15
2026-05-06 18:50:00,2026-05-06 19:05:00,2026-05-06 19:29:00,BOS,long,4727.1,4718.8,4718.8,4734.6,False,,4718.8,SL,-8.3,-87.0,24
2026-05-06 21:05:00,2026-05-06 21:18:00,2026-05-06 21:32:00,BOS,short,4694.4,4703.5,4703.5,4679.3,False,,4703.5,SL,-9.1,-95.0,14
2026-05-06 21:45:00,2026-05-06 21:53:00,2026-05-06 21:54:00,BOS,long,4714.6,4704.1,4704.1,4712.8,False,,4714.7,TP,0.1,-3.0,1
2026-05-06 22:10:00,2026-05-06 22:53:00,2026-05-06 23:12:00,BOS,long,4716.2,4708.4,4708.4,4725.0,False,,4708.4,SL,-7.8,-82.0,19
2026-05-07 00:05:00,2026-05-07 00:32:00,2026-05-07 00:58:00,BOS,short,4699.8,4706.6,4706.6,4692.7,False,,4692.7,TP,7.1,67.0,26
2026-05-07 01:35:00,2026-05-07 01:58:00,2026-05-07 02:00:00,BOS,short,4693.9,4695.5,4695.5,4689.9,False,,4695.5,SL,-1.6,-20.0,2
2026-05-07 07:20:00,2026-05-07 07:48:00,2026-05-07 07:50:00,MSS,short,4706.7,4707.0,4707.0,4701.6,False,,4707.0,SL,-0.3,-7.0,2
2026-05-07 10:30:00,2026-05-07 10:44:00,2026-05-07 10:56:00,BOS,short,4712.7,4716.7,4716.7,4708.2,False,,4716.7,SL,-4.0,-44.0,12
2026-05-07 12:30:00,2026-05-07 12:44:00,2026-05-07 12:45:00,BOS,short,4706.3,4707.0,4707.0,4701.8,False,,4707.0,SL,-0.7,-11.0,1
2026-05-07 13:00:00,2026-05-07 13:21:00,2026-05-07 13:31:00,MSS,long,4704.7,4702.5,4702.5,4710.0,False,,4710.0,TP,5.3,49.0,10
2026-05-07 15:00:00,2026-05-07 15:13:00,2026-05-07 15:14:00,MSS,short,4757.0,4759.2,4759.2,4740.8,False,,4759.2,SL,-2.2,-26.0,1
2026-05-07 16:55:00,2026-05-07 17:12:00,2026-05-07 17:17:00,BOS,short,4743.5,4747.1,4747.1,4741.1,False,,4747.1,SL,-3.6,-40.0,5
2026-05-07 17:55:00,2026-05-07 18:17:00,2026-05-07 18:44:00,BOS,short,4743.0,4749.3,4749.3,4735.3,False,,4749.3,SL,-6.3,-67.0,27
2026-05-07 19:55:00,2026-05-07 20:26:00,2026-05-07 20:30:00,BOS,long,4748.2,4743.1,4743.1,4752.8,False,,4752.8,TP,4.6,42.0,4
2026-05-07 21:30:00,2026-05-07 21:50:00,2026-05-07 22:25:00,MSS,long,4754.1,4740.7,4740.7,4768.4,False,,4768.4,TP,14.3,139.0,35
2026-05-08 00:50:00,2026-05-08 01:03:00,2026-05-08 01:04:00,MSS,long,4727.3,4720.3,4720.3,4727.4,False,,4727.4,TP,0.1,-3.0,1
2026-05-08 01:15:00,2026-05-08 01:25:00,2026-05-08 01:26:00,MSS,short,4715.3,4729.5,4729.5,4715.4,False,,4715.3,TP,0.0,-4.0,1
2026-05-08 01:25:00,2026-05-08 01:43:00,2026-05-08 04:02:00,BOS,short,4712.3,4726.7,4726.7,4696.9,False,,4726.7,SL,-14.4,-148.0,139
2026-05-08 08:15:00,2026-05-08 08:27:00,2026-05-08 09:01:00,MSS,short,4710.3,4718.7,4718.7,4702.7,False,,4718.7,SL,-8.4,-88.0,34
2026-05-08 10:00:00,2026-05-08 10:39:00,2026-05-08 14:28:00,BOS,long,4719.9,4713.4,4713.4,4741.1,False,,4741.1,TP,21.2,208.0,229
2026-05-08 14:25:00,2026-05-08 14:40:00,2026-05-08 14:48:00,BOS,long,4737.3,4730.1,4730.1,4743.6,False,,4730.1,SL,-7.2,-76.0,8
2026-05-08 15:45:00,2026-05-08 15:53:00,2026-05-08 16:06:00,MSS,long,4721.2,4715.7,4715.7,4722.0,False,,4715.7,SL,-5.5,-59.0,13
2026-05-08 17:30:00,2026-05-08 18:19:00,2026-05-08 18:23:00,MSS,short,4727.5,4732.4,4732.4,4719.2,False,,4732.4,SL,-4.9,-53.0,4
2026-05-08 18:45:00,2026-05-08 19:06:00,2026-05-08 19:11:00,MSS,short,4735.3,4737.7,4737.7,4728.7,False,,4728.7,TP,6.6,62.0,5
2026-05-09 01:50:00,2026-05-09 02:00:00,2026-05-09 02:01:00,BOS,long,4732.6,4728.8,4728.8,4731.4,False,,4732.7,TP,0.1,-3.0,1
2026-05-09 03:30:00,2026-05-09 03:46:00,2026-05-09 03:51:00,BOS,short,4734.0,4734.9,4734.9,4731.4,False,,4734.9,SL,-0.9,-13.0,5
2026-05-11 07:00:00,2026-05-11 07:16:00,2026-05-11 07:27:00,MSS,long,4701.5,4695.1,4695.1,4705.6,False,,4705.6,TP,4.1,37.0,11
2026-05-11 07:55:00,2026-05-11 09:08:00,2026-05-11 09:09:00,MSS,short,4704.1,4707.3,4707.3,4698.2,False,,4698.2,TP,5.9,55.0,1
2026-05-11 09:50:00,2026-05-11 10:04:00,2026-05-11 10:06:00,MSS,short,4697.6,4704.9,4704.9,4693.9,False,,4693.9,TP,3.7,33.0,2
2026-05-11 10:35:00,2026-05-11 10:46:00,2026-05-11 10:50:00,MSS,long,4701.2,4691.1,4691.1,4709.0,False,,4691.1,SL,-10.1,-105.0,4
2026-05-11 16:50:00,2026-05-11 17:07:00,2026-05-11 17:09:00,MSS,short,4676.6,4680.2,4680.2,4675.3,False,,4675.3,TP,1.3,9.0,2
2026-05-11 18:20:00,2026-05-11 18:44:00,2026-05-11 18:51:00,MSS,long,4672.2,4668.8,4668.8,4674.0,False,,4674.0,TP,1.8,14.0,7
2026-05-11 19:00:00,2026-05-11 19:13:00,2026-05-11 19:31:00,BOS,long,4676.6,4671.9,4671.9,4680.9,False,,4680.9,TP,4.3,39.0,18
2026-05-11 19:35:00,2026-05-11 19:57:00,2026-05-11 20:01:00,BOS,long,4681.4,4676.0,4676.0,4684.5,False,,4684.5,TP,3.1,27.0,4
2026-05-11 23:15:00,2026-05-11 23:42:00,2026-05-12 00:26:00,MSS,long,4740.9,4732.5,4732.5,4744.5,False,,4732.5,SL,-8.4,-88.0,44
2026-05-12 01:20:00,2026-05-12 01:31:00,2026-05-12 01:32:00,BOS,long,4731.4,4725.3,4725.3,4730.7,False,,4731.5,TP,0.1,-3.0,1
2026-05-12 02:05:00,2026-05-12 02:13:00,2026-05-12 02:20:00,BOS,long,4733.2,4731.0,4731.0,4736.5,False,,4731.0,SL,-2.2,-26.0,7
2026-05-12 02:55:00,2026-05-12 03:02:00,2026-05-12 03:03:00,MSS,short,4734.1,4736.9,4736.9,4733.8,False,,4733.8,TP,0.3,-1.0,1
2026-05-12 03:20:00,2026-05-12 03:44:00,2026-05-12 03:45:00,BOS,short,4736.5,4737.6,4737.6,4732.8,False,,4737.6,SL,-1.1,-15.0,1
2026-05-12 07:30:00,2026-05-12 07:46:00,2026-05-12 07:47:00,BOS,long,4767.3,4760.0,4760.0,4768.0,False,,4768.0,TP,0.7,3.0,1
2026-05-12 08:15:00,2026-05-12 08:25:00,2026-05-12 08:35:00,BOS,long,4772.5,4768.0,4768.0,4783.5,False,,4768.0,SL,-4.5,-49.0,10
2026-05-12 10:10:00,2026-05-12 10:22:00,2026-05-12 10:27:00,MSS,long,4736.8,4734.7,4734.7,4743.5,False,,4734.7,SL,-2.1,-25.0,5
2026-05-12 11:45:00,2026-05-12 12:18:00,2026-05-12 12:21:00,BOS,short,4736.2,4736.9,4736.9,4728.1,False,,4736.9,SL,-0.7,-11.0,3
2026-05-12 14:45:00,2026-05-12 15:43:00,2026-05-12 16:01:00,BOS,short,4708.7,4713.0,4713.0,4703.6,False,,4713.0,SL,-4.3,-47.0,18
2026-05-12 16:00:00,2026-05-12 16:13:00,2026-05-12 16:15:00,MSS,long,4709.2,4705.7,4705.7,4714.7,False,,4705.7,SL,-3.5,-39.0,2
2026-05-12 17:30:00,2026-05-12 17:39:00,2026-05-12 17:44:00,MSS,long,4709.7,4705.2,4705.2,4713.5,False,,4705.2,SL,-4.5,-49.0,5
2026-05-12 17:40:00,2026-05-12 17:51:00,2026-05-12 18:07:00,MSS,short,4708.1,4713.5,4713.5,4702.5,False,,4713.5,SL,-5.4,-58.0,16
2026-05-12 18:05:00,2026-05-12 18:18:00,2026-05-12 18:32:00,MSS,long,4710.2,4702.5,4702.5,4716.6,False,,4702.5,SL,-7.7,-81.0,14
2026-05-12 20:30:00,2026-05-12 20:44:00,2026-05-12 20:46:00,BOS,short,4710.6,4716.3,4716.3,4697.1,False,,4716.3,SL,-5.7,-61.0,2
2026-05-12 21:35:00,2026-05-12 21:53:00,2026-05-12 21:58:00,MSS,long,4701.2,4692.4,4692.4,4706.0,False,,4692.4,SL,-8.8,-92.0,5
2026-05-12 21:55:00,2026-05-12 22:06:00,2026-05-12 22:33:00,MSS,short,4696.0,4709.5,4709.5,4684.3,False,,4684.3,TP,11.7,113.0,27
2026-05-13 01:15:00,2026-05-13 01:39:00,2026-05-13 02:01:00,BOS,long,4686.1,4682.0,4682.0,4688.2,False,,4688.2,TP,2.1,17.0,22
2026-05-13 07:45:00,2026-05-13 07:55:00,2026-05-13 08:02:00,MSS,short,4723.7,4729.5,4729.5,4722.9,False,,4722.9,TP,0.8,4.0,7
2026-05-13 08:00:00,2026-05-13 08:39:00,2026-05-13 08:54:00,MSS,long,4730.3,4722.9,4722.9,4733.4,False,,4722.9,SL,-7.4,-78.0,15
2026-05-13 13:00:00,2026-05-13 13:21:00,2026-05-13 13:24:00,BOS,long,4711.0,4706.6,4706.6,4714.9,False,,4706.6,SL,-4.4,-48.0,3
2026-05-13 15:05:00,2026-05-13 15:17:00,2026-05-13 15:18:00,BOS,short,4711.7,4713.6,4713.6,4704.5,False,,4713.6,SL,-1.9,-23.0,1
2026-05-13 17:10:00,2026-05-13 17:58:00,2026-05-13 18:08:00,MSS,short,4706.6,4710.2,4710.2,4700.7,False,,4710.2,SL,-3.6,-40.0,10
2026-05-13 22:25:00,2026-05-13 22:47:00,2026-05-13 23:02:00,MSS,long,4691.3,4680.0,4680.0,4692.6,False,,4692.6,TP,1.3,9.0,15
2026-05-13 23:25:00,2026-05-13 23:33:00,2026-05-13 23:34:00,BOS,long,4700.1,4691.9,4691.9,4699.3,False,,4700.3,TP,0.2,-2.0,1
2026-05-14 00:20:00,2026-05-14 00:43:00,2026-05-14 00:50:00,BOS,long,4709.2,4706.1,4706.1,4717.6,False,,4706.1,SL,-3.1,-35.0,7
2026-05-14 01:50:00,2026-05-14 02:17:00,2026-05-14 02:35:00,BOS,short,4698.2,4702.5,4702.5,4696.1,False,,4696.1,TP,2.1,17.0,18
2026-05-14 03:30:00,2026-05-14 03:42:00,2026-05-14 03:53:00,MSS,short,4695.7,4698.7,4698.7,4692.2,False,,4692.2,TP,3.5,31.0,11
2026-05-14 07:45:00,2026-05-14 08:02:00,2026-05-14 08:03:00,BOS,short,4701.2,4704.6,4704.6,4699.8,False,,4699.8,TP,1.4,10.0,1
2026-05-14 08:00:00,2026-05-14 08:19:00,2026-05-14 08:20:00,BOS,short,4708.1,4703.8,4703.8,4696.2,False,,4707.9,SL,0.2,-2.0,1
2026-05-14 10:30:00,2026-05-14 10:45:00,2026-05-14 10:47:00,MSS,long,4699.6,4693.1,4693.1,4704.8,False,,4693.1,SL,-6.5,-69.0,2
2026-05-14 11:35:00,2026-05-14 12:28:00,2026-05-14 12:29:00,MSS,short,4707.0,4699.5,4699.5,4685.1,False,,4706.9,SL,0.1,-3.0,1
2026-05-14 13:15:00,2026-05-14 13:47:00,2026-05-14 13:55:00,MSS,short,4706.9,4711.3,4711.3,4704.2,False,,4704.2,TP,2.7,23.0,8
2026-05-14 15:25:00,2026-05-14 15:52:00,2026-05-14 15:58:00,BOS,long,4707.9,4700.7,4700.7,4713.4,False,,4700.7,SL,-7.2,-76.0,6
2026-05-14 18:10:00,2026-05-14 19:03:00,2026-05-14 19:04:00,MSS,short,4702.0,4707.2,4707.2,4702.3,False,,4701.9,TP,0.1,-3.0,1
2026-05-14 19:25:00,2026-05-14 19:42:00,2026-05-14 19:48:00,BOS,short,4701.8,4705.6,4705.6,4695.7,False,,4705.6,SL,-3.8,-42.0,6
2026-05-14 19:50:00,2026-05-14 20:01:00,2026-05-14 20:20:00,MSS,long,4702.6,4695.7,4695.7,4711.3,False,,4711.3,TP,8.7,83.0,19
2026-05-14 20:40:00,2026-05-14 21:00:00,2026-05-14 21:02:00,MSS,short,4708.9,4716.9,4716.9,4704.4,False,,4704.4,TP,4.5,41.0,2
2026-05-14 22:15:00,2026-05-14 22:55:00,2026-05-14 23:04:00,MSS,long,4694.0,4683.3,4683.3,4701.5,False,,4683.3,SL,-10.7,-111.0,9
2026-05-14 23:40:00,2026-05-15 00:00:00,2026-05-15 00:03:00,BOS,short,4690.6,4695.3,4695.3,4686.9,False,,4686.9,TP,3.7,33.0,3
2026-05-15 00:30:00,2026-05-15 00:56:00,2026-05-15 01:03:00,BOS,short,4682.2,4687.6,4687.6,4679.7,False,,4687.6,SL,-5.4,-58.0,7
2026-05-15 01:25:00,2026-05-15 01:45:00,2026-05-15 02:00:00,MSS,short,4686.3,4689.9,4689.9,4683.0,False,,4683.0,TP,3.3,29.0,15
2026-05-15 02:55:00,2026-05-15 03:07:00,2026-05-15 03:13:00,MSS,long,4673.6,4672.3,4672.3,4677.9,False,,4672.3,SL,-1.3,-17.0,6
2026-05-15 08:55:00,2026-05-15 09:02:00,2026-05-15 09:03:00,MSS,long,4632.5,4621.8,4621.8,4635.8,False,,4635.8,TP,3.3,29.0,1
2026-05-15 09:05:00,2026-05-15 09:23:00,2026-05-15 09:29:00,MSS,short,4622.2,4636.7,4636.7,4613.8,False,,4613.8,TP,8.4,80.0,6
2026-05-15 10:40:00,2026-05-15 10:49:00,2026-05-15 10:51:00,MSS,long,4618.5,4613.5,4613.5,4622.0,False,,4622.0,TP,3.5,31.0,2
2026-05-15 11:30:00,2026-05-15 11:44:00,2026-05-15 12:43:00,MSS,short,4617.6,4626.2,4626.2,4611.1,False,,4611.1,TP,6.5,61.0,59
2026-05-15 12:40:00,2026-05-15 12:51:00,2026-05-15 13:01:00,MSS,short,4612.2,4619.0,4619.0,4608.3,False,,4608.3,TP,3.9,35.0,10
2026-05-15 13:45:00,2026-05-15 13:54:00,2026-05-15 13:59:00,BOS,short,4573.0,4579.8,4579.8,4565.7,False,,4565.7,TP,7.3,69.0,5
2026-05-15 15:10:00,2026-05-15 15:55:00,2026-05-15 16:01:00,MSS,long,4577.0,4569.8,4569.8,4591.0,False,,4569.8,SL,-7.2,-76.0,6
2026-05-15 16:40:00,2026-05-15 17:03:00,2026-05-15 17:05:00,MSS,long,4558.6,4553.2,4553.2,4567.5,False,,4567.5,TP,8.9,85.0,2
2026-05-15 20:10:00,2026-05-15 20:17:00,2026-05-15 20:20:00,BOS,short,4551.9,4557.5,4557.5,4549.3,False,,4557.5,SL,-5.6,-60.0,3
2026-05-15 20:20:00,2026-05-15 20:32:00,2026-05-15 20:42:00,MSS,long,4555.5,4549.1,4549.1,4562.9,False,,4549.1,SL,-6.4,-68.0,10
2026-05-15 21:35:00,2026-05-15 22:14:00,2026-05-15 22:19:00,MSS,short,4547.6,4561.8,4561.8,4530.3,False,,4561.8,SL,-14.2,-146.0,5
2026-05-15 22:55:00,2026-05-15 23:08:00,2026-05-15 23:19:00,BOS,long,4560.5,4550.1,4550.1,4570.9,False,,4550.1,SL,-10.4,-108.0,11
2026-05-16 01:20:00,2026-05-16 01:30:00,2026-05-16 01:40:00,BOS,long,4565.7,4558.4,4558.4,4568.0,False,,4568.0,TP,2.3,19.0,10
2026-05-16 02:15:00,2026-05-16 02:26:00,2026-05-16 02:31:00,MSS,short,4561.2,4566.6,4566.6,4556.9,False,,4556.9,TP,4.3,39.0,5
2026-05-18 09:20:00,2026-05-18 09:32:00,2026-05-18 09:33:00,MSS,long,4512.3,4495.5,4495.5,4511.3,False,,4512.1,TP,-0.2,-6.0,1
2026-05-18 11:40:00,2026-05-18 12:30:00,2026-05-18 13:19:00,BOS,long,4542.5,4528.1,4528.1,4551.7,False,,4551.7,TP,9.2,88.0,49
2026-05-18 13:15:00,2026-05-18 13:43:00,2026-05-18 13:58:00,BOS,long,4545.4,4536.5,4536.5,4553.0,False,,4536.5,SL,-8.9,-93.0,15
2026-05-18 14:20:00,2026-05-18 14:31:00,2026-05-18 14:33:00,MSS,long,4541.9,4535.8,4535.8,4547.7,False,,4547.7,TP,5.8,54.0,2
2026-05-18 15:25:00,2026-05-18 15:53:00,2026-05-18 16:26:00,BOS,long,4547.1,4541.8,4541.8,4555.2,False,,4555.2,TP,8.1,77.0,33
2026-05-18 18:05:00,2026-05-18 18:21:00,2026-05-18 18:32:00,BOS,short,4544.0,4549.0,4549.0,4540.8,False,,4540.8,TP,3.2,28.0,11
2026-05-18 18:40:00,2026-05-18 18:57:00,2026-05-18 19:09:00,MSS,long,4542.9,4535.4,4535.4,4547.5,False,,4535.4,SL,-7.5,-79.0,12
2026-05-18 21:30:00,2026-05-18 21:47:00,2026-05-18 21:52:00,BOS,long,4577.4,4565.4,4565.4,4584.3,False,,4584.3,TP,6.9,65.0,5
2026-05-18 21:50:00,2026-05-18 22:09:00,2026-05-18 22:14:00,BOS,long,4571.3,4566.9,4566.9,4588.7,False,,4566.9,SL,-4.4,-48.0,5
2026-05-19 00:25:00,2026-05-19 00:42:00,2026-05-19 00:50:00,MSS,short,4546.4,4555.1,4555.1,4537.6,False,,4555.1,SL,-8.7,-91.0,8
2026-05-19 02:55:00,2026-05-19 03:04:00,2026-05-19 03:05:00,BOS,short,4557.9,4547.5,4547.5,4538.0,False,,4558.2,SL,-0.3,-7.0,1
2026-05-19 07:00:00,2026-05-19 08:06:00,2026-05-19 08:07:00,BOS,long,4587.3,4576.7,4576.7,4585.7,False,,4587.3,TP,0.0,-4.0,1
2026-05-19 11:35:00,2026-05-19 11:48:00,2026-05-19 11:49:00,MSS,long,4551.6,4550.0,4550.0,4558.2,False,,4550.0,SL,-1.6,-20.0,1
2026-05-19 12:10:00,2026-05-19 12:22:00,2026-05-19 12:26:00,MSS,short,4544.0,4548.8,4548.8,4541.9,False,,4541.9,TP,2.1,17.0,4
2026-05-19 13:00:00,2026-05-19 13:09:00,2026-05-19 13:10:00,MSS,long,4548.2,4540.9,4540.9,4548.2,False,,4548.2,TP,0.0,-4.0,1
2026-05-19 13:20:00,2026-05-19 13:30:00,2026-05-19 14:18:00,MSS,short,4540.4,4549.8,4549.8,4533.0,False,,4549.8,SL,-9.4,-98.0,48
2026-05-19 14:45:00,2026-05-19 15:00:00,2026-05-19 15:08:00,MSS,short,4548.4,4556.1,4556.1,4546.3,False,,4556.1,SL,-7.7,-81.0,8
2026-05-19 15:05:00,2026-05-19 15:18:00,2026-05-19 15:27:00,MSS,long,4552.8,4547.5,4547.5,4558.9,False,,4547.5,SL,-5.3,-57.0,9
2026-05-19 15:40:00,2026-05-19 15:49:00,2026-05-19 15:50:00,MSS,short,4554.2,4553.0,4553.0,4544.6,False,,4554.3,SL,-0.1,-5.0,1
2026-05-19 16:20:00,2026-05-19 16:37:00,2026-05-19 16:47:00,MSS,short,4546.2,4551.5,4551.5,4542.2,False,,4551.5,SL,-5.3,-57.0,10
2026-05-19 19:50:00,2026-05-19 20:13:00,2026-05-19 20:15:00,MSS,short,4546.6,4547.1,4547.1,4537.5,False,,4547.1,SL,-0.5,-9.0,2
2026-05-19 23:15:00,2026-05-19 23:25:00,2026-05-19 23:31:00,MSS,long,4500.3,4492.9,4492.9,4508.9,False,,4508.9,TP,8.6,82.0,6
2026-05-20 00:05:00,2026-05-20 00:30:00,2026-05-20 00:31:00,MSS,short,4511.5,4513.7,4513.7,4500.6,False,,4513.7,SL,-2.2,-26.0,1
2026-05-20 01:20:00,2026-05-20 01:34:00,2026-05-20 01:40:00,MSS,short,4507.4,4514.7,4514.7,4506.4,False,,4506.4,TP,1.0,6.0,6
2026-05-20 02:05:00,2026-05-20 02:24:00,2026-05-20 02:25:00,MSS,long,4502.0,4502.5,4502.5,4507.4,False,,4502.3,SL,0.3,-1.0,1
2026-05-20 07:15:00,2026-05-20 08:02:00,2026-05-20 08:03:00,BOS,long,4492.7,4482.9,4482.9,4492.0,False,,4493.1,TP,0.4,0.0,1
2026-05-20 11:05:00,2026-05-20 11:18:00,2026-05-20 12:00:00,BOS,short,4463.5,4469.4,4469.4,4454.9,False,,4469.4,SL,-5.9,-63.0,42
2026-05-20 12:00:00,2026-05-20 12:28:00,2026-05-20 12:47:00,MSS,long,4467.4,4459.8,4459.8,4472.3,False,,4459.8,SL,-7.6,-80.0,19
2026-05-20 12:45:00,2026-05-20 12:57:00,2026-05-20 13:01:00,MSS,short,4463.2,4469.2,4469.2,4458.5,False,,4469.2,SL,-6.0,-64.0,4
2026-05-20 13:45:00,2026-05-20 14:02:00,2026-05-20 14:35:00,MSS,short,4474.4,4481.8,4481.8,4465.4,False,,4465.4,TP,9.0,86.0,33
2026-05-20 15:05:00,2026-05-20 15:24:00,2026-05-20 15:30:00,MSS,long,4482.7,4473.9,4473.9,4486.4,False,,4486.4,TP,3.7,33.0,6
2026-05-20 16:25:00,2026-05-20 16:38:00,2026-05-20 16:42:00,BOS,long,4486.4,4480.8,4480.8,4489.2,False,,4480.8,SL,-5.6,-60.0,4
2026-05-20 17:25:00,2026-05-20 17:44:00,2026-05-20 17:45:00,MSS,short,4485.6,4486.1,4486.1,4475.2,False,,4486.1,SL,-0.5,-9.0,1
2026-05-20 17:50:00,2026-05-20 18:01:00,2026-05-20 18:07:00,MSS,long,4489.0,4484.3,4484.3,4493.4,False,,4493.4,TP,4.4,40.0,6
2026-05-20 19:25:00,2026-05-20 19:47:00,2026-05-20 19:50:00,MSS,long,4498.8,4493.5,4493.5,4503.7,False,,4493.5,SL,-5.3,-57.0,3
2026-05-20 20:30:00,2026-05-20 20:59:00,2026-05-20 21:14:00,BOS,long,4498.8,4495.2,4495.2,4507.2,False,,4507.2,TP,8.4,80.0,15
2026-05-20 23:15:00,2026-05-20 23:32:00,2026-05-21 09:10:00,BOS,long,4536.4,4526.5,4526.5,4557.5,False,,4557.5,TP,21.1,207.0,518
2026-05-21 11:50:00,2026-05-21 12:07:00,2026-05-21 12:14:00,BOS,short,4533.4,4537.9,4537.9,4528.1,False,,4537.9,SL,-4.5,-49.0,7
2026-05-21 15:25:00,2026-05-21 15:53:00,2026-05-21 16:04:00,BOS,short,4522.1,4525.0,4525.0,4513.3,False,,4525.0,SL,-2.9,-33.0,11
2026-05-21 18:00:00,2026-05-21 18:08:00,2026-05-21 18:09:00,MSS,long,4534.4,4530.7,4530.7,4534.7,False,,4534.7,TP,0.3,-1.0,1
2026-05-21 19:30:00,2026-05-21 19:54:00,2026-05-21 20:15:00,BOS,short,4515.3,4522.4,4522.4,4511.1,False,,4511.1,TP,4.2,38.0,21
2026-05-21 20:15:00,2026-05-21 20:39:00,2026-05-21 20:50:00,MSS,short,4512.8,4520.3,4520.3,4510.3,False,,4510.3,TP,2.5,21.0,11
2026-05-21 21:50:00,2026-05-21 22:17:00,2026-05-22 00:07:00,MSS,long,4506.2,4488.5,4488.5,4522.2,False,,4522.2,TP,16.0,156.0,110
2026-05-22 03:50:00,2026-05-22 07:04:00,2026-05-22 07:05:00,MSS,short,4544.1,4544.5,4544.5,4535.4,False,,4544.5,SL,-0.4,-8.0,1
2026-05-22 08:50:00,2026-05-22 09:02:00,2026-05-22 09:05:00,MSS,short,4530.1,4542.2,4542.2,4528.2,False,,4528.2,TP,1.9,15.0,3
2026-05-22 09:05:00,2026-05-22 09:22:00,2026-05-22 09:35:00,BOS,short,4531.2,4537.6,4537.6,4524.2,False,,4524.2,TP,7.0,66.0,13
2026-05-22 10:30:00,2026-05-22 10:52:00,2026-05-22 11:47:00,BOS,short,4526.3,4530.5,4530.5,4519.6,False,,4530.5,SL,-4.2,-46.0,55
2026-05-22 13:00:00,2026-05-22 13:14:00,2026-05-22 13:17:00,BOS,short,4526.4,4531.2,4531.2,4524.6,False,,4524.6,TP,1.8,14.0,3
2026-05-22 13:55:00,2026-05-22 14:17:00,2026-05-22 17:54:00,MSS,short,4520.1,4535.4,4535.4,4508.3,False,,4535.4,SL,-15.3,-157.0,217
2026-05-22 19:00:00,2026-05-22 19:14:00,2026-05-22 19:18:00,MSS,long,4516.7,4513.1,4513.1,4517.5,False,,4513.1,SL,-3.6,-40.0,4
2026-05-22 20:10:00,2026-05-22 20:41:00,2026-05-22 20:42:00,BOS,long,4520.4,4519.0,4519.0,4531.4,False,,4519.0,SL,-1.4,-18.0,1
2026-05-23 00:40:00,2026-05-23 01:12:00,2026-05-23 01:30:00,MSS,short,4521.5,4528.8,4528.8,4512.1,False,,4528.8,SL,-7.3,-77.0,18
2026-05-23 03:35:00,2026-05-23 03:56:00,2026-05-23 04:20:00,MSS,long,4510.1,4505.9,4505.9,4511.6,False,,4511.6,TP,1.5,11.0,24
2026-05-25 08:45:00,2026-05-25 08:54:00,2026-05-25 08:55:00,BOS,long,4575.4,4572.2,4572.2,4581.6,False,,4572.2,SL,-3.2,-36.0,1
2026-05-25 08:55:00,2026-05-25 09:04:00,2026-05-25 09:07:00,MSS,short,4570.1,4581.6,4581.6,4566.9,False,,4566.9,TP,3.2,28.0,3
2026-05-25 09:05:00,2026-05-25 09:25:00,2026-05-25 09:47:00,BOS,short,4571.3,4578.1,4578.1,4561.5,False,,4561.5,TP,9.8,94.0,22
2026-05-25 10:05:00,2026-05-25 10:18:00,2026-05-25 10:19:00,MSS,long,4561.7,4561.7,4561.7,4569.3,False,,4561.6,SL,-0.1,-5.0,1
2026-05-25 10:40:00,2026-05-25 10:57:00,2026-05-25 11:44:00,BOS,long,4563.1,4559.6,4559.6,4570.7,False,,4559.6,SL,-3.5,-39.0,47
2026-05-25 11:40:00,2026-05-25 12:04:00,2026-05-25 12:21:00,MSS,short,4561.9,4565.1,4565.1,4558.4,False,,4565.1,SL,-3.2,-36.0,17
2026-05-25 12:25:00,2026-05-25 12:35:00,2026-05-25 12:38:00,MSS,long,4562.6,4560.5,4560.5,4566.7,False,,4560.5,SL,-2.1,-25.0,3
2026-05-25 14:45:00,2026-05-25 15:22:00,2026-05-25 15:23:00,BOS,long,4555.3,4554.5,4554.5,4560.3,False,,4554.5,SL,-0.8,-12.0,1
2026-05-25 19:15:00,2026-05-25 19:28:00,2026-05-25 19:38:00,BOS,long,4572.9,4569.4,4569.4,4577.5,False,,4577.5,TP,4.6,42.0,10
2026-05-25 19:35:00,2026-05-25 19:51:00,2026-05-25 19:59:00,BOS,long,4573.7,4571.2,4571.2,4578.2,False,,4571.2,SL,-2.5,-29.0,8
2026-05-25 22:20:00,2026-05-25 22:34:00,2026-05-25 22:38:00,BOS,long,4569.5,4568.6,4568.6,4572.0,False,,4568.5,SL,-1.0,-14.0,4
2026-05-25 22:50:00,2026-05-25 23:02:00,2026-05-25 23:03:00,MSS,short,4569.5,4570.2,4570.2,4567.2,False,,4570.2,SL,-0.7,-11.0,1
2026-05-25 23:10:00,2026-05-25 23:19:00,2026-05-25 23:25:00,MSS,long,4572.0,4566.9,4566.9,4575.5,False,,4575.5,TP,3.5,31.0,6
2026-05-26 01:00:00,2026-05-26 01:27:00,2026-05-26 01:32:00,BOS,long,4573.5,4572.7,4572.7,4578.9,False,,4572.7,SL,-0.8,-12.0,5
2026-05-26 08:15:00,2026-05-26 08:37:00,2026-05-26 08:52:00,BOS,short,4549.2,4554.4,4554.4,4542.2,False,,4542.2,TP,7.0,66.0,15
2026-05-26 08:50:00,2026-05-26 09:04:00,2026-05-26 09:32:00,BOS,short,4543.5,4552.6,4552.6,4539.9,False,,4539.9,TP,3.6,32.0,28
2026-05-26 10:05:00,2026-05-26 10:14:00,2026-05-26 10:15:00,MSS,long,4539.2,4539.9,4539.9,4539.9,False,,4539.3,SL,0.1,-3.0,1
2026-05-26 10:30:00,2026-05-26 10:41:00,2026-05-26 10:43:00,MSS,short,4537.8,4540.1,4540.1,4534.8,False,,4534.8,TP,3.0,26.0,2
2026-05-26 10:45:00,2026-05-26 11:04:00,2026-05-26 11:17:00,BOS,short,4534.4,4539.5,4539.5,4531.6,False,,4539.5,SL,-5.1,-55.0,13
2026-05-26 13:30:00,2026-05-26 13:43:00,2026-05-26 13:45:00,BOS,long,4530.2,4529.2,4529.2,4534.5,False,,4529.2,SL,-1.0,-14.0,2
2026-05-26 13:45:00,2026-05-26 14:10:00,2026-05-26 14:25:00,MSS,short,4530.0,4535.5,4535.5,4526.6,False,,4535.5,SL,-5.5,-59.0,15
2026-05-26 15:45:00,2026-05-26 16:37:00,2026-05-26 16:49:00,MSS,long,4523.3,4521.7,4521.7,4533.8,False,,4521.7,SL,-1.6,-20.0,12
2026-05-26 17:10:00,2026-05-26 17:20:00,2026-05-26 17:21:00,MSS,short,4524.0,4525.4,4525.4,4519.3,False,,4525.4,SL,-1.4,-18.0,1
2026-05-26 17:35:00,2026-05-26 18:03:00,2026-05-26 18:10:00,BOS,short,4520.1,4526.7,4526.7,4516.2,False,,4526.7,SL,-6.6,-70.0,7
2026-05-26 22:10:00,2026-05-26 22:28:00,2026-05-26 22:32:00,BOS,short,4516.2,4521.3,4521.3,4508.4,False,,4521.3,SL,-5.1,-55.0,4
2026-05-26 22:35:00,2026-05-26 22:58:00,2026-05-26 23:03:00,MSS,long,4516.2,4508.4,4508.4,4525.6,False,,4508.4,SL,-7.8,-82.0,5
2026-05-27 00:10:00,2026-05-27 00:36:00,2026-05-27 01:30:00,MSS,short,4509.2,4511.2,4511.2,4498.8,False,,4498.8,TP,10.4,100.0,54
2026-05-27 01:55:00,2026-05-27 02:36:00,2026-05-27 03:16:00,BOS,short,4495.1,4501.2,4501.2,4487.2,False,,4501.2,SL,-6.1,-65.0,40
2026-05-27 08:20:00,2026-05-27 08:48:00,2026-05-27 08:54:00,MSS,short,4520.2,4525.8,4525.8,4515.6,False,,4515.6,TP,4.6,42.0,6
2026-05-27 09:10:00,2026-05-27 09:21:00,2026-05-27 09:23:00,MSS,long,4517.1,4512.0,4512.0,4520.5,False,,4520.5,TP,3.4,30.0,2
2026-05-27 10:35:00,2026-05-27 10:54:00,2026-05-27 10:57:00,BOS,short,4503.2,4505.3,4505.3,4499.3,False,,4505.3,SL,-2.1,-25.0,3
2026-05-27 11:00:00,2026-05-27 11:40:00,2026-05-27 11:58:00,MSS,long,4502.4,4497.3,4497.3,4509.7,False,,4497.3,SL,-5.1,-55.0,18
2026-05-27 11:55:00,2026-05-27 12:13:00,2026-05-27 12:42:00,MSS,short,4500.7,4504.7,4504.7,4495.5,False,,4504.7,SL,-4.0,-44.0,29
2026-05-27 15:10:00,2026-05-27 15:27:00,2026-05-27 15:31:00,BOS,short,4484.9,4487.9,4487.9,4479.4,False,,4487.9,SL,-3.0,-34.0,4
2026-05-27 15:45:00,2026-05-27 16:06:00,2026-05-27 16:18:00,BOS,short,4484.4,4487.9,4487.9,4476.7,False,,4487.9,SL,-3.5,-39.0,12
2026-05-27 16:15:00,2026-05-27 16:33:00,2026-05-27 16:36:00,MSS,long,4486.6,4482.3,4482.3,4489.4,False,,4489.4,TP,2.8,24.0,3
2026-05-27 16:40:00,2026-05-27 17:12:00,2026-05-27 18:03:00,BOS,long,4489.5,4484.7,4484.7,4495.2,False,,4484.7,SL,-4.8,-52.0,51
2026-05-27 19:55:00,2026-05-27 20:08:00,2026-05-27 20:18:00,BOS,short,4430.0,4442.0,4442.0,4422.1,False,,4442.0,SL,-12.0,-124.0,10
2026-05-27 20:15:00,2026-05-27 21:02:00,2026-05-27 21:05:00,MSS,long,4436.6,4426.2,4426.2,4451.8,False,,4426.2,SL,-10.4,-108.0,3
2026-05-28 01:00:00,2026-05-28 01:07:00,2026-05-28 01:08:00,MSS,short,4445.9,4451.4,4451.4,4445.5,False,,4445.5,TP,0.4,-0.0,1
2026-05-28 02:00:00,2026-05-28 02:22:00,2026-05-28 02:23:00,MSS,short,4454.3,4452.9,4452.9,4447.3,False,,4454.2,SL,0.1,-3.0,1
2026-05-28 02:20:00,2026-05-28 02:38:00,2026-05-28 04:18:00,MSS,long,4451.1,4446.0,4446.0,4457.0,False,,4457.0,TP,5.9,55.0,99
2026-05-28 07:20:00,2026-05-28 07:41:00,2026-05-28 07:45:00,BOS,short,4449.6,4451.8,4451.8,4447.5,False,,4447.5,TP,2.1,17.0,3
2026-05-28 07:45:00,2026-05-28 08:04:00,2026-05-28 08:14:00,BOS,short,4446.6,4450.8,4450.8,4444.5,False,,4444.5,TP,2.1,17.0,5
2026-05-28 12:55:00,2026-05-28 13:07:00,2026-05-28 13:11:00,BOS,long,4370.1,4366.7,4366.7,4371.0,False,,4371.0,TP,0.9,5.0,3
2026-05-28 15:15:00,2026-05-28 15:43:00,2026-05-28 15:52:00,BOS,long,4385.0,4385.6,4385.6,4390.0,False,,4383.3,SL,-1.7,-21.0,2
2026-05-28 17:00:00,2026-05-28 17:14:00,2026-05-28 17:21:00,MSS,long,4385.9,4383.3,4383.3,4388.1,False,,4389.8,TP,3.9,35.0,2
2026-05-28 19:25:00,2026-05-28 19:39:00,2026-05-28 19:47:00,MSS,short,4385.3,4388.3,4388.3,4382.6,False,,4382.6,TP,2.7,23.0,7
2026-05-28 20:15:00,2026-05-28 20:32:00,2026-05-28 20:36:00,MSS,short,4389.4,4391.0,4391.0,4386.0,False,,4395.0,SL,-5.6,-60.0,3
2026-05-28 21:30:00,2026-05-28 21:47:00,2026-05-28 21:53:00,MSS,short,4423.4,4431.6,4431.6,4416.6,False,,4431.6,SL,-8.2,-86.0,6
