signal_time,entry_time,exit_time,kind,direction,entry,sl,final_sl,tp,break_even_moved,break_even_time,exit_price,exit_reason,points,dollars,bars_held
2025-12-30 09:00:00,2025-12-30 09:07:00,2025-12-30 09:10:00,BOS,short,4350.5,4356.0,4350.5,4341.7,True,2025-12-30 09:08:00,4350.5,BE,0.0,-4.0,3
2025-12-30 09:15:00,2025-12-30 09:32:00,2025-12-30 09:41:00,MSS,long,4346.4,4339.0,4346.4,4358.4,True,2025-12-30 09:33:00,4358.4,TP,12.0,115.89,9
2025-12-30 11:30:00,2025-12-30 11:52:00,2025-12-30 12:04:00,EXTEND,long,4375.3,4370.5,4375.3,4383.0,True,2025-12-30 12:02:00,4375.3,BE,0.0,-4.0,12
2025-12-30 12:40:00,2025-12-30 12:50:00,2025-12-30 13:01:00,EXTEND,long,4379.1,4376.1,4376.1,4384.0,False,,4376.1,SL,-3.0,-34.18,11
2025-12-30 13:05:00,2025-12-30 13:12:00,2025-12-30 13:14:00,MSS,short,4377.1,4379.4,4379.4,4373.3,False,,4379.4,SL,-2.3,-27.3,2
2025-12-30 14:40:00,2025-12-30 14:48:00,2025-12-30 15:07:00,EXTEND,short,4380.9,4384.6,4380.9,4375.0,True,2025-12-30 14:51:00,4375.0,TP,5.9,55.33,19
2025-12-30 15:05:00,2025-12-30 15:13:00,2025-12-30 15:15:00,EXTEND,short,4380.7,4384.6,4384.6,4374.5,False,,4384.6,SL,-3.9,-42.58,2
2025-12-30 15:50:00,2025-12-30 15:56:00,2025-12-30 16:03:00,EXTEND,long,4387.6,4380.8,4380.8,4398.5,False,,4380.8,SL,-6.8,-71.61,7
2025-12-30 17:55:00,2025-12-30 18:04:00,2025-12-30 18:12:00,EXTEND,long,4385.4,4382.8,4385.4,4389.5,True,2025-12-30 18:05:00,4389.5,TP,4.1,37.41,8
2025-12-30 19:10:00,2025-12-30 19:48:00,2025-12-30 20:00:00,EXTEND,long,4398.8,4394.4,4398.8,4406.0,True,2025-12-30 19:57:00,4398.8,BE,0.0,-4.0,12
2025-12-30 20:40:00,2025-12-30 20:52:00,2025-12-30 21:00:00,EXTEND,long,4411.8,4407.5,4411.8,4418.8,True,2025-12-30 20:52:00,4418.8,TP,7.0,65.83,8
2025-12-30 21:00:00,2025-12-30 21:15:00,2025-12-30 21:18:00,EXTEND,long,4412.5,4407.5,4412.5,4420.5,True,2025-12-30 21:16:00,4412.5,BE,0.0,-4.0,3
2025-12-30 21:40:00,2025-12-30 22:00:00,2025-12-30 22:08:00,EXTEND,short,4405.0,4413.7,4405.0,4391.0,True,2025-12-30 22:02:00,4405.0,BE,0.0,-4.0,8
2025-12-30 22:25:00,2025-12-30 22:32:00,2025-12-30 22:33:00,MSS,long,4400.3,4396.2,4396.2,4407.0,False,,4396.2,SL,-4.1,-45.26,1
2025-12-30 22:45:00,2025-12-30 23:20:00,2025-12-31 00:58:00,EXTEND,short,4393.6,4407.8,4393.6,4370.7,True,2025-12-30 23:21:00,4393.6,BE,0.0,-4.0,98
2025-12-31 01:00:00,2025-12-31 01:21:00,2025-12-31 01:37:00,EXTEND,long,4385.7,4378.3,4385.7,4397.8,True,2025-12-31 01:23:00,4385.7,BE,0.0,-4.0,16
2025-12-31 07:30:00,2025-12-31 07:37:00,2025-12-31 07:40:00,EXTEND,short,4353.3,4359.5,4353.3,4343.2,True,2025-12-31 07:39:00,4353.3,BE,0.0,-4.0,3
2025-12-31 08:25:00,2025-12-31 08:37:00,2025-12-31 08:39:00,BOS,short,4351.2,4355.2,4355.2,4344.7,False,,4355.2,SL,-4.0,-44.11,2
2025-12-31 10:30:00,2025-12-31 10:38:00,2025-12-31 10:40:00,EXTEND,short,4378.1,4383.4,4378.1,4369.4,True,2025-12-31 10:39:00,4378.1,BE,0.0,-4.0,2
2025-12-31 11:20:00,2025-12-31 11:32:00,2025-12-31 11:42:00,BOS,short,4364.4,4371.7,4364.4,4352.5,True,2025-12-31 11:38:00,4364.4,BE,0.0,-4.0,10
2025-12-31 13:05:00,2025-12-31 13:26:00,2025-12-31 13:31:00,EXTEND,short,4353.2,4360.7,4353.2,4341.1,True,2025-12-31 13:30:00,4353.2,BE,0.0,-4.0,5
2025-12-31 15:20:00,2025-12-31 15:49:00,2025-12-31 15:53:00,EXTEND,long,4339.9,4335.9,4339.9,4346.5,True,2025-12-31 15:50:00,4339.9,BE,0.0,-4.0,4
2025-12-31 15:50:00,2025-12-31 15:59:00,2025-12-31 16:01:00,EXTEND,short,4343.2,4346.3,4343.2,4338.3,True,2025-12-31 16:00:00,4343.2,BE,0.0,-4.0,2
2025-12-31 16:55:00,2025-12-31 17:07:00,2025-12-31 17:21:00,EXTEND,short,4330.4,4339.6,4330.4,4315.6,True,2025-12-31 17:09:00,4330.4,BE,0.0,-4.0,14
2025-12-31 17:45:00,2025-12-31 18:28:00,2025-12-31 18:30:00,EXTEND,long,4332.8,4322.8,4322.8,4349.1,False,,4322.8,SL,-10.0,-104.47,2
2025-12-31 19:50:00,2025-12-31 19:55:00,2025-12-31 19:58:00,EXTEND,long,4324.0,4320.6,4324.0,4329.6,True,2025-12-31 19:56:00,4324.0,BE,0.0,-4.0,3
2025-12-31 20:25:00,2025-12-31 20:30:00,2025-12-31 20:35:00,EXTEND,short,4320.2,4323.6,4323.6,4314.6,False,,4323.6,SL,-3.4,-38.38,5
2025-12-31 20:40:00,2025-12-31 21:06:00,2025-12-31 21:21:00,EXTEND,long,4320.8,4314.6,4320.8,4330.7,True,2025-12-31 21:06:00,4330.7,TP,9.9,95.5,15
2025-12-31 22:30:00,2025-12-31 22:39:00,2025-12-31 22:46:00,BOS,long,4352.3,4346.1,4352.3,4362.2,True,2025-12-31 22:43:00,4362.2,TP,9.9,95.5,7
2025-12-31 22:55:00,2025-12-31 23:02:00,2025-12-31 23:10:00,EXTEND,long,4354.4,4346.1,4346.1,4367.8,False,,4346.1,SL,-8.3,-86.89,8
2025-12-31 23:30:00,2025-12-31 23:40:00,2025-12-31 23:56:00,EXTEND,long,4346.4,4340.5,4346.4,4355.9,True,2025-12-31 23:52:00,4346.4,BE,0.0,-4.0,16
2026-01-01 00:45:00,2026-01-01 01:00:00,2026-01-01 01:32:00,EXTEND,short,4338.7,4343.7,4338.7,4330.7,True,2026-01-01 01:06:00,4338.7,BE,0.0,-4.0,32
2026-01-01 01:35:00,2026-01-01 01:55:00,2026-01-01 02:15:00,EXTEND,long,4336.0,4331.5,4336.0,4343.3,True,2026-01-01 02:00:00,4343.3,TP,7.3,68.92,20
2026-01-01 02:15:00,2026-01-01 02:24:00,2026-01-01 02:26:00,MSS,long,4338.4,4333.7,4338.4,4345.9,True,2026-01-01 02:24:00,4338.4,BE,0.0,-4.0,2
2026-01-01 02:30:00,2026-01-01 02:38:00,2026-01-01 02:40:00,MSS,short,4338.7,4342.9,4338.7,4331.9,True,2026-01-01 02:39:00,4338.7,BE,0.0,-4.0,2
2026-01-02 08:10:00,2026-01-02 08:20:00,2026-01-02 08:24:00,EXTEND,long,4357.2,4351.6,4357.2,4366.3,True,2026-01-02 08:21:00,4357.2,BE,0.0,-4.0,4
2026-01-02 08:25:00,2026-01-02 08:30:00,2026-01-02 08:32:00,EXTEND,short,4361.7,4366.3,4361.7,4354.2,True,2026-01-02 08:31:00,4361.7,BE,0.0,-4.0,2
2026-01-02 08:55:00,2026-01-02 09:04:00,2026-01-02 09:07:00,EXTEND,long,4363.4,4359.7,4359.7,4369.4,False,,4359.7,SL,-3.7,-41.05,3
2026-01-02 09:15:00,2026-01-02 09:49:00,2026-01-02 10:03:00,EXTEND,short,4365.0,4369.4,4365.0,4357.9,True,2026-01-02 09:55:00,4365.0,BE,0.0,-4.0,14
2026-01-02 12:00:00,2026-01-02 12:13:00,2026-01-02 12:15:00,BOS,long,4386.7,4384.1,4386.7,4390.9,True,2026-01-02 12:14:00,4386.7,BE,0.0,-4.0,2
2026-01-02 13:50:00,2026-01-02 13:59:00,2026-01-02 14:00:00,BOS,long,4392.3,4390.7,4392.3,4394.8,True,2026-01-02 13:59:00,4392.3,BE,0.0,-4.0,1
2026-01-02 14:15:00,2026-01-02 14:20:00,2026-01-02 14:21:00,EXTEND,short,4391.6,4394.8,4391.6,4386.4,True,2026-01-02 14:20:00,4391.6,BE,0.0,-4.0,1
2026-01-02 14:25:00,2026-01-02 14:40:00,2026-01-02 14:43:00,MSS,long,4388.9,4386.4,4388.9,4393.0,True,2026-01-02 14:42:00,4388.9,BE,0.0,-4.0,3
2026-01-02 15:05:00,2026-01-02 15:11:00,2026-01-02 15:11:00,MSS,short,4387.2,4388.6,4388.6,4385.0,False,,4388.6,SL,-1.4,-17.75,0
2026-01-02 15:10:00,2026-01-02 15:16:00,2026-01-02 15:17:00,MSS,long,4387.0,4385.0,4387.0,4390.3,True,2026-01-02 15:16:00,4387.0,BE,0.0,-4.0,1
2026-01-02 15:35:00,2026-01-02 15:45:00,2026-01-02 15:53:00,EXTEND,long,4387.4,4384.1,4387.4,4392.8,True,2026-01-02 15:45:00,4392.8,TP,5.4,49.77,8
2026-01-02 16:10:00,2026-01-02 16:18:00,2026-01-02 16:19:00,EXTEND,long,4394.9,4392.6,4394.9,4398.6,True,2026-01-02 16:18:00,4394.9,BE,0.0,-4.0,1
2026-01-02 16:45:00,2026-01-02 16:59:00,2026-01-02 17:01:00,EXTEND,long,4399.6,4393.6,4399.6,4409.4,True,2026-01-02 17:00:00,4399.6,BE,-0.0,-4.36,2
2026-01-02 17:20:00,2026-01-02 17:29:00,2026-01-02 17:40:00,MSS,short,4400.6,4404.0,4400.6,4395.1,True,2026-01-02 17:38:00,4400.6,BE,0.0,-4.0,11
2026-01-02 17:55:00,2026-01-02 18:01:00,2026-01-02 18:02:00,BOS,short,4399.9,4401.7,4399.9,4397.1,True,2026-01-02 18:02:00,4399.9,BE,0.0,-4.0,1
2026-01-02 18:00:00,2026-01-02 18:05:00,2026-01-02 18:08:00,EXTEND,short,4399.8,4401.7,4399.8,4396.6,True,2026-01-02 18:06:00,4399.8,BE,0.0,-4.0,3
2026-01-02 19:55:00,2026-01-02 20:06:00,2026-01-02 20:07:00,EXTEND,short,4406.2,4408.2,4408.2,4402.9,False,,4408.2,SL,-2.0,-24.25,1
2026-01-02 20:20:00,2026-01-02 20:28:00,2026-01-02 20:30:00,EXTEND,long,4405.8,4402.9,4405.8,4410.6,True,2026-01-02 20:30:00,4405.8,BE,0.0,-4.0,2
2026-01-02 20:40:00,2026-01-02 20:58:00,2026-01-02 21:11:00,MSS,short,4405.5,4410.6,4410.6,4397.3,False,,4410.6,SL,-5.1,-54.81,13
2026-01-02 21:15:00,2026-01-02 21:20:00,2026-01-02 21:24:00,EXTEND,long,4404.1,4397.3,4397.3,4415.0,False,,4397.3,SL,-6.8,-71.61,4
2026-01-03 01:05:00,2026-01-03 01:59:00,2026-01-03 02:10:00,EXTEND,long,4332.8,4325.6,4325.6,4344.5,False,,4325.6,SL,-7.2,-76.2,11
2026-01-03 02:15:00,2026-01-03 02:25:00,2026-01-03 02:44:00,EXTEND,short,4331.9,4338.7,4331.9,4320.9,True,2026-01-03 02:26:00,4320.9,TP,11.0,106.0,19
2026-01-03 02:40:00,2026-01-03 03:05:00,2026-01-03 03:11:00,EXTEND,short,4331.4,4338.7,4331.4,4319.5,True,2026-01-03 03:06:00,4331.4,BE,0.0,-4.0,6
2026-01-03 03:40:00,2026-01-03 03:45:00,2026-01-03 03:48:00,EXTEND,long,4330.2,4326.4,4330.2,4336.3,True,2026-01-03 03:46:00,4330.2,BE,0.0,-4.0,3
2026-01-05 09:05:00,2026-01-05 09:13:00,2026-01-05 09:17:00,EXTEND,long,4408.5,4394.6,4408.5,4430.9,True,2026-01-05 09:14:00,4408.5,BE,0.0,-4.0,4
2026-01-05 10:05:00,2026-01-05 10:25:00,2026-01-05 10:30:00,MSS,short,4407.8,4414.4,4414.4,4397.1,False,,4414.4,SL,-6.6,-70.09,5
2026-01-05 11:05:00,2026-01-05 11:31:00,2026-01-05 11:57:00,EXTEND,long,4413.6,4407.4,4413.6,4423.5,True,2026-01-05 11:38:00,4413.6,BE,0.0,-4.0,26
2026-01-05 12:00:00,2026-01-05 12:23:00,2026-01-05 12:58:00,EXTEND,short,4414.5,4419.7,4414.5,4406.1,True,2026-01-05 12:53:00,4414.5,BE,0.0,-4.0,35
2026-01-05 13:25:00,2026-01-05 13:32:00,2026-01-05 13:33:00,BOS,long,4418.3,4416.0,4418.3,4422.0,True,2026-01-05 13:32:00,4418.3,BE,0.0,-4.0,1
2026-01-05 13:30:00,2026-01-05 13:35:00,2026-01-05 13:37:00,EXTEND,long,4418.9,4416.0,4418.9,4423.6,True,2026-01-05 13:36:00,4418.9,BE,0.0,-4.0,2
2026-01-05 13:45:00,2026-01-05 13:51:00,2026-01-05 13:57:00,EXTEND,short,4418.4,4423.6,4418.4,4410.1,True,2026-01-05 13:56:00,4418.4,BE,0.0,-4.0,6
2026-01-05 15:40:00,2026-01-05 15:47:00,2026-01-05 15:49:00,BOS,long,4430.7,4428.1,4430.7,4434.8,True,2026-01-05 15:48:00,4430.7,BE,0.0,-4.0,2
2026-01-05 16:50:00,2026-01-05 17:05:00,2026-01-05 17:07:00,EXTEND,long,4437.5,4433.5,4437.5,4444.1,True,2026-01-05 17:06:00,4437.5,BE,0.0,-4.0,2
2026-01-05 17:40:00,2026-01-05 18:02:00,2026-01-05 18:06:00,BOS,long,4444.6,4441.7,4441.7,4449.3,False,,4441.7,SL,-2.9,-33.03,4
2026-01-05 18:50:00,2026-01-05 19:01:00,2026-01-05 19:05:00,EXTEND,long,4445.5,4441.7,4441.7,4451.6,False,,4441.7,SL,-3.8,-41.82,4
2026-01-05 19:25:00,2026-01-05 19:49:00,2026-01-05 20:42:00,EXTEND,short,4436.5,4445.4,4436.5,4422.0,True,2026-01-05 19:51:00,4422.0,TP,14.5,140.61,53
2026-01-05 20:50:00,2026-01-05 21:02:00,2026-01-05 21:03:00,EXTEND,short,4426.5,4432.5,4426.5,4416.8,True,2026-01-05 21:03:00,4426.5,BE,0.0,-4.0,1
2026-01-05 21:25:00,2026-01-05 21:33:00,2026-01-05 21:40:00,EXTEND,short,4418.2,4424.8,4424.8,4407.6,False,,4424.8,SL,-6.6,-69.7,7
2026-01-06 00:50:00,2026-01-06 00:58:00,2026-01-06 01:00:00,EXTEND,long,4456.6,4450.9,4450.9,4465.9,False,,4450.9,SL,-5.7,-61.3,2
2026-01-06 01:05:00,2026-01-06 01:17:00,2026-01-06 01:23:00,EXTEND,short,4457.2,4465.9,4457.2,4443.2,True,2026-01-06 01:20:00,4457.2,BE,0.0,-4.0,6
2026-01-06 01:40:00,2026-01-06 01:48:00,2026-01-06 01:52:00,BOS,short,4455.0,4459.2,4455.0,4448.2,True,2026-01-06 01:50:00,4455.0,BE,0.0,-4.0,4
2026-01-06 02:10:00,2026-01-06 02:19:00,2026-01-06 02:20:00,MSS,long,4454.8,4452.3,4454.8,4458.8,True,2026-01-06 02:19:00,4454.8,BE,0.0,-4.0,1
2026-01-06 02:25:00,2026-01-06 02:39:00,2026-01-06 02:41:00,MSS,short,4456.0,4459.4,4456.0,4450.5,True,2026-01-06 02:40:00,4456.0,BE,0.0,-4.0,2
2026-01-06 03:00:00,2026-01-06 03:06:00,2026-01-06 03:06:00,EXTEND,long,4456.4,4453.7,4453.7,4460.7,False,,4453.7,SL,-2.7,-30.74,0
2026-01-06 03:10:00,2026-01-06 03:31:00,2026-01-06 04:03:00,EXTEND,short,4454.9,4460.7,4454.9,4445.6,True,2026-01-06 03:47:00,4454.9,BE,0.0,-4.0,32
2026-01-06 07:10:00,2026-01-06 07:15:00,2026-01-06 07:20:00,EXTEND,long,4462.0,4456.3,4462.0,4471.3,True,2026-01-06 07:18:00,4462.0,BE,0.0,-4.0,5
2026-01-06 08:40:00,2026-01-06 08:45:00,2026-01-06 08:56:00,EXTEND,short,4448.4,4453.0,4448.4,4440.9,True,2026-01-06 08:49:00,4448.4,BE,0.0,-4.0,11
2026-01-06 09:00:00,2026-01-06 09:05:00,2026-01-06 09:06:00,BOS,short,4444.7,4449.1,4444.7,4437.5,True,2026-01-06 09:06:00,4444.7,BE,0.0,-4.0,1
2026-01-06 09:15:00,2026-01-06 09:26:00,2026-01-06 09:30:00,EXTEND,long,4444.1,4437.5,4444.1,4454.8,True,2026-01-06 09:27:00,4444.1,BE,0.0,-4.0,4
2026-01-06 11:55:00,2026-01-06 12:00:00,2026-01-06 12:02:00,BOS,long,4476.5,4475.0,4476.5,4478.9,True,2026-01-06 12:01:00,4476.5,BE,0.0,-4.0,2
2026-01-06 12:10:00,2026-01-06 12:16:00,2026-01-06 12:18:00,EXTEND,long,4476.8,4475.0,4476.8,4479.7,True,2026-01-06 12:16:00,4476.8,BE,0.0,-4.0,2
2026-01-06 12:40:00,2026-01-06 12:48:00,2026-01-06 12:51:00,MSS,short,4474.9,4477.0,4477.0,4471.5,False,,4477.0,SL,-2.1,-25.01,3
2026-01-06 13:30:00,2026-01-06 13:37:00,2026-01-06 13:39:00,BOS,long,4480.9,4478.2,4478.2,4485.2,False,,4478.2,SL,-2.7,-30.74,2
2026-01-06 15:05:00,2026-01-06 15:21:00,2026-01-06 15:35:00,BOS,long,4474.8,4471.2,4474.8,4480.6,True,2026-01-06 15:31:00,4474.8,BE,0.0,-4.0,14
2026-01-06 15:55:00,2026-01-06 16:06:00,2026-01-06 16:08:00,EXTEND,short,4473.2,4477.1,4473.2,4466.8,True,2026-01-06 16:07:00,4473.2,BE,0.0,-4.0,2
2026-01-06 16:25:00,2026-01-06 16:41:00,2026-01-06 16:48:00,EXTEND,long,4476.4,4470.3,4476.4,4486.2,True,2026-01-06 16:47:00,4476.4,BE,0.0,-4.0,7
2026-01-06 18:35:00,2026-01-06 18:42:00,2026-01-06 19:00:00,MSS,long,4461.2,4458.3,4461.2,4466.0,True,2026-01-06 18:55:00,4461.2,BE,0.0,-4.0,18
2026-01-06 20:15:00,2026-01-06 20:21:00,2026-01-06 20:22:00,MSS,short,4473.9,4475.4,4475.4,4471.6,False,,4475.4,SL,-1.5,-18.52,1
2026-01-06 20:20:00,2026-01-06 20:31:00,2026-01-06 20:34:00,MSS,long,4473.4,4471.6,4471.6,4476.4,False,,4471.6,SL,-1.8,-22.34,3
2026-01-06 20:40:00,2026-01-06 20:56:00,2026-01-06 20:59:00,EXTEND,short,4474.1,4477.1,4474.1,4469.3,True,2026-01-06 20:59:00,4474.1,BE,0.0,-4.0,3
2026-01-06 20:55:00,2026-01-06 21:02:00,2026-01-06 21:04:00,MSS,long,4472.1,4470.0,4472.1,4475.4,True,2026-01-06 21:03:00,4475.4,TP,3.3,29.37,2
2026-01-06 21:00:00,2026-01-06 21:06:00,2026-01-06 21:08:00,EXTEND,long,4472.5,4470.0,4472.5,4476.5,True,2026-01-06 21:06:00,4472.5,BE,0.0,-4.0,2
2026-01-06 21:15:00,2026-01-06 21:20:00,2026-01-06 21:21:00,BOS,long,4474.4,4470.1,4474.4,4481.4,True,2026-01-06 21:21:00,4474.4,BE,0.0,-4.0,1
2026-01-06 23:00:00,2026-01-06 23:05:00,2026-01-06 23:11:00,EXTEND,long,4492.5,4486.7,4492.5,4501.8,True,2026-01-06 23:06:00,4492.5,BE,0.0,-4.0,6
2026-01-06 23:35:00,2026-01-06 23:42:00,2026-01-06 23:46:00,EXTEND,short,4485.2,4492.8,4485.2,4473.0,True,2026-01-06 23:45:00,4485.2,BE,0.0,-4.0,4
2026-01-07 01:40:00,2026-01-07 01:50:00,2026-01-07 01:54:00,MSS,short,4496.5,4499.7,4499.7,4491.4,False,,4499.7,SL,-3.2,-35.71,4
2026-01-07 02:15:00,2026-01-07 02:28:00,2026-01-07 02:31:00,EXTEND,long,4496.4,4491.4,4496.4,4504.5,True,2026-01-07 02:31:00,4496.4,BE,0.0,-4.0,3
2026-01-07 07:05:00,2026-01-07 07:11:00,2026-01-07 07:12:00,EXTEND,long,4507.0,4504.8,4507.0,4510.5,True,2026-01-07 07:12:00,4507.0,BE,0.0,-4.0,1
2026-01-07 07:25:00,2026-01-07 07:39:00,2026-01-07 07:49:00,EXTEND,long,4508.0,4505.4,4505.4,4512.2,False,,4505.4,SL,-2.6,-29.98,10
2026-01-07 08:35:00,2026-01-07 08:42:00,2026-01-07 08:47:00,BOS,short,4502.6,4505.1,4502.6,4498.5,True,2026-01-07 08:43:00,4502.6,BE,0.0,-4.0,5
2026-01-07 08:50:00,2026-01-07 08:59:00,2026-01-07 09:00:00,EXTEND,short,4500.6,4505.1,4505.1,4493.3,False,,4505.1,SL,-4.5,-49.08,1
2026-01-07 11:15:00,2026-01-07 11:52:00,2026-01-07 11:57:00,BOS,long,4486.0,4482.6,4486.0,4491.4,True,2026-01-07 11:53:00,4486.0,BE,0.0,-4.0,5
2026-01-07 12:35:00,2026-01-07 12:41:00,2026-01-07 13:05:00,BOS,short,4478.5,4481.7,4478.5,4473.2,True,2026-01-07 12:42:00,4473.2,TP,5.3,48.53,24
2026-01-07 13:25:00,2026-01-07 13:30:00,2026-01-07 13:31:00,EXTEND,long,4476.1,4473.4,4473.4,4480.5,False,,4473.4,SL,-2.7,-31.12,1
2026-01-07 16:05:00,2026-01-07 16:12:00,2026-01-07 16:14:00,BOS,long,4472.2,4470.2,4472.2,4475.4,True,2026-01-07 16:12:00,4475.4,TP,3.2,28.14,2
2026-01-07 16:20:00,2026-01-07 16:25:00,2026-01-07 16:35:00,EXTEND,long,4473.3,4470.2,4473.3,4478.4,True,2026-01-07 16:26:00,4478.4,TP,5.1,46.68,10
2026-01-07 16:35:00,2026-01-07 16:44:00,2026-01-07 16:57:00,BOS,long,4476.8,4473.3,4476.8,4482.4,True,2026-01-07 16:46:00,4476.8,BE,0.0,-4.0,13
2026-01-07 17:05:00,2026-01-07 17:11:00,2026-01-07 17:14:00,EXTEND,short,4476.2,4480.5,4476.2,4469.3,True,2026-01-07 17:13:00,4476.2,BE,0.0,-4.0,3
2026-01-07 17:55:00,2026-01-07 18:00:00,2026-01-07 18:02:00,EXTEND,long,4472.0,4469.7,4472.0,4475.6,True,2026-01-07 18:02:00,4472.0,BE,0.0,-4.0,2
2026-01-07 18:15:00,2026-01-07 18:25:00,2026-01-07 18:27:00,EXTEND,long,4472.3,4469.7,4469.7,4476.5,False,,4469.7,SL,-2.6,-29.98,2
2026-01-07 18:25:00,2026-01-07 18:34:00,2026-01-07 18:41:00,MSS,short,4473.3,4476.5,4476.5,4468.2,False,,4476.5,SL,-3.2,-35.71,7
2026-01-07 20:20:00,2026-01-07 20:28:00,2026-01-07 20:37:00,EXTEND,short,4458.3,4464.3,4464.3,4448.5,False,,4464.3,SL,-6.0,-64.36,9
2026-01-07 20:35:00,2026-01-07 20:59:00,2026-01-07 21:04:00,EXTEND,long,4454.6,4448.5,4454.6,4464.5,True,2026-01-07 21:00:00,4454.6,BE,0.0,-4.0,5
2026-01-07 21:10:00,2026-01-07 21:23:00,2026-01-07 21:38:00,EXTEND,short,4450.7,4459.4,4450.7,4436.6,True,2026-01-07 21:37:00,4450.7,BE,0.0,-4.0,15
2026-01-07 22:00:00,2026-01-07 22:21:00,2026-01-07 22:24:00,EXTEND,long,4453.8,4447.4,4453.8,4464.2,True,2026-01-07 22:23:00,4453.8,BE,0.0,-4.0,3
2026-01-07 22:20:00,2026-01-07 22:30:00,2026-01-07 22:33:00,MSS,short,4459.1,4463.3,4459.1,4452.2,True,2026-01-07 22:31:00,4459.1,BE,0.0,-4.0,3
2026-01-07 22:30:00,2026-01-07 22:36:00,2026-01-07 22:37:00,EXTEND,short,4458.3,4463.3,4458.3,4450.2,True,2026-01-07 22:36:00,4450.2,TP,8.1,76.96,1
2026-01-07 22:35:00,2026-01-07 22:45:00,2026-01-07 22:47:00,EXTEND,short,4456.5,4463.3,4456.5,4445.5,True,2026-01-07 22:45:00,4456.5,BE,0.0,-4.0,2
2026-01-07 23:15:00,2026-01-07 23:27:00,2026-01-07 23:31:00,EXTEND,short,4446.5,4454.8,4454.8,4433.0,False,,4454.8,SL,-8.3,-87.28,4
2026-01-08 00:45:00,2026-01-08 01:51:00,2026-01-08 02:49:00,EXTEND,long,4463.7,4454.7,4463.7,4478.3,True,2026-01-08 02:34:00,4463.7,BE,0.0,-4.0,58
2026-01-08 08:15:00,2026-01-08 08:20:00,2026-01-08 08:24:00,EXTEND,long,4471.0,4468.3,4468.3,4475.3,False,,4468.3,SL,-2.7,-30.74,4
2026-01-08 08:50:00,2026-01-08 09:02:00,2026-01-08 09:05:00,EXTEND,short,4463.0,4467.8,4463.0,4455.2,True,2026-01-08 09:03:00,4463.0,BE,0.0,-4.0,3
2026-01-08 10:35:00,2026-01-08 10:40:00,2026-01-08 10:46:00,EXTEND,short,4448.5,4452.5,4452.5,4441.9,False,,4452.5,SL,-4.0,-44.49,6
2026-01-08 13:15:00,2026-01-08 13:22:00,2026-01-08 13:30:00,EXTEND,short,4437.5,4441.7,4437.5,4430.6,True,2026-01-08 13:25:00,4430.6,TP,6.9,64.6,8
2026-01-08 13:40:00,2026-01-08 13:56:00,2026-01-08 14:00:00,BOS,short,4432.5,4438.0,4432.5,4423.7,True,2026-01-08 14:00:00,4432.5,BE,0.0,-4.0,4
2026-01-08 15:10:00,2026-01-08 15:15:00,2026-01-08 15:21:00,EXTEND,long,4443.0,4439.9,4443.0,4448.0,True,2026-01-08 15:21:00,4443.0,BE,0.0,-4.0,6
2026-01-08 16:00:00,2026-01-08 16:09:00,2026-01-08 16:16:00,BOS,short,4438.6,4442.0,4438.6,4433.2,True,2026-01-08 16:12:00,4438.6,BE,0.0,-4.0,7
2026-01-08 16:40:00,2026-01-08 16:53:00,2026-01-08 16:56:00,EXTEND,short,4436.1,4441.4,4436.1,4427.5,True,2026-01-08 16:55:00,4436.1,BE,0.0,-4.0,3
2026-01-08 17:15:00,2026-01-08 17:31:00,2026-01-08 17:51:00,EXTEND,short,4439.6,4443.3,4439.6,4433.6,True,2026-01-08 17:46:00,4439.6,BE,0.0,-4.0,20
2026-01-08 18:20:00,2026-01-08 18:32:00,2026-01-08 18:38:00,EXTEND,short,4437.2,4441.4,4441.4,4430.3,False,,4441.4,SL,-4.2,-46.4,6
2026-01-08 20:15:00,2026-01-08 20:26:00,2026-01-08 20:41:00,EXTEND,short,4428.5,4436.7,4436.7,4415.2,False,,4436.7,SL,-8.2,-86.13,15
2026-01-08 21:10:00,2026-01-08 21:18:00,2026-01-08 21:22:00,EXTEND,short,4433.7,4439.1,4439.1,4425.0,False,,4439.1,SL,-5.4,-57.86,4
2026-01-08 22:05:00,2026-01-08 22:24:00,2026-01-08 22:32:00,EXTEND,short,4437.8,4444.4,4437.8,4427.1,True,2026-01-08 22:28:00,4437.8,BE,0.0,-4.0,8
2026-01-08 22:35:00,2026-01-08 22:43:00,2026-01-08 22:47:00,EXTEND,long,4433.9,4427.6,4433.9,4444.1,True,2026-01-08 22:43:00,4444.1,TP,10.2,97.97,4
2026-01-08 22:50:00,2026-01-08 23:00:00,2026-01-08 23:05:00,EXTEND,long,4439.2,4433.7,4439.2,4448.2,True,2026-01-08 23:03:00,4448.2,TP,9.0,85.61,5
2026-01-08 23:50:00,2026-01-08 23:57:00,2026-01-08 23:58:00,MSS,short,4461.9,4464.9,4464.9,4457.1,False,,4464.9,SL,-3.0,-33.8,1
2026-01-08 23:55:00,2026-01-09 00:00:00,2026-01-09 00:01:00,EXTEND,short,4461.8,4464.9,4464.9,4456.7,False,,4464.9,SL,-3.1,-35.32,1
2026-01-09 00:15:00,2026-01-09 00:20:00,2026-01-09 00:26:00,EXTEND,short,4463.2,4467.5,4463.2,4456.2,True,2026-01-09 00:22:00,4463.2,BE,0.0,-4.0,6
2026-01-09 02:35:00,2026-01-09 02:46:00,2026-01-09 02:47:00,BOS,short,4462.3,4465.6,4462.3,4457.0,True,2026-01-09 02:46:00,4462.3,BE,0.0,-4.0,1
2026-01-09 07:00:00,2026-01-09 07:05:00,2026-01-09 07:11:00,EXTEND,long,4487.0,4482.9,4487.0,4493.7,True,2026-01-09 07:08:00,4487.0,BE,0.0,-4.0,6
2026-01-09 07:45:00,2026-01-09 07:51:00,2026-01-09 07:52:00,MSS,short,4485.0,4486.8,4485.0,4482.2,True,2026-01-09 07:52:00,4485.0,BE,0.0,-4.0,1
2026-01-09 08:50:00,2026-01-09 09:00:00,2026-01-09 09:01:00,BOS,short,4474.7,4478.1,4474.7,4469.3,True,2026-01-09 09:00:00,4474.7,BE,0.0,-4.0,1
2026-01-09 09:05:00,2026-01-09 09:15:00,2026-01-09 09:42:00,BOS,short,4470.2,4475.4,4470.2,4461.8,True,2026-01-09 09:16:00,4470.2,BE,0.0,-4.0,27
2026-01-09 10:50:00,2026-01-09 10:58:00,2026-01-09 11:05:00,MSS,short,4479.9,4483.3,4479.9,4474.3,True,2026-01-09 10:59:00,4474.3,TP,5.6,51.62,7
2026-01-09 12:15:00,2026-01-09 12:35:00,2026-01-09 12:42:00,EXTEND,short,4473.0,4475.2,4473.0,4469.5,True,2026-01-09 12:35:00,4473.0,BE,0.0,-4.0,7
2026-01-09 13:15:00,2026-01-09 13:20:00,2026-01-09 13:23:00,EXTEND,short,4472.6,4475.2,4472.6,4468.4,True,2026-01-09 13:21:00,4468.4,TP,4.2,38.02,3
2026-01-09 13:20:00,2026-01-09 13:27:00,2026-01-09 13:30:00,BOS,short,4472.4,4475.8,4475.8,4466.8,False,,4475.8,SL,-3.4,-38.38,3
2026-01-09 14:45:00,2026-01-09 15:24:00,2026-01-09 15:33:00,EXTEND,long,4478.9,4474.4,4478.9,4486.3,True,2026-01-09 15:30:00,4478.9,BE,0.0,-4.0,9
2026-01-09 15:45:00,2026-01-09 15:51:00,2026-01-09 15:52:00,EXTEND,long,4479.3,4477.6,4479.3,4482.0,True,2026-01-09 15:51:00,4482.0,TP,2.7,23.19,1
2026-01-09 15:50:00,2026-01-09 15:57:00,2026-01-09 16:01:00,EXTEND,long,4479.4,4477.6,4479.4,4482.4,True,2026-01-09 16:01:00,4479.4,BE,0.0,-4.0,4
2026-01-09 16:10:00,2026-01-09 16:34:00,2026-01-09 16:40:00,EXTEND,long,4479.2,4475.1,4475.1,4485.9,False,,4475.1,SL,-4.1,-45.26,6
2026-01-09 16:50:00,2026-01-09 17:05:00,2026-01-09 17:18:00,EXTEND,short,4479.8,4484.3,4484.3,4472.6,False,,4484.3,SL,-4.5,-48.69,13
2026-01-09 18:00:00,2026-01-09 18:06:00,2026-01-09 18:09:00,EXTEND,short,4481.5,4483.1,4481.5,4478.8,True,2026-01-09 18:07:00,4481.5,BE,0.0,-4.0,3
2026-01-09 18:05:00,2026-01-09 18:12:00,2026-01-09 18:16:00,EXTEND,short,4481.2,4483.1,4481.2,4478.2,True,2026-01-09 18:14:00,4481.2,BE,0.0,-4.0,4
2026-01-09 18:25:00,2026-01-09 18:33:00,2026-01-09 18:45:00,BOS,short,4480.7,4482.8,4480.7,4477.3,True,2026-01-09 18:34:00,4477.3,TP,3.4,29.99,12
2026-01-09 18:45:00,2026-01-09 18:54:00,2026-01-09 18:57:00,EXTEND,short,4480.1,4482.8,4480.1,4475.8,True,2026-01-09 18:56:00,4480.1,BE,0.0,-4.0,3
2026-01-09 19:00:00,2026-01-09 19:09:00,2026-01-09 19:31:00,EXTEND,long,4478.8,4475.8,4478.8,4483.6,True,2026-01-09 19:10:00,4478.8,BE,0.0,-4.0,22
2026-01-09 20:05:00,2026-01-09 20:12:00,2026-01-09 20:16:00,EXTEND,long,4482.4,4477.9,4482.4,4489.6,True,2026-01-09 20:15:00,4482.4,BE,0.0,-4.0,4
2026-01-09 21:05:00,2026-01-09 21:13:00,2026-01-09 21:14:00,EXTEND,long,4476.1,4472.1,4476.1,4482.5,True,2026-01-09 21:14:00,4476.1,BE,0.0,-4.0,1
2026-01-09 21:25:00,2026-01-09 21:30:00,2026-01-09 21:30:00,EXTEND,long,4476.3,4472.1,4472.1,4483.2,False,,4472.1,SL,-4.2,-46.4,0
2026-01-09 22:10:00,2026-01-09 22:17:00,2026-01-09 22:31:00,BOS,long,4496.0,4489.7,4496.0,4506.1,True,2026-01-09 22:20:00,4496.0,BE,0.0,-4.0,14
2026-01-09 22:35:00,2026-01-09 22:44:00,2026-01-09 22:50:00,EXTEND,long,4496.7,4489.7,4489.7,4507.9,False,,4489.7,SL,-7.0,-73.52,6
2026-01-10 01:55:00,2026-01-10 02:33:00,2026-01-10 03:17:00,EXTEND,short,4509.0,4520.0,4509.0,4491.3,True,2026-01-10 02:50:00,4509.0,BE,0.0,-4.0,44
2026-01-12 07:40:00,2026-01-12 08:00:00,2026-01-12 08:04:00,BOS,long,4547.6,4543.2,4547.6,4554.8,True,2026-01-12 08:01:00,4554.8,TP,7.2,67.69,4
2026-01-12 09:40:00,2026-01-12 09:54:00,2026-01-12 09:59:00,MSS,short,4591.1,4596.1,4591.1,4583.0,True,2026-01-12 09:54:00,4583.0,TP,8.1,76.96,5
2026-01-12 11:25:00,2026-01-12 11:31:00,2026-01-12 11:32:00,BOS,long,4590.3,4588.4,4588.4,4593.3,False,,4588.4,SL,-1.9,-22.72,1
2026-01-12 12:35:00,2026-01-12 12:45:00,2026-01-12 13:04:00,EXTEND,short,4580.5,4584.1,4580.5,4574.6,True,2026-01-12 12:52:00,4580.5,BE,0.0,-4.0,19
2026-01-12 13:45:00,2026-01-12 14:11:00,2026-01-12 14:39:00,EXTEND,long,4584.1,4577.0,4584.1,4595.6,True,2026-01-12 14:22:00,4584.1,BE,0.0,-4.0,28
2026-01-12 14:50:00,2026-01-12 15:01:00,2026-01-12 15:08:00,BOS,long,4586.1,4583.1,4586.1,4591.0,True,2026-01-12 15:02:00,4591.0,TP,4.9,44.82,7
2026-01-12 15:20:00,2026-01-12 15:28:00,2026-01-12 15:33:00,EXTEND,long,4590.3,4585.2,4590.3,4598.6,True,2026-01-12 15:29:00,4590.3,BE,0.0,-4.0,5
2026-01-12 15:55:00,2026-01-12 16:16:00,2026-01-12 16:21:00,EXTEND,long,4590.8,4585.2,4590.8,4599.9,True,2026-01-12 16:18:00,4590.8,BE,0.0,-4.0,5
2026-01-12 17:55:00,2026-01-12 18:01:00,2026-01-12 18:08:00,EXTEND,short,4603.7,4607.3,4603.7,4597.8,True,2026-01-12 18:02:00,4597.8,TP,5.9,54.71,7
2026-01-12 18:05:00,2026-01-12 18:14:00,2026-01-12 18:18:00,BOS,short,4601.1,4603.7,4601.1,4596.9,True,2026-01-12 18:17:00,4601.1,BE,0.0,-4.0,4
2026-01-12 18:30:00,2026-01-12 18:39:00,2026-01-12 18:41:00,BOS,short,4601.6,4604.3,4604.3,4597.2,False,,4604.3,SL,-2.7,-31.12,2
2026-01-12 19:25:00,2026-01-12 19:42:00,2026-01-12 19:56:00,EXTEND,short,4601.2,4605.8,4601.2,4593.7,True,2026-01-12 19:46:00,4593.7,TP,7.5,70.78,14
2026-01-12 20:05:00,2026-01-12 20:10:00,2026-01-12 20:14:00,BOS,short,4593.5,4596.9,4593.5,4588.1,True,2026-01-12 20:12:00,4593.5,BE,0.0,-4.0,4
2026-01-12 21:25:00,2026-01-12 21:33:00,2026-01-12 21:34:00,MSS,short,4619.0,4621.9,4619.0,4614.4,True,2026-01-12 21:33:00,4619.0,BE,0.0,-4.0,1
2026-01-12 21:55:00,2026-01-12 22:02:00,2026-01-12 22:03:00,EXTEND,long,4622.0,4616.6,4616.6,4630.8,False,,4616.6,SL,-5.4,-58.24,1
2026-01-12 22:25:00,2026-01-12 22:31:00,2026-01-12 22:32:00,BOS,short,4604.4,4610.1,4610.1,4595.1,False,,4610.1,SL,-5.7,-61.3,1
2026-01-13 00:15:00,2026-01-13 00:24:00,2026-01-13 00:26:00,EXTEND,long,4632.3,4627.2,4632.3,4640.5,True,2026-01-13 00:24:00,4632.3,BE,0.0,-4.0,2
2026-01-13 01:05:00,2026-01-13 01:10:00,2026-01-13 01:17:00,BOS,short,4626.3,4628.3,4626.3,4623.1,True,2026-01-13 01:10:00,4626.3,BE,0.0,-4.0,7
2026-01-13 01:20:00,2026-01-13 01:26:00,2026-01-13 01:27:00,EXTEND,short,4625.6,4628.3,4625.6,4621.3,True,2026-01-13 01:26:00,4625.6,BE,0.0,-4.0,1
2026-01-13 01:35:00,2026-01-13 01:46:00,2026-01-13 01:48:00,EXTEND,short,4625.1,4628.3,4628.3,4620.0,False,,4628.3,SL,-3.2,-35.71,2
2026-01-13 03:30:00,2026-01-13 03:42:00,2026-01-13 03:45:00,EXTEND,long,4624.9,4622.4,4624.9,4628.9,True,2026-01-13 03:43:00,4624.9,BE,0.0,-4.0,3
2026-01-13 07:00:00,2026-01-13 07:05:00,2026-01-13 07:11:00,EXTEND,long,4605.7,4598.8,4598.8,4616.8,False,,4598.8,SL,-6.9,-72.76,6
2026-01-13 07:30:00,2026-01-13 07:35:00,2026-01-13 07:35:00,MSS,long,4598.9,4598.8,4598.9,4599.1,True,2026-01-13 07:35:00,4599.1,TP,0.2,-2.15,0
2026-01-13 07:35:00,2026-01-13 07:51:00,2026-01-13 07:51:00,EXTEND,long,4599.0,4598.8,4599.0,4599.2,True,2026-01-13 07:51:00,4599.2,TP,0.2,-1.53,0
2026-01-13 07:50:00,2026-01-13 07:55:00,2026-01-13 07:56:00,EXTEND,long,4600.7,4598.8,4600.7,4603.7,True,2026-01-13 07:55:00,4603.7,TP,3.0,26.28,1
2026-01-13 07:55:00,2026-01-13 08:04:00,2026-01-13 08:06:00,EXTEND,long,4602.2,4598.8,4602.2,4607.7,True,2026-01-13 08:05:00,4602.2,BE,0.0,-4.0,2
2026-01-13 08:35:00,2026-01-13 08:57:00,2026-01-13 09:00:00,EXTEND,short,4600.2,4604.5,4600.2,4593.3,True,2026-01-13 08:59:00,4593.3,TP,6.9,65.22,3
2026-01-13 09:00:00,2026-01-13 09:06:00,2026-01-13 09:08:00,BOS,short,4596.8,4601.0,4596.8,4590.0,True,2026-01-13 09:07:00,4596.8,BE,0.0,-4.0,2
2026-01-13 09:30:00,2026-01-13 10:06:00,2026-01-13 10:32:00,BOS,short,4596.7,4604.6,4596.7,4584.0,True,2026-01-13 10:12:00,4596.7,BE,0.0,-4.0,26
2026-01-13 10:30:00,2026-01-13 10:36:00,2026-01-13 10:37:00,EXTEND,short,4595.9,4599.4,4595.9,4590.2,True,2026-01-13 10:36:00,4595.9,BE,0.0,-4.0,1
2026-01-13 11:50:00,2026-01-13 12:01:00,2026-01-13 12:05:00,EXTEND,short,4605.1,4607.4,4605.1,4601.4,True,2026-01-13 12:02:00,4605.1,BE,0.0,-4.0,4
2026-01-13 12:20:00,2026-01-13 12:35:00,2026-01-13 12:39:00,EXTEND,long,4604.2,4601.4,4604.2,4608.8,True,2026-01-13 12:37:00,4604.2,BE,0.0,-4.0,4
2026-01-13 13:05:00,2026-01-13 13:15:00,2026-01-13 13:21:00,MSS,short,4604.9,4607.7,4604.9,4600.4,True,2026-01-13 13:17:00,4604.9,BE,0.0,-4.0,6
2026-01-13 13:25:00,2026-01-13 13:31:00,2026-01-13 13:31:00,MSS,long,4604.3,4600.4,4600.4,4610.5,False,,4600.4,SL,-3.9,-42.58,0
2026-01-13 13:30:00,2026-01-13 13:45:00,2026-01-13 14:23:00,MSS,short,4604.2,4610.5,4604.2,4593.9,True,2026-01-13 13:46:00,4593.9,TP,10.3,98.59,38
2026-01-13 14:40:00,2026-01-13 15:08:00,2026-01-13 15:30:00,EXTEND,short,4593.8,4601.0,4593.8,4582.1,True,2026-01-13 15:16:00,4593.8,BE,0.0,-4.0,22
2026-01-13 15:30:00,2026-01-13 15:40:00,2026-01-13 15:46:00,EXTEND,long,4590.6,4587.8,4587.8,4595.2,False,,4587.8,SL,-2.8,-32.27,6
2026-01-13 15:55:00,2026-01-13 16:03:00,2026-01-13 16:05:00,EXTEND,short,4591.5,4595.2,4595.2,4585.6,False,,4595.2,SL,-3.7,-40.67,2
2026-01-13 17:00:00,2026-01-13 17:08:00,2026-01-13 17:25:00,MSS,short,4602.6,4605.4,4602.6,4598.2,True,2026-01-13 17:18:00,4598.2,TP,4.4,40.5,17
2026-01-13 17:40:00,2026-01-13 17:45:00,2026-01-13 17:47:00,MSS,long,4598.3,4596.7,4598.3,4601.0,True,2026-01-13 17:45:00,4598.3,BE,0.0,-4.0,2
2026-01-13 18:10:00,2026-01-13 18:42:00,2026-01-13 19:00:00,EXTEND,short,4596.5,4601.0,4596.5,4589.3,True,2026-01-13 18:45:00,4596.5,BE,0.0,-4.0,18
2026-01-13 19:00:00,2026-01-13 19:15:00,2026-01-13 19:17:00,EXTEND,long,4593.2,4590.4,4593.2,4597.8,True,2026-01-13 19:16:00,4593.2,BE,0.0,-4.0,2
2026-01-13 19:15:00,2026-01-13 19:20:00,2026-01-13 19:25:00,MSS,short,4595.1,4597.8,4595.1,4590.8,True,2026-01-13 19:20:00,4595.1,BE,0.0,-4.0,5
2026-01-13 19:45:00,2026-01-13 19:54:00,2026-01-13 19:55:00,EXTEND,long,4596.3,4593.9,4596.3,4600.3,True,2026-01-13 19:55:00,4596.3,BE,0.0,-4.0,1
2026-01-13 20:25:00,2026-01-13 20:41:00,2026-01-13 20:48:00,EXTEND,short,4593.3,4597.8,4597.8,4586.1,False,,4597.8,SL,-4.5,-48.69,7
2026-01-13 22:20:00,2026-01-13 22:32:00,2026-01-13 22:38:00,BOS,long,4621.8,4615.4,4621.8,4632.1,True,2026-01-13 22:33:00,4621.8,BE,0.0,-4.0,6
2026-01-13 22:50:00,2026-01-13 23:02:00,2026-01-13 23:06:00,EXTEND,long,4628.8,4619.4,4628.8,4644.0,True,2026-01-13 23:06:00,4628.8,BE,0.0,-4.0,4
2026-01-13 23:20:00,2026-01-13 23:44:00,2026-01-14 00:27:00,EXTEND,short,4624.3,4634.0,4624.3,4608.7,True,2026-01-14 00:04:00,4608.7,TP,15.6,152.35,43
2026-01-14 00:25:00,2026-01-14 00:46:00,2026-01-14 01:18:00,EXTEND,short,4618.8,4629.4,4618.8,4601.6,True,2026-01-14 01:14:00,4618.8,BE,0.0,-4.0,32
2026-01-14 02:45:00,2026-01-14 03:02:00,2026-01-14 03:16:00,EXTEND,long,4597.4,4589.3,4597.4,4610.4,True,2026-01-14 03:07:00,4597.4,BE,0.0,-4.0,14
2026-01-14 03:40:00,2026-01-14 07:00:00,2026-01-14 08:01:00,EXTEND,long,4597.9,4592.4,4597.9,4606.9,True,2026-01-14 07:02:00,4606.9,TP,9.0,85.61,61
2026-01-14 08:40:00,2026-01-14 08:45:00,2026-01-14 08:48:00,EXTEND,long,4613.3,4610.2,4613.3,4618.3,True,2026-01-14 08:46:00,4613.3,BE,0.0,-4.0,3
2026-01-14 08:45:00,2026-01-14 08:59:00,2026-01-14 08:59:00,MSS,short,4616.0,4618.3,4618.3,4612.3,False,,4618.3,SL,-2.3,-26.92,0
2026-01-14 10:00:00,2026-01-14 10:08:00,2026-01-14 10:09:00,EXTEND,long,4624.1,4621.2,4624.1,4628.7,True,2026-01-14 10:09:00,4624.1,BE,0.0,-4.0,1
2026-01-14 10:45:00,2026-01-14 11:28:00,2026-01-14 11:39:00,EXTEND,long,4625.3,4621.2,4625.3,4632.0,True,2026-01-14 11:31:00,4632.0,TP,6.7,62.74,11
2026-01-14 13:00:00,2026-01-14 13:19:00,2026-01-14 13:21:00,BOS,long,4639.7,4635.3,4639.7,4646.8,True,2026-01-14 13:20:00,4639.7,BE,0.0,-4.0,2
2026-01-14 13:30:00,2026-01-14 13:51:00,2026-01-14 13:54:00,BOS,long,4641.8,4638.3,4641.8,4647.5,True,2026-01-14 13:51:00,4641.8,BE,0.0,-4.0,3
2026-01-14 13:55:00,2026-01-14 14:12:00,2026-01-14 14:41:00,EXTEND,short,4638.3,4646.9,4638.3,4624.5,True,2026-01-14 14:33:00,4638.3,BE,0.0,-4.0,29
2026-01-14 14:55:00,2026-01-14 15:00:00,2026-01-14 15:06:00,MSS,long,4640.4,4637.7,4640.4,4644.8,True,2026-01-14 15:01:00,4640.4,BE,0.0,-4.0,6
2026-01-14 15:25:00,2026-01-14 15:32:00,2026-01-14 15:52:00,EXTEND,long,4641.3,4637.7,4641.3,4647.2,True,2026-01-14 15:33:00,4641.3,BE,0.0,-4.0,20
2026-01-14 17:45:00,2026-01-14 18:17:00,2026-01-14 18:25:00,EXTEND,short,4642.1,4646.8,4642.1,4634.6,True,2026-01-14 18:24:00,4642.1,BE,0.0,-4.0,8
2026-01-14 18:40:00,2026-01-14 18:58:00,2026-01-14 19:00:00,EXTEND,long,4639.7,4635.7,4639.7,4646.3,True,2026-01-14 18:59:00,4639.7,BE,0.0,-4.0,2
2026-01-14 19:50:00,2026-01-14 20:00:00,2026-01-14 20:02:00,EXTEND,short,4641.0,4645.3,4645.3,4634.0,False,,4645.3,SL,-4.3,-47.17,2
2026-01-14 20:55:00,2026-01-14 21:00:00,2026-01-14 21:02:00,BOS,long,4644.7,4641.5,4644.7,4650.0,True,2026-01-14 21:01:00,4644.7,BE,0.0,-4.0,2
2026-01-14 21:30:00,2026-01-14 21:42:00,2026-01-14 21:54:00,EXTEND,short,4643.0,4650.0,4643.0,4631.6,True,2026-01-14 21:50:00,4643.0,BE,0.0,-4.0,12
2026-01-14 22:00:00,2026-01-14 22:08:00,2026-01-14 22:31:00,EXTEND,long,4637.4,4631.6,4637.4,4646.7,True,2026-01-14 22:09:00,4637.4,BE,0.0,-4.0,23
2026-01-14 23:05:00,2026-01-14 23:11:00,2026-01-14 23:16:00,EXTEND,short,4618.5,4626.3,4626.3,4605.8,False,,4626.3,SL,-7.8,-82.31,5
2026-01-15 00:25:00,2026-01-15 00:33:00,2026-01-15 00:35:00,EXTEND,long,4625.4,4621.5,4625.4,4631.7,True,2026-01-15 00:34:00,4625.4,BE,0.0,-4.0,2
2026-01-15 00:55:00,2026-01-15 01:01:00,2026-01-15 01:23:00,EXTEND,short,4625.4,4631.7,4625.4,4615.3,True,2026-01-15 01:03:00,4615.3,TP,10.1,97.35,22
2026-01-15 01:40:00,2026-01-15 01:46:00,2026-01-15 01:50:00,BOS,short,4614.7,4619.1,4619.1,4607.7,False,,4619.1,SL,-4.4,-47.55,4
2026-01-15 03:00:00,2026-01-15 07:03:00,2026-01-15 07:06:00,EXTEND,long,4624.5,4607.7,4624.5,4651.6,True,2026-01-15 07:04:00,4624.5,BE,0.0,-4.0,3
2026-01-15 07:40:00,2026-01-15 07:45:00,2026-01-15 07:55:00,EXTEND,short,4616.9,4623.0,4616.9,4607.0,True,2026-01-15 07:52:00,4616.9,BE,0.0,-4.0,10
2026-01-15 08:50:00,2026-01-15 08:55:00,2026-01-15 09:00:00,EXTEND,short,4619.6,4622.8,4619.6,4614.5,True,2026-01-15 08:59:00,4619.6,BE,0.0,-4.0,5
2026-01-15 09:00:00,2026-01-15 09:07:00,2026-01-15 09:08:00,BOS,short,4618.0,4622.2,4618.0,4611.2,True,2026-01-15 09:08:00,4618.0,BE,0.0,-4.0,1
2026-01-15 09:05:00,2026-01-15 09:10:00,2026-01-15 09:18:00,EXTEND,short,4618.0,4622.2,4618.0,4611.1,True,2026-01-15 09:14:00,4611.1,TP,6.9,64.6,8
2026-01-15 09:30:00,2026-01-15 09:51:00,2026-01-15 10:05:00,EXTEND,short,4608.9,4622.2,4608.9,4587.4,True,2026-01-15 09:59:00,4608.9,BE,0.0,-4.0,14
2026-01-15 11:30:00,2026-01-15 11:38:00,2026-01-15 12:24:00,EXTEND,short,4599.5,4609.0,4599.5,4584.2,True,2026-01-15 11:46:00,4599.5,BE,0.0,-4.0,46
2026-01-15 12:25:00,2026-01-15 12:43:00,2026-01-15 13:00:00,EXTEND,long,4594.7,4590.6,4594.7,4601.3,True,2026-01-15 12:46:00,4594.7,BE,0.0,-4.0,17
2026-01-15 13:15:00,2026-01-15 13:28:00,2026-01-15 13:45:00,EXTEND,short,4593.6,4599.1,4593.6,4584.8,True,2026-01-15 13:33:00,4593.6,BE,0.0,-4.0,17
2026-01-15 15:15:00,2026-01-15 15:20:00,2026-01-15 15:35:00,BOS,long,4613.2,4610.2,4613.2,4618.0,True,2026-01-15 15:21:00,4613.2,BE,0.0,-4.0,15
2026-01-15 16:00:00,2026-01-15 16:20:00,2026-01-15 16:43:00,EXTEND,short,4610.7,4615.9,4610.7,4602.2,True,2026-01-15 16:21:00,4610.7,BE,0.0,-4.0,23
2026-01-15 18:20:00,2026-01-15 18:26:00,2026-01-15 18:30:00,BOS,long,4615.9,4613.4,4615.9,4620.0,True,2026-01-15 18:28:00,4615.9,BE,0.0,-4.0,4
2026-01-15 19:45:00,2026-01-15 19:52:00,2026-01-15 20:00:00,MSS,short,4624.3,4627.2,4624.3,4619.5,True,2026-01-15 19:52:00,4624.3,BE,0.0,-4.0,8
2026-01-15 20:15:00,2026-01-15 20:25:00,2026-01-15 20:42:00,EXTEND,short,4622.3,4624.9,4622.3,4618.0,True,2026-01-15 20:27:00,4622.3,BE,0.0,-4.0,17
2026-01-15 20:55:00,2026-01-15 21:03:00,2026-01-15 21:04:00,EXTEND,short,4620.0,4622.8,4620.0,4615.6,True,2026-01-15 21:03:00,4615.6,TP,4.4,40.5,1
2026-01-15 23:00:00,2026-01-15 23:06:00,2026-01-15 23:15:00,EXTEND,long,4609.7,4603.8,4609.7,4619.2,True,2026-01-15 23:07:00,4619.2,TP,9.5,91.17,9
2026-01-15 23:40:00,2026-01-15 23:47:00,2026-01-15 23:54:00,MSS,short,4619.1,4622.3,4619.1,4613.8,True,2026-01-15 23:52:00,4619.1,BE,0.0,-4.0,7
2026-01-16 00:15:00,2026-01-16 00:25:00,2026-01-16 00:27:00,EXTEND,long,4619.5,4613.0,4619.5,4630.0,True,2026-01-16 00:27:00,4619.5,BE,0.0,-4.0,2
2026-01-16 02:20:00,2026-01-16 02:30:00,2026-01-16 02:30:00,EXTEND,long,4621.4,4618.5,4618.5,4626.2,False,,4618.5,SL,-2.9,-33.41,0
2026-01-16 02:30:00,2026-01-16 02:36:00,2026-01-16 02:39:00,MSS,short,4623.0,4626.2,4623.0,4617.8,True,2026-01-16 02:38:00,4623.0,BE,0.0,-4.0,3
2026-01-16 03:35:00,2026-01-16 07:00:00,2026-01-16 07:01:00,BOS,short,4623.1,4625.4,4623.1,4619.4,True,2026-01-16 07:01:00,4623.1,BE,0.0,-4.0,1
2026-01-16 07:05:00,2026-01-16 07:14:00,2026-01-16 07:15:00,EXTEND,long,4620.6,4617.7,4617.7,4625.3,False,,4617.7,SL,-2.9,-33.03,1
2026-01-16 08:05:00,2026-01-16 08:17:00,2026-01-16 08:22:00,BOS,short,4612.1,4615.0,4615.0,4607.4,False,,4615.0,SL,-2.9,-33.03,5
2026-01-16 09:25:00,2026-01-16 09:34:00,2026-01-16 09:38:00,BOS,long,4606.4,4603.4,4606.4,4611.2,True,2026-01-16 09:35:00,4611.2,TP,4.8,44.2,4
2026-01-16 09:40:00,2026-01-16 09:46:00,2026-01-16 09:48:00,EXTEND,long,4606.9,4603.4,4606.9,4612.5,True,2026-01-16 09:47:00,4606.9,BE,0.0,-4.0,2
2026-01-16 10:10:00,2026-01-16 10:16:00,2026-01-16 10:20:00,MSS,short,4605.1,4607.7,4605.1,4600.8,True,2026-01-16 10:18:00,4605.1,BE,0.0,-4.0,4
2026-01-16 10:35:00,2026-01-16 11:08:00,2026-01-16 11:16:00,EXTEND,short,4602.6,4607.6,4602.6,4594.5,True,2026-01-16 11:13:00,4602.6,BE,0.0,-4.0,8
2026-01-16 12:20:00,2026-01-16 12:31:00,2026-01-16 12:57:00,EXTEND,long,4600.8,4598.3,4600.8,4604.8,True,2026-01-16 12:32:00,4604.8,TP,4.0,36.17,26
2026-01-16 12:55:00,2026-01-16 13:02:00,2026-01-16 13:03:00,BOS,long,4603.5,4602.2,4603.5,4605.7,True,2026-01-16 13:02:00,4603.5,BE,0.0,-4.0,1
2026-01-16 13:10:00,2026-01-16 13:23:00,2026-01-16 13:30:00,MSS,short,4603.0,4605.7,4605.7,4598.6,False,,4605.7,SL,-2.7,-31.12,7
2026-01-16 13:55:00,2026-01-16 14:18:00,2026-01-16 14:31:00,EXTEND,long,4607.5,4599.7,4607.5,4620.2,True,2026-01-16 14:19:00,4607.5,BE,0.0,-4.0,13
2026-01-16 14:45:00,2026-01-16 15:06:00,2026-01-16 15:10:00,EXTEND,short,4606.4,4612.2,4612.2,4597.1,False,,4612.2,SL,-5.8,-61.68,4
2026-01-16 15:40:00,2026-01-16 15:48:00,2026-01-16 15:53:00,MSS,short,4612.0,4616.0,4612.0,4605.5,True,2026-01-16 15:52:00,4612.0,BE,0.0,-4.0,5
2026-01-16 16:45:00,2026-01-16 16:55:00,2026-01-16 17:05:00,EXTEND,short,4611.1,4614.7,4611.1,4605.3,True,2026-01-16 16:55:00,4611.1,BE,0.0,-4.0,10
2026-01-16 17:30:00,2026-01-16 18:04:00,2026-01-16 18:06:00,EXTEND,short,4608.7,4612.4,4608.7,4602.7,True,2026-01-16 18:06:00,4608.7,BE,0.0,-4.0,2
2026-01-16 18:25:00,2026-01-16 18:53:00,2026-01-16 18:54:00,EXTEND,long,4608.1,4603.7,4608.1,4615.1,True,2026-01-16 18:53:00,4608.1,BE,0.0,-4.0,1
2026-01-16 19:00:00,2026-01-16 19:13:00,2026-01-16 19:19:00,EXTEND,short,4608.6,4612.6,4612.6,4602.2,False,,4612.6,SL,-4.0,-43.73,6
2026-01-16 19:45:00,2026-01-16 20:24:00,2026-01-16 20:30:00,EXTEND,long,4609.2,4602.2,4609.2,4620.5,True,2026-01-16 20:26:00,4609.2,BE,0.0,-4.0,6
2026-01-16 20:50:00,2026-01-16 20:56:00,2026-01-16 21:00:00,BOS,short,4606.5,4609.7,4606.5,4601.4,True,2026-01-16 20:59:00,4606.5,BE,0.0,-4.0,4
2026-01-16 21:25:00,2026-01-16 21:35:00,2026-01-16 21:41:00,EXTEND,short,4600.8,4610.0,4600.8,4586.0,True,2026-01-16 21:38:00,4600.8,BE,0.0,-4.0,6
2026-01-16 22:15:00,2026-01-16 22:24:00,2026-01-16 22:28:00,EXTEND,long,4606.3,4602.0,4606.3,4613.2,True,2026-01-16 22:26:00,4606.3,BE,0.0,-4.0,4
2026-01-16 22:25:00,2026-01-16 22:34:00,2026-01-16 22:36:00,MSS,short,4609.0,4613.2,4613.2,4602.1,False,,4613.2,SL,-4.2,-46.4,2
2026-01-16 23:05:00,2026-01-16 23:18:00,2026-01-16 23:19:00,EXTEND,long,4616.1,4610.8,4616.1,4624.7,True,2026-01-16 23:18:00,4616.1,BE,0.0,-4.0,1
2026-01-16 23:30:00,2026-01-17 00:07:00,2026-01-17 02:03:00,EXTEND,short,4592.1,4624.7,4592.1,4539.3,True,2026-01-17 01:29:00,4592.1,BE,0.0,-4.0,116
2026-01-17 02:00:00,2026-01-17 02:06:00,2026-01-17 02:09:00,MSS,long,4588.4,4585.0,4588.4,4593.8,True,2026-01-17 02:07:00,4588.4,BE,0.0,-4.0,3
2026-01-17 02:30:00,2026-01-17 02:56:00,2026-01-17 03:08:00,EXTEND,long,4591.2,4585.0,4591.2,4601.2,True,2026-01-17 03:05:00,4591.2,BE,0.0,-4.0,12
2026-01-19 08:15:00,2026-01-19 08:22:00,2026-01-19 08:38:00,MSS,short,4678.8,4685.7,4685.7,4667.6,False,,4685.7,SL,-6.9,-73.14,16
2026-01-19 09:00:00,2026-01-19 09:07:00,2026-01-19 09:08:00,BOS,short,4681.7,4685.7,4681.7,4675.3,True,2026-01-19 09:07:00,4681.7,BE,0.0,-4.0,1
2026-01-19 10:00:00,2026-01-19 10:06:00,2026-01-19 10:16:00,BOS,short,4669.1,4674.8,4669.1,4659.9,True,2026-01-19 10:12:00,4669.1,BE,0.0,-4.0,10
2026-01-19 11:15:00,2026-01-19 11:47:00,2026-01-19 12:35:00,EXTEND,long,4667.2,4661.5,4667.2,4676.3,True,2026-01-19 12:14:00,4667.2,BE,0.0,-4.0,48
2026-01-19 13:30:00,2026-01-19 13:39:00,2026-01-19 13:48:00,EXTEND,long,4673.5,4669.3,4673.5,4680.3,True,2026-01-19 13:47:00,4673.5,BE,0.0,-4.0,9
2026-01-19 14:20:00,2026-01-19 14:29:00,2026-01-19 14:32:00,MSS,long,4675.8,4674.1,4675.8,4678.6,True,2026-01-19 14:30:00,4678.6,TP,2.8,23.81,3
2026-01-19 14:35:00,2026-01-19 14:41:00,2026-01-19 14:43:00,EXTEND,long,4677.9,4675.3,4677.9,4682.2,True,2026-01-19 14:42:00,4677.9,BE,0.0,-4.0,2
2026-01-19 14:55:00,2026-01-19 15:00:00,2026-01-19 15:03:00,BOS,long,4679.9,4677.1,4679.9,4684.5,True,2026-01-19 15:01:00,4679.9,BE,0.0,-4.0,3
2026-01-19 15:55:00,2026-01-19 16:07:00,2026-01-19 16:10:00,EXTEND,short,4677.3,4683.8,4677.3,4666.7,True,2026-01-19 16:10:00,4677.3,BE,0.0,-4.0,3
2026-01-19 16:10:00,2026-01-19 16:49:00,2026-01-19 16:57:00,EXTEND,long,4671.4,4666.7,4666.7,4678.9,False,,4666.7,SL,-4.7,-50.6,8
2026-01-19 16:55:00,2026-01-19 17:05:00,2026-01-19 17:10:00,EXTEND,short,4671.4,4674.5,4674.5,4666.4,False,,4674.5,SL,-3.1,-34.94,5
2026-01-19 17:15:00,2026-01-19 17:31:00,2026-01-19 18:29:00,EXTEND,long,4670.6,4666.4,4670.6,4677.5,True,2026-01-19 17:32:00,4670.6,BE,0.0,-4.0,58
2026-01-19 18:40:00,2026-01-19 18:47:00,2026-01-19 19:07:00,BOS,short,4669.9,4672.2,4669.9,4666.1,True,2026-01-19 18:59:00,4669.9,BE,0.0,-4.0,20
2026-01-19 19:30:00,2026-01-19 19:37:00,2026-01-19 19:39:00,EXTEND,long,4668.8,4666.5,4668.8,4672.5,True,2026-01-19 19:39:00,4668.8,BE,0.0,-4.0,2
2026-01-19 21:00:00,2026-01-19 21:52:00,2026-01-19 21:55:00,EXTEND,long,4670.1,4664.7,4670.1,4678.9,True,2026-01-19 21:52:00,4670.1,BE,0.0,-4.0,3
2026-01-19 22:10:00,2026-01-19 22:30:00,2026-01-19 23:03:00,EXTEND,short,4674.2,4678.9,4674.2,4666.5,True,2026-01-19 22:34:00,4674.2,BE,0.0,-4.0,33
2026-01-20 00:40:00,2026-01-20 00:48:00,2026-01-20 00:50:00,EXTEND,long,4676.9,4675.7,4676.9,4678.9,True,2026-01-20 00:48:00,4676.9,BE,0.0,-4.0,2
2026-01-20 00:55:00,2026-01-20 01:00:00,2026-01-20 01:09:00,EXTEND,long,4677.0,4675.7,4677.0,4679.0,True,2026-01-20 01:01:00,4677.0,BE,0.0,-4.0,9
2026-01-20 02:20:00,2026-01-20 02:34:00,2026-01-20 02:40:00,BOS,long,4681.7,4679.0,4681.7,4686.1,True,2026-01-20 02:38:00,4681.7,BE,0.0,-4.0,6
2026-01-20 03:25:00,2026-01-20 07:00:00,2026-01-20 07:03:00,EXTEND,short,4679.1,4682.7,4679.1,4673.2,True,2026-01-20 07:03:00,4673.2,TP,5.9,54.71,3
2026-01-20 08:00:00,2026-01-20 08:05:00,2026-01-20 08:06:00,BOS,short,4671.4,4672.4,4671.4,4669.9,True,2026-01-20 08:05:00,4671.4,BE,0.0,-4.0,1
2026-01-20 08:10:00,2026-01-20 08:19:00,2026-01-20 08:24:00,MSS,long,4671.5,4669.9,4669.9,4674.2,False,,4669.9,SL,-1.6,-20.43,5
2026-01-20 08:25:00,2026-01-20 08:33:00,2026-01-20 08:35:00,MSS,short,4670.9,4674.2,4670.9,4665.6,True,2026-01-20 08:35:00,4670.9,BE,0.0,-4.0,2
2026-01-20 08:55:00,2026-01-20 09:00:00,2026-01-20 09:00:00,BOS,short,4668.9,4670.5,4670.5,4666.4,False,,4670.5,SL,-1.6,-19.66,0
2026-01-20 09:05:00,2026-01-20 09:23:00,2026-01-20 09:34:00,EXTEND,long,4671.4,4666.4,4671.4,4679.4,True,2026-01-20 09:23:00,4679.4,TP,8.0,76.34,11
2026-01-20 09:35:00,2026-01-20 09:56:00,2026-01-20 09:57:00,BOS,long,4675.0,4671.3,4671.3,4681.0,False,,4671.3,SL,-3.7,-41.05,1
2026-01-20 14:40:00,2026-01-20 14:49:00,2026-01-20 15:13:00,EXTEND,short,4718.7,4723.4,4723.4,4711.2,False,,4723.4,SL,-4.7,-50.6,24
2026-01-20 15:55:00,2026-01-20 16:04:00,2026-01-20 16:05:00,EXTEND,short,4725.3,4728.4,4725.3,4720.2,True,2026-01-20 16:05:00,4725.3,BE,0.0,-4.0,1
2026-01-20 16:25:00,2026-01-20 16:30:00,2026-01-20 16:32:00,EXTEND,short,4728.5,4731.4,4728.5,4723.7,True,2026-01-20 16:30:00,4728.5,BE,0.0,-4.0,2
2026-01-20 16:35:00,2026-01-20 16:40:00,2026-01-20 16:50:00,EXTEND,short,4727.6,4731.4,4731.4,4721.5,False,,4731.4,SL,-3.8,-41.82,10
2026-01-20 17:15:00,2026-01-20 17:23:00,2026-01-20 17:29:00,EXTEND,short,4734.1,4737.7,4737.7,4728.3,False,,4737.7,SL,-3.6,-39.91,6
2026-01-20 17:45:00,2026-01-20 18:29:00,2026-01-20 19:21:00,EXTEND,long,4733.1,4727.2,4733.1,4742.7,True,2026-01-20 19:20:00,4733.1,BE,0.0,-4.0,52
2026-01-20 19:50:00,2026-01-20 20:03:00,2026-01-20 20:13:00,EXTEND,long,4735.0,4731.3,4735.0,4740.9,True,2026-01-20 20:06:00,4735.0,BE,0.0,-4.0,10
2026-01-20 20:30:00,2026-01-20 20:40:00,2026-01-20 20:50:00,EXTEND,short,4733.7,4736.3,4733.7,4729.5,True,2026-01-20 20:43:00,4733.7,BE,0.0,-4.0,10
2026-01-20 21:20:00,2026-01-20 21:34:00,2026-01-20 21:34:00,BOS,short,4727.8,4731.9,4731.9,4721.2,False,,4731.9,SL,-4.1,-44.87,0
2026-01-20 21:30:00,2026-01-20 21:35:00,2026-01-20 21:36:00,EXTEND,short,4727.3,4731.9,4727.3,4719.8,True,2026-01-20 21:35:00,4727.3,BE,0.0,-4.0,1
2026-01-20 22:25:00,2026-01-20 22:30:00,2026-01-20 22:31:00,BOS,long,4744.6,4737.4,4744.6,4756.2,True,2026-01-20 22:31:00,4744.6,BE,0.0,-4.0,1
2026-01-20 22:35:00,2026-01-20 22:47:00,2026-01-20 23:00:00,EXTEND,short,4747.3,4756.2,4747.3,4732.8,True,2026-01-20 22:47:00,4747.3,BE,0.0,-4.0,13
2026-01-20 23:05:00,2026-01-20 23:16:00,2026-01-20 23:18:00,EXTEND,long,4744.0,4738.0,4744.0,4753.7,True,2026-01-20 23:17:00,4744.0,BE,0.0,-4.0,2
2026-01-20 23:25:00,2026-01-20 23:50:00,2026-01-21 00:00:00,EXTEND,short,4743.4,4753.7,4743.4,4726.7,True,2026-01-20 23:55:00,4743.4,BE,0.0,-4.0,10
2026-01-21 00:00:00,2026-01-21 00:07:00,2026-01-21 00:10:00,BOS,short,4740.6,4743.9,4740.6,4735.3,True,2026-01-21 00:08:00,4740.6,BE,0.0,-4.0,3
2026-01-21 02:20:00,2026-01-21 02:41:00,2026-01-21 02:46:00,EXTEND,long,4762.0,4756.3,4762.0,4771.2,True,2026-01-21 02:42:00,4762.0,BE,0.0,-4.0,5
2026-01-21 02:50:00,2026-01-21 02:55:00,2026-01-21 02:59:00,MSS,short,4762.1,4764.9,4764.9,4757.5,False,,4764.9,SL,-2.8,-32.27,4
2026-01-21 03:15:00,2026-01-21 03:30:00,2026-01-21 03:32:00,MSS,long,4763.1,4757.5,4763.1,4772.1,True,2026-01-21 03:32:00,4763.1,BE,0.0,-4.0,2
2026-01-21 07:00:00,2026-01-21 07:05:00,2026-01-21 07:10:00,MSS,short,4766.9,4769.2,4766.9,4763.1,True,2026-01-21 07:06:00,4763.1,TP,3.8,33.7,5
2026-01-21 07:15:00,2026-01-21 07:34:00,2026-01-21 07:38:00,EXTEND,short,4766.2,4769.2,4766.2,4761.3,True,2026-01-21 07:37:00,4766.2,BE,0.0,-4.0,4
2026-01-21 08:55:00,2026-01-21 09:00:00,2026-01-21 09:01:00,EXTEND,long,4789.2,4786.9,4789.2,4792.9,True,2026-01-21 09:00:00,4789.2,BE,0.0,-4.0,1
2026-01-21 09:50:00,2026-01-21 10:12:00,2026-01-21 11:03:00,BOS,long,4829.3,4818.1,4829.3,4847.4,True,2026-01-21 10:32:00,4847.4,TP,18.1,177.07,51
2026-01-21 11:00:00,2026-01-21 11:14:00,2026-01-21 11:15:00,BOS,long,4837.7,4830.3,4830.3,4849.6,False,,4830.3,SL,-7.4,-77.73,1
2026-01-21 13:05:00,2026-01-21 13:10:00,2026-01-21 13:14:00,EXTEND,short,4869.1,4873.8,4869.1,4861.5,True,2026-01-21 13:12:00,4869.1,BE,0.0,-4.0,4
2026-01-21 13:20:00,2026-01-21 13:26:00,2026-01-21 13:30:00,EXTEND,long,4867.4,4861.5,4867.4,4876.9,True,2026-01-21 13:28:00,4867.4,BE,0.0,-4.0,4
2026-01-21 13:35:00,2026-01-21 13:40:00,2026-01-21 13:42:00,EXTEND,long,4871.9,4866.4,4871.9,4880.9,True,2026-01-21 13:41:00,4871.8,BE,-0.1,-5.39,2
2026-01-21 14:25:00,2026-01-21 14:38:00,2026-01-21 14:40:00,EXTEND,long,4876.0,4866.8,4866.8,4890.9,False,,4866.8,SL,-9.2,-96.06,2
2026-01-21 15:20:00,2026-01-21 15:51:00,2026-01-21 16:21:00,EXTEND,short,4856.1,4869.0,4869.0,4835.2,False,,4869.0,SL,-12.9,-133.12,30
2026-01-21 16:25:00,2026-01-21 16:33:00,2026-01-21 16:41:00,EXTEND,long,4863.3,4858.1,4863.3,4871.7,True,2026-01-21 16:34:00,4863.3,BE,0.0,-4.0,8
2026-01-21 16:55:00,2026-01-21 17:11:00,2026-01-21 17:21:00,MSS,short,4864.8,4871.7,4864.8,4853.6,True,2026-01-21 17:12:00,4864.8,BE,0.0,-4.0,10
2026-01-21 17:30:00,2026-01-21 17:37:00,2026-01-21 17:41:00,EXTEND,long,4867.6,4860.3,4867.6,4879.3,True,2026-01-21 17:38:00,4867.6,BE,0.0,-4.0,4
2026-01-21 18:50:00,2026-01-21 18:59:00,2026-01-21 19:06:00,EXTEND,long,4864.8,4862.0,4864.8,4869.2,True,2026-01-21 19:06:00,4864.8,BE,0.0,-4.0,7
2026-01-21 19:20:00,2026-01-21 19:30:00,2026-01-21 19:44:00,EXTEND,long,4867.3,4863.2,4863.2,4874.0,False,,4863.2,SL,-4.1,-45.26,14
2026-01-21 19:45:00,2026-01-21 19:59:00,2026-01-21 20:04:00,MSS,short,4867.6,4874.0,4867.6,4857.3,True,2026-01-21 20:03:00,4867.6,BE,0.0,-4.0,5
2026-01-21 21:10:00,2026-01-21 21:23:00,2026-01-21 21:26:00,EXTEND,long,4866.1,4861.0,4866.1,4874.3,True,2026-01-21 21:25:00,4866.1,BE,0.0,-4.0,3
2026-01-21 21:55:00,2026-01-21 22:01:00,2026-01-21 22:02:00,BOS,long,4876.8,4872.7,4876.8,4883.4,True,2026-01-21 22:02:00,4876.8,BE,0.0,-4.0,1
2026-01-21 22:05:00,2026-01-21 22:10:00,2026-01-21 22:12:00,EXTEND,short,4868.2,4883.4,4868.2,4843.6,True,2026-01-21 22:10:00,4843.6,TP,24.6,241.96,2
2026-01-21 22:10:00,2026-01-21 22:29:00,2026-01-21 22:30:00,EXTEND,short,4867.2,4883.4,4867.2,4840.9,True,2026-01-21 22:30:00,4867.2,BE,0.0,-4.0,1
2026-01-21 22:40:00,2026-01-21 22:45:00,2026-01-21 22:46:00,EXTEND,long,4860.8,4852.2,4860.8,4874.8,True,2026-01-21 22:46:00,4860.8,BE,0.0,-4.0,1
2026-01-21 23:05:00,2026-01-21 23:12:00,2026-01-21 23:16:00,EXTEND,long,4857.2,4848.6,4857.2,4871.1,True,2026-01-21 23:13:00,4857.2,BE,0.0,-4.0,4
2026-01-21 23:20:00,2026-01-21 23:53:00,2026-01-22 00:34:00,EXTEND,short,4849.3,4871.1,4849.3,4814.1,True,2026-01-22 00:19:00,4849.3,BE,0.0,-4.0,41
2026-01-22 01:30:00,2026-01-22 01:40:00,2026-01-22 01:50:00,BOS,short,4819.5,4828.8,4819.5,4804.5,True,2026-01-22 01:41:00,4819.5,BE,0.0,-4.0,10
2026-01-22 03:20:00,2026-01-22 03:27:00,2026-01-22 03:27:00,BOS,long,4852.2,4849.3,4849.3,4856.9,False,,4849.3,SL,-2.9,-33.03,0
2026-01-22 03:50:00,2026-01-22 07:04:00,2026-01-22 13:53:00,EXTEND,short,4818.6,4856.9,4818.6,4756.7,True,2026-01-22 07:09:00,4818.6,BE,0.0,-4.0,409
2026-01-22 14:50:00,2026-01-22 14:57:00,2026-01-22 15:00:00,MSS,short,4826.0,4828.7,4828.7,4821.7,False,,4828.7,SL,-2.7,-30.74,3
2026-01-22 15:45:00,2026-01-22 15:58:00,2026-01-22 16:00:00,EXTEND,short,4836.4,4839.3,4836.4,4831.8,True,2026-01-22 15:59:00,4831.8,TP,4.6,42.35,2
2026-01-22 16:35:00,2026-01-22 16:55:00,2026-01-22 17:11:00,EXTEND,short,4831.8,4837.1,4837.1,4823.3,False,,4837.1,SL,-5.3,-56.72,16
2026-01-22 19:15:00,2026-01-22 19:21:00,2026-01-22 19:22:00,EXTEND,short,4831.0,4834.0,4831.0,4826.2,True,2026-01-22 19:21:00,4831.0,BE,0.0,-4.0,1
2026-01-22 19:55:00,2026-01-22 20:00:00,2026-01-22 20:01:00,EXTEND,long,4831.5,4827.1,4827.1,4838.5,False,,4827.1,SL,-4.4,-47.55,1
2026-01-22 21:00:00,2026-01-22 21:13:00,2026-01-22 21:20:00,EXTEND,short,4828.2,4834.8,4834.8,4817.5,False,,4834.8,SL,-6.6,-70.09,7
2026-01-22 21:25:00,2026-01-22 21:30:00,2026-01-22 21:42:00,EXTEND,long,4825.1,4817.5,4817.5,4837.5,False,,4817.5,SL,-7.6,-80.4,12
2026-01-22 21:40:00,2026-01-22 22:05:00,2026-01-22 22:15:00,MSS,short,4827.4,4837.5,4827.4,4811.0,True,2026-01-22 22:06:00,4827.4,BE,0.0,-4.0,10
2026-01-22 22:30:00,2026-01-22 23:00:00,2026-01-22 23:08:00,EXTEND,long,4832.3,4821.7,4832.3,4849.5,True,2026-01-22 23:01:00,4832.3,BE,0.0,-4.0,8
2026-01-23 00:50:00,2026-01-23 00:55:00,2026-01-23 01:00:00,EXTEND,long,4880.6,4876.0,4880.6,4888.0,True,2026-01-23 00:59:00,4880.6,BE,0.0,-4.0,5
2026-01-23 03:10:00,2026-01-23 03:26:00,2026-01-23 03:27:00,EXTEND,long,4919.1,4913.9,4913.9,4927.4,False,,4913.9,SL,-5.2,-55.57,1
2026-01-23 07:05:00,2026-01-23 07:14:00,2026-01-23 07:30:00,EXTEND,long,4947.4,4938.1,4938.1,4962.5,False,,4938.1,SL,-9.3,-97.21,16
2026-01-23 07:30:00,2026-01-23 07:47:00,2026-01-23 08:02:00,MSS,short,4951.9,4963.8,4963.8,4932.7,False,,4963.8,SL,-11.9,-122.8,15
2026-01-23 08:55:00,2026-01-23 09:01:00,2026-01-23 09:02:00,EXTEND,long,4956.6,4949.3,4949.3,4968.5,False,,4949.3,SL,-7.3,-77.34,1
2026-01-23 09:05:00,2026-01-23 09:16:00,2026-01-23 09:34:00,EXTEND,short,4956.9,4968.5,4956.9,4938.2,True,2026-01-23 09:16:00,4956.9,BE,0.0,-4.0,18
2026-01-26 08:20:00,2026-01-26 08:26:00,2026-01-26 08:30:00,EXTEND,short,5037.9,5043.1,5043.1,5029.4,False,,5043.1,SL,-5.2,-56.33,4
2026-01-26 08:40:00,2026-01-26 08:58:00,2026-01-26 09:01:00,EXTEND,long,5037.9,5029.4,5037.9,5051.6,True,2026-01-26 08:59:00,5037.9,BE,0.0,-4.0,3
2026-01-26 10:30:00,2026-01-26 11:01:00,2026-01-26 11:04:00,EXTEND,long,5074.8,5064.4,5074.8,5091.5,True,2026-01-26 11:03:00,5074.8,BE,0.0,-4.0,3
2026-01-26 13:15:00,2026-01-26 13:26:00,2026-01-26 13:30:00,BOS,short,5062.7,5070.8,5062.7,5049.6,True,2026-01-26 13:30:00,5062.7,BE,0.0,-4.0,4
2026-01-26 14:50:00,2026-01-26 14:58:00,2026-01-26 16:51:00,EXTEND,long,5080.3,5063.2,5080.3,5107.9,True,2026-01-26 15:08:00,5080.3,BE,0.0,-4.0,113
2026-01-26 16:50:00,2026-01-26 17:05:00,2026-01-26 17:11:00,EXTEND,short,5089.3,5096.7,5089.3,5077.3,True,2026-01-26 17:08:00,5089.3,BE,0.0,-4.0,6
2026-01-26 17:15:00,2026-01-26 17:21:00,2026-01-26 17:23:00,MSS,long,5087.7,5084.9,5087.7,5092.2,True,2026-01-26 17:21:00,5087.7,BE,0.0,-4.0,2
2026-01-26 17:30:00,2026-01-26 17:40:00,2026-01-26 17:41:00,EXTEND,long,5090.1,5085.7,5085.7,5097.2,False,,5085.7,SL,-4.4,-47.93,1
2026-01-26 17:55:00,2026-01-26 18:14:00,2026-01-26 18:20:00,EXTEND,short,5088.0,5097.2,5088.0,5073.1,True,2026-01-26 18:17:00,5088.0,BE,0.0,-4.0,6
2026-01-26 18:40:00,2026-01-26 19:11:00,2026-01-26 19:18:00,EXTEND,long,5087.3,5083.8,5083.8,5092.9,False,,5083.8,SL,-3.5,-38.76,7
2026-01-26 19:15:00,2026-01-26 19:30:00,2026-01-26 19:36:00,EXTEND,short,5086.1,5091.9,5086.1,5076.6,True,2026-01-26 19:31:00,5086.1,BE,0.0,-4.0,6
2026-01-26 20:00:00,2026-01-26 20:06:00,2026-01-26 20:08:00,MSS,long,5089.3,5087.8,5089.3,5091.8,True,2026-01-26 20:06:00,5089.3,BE,0.0,-4.0,2
2026-01-26 20:05:00,2026-01-26 20:10:00,2026-01-26 20:11:00,EXTEND,long,5089.4,5087.8,5089.4,5092.0,True,2026-01-26 20:11:00,5089.4,BE,0.0,-4.0,1
2026-01-26 20:20:00,2026-01-26 20:27:00,2026-01-26 20:31:00,BOS,long,5088.2,5083.8,5083.8,5095.2,False,,5083.8,SL,-4.4,-47.55,4
2026-01-26 21:00:00,2026-01-26 21:09:00,2026-01-26 21:30:00,EXTEND,short,5075.7,5083.5,5075.7,5063.1,True,2026-01-26 21:19:00,5063.1,TP,12.6,122.07,21
2026-01-26 21:30:00,2026-01-26 21:48:00,2026-01-26 21:51:00,BOS,short,5069.9,5081.0,5069.9,5051.9,True,2026-01-26 21:51:00,5069.9,BE,0.0,-4.0,3
2026-01-26 22:55:00,2026-01-26 23:01:00,2026-01-26 23:12:00,EXTEND,long,5083.3,5076.2,5083.3,5094.7,True,2026-01-26 23:01:00,5094.7,TP,11.4,110.33,11
2026-01-26 23:10:00,2026-01-26 23:20:00,2026-01-26 23:28:00,EXTEND,long,5083.5,5076.2,5083.5,5095.4,True,2026-01-26 23:21:00,5083.5,BE,0.0,-4.0,8
2026-01-26 23:40:00,2026-01-26 23:53:00,2026-01-27 00:03:00,EXTEND,short,5086.1,5095.4,5095.4,5071.1,False,,5095.4,SL,-9.3,-96.83,10
2026-01-27 00:35:00,2026-01-27 00:55:00,2026-01-27 01:29:00,EXTEND,short,5086.6,5101.9,5086.6,5061.9,True,2026-01-27 01:24:00,5086.6,BE,0.0,-4.0,34
2026-01-27 01:45:00,2026-01-27 02:07:00,2026-01-27 02:08:00,EXTEND,long,5086.4,5076.7,5086.4,5102.0,True,2026-01-27 02:08:00,5086.4,BE,0.0,-4.0,1
2026-01-27 02:40:00,2026-01-27 02:49:00,2026-01-27 03:02:00,EXTEND,short,5074.1,5086.9,5074.1,5053.4,True,2026-01-27 02:56:00,5053.4,TP,20.7,203.03,13
2026-01-27 07:45:00,2026-01-27 07:58:00,2026-01-27 08:00:00,EXTEND,long,5042.2,5033.6,5033.6,5056.1,False,,5033.6,SL,-8.6,-89.95,2
2026-01-27 08:50:00,2026-01-27 09:05:00,2026-01-27 09:10:00,EXTEND,short,5033.4,5048.9,5048.9,5008.2,False,,5048.9,SL,-15.5,-159.47,5
2026-01-27 10:00:00,2026-01-27 10:09:00,2026-01-27 10:15:00,EXTEND,short,5061.0,5071.6,5061.0,5043.8,True,2026-01-27 10:13:00,5061.0,BE,0.0,-4.0,6
2026-01-27 10:45:00,2026-01-27 10:54:00,2026-01-27 11:01:00,EXTEND,long,5062.8,5055.5,5062.8,5074.7,True,2026-01-27 10:55:00,5062.8,BE,0.0,-4.0,7
2026-01-27 11:55:00,2026-01-27 12:14:00,2026-01-27 12:35:00,EXTEND,long,5064.3,5058.1,5064.3,5074.4,True,2026-01-27 12:15:00,5064.3,BE,0.0,-4.0,21
2026-01-27 12:40:00,2026-01-27 12:57:00,2026-01-27 13:02:00,EXTEND,short,5065.2,5070.7,5065.2,5056.2,True,2026-01-27 12:58:00,5056.2,TP,9.0,85.61,5
2026-01-27 13:10:00,2026-01-27 13:23:00,2026-01-27 13:28:00,EXTEND,short,5060.4,5065.6,5060.4,5051.9,True,2026-01-27 13:27:00,5060.4,BE,0.0,-4.0,5
2026-01-27 14:20:00,2026-01-27 14:30:00,2026-01-27 14:41:00,BOS,long,5075.8,5071.3,5075.8,5083.2,True,2026-01-27 14:31:00,5083.2,TP,7.4,69.54,11
2026-01-27 14:50:00,2026-01-27 14:55:00,2026-01-27 15:00:00,EXTEND,long,5080.1,5074.3,5080.1,5089.6,True,2026-01-27 14:58:00,5080.1,BE,0.0,-4.0,5
2026-01-27 15:05:00,2026-01-27 15:15:00,2026-01-27 15:16:00,EXTEND,long,5080.3,5074.3,5080.3,5090.0,True,2026-01-27 15:15:00,5080.3,BE,0.0,-4.0,1
2026-01-27 15:40:00,2026-01-27 15:58:00,2026-01-27 16:08:00,EXTEND,long,5084.7,5077.0,5077.0,5097.1,False,,5077.0,SL,-7.7,-80.78,10
2026-01-27 16:30:00,2026-01-27 16:42:00,2026-01-27 16:44:00,EXTEND,short,5078.1,5084.0,5078.1,5068.5,True,2026-01-27 16:44:00,5078.1,BE,0.0,-4.0,2
2026-01-27 17:35:00,2026-01-27 17:45:00,2026-01-27 17:52:00,EXTEND,long,5080.4,5073.9,5080.4,5090.8,True,2026-01-27 17:46:00,5090.8,TP,10.4,100.44,7
2026-01-27 17:55:00,2026-01-27 18:23:00,2026-01-27 18:28:00,EXTEND,long,5085.7,5079.1,5085.7,5096.3,True,2026-01-27 18:27:00,5085.7,BE,0.0,-4.0,5
2026-01-27 19:15:00,2026-01-27 19:21:00,2026-01-27 19:24:00,EXTEND,long,5081.6,5078.2,5081.6,5087.1,True,2026-01-27 19:21:00,5081.6,BE,0.0,-4.0,3
2026-01-27 19:50:00,2026-01-27 20:00:00,2026-01-27 20:06:00,EXTEND,short,5076.2,5084.7,5076.2,5062.4,True,2026-01-27 20:03:00,5076.2,BE,0.0,-4.0,6
2026-01-27 21:00:00,2026-01-27 21:10:00,2026-01-27 21:15:00,EXTEND,long,5077.0,5069.6,5077.0,5088.9,True,2026-01-27 21:11:00,5088.9,TP,11.9,115.27,5
2026-01-27 21:15:00,2026-01-27 21:27:00,2026-01-27 21:29:00,EXTEND,long,5077.2,5069.6,5077.2,5089.5,True,2026-01-27 21:27:00,5077.2,BE,0.0,-4.0,2
2026-01-27 21:40:00,2026-01-27 21:53:00,2026-01-27 22:02:00,MSS,short,5076.1,5082.5,5076.1,5065.8,True,2026-01-27 21:59:00,5065.8,TP,10.3,99.21,9
2026-01-27 22:15:00,2026-01-27 22:22:00,2026-01-27 22:25:00,BOS,short,5058.1,5068.0,5058.1,5042.0,True,2026-01-27 22:24:00,5058.1,BE,0.0,-4.0,3
2026-01-27 22:40:00,2026-01-27 22:48:00,2026-01-27 22:51:00,MSS,long,5063.4,5054.4,5054.4,5077.9,False,,5054.4,SL,-9.0,-93.77,3
2026-01-27 23:00:00,2026-01-27 23:05:00,2026-01-27 23:11:00,EXTEND,short,5064.4,5077.9,5064.4,5042.5,True,2026-01-27 23:06:00,5064.4,BE,0.0,-4.0,6
2026-01-28 00:20:00,2026-01-28 00:35:00,2026-01-28 00:40:00,EXTEND,long,5088.0,5080.4,5088.0,5100.4,True,2026-01-28 00:37:00,5088.0,BE,0.0,-4.0,5
2026-01-28 01:05:00,2026-01-28 01:15:00,2026-01-28 01:17:00,EXTEND,short,5091.7,5100.4,5091.7,5077.7,True,2026-01-28 01:15:00,5077.7,TP,14.0,136.29,2
2026-01-28 02:05:00,2026-01-28 02:49:00,2026-01-28 03:41:00,EXTEND,short,5090.2,5100.4,5090.2,5073.8,True,2026-01-28 02:59:00,5090.2,BE,0.0,-4.0,52
2026-01-28 07:55:00,2026-01-28 08:00:00,2026-01-28 08:01:00,EXTEND,long,5166.2,5161.0,5161.0,5174.6,False,,5161.0,SL,-5.2,-55.95,1
2026-01-28 08:05:00,2026-01-28 08:39:00,2026-01-28 08:45:00,EXTEND,short,5166.8,5174.6,5166.8,5154.1,True,2026-01-28 08:41:00,5166.8,BE,0.0,-4.0,6
2026-01-28 09:05:00,2026-01-28 09:11:00,2026-01-28 09:40:00,EXTEND,long,5173.2,5157.5,5173.2,5198.6,True,2026-01-28 09:12:00,5198.6,TP,25.4,250.0,29
2026-01-28 11:10:00,2026-01-28 11:38:00,2026-01-28 12:57:00,EXTEND,long,5224.6,5213.9,5224.6,5242.0,True,2026-01-28 11:44:00,5242.0,TP,17.4,169.66,79
2026-01-28 13:40:00,2026-01-28 14:05:00,2026-01-28 14:08:00,BOS,long,5250.0,5244.3,5250.0,5259.2,True,2026-01-28 14:07:00,5250.0,BE,0.0,-4.0,3
2026-01-28 16:30:00,2026-01-28 16:38:00,2026-01-28 16:39:00,BOS,long,5292.5,5283.8,5292.5,5306.7,True,2026-01-28 16:38:00,5292.5,BE,0.0,-4.0,1
2026-01-28 17:40:00,2026-01-28 17:47:00,2026-01-28 18:09:00,BOS,short,5269.4,5276.3,5276.3,5258.3,False,,5276.3,SL,-6.9,-72.76,22
2026-01-28 18:10:00,2026-01-28 18:35:00,2026-01-28 18:42:00,EXTEND,long,5267.1,5258.3,5267.1,5281.3,True,2026-01-28 18:41:00,5267.0,BE,-0.1,-4.86,7
2026-01-28 19:05:00,2026-01-28 19:48:00,2026-01-28 20:21:00,EXTEND,short,5259.4,5275.7,5259.4,5233.0,True,2026-01-28 19:54:00,5259.4,BE,0.0,-4.0,33
2026-01-28 21:00:00,2026-01-28 21:11:00,2026-01-28 21:16:00,EXTEND,long,5268.2,5259.0,5268.2,5283.0,True,2026-01-28 21:15:00,5268.2,BE,0.0,-4.0,5
2026-01-28 22:05:00,2026-01-28 22:10:00,2026-01-28 22:22:00,EXTEND,short,5255.1,5263.0,5263.0,5242.2,False,,5263.0,SL,-7.9,-83.46,12
2026-01-28 23:00:00,2026-01-28 23:07:00,2026-01-28 23:07:00,EXTEND,long,5274.7,5263.8,5263.8,5292.3,False,,5263.8,SL,-10.9,-112.87,0
2026-01-28 23:05:00,2026-01-28 23:23:00,2026-01-28 23:30:00,MSS,short,5268.0,5292.3,5268.0,5228.7,True,2026-01-28 23:25:00,5268.0,BE,0.0,-4.0,7
2026-01-29 00:30:00,2026-01-29 00:38:00,2026-01-29 00:43:00,BOS,short,5283.1,5288.8,5283.1,5273.8,True,2026-01-29 00:40:00,5283.1,BE,0.0,-4.0,5
2026-01-29 01:00:00,2026-01-29 01:19:00,2026-01-29 01:39:00,EXTEND,long,5285.7,5273.8,5285.7,5305.0,True,2026-01-29 01:19:00,5285.7,BE,0.0,-4.0,20
2026-01-29 01:35:00,2026-01-29 01:51:00,2026-01-29 01:58:00,MSS,short,5292.9,5301.3,5301.3,5279.4,False,,5301.3,SL,-8.4,-87.66,7
2026-01-29 02:05:00,2026-01-29 02:12:00,2026-01-29 02:17:00,MSS,long,5294.6,5289.4,5294.6,5302.9,True,2026-01-29 02:13:00,5302.9,TP,8.3,79.43,5
2026-01-29 02:20:00,2026-01-29 02:29:00,2026-01-29 02:30:00,EXTEND,long,5302.6,5289.4,5289.4,5324.0,False,,5289.4,SL,-13.2,-136.17,1
2026-01-29 07:35:00,2026-01-29 07:46:00,2026-01-29 08:01:00,EXTEND,long,5510.9,5463.9,5463.9,5587.0,False,,5463.9,SL,-47.0,-474.24,15
2026-02-12 21:45:00,2026-02-12 23:39:00,2026-02-12 23:59:00,BOS,long,5067.1,5061.9,5061.9,5075.6,False,,5059.8,SL,-7.3,-77.33,3
2026-02-26 09:00:00,2026-02-26 09:06:00,2026-02-26 09:08:00,BOS,long,5203.1,5196.3,5203.1,5214.0,True,2026-02-26 09:07:00,5203.1,BE,0.0,-4.0,2
2026-02-26 09:30:00,2026-02-26 09:35:00,2026-02-26 09:37:00,EXTEND,short,5204.6,5211.1,5204.6,5194.2,True,2026-02-26 09:37:00,5204.6,BE,0.0,-4.0,2
2026-02-26 13:25:00,2026-02-26 13:46:00,2026-02-26 14:02:00,EXTEND,long,5211.8,5205.7,5211.8,5221.7,True,2026-02-26 13:55:00,5211.8,BE,0.0,-4.0,16
2026-02-26 15:05:00,2026-02-26 15:17:00,2026-02-26 15:40:00,BOS,short,5206.2,5211.5,5206.2,5197.6,True,2026-02-26 15:18:00,5206.2,BE,0.0,-4.0,23
2026-02-26 15:50:00,2026-02-26 15:55:00,2026-02-26 16:02:00,EXTEND,short,5202.6,5206.5,5202.6,5196.2,True,2026-02-26 16:00:00,5196.2,TP,6.4,59.65,7
2026-02-26 16:05:00,2026-02-26 16:11:00,2026-02-26 16:13:00,EXTEND,short,5202.4,5206.5,5206.5,5195.8,False,,5206.5,SL,-4.1,-44.87,2
2026-02-26 16:10:00,2026-02-26 16:26:00,2026-02-26 16:27:00,MSS,long,5200.3,5195.8,5195.8,5207.7,False,,5195.8,SL,-4.5,-49.46,1
2026-02-26 16:45:00,2026-02-26 16:51:00,2026-02-26 17:12:00,EXTEND,short,5198.3,5207.7,5198.3,5183.1,True,2026-02-26 16:51:00,5198.3,BE,0.0,-4.0,21
2026-02-26 18:05:00,2026-02-26 18:18:00,2026-02-26 18:28:00,EXTEND,long,5200.1,5196.2,5196.2,5206.4,False,,5196.2,SL,-3.9,-42.96,10
2026-02-26 18:55:00,2026-02-26 19:00:00,2026-02-26 19:01:00,EXTEND,short,5189.5,5194.7,5189.5,5181.0,True,2026-02-26 19:00:00,5189.5,BE,0.0,-4.0,1
2026-02-26 20:00:00,2026-02-26 20:09:00,2026-02-26 20:15:00,EXTEND,short,5184.5,5191.6,5184.5,5173.1,True,2026-02-26 20:15:00,5184.5,BE,0.0,-4.0,6
2026-02-26 21:10:00,2026-02-26 21:21:00,2026-02-26 21:30:00,EXTEND,short,5194.6,5200.9,5194.6,5184.5,True,2026-02-26 21:21:00,5184.5,TP,10.1,97.35,9
2026-02-26 22:25:00,2026-02-26 22:30:00,2026-02-26 22:30:00,EXTEND,long,5180.8,5175.9,5175.9,5188.7,False,,5175.9,SL,-4.9,-52.9,0
2026-02-26 22:35:00,2026-02-26 22:40:00,2026-02-26 22:40:00,EXTEND,long,5181.7,5175.9,5175.9,5191.2,False,,5175.9,SL,-5.8,-62.45,0
2026-02-26 22:45:00,2026-02-26 22:52:00,2026-02-26 22:57:00,EXTEND,long,5182.2,5175.9,5182.2,5192.5,True,2026-02-26 22:54:00,5182.2,BE,0.0,-4.0,5
2026-02-26 23:25:00,2026-02-26 23:34:00,2026-02-26 23:42:00,MSS,short,5171.8,5188.2,5188.2,5145.2,False,,5188.2,SL,-16.4,-168.26,8
2026-02-27 01:45:00,2026-02-27 01:51:00,2026-02-27 01:56:00,BOS,short,5189.7,5194.9,5189.7,5181.4,True,2026-02-27 01:51:00,5181.4,TP,8.3,79.43,5
2026-02-27 01:55:00,2026-02-27 02:10:00,2026-02-27 02:12:00,EXTEND,short,5188.7,5194.9,5188.7,5178.6,True,2026-02-27 02:11:00,5188.7,BE,0.0,-4.0,2
2026-02-27 02:25:00,2026-02-27 02:34:00,2026-02-27 02:35:00,EXTEND,long,5186.2,5180.4,5180.4,5195.5,False,,5180.4,SL,-5.8,-61.68,1
2026-02-27 03:45:00,2026-02-27 03:59:00,2026-02-27 04:05:00,BOS,long,5204.5,5200.3,5204.5,5211.4,True,2026-02-27 04:00:00,5211.4,TP,6.9,64.6,6
2026-02-27 07:00:00,2026-02-27 07:06:00,2026-02-27 07:10:00,BOS,short,5202.3,5208.6,5202.3,5192.1,True,2026-02-27 07:07:00,5202.3,BE,0.0,-4.0,4
2026-02-27 08:00:00,2026-02-27 08:10:00,2026-02-27 08:14:00,BOS,short,5202.0,5206.2,5202.0,5195.3,True,2026-02-27 08:14:00,5202.0,BE,0.0,-4.0,4
2026-02-27 08:20:00,2026-02-27 08:33:00,2026-02-27 08:36:00,EXTEND,long,5201.5,5195.3,5195.3,5211.5,False,,5195.3,SL,-6.2,-65.88,3
2026-02-27 11:30:00,2026-02-27 11:37:00,2026-02-27 11:48:00,EXTEND,long,5200.8,5197.7,5200.8,5205.8,True,2026-02-27 11:38:00,5205.8,TP,5.0,46.06,11
2026-02-27 11:45:00,2026-02-27 11:58:00,2026-02-27 12:09:00,BOS,long,5202.8,5200.0,5202.8,5207.4,True,2026-02-27 12:06:00,5202.8,BE,0.0,-4.0,11
2026-02-27 12:25:00,2026-02-27 12:31:00,2026-02-27 12:33:00,EXTEND,long,5202.5,5200.7,5202.5,5205.5,True,2026-02-27 12:31:00,5202.5,BE,0.0,-4.0,2
2026-02-27 12:55:00,2026-02-27 13:05:00,2026-02-27 13:08:00,EXTEND,short,5202.1,5205.2,5202.1,5197.2,True,2026-02-27 13:05:00,5202.2,BE,-0.1,-4.56,3
2026-02-27 13:55:00,2026-02-27 14:03:00,2026-02-27 14:04:00,BOS,long,5211.5,5207.8,5211.5,5217.4,True,2026-02-27 14:04:00,5211.5,BE,0.0,-4.0,1
2026-02-27 15:15:00,2026-02-27 15:25:00,2026-02-27 15:31:00,EXTEND,short,5201.9,5206.6,5201.9,5194.3,True,2026-02-27 15:25:00,5194.3,TP,7.6,72.01,6
2026-02-27 15:55:00,2026-02-27 16:00:00,2026-02-27 16:07:00,BOS,short,5196.9,5199.6,5196.9,5192.6,True,2026-02-27 16:07:00,5196.9,BE,0.0,-4.0,7
2026-02-27 16:20:00,2026-02-27 16:29:00,2026-02-27 16:32:00,EXTEND,short,5196.3,5199.6,5196.3,5191.0,True,2026-02-27 16:29:00,5196.3,BE,0.0,-4.0,3
2026-02-27 16:50:00,2026-02-27 16:56:00,2026-02-27 16:58:00,EXTEND,short,5196.8,5199.2,5196.8,5193.0,True,2026-02-27 16:57:00,5196.8,BE,0.0,-4.0,2
2026-02-27 17:10:00,2026-02-27 17:16:00,2026-02-27 17:20:00,EXTEND,short,5196.3,5199.2,5196.3,5191.6,True,2026-02-27 17:17:00,5196.3,BE,0.0,-4.0,4
2026-02-27 18:10:00,2026-02-27 18:17:00,2026-02-27 18:45:00,EXTEND,short,5192.8,5198.3,5192.8,5184.0,True,2026-02-27 18:29:00,5192.8,BE,0.0,-4.0,28
2026-02-27 19:15:00,2026-02-27 19:22:00,2026-02-27 19:26:00,EXTEND,short,5192.0,5194.2,5194.2,5188.4,False,,5194.2,SL,-2.2,-26.16,4
2026-02-27 22:00:00,2026-02-27 22:09:00,2026-02-27 22:21:00,EXTEND,long,5235.8,5228.2,5235.8,5248.0,True,2026-02-27 22:10:00,5248.0,TP,12.2,118.36,12
2026-02-27 22:20:00,2026-02-27 22:31:00,2026-02-27 22:34:00,BOS,long,5242.1,5234.7,5242.1,5254.1,True,2026-02-27 22:32:00,5242.1,BE,0.0,-4.0,3
2026-02-27 23:10:00,2026-02-27 23:17:00,2026-02-27 23:22:00,EXTEND,long,5245.0,5236.8,5236.8,5258.2,False,,5236.8,SL,-8.2,-85.75,5
2026-02-28 00:15:00,2026-02-28 00:22:00,2026-02-28 00:24:00,EXTEND,long,5256.5,5244.0,5244.0,5276.6,False,,5244.0,SL,-12.5,-128.53,2
2026-02-28 01:00:00,2026-02-28 01:05:00,2026-02-28 01:08:00,EXTEND,short,5251.9,5256.9,5251.9,5243.7,True,2026-02-28 01:06:00,5251.9,BE,0.0,-4.0,3
2026-02-28 01:30:00,2026-02-28 01:40:00,2026-02-28 01:42:00,EXTEND,short,5249.5,5256.9,5249.5,5237.4,True,2026-02-28 01:42:00,5249.5,BE,0.0,-4.0,2
2026-02-28 02:00:00,2026-02-28 02:24:00,2026-02-28 02:33:00,EXTEND,long,5244.7,5237.4,5244.7,5256.4,True,2026-02-28 02:29:00,5244.7,BE,0.0,-4.0,9
2026-03-02 10:05:00,2026-03-02 10:12:00,2026-03-02 10:15:00,EXTEND,short,5343.1,5351.8,5343.1,5329.0,True,2026-03-02 10:13:00,5343.1,BE,0.0,-4.0,3
2026-03-02 11:20:00,2026-03-02 11:31:00,2026-03-02 11:31:00,EXTEND,long,5366.3,5362.6,5366.3,5372.4,True,2026-03-02 11:31:00,5372.4,TP,6.1,56.56,0
2026-03-02 12:00:00,2026-03-02 12:05:00,2026-03-02 12:07:00,EXTEND,long,5371.5,5366.2,5371.5,5380.1,True,2026-03-02 12:05:00,5371.5,BE,0.0,-4.0,2
2026-03-02 13:15:00,2026-03-02 13:33:00,2026-03-02 13:35:00,EXTEND,short,5369.5,5379.4,5369.5,5353.6,True,2026-03-02 13:35:00,5369.5,BE,0.0,-4.0,2
2026-03-02 16:30:00,2026-03-02 16:40:00,2026-03-02 16:43:00,EXTEND,long,5422.4,5416.4,5416.4,5432.0,False,,5416.4,SL,-6.0,-63.59,3
2026-03-02 16:40:00,2026-03-02 16:49:00,2026-03-02 16:55:00,MSS,short,5424.2,5432.0,5424.2,5411.5,True,2026-03-02 16:50:00,5411.5,TP,12.7,122.69,6
2026-03-02 17:20:00,2026-03-02 17:32:00,2026-03-02 18:02:00,EXTEND,short,5416.2,5425.9,5416.2,5400.5,True,2026-03-02 17:32:00,5400.5,TP,15.7,152.97,30
2026-03-02 18:40:00,2026-03-02 18:51:00,2026-03-02 18:53:00,EXTEND,long,5405.1,5398.1,5405.1,5416.5,True,2026-03-02 18:52:00,5405.1,BE,0.0,-4.0,2
2026-03-02 19:45:00,2026-03-02 20:05:00,2026-03-02 20:17:00,MSS,short,5404.2,5414.8,5404.2,5387.0,True,2026-03-02 20:16:00,5404.2,BE,0.0,-4.0,12
2026-03-02 21:05:00,2026-03-02 21:11:00,2026-03-02 21:12:00,EXTEND,long,5410.2,5400.7,5400.7,5425.5,False,,5400.7,SL,-9.5,-98.74,1
2026-03-02 21:10:00,2026-03-02 21:20:00,2026-03-02 21:22:00,MSS,short,5414.2,5425.5,5414.2,5396.0,True,2026-03-02 21:21:00,5414.2,BE,0.0,-4.0,2
2026-03-03 00:25:00,2026-03-03 00:35:00,2026-03-03 00:51:00,MSS,long,5307.5,5294.5,5307.5,5328.5,True,2026-03-03 00:38:00,5307.5,BE,0.0,-4.0,16
2026-03-03 01:30:00,2026-03-03 01:49:00,2026-03-03 01:51:00,BOS,long,5317.1,5306.2,5317.1,5334.7,True,2026-03-03 01:51:00,5317.1,BE,0.0,-4.0,2
2026-03-03 02:10:00,2026-03-03 02:16:00,2026-03-03 02:28:00,EXTEND,short,5316.1,5324.2,5316.1,5303.0,True,2026-03-03 02:23:00,5316.1,BE,0.0,-4.0,12
2026-03-03 07:05:00,2026-03-03 07:23:00,2026-03-03 07:31:00,EXTEND,long,5345.4,5335.4,5345.4,5361.6,True,2026-03-03 07:24:00,5345.4,BE,0.0,-4.0,8
2026-03-03 08:30:00,2026-03-03 08:54:00,2026-03-03 09:03:00,EXTEND,long,5360.5,5350.4,5360.5,5376.9,True,2026-03-03 08:54:00,5376.9,TP,16.4,159.77,9
2026-03-03 09:25:00,2026-03-03 09:46:00,2026-03-03 09:47:00,EXTEND,long,5373.4,5360.4,5360.4,5394.5,False,,5360.4,SL,-13.0,-134.26,1
2026-03-03 10:00:00,2026-03-03 10:30:00,2026-03-03 10:44:00,EXTEND,short,5376.1,5394.5,5376.1,5346.3,True,2026-03-03 10:39:00,5376.1,BE,0.0,-4.0,14
2026-03-03 11:20:00,2026-03-03 11:51:00,2026-03-03 12:03:00,EXTEND,long,5377.8,5371.9,5377.8,5387.3,True,2026-03-03 11:58:00,5377.8,BE,0.0,-4.0,12
2026-03-03 12:25:00,2026-03-03 12:49:00,2026-03-03 12:55:00,EXTEND,long,5379.0,5372.7,5379.0,5389.2,True,2026-03-03 12:55:00,5379.0,BE,0.0,-4.0,6
2026-03-03 14:10:00,2026-03-03 14:20:00,2026-03-03 14:40:00,BOS,short,5319.7,5337.0,5319.7,5291.8,True,2026-03-03 14:37:00,5319.8,BE,-0.1,-4.66,20
2026-03-03 16:05:00,2026-03-03 16:15:00,2026-03-03 16:23:00,EXTEND,long,5332.1,5321.7,5332.1,5349.0,True,2026-03-03 16:17:00,5332.1,BE,0.0,-4.0,8
2026-03-03 16:55:00,2026-03-03 17:01:00,2026-03-03 17:04:00,BOS,short,5316.0,5324.2,5316.0,5302.7,True,2026-03-03 17:02:00,5302.7,TP,13.3,128.87,3
2026-03-03 17:05:00,2026-03-03 17:11:00,2026-03-03 17:17:00,EXTEND,short,5313.4,5324.2,5313.4,5295.9,True,2026-03-03 17:12:00,5313.4,BE,0.0,-4.0,6
2026-03-03 17:25:00,2026-03-03 17:52:00,2026-03-03 19:07:00,BOS,short,5285.4,5315.9,5285.4,5236.0,True,2026-03-03 18:37:00,5236.0,TP,49.4,489.78,75
2026-03-03 20:55:00,2026-03-03 21:00:00,2026-03-03 21:01:00,BOS,long,5217.8,5206.0,5206.0,5236.8,False,,5206.0,SL,-11.8,-121.66,1
2026-03-04 01:35:00,2026-03-04 02:02:00,2026-03-04 02:28:00,EXTEND,short,5103.5,5121.0,5121.0,5075.1,False,,5121.0,SL,-17.5,-179.34,26
2026-03-04 03:00:00,2026-03-04 03:05:00,2026-03-04 03:07:00,BOS,long,5149.3,5141.8,5149.3,5161.4,True,2026-03-04 03:05:00,5149.3,BE,0.0,-4.0,2
2026-03-04 08:00:00,2026-03-04 08:12:00,2026-03-04 08:18:00,MSS,short,5127.7,5136.0,5127.7,5114.4,True,2026-03-04 08:13:00,5127.7,BE,0.0,-4.0,6
2026-03-04 08:45:00,2026-03-04 08:54:00,2026-03-04 09:00:00,EXTEND,long,5137.6,5130.6,5137.6,5149.0,True,2026-03-04 08:55:00,5149.0,TP,11.4,109.71,6
2026-03-04 10:10:00,2026-03-04 10:24:00,2026-03-04 10:27:00,EXTEND,long,5186.2,5177.4,5186.2,5200.5,True,2026-03-04 10:26:00,5186.2,BE,0.0,-4.0,3
2026-03-04 12:10:00,2026-03-04 12:23:00,2026-03-04 12:31:00,EXTEND,long,5172.8,5162.3,5172.8,5189.8,True,2026-03-04 12:25:00,5172.8,BE,0.0,-4.0,8
2026-03-04 12:40:00,2026-03-04 12:46:00,2026-03-04 13:05:00,MSS,short,5172.8,5180.5,5172.8,5160.4,True,2026-03-04 12:46:00,5160.4,TP,12.4,120.22,19
2026-03-04 13:05:00,2026-03-04 13:10:00,2026-03-04 13:11:00,EXTEND,short,5168.4,5173.4,5173.4,5160.3,False,,5173.4,SL,-5.0,-54.04,1
2026-03-04 14:05:00,2026-03-04 14:12:00,2026-03-04 14:16:00,EXTEND,short,5158.7,5177.3,5158.7,5128.5,True,2026-03-04 14:14:00,5158.7,BE,0.0,-4.0,4
2026-03-04 15:45:00,2026-03-04 15:57:00,2026-03-04 15:59:00,BOS,long,5178.4,5173.7,5178.4,5186.0,True,2026-03-04 15:57:00,5178.4,BE,0.0,-4.0,2
2026-03-04 16:05:00,2026-03-04 16:23:00,2026-03-04 16:30:00,EXTEND,short,5175.2,5186.0,5175.2,5157.7,True,2026-03-04 16:26:00,5175.2,BE,0.0,-4.0,7
2026-03-04 16:45:00,2026-03-04 17:00:00,2026-03-04 17:06:00,MSS,long,5171.1,5157.7,5171.1,5192.9,True,2026-03-04 17:01:00,5171.1,BE,0.0,-4.0,6
2026-03-04 18:15:00,2026-03-04 18:30:00,2026-03-04 18:35:00,EXTEND,long,5197.5,5187.0,5197.5,5214.6,True,2026-03-04 18:34:00,5197.5,BE,0.0,-4.0,5
2026-03-04 19:10:00,2026-03-04 19:18:00,2026-03-04 19:20:00,BOS,long,5202.8,5199.3,5202.8,5208.5,True,2026-03-04 19:19:00,5202.8,BE,0.0,-4.0,2
2026-03-04 19:35:00,2026-03-04 19:40:00,2026-03-04 19:51:00,EXTEND,long,5206.2,5202.0,5202.0,5213.1,False,,5202.0,SL,-4.2,-46.4,11
2026-03-04 20:00:00,2026-03-04 20:15:00,2026-03-04 20:16:00,BOS,long,5206.5,5199.3,5199.3,5218.2,False,,5199.3,SL,-7.2,-76.2,1
2026-03-04 21:10:00,2026-03-04 21:56:00,2026-03-04 22:03:00,EXTEND,long,5184.9,5170.9,5184.9,5207.5,True,2026-03-04 22:01:00,5184.9,BE,0.0,-4.0,7
2026-03-04 22:25:00,2026-03-04 22:32:00,2026-03-04 22:37:00,EXTEND,short,5190.3,5203.4,5190.3,5169.2,True,2026-03-04 22:36:00,5190.3,BE,0.0,-4.0,5
2026-03-04 23:10:00,2026-03-04 23:22:00,2026-03-04 23:25:00,BOS,short,5160.6,5173.3,5160.6,5140.1,True,2026-03-04 23:24:00,5160.6,BE,0.0,-4.0,3
2026-03-05 00:20:00,2026-03-05 00:34:00,2026-03-05 00:38:00,BOS,short,5163.6,5172.9,5163.6,5148.6,True,2026-03-05 00:37:00,5163.6,BE,0.0,-4.0,4
2026-03-05 01:20:00,2026-03-05 01:25:00,2026-03-05 01:28:00,BOS,short,5150.3,5161.9,5150.3,5131.5,True,2026-03-05 01:27:00,5150.3,BE,0.0,-4.0,3
2026-03-05 03:30:00,2026-03-05 03:41:00,2026-03-05 03:43:00,EXTEND,short,5142.2,5147.7,5142.2,5133.3,True,2026-03-05 03:41:00,5142.2,BE,0.0,-4.0,2
2026-03-05 08:20:00,2026-03-05 08:48:00,2026-03-05 08:58:00,EXTEND,long,5178.5,5170.6,5178.5,5191.2,True,2026-03-05 08:48:00,5178.5,BE,0.0,-4.0,10
2026-03-05 09:10:00,2026-03-05 09:20:00,2026-03-05 09:23:00,EXTEND,long,5185.4,5177.7,5185.4,5197.9,True,2026-03-05 09:20:00,5185.4,BE,0.0,-4.0,3
2026-03-05 10:20:00,2026-03-05 10:39:00,2026-03-05 10:41:00,EXTEND,long,5187.9,5182.0,5187.9,5197.4,True,2026-03-05 10:40:00,5187.9,BE,0.0,-4.0,2
2026-03-05 11:05:00,2026-03-05 11:30:00,2026-03-05 11:56:00,EXTEND,long,5191.4,5183.3,5191.4,5204.5,True,2026-03-05 11:30:00,5191.4,BE,0.0,-4.0,26
2026-03-05 12:00:00,2026-03-05 12:12:00,2026-03-05 12:15:00,EXTEND,short,5194.4,5200.0,5194.4,5185.4,True,2026-03-05 12:14:00,5194.4,BE,0.0,-4.0,3
2026-03-05 14:10:00,2026-03-05 14:37:00,2026-03-05 15:02:00,EXTEND,short,5159.7,5178.4,5178.4,5129.4,False,,5178.4,SL,-18.7,-191.18,25
2026-03-05 16:20:00,2026-03-05 16:35:00,2026-03-05 16:45:00,EXTEND,short,5164.3,5175.4,5175.4,5146.3,False,,5175.4,SL,-11.1,-115.16,10
2026-03-06 07:00:00,2026-03-06 07:06:00,2026-03-06 07:53:00,EXTEND,long,5095.3,5081.9,5095.3,5117.0,True,2026-03-06 07:18:00,5095.3,BE,0.0,-4.0,47
2026-03-06 08:50:00,2026-03-06 09:00:00,2026-03-06 09:00:00,BOS,long,5089.4,5083.8,5083.8,5098.4,False,,5083.8,SL,-5.6,-59.77,0
2026-03-06 09:00:00,2026-03-06 09:06:00,2026-03-06 09:12:00,MSS,short,5089.1,5098.4,5089.1,5074.1,True,2026-03-06 09:07:00,5089.1,BE,0.0,-4.0,6
2026-03-06 11:20:00,2026-03-06 11:40:00,2026-03-06 12:26:00,EXTEND,long,5137.7,5130.3,5137.7,5149.8,True,2026-03-06 11:43:00,5137.7,BE,0.0,-4.0,46
2026-03-06 12:25:00,2026-03-06 12:33:00,2026-03-06 12:42:00,MSS,short,5141.8,5145.4,5141.8,5136.1,True,2026-03-06 12:33:00,5141.8,BE,0.0,-4.0,9
2026-03-06 13:25:00,2026-03-06 13:30:00,2026-03-06 13:30:00,MSS,long,5134.4,5131.5,5131.5,5139.2,False,,5131.5,SL,-2.9,-33.41,0
2026-03-06 14:00:00,2026-03-06 14:24:00,2026-03-06 14:43:00,EXTEND,short,5131.1,5139.2,5131.1,5118.0,True,2026-03-06 14:28:00,5131.1,BE,0.0,-4.0,19
2026-03-06 15:05:00,2026-03-06 15:20:00,2026-03-06 15:23:00,EXTEND,short,5124.7,5131.3,5124.7,5114.0,True,2026-03-06 15:22:00,5124.7,BE,0.0,-4.0,3
2026-03-06 16:05:00,2026-03-06 16:12:00,2026-03-06 16:15:00,EXTEND,long,5122.6,5116.5,5122.6,5132.4,True,2026-03-06 16:14:00,5122.6,BE,0.0,-4.0,3
2026-03-06 16:30:00,2026-03-06 16:45:00,2026-03-06 17:13:00,EXTEND,short,5118.0,5126.4,5118.0,5104.4,True,2026-03-06 17:00:00,5104.4,TP,13.6,131.96,28
2026-03-06 17:35:00,2026-03-06 17:43:00,2026-03-06 17:53:00,BOS,short,5105.1,5112.5,5105.1,5093.0,True,2026-03-06 17:46:00,5093.0,TP,12.1,116.51,10
2026-03-06 18:05:00,2026-03-06 18:29:00,2026-03-06 18:55:00,EXTEND,short,5101.7,5112.5,5101.7,5084.1,True,2026-03-06 18:29:00,5101.7,BE,0.0,-4.0,26
2026-03-06 19:30:00,2026-03-06 19:43:00,2026-03-06 19:54:00,EXTEND,long,5096.9,5089.2,5089.2,5109.4,False,,5089.2,SL,-7.7,-81.16,11
2026-03-06 19:55:00,2026-03-06 20:09:00,2026-03-06 21:25:00,EXTEND,short,5094.5,5109.4,5094.5,5070.5,True,2026-03-06 21:00:00,5094.5,BE,0.0,-4.0,76
2026-03-06 21:35:00,2026-03-06 21:56:00,2026-03-06 22:04:00,EXTEND,long,5098.8,5073.2,5098.8,5140.2,True,2026-03-06 22:02:00,5098.8,BE,0.0,-4.0,8
2026-03-06 23:25:00,2026-03-06 23:44:00,2026-03-06 23:46:00,EXTEND,long,5160.2,5146.8,5160.2,5181.9,True,2026-03-06 23:44:00,5160.2,BE,0.0,-4.0,2
2026-03-07 00:35:00,2026-03-07 00:43:00,2026-03-07 00:46:00,MSS,short,5149.9,5156.2,5156.2,5139.6,False,,5156.2,SL,-6.3,-67.41,3
2026-03-07 01:35:00,2026-03-07 01:40:00,2026-03-07 01:43:00,EXTEND,long,5152.4,5146.5,5146.5,5161.9,False,,5146.5,SL,-5.9,-62.83,3
2026-03-07 03:15:00,2026-03-07 03:30:00,2026-03-07 03:34:00,EXTEND,long,5172.7,5165.6,5172.7,5184.3,True,2026-03-07 03:32:00,5172.7,BE,0.0,-4.0,4
2026-03-09 08:45:00,2026-03-09 08:59:00,2026-03-09 09:00:00,BOS,short,5057.1,5067.6,5057.1,5040.1,True,2026-03-09 09:00:00,5040.1,TP,17.0,165.95,1
2026-03-09 09:00:00,2026-03-09 09:05:00,2026-03-09 09:11:00,EXTEND,short,5049.7,5067.6,5067.6,5020.8,False,,5067.6,SL,-17.9,-182.78,6
2026-03-09 10:00:00,2026-03-09 10:06:00,2026-03-09 10:10:00,MSS,short,5078.4,5089.0,5089.0,5061.3,False,,5089.0,SL,-10.6,-109.81,4
2026-03-09 12:05:00,2026-03-09 12:14:00,2026-03-09 12:17:00,BOS,long,5097.2,5093.2,5097.2,5103.7,True,2026-03-09 12:16:00,5097.2,BE,0.0,-4.0,3
2026-03-09 13:05:00,2026-03-09 13:18:00,2026-03-09 13:22:00,EXTEND,long,5098.0,5091.3,5098.0,5108.8,True,2026-03-09 13:21:00,5108.8,TP,10.8,104.15,4
2026-03-09 13:20:00,2026-03-09 13:30:00,2026-03-09 13:33:00,EXTEND,long,5099.3,5091.3,5099.3,5112.2,True,2026-03-09 13:30:00,5112.2,TP,12.9,125.16,3
2026-03-09 15:25:00,2026-03-09 15:34:00,2026-03-09 15:41:00,EXTEND,long,5107.1,5102.5,5107.1,5114.6,True,2026-03-09 15:34:00,5114.6,TP,7.5,70.78,7
2026-03-09 16:00:00,2026-03-09 16:07:00,2026-03-09 16:08:00,BOS,long,5107.7,5101.0,5107.7,5118.5,True,2026-03-09 16:08:00,5107.7,BE,0.0,-4.0,1
2026-03-09 16:30:00,2026-03-09 16:49:00,2026-03-09 16:51:00,EXTEND,short,5106.8,5114.4,5106.8,5094.6,True,2026-03-09 16:50:00,5106.8,BE,0.0,-4.0,2
2026-03-09 16:50:00,2026-03-09 16:56:00,2026-03-09 17:02:00,EXTEND,long,5102.0,5096.6,5102.0,5110.8,True,2026-03-09 16:58:00,5110.8,TP,8.8,83.76,6
2026-03-09 17:30:00,2026-03-09 17:44:00,2026-03-09 18:31:00,EXTEND,long,5115.8,5100.3,5100.3,5140.8,False,,5100.3,SL,-15.5,-158.71,47
2026-03-09 21:20:00,2026-03-09 21:26:00,2026-03-09 21:28:00,BOS,short,5101.0,5106.4,5101.0,5092.3,True,2026-03-09 21:26:00,5101.0,BE,0.0,-4.0,2
2026-03-09 21:35:00,2026-03-09 21:40:00,2026-03-09 21:41:00,EXTEND,long,5102.8,5092.3,5092.3,5119.7,False,,5092.3,SL,-10.5,-108.67,1
2026-03-09 22:45:00,2026-03-09 23:08:00,2026-03-10 02:36:00,EXTEND,long,5089.3,5067.4,5089.3,5124.7,True,2026-03-09 23:13:00,5124.7,TP,35.4,350.11,208
2026-03-10 03:20:00,2026-03-10 03:35:00,2026-03-10 03:37:00,EXTEND,long,5138.1,5128.0,5138.1,5154.4,True,2026-03-10 03:36:00,5138.1,BE,0.0,-4.0,2
2026-03-10 07:15:00,2026-03-10 07:23:00,2026-03-10 07:27:00,BOS,long,5154.7,5147.7,5154.7,5166.0,True,2026-03-10 07:23:00,5154.7,BE,0.0,-4.0,4
2026-03-10 08:30:00,2026-03-10 08:36:00,2026-03-10 08:37:00,EXTEND,short,5145.0,5151.5,5145.0,5134.6,True,2026-03-10 08:37:00,5145.0,BE,0.0,-4.0,1
2026-03-10 13:30:00,2026-03-10 13:40:00,2026-03-10 13:41:00,MSS,short,5179.0,5180.8,5180.8,5176.1,False,,5180.8,SL,-1.8,-21.95,1
2026-03-10 14:10:00,2026-03-10 14:28:00,2026-03-10 14:58:00,EXTEND,long,5182.6,5178.0,5182.6,5190.0,True,2026-03-10 14:29:00,5182.6,BE,0.0,-4.0,30
2026-03-10 15:20:00,2026-03-10 15:37:00,2026-03-10 15:45:00,EXTEND,short,5180.2,5188.1,5188.1,5167.4,False,,5188.1,SL,-7.9,-83.07,8
2026-03-10 16:45:00,2026-03-10 16:56:00,2026-03-10 16:57:00,EXTEND,long,5192.2,5185.0,5192.2,5203.9,True,2026-03-10 16:57:00,5192.2,BE,0.0,-4.0,1
2026-03-10 18:05:00,2026-03-10 18:10:00,2026-03-10 18:18:00,EXTEND,short,5192.9,5198.3,5192.9,5184.2,True,2026-03-10 18:10:00,5184.2,TP,8.7,83.14,8
2026-03-10 18:35:00,2026-03-10 18:49:00,2026-03-10 19:04:00,EXTEND,short,5181.6,5191.4,5191.4,5165.7,False,,5191.4,SL,-9.8,-102.17,15
2026-03-10 20:05:00,2026-03-10 20:19:00,2026-03-10 20:25:00,EXTEND,short,5182.1,5188.8,5188.8,5171.2,False,,5188.8,SL,-6.7,-71.23,6
2026-03-10 21:25:00,2026-03-10 21:46:00,2026-03-10 22:06:00,EXTEND,long,5208.5,5189.9,5208.5,5238.7,True,2026-03-10 21:49:00,5208.5,BE,0.0,-4.0,20
2026-03-10 22:10:00,2026-03-10 22:16:00,2026-03-10 23:02:00,EXTEND,short,5212.9,5224.7,5224.7,5193.7,False,,5224.7,SL,-11.8,-122.42,46
2026-03-11 07:45:00,2026-03-11 07:54:00,2026-03-11 07:59:00,EXTEND,short,5200.6,5203.9,5203.9,5195.3,False,,5203.9,SL,-3.3,-36.85,5
2026-03-11 07:55:00,2026-03-11 08:03:00,2026-03-11 08:05:00,MSS,long,5198.9,5195.3,5195.3,5204.8,False,,5195.3,SL,-3.6,-40.29,2
2026-03-11 09:00:00,2026-03-11 09:09:00,2026-03-11 09:20:00,EXTEND,long,5220.9,5214.8,5220.9,5230.8,True,2026-03-11 09:11:00,5230.8,TP,9.9,94.88,11
2026-03-11 09:20:00,2026-03-11 09:25:00,2026-03-11 09:27:00,EXTEND,long,5221.1,5214.8,5221.1,5231.2,True,2026-03-11 09:27:00,5221.1,BE,0.0,-4.0,2
2026-03-11 10:10:00,2026-03-11 10:42:00,2026-03-11 10:52:00,EXTEND,short,5216.6,5225.7,5225.7,5201.8,False,,5225.7,SL,-9.1,-95.3,10
2026-03-11 11:00:00,2026-03-11 11:24:00,2026-03-11 11:53:00,EXTEND,long,5216.9,5209.5,5209.5,5228.9,False,,5209.5,SL,-7.4,-78.11,29
2026-03-11 11:50:00,2026-03-11 12:14:00,2026-03-11 12:33:00,EXTEND,short,5214.1,5218.1,5214.1,5207.5,True,2026-03-11 12:33:00,5214.1,BE,0.0,-4.0,19
2026-03-11 13:30:00,2026-03-11 13:35:00,2026-03-11 13:44:00,EXTEND,short,5209.6,5216.7,5209.6,5198.0,True,2026-03-11 13:43:00,5209.6,BE,0.0,-4.0,9
2026-03-11 14:15:00,2026-03-11 14:34:00,2026-03-11 14:37:00,EXTEND,long,5209.6,5204.1,5209.6,5218.4,True,2026-03-11 14:36:00,5209.6,BE,0.0,-4.0,3
2026-03-11 14:40:00,2026-03-11 15:04:00,2026-03-11 15:07:00,EXTEND,short,5209.0,5215.0,5209.0,5199.2,True,2026-03-11 15:05:00,5209.0,BE,0.0,-4.0,3
2026-03-11 15:40:00,2026-03-11 15:47:00,2026-03-11 15:48:00,EXTEND,short,5201.0,5206.5,5201.0,5192.2,True,2026-03-11 15:47:00,5201.0,BE,0.0,-4.0,1
2026-03-11 16:10:00,2026-03-11 16:18:00,2026-03-11 16:21:00,MSS,long,5200.1,5196.0,5196.0,5206.7,False,,5196.0,SL,-4.1,-44.87,3
2026-03-11 16:35:00,2026-03-11 17:20:00,2026-03-11 17:31:00,EXTEND,short,5197.5,5206.7,5197.5,5182.6,True,2026-03-11 17:21:00,5197.5,BE,0.0,-4.0,11
2026-03-11 18:00:00,2026-03-11 18:09:00,2026-03-11 18:30:00,EXTEND,short,5200.8,5204.9,5200.8,5194.1,True,2026-03-11 18:24:00,5194.1,TP,6.7,62.74,21
2026-03-11 18:40:00,2026-03-11 18:50:00,2026-03-11 19:00:00,EXTEND,short,5196.0,5203.0,5196.0,5184.8,True,2026-03-11 18:57:00,5196.0,BE,0.0,-4.0,10
2026-03-11 19:00:00,2026-03-11 19:06:00,2026-03-11 19:09:00,MSS,long,5195.9,5192.7,5195.9,5201.2,True,2026-03-11 19:07:00,5195.9,BE,0.0,-4.0,3
2026-03-11 19:05:00,2026-03-11 19:14:00,2026-03-11 19:17:00,EXTEND,long,5196.0,5192.7,5196.0,5201.3,True,2026-03-11 19:15:00,5196.0,BE,0.0,-4.0,3
2026-03-11 19:25:00,2026-03-11 19:37:00,2026-03-11 19:41:00,EXTEND,short,5195.9,5201.3,5195.9,5187.2,True,2026-03-11 19:38:00,5195.9,BE,0.0,-4.0,4
2026-03-11 19:55:00,2026-03-11 20:02:00,2026-03-11 20:09:00,BOS,short,5191.6,5196.9,5196.9,5183.0,False,,5196.9,SL,-5.3,-57.1,7
2026-03-11 20:15:00,2026-03-11 20:33:00,2026-03-11 20:34:00,EXTEND,long,5190.8,5183.0,5190.8,5203.3,True,2026-03-11 20:34:00,5190.8,BE,0.0,-4.0,1
2026-03-11 20:55:00,2026-03-11 21:04:00,2026-03-11 21:20:00,BOS,short,5183.5,5189.9,5189.9,5173.2,False,,5189.9,SL,-6.4,-67.79,16
2026-03-12 06:55:00,2026-03-12 07:13:00,2026-03-12 08:00:00,BOS,short,5159.6,5174.5,5159.6,5135.6,True,2026-03-12 07:35:00,5135.6,TP,24.0,236.4,47
2026-03-12 08:05:00,2026-03-12 08:15:00,2026-03-12 08:25:00,EXTEND,short,5148.1,5159.2,5159.2,5130.1,False,,5159.2,SL,-11.1,-115.16,10
2026-03-12 09:00:00,2026-03-12 09:05:00,2026-03-12 09:06:00,BOS,long,5163.0,5157.2,5157.2,5172.3,False,,5157.2,SL,-5.8,-61.68,1
2026-03-12 12:15:00,2026-03-12 12:20:00,2026-03-12 12:20:00,MSS,long,5157.9,5156.9,5156.9,5159.4,False,,5156.9,SL,-1.0,-13.55,0
2026-03-12 12:20:00,2026-03-12 12:28:00,2026-03-12 12:34:00,MSS,short,5157.8,5159.4,5157.8,5155.1,True,2026-03-12 12:29:00,5155.1,TP,2.7,22.57,6
2026-03-12 13:10:00,2026-03-12 13:20:00,2026-03-12 13:22:00,EXTEND,long,5148.6,5145.3,5148.6,5154.0,True,2026-03-12 13:21:00,5148.6,BE,0.0,-4.0,2
2026-03-12 14:15:00,2026-03-12 14:23:00,2026-03-12 14:24:00,MSS,short,5159.0,5161.0,5161.0,5155.8,False,,5161.0,SL,-2.0,-23.86,1
2026-03-12 16:00:00,2026-03-12 16:48:00,2026-03-12 16:52:00,EXTEND,long,5182.4,5174.2,5182.4,5195.7,True,2026-03-12 16:49:00,5182.4,BE,-0.0,-4.13,4
2026-03-12 18:05:00,2026-03-12 18:15:00,2026-03-12 18:22:00,EXTEND,long,5192.5,5189.1,5189.1,5197.9,False,,5189.1,SL,-3.4,-37.62,7
2026-03-12 19:20:00,2026-03-12 19:27:00,2026-03-12 19:30:00,EXTEND,short,5185.4,5189.6,5185.4,5178.6,True,2026-03-12 19:27:00,5185.4,BE,0.0,-4.0,3
2026-03-12 19:45:00,2026-03-12 19:50:00,2026-03-12 19:53:00,EXTEND,long,5183.7,5181.4,5183.7,5187.4,True,2026-03-12 19:51:00,5183.7,BE,0.0,-4.0,3
2026-03-12 20:20:00,2026-03-12 20:31:00,2026-03-12 20:32:00,EXTEND,short,5180.3,5187.2,5180.3,5169.1,True,2026-03-12 20:31:00,5180.3,BE,0.0,-4.0,1
2026-03-12 21:00:00,2026-03-12 21:17:00,2026-03-12 21:22:00,EXTEND,long,5181.4,5174.5,5174.5,5192.6,False,,5174.5,SL,-6.9,-73.14,5
2026-03-12 22:00:00,2026-03-12 22:19:00,2026-03-12 22:21:00,MSS,long,5159.0,5152.0,5159.0,5170.2,True,2026-03-12 22:19:00,5159.0,BE,0.0,-4.0,2
2026-03-12 22:35:00,2026-03-12 22:46:00,2026-03-12 22:49:00,EXTEND,short,5158.8,5166.7,5158.8,5145.9,True,2026-03-12 22:47:00,5145.9,TP,12.9,124.54,3
2026-03-12 23:10:00,2026-03-12 23:27:00,2026-03-12 23:39:00,EXTEND,short,5137.2,5150.8,5137.2,5115.2,True,2026-03-12 23:30:00,5137.2,BE,0.0,-4.0,12
2026-03-13 00:10:00,2026-03-13 00:15:00,2026-03-13 00:18:00,EXTEND,short,5135.6,5141.0,5135.6,5126.9,True,2026-03-13 00:17:00,5135.6,BE,0.0,-4.0,3
2026-03-13 03:00:00,2026-03-13 03:05:00,2026-03-13 03:08:00,BOS,short,5097.5,5105.3,5097.5,5084.8,True,2026-03-13 03:07:00,5097.5,BE,0.0,-4.0,3
2026-03-13 06:55:00,2026-03-13 07:02:00,2026-03-13 07:05:00,BOS,long,5092.8,5088.8,5092.8,5099.4,True,2026-03-13 07:03:00,5099.4,TP,6.6,61.51,3
2026-03-13 07:20:00,2026-03-13 07:29:00,2026-03-13 07:30:00,BOS,long,5096.6,5093.1,5096.6,5102.3,True,2026-03-13 07:30:00,5096.6,BE,0.0,-4.0,1
2026-03-13 09:30:00,2026-03-13 09:44:00,2026-03-13 09:45:00,EXTEND,long,5114.1,5107.3,5114.1,5125.2,True,2026-03-13 09:45:00,5114.1,BE,0.0,-4.0,1
2026-03-13 09:45:00,2026-03-13 09:56:00,2026-03-13 09:58:00,EXTEND,short,5120.0,5125.2,5125.2,5111.5,False,,5125.2,SL,-5.2,-56.33,2
2026-03-13 10:00:00,2026-03-13 10:23:00,2026-03-13 10:46:00,EXTEND,long,5119.5,5111.5,5119.5,5132.4,True,2026-03-13 10:23:00,5119.5,BE,0.0,-4.0,23
2026-03-13 12:00:00,2026-03-13 12:20:00,2026-03-13 12:24:00,EXTEND,long,5113.7,5109.0,5109.0,5121.4,False,,5109.0,SL,-4.7,-51.37,4
2026-03-13 13:15:00,2026-03-13 13:29:00,2026-03-13 13:30:00,EXTEND,long,5108.5,5105.6,5108.5,5113.3,True,2026-03-13 13:29:00,5108.5,BE,0.0,-4.0,1
2026-03-13 13:30:00,2026-03-13 13:37:00,2026-03-13 13:42:00,EXTEND,long,5109.1,5105.6,5109.1,5114.8,True,2026-03-13 13:39:00,5109.1,BE,0.0,-4.0,5
2026-03-13 13:55:00,2026-03-13 14:03:00,2026-03-13 14:12:00,EXTEND,short,5109.3,5114.8,5109.3,5100.4,True,2026-03-13 14:10:00,5109.3,BE,0.0,-4.0,9
2026-03-13 15:20:00,2026-03-13 15:29:00,2026-03-13 15:56:00,EXTEND,short,5089.7,5098.4,5089.7,5075.6,True,2026-03-13 15:55:00,5089.7,BE,0.0,-4.0,27
2026-03-13 16:20:00,2026-03-13 16:38:00,2026-03-13 16:49:00,EXTEND,short,5085.5,5097.6,5085.5,5066.0,True,2026-03-13 16:43:00,5085.5,BE,0.0,-4.0,11
2026-03-13 17:05:00,2026-03-13 17:42:00,2026-03-13 18:33:00,EXTEND,long,5088.7,5080.6,5088.7,5101.9,True,2026-03-13 17:45:00,5088.7,BE,0.0,-4.0,51
2026-03-13 18:30:00,2026-03-13 18:47:00,2026-03-13 18:50:00,MSS,short,5095.2,5101.5,5101.5,5085.0,False,,5101.5,SL,-6.3,-67.03,3
2026-03-13 18:50:00,2026-03-13 19:10:00,2026-03-13 19:56:00,EXTEND,long,5092.1,5085.0,5092.1,5103.5,True,2026-03-13 19:13:00,5103.5,TP,11.4,110.33,46
2026-03-13 20:45:00,2026-03-13 21:03:00,2026-03-13 21:09:00,BOS,long,5119.6,5114.2,5119.6,5128.4,True,2026-03-13 21:03:00,5119.6,BE,0.0,-4.0,6
2026-03-13 21:35:00,2026-03-13 21:44:00,2026-03-13 21:45:00,EXTEND,short,5114.0,5121.2,5121.2,5102.4,False,,5121.2,SL,-7.2,-75.82,1
2026-03-13 22:00:00,2026-03-13 22:05:00,2026-03-13 22:14:00,EXTEND,short,5112.5,5121.2,5112.5,5098.4,True,2026-03-13 22:07:00,5098.4,TP,14.1,136.9,9
2026-03-14 00:05:00,2026-03-14 00:36:00,2026-03-14 00:51:00,EXTEND,short,5053.9,5072.8,5053.9,5023.2,True,2026-03-14 00:44:00,5053.9,BE,0.0,-4.0,15
2026-03-14 01:35:00,2026-03-14 01:42:00,2026-03-14 01:46:00,EXTEND,long,5055.6,5047.7,5055.6,5068.5,True,2026-03-14 01:44:00,5055.6,BE,0.0,-4.0,4
2026-03-14 02:25:00,2026-03-14 02:30:00,2026-03-14 02:38:00,EXTEND,short,5050.1,5056.2,5050.1,5040.2,True,2026-03-14 02:37:00,5050.1,BE,0.0,-4.0,8
2026-03-17 00:35:00,2026-03-17 00:43:00,2026-03-17 00:49:00,EXTEND,short,4994.4,5004.2,4994.4,4978.5,True,2026-03-17 00:45:00,4994.4,BE,0.0,-4.0,6
2026-03-17 03:10:00,2026-03-17 07:22:00,2026-03-17 07:45:00,EXTEND,long,5012.2,5003.3,5012.2,5026.5,True,2026-03-17 07:26:00,5012.2,BE,0.0,-4.0,23
2026-03-17 07:55:00,2026-03-17 08:03:00,2026-03-17 08:08:00,EXTEND,long,5011.4,5005.5,5011.4,5020.9,True,2026-03-17 08:06:00,5011.4,BE,0.0,-4.0,5
2026-03-17 09:00:00,2026-03-17 09:09:00,2026-03-17 09:36:00,EXTEND,short,5012.3,5020.9,5020.9,4998.4,False,,5020.9,SL,-8.6,-89.95,27
2026-03-17 10:40:00,2026-03-17 10:49:00,2026-03-17 10:50:00,BOS,long,5028.7,5025.8,5025.8,5033.5,False,,5025.8,SL,-2.9,-33.41,1
2026-03-17 12:40:00,2026-03-17 13:10:00,2026-03-17 13:16:00,EXTEND,long,5036.9,5030.5,5036.9,5047.3,True,2026-03-17 13:11:00,5047.3,TP,10.4,99.82,6
2026-03-17 13:15:00,2026-03-17 13:40:00,2026-03-17 13:44:00,EXTEND,long,5037.7,5030.5,5037.7,5049.4,True,2026-03-17 13:43:00,5037.7,BE,0.0,-4.0,4
2026-03-17 16:15:00,2026-03-17 16:24:00,2026-03-17 16:27:00,BOS,long,5025.5,5022.6,5025.5,5030.1,True,2026-03-17 16:25:00,5025.5,BE,0.0,-4.0,3
2026-03-17 17:55:00,2026-03-17 18:01:00,2026-03-17 18:02:00,BOS,short,5017.9,5020.2,5020.2,5014.1,False,,5020.2,SL,-2.3,-27.3,1
2026-03-17 19:45:00,2026-03-17 19:59:00,2026-03-17 20:06:00,EXTEND,long,5006.5,5000.7,5006.5,5015.9,True,2026-03-17 20:04:00,5006.5,BE,0.0,-4.0,7
2026-03-17 21:40:00,2026-03-17 21:51:00,2026-03-17 21:53:00,EXTEND,long,5023.5,5015.3,5015.3,5036.8,False,,5015.3,SL,-8.2,-86.13,2
2026-03-17 22:30:00,2026-03-17 22:44:00,2026-03-17 23:01:00,EXTEND,short,5019.0,5026.3,5019.0,5007.2,True,2026-03-17 22:53:00,5019.0,BE,0.0,-4.0,17
2026-03-17 23:40:00,2026-03-18 00:01:00,2026-03-18 00:18:00,EXTEND,short,5003.5,5019.7,5003.5,4977.3,True,2026-03-18 00:02:00,5003.5,BE,0.0,-4.0,17
2026-03-18 00:50:00,2026-03-18 00:56:00,2026-03-18 01:00:00,EXTEND,short,5007.1,5010.4,5007.1,5001.8,True,2026-03-18 00:59:00,5007.1,BE,0.0,-4.0,4
2026-03-18 01:20:00,2026-03-18 01:29:00,2026-03-18 01:40:00,EXTEND,long,5006.4,5001.8,5006.4,5013.8,True,2026-03-18 01:30:00,5006.4,BE,0.0,-4.0,11
2026-03-18 01:45:00,2026-03-18 01:54:00,2026-03-18 01:56:00,EXTEND,short,5007.1,5011.0,5007.1,5000.8,True,2026-03-18 01:54:00,5007.1,BE,0.0,-4.0,2
2026-03-18 02:30:00,2026-03-18 02:46:00,2026-03-18 03:20:00,EXTEND,short,5009.8,5013.6,5009.8,5003.7,True,2026-03-18 02:55:00,5003.7,TP,6.1,57.18,34
2026-03-18 07:30:00,2026-03-18 07:40:00,2026-03-18 08:03:00,MSS,long,5004.7,5002.6,5004.7,5008.1,True,2026-03-18 07:40:00,5008.1,TP,3.4,29.99,23
2026-03-18 08:10:00,2026-03-18 08:20:00,2026-03-18 08:24:00,EXTEND,long,5009.7,5004.7,5009.7,5017.8,True,2026-03-18 08:23:00,5009.7,BE,0.0,-4.0,4
2026-03-18 09:20:00,2026-03-18 09:29:00,2026-03-18 09:34:00,EXTEND,long,5012.6,5007.2,5012.6,5021.3,True,2026-03-18 09:33:00,5012.6,BE,0.0,-4.0,5
2026-03-18 10:20:00,2026-03-18 10:30:00,2026-03-18 10:33:00,EXTEND,long,5003.9,4999.7,5003.9,5010.6,True,2026-03-18 10:31:00,5003.9,BE,0.0,-4.0,3
2026-03-18 11:00:00,2026-03-18 11:37:00,2026-03-18 11:42:00,EXTEND,short,5000.3,5007.5,5000.3,4988.7,True,2026-03-18 11:40:00,5000.3,BE,0.0,-4.0,5
2026-03-18 12:55:00,2026-03-18 13:04:00,2026-03-18 13:05:00,MSS,long,4987.8,4986.1,4987.8,4990.5,True,2026-03-18 13:05:00,4990.5,TP,2.7,23.19,1
2026-03-18 13:10:00,2026-03-18 13:18:00,2026-03-18 13:23:00,EXTEND,long,4989.5,4986.1,4989.5,4995.1,True,2026-03-18 13:20:00,4995.1,TP,5.6,51.62,5
2026-03-18 13:20:00,2026-03-18 13:32:00,2026-03-18 13:34:00,BOS,long,4991.7,4988.8,4991.7,4996.3,True,2026-03-18 13:33:00,4996.3,TP,4.6,42.35,2
2026-03-18 14:35:00,2026-03-18 14:51:00,2026-03-18 14:53:00,EXTEND,long,5014.4,5010.5,5014.4,5020.6,True,2026-03-18 14:52:00,5014.4,BE,0.0,-4.0,2
2026-03-18 16:20:00,2026-03-18 16:33:00,2026-03-18 16:45:00,BOS,short,4995.0,4999.7,4995.0,4987.5,True,2026-03-18 16:36:00,4987.5,TP,7.5,71.4,12
2026-03-18 16:45:00,2026-03-18 16:50:00,2026-03-18 16:55:00,EXTEND,short,4992.6,4999.7,4992.6,4981.2,True,2026-03-18 16:54:00,4992.6,BE,0.0,-4.0,5
2026-03-18 17:45:00,2026-03-18 17:50:00,2026-03-18 17:54:00,MSS,short,4998.3,4999.9,4998.3,4995.7,True,2026-03-18 17:52:00,4998.3,BE,0.0,-4.0,4
2026-03-18 18:25:00,2026-03-18 18:30:00,2026-03-18 18:33:00,BOS,short,4991.8,4995.8,4991.8,4985.2,True,2026-03-18 18:30:00,4985.2,TP,6.6,61.51,3
2026-03-18 18:35:00,2026-03-18 18:44:00,2026-03-18 18:46:00,EXTEND,short,4983.3,4995.8,4983.3,4963.2,True,2026-03-18 18:45:00,4983.3,BE,0.0,-4.0,2
2026-03-18 21:15:00,2026-03-18 21:39:00,2026-03-18 21:53:00,EXTEND,short,4872.6,4894.9,4872.6,4836.5,True,2026-03-18 21:51:00,4872.6,BE,0.0,-4.0,14
2026-03-18 22:05:00,2026-03-18 22:18:00,2026-03-18 22:26:00,BOS,long,4877.1,4863.8,4863.8,4898.7,False,,4863.8,SL,-13.3,-137.32,8
2026-03-19 01:25:00,2026-03-19 01:30:00,2026-03-19 01:35:00,EXTEND,long,4893.6,4888.0,4893.6,4902.6,True,2026-03-19 01:33:00,4902.6,TP,9.0,86.23,5
2026-03-19 01:35:00,2026-03-19 01:42:00,2026-03-19 01:48:00,BOS,long,4896.4,4891.7,4896.4,4904.0,True,2026-03-19 01:43:00,4896.4,BE,0.0,-4.0,6
2026-03-19 02:30:00,2026-03-19 02:36:00,2026-03-19 02:46:00,MSS,short,4887.6,4894.4,4887.6,4876.6,True,2026-03-19 02:37:00,4876.6,TP,11.0,106.0,10
2026-03-19 03:15:00,2026-03-19 03:21:00,2026-03-19 03:23:00,MSS,long,4859.1,4853.0,4853.0,4868.9,False,,4853.0,SL,-6.1,-64.74,2
2026-03-19 03:25:00,2026-03-19 03:34:00,2026-03-19 03:47:00,EXTEND,short,4860.5,4868.9,4860.5,4846.9,True,2026-03-19 03:40:00,4846.9,TP,13.6,131.96,13
2026-03-19 07:40:00,2026-03-19 07:45:00,2026-03-19 07:46:00,EXTEND,long,4836.0,4830.3,4836.0,4845.1,True,2026-03-19 07:46:00,4836.0,BE,0.0,-4.0,1
2026-03-19 08:05:00,2026-03-19 08:10:00,2026-03-19 08:27:00,EXTEND,long,4839.2,4832.2,4839.2,4850.4,True,2026-03-19 08:11:00,4839.2,BE,0.0,-4.0,17
2026-03-19 09:00:00,2026-03-19 09:05:00,2026-03-19 09:14:00,EXTEND,long,4840.9,4832.2,4840.9,4854.9,True,2026-03-19 09:14:00,4840.9,BE,0.0,-4.0,9
2026-03-19 10:05:00,2026-03-19 10:24:00,2026-03-19 10:35:00,EXTEND,short,4858.5,4868.5,4858.5,4842.3,True,2026-03-19 10:30:00,4858.5,BE,0.0,-4.0,11
2026-03-19 10:40:00,2026-03-19 10:48:00,2026-03-19 10:50:00,MSS,long,4858.1,4854.9,4858.1,4863.3,True,2026-03-19 10:48:00,4858.1,BE,0.0,-4.0,2
2026-03-19 10:55:00,2026-03-19 11:02:00,2026-03-19 11:06:00,EXTEND,long,4858.2,4854.9,4858.2,4863.5,True,2026-03-19 11:04:00,4858.2,BE,0.0,-4.0,4
2026-03-19 11:15:00,2026-03-19 11:24:00,2026-03-19 11:30:00,EXTEND,long,4859.4,4854.7,4859.4,4867.1,True,2026-03-19 11:26:00,4859.4,BE,0.0,-4.0,6
2026-03-19 12:05:00,2026-03-19 12:26:00,2026-03-19 12:47:00,EXTEND,short,4854.8,4858.6,4854.8,4848.6,True,2026-03-19 12:29:00,4848.6,TP,6.2,57.8,21
2026-03-19 12:45:00,2026-03-19 12:54:00,2026-03-19 12:56:00,BOS,short,4851.3,4854.2,4851.3,4846.5,True,2026-03-19 12:55:00,4851.3,BE,0.0,-4.0,2
2026-03-19 13:05:00,2026-03-19 13:10:00,2026-03-19 13:11:00,EXTEND,long,4850.0,4846.5,4850.0,4855.6,True,2026-03-19 13:11:00,4850.0,BE,0.0,-4.0,1
2026-03-19 13:55:00,2026-03-19 14:01:00,2026-03-19 14:01:00,BOS,short,4836.7,4841.8,4841.8,4828.4,False,,4841.8,SL,-5.1,-55.19,0
2026-03-19 16:40:00,2026-03-19 16:48:00,2026-03-19 16:53:00,BOS,short,4719.1,4738.5,4719.1,4687.8,True,2026-03-19 16:49:00,4719.1,BE,0.0,-4.0,5
2026-03-19 18:55:00,2026-03-19 19:02:00,2026-03-19 19:42:00,EXTEND,short,4702.1,4722.4,4702.1,4669.2,True,2026-03-19 19:03:00,4669.2,TP,32.9,324.78,40
2026-03-19 20:45:00,2026-03-19 20:57:00,2026-03-19 21:01:00,EXTEND,short,4587.4,4620.8,4587.4,4533.4,True,2026-03-19 20:59:00,4533.4,TP,54.0,536.13,4
2026-03-19 21:00:00,2026-03-19 21:20:00,2026-03-19 21:28:00,EXTEND,short,4576.3,4620.8,4576.3,4504.4,True,2026-03-19 21:23:00,4576.3,BE,0.0,-4.0,8
2026-03-19 22:50:00,2026-03-19 22:56:00,2026-03-19 22:59:00,BOS,long,4614.4,4604.5,4604.5,4630.4,False,,4604.5,SL,-9.9,-102.94,3
2026-03-19 23:00:00,2026-03-19 23:10:00,2026-03-19 23:14:00,EXTEND,short,4617.0,4630.4,4630.4,4595.3,False,,4630.4,SL,-13.4,-138.08,4
2026-03-19 23:45:00,2026-03-19 23:57:00,2026-03-20 00:01:00,EXTEND,short,4613.3,4641.8,4613.3,4567.2,True,2026-03-19 23:57:00,4613.3,BE,0.0,-4.0,4
2026-03-20 01:10:00,2026-03-20 01:18:00,2026-03-20 01:19:00,EXTEND,short,4589.5,4597.4,4597.4,4576.8,False,,4597.4,SL,-7.9,-82.69,1
2026-03-20 01:50:00,2026-03-20 02:02:00,2026-03-20 02:11:00,BOS,long,4614.6,4602.8,4614.6,4633.6,True,2026-03-20 02:10:00,4614.6,BE,0.0,-4.0,9
2026-03-20 02:35:00,2026-03-20 02:40:00,2026-03-20 02:41:00,EXTEND,short,4610.4,4617.9,4610.4,4598.3,True,2026-03-20 02:40:00,4610.4,BE,0.0,-4.0,1
2026-03-20 07:40:00,2026-03-20 07:48:00,2026-03-20 08:01:00,EXTEND,short,4644.1,4649.3,4649.3,4635.7,False,,4649.3,SL,-5.2,-55.95,13
2026-03-20 08:15:00,2026-03-20 08:23:00,2026-03-20 08:57:00,EXTEND,long,4652.3,4643.5,4652.3,4666.6,True,2026-03-20 08:40:00,4652.3,BE,0.0,-4.0,34
2026-03-20 09:05:00,2026-03-20 09:11:00,2026-03-20 09:40:00,EXTEND,long,4660.8,4648.0,4660.8,4681.6,True,2026-03-20 09:30:00,4681.6,TP,20.8,203.65,29
2026-03-20 10:15:00,2026-03-20 10:31:00,2026-03-20 10:35:00,EXTEND,long,4680.7,4673.8,4680.7,4691.8,True,2026-03-20 10:31:00,4691.8,TP,11.1,107.24,4
2026-03-20 12:10:00,2026-03-20 12:27:00,2026-03-20 12:30:00,EXTEND,short,4724.3,4728.7,4724.3,4717.2,True,2026-03-20 12:28:00,4724.3,BE,0.0,-4.0,3
2026-03-20 12:35:00,2026-03-20 12:42:00,2026-03-20 12:43:00,EXTEND,long,4721.7,4718.4,4718.4,4727.0,False,,4718.4,SL,-3.3,-36.85,1
2026-03-20 13:05:00,2026-03-20 13:14:00,2026-03-20 13:16:00,EXTEND,short,4718.3,4723.0,4723.0,4710.7,False,,4723.0,SL,-4.7,-50.99,2
2026-03-20 13:35:00,2026-03-20 13:40:00,2026-03-20 13:47:00,EXTEND,short,4715.8,4724.2,4715.8,4702.2,True,2026-03-20 13:41:00,4702.2,TP,13.6,131.96,7
2026-03-20 14:40:00,2026-03-20 15:08:00,2026-03-20 15:21:00,EXTEND,short,4683.7,4697.0,4683.7,4662.1,True,2026-03-20 15:10:00,4683.7,BE,0.0,-4.0,13
2026-03-20 16:55:00,2026-03-20 17:12:00,2026-03-20 17:22:00,EXTEND,short,4701.3,4711.3,4701.3,4685.1,True,2026-03-20 17:13:00,4685.1,TP,16.2,157.92,10
2026-03-20 18:00:00,2026-03-20 18:06:00,2026-03-20 18:10:00,BOS,short,4668.4,4678.4,4668.4,4652.3,True,2026-03-20 18:07:00,4652.3,TP,16.1,157.3,4
2026-03-20 18:20:00,2026-03-20 18:39:00,2026-03-20 18:51:00,EXTEND,short,4666.1,4678.4,4666.1,4646.2,True,2026-03-20 18:41:00,4646.2,TP,19.9,195.0,12
2026-03-20 19:40:00,2026-03-20 19:52:00,2026-03-20 20:00:00,EXTEND,long,4659.8,4649.7,4659.8,4676.2,True,2026-03-20 19:52:00,4676.2,TP,16.4,159.77,8
2026-03-20 20:10:00,2026-03-20 20:32:00,2026-03-20 20:38:00,EXTEND,long,4673.3,4658.7,4673.3,4696.8,True,2026-03-20 20:38:00,4673.3,BE,0.0,-4.0,6
2026-03-20 20:40:00,2026-03-20 20:52:00,2026-03-20 21:06:00,EXTEND,short,4681.7,4693.4,4681.7,4662.9,True,2026-03-20 20:54:00,4662.9,TP,18.8,184.49,14
2026-03-20 21:30:00,2026-03-20 21:36:00,2026-03-20 21:42:00,BOS,short,4659.8,4670.8,4659.8,4642.0,True,2026-03-20 21:37:00,4659.8,BE,0.0,-4.0,6
2026-03-20 22:55:00,2026-03-20 23:00:00,2026-03-20 23:04:00,EXTEND,short,4571.5,4586.0,4571.5,4548.0,True,2026-03-20 23:04:00,4571.5,BE,0.0,-4.0,4
2026-03-20 23:25:00,2026-03-20 23:31:00,2026-03-20 23:39:00,EXTEND,short,4569.0,4586.0,4569.0,4541.5,True,2026-03-20 23:35:00,4569.0,BE,0.0,-4.0,8
2026-03-21 00:20:00,2026-03-21 00:31:00,2026-03-21 00:47:00,EXTEND,long,4572.5,4545.8,4572.5,4615.8,True,2026-03-21 00:33:00,4572.5,BE,0.0,-4.0,16
2026-03-21 01:00:00,2026-03-21 01:05:00,2026-03-21 01:07:00,BOS,long,4578.2,4568.3,4578.2,4594.3,True,2026-03-21 01:06:00,4594.3,TP,16.1,156.68,2
2026-03-21 01:05:00,2026-03-21 01:15:00,2026-03-21 01:31:00,EXTEND,long,4581.5,4568.3,4568.3,4602.9,False,,4568.3,SL,-13.2,-136.17,16
2026-03-21 03:40:00,2026-03-21 03:56:00,2026-03-21 03:58:00,MSS,long,4503.3,4493.9,4503.3,4518.6,True,2026-03-21 03:57:00,4503.3,BE,0.0,-4.0,2
2026-03-23 07:35:00,2026-03-23 07:43:00,2026-03-23 07:48:00,MSS,short,4489.9,4500.3,4489.9,4473.0,True,2026-03-23 07:46:00,4473.0,TP,16.9,164.71,5
2026-03-23 08:15:00,2026-03-23 08:25:00,2026-03-23 08:34:00,EXTEND,short,4446.8,4471.7,4446.8,4406.4,True,2026-03-23 08:26:00,4406.4,TP,40.4,399.55,9
2026-03-23 11:40:00,2026-03-23 11:51:00,2026-03-23 11:58:00,EXTEND,short,4355.7,4367.1,4355.7,4337.2,True,2026-03-23 11:57:00,4355.7,BE,0.0,-4.0,7
2026-03-23 12:35:00,2026-03-23 12:48:00,2026-03-23 12:49:00,MSS,long,4371.1,4362.5,4371.1,4385.0,True,2026-03-23 12:49:00,4371.1,BE,0.0,-4.0,1
2026-03-23 12:50:00,2026-03-23 13:00:00,2026-03-23 13:19:00,MSS,short,4372.8,4385.0,4372.8,4353.0,True,2026-03-23 13:18:00,4372.8,BE,0.0,-4.0,19
2026-03-23 15:20:00,2026-03-23 15:36:00,2026-03-23 16:06:00,EXTEND,short,4183.6,4235.3,4235.3,4100.0,False,,4235.3,SL,-51.7,-520.85,30
2026-03-23 16:10:00,2026-03-23 16:19:00,2026-03-23 16:20:00,EXTEND,long,4214.6,4187.8,4214.6,4258.0,True,2026-03-23 16:19:00,4214.6,BE,0.0,-4.0,1
2026-03-23 16:35:00,2026-03-23 16:50:00,2026-03-23 17:15:00,EXTEND,long,4235.3,4212.2,4235.3,4272.6,True,2026-03-23 16:58:00,4272.6,TP,37.3,369.27,25
2026-03-23 17:30:00,2026-03-23 17:38:00,2026-03-23 18:37:00,EXTEND,long,4254.2,4219.7,4254.2,4310.1,True,2026-03-23 18:09:00,4254.2,BE,0.0,-4.0,59
2026-03-23 20:05:00,2026-03-23 20:17:00,2026-03-23 20:31:00,EXTEND,short,4388.7,4419.8,4388.7,4338.5,True,2026-03-23 20:30:00,4388.7,BE,0.0,-4.0,14
2026-03-23 20:55:00,2026-03-23 21:19:00,2026-03-23 21:38:00,EXTEND,long,4429.1,4388.0,4429.1,4495.6,True,2026-03-23 21:37:00,4429.1,BE,0.0,-4.0,19
2026-03-23 22:25:00,2026-03-23 22:30:00,2026-03-23 22:40:00,EXTEND,long,4478.5,4455.3,4478.5,4516.0,True,2026-03-23 22:31:00,4478.5,BE,0.0,-4.0,10
2026-03-24 01:35:00,2026-03-24 01:49:00,2026-03-24 02:07:00,EXTEND,long,4410.0,4390.6,4410.0,4441.3,True,2026-03-24 01:50:00,4410.0,BE,0.0,-4.0,18
2026-03-24 02:05:00,2026-03-24 02:10:00,2026-03-24 02:19:00,MSS,short,4420.9,4432.0,4420.9,4403.0,True,2026-03-24 02:16:00,4420.9,BE,0.0,-4.0,9
2026-03-24 02:45:00,2026-03-24 03:06:00,2026-03-24 03:10:00,EXTEND,long,4433.6,4411.3,4433.6,4469.8,True,2026-03-24 03:09:00,4433.6,BE,0.0,-4.0,4
2026-03-24 03:45:00,2026-03-24 03:51:00,2026-03-24 03:55:00,EXTEND,long,4407.7,4393.9,4407.7,4430.0,True,2026-03-24 03:52:00,4407.7,BE,0.0,-4.0,4
2026-03-24 07:40:00,2026-03-24 07:48:00,2026-03-24 07:56:00,EXTEND,short,4440.4,4450.7,4440.4,4423.8,True,2026-03-24 07:56:00,4440.4,BE,0.0,-4.0,8
2026-03-24 10:10:00,2026-03-24 10:22:00,2026-03-24 10:29:00,EXTEND,short,4345.7,4370.3,4345.7,4306.0,True,2026-03-24 10:24:00,4345.7,BE,0.0,-4.0,7
2026-03-24 11:45:00,2026-03-24 12:05:00,2026-03-24 12:19:00,EXTEND,short,4356.5,4369.6,4356.5,4335.4,True,2026-03-24 12:06:00,4335.4,TP,21.1,207.36,14
2026-03-24 12:20:00,2026-03-24 12:37:00,2026-03-24 12:46:00,EXTEND,short,4346.0,4357.8,4346.0,4326.8,True,2026-03-24 12:43:00,4346.0,BE,0.0,-4.0,9
2026-03-24 13:05:00,2026-03-24 13:12:00,2026-03-24 13:35:00,BOS,short,4338.6,4350.2,4338.6,4319.9,True,2026-03-24 13:28:00,4338.6,BE,0.0,-4.0,23
2026-03-24 14:45:00,2026-03-24 14:54:00,2026-03-24 14:56:00,EXTEND,short,4390.4,4399.6,4399.6,4375.5,False,,4399.6,SL,-9.2,-96.06,2
2026-03-24 15:50:00,2026-03-24 16:20:00,2026-03-24 16:34:00,EXTEND,long,4399.0,4375.5,4399.0,4436.9,True,2026-03-24 16:31:00,4399.0,BE,0.0,-4.0,14
2026-03-24 17:55:00,2026-03-24 18:02:00,2026-03-24 18:05:00,BOS,long,4420.7,4413.5,4420.7,4432.4,True,2026-03-24 18:04:00,4420.7,BE,0.0,-4.0,3
2026-03-24 18:15:00,2026-03-24 18:30:00,2026-03-24 18:48:00,EXTEND,long,4421.5,4413.5,4421.5,4434.5,True,2026-03-24 18:37:00,4421.5,BE,0.0,-4.0,18
2026-03-24 18:55:00,2026-03-24 19:01:00,2026-03-24 19:01:00,BOS,long,4428.5,4419.6,4419.6,4442.9,False,,4419.6,SL,-8.9,-93.01,0
2026-03-24 19:00:00,2026-03-24 19:07:00,2026-03-24 19:12:00,MSS,short,4416.5,4442.9,4416.5,4373.7,True,2026-03-24 19:11:00,4416.5,BE,0.0,-4.0,5
2026-03-24 19:35:00,2026-03-24 19:51:00,2026-03-24 19:52:00,EXTEND,long,4417.6,4408.4,4408.4,4432.4,False,,4408.4,SL,-9.2,-95.68,1
2026-03-24 19:50:00,2026-03-24 20:00:00,2026-03-24 20:10:00,MSS,short,4414.0,4428.4,4414.0,4390.6,True,2026-03-24 20:01:00,4414.0,BE,0.0,-4.0,10
2026-03-24 21:45:00,2026-03-24 21:53:00,2026-03-24 21:55:00,EXTEND,short,4371.8,4385.0,4371.8,4350.5,True,2026-03-24 21:54:00,4371.8,BE,0.0,-4.0,2
2026-03-24 22:50:00,2026-03-24 22:55:00,2026-03-24 22:58:00,BOS,long,4415.3,4403.3,4415.3,4434.7,True,2026-03-24 22:55:00,4415.3,BE,0.0,-4.0,3
2026-03-24 23:45:00,2026-03-24 23:55:00,2026-03-24 23:56:00,EXTEND,long,4418.6,4410.5,4410.5,4431.7,False,,4410.5,SL,-8.1,-84.98,1
2026-03-25 00:05:00,2026-03-25 00:17:00,2026-03-25 00:43:00,EXTEND,short,4420.7,4431.7,4420.7,4402.8,True,2026-03-25 00:35:00,4420.7,BE,0.0,-4.0,26
2026-03-25 01:45:00,2026-03-25 01:55:00,2026-03-25 02:12:00,EXTEND,short,4393.3,4406.9,4393.3,4371.4,True,2026-03-25 01:56:00,4393.3,BE,0.0,-4.0,17
2026-03-25 02:35:00,2026-03-25 02:43:00,2026-03-25 03:35:00,EXTEND,long,4399.2,4383.6,4399.2,4424.4,True,2026-03-25 03:09:00,4399.2,BE,0.0,-4.0,52
2026-03-25 08:45:00,2026-03-25 09:03:00,2026-03-25 09:06:00,EXTEND,long,4553.3,4541.2,4553.3,4572.9,True,2026-03-25 09:04:00,4572.9,TP,19.6,191.91,3
2026-03-25 09:50:00,2026-03-25 10:00:00,2026-03-25 10:01:00,EXTEND,long,4589.2,4582.4,4589.2,4600.3,True,2026-03-25 10:01:00,4589.2,BE,0.0,-4.0,1
2026-03-25 10:10:00,2026-03-25 10:26:00,2026-03-25 10:36:00,EXTEND,short,4591.6,4600.3,4591.6,4577.5,True,2026-03-25 10:26:00,4591.6,BE,0.0,-4.0,10
2026-03-25 11:45:00,2026-03-25 11:52:00,2026-03-25 11:53:00,EXTEND,short,4572.4,4576.4,4572.4,4565.9,True,2026-03-25 11:53:00,4572.4,BE,0.0,-4.0,1
2026-03-25 12:00:00,2026-03-25 12:05:00,2026-03-25 12:12:00,EXTEND,short,4571.7,4576.4,4571.7,4564.0,True,2026-03-25 12:06:00,4571.7,BE,0.0,-4.0,7
2026-03-25 13:30:00,2026-03-25 13:43:00,2026-03-25 13:52:00,EXTEND,short,4562.8,4572.0,4562.8,4548.0,True,2026-03-25 13:49:00,4562.8,BE,0.0,-4.0,9
2026-03-25 14:10:00,2026-03-25 14:30:00,2026-03-25 15:14:00,EXTEND,short,4553.2,4566.2,4553.2,4532.1,True,2026-03-25 14:37:00,4553.2,BE,0.0,-4.0,44
2026-03-25 15:25:00,2026-03-25 15:35:00,2026-03-25 15:37:00,EXTEND,long,4549.5,4541.7,4541.7,4562.1,False,,4541.7,SL,-7.8,-81.93,2
2026-03-25 16:00:00,2026-03-25 16:08:00,2026-03-25 16:10:00,EXTEND,short,4552.0,4562.1,4552.0,4535.6,True,2026-03-25 16:09:00,4552.0,BE,0.0,-4.0,2
2026-03-25 16:20:00,2026-03-25 17:44:00,2026-03-25 17:48:00,EXTEND,long,4548.0,4535.6,4535.6,4568.1,False,,4535.6,SL,-12.4,-128.15,4
2026-03-25 17:45:00,2026-03-25 17:55:00,2026-03-25 17:59:00,EXTEND,short,4550.1,4565.0,4550.1,4525.9,True,2026-03-25 17:58:00,4550.1,BE,0.0,-4.0,4
2026-03-25 19:35:00,2026-03-25 20:16:00,2026-03-25 20:20:00,EXTEND,long,4570.1,4560.5,4560.5,4585.7,False,,4560.5,SL,-9.6,-100.26,4
2026-03-25 20:30:00,2026-03-25 21:03:00,2026-03-25 21:25:00,EXTEND,short,4558.8,4582.8,4558.8,4520.0,True,2026-03-25 21:22:00,4558.8,BE,0.0,-4.0,22
2026-03-25 21:30:00,2026-03-25 21:49:00,2026-03-25 22:00:00,EXTEND,long,4550.4,4534.4,4534.4,4576.3,False,,4534.4,SL,-16.0,-164.06,11
2026-03-26 07:40:00,2026-03-26 08:00:00,2026-03-26 08:02:00,EXTEND,short,4499.2,4508.3,4508.3,4484.5,False,,4508.3,SL,-9.1,-94.92,2
2026-03-26 08:45:00,2026-03-26 08:54:00,2026-03-26 09:00:00,BOS,long,4526.5,4521.5,4526.5,4534.7,True,2026-03-26 08:55:00,4534.7,TP,8.2,77.58,6
2026-03-26 09:00:00,2026-03-26 09:15:00,2026-03-26 09:24:00,EXTEND,long,4529.2,4521.5,4529.2,4541.6,True,2026-03-26 09:21:00,4529.2,BE,0.0,-4.0,9
2026-03-26 09:45:00,2026-03-26 09:52:00,2026-03-26 09:55:00,MSS,short,4527.8,4533.0,4527.8,4519.4,True,2026-03-26 09:54:00,4527.8,BE,0.0,-4.0,3
2026-03-26 12:45:00,2026-03-26 13:06:00,2026-03-26 13:10:00,EXTEND,long,4512.6,4507.6,4507.6,4520.8,False,,4507.6,SL,-5.0,-54.42,4
2026-03-26 18:25:00,2026-03-26 18:39:00,2026-03-26 18:43:00,EXTEND,long,4426.3,4414.5,4426.3,4445.4,True,2026-03-26 18:40:00,4426.3,BE,0.0,-4.0,4
2026-03-26 18:40:00,2026-03-26 18:48:00,2026-03-26 19:01:00,EXTEND,short,4435.7,4445.4,4445.4,4419.9,False,,4445.4,SL,-9.7,-101.41,13
2026-03-26 20:00:00,2026-03-26 20:09:00,2026-03-26 20:21:00,EXTEND,short,4435.3,4449.0,4435.3,4413.2,True,2026-03-26 20:20:00,4435.3,BE,0.0,-4.0,12
2026-03-26 20:35:00,2026-03-26 20:44:00,2026-03-26 20:48:00,BOS,long,4434.4,4429.4,4434.4,4442.4,True,2026-03-26 20:45:00,4434.4,BE,0.0,-4.0,4
2026-03-26 20:55:00,2026-03-26 21:04:00,2026-03-26 21:07:00,MSS,short,4436.0,4442.6,4436.0,4425.4,True,2026-03-26 21:06:00,4436.0,BE,0.0,-4.0,3
2026-03-26 21:20:00,2026-03-26 21:31:00,2026-03-26 21:33:00,MSS,long,4439.2,4431.7,4439.2,4451.3,True,2026-03-26 21:32:00,4439.2,BE,0.0,-4.0,2
2026-03-26 21:35:00,2026-03-26 21:44:00,2026-03-26 21:45:00,MSS,short,4443.5,4451.3,4451.3,4430.9,False,,4451.3,SL,-7.8,-81.93,1
2026-03-26 22:35:00,2026-03-26 22:41:00,2026-03-26 22:42:00,EXTEND,long,4458.6,4448.0,4458.6,4475.8,True,2026-03-26 22:41:00,4458.6,BE,0.0,-4.0,1
2026-03-26 22:40:00,2026-03-26 22:45:00,2026-03-26 22:46:00,EXTEND,long,4459.1,4448.0,4459.1,4477.0,True,2026-03-26 22:45:00,4459.1,BE,0.0,-4.0,1
2026-03-26 22:55:00,2026-03-26 23:00:00,2026-03-26 23:31:00,EXTEND,short,4463.7,4477.0,4463.7,4442.3,True,2026-03-26 23:01:00,4442.3,TP,21.4,210.45,31
2026-03-27 01:05:00,2026-03-27 01:11:00,2026-03-27 01:16:00,MSS,long,4387.5,4380.7,4387.5,4398.5,True,2026-03-27 01:11:00,4387.5,BE,0.0,-4.0,5
2026-03-27 01:25:00,2026-03-27 01:38:00,2026-03-27 01:47:00,MSS,short,4385.3,4393.1,4385.3,4372.6,True,2026-03-27 01:40:00,4385.3,BE,0.0,-4.0,9
2026-03-27 02:20:00,2026-03-27 02:34:00,2026-03-27 02:40:00,BOS,short,4378.6,4387.7,4387.7,4364.0,False,,4387.7,SL,-9.1,-94.53,6
2026-03-27 03:10:00,2026-03-27 03:15:00,2026-03-27 03:21:00,EXTEND,short,4388.4,4394.6,4388.4,4378.3,True,2026-03-27 03:15:00,4388.4,BE,0.0,-4.0,6
2026-03-27 03:30:00,2026-03-27 03:36:00,2026-03-27 03:48:00,EXTEND,short,4382.0,4388.6,4382.0,4371.3,True,2026-03-27 03:39:00,4371.3,TP,10.7,102.91,12
2026-03-27 07:10:00,2026-03-27 07:36:00,2026-03-27 07:53:00,EXTEND,short,4398.3,4407.3,4398.3,4383.8,True,2026-03-27 07:42:00,4398.3,BE,0.0,-4.0,17
2026-03-27 08:00:00,2026-03-27 08:16:00,2026-03-27 08:19:00,MSS,long,4396.3,4390.3,4390.3,4406.0,False,,4390.3,SL,-6.0,-63.97,3
2026-03-27 08:55:00,2026-03-27 09:10:00,2026-03-27 09:17:00,EXTEND,short,4392.0,4406.0,4392.0,4369.4,True,2026-03-27 09:14:00,4392.0,BE,0.0,-4.0,7
2026-03-27 11:05:00,2026-03-27 11:20:00,2026-03-27 11:29:00,EXTEND,short,4427.6,4435.4,4427.6,4415.1,True,2026-03-27 11:22:00,4427.6,BE,0.0,-4.0,9
2026-03-27 13:40:00,2026-03-27 13:58:00,2026-03-27 14:05:00,EXTEND,long,4447.9,4434.8,4447.9,4469.2,True,2026-03-27 14:00:00,4447.9,BE,0.0,-4.0,7
2026-03-27 14:50:00,2026-03-27 14:56:00,2026-03-27 15:02:00,EXTEND,short,4457.1,4462.8,4457.1,4448.0,True,2026-03-27 14:57:00,4448.0,TP,9.1,87.46,6
2026-03-27 15:05:00,2026-03-27 15:12:00,2026-03-27 15:42:00,EXTEND,short,4451.9,4458.5,4451.9,4441.3,True,2026-03-27 15:12:00,4441.3,TP,10.6,102.3,30
2026-03-27 15:40:00,2026-03-27 15:47:00,2026-03-27 15:49:00,BOS,short,4446.6,4450.3,4446.6,4440.7,True,2026-03-27 15:48:00,4446.6,BE,0.0,-4.0,2
2026-03-27 15:50:00,2026-03-27 16:01:00,2026-03-27 16:06:00,BOS,short,4443.5,4447.4,4443.5,4437.3,True,2026-03-27 16:02:00,4443.5,BE,0.0,-4.0,5
2026-03-27 17:10:00,2026-03-27 17:17:00,2026-03-27 17:21:00,EXTEND,short,4427.9,4435.1,4427.9,4416.3,True,2026-03-27 17:20:00,4428.0,BE,-0.1,-4.82,4
2026-03-27 18:00:00,2026-03-27 18:06:00,2026-03-27 18:10:00,BOS,short,4425.7,4428.3,4425.7,4421.6,True,2026-03-27 18:09:00,4421.6,TP,4.1,37.41,4
2026-03-27 18:20:00,2026-03-27 18:26:00,2026-03-27 18:29:00,EXTEND,short,4424.8,4428.3,4424.8,4419.2,True,2026-03-27 18:28:00,4425.5,BE,-0.7,-10.76,3
2026-03-27 19:05:00,2026-03-27 19:12:00,2026-03-27 19:13:00,EXTEND,short,4408.2,4413.9,4408.2,4399.0,True,2026-03-27 19:12:00,4408.2,BE,0.0,-4.0,1
2026-03-27 19:50:00,2026-03-27 19:57:00,2026-03-27 20:06:00,BOS,long,4413.0,4408.4,4413.0,4420.4,True,2026-03-27 19:59:00,4413.0,BE,0.0,-4.0,9
2026-03-27 20:15:00,2026-03-27 20:20:00,2026-03-27 20:38:00,EXTEND,long,4416.2,4408.4,4416.2,4428.8,True,2026-03-27 20:25:00,4428.8,TP,12.6,122.07,18
2026-03-27 21:10:00,2026-03-27 21:18:00,2026-03-27 21:26:00,EXTEND,short,4431.4,4439.3,4431.4,4418.6,True,2026-03-27 21:22:00,4418.6,TP,12.8,123.93,8
2026-03-27 21:30:00,2026-03-27 21:44:00,2026-03-27 21:48:00,EXTEND,short,4425.6,4436.4,4436.4,4408.2,False,,4436.4,SL,-10.8,-111.72,4
2026-03-27 22:15:00,2026-03-27 22:26:00,2026-03-27 22:27:00,BOS,long,4450.1,4440.4,4450.1,4465.9,True,2026-03-27 22:27:00,4450.1,BE,0.0,-4.0,1
2026-03-27 23:55:00,2026-03-28 00:04:00,2026-03-28 00:08:00,MSS,short,4527.9,4533.8,4527.9,4518.4,True,2026-03-28 00:05:00,4527.9,BE,0.0,-4.0,4
2026-03-28 00:40:00,2026-03-28 01:06:00,2026-03-28 01:15:00,EXTEND,short,4520.9,4531.3,4520.9,4504.2,True,2026-03-28 01:07:00,4504.2,TP,16.7,163.48,9
2026-03-28 01:55:00,2026-03-28 02:19:00,2026-03-28 02:27:00,EXTEND,short,4506.9,4521.0,4506.9,4484.1,True,2026-03-28 02:24:00,4506.9,BE,0.0,-4.0,8
2026-03-28 03:05:00,2026-03-28 03:19:00,2026-03-28 03:26:00,EXTEND,short,4517.7,4526.2,4517.7,4503.9,True,2026-03-28 03:26:00,4517.7,BE,0.0,-4.0,7
2026-03-28 03:30:00,2026-03-28 03:38:00,2026-03-28 03:41:00,EXTEND,long,4511.3,4503.9,4503.9,4523.2,False,,4503.9,SL,-7.4,-77.73,3
2026-03-28 03:40:00,2026-03-28 03:55:00,2026-03-28 04:01:00,EXTEND,short,4513.5,4523.2,4513.5,4497.9,True,2026-03-28 03:57:00,4513.5,BE,0.0,-4.0,6
2026-03-30 07:05:00,2026-03-30 07:19:00,2026-03-30 07:32:00,BOS,short,4477.4,4487.3,4477.4,4461.4,True,2026-03-30 07:19:00,4461.4,TP,16.0,156.06,12
2026-03-30 08:10:00,2026-03-30 08:19:00,2026-03-30 08:21:00,EXTEND,short,4435.1,4448.2,4448.2,4414.0,False,,4451.7,SL,-16.6,-169.64,2
2026-03-30 08:25:00,2026-03-30 08:54:00,2026-03-30 09:21:00,EXTEND,long,4431.6,4414.0,4431.6,4460.0,True,2026-03-30 09:00:00,4460.6,TP,29.0,286.28,24
2026-03-30 09:25:00,2026-03-30 09:34:00,2026-03-30 09:34:00,MSS,short,4456.4,4462.4,4462.4,4446.6,False,,4462.4,SL,-6.0,-64.36,0
2026-03-30 10:20:00,2026-03-30 10:25:00,2026-03-30 10:30:00,MSS,short,4468.2,4471.0,4471.0,4463.6,False,,4471.3,SL,-3.1,-35.27,2
2026-03-30 14:45:00,2026-03-30 14:54:00,2026-03-30 15:00:00,EXTEND,long,4532.7,4524.5,4524.5,4546.0,False,,4524.5,SL,-8.2,-86.13,3
2026-03-30 15:30:00,2026-03-30 15:54:00,2026-03-30 15:57:00,EXTEND,short,4521.1,4526.4,4521.1,4512.4,True,2026-03-30 15:54:00,4522.7,BE,-1.6,-20.48,1
2026-03-30 19:50:00,2026-03-30 20:00:00,2026-03-30 21:35:00,EXTEND,long,4553.6,4538.7,4553.6,4577.8,True,2026-03-30 20:17:00,4553.6,BE,0.0,-4.0,74
2026-03-30 23:55:00,2026-03-31 00:04:00,2026-03-31 00:08:00,EXTEND,long,4538.3,4527.6,4538.3,4555.5,True,2026-03-31 00:06:00,4538.0,BE,-0.3,-6.58,4
2026-03-31 00:40:00,2026-03-31 01:01:00,2026-03-31 01:16:00,MSS,long,4537.0,4531.3,4531.3,4546.2,False,,4520.3,SL,-16.7,-170.92,1
2026-04-07 19:30:00,2026-04-07 22:02:00,2026-04-07 22:06:00,MSS,long,4628.8,4616.5,4616.5,4648.8,False,,4616.5,SL,-12.3,-127.39,1
2026-04-29 08:50:00,2026-04-29 08:57:00,2026-04-29 09:00:00,BOS,short,4615.2,4618.7,4615.2,4609.5,True,2026-04-29 08:59:00,4609.5,TP,5.7,52.86,3
2026-04-29 09:40:00,2026-04-29 09:48:00,2026-04-29 10:01:00,MSS,long,4597.3,4592.4,4597.3,4605.3,True,2026-04-29 10:00:00,4605.3,TP,8.0,75.72,13
2026-04-29 10:40:00,2026-04-29 10:48:00,2026-04-29 10:50:00,EXTEND,short,4613.8,4616.9,4613.8,4608.8,True,2026-04-29 10:49:00,4613.8,BE,0.0,-4.0,2
2026-04-29 10:55:00,2026-04-29 11:04:00,2026-04-29 11:05:00,EXTEND,short,4611.2,4614.8,4611.2,4605.4,True,2026-04-29 11:04:00,4611.2,BE,0.0,-4.0,1
2026-04-29 11:15:00,2026-04-29 11:31:00,2026-04-29 12:14:00,EXTEND,long,4609.8,4605.4,4609.8,4616.9,True,2026-04-29 12:01:00,4616.9,TP,7.1,67.07,43
2026-04-29 13:35:00,2026-04-29 13:51:00,2026-04-29 13:56:00,EXTEND,short,4616.1,4621.3,4616.1,4607.6,True,2026-04-29 13:52:00,4607.6,TP,8.5,80.67,5
2026-04-29 13:55:00,2026-04-29 14:01:00,2026-04-29 14:05:00,BOS,short,4612.0,4616.9,4612.0,4604.2,True,2026-04-29 14:02:00,4612.0,BE,0.0,-4.0,4
2026-04-29 15:00:00,2026-04-29 15:06:00,2026-04-29 15:07:00,MSS,long,4598.1,4594.9,4598.1,4603.3,True,2026-04-29 15:07:00,4598.1,BE,0.0,-4.0,1
2026-04-29 16:35:00,2026-04-29 16:44:00,2026-04-29 16:46:00,EXTEND,short,4579.4,4584.9,4584.9,4570.5,False,,4584.9,SL,-5.5,-59.01,2
2026-04-29 17:15:00,2026-04-29 17:22:00,2026-04-29 17:25:00,BOS,long,4588.0,4584.5,4584.5,4593.6,False,,4584.5,SL,-3.5,-38.76,3
2026-04-29 17:55:00,2026-04-29 18:03:00,2026-04-29 18:15:00,EXTEND,short,4575.7,4582.8,4582.8,4564.1,False,,4582.8,SL,-7.1,-75.43,12
2026-04-29 18:30:00,2026-04-29 19:51:00,2026-04-29 20:11:00,EXTEND,long,4573.8,4564.1,4573.8,4589.5,True,2026-04-29 20:01:00,4573.8,BE,0.0,-4.0,20
2026-04-29 20:55:00,2026-04-29 21:02:00,2026-04-29 21:20:00,EXTEND,short,4565.4,4573.0,4565.4,4553.0,True,2026-04-29 21:03:00,4553.0,TP,12.4,119.6,18
2026-04-29 22:35:00,2026-04-29 22:46:00,2026-04-29 23:00:00,EXTEND,long,4548.1,4543.2,4548.1,4556.0,True,2026-04-29 22:54:00,4556.0,TP,7.9,75.1,14
2026-04-29 23:05:00,2026-04-29 23:12:00,2026-04-29 23:14:00,EXTEND,long,4549.6,4543.2,4549.6,4560.0,True,2026-04-29 23:12:00,4549.6,BE,0.0,-4.0,2
2026-04-29 23:45:00,2026-04-29 23:53:00,2026-04-30 00:02:00,EXTEND,long,4560.0,4552.7,4560.0,4571.7,True,2026-04-30 00:00:00,4571.7,TP,11.7,113.42,9
2026-04-30 00:05:00,2026-04-30 00:34:00,2026-04-30 01:28:00,EXTEND,long,4563.8,4554.8,4563.8,4578.3,True,2026-04-30 01:23:00,4563.8,BE,0.0,-4.0,54
2026-04-30 01:45:00,2026-04-30 02:01:00,2026-04-30 02:04:00,EXTEND,short,4563.5,4568.5,4563.5,4555.3,True,2026-04-30 02:02:00,4555.3,TP,8.2,77.58,3
2026-04-30 02:00:00,2026-04-30 02:05:00,2026-04-30 02:09:00,BOS,short,4555.7,4561.8,4555.7,4545.9,True,2026-04-30 02:06:00,4545.9,TP,9.8,94.26,4
2026-04-30 02:10:00,2026-04-30 02:17:00,2026-04-30 02:31:00,EXTEND,short,4553.2,4561.8,4553.2,4539.2,True,2026-04-30 02:18:00,4539.2,TP,14.0,135.67,14
2026-04-30 02:30:00,2026-04-30 02:36:00,2026-04-30 02:36:00,BOS,short,4546.6,4554.0,4554.0,4534.5,False,,4554.0,SL,-7.4,-78.49,0
2026-04-30 02:45:00,2026-04-30 02:50:00,2026-04-30 02:56:00,EXTEND,short,4545.6,4554.0,4554.0,4532.1,False,,4554.0,SL,-8.4,-87.66,6
2026-04-30 03:15:00,2026-04-30 03:32:00,2026-04-30 03:41:00,EXTEND,long,4554.0,4547.3,4554.0,4564.9,True,2026-04-30 03:39:00,4554.0,BE,0.0,-4.0,9
2026-04-30 07:00:00,2026-04-30 07:05:00,2026-04-30 07:07:00,BOS,long,4563.3,4561.5,4563.3,4566.1,True,2026-04-30 07:06:00,4563.3,BE,0.0,-4.0,2
2026-04-30 07:15:00,2026-04-30 07:20:00,2026-04-30 07:29:00,EXTEND,long,4563.8,4561.5,4563.8,4567.4,True,2026-04-30 07:27:00,4563.8,BE,0.0,-4.0,9
2026-04-30 08:00:00,2026-04-30 08:15:00,2026-04-30 08:45:00,EXTEND,long,4569.1,4561.5,4569.1,4581.5,True,2026-04-30 08:15:00,4581.5,TP,12.4,119.6,30
2026-04-30 08:45:00,2026-04-30 09:00:00,2026-04-30 09:05:00,EXTEND,long,4578.9,4574.3,4578.9,4586.3,True,2026-04-30 09:01:00,4578.9,BE,0.0,-4.0,5
2026-04-30 09:30:00,2026-04-30 09:36:00,2026-04-30 09:54:00,EXTEND,long,4583.6,4577.5,4583.6,4593.4,True,2026-04-30 09:37:00,4593.4,TP,9.8,94.26,18
2026-04-30 09:50:00,2026-04-30 10:04:00,2026-04-30 10:08:00,BOS,long,4588.8,4585.4,4588.8,4594.4,True,2026-04-30 10:06:00,4588.8,BE,0.0,-4.0,4
2026-04-30 12:30:00,2026-04-30 13:08:00,2026-04-30 13:24:00,EXTEND,short,4562.1,4568.3,4568.3,4552.1,False,,4568.3,SL,-6.2,-65.88,16
2026-04-30 17:05:00,2026-04-30 17:10:00,2026-04-30 17:11:00,BOS,long,4629.0,4627.1,4629.0,4632.2,True,2026-04-30 17:11:00,4629.0,BE,0.0,-4.0,1
2026-04-30 17:15:00,2026-04-30 17:21:00,2026-04-30 17:22:00,EXTEND,long,4629.2,4627.1,4629.2,4632.6,True,2026-04-30 17:22:00,4629.2,BE,0.0,-4.0,1
2026-04-30 17:30:00,2026-04-30 17:37:00,2026-04-30 17:40:00,EXTEND,long,4633.8,4627.5,4633.8,4644.1,True,2026-04-30 17:38:00,4633.8,BE,0.0,-4.0,3
2026-04-30 19:05:00,2026-04-30 19:14:00,2026-04-30 19:21:00,EXTEND,long,4650.3,4645.3,4650.3,4658.3,True,2026-04-30 19:20:00,4650.3,BE,0.0,-4.0,7
2026-04-30 20:00:00,2026-04-30 20:08:00,2026-04-30 20:15:00,MSS,long,4644.3,4641.0,4644.3,4649.7,True,2026-04-30 20:10:00,4649.7,TP,5.4,49.77,7
2026-04-30 20:20:00,2026-04-30 20:26:00,2026-04-30 20:27:00,EXTEND,long,4644.6,4641.0,4644.6,4650.5,True,2026-04-30 20:27:00,4644.6,BE,0.0,-4.0,1
2026-04-30 20:30:00,2026-04-30 20:37:00,2026-04-30 20:52:00,MSS,short,4644.5,4650.5,4644.5,4634.9,True,2026-04-30 20:40:00,4644.5,BE,0.0,-4.0,15
2026-04-30 22:35:00,2026-04-30 22:43:00,2026-04-30 22:45:00,BOS,short,4632.7,4638.9,4632.7,4622.8,True,2026-04-30 22:44:00,4632.7,BE,0.0,-4.0,2
2026-04-30 23:00:00,2026-04-30 23:07:00,2026-04-30 23:09:00,BOS,short,4633.3,4636.5,4636.5,4628.1,False,,4636.5,SL,-3.2,-36.09,2
2026-04-30 23:05:00,2026-04-30 23:13:00,2026-04-30 23:16:00,MSS,long,4631.4,4628.1,4631.4,4636.7,True,2026-04-30 23:14:00,4631.4,BE,0.0,-4.0,3
2026-04-30 23:30:00,2026-04-30 23:37:00,2026-04-30 23:39:00,EXTEND,long,4631.9,4628.1,4628.1,4638.0,False,,4628.1,SL,-3.8,-41.82,2
2026-05-01 00:15:00,2026-05-01 00:34:00,2026-05-01 00:49:00,BOS,short,4625.4,4630.1,4625.4,4617.8,True,2026-05-01 00:35:00,4625.4,BE,0.0,-4.0,15
2026-05-01 00:55:00,2026-05-01 01:01:00,2026-05-01 01:05:00,BOS,short,4626.2,4630.8,4630.8,4618.7,False,,4630.8,SL,-4.6,-50.22,4
2026-05-01 02:15:00,2026-05-01 02:42:00,2026-05-01 03:01:00,EXTEND,long,4632.0,4628.0,4632.0,4638.6,True,2026-05-01 02:43:00,4638.6,TP,6.6,61.51,19
2026-05-01 03:05:00,2026-05-01 03:20:00,2026-05-01 03:32:00,EXTEND,long,4632.9,4628.0,4628.0,4640.8,False,,4628.0,SL,-4.9,-52.9,12
2026-05-01 07:35:00,2026-05-01 07:45:00,2026-05-01 07:49:00,EXTEND,long,4643.3,4641.1,4643.3,4646.8,True,2026-05-01 07:46:00,4643.3,BE,0.0,-4.0,4
2026-05-01 08:00:00,2026-05-01 08:06:00,2026-05-01 08:12:00,EXTEND,short,4642.4,4646.8,4642.4,4635.3,True,2026-05-01 08:06:00,4635.3,TP,7.1,67.07,6
2026-05-01 08:10:00,2026-05-01 08:18:00,2026-05-01 08:20:00,BOS,short,4639.5,4643.6,4639.5,4632.8,True,2026-05-01 08:19:00,4639.5,BE,0.0,-4.0,2
2026-05-01 09:20:00,2026-05-01 09:39:00,2026-05-01 09:42:00,EXTEND,short,4633.3,4637.9,4633.3,4625.9,True,2026-05-01 09:41:00,4633.3,BE,0.0,-4.0,3
2026-05-01 10:15:00,2026-05-01 10:42:00,2026-05-01 10:52:00,EXTEND,long,4637.1,4630.5,4630.5,4647.9,False,,4630.5,SL,-6.6,-70.47,10
2026-05-01 10:55:00,2026-05-01 11:29:00,2026-05-01 11:35:00,EXTEND,short,4637.3,4643.1,4643.1,4628.0,False,,4643.1,SL,-5.8,-61.68,6
2026-05-01 12:00:00,2026-05-01 12:06:00,2026-05-01 12:07:00,BOS,short,4638.0,4639.8,4638.0,4635.0,True,2026-05-01 12:06:00,4635.0,TP,3.0,25.66,1
2026-05-01 13:25:00,2026-05-01 13:38:00,2026-05-01 13:43:00,EXTEND,long,4622.1,4618.7,4622.1,4627.7,True,2026-05-01 13:43:00,4622.1,BE,0.0,-4.0,5
2026-05-01 17:55:00,2026-05-01 18:08:00,2026-05-01 18:16:00,EXTEND,short,4579.0,4584.3,4579.0,4570.3,True,2026-05-01 18:09:00,4579.0,BE,0.0,-4.0,8
2026-05-01 19:55:00,2026-05-01 20:02:00,2026-05-01 20:07:00,EXTEND,long,4586.5,4583.9,4586.5,4590.7,True,2026-05-01 20:03:00,4590.7,TP,4.2,38.02,5
2026-05-01 20:05:00,2026-05-01 20:10:00,2026-05-01 20:11:00,EXTEND,long,4586.7,4583.9,4586.7,4591.3,True,2026-05-01 20:10:00,4586.7,BE,0.0,-4.0,1
2026-05-01 20:25:00,2026-05-01 21:16:00,2026-05-01 21:29:00,EXTEND,long,4598.7,4586.1,4598.7,4619.2,True,2026-05-01 21:18:00,4598.7,BE,0.0,-4.0,13
2026-05-01 23:05:00,2026-05-01 23:12:00,2026-05-01 23:14:00,EXTEND,short,4640.7,4647.1,4647.1,4630.4,False,,4647.1,SL,-6.4,-67.79,2
2026-05-01 23:45:00,2026-05-01 23:50:00,2026-05-01 23:50:00,EXTEND,long,4651.4,4646.4,4646.4,4659.4,False,,4646.4,SL,-5.0,-53.66,0
2026-05-02 00:10:00,2026-05-02 00:15:00,2026-05-02 00:16:00,EXTEND,short,4655.5,4659.4,4659.4,4649.1,False,,4659.4,SL,-3.9,-43.35,1
2026-05-02 00:15:00,2026-05-02 00:23:00,2026-05-02 00:25:00,MSS,long,4653.9,4649.1,4653.9,4661.6,True,2026-05-02 00:24:00,4653.9,BE,0.0,-4.0,2
2026-05-02 01:40:00,2026-05-02 01:53:00,2026-05-02 02:02:00,EXTEND,short,4646.8,4651.9,4646.8,4638.6,True,2026-05-02 01:53:00,4638.6,TP,8.2,78.19,9
2026-05-02 03:00:00,2026-05-02 03:10:00,2026-05-02 03:12:00,BOS,short,4635.5,4637.9,4637.9,4631.5,False,,4637.9,SL,-2.4,-28.45,2
2026-05-04 08:00:00,2026-05-04 08:07:00,2026-05-04 08:14:00,MSS,short,4623.7,4628.6,4623.7,4615.8,True,2026-05-04 08:12:00,4623.7,BE,0.0,-4.0,7
2026-05-04 08:25:00,2026-05-04 08:55:00,2026-05-04 09:04:00,EXTEND,short,4622.3,4628.4,4622.3,4612.4,True,2026-05-04 09:01:00,4612.4,TP,9.9,94.88,9
2026-05-04 09:30:00,2026-05-04 09:37:00,2026-05-04 09:50:00,EXTEND,short,4611.1,4615.8,4615.8,4603.6,False,,4615.8,SL,-4.7,-50.6,13
2026-05-04 10:00:00,2026-05-04 10:16:00,2026-05-04 10:28:00,EXTEND,long,4613.6,4603.6,4603.6,4629.9,False,,4603.6,SL,-10.0,-104.47,12
2026-05-04 11:40:00,2026-05-04 11:45:00,2026-05-04 11:46:00,EXTEND,short,4617.6,4622.6,4622.6,4609.4,False,,4622.6,SL,-5.0,-54.42,1
2026-05-04 11:55:00,2026-05-04 12:55:00,2026-05-04 13:24:00,EXTEND,long,4616.7,4609.4,4616.7,4628.5,True,2026-05-04 13:19:00,4616.7,BE,0.0,-4.0,29
2026-05-04 14:00:00,2026-05-04 14:09:00,2026-05-04 14:12:00,BOS,short,4608.9,4613.1,4608.9,4602.2,True,2026-05-04 14:10:00,4608.9,BE,0.0,-4.0,3
2026-05-04 16:40:00,2026-05-04 16:50:00,2026-05-04 16:58:00,EXTEND,long,4587.8,4584.6,4587.8,4592.9,True,2026-05-04 16:50:00,4587.8,BE,0.0,-4.0,8
2026-05-04 16:55:00,2026-05-04 17:02:00,2026-05-04 17:02:00,MSS,short,4589.2,4590.8,4590.8,4586.7,False,,4590.8,SL,-1.6,-19.66,0
2026-05-04 17:15:00,2026-05-04 17:51:00,2026-05-04 17:57:00,EXTEND,long,4590.1,4586.7,4586.7,4595.6,False,,4586.7,SL,-3.4,-38.0,6
2026-05-04 18:20:00,2026-05-04 18:39:00,2026-05-04 19:58:00,EXTEND,short,4572.8,4595.6,4572.8,4535.8,True,2026-05-04 19:35:00,4572.8,BE,0.0,-4.0,79
2026-05-04 20:20:00,2026-05-04 20:35:00,2026-05-04 21:00:00,EXTEND,long,4573.8,4563.6,4573.8,4590.4,True,2026-05-04 20:38:00,4573.8,BE,0.0,-4.0,25
2026-05-04 21:00:00,2026-05-04 21:06:00,2026-05-04 21:10:00,MSS,short,4579.8,4587.1,4587.1,4568.0,False,,4587.1,SL,-7.3,-76.96,4
2026-05-04 21:30:00,2026-05-04 21:35:00,2026-05-04 21:38:00,EXTEND,short,4579.1,4587.1,4579.1,4566.2,True,2026-05-04 21:37:00,4579.1,BE,0.0,-4.0,3
2026-05-04 22:05:00,2026-05-04 22:12:00,2026-05-04 22:15:00,BOS,short,4572.4,4577.4,4572.4,4564.4,True,2026-05-04 22:14:00,4572.4,BE,0.0,-4.0,3
2026-05-04 22:40:00,2026-05-04 22:58:00,2026-05-04 23:13:00,EXTEND,long,4576.0,4564.4,4564.4,4594.7,False,,4564.4,SL,-11.6,-119.75,15
2026-05-05 07:40:00,2026-05-05 07:46:00,2026-05-05 07:48:00,BOS,short,4529.7,4531.2,4529.7,4527.4,True,2026-05-05 07:47:00,4529.7,BE,0.0,-4.0,2
2026-05-05 07:50:00,2026-05-05 07:55:00,2026-05-05 07:56:00,EXTEND,short,4529.1,4531.2,4529.1,4525.8,True,2026-05-05 07:56:00,4529.1,BE,0.0,-4.0,1
2026-05-05 08:10:00,2026-05-05 08:20:00,2026-05-05 08:23:00,EXTEND,long,4530.5,4525.8,4525.8,4538.0,False,,4525.8,SL,-4.7,-50.6,3
2026-05-05 10:00:00,2026-05-05 10:14:00,2026-05-05 10:18:00,EXTEND,long,4546.6,4543.3,4546.6,4551.9,True,2026-05-05 10:14:00,4546.6,BE,0.0,-4.0,4
2026-05-05 10:15:00,2026-05-05 10:24:00,2026-05-05 10:25:00,MSS,short,4547.6,4549.6,4547.6,4544.4,True,2026-05-05 10:24:00,4547.8,BE,-0.2,-5.86,1
2026-05-05 10:45:00,2026-05-05 10:56:00,2026-05-05 10:59:00,EXTEND,long,4548.6,4544.0,4548.6,4556.1,True,2026-05-05 10:56:00,4548.6,BE,0.0,-4.0,3
2026-05-05 12:30:00,2026-05-05 13:04:00,2026-05-05 13:08:00,EXTEND,short,4546.1,4551.8,4551.8,4536.9,False,,4551.8,SL,-5.7,-60.92,4
2026-05-05 13:05:00,2026-05-05 13:18:00,2026-05-05 13:34:00,MSS,long,4545.6,4539.9,4545.6,4554.7,True,2026-05-05 13:21:00,4554.7,TP,9.1,87.46,16
2026-05-05 14:00:00,2026-05-05 14:06:00,2026-05-05 14:17:00,EXTEND,long,4551.2,4544.8,4551.2,4561.5,True,2026-05-05 14:07:00,4551.2,BE,0.0,-4.0,11
2026-05-05 14:20:00,2026-05-05 14:36:00,2026-05-05 15:00:00,EXTEND,short,4554.5,4561.5,4561.5,4543.2,False,,4561.5,SL,-7.0,-73.91,24
2026-05-05 15:20:00,2026-05-05 15:26:00,2026-05-05 15:33:00,EXTEND,long,4560.1,4556.8,4560.1,4565.5,True,2026-05-05 15:31:00,4560.1,BE,0.0,-4.0,7
2026-05-05 15:55:00,2026-05-05 16:13:00,2026-05-05 16:19:00,EXTEND,short,4562.5,4568.3,4562.5,4553.1,True,2026-05-05 16:15:00,4562.5,BE,0.0,-4.0,6
2026-05-05 17:05:00,2026-05-05 17:29:00,2026-05-05 18:09:00,EXTEND,long,4562.6,4557.7,4562.6,4570.5,True,2026-05-05 17:30:00,4562.6,BE,0.0,-4.0,40
2026-05-05 18:10:00,2026-05-05 18:16:00,2026-05-05 18:25:00,EXTEND,short,4564.8,4567.2,4564.8,4560.8,True,2026-05-05 18:17:00,4560.8,TP,4.0,35.55,9
2026-05-05 18:25:00,2026-05-05 18:34:00,2026-05-05 18:43:00,BOS,short,4562.0,4565.3,4562.0,4556.7,True,2026-05-05 18:39:00,4556.7,TP,5.3,49.15,9
2026-05-05 18:50:00,2026-05-05 19:08:00,2026-05-05 19:16:00,EXTEND,short,4559.0,4564.5,4564.5,4550.0,False,,4564.5,SL,-5.5,-59.39,8
2026-05-05 20:00:00,2026-05-05 20:06:00,2026-05-05 20:06:00,MSS,short,4569.7,4573.0,4573.0,4564.3,False,,4573.0,SL,-3.3,-37.23,0
2026-05-05 20:30:00,2026-05-05 20:51:00,2026-05-05 21:04:00,EXTEND,long,4572.3,4564.3,4572.3,4585.3,True,2026-05-05 20:55:00,4585.3,TP,13.0,125.78,13
2026-05-05 21:40:00,2026-05-05 21:50:00,2026-05-05 21:51:00,EXTEND,short,4588.4,4592.4,4588.4,4582.0,True,2026-05-05 21:51:00,4588.4,BE,0.0,-4.0,1
2026-05-05 22:15:00,2026-05-05 22:23:00,2026-05-05 22:25:00,EXTEND,short,4587.9,4595.1,4595.1,4576.3,False,,4595.1,SL,-7.2,-75.82,2
2026-05-05 23:00:00,2026-05-05 23:17:00,2026-05-05 23:19:00,MSS,long,4589.6,4586.3,4589.6,4594.9,True,2026-05-05 23:19:00,4589.6,BE,0.0,-4.0,2
2026-05-06 01:10:00,2026-05-06 01:18:00,2026-05-06 01:27:00,EXTEND,short,4569.9,4573.8,4569.9,4563.7,True,2026-05-06 01:26:00,4569.9,BE,0.0,-4.0,9
2026-05-06 02:15:00,2026-05-06 02:31:00,2026-05-06 02:32:00,EXTEND,long,4571.3,4568.4,4571.3,4576.1,True,2026-05-06 02:31:00,4571.3,BE,0.0,-4.0,1
2026-05-06 02:45:00,2026-05-06 02:53:00,2026-05-06 03:09:00,EXTEND,long,4571.4,4568.4,4568.4,4576.2,False,,4568.4,SL,-3.0,-33.8,16
2026-05-06 03:45:00,2026-05-06 03:50:00,2026-05-06 03:51:00,MSS,long,4567.5,4566.2,4566.2,4569.7,False,,4566.2,SL,-1.3,-17.37,1
2026-05-06 09:00:00,2026-05-06 09:06:00,2026-05-06 09:24:00,EXTEND,long,4624.0,4618.0,4624.0,4633.8,True,2026-05-06 09:17:00,4633.8,TP,9.8,93.64,18
2026-05-06 09:45:00,2026-05-06 09:54:00,2026-05-06 10:02:00,BOS,long,4634.3,4631.1,4634.3,4639.5,True,2026-05-06 09:54:00,4639.5,TP,5.2,47.91,8
2026-05-06 10:15:00,2026-05-06 10:30:00,2026-05-06 10:46:00,EXTEND,long,4637.0,4631.1,4637.0,4646.6,True,2026-05-06 10:31:00,4646.6,TP,9.6,91.79,16
2026-05-06 11:20:00,2026-05-06 11:31:00,2026-05-06 11:39:00,EXTEND,long,4653.1,4648.2,4653.1,4660.9,True,2026-05-06 11:35:00,4660.9,TP,7.8,74.49,8
2026-05-06 11:35:00,2026-05-06 11:42:00,2026-05-06 11:46:00,BOS,long,4656.0,4652.2,4656.0,4662.2,True,2026-05-06 11:44:00,4656.0,BE,0.0,-4.0,4
2026-05-06 12:25:00,2026-05-06 12:38:00,2026-05-06 12:41:00,BOS,long,4659.1,4655.9,4659.1,4664.2,True,2026-05-06 12:39:00,4659.1,BE,0.0,-4.0,3
2026-05-06 13:05:00,2026-05-06 13:30:00,2026-05-06 13:33:00,EXTEND,long,4660.4,4655.9,4655.9,4667.8,False,,4655.9,SL,-4.5,-49.46,3
2026-05-06 13:30:00,2026-05-06 13:44:00,2026-05-06 13:46:00,MSS,short,4661.9,4666.3,4661.9,4654.9,True,2026-05-06 13:45:00,4661.9,BE,0.0,-4.0,2
2026-05-06 15:15:00,2026-05-06 15:26:00,2026-05-06 15:33:00,EXTEND,short,4676.5,4681.5,4676.5,4668.4,True,2026-05-06 15:31:00,4676.5,BE,0.0,-4.0,7
2026-05-06 16:35:00,2026-05-06 16:42:00,2026-05-06 16:48:00,EXTEND,short,4688.1,4691.4,4691.4,4682.8,False,,4691.4,SL,-3.3,-36.85,6
2026-05-06 18:50:00,2026-05-06 19:02:00,2026-05-06 19:12:00,BOS,long,4724.8,4718.8,4724.8,4734.6,True,2026-05-06 19:05:00,4724.8,BE,0.0,-4.0,10
2026-05-06 19:25:00,2026-05-06 19:34:00,2026-05-06 19:41:00,MSS,short,4726.7,4732.9,4726.7,4716.8,True,2026-05-06 19:34:00,4716.8,TP,9.9,95.5,7
2026-05-06 21:05:00,2026-05-06 21:14:00,2026-05-06 21:21:00,BOS,short,4694.3,4703.5,4694.3,4679.3,True,2026-05-06 21:20:00,4694.3,BE,0.0,-4.0,7
2026-05-06 21:45:00,2026-05-06 21:50:00,2026-05-06 21:53:00,BOS,long,4707.4,4704.1,4707.4,4712.8,True,2026-05-06 21:51:00,4712.8,TP,5.4,49.77,3
2026-05-06 22:00:00,2026-05-06 22:07:00,2026-05-06 22:12:00,EXTEND,long,4710.8,4704.1,4710.8,4721.7,True,2026-05-06 22:07:00,4721.7,TP,10.9,104.77,5
2026-05-06 22:15:00,2026-05-06 22:29:00,2026-05-06 22:49:00,EXTEND,long,4716.2,4708.4,4716.2,4728.8,True,2026-05-06 22:30:00,4716.2,BE,0.0,-4.0,20
2026-05-06 23:10:00,2026-05-06 23:20:00,2026-05-06 23:34:00,EXTEND,short,4713.4,4718.7,4713.4,4704.8,True,2026-05-06 23:22:00,4704.8,TP,8.6,81.9,14
2026-05-07 00:05:00,2026-05-07 00:30:00,2026-05-07 00:39:00,BOS,short,4701.3,4706.6,4701.3,4692.7,True,2026-05-07 00:33:00,4701.3,BE,0.0,-4.0,9
2026-05-07 01:40:00,2026-05-07 01:55:00,2026-05-07 01:57:00,EXTEND,short,4693.3,4695.5,4695.5,4689.8,False,,4695.5,SL,-2.2,-25.77,2
2026-05-07 02:20:00,2026-05-07 02:41:00,2026-05-07 02:43:00,EXTEND,long,4696.2,4692.9,4696.2,4701.5,True,2026-05-07 02:42:00,4696.2,BE,0.0,-4.0,2
2026-05-07 02:50:00,2026-05-07 03:02:00,2026-05-07 03:03:00,EXTEND,short,4699.0,4701.1,4701.1,4695.7,False,,4701.1,SL,-2.1,-24.63,1
2026-05-07 03:20:00,2026-05-07 07:23:00,2026-05-07 08:05:00,EXTEND,long,4701.7,4695.7,4701.7,4711.4,True,2026-05-07 07:36:00,4701.7,BE,0.0,-4.0,42
2026-05-07 08:05:00,2026-05-07 08:25:00,2026-05-07 08:26:00,EXTEND,short,4703.6,4707.0,4703.6,4698.1,True,2026-05-07 08:25:00,4703.6,BE,0.0,-4.0,1
2026-05-07 10:30:00,2026-05-07 10:42:00,2026-05-07 10:45:00,BOS,short,4713.5,4716.7,4713.5,4708.2,True,2026-05-07 10:44:00,4713.5,BE,0.0,-4.0,3
2026-05-07 12:35:00,2026-05-07 12:40:00,2026-05-07 12:40:00,EXTEND,short,4704.6,4707.0,4707.0,4700.7,False,,4707.0,SL,-2.4,-28.07,0
2026-05-07 13:00:00,2026-05-07 13:18:00,2026-05-07 13:31:00,MSS,long,4705.4,4702.5,4705.4,4710.0,True,2026-05-07 13:30:00,4710.0,TP,4.6,42.35,13
2026-05-07 13:55:00,2026-05-07 14:00:00,2026-05-07 14:01:00,MSS,short,4712.9,4715.3,4712.9,4709.0,True,2026-05-07 14:01:00,4712.9,BE,0.0,-4.0,1
2026-05-07 15:00:00,2026-05-07 15:07:00,2026-05-07 15:11:00,MSS,short,4752.2,4759.2,4759.2,4740.8,False,,4759.2,SL,-7.0,-74.29,4
2026-05-07 16:05:00,2026-05-07 16:14:00,2026-05-07 16:18:00,EXTEND,long,4753.1,4746.6,4746.6,4763.6,False,,4746.6,SL,-6.5,-68.94,4
2026-05-07 17:00:00,2026-05-07 17:07:00,2026-05-07 17:17:00,EXTEND,short,4741.3,4747.1,4747.1,4731.9,False,,4747.1,SL,-5.8,-62.06,10
2026-05-07 17:55:00,2026-05-07 18:12:00,2026-05-07 18:18:00,BOS,short,4744.0,4749.3,4744.0,4735.3,True,2026-05-07 18:18:00,4744.0,BE,0.0,-4.0,6
2026-05-07 18:40:00,2026-05-07 19:09:00,2026-05-07 19:10:00,EXTEND,long,4741.9,4737.3,4741.9,4749.3,True,2026-05-07 19:10:00,4741.9,BE,0.0,-4.0,1
2026-05-07 20:15:00,2026-05-07 20:22:00,2026-05-07 20:25:00,EXTEND,long,4748.3,4743.1,4743.1,4756.8,False,,4743.1,SL,-5.2,-56.33,3
2026-05-07 20:45:00,2026-05-07 21:01:00,2026-05-07 21:04:00,EXTEND,long,4749.8,4741.9,4749.8,4762.7,True,2026-05-07 21:02:00,4749.8,BE,0.0,-4.0,3
2026-05-07 21:10:00,2026-05-07 21:24:00,2026-05-07 21:32:00,EXTEND,short,4754.3,4762.7,4762.7,4740.7,False,,4762.7,SL,-8.4,-88.04,8
2026-05-08 08:05:00,2026-05-08 08:13:00,2026-05-08 08:15:00,BOS,long,4713.0,4710.0,4710.0,4717.8,False,,4710.0,SL,-3.0,-33.8,2
2026-05-08 08:15:00,2026-05-08 08:23:00,2026-05-08 08:34:00,MSS,short,4712.6,4718.7,4712.6,4702.7,True,2026-05-08 08:27:00,4712.6,BE,0.0,-4.0,11
2026-05-08 09:05:00,2026-05-08 09:37:00,2026-05-08 09:48:00,EXTEND,long,4714.1,4705.5,4714.1,4728.1,True,2026-05-08 09:39:00,4728.1,TP,14.0,135.67,11
2026-05-08 10:00:00,2026-05-08 10:35:00,2026-05-08 12:13:00,BOS,long,4724.0,4713.4,4724.0,4741.1,True,2026-05-08 11:08:00,4724.0,BE,0.0,-4.0,98
2026-05-08 12:40:00,2026-05-08 12:53:00,2026-05-08 13:07:00,BOS,short,4723.1,4727.0,4723.1,4716.9,True,2026-05-08 12:59:00,4723.1,BE,0.0,-4.0,14
2026-05-08 13:55:00,2026-05-08 14:00:00,2026-05-08 14:28:00,EXTEND,long,4727.1,4719.1,4727.1,4740.0,True,2026-05-08 14:02:00,4740.0,TP,12.9,125.16,28
2026-05-08 14:25:00,2026-05-08 14:34:00,2026-05-08 14:39:00,BOS,long,4735.3,4730.1,4735.3,4743.6,True,2026-05-08 14:36:00,4735.3,BE,0.0,-4.0,5
2026-05-08 15:45:00,2026-05-08 15:52:00,2026-05-08 15:55:00,MSS,long,4718.1,4715.7,4718.1,4722.0,True,2026-05-08 15:53:00,4718.1,BE,0.0,-4.0,3
2026-05-08 16:35:00,2026-05-08 17:32:00,2026-05-08 17:35:00,EXTEND,long,4722.2,4715.6,4722.2,4732.8,True,2026-05-08 17:34:00,4722.2,BE,0.0,-4.0,3
2026-05-08 17:50:00,2026-05-08 18:13:00,2026-05-08 18:23:00,EXTEND,short,4726.4,4732.4,4732.4,4716.7,False,,4732.4,SL,-6.0,-63.97,10
2026-05-08 18:35:00,2026-05-08 18:45:00,2026-05-08 18:49:00,MSS,long,4732.9,4729.9,4729.9,4737.7,False,,4729.9,SL,-3.0,-33.8,4
2026-05-08 18:55:00,2026-05-08 19:01:00,2026-05-08 19:15:00,EXTEND,short,4732.7,4737.7,4732.7,4724.5,True,2026-05-08 19:10:00,4732.7,BE,0.0,-4.0,14
2026-05-08 20:15:00,2026-05-08 20:30:00,2026-05-08 20:30:00,EXTEND,short,4723.1,4729.9,4723.1,4712.1,True,2026-05-08 20:30:00,4712.1,TP,11.0,106.0,0
2026-05-08 22:00:00,2026-05-08 22:07:00,2026-05-08 22:18:00,EXTEND,long,4738.9,4725.8,4738.9,4760.1,True,2026-05-08 22:16:00,4738.9,BE,0.0,-4.0,11
2026-05-08 23:30:00,2026-05-08 23:36:00,2026-05-08 23:39:00,EXTEND,short,4724.2,4730.8,4724.2,4713.6,True,2026-05-08 23:37:00,4724.2,BE,0.0,-4.0,3
2026-05-08 23:45:00,2026-05-09 00:15:00,2026-05-09 00:58:00,EXTEND,short,4723.3,4730.8,4723.3,4711.1,True,2026-05-09 00:56:00,4723.3,BE,0.0,-4.0,43
2026-05-09 01:50:00,2026-05-09 01:57:00,2026-05-09 01:59:00,BOS,long,4729.8,4728.8,4729.8,4731.4,True,2026-05-09 01:58:00,4729.8,BE,0.0,-4.0,2
2026-05-09 01:55:00,2026-05-09 02:00:00,2026-05-09 02:00:00,EXTEND,long,4730.1,4728.8,4730.1,4732.3,True,2026-05-09 02:00:00,4732.3,TP,2.2,17.63,0
2026-05-09 02:15:00,2026-05-09 02:48:00,2026-05-09 02:52:00,EXTEND,long,4732.5,4728.8,4732.5,4738.5,True,2026-05-09 02:51:00,4732.5,BE,0.0,-4.0,4
2026-05-09 02:55:00,2026-05-09 03:06:00,2026-05-09 03:10:00,EXTEND,short,4734.9,4738.5,4734.9,4729.2,True,2026-05-09 03:08:00,4734.9,BE,0.0,-4.0,4
2026-05-09 03:35:00,2026-05-09 03:40:00,2026-05-09 03:40:00,EXTEND,short,4733.4,4734.9,4734.9,4731.0,False,,4734.9,SL,-1.5,-18.9,0
2026-05-11 07:00:00,2026-05-11 07:11:00,2026-05-11 07:12:00,MSS,long,4699.1,4695.1,4699.1,4705.6,True,2026-05-11 07:11:00,4699.1,BE,0.0,-4.0,1
2026-05-11 07:50:00,2026-05-11 07:59:00,2026-05-11 08:00:00,EXTEND,long,4699.8,4695.1,4695.1,4707.3,False,,4695.1,SL,-4.7,-50.6,1
2026-05-11 08:20:00,2026-05-11 08:31:00,2026-05-11 08:41:00,EXTEND,short,4698.6,4707.3,4698.6,4684.4,True,2026-05-11 08:38:00,4698.6,BE,0.0,-4.0,10
2026-05-11 08:50:00,2026-05-11 09:04:00,2026-05-11 09:05:00,EXTEND,short,4696.3,4707.3,4707.3,4678.4,False,,4707.3,SL,-11.0,-114.4,1
2026-05-11 09:20:00,2026-05-11 09:40:00,2026-05-11 09:50:00,MSS,long,4699.6,4690.4,4699.6,4714.4,True,2026-05-11 09:41:00,4699.6,BE,0.0,-4.0,10
2026-05-11 09:55:00,2026-05-11 10:01:00,2026-05-11 10:06:00,EXTEND,short,4698.6,4704.9,4698.6,4688.5,True,2026-05-11 10:04:00,4688.5,TP,10.1,97.35,5
2026-05-11 10:05:00,2026-05-11 10:13:00,2026-05-11 10:30:00,EXTEND,short,4697.9,4704.9,4697.9,4686.5,True,2026-05-11 10:13:00,4697.9,BE,0.0,-4.0,17
2026-05-11 10:35:00,2026-05-11 10:44:00,2026-05-11 10:48:00,MSS,long,4697.9,4691.1,4697.9,4709.0,True,2026-05-11 10:45:00,4697.9,BE,0.0,-4.0,4
2026-05-11 13:30:00,2026-05-11 13:38:00,2026-05-11 13:42:00,MSS,long,4681.6,4678.3,4678.3,4687.0,False,,4678.3,SL,-3.3,-37.23,4
2026-05-11 13:55:00,2026-05-11 14:17:00,2026-05-11 14:26:00,EXTEND,short,4675.8,4688.4,4675.8,4655.5,True,2026-05-11 14:25:00,4675.8,BE,0.0,-4.0,9
2026-05-11 14:50:00,2026-05-11 15:47:00,2026-05-11 16:41:00,BOS,long,4677.9,4671.3,4677.9,4688.7,True,2026-05-11 16:11:00,4677.9,BE,0.0,-4.0,54
2026-05-11 16:55:00,2026-05-11 17:03:00,2026-05-11 17:06:00,EXTEND,short,4678.3,4680.2,4678.3,4675.1,True,2026-05-11 17:03:00,4678.3,BE,0.0,-4.0,3
2026-05-11 17:30:00,2026-05-11 17:44:00,2026-05-11 18:10:00,EXTEND,short,4671.0,4678.5,4671.0,4658.8,True,2026-05-11 17:51:00,4671.0,BE,0.0,-4.0,26
2026-05-11 18:25:00,2026-05-11 18:30:00,2026-05-11 18:31:00,EXTEND,long,4670.9,4668.8,4670.9,4674.4,True,2026-05-11 18:30:00,4674.4,TP,3.5,30.61,1
2026-05-11 18:30:00,2026-05-11 18:38:00,2026-05-11 18:39:00,EXTEND,long,4671.3,4668.8,4668.8,4675.3,False,,4668.8,SL,-2.5,-28.83,1
2026-05-11 19:00:00,2026-05-11 19:12:00,2026-05-11 19:31:00,BOS,long,4675.3,4671.9,4675.3,4680.9,True,2026-05-11 19:13:00,4680.9,TP,5.6,51.62,19
2026-05-11 19:40:00,2026-05-11 19:53:00,2026-05-11 19:55:00,EXTEND,long,4679.9,4676.0,4679.9,4686.1,True,2026-05-11 19:53:00,4679.9,BE,0.0,-4.0,2
2026-05-11 20:10:00,2026-05-11 20:18:00,2026-05-11 20:20:00,EXTEND,short,4681.1,4684.5,4681.1,4675.7,True,2026-05-11 20:19:00,4681.1,BE,0.0,-4.0,2
2026-05-11 22:30:00,2026-05-11 22:43:00,2026-05-11 23:17:00,EXTEND,short,4743.1,4754.6,4743.1,4724.6,True,2026-05-11 22:46:00,4743.1,BE,0.0,-4.0,34
2026-05-11 23:20:00,2026-05-11 23:40:00,2026-05-11 23:44:00,EXTEND,long,4738.5,4732.5,4738.5,4748.2,True,2026-05-11 23:42:00,4738.5,BE,0.0,-4.0,4
2026-05-12 00:40:00,2026-05-12 01:02:00,2026-05-12 01:05:00,EXTEND,short,4728.7,4735.8,4728.7,4717.2,True,2026-05-12 01:04:00,4728.7,BE,0.0,-4.0,3
2026-05-12 01:05:00,2026-05-12 01:12:00,2026-05-12 01:23:00,EXTEND,long,4725.3,4722.6,4725.3,4729.7,True,2026-05-12 01:13:00,4729.7,TP,4.4,39.88,11
2026-05-12 01:20:00,2026-05-12 01:29:00,2026-05-12 01:31:00,BOS,long,4727.4,4725.3,4727.4,4730.7,True,2026-05-12 01:30:00,4730.7,TP,3.3,29.37,2
2026-05-12 02:05:00,2026-05-12 02:11:00,2026-05-12 02:14:00,BOS,long,4733.1,4731.0,4733.1,4736.5,True,2026-05-12 02:13:00,4732.9,BE,-0.2,-6.01,3
2026-05-12 02:35:00,2026-05-12 02:59:00,2026-05-12 03:03:00,EXTEND,long,4733.9,4731.0,4733.9,4738.6,True,2026-05-12 03:00:00,4733.9,BE,0.0,-4.0,4
2026-05-12 03:00:00,2026-05-12 03:06:00,2026-05-12 03:06:00,EXTEND,short,4735.4,4736.9,4736.9,4733.1,False,,4736.9,SL,-1.5,-18.52,0
2026-05-12 03:30:00,2026-05-12 03:35:00,2026-05-12 03:40:00,EXTEND,short,4735.3,4737.6,4737.6,4731.6,False,,4737.6,SL,-2.3,-26.92,5
2026-05-12 07:30:00,2026-05-12 07:37:00,2026-05-12 07:37:00,BOS,long,4763.1,4760.0,4763.1,4768.0,True,2026-05-12 07:37:00,4768.0,TP,4.9,45.44,0
2026-05-12 08:15:00,2026-05-12 08:22:00,2026-05-12 08:23:00,BOS,long,4773.9,4768.0,4768.0,4783.5,False,,4768.0,SL,-5.9,-63.21,1
2026-05-12 10:10:00,2026-05-12 10:15:00,2026-05-12 10:17:00,MSS,long,4738.1,4734.7,4738.1,4743.5,True,2026-05-12 10:16:00,4738.1,BE,0.0,-4.0,2
2026-05-12 10:45:00,2026-05-12 11:19:00,2026-05-12 11:45:00,EXTEND,long,4735.8,4731.4,4731.4,4742.9,False,,4731.4,SL,-4.4,-47.93,26
2026-05-12 11:55:00,2026-05-12 12:15:00,2026-05-12 12:16:00,EXTEND,short,4733.1,4736.9,4736.9,4727.0,False,,4736.9,SL,-3.8,-41.82,1
2026-05-12 12:15:00,2026-05-12 12:23:00,2026-05-12 12:25:00,MSS,long,4733.6,4730.0,4733.6,4739.4,True,2026-05-12 12:25:00,4733.6,BE,0.0,-4.0,2
2026-05-12 13:10:00,2026-05-12 13:30:00,2026-05-12 13:57:00,EXTEND,short,4728.7,4735.7,4728.7,4717.4,True,2026-05-12 13:33:00,4728.7,BE,0.0,-4.0,27
2026-05-12 15:05:00,2026-05-12 15:11:00,2026-05-12 15:15:00,EXTEND,short,4705.4,4713.0,4705.4,4693.2,True,2026-05-12 15:13:00,4705.4,BE,0.0,-4.0,4
2026-05-12 16:00:00,2026-05-12 16:10:00,2026-05-12 16:15:00,MSS,long,4709.1,4705.7,4705.7,4714.7,False,,4705.7,SL,-3.4,-38.38,5
2026-05-12 17:25:00,2026-05-12 17:30:00,2026-05-12 17:32:00,EXTEND,short,4710.9,4714.4,4710.9,4705.2,True,2026-05-12 17:31:00,4710.9,BE,0.0,-4.0,2
2026-05-12 17:30:00,2026-05-12 17:36:00,2026-05-12 17:41:00,MSS,long,4708.4,4705.2,4708.4,4713.5,True,2026-05-12 17:39:00,4708.4,BE,0.0,-4.0,5
2026-05-12 17:40:00,2026-05-12 17:49:00,2026-05-12 18:00:00,MSS,short,4709.3,4713.5,4709.3,4702.5,True,2026-05-12 17:51:00,4709.3,BE,0.0,-4.0,11
2026-05-12 18:10:00,2026-05-12 18:16:00,2026-05-12 18:20:00,EXTEND,long,4708.1,4702.5,4708.1,4717.2,True,2026-05-12 18:18:00,4708.1,BE,0.0,-4.0,4
2026-05-12 18:35:00,2026-05-12 19:29:00,2026-05-12 19:57:00,MSS,short,4707.4,4717.2,4717.2,4691.6,False,,4717.2,SL,-9.8,-101.79,28
2026-05-12 20:30:00,2026-05-12 20:39:00,2026-05-12 20:43:00,BOS,short,4709.0,4716.3,4716.3,4697.1,False,,4716.3,SL,-7.3,-77.34,4
2026-05-13 07:05:00,2026-05-13 07:13:00,2026-05-13 07:18:00,EXTEND,long,4726.5,4723.2,4726.5,4731.9,True,2026-05-13 07:18:00,4726.5,BE,0.0,-4.0,5
2026-05-13 07:45:00,2026-05-13 07:53:00,2026-05-13 08:00:00,MSS,short,4727.0,4729.5,4727.0,4722.9,True,2026-05-13 07:54:00,4727.0,BE,0.0,-4.0,7
2026-05-13 08:05:00,2026-05-13 08:33:00,2026-05-13 08:36:00,EXTEND,long,4727.7,4722.9,4727.7,4735.4,True,2026-05-13 08:35:00,4727.7,BE,0.0,-4.0,3
2026-05-13 09:35:00,2026-05-13 09:42:00,2026-05-13 09:49:00,EXTEND,short,4718.9,4724.5,4718.9,4709.8,True,2026-05-13 09:43:00,4718.9,BE,0.0,-4.0,7
2026-05-13 11:35:00,2026-05-13 11:56:00,2026-05-13 12:07:00,EXTEND,long,4703.8,4697.0,4703.8,4714.8,True,2026-05-13 12:01:00,4703.8,BE,0.0,-4.0,11
2026-05-13 13:05:00,2026-05-13 13:18:00,2026-05-13 13:23:00,EXTEND,long,4710.0,4706.6,4710.0,4715.4,True,2026-05-13 13:21:00,4710.0,BE,0.0,-4.0,5
2026-05-13 13:30:00,2026-05-13 13:40:00,2026-05-13 13:58:00,EXTEND,short,4710.0,4715.4,4710.0,4701.3,True,2026-05-13 13:41:00,4710.0,BE,0.0,-4.0,18
2026-05-13 14:15:00,2026-05-13 14:52:00,2026-05-13 14:54:00,EXTEND,long,4711.2,4703.8,4711.2,4723.2,True,2026-05-13 14:53:00,4711.2,BE,0.0,-4.0,2
2026-05-13 15:05:00,2026-05-13 15:13:00,2026-05-13 15:15:00,BOS,short,4710.1,4713.6,4713.6,4704.5,False,,4713.6,SL,-3.5,-38.76,2
2026-05-13 16:55:00,2026-05-13 17:07:00,2026-05-13 17:10:00,EXTEND,long,4705.1,4702.0,4705.1,4710.2,True,2026-05-13 17:08:00,4705.1,BE,0.0,-4.0,3
2026-05-13 17:20:00,2026-05-13 17:49:00,2026-05-13 18:08:00,EXTEND,short,4703.4,4710.2,4710.2,4692.4,False,,4710.2,SL,-6.8,-72.0,19
2026-05-13 20:00:00,2026-05-13 20:07:00,2026-05-13 20:14:00,EXTEND,short,4709.4,4713.9,4709.4,4702.2,True,2026-05-13 20:08:00,4702.2,TP,7.2,68.31,7
2026-05-13 21:20:00,2026-05-13 21:31:00,2026-05-13 21:33:00,EXTEND,long,4691.9,4685.7,4691.9,4701.9,True,2026-05-13 21:32:00,4691.9,BE,0.0,-4.0,2
2026-05-13 21:45:00,2026-05-13 22:26:00,2026-05-13 23:02:00,EXTEND,short,4692.0,4701.9,4692.0,4676.1,True,2026-05-13 22:45:00,4692.0,BE,0.0,-4.0,36
2026-05-13 23:25:00,2026-05-13 23:30:00,2026-05-13 23:33:00,BOS,long,4694.7,4691.9,4694.7,4699.3,True,2026-05-13 23:30:00,4699.3,TP,4.6,41.73,3
2026-05-14 00:25:00,2026-05-14 00:34:00,2026-05-14 00:36:00,EXTEND,long,4710.6,4706.1,4710.6,4717.9,True,2026-05-14 00:34:00,4710.6,BE,0.0,-4.0,2
2026-05-14 02:00:00,2026-05-14 02:08:00,2026-05-14 02:25:00,EXTEND,short,4698.6,4702.5,4698.6,4692.4,True,2026-05-14 02:21:00,4698.6,BE,0.0,-4.0,17
2026-05-14 02:45:00,2026-05-14 02:54:00,2026-05-14 02:57:00,EXTEND,short,4695.0,4700.9,4695.0,4685.4,True,2026-05-14 02:55:00,4695.0,BE,0.0,-4.0,3
2026-05-14 03:15:00,2026-05-14 03:33:00,2026-05-14 03:52:00,EXTEND,long,4693.9,4690.9,4693.9,4698.7,True,2026-05-14 03:36:00,4693.9,BE,0.0,-4.0,19
2026-05-14 03:50:00,2026-05-14 03:58:00,2026-05-14 04:08:00,EXTEND,short,4696.0,4698.7,4696.0,4691.7,True,2026-05-14 04:00:00,4696.0,BE,0.0,-4.0,10
2026-05-14 07:10:00,2026-05-14 07:31:00,2026-05-14 07:45:00,EXTEND,long,4700.7,4695.6,4700.7,4709.0,True,2026-05-14 07:31:00,4700.7,BE,0.0,-4.0,14
2026-05-14 07:45:00,2026-05-14 07:55:00,2026-05-14 07:57:00,BOS,short,4702.8,4704.6,4702.8,4699.8,True,2026-05-14 07:55:00,4702.8,BE,0.0,-4.0,2
2026-05-14 08:00:00,2026-05-14 08:05:00,2026-05-14 08:06:00,BOS,short,4700.9,4703.8,4700.9,4696.2,True,2026-05-14 08:06:00,4700.9,BE,0.0,-4.0,1
2026-05-14 08:40:00,2026-05-14 08:45:00,2026-05-14 08:59:00,EXTEND,short,4707.6,4712.5,4712.5,4699.7,False,,4712.5,SL,-4.9,-52.9,14
2026-05-14 08:55:00,2026-05-14 09:01:00,2026-05-14 09:02:00,BOS,long,4709.2,4706.3,4709.2,4713.9,True,2026-05-14 09:02:00,4709.2,BE,0.0,-4.0,1
2026-05-14 09:40:00,2026-05-14 10:34:00,2026-05-14 10:48:00,EXTEND,short,4704.8,4713.9,4704.8,4690.0,True,2026-05-14 10:39:00,4690.0,TP,14.8,143.7,14
2026-05-14 11:25:00,2026-05-14 11:32:00,2026-05-14 11:38:00,EXTEND,long,4692.2,4687.7,4687.7,4699.5,False,,4687.7,SL,-4.5,-49.08,6
2026-05-14 12:00:00,2026-05-14 12:19:00,2026-05-14 12:25:00,EXTEND,short,4689.4,4699.5,4699.5,4673.0,False,,4699.5,SL,-10.1,-105.23,6
2026-05-14 13:25:00,2026-05-14 13:30:00,2026-05-14 13:32:00,EXTEND,short,4707.0,4711.3,4707.0,4700.1,True,2026-05-14 13:31:00,4707.0,BE,0.0,-4.0,2
2026-05-14 13:30:00,2026-05-14 13:39:00,2026-05-14 13:45:00,EXTEND,short,4707.0,4711.3,4707.0,4700.0,True,2026-05-14 13:41:00,4707.0,BE,0.0,-4.0,6
2026-05-14 14:10:00,2026-05-14 14:44:00,2026-05-14 14:50:00,EXTEND,short,4703.6,4710.4,4703.6,4692.7,True,2026-05-14 14:49:00,4703.6,BE,0.0,-4.0,6
2026-05-14 15:35:00,2026-05-14 15:50:00,2026-05-14 15:58:00,EXTEND,long,4710.3,4700.7,4700.7,4725.8,False,,4700.7,SL,-9.6,-99.88,8
2026-05-14 16:35:00,2026-05-14 16:41:00,2026-05-14 16:43:00,EXTEND,long,4708.0,4704.4,4704.4,4713.7,False,,4704.4,SL,-3.6,-39.53,2
2026-05-14 18:20:00,2026-05-14 18:26:00,2026-05-14 18:30:00,EXTEND,short,4704.4,4707.2,4704.4,4700.0,True,2026-05-14 18:26:00,4704.4,BE,0.0,-4.0,4
2026-05-14 18:45:00,2026-05-14 18:54:00,2026-05-14 18:55:00,EXTEND,short,4703.8,4707.2,4703.8,4698.3,True,2026-05-14 18:55:00,4703.8,BE,0.0,-4.0,1
2026-05-14 19:25:00,2026-05-14 19:39:00,2026-05-14 19:48:00,BOS,short,4701.8,4705.6,4705.6,4695.7,False,,4705.6,SL,-3.8,-41.82,9
2026-05-14 19:50:00,2026-05-14 19:59:00,2026-05-14 20:05:00,MSS,long,4701.7,4695.7,4701.7,4711.3,True,2026-05-14 20:01:00,4701.7,BE,0.0,-4.0,6
2026-05-14 20:35:00,2026-05-14 20:44:00,2026-05-14 21:02:00,EXTEND,long,4705.7,4698.7,4705.7,4716.9,True,2026-05-14 20:47:00,4705.7,BE,0.0,-4.0,18
2026-05-14 21:00:00,2026-05-14 21:10:00,2026-05-14 21:14:00,EXTEND,short,4711.4,4716.9,4711.4,4702.4,True,2026-05-14 21:10:00,4711.4,BE,0.0,-4.0,4
2026-05-14 21:40:00,2026-05-14 21:49:00,2026-05-14 22:12:00,EXTEND,short,4696.3,4711.7,4696.3,4671.3,True,2026-05-14 21:51:00,4696.3,BE,0.0,-4.0,23
2026-05-14 22:20:00,2026-05-14 22:35:00,2026-05-14 22:44:00,EXTEND,long,4692.4,4683.3,4692.4,4707.2,True,2026-05-14 22:35:00,4692.4,BE,0.0,-4.0,9
2026-05-15 07:00:00,2026-05-15 07:10:00,2026-05-15 07:14:00,EXTEND,long,4663.7,4661.2,4663.7,4667.8,True,2026-05-15 07:11:00,4663.7,BE,0.0,-4.0,4
2026-05-15 07:20:00,2026-05-15 07:26:00,2026-05-15 07:28:00,EXTEND,short,4664.7,4667.8,4667.8,4659.6,False,,4667.8,SL,-3.1,-35.32,2
2026-05-15 07:25:00,2026-05-15 07:31:00,2026-05-15 07:31:00,MSS,long,4663.2,4659.6,4659.6,4669.0,False,,4659.6,SL,-3.6,-39.91,0
2026-05-15 08:00:00,2026-05-15 08:15:00,2026-05-15 08:25:00,EXTEND,short,4660.4,4669.0,4660.4,4646.5,True,2026-05-15 08:16:00,4646.5,TP,13.9,135.05,10
2026-05-15 08:55:00,2026-05-15 09:00:00,2026-05-15 09:01:00,MSS,long,4627.1,4621.8,4627.1,4635.8,True,2026-05-15 09:00:00,4627.1,BE,0.0,-4.0,1
2026-05-15 09:00:00,2026-05-15 09:05:00,2026-05-15 09:06:00,EXTEND,long,4627.5,4621.8,4627.5,4636.7,True,2026-05-15 09:06:00,4627.5,BE,0.0,-4.0,1
2026-05-15 09:10:00,2026-05-15 09:20:00,2026-05-15 09:29:00,EXTEND,short,4627.4,4636.7,4627.4,4612.4,True,2026-05-15 09:21:00,4612.4,TP,15.0,146.17,9
2026-05-15 09:30:00,2026-05-15 09:44:00,2026-05-15 09:53:00,EXTEND,short,4627.1,4636.7,4627.1,4611.7,True,2026-05-15 09:46:00,4611.7,TP,15.4,150.5,9
2026-05-15 10:40:00,2026-05-15 10:46:00,2026-05-15 10:51:00,MSS,long,4616.7,4613.5,4616.7,4622.0,True,2026-05-15 10:47:00,4616.7,BE,0.0,-4.0,5
2026-05-15 10:55:00,2026-05-15 11:02:00,2026-05-15 11:18:00,EXTEND,long,4618.8,4613.5,4618.8,4627.3,True,2026-05-15 11:03:00,4618.8,BE,0.0,-4.0,16
2026-05-15 11:30:00,2026-05-15 11:42:00,2026-05-15 11:50:00,MSS,short,4620.4,4626.2,4620.4,4611.1,True,2026-05-15 11:44:00,4620.4,BE,0.0,-4.0,8
2026-05-15 12:05:00,2026-05-15 12:19:00,2026-05-15 12:21:00,MSS,long,4618.7,4614.4,4614.4,4625.6,False,,4614.4,SL,-4.3,-46.78,2
2026-05-15 12:40:00,2026-05-15 12:50:00,2026-05-15 13:01:00,MSS,short,4614.9,4619.0,4614.9,4608.3,True,2026-05-15 12:51:00,4608.3,TP,6.6,62.13,11
2026-05-15 13:45:00,2026-05-15 13:50:00,2026-05-15 13:52:00,BOS,short,4574.4,4579.8,4574.4,4565.7,True,2026-05-15 13:52:00,4574.4,BE,0.0,-4.0,2
2026-05-15 14:00:00,2026-05-15 14:05:00,2026-05-15 14:08:00,EXTEND,short,4570.6,4577.2,4570.6,4560.0,True,2026-05-15 14:08:00,4570.6,BE,0.0,-4.0,3
2026-05-15 14:45:00,2026-05-15 15:09:00,2026-05-15 15:10:00,EXTEND,short,4578.6,4584.9,4584.9,4568.5,False,,4584.9,SL,-6.3,-66.65,1
2026-05-15 15:20:00,2026-05-15 15:49:00,2026-05-15 16:01:00,EXTEND,long,4578.9,4569.8,4569.8,4593.5,False,,4569.8,SL,-9.1,-94.53,12
2026-05-15 16:45:00,2026-05-15 16:55:00,2026-05-15 16:58:00,EXTEND,long,4559.0,4553.2,4559.0,4568.4,True,2026-05-15 16:56:00,4559.0,BE,0.0,-4.0,3
2026-05-15 17:15:00,2026-05-15 17:29:00,2026-05-15 17:48:00,EXTEND,short,4558.7,4568.2,4558.7,4543.3,True,2026-05-15 17:35:00,4543.3,TP,15.4,149.88,19
2026-05-15 17:50:00,2026-05-15 17:56:00,2026-05-15 18:00:00,EXTEND,short,4550.6,4559.8,4550.6,4535.7,True,2026-05-15 17:57:00,4550.6,BE,0.0,-4.0,4
2026-05-15 18:50:00,2026-05-15 19:36:00,2026-05-15 20:01:00,BOS,long,4562.5,4553.6,4553.6,4576.8,False,,4553.6,SL,-8.9,-92.62,25
2026-05-15 20:10:00,2026-05-15 20:15:00,2026-05-15 20:16:00,BOS,short,4554.4,4557.5,4554.4,4549.3,True,2026-05-15 20:16:00,4554.4,BE,0.0,-4.0,1
2026-05-15 20:15:00,2026-05-15 20:20:00,2026-05-15 20:20:00,EXTEND,short,4554.3,4557.5,4557.5,4549.1,False,,4557.5,SL,-3.2,-36.09,0
2026-05-15 20:20:00,2026-05-15 20:30:00,2026-05-15 20:34:00,MSS,long,4554.4,4549.1,4554.4,4562.9,True,2026-05-15 20:33:00,4554.4,BE,0.0,-4.0,4
2026-05-15 21:45:00,2026-05-15 21:56:00,2026-05-15 22:06:00,EXTEND,short,4543.5,4561.8,4543.5,4514.0,True,2026-05-15 21:58:00,4543.5,BE,0.0,-4.0,10
2026-05-15 22:55:00,2026-05-15 23:02:00,2026-05-15 23:12:00,BOS,long,4558.0,4550.1,4558.0,4570.9,True,2026-05-15 23:05:00,4558.0,BE,0.0,-4.0,10
2026-05-16 00:10:00,2026-05-16 00:22:00,2026-05-16 00:25:00,EXTEND,short,4541.4,4546.5,4546.5,4533.2,False,,4546.5,SL,-5.1,-54.81,3
2026-05-16 01:20:00,2026-05-16 01:29:00,2026-05-16 01:40:00,BOS,long,4562.1,4558.4,4562.1,4568.0,True,2026-05-16 01:30:00,4568.0,TP,5.9,55.33,11
2026-05-16 02:10:00,2026-05-16 02:17:00,2026-05-16 02:18:00,BOS,long,4562.6,4560.2,4560.2,4566.6,False,,4560.2,SL,-2.4,-28.45,1
2026-05-16 02:15:00,2026-05-16 02:23:00,2026-05-16 02:30:00,MSS,short,4562.9,4566.6,4562.9,4556.9,True,2026-05-16 02:26:00,4562.9,BE,0.0,-4.0,7
2026-05-16 02:30:00,2026-05-16 02:40:00,2026-05-16 02:46:00,EXTEND,short,4562.6,4566.6,4562.6,4556.1,True,2026-05-16 02:40:00,4562.6,BE,0.0,-4.0,6
2026-05-16 03:35:00,2026-05-16 03:50:00,2026-05-16 03:52:00,MSS,long,4555.1,4552.5,4555.1,4559.4,True,2026-05-16 03:51:00,4555.1,BE,0.0,-4.0,2
2026-05-18 09:20:00,2026-05-18 09:25:00,2026-05-18 09:26:00,MSS,long,4501.5,4495.5,4501.5,4511.3,True,2026-05-18 09:25:00,4511.3,TP,9.8,93.64,1
2026-05-18 09:30:00,2026-05-18 09:38:00,2026-05-18 09:43:00,EXTEND,long,4502.7,4495.5,4502.7,4514.4,True,2026-05-18 09:38:00,4514.4,TP,11.7,112.8,5
2026-05-18 12:05:00,2026-05-18 12:28:00,2026-05-18 13:03:00,EXTEND,long,4538.0,4528.1,4538.0,4554.0,True,2026-05-18 12:30:00,4538.0,BE,0.0,-4.0,35
2026-05-18 13:30:00,2026-05-18 13:40:00,2026-05-18 13:49:00,EXTEND,long,4544.1,4536.5,4544.1,4556.3,True,2026-05-18 13:47:00,4544.1,BE,0.0,-4.0,9
2026-05-18 14:00:00,2026-05-18 14:24:00,2026-05-18 14:32:00,EXTEND,short,4547.3,4556.3,4547.3,4532.7,True,2026-05-18 14:26:00,4547.3,BE,0.0,-4.0,8
2026-05-18 15:00:00,2026-05-18 15:20:00,2026-05-18 15:24:00,EXTEND,long,4542.5,4535.8,4542.5,4553.3,True,2026-05-18 15:22:00,4542.5,BE,0.0,-4.0,4
2026-05-18 15:30:00,2026-05-18 15:48:00,2026-05-18 16:30:00,EXTEND,long,4550.4,4541.8,4550.4,4564.4,True,2026-05-18 16:24:00,4550.4,BE,0.0,-4.0,42
2026-05-18 16:50:00,2026-05-18 17:02:00,2026-05-18 17:03:00,EXTEND,long,4551.8,4546.1,4546.1,4561.0,False,,4546.1,SL,-5.7,-60.92,1
2026-05-18 18:10:00,2026-05-18 18:15:00,2026-05-18 18:19:00,EXTEND,short,4545.3,4549.0,4545.3,4539.3,True,2026-05-18 18:16:00,4545.3,BE,0.0,-4.0,4
2026-05-18 18:30:00,2026-05-18 18:37:00,2026-05-18 18:40:00,BOS,short,4542.3,4546.2,4542.3,4536.0,True,2026-05-18 18:37:00,4542.3,BE,0.0,-4.0,3
2026-05-18 18:45:00,2026-05-18 18:53:00,2026-05-18 19:00:00,EXTEND,long,4541.6,4535.4,4541.6,4551.5,True,2026-05-18 18:58:00,4541.6,BE,0.0,-4.0,7
2026-05-18 19:40:00,2026-05-18 20:20:00,2026-05-18 20:43:00,EXTEND,long,4549.5,4535.6,4549.5,4571.9,True,2026-05-18 20:21:00,4571.9,TP,22.4,220.33,23
2026-05-18 21:30:00,2026-05-18 21:42:00,2026-05-18 21:44:00,BOS,long,4572.6,4565.4,4572.6,4584.3,True,2026-05-18 21:43:00,4572.6,BE,0.0,-4.0,2
2026-05-18 21:55:00,2026-05-18 22:01:00,2026-05-18 22:05:00,EXTEND,long,4575.3,4566.9,4566.9,4588.8,False,,4566.9,SL,-8.4,-87.66,4
2026-05-19 00:20:00,2026-05-19 00:25:00,2026-05-19 00:26:00,EXTEND,long,4548.5,4544.4,4544.4,4555.1,False,,4544.4,SL,-4.1,-44.87,1
2026-05-19 00:25:00,2026-05-19 00:37:00,2026-05-19 00:45:00,MSS,short,4548.4,4555.1,4548.4,4537.6,True,2026-05-19 00:42:00,4548.4,BE,0.0,-4.0,8
2026-05-19 01:05:00,2026-05-19 02:15:00,2026-05-19 03:03:00,EXTEND,long,4547.2,4537.6,4547.2,4562.8,True,2026-05-19 03:01:00,4562.8,TP,15.6,151.74,48
2026-05-19 07:20:00,2026-05-19 07:58:00,2026-05-19 08:04:00,EXTEND,long,4583.0,4576.7,4583.0,4593.1,True,2026-05-19 07:59:00,4583.0,BE,0.0,-4.0,6
2026-05-19 09:00:00,2026-05-19 09:08:00,2026-05-19 09:20:00,EXTEND,short,4572.5,4579.8,4572.5,4560.6,True,2026-05-19 09:09:00,4560.6,TP,11.9,114.66,12
2026-05-19 09:40:00,2026-05-19 10:00:00,2026-05-19 10:11:00,EXTEND,long,4564.4,4557.3,4557.3,4575.8,False,,4557.3,SL,-7.1,-74.67,11
2026-05-19 11:00:00,2026-05-19 11:38:00,2026-05-19 11:56:00,EXTEND,short,4556.4,4562.6,4556.4,4546.4,True,2026-05-19 11:40:00,4546.4,TP,10.0,96.12,18
2026-05-19 12:15:00,2026-05-19 12:20:00,2026-05-19 12:26:00,EXTEND,short,4546.0,4548.8,4546.0,4541.6,True,2026-05-19 12:21:00,4541.6,TP,4.4,40.5,6
2026-05-19 12:30:00,2026-05-19 12:53:00,2026-05-19 13:00:00,EXTEND,short,4545.8,4548.8,4545.8,4540.9,True,2026-05-19 12:58:00,4545.8,BE,0.0,-4.0,7
2026-05-19 13:00:00,2026-05-19 13:08:00,2026-05-19 13:09:00,MSS,long,4543.7,4540.9,4543.7,4548.2,True,2026-05-19 13:08:00,4548.2,TP,4.5,41.11,1
2026-05-19 13:10:00,2026-05-19 13:19:00,2026-05-19 13:21:00,EXTEND,long,4544.3,4540.9,4544.3,4549.8,True,2026-05-19 13:20:00,4544.3,BE,0.0,-4.0,2
2026-05-19 13:20:00,2026-05-19 13:29:00,2026-05-19 13:31:00,MSS,short,4543.4,4549.8,4543.4,4533.0,True,2026-05-19 13:30:00,4543.4,BE,0.0,-4.0,2
2026-05-19 14:45:00,2026-05-19 14:55:00,2026-05-19 15:05:00,MSS,short,4552.4,4556.1,4552.4,4546.3,True,2026-05-19 14:56:00,4552.4,BE,0.0,-4.0,10
2026-05-19 15:05:00,2026-05-19 15:11:00,2026-05-19 15:13:00,MSS,long,4551.9,4547.5,4551.9,4558.9,True,2026-05-19 15:12:00,4551.9,BE,0.0,-4.0,2
2026-05-19 15:40:00,2026-05-19 15:46:00,2026-05-19 15:46:00,MSS,short,4549.8,4553.0,4553.0,4544.6,False,,4553.0,SL,-3.2,-36.09,0
2026-05-19 16:00:00,2026-05-19 16:07:00,2026-05-19 16:23:00,EXTEND,long,4551.6,4544.6,4544.6,4562.8,False,,4544.6,SL,-7.0,-73.52,16
2026-05-19 16:25:00,2026-05-19 16:34:00,2026-05-19 16:47:00,EXTEND,short,4546.9,4551.5,4551.5,4539.4,False,,4551.5,SL,-4.6,-50.22,13
2026-05-19 17:15:00,2026-05-19 17:22:00,2026-05-19 17:54:00,EXTEND,short,4546.8,4551.5,4546.8,4539.1,True,2026-05-19 17:29:00,4546.8,BE,0.0,-4.0,32
2026-05-19 18:40:00,2026-05-19 18:55:00,2026-05-19 18:58:00,BOS,short,4539.6,4546.6,4546.6,4528.4,False,,4546.6,SL,-7.0,-73.52,3
2026-05-19 20:00:00,2026-05-19 20:07:00,2026-05-19 20:10:00,EXTEND,short,4540.8,4547.1,4547.1,4530.6,False,,4547.1,SL,-6.3,-67.03,3
2026-05-19 21:30:00,2026-05-19 21:54:00,2026-05-19 22:09:00,EXTEND,short,4505.7,4529.5,4505.7,4467.2,True,2026-05-19 22:07:00,4505.7,BE,0.0,-4.0,15
2026-05-19 22:25:00,2026-05-19 23:18:00,2026-05-19 23:30:00,EXTEND,short,4505.6,4517.1,4505.6,4486.9,True,2026-05-19 23:22:00,4505.6,BE,0.0,-4.0,12
2026-05-20 00:00:00,2026-05-20 00:05:00,2026-05-20 00:07:00,EXTEND,long,4507.5,4503.7,4503.7,4513.7,False,,4503.7,SL,-3.8,-42.2,2
2026-05-20 00:10:00,2026-05-20 00:24:00,2026-05-20 00:26:00,EXTEND,short,4508.2,4513.7,4513.7,4499.3,False,,4513.7,SL,-5.5,-59.01,2
2026-05-20 01:15:00,2026-05-20 01:20:00,2026-05-20 01:24:00,EXTEND,long,4511.0,4508.7,4508.7,4514.7,False,,4508.7,SL,-2.3,-26.92,4
2026-05-20 01:20:00,2026-05-20 01:29:00,2026-05-20 01:31:00,MSS,short,4511.5,4514.7,4511.5,4506.4,True,2026-05-20 01:29:00,4511.5,BE,0.0,-4.0,2
2026-05-20 02:05:00,2026-05-20 02:14:00,2026-05-20 02:16:00,MSS,long,4504.4,4502.5,4504.4,4507.4,True,2026-05-20 02:15:00,4504.4,BE,0.0,-4.0,2
2026-05-20 02:30:00,2026-05-20 02:39:00,2026-05-20 02:41:00,EXTEND,short,4503.2,4507.4,4503.2,4496.5,True,2026-05-20 02:41:00,4503.2,BE,0.0,-4.0,2
2026-05-20 07:40:00,2026-05-20 08:00:00,2026-05-20 08:04:00,EXTEND,long,4489.2,4482.9,4489.2,4499.4,True,2026-05-20 08:02:00,4489.2,BE,0.0,-4.0,4
2026-05-20 08:45:00,2026-05-20 09:03:00,2026-05-20 09:05:00,EXTEND,long,4494.2,4482.5,4494.2,4513.0,True,2026-05-20 09:04:00,4494.2,BE,0.0,-4.0,2
2026-05-20 09:35:00,2026-05-20 09:50:00,2026-05-20 10:01:00,EXTEND,short,4486.0,4503.4,4486.0,4457.9,True,2026-05-20 09:51:00,4486.0,BE,0.0,-4.0,11
2026-05-20 11:05:00,2026-05-20 11:16:00,2026-05-20 11:22:00,BOS,short,4463.9,4469.4,4463.9,4454.9,True,2026-05-20 11:21:00,4463.9,BE,0.0,-4.0,6
2026-05-20 12:15:00,2026-05-20 12:27:00,2026-05-20 12:30:00,EXTEND,long,4464.7,4459.8,4464.7,4472.6,True,2026-05-20 12:28:00,4464.7,BE,0.0,-4.0,3
2026-05-20 12:45:00,2026-05-20 12:51:00,2026-05-20 13:00:00,MSS,short,4465.1,4469.2,4465.1,4458.5,True,2026-05-20 12:52:00,4465.1,BE,0.0,-4.0,9
2026-05-20 13:30:00,2026-05-20 13:44:00,2026-05-20 13:47:00,BOS,long,4474.2,4469.5,4469.5,4481.8,False,,4469.5,SL,-4.7,-50.99,3
2026-05-20 13:45:00,2026-05-20 13:56:00,2026-05-20 14:00:00,MSS,short,4475.5,4481.8,4475.5,4465.4,True,2026-05-20 13:59:00,4475.5,BE,0.0,-4.0,4
2026-05-20 14:35:00,2026-05-20 14:49:00,2026-05-20 14:51:00,EXTEND,short,4474.3,4480.9,4480.9,4463.7,False,,4480.9,SL,-6.6,-69.7,2
2026-05-20 15:10:00,2026-05-20 15:23:00,2026-05-20 15:30:00,EXTEND,long,4479.3,4473.9,4479.3,4488.0,True,2026-05-20 15:24:00,4488.0,TP,8.7,83.14,7
2026-05-20 15:30:00,2026-05-20 15:36:00,2026-05-20 15:48:00,EXTEND,long,4479.5,4473.9,4479.5,4488.5,True,2026-05-20 15:37:00,4479.5,BE,0.0,-4.0,12
2026-05-20 16:30:00,2026-05-20 16:35:00,2026-05-20 16:40:00,EXTEND,long,4485.1,4480.8,4485.1,4492.1,True,2026-05-20 16:38:00,4485.1,BE,0.0,-4.0,5
2026-05-20 16:55:00,2026-05-20 17:06:00,2026-05-20 17:25:00,EXTEND,long,4485.4,4480.8,4480.8,4492.9,False,,4480.8,SL,-4.6,-50.22,19
2026-05-20 17:25:00,2026-05-20 17:32:00,2026-05-20 17:39:00,MSS,short,4481.9,4486.1,4486.1,4475.2,False,,4486.1,SL,-4.2,-45.64,7
2026-05-20 17:50:00,2026-05-20 17:59:00,2026-05-20 18:07:00,MSS,long,4487.8,4484.3,4487.8,4493.4,True,2026-05-20 18:01:00,4493.4,TP,5.6,52.24,8
2026-05-20 19:15:00,2026-05-20 19:23:00,2026-05-20 19:24:00,MSS,short,4497.1,4499.0,4497.1,4494.1,True,2026-05-20 19:24:00,4497.1,BE,0.0,-4.0,1
2026-05-20 19:25:00,2026-05-20 19:42:00,2026-05-20 19:48:00,MSS,long,4497.4,4493.5,4497.4,4503.7,True,2026-05-20 19:47:00,4497.4,BE,0.0,-4.0,6
2026-05-20 20:45:00,2026-05-20 20:55:00,2026-05-20 20:56:00,EXTEND,long,4500.2,4495.2,4500.2,4508.3,True,2026-05-20 20:56:00,4500.2,BE,0.0,-4.0,1
2026-05-20 21:10:00,2026-05-20 21:20:00,2026-05-20 21:26:00,EXTEND,long,4500.6,4495.2,4495.2,4509.3,False,,4495.2,SL,-5.4,-57.86,6
2026-05-20 22:10:00,2026-05-20 22:15:00,2026-05-20 22:16:00,EXTEND,short,4485.2,4495.0,4495.0,4469.3,False,,4495.0,SL,-9.8,-102.17,1
2026-05-20 23:15:00,2026-05-20 23:25:00,2026-05-20 23:43:00,BOS,long,4538.3,4526.5,4538.3,4557.5,True,2026-05-20 23:39:00,4538.3,BE,0.0,-4.0,18
2026-05-21 00:25:00,2026-05-21 00:42:00,2026-05-21 00:43:00,EXTEND,short,4534.1,4538.5,4534.1,4527.0,True,2026-05-21 00:43:00,4534.1,BE,0.0,-4.0,1
2026-05-21 01:25:00,2026-05-21 01:30:00,2026-05-21 01:32:00,MSS,short,4538.1,4540.5,4538.1,4534.2,True,2026-05-21 01:31:00,4534.2,TP,3.9,34.93,2
2026-05-21 01:30:00,2026-05-21 01:36:00,2026-05-21 01:41:00,EXTEND,short,4537.7,4540.5,4537.7,4533.1,True,2026-05-21 01:41:00,4537.7,BE,0.0,-4.0,5
2026-05-21 02:00:00,2026-05-21 02:10:00,2026-05-21 02:15:00,EXTEND,short,4537.3,4540.5,4537.3,4532.0,True,2026-05-21 02:11:00,4537.3,BE,0.0,-4.0,5
2026-05-21 03:15:00,2026-05-21 03:23:00,2026-05-21 03:30:00,BOS,long,4546.4,4544.7,4546.4,4549.2,True,2026-05-21 03:23:00,4549.2,TP,2.8,23.81,7
2026-05-21 03:35:00,2026-05-21 03:44:00,2026-05-21 03:46:00,BOS,long,4549.1,4546.2,4549.1,4553.7,True,2026-05-21 03:45:00,4549.1,BE,0.0,-4.0,2
2026-05-21 07:25:00,2026-05-21 07:30:00,2026-05-21 07:33:00,EXTEND,short,4539.3,4541.6,4541.6,4535.5,False,,4541.6,SL,-2.3,-27.3,3
2026-05-21 08:00:00,2026-05-21 08:18:00,2026-05-21 08:24:00,EXTEND,long,4541.2,4535.5,4541.2,4550.3,True,2026-05-21 08:18:00,4541.2,BE,0.0,-4.0,6
2026-05-21 11:50:00,2026-05-21 12:02:00,2026-05-21 12:05:00,BOS,short,4534.2,4537.9,4534.2,4528.1,True,2026-05-21 12:03:00,4534.2,BE,0.0,-4.0,3
2026-05-21 12:30:00,2026-05-21 13:08:00,2026-05-21 13:19:00,EXTEND,long,4533.3,4528.1,4528.1,4541.8,False,,4528.1,SL,-5.2,-56.33,11
2026-05-21 14:20:00,2026-05-21 14:40:00,2026-05-21 15:06:00,EXTEND,long,4527.5,4519.1,4519.1,4541.2,False,,4519.1,SL,-8.4,-88.42,26
2026-05-21 15:25:00,2026-05-21 15:50:00,2026-05-21 16:04:00,BOS,short,4520.5,4525.0,4525.0,4513.3,False,,4525.0,SL,-4.5,-48.69,14
2026-05-21 17:20:00,2026-05-21 17:26:00,2026-05-21 17:30:00,EXTEND,long,4537.1,4532.9,4537.1,4543.9,True,2026-05-21 17:27:00,4543.9,TP,6.8,63.98,4
2026-05-21 18:00:00,2026-05-21 18:07:00,2026-05-21 18:08:00,MSS,long,4532.2,4530.7,4532.2,4534.7,True,2026-05-21 18:08:00,4532.2,BE,0.0,-4.0,1
2026-05-21 18:05:00,2026-05-21 18:12:00,2026-05-21 18:15:00,EXTEND,long,4533.2,4530.7,4533.2,4537.3,True,2026-05-21 18:14:00,4533.2,BE,0.0,-4.0,3
2026-05-21 19:35:00,2026-05-21 19:51:00,2026-05-21 20:01:00,EXTEND,short,4517.3,4522.4,4517.3,4509.0,True,2026-05-21 19:54:00,4517.3,BE,0.0,-4.0,10
2026-05-21 20:05:00,2026-05-21 20:13:00,2026-05-21 20:15:00,MSS,long,4514.7,4511.8,4514.7,4519.5,True,2026-05-21 20:14:00,4514.7,BE,0.0,-4.0,2
2026-05-21 20:25:00,2026-05-21 20:33:00,2026-05-21 20:37:00,EXTEND,short,4513.7,4520.3,4513.7,4503.1,True,2026-05-21 20:37:00,4513.7,BE,0.0,-4.0,4
2026-05-21 20:55:00,2026-05-21 21:03:00,2026-05-21 21:04:00,EXTEND,short,4513.1,4520.3,4513.1,4501.4,True,2026-05-21 21:03:00,4513.1,BE,0.0,-4.0,1
2026-05-21 21:00:00,2026-05-21 21:05:00,2026-05-21 21:15:00,EXTEND,short,4512.5,4520.3,4512.5,4499.8,True,2026-05-21 21:07:00,4499.8,TP,12.7,122.69,10
2026-05-21 21:35:00,2026-05-21 21:48:00,2026-05-21 21:50:00,EXTEND,short,4504.1,4513.8,4504.1,4488.5,True,2026-05-21 21:49:00,4504.1,BE,0.0,-4.0,2
2026-05-21 21:50:00,2026-05-21 22:16:00,2026-05-21 22:20:00,MSS,long,4501.4,4488.5,4501.4,4522.2,True,2026-05-21 22:17:00,4501.4,BE,0.0,-4.0,4
2026-05-22 01:00:00,2026-05-22 01:05:00,2026-05-22 01:10:00,EXTEND,long,4516.1,4510.5,4516.1,4525.2,True,2026-05-22 01:07:00,4525.2,TP,9.1,86.85,5
2026-05-22 03:40:00,2026-05-22 03:54:00,2026-05-22 03:56:00,EXTEND,long,4536.2,4531.1,4536.2,4544.5,True,2026-05-22 03:55:00,4544.5,TP,8.3,78.81,2
2026-05-22 07:00:00,2026-05-22 07:18:00,2026-05-22 07:21:00,EXTEND,long,4542.8,4540.5,4540.5,4546.6,False,,4540.5,SL,-2.3,-27.3,3
2026-05-22 07:20:00,2026-05-22 07:29:00,2026-05-22 07:36:00,EXTEND,short,4541.8,4545.2,4541.8,4536.2,True,2026-05-22 07:30:00,4536.2,TP,5.6,51.62,7
2026-05-22 08:15:00,2026-05-22 08:32:00,2026-05-22 08:35:00,EXTEND,short,4539.7,4545.2,4539.7,4530.8,True,2026-05-22 08:34:00,4539.7,BE,0.0,-4.0,3
2026-05-22 08:35:00,2026-05-22 08:47:00,2026-05-22 08:50:00,MSS,long,4535.2,4530.8,4535.2,4542.2,True,2026-05-22 08:48:00,4535.2,BE,0.0,-4.0,3
2026-05-22 08:55:00,2026-05-22 09:00:00,2026-05-22 09:05:00,EXTEND,short,4536.2,4542.2,4536.2,4526.6,True,2026-05-22 09:01:00,4526.6,TP,9.6,92.41,5
2026-05-22 09:05:00,2026-05-22 09:15:00,2026-05-22 09:18:00,BOS,short,4532.5,4537.6,4532.5,4524.2,True,2026-05-22 09:16:00,4532.5,BE,0.0,-4.0,3
2026-05-22 09:40:00,2026-05-22 09:50:00,2026-05-22 10:31:00,EXTEND,short,4531.6,4537.6,4531.6,4521.8,True,2026-05-22 09:53:00,4521.8,TP,9.8,93.64,41
2026-05-22 10:30:00,2026-05-22 10:49:00,2026-05-22 11:32:00,BOS,short,4526.3,4530.5,4526.3,4519.6,True,2026-05-22 10:52:00,4526.3,BE,0.0,-4.0,43
2026-05-22 12:25:00,2026-05-22 12:35:00,2026-05-22 12:37:00,BOS,long,4530.4,4528.3,4528.3,4533.9,False,,4528.3,SL,-2.1,-25.39,2
2026-05-22 12:40:00,2026-05-22 12:53:00,2026-05-22 13:03:00,EXTEND,short,4531.1,4533.9,4531.1,4526.5,True,2026-05-22 12:53:00,4526.5,TP,4.6,41.73,10
2026-05-22 13:00:00,2026-05-22 13:06:00,2026-05-22 13:17:00,BOS,short,4528.7,4531.2,4528.7,4524.6,True,2026-05-22 13:07:00,4524.6,TP,4.1,36.79,11
2026-05-22 13:15:00,2026-05-22 13:21:00,2026-05-22 13:25:00,EXTEND,short,4528.5,4531.2,4528.5,4524.1,True,2026-05-22 13:23:00,4528.5,BE,0.0,-4.0,4
2026-05-22 13:40:00,2026-05-22 13:54:00,2026-05-22 13:55:00,EXTEND,long,4529.5,4525.9,4525.9,4535.4,False,,4525.9,SL,-3.6,-40.29,1
2026-05-22 13:55:00,2026-05-22 14:13:00,2026-05-22 14:23:00,MSS,short,4525.0,4535.4,4525.0,4508.3,True,2026-05-22 14:15:00,4525.0,BE,0.0,-4.0,10
2026-05-22 15:40:00,2026-05-22 15:54:00,2026-05-22 15:55:00,EXTEND,short,4523.7,4528.2,4523.7,4516.5,True,2026-05-22 15:54:00,4523.7,BE,0.0,-4.0,1
2026-05-22 17:30:00,2026-05-22 17:37:00,2026-05-22 17:41:00,EXTEND,short,4522.0,4526.2,4526.2,4515.2,False,,4526.2,SL,-4.2,-46.02,4
2026-05-22 19:05:00,2026-05-22 19:10:00,2026-05-22 19:13:00,EXTEND,long,4515.1,4513.1,4515.1,4518.3,True,2026-05-22 19:11:00,4515.1,BE,0.0,-4.0,3
2026-05-22 20:15:00,2026-05-22 20:22:00,2026-05-22 20:26:00,EXTEND,long,4526.0,4519.0,4526.0,4537.4,True,2026-05-22 20:23:00,4526.0,BE,0.0,-4.0,4
2026-05-23 00:30:00,2026-05-23 00:38:00,2026-05-23 00:42:00,EXTEND,long,4522.0,4517.8,4517.8,4528.8,False,,4517.8,SL,-4.2,-46.02,4
2026-05-23 00:40:00,2026-05-23 01:10:00,2026-05-23 01:28:00,MSS,short,4522.4,4528.8,4522.4,4512.1,True,2026-05-23 01:16:00,4522.4,BE,0.0,-4.0,18
2026-05-23 01:30:00,2026-05-23 01:35:00,2026-05-23 01:54:00,EXTEND,long,4520.8,4514.5,4520.8,4531.0,True,2026-05-23 01:35:00,4520.8,BE,0.0,-4.0,19
2026-05-23 02:00:00,2026-05-23 02:39:00,2026-05-23 03:02:00,MSS,short,4521.0,4525.9,4521.0,4513.2,True,2026-05-23 02:40:00,4513.2,TP,7.8,74.49,23
2026-05-23 03:40:00,2026-05-23 03:50:00,2026-05-23 03:53:00,EXTEND,long,4508.5,4505.9,4508.5,4512.8,True,2026-05-23 03:50:00,4508.5,BE,0.0,-4.0,3
2026-05-25 08:45:00,2026-05-25 08:52:00,2026-05-25 08:55:00,BOS,long,4575.8,4572.2,4572.2,4581.6,False,,4572.2,SL,-3.6,-39.91,3
2026-05-25 08:55:00,2026-05-25 09:00:00,2026-05-25 09:07:00,MSS,short,4576.0,4581.6,4576.0,4566.9,True,2026-05-25 09:00:00,4566.9,TP,9.1,86.85,7
2026-05-25 09:05:00,2026-05-25 09:23:00,2026-05-25 09:27:00,BOS,short,4571.8,4578.1,4571.8,4561.5,True,2026-05-25 09:26:00,4571.8,BE,0.0,-4.0,4
2026-05-25 10:05:00,2026-05-25 10:13:00,2026-05-25 10:16:00,MSS,long,4564.6,4561.7,4561.7,4569.3,False,,4561.7,SL,-2.9,-33.03,3
2026-05-25 10:40:00,2026-05-25 10:48:00,2026-05-25 10:54:00,BOS,long,4563.8,4559.6,4563.8,4570.7,True,2026-05-25 10:50:00,4563.8,BE,0.0,-4.0,6
2026-05-25 11:50:00,2026-05-25 12:01:00,2026-05-25 12:17:00,EXTEND,short,4562.0,4565.1,4562.0,4557.1,True,2026-05-25 12:13:00,4562.0,BE,0.0,-4.0,16
2026-05-25 12:25:00,2026-05-25 12:33:00,2026-05-25 12:38:00,MSS,long,4562.9,4560.5,4560.5,4566.7,False,,4560.5,SL,-2.4,-27.68,5
2026-05-25 13:00:00,2026-05-25 13:20:00,2026-05-25 13:21:00,BOS,long,4563.0,4560.4,4560.4,4567.3,False,,4560.4,SL,-2.6,-30.36,1
2026-05-25 15:00:00,2026-05-25 15:18:00,2026-05-25 15:18:00,EXTEND,long,4558.8,4554.5,4554.5,4565.8,False,,4554.5,SL,-4.3,-47.17,0
2026-05-25 15:50:00,2026-05-25 16:22:00,2026-05-25 17:05:00,EXTEND,long,4558.4,4553.2,4558.4,4566.7,True,2026-05-25 17:03:00,4558.4,BE,0.0,-4.0,43
2026-05-25 19:15:00,2026-05-25 19:25:00,2026-05-25 19:38:00,BOS,long,4572.5,4569.4,4572.5,4577.5,True,2026-05-25 19:29:00,4577.5,TP,5.0,46.06,13
2026-05-25 19:35:00,2026-05-25 19:49:00,2026-05-25 19:59:00,BOS,long,4573.9,4571.2,4571.2,4578.2,False,,4571.2,SL,-2.7,-30.74,10
2026-05-25 20:20:00,2026-05-25 20:36:00,2026-05-25 20:46:00,EXTEND,short,4569.8,4579.3,4569.8,4554.3,True,2026-05-25 20:45:00,4569.8,BE,0.0,-4.0,10
2026-05-25 22:20:00,2026-05-25 22:28:00,2026-05-25 22:30:00,BOS,long,4569.9,4568.6,4568.6,4572.0,False,,4568.6,SL,-1.3,-16.99,2
2026-05-25 22:55:00,2026-05-25 23:00:00,2026-05-25 23:00:00,EXTEND,short,4569.0,4570.2,4570.2,4567.0,False,,4570.2,SL,-1.2,-16.22,0
2026-05-25 23:05:00,2026-05-25 23:10:00,2026-05-25 23:10:00,EXTEND,short,4568.9,4570.2,4570.2,4566.9,False,,4570.2,SL,-1.3,-16.61,0
2026-05-25 23:10:00,2026-05-25 23:16:00,2026-05-25 23:25:00,MSS,long,4570.2,4566.9,4570.2,4575.5,True,2026-05-25 23:19:00,4575.5,TP,5.3,49.15,9
2026-05-25 23:25:00,2026-05-25 23:37:00,2026-05-26 00:01:00,EXTEND,long,4570.6,4566.9,4570.6,4576.7,True,2026-05-25 23:47:00,4570.6,BE,0.0,-4.0,24
2026-05-26 01:10:00,2026-05-26 01:20:00,2026-05-26 01:26:00,EXTEND,long,4575.7,4572.7,4572.7,4580.6,False,,4572.7,SL,-3.0,-34.18,6
2026-05-26 07:15:00,2026-05-26 07:21:00,2026-05-26 07:24:00,EXTEND,long,4578.6,4575.7,4575.7,4583.2,False,,4575.7,SL,-2.9,-32.65,3
2026-05-26 08:15:00,2026-05-26 08:27:00,2026-05-26 08:43:00,BOS,short,4549.7,4554.4,4549.7,4542.2,True,2026-05-26 08:38:00,4549.7,BE,0.0,-4.0,16
2026-05-26 08:50:00,2026-05-26 08:56:00,2026-05-26 08:59:00,BOS,short,4547.7,4552.6,4547.7,4539.9,True,2026-05-26 08:58:00,4547.7,BE,0.0,-4.0,3
2026-05-26 10:05:00,2026-05-26 10:10:00,2026-05-26 10:11:00,MSS,long,4539.9,4539.9,4539.9,4539.9,True,2026-05-26 10:10:00,4539.6,BE,-0.3,-7.0,1
2026-05-26 10:30:00,2026-05-26 10:36:00,2026-05-26 10:42:00,MSS,short,4538.1,4540.1,4538.1,4534.8,True,2026-05-26 10:41:00,4538.1,BE,0.0,-4.0,6
2026-05-26 10:50:00,2026-05-26 11:01:00,2026-05-26 11:03:00,EXTEND,short,4536.1,4539.5,4536.1,4530.7,True,2026-05-26 11:03:00,4536.1,BE,0.0,-4.0,2
2026-05-26 13:35:00,2026-05-26 13:40:00,2026-05-26 13:41:00,EXTEND,long,4531.6,4529.2,4529.2,4535.5,False,,4529.2,SL,-2.4,-28.07,1
2026-05-26 13:50:00,2026-05-26 14:02:00,2026-05-26 14:13:00,EXTEND,short,4531.1,4535.5,4531.1,4523.9,True,2026-05-26 14:10:00,4531.1,BE,0.0,-4.0,11
2026-05-26 14:20:00,2026-05-26 14:28:00,2026-05-26 14:28:00,MSS,long,4531.7,4529.5,4529.5,4535.2,False,,4529.5,SL,-2.2,-25.77,0
2026-05-26 14:25:00,2026-05-26 14:34:00,2026-05-26 14:38:00,EXTEND,long,4532.3,4529.5,4532.3,4536.8,True,2026-05-26 14:37:00,4532.3,BE,0.0,-4.0,4
2026-05-26 15:15:00,2026-05-26 15:24:00,2026-05-26 15:38:00,EXTEND,short,4529.8,4534.3,4529.8,4522.4,True,2026-05-26 15:30:00,4522.4,TP,7.4,69.54,14
2026-05-26 15:35:00,2026-05-26 15:46:00,2026-05-26 15:50:00,EXTEND,short,4529.5,4534.3,4534.3,4521.7,False,,4534.3,SL,-4.8,-52.13,4
2026-05-26 15:55:00,2026-05-26 16:13:00,2026-05-26 16:29:00,EXTEND,long,4528.5,4521.7,4521.7,4539.6,False,,4521.7,SL,-6.8,-72.38,16
2026-05-26 17:10:00,2026-05-26 17:17:00,2026-05-26 17:19:00,MSS,short,4523.1,4525.4,4525.4,4519.3,False,,4525.4,SL,-2.3,-27.3,2
2026-05-26 17:15:00,2026-05-26 17:23:00,2026-05-26 17:24:00,EXTEND,short,4522.6,4525.4,4522.6,4518.2,True,2026-05-26 17:23:00,4522.6,BE,0.0,-4.0,1
2026-05-26 17:40:00,2026-05-26 17:58:00,2026-05-26 18:06:00,EXTEND,short,4521.2,4526.7,4521.2,4512.2,True,2026-05-26 18:05:00,4521.2,BE,0.0,-4.0,8
2026-05-26 22:10:00,2026-05-26 22:22:00,2026-05-26 22:32:00,BOS,short,4516.4,4521.3,4521.3,4508.4,False,,4521.3,SL,-4.9,-53.28,10
2026-05-26 22:35:00,2026-05-26 22:55:00,2026-05-26 23:03:00,MSS,long,4515.0,4508.4,4508.4,4525.6,False,,4508.4,SL,-6.6,-69.7,8
2026-05-27 07:00:00,2026-05-27 07:21:00,2026-05-27 07:33:00,EXTEND,long,4505.3,4500.0,4505.3,4514.0,True,2026-05-27 07:25:00,4514.0,TP,8.7,82.52,12
2026-05-27 08:25:00,2026-05-27 08:46:00,2026-05-27 09:01:00,EXTEND,short,4521.2,4525.8,4521.2,4513.8,True,2026-05-27 08:49:00,4513.8,TP,7.4,70.16,15
2026-05-27 09:05:00,2026-05-27 09:10:00,2026-05-27 09:12:00,EXTEND,short,4518.2,4522.0,4518.2,4512.0,True,2026-05-27 09:11:00,4518.2,BE,0.0,-4.0,2
2026-05-27 09:10:00,2026-05-27 09:19:00,2026-05-27 09:23:00,MSS,long,4515.2,4512.0,4515.2,4520.5,True,2026-05-27 09:20:00,4520.5,TP,5.3,48.53,4
2026-05-27 09:20:00,2026-05-27 09:27:00,2026-05-27 09:33:00,EXTEND,long,4515.3,4512.0,4515.3,4520.7,True,2026-05-27 09:32:00,4515.0,BE,-0.3,-7.23,6
2026-05-27 10:45:00,2026-05-27 10:50:00,2026-05-27 10:57:00,EXTEND,short,4502.2,4505.3,4505.3,4497.3,False,,4505.3,SL,-3.1,-34.56,7
2026-05-27 11:15:00,2026-05-27 11:35:00,2026-05-27 11:43:00,EXTEND,long,4502.6,4497.3,4502.6,4511.2,True,2026-05-27 11:41:00,4502.6,BE,0.0,-4.0,8
2026-05-27 12:00:00,2026-05-27 12:07:00,2026-05-27 12:19:00,EXTEND,short,4500.8,4504.7,4500.8,4494.6,True,2026-05-27 12:18:00,4500.8,BE,0.0,-4.0,12
2026-05-27 12:25:00,2026-05-27 12:34:00,2026-05-27 12:39:00,BOS,short,4500.7,4502.2,4500.7,4498.3,True,2026-05-27 12:34:00,4500.7,BE,0.0,-4.0,5
2026-05-27 12:45:00,2026-05-27 13:15:00,2026-05-27 13:18:00,EXTEND,long,4504.1,4496.8,4504.1,4516.0,True,2026-05-27 13:16:00,4504.1,BE,0.0,-4.0,3
2026-05-27 15:15:00,2026-05-27 15:23:00,2026-05-27 15:24:00,EXTEND,short,4484.6,4487.9,4487.9,4479.2,False,,4487.9,SL,-3.3,-37.23,1
2026-05-27 15:50:00,2026-05-27 16:01:00,2026-05-27 16:18:00,EXTEND,short,4482.7,4487.9,4487.9,4474.2,False,,4487.9,SL,-5.2,-56.33,17
2026-05-27 16:20:00,2026-05-27 16:32:00,2026-05-27 16:39:00,EXTEND,long,4485.7,4482.3,4485.7,4491.1,True,2026-05-27 16:34:00,4491.1,TP,5.4,50.38,7
2026-05-27 16:50:00,2026-05-27 17:05:00,2026-05-27 17:24:00,EXTEND,long,4489.3,4484.7,4489.3,4496.8,True,2026-05-27 17:14:00,4489.3,BE,0.0,-4.0,19
2026-05-27 17:55:00,2026-05-27 18:00:00,2026-05-27 18:00:00,EXTEND,long,4488.8,4486.8,4486.8,4492.0,False,,4486.8,SL,-2.0,-23.86,0
2026-05-27 19:55:00,2026-05-27 20:03:00,2026-05-27 20:07:00,BOS,short,4434.4,4442.0,4434.4,4422.1,True,2026-05-27 20:03:00,4434.4,BE,0.0,-4.0,4
2026-05-27 20:20:00,2026-05-27 20:48:00,2026-05-27 21:05:00,EXTEND,long,4440.6,4426.2,4426.2,4463.8,False,,4426.2,SL,-14.4,-147.63,17
2026-05-27 21:25:00,2026-05-27 21:31:00,2026-05-27 21:33:00,BOS,short,4411.3,4419.2,4419.2,4398.4,False,,4419.2,SL,-7.9,-83.46,2
2026-05-28 01:00:00,2026-05-28 01:05:00,2026-05-28 01:07:00,MSS,short,4449.1,4451.4,4449.1,4445.5,True,2026-05-28 01:06:00,4445.5,TP,3.6,32.46,2
2026-05-28 01:10:00,2026-05-28 01:29:00,2026-05-28 01:31:00,EXTEND,short,4446.9,4451.4,4451.4,4439.7,False,,4451.4,SL,-4.5,-48.69,2
2026-05-28 02:05:00,2026-05-28 02:16:00,2026-05-28 02:20:00,EXTEND,short,4450.3,4452.9,4452.9,4446.0,False,,4452.9,SL,-2.6,-30.36,4
2026-05-28 02:20:00,2026-05-28 02:37:00,2026-05-28 03:04:00,MSS,long,4450.2,4446.0,4450.2,4457.0,True,2026-05-28 02:40:00,4450.2,BE,0.0,-4.0,27
2026-05-28 03:15:00,2026-05-28 03:23:00,2026-05-28 03:32:00,MSS,short,4451.4,4453.5,4451.4,4447.9,True,2026-05-28 03:25:00,4451.4,BE,0.0,-4.0,9
2026-05-28 03:35:00,2026-05-28 03:51:00,2026-05-28 03:58:00,MSS,long,4450.2,4448.1,4448.1,4453.6,False,,4448.1,SL,-2.1,-25.01,7
2026-05-28 07:25:00,2026-05-28 07:39:00,2026-05-28 07:45:00,EXTEND,short,4449.8,4451.8,4449.8,4446.5,True,2026-05-28 07:44:00,4446.5,TP,3.3,28.75,5
2026-05-28 07:50:00,2026-05-28 08:02:00,2026-05-28 08:18:00,EXTEND,short,4447.3,4450.8,4447.3,4441.7,True,2026-05-28 08:05:00,4447.3,BE,0.0,-4.0,10
2026-05-28 12:55:00,2026-05-28 13:06:00,2026-05-28 13:09:00,BOS,long,4368.3,4366.7,4368.3,4371.0,True,2026-05-28 13:06:00,4368.3,BE,0.0,-4.0,2
2026-05-28 17:00:00,2026-05-28 17:11:00,2026-05-28 17:21:00,MSS,long,4385.1,4383.3,4385.1,4388.1,True,2026-05-28 17:14:00,4389.8,TP,4.7,42.66,3
2026-05-28 19:15:00,2026-05-28 19:25:00,2026-05-28 19:29:00,MSS,long,4385.6,4384.0,4384.0,4388.3,False,,4382.6,SL,-3.0,-34.43,1
2026-05-28 19:30:00,2026-05-28 19:37:00,2026-05-28 19:50:00,EXTEND,short,4385.2,4388.3,4385.2,4380.1,True,2026-05-28 19:44:00,4380.1,TP,5.1,46.68,12
2026-05-28 21:35:00,2026-05-28 21:46:00,2026-05-28 21:47:00,EXTEND,short,4425.8,4431.6,4425.8,4416.5,True,2026-05-28 21:47:00,4425.8,BE,0.0,-4.0,1
2026-05-28 22:45:00,2026-05-28 22:57:00,2026-05-28 23:07:00,EXTEND,long,4462.2,4452.8,4462.2,4477.5,True,2026-05-28 22:59:00,4477.5,TP,15.3,148.65,9
2026-05-29 01:00:00,2026-05-29 01:14:00,2026-05-29 02:34:00,EXTEND,long,4502.4,4496.7,4502.4,4511.5,True,2026-05-29 01:45:00,4500.2,BE,-2.2,-25.54,20
