signal_time,entry_time,exit_time,kind,direction,entry,sl,final_sl,tp,break_even_moved,break_even_time,exit_price,exit_reason,points,dollars,bars_held
2026-01-03 03:40:00,2026-01-03 03:47:00,2026-01-03 04:28:00,EXTEND,long,4331.8,4326.4,4331.8,4339.0,True,2026-01-03 04:20:00,4339.0,TP,7.2,67.73,41
2026-01-05 09:05:00,2026-01-05 09:14:00,2026-01-05 11:33:00,EXTEND,long,4412.3,4394.6,4412.3,4440.7,True,2026-01-05 11:05:00,4412.3,BE,0.0,-4.0,139
2026-01-05 12:20:00,2026-01-05 12:27:00,2026-01-05 12:28:00,MSS,long,4414.3,4407.6,4414.3,4417.8,True,2026-01-05 12:28:00,4414.3,BE,0.0,-4.0,1
2026-01-05 13:25:00,2026-01-05 13:33:00,2026-01-05 13:34:00,BOS,long,4421.0,4416.0,4421.0,4423.6,True,2026-01-05 13:34:00,4421.0,BE,0.0,-4.0,1
2026-01-05 13:30:00,2026-01-05 13:38:00,2026-01-05 13:43:00,EXTEND,long,4420.5,4416.0,4416.0,4425.7,False,,4416.0,SL,-4.5,-49.0,5
2026-01-05 13:45:00,2026-01-05 13:55:00,2026-01-05 14:01:00,EXTEND,short,4418.2,4423.6,4423.6,4406.5,False,,4423.6,SL,-5.4,-58.0,6
2026-01-05 15:40:00,2026-01-05 15:56:00,2026-01-05 16:01:00,BOS,long,4431.8,4428.1,4431.8,4436.6,True,2026-01-05 16:00:00,4431.8,BE,0.0,-4.0,5
2026-01-05 16:50:00,2026-01-05 17:12:00,2026-01-05 17:43:00,EXTEND,long,4439.2,4433.5,4439.2,4447.0,True,2026-01-05 17:14:00,4447.0,TP,7.8,73.62,31
2026-01-05 17:40:00,2026-01-05 18:06:00,2026-01-05 18:54:00,BOS,long,4443.5,4441.7,4443.5,4451.4,True,2026-01-05 18:33:00,4451.4,TP,7.9,74.52,48
2026-01-05 19:00:00,2026-01-05 19:05:00,2026-01-05 19:06:00,MSS,short,4442.5,4451.6,4442.5,4440.8,True,2026-01-05 19:06:00,4442.5,BE,0.0,-4.0,1
2026-01-05 19:25:00,2026-01-05 19:51:00,2026-01-05 21:22:00,EXTEND,short,4433.8,4445.4,4433.8,4415.7,True,2026-01-05 20:21:00,4415.7,TP,18.1,177.18,91
2026-01-05 21:30:00,2026-01-05 21:37:00,2026-01-05 21:40:00,EXTEND,short,4419.9,4424.8,4424.8,4401.8,False,,4424.8,SL,-4.9,-53.0,3
2026-01-06 01:00:00,2026-01-06 01:07:00,2026-01-06 01:08:00,MSS,short,4447.4,4465.9,4447.4,4438.3,True,2026-01-06 01:08:00,4447.7,BE,-0.3,-7.0,1
2026-01-06 01:05:00,2026-01-06 01:20:00,2026-01-06 01:50:00,EXTEND,short,4455.1,4465.9,4455.1,4437.1,True,2026-01-06 01:44:00,4455.1,BE,0.0,-4.0,30
2026-01-06 02:15:00,2026-01-06 02:23:00,2026-01-06 02:26:00,EXTEND,long,4455.2,4452.3,4452.3,4461.3,False,,4452.3,SL,-2.9,-33.0,3
2026-01-06 02:25:00,2026-01-06 02:40:00,2026-01-06 02:59:00,MSS,short,4454.5,4459.4,4459.4,4448.1,False,,4459.4,SL,-4.9,-53.0,19
2026-01-06 03:10:00,2026-01-06 03:17:00,2026-01-06 03:18:00,EXTEND,short,4449.1,4460.7,4449.1,4441.5,True,2026-01-06 03:18:00,4449.1,BE,0.0,-4.0,1
2026-01-06 07:10:00,2026-01-06 07:18:00,2026-01-06 07:31:00,EXTEND,long,4463.6,4456.3,4456.3,4475.4,False,,4456.3,SL,-7.3,-77.0,13
2026-01-06 08:40:00,2026-01-06 08:49:00,2026-01-06 09:03:00,EXTEND,short,4447.3,4453.0,4447.3,4437.6,True,2026-01-06 09:02:00,4437.6,TP,9.7,92.67,14
2026-01-06 09:00:00,2026-01-06 09:09:00,2026-01-06 09:10:00,BOS,short,4446.5,4449.1,4449.1,4434.4,False,,4449.1,SL,-2.6,-30.0,1
2026-01-06 09:15:00,2026-01-06 09:28:00,2026-01-06 09:56:00,EXTEND,long,4447.0,4437.5,4447.0,4459.5,True,2026-01-06 09:40:00,4459.5,TP,12.5,120.71,28
2026-01-06 11:55:00,2026-01-06 12:03:00,2026-01-06 12:13:00,BOS,long,4477.3,4475.0,4477.3,4480.0,True,2026-01-06 12:12:00,4477.3,BE,0.0,-4.0,10
2026-01-06 12:10:00,2026-01-06 12:21:00,2026-01-06 12:25:00,EXTEND,long,4477.0,4475.0,4475.0,4481.0,False,,4475.0,SL,-2.0,-24.0,4
2026-01-06 12:50:00,2026-01-06 12:55:00,2026-01-06 12:56:00,MSS,long,4478.3,4471.5,4478.3,4479.8,True,2026-01-06 12:56:00,4478.1,BE,-0.2,-6.0,1
2026-01-06 13:40:00,2026-01-06 13:46:00,2026-01-06 13:47:00,EXTEND,short,4472.6,4485.2,4472.6,4468.7,True,2026-01-06 13:47:00,4472.6,BE,0.0,-4.0,1
2026-01-06 15:05:00,2026-01-06 15:27:00,2026-01-06 15:52:00,BOS,long,4474.2,4471.2,4471.2,4483.1,False,,4471.2,SL,-3.0,-34.0,25
2026-01-06 15:55:00,2026-01-06 16:11:00,2026-01-06 16:22:00,EXTEND,short,4470.9,4477.1,4477.1,4464.0,False,,4477.1,SL,-6.2,-66.0,11
2026-01-06 16:25:00,2026-01-06 16:46:00,2026-01-06 17:10:00,EXTEND,long,4476.9,4470.3,4470.3,4490.5,False,,4470.3,SL,-6.6,-70.0,24
2026-01-06 18:35:00,2026-01-06 18:48:00,2026-01-06 19:33:00,MSS,long,4461.7,4458.3,4461.7,4468.1,True,2026-01-06 19:29:00,4468.1,TP,6.4,59.79,45
2026-01-06 20:30:00,2026-01-06 20:37:00,2026-01-06 20:39:00,EXTEND,long,4472.9,4471.6,4471.6,4478.6,False,,4471.6,SL,-1.3,-17.0,2
2026-01-06 20:40:00,2026-01-06 20:58:00,2026-01-06 21:03:00,EXTEND,short,4473.3,4477.1,4473.3,4467.2,True,2026-01-06 21:02:00,4473.3,BE,0.0,-4.0,5
2026-01-06 21:00:00,2026-01-06 21:09:00,2026-01-06 21:10:00,EXTEND,long,4474.9,4470.0,4474.9,4478.3,True,2026-01-06 21:10:00,4474.9,BE,0.0,-4.0,1
2026-01-06 21:15:00,2026-01-06 21:27:00,2026-01-06 21:28:00,BOS,long,4470.6,4470.1,4470.1,4484.5,False,,4470.1,SL,-0.5,-9.0,1
2026-01-06 23:00:00,2026-01-06 23:06:00,2026-01-06 23:08:00,EXTEND,long,4496.9,4486.7,4496.9,4505.9,True,2026-01-06 23:08:00,4496.9,BE,0.0,-4.0,2
2026-01-06 23:35:00,2026-01-06 23:50:00,2026-01-07 00:01:00,EXTEND,short,4487.0,4492.8,4492.8,4467.7,False,,4492.8,SL,-5.8,-62.0,11
2026-01-07 01:55:00,2026-01-07 02:08:00,2026-01-07 02:24:00,EXTEND,long,4499.2,4491.4,4499.2,4505.4,True,2026-01-07 02:10:00,4499.2,BE,0.0,-4.0,16
2026-01-07 07:05:00,2026-01-07 07:14:00,2026-01-07 07:17:00,EXTEND,long,4508.5,4504.8,4508.5,4512.0,True,2026-01-07 07:15:00,4508.5,BE,0.0,-4.0,3
2026-01-07 07:25:00,2026-01-07 07:43:00,2026-01-07 07:49:00,EXTEND,long,4507.7,4505.4,4505.4,4514.0,False,,4505.4,SL,-2.3,-27.0,6
2026-01-07 08:35:00,2026-01-07 08:44:00,2026-01-07 08:46:00,BOS,short,4501.3,4505.1,4501.3,4496.7,True,2026-01-07 08:45:00,4501.3,BE,0.0,-4.0,2
2026-01-07 08:50:00,2026-01-07 09:01:00,2026-01-07 09:02:00,EXTEND,short,4495.9,4505.1,4495.9,4490.1,True,2026-01-07 09:02:00,4495.9,BE,0.0,-4.0,1
2026-01-07 12:00:00,2026-01-07 12:05:00,2026-01-07 12:06:00,MSS,short,4482.7,4490.1,4482.7,4481.3,True,2026-01-07 12:06:00,4482.7,BE,0.0,-4.0,1
2026-01-07 12:35:00,2026-01-07 12:43:00,2026-01-07 12:44:00,BOS,short,4475.2,4481.7,4475.2,4470.9,True,2026-01-07 12:44:00,4475.2,BE,0.0,-4.0,1
2026-01-07 13:30:00,2026-01-07 13:38:00,2026-01-07 13:39:00,MSS,short,4462.4,4480.5,4462.4,4458.0,True,2026-01-07 13:39:00,4462.6,BE,-0.2,-6.0,1
2026-01-07 16:05:00,2026-01-07 16:14:00,2026-01-07 16:15:00,BOS,long,4475.4,4470.2,4475.4,4476.8,True,2026-01-07 16:15:00,4475.2,BE,-0.2,-6.0,1
2026-01-07 16:20:00,2026-01-07 16:27:00,2026-01-07 16:32:00,EXTEND,long,4475.3,4470.2,4475.3,4480.6,True,2026-01-07 16:31:00,4475.3,BE,0.0,-4.0,5
2026-01-07 16:40:00,2026-01-07 16:46:00,2026-01-07 17:06:00,EXTEND,long,4478.2,4473.3,4473.3,4488.0,False,,4473.3,SL,-4.9,-53.0,20
2026-01-07 17:05:00,2026-01-07 17:13:00,2026-01-07 17:26:00,EXTEND,short,4474.7,4480.5,4474.7,4466.3,True,2026-01-07 17:23:00,4474.7,BE,0.0,-4.0,13
2026-01-07 17:55:00,2026-01-07 18:06:00,2026-01-07 18:07:00,EXTEND,long,4474.2,4469.7,4474.2,4477.2,True,2026-01-07 18:07:00,4474.2,BE,0.0,-4.0,1
2026-01-07 18:25:00,2026-01-07 18:48:00,2026-01-07 18:49:00,MSS,short,4476.5,4476.5,4476.5,4466.0,False,,4476.5,SL,0.0,-4.0,1
2026-01-07 20:25:00,2026-01-07 20:30:00,2026-01-07 20:31:00,MSS,long,4461.5,4448.5,4461.5,4462.9,True,2026-01-07 20:31:00,4461.4,BE,-0.1,-5.0,1
2026-01-07 21:10:00,2026-01-07 21:17:00,2026-01-07 21:18:00,EXTEND,short,4442.9,4459.4,4442.9,4430.4,True,2026-01-07 21:18:00,4442.9,BE,0.0,-4.0,1
2026-01-07 22:20:00,2026-01-07 22:25:00,2026-01-07 22:26:00,MSS,short,4453.1,4463.3,4453.1,4449.2,True,2026-01-07 22:26:00,4453.1,BE,0.0,-4.0,1
2026-01-07 22:30:00,2026-01-07 22:37:00,2026-01-07 22:38:00,EXTEND,short,4448.3,4463.3,4448.3,4446.7,True,2026-01-07 22:38:00,4446.7,TP,1.6,12.37,1
2026-01-07 22:35:00,2026-01-07 22:50:00,2026-01-07 23:01:00,EXTEND,short,4451.2,4463.3,4451.2,4440.7,True,2026-01-07 23:00:00,4451.2,BE,0.0,-4.0,11
2026-01-07 23:30:00,2026-01-07 23:36:00,2026-01-07 23:37:00,MSS,long,4461.5,4433.0,4461.5,4467.5,True,2026-01-07 23:37:00,4461.3,BE,-0.2,-6.0,1
2026-01-08 00:45:00,2026-01-08 01:53:00,2026-01-08 08:26:00,EXTEND,long,4463.8,4454.7,4463.8,4484.7,True,2026-01-08 07:27:00,4463.8,BE,0.0,-4.0,333
2026-01-08 08:50:00,2026-01-08 09:04:00,2026-01-08 09:09:00,EXTEND,short,4460.8,4467.8,4467.8,4451.8,False,,4467.8,SL,-7.0,-74.0,5
2026-01-08 10:35:00,2026-01-08 10:47:00,2026-01-08 10:59:00,EXTEND,short,4450.7,4452.5,4452.5,4439.0,False,,4452.5,SL,-1.8,-22.0,12
2026-01-08 13:15:00,2026-01-08 13:24:00,2026-01-08 13:30:00,EXTEND,short,4436.6,4441.7,4436.6,4427.6,True,2026-01-08 13:27:00,4427.6,TP,9.0,85.97,6
2026-01-08 13:40:00,2026-01-08 13:59:00,2026-01-08 14:22:00,BOS,short,4433.4,4438.0,4433.4,4419.8,True,2026-01-08 14:04:00,4433.4,BE,0.0,-4.0,23
2026-01-08 15:10:00,2026-01-08 15:20:00,2026-01-08 15:25:00,EXTEND,long,4443.4,4439.9,4439.9,4450.2,False,,4439.9,SL,-3.5,-39.0,5
2026-01-08 16:00:00,2026-01-08 16:11:00,2026-01-08 16:16:00,BOS,short,4438.5,4442.0,4438.5,4430.8,True,2026-01-08 16:13:00,4438.5,BE,0.0,-4.0,5
2026-01-08 16:40:00,2026-01-08 17:04:00,2026-01-08 17:07:00,EXTEND,short,4439.1,4441.4,4441.4,4423.7,False,,4441.4,SL,-2.3,-27.0,3
2026-01-08 17:15:00,2026-01-08 17:35:00,2026-01-08 18:20:00,EXTEND,short,4440.6,4443.3,4440.6,4431.0,True,2026-01-08 18:07:00,4431.0,TP,9.6,92.19,45
2026-01-08 18:30:00,2026-01-08 18:38:00,2026-01-08 18:39:00,MSS,long,4440.8,4430.3,4440.8,4442.2,True,2026-01-08 18:39:00,4440.8,BE,0.0,-4.0,1
2026-01-08 20:25:00,2026-01-08 20:31:00,2026-01-08 20:32:00,MSS,long,4430.3,4415.2,4430.3,4434.0,True,2026-01-08 20:32:00,4430.3,BE,0.0,-4.0,1
2026-01-08 21:20:00,2026-01-08 21:25:00,2026-01-08 21:26:00,MSS,long,4443.0,4425.0,4443.0,4445.6,True,2026-01-08 21:26:00,4442.8,BE,-0.2,-6.0,1
2026-01-08 22:20:00,2026-01-08 22:25:00,2026-01-08 22:26:00,MSS,long,4438.2,4427.6,4438.2,4440.6,True,2026-01-08 22:26:00,4438.2,BE,0.0,-4.0,1
2026-01-08 22:25:00,2026-01-08 22:32:00,2026-01-08 22:33:00,EXTEND,long,4440.7,4427.6,4440.7,4441.8,True,2026-01-08 22:33:00,4441.8,TP,1.1,7.24,1
2026-01-08 22:35:00,2026-01-08 22:46:00,2026-01-08 22:47:00,EXTEND,long,4443.0,4427.6,4443.0,4448.6,True,2026-01-08 22:47:00,4443.0,BE,0.0,-4.0,1
2026-01-08 22:50:00,2026-01-08 23:02:00,2026-01-08 23:09:00,EXTEND,long,4440.4,4433.7,4440.4,4452.1,True,2026-01-08 23:05:00,4452.1,TP,11.7,113.15,7
2026-01-08 23:55:00,2026-01-09 00:00:00,2026-01-09 00:01:00,EXTEND,short,4462.7,4464.9,4464.9,4454.5,False,,4464.9,SL,-2.2,-26.0,1
2026-01-09 00:15:00,2026-01-09 00:22:00,2026-01-09 00:32:00,EXTEND,short,4461.7,4467.5,4467.5,4453.1,False,,4467.5,SL,-5.8,-62.0,10
2026-01-09 02:35:00,2026-01-09 02:49:00,2026-01-09 03:15:00,BOS,short,4462.9,4465.6,4462.9,4454.7,True,2026-01-09 02:59:00,4454.7,TP,8.2,78.22,26
2026-01-09 07:00:00,2026-01-09 07:14:00,2026-01-09 07:47:00,EXTEND,long,4486.5,4482.9,4482.9,4496.6,False,,4482.9,SL,-3.6,-40.0,33
2026-01-09 07:45:00,2026-01-09 07:54:00,2026-01-09 08:00:00,MSS,short,4484.1,4486.8,4486.8,4481.0,False,,4486.8,SL,-2.7,-31.0,6
2026-01-09 08:50:00,2026-01-09 09:02:00,2026-01-09 09:03:00,BOS,short,4471.0,4478.1,4471.0,4466.9,True,2026-01-09 09:03:00,4471.0,BE,0.0,-4.0,1
2026-01-09 09:05:00,2026-01-09 09:16:00,2026-01-09 09:25:00,BOS,short,4467.8,4475.4,4467.8,4458.1,True,2026-01-09 09:18:00,4467.8,BE,0.0,-4.0,9
2026-01-09 10:50:00,2026-01-09 10:59:00,2026-01-09 11:11:00,MSS,short,4478.8,4483.3,4478.8,4471.9,True,2026-01-09 11:03:00,4471.9,TP,6.9,65.3,12
2026-01-09 12:15:00,2026-01-09 12:36:00,2026-01-09 12:38:00,EXTEND,short,4471.4,4475.2,4471.4,4468.0,True,2026-01-09 12:37:00,4471.4,BE,0.0,-4.0,2
2026-01-09 13:15:00,2026-01-09 13:21:00,2026-01-09 13:26:00,EXTEND,short,4471.0,4475.2,4471.0,4466.6,True,2026-01-09 13:23:00,4471.0,BE,0.0,-4.0,5
2026-01-09 15:20:00,2026-01-09 15:25:00,2026-01-09 15:26:00,MSS,short,4478.3,4484.5,4478.3,4477.0,True,2026-01-09 15:26:00,4478.3,BE,0.0,-4.0,1
2026-01-09 15:45:00,2026-01-09 15:52:00,2026-01-09 15:53:00,EXTEND,long,4481.8,4477.6,4481.8,4483.2,True,2026-01-09 15:53:00,4481.6,BE,-0.2,-6.0,1
2026-01-09 15:50:00,2026-01-09 16:00:00,2026-01-09 16:01:00,EXTEND,long,4479.5,4477.6,4477.6,4483.7,False,,4477.6,SL,-1.9,-23.0,1
2026-01-09 16:30:00,2026-01-09 16:35:00,2026-01-09 16:36:00,MSS,short,4478.5,4484.3,4478.5,4477.6,True,2026-01-09 16:36:00,4478.5,BE,0.0,-4.0,1
2026-01-09 16:50:00,2026-01-09 17:15:00,2026-01-09 17:18:00,EXTEND,short,4482.2,4484.3,4484.3,4469.4,False,,4484.3,SL,-2.1,-25.0,3
2026-01-09 18:05:00,2026-01-09 18:11:00,2026-01-09 18:30:00,EXTEND,short,4481.9,4483.1,4481.9,4476.9,True,2026-01-09 18:24:00,4476.9,TP,5.0,46.23,19
2026-01-09 18:45:00,2026-01-09 18:56:00,2026-01-09 19:00:00,EXTEND,short,4479.7,4482.8,4482.8,4473.9,False,,4482.8,SL,-3.1,-35.0,4
2026-01-09 19:00:00,2026-01-09 19:10:00,2026-01-09 19:24:00,EXTEND,long,4480.4,4475.8,4480.4,4485.7,True,2026-01-09 19:21:00,4480.4,BE,0.0,-4.0,14
2026-01-09 20:05:00,2026-01-09 20:14:00,2026-01-09 20:26:00,EXTEND,long,4483.2,4477.9,4477.9,4492.8,False,,4477.9,SL,-5.3,-57.0,12
2026-01-09 21:05:00,2026-01-09 21:20:00,2026-01-09 21:30:00,EXTEND,long,4476.2,4472.1,4476.2,4485.3,True,2026-01-09 21:22:00,4476.2,BE,0.0,-4.0,10
2026-01-09 22:10:00,2026-01-09 22:20:00,2026-01-09 22:21:00,BOS,long,4502.6,4489.7,4502.6,4510.5,True,2026-01-09 22:21:00,4502.6,BE,0.0,-4.0,1
2026-01-09 22:35:00,2026-01-09 22:52:00,2026-01-09 23:21:00,EXTEND,long,4496.9,4489.7,4496.9,4512.8,True,2026-01-09 22:56:00,4512.8,TP,15.9,155.14,29
2026-01-10 02:30:00,2026-01-10 02:35:00,2026-01-10 02:36:00,MSS,long,4511.3,4498.6,4511.3,4514.2,True,2026-01-10 02:36:00,4511.2,BE,-0.1,-5.0,1
2026-01-10 02:40:00,2026-01-10 03:11:00,2026-01-10 03:30:00,EXTEND,long,4506.0,4498.6,4506.0,4518.5,True,2026-01-10 03:24:00,4506.0,BE,0.0,-4.0,19
2026-01-12 07:40:00,2026-01-12 08:02:00,2026-01-12 08:03:00,BOS,long,4553.2,4543.2,4553.2,4557.9,True,2026-01-12 08:03:00,4553.2,BE,0.0,-4.0,1
2026-01-12 09:40:00,2026-01-12 09:55:00,2026-01-12 10:03:00,MSS,short,4586.9,4596.1,4586.9,4579.5,True,2026-01-12 09:56:00,4579.5,TP,7.4,70.37,8
2026-01-12 11:30:00,2026-01-12 11:37:00,2026-01-12 11:38:00,MSS,short,4587.6,4593.3,4587.6,4586.4,True,2026-01-12 11:38:00,4587.7,BE,-0.1,-5.0,1
2026-01-12 12:35:00,2026-01-12 12:51:00,2026-01-12 13:17:00,EXTEND,short,4579.8,4584.1,4584.1,4572.0,False,,4584.1,SL,-4.3,-47.0,26
2026-01-12 13:45:00,2026-01-12 14:18:00,2026-01-12 16:47:00,EXTEND,long,4583.5,4577.0,4583.5,4600.6,True,2026-01-12 15:08:00,4600.6,TP,17.1,167.22,149
2026-01-12 17:55:00,2026-01-12 18:02:00,2026-01-12 18:05:00,EXTEND,short,4601.3,4607.3,4601.3,4595.2,True,2026-01-12 18:04:00,4601.3,BE,0.0,-4.0,3
2026-01-12 18:10:00,2026-01-12 18:17:00,2026-01-12 18:26:00,EXTEND,short,4600.3,4603.7,4603.7,4594.0,False,,4603.7,SL,-3.4,-38.0,9
2026-01-12 18:30:00,2026-01-12 18:42:00,2026-01-12 18:50:00,BOS,short,4603.4,4604.3,4604.3,4595.3,False,,4604.3,SL,-0.9,-13.0,8
2026-01-12 19:25:00,2026-01-12 19:45:00,2026-01-12 20:08:00,EXTEND,short,4600.2,4605.8,4600.2,4590.4,True,2026-01-12 19:49:00,4590.4,TP,9.8,93.67,23
2026-01-12 20:05:00,2026-01-12 20:12:00,2026-01-12 20:21:00,BOS,short,4591.9,4596.9,4591.9,4585.7,True,2026-01-12 20:16:00,4591.9,BE,0.0,-4.0,9
2026-01-12 21:25:00,2026-01-12 21:41:00,2026-01-12 21:47:00,MSS,short,4617.3,4621.9,4621.9,4612.4,False,,4621.9,SL,-4.6,-50.0,6
2026-01-12 22:00:00,2026-01-12 22:08:00,2026-01-12 22:09:00,MSS,short,4609.0,4630.8,4609.0,4602.6,True,2026-01-12 22:09:00,4609.2,BE,-0.2,-6.0,1
2026-01-12 22:25:00,2026-01-12 22:35:00,2026-01-12 22:38:00,BOS,short,4602.1,4610.1,4610.1,4591.1,False,,4610.1,SL,-8.0,-84.0,3
2026-01-13 00:30:00,2026-01-13 00:35:00,2026-01-13 00:36:00,EXTEND,short,4629.9,4640.5,4629.9,4626.5,True,2026-01-13 00:36:00,4630.0,BE,-0.1,-5.0,1
2026-01-13 01:05:00,2026-01-13 01:18:00,2026-01-13 01:21:00,BOS,short,4625.5,4628.3,4625.5,4621.7,True,2026-01-13 01:20:00,4621.7,TP,3.8,34.04,3
2026-01-13 01:20:00,2026-01-13 01:33:00,2026-01-13 01:39:00,EXTEND,short,4624.9,4628.3,4624.9,4619.4,True,2026-01-13 01:34:00,4624.9,BE,0.0,-4.0,6
2026-01-13 01:35:00,2026-01-13 01:59:00,2026-01-13 02:00:00,EXTEND,short,4626.9,4628.3,4628.3,4617.8,False,,4628.3,SL,-1.4,-18.0,1
2026-01-13 03:30:00,2026-01-13 03:52:00,2026-01-13 03:54:00,EXTEND,long,4623.4,4622.4,4622.4,4630.7,False,,4622.4,SL,-1.0,-14.0,2
2026-01-13 07:00:00,2026-01-13 07:09:00,2026-01-13 07:11:00,EXTEND,long,4602.9,4598.8,4598.8,4621.7,False,,4598.8,SL,-4.1,-45.0,2
2026-01-13 07:35:00,2026-01-13 07:40:00,2026-01-13 07:41:00,EXTEND,long,4597.9,4598.8,4598.8,4599.3,False,,4597.9,SL,0.0,-4.0,1
2026-01-13 07:50:00,2026-01-13 07:56:00,2026-01-13 07:57:00,EXTEND,long,4604.0,4598.8,4604.0,4605.0,True,2026-01-13 07:57:00,4604.0,BE,0.0,-4.0,1
2026-01-13 07:55:00,2026-01-13 08:11:00,2026-01-13 08:28:00,EXTEND,long,4602.6,4598.8,4598.8,4610.1,False,,4598.8,SL,-3.8,-42.0,17
2026-01-13 08:35:00,2026-01-13 08:59:00,2026-01-13 09:00:00,EXTEND,short,4595.8,4604.5,4595.8,4590.3,True,2026-01-13 09:00:00,4595.8,BE,0.0,-4.0,1
2026-01-13 09:00:00,2026-01-13 09:14:00,2026-01-13 09:15:00,BOS,short,4601.0,4601.0,4601.0,4587.0,False,,4601.0,SL,0.0,-4.0,1
2026-01-13 09:30:00,2026-01-13 10:09:00,2026-01-13 11:02:00,BOS,short,4596.8,4604.6,4604.6,4578.4,False,,4604.6,SL,-7.8,-82.0,53
2026-01-13 11:50:00,2026-01-13 12:04:00,2026-01-13 12:15:00,EXTEND,short,4604.1,4607.4,4607.4,4599.8,False,,4607.4,SL,-3.3,-37.0,11
2026-01-13 12:20:00,2026-01-13 12:37:00,2026-01-13 13:05:00,EXTEND,long,4604.7,4601.4,4604.7,4610.8,True,2026-01-13 12:44:00,4604.7,BE,0.0,-4.0,28
2026-01-13 13:05:00,2026-01-13 13:17:00,2026-01-13 13:25:00,MSS,short,4603.8,4607.7,4607.7,4598.4,False,,4607.7,SL,-3.9,-43.0,8
2026-01-13 13:25:00,2026-01-13 13:34:00,2026-01-13 13:35:00,MSS,long,4599.3,4600.4,4600.4,4613.2,False,,4599.3,SL,0.0,-4.0,1
2026-01-13 15:05:00,2026-01-13 15:21:00,2026-01-13 15:22:00,MSS,long,4590.0,4587.8,4587.8,4595.9,False,,4587.8,SL,-2.2,-26.0,1
2026-01-13 15:30:00,2026-01-13 15:49:00,2026-01-13 15:50:00,EXTEND,long,4587.6,4587.8,4587.8,4597.2,False,,4587.5,SL,-0.1,-5.0,1
2026-01-14 09:00:00,2026-01-14 09:11:00,2026-01-14 09:12:00,MSS,long,4622.8,4612.3,4622.8,4626.1,True,2026-01-14 09:12:00,4622.5,BE,-0.3,-7.0,1
2026-01-14 10:00:00,2026-01-14 10:11:00,2026-01-14 10:13:00,EXTEND,long,4626.3,4621.2,4626.3,4630.7,True,2026-01-14 10:12:00,4626.2,BE,-0.1,-5.0,2
2026-01-14 11:35:00,2026-01-14 11:43:00,2026-01-14 11:44:00,MSS,long,4631.8,4621.6,4631.8,4636.7,True,2026-01-14 11:44:00,4631.7,BE,-0.1,-5.0,1
2026-01-14 13:00:00,2026-01-14 13:20:00,2026-01-14 13:54:00,BOS,long,4640.4,4635.3,4640.4,4649.9,True,2026-01-14 13:31:00,4640.4,BE,0.0,-4.0,34
2026-01-14 13:55:00,2026-01-14 14:21:00,2026-01-14 15:27:00,EXTEND,short,4638.1,4646.9,4646.9,4618.5,False,,4646.9,SL,-8.8,-92.0,66
2026-01-14 15:25:00,2026-01-14 15:35:00,2026-01-14 15:36:00,EXTEND,long,4644.6,4637.7,4644.6,4649.8,True,2026-01-14 15:36:00,4644.6,BE,0.0,-4.0,1
2026-01-14 18:15:00,2026-01-14 18:22:00,2026-01-14 18:23:00,MSS,long,4643.2,4635.7,4643.2,4645.0,True,2026-01-14 18:23:00,4643.0,BE,-0.2,-6.0,1
2026-01-14 18:40:00,2026-01-14 18:59:00,2026-01-14 19:27:00,EXTEND,long,4641.1,4635.7,4641.1,4649.2,True,2026-01-14 19:05:00,4641.1,BE,0.0,-4.0,28
2026-01-14 20:00:00,2026-01-14 20:05:00,2026-01-14 20:06:00,MSS,long,4644.8,4634.0,4644.8,4648.9,True,2026-01-14 20:06:00,4644.8,BE,0.0,-4.0,1
2026-01-14 21:05:00,2026-01-14 21:14:00,2026-01-14 21:15:00,MSS,short,4636.2,4650.0,4636.2,4633.9,True,2026-01-14 21:15:00,4636.2,BE,0.0,-4.0,1
2026-01-14 21:40:00,2026-01-14 21:54:00,2026-01-14 21:55:00,MSS,long,4643.2,4631.6,4643.2,4648.6,True,2026-01-14 21:55:00,4643.2,BE,0.0,-4.0,1
2026-01-14 22:00:00,2026-01-14 22:13:00,2026-01-14 22:16:00,EXTEND,long,4641.8,4631.6,4641.8,4650.8,True,2026-01-14 22:15:00,4641.8,BE,0.0,-4.0,3
2026-01-14 23:15:00,2026-01-14 23:21:00,2026-01-14 23:22:00,MSS,long,4630.0,4605.8,4630.0,4637.2,True,2026-01-14 23:22:00,4629.8,BE,-0.2,-6.0,1
2026-01-15 00:45:00,2026-01-15 00:54:00,2026-01-15 00:56:00,MSS,short,4619.7,4631.7,4619.7,4614.3,True,2026-01-15 00:55:00,4619.7,BE,0.0,-4.0,2
2026-01-15 00:55:00,2026-01-15 01:03:00,2026-01-15 01:12:00,EXTEND,short,4623.4,4631.7,4623.4,4610.9,True,2026-01-15 01:07:00,4623.4,BE,0.0,-4.0,9
2026-01-15 01:40:00,2026-01-15 01:52:00,2026-01-15 01:54:00,BOS,short,4617.6,4619.1,4619.1,4604.6,False,,4619.1,SL,-1.5,-19.0,2
2026-01-15 07:10:00,2026-01-15 07:16:00,2026-01-15 07:17:00,EXTEND,short,4619.2,4639.3,4619.2,4610.2,True,2026-01-15 07:17:00,4619.2,BE,0.0,-4.0,1
2026-01-15 07:40:00,2026-01-15 07:52:00,2026-01-15 08:17:00,EXTEND,short,4615.2,4623.0,4623.0,4602.7,False,,4623.0,SL,-7.8,-82.0,25
2026-01-15 08:50:00,2026-01-15 08:58:00,2026-01-15 09:01:00,EXTEND,short,4619.3,4622.8,4619.3,4612.3,True,2026-01-15 09:00:00,4619.3,BE,0.0,-4.0,3
2026-01-15 09:05:00,2026-01-15 09:14:00,2026-01-15 09:15:00,EXTEND,short,4613.6,4622.2,4613.6,4608.1,True,2026-01-15 09:15:00,4613.6,BE,0.0,-4.0,1
2026-01-15 09:30:00,2026-01-15 09:53:00,2026-01-15 14:09:00,EXTEND,short,4608.7,4622.2,4608.7,4578.0,True,2026-01-15 11:13:00,4608.7,BE,0.0,-4.0,256
2026-01-15 15:15:00,2026-01-15 15:22:00,2026-01-15 15:38:00,BOS,long,4615.2,4610.2,4610.2,4620.1,False,,4610.2,SL,-5.0,-54.0,16
2026-01-15 16:00:00,2026-01-15 16:21:00,2026-01-15 16:34:00,EXTEND,short,4607.6,4615.9,4607.6,4598.5,True,2026-01-15 16:26:00,4607.6,BE,0.0,-4.0,13
2026-01-15 18:20:00,2026-01-15 18:28:00,2026-01-15 18:37:00,BOS,long,4617.6,4613.4,4617.6,4621.8,True,2026-01-15 18:35:00,4621.8,TP,4.2,37.82,9
2026-01-15 19:45:00,2026-01-15 19:53:00,2026-01-15 19:55:00,MSS,short,4621.6,4627.2,4621.6,4617.4,True,2026-01-15 19:54:00,4621.6,BE,0.0,-4.0,2
2026-01-15 20:15:00,2026-01-15 20:27:00,2026-01-15 20:35:00,EXTEND,short,4620.7,4624.9,4620.7,4616.1,True,2026-01-15 20:33:00,4620.7,BE,0.0,-4.0,8
2026-01-15 20:55:00,2026-01-15 21:04:00,2026-01-15 21:05:00,EXTEND,short,4615.1,4622.8,4615.1,4613.7,True,2026-01-15 21:05:00,4615.1,BE,0.0,-4.0,1
2026-01-15 23:00:00,2026-01-15 23:08:00,2026-01-16 00:11:00,EXTEND,long,4612.8,4603.8,4612.8,4623.4,True,2026-01-15 23:12:00,4623.4,TP,10.6,101.58,63
2026-01-16 00:35:00,2026-01-16 00:40:00,2026-01-16 00:41:00,MSS,short,4610.1,4630.0,4610.1,4605.9,True,2026-01-16 00:41:00,4610.1,BE,0.0,-4.0,1
2026-01-16 02:20:00,2026-01-16 02:33:00,2026-01-16 03:15:00,EXTEND,long,4622.1,4618.5,4622.1,4628.3,True,2026-01-16 03:03:00,4622.1,BE,0.0,-4.0,42
2026-01-16 07:00:00,2026-01-16 07:05:00,2026-01-16 07:06:00,BOS,long,4625.1,4617.7,4625.1,4626.2,True,2026-01-16 07:06:00,4625.1,BE,0.0,-4.0,1
2026-01-16 07:05:00,2026-01-16 07:22:00,2026-01-16 07:24:00,EXTEND,long,4618.3,4617.7,4617.7,4627.4,False,,4617.7,SL,-0.6,-10.0,2
2026-01-16 08:05:00,2026-01-16 08:19:00,2026-01-16 08:22:00,BOS,short,4612.3,4615.0,4615.0,4605.3,False,,4615.0,SL,-2.7,-31.0,3
2026-01-16 09:30:00,2026-01-16 09:35:00,2026-01-16 09:37:00,EXTEND,long,4608.1,4603.4,4608.1,4613.6,True,2026-01-16 09:36:00,4608.1,BE,0.0,-4.0,2
2026-01-16 09:40:00,2026-01-16 10:01:00,2026-01-16 10:07:00,EXTEND,long,4606.0,4603.4,4603.4,4615.0,False,,4603.4,SL,-2.6,-30.0,6
2026-01-16 10:10:00,2026-01-16 10:18:00,2026-01-16 10:34:00,MSS,short,4604.5,4607.7,4604.5,4598.9,True,2026-01-16 10:30:00,4598.9,TP,5.6,51.63,16
2026-01-16 10:35:00,2026-01-16 11:15:00,2026-01-16 12:04:00,EXTEND,short,4601.6,4607.6,4601.6,4591.0,True,2026-01-16 11:32:00,4601.6,BE,0.0,-4.0,49
2026-01-16 12:20:00,2026-01-16 12:32:00,2026-01-16 13:11:00,EXTEND,long,4601.9,4598.3,4601.9,4606.6,True,2026-01-16 12:39:00,4601.9,BE,0.0,-4.0,39
2026-01-16 13:10:00,2026-01-16 13:31:00,2026-01-16 13:33:00,MSS,short,4602.3,4605.7,4602.3,4596.7,True,2026-01-16 13:32:00,4602.3,BE,0.0,-4.0,2
2026-01-16 13:55:00,2026-01-16 14:20:00,2026-01-16 14:44:00,EXTEND,long,4610.4,4599.7,4599.7,4625.7,False,,4599.7,SL,-10.7,-111.0,24
2026-01-16 15:10:00,2026-01-16 15:26:00,2026-01-16 15:40:00,MSS,long,4610.7,4597.1,4610.7,4621.2,True,2026-01-16 15:35:00,4610.7,BE,0.0,-4.0,14
2026-01-16 15:40:00,2026-01-16 15:50:00,2026-01-16 16:55:00,MSS,short,4611.5,4616.0,4611.5,4602.7,True,2026-01-16 16:37:00,4611.5,BE,0.0,-4.0,65
2026-01-16 17:30:00,2026-01-16 18:08:00,2026-01-16 18:18:00,EXTEND,short,4607.5,4612.4,4612.4,4600.1,False,,4612.4,SL,-4.9,-53.0,10
2026-01-16 18:50:00,2026-01-16 18:57:00,2026-01-16 18:58:00,MSS,short,4605.4,4612.6,4605.4,4605.0,True,2026-01-16 18:58:00,4605.4,BE,0.0,-4.0,1
2026-01-16 19:15:00,2026-01-16 19:20:00,2026-01-16 19:21:00,MSS,long,4613.3,4602.2,4613.3,4616.2,True,2026-01-16 19:21:00,4613.1,BE,-0.2,-6.0,1
2026-01-16 20:25:00,2026-01-16 20:30:00,2026-01-16 20:31:00,EXTEND,short,4608.9,4617.3,4608.9,4606.3,True,2026-01-16 20:31:00,4608.9,BE,0.0,-4.0,1
2026-01-16 20:50:00,2026-01-16 20:59:00,2026-01-16 21:01:00,BOS,short,4605.6,4609.7,4605.6,4599.2,True,2026-01-16 21:00:00,4605.6,BE,0.0,-4.0,2
2026-01-16 21:25:00,2026-01-16 21:37:00,2026-01-16 22:06:00,EXTEND,short,4599.9,4610.0,4610.0,4579.5,False,,4610.0,SL,-10.1,-105.0,29
2026-01-19 08:15:00,2026-01-19 08:30:00,2026-01-19 08:38:00,MSS,short,4681.1,4685.7,4685.7,4662.7,False,,4685.7,SL,-4.6,-50.0,8
2026-01-19 09:00:00,2026-01-19 09:09:00,2026-01-19 09:11:00,BOS,short,4678.0,4685.7,4678.0,4672.5,True,2026-01-19 09:10:00,4672.5,TP,5.5,51.08,2
2026-01-19 10:00:00,2026-01-19 10:08:00,2026-01-19 10:30:00,BOS,short,4668.5,4674.8,4668.5,4655.9,True,2026-01-19 10:27:00,4668.5,BE,0.0,-4.0,22
2026-01-19 11:45:00,2026-01-19 11:52:00,2026-01-19 11:53:00,MSS,short,4665.6,4672.8,4665.6,4664.4,True,2026-01-19 11:53:00,4665.6,BE,0.0,-4.0,1
2026-01-19 12:25:00,2026-01-19 12:31:00,2026-01-19 12:57:00,EXTEND,long,4669.6,4665.0,4669.6,4673.6,True,2026-01-19 12:48:00,4669.6,BE,0.0,-4.0,26
2026-01-19 13:35:00,2026-01-19 13:42:00,2026-01-19 13:43:00,MSS,short,4671.7,4680.3,4671.7,4670.9,True,2026-01-19 13:43:00,4671.7,BE,0.0,-4.0,1
2026-01-19 13:40:00,2026-01-19 13:58:00,2026-01-19 14:32:00,EXTEND,short,4675.9,4680.3,4680.3,4667.0,False,,4680.3,SL,-4.4,-48.0,34
2026-01-19 14:35:00,2026-01-19 14:45:00,2026-01-19 14:47:00,EXTEND,long,4679.2,4675.3,4679.2,4684.1,True,2026-01-19 14:46:00,4679.2,BE,0.0,-4.0,2
2026-01-19 14:55:00,2026-01-19 15:05:00,2026-01-19 15:06:00,BOS,long,4683.4,4677.1,4683.4,4686.5,True,2026-01-19 15:06:00,4683.3,BE,-0.1,-5.0,1
2026-01-19 15:55:00,2026-01-19 16:09:00,2026-01-19 17:12:00,EXTEND,short,4675.6,4683.8,4675.6,4662.1,True,2026-01-19 16:49:00,4675.6,BE,0.0,-4.0,63
2026-01-19 17:15:00,2026-01-19 17:32:00,2026-01-19 17:42:00,EXTEND,long,4672.1,4666.4,4672.1,4680.5,True,2026-01-19 17:35:00,4672.1,BE,0.0,-4.0,10
2026-01-19 18:15:00,2026-01-19 18:23:00,2026-01-19 18:29:00,EXTEND,long,4673.5,4671.4,4671.4,4677.2,False,,4671.4,SL,-2.1,-25.0,6
2026-01-19 18:40:00,2026-01-19 18:50:00,2026-01-19 19:07:00,BOS,short,4669.8,4672.2,4669.8,4664.5,True,2026-01-19 19:03:00,4669.8,BE,0.0,-4.0,17
2026-01-19 19:30:00,2026-01-19 19:43:00,2026-01-19 19:49:00,EXTEND,long,4669.1,4666.5,4666.5,4674.1,False,,4666.5,SL,-2.6,-30.0,6
2026-01-19 21:00:00,2026-01-19 21:59:00,2026-01-19 22:36:00,EXTEND,long,4671.0,4664.7,4671.0,4682.7,True,2026-01-19 22:30:00,4671.0,BE,0.0,-4.0,37
2026-01-19 22:35:00,2026-01-19 22:55:00,2026-01-19 23:00:00,BOS,short,4672.6,4675.7,4672.6,4667.1,True,2026-01-19 23:00:00,4672.6,BE,0.0,-4.0,5
2026-01-20 00:40:00,2026-01-20 00:52:00,2026-01-20 00:54:00,EXTEND,long,4677.7,4675.7,4677.7,4679.8,True,2026-01-20 00:53:00,4677.7,BE,0.0,-4.0,2
2026-01-20 00:55:00,2026-01-20 01:01:00,2026-01-20 01:05:00,EXTEND,long,4678.0,4675.7,4678.0,4679.9,True,2026-01-20 01:04:00,4678.0,BE,0.0,-4.0,4
2026-01-20 02:20:00,2026-01-20 02:37:00,2026-01-20 03:11:00,BOS,long,4682.0,4679.0,4679.0,4688.0,False,,4679.0,SL,-3.0,-34.0,34
2026-01-20 03:25:00,2026-01-20 07:02:00,2026-01-20 07:28:00,EXTEND,short,4679.0,4682.7,4679.0,4670.6,True,2026-01-20 07:03:00,4670.6,TP,8.4,79.65,26
2026-01-20 08:00:00,2026-01-20 08:09:00,2026-01-20 08:10:00,BOS,short,4672.4,4672.4,4672.4,4669.2,False,,4672.4,SL,0.0,-4.0,1
2026-01-20 08:25:00,2026-01-20 08:37:00,2026-01-20 08:44:00,MSS,short,4669.5,4674.2,4669.5,4663.3,True,2026-01-20 08:40:00,4669.5,BE,0.0,-4.0,7
2026-01-20 09:00:00,2026-01-20 09:05:00,2026-01-20 09:06:00,MSS,long,4676.0,4666.4,4676.0,4677.4,True,2026-01-20 09:06:00,4675.9,BE,-0.1,-5.0,1
2026-01-20 09:05:00,2026-01-20 09:24:00,2026-01-20 09:56:00,EXTEND,long,4673.9,4666.4,4673.9,4682.9,True,2026-01-20 09:25:00,4673.9,BE,0.0,-4.0,32
2026-01-20 14:40:00,2026-01-20 14:56:00,2026-01-20 15:13:00,EXTEND,short,4719.2,4723.4,4723.4,4707.9,False,,4723.4,SL,-4.2,-46.0,17
2026-01-20 16:05:00,2026-01-20 16:11:00,2026-01-20 16:12:00,MSS,long,4730.9,4720.2,4730.9,4733.5,True,2026-01-20 16:12:00,4730.9,BE,0.0,-4.0,1
2026-01-20 16:25:00,2026-01-20 16:33:00,2026-01-20 16:34:00,EXTEND,short,4725.7,4731.4,4725.7,4721.6,True,2026-01-20 16:34:00,4725.7,BE,0.0,-4.0,1
2026-01-20 16:45:00,2026-01-20 16:52:00,2026-01-20 16:53:00,MSS,long,4732.4,4721.5,4732.4,4733.8,True,2026-01-20 16:53:00,4732.2,BE,-0.2,-6.0,1
2026-01-20 17:25:00,2026-01-20 17:30:00,2026-01-20 17:31:00,MSS,long,4740.9,4727.2,4740.9,4743.5,True,2026-01-20 17:31:00,4740.5,BE,-0.4,-8.0,1
2026-01-20 18:25:00,2026-01-20 18:32:00,2026-01-20 18:33:00,MSS,short,4729.7,4739.1,4729.7,4731.5,True,2026-01-20 18:33:00,4729.9,BE,-0.2,-6.0,1
2026-01-20 19:05:00,2026-01-20 19:21:00,2026-01-20 19:49:00,EXTEND,short,4732.4,4739.1,4739.1,4724.1,False,,4739.1,SL,-6.7,-71.0,28
2026-01-20 19:50:00,2026-01-20 20:06:00,2026-01-20 20:30:00,EXTEND,long,4737.8,4731.3,4731.3,4743.5,False,,4731.3,SL,-6.5,-69.0,24
2026-01-20 20:30:00,2026-01-20 20:43:00,2026-01-20 20:44:00,EXTEND,short,4732.2,4736.3,4732.2,4727.7,True,2026-01-20 20:44:00,4732.2,BE,0.0,-4.0,1
2026-01-20 21:30:00,2026-01-20 21:39:00,2026-01-20 21:41:00,EXTEND,short,4725.9,4731.9,4731.9,4716.5,False,,4731.9,SL,-6.0,-64.0,2
2026-01-20 22:30:00,2026-01-20 22:35:00,2026-01-20 22:36:00,MSS,short,4735.5,4756.2,4735.5,4730.2,True,2026-01-20 22:36:00,4735.5,BE,0.0,-4.0,1
2026-01-20 22:35:00,2026-01-20 22:53:00,2026-01-20 22:54:00,EXTEND,short,4740.1,4756.2,4740.1,4726.5,True,2026-01-20 22:54:00,4740.1,BE,0.0,-4.0,1
2026-01-20 23:05:00,2026-01-20 23:20:00,2026-01-20 23:23:00,EXTEND,long,4744.6,4738.0,4738.0,4757.9,False,,4738.0,SL,-6.6,-70.0,3
2026-01-20 23:25:00,2026-01-20 23:51:00,2026-01-21 00:07:00,EXTEND,short,4740.6,4753.7,4740.6,4719.4,True,2026-01-21 00:06:00,4740.6,BE,0.0,-4.0,16
2026-01-21 07:00:00,2026-01-21 07:07:00,2026-01-21 07:15:00,MSS,short,4765.3,4769.2,4765.3,4761.5,True,2026-01-21 07:09:00,4761.5,TP,3.8,34.47,8
2026-01-21 07:40:00,2026-01-21 07:46:00,2026-01-21 07:47:00,MSS,long,4781.8,4761.8,4781.8,4782.4,True,2026-01-21 07:47:00,4781.5,BE,-0.3,-7.0,1
2026-01-21 08:55:00,2026-01-21 09:01:00,2026-01-21 09:02:00,EXTEND,long,4792.7,4786.9,4792.7,4794.5,True,2026-01-21 09:02:00,4792.7,BE,0.0,-4.0,1
2026-01-21 09:50:00,2026-01-21 10:14:00,2026-01-21 10:45:00,BOS,long,4831.4,4818.1,4831.4,4855.3,True,2026-01-21 10:38:00,4831.4,BE,0.0,-4.0,31
2026-01-21 11:10:00,2026-01-21 11:17:00,2026-01-21 11:23:00,EXTEND,long,4836.1,4830.3,4830.3,4858.5,False,,4830.3,SL,-5.8,-62.0,6
2026-01-21 13:05:00,2026-01-21 13:12:00,2026-01-21 13:18:00,EXTEND,short,4866.9,4873.8,4873.8,4858.2,False,,4873.8,SL,-6.9,-73.0,6
2026-01-21 13:20:00,2026-01-21 13:28:00,2026-01-21 13:42:00,EXTEND,long,4870.7,4861.5,4870.7,4881.1,True,2026-01-21 13:33:00,4870.7,BE,0.0,-4.0,14
2026-01-21 14:35:00,2026-01-21 14:40:00,2026-01-21 14:41:00,MSS,short,4869.6,4890.9,4869.6,4864.4,True,2026-01-21 14:41:00,4869.7,BE,-0.1,-5.0,1
2026-01-21 15:50:00,2026-01-21 15:55:00,2026-01-21 15:56:00,MSS,long,4858.7,4840.7,4858.7,4864.4,True,2026-01-21 15:56:00,4858.6,BE,-0.1,-5.0,1
2026-01-21 16:25:00,2026-01-21 16:34:00,2026-01-21 16:50:00,EXTEND,long,4865.0,4858.1,4858.1,4875.4,False,,4858.1,SL,-6.9,-73.0,16
2026-01-21 16:55:00,2026-01-21 17:12:00,2026-01-21 17:25:00,MSS,short,4861.7,4871.7,4871.7,4848.7,False,,4871.7,SL,-10.0,-104.0,13
2026-01-22 07:55:00,2026-01-22 08:13:00,2026-01-22 08:42:00,BOS,short,4792.2,4799.5,4792.2,4773.6,True,2026-01-22 08:23:00,4792.2,BE,0.0,-4.0,29
2026-01-22 09:00:00,2026-01-22 09:12:00,2026-01-22 09:19:00,MSS,short,4782.1,4799.8,4799.8,4765.3,False,,4799.8,SL,-17.7,-181.0,7
2026-01-22 09:20:00,2026-01-22 10:34:00,2026-01-22 13:59:00,EXTEND,long,4785.5,4772.6,4785.5,4821.4,True,2026-01-22 13:05:00,4821.4,TP,35.9,354.68,205
2026-01-22 15:00:00,2026-01-22 15:06:00,2026-01-22 15:07:00,MSS,long,4834.6,4821.7,4834.6,4835.5,True,2026-01-22 15:07:00,4834.6,BE,0.0,-4.0,1
2026-01-22 15:45:00,2026-01-22 15:59:00,2026-01-22 16:00:00,EXTEND,short,4833.5,4839.3,4833.5,4829.8,True,2026-01-22 16:00:00,4833.5,BE,0.0,-4.0,1
2026-01-22 16:55:00,2026-01-22 17:01:00,2026-01-22 17:02:00,MSS,long,4832.9,4823.3,4832.9,4836.1,True,2026-01-22 17:02:00,4832.8,BE,-0.1,-5.0,1
2026-01-22 19:15:00,2026-01-22 19:24:00,2026-01-22 19:37:00,EXTEND,short,4830.1,4834.0,4830.1,4824.1,True,2026-01-22 19:35:00,4830.1,BE,0.0,-4.0,13
2026-01-22 19:55:00,2026-01-22 20:06:00,2026-01-22 20:09:00,EXTEND,long,4828.5,4827.1,4827.1,4841.6,False,,4827.1,SL,-1.4,-18.0,3
2026-01-22 21:00:00,2026-01-22 21:20:00,2026-01-22 21:22:00,EXTEND,short,4829.7,4834.8,4834.8,4812.8,False,,4834.8,SL,-5.1,-55.0,2
2026-01-22 21:25:00,2026-01-22 21:37:00,2026-01-22 21:42:00,EXTEND,long,4824.3,4817.5,4817.5,4842.9,False,,4817.5,SL,-6.8,-72.0,5
2026-01-22 21:40:00,2026-01-22 22:06:00,2026-01-22 22:32:00,MSS,short,4823.2,4837.5,4837.5,4803.8,False,,4837.5,SL,-14.3,-147.0,26
2026-01-22 22:30:00,2026-01-22 23:02:00,2026-01-22 23:28:00,EXTEND,long,4838.7,4821.7,4838.7,4857.0,True,2026-01-22 23:17:00,4857.0,TP,18.3,179.06,26
2026-01-23 00:50:00,2026-01-23 00:58:00,2026-01-23 01:08:00,EXTEND,long,4880.4,4876.0,4880.4,4891.2,True,2026-01-23 01:03:00,4880.4,BE,0.0,-4.0,10
2026-01-23 03:10:00,2026-01-23 03:29:00,2026-01-23 03:45:00,EXTEND,long,4917.8,4913.9,4913.9,4931.0,False,,4913.9,SL,-3.9,-43.0,16
2026-01-23 07:10:00,2026-01-23 07:17:00,2026-01-23 07:30:00,EXTEND,long,4948.1,4938.1,4938.1,4970.7,False,,4938.1,SL,-10.0,-104.0,13
2026-01-23 07:30:00,2026-01-23 07:57:00,2026-01-23 08:02:00,MSS,short,4959.9,4963.8,4963.8,4924.3,False,,4963.8,SL,-3.9,-43.0,5
2026-01-23 09:00:00,2026-01-23 09:05:00,2026-01-23 09:06:00,MSS,short,4942.2,4968.5,4942.2,4930.4,True,2026-01-23 09:06:00,4942.5,BE,-0.3,-7.0,1
2026-01-23 09:05:00,2026-01-23 09:18:00,2026-01-23 09:20:00,EXTEND,short,4948.7,4968.5,4948.7,4930.0,True,2026-01-23 09:19:00,4948.7,BE,0.0,-4.0,2
2026-01-23 11:15:00,2026-01-23 11:24:00,2026-01-23 11:25:00,MSS,short,4945.2,4960.9,4945.2,4935.9,True,2026-01-23 11:25:00,4945.3,BE,-0.1,-5.0,1
2026-01-23 11:25:00,2026-01-23 11:42:00,2026-01-23 13:22:00,EXTEND,short,4950.4,4960.9,4960.9,4933.8,False,,4960.9,SL,-10.5,-109.0,100
2026-01-23 13:50:00,2026-01-23 14:02:00,2026-01-23 14:04:00,EXTEND,long,4963.5,4957.6,4957.6,4972.1,False,,4957.6,SL,-5.9,-63.0,2
2026-01-26 08:30:00,2026-01-26 08:38:00,2026-01-26 08:39:00,MSS,long,5048.9,5029.4,5048.9,5053.0,True,2026-01-26 08:39:00,5048.9,BE,0.0,-4.0,1
2026-01-26 08:40:00,2026-01-26 09:00:00,2026-01-26 09:01:00,EXTEND,long,5043.0,5029.4,5029.4,5057.6,False,,5029.4,SL,-13.6,-140.0,1
2026-01-26 10:30:00,2026-01-26 11:04:00,2026-01-26 11:18:00,EXTEND,long,5079.3,5064.4,5079.3,5098.8,True,2026-01-26 11:15:00,5079.3,BE,0.0,-4.0,14
2026-01-26 13:15:00,2026-01-26 13:31:00,2026-01-26 13:32:00,BOS,short,5053.5,5070.8,5053.5,5043.9,True,2026-01-26 13:32:00,5053.5,BE,0.0,-4.0,1
2026-01-26 14:50:00,2026-01-26 15:03:00,2026-01-26 21:03:00,EXTEND,long,5078.0,5063.2,5063.2,5120.0,False,,5063.2,SL,-14.8,-152.0,360
2026-01-27 07:45:00,2026-01-27 08:01:00,2026-01-27 08:39:00,EXTEND,long,5041.6,5033.6,5033.6,5062.2,False,,5033.6,SL,-8.0,-84.0,38
2026-01-27 09:05:00,2026-01-27 09:11:00,2026-01-27 09:12:00,MSS,long,5056.9,5013.3,5056.9,5055.6,True,2026-01-27 09:12:00,5057.0,TP,0.1,-3.0,1
2026-01-27 10:00:00,2026-01-27 10:12:00,2026-01-27 10:41:00,EXTEND,short,5060.1,5071.6,5071.6,5036.3,False,,5071.6,SL,-11.5,-119.0,29
2026-01-27 10:45:00,2026-01-27 10:56:00,2026-01-27 11:16:00,EXTEND,long,5068.0,5055.5,5055.5,5079.9,False,,5055.5,SL,-12.5,-129.0,20
2026-01-28 08:05:00,2026-01-28 08:10:00,2026-01-28 08:17:00,EXTEND,short,5160.7,5174.6,5160.7,5148.6,True,2026-01-28 08:17:00,5160.7,BE,0.0,-4.0,7
2026-01-28 09:05:00,2026-01-28 09:14:00,2026-01-28 09:16:00,EXTEND,long,5187.0,5157.5,5187.0,5209.7,True,2026-01-28 09:16:00,5187.0,BE,0.0,-4.0,2
2026-01-28 11:10:00,2026-01-28 11:42:00,2026-01-28 13:10:00,EXTEND,long,5223.9,5213.9,5223.9,5249.6,True,2026-01-28 11:50:00,5249.6,TP,25.7,252.87,88
2026-01-28 13:40:00,2026-01-28 14:07:00,2026-01-28 14:25:00,BOS,long,5251.3,5244.3,5251.3,5263.2,True,2026-01-28 14:18:00,5251.3,BE,0.0,-4.0,18
2026-01-28 16:45:00,2026-01-28 17:02:00,2026-01-28 17:19:00,MSS,short,5287.5,5306.7,5287.5,5267.2,True,2026-01-28 17:12:00,5267.2,TP,20.3,198.97,17
2026-01-28 17:40:00,2026-01-28 17:53:00,2026-01-28 18:09:00,BOS,short,5270.1,5276.3,5276.3,5253.4,False,,5276.3,SL,-6.2,-66.0,16
2026-01-28 18:10:00,2026-01-28 18:39:00,2026-01-28 19:04:00,EXTEND,long,5268.1,5258.3,5258.3,5287.5,False,,5258.3,SL,-9.8,-102.0,25
2026-01-28 19:45:00,2026-01-28 19:51:00,2026-01-28 19:52:00,MSS,long,5261.6,5246.1,5261.6,5263.8,True,2026-01-28 19:52:00,5261.1,BE,-0.5,-9.0,1
2026-01-28 19:50:00,2026-01-28 20:07:00,2026-01-28 20:09:00,EXTEND,long,5250.6,5246.1,5246.1,5266.0,False,,5246.1,SL,-4.5,-49.0,2
2026-01-28 21:00:00,2026-01-28 21:13:00,2026-01-28 21:35:00,EXTEND,long,5268.4,5259.0,5268.4,5289.5,True,2026-01-28 21:23:00,5268.4,BE,0.0,-4.0,22
2026-01-28 22:05:00,2026-01-28 22:18:00,2026-01-28 22:22:00,EXTEND,short,5257.2,5263.0,5263.0,5236.6,False,,5263.0,SL,-5.8,-62.0,4
2026-01-28 23:05:00,2026-01-28 23:16:00,2026-01-28 23:18:00,MSS,short,5251.7,5292.3,5251.7,5211.5,True,2026-01-28 23:17:00,5251.7,BE,0.0,-4.0,2
2026-01-29 00:30:00,2026-01-29 00:40:00,2026-01-29 00:46:00,BOS,short,5281.1,5288.8,5288.8,5269.8,False,,5288.8,SL,-7.7,-81.0,6
2026-01-29 01:00:00,2026-01-29 01:20:00,2026-01-29 01:31:00,EXTEND,long,5294.1,5273.8,5294.1,5313.4,True,2026-01-29 01:22:00,5294.1,BE,0.0,-4.0,11
2026-01-29 01:35:00,2026-01-29 01:58:00,2026-01-29 02:07:00,MSS,short,5296.9,5301.3,5301.3,5273.5,False,,5301.3,SL,-4.4,-48.0,9
2026-01-29 02:10:00,2026-01-29 02:16:00,2026-01-29 02:17:00,EXTEND,long,5301.6,5289.4,5301.6,5306.8,True,2026-01-29 02:17:00,5301.4,BE,-0.2,-6.0,1
2026-01-29 02:20:00,2026-01-29 02:33:00,2026-01-29 02:34:00,EXTEND,long,5286.9,5289.4,5289.4,5333.3,False,,5286.8,SL,-0.1,-5.0,1
2026-01-29 07:35:00,2026-01-29 07:48:00,2026-01-29 08:01:00,EXTEND,long,5505.8,5463.9,5463.9,5620.2,False,,5463.9,SL,-41.9,-423.0,13
2026-02-12 21:45:00,2026-02-12 23:40:00,2026-02-12 23:59:00,BOS,long,5068.1,5061.9,5061.9,5079.3,False,,5059.8,SL,-8.3,-87.0,2
2026-02-26 09:00:00,2026-02-26 09:12:00,2026-02-26 09:23:00,BOS,long,5202.9,5196.3,5202.9,5218.8,True,2026-02-26 09:21:00,5202.9,BE,0.0,-4.0,11
2026-02-26 09:30:00,2026-02-26 09:39:00,2026-02-26 10:00:00,EXTEND,short,5200.7,5211.1,5211.1,5189.6,False,,5211.1,SL,-10.4,-108.0,21
2026-02-26 13:25:00,2026-02-26 13:49:00,2026-02-26 15:02:00,EXTEND,long,5210.0,5205.7,5205.7,5226.0,False,,5205.7,SL,-4.3,-47.0,73
2026-02-26 15:05:00,2026-02-26 15:20:00,2026-02-26 15:25:00,BOS,short,5203.9,5211.5,5203.9,5193.8,True,2026-02-26 15:23:00,5203.9,BE,0.0,-4.0,5
2026-02-26 15:50:00,2026-02-26 15:59:00,2026-02-26 16:11:00,EXTEND,short,5202.6,5206.5,5202.6,5193.4,True,2026-02-26 16:01:00,5202.6,BE,0.0,-4.0,12
2026-02-26 16:25:00,2026-02-26 16:33:00,2026-02-26 16:34:00,MSS,short,5187.1,5207.7,5187.1,5186.5,True,2026-02-26 16:34:00,5187.1,BE,0.0,-4.0,1
2026-02-26 16:45:00,2026-02-26 16:53:00,2026-02-26 20:01:00,EXTEND,short,5194.9,5207.7,5194.9,5176.5,True,2026-02-26 18:36:00,5176.5,TP,18.4,180.42,188
2026-02-26 20:00:00,2026-02-26 20:13:00,2026-02-26 20:23:00,EXTEND,short,5183.7,5191.6,5191.6,5168.1,False,,5191.6,SL,-7.9,-83.0,10
2026-02-26 21:10:00,2026-02-26 21:23:00,2026-02-26 21:39:00,EXTEND,short,5191.7,5200.9,5191.7,5180.1,True,2026-02-26 21:30:00,5191.7,BE,0.0,-4.0,16
2026-02-26 22:25:00,2026-02-26 22:34:00,2026-02-26 22:39:00,EXTEND,long,5181.6,5175.9,5181.6,5192.2,True,2026-02-26 22:35:00,5181.6,BE,0.0,-4.0,5
2026-02-26 22:35:00,2026-02-26 22:42:00,2026-02-26 22:45:00,EXTEND,long,5182.0,5175.9,5182.0,5195.3,True,2026-02-26 22:43:00,5182.0,BE,0.0,-4.0,3
2026-02-26 22:45:00,2026-02-26 22:54:00,2026-02-26 23:01:00,EXTEND,long,5185.1,5175.9,5175.9,5197.0,False,,5175.9,SL,-9.2,-96.0,7
2026-02-26 23:40:00,2026-02-26 23:45:00,2026-02-26 23:46:00,MSS,long,5195.5,5145.2,5195.5,5205.7,True,2026-02-26 23:46:00,5195.5,BE,0.0,-4.0,1
2026-02-27 01:45:00,2026-02-27 01:53:00,2026-02-27 01:54:00,BOS,short,5183.3,5194.9,5183.3,5177.8,True,2026-02-27 01:54:00,5183.3,BE,0.0,-4.0,1
2026-02-27 02:10:00,2026-02-27 02:15:00,2026-02-27 02:16:00,MSS,long,5192.3,5180.4,5192.3,5193.4,True,2026-02-27 02:16:00,5192.3,BE,0.0,-4.0,1
2026-02-27 02:30:00,2026-02-27 02:36:00,2026-02-27 02:51:00,EXTEND,long,5187.9,5180.4,5187.9,5202.5,True,2026-02-27 02:39:00,5202.5,TP,14.6,141.98,15
2026-02-27 03:45:00,2026-02-27 07:00:00,2026-02-27 07:01:00,BOS,long,5206.8,5200.3,5200.3,5214.4,False,,5200.3,SL,-6.5,-69.0,1
2026-02-27 07:00:00,2026-02-27 07:08:00,2026-02-27 07:09:00,BOS,short,5196.6,5208.6,5196.6,5187.6,True,2026-02-27 07:09:00,5196.6,BE,0.0,-4.0,1
2026-02-27 08:15:00,2026-02-27 08:20:00,2026-02-27 08:21:00,MSS,long,5208.0,5195.3,5208.0,5210.2,True,2026-02-27 08:21:00,5208.0,BE,0.0,-4.0,1
2026-02-27 08:35:00,2026-02-27 08:41:00,2026-02-27 08:42:00,MSS,short,5188.5,5211.5,5188.5,5180.8,True,2026-02-27 08:42:00,5188.5,BE,0.0,-4.0,1
2026-02-27 11:30:00,2026-02-27 11:39:00,2026-02-27 11:44:00,EXTEND,long,5203.0,5197.7,5203.0,5208.0,True,2026-02-27 11:42:00,5203.0,BE,0.0,-4.0,5
2026-02-27 11:45:00,2026-02-27 12:02:00,2026-02-27 12:20:00,BOS,long,5202.5,5200.0,5200.0,5209.4,False,,5200.0,SL,-2.5,-29.0,18
2026-02-27 12:25:00,2026-02-27 12:32:00,2026-02-27 12:39:00,EXTEND,long,5203.9,5200.7,5203.9,5206.8,True,2026-02-27 12:36:00,5203.9,BE,0.0,-4.0,7
2026-02-27 12:55:00,2026-02-27 13:09:00,2026-02-27 13:24:00,EXTEND,short,5201.4,5205.2,5205.2,5195.0,False,,5205.2,SL,-3.8,-42.0,15
2026-02-27 13:55:00,2026-02-27 14:11:00,2026-02-27 14:16:00,BOS,long,5214.5,5207.8,5214.5,5220.0,True,2026-02-27 14:15:00,5214.5,BE,0.0,-4.0,5
2026-02-27 15:15:00,2026-02-27 15:26:00,2026-02-27 15:37:00,EXTEND,short,5199.1,5206.6,5199.1,5191.0,True,2026-02-27 15:29:00,5199.1,BE,0.0,-4.0,11
2026-02-27 15:55:00,2026-02-27 16:06:00,2026-02-27 16:17:00,BOS,short,5196.6,5199.6,5196.6,5190.7,True,2026-02-27 16:16:00,5196.6,BE,0.0,-4.0,11
2026-02-27 16:20:00,2026-02-27 16:36:00,2026-02-27 16:56:00,EXTEND,short,5196.9,5199.6,5196.9,5188.7,True,2026-02-27 16:54:00,5196.9,BE,0.0,-4.0,20
2026-02-27 17:10:00,2026-02-27 17:17:00,2026-02-27 17:27:00,EXTEND,short,5194.3,5199.2,5199.2,5189.5,False,,5199.2,SL,-4.9,-53.0,10
2026-02-27 18:20:00,2026-02-27 18:25:00,2026-02-27 18:26:00,EXTEND,long,5195.4,5184.0,5195.4,5200.1,True,2026-02-27 18:26:00,5195.4,BE,0.0,-4.0,1
2026-02-27 18:25:00,2026-02-27 18:32:00,2026-02-27 18:53:00,EXTEND,long,5192.4,5184.0,5192.4,5200.8,True,2026-02-27 18:48:00,5192.4,BE,0.0,-4.0,21
2026-02-27 19:15:00,2026-02-27 19:26:00,2026-02-27 19:29:00,EXTEND,short,5191.3,5194.2,5194.2,5186.8,False,,5194.2,SL,-2.9,-33.0,3
2026-02-27 22:00:00,2026-02-27 22:10:00,2026-02-27 22:21:00,EXTEND,long,5241.1,5228.2,5241.1,5253.3,True,2026-02-27 22:11:00,5253.3,TP,12.2,118.46,11
2026-02-27 22:20:00,2026-02-27 22:35:00,2026-02-27 22:39:00,BOS,long,5245.8,5234.7,5234.7,5259.3,False,,5234.7,SL,-11.1,-115.0,4
2026-02-27 23:15:00,2026-02-27 23:26:00,2026-02-27 23:58:00,EXTEND,long,5241.5,5236.8,5241.5,5264.2,True,2026-02-27 23:38:00,5264.2,TP,22.7,223.32,32
2026-02-28 00:15:00,2026-02-28 00:25:00,2026-02-28 01:01:00,EXTEND,long,5253.1,5244.0,5244.0,5285.4,False,,5244.0,SL,-9.1,-95.0,36
2026-02-28 01:00:00,2026-02-28 01:13:00,2026-02-28 01:14:00,EXTEND,short,5247.3,5256.9,5247.3,5240.1,True,2026-02-28 01:14:00,5247.3,BE,0.0,-4.0,1
2026-02-28 01:40:00,2026-02-28 01:49:00,2026-02-28 01:50:00,MSS,long,5254.1,5237.4,5254.1,5259.0,True,2026-02-28 01:50:00,5253.8,BE,-0.3,-7.0,1
2026-02-28 02:20:00,2026-02-28 02:25:00,2026-02-28 02:26:00,MSS,short,5242.7,5256.4,5242.7,5239.8,True,2026-02-28 02:26:00,5242.7,BE,0.0,-4.0,1
2026-02-28 02:25:00,2026-02-28 02:32:00,2026-02-28 02:43:00,EXTEND,short,5246.8,5256.4,5256.4,5235.6,False,,5256.4,SL,-9.6,-100.0,11
2026-03-02 10:05:00,2026-03-02 10:13:00,2026-03-02 10:37:00,EXTEND,short,5340.0,5351.8,5351.8,5322.8,False,,5351.8,SL,-11.8,-122.0,24
2026-03-02 11:30:00,2026-03-02 11:37:00,2026-03-02 11:38:00,EXTEND,long,5374.6,5362.6,5374.6,5376.4,True,2026-03-02 11:38:00,5374.4,BE,-0.2,-6.0,1
2026-03-02 12:00:00,2026-03-02 12:10:00,2026-03-02 12:35:00,EXTEND,long,5371.4,5366.2,5371.4,5383.9,True,2026-03-02 12:19:00,5371.4,BE,0.0,-4.0,25
2026-03-02 13:30:00,2026-03-02 13:38:00,2026-03-02 13:39:00,MSS,long,5371.7,5353.6,5371.7,5375.8,True,2026-03-02 13:39:00,5371.7,BE,0.0,-4.0,1
2026-03-02 16:40:00,2026-03-02 16:50:00,2026-03-02 16:59:00,MSS,short,5421.0,5432.0,5421.0,5406.0,True,2026-03-02 16:53:00,5406.0,TP,15.0,146.35,9
2026-03-02 17:20:00,2026-03-02 17:34:00,2026-03-02 18:06:00,EXTEND,short,5412.2,5425.9,5412.2,5393.6,True,2026-03-02 17:46:00,5393.6,TP,18.6,181.58,32
2026-03-02 18:40:00,2026-03-02 18:57:00,2026-03-02 19:10:00,EXTEND,long,5400.7,5398.1,5398.1,5421.5,False,,5398.1,SL,-2.6,-30.0,13
2026-03-02 19:45:00,2026-03-02 20:14:00,2026-03-02 21:03:00,MSS,short,5405.8,5414.8,5414.8,5379.5,False,,5414.8,SL,-9.0,-94.0,49
2026-03-02 21:10:00,2026-03-02 21:27:00,2026-03-02 21:30:00,MSS,short,5413.1,5425.5,5425.5,5388.0,False,,5425.5,SL,-12.4,-128.0,3
2026-03-03 00:25:00,2026-03-03 00:38:00,2026-03-03 00:42:00,MSS,long,5318.2,5294.5,5318.2,5337.7,True,2026-03-03 00:39:00,5318.2,BE,0.0,-4.0,4
2026-03-03 01:30:00,2026-03-03 01:53:00,2026-03-03 02:08:00,BOS,long,5319.1,5306.2,5306.2,5342.4,False,,5306.2,SL,-12.9,-133.0,15
2026-03-03 02:10:00,2026-03-03 02:22:00,2026-03-03 02:44:00,EXTEND,short,5316.4,5324.2,5316.4,5297.3,True,2026-03-03 02:25:00,5316.4,BE,0.0,-4.0,22
2026-03-03 07:05:00,2026-03-03 07:24:00,2026-03-03 08:17:00,EXTEND,long,5349.7,5335.4,5349.7,5368.7,True,2026-03-03 07:50:00,5368.7,TP,19.0,185.74,53
2026-03-03 08:30:00,2026-03-03 08:55:00,2026-03-03 09:07:00,EXTEND,long,5366.6,5350.4,5366.6,5384.1,True,2026-03-03 09:00:00,5384.1,TP,17.5,170.55,12
2026-03-03 09:25:00,2026-03-03 09:50:00,2026-03-03 09:56:00,EXTEND,long,5367.6,5360.4,5360.4,5403.7,False,,5360.4,SL,-7.2,-76.0,6
2026-03-03 10:00:00,2026-03-03 10:32:00,2026-03-03 13:53:00,EXTEND,short,5374.2,5394.5,5374.2,5333.3,True,2026-03-03 13:34:00,5333.3,TP,40.9,405.14,201
2026-03-03 14:10:00,2026-03-03 14:24:00,2026-03-03 15:38:00,BOS,short,5321.5,5337.0,5337.0,5279.6,False,,5337.0,SL,-15.5,-159.0,74
2026-03-03 16:05:00,2026-03-03 16:17:00,2026-03-03 16:31:00,EXTEND,long,5338.3,5321.7,5321.7,5356.4,False,,5321.7,SL,-16.6,-170.0,14
2026-03-03 16:55:00,2026-03-03 17:04:00,2026-03-03 17:05:00,BOS,short,5302.2,5324.2,5302.2,5296.9,True,2026-03-03 17:05:00,5296.9,TP,5.3,49.05,1
2026-03-03 17:05:00,2026-03-03 17:13:00,2026-03-03 17:25:00,EXTEND,short,5307.0,5324.2,5307.0,5288.3,True,2026-03-03 17:23:00,5288.3,TP,18.7,183.41,12
2026-03-03 17:55:00,2026-03-03 18:03:00,2026-03-03 18:04:00,EXTEND,long,5297.0,5270.9,5297.0,5298.7,True,2026-03-03 18:04:00,5296.3,BE,-0.7,-11.0,1
2026-03-03 18:00:00,2026-03-03 18:10:00,2026-03-03 18:28:00,BOS,long,5288.7,5270.9,5288.7,5307.6,True,2026-03-03 18:27:00,5288.7,BE,0.0,-4.0,18
2026-03-03 21:00:00,2026-03-03 21:05:00,2026-03-03 21:06:00,MSS,short,5180.8,5236.8,5180.8,5171.0,True,2026-03-03 21:06:00,5180.8,BE,0.0,-4.0,1
2026-03-04 02:00:00,2026-03-04 02:09:00,2026-03-04 02:10:00,MSS,long,5108.8,5077.6,5108.8,5114.0,True,2026-03-04 02:10:00,5108.8,BE,0.0,-4.0,1
2026-03-04 03:05:00,2026-03-04 03:10:00,2026-03-04 03:11:00,MSS,short,5130.9,5161.4,5130.9,5131.6,True,2026-03-04 03:11:00,5131.4,BE,-0.5,-9.0,1
2026-03-04 08:00:00,2026-03-04 08:14:00,2026-03-04 08:20:00,MSS,short,5124.3,5136.0,5136.0,5108.6,False,,5136.0,SL,-11.7,-121.0,6
2026-03-04 08:50:00,2026-03-04 08:56:00,2026-03-04 09:00:00,EXTEND,long,5142.4,5130.6,5142.4,5154.3,True,2026-03-04 08:58:00,5154.3,TP,11.9,115.49,4
2026-03-04 10:10:00,2026-03-04 10:26:00,2026-03-04 10:35:00,EXTEND,long,5189.3,5177.4,5177.4,5206.7,False,,5177.4,SL,-11.9,-123.0,9
2026-03-04 12:10:00,2026-03-04 12:25:00,2026-03-04 12:42:00,EXTEND,long,5175.6,5162.3,5162.3,5197.2,False,,5162.3,SL,-13.3,-137.0,17
2026-03-04 12:40:00,2026-03-04 12:47:00,2026-03-04 12:49:00,MSS,short,5165.7,5180.5,5165.7,5155.0,True,2026-03-04 12:48:00,5165.7,BE,0.0,-4.0,2
2026-03-04 13:05:00,2026-03-04 13:12:00,2026-03-04 13:16:00,EXTEND,short,5170.1,5173.4,5173.4,5156.8,False,,5173.5,SL,-3.4,-38.0,4
2026-03-05 08:20:00,2026-03-05 08:49:00,2026-03-05 08:50:00,EXTEND,long,5188.1,5170.6,5188.1,5196.8,True,2026-03-05 08:50:00,5188.1,BE,0.0,-4.0,1
2026-03-05 09:10:00,2026-03-05 09:26:00,2026-03-05 09:42:00,EXTEND,long,5188.7,5177.7,5177.7,5203.4,False,,5177.7,SL,-11.0,-114.0,16
2026-03-05 10:20:00,2026-03-05 10:40:00,2026-03-05 10:50:00,EXTEND,long,5191.9,5182.0,5191.9,5201.6,True,2026-03-05 10:50:00,5191.9,BE,0.0,-4.0,10
2026-03-05 11:05:00,2026-03-05 11:32:00,2026-03-05 11:38:00,EXTEND,long,5196.6,5183.3,5196.6,5210.2,True,2026-03-05 11:36:00,5196.6,BE,0.0,-4.0,6
2026-03-05 12:00:00,2026-03-05 12:14:00,2026-03-05 12:47:00,EXTEND,short,5192.8,5200.0,5192.8,5181.5,True,2026-03-05 12:26:00,5181.5,TP,11.3,109.42,33
2026-03-05 14:10:00,2026-03-05 14:42:00,2026-03-05 15:02:00,EXTEND,short,5159.3,5178.4,5178.4,5116.2,False,,5178.4,SL,-19.1,-195.0,20
2026-03-05 16:20:00,2026-03-05 16:43:00,2026-03-05 16:45:00,EXTEND,short,5169.9,5175.4,5175.4,5138.4,False,,5175.4,SL,-5.5,-59.0,2
2026-03-05 17:10:00,2026-03-05 17:33:00,2026-03-05 17:39:00,EXTEND,long,5177.0,5171.5,5171.5,5197.9,False,,5171.5,SL,-5.5,-59.0,6
2026-03-06 07:00:00,2026-03-06 07:12:00,2026-03-06 07:53:00,EXTEND,long,5096.8,5081.9,5096.8,5126.5,True,2026-03-06 07:42:00,5096.8,BE,0.0,-4.0,41
2026-03-06 09:00:00,2026-03-06 09:07:00,2026-03-06 09:31:00,MSS,short,5086.8,5098.4,5098.4,5067.5,False,,5098.4,SL,-11.6,-120.0,24
2026-03-06 11:20:00,2026-03-06 11:44:00,2026-03-06 12:20:00,EXTEND,long,5141.2,5130.3,5141.2,5155.1,True,2026-03-06 12:13:00,5141.2,BE,0.0,-4.0,36
2026-03-06 12:25:00,2026-03-06 12:34:00,2026-03-06 12:37:00,MSS,short,5138.4,5145.4,5138.4,5133.6,True,2026-03-06 12:35:00,5138.4,BE,0.0,-4.0,3
2026-03-06 13:25:00,2026-03-06 13:32:00,2026-03-06 13:34:00,MSS,long,5133.3,5131.5,5131.5,5141.3,False,,5131.5,SL,-1.8,-22.0,2
2026-03-06 14:20:00,2026-03-06 14:26:00,2026-03-06 14:27:00,MSS,long,5131.4,5121.3,5131.4,5134.1,True,2026-03-06 14:27:00,5131.3,BE,-0.1,-5.0,1
2026-03-06 14:25:00,2026-03-06 14:41:00,2026-03-06 14:42:00,EXTEND,long,5129.5,5121.3,5129.5,5134.8,True,2026-03-06 14:42:00,5129.4,BE,-0.1,-5.0,1
2026-03-06 15:05:00,2026-03-06 15:28:00,2026-03-06 15:34:00,EXTEND,short,5121.4,5131.3,5121.4,5109.3,True,2026-03-06 15:33:00,5121.4,BE,0.0,-4.0,6
2026-03-06 16:05:00,2026-03-06 16:14:00,2026-03-06 16:22:00,EXTEND,long,5124.1,5116.5,5116.5,5136.7,False,,5116.5,SL,-7.6,-80.0,8
2026-03-06 16:30:00,2026-03-06 16:49:00,2026-03-06 17:36:00,EXTEND,short,5117.3,5126.4,5117.3,5098.5,True,2026-03-06 17:05:00,5098.5,TP,18.8,184.4,47
2026-03-06 17:35:00,2026-03-06 17:46:00,2026-03-06 17:48:00,BOS,short,5099.1,5112.5,5099.1,5087.7,True,2026-03-06 17:48:00,5099.1,BE,0.0,-4.0,2
2026-03-06 18:05:00,2026-03-06 18:31:00,2026-03-06 18:45:00,EXTEND,short,5094.5,5112.5,5094.5,5076.4,True,2026-03-06 18:44:00,5094.5,BE,0.0,-4.0,14
2026-03-06 19:30:00,2026-03-06 19:50:00,2026-03-06 19:54:00,EXTEND,long,5094.5,5089.2,5089.2,5114.9,False,,5089.2,SL,-5.3,-57.0,4
2026-03-06 19:55:00,2026-03-06 20:16:00,2026-03-06 21:30:00,EXTEND,short,5097.5,5109.4,5097.5,5060.0,True,2026-03-06 21:05:00,5097.5,BE,0.0,-4.0,74
2026-03-06 21:35:00,2026-03-06 21:59:00,2026-03-06 23:02:00,EXTEND,long,5093.7,5073.2,5093.7,5158.3,True,2026-03-06 22:56:00,5158.3,TP,64.6,641.9,63
2026-03-06 23:25:00,2026-03-06 23:53:00,2026-03-07 00:11:00,EXTEND,long,5153.0,5146.8,5146.8,5191.4,False,,5146.8,SL,-6.2,-66.0,18
2026-03-07 00:40:00,2026-03-07 00:49:00,2026-03-07 00:52:00,EXTEND,short,5151.9,5156.2,5156.2,5129.4,False,,5156.2,SL,-4.3,-47.0,3
2026-03-07 01:35:00,2026-03-07 01:48:00,2026-03-07 01:49:00,EXTEND,long,5148.8,5146.5,5146.5,5166.1,False,,5146.5,SL,-2.3,-27.0,1
2026-03-07 03:15:00,2026-03-07 03:32:00,2026-03-07 03:45:00,EXTEND,long,5175.3,5165.6,5165.6,5189.3,False,,5165.6,SL,-9.7,-101.0,13
2026-03-09 08:45:00,2026-03-09 09:00:00,2026-03-09 09:01:00,BOS,short,5025.7,5067.6,5025.7,5032.7,True,2026-03-09 09:01:00,5025.3,TP,0.4,-0.0,1
2026-03-09 09:05:00,2026-03-09 09:11:00,2026-03-09 09:12:00,MSS,long,5068.0,5020.8,5068.0,5079.2,True,2026-03-09 09:12:00,5068.0,BE,0.0,-4.0,1
2026-03-09 10:10:00,2026-03-09 10:30:00,2026-03-09 10:31:00,MSS,long,5093.0,5061.3,5093.0,5114.1,True,2026-03-09 10:31:00,5093.0,BE,0.0,-4.0,1
2026-03-09 12:05:00,2026-03-09 12:18:00,2026-03-09 12:28:00,BOS,long,5098.7,5093.2,5098.7,5106.5,True,2026-03-09 12:27:00,5098.7,BE,0.0,-4.0,10
2026-03-09 13:05:00,2026-03-09 13:21:00,2026-03-09 13:24:00,EXTEND,long,5102.0,5091.3,5102.0,5113.5,True,2026-03-09 13:22:00,5102.0,BE,0.0,-4.0,3
2026-03-09 13:20:00,2026-03-09 13:31:00,2026-03-09 13:32:00,EXTEND,long,5108.2,5091.3,5108.2,5117.8,True,2026-03-09 13:32:00,5108.2,BE,0.0,-4.0,1
2026-03-09 15:30:00,2026-03-09 15:41:00,2026-03-09 15:42:00,EXTEND,long,5114.3,5102.5,5114.3,5118.6,True,2026-03-09 15:42:00,5114.3,BE,0.0,-4.0,1
2026-03-09 16:00:00,2026-03-09 16:17:00,2026-03-09 16:19:00,BOS,long,5112.5,5101.0,5112.5,5123.2,True,2026-03-09 16:18:00,5112.5,BE,0.0,-4.0,2
2026-03-09 16:50:00,2026-03-09 16:58:00,2026-03-09 16:59:00,EXTEND,long,5106.1,5096.6,5106.1,5114.6,True,2026-03-09 16:59:00,5106.1,BE,0.0,-4.0,1
2026-03-09 17:30:00,2026-03-09 17:50:00,2026-03-09 18:31:00,EXTEND,long,5115.0,5100.3,5100.3,5151.7,False,,5100.3,SL,-14.7,-151.0,41
2026-03-09 21:40:00,2026-03-09 21:45:00,2026-03-09 21:46:00,MSS,short,5081.0,5119.7,5081.0,5071.9,True,2026-03-09 21:46:00,5081.1,BE,-0.1,-5.0,1
2026-03-09 22:45:00,2026-03-09 23:12:00,2026-03-10 03:01:00,EXTEND,long,5095.4,5067.4,5095.4,5140.2,True,2026-03-09 23:54:00,5140.2,TP,44.8,443.71,229
2026-03-10 03:20:00,2026-03-10 03:39:00,2026-03-10 06:03:00,EXTEND,long,5140.5,5128.0,5140.5,5161.5,True,2026-03-10 03:55:00,5140.5,BE,0.0,-4.0,84
2026-03-10 07:15:00,2026-03-10 07:36:00,2026-03-10 07:44:00,BOS,long,5153.3,5147.7,5147.7,5170.9,False,,5147.7,SL,-5.6,-60.0,8
2026-03-10 08:30:00,2026-03-10 08:39:00,2026-03-10 09:00:00,EXTEND,short,5143.2,5151.5,5143.2,5130.0,True,2026-03-10 08:58:00,5143.2,BE,0.0,-4.0,21
2026-03-10 13:30:00,2026-03-10 13:42:00,2026-03-10 13:46:00,MSS,short,5178.8,5180.8,5178.8,5174.8,True,2026-03-10 13:45:00,5178.8,BE,0.0,-4.0,4
2026-03-10 14:10:00,2026-03-10 14:29:00,2026-03-10 14:31:00,EXTEND,long,5185.2,5178.0,5185.2,5193.2,True,2026-03-10 14:30:00,5185.2,BE,0.0,-4.0,2
2026-03-10 15:50:00,2026-03-10 15:59:00,2026-03-10 16:00:00,EXTEND,long,5190.2,5167.4,5190.2,5195.1,True,2026-03-10 16:00:00,5190.2,BE,0.0,-4.0,1
2026-03-10 16:45:00,2026-03-10 17:02:00,2026-03-10 18:05:00,EXTEND,long,5194.0,5185.0,5185.0,5209.0,False,,5185.0,SL,-9.0,-94.0,63
2026-03-10 18:05:00,2026-03-10 18:17:00,2026-03-10 18:18:00,EXTEND,short,5185.0,5198.3,5185.0,5180.4,True,2026-03-10 18:18:00,5185.0,BE,0.0,-4.0,1
2026-03-10 18:35:00,2026-03-10 18:54:00,2026-03-10 19:04:00,EXTEND,short,5182.5,5191.4,5191.4,5158.8,False,,5191.4,SL,-8.9,-93.0,10
2026-03-10 20:30:00,2026-03-10 20:35:00,2026-03-10 20:36:00,EXTEND,long,5191.6,5171.2,5191.6,5196.5,True,2026-03-10 20:36:00,5191.6,BE,0.0,-4.0,1
2026-03-10 21:25:00,2026-03-10 21:49:00,2026-03-11 02:16:00,EXTEND,long,5214.1,5189.9,5214.1,5251.9,True,2026-03-10 23:10:00,5214.1,BE,0.0,-4.0,267
2026-03-11 02:15:00,2026-03-11 02:33:00,2026-03-11 20:30:00,EXTEND,short,5207.2,5242.2,5207.2,5149.4,True,2026-03-11 16:38:00,5207.2,BE,0.0,-4.0,1017
2026-03-11 21:00:00,2026-03-11 21:08:00,2026-03-11 21:20:00,EXTEND,short,5185.1,5189.9,5189.9,5163.4,False,,5189.9,SL,-4.8,-52.0,12
2026-03-11 21:50:00,2026-03-11 22:03:00,2026-03-11 22:04:00,EXTEND,short,5186.4,5191.1,5191.1,5146.5,False,,5191.1,SL,-4.7,-51.0,1
2026-03-11 22:30:00,2026-03-11 22:44:00,2026-03-11 22:45:00,EXTEND,long,5190.7,5193.4,5193.4,5207.1,False,,5190.6,SL,-0.1,-5.0,1
2026-03-12 01:05:00,2026-03-12 01:23:00,2026-03-12 01:26:00,BOS,long,5181.0,5177.7,5177.7,5191.5,False,,5177.7,SL,-3.3,-37.0,3
2026-03-12 01:40:00,2026-03-12 01:52:00,2026-03-12 02:07:00,EXTEND,short,5173.3,5181.6,5181.6,5155.6,False,,5181.6,SL,-8.3,-87.0,15
2026-03-12 03:50:00,2026-03-12 03:56:00,2026-03-12 04:01:00,BOS,long,5189.4,5184.5,5189.4,5191.7,True,2026-03-12 03:57:00,5189.4,BE,0.0,-4.0,5
2026-03-12 06:55:00,2026-03-12 07:22:00,2026-03-12 08:25:00,BOS,short,5158.1,5174.5,5158.1,5125.1,True,2026-03-12 07:47:00,5158.1,BE,0.0,-4.0,63
2026-03-12 09:00:00,2026-03-12 09:18:00,2026-03-12 09:45:00,BOS,long,5163.1,5157.2,5163.1,5176.4,True,2026-03-12 09:39:00,5176.4,TP,13.3,128.77,27
2026-03-12 12:25:00,2026-03-12 12:32:00,2026-03-12 12:34:00,EXTEND,short,5156.2,5159.4,5156.2,5153.8,True,2026-03-12 12:33:00,5153.8,TP,2.4,19.88,2
2026-03-12 13:10:00,2026-03-12 13:22:00,2026-03-12 13:25:00,EXTEND,long,5149.8,5145.3,5145.3,5156.3,False,,5145.3,SL,-4.5,-49.0,3
2026-03-12 14:25:00,2026-03-12 14:31:00,2026-03-12 14:32:00,MSS,long,5165.2,5152.5,5165.2,5165.6,True,2026-03-12 14:32:00,5165.2,BE,0.0,-4.0,1
2026-03-12 16:00:00,2026-03-12 16:49:00,2026-03-12 18:30:00,EXTEND,long,5185.9,5174.2,5185.9,5201.5,True,2026-03-12 17:32:00,5185.9,BE,0.0,-4.0,101
2026-03-12 19:20:00,2026-03-12 19:29:00,2026-03-12 20:03:00,EXTEND,short,5182.4,5189.6,5182.4,5175.6,True,2026-03-12 20:02:00,5182.4,BE,0.0,-4.0,34
2026-03-12 20:20:00,2026-03-12 20:33:00,2026-03-12 20:49:00,EXTEND,short,5178.9,5187.2,5187.2,5164.2,False,,5187.2,SL,-8.3,-87.0,16
2026-03-12 21:15:00,2026-03-12 21:20:00,2026-03-12 21:21:00,MSS,short,5176.9,5192.6,5176.9,5174.8,True,2026-03-12 21:21:00,5176.9,BE,0.0,-4.0,1
2026-03-12 22:15:00,2026-03-12 22:21:00,2026-03-12 22:22:00,MSS,short,5158.9,5166.7,5158.9,5156.4,True,2026-03-12 22:22:00,5159.2,BE,-0.3,-7.0,1
2026-03-12 22:35:00,2026-03-12 22:47:00,2026-03-12 23:02:00,EXTEND,short,5153.7,5166.7,5153.7,5140.3,True,2026-03-12 22:48:00,5140.3,TP,13.4,130.16,15
2026-03-12 23:10:00,2026-03-12 23:29:00,2026-03-13 02:35:00,EXTEND,short,5135.1,5150.8,5135.1,5105.6,True,2026-03-13 01:16:00,5105.6,TP,29.5,291.12,186
2026-03-13 03:00:00,2026-03-13 03:07:00,2026-03-13 03:18:00,BOS,short,5093.6,5105.3,5093.6,5079.3,True,2026-03-13 03:14:00,5093.6,BE,0.0,-4.0,11
2026-03-13 06:55:00,2026-03-13 07:04:00,2026-03-13 07:11:00,BOS,long,5096.4,5088.8,5096.4,5102.3,True,2026-03-13 07:05:00,5096.4,BE,0.0,-4.0,7
2026-03-13 07:25:00,2026-03-13 07:31:00,2026-03-13 07:32:00,EXTEND,long,5099.4,5093.1,5099.4,5105.4,True,2026-03-13 07:32:00,5099.4,BE,0.0,-4.0,1
2026-03-13 09:45:00,2026-03-13 09:52:00,2026-03-13 09:53:00,EXTEND,short,5114.1,5125.2,5114.1,5107.8,True,2026-03-13 09:53:00,5114.1,BE,0.0,-4.0,1
2026-03-13 10:20:00,2026-03-13 10:30:00,2026-03-13 10:41:00,MSS,short,5124.6,5132.4,5124.6,5115.0,True,2026-03-13 10:37:00,5124.6,BE,0.0,-4.0,11
2026-03-13 12:20:00,2026-03-13 12:29:00,2026-03-13 12:30:00,MSS,short,5108.5,5121.4,5108.5,5102.6,True,2026-03-13 12:30:00,5108.6,BE,-0.1,-5.0,1
2026-03-13 13:15:00,2026-03-13 13:31:00,2026-03-13 13:34:00,EXTEND,long,5111.4,5105.6,5111.4,5115.4,True,2026-03-13 13:32:00,5111.4,BE,0.0,-4.0,3
2026-03-13 13:30:00,2026-03-13 13:39:00,2026-03-13 13:43:00,EXTEND,long,5110.6,5105.6,5105.6,5117.3,False,,5105.6,SL,-5.0,-54.0,4
2026-03-13 14:00:00,2026-03-13 14:05:00,2026-03-13 14:06:00,MSS,long,5111.0,5100.4,5111.0,5113.2,True,2026-03-13 14:06:00,5110.7,BE,-0.3,-7.0,1
2026-03-13 14:20:00,2026-03-13 14:25:00,2026-03-13 14:26:00,MSS,short,5096.7,5111.3,5096.7,5094.7,True,2026-03-13 14:26:00,5096.7,BE,0.0,-4.0,1
2026-03-13 15:20:00,2026-03-13 15:39:00,2026-03-13 16:21:00,EXTEND,short,5092.3,5098.4,5092.3,5069.4,True,2026-03-13 16:02:00,5069.4,TP,22.9,224.56,42
2026-03-13 16:35:00,2026-03-13 16:40:00,2026-03-13 16:41:00,MSS,long,5087.4,5066.0,5087.4,5093.1,True,2026-03-13 16:41:00,5087.2,BE,-0.2,-6.0,1
2026-03-13 17:05:00,2026-03-13 17:45:00,2026-03-13 18:01:00,EXTEND,long,5090.8,5080.6,5090.8,5107.7,True,2026-03-13 17:51:00,5090.8,BE,0.0,-4.0,16
2026-03-13 18:30:00,2026-03-13 18:45:00,2026-03-13 18:50:00,MSS,short,5090.5,5101.5,5101.5,5080.5,False,,5101.5,SL,-11.0,-114.0,5
2026-03-13 18:50:00,2026-03-13 19:13:00,2026-03-13 19:57:00,EXTEND,long,5094.7,5085.0,5094.7,5108.5,True,2026-03-13 19:18:00,5108.5,TP,13.8,133.95,44
2026-03-13 20:45:00,2026-03-13 21:04:00,2026-03-13 21:05:00,BOS,long,5126.6,5114.2,5126.6,5132.2,True,2026-03-13 21:05:00,5126.3,BE,-0.3,-7.0,1
2026-03-13 21:35:00,2026-03-13 21:48:00,2026-03-13 22:14:00,EXTEND,short,5118.8,5121.2,5118.8,5097.3,True,2026-03-13 21:57:00,5097.3,TP,21.5,210.76,26
2026-03-14 00:05:00,2026-03-14 00:39:00,2026-03-17 00:00:00,EXTEND,short,5049.8,5072.8,5049.8,5009.8,True,2026-03-14 03:35:00,4991.6,TP,58.2,578.0,261
2026-03-17 00:35:00,2026-03-17 00:45:00,2026-03-17 01:10:00,EXTEND,short,4989.6,5004.2,5004.2,4971.6,False,,5004.2,SL,-14.6,-150.0,25
2026-03-17 07:20:00,2026-03-17 07:25:00,2026-03-17 07:26:00,MSS,long,5014.0,5005.5,5014.0,5016.5,True,2026-03-17 07:26:00,5014.0,BE,0.0,-4.0,1
2026-03-17 07:55:00,2026-03-17 08:06:00,2026-03-17 08:27:00,EXTEND,long,5013.8,5005.5,5005.5,5025.1,False,,5005.5,SL,-8.3,-87.0,21
2026-03-17 09:05:00,2026-03-17 09:11:00,2026-03-17 09:12:00,MSS,long,5014.3,4998.4,5014.3,5018.2,True,2026-03-17 09:12:00,5014.3,BE,0.0,-4.0,1
2026-03-17 10:45:00,2026-03-17 10:53:00,2026-03-17 10:59:00,EXTEND,long,5030.2,5025.8,5025.8,5035.7,False,,5025.8,SL,-4.4,-48.0,6
2026-03-17 12:40:00,2026-03-17 13:11:00,2026-03-17 13:26:00,EXTEND,long,5040.4,5030.5,5040.4,5051.8,True,2026-03-17 13:14:00,5040.4,BE,0.0,-4.0,15
2026-03-17 16:20:00,2026-03-17 16:32:00,2026-03-17 16:35:00,EXTEND,long,5025.3,5022.6,5022.6,5036.4,False,,5022.6,SL,-2.7,-31.0,3
2026-03-17 17:55:00,2026-03-17 18:03:00,2026-03-17 18:04:00,BOS,short,5014.4,5020.2,5014.4,5012.5,True,2026-03-17 18:04:00,5014.4,BE,0.0,-4.0,1
2026-03-17 19:55:00,2026-03-17 20:01:00,2026-03-17 20:02:00,MSS,short,5003.9,5015.9,5003.9,5003.5,True,2026-03-17 20:02:00,5003.5,TP,0.4,0.46,1
2026-03-17 20:15:00,2026-03-17 20:20:00,2026-03-17 20:21:00,MSS,long,5020.2,5003.2,5020.2,5022.0,True,2026-03-17 20:21:00,5020.2,BE,0.0,-4.0,1
2026-03-17 21:40:00,2026-03-17 21:55:00,2026-03-17 22:03:00,EXTEND,long,5019.8,5015.3,5015.3,5042.6,False,,5015.3,SL,-4.5,-49.0,8
2026-03-17 22:30:00,2026-03-17 22:50:00,2026-03-17 23:03:00,EXTEND,short,5021.3,5026.3,5021.3,5002.0,True,2026-03-17 22:59:00,5021.3,BE,0.0,-4.0,13
2026-03-17 23:40:00,2026-03-18 00:02:00,2026-03-18 09:10:00,EXTEND,short,4997.9,5019.7,5019.7,4965.9,False,,5019.7,SL,-21.8,-222.0,488
2026-03-18 09:20:00,2026-03-18 09:32:00,2026-03-18 09:36:00,EXTEND,long,5013.3,5007.2,5007.2,5025.1,False,,5007.2,SL,-6.1,-65.0,4
2026-03-18 10:20:00,2026-03-18 10:34:00,2026-03-18 10:54:00,EXTEND,long,5006.2,4999.7,4999.7,5013.5,False,,4999.7,SL,-6.5,-69.0,20
2026-03-19 07:40:00,2026-03-19 07:47:00,2026-03-19 08:06:00,EXTEND,long,4838.2,4830.3,4838.2,4849.1,True,2026-03-19 08:00:00,4849.1,TP,10.9,104.96,19
2026-03-19 08:05:00,2026-03-19 08:11:00,2026-03-19 08:12:00,EXTEND,long,4846.2,4832.2,4846.2,4855.3,True,2026-03-19 08:12:00,4846.2,BE,0.0,-4.0,1
2026-03-19 09:00:00,2026-03-19 09:08:00,2026-03-19 09:38:00,EXTEND,long,4838.2,4832.2,4838.2,4861.0,True,2026-03-19 09:30:00,4861.0,TP,22.8,224.29,30
2026-03-19 10:05:00,2026-03-19 10:30:00,2026-03-19 13:39:00,EXTEND,short,4856.8,4868.5,4856.8,4835.2,True,2026-03-19 12:47:00,4835.2,TP,21.6,211.74,189
2026-03-19 13:55:00,2026-03-19 14:06:00,2026-03-19 14:19:00,BOS,short,4835.1,4841.8,4835.1,4824.8,True,2026-03-19 14:16:00,4824.8,TP,10.3,99.18,13
2026-03-19 16:40:00,2026-03-19 16:49:00,2026-03-19 17:18:00,BOS,short,4712.7,4738.5,4712.7,4674.1,True,2026-03-19 17:08:00,4712.7,BE,0.0,-4.0,29
2026-03-19 18:55:00,2026-03-19 19:04:00,2026-03-19 19:21:00,EXTEND,short,4692.0,4722.4,4692.0,4654.8,True,2026-03-19 19:15:00,4692.0,BE,0.0,-4.0,17
2026-03-19 20:45:00,2026-03-19 20:59:00,2026-03-19 21:02:00,EXTEND,short,4576.7,4620.8,4576.7,4509.8,True,2026-03-19 21:00:00,4509.8,TP,66.9,664.98,3
2026-03-19 21:00:00,2026-03-19 21:22:00,2026-03-19 21:58:00,EXTEND,short,4570.0,4620.8,4620.8,4473.0,False,,4620.8,SL,-50.8,-512.0,36
2026-03-19 23:00:00,2026-03-19 23:07:00,2026-03-19 23:14:00,EXTEND,short,4624.0,4630.4,4630.4,4585.8,False,,4630.4,SL,-6.4,-68.0,7
2026-03-19 23:45:00,2026-03-20 00:04:00,2026-03-20 01:25:00,EXTEND,short,4615.6,4641.8,4615.6,4547.1,True,2026-03-20 00:52:00,4615.6,BE,0.0,-4.0,81
2026-03-20 01:50:00,2026-03-20 02:04:00,2026-03-20 02:35:00,BOS,long,4613.4,4602.8,4602.8,4641.9,False,,4602.8,SL,-10.6,-110.0,31
2026-03-20 02:35:00,2026-03-20 02:48:00,2026-03-20 02:58:00,EXTEND,short,4612.2,4617.9,4617.9,4593.0,False,,4617.9,SL,-5.7,-61.0,10
2026-03-20 07:40:00,2026-03-20 07:50:00,2026-03-20 08:01:00,EXTEND,short,4645.2,4649.3,4649.3,4632.0,False,,4649.3,SL,-4.1,-45.0,11
2026-03-20 08:15:00,2026-03-20 08:38:00,2026-03-20 08:57:00,EXTEND,long,4652.8,4643.5,4652.8,4672.8,True,2026-03-20 08:54:00,4652.8,BE,0.0,-4.0,19
2026-03-20 09:05:00,2026-03-20 09:21:00,2026-03-20 09:44:00,EXTEND,long,4654.2,4648.0,4654.2,4690.7,True,2026-03-20 09:32:00,4690.7,TP,36.5,360.72,23
2026-03-20 10:15:00,2026-03-20 10:32:00,2026-03-20 10:33:00,EXTEND,long,4688.2,4673.8,4688.2,4696.7,True,2026-03-20 10:33:00,4687.9,BE,-0.3,-7.0,1
2026-03-20 12:10:00,2026-03-20 12:28:00,2026-03-20 12:44:00,EXTEND,short,4721.8,4728.7,4721.8,4714.1,True,2026-03-20 12:43:00,4721.8,BE,0.0,-4.0,16
2026-03-20 13:05:00,2026-03-20 13:17:00,2026-03-20 13:23:00,EXTEND,short,4719.8,4723.0,4723.0,4707.4,False,,4723.0,SL,-3.2,-36.0,6
2026-03-20 13:35:00,2026-03-20 13:41:00,2026-03-20 13:54:00,EXTEND,short,4712.3,4724.2,4712.3,4696.3,True,2026-03-20 13:43:00,4696.3,TP,16.0,156.4,13
2026-03-20 14:40:00,2026-03-20 15:10:00,2026-03-20 15:41:00,EXTEND,short,4678.4,4697.0,4697.0,4652.7,False,,4697.0,SL,-18.6,-190.0,31
2026-03-20 16:55:00,2026-03-20 17:13:00,2026-03-20 17:40:00,EXTEND,short,4698.0,4711.3,4698.0,4678.0,True,2026-03-20 17:19:00,4678.0,TP,20.0,195.74,27
2026-03-20 18:00:00,2026-03-20 18:07:00,2026-03-20 18:12:00,BOS,short,4661.9,4678.4,4661.9,4645.3,True,2026-03-20 18:09:00,4661.9,BE,0.0,-4.0,5
2026-03-20 18:35:00,2026-03-20 18:53:00,2026-03-20 18:54:00,MSS,long,4653.5,4649.7,4649.7,4676.0,False,,4649.7,SL,-3.8,-42.0,1
2026-03-20 19:40:00,2026-03-20 19:53:00,2026-03-20 20:01:00,EXTEND,long,4666.7,4649.7,4666.7,4683.4,True,2026-03-20 19:57:00,4683.4,TP,16.7,162.55,8
2026-03-20 20:10:00,2026-03-20 20:34:00,2026-03-20 21:10:00,EXTEND,long,4674.3,4658.7,4658.7,4707.1,False,,4658.7,SL,-15.6,-160.0,36
2026-03-20 21:30:00,2026-03-20 21:38:00,2026-03-20 21:41:00,BOS,short,4652.4,4670.8,4652.4,4634.2,True,2026-03-20 21:41:00,4652.4,BE,0.0,-4.0,3
2026-03-20 22:55:00,2026-03-20 23:03:00,2026-03-20 23:31:00,EXTEND,short,4570.9,4586.0,4570.9,4537.7,True,2026-03-20 23:25:00,4570.9,BE,0.0,-4.0,28
2026-03-21 00:20:00,2026-03-21 00:33:00,2026-03-21 01:13:00,EXTEND,long,4584.1,4545.8,4584.1,4634.7,True,2026-03-21 01:07:00,4584.1,BE,0.0,-4.0,40
2026-03-23 07:35:00,2026-03-23 07:46:00,2026-03-23 07:48:00,MSS,short,4483.0,4500.3,4483.0,4465.6,True,2026-03-23 07:48:00,4465.6,TP,17.4,169.71,2
2026-03-23 08:15:00,2026-03-23 08:26:00,2026-03-23 08:35:00,EXTEND,short,4439.7,4471.7,4439.7,4388.8,True,2026-03-23 08:33:00,4388.8,TP,50.9,505.31,9
2026-03-23 11:40:00,2026-03-23 11:54:00,2026-03-23 12:00:00,EXTEND,short,4353.4,4367.1,4367.1,4329.1,False,,4367.1,SL,-13.7,-141.0,6
2026-03-23 12:50:00,2026-03-23 13:04:00,2026-03-23 13:30:00,MSS,short,4375.9,4385.0,4375.9,4344.4,True,2026-03-23 13:23:00,4344.4,TP,31.5,311.4,26
2026-03-23 15:20:00,2026-03-23 15:49:00,2026-03-23 16:06:00,EXTEND,short,4215.6,4235.3,4235.3,4063.5,False,,4235.3,SL,-19.7,-201.0,17
2026-03-23 16:15:00,2026-03-23 16:22:00,2026-03-23 16:55:00,EXTEND,long,4226.8,4187.8,4226.8,4277.3,True,2026-03-23 16:30:00,4226.8,BE,0.0,-4.0,33
2026-03-23 17:30:00,2026-03-23 17:41:00,2026-03-23 19:05:00,EXTEND,long,4246.2,4219.7,4246.2,4334.5,True,2026-03-23 19:00:00,4334.5,TP,88.3,879.08,84
2026-03-23 20:05:00,2026-03-23 20:22:00,2026-03-23 20:41:00,EXTEND,short,4397.0,4419.8,4419.8,4316.5,False,,4419.8,SL,-22.8,-232.0,19
2026-03-23 21:15:00,2026-03-23 21:22:00,2026-03-23 21:23:00,MSS,short,4424.6,4462.5,4424.6,4415.0,True,2026-03-23 21:23:00,4424.7,BE,-0.1,-5.0,1
2026-03-23 21:30:00,2026-03-23 21:38:00,2026-03-23 21:53:00,EXTEND,short,4426.8,4462.5,4462.5,4387.8,False,,4462.5,SL,-35.7,-361.0,15
2026-03-23 22:25:00,2026-03-23 22:32:00,2026-03-23 22:34:00,EXTEND,long,4497.0,4455.3,4497.0,4532.4,True,2026-03-23 22:33:00,4497.0,BE,0.0,-4.0,2
2026-03-24 01:35:00,2026-03-24 01:50:00,2026-03-24 02:07:00,EXTEND,long,4416.0,4390.6,4416.0,4455.0,True,2026-03-24 01:56:00,4416.0,BE,0.0,-4.0,17
2026-03-24 02:05:00,2026-03-24 02:16:00,2026-03-24 02:26:00,MSS,short,4413.3,4432.0,4432.0,4395.2,False,,4432.0,SL,-18.7,-191.0,10
2026-03-24 02:45:00,2026-03-24 03:09:00,2026-03-24 03:13:00,EXTEND,long,4439.5,4411.3,4411.3,4485.6,False,,4411.3,SL,-28.2,-286.0,4
2026-03-24 03:45:00,2026-03-24 03:53:00,2026-03-24 04:00:00,EXTEND,long,4413.6,4393.9,4393.9,4439.7,False,,4393.9,SL,-19.7,-201.0,7
2026-03-24 07:40:00,2026-03-24 07:55:00,2026-03-24 08:15:00,EXTEND,short,4439.1,4450.7,4439.1,4416.5,True,2026-03-24 08:04:00,4416.5,TP,22.6,221.63,20
2026-03-24 10:10:00,2026-03-24 10:24:00,2026-03-24 10:34:00,EXTEND,short,4336.8,4370.3,4370.3,4288.6,False,,4370.3,SL,-33.5,-339.0,10
2026-03-24 11:45:00,2026-03-24 12:07:00,2026-03-24 12:48:00,EXTEND,short,4349.9,4369.6,4349.9,4326.2,True,2026-03-24 12:17:00,4349.9,BE,0.0,-4.0,41
2026-03-24 13:05:00,2026-03-24 13:14:00,2026-03-24 13:34:00,BOS,short,4335.9,4350.2,4335.9,4311.7,True,2026-03-24 13:30:00,4335.9,BE,0.0,-4.0,20
2026-03-24 14:55:00,2026-03-24 15:00:00,2026-03-24 15:01:00,MSS,long,4413.4,4375.5,4413.4,4415.4,True,2026-03-24 15:01:00,4413.2,BE,-0.2,-6.0,1
2026-03-24 15:50:00,2026-03-24 16:23:00,2026-03-24 19:01:00,EXTEND,long,4401.8,4375.5,4401.8,4453.5,True,2026-03-24 17:41:00,4401.8,BE,0.0,-4.0,158
2026-03-24 19:00:00,2026-03-24 19:11:00,2026-03-24 21:34:00,MSS,short,4412.5,4442.9,4412.5,4355.0,True,2026-03-24 20:33:00,4355.0,TP,57.5,570.84,143
2026-03-24 21:55:00,2026-03-24 22:00:00,2026-03-24 22:01:00,MSS,long,4387.1,4350.5,4387.1,4393.7,True,2026-03-24 22:01:00,4387.1,BE,0.0,-4.0,1
2026-03-24 22:50:00,2026-03-24 23:03:00,2026-03-24 23:09:00,BOS,long,4412.8,4403.3,4403.3,4443.2,False,,4403.3,SL,-9.5,-99.0,6
2026-03-25 00:05:00,2026-03-25 00:25:00,2026-03-25 00:43:00,EXTEND,short,4422.3,4431.7,4422.3,4395.0,True,2026-03-25 00:39:00,4422.3,BE,0.0,-4.0,18
2026-03-25 01:45:00,2026-03-25 02:09:00,2026-03-25 02:25:00,EXTEND,short,4386.0,4406.9,4406.9,4361.8,False,,4406.9,SL,-20.9,-213.0,16
2026-03-25 02:35:00,2026-03-25 02:51:00,2026-03-25 04:23:00,EXTEND,long,4401.4,4383.6,4401.4,4435.4,True,2026-03-25 04:20:00,4435.4,TP,34.0,336.16,92
2026-03-25 08:45:00,2026-03-25 09:04:00,2026-03-25 09:31:00,EXTEND,long,4564.6,4541.2,4564.6,4581.5,True,2026-03-25 09:05:00,4581.5,TP,16.9,164.59,27
2026-03-25 09:50:00,2026-03-25 10:02:00,2026-03-25 10:09:00,EXTEND,long,4593.3,4582.4,4582.4,4605.1,False,,4582.4,SL,-10.9,-113.0,7
2026-03-25 10:10:00,2026-03-25 10:27:00,2026-03-25 10:32:00,EXTEND,short,4586.7,4600.3,4586.7,4571.3,True,2026-03-25 10:30:00,4586.7,BE,0.0,-4.0,5
2026-03-25 11:45:00,2026-03-25 11:56:00,2026-03-25 12:04:00,EXTEND,short,4571.1,4576.4,4571.1,4563.1,True,2026-03-25 11:58:00,4571.1,BE,0.0,-4.0,8
2026-03-25 12:00:00,2026-03-25 12:06:00,2026-03-25 12:38:00,EXTEND,short,4571.1,4576.4,4571.1,4560.7,True,2026-03-25 12:35:00,4571.1,BE,0.0,-4.0,32
2026-03-25 13:30:00,2026-03-25 13:45:00,2026-03-25 14:09:00,EXTEND,short,4562.8,4572.0,4562.8,4541.5,True,2026-03-25 13:56:00,4541.5,TP,21.3,208.8,24
2026-03-25 14:10:00,2026-03-25 14:32:00,2026-03-25 16:08:00,EXTEND,short,4551.1,4566.2,4551.1,4522.9,True,2026-03-25 15:48:00,4551.1,BE,0.0,-4.0,96
2026-03-25 17:40:00,2026-03-25 17:45:00,2026-03-25 17:46:00,MSS,short,4543.9,4565.0,4543.9,4542.8,True,2026-03-25 17:46:00,4544.2,BE,-0.3,-7.0,1
2026-03-25 17:45:00,2026-03-25 17:58:00,2026-03-25 19:05:00,EXTEND,short,4546.1,4565.0,4565.0,4515.3,False,,4565.0,SL,-18.9,-193.0,67
2026-03-25 20:15:00,2026-03-25 20:23:00,2026-03-25 20:24:00,MSS,short,4558.2,4582.8,4558.2,4555.4,True,2026-03-25 20:24:00,4558.2,BE,0.0,-4.0,1
2026-03-25 21:00:00,2026-03-25 21:07:00,2026-03-25 21:08:00,MSS,long,4563.8,4534.4,4563.8,4579.4,True,2026-03-25 21:08:00,4563.8,BE,0.0,-4.0,1
2026-03-25 21:30:00,2026-03-25 21:53:00,2026-03-25 22:00:00,EXTEND,long,4547.6,4534.4,4534.4,4587.6,False,,4534.4,SL,-13.2,-136.0,7
2026-03-25 22:00:00,2026-03-25 22:19:00,2026-03-25 22:50:00,EXTEND,short,4555.5,4576.3,4576.3,4519.0,False,,4576.3,SL,-20.8,-212.0,31
2026-03-26 07:40:00,2026-03-26 08:09:00,2026-03-26 08:10:00,EXTEND,short,4511.1,4508.3,4508.3,4478.1,False,,4511.5,SL,-0.4,-8.0,1
2026-03-26 08:50:00,2026-03-26 08:56:00,2026-03-26 09:01:00,EXTEND,long,4529.4,4521.5,4529.4,4540.6,True,2026-03-26 08:59:00,4529.4,BE,0.0,-4.0,5
2026-03-26 09:00:00,2026-03-26 09:18:00,2026-03-26 09:47:00,EXTEND,long,4528.8,4521.5,4521.5,4547.0,False,,4521.5,SL,-7.3,-77.0,29
2026-03-26 09:45:00,2026-03-26 09:54:00,2026-03-26 10:18:00,MSS,short,4526.5,4533.0,4526.5,4515.7,True,2026-03-26 10:16:00,4526.5,BE,0.0,-4.0,24
2026-03-26 13:05:00,2026-03-26 13:10:00,2026-03-26 13:11:00,MSS,short,4506.5,4518.9,4506.5,4505.2,True,2026-03-26 13:11:00,4506.5,BE,0.0,-4.0,1
2026-03-26 18:35:00,2026-03-26 18:42:00,2026-03-26 18:43:00,MSS,short,4428.5,4445.4,4428.5,4421.1,True,2026-03-26 18:43:00,4428.5,BE,0.0,-4.0,1
2026-03-26 18:40:00,2026-03-26 18:52:00,2026-03-26 19:01:00,EXTEND,short,4437.4,4445.4,4445.4,4413.0,False,,4445.4,SL,-8.0,-84.0,9
2026-03-26 20:05:00,2026-03-26 20:10:00,2026-03-26 20:11:00,MSS,long,4438.5,4413.2,4438.5,4443.7,True,2026-03-26 20:11:00,4438.5,BE,0.0,-4.0,1
2026-03-26 20:40:00,2026-03-26 20:45:00,2026-03-26 20:46:00,EXTEND,long,4438.6,4429.4,4438.6,4446.2,True,2026-03-26 20:46:00,4438.6,BE,0.0,-4.0,1
2026-03-26 21:00:00,2026-03-26 21:12:00,2026-03-26 21:13:00,EXTEND,short,4436.3,4442.6,4442.6,4410.7,False,,4442.6,SL,-6.3,-67.0,1
2026-03-26 21:20:00,2026-03-26 21:37:00,2026-03-26 21:39:00,MSS,long,4441.3,4431.7,4431.7,4456.6,False,,4431.7,SL,-9.6,-100.0,2
2026-03-27 07:10:00,2026-03-27 07:42:00,2026-03-27 08:23:00,EXTEND,short,4394.7,4407.3,4394.7,4377.5,True,2026-03-27 08:20:00,4377.5,TP,17.2,168.45,41
2026-03-27 08:55:00,2026-03-27 09:14:00,2026-03-27 09:31:00,EXTEND,short,4387.3,4406.0,4406.0,4359.5,False,,4406.0,SL,-18.7,-191.0,17
2026-03-27 11:05:00,2026-03-27 11:26:00,2026-03-27 11:39:00,EXTEND,short,4423.9,4435.4,4435.4,4409.6,False,,4435.4,SL,-11.5,-119.0,13
2026-03-27 13:40:00,2026-03-27 14:00:00,2026-03-27 14:21:00,EXTEND,long,4453.0,4434.8,4453.0,4478.5,True,2026-03-27 14:14:00,4453.0,BE,0.0,-4.0,21
2026-03-27 14:50:00,2026-03-27 14:57:00,2026-03-27 15:04:00,EXTEND,short,4455.1,4462.8,4455.1,4444.0,True,2026-03-27 15:01:00,4444.0,TP,11.1,106.96,7
2026-03-27 15:05:00,2026-03-27 15:13:00,2026-03-27 15:36:00,EXTEND,short,4448.9,4458.5,4448.9,4436.7,True,2026-03-27 15:29:00,4448.9,BE,0.0,-4.0,23
2026-03-27 15:40:00,2026-03-27 15:50:00,2026-03-27 15:51:00,BOS,short,4443.6,4450.3,4443.6,4438.1,True,2026-03-27 15:51:00,4443.6,BE,0.0,-4.0,1
2026-03-27 15:50:00,2026-03-27 16:09:00,2026-03-27 16:11:00,BOS,short,4439.9,4447.4,4439.9,4434.6,True,2026-03-27 16:11:00,4439.9,BE,0.0,-4.0,2
2026-03-27 17:10:00,2026-03-27 17:20:00,2026-03-27 18:26:00,EXTEND,short,4425.4,4435.1,4425.4,4411.2,True,2026-03-27 18:13:00,4425.4,BE,0.0,-4.0,66
2026-03-27 19:05:00,2026-03-27 19:17:00,2026-03-27 19:38:00,EXTEND,short,4406.7,4413.9,4413.9,4395.0,False,,4413.9,SL,-7.2,-76.0,21
2026-03-27 19:50:00,2026-03-27 19:59:00,2026-03-27 20:01:00,BOS,long,4414.9,4408.4,4414.9,4423.6,True,2026-03-27 20:00:00,4414.9,BE,0.0,-4.0,2
2026-03-27 20:15:00,2026-03-27 20:24:00,2026-03-27 20:50:00,EXTEND,long,4417.0,4408.4,4417.0,4434.3,True,2026-03-27 20:29:00,4434.4,TP,17.4,170.0,26
2026-03-27 21:10:00,2026-03-27 21:21:00,2026-03-27 21:28:00,EXTEND,short,4431.4,4439.3,4431.4,4413.0,True,2026-03-27 21:24:00,4413.0,TP,18.4,179.89,7
2026-03-27 21:30:00,2026-03-27 21:49:00,2026-03-27 22:02:00,EXTEND,short,4428.6,4436.4,4436.4,4400.6,False,,4436.4,SL,-7.8,-82.0,13
2026-03-27 22:15:00,2026-03-27 22:31:00,2026-03-27 22:50:00,BOS,long,4454.7,4440.4,4454.7,4472.8,True,2026-03-27 22:45:00,4472.8,TP,18.1,176.85,19
2026-03-28 00:00:00,2026-03-28 00:11:00,2026-03-28 00:32:00,EXTEND,short,4522.0,4533.8,4522.0,4510.1,True,2026-03-28 00:31:00,4522.0,BE,0.0,-4.0,21
2026-03-28 00:40:00,2026-03-28 01:10:00,2026-03-28 01:11:00,EXTEND,short,4511.2,4531.3,4511.2,4496.9,True,2026-03-28 01:11:00,4511.2,BE,0.0,-4.0,1
2026-03-28 02:15:00,2026-03-28 02:20:00,2026-03-28 02:21:00,MSS,long,4508.0,4484.1,4508.0,4514.2,True,2026-03-28 02:21:00,4506.6,BE,-1.4,-18.0,1
2026-03-28 03:15:00,2026-03-28 03:21:00,2026-03-28 03:22:00,MSS,long,4518.7,4503.9,4518.7,4523.2,True,2026-03-28 03:22:00,4518.7,BE,0.0,-4.0,1
2026-03-28 03:35:00,2026-03-28 03:40:00,2026-03-28 03:41:00,MSS,short,4505.4,4523.2,4505.4,4503.9,True,2026-03-28 03:41:00,4505.6,BE,-0.2,-6.0,1
2026-03-28 03:40:00,2026-03-28 03:57:00,2026-03-28 04:51:00,EXTEND,short,4508.6,4523.2,4508.6,4491.1,True,2026-03-28 04:07:00,4490.2,TP,18.4,180.0,54
2026-03-30 07:05:00,2026-03-30 07:22:00,2026-03-30 07:32:00,BOS,short,4472.6,4487.3,4472.6,4454.4,True,2026-03-30 07:30:00,4454.4,TP,18.2,177.93,9
2026-03-30 08:20:00,2026-03-30 08:26:00,2026-03-30 08:28:00,MSS,long,4460.0,4414.0,4460.0,4471.1,True,2026-03-30 08:28:00,4457.7,BE,-2.3,-27.0,1
2026-03-30 08:50:00,2026-03-30 08:56:00,2026-03-30 09:00:00,MSS,short,4430.9,4460.0,4430.9,4420.0,True,2026-03-30 08:57:00,4430.9,BE,0.0,-4.0,4
2026-03-30 09:30:00,2026-03-30 09:35:00,2026-03-30 09:36:00,MSS,long,4473.1,4446.6,4473.1,4470.0,True,2026-03-30 09:36:00,4470.9,BE,-2.2,-26.0,1
2026-03-30 10:20:00,2026-03-30 10:32:00,2026-03-30 10:33:00,MSS,short,4467.6,4471.0,4467.6,4461.6,True,2026-03-30 10:33:00,4457.2,TP,10.4,100.0,1
2026-03-30 15:00:00,2026-03-30 15:05:00,2026-03-30 15:06:00,MSS,short,4520.1,4546.0,4520.1,4515.5,True,2026-03-30 15:06:00,4524.9,BE,-4.8,-52.0,1
2026-03-30 15:50:00,2026-03-30 15:57:00,2026-03-30 16:00:00,MSS,long,4522.7,4515.2,4522.7,4523.3,True,2026-03-30 16:00:00,4521.7,BE,-1.0,-14.0,1
2026-03-30 19:50:00,2026-03-30 20:04:00,2026-03-30 21:35:00,EXTEND,long,4550.8,4538.7,4550.8,4588.4,True,2026-03-30 20:30:00,4550.8,BE,0.0,-4.0,72
2026-03-31 00:00:00,2026-03-31 00:08:00,2026-03-31 00:09:00,MSS,short,4538.0,4555.5,4538.0,4533.4,True,2026-03-31 00:09:00,4538.2,BE,-0.2,-6.0,1
2026-03-31 00:40:00,2026-03-31 01:19:00,2026-03-31 01:31:00,MSS,long,4524.2,4531.3,4531.3,4550.2,False,,4520.0,SL,-4.2,-46.0,1
2026-04-07 22:05:00,2026-04-07 22:45:00,2026-04-07 23:59:00,MSS,short,4645.6,4648.8,4648.8,4594.4,False,,4654.2,SL,-8.6,-90.0,4
2026-04-29 08:50:00,2026-04-29 08:59:00,2026-04-29 09:01:00,BOS,short,4613.8,4618.7,4613.8,4607.0,True,2026-04-29 09:00:00,4607.0,TP,6.8,63.84,2
2026-04-29 09:40:00,2026-04-29 09:59:00,2026-04-29 10:01:00,MSS,long,4598.1,4592.4,4598.1,4608.8,True,2026-04-29 10:00:00,4608.8,TP,10.7,102.83,2
2026-04-29 10:40:00,2026-04-29 10:50:00,2026-04-29 10:53:00,EXTEND,short,4612.2,4616.9,4612.2,4606.6,True,2026-04-29 10:52:00,4606.6,TP,5.6,51.87,3
2026-04-29 10:55:00,2026-04-29 11:10:00,2026-04-29 11:13:00,EXTEND,short,4611.9,4614.8,4614.8,4602.9,False,,4614.8,SL,-2.9,-33.0,3
2026-04-29 11:15:00,2026-04-29 11:34:00,2026-04-29 12:26:00,EXTEND,long,4610.4,4605.4,4610.4,4620.0,True,2026-04-29 12:12:00,4610.4,BE,0.0,-4.0,52
2026-04-29 13:35:00,2026-04-29 13:52:00,2026-04-29 14:00:00,EXTEND,short,4615.0,4621.3,4615.0,4603.9,True,2026-04-29 13:55:00,4603.9,TP,11.1,106.99,8
2026-04-29 14:00:00,2026-04-29 14:06:00,2026-04-29 14:08:00,EXTEND,short,4608.4,4616.9,4608.4,4600.3,True,2026-04-29 14:07:00,4608.4,BE,0.0,-4.0,2
2026-04-29 15:05:00,2026-04-29 15:11:00,2026-04-29 15:12:00,MSS,short,4592.4,4603.3,4592.4,4590.5,True,2026-04-29 15:12:00,4592.8,BE,-0.4,-8.0,1
2026-04-29 16:35:00,2026-04-29 16:48:00,2026-04-29 16:49:00,EXTEND,short,4583.7,4584.9,4584.9,4566.6,False,,4584.9,SL,-1.2,-16.0,1
2026-04-29 17:30:00,2026-04-29 17:38:00,2026-04-29 17:39:00,EXTEND,short,4578.5,4594.1,4578.5,4572.3,True,2026-04-29 17:39:00,4578.5,BE,0.0,-4.0,1
2026-04-29 17:55:00,2026-04-29 18:11:00,2026-04-29 18:15:00,EXTEND,short,4578.0,4582.8,4582.8,4559.1,False,,4582.8,SL,-4.8,-52.0,4
2026-04-29 19:50:00,2026-04-29 19:55:00,2026-04-29 19:56:00,MSS,short,4572.6,4585.1,4572.6,4569.1,True,2026-04-29 19:56:00,4572.6,BE,0.0,-4.0,1
2026-04-29 19:55:00,2026-04-29 20:08:00,2026-04-29 20:12:00,EXTEND,short,4578.2,4585.1,4578.2,4568.2,True,2026-04-29 20:10:00,4578.2,BE,0.0,-4.0,4
2026-04-29 20:55:00,2026-04-29 21:04:00,2026-04-29 21:20:00,EXTEND,short,4560.6,4573.0,4560.6,4547.6,True,2026-04-29 21:19:00,4547.6,TP,13.0,126.0,16
2026-04-29 22:35:00,2026-04-29 22:48:00,2026-04-29 23:06:00,EXTEND,long,4548.3,4543.2,4548.3,4559.5,True,2026-04-29 22:55:00,4559.5,TP,11.2,107.56,18
2026-04-29 23:05:00,2026-04-29 23:16:00,2026-04-29 23:18:00,EXTEND,long,4553.1,4543.2,4553.1,4564.5,True,2026-04-29 23:18:00,4553.1,BE,0.0,-4.0,2
2026-04-29 23:45:00,2026-04-29 23:55:00,2026-04-30 00:03:00,EXTEND,long,4560.2,4552.7,4560.2,4576.8,True,2026-04-30 00:01:00,4576.8,TP,16.6,162.3,8
2026-04-30 00:30:00,2026-04-30 00:36:00,2026-04-30 00:37:00,MSS,short,4562.0,4577.6,4562.0,4559.2,True,2026-04-30 00:37:00,4562.2,BE,-0.2,-6.0,1
2026-04-30 01:25:00,2026-04-30 01:34:00,2026-04-30 01:35:00,MSS,short,4558.4,4568.5,4558.4,4557.3,True,2026-04-30 01:35:00,4558.4,BE,0.0,-4.0,1
2026-04-30 01:45:00,2026-04-30 02:03:00,2026-04-30 02:04:00,EXTEND,short,4557.1,4568.5,4557.1,4551.7,True,2026-04-30 02:04:00,4557.4,BE,-0.3,-7.0,1
2026-04-30 02:00:00,2026-04-30 02:06:00,2026-04-30 02:14:00,BOS,short,4551.9,4561.8,4551.9,4541.6,True,2026-04-30 02:07:00,4541.6,TP,10.3,98.93,8
2026-04-30 02:10:00,2026-04-30 02:19:00,2026-04-30 02:29:00,EXTEND,short,4545.9,4561.8,4545.9,4533.1,True,2026-04-30 02:29:00,4545.9,BE,0.0,-4.0,10
2026-04-30 02:30:00,2026-04-30 02:40:00,2026-04-30 02:42:00,BOS,short,4541.8,4554.0,4541.8,4529.2,True,2026-04-30 02:41:00,4541.8,BE,0.0,-4.0,2
2026-04-30 02:45:00,2026-04-30 02:53:00,2026-04-30 02:56:00,EXTEND,short,4546.1,4554.0,4554.0,4526.2,False,,4554.0,SL,-7.9,-83.0,3
2026-04-30 03:15:00,2026-04-30 03:36:00,2026-04-30 06:00:00,EXTEND,long,4553.6,4547.3,4553.6,4569.7,True,2026-04-30 03:49:00,4553.6,BE,0.0,-4.0,84
2026-04-30 07:00:00,2026-04-30 07:09:00,2026-04-30 07:16:00,BOS,long,4563.9,4561.5,4563.9,4567.3,True,2026-04-30 07:14:00,4567.3,TP,3.4,30.42,7
2026-04-30 07:15:00,2026-04-30 07:25:00,2026-04-30 07:45:00,EXTEND,long,4564.0,4561.5,4564.0,4569.0,True,2026-04-30 07:38:00,4569.0,TP,5.0,45.93,20
2026-04-30 08:00:00,2026-04-30 08:16:00,2026-04-30 08:20:00,EXTEND,long,4573.0,4561.5,4573.0,4586.9,True,2026-04-30 08:19:00,4573.0,BE,0.0,-4.0,4
2026-04-30 08:45:00,2026-04-30 09:12:00,2026-04-30 09:28:00,EXTEND,long,4579.7,4574.3,4579.7,4589.5,True,2026-04-30 09:26:00,4589.5,TP,9.8,94.4,16
2026-04-30 09:30:00,2026-04-30 09:38:00,2026-04-30 09:42:00,EXTEND,long,4588.5,4577.5,4588.5,4597.7,True,2026-04-30 09:41:00,4588.5,BE,0.0,-4.0,4
2026-04-30 09:50:00,2026-04-30 10:06:00,2026-04-30 10:18:00,BOS,long,4590.7,4585.4,4590.7,4596.8,True,2026-04-30 10:17:00,4590.7,BE,0.0,-4.0,12
2026-04-30 13:05:00,2026-04-30 13:17:00,2026-04-30 13:18:00,MSS,long,4564.8,4553.0,4564.8,4568.2,True,2026-04-30 13:18:00,4564.3,BE,-0.5,-9.0,1
2026-04-30 17:05:00,2026-04-30 17:14:00,2026-04-30 17:16:00,BOS,long,4630.8,4627.1,4630.8,4633.6,True,2026-04-30 17:15:00,4630.8,BE,0.0,-4.0,2
2026-04-30 17:15:00,2026-04-30 17:24:00,2026-04-30 17:25:00,EXTEND,long,4631.2,4627.1,4631.2,4634.1,True,2026-04-30 17:25:00,4631.2,BE,0.0,-4.0,1
2026-04-30 17:30:00,2026-04-30 17:47:00,2026-04-30 18:27:00,EXTEND,long,4633.1,4627.5,4633.1,4648.6,True,2026-04-30 18:01:00,4648.6,TP,15.5,150.82,40
2026-04-30 19:05:00,2026-04-30 19:20:00,2026-04-30 19:24:00,EXTEND,long,4650.8,4645.3,4650.8,4661.8,True,2026-04-30 19:23:00,4650.8,BE,0.0,-4.0,4
2026-04-30 20:05:00,2026-04-30 20:10:00,2026-04-30 20:15:00,EXTEND,long,4645.6,4641.0,4645.6,4652.8,True,2026-04-30 20:11:00,4645.6,BE,0.0,-4.0,5
2026-04-30 20:20:00,2026-04-30 20:30:00,2026-04-30 20:31:00,EXTEND,long,4645.5,4641.0,4645.5,4653.1,True,2026-04-30 20:31:00,4645.5,BE,0.0,-4.0,1
2026-04-30 20:30:00,2026-04-30 20:40:00,2026-04-30 20:46:00,MSS,short,4642.7,4650.5,4642.7,4630.7,True,2026-04-30 20:44:00,4642.7,BE,0.0,-4.0,6
2026-04-30 22:35:00,2026-04-30 22:48:00,2026-05-01 00:17:00,BOS,short,4632.2,4638.9,4632.2,4618.5,True,2026-04-30 23:44:00,4618.5,TP,13.7,133.47,89
2026-05-01 00:15:00,2026-05-01 00:35:00,2026-05-01 00:50:00,BOS,short,4623.2,4630.1,4630.1,4614.5,False,,4630.1,SL,-6.9,-73.0,15
2026-05-01 00:55:00,2026-05-01 01:06:00,2026-05-01 01:08:00,BOS,short,4628.1,4630.8,4630.8,4615.4,False,,4630.8,SL,-2.7,-31.0,2
2026-05-01 02:15:00,2026-05-01 02:43:00,2026-05-01 03:20:00,EXTEND,long,4633.9,4628.0,4633.9,4641.5,True,2026-05-01 02:52:00,4633.9,BE,0.0,-4.0,37
2026-05-01 07:35:00,2026-05-01 07:46:00,2026-05-01 07:47:00,EXTEND,long,4644.9,4641.1,4644.9,4648.3,True,2026-05-01 07:47:00,4644.9,BE,0.0,-4.0,1
2026-05-01 08:00:00,2026-05-01 08:07:00,2026-05-01 08:09:00,EXTEND,short,4639.5,4646.8,4639.5,4632.2,True,2026-05-01 08:09:00,4639.5,BE,0.0,-4.0,2
2026-05-01 08:10:00,2026-05-01 08:22:00,2026-05-01 09:00:00,BOS,short,4638.4,4643.6,4638.4,4629.9,True,2026-05-01 08:30:00,4629.9,TP,8.5,81.16,38
2026-05-01 09:20:00,2026-05-01 09:41:00,2026-05-01 10:09:00,EXTEND,short,4631.8,4637.9,4637.9,4622.7,False,,4637.9,SL,-6.1,-65.0,28
2026-05-01 10:40:00,2026-05-01 10:45:00,2026-05-01 10:46:00,MSS,short,4633.8,4643.1,4633.8,4633.3,True,2026-05-01 10:46:00,4633.9,BE,-0.1,-5.0,1
2026-05-01 10:55:00,2026-05-01 11:39:00,2026-05-01 12:33:00,EXTEND,short,4641.7,4643.1,4641.7,4623.9,True,2026-05-01 12:08:00,4623.9,TP,17.8,173.77,54
2026-05-01 13:35:00,2026-05-01 13:44:00,2026-05-01 13:45:00,MSS,short,4620.7,4627.7,4620.7,4618.6,True,2026-05-01 13:45:00,4620.7,BE,0.0,-4.0,1
2026-05-01 17:55:00,2026-05-01 18:11:00,2026-05-01 18:30:00,EXTEND,short,4576.5,4584.3,4584.3,4566.5,False,,4584.3,SL,-7.8,-82.0,19
2026-05-01 19:55:00,2026-05-01 20:04:00,2026-05-01 20:05:00,EXTEND,long,4589.2,4583.9,4589.2,4592.5,True,2026-05-01 20:05:00,4589.2,BE,0.0,-4.0,1
2026-05-01 20:05:00,2026-05-01 20:12:00,2026-05-01 20:13:00,EXTEND,long,4588.5,4583.9,4588.5,4593.3,True,2026-05-01 20:13:00,4593.3,TP,4.8,43.98,1
2026-05-01 20:25:00,2026-05-01 21:17:00,2026-05-01 21:54:00,EXTEND,long,4602.5,4586.1,4602.5,4628.1,True,2026-05-01 21:33:00,4628.1,TP,25.6,252.37,37
2026-05-01 23:10:00,2026-05-01 23:15:00,2026-05-01 23:16:00,MSS,long,4649.5,4630.4,4649.5,4652.4,True,2026-05-01 23:16:00,4649.3,BE,-0.2,-6.0,1
2026-05-01 23:45:00,2026-05-01 23:52:00,2026-05-01 23:55:00,EXTEND,long,4655.3,4646.4,4655.3,4662.9,True,2026-05-01 23:54:00,4655.3,BE,0.0,-4.0,3
2026-05-02 00:10:00,2026-05-02 00:18:00,2026-05-02 00:21:00,EXTEND,short,4657.8,4659.4,4659.4,4646.3,False,,4659.4,SL,-1.6,-20.0,3
2026-05-02 01:40:00,2026-05-02 01:57:00,2026-05-02 01:58:00,EXTEND,short,4641.9,4651.9,4641.9,4635.0,True,2026-05-02 01:58:00,4641.9,BE,0.0,-4.0,1
2026-05-02 03:10:00,2026-05-02 03:15:00,2026-05-02 03:16:00,MSS,long,4638.8,4631.5,4638.8,4640.4,True,2026-05-02 03:16:00,4638.8,BE,0.0,-4.0,1
2026-05-04 08:00:00,2026-05-04 08:12:00,2026-05-04 08:48:00,MSS,short,4621.6,4628.6,4621.6,4612.3,True,2026-05-04 08:18:00,4621.6,BE,0.0,-4.0,36
2026-05-04 09:05:00,2026-05-04 09:10:00,2026-05-04 09:11:00,EXTEND,short,4607.5,4625.2,4607.5,4604.1,True,2026-05-04 09:11:00,4607.5,BE,0.0,-4.0,1
2026-05-04 09:30:00,2026-05-04 09:41:00,2026-05-04 09:50:00,EXTEND,short,4610.9,4615.8,4615.8,4600.3,False,,4615.8,SL,-4.9,-53.0,9
2026-05-04 10:00:00,2026-05-04 10:19:00,2026-05-04 10:28:00,EXTEND,long,4616.3,4603.6,4603.6,4637.0,False,,4603.6,SL,-12.7,-131.0,9
2026-05-04 11:50:00,2026-05-04 11:57:00,2026-05-04 11:58:00,MSS,long,4626.3,4609.4,4626.3,4630.1,True,2026-05-04 11:58:00,4626.3,BE,0.0,-4.0,1
2026-05-04 12:55:00,2026-05-04 13:02:00,2026-05-04 13:03:00,MSS,short,4615.0,4621.6,4615.0,4614.1,True,2026-05-04 13:03:00,4615.1,BE,-0.1,-5.0,1
2026-05-04 13:15:00,2026-05-04 13:22:00,2026-05-04 13:23:00,MSS,long,4622.0,4612.7,4622.0,4627.4,True,2026-05-04 13:23:00,4622.0,BE,0.0,-4.0,1
2026-05-04 14:05:00,2026-05-04 14:15:00,2026-05-04 14:27:00,EXTEND,short,4604.6,4613.1,4604.6,4595.1,True,2026-05-04 14:23:00,4604.6,BE,0.0,-4.0,12
2026-05-04 16:40:00,2026-05-04 16:53:00,2026-05-04 17:03:00,EXTEND,long,4589.5,4584.6,4589.5,4595.1,True,2026-05-04 17:02:00,4589.5,BE,0.0,-4.0,10
2026-05-04 17:15:00,2026-05-04 17:53:00,2026-05-04 17:57:00,EXTEND,long,4590.5,4586.7,4586.7,4598.0,False,,4586.7,SL,-3.8,-42.0,4
2026-05-04 18:20:00,2026-05-04 18:42:00,2026-05-05 00:07:00,EXTEND,short,4568.5,4595.6,4568.5,4519.7,True,2026-05-04 23:19:00,4519.7,TP,48.8,484.46,325
2026-05-05 00:10:00,2026-05-05 00:24:00,2026-05-05 01:04:00,EXTEND,short,4531.3,4553.8,4531.3,4498.4,True,2026-05-05 00:47:00,4531.3,BE,0.0,-4.0,40
2026-05-05 03:00:00,2026-05-05 03:05:00,2026-05-05 03:06:00,EXTEND,long,4525.7,4520.4,4525.7,4528.9,True,2026-05-05 03:06:00,4525.7,BE,0.0,-4.0,1
2026-05-05 03:35:00,2026-05-05 03:59:00,2026-05-05 06:07:00,EXTEND,long,4527.7,4520.8,4527.7,4541.1,True,2026-05-05 04:57:00,4527.7,BE,0.0,-4.0,68
2026-05-05 07:45:00,2026-05-05 07:50:00,2026-05-05 07:55:00,EXTEND,short,4529.0,4531.2,4529.0,4525.7,True,2026-05-05 07:51:00,4529.0,BE,0.0,-4.0,5
2026-05-05 08:10:00,2026-05-05 08:24:00,2026-05-05 08:26:00,EXTEND,long,4528.6,4525.8,4525.8,4541.3,False,,4525.8,SL,-2.8,-32.0,2
2026-05-05 10:25:00,2026-05-05 10:30:00,2026-05-05 10:31:00,MSS,long,4551.2,4544.0,4551.2,4553.1,True,2026-05-05 10:31:00,4551.2,BE,0.0,-4.0,1
2026-05-05 10:45:00,2026-05-05 11:01:00,2026-05-05 11:56:00,EXTEND,long,4548.9,4544.0,4544.0,4559.4,False,,4544.0,SL,-4.9,-53.0,55
2026-05-05 13:05:00,2026-05-05 13:24:00,2026-05-05 13:35:00,MSS,long,4548.6,4539.9,4548.6,4558.7,True,2026-05-05 13:30:00,4558.7,TP,10.1,96.96,11
2026-05-05 14:00:00,2026-05-05 14:07:00,2026-05-05 14:24:00,EXTEND,long,4554.5,4544.8,4544.8,4566.0,False,,4544.8,SL,-9.7,-101.0,17
2026-05-05 14:20:00,2026-05-05 14:40:00,2026-05-05 15:00:00,EXTEND,short,4556.4,4561.5,4561.5,4538.3,False,,4561.5,SL,-5.1,-55.0,20
2026-05-05 15:25:00,2026-05-05 15:33:00,2026-05-05 15:34:00,MSS,short,4560.2,4565.5,4560.2,4556.0,True,2026-05-05 15:34:00,4560.2,BE,0.0,-4.0,1
2026-05-05 15:55:00,2026-05-05 16:16:00,2026-05-05 16:57:00,EXTEND,short,4560.0,4568.3,4568.3,4549.0,False,,4568.3,SL,-8.3,-87.0,41
2026-05-05 17:25:00,2026-05-05 17:32:00,2026-05-05 17:33:00,MSS,short,4563.1,4570.5,4563.1,4560.2,True,2026-05-05 17:33:00,4563.1,BE,0.0,-4.0,1
2026-05-05 17:30:00,2026-05-05 17:48:00,2026-05-05 17:53:00,EXTEND,short,4564.4,4570.5,4564.4,4558.6,True,2026-05-05 17:49:00,4564.4,BE,0.0,-4.0,5
2026-05-05 18:10:00,2026-05-05 18:17:00,2026-05-05 18:26:00,EXTEND,short,4564.2,4567.2,4564.2,4559.1,True,2026-05-05 18:19:00,4559.1,TP,5.1,47.28,9
2026-05-05 18:25:00,2026-05-05 18:36:00,2026-05-05 18:44:00,BOS,short,4562.0,4565.3,4562.0,4554.4,True,2026-05-05 18:41:00,4554.4,TP,7.6,72.22,8
2026-05-05 19:05:00,2026-05-05 19:10:00,2026-05-05 19:11:00,MSS,long,4561.5,4550.1,4561.5,4563.4,True,2026-05-05 19:11:00,4561.5,BE,0.0,-4.0,1
2026-05-05 20:10:00,2026-05-05 20:20:00,2026-05-05 20:21:00,MSS,long,4575.2,4564.3,4575.2,4580.8,True,2026-05-05 20:21:00,4575.0,BE,-0.2,-6.0,1
2026-05-05 20:30:00,2026-05-05 20:55:00,2026-05-05 21:09:00,EXTEND,long,4574.4,4564.3,4574.4,4591.0,True,2026-05-05 21:02:00,4591.0,TP,16.6,161.7,14
2026-05-05 21:40:00,2026-05-05 21:55:00,2026-05-05 22:00:00,EXTEND,short,4589.2,4592.4,4592.4,4579.2,False,,4592.4,SL,-3.2,-36.0,5
2026-05-05 22:15:00,2026-05-05 22:30:00,2026-05-05 22:33:00,EXTEND,short,4591.6,4595.1,4595.1,4571.2,False,,4595.1,SL,-3.5,-39.0,3
2026-05-05 23:00:00,2026-05-05 23:22:00,2026-05-05 23:27:00,MSS,long,4590.0,4586.3,4586.3,4597.2,False,,4586.3,SL,-3.7,-41.0,5
2026-05-06 01:10:00,2026-05-06 01:24:00,2026-05-06 01:34:00,EXTEND,short,4569.6,4573.8,4569.6,4561.0,True,2026-05-06 01:31:00,4569.6,BE,0.0,-4.0,10
2026-05-06 02:15:00,2026-05-06 02:42:00,2026-05-06 02:55:00,EXTEND,long,4570.5,4568.4,4570.5,4578.2,True,2026-05-06 02:46:00,4570.5,BE,0.0,-4.0,13
2026-05-06 03:45:00,2026-05-06 03:58:00,2026-05-06 03:59:00,MSS,long,4565.2,4566.2,4566.2,4570.6,False,,4565.3,SL,0.1,-3.0,1
2026-05-06 09:00:00,2026-05-06 09:16:00,2026-05-06 09:47:00,EXTEND,long,4624.8,4618.0,4624.8,4638.1,True,2026-05-06 09:21:00,4638.1,TP,13.3,128.66,31
2026-05-06 09:45:00,2026-05-06 09:56:00,2026-05-06 10:08:00,BOS,long,4636.6,4631.1,4636.6,4641.8,True,2026-05-06 10:00:00,4641.8,TP,5.2,47.68,12
2026-05-06 10:15:00,2026-05-06 10:32:00,2026-05-06 10:36:00,EXTEND,long,4642.0,4631.1,4642.0,4650.8,True,2026-05-06 10:35:00,4642.0,BE,0.0,-4.0,4
2026-05-06 11:20:00,2026-05-06 11:33:00,2026-05-06 11:55:00,EXTEND,long,4653.5,4648.2,4653.5,4664.3,True,2026-05-06 11:37:00,4653.5,BE,0.0,-4.0,22
2026-05-06 12:25:00,2026-05-06 12:40:00,2026-05-06 12:51:00,BOS,long,4660.8,4655.9,4660.8,4666.4,True,2026-05-06 12:48:00,4660.8,BE,0.0,-4.0,11
2026-05-06 13:30:00,2026-05-06 13:40:00,2026-05-06 13:41:00,MSS,short,4657.3,4666.3,4657.3,4651.8,True,2026-05-06 13:41:00,4657.3,BE,0.0,-4.0,1
2026-05-06 15:15:00,2026-05-06 15:30:00,2026-05-06 15:45:00,EXTEND,short,4677.4,4681.5,4681.5,4664.9,False,,4681.5,SL,-4.1,-45.0,15
2026-05-06 16:50:00,2026-05-06 16:59:00,2026-05-06 17:00:00,MSS,long,4711.8,4682.8,4711.8,4723.1,True,2026-05-06 17:00:00,4711.8,BE,0.0,-4.0,1
2026-05-06 18:50:00,2026-05-06 19:05:00,2026-05-06 19:12:00,BOS,long,4727.1,4718.8,4727.1,4738.9,True,2026-05-06 19:09:00,4727.1,BE,0.0,-4.0,7
2026-05-06 19:40:00,2026-05-06 19:53:00,2026-05-06 19:54:00,MSS,short,4708.7,4727.0,4708.7,4702.5,True,2026-05-06 19:54:00,4708.7,BE,0.0,-4.0,1
2026-05-06 21:05:00,2026-05-06 21:18:00,2026-05-06 21:32:00,BOS,short,4694.4,4703.5,4703.5,4672.8,False,,4703.5,SL,-9.1,-95.0,14
2026-05-06 21:45:00,2026-05-06 21:53:00,2026-05-06 21:54:00,BOS,long,4714.6,4704.1,4714.6,4715.1,True,2026-05-06 21:54:00,4714.6,BE,0.0,-4.0,1
2026-05-06 22:00:00,2026-05-06 22:09:00,2026-05-06 22:10:00,EXTEND,long,4719.1,4704.1,4719.1,4726.5,True,2026-05-06 22:10:00,4719.1,BE,0.0,-4.0,1
2026-05-06 22:15:00,2026-05-06 22:31:00,2026-05-06 22:45:00,EXTEND,long,4719.8,4708.4,4719.8,4734.3,True,2026-05-06 22:42:00,4719.8,BE,0.0,-4.0,14
2026-05-06 23:10:00,2026-05-06 23:22:00,2026-05-06 23:27:00,EXTEND,short,4710.6,4718.7,4710.6,4701.0,True,2026-05-06 23:27:00,4710.6,BE,0.0,-4.0,5
2026-05-07 00:05:00,2026-05-07 00:32:00,2026-05-07 02:17:00,BOS,short,4699.8,4706.6,4699.8,4688.9,True,2026-05-07 00:52:00,4699.8,BE,0.0,-4.0,105
2026-05-07 02:20:00,2026-05-07 02:43:00,2026-05-07 03:04:00,EXTEND,long,4697.9,4692.9,4697.9,4703.8,True,2026-05-07 03:03:00,4703.8,TP,5.9,55.22,21
2026-05-07 07:20:00,2026-05-07 07:25:00,2026-05-07 07:26:00,MSS,short,4701.7,4707.0,4701.7,4700.1,True,2026-05-07 07:26:00,4701.8,BE,-0.1,-5.0,1
2026-05-07 07:25:00,2026-05-07 07:48:00,2026-05-07 07:50:00,EXTEND,short,4706.7,4707.0,4707.0,4697.0,False,,4707.0,SL,-0.3,-7.0,2
2026-05-07 08:05:00,2026-05-07 08:29:00,2026-05-07 08:33:00,EXTEND,short,4701.5,4707.0,4701.5,4695.7,True,2026-05-07 08:31:00,4701.5,BE,0.0,-4.0,4
2026-05-07 10:30:00,2026-05-07 10:44:00,2026-05-07 10:56:00,BOS,short,4712.7,4716.7,4716.7,4705.9,False,,4716.7,SL,-4.0,-44.0,12
2026-05-07 12:35:00,2026-05-07 12:44:00,2026-05-07 12:45:00,EXTEND,short,4706.3,4707.0,4707.0,4699.0,False,,4707.0,SL,-0.7,-11.0,1
2026-05-07 13:00:00,2026-05-07 13:21:00,2026-05-07 13:32:00,MSS,long,4704.7,4702.5,4704.7,4712.0,True,2026-05-07 13:30:00,4712.0,TP,7.3,69.25,11
2026-05-07 14:10:00,2026-05-07 14:16:00,2026-05-07 14:17:00,EXTEND,long,4718.5,4709.0,4718.5,4721.6,True,2026-05-07 14:17:00,4718.5,BE,0.0,-4.0,1
2026-05-07 15:00:00,2026-05-07 15:13:00,2026-05-07 15:14:00,MSS,short,4757.0,4759.2,4759.2,4735.8,False,,4759.2,SL,-2.2,-26.0,1
2026-05-07 16:20:00,2026-05-07 16:25:00,2026-05-07 16:26:00,EXTEND,short,4745.9,4763.6,4745.9,4740.4,True,2026-05-07 16:26:00,4745.9,BE,0.0,-4.0,1
2026-05-07 17:00:00,2026-05-07 17:12:00,2026-05-07 17:17:00,EXTEND,short,4743.5,4747.1,4747.1,4727.8,False,,4747.1,SL,-3.6,-40.0,5
2026-05-07 17:55:00,2026-05-07 18:17:00,2026-05-07 18:23:00,BOS,short,4743.0,4749.3,4743.0,4731.5,True,2026-05-07 18:21:00,4743.0,BE,0.0,-4.0,6
2026-05-07 18:40:00,2026-05-07 19:15:00,2026-05-07 19:16:00,EXTEND,long,4739.9,4737.3,4737.3,4752.5,False,,4737.3,SL,-2.6,-30.0,1
2026-05-07 20:15:00,2026-05-07 20:26:00,2026-05-07 20:41:00,EXTEND,long,4748.2,4743.1,4748.2,4760.5,True,2026-05-07 20:30:00,4760.5,TP,12.3,118.99,15
2026-05-07 21:05:00,2026-05-07 21:10:00,2026-05-07 21:11:00,EXTEND,short,4746.6,4762.7,4746.6,4741.7,True,2026-05-07 21:11:00,4746.6,BE,0.0,-4.0,1
2026-05-07 21:30:00,2026-05-07 21:38:00,2026-05-07 21:39:00,MSS,long,4764.3,4740.7,4764.3,4775.9,True,2026-05-07 21:39:00,4764.3,BE,0.0,-4.0,1
2026-05-07 22:10:00,2026-05-07 22:19:00,2026-05-07 22:21:00,BOS,long,4761.4,4752.5,4761.4,4767.5,True,2026-05-07 22:20:00,4767.5,TP,6.1,56.86,2
2026-05-07 22:25:00,2026-05-07 22:36:00,2026-05-07 22:41:00,EXTEND,long,4762.4,4751.0,4762.4,4774.9,True,2026-05-07 22:41:00,4762.4,BE,0.0,-4.0,5
2026-05-08 00:55:00,2026-05-08 01:03:00,2026-05-08 01:04:00,EXTEND,long,4727.3,4720.3,4727.3,4730.1,True,2026-05-08 01:04:00,4727.2,BE,-0.1,-5.0,1
2026-05-08 01:05:00,2026-05-08 01:14:00,2026-05-08 01:18:00,EXTEND,long,4724.3,4720.3,4720.3,4732.0,False,,4720.3,SL,-4.0,-44.0,4
2026-05-08 01:20:00,2026-05-08 01:25:00,2026-05-08 01:26:00,EXTEND,short,4715.3,4729.5,4715.3,4711.3,True,2026-05-08 01:26:00,4715.3,BE,0.0,-4.0,1
2026-05-08 01:25:00,2026-05-08 01:43:00,2026-05-08 04:02:00,BOS,short,4712.3,4726.7,4726.7,4688.9,False,,4726.7,SL,-14.4,-148.0,139
2026-05-08 08:15:00,2026-05-08 08:27:00,2026-05-08 08:32:00,MSS,short,4710.3,4718.7,4710.3,4698.4,True,2026-05-08 08:28:00,4710.3,BE,0.0,-4.0,5
2026-05-08 09:05:00,2026-05-08 09:39:00,2026-05-08 10:02:00,EXTEND,long,4716.5,4705.5,4716.5,4734.2,True,2026-05-08 09:46:00,4734.2,TP,17.7,173.02,23
2026-05-08 10:00:00,2026-05-08 10:39:00,2026-05-08 12:41:00,BOS,long,4719.9,4713.4,4719.9,4748.6,True,2026-05-08 11:34:00,4719.9,BE,0.0,-4.0,122
2026-05-08 12:40:00,2026-05-08 12:55:00,2026-05-08 13:07:00,BOS,short,4722.9,4727.0,4722.9,4714.2,True,2026-05-08 12:59:00,4722.9,BE,0.0,-4.0,12
2026-05-08 13:55:00,2026-05-08 14:02:00,2026-05-08 14:16:00,EXTEND,long,4730.3,4719.1,4730.3,4745.6,True,2026-05-08 14:04:00,4730.3,BE,0.0,-4.0,14
2026-05-08 14:25:00,2026-05-08 14:40:00,2026-05-08 14:44:00,BOS,long,4737.3,4730.1,4737.3,4747.2,True,2026-05-08 14:43:00,4737.3,BE,0.0,-4.0,4
2026-05-08 15:45:00,2026-05-08 15:53:00,2026-05-08 15:54:00,MSS,long,4721.2,4715.7,4721.2,4723.7,True,2026-05-08 15:54:00,4721.2,BE,0.0,-4.0,1
2026-05-08 15:50:00,2026-05-08 15:58:00,2026-05-08 16:06:00,EXTEND,long,4718.5,4715.7,4715.7,4725.0,False,,4715.7,SL,-2.8,-32.0,8
2026-05-08 16:35:00,2026-05-08 17:34:00,2026-05-08 18:39:00,EXTEND,long,4724.4,4715.6,4724.4,4737.4,True,2026-05-08 18:15:00,4737.4,TP,13.0,126.44,65
2026-05-08 18:45:00,2026-05-08 18:50:00,2026-05-08 18:51:00,MSS,short,4728.3,4737.7,4728.3,4726.3,True,2026-05-08 18:51:00,4728.3,BE,0.0,-4.0,1
2026-05-08 18:55:00,2026-05-08 19:06:00,2026-05-08 20:06:00,EXTEND,short,4735.3,4737.7,4735.3,4720.9,True,2026-05-08 19:47:00,4720.9,TP,14.4,139.64,60
2026-05-08 20:30:00,2026-05-08 20:36:00,2026-05-08 20:37:00,MSS,long,4736.4,4712.1,4736.4,4740.2,True,2026-05-08 20:37:00,4736.3,BE,-0.1,-5.0,1
2026-05-08 22:05:00,2026-05-08 22:10:00,2026-05-08 22:11:00,MSS,short,4733.5,4760.1,4733.5,4728.5,True,2026-05-08 22:11:00,4733.5,BE,0.0,-4.0,1
2026-05-08 23:30:00,2026-05-08 23:40:00,2026-05-09 00:05:00,EXTEND,short,4721.8,4730.8,4721.8,4709.0,True,2026-05-08 23:43:00,4721.8,BE,0.0,-4.0,25
2026-05-09 01:55:00,2026-05-09 02:00:00,2026-05-09 02:01:00,EXTEND,long,4732.6,4728.8,4732.6,4733.2,True,2026-05-09 02:01:00,4733.2,TP,0.6,2.45,1
2026-05-09 02:45:00,2026-05-09 02:54:00,2026-05-09 02:55:00,MSS,short,4731.9,4738.5,4731.9,4729.4,True,2026-05-09 02:55:00,4732.0,BE,-0.1,-5.0,1
2026-05-09 02:55:00,2026-05-09 03:08:00,2026-05-09 03:40:00,EXTEND,short,4733.8,4738.5,4733.8,4726.7,True,2026-05-09 03:35:00,4733.8,BE,0.0,-4.0,32
2026-05-11 07:00:00,2026-05-11 07:16:00,2026-05-11 07:56:00,MSS,long,4701.5,4695.1,4701.5,4708.4,True,2026-05-11 07:19:00,4701.5,BE,0.0,-4.0,40
2026-05-11 08:20:00,2026-05-11 08:35:00,2026-05-11 09:04:00,EXTEND,short,4700.1,4707.3,4700.1,4678.2,True,2026-05-11 08:52:00,4700.1,BE,0.0,-4.0,29
2026-05-11 09:50:00,2026-05-11 09:55:00,2026-05-11 09:56:00,MSS,short,4691.2,4704.9,4691.2,4690.9,True,2026-05-11 09:56:00,4690.9,TP,0.3,-1.3,1
2026-05-11 09:55:00,2026-05-11 10:04:00,2026-05-11 10:13:00,EXTEND,short,4697.6,4704.9,4697.6,4684.1,True,2026-05-11 10:06:00,4697.6,BE,0.0,-4.0,9
2026-05-11 10:35:00,2026-05-11 10:46:00,2026-05-11 10:50:00,MSS,long,4701.2,4691.1,4691.1,4713.8,False,,4691.1,SL,-10.1,-105.0,4
2026-05-11 13:40:00,2026-05-11 13:45:00,2026-05-11 13:46:00,MSS,short,4668.9,4688.4,4668.9,4664.5,True,2026-05-11 13:46:00,4668.9,BE,0.0,-4.0,1
2026-05-11 13:55:00,2026-05-11 14:21:00,2026-05-11 14:54:00,EXTEND,short,4675.1,4688.4,4688.4,4646.6,False,,4688.4,SL,-13.3,-137.0,33
2026-05-11 15:45:00,2026-05-11 15:52:00,2026-05-11 15:53:00,MSS,short,4674.3,4686.0,4674.3,4672.0,True,2026-05-11 15:53:00,4674.3,BE,0.0,-4.0,1
2026-05-11 16:10:00,2026-05-11 16:15:00,2026-05-11 16:16:00,MSS,long,4681.9,4673.0,4681.9,4684.8,True,2026-05-11 16:16:00,4681.6,BE,-0.3,-7.0,1
2026-05-11 16:20:00,2026-05-11 16:31:00,2026-05-11 17:18:00,EXTEND,long,4681.7,4673.0,4673.0,4691.5,False,,4673.0,SL,-8.7,-91.0,47
2026-05-12 07:35:00,2026-05-12 07:46:00,2026-05-12 07:47:00,EXTEND,long,4767.3,4760.0,4767.3,4771.4,True,2026-05-12 07:47:00,4767.3,BE,0.0,-4.0,1
2026-05-12 08:15:00,2026-05-12 08:25:00,2026-05-12 08:35:00,BOS,long,4772.5,4768.0,4768.0,4787.7,False,,4768.0,SL,-4.5,-49.0,10
2026-05-12 10:10:00,2026-05-12 10:22:00,2026-05-12 10:27:00,MSS,long,4736.8,4734.7,4734.7,4745.9,False,,4734.7,SL,-2.1,-25.0,5
2026-05-12 11:15:00,2026-05-12 11:20:00,2026-05-12 11:21:00,MSS,short,4734.3,4741.3,4734.3,4732.7,True,2026-05-12 11:21:00,4734.3,BE,0.0,-4.0,1
2026-05-12 11:55:00,2026-05-12 12:18:00,2026-05-12 12:21:00,EXTEND,short,4736.2,4736.9,4736.9,4724.3,False,,4736.9,SL,-0.7,-11.0,3
2026-05-12 13:10:00,2026-05-12 13:33:00,2026-05-12 13:55:00,EXTEND,short,4726.5,4735.7,4726.5,4712.5,True,2026-05-12 13:34:00,4726.5,BE,0.0,-4.0,22
2026-05-12 15:05:00,2026-05-12 15:13:00,2026-05-12 16:01:00,EXTEND,short,4702.8,4713.0,4713.0,4687.9,False,,4713.0,SL,-10.2,-106.0,48
2026-05-12 16:00:00,2026-05-12 16:13:00,2026-05-12 16:15:00,MSS,long,4709.2,4705.7,4705.7,4717.1,False,,4705.7,SL,-3.5,-39.0,2
2026-05-12 17:30:00,2026-05-12 17:39:00,2026-05-12 17:44:00,MSS,long,4709.7,4705.2,4705.2,4715.7,False,,4705.2,SL,-4.5,-49.0,5
2026-05-12 17:40:00,2026-05-12 17:51:00,2026-05-12 17:58:00,MSS,short,4708.1,4713.5,4708.1,4699.5,True,2026-05-12 17:54:00,4708.1,BE,0.0,-4.0,7
2026-05-12 18:10:00,2026-05-12 18:18:00,2026-05-12 18:32:00,EXTEND,long,4710.2,4702.5,4702.5,4721.2,False,,4702.5,SL,-7.7,-81.0,14
2026-05-13 07:05:00,2026-05-13 07:22:00,2026-05-13 07:27:00,EXTEND,long,4727.1,4723.2,4727.1,4734.2,True,2026-05-13 07:24:00,4727.1,BE,0.0,-4.0,5
2026-05-13 07:45:00,2026-05-13 07:55:00,2026-05-13 07:56:00,MSS,short,4723.7,4729.5,4723.7,4721.1,True,2026-05-13 07:56:00,4723.8,BE,-0.1,-5.0,1
2026-05-13 08:05:00,2026-05-13 08:39:00,2026-05-13 08:42:00,EXTEND,long,4730.3,4722.9,4730.3,4738.8,True,2026-05-13 08:40:00,4730.3,BE,0.0,-4.0,3
2026-05-13 09:35:00,2026-05-13 09:46:00,2026-05-13 10:04:00,EXTEND,short,4716.0,4724.5,4716.0,4705.8,True,2026-05-13 09:56:00,4716.0,BE,0.0,-4.0,18
2026-05-13 11:35:00,2026-05-13 11:59:00,2026-05-13 13:30:00,EXTEND,long,4704.1,4697.0,4704.1,4719.6,True,2026-05-13 12:19:00,4704.1,BE,0.0,-4.0,91
2026-05-13 13:30:00,2026-05-13 13:41:00,2026-05-13 13:52:00,EXTEND,short,4708.0,4715.4,4708.0,4697.5,True,2026-05-13 13:44:00,4708.0,BE,0.0,-4.0,11
2026-05-13 14:50:00,2026-05-13 14:56:00,2026-05-13 14:57:00,MSS,short,4707.7,4721.8,4707.7,4707.2,True,2026-05-13 14:57:00,4707.2,TP,0.5,1.05,1
2026-05-13 15:05:00,2026-05-13 15:17:00,2026-05-13 15:18:00,BOS,short,4711.7,4713.6,4713.6,4702.0,False,,4713.6,SL,-1.9,-23.0,1
2026-05-13 16:55:00,2026-05-13 17:08:00,2026-05-13 17:14:00,EXTEND,long,4706.6,4702.0,4702.0,4712.4,False,,4702.0,SL,-4.6,-50.0,6
2026-05-13 17:20:00,2026-05-13 17:58:00,2026-05-13 18:08:00,EXTEND,short,4706.6,4710.2,4710.2,4687.6,False,,4710.2,SL,-3.6,-40.0,10
2026-05-13 20:00:00,2026-05-13 20:08:00,2026-05-13 20:15:00,EXTEND,short,4707.2,4713.9,4707.2,4699.0,True,2026-05-13 20:10:00,4699.0,TP,8.2,77.59,7
2026-05-13 21:30:00,2026-05-13 21:35:00,2026-05-13 21:36:00,MSS,short,4686.9,4701.9,4686.9,4685.6,True,2026-05-13 21:36:00,4685.6,TP,1.3,8.56,1
2026-05-13 22:25:00,2026-05-13 22:31:00,2026-05-13 22:32:00,MSS,long,4695.8,4680.0,4695.8,4696.0,True,2026-05-13 22:32:00,4695.7,BE,-0.1,-5.0,1
2026-05-13 22:35:00,2026-05-13 22:47:00,2026-05-13 23:34:00,EXTEND,long,4691.3,4680.0,4691.3,4703.4,True,2026-05-13 23:07:00,4703.4,TP,12.1,116.68,47
2026-05-14 00:25:00,2026-05-14 00:43:00,2026-05-14 00:50:00,EXTEND,long,4709.2,4706.1,4706.1,4721.1,False,,4706.1,SL,-3.1,-35.0,7
2026-05-14 02:00:00,2026-05-14 02:17:00,2026-05-14 02:46:00,EXTEND,short,4698.2,4702.5,4698.2,4689.7,True,2026-05-14 02:44:00,4689.7,TP,8.5,81.27,29
2026-05-14 02:45:00,2026-05-14 02:58:00,2026-05-14 04:24:00,EXTEND,short,4693.1,4700.9,4700.9,4681.2,False,,4700.9,SL,-7.8,-82.0,86
2026-05-14 07:30:00,2026-05-14 07:44:00,2026-05-14 07:45:00,MSS,short,4701.6,4709.0,4701.6,4698.5,True,2026-05-14 07:45:00,4701.6,BE,0.0,-4.0,1
2026-05-14 07:45:00,2026-05-14 08:02:00,2026-05-14 08:03:00,BOS,short,4701.2,4704.6,4701.2,4698.5,True,2026-05-14 08:03:00,4698.5,TP,2.7,22.96,1
2026-05-14 08:00:00,2026-05-14 08:19:00,2026-05-14 08:20:00,BOS,short,4708.1,4703.8,4703.8,4694.1,False,,4707.9,SL,0.2,-2.0,1
2026-05-14 08:45:00,2026-05-14 08:55:00,2026-05-14 08:56:00,MSS,long,4709.2,4699.7,4709.2,4714.9,True,2026-05-14 08:56:00,4709.2,BE,0.0,-4.0,1
2026-05-14 09:00:00,2026-05-14 09:05:00,2026-05-14 09:06:00,MSS,short,4700.1,4713.9,4700.1,4697.6,True,2026-05-14 09:06:00,4700.3,BE,-0.2,-6.0,1
2026-05-14 10:30:00,2026-05-14 10:35:00,2026-05-14 10:36:00,MSS,long,4706.2,4693.1,4706.2,4708.0,True,2026-05-14 10:36:00,4706.0,BE,-0.2,-6.0,1
2026-05-14 10:35:00,2026-05-14 10:45:00,2026-05-14 10:47:00,EXTEND,long,4699.6,4693.1,4693.1,4710.2,False,,4693.1,SL,-6.5,-69.0,2
2026-05-14 11:35:00,2026-05-14 11:41:00,2026-05-14 11:42:00,MSS,short,4684.2,4699.5,4684.2,4681.2,True,2026-05-14 11:42:00,4684.4,BE,-0.2,-6.0,1
2026-05-14 12:00:00,2026-05-14 12:28:00,2026-05-14 12:29:00,EXTEND,short,4707.0,4699.5,4699.5,4665.8,False,,4706.9,SL,0.1,-3.0,1
2026-05-14 13:25:00,2026-05-14 13:34:00,2026-05-14 13:59:00,EXTEND,short,4705.5,4711.3,4705.5,4697.1,True,2026-05-14 13:55:00,4697.1,TP,8.4,80.24,25
2026-05-14 14:40:00,2026-05-14 14:45:00,2026-05-14 14:46:00,MSS,long,4709.0,4692.7,4709.0,4710.2,True,2026-05-14 14:46:00,4709.0,BE,0.0,-4.0,1
2026-05-14 15:35:00,2026-05-14 15:52:00,2026-05-14 15:58:00,EXTEND,long,4707.9,4700.7,4700.7,4732.6,False,,4700.7,SL,-7.2,-76.0,6
2026-05-14 16:40:00,2026-05-14 16:45:00,2026-05-14 16:46:00,MSS,short,4702.8,4713.7,4702.8,4699.3,True,2026-05-14 16:46:00,4702.8,BE,0.0,-4.0,1
2026-05-14 18:20:00,2026-05-14 18:27:00,2026-05-14 18:52:00,EXTEND,short,4702.8,4707.2,4702.8,4698.1,True,2026-05-14 18:38:00,4698.1,TP,4.7,43.44,25
2026-05-14 18:50:00,2026-05-14 19:00:00,2026-05-14 19:07:00,EXTEND,short,4701.7,4707.2,4701.7,4695.0,True,2026-05-14 19:06:00,4701.7,BE,0.0,-4.0,7
2026-05-14 19:25:00,2026-05-14 19:42:00,2026-05-14 19:48:00,BOS,short,4701.8,4705.6,4705.6,4693.0,False,,4705.6,SL,-3.8,-42.0,6
2026-05-14 19:55:00,2026-05-14 20:01:00,2026-05-14 20:35:00,EXTEND,long,4702.6,4695.7,4702.6,4715.8,True,2026-05-14 20:13:00,4715.8,TP,13.2,127.66,34
2026-05-14 20:45:00,2026-05-14 20:51:00,2026-05-14 21:08:00,EXTEND,short,4708.9,4716.9,4708.9,4698.6,True,2026-05-14 21:02:00,4708.9,BE,0.0,-4.0,17
2026-05-14 21:40:00,2026-05-14 21:51:00,2026-05-15 03:45:00,EXTEND,short,4690.6,4711.7,4690.6,4660.4,True,2026-05-15 00:07:00,4660.4,TP,30.2,298.08,354
2026-05-15 07:10:00,2026-05-15 07:15:00,2026-05-15 07:16:00,MSS,short,4661.0,4667.8,4661.0,4661.6,True,2026-05-15 07:16:00,4661.3,BE,-0.3,-7.0,1
2026-05-15 07:30:00,2026-05-15 07:36:00,2026-05-15 07:37:00,MSS,short,4653.3,4669.0,4653.3,4650.3,True,2026-05-15 07:37:00,4653.3,BE,0.0,-4.0,1
2026-05-15 08:00:00,2026-05-15 08:16:00,2026-05-15 08:25:00,EXTEND,short,4654.3,4669.0,4654.3,4640.4,True,2026-05-15 08:22:00,4640.4,TP,13.9,134.75,9
2026-05-15 08:55:00,2026-05-15 09:02:00,2026-05-15 09:03:00,MSS,long,4632.5,4621.8,4632.5,4639.6,True,2026-05-15 09:03:00,4632.5,BE,0.0,-4.0,1
2026-05-15 09:10:00,2026-05-15 09:23:00,2026-05-15 09:35:00,EXTEND,short,4622.2,4636.7,4622.2,4605.8,True,2026-05-15 09:26:00,4622.2,BE,0.0,-4.0,12
2026-05-15 10:40:00,2026-05-15 10:49:00,2026-05-15 10:51:00,MSS,long,4618.5,4613.5,4618.5,4624.3,True,2026-05-15 10:51:00,4624.3,TP,5.8,53.95,2
2026-05-15 10:55:00,2026-05-15 11:04:00,2026-05-15 11:07:00,EXTEND,long,4623.5,4613.5,4623.5,4631.0,True,2026-05-15 11:05:00,4623.5,BE,0.0,-4.0,3
2026-05-15 11:30:00,2026-05-15 11:44:00,2026-05-15 11:57:00,MSS,short,4617.6,4626.2,4617.6,4607.0,True,2026-05-15 11:56:00,4617.6,BE,0.0,-4.0,13
2026-05-15 12:05:00,2026-05-15 12:23:00,2026-05-15 12:24:00,MSS,long,4614.9,4614.4,4614.4,4628.6,False,,4614.4,SL,-0.5,-9.0,1
2026-05-15 12:40:00,2026-05-15 12:51:00,2026-05-15 13:01:00,MSS,short,4612.2,4619.0,4612.2,4605.4,True,2026-05-15 12:55:00,4605.4,TP,6.8,63.89,10
2026-05-15 13:45:00,2026-05-15 13:54:00,2026-05-15 13:57:00,BOS,short,4573.0,4579.8,4573.0,4561.9,True,2026-05-15 13:56:00,4573.0,BE,0.0,-4.0,3
2026-05-15 14:15:00,2026-05-15 14:21:00,2026-05-15 14:22:00,MSS,long,4581.8,4560.0,4581.8,4588.1,True,2026-05-15 14:22:00,4581.7,BE,-0.1,-5.0,1
2026-05-15 15:10:00,2026-05-15 15:18:00,2026-05-15 15:19:00,MSS,long,4590.1,4569.8,4590.1,4596.7,True,2026-05-15 15:19:00,4589.8,BE,-0.3,-7.0,1
2026-05-15 15:20:00,2026-05-15 15:55:00,2026-05-15 16:01:00,EXTEND,long,4577.0,4569.8,4569.8,4599.9,False,,4569.8,SL,-7.2,-76.0,6
2026-05-15 16:45:00,2026-05-15 17:03:00,2026-05-15 17:06:00,EXTEND,long,4558.6,4553.2,4558.6,4572.5,True,2026-05-15 17:05:00,4558.6,BE,0.0,-4.0,3
2026-05-15 17:15:00,2026-05-15 17:34:00,2026-05-15 17:50:00,EXTEND,short,4557.3,4568.2,4557.3,4536.6,True,2026-05-15 17:38:00,4536.6,TP,20.7,203.23,16
2026-05-15 18:05:00,2026-05-15 18:12:00,2026-05-15 18:13:00,MSS,long,4566.0,4535.7,4566.0,4571.3,True,2026-05-15 18:13:00,4565.5,BE,-0.5,-9.0,1
2026-05-15 19:35:00,2026-05-15 19:40:00,2026-05-15 19:41:00,MSS,short,4557.3,4573.5,4557.3,4553.8,True,2026-05-15 19:41:00,4557.3,BE,0.0,-4.0,1
2026-05-15 20:10:00,2026-05-15 20:17:00,2026-05-15 20:19:00,BOS,short,4551.9,4557.5,4551.9,4547.1,True,2026-05-15 20:18:00,4551.9,BE,0.0,-4.0,2
2026-05-15 20:20:00,2026-05-15 20:32:00,2026-05-15 20:42:00,MSS,long,4555.5,4549.1,4549.1,4566.6,False,,4549.1,SL,-6.4,-68.0,10
2026-05-15 21:45:00,2026-05-15 21:57:00,2026-05-15 22:19:00,EXTEND,short,4541.0,4561.8,4561.8,4501.1,False,,4561.8,SL,-20.8,-212.0,22
2026-05-15 22:55:00,2026-05-15 23:08:00,2026-05-15 23:19:00,BOS,long,4560.5,4550.1,4550.1,4576.5,False,,4550.1,SL,-10.4,-108.0,11
2026-05-16 00:30:00,2026-05-16 00:39:00,2026-05-16 00:40:00,MSS,long,4549.7,4533.2,4549.7,4552.8,True,2026-05-16 00:40:00,4549.7,BE,0.0,-4.0,1
2026-05-16 01:25:00,2026-05-16 01:30:00,2026-05-16 01:31:00,EXTEND,long,4565.7,4558.4,4565.7,4571.5,True,2026-05-16 01:31:00,4565.7,BE,0.0,-4.0,1
2026-05-16 02:15:00,2026-05-16 02:26:00,2026-05-16 02:39:00,MSS,short,4561.2,4566.6,4561.2,4554.3,True,2026-05-16 02:31:00,4561.2,BE,0.0,-4.0,13
2026-05-18 09:25:00,2026-05-18 09:32:00,2026-05-18 09:33:00,EXTEND,long,4512.3,4495.5,4512.3,4518.0,True,2026-05-18 09:33:00,4512.1,BE,-0.2,-6.0,1
2026-05-18 09:30:00,2026-05-18 09:39:00,2026-05-18 09:40:00,EXTEND,long,4511.2,4495.5,4511.2,4519.5,True,2026-05-18 09:40:00,4511.2,BE,0.0,-4.0,1
2026-05-18 12:05:00,2026-05-18 12:30:00,2026-05-18 12:46:00,EXTEND,long,4542.5,4528.1,4542.5,4561.0,True,2026-05-18 12:40:00,4542.5,BE,0.0,-4.0,16
2026-05-18 13:30:00,2026-05-18 13:43:00,2026-05-18 13:58:00,EXTEND,long,4545.4,4536.5,4536.5,4561.6,False,,4536.5,SL,-8.9,-93.0,15
2026-05-18 14:20:00,2026-05-18 14:25:00,2026-05-18 14:26:00,MSS,long,4549.6,4535.8,4549.6,4550.9,True,2026-05-18 14:26:00,4549.4,BE,-0.2,-6.0,1
2026-05-18 14:25:00,2026-05-18 14:32:00,2026-05-18 14:34:00,EXTEND,long,4546.4,4535.8,4546.4,4556.0,True,2026-05-18 14:33:00,4546.4,BE,0.0,-4.0,2
2026-05-18 15:00:00,2026-05-18 15:22:00,2026-05-18 15:30:00,EXTEND,long,4544.1,4535.8,4544.1,4558.0,True,2026-05-18 15:26:00,4558.0,TP,13.9,135.25,8
2026-05-18 15:30:00,2026-05-18 15:53:00,2026-05-18 17:03:00,EXTEND,long,4547.1,4541.8,4547.1,4570.5,True,2026-05-18 16:50:00,4547.1,BE,0.0,-4.0,70
2026-05-18 18:10:00,2026-05-18 18:17:00,2026-05-18 18:24:00,EXTEND,short,4543.6,4549.0,4543.6,4536.7,True,2026-05-18 18:22:00,4543.6,BE,0.0,-4.0,7
2026-05-18 18:40:00,2026-05-18 18:46:00,2026-05-18 18:47:00,MSS,long,4550.2,4535.4,4550.2,4550.8,True,2026-05-18 18:47:00,4550.2,BE,0.0,-4.0,1
2026-05-18 18:45:00,2026-05-18 18:57:00,2026-05-18 19:09:00,EXTEND,long,4542.9,4535.4,4535.4,4555.8,False,,4535.4,SL,-7.5,-79.0,12
2026-05-18 19:40:00,2026-05-18 20:21:00,2026-05-18 21:33:00,EXTEND,long,4554.0,4535.6,4554.0,4581.7,True,2026-05-18 20:34:00,4581.7,TP,27.7,273.01,72
2026-05-18 21:30:00,2026-05-18 21:47:00,2026-05-18 21:48:00,BOS,long,4577.4,4565.4,4577.4,4589.4,True,2026-05-18 21:48:00,4577.4,BE,0.0,-4.0,1
2026-05-18 21:55:00,2026-05-18 22:09:00,2026-05-18 22:14:00,EXTEND,long,4571.3,4566.9,4566.9,4594.7,False,,4566.9,SL,-4.4,-48.0,5
2026-05-19 00:25:00,2026-05-19 00:34:00,2026-05-19 00:50:00,MSS,short,4544.1,4555.1,4555.1,4532.9,False,,4555.1,SL,-11.0,-114.0,16
2026-05-19 02:15:00,2026-05-19 02:20:00,2026-05-19 02:21:00,MSS,short,4545.0,4552.1,4545.0,4543.2,True,2026-05-19 02:21:00,4545.0,BE,0.0,-4.0,1
2026-05-19 02:25:00,2026-05-19 02:33:00,2026-05-19 02:41:00,EXTEND,short,4544.8,4552.1,4544.8,4537.6,True,2026-05-19 02:39:00,4544.8,BE,0.0,-4.0,8
2026-05-19 02:55:00,2026-05-19 03:04:00,2026-05-19 03:05:00,BOS,short,4557.9,4547.5,4547.5,4535.4,False,,4558.2,SL,-0.3,-7.0,1
2026-05-19 07:20:00,2026-05-19 07:59:00,2026-05-19 08:04:00,EXTEND,long,4585.4,4576.7,4585.4,4597.5,True,2026-05-19 08:00:00,4585.4,BE,0.0,-4.0,5
2026-05-19 09:00:00,2026-05-19 09:09:00,2026-05-19 09:36:00,EXTEND,short,4567.8,4579.8,4567.8,4555.4,True,2026-05-19 09:16:00,4567.8,BE,0.0,-4.0,27
2026-05-19 10:10:00,2026-05-19 10:15:00,2026-05-19 10:16:00,MSS,short,4555.2,4575.8,4555.2,4549.0,True,2026-05-19 10:16:00,4555.4,BE,-0.2,-6.0,1
2026-05-19 11:35:00,2026-05-19 11:48:00,2026-05-19 11:49:00,MSS,long,4551.6,4550.0,4550.0,4560.4,False,,4550.0,SL,-1.6,-20.0,1
2026-05-19 12:15:00,2026-05-19 12:22:00,2026-05-19 12:35:00,EXTEND,short,4544.0,4548.8,4544.0,4539.7,True,2026-05-19 12:26:00,4544.0,BE,0.0,-4.0,13
2026-05-19 13:00:00,2026-05-19 13:09:00,2026-05-19 13:10:00,MSS,long,4548.2,4540.9,4548.2,4550.2,True,2026-05-19 13:10:00,4548.1,BE,-0.1,-5.0,1
2026-05-19 13:20:00,2026-05-19 13:30:00,2026-05-19 13:52:00,MSS,short,4540.4,4549.8,4540.4,4528.5,True,2026-05-19 13:49:00,4540.4,BE,0.0,-4.0,22
2026-05-19 14:45:00,2026-05-19 15:00:00,2026-05-19 15:01:00,MSS,short,4548.4,4556.1,4548.4,4543.7,True,2026-05-19 15:01:00,4548.6,BE,-0.2,-6.0,1
2026-05-19 15:05:00,2026-05-19 15:18:00,2026-05-19 15:27:00,MSS,long,4552.8,4547.5,4547.5,4562.0,False,,4547.5,SL,-5.3,-57.0,9
2026-05-19 15:40:00,2026-05-19 15:49:00,2026-05-19 15:50:00,MSS,short,4554.2,4553.0,4553.0,4542.3,False,,4554.3,SL,-0.1,-5.0,1
2026-05-19 16:00:00,2026-05-19 16:10:00,2026-05-19 16:23:00,EXTEND,long,4550.4,4544.6,4544.6,4567.7,False,,4544.6,SL,-5.8,-62.0,13
2026-05-19 16:25:00,2026-05-19 16:37:00,2026-05-19 16:47:00,EXTEND,short,4546.2,4551.5,4551.5,4536.1,False,,4551.5,SL,-5.3,-57.0,10
2026-05-19 17:15:00,2026-05-19 17:28:00,2026-05-19 17:54:00,EXTEND,short,4546.0,4551.5,4546.0,4535.8,True,2026-05-19 17:31:00,4546.0,BE,0.0,-4.0,26
2026-05-19 18:55:00,2026-05-19 19:02:00,2026-05-19 19:03:00,MSS,long,4549.0,4528.4,4549.0,4553.4,True,2026-05-19 19:03:00,4548.6,BE,-0.4,-8.0,1
2026-05-19 20:00:00,2026-05-19 20:13:00,2026-05-19 20:15:00,EXTEND,short,4546.6,4547.1,4547.1,4526.1,False,,4547.1,SL,-0.5,-9.0,2
2026-05-19 21:30:00,2026-05-19 21:56:00,2026-05-20 08:29:00,EXTEND,short,4502.7,4529.5,4502.7,4450.4,True,2026-05-20 06:16:00,4502.7,BE,0.0,-4.0,573
2026-05-20 09:05:00,2026-05-20 09:12:00,2026-05-20 09:13:00,EXTEND,short,4496.3,4513.0,4496.3,4484.6,True,2026-05-20 09:13:00,4496.3,BE,0.0,-4.0,1
2026-05-20 09:35:00,2026-05-20 09:57:00,2026-05-20 15:01:00,EXTEND,short,4481.9,4503.4,4481.9,4445.6,True,2026-05-20 10:32:00,4481.9,BE,0.0,-4.0,304
2026-05-20 15:10:00,2026-05-20 15:24:00,2026-05-20 15:26:00,EXTEND,long,4482.7,4473.9,4482.7,4491.8,True,2026-05-20 15:25:00,4482.7,BE,0.0,-4.0,2
2026-05-20 15:30:00,2026-05-20 15:37:00,2026-05-20 15:46:00,EXTEND,long,4482.0,4473.9,4482.0,4492.4,True,2026-05-20 15:41:00,4482.0,BE,0.0,-4.0,9
2026-05-20 16:30:00,2026-05-20 16:38:00,2026-05-20 16:42:00,EXTEND,long,4486.4,4480.8,4480.8,4495.2,False,,4480.8,SL,-5.6,-60.0,4
2026-05-20 16:55:00,2026-05-20 17:08:00,2026-05-20 17:25:00,EXTEND,long,4485.5,4480.8,4480.8,4496.2,False,,4480.8,SL,-4.7,-51.0,17
2026-05-20 17:30:00,2026-05-20 17:44:00,2026-05-20 17:45:00,EXTEND,short,4485.6,4486.1,4486.1,4472.0,False,,4486.1,SL,-0.5,-9.0,1
2026-05-20 17:55:00,2026-05-20 18:01:00,2026-05-20 18:35:00,EXTEND,long,4489.0,4484.3,4489.0,4496.5,True,2026-05-20 18:06:00,4496.5,TP,7.5,70.92,34
2026-05-20 19:25:00,2026-05-20 19:34:00,2026-05-20 19:35:00,MSS,long,4501.4,4493.5,4501.4,4506.5,True,2026-05-20 19:35:00,4501.4,BE,0.0,-4.0,1
2026-05-20 20:45:00,2026-05-20 20:59:00,2026-05-20 21:22:00,EXTEND,long,4498.8,4495.2,4498.8,4511.8,True,2026-05-20 21:13:00,4498.8,BE,0.0,-4.0,23
2026-05-20 22:15:00,2026-05-20 22:21:00,2026-05-20 22:22:00,MSS,long,4508.5,4469.3,4508.5,4516.9,True,2026-05-20 22:22:00,4508.5,BE,0.0,-4.0,1
2026-05-20 23:15:00,2026-05-20 23:32:00,2026-05-21 06:20:00,BOS,long,4536.4,4526.5,4536.4,4565.9,True,2026-05-21 03:30:00,4536.4,BE,0.0,-4.0,348
2026-05-21 07:35:00,2026-05-21 07:45:00,2026-05-21 07:46:00,MSS,long,4545.9,4535.5,4545.9,4549.9,True,2026-05-21 07:46:00,4545.9,BE,0.0,-4.0,1
2026-05-21 08:15:00,2026-05-21 08:28:00,2026-05-21 09:10:00,BOS,long,4545.8,4540.7,4545.8,4558.7,True,2026-05-21 09:09:00,4558.7,TP,12.9,125.34,42
2026-05-21 11:50:00,2026-05-21 12:07:00,2026-05-21 12:14:00,BOS,short,4533.4,4537.9,4537.9,4525.5,False,,4537.9,SL,-4.5,-49.0,7
2026-05-21 13:05:00,2026-05-21 13:13:00,2026-05-21 13:14:00,MSS,short,4531.4,4541.7,4531.4,4529.4,True,2026-05-21 13:14:00,4531.6,BE,-0.2,-6.0,1
2026-05-21 14:20:00,2026-05-21 14:42:00,2026-05-21 15:06:00,EXTEND,long,4527.6,4519.1,4519.1,4547.2,False,,4519.1,SL,-8.5,-89.0,24
2026-05-21 15:25:00,2026-05-21 15:53:00,2026-05-21 16:04:00,BOS,short,4522.1,4525.0,4525.0,4510.1,False,,4525.0,SL,-2.9,-33.0,11
2026-05-21 17:20:00,2026-05-21 17:27:00,2026-05-21 17:31:00,EXTEND,long,4539.5,4532.9,4539.5,4546.9,True,2026-05-21 17:30:00,4539.5,BE,0.0,-4.0,4
2026-05-21 18:00:00,2026-05-21 18:08:00,2026-05-21 18:09:00,MSS,long,4534.4,4530.7,4534.4,4535.8,True,2026-05-21 18:09:00,4534.4,BE,0.0,-4.0,1
2026-05-21 18:05:00,2026-05-21 18:14:00,2026-05-21 18:21:00,EXTEND,long,4533.6,4530.7,4533.6,4539.1,True,2026-05-21 18:18:00,4533.6,BE,0.0,-4.0,7
2026-05-21 19:35:00,2026-05-21 19:54:00,2026-05-21 20:00:00,EXTEND,short,4515.3,4522.4,4515.3,4505.4,True,2026-05-21 19:55:00,4515.3,BE,0.0,-4.0,6
2026-05-21 20:10:00,2026-05-21 20:17:00,2026-05-21 20:18:00,EXTEND,long,4514.0,4511.8,4511.8,4522.6,False,,4511.8,SL,-2.2,-26.0,1
2026-05-21 20:25:00,2026-05-21 20:39:00,2026-05-21 21:03:00,EXTEND,short,4512.8,4520.3,4512.8,4498.5,True,2026-05-21 20:55:00,4512.8,BE,0.0,-4.0,24
2026-05-21 21:00:00,2026-05-21 21:07:00,2026-05-21 21:33:00,EXTEND,short,4509.7,4520.3,4509.7,4494.3,True,2026-05-21 21:08:00,4494.3,TP,15.4,150.35,26
2026-05-21 21:50:00,2026-05-21 22:10:00,2026-05-21 23:16:00,MSS,long,4508.8,4488.5,4508.8,4531.3,True,2026-05-21 23:13:00,4508.8,BE,0.0,-4.0,66
2026-05-22 01:00:00,2026-05-22 01:07:00,2026-05-22 01:10:00,EXTEND,long,4518.5,4510.5,4518.5,4529.2,True,2026-05-22 01:10:00,4529.2,TP,10.7,102.69,3
2026-05-22 03:50:00,2026-05-22 07:04:00,2026-05-22 07:05:00,MSS,short,4544.1,4544.5,4544.5,4532.9,False,,4544.5,SL,-0.4,-8.0,1
2026-05-22 07:20:00,2026-05-22 07:30:00,2026-05-22 07:44:00,EXTEND,short,4539.3,4545.2,4539.3,4533.8,True,2026-05-22 07:31:00,4533.8,TP,5.5,51.3,14
2026-05-22 08:15:00,2026-05-22 08:34:00,2026-05-22 08:59:00,EXTEND,short,4537.7,4545.2,4537.7,4526.9,True,2026-05-22 08:51:00,4526.9,TP,10.8,103.88,25
2026-05-22 08:55:00,2026-05-22 09:02:00,2026-05-22 09:04:00,EXTEND,short,4530.1,4542.2,4530.1,4522.4,True,2026-05-22 09:04:00,4530.1,BE,0.0,-4.0,2
2026-05-22 09:05:00,2026-05-22 09:22:00,2026-05-22 09:26:00,BOS,short,4531.2,4537.6,4531.2,4520.6,True,2026-05-22 09:25:00,4531.2,BE,0.0,-4.0,4
2026-05-22 09:40:00,2026-05-22 09:53:00,2026-05-22 10:01:00,EXTEND,short,4529.3,4537.6,4529.3,4517.5,True,2026-05-22 10:00:00,4529.3,BE,0.0,-4.0,8
2026-05-22 10:30:00,2026-05-22 10:52:00,2026-05-22 11:32:00,BOS,short,4526.3,4530.5,4526.3,4516.7,True,2026-05-22 10:56:00,4526.3,BE,0.0,-4.0,40
2026-05-22 12:35:00,2026-05-22 12:40:00,2026-05-22 12:41:00,MSS,short,4526.8,4533.9,4526.8,4525.3,True,2026-05-22 12:41:00,4526.8,BE,0.0,-4.0,1
2026-05-22 12:40:00,2026-05-22 12:55:00,2026-05-22 13:00:00,EXTEND,short,4529.4,4533.9,4529.4,4524.5,True,2026-05-22 12:58:00,4529.4,BE,0.0,-4.0,5
2026-05-22 13:00:00,2026-05-22 13:14:00,2026-05-22 13:18:00,BOS,short,4526.4,4531.2,4526.4,4522.8,True,2026-05-22 13:15:00,4526.4,BE,0.0,-4.0,4
2026-05-22 13:15:00,2026-05-22 13:23:00,2026-05-22 13:30:00,EXTEND,short,4526.6,4531.2,4531.2,4522.2,False,,4531.2,SL,-4.6,-50.0,7
2026-05-22 13:55:00,2026-05-22 14:08:00,2026-05-22 17:54:00,MSS,short,4520.5,4535.4,4535.4,4501.0,False,,4535.4,SL,-14.9,-153.0,226
2026-05-22 19:05:00,2026-05-22 19:14:00,2026-05-22 19:18:00,EXTEND,long,4516.7,4513.1,4513.1,4519.7,False,,4513.1,SL,-3.6,-40.0,4
2026-05-22 20:15:00,2026-05-22 20:41:00,2026-05-22 20:42:00,EXTEND,long,4520.4,4519.0,4519.0,4542.4,False,,4519.0,SL,-1.4,-18.0,1
2026-05-23 00:40:00,2026-05-23 00:48:00,2026-05-23 01:00:00,MSS,short,4517.6,4528.8,4517.6,4507.6,True,2026-05-23 00:49:00,4517.6,BE,0.0,-4.0,12
2026-05-23 01:30:00,2026-05-23 01:38:00,2026-05-23 02:04:00,EXTEND,long,4524.4,4514.5,4514.5,4535.5,False,,4514.5,SL,-9.9,-103.0,26
2026-05-23 02:45:00,2026-05-23 02:52:00,2026-05-23 02:53:00,MSS,short,4515.0,4523.3,4515.0,4512.1,True,2026-05-23 02:53:00,4515.1,BE,-0.1,-5.0,1
2026-05-23 03:40:00,2026-05-23 03:56:00,2026-05-23 04:25:00,EXTEND,long,4510.1,4505.9,4510.1,4514.7,True,2026-05-23 04:20:00,4510.1,BE,0.0,-4.0,29
2026-05-25 08:45:00,2026-05-25 08:54:00,2026-05-25 08:55:00,BOS,long,4575.4,4572.2,4572.2,4584.1,False,,4572.2,SL,-3.2,-36.0,1
2026-05-25 08:55:00,2026-05-25 09:04:00,2026-05-25 09:05:00,MSS,short,4570.1,4581.6,4570.1,4562.9,True,2026-05-25 09:05:00,4570.1,BE,0.0,-4.0,1
2026-05-25 09:05:00,2026-05-25 09:25:00,2026-05-25 13:25:00,BOS,short,4571.3,4578.1,4571.3,4557.0,True,2026-05-25 09:44:00,4557.0,TP,14.3,138.82,240
2026-05-25 15:00:00,2026-05-25 15:22:00,2026-05-25 15:23:00,EXTEND,long,4555.3,4554.5,4554.5,4568.9,False,,4554.5,SL,-0.8,-12.0,1
2026-05-25 16:25:00,2026-05-25 16:36:00,2026-05-25 16:37:00,EXTEND,short,4557.0,4566.7,4557.0,4552.1,True,2026-05-25 16:37:00,4557.1,BE,-0.1,-5.0,1
2026-05-25 19:15:00,2026-05-25 19:28:00,2026-05-25 19:50:00,BOS,long,4572.9,4569.4,4572.9,4579.7,True,2026-05-25 19:30:00,4572.9,BE,0.0,-4.0,22
2026-05-25 20:20:00,2026-05-25 20:43:00,2026-05-26 01:13:00,EXTEND,short,4569.0,4579.3,4579.3,4547.6,False,,4579.3,SL,-10.3,-107.0,270
2026-05-26 01:10:00,2026-05-26 01:27:00,2026-05-26 01:32:00,EXTEND,long,4573.5,4572.7,4572.7,4582.7,False,,4572.7,SL,-0.8,-12.0,5
2026-05-26 07:25:00,2026-05-26 07:30:00,2026-05-26 07:31:00,MSS,short,4569.2,4583.2,4569.2,4565.3,True,2026-05-26 07:31:00,4569.2,BE,0.0,-4.0,1
2026-05-26 08:15:00,2026-05-26 08:37:00,2026-05-26 08:42:00,BOS,short,4549.2,4554.4,4549.2,4538.9,True,2026-05-26 08:40:00,4549.2,BE,0.0,-4.0,5
2026-05-26 08:50:00,2026-05-26 09:04:00,2026-05-26 09:21:00,BOS,short,4543.5,4552.6,4543.5,4536.5,True,2026-05-26 09:21:00,4543.5,BE,0.0,-4.0,17
2026-05-26 10:05:00,2026-05-26 10:14:00,2026-05-26 10:15:00,MSS,long,4539.2,4539.9,4539.9,4539.9,False,,4539.3,SL,0.1,-3.0,1
2026-05-26 10:30:00,2026-05-26 10:41:00,2026-05-26 10:45:00,MSS,short,4537.8,4540.1,4537.8,4533.4,True,2026-05-26 10:43:00,4533.4,TP,4.4,40.31,4
2026-05-26 10:50:00,2026-05-26 11:04:00,2026-05-26 11:17:00,EXTEND,short,4534.4,4539.5,4539.5,4528.3,False,,4539.5,SL,-5.1,-55.0,13
2026-05-26 13:35:00,2026-05-26 13:43:00,2026-05-26 13:45:00,EXTEND,long,4530.2,4529.2,4529.2,4537.2,False,,4529.2,SL,-1.0,-14.0,2
2026-05-26 13:50:00,2026-05-26 14:10:00,2026-05-26 14:25:00,EXTEND,short,4530.0,4535.5,4535.5,4520.8,False,,4535.5,SL,-5.5,-59.0,15
2026-05-26 14:25:00,2026-05-26 14:40:00,2026-05-26 14:49:00,EXTEND,long,4533.5,4529.5,4529.5,4538.8,False,,4529.5,SL,-4.0,-44.0,9
2026-05-26 15:15:00,2026-05-26 15:29:00,2026-05-26 15:46:00,EXTEND,short,4530.1,4534.3,4530.1,4519.2,True,2026-05-26 15:32:00,4530.1,BE,0.0,-4.0,17
2026-05-26 15:55:00,2026-05-26 16:19:00,2026-05-26 16:29:00,EXTEND,long,4530.1,4521.7,4521.7,4544.4,False,,4521.7,SL,-8.4,-88.0,10
2026-05-26 17:15:00,2026-05-26 17:20:00,2026-05-26 17:21:00,EXTEND,short,4524.0,4525.4,4525.4,4516.3,False,,4525.4,SL,-1.4,-18.0,1
2026-05-26 17:40:00,2026-05-26 18:03:00,2026-05-26 18:10:00,EXTEND,short,4520.1,4526.7,4526.7,4508.3,False,,4526.7,SL,-6.6,-70.0,7
2026-05-27 07:00:00,2026-05-27 07:25:00,2026-05-27 07:41:00,EXTEND,long,4506.3,4500.0,4506.3,4517.8,True,2026-05-27 07:28:00,4517.8,TP,11.5,110.8,16
2026-05-27 08:25:00,2026-05-27 08:48:00,2026-05-27 09:13:00,EXTEND,short,4520.2,4525.8,4520.2,4510.6,True,2026-05-27 08:50:00,4520.2,BE,0.0,-4.0,25
2026-05-27 09:10:00,2026-05-27 09:21:00,2026-05-27 09:26:00,MSS,long,4517.1,4512.0,4517.1,4522.8,True,2026-05-27 09:23:00,4517.1,BE,0.0,-4.0,5
2026-05-27 10:45:00,2026-05-27 10:54:00,2026-05-27 10:57:00,EXTEND,short,4503.2,4505.3,4505.3,4495.1,False,,4505.3,SL,-2.1,-25.0,3
2026-05-27 11:15:00,2026-05-27 11:40:00,2026-05-27 11:58:00,EXTEND,long,4502.4,4497.3,4497.3,4515.0,False,,4497.3,SL,-5.1,-55.0,18
2026-05-27 12:00:00,2026-05-27 12:13:00,2026-05-27 12:34:00,EXTEND,short,4500.7,4504.7,4500.7,4491.9,True,2026-05-27 12:32:00,4500.7,BE,0.0,-4.0,21
2026-05-27 12:40:00,2026-05-27 12:45:00,2026-05-27 12:46:00,MSS,long,4508.6,4496.8,4508.6,4510.0,True,2026-05-27 12:46:00,4510.0,TP,1.4,10.08,1
2026-05-27 13:15:00,2026-05-27 13:20:00,2026-05-27 13:21:00,MSS,short,4503.8,4512.7,4503.8,4501.1,True,2026-05-27 13:21:00,4504.4,BE,-0.6,-10.0,1
2026-05-27 15:15:00,2026-05-27 15:27:00,2026-05-27 15:31:00,EXTEND,short,4484.9,4487.9,4487.9,4476.9,False,,4487.9,SL,-3.0,-34.0,4
2026-05-27 15:50:00,2026-05-27 16:06:00,2026-05-27 16:18:00,EXTEND,short,4484.4,4487.9,4487.9,4470.5,False,,4487.9,SL,-3.5,-39.0,12
2026-05-27 16:20:00,2026-05-27 16:33:00,2026-05-27 16:40:00,EXTEND,long,4486.6,4482.3,4486.6,4493.5,True,2026-05-27 16:36:00,4493.5,TP,6.9,64.76,7
2026-05-27 16:50:00,2026-05-27 17:12:00,2026-05-27 18:03:00,EXTEND,long,4489.5,4484.7,4484.7,4500.1,False,,4484.7,SL,-4.8,-52.0,51
2026-05-27 19:55:00,2026-05-27 20:08:00,2026-05-27 20:18:00,BOS,short,4430.0,4442.0,4430.0,4416.7,True,2026-05-27 20:13:00,4430.0,BE,0.0,-4.0,10
2026-05-27 20:20:00,2026-05-27 20:49:00,2026-05-27 21:05:00,EXTEND,long,4443.1,4426.2,4426.2,4474.0,False,,4426.2,SL,-16.9,-173.0,16
2026-05-27 21:30:00,2026-05-27 21:35:00,2026-05-27 21:36:00,MSS,long,4422.8,4398.4,4422.8,4428.6,True,2026-05-27 21:36:00,4422.8,BE,0.0,-4.0,1
2026-05-28 01:00:00,2026-05-28 01:07:00,2026-05-28 01:08:00,MSS,short,4445.9,4451.4,4445.9,4443.9,True,2026-05-28 01:08:00,4446.0,BE,-0.1,-5.0,1
2026-05-28 01:25:00,2026-05-28 01:31:00,2026-05-28 01:32:00,MSS,long,4451.1,4439.7,4451.1,4452.4,True,2026-05-28 01:32:00,4451.1,BE,0.0,-4.0,1
2026-05-28 02:05:00,2026-05-28 02:22:00,2026-05-28 02:23:00,EXTEND,short,4454.3,4452.9,4452.9,4444.1,False,,4454.2,SL,0.1,-3.0,1
2026-05-28 02:20:00,2026-05-28 02:38:00,2026-05-28 04:38:00,MSS,long,4451.1,4446.0,4451.1,4460.0,True,2026-05-28 04:15:00,4451.1,BE,0.0,-4.0,118
2026-05-28 07:25:00,2026-05-28 07:41:00,2026-05-28 07:46:00,EXTEND,short,4449.6,4451.8,4449.6,4445.1,True,2026-05-28 07:45:00,4445.0,TP,4.6,42.0,4
2026-05-28 07:50:00,2026-05-28 08:04:00,2026-05-28 08:18:00,EXTEND,short,4446.6,4450.8,4446.6,4439.2,True,2026-05-28 08:15:00,4447.2,BE,-0.6,-10.0,8
2026-05-28 12:55:00,2026-05-28 13:07:00,2026-05-28 13:09:00,BOS,long,4370.1,4366.7,4370.1,4372.2,True,2026-05-28 13:09:00,4370.1,BE,0.0,-4.0,1
2026-05-28 17:00:00,2026-05-28 17:14:00,2026-05-28 17:21:00,MSS,long,4385.9,4383.3,4385.9,4389.4,True,2026-05-28 17:19:00,4389.8,TP,3.9,35.0,2
2026-05-28 19:25:00,2026-05-28 19:30:00,2026-05-28 19:31:00,MSS,short,4382.3,4388.3,4382.3,4381.1,True,2026-05-28 19:31:00,4382.3,BE,0.0,-4.0,1
2026-05-28 19:30:00,2026-05-28 19:39:00,2026-05-28 19:59:00,EXTEND,short,4385.3,4388.3,4385.3,4377.9,True,2026-05-28 19:47:00,4385.3,BE,0.0,-4.0,18
2026-05-28 21:35:00,2026-05-28 21:47:00,2026-05-28 21:53:00,EXTEND,short,4423.4,4431.6,4431.6,4412.4,False,,4431.6,SL,-8.2,-86.0,6
2026-05-28 22:45:00,2026-05-28 22:59:00,2026-05-28 23:22:00,EXTEND,long,4467.0,4452.8,4467.0,4484.2,True,2026-05-28 23:02:00,4467.0,BE,0.0,-4.0,20
2026-05-29 01:10:00,2026-05-29 01:20:00,2026-05-29 01:31:00,MSS,short,4500.7,4511.5,4500.7,4499.6,True,2026-05-29 01:31:00,4502.4,BE,-1.7,-21.0,1
